:020000040800F2
:108000004142202020202020FFFFFFFFFFFFFFFF35
:10801000FFFFFFFFFFFFFFFFFFFFFFFFFFFFFFFF70
:10802000FFFFFFFFFFFFFFFFFFFFFFFFFFFFFFFF60
:10803000FFFFFFFFFFFFFFFFFFFFFFFFFFFFFFFF50
:10804000FFFFFFFFFFFFFFFFFFFFFFFFFFFFFFFF40
:10805000FFFFFFFFFFFFFFFFFFFFFFFFFFFFFFFF30
:10806000FFFFFFFFFFFFFFFFFFFFFFFFFFFFFFFF20
:10807000FFFFFFFFFFFFFFFFFFFFFFFFFFFFFFFF10
:10808000FFFFFFFFFFFFFFFFFFFFFFFFFFFFFFFF00
:10809000FFFFFFFFFFFFFFFFFFFFFFFFFFFFFFFFF0
:1080A000FFFFFFFFFFFFFFFFFFFFFFFFFFFFFFFFE0
:1080B000FFFFFFFFFFFFFFFFFFFFFFFFFFFFFFFFD0
:1080C000FFFFFFFFFFFFFFFFFFFFFFFFFFFFFFFFC0
:1080D000FFFFFFFFFFFFFFFFFFFFFFFFFFFFFFFFB0
:1080E000FFFFFFFFFFFFFFFFFFFFFFFFFFFFFFFFA0
:1080F000FFFFFFFFFFFFFFFFFFFFFFFFFFFFFFFF90
:020000040802F0
:10000000604F002081020208B1230208A1220208E9
:1000100095230208450E02085D3102080000000029
:10002000000000000000000000000000B5270208EA
:10003000C51B020800000000612402080D28020808
:100040009B0202089B0202089B0202089B02020814
:100050009B0202089B0202089B0202089B02020804
:100060009B0202089B0202089B0202089B020208F4
:100070009B0202089B0202089B0202089B020208E4
:100080009B0202089B0202089B020208D10F020891
:10009000610E02089B020208C10E02089B020208C0
:1000A0009B0202089B0202089B0202089B020208B4
:1000B0009B020208692902089B0202089B020208AF
:1000C0009B0202089B0202089B0202089B02020894
:1000D0009B0202089B0202089B020208152E0208DE
:1000E000DD1B02089B0202089B0202089B02020819
:1000F0009B0202089B0202089B0202089B02020864
:100100009B0202089B0202089B0202089B02020853
:100110009B0202089B0202089B0202089B02020843
:10012000151902089B0202089B0202089B020208A2
:100130009B02020800000000000000007511020888
:100140009B02020805100208651002089B020208C3
:100150009B0202089B0202089B0202089B02020803
:100160009B0202089B0202089B0202089B020208F3
:100170009B0202089B020208000000000000000031
:100180009B02020800F002F800F06AF80AA090E86A
:10019000000C82448344AAF10107DA4501D100F042
:1001A0005FF8AFF2090EBAE80F0013F0010F18BFA5
:1001B000FB1A43F001031847DCB50100FCB5010050
:1001C0000A444FF0000C10F8013B13F0070408BF7D
:1001D00010F8014B1D1108BF10F8015B641E05D01B
:1001E00010F8016B641E01F8016BF9D113F0080FD0
:1001F0001EBF10F8014BAD1C0C1B09D16D1E58BF62
:1002000001F801CBFAD505E014F8016B01F8016B98
:100210006D1EF9D59142D6D370470000002300240B
:1002200000250026103A28BF78C1FBD8520728BF06
:1002300030C148BF0B607047642900F0A580752964
:1002400000F0A280782900F0DB80732900F0418360
:10025000002070471FB500F0A1FA1FBD10B510BDFA
:1002600000F03BFB1146FFF7F5FF18F0D5FC00F05E
:1002700059FB03B4FFF7F2FF03BC00F063FB00007F
:100280000948804709480047FEE7FEE7FEE7FEE72A
:10029000FEE7FEE7FEE7FEE7FEE7FEE70448054966
:1002A000054A064B704700000D2902088501020827
:1002B000603D0020604F0020603F0020603F002034
:1002C0000FB41CB5074B06AA7B44694600900598FD
:1002D00000F0D5FA0020694600F0E4FA1CBC5DF895
:1002E00014FB0000D905000070B50446856900685C
:1002F000C10601D5302600E02026C00707D070BD1A
:10030000D4E9012130469047206A401C20626D1ECE
:10031000F6D570BD70B5044685690078C00707D171
:1003200070BDD4E9012120209047206A401C206242
:100330006D1EF6D570BD70B50C460546012A05D078
:100340002878800600D5EA69002302E0012305E051
:100350005B1C934202D2E05C0028F9D1A869E61840
:10036000C01AA861286A184428622846FFF7BCFF13
:1003700004E0D5E9012114F8010B9047B442F8D309
:100380002846FFF7C7FF70BD2DE9F041064600245F
:1003900010687529314616A510D0AFF300800028EB
:1003A00002DA404213A507E031688A0701D512A599
:1003B00002E0490704D511A5012401E0AFF3008054
:1003C00000210A2206F1240709E0B0FBF2FCB0FB91
:1003D000F2F302FB1C00303078541846491C002808
:1003E000F3D123462A463046BDE8F04100F0E8B993
:1003F000000000002D0000002B0000002000000085
:1004000070B504460D4621461068AFF30080218880
:10041000090502D50F4A7A4402E00E4A7A440E32A8
:10042000002104F1240305E000F00F060009965DA9
:100430005E54491C0028F7D120780023000704D51A
:10044000702D02D009B1022311322046BDE8704060
:1004500000F0B6B9B3A101002DE9F05F894604466A
:100460004FF0000ADFF824B1FB44C0F820A020467A
:10047000E168884700287DD0252806D0D4E90121ED
:100480009047206A401C2062F1E700255F46204625
:10049000E16888472028064607DB312E05D2B819C7
:1004A00010F8200C08B10543F1E7A80701D525F0A5
:1004B0000405C4F81CA00027C4F818A02A2E09D0EF
:1004C000304617F0E1FE38B304EB8708303EC8F839
:1004D000186019E059F8041B204604EB870291616B
:1004E000E1688847012F064618D1E069002820DA24
:1004F00025F020051DE0D8F8180000EB800006EB81
:1005000040003038C8F818002046E16888470646A1
:1005100017F0BAFE0028EED1012F0AD02E2E08D1F6
:100520002046E16888477F1C0646022F45F02005DB
:10053000C4DBA069002803DA404245F00105A06150
:10054000E80701D025F01005A6B1A6F14100192851
:1005500002D8203645F400654A46314620462560DB
:100560004D46FFF769FE60B1012807D0ED1D25F06B
:10057000070000E007E000F1080978E705F1040949
:1005800075E730467AE7206ABDE8F09F89A101004F
:1005900010B5431C02E010F8011B71B18107FAD1BC
:1005A0004FF0013202C88C1A8C4314EAC211F9D000
:1005B000C01A0A0603D0C01E10BDC01A10BD0A041E
:1005C00001D0801E10BD0902FCD0401E10BD421E8D
:1005D00012F8013F002BFBD111F8013B002B02F870
:1005E000013BF9D17047032A40F2308010F0030C30
:1005F00000F0158011F8013BBCF1020F624498BF76
:1006000011F801CB00F8013B38BF11F8013BA2F112
:10061000040298BF00F801CB38BF00F8013B11F08D
:10062000030300F02980083AC0F0088051F8043B29
:10063000083A51F804CBA0E80810F5E7121D5CBF9A
:1006400051F8043B40F8043BAFF30080D20724BFCD
:1006500011F8013B11F801CB48BF11F8012B24BF61
:1006600000F8013B00F801CB48BF00F8012B7047B0
:1006700001B5FFF7B8FF01BD10B5203AC0F00B80FF
:10068000B1E81850203AA0E81850B1E81850A0E896
:100690001850BFF4F5AF5FEA027C24BFB1E81850F0
:1006A000A0E8185044BF18C918C0BDE810405FEA60
:1006B000827C24BF51F8043B40F8043B08BF7047DC
:1006C000D20728BF31F8023B48BF11F8012B28BFE1
:1006D00020F8023B48BF00F8012B704701F0FF03F0
:1006E000114601B543EA032242EA024200F00BF848
:1006F00001BD02F0FF0343EA032242EA024200F096
:1007000002B84FF000020429C0F0128010F0030C70
:1007100000F01B80CCF1040CBCF1020F18BF00F8F4
:10072000012BA8BF20F8022BA1EB0C0100F00DB8A3
:100730005FEAC17C24BF00F8012B00F8012B48BF01
:1007400000F8012B70474FF0000200B513469446A5
:100750009646203922BFA0E80C50A0E80C50B1F119
:100760002001BFF4F7AF090728BFA0E80C5048BF2D
:100770000CC05DF804EB890028BF40F8042B08BFCB
:10078000704748BF20F8022B11F0804F18BF00F8C7
:10079000012B7047704770477047000070B5064CDA
:1007A0007C44064D7D4403E0206820448047241D9E
:1007B000AC42F9D170BD000010B0010064B001007E
:1007C0002DE9F0470D4699469246044600F124086B
:1007D0000168880604D5E06921F01001216000E07D
:1007E0000120A84201DD471B00E00027A1697A191A
:1007F00002EB0900081AA0612078C00602D4204646
:10080000FFF772FD002608E0D4E901211AF806007E
:100810009047206A401C761C20624E45F4DB20780D
:10082000C0060AD52046FFF75FFD06E0D4E90121A6
:1008300030209047206A401C2062381EA7F1010733
:10084000F4DC07E0D4E9012118F805009047206A9C
:10085000401C2062281EA5F10105F3DC2046FFF7AD
:1008600059FD2078000602D50220BDE8F08701205E
:10087000FBE7000001694A1C02610878704700B577
:100880008FB0CDE901310021059105497944CDE9C9
:10089000031011466846FFF7DFFD0FB000BD0000F2
:1008A000E5FFFFFF0A6802F8010B0A60704710B508
:1008B000436913B1AFF3008001E0FFF73CFD012075
:1008C00010BD127800F124010A7000224A70012242
:1008D000EDE711684FF0FF32E9E7754600F02CF8BC
:1008E000AE4605006946534620F00700854618B01D
:1008F00020B5FFF7D3FCBDE820404FF000064FF0D5
:1009000000074FF000084FF0000B21F00701AC4644
:10091000ACE8C009ACE8C009ACE8C009ACE8C00963
:100920008D46704710B50446AFF300802046BDE801
:100930001040FFF79EBC000000487047FC3C0020C0
:100940007047000001491820ABBEFEE726000200F8
:1009500021B1826842F00102826003E0826822F0E5
:1009600001028260704700000021084A1168084AAD
:100970001140D0E900231A4383681A43C3681A431D
:100980001143044AC2F804137047000004230140D5
:10099000E030FCFF002001400021016041608160E7
:1009A000C160704721B1826842F48072826003E0C6
:1009B000826822F480728260704721B1826842F4BA
:1009C0000072826003E0826822F4007282607047E5
:1009D00030B50246002000235068104C20400D79AD
:1009E0000C6844EA05242043506090680C4C204079
:1009F000D1E903542C438D682C434D7944EA4504D6
:100A000020439060D06A20F470000C7D641EE4B234
:100A1000234340EA0350D06230BD0000FFFEFFFCDC
:100A2000FDF7FFC0F0B504460D4600200021092D5A
:100A300011DDE068A5F10A0606EB4607072606FA6F
:100A400007F18843A5F10A0606EB460603FA06F10C
:100A50000843E0600CE0206905EB4507072606FA2D
:100A600007F1884305EB450603FA06F108432061C8
:100A7000072A0FDA606B561E06EB86071F2606FA5A
:100A800007F18843561E06EB860605FA06F1084371
:100A9000606322E00D2A0FDA206BD61F06EB860773
:100AA0001F2606FA07F18843D61F06EB860605FACD
:100AB00006F10843206310E0E06AA2F10D0606EBA0
:100AC00086071F2606FA07F18843A2F10D0606EBFA
:100AD000860605FA06F10843E062F0BD816841F040
:100AE0008041816070470021016001714171816026
:100AF000C1600161012101757047000038B10849EA
:100B0000096841F40001074AC2F8041306E00449E9
:100B1000096821F40001034AC2F804137047000079
:100B2000042301400020014038B10849096841F41C
:100B30008001074AC2F8041306E00449096821F459
:100B40008001034AC2F804137047000004230140E7
:100B50000020014010B592B026A2D2E90131106800
:100B6000D268CDE90F3111920E9026A3D3E900206F
:100B7000D3E902130BAC0BC40A9226A30FCB06AC2D
:100B80000FC42848072301220EA90090022017F065
:100B900039FD044604B12BE0234801211022002333
:100BA000CDE90232CDE90023CDE9041014230AAACD
:100BB00002211C48008817F0B5FC044604B117E078
:100BC0001A4801211022CDE90212CDE904100020BB
:100BD0000C21142306AACDE9001002211148008837
:100BE00017F0A0FC044604B102E0002012B010BDD2
:100BF0004720FBE7669A0C200008969EE2119EB102
:100C0000E0F273D9669A0C200008969EE2119EB11C
:100C1000E1F273D9669A0C200008969EE2119EB10B
:100C2000E2F273D9840500208605002088050020A3
:100C300070B504460E4615460A480088401C84429A
:100C400004D13146284618F0F7F80AE00648008833
:100C5000801C844205D12878012802D1034981F8FB
:100C6000EE0070BD88050020860500206038002059
:100C700010B5064AB2F80C11D2F8040101F0A5F93A
:100C8000012800D110BD0020FCE7000060380020E2
:100C900010B50B4AB2F80811D2F8FC0001F09EF929
:100CA0000521084812F0CEF8054AB2F80811D2F82A
:100CB000FC0001F095F90521024812F0C3F810BDBF
:100CC00060380020C0090020F0B587B007460E4606
:100CD0000025FF20069023A103C9CDE90301234A83
:100CE000B2F80A11D2F8000101F078F90F200523BB
:100CF00001AA03A900901E4802F07AFF9DF80400A3
:100D000002281BD19DF807009DF8081040EA012435
:100D1000002C13DDB44200DD344600250CE00F202A
:100D2000012305AA06A90090114802F061FF9DF871
:100D300014007855681CC5B2A542F0DB0B4AB2F826
:100D40000A11D2F8000101F04BF90020009003E0F5
:100D500000BF0098401C009000980228F8DB28464D
:100D600007B0F0BD0B00000000000000603800205C
:100D7000DC3900202DE9F043C5B00646884614460C
:100D80001D464FF00009002728A103C94491439054
:100D900028A103C94291419002F0EAFC1FB102F080
:100DA000EBFE02F0DFFA254AB2F80A11D2F8000190
:100DB00001F014F90F20052341AA43A9009020480F
:100DC00002F016FF0FB102F0F1FD9DF804010228B8
:100DD0001CD19DF805016119884214DB002C07DD48
:100DE0000F20234601AA31460090154802F000FF6B
:100DF000002D0DDD0F202B4601AA41460090104822
:100E000002F0F6FE04E06FF0010901E04FF0FF3957
:100E10000A4AB2F80A11D2F8000101F0E1F802F032
:100E20004BFC484645B0BDE8F08300000A000000D6
:100E300000000000AA000000000000006038002050
:100E4000DC39002005480068D0F85802401C0349EE
:100E50000968C1F8580200BFFEE7000088040020BE
:100E600010B51D21134811F0B1FF0221124800F006
:100E7000ABFA60B1114A00210F4800F01FFC0F4887
:100E8000203811F0CEFD02210B4800F0A9F9102105
:100E9000094800F099FA60B1084A0121064800F0BB
:100EA0000DFC0648203811F0BCFD1021024800F06E
:100EB00097F910BDC00900200064004070180020A0
:100EC00010B51F213D4811F081FF4FF400413C480F
:100ED00000F07AFA012851D1C103394800F080F9B5
:100EE0004FF48071364800F06FFA01280AD10102F0
:100EF000334800F075F93348B0F89409401C314983
:100F0000A1F894094FF400712D4800F05DFA012812
:100F10000BD141022A4800F063F92A48B0F896093B
:100F2000401C81B22748A0F896194FF480612448EC
:100F300000F04AFA01280BD18102214800F050F953
:100F40002048B0F89809401C81B21E48A0F89819B2
:100F50004FF400611A4800F037FA01282DD1C10280
:100F6000174800F03DF9164800F0BEFA1549A1F8FF
:100F70009A091549124800F017F91EE04FF4803124
:100F80000F4800F021FA012807D101040C4800F0B5
:100F900027F90E490A4800F007F94FF400310848D4
:100FA00000F012FA012808D14104054800F018F9B0
:100FB00006490A31024800F0F7F810BDC0090020C8
:100FC00000640040501800207000F030080000312C
:100FD00010B51C21084811F0F9FE0121074800F066
:100FE000F3F9012806D10121044800F0F9F80120A5
:100FF0000349087210BD0000C009002000640040D1
:101000005018002010B54821134811F0DFFE0221CE
:10101000124800F0D9F960B1114A00210F4800F0E0
:101020004DFB0F481C3812F0CDF802210B4800F0A0
:10103000D7F81021094800F0C7F960B1084A01212A
:10104000064800F03BFB06481C3812F0BBF81021A4
:10105000024800F0C5F810BDC0090020006800403B
:10106000D00E002010B549213D4811F0AFFE4FF4DD
:1010700000413C4800F0A8F9012851D1C10339488A
:1010800000F0AEF84FF48071364800F09DF9012869
:101090000AD10102334800F0A3F83348B0F89009B0
:1010A000401C3149A1F890094FF400712D4800F01F
:1010B0008BF901280BD141022A4800F091F82A4807
:1010C000B0F89209401C81B22748A0F892194FF459
:1010D0008061244800F078F901280BD18102214871
:1010E00000F07EF82048B0F89409401C81B21E48F8
:1010F000A0F894194FF400611A4800F065F901282E
:101100002DD1C102174800F06BF8164800F0ECF939
:101110001549A1F896091549124800F045F81EE056
:101120004FF480310F4800F04FF9012807D1010436
:101130000C4800F055F80E490A4800F035F84FF415
:101140000031084800F040F9012808D14104054861
:1011500000F046F806490A31024800F025F810BDB3
:10116000C009002000680040B40E00207000F0307C
:101170000800003110B54621084811F027FE012172
:10118000074800F021F9012806D10121044800F0A8
:1011900027F801200349487110BD0000C009002054
:1011A00000680040B40E002000220C4B994202D18E
:1011B0000023836111E0C1F3130201F000730BB14E
:1011C000C2600AE001F080630BB1026105E001F04A
:1011D00000630BB1826000E0426070477000F03045
:1011E000B1F5007F3AD00FDC202928D006DC012998
:1011F0001CD004291DD0082940D11DE0402921D050
:10120000B1F5807F3AD126E0B1F5004F31D006DC50
:10121000B1F5806F25D0B1F5006F2FD124E0B1F585
:10122000803F12D0B1F5003F28D111E0154A82600D
:1012300025E00822C26022E01022C2601FE00822DE
:1012400002611CE01022026119E00822426016E0EF
:101250001022426013E00422426010E00422426047
:101260000DE0042242600AE0002282610422426012
:1012700005E0002282610422426000E000BF00BF5E
:10128000704700000101010010B504460B4884427C
:1012900009D10121480601F00FF900214FF000703B
:1012A00001F00AF908E00121880601F005F90021A2
:1012B0004FF0806001F000F910BD000000640040B4
:1012C00010B50021837A012202FA03F13D4A126827
:1012D00042F001023B4B1A603A4A1C3212688A43C0
:1012E000384B1C331A60027BCAB9364A0C3212687A
:1012F0008A43344B0C331A604288C38842EA034362
:10130000304A4032847A42F834300288838842EA94
:1013100003432C4A4032847A02EBC4025360027BBE
:10132000012A19D1274A0C3212680A43254B0C3383
:101330001A604288038842EA0343224A4032847A90
:1013400042F83430C288838842EA03431D4A40325F
:10135000847A02EBC4025360C27A3AB9194A121D68
:1013600012688A43174B1B1D1A6006E0154A121DAE
:1013700012680A43134B1B1D1A60028932B9114AC5
:10138000143212688A430F4B14331A600289012AFF
:1013900006D10C4A143212680A430A4B14331A60FD
:1013A000427B012A06D1074A1C3212680A43054BC8
:1013B0001C331A60034A126822F00102014B1A60C2
:1013C00010BD00000066004070B504460D460026C2
:1013D00060692840002871D0B5F5807F5CD010DCB2
:1013E000082D35D006DC012D20D0022D24D0042D6F
:1013F00072D127E0102D31D0202D35D0402D6BD16A
:1014000038E0B5F5004F60D009DCB5F5007F49D074
:10141000B5F5806F4CD0B5F5006F5DD14FE0B5F5F7
:10142000803F2DD0B5F5003F56D12FE0A0682D4963
:1014300002F00EF9064651E0E068032102F008F9D7
:1014400006464BE0E068082102F002F9064645E056
:10145000E068102102F0FCF806463FE02069032115
:1014600002F0F6F8064639E02069082102F0F0F8AB
:10147000064633E02069102102F0EAF806462DE026
:101480006068082102F0E4F8064627E06068102151
:1014900002F0DEF8064621E0A069012102F0D8F84A
:1014A00006461BE0A069022102F0D2F8064615E0CC
:1014B000A069042102F0CCF806460FE00FE0A06915
:1014C000702102F0C5F8064608E06068042102F0C9
:1014D000BFF8064602E0FFE7002600BF00E0002656
:1014E000304670BD01010100014600208A6902F00A
:1014F000700070471AB143690B43436102E04369CE
:101500008B434361704730B50246002000231468C6
:1015100024F002041460146844F00104146000E034
:101520005B1C546804F001041CB94FF6FF74A3421D
:10153000F6D1546804F001040CB900206CE08C79F9
:10154000012C04D1146844F08004146003E0146892
:1015500024F080041460CC79012C04D1146844F088
:101560004004146003E0146824F0400414600C7A12
:10157000012C04D1146844F02004146003E01468C2
:1015800024F0200414604C7A012C04D1146844F037
:101590001004146003E0146824F0100414608C7AC2
:1015A000012C04D1146844F00804146003E01468AA
:1015B00024F008041460CC7A012C04D1146844F09F
:1015C0000404146003E0146824F0040414608C78AC
:1015D000A407CD7844EA05640D7944EA05444D79C1
:1015E00044EA05540D886D1E2C43D461146824F020
:1015F00001041460002300E05B1C546804F0010443
:101600001CB14FF6FF74A342F6D1546804F00104F4
:101610000CB1002000E0012030BD10B502460B46A1
:1016200000204FF6FF71BBB9146824F0020444F0A7
:101630000104146000E0491E546804F00304012C06
:1016400001D00029F7D1546804F00304012C01D023
:10165000002032E0012030E0012B13D1146824F087
:101660000304146000E0491E546804F003040CB144
:101670000029F8D1546804F003040CB100201CE0E8
:1016800001201AE0022B17D1146824F0010444F061
:101690000204146000E0491E546804F00304022CA4
:1016A00001D00029F7D1546804F00304022C01D0C2
:1016B000002002E0012000E0002010BD10B500F580
:1016C000D87303EB01131B6803F004031372137A3E
:1016D00053B900F5D87303EB01131B6840F2FF7494
:1016E00004EA5353136009E000F5D87303EB0113C8
:1016F0001B686FF0604404EAD303536000F5D873AD
:1017000003EB01131B6803F00203537200F5D87357
:1017100003EB01135B6803F00F03937200F5D873BA
:1017200003EB01135B681B0AD37400F5D87303EB5A
:1017300001139B68D37200F5D87303EB01139B6808
:101740001C0A147300F5D87303EB01139B681C0C7F
:10175000547300F5D87303EB01139B681B0E93734E
:1017600000F5D87303EB0113DB68D37300F5D8736E
:1017700003EB0113DB681C0A147400F5D87303EB48
:101780000113DB681C0C547400F5D87303EB0113D0
:10179000DB681B0E937421B9C36843F02003C36058
:1017A00003E0036943F02003036110BD0021817150
:1017B000C171017241728172C1728170C170032165
:1017C00001710221417101210180704710B502466B
:1017D0000020936803F08063B3F1806F00D110E0C4
:1017E000936803F00063B3F1006F01D1012008E0BA
:1017F000936803F08053B3F1805F01D1022000E0D1
:101800000420042874D002F5C07303EB00131B6896
:1018100003F0010402F5C07303EB00131C600B7AA4
:101820007BB94B7A0C8843EA445302F5C07404EB4D
:1018300000142468234302F5C07404EB00142360F1
:1018400010E00B7A4C6843EAC4034C7A234302F558
:10185000C07404EB00142468234302F5C07404EB45
:10186000001423608B7A03F00F038B7202F5C073B0
:1018700003EB00135B6823F00F0402F5C07303EB66
:1018800000135C6002F5C07303EB00135B688C7A95
:10189000234302F5C07404EB001463608B7B1C06C9
:1018A0004B7B44EA03440B7B44EA0323CC7A234377
:1018B00002F5C07404EB0014A3608B7C1C064B7C07
:1018C00044EA03440B7C44EA0323CC7B234302F524
:1018D000C07404EB0014E36002F5C07303EB001363
:1018E0001B6843F0010402F5C07303EB00131C6096
:1018F00010BD000029B1064A92680243044B9A6069
:1019000004E0034A92688243014B9A6070470000EA
:10191000002004E010B54121064811F057FA0649AD
:10192000064800F0DFF818B10349044800F008F851
:1019300010BD0000C009002020800010106402408B
:101940000246094B9A4201D2084801E00648103885
:1019500001F000531BB1064B0B40C36002E0044B87
:101960000B4083607047000010640240006002403A
:101970007D0F7D0F21B1026842F00102026003E099
:10198000026822F00102026070470000016821F045
:10199000010101600021016041608160C16001615D
:1019A000212141614A49884204D13D21484A103AE7
:1019B00091608CE046491831884205D14FF474613A
:1019C000434A103A916082E041493031884205D162
:1019D0004FF474113E4A103A916078E03C49483126
:1019E000884205D14FF07461394A103A91606EE037
:1019F00037496031884204D13649354A103AD160BE
:101A000065E033497831884204D13349304A103A8D
:101A1000D1605CE02E499031884204D12F492C4A94
:101A2000103AD16053E02A49A831884205D14FF0DD
:101A30003D51274A103AD16049E02949884204D1F2
:101A40003D21274A083A116041E025491831884272
:101A500005D14FF47461224A083A116037E02049F9
:101A60003031884205D14FF474111D4A083A116093
:101A70002DE01B494831884205D14FF07461184A66
:101A8000083A116023E016496031884204D11149B7
:101A9000134A121F11601AE011497831884204D1AB
:101AA0000D490F4A121F116011E00D499031884213
:101AB00004D10A490A4A121F116008E00849A831F6
:101AC000884204D14FF03D51054A121F1160704702
:101AD000106002403D000020400F002000003D202B
:101AE0001064024070B50246002000240025124E0A
:101AF000B24201D2114B01E00F4B103B104E0E4091
:101B000036B11E2606EAD124166806EA040502E06C
:101B1000566906F0800501F000560EB15C6800E0E1
:101B20001C68084E344004EA010616B10DB10120CC
:101B300000E0002070BD0000106402400060024020
:101B40003C0F3C0F7D0F7D0F10B500220268134B38
:101B50001A40CC680B6823434C6923438C692343A8
:101B6000CC6923430C6A23434C6A23438C6A234386
:101B70004C6B23438C6B23431A430260426922F06F
:101B80000702D1E90B3423431A4342610B694360D6
:101B90004B6883608B68C36010BD00003F801CF001
:101BA0000021016041608160C1600161416181612A
:101BB000C161016241628162C1620163416381630B
:101BC0007047000004480068D0F86402401C0249D5
:101BD0000968C1F8640270478804002010B53121FB
:101BE000034811F0F3F8034815F0C1FB10BD0000E5
:101BF000C0090020603800200149086070470000DB
:101C0000143C0140014600200022074B1B6803EAF8
:101C10000102054B14331B680B4013B10AB10120BC
:101C200000E0002070470000003C014000212349F3
:101C30008279002A3AD00A46126803689A430B4612
:101C40001A600A1D126803689A430B1D1A60027914
:101C500011440A6803681A430A60184A0832126875
:101C600003689A43154B08331A601A1D12680368FB
:101C70009A43124B0C331A604279102A0ED11A1F64
:101C8000126803681A430D4B08331A601A1D126854
:101C900003681A43094B0C331A600DE00749427977
:101CA00011440A6803681A430A6005E00279114486
:101CB0000A6803689A430A6070470000003C0140CC
:101CC0000021016001710C21417100218171704777
:101CD00001490860704700000C3C024070B50446A2
:101CE0000A460026082502B909E0012A01D1160298
:101CF00005E0022A01D1160201E04FF4407600F01F
:101D0000B1F80546082D28D11548006820F4407028
:101D100013490860084600683043086008460068B8
:101D200020F0F80008600846006844F0020108430B
:101D30000B4908600846006840F48030086000F0F5
:101D400091F805460648006820F002000449086042
:101D50000846006820F0F8000860284670BD0000C2
:101D6000103C024008201049096801F48031B1F5A7
:101D7000803F01D1012015E00B49096801F01001F5
:101D800009B105200EE00849096801F0EF0109B129
:101D9000062007E00449096801F0020109B10720A3
:101DA00000E00820704700000C3C02400348006837
:101DB00040F000400149086070470000103C0240BC
:101DC00030B10749096841F48071054A116005E0A6
:101DD0000349096821F48071014A116070470000CD
:101DE000003C024030B502460C46082500F03AF8A7
:101DF0000546082D19D10E48006820F440700C49A2
:101E000008600846006840F40070086008460068F2
:101E100040F001000860146000F024F80546044812
:101E2000006820F0010002490860284630BD00002B
:101E3000103C0240014A107070470000003C024014
:101E40000548006800F0004028B1044802490C39F8
:101E50000860034808607047103C02402301674552
:101E6000AB89EFCD08B508200090FFF77BFF00900D
:101E700002E0FFF777FF00909DF800000128F8D0FE
:101E80009DF8000008BD000002460120054BC3F884
:101E9000E8001846A0F8EC10052000E0401E0028DD
:101EA000FCDC70476038002000200949C1F8E800D8
:101EB000012081F8E400002081F8EE0081F8EF00B5
:101EC00081F8F00081F8F10081F8F200704700001D
:101ED0006038002070B504460E4615460448008858
:101EE000401C844203D13146284616F0A5FF70BD40
:101EF00080050020F0B50A4600210023002400BF21
:101F00003DE0012505FA01F3156805EA03049C424A
:101F100034D105684F000326BE40B54305601579EE
:101F20004E00B5400668354305601579012D02D095
:101F30001579022D16D185684F000326BE40B543A2
:101F4000856055794E00B5408668354385604568A3
:101F500001268E40B5434560456896798E40B6B2FD
:101F600035434560C5684F000326BE40B543C56094
:101F7000D5794E00B540C6683543C560491C102967
:101F8000BFD3F0BDF0B5002300244D07ED0E02FADB
:101F900005F3CE1000F1200555F826504E07F70E38
:101FA0000F26BE40B543CF1000F1200646F827505B
:101FB000CE1000F1200555F8265045EA0304CE1056
:101FC00000F1200545F82640F0BD024600201369C7
:101FD0000B400BB1012000E00020704741837047A7
:101FE000018370474FF6FF7101600021017141715B
:101FF0008171C17170470AB1018300E0418370476C
:102000002DE9F0410546A84608F1010698F80000C0
:10201000042801D0BDE8F0813078052804D03E289E
:1020200005D0FF287AD10FE0FFF73EFF76E0B41C21
:102030002078012806D1671CB7F80110781DFFF73A
:1020400023FF00BF00BF69E0B41C2088A0F6014058
:1020500030B10E2818D00F2840D011285CD11DE0D7
:10206000304890F8DB00012806D1A71C3979788820
:10207000FA1DFEF7DDFD06E0A71C397978887A1D88
:10208000FEF7D6FD00BF47E0A71CBA78921ED1B27A
:10209000B7F803007A1DFFF71DFF3DE0214890F8D7
:1020A000DC00D0B9A01C1F4991F8EF1041B11D49C7
:1020B00091F8F11021B9B0F803101B4A11800BE020
:1020C000184991F8F01039B1164991F8F21019B980
:1020D000B0F80310154A118000BF1DE0114890F8B8
:1020E000DC00C0B90F4890F8EF0040B10D4890F8FF
:1020F000F10020B901200B4981F8F1000BE00948FB
:1021000090F8F00038B1074890F8F20018B90120B3
:10211000044981F8F20000BF00BF00BF00BF00BF4C
:1021200078E700006038002080050020820500204C
:1021300010B50B4801F018FB0A4801F015FB00240C
:102140000BE0C4EBC40000EB8000074A02EB800107
:10215000034801F0E0FB601CC4B2052CF1DB10BDAC
:1021600098050020A0050020403A002038B5002046
:10217000009001F021FD2AE0184801F08CFA08BB1C
:102180006946164801F0D8FB802100980830FEF718
:102190009BFDC4B2002C10DD009880F888400098A8
:1021A00000F06CF820B90E48009901F0B4FB0CE087
:1021B0000A48009901F09EFB07E00848009901F0E9
:1021C00099FB02E001F0F8FC38BD01F0F5FCFEF7E8
:1021D0004FFD0028D0D100BFF6E700009805002091
:1021E000A0050020F8B50020009001F0C1FA1C48BD
:1021F00001F051FA06462CE06946194801F09CFBB3
:1022000001F05AFA00980830FFF7FAFE01F0B0FA30
:102210001448009901F07FFB114801F03CFA064692
:10222000009890F88800172813DB0098457C00245C
:1022300008E00098083004F10C01415C0A4801559F
:10224000601CC4B2AC42F4DB0749A1F1580015F0A0
:1022500071F8002ED0D0FFF789FF01F02DFAF8BDFC
:10226000A005002098050020B838002010B50248CD
:1022700001F011FA10BD0000A0050020014601F197
:1022800008021078042801D001207047937891F853
:102290008800C01E834201D00220F6E70020F4E748
:1022A00000BFEFF308800446144800681449096829
:1022B000C1F8E8001148001F006811490968C1F819
:1022C000EC000F4960690968C1F8C8000C48006853
:1022D0008068401C0A490968886009490968D1F882
:1022E000C42007490968483101EB82000168491C94
:1022F000016001E001F098FAFCE700002CED00E03D
:10230000880400204CF6CC4001490860704700006A
:10231000003000404AF6AA200149086070470000DA
:102320000030004001494860704700000030004024
:102330000149886070470000003000400149086092
:10234000704700000030004000B58BB00DA30FCBEC
:10235000CDE90923CDE907010021084616F01BFB52
:102360000020039004900590069007A80D210022FC
:102370001346CDE9002102901146104616F04CF8A4
:102380000BB000BD0954696D6265726C696E6520A1
:102390003200000005480068D0F85402401C034990
:1023A0000968C1F8540200BFFEE70000880400205D
:1023B00006480068D0F84C02401C04490968C1F87E
:1023C0004C0201E001F030FAFCE700008804002034
:1023D00070B5002100230F22C4781CB3174C246869
:1023E00004F4E064C4F5E064C4F30721C1F104041B
:1023F000E3B20A4144789C40E1B28478144021431E
:102400000C07210E0E4C05786155047804F01F0569
:102410000124AC4005786D11AD0005F1E025C5F84B
:10242000004109E0047804F01F050124AC40054D8B
:102430000678761145F8264070BD00000CED00E0EE
:1024400000E400E080E100E001490862704700001C
:1024500000000E420149086070470000A4000E42CF
:1024600004480068D0F86802401C02490968C1F8B5
:10247000680270478804002029B1064A12680243A6
:10248000044B1A6004E0034A12688243014B1A604D
:10249000704700003038024029B1064A12680243F2
:1024A000044B1A6004E0034A12688243014B1A602D
:1024B000704700004038024029B1064A12680243C2
:1024C000044B1A6004E0034A12688243014B1A600D
:1024D000704700002038024029B1064A12680243C2
:1024E000044B1A6004E0034A12688243014B1A60ED
:1024F00070470000443802400E48006840F0010078
:102500000C49086000200B49083108600948006840
:1025100009490840074908600848091D0860081F64
:10252000006820F48020091F0860002001490C3158
:102530000860704700380240FFFFF6FE10300024AC
:10254000F0B5002100220024022500260223324F8C
:102550003F6807F00C0121B1042905D0082937D1C3
:1025600005E02E4F076036E02C4F076033E02A4F1E
:102570003F1F3F68C7F38056274F3F1F3F6807F054
:102580003F036EB1254FB7FBF3F7DFF88CC0ACF11A
:10259000040CDCF800C0CCF3881C07FB0CF40CE046
:1025A0001E4FB7FBF3F7DFF870C0ACF1040CDCF89A
:1025B00000C0CCF3881C07FB0CF4174F3F1F3F688B
:1025C000C7F301477F1C7D00B4FBF5F7076002E00D
:1025D000124F076000BF00BF0F4F3F6807F0F001C8
:1025E00009090F4F7A5C0768D74047600A4F3F6878
:1025F00007F4E051890A0A4F7A5C4768D740876040
:10260000054F3F6807F46041490B054F7A5C476806
:10261000D740C760F0BD0000083802400024F40035
:102620001804002010B501460022002300204A11A2
:10263000012A02D10A4C236808E0022A03D1084C7F
:102640007034236802E0064C7434236801F01F02E2
:10265000012494401C400CB1012000E0002010BD7A
:102660000038024001460020034A106820F0F000C4
:102670000843106070470000083802400021024AF9
:102680001170114608707047023802400149086015
:1026900070470000800E474201460020034A106840
:1026A00020F4E050084310607047000008380240F2
:1026B00001460020034A106820F4604040EAC1004F
:1026C00010607047083802400149086670470000F2
:1026D0000000474270B5049C41EA82150126C6EB12
:1026E000530645EA0645054345EA0465014E356053
:1026F00070BD00000438024001460020034A106803
:1027000020F00300084310607047000008380240C2
:1027100038B5002000900024002500BF3120FFF7CD
:1027200081FF05460098401C00900098B0F5A06F0E
:1027300001D0002DF2D03120FFF774FF08B1012441
:1027400000E00024204638BD21B1028842F040025A
:10275000028004E002884FF6BF731A40028070477F
:1027600010B50022028802F441520B884C882343A2
:102770008C882343CC8823430C8923434C892343EF
:102780008C892343CC8923431A430280838B4FF2E5
:10279000FF74234083830B8A038210BD00210180D4
:1027A00041808180C180018141818181C181072176
:1027B0000182704704480068D0F86002401C02495A
:1027C0000968C1F8600270478804002030B5002213
:1027D0008B071C0F0F2303FA04F20B4B8C1053F8DA
:1027E00024309343084C8D1044F8253023468C1038
:1027F00053F824308C07240F00FA04F42343024CCE
:102800008D1044F8253030BD0838014010B50D4812
:102810004068B0F57A7F11D90A48007870B9012074
:102820000849087000BFEFF30880074908600846B0
:102830000068406905490968C1F8F000014810F0D6
:1028400019FB10BDC00900200004002088040020EE
:1028500070B500200022022300240221274D2D689C
:1028600005F00C0020B1042806D0082834D107E078
:10287000234D244E356033E0214D224E35602FE04C
:102880001E4D2D1F2D68C5F380541C4D2D1F2D6826
:1028900005F03F0154B11A4DB5FBF1F5174E361F47
:1028A0003668C6F3881605FB06F209E0144DB5FB41
:1028B000F1F5124E361F3668C6F3881605FB06F290
:1028C0000E4D2D1F2D68C5F301456D1C6B00B2FB2D
:1028D000F3F50C4E356003E0094D0A4E356000BF3C
:1028E00000BF064D2D68C5F30315074E705D054DFD
:1028F0002D68C540034E356070BD000008380240A9
:102900000024F400040400200804002010B512483C
:10291000006840F001001049086000200E490831AD
:1029200008600D4800680D4908400B4908600C48D4
:10293000091D0860081F006820F48020091F086036
:10294000002005490C31086000F02EFD4FF00060BA
:102950000449086010BD000000380240FFFFF6FE89
:102960001030002408ED00E010B52621404810F09A
:102970002DFA002401213F4800F094F83E4890F8D9
:10298000080583280CD13C4890F8090540B1012482
:1029900000203A4908803A4908703A49087054E0E2
:1029A000354890F8080582280CD1334890F8120574
:1029B00040B1012400203149088031490870314973
:1029C000087042E02D480088401C2C4908802A48A5
:1029D000B0F814050988884237DA002027490880B2
:1029E00027480078401C26490870084600780328CC
:1029F00013DC25484088002806DD23484088401E17
:102A000021494880012420E000211A4800F04DF8B7
:102A10000020194981F8130517E0002018490870B3
:102A200018480078401C17490870084600780328A9
:102A30000ADD0020087000210E4800F036F8002062
:102A40000D4981F8130500E0012484B10E48408847
:102A50000D49098888420ADA074803F095FF0021EA
:102A6000044800F022F80020034981F8130510BD46
:102A7000C009002000040040C8230020E804002012
:102A8000EA040020EB040020F02C002021B1828811
:102A900042F00102828004E082884FF6FE731A4001
:102AA00082807047CA430282704721B1028842F097
:102AB0000102028004E002884FF6FE731A40028091
:102AC000704731B1B0F8442042F40042A0F84420ED
:102AD00005E0B0F84420C2F30E02A0F8442070478D
:102AE0001AB183890B43838102E083898B438381FD
:102AF0007047000070B5002400220023058C4FF6BB
:102B0000FE7635400584028C8388048B4FF68F75E2
:102B10002C40B51E2C400D882C43751E2A408D89F3
:102B20002A434D882A43104DA84202D00F4DA84297
:102B300013D14FF6F7752A40CD892A434FF6FB751E
:102B40002A408D882A434FF6FF652B404FF6FF55EC
:102B50002B400D8A2B434D8A2B43838004838D6841
:102B60004563028470BD0000000001400004014084
:102B700070B5002400220023058C4FF6EF76354017
:102B80000584028C8388048B48F6FF752C404FF631
:102B9000FF452C400D884FF6FF7606EA05252C43AD
:102BA0004FF6DF752A408D8906EA05152A434D88C0
:102BB00006EA05152A43154DA84202D0144DA84235
:102BC0001DD14FF67F752A40CD894FF6FF7606EA74
:102BD00005152A434FF6BF752A408D8806EA05156C
:102BE0002A434FF6FF352B404FF2FF752B400D8ADD
:102BF00006EA85052B434D8A06EA85052B4383802B
:102C000004838D688563028470BD0000000001406C
:102C10000004014070B5002400220023058C4FF60B
:102C2000FF6635400584028C8388848B4FF68F7550
:102C30002C404FF6FC752C400D882C434FF6FF5569
:102C40002A408D894FF6FF7606EA05252A434D88EE
:102C500006EA05252A43154DA84202D0144DA84284
:102C60001DD14FF2FF752A40CD894FF6FF7606EA57
:102C700005252A434FF6FF352A408D8806EA0525AB
:102C80002A434EF6FF752B404DF6FF752B400D8AFB
:102C900006EA05152B434D8A06EA05152B4383806A
:102CA00084838D68C563028470BD0000000001400C
:102CB0000004014070B5002200230024058C4EF66C
:102CC000FF7635400584038C8488828B48F6FF7537
:102CD0002A404FF6FF452A400D884FF6FF7606EA58
:102CE00005252A434DF6FF752B408D8906EA0535EB
:102CF0002B434D8806EA05352B430A4DA84202D0E6
:102D0000094DA84208D14BF6FF752C400D8A4FF6AD
:102D1000FF7606EA85152C43848082838D680564DE
:102D2000038470BD000001400004014000210180C7
:102D30004180818081608181C181018241827047AF
:102D400000220288184B98420ED0184B98420BD0A4
:102D5000B0F1804F08D0164B984205D0154B9842E1
:102D600002D0154B984204D14FF68F731A404B880E
:102D70001A43124B984207D0114B984204D04FF699
:102D8000FF431A400B891A4302804B68C3620B88C9
:102D90000385054B984202D0044B984201D18B7AAF
:102DA0000386012383827047000001400004014034
:102DB0000004004000080040000C004000100040EB
:102DC000001400404FF0FF3141600021018001817B
:102DD000418081727047000070B50446064810F0CB
:102DE00045F82168401A451C6068A84201D20120BC
:102DF00070BD0020FCE70000C009002070B504464B
:102E00000D466560024810F031F8206070BD00008A
:102E1000C00900203EB5302157480FF0D7FF40F2DF
:102E20002551564800F0CBF860B140F22551534887
:102E300000F0AAF8514800F07BF9C4B2214650488E
:102E400003F070FD40F226614C4800F0B8F838B14C
:102E500040F22661494800F097F8494803F026FD02
:102E600040F22771454800F0AAF828B1002240F24C
:102E70002771424800F0CDF842480068D0F80C03B2
:102E800041F2883188420CD13C480C3000883D49E1
:102E90000968C1F80C05394800883A490968C1F841
:102EA000100538480068D0F80C0341F28831884298
:102EB00020D940F66A11314800F066F840F6460124
:102EC0002E4800F061F840F226612C4800F05CF8D2
:102ED00040F22551294800F057F828480C30008866
:102EE00028490968C1F80C05244800882549096863
:102EF000C1F8100523480068D0F80C0341F2707146
:102F000088422DD9002240F66A111C4800F081F851
:102F1000002240F64601194800F07BF8002240F2FA
:102F20002771164800F075F8002240F22661134818
:102F300000F06FF8012240F22551104800F069F8C6
:102F4000002240F224410D4800F063F800222821BD
:102F50000A4800F05EF800226021084800F059F8A5
:102F60000648001D00880290044800880190DDE9B1
:102F70000101084400903EBDC00900200048004007
:102F8000C82300208804002010B50022002340F64A
:102F90006A14A14200D100BF0A1201249440A3B2D6
:102FA000DC43048010BD21B1828942F40052828149
:102FB00004E082894DF6FF731A408281704770B534
:102FC0000246002400230025002040F66A16B14284
:102FD00000D100BFC1F3421501F01F03012606FA1C
:102FE00003F3012D02D19689334006E0022D02D170
:102FF000168A334001E0968A33400C12012606FA05
:1030000004F41688344013B10CB1012000E0002014
:1030100070BDF0B50346002400260025002040F6D0
:103020006A17B94200D100BF1846C1F3421401F03B
:103030001F06012707FA06F5012C01D10C3004E028
:10304000022C01D1103000E014301AB107682F4370
:10305000076002E00768AF430760F0BD2DE9FF4756
:1030600005460E460024A14600BFA046B08900B127
:1030700000BF2C8A24F44054F08804432C82AC898D
:1030800041F20C608443B088318908437189084358
:103090000443AC81AC8A24F44074B0890443AC820C
:1030A0006846FFF74DFA2048854202D01F48854206
:1030B00002D1DDF80C9001E0DDF80890A88900F459
:1030C000004040B109EBC90000EB0910316849002C
:1030D000B0FBF1F707E009EBC90000EB091031681C
:1030E0008900B0FBF1F76420B7FBF0F00401200980
:1030F000642101FB1078A88900F4004040B132201F
:1031000000EBC800B0FBF1F000F00700044308E05A
:10311000322000EB08106421B0FBF1F000F00F004A
:1031200004432C81BDE8FF870010014000140140DA
:1031300001468888C0F308007047C1F30802828006
:1031400070474FF41651016000218180C1800181D8
:103150000C214181002181817047000005480068F1
:10316000D0F85C02401C03490968C1F85C0200BF4A
:10317000FEE700008804002000F07F01014A116092
:1031800070470000002C004010B51E48006840F059
:1031900080501C4908601B481038006840F48020AB
:1031A0001849103908600120FFF74EF90120FFF798
:1031B00051F900BF1448406800F008000028F9D019
:1031C00012480068D0F8040510490968C1F80805DC
:1031D0000E480068D0F8C0000C490968C1F8C40066
:1031E0000A480068D0F80C0508490968C1F81405B8
:1031F00006480068D0F8100504490968C1F81805A8
:1032000010BD0000403802400070004088040020DB
:1032100010B54C48006800684B49884203D0002034
:10322000484909684860494890F8010120B1484878
:1032300044490968486103E000204249096848613F
:10324000424890F8000120B141483E4909680861B0
:1032500003E000203B49096808613C4890F80101FF
:1032600018B93A4890F8010130B13848D0F8A401B3
:1032700034490968086403E0002032490968086499
:103280003448407820B132482E490968886103E00B
:1032900000202C49096888612F48407850B12C489B
:1032A00028490968C8612948D0F8A8012549096852
:1032B000486406E0002023490968486421490968F8
:1032C000C86100202DE02549095C01290ED1244A5E
:1032D0001C490968203141F8202020490A390A5C3C
:1032E00018490968343121F8102019E01B49095C9C
:1032F00002290FD11A4A521C12490968203141F89B
:10330000202016490A390A5C0E490968343121F82F
:10331000102005E000220B490968203141F82020E7
:10332000401C0528CFDB08480649096808600548A5
:103330000068406802B241F2FC0104480DF086FCCE
:1033400010BD000088040020EFBEADDE842E0020FA
:10335000EAEBFFC0AC0C0020BA0C0020540B00209C
:10336000E1FFC00008B50020009003E000BF009816
:10337000401C00900098B0F5D27FF7DB08BD70B517
:1033800004460D461646324629462046FDF770F99A
:1033900070BD70B504460D46164632462946204695
:1033A000FDF79CF970BD00000CB500200190009065
:1033B0002D48006840F480302B49086000BF2A483F
:1033C000006800F4003000900198401C01900098C3
:1033D00018B90198B0F5A06FF1D12348006800F446
:1033E000003010B10120009001E000200090009812
:1033F000012838D11C48083000681B490831086092
:103400000846006840F4004008600846006840F440
:10341000A05008601548091F0860081F006840F0A8
:103420008070091F086000BF0F48006800F000703E
:103430000028F9D040F207700D4908600A480830AA
:10344000006820F003000849083108600846006859
:1034500040F00200086000BF03480830006800F038
:103460000C000828F8D10CBD00380240103041058E
:10347000003C024010B530480FF0F8FC2F490968B5
:10348000401A642807D92E48007820B12A480FF046
:10349000EDFC2A4908602B4890F82D0110B129480D
:1034A00010F042F846202849A1F848002748486310
:1034B0002749254881632749C16327490164274972
:1034C000416408462049C1F8EC0021491E48C0F873
:1034D000F0102049C0F8F4101F49C0F8F8101F4937
:1034E000C0F8FC101949C0F80011C0F80411C0F868
:1034F0000811C0F80C11C0F810111849C0F81411C7
:10350000174811490865052081F8E6001548164955
:1035100088601648164908611649154841614FF000
:10352000834181611449C16100200F494862012033
:103530000F49087010BD0000C00900204C04002095
:1035400074390020F00C00200C0A00200000A0417B
:103550000000B0410000B8410000C0410000C84177
:10356000000020C19A996141C80C00200000404130
:10357000200E002000006041000090412DE9F04144
:1035800088B004460D4640F6FF774FF47848E602CF
:103590008DF80A5000208DF80B0001208DF80C00EA
:1035A0004FF6FF7000EA1640ADF80000B0B2ADF87B
:1035B0000200ADF80470ADF806800120ADF80800F7
:1035C0008DF80D006846FDF77BFE04A8FDF778FE38
:1035D00008B0BDE8F081000010B504460B480FF0BC
:1035E00045FC0B490968401A0A490B4A127841F810
:1035F00022000948047009480068C0F8C440034824
:103600000FF034FC0249086010BD0000C009002022
:1036100040040020D0090020440400208804002039
:1036200010B509480FF022FC08490968401A40F615
:10363000B831884206D904480FF018FC03490860E5
:10364000FFF7E6FD10BD0000C00900208C0400203B
:103650000246002002EA01030BB1012000E0002035
:103660007047EFF31080704780F3108870472DE9A2
:10367000F04104460025FFF7F4FF074672B62668BE
:1036800001E06D1C3668A642FBD13846FFF7ECFF1F
:103690002846BDE8F08170B50446FFF7E2FF064614
:1036A00072B62068A04201D1012500E00025304615
:1036B000FFF7DAFF284670BD074991F90E0100F0C7
:1036C0001F02012191404209920002F1E022C2F85A
:1036D000001100BF70470000603800201CB568462C
:1036E000FEF780FC4FF48070009001208DF80400FC
:1036F00069460F48FEF7FEFB6846FEF773FC40F68E
:103700000400009001208DF8040069460948FEF786
:10371000F1FB6846FEF766FC4FF400700090012054
:103720008DF8040069460448FEF7E4FB1CBD000068
:1037300000000240000402400008024000F01F02A6
:10374000012191404209920002F1E022C2F80011E9
:10375000704700F01F02012191404209920002F1DE
:10376000E022C2F80011704700604060704700001E
:10377000064991F90E0100F01F0201219140044A0F
:10378000430942F8231000BF704700006038002052
:1037900080E100E008B5FFF7EBFF09E06946084863
:1037A00000F0CAF80748009900F0B5F8FEF7DEFC13
:1037B0000448FFF75CFF0228F0DBFFF77DFF08BD40
:1037C000A0050020980500202DE9FC4106460F4683
:1037D00014461D4664216846FFF710FB0CE0EBB26F
:1037E000E2B239463046FDF7C5FA00B905E0684651
:1037F000FFF7F2FA00B100E0F1E700BFBDE8FC819D
:1038000010B5002807DA0A07140E054A00F00F0366
:103810001B1FD45403E00A07130E024A135410BDB1
:1038200018ED00E000E400E0BFF34F8F06480068A9
:1038300000F4E06005490843001D03490860BFF338
:103840004F8F00BFFEE700000CED00E00000FA051E
:10385000BFF34F8F0648006800F4E0600549084355
:10386000001D03490860BFF34F8F00BFFEE7000053
:103870000CED00E00000FA051FB501210220FEF763
:103880000BFE01A8FFF79EFA16480068400816498B
:10389000B0FBF1F0401E80B2ADF8040040F2E7301A
:1038A000029001A91148FFF74BFA012211460F4877
:1038B000FFF716F900200E4981F8130501210B4886
:1038C000FFF7F0F81D208DF8000002208DF80100B0
:1038D0008DF8020001208DF803006846FEF778FDA0
:1038E0001FBD00000404002040420F0000040040FF
:1038F000C823002070B505460C46FFF7B2FE064609
:1039000072B62868206065602C602068446030468C
:10391000FFF7AAFE70BD70B505460C46FFF7A1FE85
:10392000064672B62560686860606C606068046016
:103930003046FFF799FE70BD70B505460C46FFF79F
:1039400090FE064672B628682060286800F009F8E4
:10395000002021680860216848603046FFF784FE37
:1039600070BD70B50446FFF77CFE054672B6D4E91B
:1039700000010860D4E9001048602846FFF774FE93
:1039800070BD70B505460C46FFF76BFE064672B675
:10399000686820606868FFF7E4FF0020216808601D
:1039A000216848603046FFF75FFE70BD1CB51148C6
:1039B000B0F80C01009000208DF8040002208DF872
:1039C000050000208DF8060002208DF80700094947
:1039D000D1F804016946FEF78DFA00208DF8040045
:1039E0008DF807000349D1F804016946FEF782FA11
:1039F0001CBD00006038002010B556480068006803
:103A0000554988427ED153480068406953498842ED
:103A100008D10120524981F801014E480068006C2C
:103A2000C1F8A4014B48006800694C49884208D19C
:103A300001204B4981F8000146480068006CC1F83C
:103A4000A4014448006880694449884202D10120A9
:103A5000444948703F480068C0694049884208D1DD
:103A60000120414948703B480068406C3C49C1F81E
:103A7000A80100204BE037490968203151F8201097
:103A80003A4A91421BD1012239490A543149096805
:103A9000343131F81010642911DC2E4909683431B1
:103AA00031F81010CAB232490F390A54294909684D
:103AB000343131F81010CAB22D490A390A54254957
:103AC0000968203151F82010284A521C91421DD11A
:103AD000022227490A541F490968343131F810106D
:103AE000642913DC1B490968343131F81010CAB25B
:103AF0001F490F390A5417490968343131F8101039
:103B0000CAB200E01FE01A490A390A54401C0528CD
:103B1000B1DB104800684068401C0E4909684860E5
:103B20000C480068D0F8C4000F2811D20949096870
:103B3000D1F8C42007490968843101EB820001688B
:103B4000491C016004E040F21C510A48FCF7FBFDEF
:103B500010BD000088040020EFBEADDEEAEBFFC020
:103B6000842E0020AC0C0020BA0C0020E1FFC00025
:103B7000540B0020004002401CB50E48B0F80C0168
:103B8000009001208DF8040002208DF8050000202F
:103B90008DF806008DF807000649D1F80401694642
:103BA000FEF7A8F9034AB2F80C11D2F80401FEF7A7
:103BB00017FA1CBD603800200248B0F80C01024919
:103BC0000860704760380020143C014070B504461E
:103BD0000D462B4600228021204600F079F928B1BD
:103BE000206E40F020002066032070BD0020FCE71E
:103BF0002DE9F84F04460F4690461D460A9EB248EE
:103C00000FF034F981464FF0000A00BF94F85C00D1
:103C1000012802D10220BDE8F88F012084F85C0061
:103C200000BF94F85D00012802D04FF0020A40E185
:103C30001FB1B8F1000F00D015B94FF0010A38E1FB
:103C4000052084F85D0000202066C4F84080A4F8B8
:103C50004650A4F84450A763E587A587A06AB0F54D
:103C6000005F10D19948006B00884DF6FF71084045
:103C70009649096B08809548006B008840F4005015
:103C80009249096B0880E068B0F5E06F08D98F4869
:103C9000006B008840F400608C49096B088007E0E5
:103CA0008A48006B008820F400608849096B08800E
:103CB0008648006B008800F04000402805D020684E
:103CC000008840F0400021680880E068B0F5E06FAF
:103CD0004ED945E0E08F00281FDD7C48006B00894D
:103CE00000F00200022818D1A06B00887749096B08
:103CF0008881A06B801CA063E08F401EE087E08F6E
:103D000058B9A06AB0F5005F07D17048006B008811
:103D100040F480506D49096B0880B4F846000028D3
:103D200012DD6A48006B008900F0010060B167484D
:103D3000006B8089216C0880206C801C2064B4F8A2
:103D40004600401EA4F84600701C48B15E480FF0C3
:103D50008DF8A0EB0900B04202D34FF0030AA8E0AF
:103D6000E08F0028B6DCB4F846000028B2DC4BE057
:103D700043E0E08F00281EDD5448006B008900F00E
:103D80000200022817D1A16B481CA06308784F4994
:103D9000096B0873E08F401EE087E08F58B9A06A76
:103DA000B0F5005F07D14948006B008840F48050AF
:103DB0004649096B0880B4F84600002811DD4348E5
:103DC000006B008900F0010058B14048006B017B96
:103DD000226C501C20641170B4F84600401EA4F8F8
:103DE0004600701C48B138480FF040F8A0EB0900BD
:103DF000B04202D34FF0030A5BE0E08F0028B8DC4A
:103E0000B4F846000028B4DCA06AB0F5005F35D1F4
:103E1000334601221146204600F05AF830B1206E98
:103E200040F0020020664FF0030A42E0E068B0F57F
:103E3000706F06D12548006B80890090BDF80000A6
:103E40001CE02248006B007B0090BDF80000206B56
:103E5000022813D1334601221146204600F038F8DB
:103E600030B1206E40F0020020664FF0030A20E0DF
:103E70001648006B007B0090BDF8000020680089A8
:103E8000C0F3001048B1206E40F0020020664FF6EB
:103E9000EF70216808814FF0010A31462046FFF794
:103EA00095FE08B120202066206E08B14FF0010A6F
:103EB00000BF012084F85D0000BF002084F85C0092
:103EC00000BF5046A7E60000C0090020603800206F
:103ED0002DE9F04104460E4617461D4626480EF0D1
:103EE000C5FF804640E0681CE8B335B122480EF0BB
:103EF000BDFFA0EB0800A84236D32068808820F0E0
:103F0000E000216888806068B0F5827F0DD1A068EC
:103F1000B0F5004F03D0A068B0F5806F05D12068E0
:103F2000008820F0400021680880A06AB0F5005F9A
:103F30000ED100BF206800884DF6FF71084021684F
:103F400008802068008840F400502168088000BF85
:103F5000012084F85D0000BF002084F85C0000BFF1
:103F60000320BDE8F081FFE70448006B0089304082
:103F7000B842B8D10020F4E7C00900206038002022
:103F800010B50120FEF782FB00BF6120FEF74AFB5F
:103F90000028FAD045F25550FEF7D0F90420FEF77C
:103FA000C1F940F6FF70FEF7C3F9FEF7B3F9FEF76B
:103FB000A9F901210803FDF79DFC10BD2DE9F0478B
:103FC000044688460026B146002523E0605D20288F
:103FD00004D1A5EB0900404500DAEEB2605D20286F
:103FE00001D0605DA8B9A5EB0900404511DD204670
:103FF000FCF7CEFA074603E0E15D781C21547F1EF2
:10400000B742F9DA0A20A0550D21701C215400F0A6
:10401000FF096D1C2046FCF7BBFA401CA842D5D80E
:104020002046BDE8F08738B505460C4607E06946EE
:104030002046FFF7A6FC28460099FFF75BFC2046C8
:10404000FFF729FB0028F2D038BD000010B58AB078
:10405000044601210846FEF70FFA01210220FEF76F
:104060000BFA01210420FEF707FA08A8FDF7BAFFB2
:104070004FF4E070089001208DF8240002208DF8A4
:10408000250008A97048FDF735FF08A8FDF7AAFF2D
:104090004FF48060089001208DF8240002208DF8F4
:1040A000250008A96948FDF725FF01210846FEF70C
:1040B00013FA01210420FEF7EFF901210820FEF791
:1040C000EBF908A8FDF78EFF4FF4707008900220FE
:1040D0008DF824008DF8250008A95C48FDF70AFF3B
:1040E000022206215948FDF74DFF022207215748B9
:1040F000FDF748FF022208215448FDF743FF022242
:1041000009215248FDF73EFF08A8FDF76BFF01208B
:10411000089002208DF824008DF8250008A94C484D
:10412000FDF7E8FE022200214948FDF72BFF05A814
:10413000FEF748FE1D20ADF8140064200690002014
:10414000ADF81C00ADF8160005A94248FEF7F8FDD1
:104150006846FEF7EBFD6020ADF800000120ADF8E9
:10416000020000200290ADF80C0069463948FEF7C5
:10417000C1FC69463748FEF7FBFC69463548FEF747
:1041800049FD69463348FEF795FD05A8FEF71AFE7E
:104190001D20ADF81400642006900020ADF81C002E
:1041A000ADF8160005A92C48FEF7CAFD6846FEF7D3
:1041B000BDFD6020ADF800000120ADF80200002038
:1041C0000290ADF80C0069462348FEF793FC05A861
:1041D000FEF7F8FD1D20ADF81400642006900020C5
:1041E000ADF81C00ADF8160005A91C48FEF7A8FDA7
:1041F0006846FEF79BFD6020ADF800000120ADF899
:104200000200002002900220ADF80C00694613481D
:10421000FEF770FC69461148FEF7AAFC01210D4823
:10422000FEF743FC01210C48FEF73FFC0121094841
:10423000FEF747FC01210848FEF743FC0021054832
:10424000FEF724FC0AB010BD000802400004024042
:104250000000024000080040000C00400000014047
:1042600030B50246052915DA002011E002F14A04B2
:10427000645C451C04FB05F3DC1703EB5474C4F3C6
:10428000C70502F14F0404EBC1042554431CD8B206
:104290000828EBDB30BD000070B502461B48405CCF
:1042A000022803D11A48B0F91E0070BD194890F8D1
:1042B000030108B10A20F8E7164890F8B76190F8B2
:1042C000B601C0EB001006EB8004124890F8B9610B
:1042D00090F8B801C0EB001006EB80050D4890F88F
:1042E000B46190F8B301C0EB001006EB8003A34269
:1042F00006DBAB4204DA02F11E0030F91100D4E70C
:1043000002F1280030F91100CFE70000400B002037
:10431000240C0020842E00202DE9FF5F83468A466E
:104320000BF10F0111F80A20394931F9120015F08B
:10433000FAF880460022374B14F040FFCDE9020125
:1043400051465846FFF7A8FF804615F0ECF8CDE936
:104350000001DDE9022315F08DFA04460D462E49D1
:1043600051F82A0015F070FB064622462B4615F040
:1043700005F90FD80BF10F0010F80A00072809DA29
:104380000BF10F0010F80A00401CC1B20BF10F0036
:1043900000F80A100BF10F0111F80A201C4910391E
:1043A00031F9120015F0BFF806460022194B14F03F
:1043B00005FFCDE9020151465846FFF76DFF06465D
:1043C00015F0B1F8CDE90001DDE9022315F052FA4C
:1043D00004460D46104951F82A0015F035FB804679
:1043E00022462B4615F004FA0FD80BF10F0010F8F7
:1043F0000A00002809DD0BF10F0010F80A00401E2A
:10440000C1B20BF10F0000F80A10BDE8FF9F0000D9
:10441000D80B002000002440400A00202DE9FC5F5A
:1044200082468B46204810F80B0002280AD11F490B
:10443000B1F91E101D4AB2F92020881A15F09CFC13
:10444000BDE8FC9F1A4890F8030188B1BAF9A800AA
:1044500015F069F880460022164B14F0AFFE0646B0
:104460000022144B15F0FAF9044614F0C1FDE7E7F9
:10447000BAF9840015F057F8044600220D4B14F0E9
:104480009DFECDE9000159460748FFF705FF0446A8
:1044900015F049F80646DDE9002315F0EBF98046F2
:1044A00014F0A6FDCCE70000400B0020240C0020F7
:1044B000842E0020000024402DE9FF5F82464FF04B
:1044C000000BCCE11AF80B00022804D101210AF1FB
:1044D000140000F80B100AF17F0010F80B0088B1EF
:1044E0000BF0FF015046FFF799FF0446FE4850F8D5
:1044F0002B10204615F06CFD04D800210AF17F0036
:1045000000F80B100AF17F0010F80B00A0B90BF0B7
:10451000FF01F648FFF7C0FE054615F02DFC0446E6
:10452000F14850F82B10204615F052FC04D8012118
:104530000AF17F0000F80B101AF80B00032821DAAB
:104540000AF17F0010F80B00B8B9E848143010F8F1
:104550000B00012811D1E64890F8010138B9E44870
:1045600090F8000118B9E24890F8030128B1012140
:104570000AF1370000F80B1004E000210AF13700BF
:1045800000F80B101AF80B0003287DD10AF1140073
:1045900010F80B00012878D1D54890F8010140B9F6
:1045A000D34890F80001D24991F80311084300283C
:1045B0006BD00BF0FF015046FFF76EFE9AF8B31078
:1045C000451A284615F0D8FB0446C74850F82B106A
:1045D000204615F0FDFC11D201210AF1DC0000F8A3
:1045E0000B10C4480EF042FC0AF1B40141F82B0054
:1045F00000210AF1C80040F82B10B1E00BF0FF01D8
:104600005046FFF749FE054615F0B6FB0446B6488E
:1046100050F82B10204615F0DBFB11D200210AF1D7
:10462000DC0000F80B10B3480EF020FC0AF1B401D6
:1046300041F82B0000210AF1C80040F82B108FE050
:104640009AF8B30014F086FF064600224FF080432C
:1046500014F0B4FDCDE902010BF0FF015046FFF765
:104660001BFE064614F05FFFCDE90001DDE90223E1
:1046700015F000F904460D469B4951F82B0015F042
:10468000E3F98046224601E08AE064E02B4614F01C
:1046900075FF40D297480EF0E9FB0AF1B40151F8DA
:1046A0002B10411A0AF1C80050F82B00814257D94B
:1046B00090480EF0DBFB0AF1B40141F82B000AF13F
:1046C000DC0010F80B0008B9012100E000210AF11C
:1046D000DC0000F80B1010F80B00B0B18248343841
:1046E000016D854815F0B0FC0646844915F046FA80
:1046F000054615F005FB0446012221467D480EF0D3
:1047000093FB47F23051484300E014200AF1C801FE
:1047100041F82B0024E077480EF0A8FB0AF1B40121
:1047200051F82B10411A0AF1C80050F82B008142B1
:1047300016D900210AF1DC0000F80B106D480EF0CC
:1047400095FB0AF1B40141F82B0014210AF1C800CD
:1047500040F82B1004E000210AF1DC0000F80B10F7
:104760000AF1DC0010F80B0008B1012100E0002183
:104770000AF1370000F80B1010F80B0040B164216B
:104780000AF1050000F80B10401D00F80B1007E0BF
:1047900000210AF1050000F80B10401D00F80B1075
:1047A0001AF80B00012858D10AF1140010F80B0078
:1047B000012836D10AF17F0010F80B0080BB4C486D
:1047C00090F8010138B94A4890F8000118B94848F2
:1047D00090F8030120B34448343890F8740018B1BD
:1047E000474890F88400D8B90BF0FF015046FFF716
:1047F00093FD0AF17A0010F80B0020B10AF13200A3
:1048000010F80B0007E00AF14F0000EBCB01403835
:1048100010F80B00085C0AF1050101F80B0005E037
:10482000FFE700210AF1050000F80B100AF114005F
:1048300010F80B00022806D10AF1320010F80B1014
:104840002D3800F80B100AF1140010F80B0020B9F5
:1048500000210AF1050000F80B100BF1010BBBF170
:10486000050FFFF62FAE23480EF000FB254909681F
:10487000401ABAF8781088427CD91E480EF0F6FA31
:104880002049086000201FE00AF10A010A5C491F64
:10489000095C8A4207DA0AF10A01095C491CCAB2BA
:1048A0000AF10A010A540AF10A010A5C491F095C6B
:1048B0008A4207DD0AF10A01095C491ECAB20AF1FF
:1048C0000A010A54411CC8B20528DDDB0C4890F8E7
:1048D0007E0038B19AF8AF0020B164218AF80E103A
:1048E0008AF8091006480FE0400A0020400B00201B
:1048F000842E0020C00900200000F041000020416B
:10490000240C00206C04002090F87E0038B99AF83E
:10491000AF0020B100218AF80E108AF809103D4836
:1049200090F87F0038B19AF8B00020B164218AF87D
:104930000D108AF80810374890F87F0038B99AF8B7
:10494000B00020B100218AF80D108AF8081000206C
:104950000EE03149095C19B92F49491D095C29B19B
:1049600000220AF105010A54491D0A54411CC8B22B
:104970000528EEDB9AF80000012806D19AF80A20F3
:10498000632126480EF057FA01E09AF80A002449FC
:1049900008609AF80100012806D19AF80B206321DB
:1049A0001E480EF048FA01E09AF80B001C49091D58
:1049B00008609AF80200012806D19AF80C206321B9
:1049C00016480EF038FA01E09AF80C001449083144
:1049D00008609AF80300012806D19AF80D20632197
:1049E0000E480EF028FA01E09AF80D000C490C313F
:1049F00008609AF80400012806D19AF80E20632175
:104A000006480EF018FA01E09AF80E000549086011
:104A1000BDE8FF9F240C0020A80A0020C009002048
:104A200034080040340C004070B50446042221468E
:104A30002A480EF059FA002518E0162104F11E004C
:104A400020F8151014210A3020F815100A210A3018
:104A5000415550211830415529462046FFF700FCAA
:104A6000082104F144004155681CC5B2052DE4DB62
:104A7000012020704FF49670A4F878000A20A4F862
:104A800098000F219A20015314219C2001531921D1
:104A90009E2001531E21A02001532321A220015357
:104AA0002821A420015305218A2001530A218C20AA
:104AB00001530F218E2001531421902001531921FD
:104AC000922001531E21942001532321962001534B
:104AD0003220A4F8A800204670BD0000C0090020C4
:104AE0002DE9F04104460E4684F82460FC480EF09F
:104AF000BDF92065082E70D006DC012E0BD0022EE9
:104B00006CD0032E6BD123E1092E69D00F2E68D013
:104B1000102EF7D143E2002534E0F248405D00F06A
:104B2000010020B1EF481E3030F9150000E0FF20F1
:104B3000C2B2681C04F124010A54EA48405D00F046
:104B4000010020B1E748283030F9150000E0FF20CF
:104B5000C2B2A81D04F124010A54E248405D30B1FC
:104B6000E14951F82500E14914F09AFF00E0E048DE
:104B7000074615F0E1F8C2B205F10B0004F124017B
:104B80000A546D1C052DC8DBFF2134200155D9487E
:104B900090F8000108B1012100E000213520015505
:104BA000005DD44991F8011109B1012100E0002113
:104BB00040EA410135200155005DCF49497809B1EE
:104BC000012100E0002140EA411135200155005D3E
:104BD000CA49497831B1012105E009E114E017E241
:104BE00052E19CE1002140EA811135200155BE4986
:104BF0003439086DBD4914F053FF054615F09CF893
:104C0000C1B23620015505E2B64890F87A008021FD
:104C100001EAC01125200155005DB24991F832101A
:104C200001F07F01084325210855AE4890F87B002C
:104C3000802101EAC01126200155005DA94991F8A3
:104C4000331001F07F01084326210855A54890F84C
:104C50007C00802101EAC01127200155005DA14997
:104C600091F8341001F07F010843272108559D4831
:104C700090F87D00802101EAC01128200155005DD7
:104C8000984991F8351001F07F0108432821085513
:104C9000944890F87E00802101EAC0112920015536
:104CA000005D904991F8361001F07F0108432921F9
:104CB0000855FF212A200155914890F8FB102B2020
:104CC00001558F4890F8FC102C2001558C4890F825
:104CD000FD102D2001558A4890F8FE102E20015518
:104CE000874890F8FF102F2001557E4800787D49B5
:104CF000497840EA0110C1B23020015579488078E6
:104D00007849C97840EA0110C1B23120015575488F
:104D10000179322001557348407D00F0030171484C
:104D2000007D61F39F006F49897D01F0030140EA36
:104D300001116C48C07D00F0030041EA801133206E
:104D400001556848007E00F003013420015561E1FF
:104D5000FF2125200155674890F8B61126200155FE
:104D6000644890F8B71127200155624890F8B811AF
:104D7000282001555F4890F8B91129200155FF21DD
:104D80002A2001552B2001555A48B0F86201010A2A
:104D90002C200155574890F862112D200155554897
:104DA00090F86F112E200155524890F86D112F2068
:104DB0000155514800785149097840EA4100C1B293
:104DC000312001554C488179322001554B48817979
:104DD00033200155494800890112342001554748C4
:104DE000017A352001554448817A3620015511E178
:104DF0004448017C252001554248417C262001552C
:104E00004048817C272001553E48C17C282001551F
:104E1000384890F88C1129200155364890F88D11AA
:104E20002A200155334890F88E112B200155314826
:104E300090F88F112C200155334801782D20015511
:104E40003148401C01782E2001552F48801C0178E4
:104E50002F2001552C48C01C0178302001552948CD
:104E6000008BC0F30721312001552648017E3220F6
:104E700001552448808BC0F3072133200155214878
:104E8000017F34200155C5E0217825200155617846
:104E9000262001551C480178272001551A48401C3E
:104EA0000178282001551848801C017829200155D7
:104EB0001548C01C01782A20015500212B200155DE
:104EC0002C2001552D2001552E2001552F20015554
:104ED000A07801281CD10D4A06CAC4E90C121DE0B5
:104EE000C0090020400B0020400A002000002042A2
:104EF00000007F43842E0020AC0C0020BA0C002060
:104F0000F00C0020C80C0020C6FF03080880000831
:104F1000FF22082104F13000FBF7EBFB7AE0414867
:104F2000017C807D41EA0010C1B2252001553D4839
:104F3000017F90F8220041EA0010C1B226200155FD
:104F4000384890F8281090F82E0041EA0010C1B2BD
:104F500027200155334890F8341090F83A0041EA80
:104F60000010C1B2282001552E4890F8401090F84A
:104F7000460041EA0010C1B22920015500200BE093
:104F800000EB40022749103101EB42010B79811DF2
:104F900004F124025354401C0A28F1DB3AE00020BB
:104FA0000BE000EB40021F49103101EB42014B784E
:104FB000411C04F124025354401C0A28F1DB002058
:104FC00008E0184908310B5C00F10B0104F12402E0
:104FD0005354401C0428F4DB1248017B407B41EA17
:104FE0000010C1B2332001550E48817BC07B41EADD
:104FF0000010C1B2342001550B4988680B4914F0E8
:105000001BFF054614F098FEC1B23520015501E0A2
:10501000BDE8F08100BF04F12401054812F058FBFF
:1050200000BFF5E7640E0020C80C002000002041FE
:105030006038002002465820B1F1006F04D32E4B97
:10504000994201D2002056E02B4B994204D32B4BBE
:10505000994201D208204EE0284B994204D3284BB4
:10506000994201D2102046E0254B994204D3254BAA
:10507000994201D218203EE0224B994204D3224BA0
:10508000994201D2202036E01F4B994204D31F4B96
:10509000994201D228202EE01C4B994204D31C4B8C
:1050A000994201D2302026E0194B994204D3194B82
:1050B000994201D238201EE0164B994204D3164B78
:1050C000994201D2402016E0134B994204D3134B6E
:1050D000994201D248200EE0104B994204D3104B64
:1050E000994201D2502006E00D4B994203D3B1F111
:1050F000016F00D25820704700400008008000086F
:1051000000C00008000001080000020800000408B8
:10511000000006080000080800000A0800000C084B
:1051200000000E0870B504463E4890F87E010E2837
:1051300016D13D480DF09AFE6169401A42F2107195
:1051400088420DD938480DF091FE60610921204652
:10515000FFF7C6FC334890F89A1107F085F970BD47
:10516000304890F87901012829D120700020607022
:105170002D480DF07BFE6061211D204600F0D0FA25
:105180000120A0700020274981F87901084690F895
:105190009A1107F069F909212046FFF7A1FC0025C3
:1051A0000BE021480DF062FE08B1012100E0002172
:1051B00004F13C004155681CC5B2142DF1DB1948BF
:1051C00090F8790102281DD1002020700120607024
:1051D0001649087014480DF049FE00F6B83014491D
:1051E000086011480DF042FE606100200D4981F811
:1051F0007901084690F89A1107F036F909212046FE
:10520000FFF76EFC0948007850B107480DF02EFEFC
:1052100007490968884203D9002004490870607072
:1052200000BF9CE7842E0020C009002078050020E4
:105230007C05002010B504460422214604480DF0E8
:1052400053FE204600F012FB204600F0B3FB10BDD9
:10525000C0090020FEB50446FA480DF007FEFA49E1
:105260000968401AB0F57A7F04D9F6480DF0FEFDC2
:10527000F54908602046FFF755FFF44812F086F81C
:10528000F24890F8350038B9002020706070A070A6
:105290000120E061A061FEBDEC4890F836000028D6
:1052A00074D00020E94981F83600084690F838703B
:1052B0001422383104F12400FBF7DEF920780128AC
:1052C00001D0072F7DD1052F7CD006DC012F0BD01C
:1052D000022F5CD0032F58D193E0072F73D0092FF2
:1052E00072D0102FF7D16BE1002013E0411C04F1C4
:1052F0002402515C09290CDD411C515C212908DA8A
:10530000D349095C29B1411C525CD1491E3121F8B5
:105310001020401C0528E9DB002013E0811D04F16A
:105320002402515C09290CDD811D515C212908DA18
:10533000C749095C29B1811D525CC549283121F852
:105340001020401C0528E9DB3520005D00F001003D
:10535000C04981F800013520005DC0F3400081F8AC
:1053600001013520005DC0F34010BB494870352075
:10537000005DC0F38010B94948703520005D00F031
:10538000100010B1B6480EF0CFF82CE1A2E10020D9
:1053900012E0411C04F12402515CCA09AC497A3183
:1053A0000A54411C04F12402515C01F07F02A84917
:1053B00032310A54411CC8B20528EADB3320005DB3
:1053C00003E011E198E0B9E0F0E000F00300A0494B
:1053D00008753320005DC0F381019D48417533207D
:1053E000005DC0F301119A4881753320005D810989
:1053F0009748C1753420005D00F0030194480176A0
:10540000F1E02620005D182804DA2620015D91488D
:1054100080F8B6112720005D3C2804DA2720015DC2
:105420008C4880F8B7112820005D182804DA28205D
:10543000015D884880F8B8112920005D3C2804DA15
:105440002920015D834880F8B9112C20005DFF28D8
:1054500003D12D20005DFF2808D02D20015D2C20D8
:10546000005D01EB00207B49A1F862012F20005D67
:10547000032806DA2F20005D00F00300754981F84B
:105480006D013220005D332807DA3220005D0328E9
:1054900003DD3220005D7049C8803320005D512853
:1054A00003DA3320005D6D49C8803520015D34206A
:1054B000005D01EB0020092811DD3520015D34205D
:1054C000005D01EB002040F2AB51884207DA352045
:1054D000015D3420005D01EB002060490881362029
:1054E000005D012807DD3620005D0B2803DA362039
:1054F000005D5949488176E0544890F83900012808
:105500001BD0524890F83900022816D04F4890F826
:105510003900AA2804D1002052490860FEF798F902
:105520004A4890F83900A52807D14A480AF004FCF7
:105530004D484C490860FEF78BF954E02520015D89
:10554000444880F8B1112620015D424880F8B0112E
:105550002720005D3F4981F8AF012820015D3D48CB
:1055600080F8B2112920015D3A4880F8B3112A2051
:10557000015D384880F8B4112B20015D354880F872
:10558000B51190F8B501334991F8B411314A92F848
:10559000B321CDE9002102902E4890F8B13190F866
:1055A000B02190F8AF110BF01FFB1CE02520005D2F
:1055B00028B92620005D012801D10020207012E0CA
:1055C00000260DE0701C04F12401085CFF2806D0C1
:1055D000701C0B461A5CF1B224480FF01FF9761CC0
:1055E0000A2EEFDB00BF00BF2078002872D1052F04
:1055F00070D114480DF03AFC6169401A42F6F82166
:10560000884267D9102211493931201DFAF7EBFF82
:10561000104890F87E010E285CD000202CE0002677
:1056200000250AE0211D495D114A02EB0012525D7E
:10563000914200D00126691CCDB2082DF2DBCEB913
:105640001CE00000C0090020740500206038002024
:10565000400B0020842E0020AC0C0020BA0C00204F
:10566000F00C0020FC03002055AA1600640E002058
:1056700010800008411CC8B21028D0DB7EB900257C
:105680000BE005F10800211D085C21492944097A35
:10569000884200D00126681CC5B2082DF1DB012E1E
:1056A00009D11C480DF0E2FB6061002060701A48CF
:1056B0000AF086FC0DE0012020700020A07000BFE1
:1056C00005E0012204F13C010A54411CC8B214282F
:1056D000F7DB00BF002616E004F13C00805D88B1D6
:1056E0000C480DF0C3FB0D490968401A322809D94E
:1056F000207838B1002104F13C008155F1B22046F8
:10570000FFF7EEF9761C142EE6DB00BFC3E50000C0
:1057100000800008C0090020842E002070050020B1
:105720002DE9F04FC9B082460F46FCF789FB00BF58
:105730004C48006800F480300028F9D14948D0F87E
:105740000090B9F1000F02D04846FCF7C1FA0026DC
:1057500037E04FF0010B4FF000080CE0424800EB3F
:10576000061010F80800FF2801D04FF0000B08F1D8
:10577000010000F0FF08B8F1100FEFDBBBF1010FE3
:105780001DD1002414E03D5D601C385C05EB002554
:10579000A01C385C05EB0045E01C385C05EB00659F
:1057A000314901EB061108192946FCF71BFB241DA2
:1057B000082CE8D3FCF7FAFA49B0BDE8F08F701C6A
:1057C000C6B2102EC5DB002405E027482038205C37
:1057D00001A90855641CB4F5907FF6D322492039FD
:1057E0005046FFF727FC02210090FCF777FA00BF34
:1057F0001C48006800F480300028F9D1202405E01E
:1058000001A904F11000085C0855641CB4F5887FF8
:10581000F6D3002405E0395D04F5887001AA11541F
:10582000641C082CF7D3002415E001A8055D601C5A
:1058300001A9085C05EB0025A01C085C05EB0045F0
:10584000E01C085C05EB0065074920396018294613
:10585000FCF7C8FA241DB4F5907FE6D3FCF7A6FA4E
:1058600000BFA9E70C3C0240208000082DE9F0476A
:10587000C8B081464C484079202874D14A48807984
:105880002028FAD14848C0792028F6D1FCF7D8FA68
:1058900000BF4648006800F480300028F9D1434832
:1058A000D0F80080B8F1000F02D04046FCF710FAA3
:1058B000002404E03C48205C0DF80400641CB4F5AE
:1058C000907FF7D338494846FFF7B4FB8246022160
:1058D000FCF704FA3548D0F80080B8F1000F02D088
:1058E0004046FCF7F5F900BF3048006800F480300E
:1058F0000028F9D1002418E0002500260BE006EB73
:1059000044012B4810F8110000F00F000543280750
:10591000050E701CC6B2022EF1DB05F1200000F06E
:105920003F05601D0DF80050641C032CE4D30024D7
:1059300015E0002500260BE006EB44011C4810F89A
:10594000110000F003000543A806050E701CC6B246
:10595000042EF1DB04F110000DF80050641C082C3B
:10596000E7D3002417E01CE01DF80470601C1DF84C
:10597000000007EB0027A01C1DF8000007EB004704
:10598000E01C1DF8000007EB006707496018394666
:10599000FCF728FA241DB4F5907FE5D3FCF706FA4E
:1059A00000BF48B0BDE8F087008000080C3C024012
:1059B000600A00202DE9F0418046002407E01D48E0
:1059C0002044007AFF2801D0BDE8F081641C082C37
:1059D000F5D3FCF735FA00BF1748006800F48030B3
:1059E0000028F9D11448076817B13846FCF770F958
:1059F000002419E0002500260CE004EB440006EB2F
:105A000040010E4810F8110000F0010005436D0040
:105A1000701CC6B2202EF0DB0649083101EB840071
:105A20002946FCF7DFF9641C022CE3D3FCF7BEF92E
:105A300000BFC9E7008000080C3C0240600A00205B
:105A400070B586B005460C46052C01DB06B070BD6E
:105A50001148005DF0B16523104A0621284600F088
:105A60004DF80646FF2002900390049001460590F1
:105A70000948401D005D4006000ECDE900010648C2
:105A80007A30005D40F0FC03601CC2B2314604482D
:105A90000DF0C0FB00BFD9E7400B0020E4FF010080
:105AA000B40E002030B587B004466523104A0621A5
:105AB000204600F023F805460E4890F893010D4962
:105AC00091F892110B4A92F891210A4B93F8903178
:105AD000CDE90232CDE90410FF2000900346A62252
:105AE0002946019004480DF095FB07B030BD000039
:105AF00065EF0100842E0020B40E002030B504466E
:105B0000C2F3100043EA002001F0070540EA856077
:105B100030BD000030B587B004466523104A062129
:105B20002046FFF7EBFF05460E4890F88F010D4920
:105B300091F88E110B4A92F88D210A4B93F88C3113
:105B4000CDE90232CDE90410FF2000900346A522E2
:105B50002946019004480DF05DFB07B030BD000000
:105B600065EF0100842E0020B40E002030B587B010
:105B7000044665230E4A06212046FFF7BFFF05466F
:105B8000FF220C4800790B49C978CDE90302094886
:105B900005920291807807494978CDE900100548BF
:105BA0000378AA22294604480DF034FB07B030BD23
:105BB00065EF0100400B0020B40E00202DE9F041FC
:105BC00086B00446174880693C21B0FBF1F0C0F371
:105BD000074514488069B0FBF1F0C0F3072611486F
:105BE0008069B0FBF1F0C7B265230F4A0621204659
:105BF000FFF784FF80460B48C07C0A49897C094A2C
:105C0000527C084B1B7CCDE90065CDE90232CDE921
:105C100004103B46A422414604480DF0FBFA06B0AE
:105C2000BDE8F081C80C002065EF0100B40E002033
:105C30002DE9F04186B006461D484078402141EAF2
:105C400080001B49897840EA0110C7B21848B0F9B2
:105C5000040000F211104FF6FF7101EA40141448DD
:105C6000B0F9060000F2111001EA40156523114A4F
:105C700006213046FFF742FF8046FF230C48807A1A
:105C800000EB80004006000E2912EAB2CDE90403C1
:105C9000CDE902212012E1B23B460122CDE90010FC
:105CA000414605480DF0B6FA06B0BDE8F0810000A7
:105CB000AC0C0020FCFE0100B40E00202DE9F041E8
:105CC00086B006460C46092C02DD06B0BDE8F08120
:105CD000052C25D14149086D414913F0E1FE80466C
:105CE0004FF0844114F0A8F8074614F025F885B267
:105CF00065233C4A06213046FFF700FF0746FF2098
:105D0000029003900490014605902812EBB2CDE971
:105D10000001601CC2B2394633480DF07BFA00BF67
:105D2000052C2ADA3148005D38B32C49343151F85A
:105D300024002B4913F0B4FE80464FF0844114F048
:105D40007BF8074613F0F8FF85B26523254A062144
:105D50003046FFF7D3FE0746FF20029003900490E1
:105D6000014605902812EBB2CDE90001601CC2B2D9
:105D700039461D480DF04EFA00BF052C2BDD1C489E
:105D8000007840B3A11F1A4A103252F8210014497A
:105D900013F086FE80464FF0844114F04DF807461C
:105DA00013F0CAFF85B265230E4A06213046FFF77D
:105DB000A5FE0746FF20029003900490014605903F
:105DC0002812EBB2CDE90001601CC2B23946064888
:105DD0000DF020FA00BF00BF77E700000C0A00209A
:105DE000008088439CFF0100B40E0020400B00207F
:105DF000200E0020F0B587B006464FF0FF341B4858
:105E0000007810B11A48D0F8A8411A4806F012F9E3
:105E1000194991F8741009B1012100E0002141EA0B
:105E20008000C0B240F0F0056523144A06213046D8
:105E3000FFF764FE0746FF23C4F30740C4F30721BE
:105E4000E2B2CDE90403CDE902210B4890F8E60067
:105E50000B4991F821102B46A922CDE900103946B3
:105E600008480DF0D7F907B0F0BD0000BA0C0020CB
:105E7000842E0020240C00200C0A002065EF010075
:105E8000C80C0020B40E002030B587B0044665234E
:105E9000144A06212046FFF731FE0546FF2312482B
:105EA000808FC0F30720104991F83C100E4A128EE3
:105EB000C2F30722CDE90403CDE902210A4890F894
:105EC00030000949898DC1F30721CDE9001006484A
:105ED00090F82C30A222294604480DF09BF907B017
:105EE00030BD000065EF0100240C0020B40E00203E
:105EF00030B587B004466523154A06212046FFF7D2
:105F0000FDFD0546FF231348B0F84800C0F3072005
:105F1000104991F848100F4AB2F84420C2F3072202
:105F2000CDE90403CDE902210A4890F8440009496B
:105F3000B1F84010C1F30721CDE90010054890F8F1
:105F40004030A322294604480DF064F907B030BD63
:105F500065EF0100240C0020B40E002030B587B09E
:105F600004466523104A06212046FFF7C7FD054673
:105F7000FF2002900390049005900C48D0F8A401F3
:105F8000C0F307400949B1F8A411C1F30721CDE9D5
:105F90000010064890F8A431A122294604480DF0CB
:105FA00039F907B030BD000065EF0100842E0020F4
:105FB000B40E00202DE9F04186B007460C46052CB2
:105FC00002DB06B0BDE8F08140251D48005D0128D8
:105FD00001D145F002051A48005D022801D145F0C3
:105FE000040517481438005D38B3214614481438A6
:105FF000FEF752F900F211104FF6FF7101EA401658
:106000006523104A06213846FFF778FD8046FF21B8
:106010003012CDE902010491F0B2059108490F391F
:10602000095D4906090ECDE90010601CC2B22B467D
:10603000414605480DF0EEF800BF00BFC1E7000083
:10604000540B0020E2FF0100B40E0020F0B587B031
:1060500005460C46052C01DB07B0F0BD1348005D7A
:1060600008B3002612480AF00BFE00B101261048C2
:1060700090F8030100B1FA2665230E4A062128464E
:10608000FFF73CFD0746FF20029003900490032198
:106090000590CDE90010601CC2B23346394606486F
:1060A0000DF0B8F800BF00BFD6E70000400B00209D
:1060B000842E0020FAFE0100B40E00202DE9F043EA
:1060C00087B00746204890F800011F4991F8011158
:1060D00040EA410000F0FF08C3241C4805F0C6FF59
:1060E00000F211104FF6FF7101EA40151848B0F99F
:1060F000480000F2111001EA4016164890F82100FD
:1061000008B144F00404114805F094FF44EA00107B
:10611000C4B26523104A06213846FFF7EFFC8146DA
:10612000FF223012F1B2CDE90442CDE9021028126B
:10613000E9B243460122CDE90010494607480DF077
:1061400069F807B0BDE8F083842E0020240C0020FD
:106150000C0A0020C80C0020F7FF0100B40E00203C
:10616000F0B587B006461448007810B1124844785C
:1061700000E00F24114890F8B30004EB0010104920
:1061800091F8841000EB8110C5B265230D4A0621F9
:106190003046FFF7B3FC0746FF20029003900490BF
:1061A0000590034601223946CDE9005006480DF01E
:1061B00031F807B0F0BD0000BA0C00200C0A002036
:1061C000240C002099FE0100B40E002030B587B0E9
:1061D000044665231A4A06212046FFF78FFC054630
:1061E000184890F836004006000E164991F8351010
:1061F0004906090E134A92F834205206120E114B2A
:1062000093F833305B061B0ECDE90232CDE9041062
:106210000C4890F832004006000E0B49097B2831EB
:10622000C9B2CDE90010094890F848002830C3B23F
:10623000A022294606480CF0EDFF07B030BD000053
:1062400065EF0100400B0020C80C00200C0A002064
:10625000B40E00202DE9F14F8EB0FF200B900A9074
:1062600009900020089000BF05E03049095C09B1A1
:1062700001210891401C0528F7DB2D4890F82D01DD
:1062800008B9012000E000200D902A4890F8210074
:1062900028B9294805F0CEFE08B9089808B10120B0
:1062A00000E000200C900025214890F82D0108B155
:1062B000012400E00024FF274FF07F084FF0010980
:1062C0001B4890F82D0120B1194800780B9001204F
:1062D0000A9065264FF0FF0AD3466523174A062128
:1062E0000E98FFF70BFC079048EAC910C0B2099955
:1062F00001F0070147EA4111CDE904ABCDE90210F5
:10630000DDE90A10CDE90001DDE90C1040EA810069
:1063100040EA051040EA8410C2B2334608480799A3
:106320000CF078FF0FB0BDE8F08F00004A0B0020A2
:10633000F00C0020C80C0020240C0020CAFE010034
:10634000B40E002070B586B005466523134A0621B9
:106350002846FFF7D3FB0646FF2211480489E017C1
:1063600004EB1060C0F307200D49097ACDE9030260
:106370000B480592029180792830C0B2094991F802
:106380007C11CDE90010074890F86231A82231460F
:1063900005480CF03FFF06B070BD000065EF01003E
:1063A000BA0C0020842E0020B40E00202DE9F04FFE
:1063B00087B082460C461546052C02DB07B0BDE8C7
:1063C000F08F022D00DDF9E74FF000092248005D53
:1063D00000283ED015B1012D14D109E01E48283007
:1063E00030F914901D4890F8B86190F8B9710FE039
:1063F00019481E3030F91490184890F8B66190F89A
:10640000B77105E0FA25FF26FF274FF00A0900BF04
:1064100000BF09F211104FF6FF7101EA4018652321
:106420000F4A06215046FFF769FB8346FF224FEAD9
:10643000282008F0FF01CDE90302601CCDE90067C8
:1064400005920291C2B22B46594606480CF0E2FE74
:1064500000BF00BFB2E70000400B0020842E0020E8
:10646000F7FE0100B40E0020F0B587B006460C46DA
:106470001546052C01DB07B0F0BD022D00DDFAE763
:10648000022D00D1FA250E48005DB0B165230D4AFA
:1064900006213046FFF732FB0746FF2002900390AB
:1064A0000490059015205521CDE90010601CC2B262
:1064B0002B46394604480CF0ADFE00BFDBE7000078
:1064C000400B0020F6FE0100B40E0020F0B587B0AE
:1064D00005460C4600260F48065D5A38005D00B19F
:1064E000052665230C4A06212846FFF707FB0746C9
:1064F000FF2002900390049005900090019006F117
:10650000F000C3B2601CC2B2394604480CF082FEEF
:1065100007B0F0BDA00C002097FE0100B40E0020D3
:1065200070B588B006460025002003E0FF2106AACA
:106530001154401C0728F9DB002412E0E1B21C488A
:106540000DF00CF848B1E1B219480DF007F8C2B2ED
:106550002846691CCDB206A90A54062D00DD05E0C7
:10656000641C13480DF054F9A042E7DC6523114A7E
:1065700006213046FFF7C2FA04469DF81E009DF83A
:106580001D109DF81C209DF81B30CDE90232CDE98D
:1065900004109DF81A009DF81910CDE900109DF81F
:1065A00018308022214604480CF034FE08B070BD3B
:1065B000F00C002065EF0100B40E002010B5044679
:1065C0000422214602480CF08FFC204610BD00003A
:1065D000C009002070B506460C461546304600F04E
:1065E00005F829462046FBF7FDFB70BD70B5054652
:1065F00000BF0648006800F480300028F9D1034845
:10660000046814B12046FBF763FB70BD0C3C0240EC
:1066100070B505460C46FBF713FC2846FFF7E6FF6E
:1066200002212046FBF75AFBFBF7C0FBFBF71AFCE5
:1066300070BD02460868704710B504460422214622
:1066400002480CF051FC204610BD0000C00900209B
:106650002DE9F04781468846174631480088304981
:106660004988884203D100202D49088048802C4861
:106670000088642801DBBDE8F087294805880DB94A
:10668000002409E0681E2649091D31F81020C83190
:1066900031F81000104484B2E019B0F5806F33DA9D
:1066A0001F48001D20F81540B81C81B21C48CC3092
:1066B00020F81510002698F80200801C88F80200C7
:1066C00000BF06E018F80610A21916488154701C85
:1066D00086B2BE42F6DBFB1E0322414612480EF094
:1066E00061F811480EF041F8A2190E4988540E487D
:1066F0000EF037F8A119491C0A4A5054084800887E
:10670000401C0749088000BF084890F8130528B9C5
:1067100099F8100510B9054800F036F900BFAAE74E
:10672000F02C0020C824002064050020C82300208D
:1067300010B586B0044601218804FBF7ADFE0121A7
:106740000420FBF799FE6846FBF74CFC4FF4806091
:10675000009002208DF805008DF804006946284855
:10676000FBF7C8FB6846FBF73DFC4FF40060009068
:1067700002208DF805008DF8040069462048FBF7DB
:10678000B9FB07220A211E48FBF7FCFB07220B215D
:106790001B48FBF7F7FB02A8FCF7D3FC1948D0F81D
:1067A0000C0502900020ADF80C00ADF80E00ADF81D
:1067B00010000C20ADF812000020ADF8140002A962
:1067C0001148FCF74BFC012240F225510E48FCF722
:1067D00020FC272000F01F02012191404209920075
:1067E00002F1E022C2F8001100BF01210648FCF7C7
:1067F000DAFB002084F81005FDF73EF806B010BD66
:1068000000080240C823002000480040052900DAA3
:106810000521024AA2F8141570470000C823002081
:106820000021074A118051800121064A82F8121581
:106830000021A0F81819A0F81619A0F81C19704723
:10684000F02C0020C823002090F8261991B9B0F848
:106850001E19FA2904DAB0F81E19491CA0F81E19ED
:10686000B0F81E190A2905D1012180F82619002146
:10687000A0F81E190B49B1F80415491C094AA2F8E1
:1068800004151146B1F80415B1F5FA6F09DD0121BF
:1068900082F811150021044A82F88611014AA2F8F3
:1068A00004157047C8230020842E002070B50446CC
:1068B000B4F82009401CA4F82009B4F82009B4F861
:1068C000221988420EDA13484188001D30F8115011
:1068D000B4F82009421904F58070815C0E48FCF779
:1068E0002CFC15E0002240F226610B48FCF791FBDE
:1068F00008484088401C0749488001210748FCF7A8
:10690000D4F80120064981F81305002081F810050C
:1069100070BD0000F02C0020004800400004004042
:10692000C823002010B50A46B0F8164900F21653E5
:106930001A55B0F816395B1CA0F81639B0F816399C
:10694000B3F5806F02DB0023A0F816390023A0F80E
:106950001E39B0F8161990F81235A3B9B0F81639E7
:10696000052B10DDCB1E00F21654E35C822B0AD1FE
:106970008B1EE35C4F2B06D14B1EE35C4B2B02D1ED
:10698000012380F8123510BD70B50446012084F84B
:10699000100525484188CC3030F81100F52805DD78
:1069A000F52121484288CC3020F812101E48418839
:1069B000CC3030F81100A4F822090020A4F82009F6
:1069C00019484188001D30F8115004F58070415D70
:1069D0001648FCF7B2FB012240F226611348FCF78F
:1069E00018FB04F58070E91C405C114981F808052A
:1069F000084690F80805822803D1002081F8120586
:106A000011E001200A4981F8120504F58070691D22
:106A1000425C291D405C02EB00200549A1F80605F7
:106A2000002081F8090570BDF02C002000480040CE
:106A3000C82300202DE9F041044694F8020508B16E
:106A4000BDE8F0816DE0B4F8181904F21650455C09
:106A5000B4F81809401E04F21651085C05EB00203A
:106A600086B2B4F81809401CA4F81809B4F818093B
:106A7000B0F5806F02DB0020A4F8180994F826090D
:106A8000D8BBB4F81C092554B4F81C0908B9A4F8FB
:106A90001A59B4F81C09B4F81A1988422EDB0120DF
:106AA00084F82609B4F81809401E04F216510A5C4D
:106AB000B4F81809801E085C02EB002087B2B4F815
:106AC0001829B4F81A09121A08461118B4F81A0944
:106AD000831E002217480DF065FE16480DF038FEA3
:106AE0008046B84508D1012084F8020500201249EB
:106AF000A1F8040581F8110519E005E0B4F81C09B6
:106B0000401CA4F81C090CE045F6A520864208D1DB
:106B1000002084F82609A4F81C094FF48070A4F81A
:106B20001A09B4F81809B4F8161988428BD100BFB5
:106B300000BF85E760050020C823002010B504468B
:106B40001A48007800F0010058B9184811F0E0FA2E
:106B500038B117480CF08AF9164908601348AFF3AA
:106B600000801548007800F0010058B9124811F073
:106B7000CFFA38B10E480CF079F9104908600E4888
:106B8000AFF300800A480CF071F90A490968401A0D
:106B9000052807D306480CF069F906490860204625
:106BA000FFF752FE2046FFF745FF10BDF00400201E
:106BB000C0090020F4040020EC040020F8040020A8
:106BC00010B50446042221460D480CF08DF9002032
:106BD0000C490880488001200B4981F812050020EB
:106BE00081F81105A1F80405A1F806051420A1F803
:106BF00014054FF4E130C1F80C05204610BD00002B
:106C0000C0090020F02C0020C823002010B5044645
:106C1000E27A0F4951F8220013F072F800B2A08016
:106C2000B4F90400B4F90610884202DB0020A07019
:106C30006070B4F90400B4F90610884203DA607891
:106C400008B10120A070607808B90020A07010BDC4
:106C5000F80A00200021416280F82310052180F805
:106C600020100021417101707047000038B50446C2
:106C70003D48007800F0010058B93B4811F048FA4F
:106C800038B13A480CF0F2F8394908603648AFF3A9
:106C9000008036480CF0EAF835490968401AB0F52A
:106CA0007A7F34D331480CF0E1F83149086094F828
:106CB000200020B194F82000401E84F82000207CA1
:106CC000FF281BD12B480078FF2817D0002510E0A3
:106CD000FF2000902748407800F0070205EB4500B0
:106CE000244B185C00F07F01122323480CF032FE85
:106CF0006D1C204890F83C00A842E9DC606A401C0A
:106D00006062606A1E2802D9012084F823000120F5
:106D100084F821001948C07818B9002084F82100AF
:106D200020E01648C07801280BD1144800790428C7
:106D300003D1002084F8210014E0012084F8210010
:106D400010E00E48C078022802D184F8210009E042
:106D50000A48C078032802D184F8210002E001200B
:106D600084F8210038BD000078040020C00900200C
:106D70007C040020F0210020B5040020C80C002075
:106D800010B504460422214605480CF0ADF8002059
:106D900020700120A070002084F82200204610BD41
:106DA000C009002030B5531C03B930BD0C2906D1F1
:106DB000130E0370130C4370130A8370C2700D29F5
:106DC00006D1130E0371130C4371130A8371C27140
:106DD0000E2906D1130E0372130C4372130A837229
:106DE000C272152907D1032A03D90123FC4C237051
:106DF00001E0FB4C2270162907D1032A03D9002396
:106E0000F74C637001E0F64C6270172907D1032A32
:106E100003D90023F24CA37001E0F14CA2701829B1
:106E200007D1032A03D90023ED4CE37001E0EC4CB9
:106E3000E270192907D1032A03D90023E84C2371F2
:106E400001E0E74C22711C2902D113B2E54C2380EA
:106E50001D2902D113B2E34C63801E2902D113B263
:106E6000E04CA3801F2902D113B2DE4CE38020291D
:106E700002D113B2DB4C2381212902D113B2D94CA8
:106E80006381222902D113B2D64CA381232902D1D6
:106E900013B2D44CE381242902D113B2D14C238202
:106EA000252906D10AB1012300E00023CD4C84F846
:106EB0008430262902D1CB4C84F88520272903D1A0
:106EC00013B2C74CA4F89830282903D114B2C44B8C
:106ED000A3F89A40292903D114B2C14BA3F89C40CE
:106EE0002A2903D114B2BE4BA3F89E402B2903D10B
:106EF00014B2BB4BA3F8A0402C2903D114B2B84B59
:106F0000A3F8A2402D2903D114B2B54BA3F8A44095
:106F1000322903D114B2B24BA3F88A40332903D1EA
:106F200014B2AF4BA3F88C40342903D114B2AC4B4C
:106F3000A3F88E40352903D114B2A94BA3F8904091
:106F4000362903D114B2A64BA3F89240372903D1B6
:106F500014B2A34BA3F89440382903D114B2A04B28
:106F6000A3F896403B2902D19D4C84F83F203C2950
:106F700002D19B4B83F840203D2902D1984B83F8E6
:106F800041203E2902D1964B83F842203F2902D16D
:106F9000934B83F84320872902D1914C84F84420F5
:106FA000882902D18E4B83F84520892902D18C4B48
:106FB00083F846208A2902D1894B83F847208B2900
:106FC00002D1874B83F84820402902D1844C84F8B1
:106FD0004A20412902D1824B83F84B20422902D119
:106FE0007F4B83F84C20432902D17D4B83F84D2001
:106FF000442902D17A4B83F84E20452902D1784C9E
:10700000A4F87820462902D1774C84F86D214729CD
:1070100002D1754C84F86F2148290ED13C23B2FB74
:10702000F3F3DCB2704B83F8B6413C23B2FBF3F4CC
:1070300003FB14246C4B83F8B74149290ED13C2340
:10704000B2FBF3F3DCB2684B83F8B8413C23B2FBEC
:10705000F3F403FB1424644B83F8B9414A2903D1A8
:10706000D3B2614CA4F882314B2903D1D3B25E4C28
:10707000A4F8843140F2F513994202D113B2584C6E
:10708000E383B1F5FB7F02D114B2554B1C8440F26F
:10709000F713994202D114B2514B5C84B1F5FC7FD5
:1070A00002D114B24E4B9C8440F2F913994202D1A2
:1070B00014B24B4BDC84B1F5FD7F02D113B2484CC6
:1070C000238540F2FB13994202D114B2444B5C85F4
:1070D000B1F5FE7F02D114B2414B9C8540F2FD1305
:1070E000994202D114B23E4BDC85B1F5FF7F02D14B
:1070F00014B23B4B1C865F290AD1394C84F8862098
:10710000234693F88630012B02DD002384F8863075
:10711000632911D113B2324CA4F884302346B3F959
:1071200084300A2B04DB2346B3F98430C82B03DAFE
:107130000F232B4CA4F88430822906D10AB10123F5
:1071400000E00023294C84F87630862906D10AB164
:10715000012300E00023254C84F81831642905D16F
:107160000AB1012300E00023214CA370B1F5027F96
:1071700005D1642A00D96422194C84F8322040F2E7
:107180000923994205D1642A00D96422144B83F85B
:10719000332040F20A23994205D1642A00D964229F
:1071A0000F4B83F8342040F20B23994205D1642A17
:1071B00000D964220A4B83F83520B1F5037F05D14D
:1071C000642A00D96422064B83F8362040F20D234E
:1071D000994213D1012A00D901225AB101230AE0B0
:1071E000400B0020240C0020842E00200C0A0020DC
:1071F000C80C00200023D34C84F87A3040F20E23D0
:10720000994209D1012A00D901220AB1012400E0E2
:107210000024CC4B83F87B4040F20F23994209D1E4
:10722000012A00D901220AB1012400E00024C54B43
:1072300083F87C40B1F5047F09D1012A00D90122ED
:107240000AB1012400E00024BE4B83F87D4040F2E7
:107250001123994209D1012A00D901220AB101243E
:1072600000E00024B74B83F87E4040F2122399429D
:1072700005D1642A00D96422B34CA4F8622140F2FB
:107280001323994207D1B2F5B47F01D94FF4B472F8
:10729000AD4CA4F89C21B1F5057F09D1012A00D994
:1072A00001220AB1012300E00023A74C84F8033136
:1072B000B1F5077F05D15A2A00D95A2213B2A34C3F
:1072C000638240F21D23994205D15A2A00D95A22DD
:1072D00013B29E4CA38240F21E23994205D15A2A32
:1072E00000D95A2213B2994CE38240F21F239942EB
:1072F00005D15A2A00D95A2213B2944C2383122959
:1073000004D1062A00D90622914C6270B1F5087F9B
:1073100008D1012A00D900220AB1012300E000238C
:107320008C4C237040F22123994207D1032A01D3C8
:10733000202A00D91E2213B2864CE38040F2222379
:10734000994206D10AB1142A00D9052213B2814C00
:10735000638140F22323994208D1012A00D90022F7
:107360000AB1012300E000237B4C2370B1F5097FB3
:1073700005D1502A00D9502213B2774CE38040F255
:107380002623994207D11E2A01D8032A00D20522BA
:1073900013B26E4CE38340F22723994207D10A2AA5
:1073A00001D8022A00D2052213B2684C2384B1F519
:1073B0000A7F09D1322A00D802B91922A2F1190391
:1073C0005BB2604C84F8AA3040F22923994209D17B
:1073D000322A00D802B91922A2F119035CB2594B22
:1073E00083F8AB4040F22A23994209D1322A00D8CF
:1073F00002B91922A2F119035CB2524B83F8AC40D6
:1074000040F22B23994209D1322A00D802B919221D
:10741000A2F119035CB24B4B83F8AD40B1F50B7F81
:1074200009D1322A00D802B91922A2F119035CB29B
:10743000444B83F8AE4040F22D23994204D1072AF1
:1074400000D90522434C227240F22E23994204D1E6
:107450000A2A00D907223F4C227340F22F23994277
:1074600004D1072A00D906223B4CA272B1F50C7F49
:1074700004D10A2A00D90822374CE27240F22523AF
:10748000994208D140F2AA539A4201D80A2A00D25E
:107490003C22314C228140F23223994205D1062A06
:1074A00000D903222D4C84F8E72040F2332399427F
:1074B00008D1012A00D901220AB1012300E00023EA
:1074C000254CE370B1F50D7F07D1642A02D90A2A51
:1074D00000D232221C4C84F8AC21B1F5C87F0CD309
:1074E000B1F5CD7F09D2022A00D90022A1F5C873D7
:1074F00003EB43051A4B03F81520B1F5CD7F0DD3EF
:10750000B1F5D27F0AD21B2A00D90022A1F5CD7392
:1075100003EB4305124B03EB4503DA70B1F5D27F61
:107520000DD3B1F5D77F0AD2FF2A00D90022A1F5E9
:10753000D27303EB43050A4B03EB45039A8000BF6C
:1075400033E40000400B0020842E0020240C002097
:1075500050180020AC0C0020BA0C00200C0A0020AF
:10756000740E002002460C290AD1107800065378C8
:1075700000EB0340937800EB0320D3781844704766
:107580000D290AD110790006537900EB0340937955
:1075900000EB0320D3791844F1E70E290AD1107AC1
:1075A0000006537A00EB0340937A00EB0320D37A72
:1075B0001844E4E7152902D1F8480078DFE71629D6
:1075C00002D1F6484078DAE7172902D1F3488078EB
:1075D000D5E7182902D1F148C078D0E7192902D19E
:1075E000EE480079CBE71C2903D1ED48B0F9000043
:1075F000C5E71D2903D1EA48B0F90200BFE71E29FB
:1076000003D1E748B0F90400B9E71F2903D1E448E2
:10761000B0F90600B3E7202903D1E148B0F908002A
:10762000ADE7212903D1DE48B0F90A00A7E72229F6
:1076300003D1DB48B0F90C00A1E7232903D1D848D6
:10764000B0F90E009BE7242903D1D548B0F910000A
:1076500095E7252903D1D24890F884008FE72629A1
:1076600003D1CF4890F8850089E7272903D1CB487B
:10767000B0F9980083E7282903D1C848B0F99A00E7
:107680007DE7292903D1C548B0F99C0077E72A296D
:1076900003D1C248B0F99E0071E72B2903D1BF483E
:1076A000B0F9A0006BE72C2903D1BC48B0F9A200C7
:1076B00065E72D2903D1B948B0F9A4005FE7322965
:1076C00003D1B648B0F98A0059E7332903D1B3484A
:1076D000B0F98C0053E7342903D1B048B0F98E00DB
:1076E0004DE7352903D1AD48B0F9900047E7362979
:1076F00003D1AA48B0F9920041E7372903D1A7483E
:10770000B0F994003BE7382903D1A448B0F99600BA
:1077100035E73B2903D1A14890F83F002FE73C29EA
:1077200003D19E4890F8400029E73D2903D19B48AA
:1077300090F8410023E73E2903D1984890F8420091
:107740001DE73F2903D1954890F8430017E78729A3
:1077500003D1924890F8440011E7882903D18F485B
:1077600090F845000BE7892903D18C4890F8460032
:1077700005E78A2903D1894890F84700FFE68B295D
:1077800003D1864890F84800F9E6402903D18348A0
:1077900090F84A00F3E6412903D1804890F84B0065
:1077A000EDE6422903D17D4890F84C00E7E64329F5
:1077B00003D17A4890F84D00E1E6442903D1774897
:1077C00090F84E00DBE6452903D17448B0F8780004
:1077D000D5E6462903D1734890F86D01CFE64729D5
:1077E00003D1704890F86F01C9E6482909D16D4866
:1077F00090F8B73190F8B601C0EB001003EB8000B1
:10780000BDE6492909D1674890F8B93190F8B80127
:10781000C0EB001003EB8000B1E64A2903D16148B8
:10782000B0F88201ABE64B2903D15E48B0F8840181
:10783000A5E640F2F510814203D15848B0F91E0088
:107840009DE6B1F5FB7F03D15448B0F9200096E6E0
:1078500040F2F710814203D15048B0F922008EE681
:10786000B1F5FC7F03D14D48B0F9240087E640F222
:10787000F910814203D14948B0F926007FE6B1F5FD
:10788000FD7F03D14548B0F9280078E640F2FB10AF
:10789000814203D14148B0F92A0070E6B1F5FE7F7C
:1078A00003D13E48B0F92C0069E640F2FD10814258
:1078B00003D13A48B0F92E0061E6B1F5FF7F03D15C
:1078C0003648B0F930005AE65F2903D1334890F8C2
:1078D000860054E6632903D13048B0F984004EE6AF
:1078E000822903D1304890F8760048E6862903D1F2
:1078F0002D4890F8180142E6642902D12B4880787F
:107900003DE6B1F5027F03D1244890F8320036E617
:1079100040F20920814203D1204890F833002EE63E
:1079200040F20A20814203D11C4890F8340026E638
:1079300040F20B20814203D1184890F835001EE632
:10794000B1F5037F03D1154890F8360017E640F2F1
:107950000D20814203D1114890F87A000FE640F2E1
:107960000E20814203D10D4890F87B0007E640F2DB
:107970000F20814203D1094890F87C00FFE5B1F562
:10798000047F03D1054890F87D00F8E540F211200E
:1079900081420DD1014890F87E00F0E5400B0020B7
:1079A000240C0020842E00200C0A0020C80C00208B
:1079B00040F21220814203D1D748B0F86201DEE5DF
:1079C00040F21320814203D1D348B0F89C01D6E5A0
:1079D000B1F5057F03D1D04890F80301CFE5B1F5AB
:1079E000077F03D1CD48B0F91200C8E540F21D2051
:1079F000814203D1C948B0F91400C0E540F21E200D
:107A0000814203D1C548B0F91600B8E540F21F2005
:107A1000814203D1C148B0F91800B0E5122902D162
:107A2000BF484078ABE5B1F5087F06D1BD48007886
:107A300008B10120A3E50020A1E540F22120814208
:107A400003D1B848B0F9060099E540F222208142FE
:107A500003D1B448B0F90A0091E540F223208142F5
:107A600002D1B14800788AE5B1F5097F03D1AE486B
:107A7000B0F9060083E540F22520814202D1AA48F0
:107A800000897CE540F22620814203D1A348B0F969
:107A90001E0074E540F22720814203D19F48B0F9CF
:107AA00020006CE5B1F50A7F04D1A04890F9AA0046
:107AB000193064E540F22920814204D19B4890F9B5
:107AC000AB0019305BE540F22A20814204D197488F
:107AD00090F9AC00193052E540F22B20814204D1DC
:107AE000924890F9AD00193049E5B1F50B7F04D10A
:107AF0008E4890F9AE00193041E540F22D208142C8
:107B000002D18848007A3AE540F22E20814202D123
:107B10008448007B33E540F22F20814202D1824825
:107B2000807A2CE5B1F50C7F02D17F48C07A26E53A
:107B300040F22520814202D17B4800891FE540F2B6
:107B40003220814203D17A4890F8E70017E540F2ED
:107B50003320814202D17448C07810E5B1F50D7F21
:107B600003D16D4890F8AC0109E5B1F5C87F02D1A9
:107B70007048007C03E540F29110814202D16D48CB
:107B8000807DFCE4B1F5C97F02D16A48007FF6E44C
:107B900040F29310814203D1664890F82200EEE44F
:107BA000B1F5CA7F03D1634890F82800E7E440F2BA
:107BB0009510814203D15F4890F82E00DFE4B1F5C3
:107BC000CB7F03D15B4890F83400D8E440F29710A3
:107BD000814203D1574890F83A00D0E4B1F5CC7F08
:107BE00003D1544890F84000C9E440F29910814212
:107BF00003D1504890F84600C1E4B1F5CD7F02D1E1
:107C00004C48C07CBBE440F29B10814202D1494801
:107C1000407EB4E4B1F5CE7F02D14648C07FAEE4E9
:107C200040F29D10814203D1424890F82500A6E41D
:107C3000B1F5CF7F03D13F4890F82B009FE440F28D
:107C40009F10814203D13B4890F8310097E4B1F591
:107C5000D07F03D1374890F8370090E440F2A1106C
:107C6000814203D1334890F83D0088E4B1F5D17FDB
:107C700003D1304890F8430081E440F2A3108142E0
:107C800003D12C4890F8490079E4B1F5D27F02D1B4
:107C90002848808A73E440F2A510814202D1254829
:107CA000408B6CE4B1F5D37F02D12248008C66E4AE
:107CB00040F2A710814202D11E48C08C5FE4B1F5AA
:107CC000D47F02D11B48808D59E440F2A910814233
:107CD00002D11848408E52E4B1F5D57F02D1154843
:107CE000008F4CE440F2AB10814202D11148C08FAA
:107CF00045E4B1F5D67F03D10E48B0F844003EE428
:107D000040F2AD10814203D10A48B0F84A0036E48F
:107D10004FF0FF3033E40000842E0020240C0020BC
:107D200050180020AC0C0020BA0C0020400B0020A2
:107D30000C0A0020640E002001B584B0FE480BF050
:107D400095F80499C1F8E4070498D0F8E007FB49D6
:107D5000884202D9049801F031FD049801F03CFDFD
:107D60000498007801060498407801EB00410498DB
:107D7000807801EB00210498C078084402460C2169
:107D80000390049801F0C2FC04980079010604985D
:107D9000407901EB00410498807901EB00210498BF
:107DA000C079084402460D210390049801F0AEFC0E
:107DB0000498007A01060498407A01EB0041049887
:107DC000807A01EB00210498C07A084402460E2113
:107DD0000390049801F09AFCD948007802461521D6
:107DE0000390049801F092FCD54840780246162191
:107DF0000390049801F08AFCD1488078024617214C
:107E00000390049801F082FCCD48C0780246182106
:107E10000390049801F07AFCC948007902461921C0
:107E20000390049801F072FCC648B0F900000246C5
:107E30001C210390049801F069FCC248B0F90200CB
:107E400002461D210390049801F060FCBD48B0F982
:107E5000040002461E210390049801F057FCB94823
:107E6000B0F9060002461F210390049801F04EFC71
:107E7000B448B0F90800024620210390049801F0AC
:107E800045FCB048B0F90A0002462121039004984D
:107E900001F03CFCAB48B0F90C00024622210390F3
:107EA000049801F033FCA748B0F90E0002462321E4
:107EB0000390049801F02AFCA248B0F91000024691
:107EC00024210390049801F021FC9E4890F884003E
:107ED000024625210390049801F018FC994890F877
:107EE0008500024626210390049801F00FFC944877
:107EF000B0F99800024627210390049801F006FC8F
:107F00008F48B0F99A00024628210390049801F0A6
:107F1000FDFB8B48B0F99C00024629210390049890
:107F200001F0F4FB8648B0F99E0002462A21039036
:107F3000049801F0EBFB8248B0F9A00002462B2127
:107F40000390049801F0E2FB7D48B0F9A2000246DC
:107F50002C210390049801F0D9FB7948B0F9A400D2
:107F600002462D210390049801F0D0FB7448B0F92B
:107F70008A00024632210390049801F0C7FB704842
:107F8000B0F98C00024633210390049801F0BEFB47
:107F90006B48B0F98E00024634210390049801F03A
:107FA000B5FB6748B0F9900002463521039004986C
:107FB00001F0ACFB6248B0F9920002463621039012
:107FC000049801F0A3FB5E48B0F994000246372103
:107FD0000390049801F09AFB5948B0F996000246C4
:107FE00038210390049801F091FB554890F83F0028
:107FF00002463B210390049801F088FB504890F81A
:10800000400002463C210390049801F07FFB4C485D
:1080100090F8410002463D210390049801F076FB60
:10802000474890F8420002463E210390049801F030
:108030006DFB434890F8430002463F2103900498AB
:1080400001F064FB3E4890F844000246872103900B
:10805000049801F05BFB3A4890F8450002468821FD
:108060000390049801F052FB354890F84600024610
:1080700089210390049801F049FB314890F84700AA
:1080800002468A210390049801F040FB2C4890F8A6
:10809000480002468B210390049801F037FB2848E2
:1080A00090F84A00024640210390049801F02EFB0C
:1080B000234890F84B00024641210390049801F0B8
:1080C00025FB1F4890F84C0002464221039004987B
:1080D00001F01CFB1A4890F84D0002464321039022
:1080E000049801F013FB164890F84E000246442114
:1080F0000390049801F00AFB1148B0F8780002469A
:1081000045210390049801F001FB0F4890F86D01A0
:10811000024646210390049801F0F8FA0A4890F8C4
:108120006F01024647210390049801F0EFFA0648D8
:1081300090F8B7110AE00000C0090020D0FC000848
:10814000400B0020240C0020842E002090F8B60163
:10815000C0EB001001EB8000024648210390049818
:1081600001F0D4FAFE4890F8B91190F8B801C0EBCC
:10817000001001EB8000024649210390049801F0B1
:10818000C5FAF748B0F8820102464A2103900498E4
:1081900001F0BCFAF248B0F8840102464B2103908A
:1081A000049801F0B3FAEF48B0F91E00024640F21D
:1081B000F5110390049801F0A9FAEA48B0F92000FB
:1081C00002464FF4FB710390049801F09FFAE548D2
:1081D000B0F92200024640F2F7110390049801F032
:1081E00095FAE048B0F9240002464FF4FC71039080
:1081F000049801F08BFADB48B0F92600024640F201
:10820000F9110390049801F081FAD648B0F92800DA
:1082100002464FF4FD710390049801F077FAD148BB
:10822000B0F92A00024640F2FB110390049801F0D5
:108230006DFACC48B0F92C0002464FF4FE71039061
:10824000049801F063FAC748B0F92E00024640F2E4
:10825000FD110390049801F059FAC248B0F93000BA
:1082600002464FF4FF710390049801F04FFABD48A5
:1082700090F8860002465F210390049801F046FAC8
:10828000B848B0F98400024663210390049801F0D5
:108290003DFAB54890F87600024682210390049892
:1082A00001F034FAB04890F8180102468621039094
:1082B000049801F02BFAAD488078024664210390BF
:1082C000049801F023FAA74890F8320002464FF4D0
:1082D00002710390049801F019FAA24890F8330053
:1082E000024640F209210390049801F00FFA9D48DC
:1082F00090F83400024640F20A210390049801F0FD
:1083000005FA984890F83500024640F20B21039098
:10831000049801F0FBF9934890F8360002464FF4B8
:1083200003710390049801F0F1F98E4890F87A00F7
:10833000024640F20D210390049801F0E7F98948C4
:1083400090F87B00024640F20E210390049801F061
:10835000DDF9844890F87C00024640F20F2103903A
:10836000049801F0D3F97F4890F87D0002464FF45D
:1083700004710390049801F0C9F97A4890F87E00DE
:10838000024640F211210390049801F0BFF97448AD
:10839000B0F86201024640F212210390049801F005
:1083A000B5F96F48B0F89C01024640F213210390E2
:1083B000049801F0ABF96A4890F8030102464FF4C3
:1083C00005710390049801F0A1F96948B0F9120011
:1083D00002464FF407710390049801F097F964483E
:1083E000B0F91400024640F21D210390049801F0F8
:1083F0008DF95F48B0F91600024640F21E21039045
:10840000049801F083F95A48B0F91800024640F286
:108410001F210390049801F079F9564840780246EC
:1084200012210390049801F071F953480078024634
:108430004FF408710390049801F068F94E48B0F9C0
:108440000600024640F221210390049801F05EF9F3
:108450004948B0F90A00024640F2222103900498EC
:1084600001F054F945480078024640F22321039078
:10847000049801F04BF94148B0F9060002464FF468
:1084800009710390049801F041F93C4800890246C3
:1084900040F225210390049801F038F93448B0F9EE
:1084A0001E00024640F226210390049801F02EF9A6
:1084B0002F48B0F91E00024640F22721039004988D
:1084C00001F024F9274890F9AA00193002464FF428
:1084D0000A710390049801F019F9224890F9AB0051
:1084E0001930024640F229210390049801F00EF958
:1084F0001C4890F9AC001930024640F22A21039042
:10850000049801F003F9174890F9AD0019300246BC
:1085100040F22B210390049801F0F8F8114890F9EB
:10852000AE00193002464FF40B710390049801F02D
:10853000EDF81148007A024640F22D21039004988C
:1085400001F0E4F80C48007B024640F22E21039033
:10855000049801F0DBF80948807A024610E0000038
:10856000842E0020400B00200C0A0020C80C0020A4
:10857000240C002050180020AC0C0020BA0C002065
:1085800040F22F210390049801F0C0F83D48C07AD2
:1085900002464FF40C710390049801F0B7F83A4882
:1085A00090F8E700024640F232210390049801F06F
:1085B000ADF83448C078024640F233210390049865
:1085C00001F0A4F8314890F8AC0102464FF40D7167
:1085D0000390049801F09AF80020039034E0039887
:1085E00000EB40012A4810F811000290039800F5B2
:1085F000C87001900146029A049801F087F8039828
:1086000000EB4001224800EB4100C0780290039843
:1086100000F5CD7001900146029A049801F076F8B9
:10862000039800EB40011A4800EB4100808802905B
:10863000039800F5D27001900146029A049801F067
:1086400065F80398401C039003980A28C7DB049838
:1086500001F0AEF80F480AF009FC0499D1F8E417CC
:10866000411A0498C0F8E8170498D0F8E817D0F831
:10867000EC07814204D90498D0F8E817C0F8EC1749
:1086800005B000BDBA0C00200C0A0020842E00208A
:10869000740E0020C009002070B505460C21284644
:1086A00001F014F80446601C28B900202870687096
:1086B000A870E87006E0200E2870200C6870200A70
:1086C000A870EC700D21284601F000F80446601CEB
:1086D00028B9002028716871A871E87106E0200EA1
:1086E0002871200C6871200AA871EC710E212846AF
:1086F00000F0ECFF0446601C28B900202872687264
:10870000A872E87206E0200E2872200C6872200A17
:10871000A872EC721521284600F0D8FF0446032CFD
:1087200003D90120FC49087001E0FB490C701621B7
:10873000284600F0CBFF0446032C03D90220F6495B
:10874000487001E0F4494C701721284600F0BEFF44
:108750000446032C03D90120EF49887001E0EE495B
:108760008C701821284600F0B1FF0446032C03D971
:108770000020E949C87001E0E749CC70192128467A
:1087800000F0A4FF0446032C03D90020E24908713D
:1087900001E0E1490C711C21284600F097FF0446D6
:1087A000601C18B95520DD49088002E020B2DB4981
:1087B0000880DA48B0F900005A2802DD5A20D7496B
:1087C0000880D648B0F90000052802DA0520D34910
:1087D00008801D21284600F079FF0446601C18B966
:1087E0004D20CE49488002E020B2CC494880CB4899
:1087F000B0F902005A2802DD5A20C8494880C7480B
:10880000B0F90200052802DA0520C4494880C348AF
:10881000B0F90210B0F90000401F814205DBBF48EB
:108820000088401F00B2BD4948801E21284600F044
:108830004DFF0446601C18B95020B849888002E0FA
:1088400020B2B6498880B548B0F904005A2802DD44
:108850005A20B2498880B148B0F90400052802DAEC
:108860000520AE498880AD48B0F90410B0F9000089
:10887000401F814205DBA9480088401F00B2A7497C
:1088800088801F21284600F021FF0446601C18B98B
:108890005A20A249C88002E020B2A049C8809F485F
:1088A000B0F906005A2802DD5A209C49C8809B482E
:1088B000B0F90600052802DA05209849C880202171
:1088C000284600F003FF0446601C18B9462093496F
:1088D000088102E020B2914908819048B0F908006F
:1088E0005A2802DD5A208D4908818C48B0F90800C9
:1088F000052802DA0520894908818848B0F908105E
:10890000B0F906000A38814205DB8448C0880A387D
:1089100000B2824908812121284600F0D7FE044692
:10892000601C18B952207D49488102E020B27B4981
:1089300048817A48B0F90A005A2802DD5A2077495E
:1089400048817648B0F90A00052802DA0520734903
:1089500048817248B0F90A10B0F906000A3881421D
:1089600005DB6E48C0880A3800B26C494881222174
:10897000284600F0ABFE0446601C18B95A2067492F
:10898000888102E020B2654988816448B0F90C0012
:108990005A2802DD5A20614988816048B0F90C00EC
:1089A000142802DA14205D4988812321284600F02A
:1089B0008DFE0446601C18B946205849C88102E063
:1089C00020B25649C8815548B0F90E005A2802DD38
:1089D0005A205249C8815148B0F90E00142802DAD1
:1089E00014204E49C8814D48B0F90E10B0F90C0062
:1089F0000A38814205DB494880890A3800B2474974
:108A0000C8812421284600F061FE0446601C18B984
:108A100052204249088202E020B2404908823F4881
:108A2000B0F910005A2802DD5A203C4908823B4820
:108A3000B0F91000142802DA1420384908823748A7
:108A4000B0F91010B0F90C000A38814205DB334848
:108A500080890A3800B2314908822521284600F071
:108A600035FE0446012C04D900202C4981F88400ED
:108A700006E00CB1012000E00020284981F88400C4
:108A80002621284600F022FE0446FF2C04D90020AF
:108A9000224981F8850002E0204981F8854027219C
:108AA000284600F013FE0446C82C04D90A201A49AF
:108AB000A1F8980003E020B21749A1F898002821F6
:108AC000284600F003FE0446C82C04D90F211248A2
:108AD000A0F89A1003E021B20F48A0F89A102921BB
:108AE000284600F0F3FD0446C82C04D914210A4896
:108AF000A0F89C1003E021B20748A0F89C102A219E
:108B0000284600F0E3FD0446FA2C09D91921024851
:108B1000A0F89E1008E00000400B0020240C00206C
:108B200021B2FE48A0F89E102B21284600F0CEFD71
:108B30000446B4F5967F04D91E21F848A0F8A01089
:108B400003E021B2F548A0F8A0102C21284600F03F
:108B5000BDFD0446B4F5AF7F04D92321EF48A0F84A
:108B6000A21003E021B2ED48A0F8A2102D21284662
:108B700000F0ACFD0446B4F5C87F04D92821E748CD
:108B8000A0F8A41003E021B2E448A0F8A410322118
:108B9000284600F09BFD0446C82C04D90521DF4877
:108BA000A0F88A1003E021B2DC48A0F88A10332133
:108BB000284600F08BFD0446C82C04D90A21D7486A
:108BC000A0F88C1003E021B2D448A0F88C10342116
:108BD000284600F07BFD0446C82C04D90F21CF485D
:108BE000A0F88E1003E021B2CC48A0F88E103521F9
:108BF000284600F06BFD0446FA2C04D91421C7481E
:108C0000A0F8901003E021B2C448A0F890103621DB
:108C1000284600F05BFD0446B4F5967F04D919217F
:108C2000BE48A0F8921003E021B2BC48A0F8921010
:108C30003721284600F04AFD0446B4F5AF7F04D939
:108C40001E21B648A0F8941003E021B2B348A0F862
:108C500094103821284600F039FD0446B4F5C87F49
:108C600004D92321AD48A0F8961003E021B2AB4807
:108C7000A0F896103B21284600F028FD0446072C5A
:108C800004D90020A54981F83F0002E0A34981F8FA
:108C90003F403C21284600F019FD0446072C04D92A
:108CA00001219E4880F8401002E09C4880F8404036
:108CB0003D21284600F00AFD0446072C04D9012175
:108CC000964880F8411002E0944880F841403E21E7
:108CD000284600F0FBFC0446072C04D901218F48EC
:108CE00080F8421002E08D4880F842403F2128463B
:108CF00000F0ECFC0446072C04D90121874880F8D9
:108D0000431002E0854880F843408721284600F060
:108D1000DDFC0446082C04D90820804981F8440071
:108D200002E07E4981F844408821284600F0CEFCCC
:108D30000446082C04D90821784880F8451002E040
:108D4000764880F845408921284600F0BFFC04465B
:108D5000082C04D90821714880F8461002E06F48B9
:108D600080F846408A21284600F0B0FC0446082CD2
:108D700004D90821694880F8471002E0674880F864
:108D800047408B21284600F0A1FC0446082C04D95A
:108D90000821624880F8481002E0604880F84840A6
:108DA0004021284600F092FC0446642C04D950204F
:108DB0005A4981F84A0002E0584981F84A40412165
:108DC000284600F083FC0446642C04D95021534803
:108DD00080F84B1002E0514880F84B404221284671
:108DE00000F074FC0446642C04D950214B4880F8F0
:108DF0004C1002E0494880F84C404321284600F0DE
:108E000065FC0446642C04D95021444880F84D1078
:108E100002E0424880F84D404421284600F056FCCC
:108E20000446642C04D950213C4880F84E1002E0DE
:108E30003A4880F84E404521284600F047FC044659
:108E400041F28830844205D94FF496703349A1F835
:108E5000780002E03149A1F878404621284600F028
:108E600035FC0446601C20B902202D4981F86D01B3
:108E700002E02B4981F86D41294890F86D010128E5
:108E800008D0274890F86D01022803D00220244919
:108E900081F86D014721284600F018FC0446601C4B
:108EA00020B901201E4981F86F0102E01C4981F8B8
:108EB0006F411B4890F86F01012808D0184890F8BE
:108EC0006F01022803D00120154981F86F01482164
:108ED000284600F0FBFB0446B4F5B46F07D3092124
:108EE0000F4880F8B611002180F8B7110EE03C2041
:108EF000B4FBF0F0C1B20A4880F8B6113C20B4FBD4
:108F0000F0F100FB1141064880F8B71149212846CD
:108F100000F0DCFB0446B4F5B46F03E0400B002026
:108F2000842E002007D31421FD4880F8B8110021B9
:108F300080F8B9110EE03C20B4FBF0F0C1B2F84863
:108F400080F8B8113C20B4FBF0F100FB1141F4486B
:108F500080F8B9114A21284600F0B8FB0446642C79
:108F600001D80A2C04D25020ED49A1F8820102E078
:108F7000EB49A1F882414B21284600F0A7FB0446AB
:108F8000642C01D80A2C04D21420E549A1F88401EC
:108F900002E0E349A1F8844140F2F511284600F0CF
:108FA00095FB0446202C01D80A2C03D21620DD495B
:108FB000C88302E020B2DB49C8834FF4FB71284626
:108FC00000F084FB0446202C01D80A2C03D2162181
:108FD000D448018402E021B2D248018440F2F71162
:108FE000284600F073FB0446202C01D80A2C03D23B
:108FF0001621CC48418402E021B2CA4841844FF492
:10900000FC71284600F062FB0446202C01D80A2C93
:1090100003D21621C348818402E021B2C148818471
:1090200040F2F911284600F051FB0446202C01D8EB
:109030000A2C03D21621BB48C18402E021B2B948F0
:10904000C1844FF4FD71284600F040FB0446202CFB
:1090500001D80A2C03D21420B249088502E020B2BC
:10906000B049088540F2FB11284600F02FFB04466A
:10907000202C01D80A2C03D21421AA48418502E0F1
:1090800021B2A84841854FF4FE71284600F01EFB2E
:109090000446202C01D80A2C03D21421A148818532
:1090A00002E021B29F48818540F2FD11284600F080
:1090B0000DFB0446202C01D80A2C03D21421994818
:1090C000C18502E021B29748C1854FF4FF7128465F
:1090D00000F0FCFA0446202C01D80A2C03D21421FB
:1090E0009048018602E021B28E4801865F21284621
:1090F00000F0ECFA0446012C00D90024894981F8DB
:1091000086406321284600F0E1FA0446C82C01D8C5
:109110000A2C04D20F208349A1F8840003E020B276
:109120008049A1F884008221284600F0CFFA044645
:10913000012C04D901207C4981F8760006E00CB1AD
:10914000012000E00020784981F876008621284639
:1091500000F0BCFA0446012C04D90120724981F8C0
:10916000180106E00CB1012000E000206E4981F8F2
:1091700076006421284600F0A9FA0446012C03D9A0
:1091800001206A49887005E00CB1012000E0002050
:10919000664988704FF40271284600F097FA044639
:1091A000642C04D932205F4981F8320002E05D4925
:1091B00081F8324040F20921284600F087FA04463F
:1091C000642C04D93221574880F8331002E0554806
:1091D00080F8334040F20A21284600F077FA04462E
:1091E000642C04D932214F4880F8341002E04D48F5
:1091F00080F8344040F20B21284600F067FA04461C
:10920000642C04D93221474880F8351002E04548E3
:1092100080F835404FF40371284600F057FA0446B1
:10922000642C04D932213F4880F8361002E03D48D2
:1092300080F8364040F20D21284600F047FA0446F7
:10924000012C04D90020374981F87A0007E020B2C8
:1092500008B1012000E00020324981F87A0040F294
:109260000E21284600F032FA0446012C04D90021D0
:109270002C4880F87B1007E020B208B1012100E003
:109280000021284880F87B1040F20F21284600F08A
:109290001DFA0446012C04D90021224880F87C10D4
:1092A00007E020B208B1012100E000211D4880F84C
:1092B0007C104FF40471284600F008FA0446012C93
:1092C00004D90021174880F87D1007E020B208B1CA
:1092D000012100E00021134880F87D1040F21121A7
:1092E000284600F0F3F90446012C04D900210D486A
:1092F00080F87E1007E020B208B1012100E00021D3
:10930000084880F87E1040F21221284600F0DEF96D
:109310000446642C0CD90C200149A1F862010AE032
:10932000842E0020400B00200C0A0020C80C0020D6
:10933000DE49A1F8624140F21321284600F0C6F947
:109340000446B4F5B47F05D94FF49670D749A1F817
:109350009C0102E0D549A1F89C414FF405712846D3
:1093600000F0B4F90446012C04D90020CF4981F85B
:10937000030107E020B208B1012000E00020CB4942
:1093800081F803014FF40771284600F09FF9044665
:109390005A2C00D9372420B2C549488240F21D21F9
:1093A000284600F093F904465A2C00D92D2420B207
:1093B000BF49888240F21E21284600F087F9044602
:1093C0005A2C00D9372420B2B949C88240F21F2153
:1093D000284600F07BF904465A2C00D91E2420B2FE
:1093E000B34908831221284600F070F90446062C80
:1093F00000D90124AF494C704FF40871284600F0A1
:1094000065F90446012C00D900240CB1012000E0CC
:109410000020A949087040F22121284600F056F9A1
:109420000446032C01D3202C00D91E2420B2A249CB
:10943000C88040F22221284600F048F90446022C58
:1094400001D30A2C00D9052420B29B49488140F25F
:109450002321284600F03AF90446012C00D90024C3
:109460000CB1012000E00020944908704FF409710C
:10947000284600F02BF90446502C00D9502420B285
:109480008E49C88040F22521284600F01FF9044685
:1094900040F2AA50844201D80A2C00D23C248749C9
:1094A0000C8140F22621284600F010F90446032CD6
:1094B00001D31E2C00D90A2420B27D49C88340F272
:1094C0002721284600F002F90446022C01D30A2C79
:1094D00000D9052420B2764908844FF40A71284641
:1094E00000F0F4F804460CB1322C00D31924A4F196
:1094F000190040B2724981F8AA0040F22921284699
:1095000000F0E4F804460CB1322C00D31924A4F185
:10951000190041B26A4880F8AB1040F22A2128466F
:1095200000F0D4F804460CB1322C00D31924A4F175
:10953000190041B2624880F8AC1040F22B21284655
:1095400000F0C4F804460CB1322C00D31924A4F165
:10955000190041B25A4880F8AD104FF40B712846FB
:1095600000F0B4F804460CB1322C00D31924A4F155
:10957000190041B2524880F8AE1040F22D21284621
:1095800000F0A4F80446072C00D905244A490C72BF
:1095900040F22E21284600F099F804460A2C00D902
:1095A000072445490C7340F22F21284600F08EF81D
:1095B0000446072C00D9062440498C724FF40C71E4
:1095C000284600F083F804460A2C00D908243B49B9
:1095D000CC7240F22521284600F078F8044640F28B
:1095E000AA50844201D80A2C00D23C2433490C8171
:1095F00040F23221284600F069F80446062C00D9D2
:109600000324304981F8E74040F23321284600F036
:109610005DF80446012C00D90124E0B208B1012014
:1096200000E000202549C8704FF40D71284600F075
:109630004DF80446642C01D80A2C00D232241B4970
:1096400081F8AC4100262DE006F5C871284600F0EF
:109650003DF80446022C00D9002406EB46021A48C5
:1096600000F8124006F5CD71284600F02FF80446A8
:109670001B2C00D9344606EB4602134800EB42008F
:10968000C47006F5D271284600F020F804461D2C5F
:1096900000D9741CE1B206EB46020B4800EB420015
:1096A0008180761C0A2ECFDB70BD0000842E002046
:1096B000240C002050180020AC0C0020BA0C002014
:1096C000400B00200C0A0020740E00202DE9F04110
:1096D00005460E46D5F8E0470DE021460948FCF75F
:1096E000A8FF0746B74205D1211D0648FCF7A1FF98
:1096F000BDE8F081083C04488442EED24FF0FF30D0
:10970000F6E700006805002000C0000870B50446B8
:109710000D4616461249D4F8E00788421ED3114977
:10972000D4F8E007884219D829462046FFF7CEFF33
:10973000B04213D004F5FC642A460B482168FCF7BC
:1097400049FF2068001D2060324607482168FCF769
:1097500041FF2068001D2060A4F5FC6470BD00007E
:1097600000C00008E8FF00086805002070B5054645
:109770000B4C0CE021460B48FCF75BFF401C28B962
:10978000C5F8E0470848FEF787FF70BD0834074872
:109790008442EFD3284600F011F800BFF5E700003F
:1097A00000C00008680500205C300020F0FF0008C1
:1097B00010B50446F8F7FAFA10BD000010B50446DB
:1097C00018210348FCF724FF0248C4F8E00710BD45
:1097D0006805002000C0000810B50446F8F730FB0B
:1097E0000148FCF703FF10BD6805002070B5054671
:1097F000002404222946FE4809F076FB152104EBDB
:10980000840205F10C0020F82210012104EB8402EF
:1098100000EB82008160032104EB840205F10C005F
:1098200000EB8200C160012104EB840205F10C0011
:1098300000EB82004160EFA104EB840205F10C0013
:1098400000EB82000161641C162104EB840205F127
:109850000C0020F82210002104EB840200EB8200AF
:109860008160032104EB840205F10C0000EB82000F
:10987000C160002104EB840205F10C0000EB8200C2
:109880004160E0A104EB840205F10C0000EB8200D2
:109890000161641C172104EB840205F10C0020F81F
:1098A0002210002104EB840200EB8200816003217E
:1098B00004EB840205F10C0000EB8200C160012181
:1098C00004EB840205F10C0000EB82004160D1A1A1
:1098D00004EB840205F10C0000EB82000161641CC2
:1098E000182104EB840205F10C0020F8221000215D
:1098F00004EB840200EB82008160032104EB84020C
:1099000005F10C0000EB8200C160012104EB840230
:1099100005F10C0000EB82004160C2A104EB84025F
:1099200005F10C0000EB82000161641C192104EBBD
:10993000840205F10C0020F82210002104EB8402BF
:1099400000EB82008160032104EB840205F10C002E
:1099500000EB8200C160002104EB840205F10C00E1
:1099600000EB82004160B3A104EB840205F10C001E
:1099700000EB82000161641C122104EB840205F1FA
:109980000C0020F82210002104EB840200EB82007E
:109990008160062104EB840205F10C0000EB8200DB
:1099A000C160012104EB840205F10C0000EB820090
:1099B0004160A4A104EB840205F10C0000EB8200DD
:1099C0000161641C1C2104EB840205F10C0020F8E9
:1099D0002210052104EB840200EB820081605A21F1
:1099E00004EB840205F10C0000EB8200C1605521FC
:1099F00004EB840205F10C0000EB8200416095A1AC
:109A000004EB840205F10C0000EB82000161641C90
:109A10001D2104EB840205F10C0020F82210052121
:109A200004EB840200EB820081605A2104EB840283
:109A300005F10C0000EB8200C1604D2104EB8402B3
:109A400005F10C0000EB8200416088A104EB840268
:109A500005F10C0000EB82000161641C1E2104EB87
:109A6000840205F10C0020F82210052104EB840289
:109A700000EB820081605A2104EB840205F10C00A6
:109A800000EB8200C160502104EB840205F10C0060
:109A900000EB8200416079A104EB840205F10C0027
:109AA00000EB82000161641C1F2104EB840205F1BC
:109AB0000C0020F82210052104EB840200EB820048
:109AC00081605A2104EB840205F10C0000EB820056
:109AD000C16004EB840205F10C0000EB82004160E0
:109AE0006BA104EB840205F10C0000EB8200016124
:109AF000641C202104EB840205F10C0020F82210E4
:109B0000052104EB840200EB820081605A2104EB02
:109B1000840205F10C0000EB8200C160462104EBD9
:109B2000840205F10C0000EB820041605EA104EBB1
:109B3000840205F10C0000EB82000161641C21210C
:109B400004EB840205F10C0020F82210052104EB3F
:109B5000840200EB820081605A2104EB840205F14B
:109B60000C0000EB8200C160522104EB840205F17D
:109B70000C0000EB8200416051A104EB840205F16E
:109B80000C0000EB82000161601C84B2222104EB16
:109B9000840205F10C0020F82210142104EB840249
:109BA00000EB820081605A2104EB840205F10C0075
:109BB00000EB8200C16004EB840205F10C0000EBB5
:109BC0008200416045A104EB840205F10C0000EB2A
:109BD00082000161601C84B2232104EB840205F140
:109BE0000C0020F82210142104EB840280E0000015
:109BF000C0090020205A4F4E45315F454E41424C2E
:109C000045000000205A4F4E45325F454E41424CC0
:109C100045000000205A4F4E45335F454E41424CAF
:109C200045000000205A4F4E45345F454E41424C9E
:109C300045000000205A4F4E45355F454E41424C8D
:109C4000450000002043414E5F4144445245535378
:109C500000000000204843555F454C454D454E549B
:109C60005F534554504F494E54000000204843551F
:109C70005F454C454D454E545F4F4E00204843557F
:109C80005F454C454D454E545F4F4E5F4457000075
:109C9000204845415445525F4C49515549445F5312
:109CA0004554504F494E5400204845415445525F59
:109CB0004C49515549445F49474E4954494F4E001C
:109CC000204845415445525F4C49515549445F49EC
:109CD000474E4954494F4E5F445700002048435572
:109CE0005F54414E4B5F534554504F494E54000012
:109CF00000EB820081605A2104EB840205F10C0024
:109D000000EB8200C160462104EB840205F10C00E7
:109D100000EB82004160FEA104EB840205F10C001F
:109D200000EB82000161601C84B2242104EB8402F8
:109D300005F10C0020F82210142104EB840200EB42
:109D4000820081605A2104EB840205F10C0000EBD3
:109D50008200C160522104EB840205F10C0000EB8B
:109D600082004160EFA104EB840205F10C0000EBDE
:109D700082000161601C84B2252104EB840205F19C
:109D80000C0020F82210002104EB840200EB82007A
:109D90008160012104EB840205F10C0000EB8200DC
:109DA000C160002104EB840205F10C0000EB82008D
:109DB0004160E2A104EB840205F10C0000EB82009B
:109DC0000161601C84B2262104EB840205F10C00C1
:109DD00020F82210002104EB840200EB8200816055
:109DE000FF2104EB840205F10C0000EB8200C1604E
:109DF000002104EB840205F10C0000EB82004160BD
:109E0000D3A104EB840205F10C0000EB8200016198
:109E1000601C84B2272104EB840205F10C0020F8B9
:109E20002210002104EB840200EB82008160C82133
:109E300004EB840205F10C0000EB8200C1600A21F2
:109E400004EB840205F10C0000EB82004160C4A128
:109E500004EB840205F10C0000EB82000161601C40
:109E600084B2282104EB840205F10C0020F82210B2
:109E7000002104EB840200EB82008160C82104EB26
:109E8000840205F10C0000EB8200C1600F2104EB9D
:109E9000840205F10C0000EB82004160B2A104EBEA
:109EA000840205F10C0000EB82000161601C84B2A9
:109EB000292104EB840205F10C0020F82210002176
:109EC00004EB840200EB82008160C82104EB840271
:109ED00005F10C0000EB8200C160142104EB840248
:109EE00005F10C0000EB82004160A1A104EB8402AB
:109EF00005F10C0000EB82000161601C84B22A2194
:109F000004EB840205F10C0020F82210002104EB80
:109F1000840200EB82008160FA2104EB840205F1E7
:109F20000C0000EB8200C160192104EB840205F1F2
:109F30000C0000EB820041608FA104EB840205F16C
:109F40000C0000EB82000161601C84B22B2104EB49
:109F5000840205F10C0020F82210002104EB840299
:109F600000EB820081604FF4967104EB840205F1EE
:109F70000C0000EB8200C1601E2104EB840205F19D
:109F80000C0000EB820041607DA104EB840205F12E
:109F90000C0000EB82000161601C84B22C2104EBF8
:109FA000840205F10C0020F82210002104EB840249
:109FB00000EB820081604FF4AF7104EB840205F185
:109FC0000C0000EB8200C160232104EB840205F148
:109FD0000C0000EB820041606BA104EB840205F1F0
:109FE0000C0000EB82000161601C84B22D2104EBA7
:109FF000840205F10C0020F82210002104EB8402F9
:10A0000000EB820081604FF4C87104EB840205F11B
:10A010000C0000EB8200C160282104EB840205F1F2
:10A020000C0000EB8200416059A104EB840205F1B1
:10A030000C0000EB82000161601C84B2322104EB51
:10A04000840205F10C0020F82210002104EB8402A8
:10A0500000EB82008160C82104EB840205F10C0052
:10A0600000EB8200C160052104EB840205F10C00C5
:10A0700000EB8200416048A104EB840205F10C0072
:10A0800000EB82000161601C84B2332104EB840286
:10A0900005F10C0020F82210002104EB840200EBF3
:10A0A00082008160C82104EB840205F10C0000EB02
:10A0B0008200C1600A2104EB840205F10C0000EB70
:10A0C0008200416036A104EB840205F10C0000EB34
:10A0D00082000161601C84B2342104EB840205F12A
:10A0E0000C0020F82210002104EB840200EB820017
:10A0F0008160C82104EB840205F10C0000EB8200B2
:10A10000C1600F2104EB840205F10C004CE000005B
:10A11000204843555F54414E4B5F49474E4954498F
:10A120004F4E0000204843555F54414E4B5F494716
:10A130004E4954494F4E5F44570000002044574158
:10A140005445525F5052494F524954590000000043
:10A15000204457415445525F50415553450000003B
:10A1600020545530000000002054553100000000FC
:10A1700020545532000000002054553300000000E8
:10A1800020545534000000002054553500000000D4
:10A1900020545536000000002054443100000000D7
:10A1A000205444320000000000EB82004160FDA119
:10A1B00004EB840205F10C0000EB82000161601CDD
:10A1C00084B2352104EB840205F10C0020F8221042
:10A1D000002104EB840200EB82008160FA2104EB91
:10A1E000840205F10C0000EB8200C160142104EB35
:10A1F000840205F10C0000EB82004160EBA104EB4E
:10A20000840205F10C0000EB82000161601C84B245
:10A21000362104EB840205F10C0020F82210002105
:10A2200004EB840200EB820081604FF4967104EB32
:10A23000840205F10C0000EB8200C160192104EBDF
:10A24000840205F10C0000EB82004160D9A104EB0F
:10A25000840205F10C0000EB82000161601C84B2F5
:10A26000372104EB840205F10C0020F822100021B4
:10A2700004EB840200EB820081604FF4AF7104EBC9
:10A28000840205F10C0000EB8200C1601E2104EB8A
:10A29000840205F10C0000EB82004160C7A104EBD1
:10A2A000840205F10C0000EB82000161601C84B2A5
:10A2B000372104EB840205F10C0020F82210002164
:10A2C00004EB840200EB820081604FF4C87104EB60
:10A2D000840205F10C0000EB8200C160232104EB35
:10A2E000840205F10C0000EB82004160B5A104EB93
:10A2F000840205F10C0000EB82000161601C84B255
:10A300003B2104EB840205F10C0020F8221000210F
:10A3100004EB840200EB82008160072104EB8402DD
:10A3200005F10C0000EB8200C160002104EB840207
:10A3300005F10C0000EB82004160A4A104EB840253
:10A3400005F10C0000EB82000161601C84B23C212D
:10A3500004EB840205F10C0020F82210002104EB2C
:10A36000840200EB82008160082104EB840205F185
:10A370000C0000EB8200C160012104EB840205F1B6
:10A380000C0000EB8200416094A104EB840205F113
:10A390000C0000EB82000161601C84B23D2104EBE3
:10A3A000840205F10C0020F82210002104EB840245
:10A3B00000EB82008160082104EB840205F10C00AF
:10A3C00000EB8200C160012104EB840205F10C0066
:10A3D00000EB8200416085A104EB840205F10C00D2
:10A3E00000EB82000161601C84B23E2104EB840218
:10A3F00005F10C0020F82210002104EB840200EB90
:10A4000082008160082104EB840205F10C0000EB5E
:10A410008200C160012104EB840205F10C0000EB15
:10A420008200416075A104EB840205F10C0000EB91
:10A4300082000161601C84B23F2104EB840205F1BB
:10A440000C0020F82210002104EB840200EB8200B3
:10A450008160082104EB840205F10C0000EB82000E
:10A46000C160012104EB840205F10C0000EB8200C5
:10A47000416066A104EB840205F10C0000EB820050
:10A480000161601C84B2872104EB840205F10C0099
:10A4900020F82210002104EB840200EB820081608E
:10A4A000082104EB840205F10C0000EB8200C1607E
:10A4B00004EB840205F10C0000EB8200416057A11F
:10A4C00004EB840205F10C0000EB82000161601CCA
:10A4D00084B2882104EB840205F10C0020F82210DC
:10A4E000002104EB840200EB82008160082104EB70
:10A4F000840205F10C0000EB8200C16004EB8402D1
:10A5000005F10C0000EB820041604AA104EB8402DB
:10A5100005F10C0000EB82000161601C84B289210E
:10A5200004EB840205F10C0020F82210002104EB5A
:10A53000840200EB82008160082104EB840205F1B3
:10A540000C0000EB8200C16004EB840205F10C00FA
:10A5500000EB820041603DA104EB840205F10C0098
:10A5600000EB82000161601C84B28A2104EB84024A
:10A5700005F10C0020F82210002104EB840200EB0E
:10A5800082008160082104EB840205F10C0000EBDD
:10A590008200C16004EB840205F10C0000EB820034
:10A5A00041605FE0205444330000000020544434F4
:10A5B00000000000205444350000000020544436C0
:10A5C000000000002054443700000000205A4F4E85
:10A5D00045315F50554D505F4E554D00205A4F4EFE
:10A5E00045325F50554D505F4E554D00205A4F4EED
:10A5F00045335F50554D505F4E554D00205A4F4EDC
:10A6000045345F50554D505F4E554D00205A4F4ECA
:10A6100045355F50554D505F4E554D00205A4F4EB9
:10A6200045315F45585452415F50554D505F4E552E
:10A630004D000000205A4F4E45325F45585452415C
:10A640005F50554D505F4E554D000000205A4F4E03
:10A6500045335F45585452415F50554D505F4E55FC
:10A660004D000000FDA104EB840205F10C0000EB9D
:10A6700082000161601C84B28B2104EB840205F12D
:10A680000C0020F82210002104EB840200EB820071
:10A690008160082104EB840205F10C0000EB8200CC
:10A6A000C16004EB840205F10C0000EB8200416004
:10A6B000F0A104EB840205F10C0000EB82000161C3
:10A6C000601C84B2402104EB840205F10C0020F8E8
:10A6D0002210002104EB840200EB820081606421DF
:10A6E00004EB840205F10C0000EB8200C1605021F4
:10A6F00004EB840205F10C0000EB82004160E3A151
:10A7000004EB840205F10C0000EB82000161601C87
:10A7100084B2412104EB840205F10C0020F82210E0
:10A72000002104EB840200EB82008160642104EBD1
:10A73000840205F10C0000EB8200C160502104EBA3
:10A74000840205F10C0000EB82004160D3A104EB10
:10A75000840205F10C0000EB82000161601C84B2F0
:10A76000422104EB840205F10C0020F822100021A4
:10A7700004EB840200EB82008160642104EB84021C
:10A7800005F10C0000EB8200C160502104EB840253
:10A7900005F10C0000EB82004160C4A104EB8402CF
:10A7A00005F10C0000EB82000161601C84B24321C2
:10A7B00004EB840205F10C0020F82210002104EBC8
:10A7C000840200EB82008160642104EB840205F1C5
:10A7D0000C0000EB8200C160502104EB840205F103
:10A7E0000C0000EB82004160B4A104EB840205F18F
:10A7F0000C0000EB82000161601C84B2442104EB78
:10A80000840205F10C0020F82210002104EB8402E0
:10A8100000EB82008160642104EB840205F10C00EE
:10A8200000EB8200C160502104EB840205F10C00B2
:10A8300000EB82004160A5A104EB840205F10C004D
:10A8400000EB82000161601C84B2452104EB8402AC
:10A8500005F10C0020F82210002104EB840200EB2B
:10A860008200816041F2883104EB840205F10C0022
:10A8700000EB8200C1604FF4967104EB840205F195
:10A880000C0000EB8200416094A104EB840205F10E
:10A890000C0000EB82000161601C84B25F2104EBBC
:10A8A000840205F10C0020F82210002104EB840240
:10A8B00000EB82008160012104EB840205F10C00B1
:10A8C00000EB8200C160002104EB840205F10C0062
:10A8D00000EB8200416087A104EB840205F10C00CB
:10A8E00000EB82000161601C84B2632104EB8402EE
:10A8F00005F10C0020F82210002104EB840200EB8B
:10A9000082008160142104EB840205F10C0000EB4D
:10A910008200C160032104EB840205F10C0000EB0E
:10A920008200416078A104EB840205F10C0000EB89
:10A9300082000161601C84B2822104EB840205F173
:10A940000C0020F82210002104EB840200EB8200AE
:10A950008160012104EB840205F10C0000EB820010
:10A96000C16004EB840205F10C0000EB8200416041
:10A9700069A104EB840205F10C0000EB8200016187
:10A98000601C84B2862104EB840205F10C0020F8DF
:10A990002210002104EB840200EB8200816001217F
:10A9A00004EB840205F10C0000EB8200C160002181
:10A9B00004EB840205F10C0000EB820041605BA116
:10A9C00004EB840205F10C0000EB82000161601CC5
:10A9D00084B2642104EB840205F10C0020F82210FB
:10A9E000002104EB840200EB82008160012104EB72
:10A9F000840205F10C0000EB8200C16004EB8402CC
:10AA000005F10C0000EB820041604FA104EB8402D1
:10AA100005F10C0000EB82000161601C84B24FF470
:10AA2000077104EB840205F10C0020F822100021CC
:10AA300004EB840200EB820081605A2104EB840263
:10AA400005F10C0000EB8200C160372104EB8402A9
:10AA500005F10C0000EB820041607FE0205A4F4E70
:10AA600045345F45585452415F50554D505F4E55E7
:10AA70004D000000205A4F4E45355F455854524115
:10AA80005F50554D505F4E554D0000002046414EE1
:10AA9000315F50574D5F4C494D0000002046414EFC
:10AAA000325F50574D5F4C494D0000002046414EEB
:10AAB000335F50574D5F4C494D0000002046414EDA
:10AAC000345F50574D5F4C494D0000002046414EC9
:10AAD000355F50574D5F4C494D0000002046414EB8
:10AAE000535F50574D5F434F52524543545F544953
:10AAF0004D4500002046414E5F4D414E55414C5F53
:10AB00004D4F4445000000002046414E535F4454E1
:10AB10005F5354415254000020434845434B494E33
:10AB2000475F5A4F4E455F46414E530020504152B9
:10AB30005F54315F53454E534F525F41444150542F
:10AB400041494F4E000000002050554D505F4F4E80
:10AB50005F454C454D454E5400000000FEA104EBFE
:10AB6000840205F10C0000EB82000161601C84B2DC
:10AB700040F21D2104EB840205F10C0020F82210A4
:10AB8000002104EB840200EB820081605A2104EB77
:10AB9000840205F10C0000EB8200C1602D2104EB62
:10ABA000840205F10C0000EB82004160F2A104EB8D
:10ABB000840205F10C0000EB82000161601C84B28C
:10ABC00040F21E2104EB840205F10C0020F8221053
:10ABD000002104EB840200EB820081605A2104EB27
:10ABE000840205F10C0000EB8200C160372104EB08
:10ABF000840205F10C0000EB82004160E6A104EB49
:10AC0000840205F10C0000EB82000161601C84B23B
:10AC100040F21F2104EB840205F10C0020F8221001
:10AC2000002104EB840200EB820081605A2104EBD6
:10AC3000840205F10C0000EB8200C1601E2104EBD0
:10AC4000840205F10C0000EB82004160D9A104EB05
:10AC5000840205F10C0000EB82000161601C84B2EB
:10AC600040F2212104EB840205F10C0020F82210AF
:10AC7000032104EB840200EB82008160202104EBBD
:10AC8000840205F10C0000EB8200C1601E2104EB80
:10AC9000840205F10C0000EB82004160CCA104EBC2
:10ACA000840205F10C0000EB82000161601C84B29B
:10ACB00040F2222104EB840205F10C0020F822105E
:10ACC000022104EB840200EB820081600A2104EB84
:10ACD000840205F10C0000EB8200C160052104EB49
:10ACE000840205F10C0000EB82004160C1A104EB7D
:10ACF000840205F10C0000EB82000161601C84B24B
:10AD000040F2252104EB840205F10C0020F822100A
:10AD10000A2104EB840200EB8200816040F2AA5118
:10AD200004EB840205F10C0000EB8200C1603C21C1
:10AD300004EB840205F10C0000EB82004160B6A137
:10AD400004EB840205F10C0000EB82000161601C41
:10AD500084B240F2262104EB840205F10C0020F8B5
:10AD60002210032104EB840200EB820081601E218B
:10AD700004EB840205F10C0000EB8200C1600A21A3
:10AD800004EB840205F10C0000EB82004160AAA1F3
:10AD900004EB840205F10C0000EB82000161601CF1
:10ADA00084B240F2272104EB840205F10C0020F864
:10ADB0002210022104EB840200EB820081600A2150
:10ADC00004EB840205F10C0000EB8200C160052158
:10ADD00004EB840205F10C0000EB820041609DA1B0
:10ADE00004EB840205F10C0000EB82000161601CA1
:10ADF00084B240F2322104EB840205F10C0020F809
:10AE00002210002104EB840200EB82008160062105
:10AE100004EB840205F10C0000EB8200C160032109
:10AE200004EB840205F10C0000EB8200416090A16C
:10AE300004EB840205F10C0000EB82000161601C50
:10AE400084B240F2332104EB840205F10C0020F8B7
:10AE50002210002104EB840200EB820081600121BA
:10AE600004EB840205F10C0000EB8200C16004EBEE
:10AE7000840205F10C0000EB8200416082A104EB2A
:10AE8000840205F10C0000EB82000161601C84B2B9
:10AE90004FF40D7104EB840205F10C0020F8221030
:10AEA0000A2104EB840200EB82008160642104EB40
:10AEB000840205F10C0000EB8200C160322104EB3A
:10AEC000840205F10C0000EB8200416077A104EBE5
:10AED000840205F10C0000EB82000161601C84B269
:10AEE00040F2352104EB840205F10C0020F8221019
:10AEF000002104EB840200EB820081600A2104EB54
:10AF0000840205F10C0000EB8200C160022104EB19
:10AF1000840205F10C0000EB8200416068A104EBA3
:10AF2000840205F10C0000EB82000161601C84B218
:10AF30004FF4C87104EB840205F10C0020F82210D4
:10AF4000002104EB840200EB82008160042104EB09
:10AF5000840205F10C00BDE0204843555F454C4597
:10AF60004D454E545F534554504F494E545F5354D2
:10AF70004F52414745000000204843555F454C452E
:10AF80004D454E545F49474E4954494F4E5F5354C7
:10AF90004F52414745000000204843555F54414E01
:10AFA0004B5F534554504F494E545F53544F524199
:10AFB00047450000204843555F54414E4B5F494789
:10AFC0004E4954494F4E5F53544F5241474500003C
:10AFD000204843555F554E444552464C4F4F525FB3
:10AFE00048454154494E475F534554504F494E548C
:10AFF00000000000204843555F554E444552464CE2
:10B000004F4F525F48454154494E475F485953544A
:10B010004552455349530000204843555F454E472C
:10B02000494E455F505245484541545F4455524151
:10B0300054494F4E00000000204843555F444546A8
:10B04000524F5354494E475F534554504F494E5405
:10B0500000000000204843555F444546524F53547A
:10B06000494E475F48595354455245534953000090
:10B07000205041525F4D494E5F4C49515549445F04
:10B080004C4556454C000000205041525F48454118
:10B090005445525F50554D505F5748494C455F45A8
:10B0A0004E47494E455F48454154000020504152AB
:10B0B0005F4D41585F4241434B4C49474854000063
:10B0C000205041525F5241444941544F525F5348CE
:10B0D0004946540000EB8200C160002104EB840269
:10B0E00005F10C0000EB82004160FEA104EB84023C
:10B0F00005F10C0000EB82000161601C84B240F29B
:10B10000911104EB840205F10C0020F822100021BB
:10B1100004EB840200EB82008160042104EB8402D2
:10B1200005F10C0000EB8200C160002104EB8402F9
:10B1300005F10C0000EB82004160EFA104EB8402FA
:10B1400005F10C0000EB82000161601C84B24FF439
:10B15000C97104EB840205F10C0020F822100021D3
:10B1600004EB840200EB82008160042104EB840282
:10B1700005F10C0000EB8200C160002104EB8402A9
:10B1800005F10C0000EB82004160E0A104EB8402B9
:10B1900005F10C0000EB82000161601C84B240F2FA
:10B1A000931104EB840205F10C0020F82210002119
:10B1B00004EB840200EB82008160042104EB840232
:10B1C00005F10C0000EB8200C160002104EB840259
:10B1D00005F10C0000EB82004160D1A104EB840278
:10B1E00005F10C0000EB82000161601C84B24FF499
:10B1F000CA7104EB840205F10C0020F82210002132
:10B2000004EB840200EB82008160042104EB8402E1
:10B2100005F10C0000EB8200C160002104EB840208
:10B2200005F10C0000EB82004160C2A104EB840236
:10B2300005F10C0000EB82000161601C84B240F259
:10B24000951104EB840205F10C0020F82210002176
:10B2500004EB840200EB82008160032104EB840292
:10B2600005F10C0000EB8200C160002104EB8402B8
:10B2700005F10C0000EB82004160B3A104EB8402F5
:10B2800005F10C0000EB82000161601C84B24FF4F8
:10B29000CB7104EB840205F10C0020F82210002190
:10B2A00004EB840200EB82008160042104EB840241
:10B2B00005F10C0000EB8200C160002104EB840268
:10B2C00005F10C0000EB82004160A4A104EB8402B4
:10B2D00005F10C0000EB82000161601C84B240F2B9
:10B2E000971104EB840205F10C0020F822100021D4
:10B2F00004EB840200EB82008160042104EB8402F1
:10B3000005F10C0000EB8200C160002104EB840217
:10B3100005F10C0000EB8200416095A104EB840272
:10B3200005F10C0000EB82000161601C84B24FF457
:10B33000CC7104EB840205F10C0020F822100021EE
:10B3400004EB840200EB82008160032104EB8402A1
:10B3500005F10C0000EB8200C160002104EB8402C7
:10B3600005F10C0000EB8200416086A104EB840231
:10B3700005F10C0000EB82000161601C84B240F218
:10B38000991104EB840205F10C0020F82210002131
:10B3900004EB840200EB82008160042104EB840250
:10B3A00005F10C0000EB8200C160002104EB840277
:10B3B00005F10C0000EB8200416077A104EB8402F0
:10B3C00005F10C0000EB82000161601C84B24FF4B7
:10B3D000CD7104EB840205F10C0020F8221000214D
:10B3E00004EB840200EB820081601B2104EB8402E9
:10B3F00005F10C0000EB8200C160002104EB840227
:10B4000005F10C0000EB8200416068A104EB8402AE
:10B4100005F10C0000EB82000161601C84B240F277
:10B420009B1104EB840205F10C0020F8221000218E
:10B4300004EB840200EB820081601B2104EB840298
:10B4400005F10C0000EB8200C160002104EB8402D6
:10B4500005F10C0000EB820041605AA104EB84026C
:10B4600005F10C0000EB82000161601C84B24FF416
:10B47000CE7104EB840205F10C0020F822100021AB
:10B4800004EB840200EB820081601B2104EB840248
:10B4900005F10C0000EB8200C160002104EB840286
:10B4A00005F10C0000EB820041604CA104EB84022A
:10B4B00005F10C0000EB82000161601C84B240F2D7
:10B4C0009D1104EB840205F10C0020F822100021EC
:10B4D00004EB840200EB820081601B2104EB8402F8
:10B4E00088E00000205041525F52565F4C4F41446B
:10B4F000305F4D4F44450000205041525F52565F2F
:10B500004C4F4144315F4D4F444500002050415263
:10B510005F52565F4C4F4144325F4D4F44450000EF
:10B52000205041525F52565F4C4F4144335F4D4F64
:10B5300044450000205041525F52565F4C4F4144F9
:10B54000345F4D4F44450000205041525F52565FDA
:10B550004C4F4144355F4D4F44450000205041520F
:10B560005F52565F4C4F4144365F4D4F444500009B
:10B57000205041525F52565F4C4F4144375F4D4F10
:10B5800044450000205041525F52565F4C4F4144A9
:10B59000385F4D4F44450000205041525F52565F86
:10B5A0004C4F4144395F4D4F4445000020504152BB
:10B5B0005F52565F4C4F4144305F4348414E4E45C9
:10B5C0004C000000205041525F52565F4C4F4144A6
:10B5D000315F4348414E4E454C00000020504152DF
:10B5E0005F52565F4C4F4144325F4348414E4E4597
:10B5F0004C00000005F10C0000EB8200C16000214E
:10B6000004EB840205F10C0000EB82004160FEA116
:10B6100004EB840205F10C0000EB82000161601C68
:10B6200084B24FF4CF7104EB840205F10C0020F8D2
:10B630002210002104EB840200EB820081601B21B8
:10B6400004EB840205F10C0000EB8200C1600021D4
:10B6500004EB840205F10C0000EB82004160F0A1D4
:10B6600004EB840205F10C0000EB82000161601C18
:10B6700084B240F29F1104EB840205F10C0020F823
:10B680002210002104EB840200EB820081601B2168
:10B6900004EB840205F10C0000EB8200C160002184
:10B6A00004EB840205F10C0000EB82004160E2A192
:10B6B00004EB840205F10C0000EB82000161601CC8
:10B6C00084B24FF4D07104EB840205F10C0020F831
:10B6D0002210002104EB840200EB820081601B2118
:10B6E00004EB840205F10C0000EB8200C160002134
:10B6F00004EB840205F10C0000EB82004160D4A150
:10B7000004EB840205F10C0000EB82000161601C77
:10B7100084B240F2A11104EB840205F10C0020F880
:10B720002210002104EB840200EB820081601B21C7
:10B7300004EB840205F10C0000EB8200C1600021E3
:10B7400004EB840205F10C0000EB82004160C6A10D
:10B7500004EB840205F10C0000EB82000161601C27
:10B7600084B24FF4D17104EB840205F10C0020F88F
:10B770002210002104EB840200EB820081601B2177
:10B7800004EB840205F10C0000EB8200C160002193
:10B7900004EB840205F10C0000EB82004160B8A1CB
:10B7A00004EB840205F10C0000EB82000161601CD7
:10B7B00084B240F2A31104EB840205F10C0020F8DE
:10B7C0002210002104EB840200EB820081601B2127
:10B7D00004EB840205F10C0000EB8200C160002143
:10B7E00004EB840205F10C0000EB82004160AAA189
:10B7F00004EB840205F10C0000EB82000161601C87
:10B8000084B24FF4D27104EB840205F10C0020F8ED
:10B810002210002104EB840200EB82008160FF21F2
:10B8200004EB840205F10C0000EB8200C1600021F2
:10B8300004EB840205F10C0000EB820041609CA146
:10B8400004EB840205F10C0000EB82000161601C36
:10B8500084B240F2A51104EB840205F10C0020F83B
:10B860002210002104EB840200EB82008160FF21A2
:10B8700004EB840205F10C0000EB8200C1600021A2
:10B8800004EB840205F10C0000EB820041608DA105
:10B8900004EB840205F10C0000EB82000161601CE6
:10B8A00084B24FF4D37104EB840205F10C0020F84C
:10B8B0002210002104EB840200EB82008160FF2152
:10B8C00004EB840205F10C0000EB8200C160002152
:10B8D00004EB840205F10C0000EB820041607EA1C4
:10B8E00004EB840205F10C0000EB82000161601C96
:10B8F00084B240F2A71104EB840205F10C0020F899
:10B900002210002104EB840200EB82008160FF2101
:10B9100004EB840205F10C0000EB8200C160002101
:10B9200004EB840205F10C0000EB820041606FA182
:10B9300004EB840205F10C0000EB82000161601C45
:10B9400084B24FF4D47104EB840205F10C0020F8AA
:10B950002210002104EB840200EB82008160FF21B1
:10B9600004EB840205F10C0000EB8200C1600021B1
:10B9700004EB840205F10C0000EB8200416060A141
:10B9800004EB840205F10C0000EB82000161601CF5
:10B9900084B240F2A91104EB840205F10C0020F8F6
:10B9A0002210002104EB840200EB82008160FF2161
:10B9B00004EB840205F10C0000EB8200C160002161
:10B9C00004EB840205F10C0000EB8200416051A100
:10B9D00004EB840205F10C0000EB82000161601CA5
:10B9E00084B24FF4D57104EB840205F10C0020F809
:10B9F0002210002104EB840200EB82008160FF2111
:10BA000004EB840290E00000205041525F52565FE8
:10BA10004C4F4144335F4348414E4E454C0000007B
:10BA2000205041525F52565F4C4F4144345F43486F
:10BA3000414E4E454C000000205041525F52565F2F
:10BA40004C4F4144355F4348414E4E454C00000049
:10BA5000205041525F52565F4C4F4144365F43483D
:10BA6000414E4E454C000000205041525F52565FFF
:10BA70004C4F4144375F4348414E4E454C00000017
:10BA8000205041525F52565F4C4F4144385F43480B
:10BA9000414E4E454C000000205041525F52565FCF
:10BAA0004C4F4144395F4348414E4E454C000000E5
:10BAB000205041525F52565F4C4F4144305F4943E2
:10BAC0004F4E0000205041525F52565F4C4F414450
:10BAD000315F49434F4E0000205041525F52565F44
:10BAE0004C4F4144325F49434F4E00002050415279
:10BAF0005F52565F4C4F4144335F49434F4E000005
:10BB0000205041525F52565F4C4F4144345F49438D
:10BB10004F4E0000205041525F52565F4C4F4144FF
:10BB2000355F49434F4E000005F10C0000EB8200E9
:10BB3000C160002104EB840205F10C0000EB8200DF
:10BB4000416043A104EB840205F10C0000EB82008C
:10BB50000161601C84B240F2AB1104EB840205F178
:10BB60000C0020F82210002104EB840200EB82007C
:10BB70008160FF2104EB840205F10C0000EB8200E0
:10BB8000C160002104EB840205F10C0000EB82008F
:10BB9000416034A104EB840205F10C0000EB82004B
:10BBA0000161601C84B24FF4D67104EB840205F18C
:10BBB0000C0020F82210002104EB840200EB82002C
:10BBC0008160FF2104EB840205F10C0000EB820090
:10BBD000C160002104EB840205F10C0000EB82003F
:10BBE000416025A104EB840205F10C0000EB82000A
:10BBF0000161601C84B240F2AD1104EB840205F1D6
:10BC00000C0020F82210002104EB840200EB8200DB
:10BC10008160FF2104EB840205F10C0000EB82003F
:10BC2000C160002104EB840205F10C0000EB8200EE
:10BC3000416016A104EB840205F10C0000EB8200C8
:10BC40000161601C84B2A5F8DC47284670BD000085
:10BC5000205041525F52565F4C4F4144365F49433A
:10BC60004F4E0000205041525F52565F4C4F4144AE
:10BC7000375F49434F4E0000205041525F52565F9C
:10BC80004C4F4144385F49434F4E000020504152D1
:10BC90005F52565F4C4F4144395F49434F4E00005D
:10BCA00010B50446204600F0C5F910B104480BF069
:10BCB0001DF900224FF480710248F6F79CF910BD7F
:10BCC0006C0500200008024010B504460020E06723
:10BCD000C4F88000302104F14C00F4F734FD204614
:10BCE00000F00AFA0020844981F8B00081F8AF0022
:10BCF00081F8B10081F8B20000BF43E07E493F31D6
:10BD0000095C19B17C494431095C31B97A49095C53
:10BD100019B10121784A82F8B11077493F31095CA5
:10BD2000012904D074494431095C012906D17249C2
:10BD3000095C19B10121704A82F8B2106E493F3195
:10BD4000095C022904D06C494431095C022906D1FE
:10BD50006949095C19B10121674A82F8AF10664947
:10BD60003F31095C032904D063494431095C03294C
:10BD700006D16149095C19B101215F4A82F8B0100E
:10BD8000411CC8B20528B9DB5C48007A022803D000
:10BD90005B48807A022803D10120574981F8AF001F
:10BDA0005648007A032803D05548807A032803D1E7
:10BDB0000120514981F8B0004F48C07818B14E4871
:10BDC00090F8B00030B94C48007938B14A4890F842
:10BDD000AF0018B1012084F8860002E0002084F84A
:10BDE0008600002008E004F122010A5C00EB400319
:10BDF0002A3101F81320401C0828F4DB002021E040
:10BE00003D49095CE9B13C493731095CC9B10122BE
:10BE100039493F31095C01EB410304F14C0101EB6D
:10BE200043014A7034494431095C082909DA32492E
:10BE30004431095C01EB410304F14C0101EB430186
:10BE40004A70401C0528DBDB2C48807848B1012172
:10BE50002A48007A00EB400204F14C0000EB42005B
:10BE600081702748807848B101212548807A00EB0D
:10BE7000400204F14C0000EB4200C1702048807881
:10BE800028B11F48C07810B1012184F867101D48FF
:10BE900090F8740010B1012184F868101A4800F07D
:10BEA000C9F828B11948807810B1012184F86910C7
:10BEB000002011E000210CE000EB400304F14C02F3
:10BEC00002EB4302525C1AB1012304F17C021354C9
:10BED000491C0629F0DB401C0828EBDB94F87C2089
:10BEE0004FF480610A48F6F786F87D20025D8021D4
:10BEF0000848F6F780F810BD400B0020AC0C00207D
:10BF0000BA0C00200C0A0020240C0020C80C0020D1
:10BF100000040240000802400949497919B1002192
:10BF2000084A82F80011084991F8901019B9064999
:10BF300091F8921019B10021024A82F8001170475D
:10BF4000C80C0020842E00200C0A002010B50446E6
:10BF5000344890F8010138B9324890F8030118B913
:10BF60002046FFF79DFE10BD2F480078B8B92F4836
:10BF700090F8B30098B92D4890F8B50078B92B48DF
:10BF800090F8B60058B9294890F8900038B9274879
:10BF900090F8920018B9244890F8230020B10020AE
:10BFA000204981F80101DEE7204890F8900018B997
:10BFB0001E4890F8920020B100201A4981F8010132
:10BFC000D1E71B4800F08AF81849B1F948108842B7
:10BFD00007DD174800F082F81349B1F90C108842C8
:10BFE00002DC2046FFF75CFE104890F8740058B160
:10BFF0000E48B0F948000E49B1F9041088420EDA33
:10C00000204600F0E3F80AE0094800F059F8074933
:10C01000B1F94810884202DD204600F0D7F800BF91
:10C02000A1E70000842E0020C80C00200C0A00208C
:10C03000240C002010B504464FF480710348F5F736
:10C04000C4FF012800D110BD0020FCE70008024019
:10C050000146054890F8030110B1B1F91800704786
:10C06000B1F90E00FBE70000842E002001460548D0
:10C0700090F8030110B1B1F916007047B1F90C0046
:10C08000FBE70000842E00200146054890F80301DC
:10C0900010B1B1F908007047B1F90800FBE70000E2
:10C0A000842E00200146054890F8030110B1B1F933
:10C0B00006007047B1F90600FBE70000842E00205F
:10C0C0000146054890F8030110B1B1F9140070471A
:10C0D000B1F90200FBE70000842E0020014605486C
:10C0E00090F8030110B1B1F912007047B1F90000E6
:10C0F000FBE70000842E002010B50446184806F027
:10C10000B5FE18490968401AB0F57A7F26D9154856
:10C11000006800F57A701349086000201CE004F103
:10C120002C0151F82010B1B104F12C0151F820106C
:10C13000012907D1002204F122010A540A3141F8F1
:10C14000202008E004F12C0151F82010491E04F1D0
:10C150002C0242F82010401C0828E0DB10BD000033
:10C16000C00900207404002010B50446134806F0EE
:10C170007DFE13490968401AB0F57A7F14D30F4841
:10C1800006F074FE0E4908600E48D0F88801401C85
:10C190000C49C1F888012046FFF74CFF20B10A483E
:10C1A0000068401C084908602046FFF7CFFE204683
:10C1B000FFF7B2FE2046FFF787FD10BDC009002043
:10C1C00070040020842E00206C05002010B5044669
:10C1D000012211020148F5F70EFF10BD00080240D0
:10C1E00010B5044604222146024806F07DFE204692
:10C1F00010BD0000C009002030B5034600206424B3
:10C2000091FBF4F430341454145C302C00D101E070
:10C21000441CE0B2642491FBF4F504FB1514E1B274
:10C220000A2491FBF4F430341454145C302C02D101
:10C2300008B9002001E0441CE0B20A2491FBF4F5A7
:10C2400004FB1514E1B201F130041454441CE0B2B3
:10C2500030BD00002DE9F04105460C465748005D11
:10C26000032801D1012000E0002006465348005D6C
:10C2700000F0010008B9BDE8F081504890F849008D
:10C28000A04201D0052C00DBF5E74C481E3030F809
:10C290001400800002B241F20501284604F0D6FCE9
:10C2A0004648283030F81400800002B241F20601FE
:10C2B000284604F0CBFC41481430005D06EB4601F3
:10C2C000421841F2C601284604F0C0FC05F5A670EC
:10C2D00030F81400012816D105F58D7030F81400DF
:10C2E00002B241F22601284604F0B0FC05F5837045
:10C2F00030F8140002B205F5A17030F81410284689
:10C3000004F0A4FC32E005F5A67030F81400022811
:10C3100016D105F59C7030F8140002B241F22601E6
:10C32000284604F093FC05F5977030F8140002B22B
:10C3300005F5A17030F81410284604F087FC15E0CC
:10C3400005F5927030F8140002B241F22601284639
:10C3500004F07CFC05F5887030F8140002B205F595
:10C36000A17030F81410284604F070FC134880F8CF
:10C37000494090F84900421C41F25001284604F01F
:10C3800065FC0E491E3131F914000DF0F5FC07462D
:10C390003946284601F088F90849283131F9140056
:10C3A0000DF0EAFC07463946284602F0F7FF214621
:10C3B000284601F0E5F900BF5DE70000400B0020D2
:10C3C00070B5044694F8780108B9022500E001250B
:10C3D0005A202070A52060701120A0708220E0708B
:10C3E000102020714720607194F870010012A07134
:10C3F00094F87001E07140F27110005D001220723B
:10C4000040F27110005D60724FF4B970005D00126F
:10C41000A0724FF4B970005DE07240F27310005DDD
:10C420000012207340F27310005D60734FF4BA7015
:10C43000005D0012A0734FF4BA70005DE07340F22B
:10C440007510005D0012207440F27510005D60747C
:10C450002812A074E574142221460248FAF7F8F86D
:10C4600070BD0000C823002070B504460D465A2058
:10C470002070A52060700720A0708220E07000204E
:10C480002071842060715A20A0710120E07128126F
:10C49000207265720A2221460148FAF7D9F870BD68
:10C4A000C823002070B50546002429E004EB4401B0
:10C4B0001F4810F81100A0B104EB44031C4800EB26
:10C4C0004300808802B204F58B5081B2284604F004
:10C4D000BDFB04F58D5081B20022284604F0B6FB66
:10C4E0000DE004F58B5081B22122284604F0AEFB0A
:10C4F00004F58D5081B22122284604F0A7FB641C6C
:10C500000A2CD3DB0B48007830B940F2622242F2A9
:10C510008201284603F0FCF80748007830B940F261
:10C52000622242F29201284603F0F2F870BD000048
:10C53000740E0020AC0C0020BA0C002001B5ADF543
:10C54000247D4FF4FA7127A8F4F7FDF8A49890F829
:10C5500086015A2876D01FDC3C2874D00DDC1E28BA
:10C5600074D005DCA0B30A284CD0142849D157E078
:10C5700028286AD03228F9D10FE150286FD006DC84
:10C580003E286DD040286CD04628EFD1BCE152281F
:10C5900068D05528EAD1EFE17F2872D00EDC7828E8
:10C5A00070D006DC5F286ED064286DD06E28DDD197
:10C5B000F6E37A2869D07D28D8D1F2E381380528BE
:10C5C0001FD2DFE810F08605A505B406C6060007F1
:10C5D000FE48FAF7ADF8FD48FAF722F9A49800F002
:10C5E000EDFFFA48FAF71CF90A21A49880F88611A1
:10C5F000F74806F03BFCF7490860C821F348FAF712
:10C6000005F939E3F24806F031FCF2490968401AAD
:10C61000B0F5966F03D91421A49880F88611F0E73D
:10C620000020EA4981F812050121A498FFF71CFFB8
:10C63000E74806F01BFCE74908601E21A49880F833
:10C640008611DEE7D9E1B5E000E01FE0DF4890F8B1
:10C65000120540B12821A49880F8861110E060E10D
:10C660003BE147E17BE1DA4806F000FCD949096883
:10C67000401AB0F57A7F03D92821A49880F8861152
:10C68000BFE7FAE3FAE3C5E1F7E2F8E31421CF48A4
:10C69000FAF7BCF80021A49880F8C3110121A498EE
:10C6A00080F87E110020C94981F81105069009E043
:10C6B0000022A49800F5B870069942540698401CD0
:10C6C000C0B2069006980628F2DB0021A49880F8F4
:10C6D0007F114FF47A7300221146A49800F08CFF6A
:10C6E000A49890F8000128B101221103A49804F045
:10C6F000ADFA05E000224FF48051A49804F0A6FAA8
:10C70000A49890F8010130B1012241F20101A498EE
:10C7100004F09CFA05E0002241F20101A49804F023
:10C7200095FAFF224FF48051A49804F08FFAFF226B
:10C7300041F20101A49804F089FA012241F2210199
:10C74000A49804F083FA002241F22201A49804F094
:10C750007DFAA148B0F91E00024641F2050106909B
:10C76000A49804F073FA9C48B0F92800024641F2FC
:10C7700006010690A49804F069FA012241F225010D
:10C78000A49804F063FA924806F070FB914908609F
:10C790003221A49880F8861133E78D4806F066FBB5
:10C7A0008C490968401A642803D93C21A49880F870
:10C7B000861126E70020069081E087490698085CEC
:10C7C00000F0010038BBA49800F5A170069930F87C
:10C7D0001100002201460590A49804F037FA06984B
:10C7E00000280CDD41F2390106980844401E80B251
:10C7F000002201460590A49804F028FA05E00022E2
:10C8000041F20F11A49804F021FA01220699A4988C
:10C8100003F042FF4FE00698002810DDA49890F83E
:10C820006F01059041F2390106980844401E80B21C
:10C8300004900146059AA49804F008FA09E0A49827
:10C8400090F86F01024641F20F110590A49804F090
:10C85000FDF9614814300699405C022813D1A49870
:10C8600000F59770069930F8110000B20590A49871
:10C8700000F5A17030F8110004900146059AA498C3
:10C8800004F0E4F912E0A49800F58870069930F8F5
:10C89000110000B20590A49800F5A17030F81100C5
:10C8A00004900146059AA49804F0D0F90022069954
:10C8B000A49803F0F1FE0698401CC0B206900698BA
:10C8C0000528FFF67AAF3E21A49880F886114048EB
:10C8D00006F0CCFA3F49086093E63D4806F0C6FAF8
:10C8E0003C490968401A642803D94021A49880F87B
:10C8F000861186E64621A49880F88611344806F011
:10C90000B5FA344908607CE6314806F0AFFA31499F
:10C910000968401A642803D95021A49880F8861128
:10C920006FE60021A49800F09DFE45F250122BA165
:10C93000A49802F069FE45F2301228A1A49802F0F2
:10C9400063FE28A1A49802F09FFE5221A49880F8CB
:10C9500086111F4806F08AFA1E49086051E61C48F5
:10C9600006F084FA1B490968401A642803D9552146
:10C97000A49880F8861144E61B48B0F906000146E9
:10C980000690A49802F07AFB1848B0F90600014618
:10C990000690A49802F026FC002006900CE00E48B9
:10C9A000AA300699405602460590A49803F0B0F8C4
:10C9B0000698401CC0B2069006980528EFDB5A2165
:10C9C000A49880F88611024812E00000C8230020D5
:10C9D000C0090020FC040020400B00202D2E2D2E2D
:10C9E0002D2E2D0020000000AC0C0020BA0C0020E1
:10C9F00006F03CFAF849086003E6F84806F036FA13
:10CA0000F5490968401A322803D95F21A49880F8B3
:10CA10008611F6E5A498B0F8600100B2024641F232
:10CA200015010690A49804F011F9A498B0F86601D5
:10CA300000B2024641F216010690A49804F006F9ED
:10CA4000A49890F86F01024641F231010690A49833
:10CA500004F0FCF8A49890F86F0101460690A498A1
:10CA600003F0DAFADE4890F849107A30405CD0B929
:10CA7000A49890F86F01024641F230010690A49804
:10CA800004F0E4F8A49890F86F01024641F23601F0
:10CA90000690A49804F0DAF8012241F22A11A49831
:10CAA00004F0D4F805E0FF2241F22A11A49804F022
:10CAB000CDF8032241F22301A49804F0C7F8C84836
:10CAC00090F849103230405C024641F22401069051
:10CAD000A49804F0BBF8002242F21D01A49804F0CF
:10CAE000B5F84FF4AE7242F24201A49802F010FE83
:10CAF000012241F22901A49804F0A8F8012241F290
:10CB00002701A49804F0A2F8A49890F86D010246B9
:10CB100041F233010690A49804F098F8A498B0F874
:10CB2000620100B2024641F234010690A49804F07A
:10CB30008DF8A498B0F8620101460690A49802F01E
:10CB400095FBA49890F8B7010A2190FBF1F1A49805
:10CB500090F8B60100EB400001EB400000B2024645
:10CB600041F237010690A49804F070F8A49890F868
:10CB7000B9010A2190FBF1F1A49890F8B80100EBFB
:10CB8000400001EB400000B2024641F2380106903D
:10CB9000A49804F05BF8A49890F8B71190F8B60147
:10CBA00000EBC00202EB001001EB800000B2024675
:10CBB00041F24E010690A49804F048F8A49890F829
:10CBC000B91190F8B80100EBC00202EB001001EBC4
:10CBD000800000B2024641F24F010690A49804F092
:10CBE00035F8A498B0F8240100B2024641F22601BB
:10CBF0000690A49804F02AF80021A49880F8C211A5
:10CC0000A498B0F8840100B2024641F22D010690CA
:10CC1000A49804F01BF8A498B0F8820100B2024670
:10CC200041F22C010690A49804F010F8002241F281
:10CC30005401A49804F00AF8002241F25501A49886
:10CC400004F004F8002241F25601A49803F0FEFF1C
:10CC5000A498B0F87C0100B2024641F2440106906B
:10CC6000A49803F0F3FF6421A49880F886115B4830
:10CC700006F0FCF858490860B5E3584806F0F6F8A5
:10CC800055490968401A462870D96E21A49880F841
:10CC900086110020069054E051490698085C00F087
:10CCA0000100B0B3A49800F5A670069930F8110001
:10CCB000012813D1A49800F58370069930F811006B
:10CCC00000B20590A49800F5A17030F8110004900E
:10CCD0000146059AA49803F0B9FF2EE0A49800F548
:10CCE000A670069930F81100022813D1A49800F517
:10CCF0009770069930F8110000B20590A49800F5DD
:10CD0000A17030F8110004900146059AA49803F030
:10CD10009DFF12E0A49800F58870069930F8110084
:10CD200000B20590A49800F5A17030F811000490AD
:10CD30000146059AA49803F089FF0698401CC0B2EA
:10CD4000069006980528A7DB0520254981F84900AB
:10CD5000002006900FE022490698085C00F00100D0
:10CD600028B10699A498FFF775FA07E06FE00698D6
:10CD7000401CC0B2069006980528ECDB0020069007
:10CD80003EE017490698085C60B941F2C801069870
:10CD90000844002201460590A49803F057FF0BE0D9
:10CDA00056E048E141F2C8010698084402220146D3
:10CDB0000590A49803F04AFF09490698085C0128E9
:10CDC00010D041F2D0010698084400220146059097
:10CDD000A49803F03BFF0FE0FC040020C0090020F2
:10CDE000400B002041F2D00106980844022201467F
:10CDF0000590A49803F02AFF0698401CC0B2069044
:10CE000006980528BDDB022006900FE041F2D5010F
:10CE100006980844401E80B2002201460590A4985E
:10CE200003F014FF0698401CC0B206900698032831
:10CE3000ECDBA49890F8030148B1A49890F80301A2
:10CE4000024641F203010690A49803F0FFFECAE2F5
:10CE5000FE4806F00BF8FE490968401A642841D9DB
:10CE6000A498B0F89C01B0F5AF7F09DB002241F235
:10CE70006C01A49803F0EAFE08E0E9E033E03FE04B
:10CE8000022241F26C01A49803F0E0FEA498B0F8ED
:10CE90009C013C2190FBF1F000B2024641F26B0193
:10CEA0000690A49803F0D2FEA49890F8840106900E
:10CEB000A49890F882014FF47A7305900146069A7F
:10CEC000A49800F099FB7821A49880F88611082294
:10CED00045F27011A49803F0A7FCDC4805F0C6FFEA
:10CEE000DB4908607FE2D94805F0C0FFD8490968EE
:10CEF000401A642803D97A21A49880F8861172E236
:10CF0000D44800680068022302464FF4A841069006
:10CF1000A49803F029F8CF4800684068022302462D
:10CF200045F210410690A49803F01EF8C948006825
:10CF300000690223024645F220410690A49803F0BE
:10CF400013F8C448006840690223024645F23041A4
:10CF50000690A49803F008F8BE4800688069022390
:10CF6000024645F290410690A49802F0FDFFB948B0
:10CF70000068C0690223024645F2A0410690A498C9
:10CF800002F0F2FFB3480068406800B202464FF476
:10CF900088510690A49803F059FEAE4800680069D5
:10CFA00030B9002241F20111A49803F04FFE05E0D0
:10CFB000012241F20111A49803F048FEA54800683F
:10CFC000406930B9002241F20211A49803F03EFEFC
:10CFD00005E0012241F20211A49803F037FE9D48BA
:10CFE0000068806930B9002241F20311A49803F06F
:10CFF0002DFE05E0012241F20311A49803F026FE64
:10D0000094480068C06930B9002241F20411A49824
:10D0100003F01CFE05E0012241F20411A49803F084
:10D0200015FE8A4805F022FF894908607D21A498F1
:10D0300080F88611D7E1854805F018FF8449096812
:10D04000401A322803D97F21A49880F88611CAE1BA
:10D0500080480068006A0223024645F2404106907B
:10D06000A49802F081FF7B480068406A02230246D0
:10D0700045F250410690A49802F076FF754800688A
:10D08000806A0223024645F260410690A49802F0AD
:10D090006BFF70480068C06A0223024645F2704187
:10D0A0000690A49802F060FF6A480068006B0223B3
:10D0B00002464FF4A9410690A49802F055FF812141
:10D0C000A49880F88611614805F0D0FE6049086098
:10D0D00089E15E4805F0CAFE5D490968401A3228B8
:10D0E00015D95D488089014606905B48FAF73AFAFF
:10D0F000A499C1F8D401A49802F05CFA8221A49802
:10D1000080F88611514805F0B1FE514908606AE186
:10D1100050480068808E0123024645F2A021069007
:10D12000A49802F021FF4B480068C08E01230246FC
:10D1300045F2B0210690A49802F016FF4548006819
:10D14000008F0123024645F2C0210690A49802F008
:10D150000BFF40480068408F0123024645F2D02172
:10D160000690A49802F000FF3A480068808F0123DF
:10D17000024645F2E0210690A49802F0F5FE3748F9
:10D1800090F8F90020B136A127A8F3F720FA03E0C0
:10D1900035A127A8F3F71BFA2E480068D0F8C8007D
:10D1A00000902C480068D0F8E800069029480068F4
:10D1B0008068059002462EA107A8069BF3F780F829
:10D1C00007A927A8F3F703FA22480068D0F86404F7
:10D1D00020490968D1F83C141E4A1268D2F820246C
:10D1E0001C4B1B68D3F81C34CDE90032CDE902108A
:10D1F00018480068D0F81804069016480068D0F85F
:10D2000014040590024622A107A8069BF3F758F8DC
:10D2100007A927A8F3F7DBF90E480068D0F8C8047F
:10D220000C490968D1F8C4140A4A1268D2F8C0241B
:10D23000084B1B68D3F8BC34CDE90032CDE90210AD
:10D2400004480068D0F8A80406902BE0C00900202C
:10D25000FC040020880400205C300020603800209E
:10D26000424C452B20000000424C452D2000000080
:10D27000484620636E743A25752C484653523A2529
:10D280003038782C50433A253038780A0D000000A9
:10D2900025642D25642D25642D25642D25642D25DB
:10D2A000642D000052480068D0F8680405900246DA
:10D2B00050A107A8069BF3F703F807A927A8F3F7DF
:10D2C00086F94B480068D0F8180549490968D1F833
:10D2D0001415474A1268D2F8C420454B1B68D3F88E
:10D2E0000835CDE90032CDE9021041480068D0F898
:10D2F000000506903E480068D0F8FC040590024600
:10D3000041A107A8069BF2F7DBFF07A927A8F3F7BF
:10D310005EF927A9A49800F01BFA8321A49880F84D
:10D320008611434805F0A2FD424908605BE0404891
:10D3300005F09CFD3F490968401A322808D984212C
:10D34000A49880F886113A4805F090FD39490860A4
:10D3500049E0374805F08AFD3649086036480078CC
:10D36000024641F230110690A49803F06FFC324857
:10D370004078024641F231110690A49803F066FC11
:10D380002D488078024641F232110690A49803F0AD
:10D390005DFC2948C078024641F233110690A498FA
:10D3A00003F054FC24480079024641F234110690FF
:10D3B000A49803F04BFCA498FFF774F88521A49877
:10D3C00080F886110FE01A4805F050FD19490968E8
:10D3D000401A322806D9A49802F014FDDE21A49840
:10D3E00080F8861100BF00BF0DF5257D00BD00004F
:10D3F0008804002025642D25642D25642D25642DA9
:10D4000025642D25640A0D0057493A25642D2564AD
:10D41000204C493A2564204C483A25642043523A2E
:10D42000253038782053523A253038780A0D0000DC
:10D43000C0090020FC040020400B00202DE9F0472B
:10D440000446884691461E4694F88601502801DA23
:10D45000BDE8F087002503E020206055681CC5B2B8
:10D46000B542F9DB002705E019F8070000B903E031
:10D47000781CC7B2B742F7DB00BF5A202070A52046
:10D480006070F01CA0708220E0704FEA28202071AC
:10D4900084F80580002505E019F80510A81D215421
:10D4A000681CC5B2BD42F7DB0021A81D2154B21D86
:10D4B00021460248F9F7CCF800BFC9E7C82300208D
:10D4C00070B506460C4622B241F23101304603F0F7
:10D4D000BDFB2146304602F09FFD002518E028489C
:10D4E000405D00F0010088B1002D09DD41F23900F6
:10D4F0002844401E81B222B2304603F0A7FB05E06B
:10D5000022B241F20F11304603F0A0FB681CC5B2F5
:10D51000052DE4DB86F86F41194991F849201E3149
:10D5200031F912000CF028FC05462946304600F07F
:10D53000BBF8134991F84920283131F912000CF059
:10D540001BFC05462946304601F028FF0D48B0F97E
:10D550000610304601F092FD0B48B0F90610304637
:10D5600001F040FE002508E00548AA304257294650
:10D57000304602F0CDFA681CC5B2052DF4DB70BD53
:10D58000400B0020AC0C0020BA0C002010B5044663
:10D590005A202070A52060700420A0708320E070C5
:10D5A00000202071162060710320A07107222146FF
:10D5B0000148F9F74DF810BDC823002010B5044606
:10D5C0005A202070A52060700720A0708220E07093
:10D5D00000202071042060715520A071AA20E07104
:10D5E0005A202072A52060720A2221460148F9F7CC
:10D5F0002FF810BDC82300202DE9F04104460E4647
:10D6000015461F46642E00DD6426642D00DD64256A
:10D6100094F8870100B12E465A202070A520607032
:10D620000720A0708220E0700020207182206071AD
:10D6300094F8AC017043642190FBF1F0A07194F870
:10D64000AC01684390FBF1F0E07138122072677210
:10D650000A2221460248F8F7FBFFBDE8F0810000EE
:10D66000C823002070B505460C4695F88601502861
:10D6700000DA70BD0B480078A04200D1F9E70948F4
:10D68000047034B9002241F25101284603F0DEFA59
:10D6900005E0012241F25101284603F0D7FA00BF0C
:10D6A000E7E700004C05002070B504460D4694F8ED
:10D6B0006F01012804D129460A4805F0F9FB054607
:10D6C00028460CF039FB06B2324641F242012046B0
:10D6D00003F0BCFA94F86F2141F23001204603F0C8
:10D6E000B5FA70BDC009002030B589B005460024E8
:10D6F00004E0202001A90855601CC4B21D2CF8DBF1
:10D70000002001A9085501AA1049284602F00CFC86
:10D7100045F2301201A9284601F076FF002404E00A
:10D72000202001A90855601CC4B21D2CF8DB01AAF9
:10D7300005F5C871284602F0F7FB45F2501201A921
:10D74000284601F061FF09B030BD0000D80C002070
:10D7500070B505460C460026002005E0215C09B99D
:10D76000064604E0411C88B2B0F5FA7FF6DBF3B25E
:10D7700022464FF4A6412846FFF760FE70BD000028
:10D7800070B505460C4695F88601642800DA70BD30
:10D790001F4890F84900A04200D0F8E701261C4835
:10D7A0007A30005D00B100261948005D032808D0DA
:10D7B0001748005D012805D115481430005D022886
:10D7C00000D1FF2632B241F20D01284603F03EFAA5
:10D7D0000F487A30005D18B10D48005D032806D16E
:10D7E000012241F22A11284603F030FA0DE00848E0
:10D7F0003230025D41F22401284603F027FAFF226D
:10D8000041F22A11284603F021FA00BFBFE70000C9
:10D81000400B002001B58CB0FE4890F8020508B915
:10D820000DB000BD0020FB4981F802050846407894
:10D830000B900B98832841F00B840846C1788078C0
:10D8400001EB002080B20A90F248B0F806150A9861
:10D85000814203D10120EF4981F8090541F2F2012B
:10D860000A98884214D10C9890F8030180B9E948CD
:10D87000807902280CD10C9890F8000108B9012198
:10D8800000E000210C9880F800110C9802F002FDD5
:10D8900041F250110A98884208D1DF48FAF74CFA51
:10D8A0000020DE490968086000BFFEE741F251111F
:10D8B0000A98884277D1D7488079192819D2DFE8A9
:10D8C00000F0180D1925323E4A5662738495A6B7AA
:10D8D000C3CFDCF1EFEEEDECEBEAE900D0480078E5
:10D8E000401CCF49087008460078032801DD00205D
:10D8F00008706AE2CA484078401CC9494870084626
:10D900004078032801DD002048705EE2C44880783A
:10D91000401CC349887008468078032802DD002136
:10D92000BF48817051E2BE48C078401CBC49C870F5
:10D930000846C078032801DD0020C87045E2B848D9
:10D940000079401CB649087108460079032801DDBA
:10D950000020087139E2B348007808B9012100E0DD
:10D960000021B04801700C9802F02EFD2DE2AE4867
:10D97000007808B9012000E00020AB4908700C983D
:10D9800002F022FD21E2A64890F83F00401CA44985
:10D9900081F83F00084690F83F00072802DD00208C
:10D9A00081F83F0011E214E29D4890F84000401CCD
:10D9B000C1B29B4880F8401090F84000072803DD72
:10D9C0000021974880F84010FFE1954890F8410009
:10D9D000401CC1B2924880F8411090F841000728DD
:10D9E00003DD00218E4880F84110EEE18C4890F86C
:10D9F0004200401CC1B28A4880F8421090F84200B0
:10DA0000072803DD0021864880F84210DDE18448C4
:10DA100090F84300401CC1B2814880F8431090F850
:10DA20004300072803DD00217D4880F84310CCE146
:10DA30007C48007A401C7B4908720846007A072817
:10DA400001DD00200872C0E17748807A401C7649E9
:10DA500088720846807A072801DD00208872B4E1C8
:10DA60007048007B401C6F4908730846007B0A28F9
:10DA700002DD00216B480173A7E16B48C07A401CAE
:10DA80006949C8720846C07A0A2802DD0021664842
:10DA9000C1729AE17EE13CE1FAE0D5E086E046E041
:10DAA00020E0FFE76148D0F8D00130B15F48D0F8FE
:10DAB000D001401E5D49C1F8D0010C98D0F8D001CA
:10DAC00000EB800154480C3030F8210001460590ED
:10DAD0005148F9F747FD0C99C1F8D4010C9801F0B1
:10DAE00069FD72E15148D0F8D0114B48B0F8DC071D
:10DAF000401E814206D24D48D0F8D001401C4B490F
:10DB0000C1F8D0010C98D0F8D00100EB8001424858
:10DB10000C3030F82100014605903F48F9F722FD0E
:10DB20000C99C1F8D4010C9801F044FD4DE13F4837
:10DB3000D0F8D401092806D93C48D0F8D4010A38D5
:10DB40003A49C1F8D4013948D0F8D4110C98D0F82A
:10DB5000D00100EB800230480C3000EB820080687E
:10DB600081420CD20C98D0F8D00100EB80012A48F9
:10DB70000C3000EB810081680C98C0F8D4110C982F
:10DB8000D0F8D40105900C98D0F8D00100EB8001BA
:10DB900021480C3030F82100049001461E48059AB7
:10DBA000F9F700F90C9801F005FD0EE11F48D0F8D7
:10DBB000D40130B11D48D0F8D401401E1B49C1F832
:10DBC000D4011A48D0F8D4110C98D0F8D00100EB49
:10DBD000800211480C3000EB8200806881420CD238
:10DBE0000C98D0F8D00100EB80010B480C3000EB12
:10DBF000810081680C98C0F8D4110C98D0F8D40139
:10DC000005900C98D0F8D00100EB800102480C3050
:10DC10000EE00000C82300205C30002088040020B3
:10DC2000400B0020AC0C0020BA0C0020842E0020F9
:10DC300030F8210004900146F948059AF9F7B2F846
:10DC40000C9801F0B7FCC0E00C98D0F8D00100EBC4
:10DC50008001F3480C3000EB81004068F149C1F8C5
:10DC6000D4010C98D0F8D40105900C98D0F8D001CC
:10DC700000EB8001EA480C3030F8210004900146A6
:10DC8000E748059AF9F78EF80C9801F093FC9CE0B0
:10DC9000E448D0F8D4014FF6FF71884206D2E1483B
:10DCA000D0F8D401401CDF49C1F8D401DD48D0F8D8
:10DCB000D4110C98D0F8D00100EB8002D8480C3079
:10DCC00000EB8200C06881420CD90C98D0F8D001DA
:10DCD00000EB8001D2480C3000EB8100C1680C9849
:10DCE000C0F8D4110C98D0F8D40105900C98D0F855
:10DCF000D00100EB8001CA480C3030F821000490BC
:10DD00000146C748059AF9F74DF80C9801F052FC06
:10DD10005BE0C448D0F8D4014FF6F671884206D2D1
:10DD2000C048D0F8D4010A30BE49C1F8D401BD487A
:10DD3000D0F8D4110C98D0F8D00100EB8002B8488C
:10DD40000C3000EB8200C06881420CD90C98D0F8EE
:10DD5000D00100EB8001B2480C3000EB8100C168BB
:10DD60000C98C0F8D4110C98D0F8D40105900C98F8
:10DD7000D0F8D00100EB8001A9480C3030F8210028
:10DD800004900146A648059AF9F70CF80C9801F0A2
:10DD900011FC1AE0A248FBF711FDA148FAF77CFC40
:10DDA0000C98D0F8D00100EB80019D480C3030F881
:10DDB0002100014605909A48F9F7D4FB0C99C1F867
:10DDC000D4010C9801F0F6FB00BF00BF0C9802F0E4
:10DDD00019F841F270110A9888422DD19248807941
:10DDE000012802D0022826D112E09048007828B9F4
:10DDF0008F48007810B98F48007820B117210C980F
:10DE0000FEF732FB03E00A210C98FEF72DFB12E02F
:10DE10008648007828B98648007810B98548007887
:10DE200020B117210C98FEF71FFB03E009210C9885
:10DE3000FEF71AFB00BF00BF41F26B110A9888423F
:10DE40000BD17948807905907B4890F84C0004907C
:10DE500001467948059A06F0E1FC41F253110A980F
:10DE6000884270D170488079032804D0042816D0E5
:10DE7000052875D127E06D48007800B9D0E46B48DB
:10DE8000407808B9012000E0002068494870084641
:10DE90004078014603900C9802F084FAD8E0644878
:10DEA000007800B9BCE46248407808B9012000E07D
:10DEB00000205F49487008464078014603900C985E
:10DEC00002F060F9C4E05C4890F84C0000EB4001BF
:10DED0005948103010F8110000B9A1E4564890F8E4
:10DEE0004C0000EB40015448103000EB41004078FA
:10DEF00050BB514890F84C0000EB40014E481030A8
:10DF000010F81100012809D14B4890F84C00642208
:10DF100001460390484806F081FC20E0464890F80E
:10DF20004C0000EB40014448103000EB4100807889
:10DF30000390414890F84C00029001463E48039AF5
:10DF400006F06CFC0BE084E000E009E03A4890F851
:10DF50004C00002201460390374806F05FFC77E052
:10DF600031488079801FC0B205900598092807DCE8
:10DF7000059800EB40013048103010F8110000B94E
:10DF80004EE4059800EB40012B48103000EB4100B7
:10DF900004900498007801280DD10498407808B9BD
:10DFA000012000E0002064214843024603902248FB
:10DFB000059906F033FC059800EB40011E4810302F
:10DFC00010F81100022842D11B4890F84C10059817
:10DFD000814204D01849059881F84C0037E0164872
:10DFE00090F84C0000EB40011348103000EB41006A
:10DFF0004078A0B9104890F84C0000EB40010E4862
:10E00000103000EB4100807803900B4890F84C00F2
:10E01000029001460848039A06F000FC17E00DE064
:10E020005C300020842E0020C8230020AC0C00208F
:10E03000BA0C0020200E0020640E0020F94890F851
:10E040004C00002201460390F64806F0E7FB00BFB3
:10E0500000BF41F256110A98884219D1F2488079DE
:10E06000012802D0022812D10CE0EE48007820B13D
:10E0700002210C98FEF7F8F903E00B210C98FEF74B
:10E08000F3F904E00B210C98FEF7EEF900BF00BF96
:10E0900041F2F3010A98884214D10C9890F80301D8
:10E0A00080B9E148807903280CD10C9890F80101DF
:10E0B00008B9012100E000210C9880F801110C98AA
:10E0C00002F0E8F841F205010A9888421FD10C9845
:10E0D00090F80301D8B9D4488179407901EB002048
:10E0E00005900BF049FE09904FF0814109980BF023
:10E0F00045FD05900BF004FE01B2CC4890F8492094
:10E100001E3020F8121001210C9880F8AE1141F257
:10E1100006010A9888421FD10C9890F80301D8B9DB
:10E12000C1488179407901EB002005900BF024FE75
:10E1300008904FF0814108980BF020FD05900BF0FE
:10E14000DFFD01B2B94890F84920283020F81210BC
:10E1500001210C9880F8AE1141F2C6010A9888425C
:10E160000AD10C9890F8030130B9AF488079014684
:10E1700005900C9801F0E4FB41F2F6010A98884200
:10E1800042D10C9890F8030188BBA74880790128F8
:10E190003AD1A64890F84900A449085C012833D137
:10E1A000084690F849101430405C02282CD09F4853
:10E1B00090F849107A30405C08B9012100E0002154
:10E1C0009A4890F849207A3081547A3890F849106A
:10E1D0007A30405C60B1002241F20D010C9802F0EF
:10E1E00035FDFF2241F22A110C9802F02FFD0BE0C1
:10E1F000012241F20D010C9802F028FD012241F2AA
:10E200002A110C9802F022FD41F244010A9888423A
:10E2100008D185488179407901EB002081B20C98C2
:10E22000A0F87C1141F231010A98884213D10C9870
:10E2300090F86F017C49897988420CD07A488179BD
:10E240000C9880F86F110C9890F86F0101460590BA
:10E250000C98FFF735F941F230010A98884213D142
:10E260000C9890F86F017049097A88420CD06E487A
:10E27000017A0C9880F86F110C9890F86F010146A4
:10E2800005900C98FFF71CF90A9810287DD1664874
:10E2900041790C9880F8AF11634881790C9880F827
:10E2A000B0116148C1790C9880F8B1115E48017ACB
:10E2B0000C9880F8B2115C48417A0C9880F8B31140
:10E2C0005948817A0C9880F8B4115748C17A0C9853
:10E2D00080F8B5110C9890F8B41180F86C110C9876
:10E2E00090F8B31180F86B1100210C9880F86A1136
:10E2F0000C9890F86D0102281BD10C9890F8B3018E
:10E300000C2804DB02210C9880F86A1103E001213B
:10E310000C9880F86A110C9890F8B3010C280CDD69
:10E320000C9890F8B3010C38C1B20C9880F86B11BE
:10E3300003E000210C9880F86A110C9800F038FF77
:10E340000C9890F8B71190F8B601C0EB001001EBF3
:10E35000800005900C9890F8B91190F8B801C0EBC6
:10E36000001001EB800104910C9890F8B41190F822
:10E37000B301C0EB001001EB800003900C9890F803
:10E380008701029001210C9800E05EE080F887117F
:10E39000DDE9041088420BDA05990398884207DB0F
:10E3A000DDE90301884203DA00210C9880F8871127
:10E3B000DDE9041088420BDD05990398884203DAF1
:10E3C000DDE90301884203DA00210C9880F8871107
:10E3D0000C9890F887110298814235D00C9890F8EB
:10E3E000C30170B90C9890F8840101900C9890F8D2
:10E3F00082014FF47A7300900146019A0C98FFF75E
:10E40000FBF80C9890F8870190B1002241F22101AD
:10E410000C9802F01BFC012241F222010C9802F040
:10E4200015FC11E0640E0020C8230020400B0020E2
:10E43000012241F221010C9802F008FC002241F275
:10E4400022010C9802F002FC00BF41F223010A985D
:10E45000884211D1FE48817A407A01EB0020401EAB
:10E4600081B20C98A0F868110C9890F868010146E8
:10E4700005900C98FDF7EEFE41F224010A988842BF
:10E4800014D10C9890F8030180B9F24890F8491023
:10E490007A30405C50B1EE488179407901EB002040
:10E4A000C1B2EC4890F849203230815441F2460123
:10E4B0000A98884204D1E64881790C9880F879114D
:10E4C00041F22C010A9888421AD10C98B0F88201C6
:10E4D000DF498979884213D0DD4881790C98A0F80A
:10E4E00082110C9890F8840105900C9890F88201A4
:10E4F0004FF47A7304900146059A0C98FFF77CF864
:10E5000041F22D010A9888421AD10C98B0F8840182
:10E51000CF498979884213D0CD4881790C98A0F8E9
:10E5200084110C9890F8840105900C9890F8820161
:10E530004FF47A7304900146059A0C98FFF75CF843
:10E5400041F233010A9888420BD10C9890F86D0182
:10E55000BF498979884204D0BD4881790C9880F8F8
:10E560006D110A9814287CD1B948807905900C98CF
:10E5700090F87E110598814274D00C9890F87E0135
:10E58000072815D1052241F230010C9802F04CF910
:10E59000B148B0F90600014604900C9801F0F0FB78
:10E5A000AE48B0F90600014604900C9801F06EFAEE
:10E5B0000C9890F87E01032805D1012241F2330125
:10E5C0000C9802F031F90598092837D1FF20009006
:10E5D000A34840780490A248007812230390014693
:10E5E000A048049A05F0B6F9FF2000909C484078B6
:10E5F00004909B4800781C23039001469948049A94
:10E6000005F0A8F9FF2000909548007904909448FF
:10E61000C0781223039001469248049A05F09AF9B3
:10E62000FF2000908E48007904908D48C0781C230C
:10E63000039001468B48049A05F08CF905980C2844
:10E6400003D18949894801F01FF8059803281BD197
:10E650000C9890F8B41190F8B301CDE900010C9832
:10E6600001E03EE016E090F8B10104900C9890F8BB
:10E67000B00103900C9890F8AF0102900146DDE9DB
:10E6800003230C9801F0A2F8784890F87E017749AE
:10E6900081F89A010C99059881F87E01734890F8E9
:10E6A0007E01724991F89A11884203D101206F4985
:10E6B00081F89A010C9890F87E0118B914210C98F1
:10E6C00080F886110C9890F87E01012804DD012164
:10E6D0000C9880F87F1103E000210C9880F87F11DE
:10E6E00000BF41F237010A9888421ED1584881790B
:10E6F000407901EB002080B207900621079890FB3B
:10E70000F1F0C1B20C9880F8B6110621079890FB81
:10E71000F1F201FB120000EB80004006010E0C98A4
:10E7200080F8B7110C9801F029FA41F238010A98E3
:10E7300088421ED146488179407901EB002080B2A1
:10E7400006900621069890FBF1F0C1B20C9880F873
:10E75000B8110621069890FBF1F201FB120000EBC4
:10E7600080004006010E0C9880F8B9110C9801F059
:10E77000D5FC41F234010A98884214D13448817999
:10E78000407901EB00203949B1F8621188420AD082
:10E790002F488179407901EB002080B20146059035
:10E7A0000C9800F063FD45F270110A98884205D17B
:10E7B0002F4A2749491D0C9800F082FE41F254016E
:10E7C0000A9888421ED12B4890F826002049897962
:10E7D000884217D01E48807908B1012100E000214D
:10E7E000244880F8261090F8260040B11F48B0F861
:10E7F0007C01C0EB001081001E48C16302E00021D3
:10E800001C48C16341F255010A9888424DD100204D
:10E810001949086019480068401C184908600846F2
:10E820000068142807D9002008601548007880F097
:10E830000100134908700F4890F8220004498979B3
:10E84000884232D002488079E0B101201BE000000C
:10E85000C8230020400B0020BA0C0020AC0C002084
:10E86000F0210020B5040020F20C0020842E0020AE
:10E8700010300020240C0020080500200C0500208A
:10E880003C0400200020F94981F82200084690F855
:10E89000220038B1F648B0F87C01C0EB00108000CF
:10E8A000C86202E00020F149C86241F256010A98AC
:10E8B00088422CD1EF480068401CEE4908600020D7
:10E8C000ED490860EB480068142801D900BFFEE755
:10E8D000E64890F82300E9498979884217D0E7484B
:10E8E000807908B1012100E00021E04880F8231080
:10E8F00090F8230040B1DE48B0F87C01C0EB001076
:10E900008100DA48016302E00021D8480163DC4855
:10E910000078E8B341F213110A9888422AD1D3480B
:10E9200090F82700D5498979884223D0D348807947
:10E9300008B1012100E00021CC4880F8271090F8B0
:10E94000270070B1CA48B0F87C01C0EB001081000C
:10E95000C6480164012241F210110C9802F076F9C8
:10E9600008E00021C1480164002241F210110C9816
:10E9700002F06CF941F214110A9888422CD1BB487C
:10E9800090F82800BD498979884225D0BB4800E02D
:10E9900048E0807908B1012100E00021B34880F807
:10E9A000281090F8280070B1B148B0F87C01C0EB95
:10E9B00000108100AD484164012241F211110C9810
:10E9C00002F044F908E00021A8484164002241F225
:10E9D00011110C9802F03AF941F215110A98884287
:10E9E0002AD1A24890F82900A4498979884223D0E5
:10E9F000A248807908B1012100E000219B4880F8FD
:10EA0000291090F8290070B19948B0F87C01C0EB4A
:10EA10000010810095488164012241F212110C9886
:10EA200002F014F908E0002190488164002241F2CC
:10EA300012110C9802F00AF941F2B5010A988842C5
:10EA400017D18E488179407901EB0020A0F5FA605A
:10EA5000C1B20C9880F8BA110C9890F8BA0100F580
:10EA6000FA60024641F2B00105900C9802F0EEF80F
:10EA70002EE041F2B6010A98884229D17F48817977
:10EA80000C9880F8BB110C9890F8BB010C280DDD98
:10EA90000C210C9880F8BB110C9890F8BB01024631
:10EAA00041F2B60105900C9802F0D0F80C9890F85D
:10EAB000BB01024641F2B10105900C9802F0C6F884
:10EAC0000C9890F8BC016D49887141F2B7000A902A
:10EAD00041F2B7010A9888422AD1684881790C9896
:10EAE00080F8BC110C9890F8BC1190F8BB01654AF5
:10EAF000105C814211DD0C9890F8BB011146095C55
:10EB00000C9880F8BC110C9890F8BC01024641F2B8
:10EB1000B70105900C9802F099F80C9890F8BC0198
:10EB2000024641F2B20105900C9802F08FF88FE294
:10EB300041F2B8010A98884222D1504881790C9854
:10EB400080F8BD110C9890F8BD0117280DDD172134
:10EB50000C9880F8BD110C9890F8BD01024641F266
:10EB6000B80105900C9802F071F80C9890F8BD016E
:10EB7000024641F2B30105900C9802F067F867E293
:10EB800041F2B9010A98884222D13C4881790C9817
:10EB900080F8BE110C9890F8BE013B280DDD3B219A
:10EBA0000C9880F8BE110C9890F8BE01024641F214
:10EBB000B90105900C9802F049F80C9890F8BE0144
:10EBC000024641F2B40105900C9802F03FF83FE292
:10EBD00041F2BA010A9888421AD100220C9890F8A2
:10EBE000BE1190F8BD018DE807000C9890F8BC01AB
:10EBF00005900C9890F8BB0104900C9890F8BA011D
:10EC000003900146DDE904230C9801F0EDFF1FE2BB
:10EC10000A98162838D11948017AC07901EB0021E9
:10EC20000C98B0F8C401814209D11448817A407A25
:10EC300001EB00210C98B0F8C601814203D00021FD
:10EC40000C98A0F8C0110D48017AC07901EB0020A2
:10EC500081B20C98A0F8C4110848817A407A01EB7F
:10EC6000002081B20C98A0F8C611F1E1240C00201C
:10EC7000842E0020080500200C050020C823002059
:10EC8000200E0020C0A5030841F26B010A988842BB
:10EC900023D10C98B0F89C01EE498979C1EB0111A0
:10ECA000B0EB810F93D0EB488079C0EB001081006E
:10ECB0000C98A0F89C11E7488079062806D100221C
:10ECC00041F26C010C9801F0C1FFC1E1022241F256
:10ECD0006C010C9801F0BAFFBAE141F203010A9805
:10ECE000884209D1DB48807908B1012100E0002188
:10ECF0000C9880F80311ABE141F26A010A9888424E
:10ED00000FD1D54890F89A01152803D10121D24896
:10ED100080F89A110C9801F0ADFB0C9800F0EEFA17
:10ED200096E141F2F1010A9888420CD1C9488079F4
:10ED30000C289AD10C9890F89A01014605900C98ED
:10ED4000FDF792FB84E141F2F0010A9888421BD161
:10ED5000C0488079132888D1C04804F0E5FBC0483A
:10ED600040780590BE480078052304900146BD48D0
:10ED7000059A04F0A1FDBCA10C9800F085FC0021CF
:10ED80000C98FEF76FFC63E141F2F4010A988842A7
:10ED90006ED10C9890F80301002868D1B348007830
:10EDA00008B3B3480078F0B1AA48807904280DD19F
:10EDB000AE48407808B9012100E00021AB4841701D
:10EDC0004078014605900C9801F0ECFAA148807952
:10EDD000052835D1A648407808B9012000E0002078
:10EDE000A34948702CE0A148007880B19948807907
:10EDF000042803D097488079052821D19B48407882
:10EE000008B9012000E000209849487018E09848AF
:10EE10000078A8B18F488079042803D08D48807984
:10EE200005280DD19248407808B9012100E0002161
:10EE30008F4841704078014605900C9801F0A2F986
:10EE40008448807903280FD101210C9880F805119E
:10EE5000012241F23A110C9801F0F8FE854804F0C5
:10EE600005F80C99C1F8CC0100207A498871EFE0CF
:10EE700041F2F5010A98884251D10C9890F80301AB
:10EE8000F0BB74488079302814D17B4890F8491041
:10EE9000405C00F0010068B1774890F849101430E8
:10EEA000405C08B9FEF7BCBC0021734890F84920CB
:10EEB0001430815467488079312815D16E4890F814
:10EEC00049006D49085C00F0010068B1084690F8FF
:10EED00049101430405C012800D1E3E70121664865
:10EEE00090F84920143081545A488079322807D14B
:10EEF000614890F84910405C012801D15E4800E06B
:10EF0000A6E090F849101430405C022800D1C9E70F
:10EF10000221594890F849201430815498E041F278
:10EF20006D010A9888420BD14A488179407901EBFA
:10EF3000002080B2014605900C9800F0FBFA87E0B3
:10EF400041F26E010A9888420BD14248817940799A
:10EF500001EB002080B2014605900C9800F0F2FB16
:10EF600076E041F269010A98884218D139488179DE
:10EF7000407901EB002080B2059000210C9880F8C8
:10EF8000A01105980A2809D116210C98FDF76CFAF2
:10EF9000002241F269010C9801F058FE58E041F25C
:10EFA0007C010A9888420CD12A488179407901EB8A
:10EFB000002080B20246002105900C9801F06AF80A
:10EFC00046E041F27D010A9888420CD121488179BE
:10EFD000407901EB002080B20246012105900C9897
:10EFE00001F058F834E041F27E010A9888420CD1D1
:10EFF00018488179407901EB002080B20246022155
:10F0000005900C9801F046F822E041F27F010A9841
:10F0100088420CD10F488179407901EB002080B201
:10F020000246032105900C9801F034F810E041F2FB
:10F0300081010A9888420BD106488179407901EB19
:10F04000002080B20246042105900C9801F022F8BD
:10F0500000BF27E7C8230020842E0020F00C0020EA
:10F06000F0210020B504002020000000AC0C00209E
:10F07000BA0C0020C0090020400B00202DE9F0410F
:10F0800004460D461E48007800B3052241F25B019C
:10F09000204601F0DBFD2E4694F86F01012808D1CF
:10F0A00030460AF069FE07463946204600F096F9D8
:10F0B0000646324641F27A01204601F0C7FD10486B
:10F0C000B0F90610204600F0E1FC11E0012241F207
:10F0D0005B01204601F0BAFD052241F2670120469E
:10F0E00001F0B4FDFF2241F26501204601F0AEFDC2
:10F0F00003484178204601F055F9BDE8F081000051
:10F10000AC0C00202DE9F041044694F8AE0120B18A
:10F11000002084F8AE01BDE8F08194F88601DE2875
:10F1200000D0F8E7214991F849201E3131F9121039
:10F1300088000AF021FE06461C4991F84920283132
:10F1400031F9121088000AF017FE074630460AF01F
:10F15000D7FD05B22A4641F20501204601F076FDB1
:10F1600038460AF0CDFD05B22A4641F20601204696
:10F1700001F06CFD0D4991F849201E3131F9120062
:10F180000AF0FAFD054629462046FEF78DFA0749A2
:10F1900091F84920283131F912000AF0EDFD0546B9
:10F1A0002946204600F0FAF800BFB4E7400B0020E3
:10F1B00010B5044694F86A2141F23E01204601F060
:10F1C00045FD94F86C0194F86B1101EBC10303EB5E
:10F1D000011100EB810002B24FF48251204601F090
:10F1E00035FD10BD2DE9F04104460D461E4800785E
:10F1F00000B3052241F25C01204601F027FD2E46B6
:10F2000094F86F01012808D130460AF0B5FD074691
:10F210003946204600F0E2F80646324641F27B01CC
:10F22000204601F013FD1048B0F90610204600F00A
:10F23000A7FD11E0012241F25C01204601F006FD2C
:10F24000052241F26801204601F000FDFF2241F253
:10F250006601204601F0FAFC03484178204600F0A0
:10F2600091FFBDE8F0810000BA0C002070B50446A3
:10F270000D46182D11DA2048A0F86251B4F8620149
:10F2800002B241F22E01204601F0E0FC002241F2E0
:10F290002F01204601F0DAFC12E0182095FBF0F077
:10F2A000C6B21548A0F86251324641F22E012046FE
:10F2B00001F0CCFC012241F22F01204601F0C6FCF6
:10F2C000602D0EDD002084F8640194F8642141F281
:10F2D0003501204601F0BAFC64200749A1F862011B
:10F2E00009E0022084F8640194F8642141F23501B8
:10F2F000204601F0ABFC70BD842E002010B5044602
:10F30000B4F8C001401CA4F8C001B4F8C001B0F5C5
:10F31000AF7F03DB4FF4AF70A4F8C0011D4890F835
:10F320007E010E2802D10020A4F8C0011A480088EE
:10F3300010B10020A4F8C001B4F8C001B4F89C11C9
:10F34000884211DD94F8C30118BB4FF47A73002290
:10F3500011462046FEF750F9012084F8C30115211B
:10F360002046FDF781F814E094F8C30188B194F8C1
:10F37000842194F882114FF47A732046FEF73CF909
:10F38000002084F8C301034890F89A112046FDF745
:10F390006BF810BD842E0020F00C002070B50446E0
:10F3A0000D4694F86F01012804D129460A4803F05C
:10F3B0007FFD054628460AF0BFFC06B2324641F200
:10F3C0004301204601F042FC94F86F2141F23601DE
:10F3D000204601F03BFC70BDC00900202DE9F05F24
:10F3E00083460C460A4920460AF026FD8246094912
:10F3F0000AF0C4FB81460AF027FB07460022064BB1
:10F4000009F028FE05460AF061F800B2BDE8F09F59
:10F41000000010410000A0400040404070B504468C
:10F420000D46164694F88601DE2804D13246294658
:10F43000204601F00BFC70BD2DE9F04104468846E2
:10F4400094F88601502801DABDE8F081EB27002509
:10F4500003E020206055681C85B2BD42F9DB002026
:10F460006055002605E018F8060000B903E0701C9E
:10F4700086B2BE42F7DB00BF5A202070A520607024
:10F48000381DA0708220E0705520207150206071DE
:10F49000002505E018F80510A81D2154681C85B248
:10F4A000B542F7DB0021A81D2154F81D82B2214688
:10F4B0000248F7F7CDF800BFC6E70000C8230020D8
:10F4C0002DE9F04184460D46002100270023012646
:10F4D0000324102127E0A1F1010815F808003028C5
:10F4E00010DB39280EDCA0F1300808F0FF0706FB1E
:10F4F000073808F0FF0306EB86084FEA48684FEA32
:10F5000018660CE02E280AD1012613550023002C82
:10F5100004DDA4F1010808F0FF0400E005E0A1F11A
:10F52000010808F0FF010029D5D100BF1370BDE824
:10F53000F08100002DE9F04705460C461948007897
:10F5400038B3642C2BDC20460AF02EFC8246164988
:10F550000AF072FC814615490AF010FB80461449F6
:10F560000AF09EFA064630460AF0CAFB07B20D487A
:10F57000C78095F86F01012804D131462846FFF76E
:10F580002DFF07463A4641F27A01284601F05EFB1C
:10F5900005E0012241F25B01284601F057FBBDE87E
:10F5A000F0870000AC0C00200000E8410000C842D9
:10F5B0000000404010B50446B4F8D40102B241F254
:10F5C0005211204601F042FBD4F8D00100EB80023A
:10F5D000034800EB820001692046FFF72DFF10BDB4
:10F5E0006830002070B505460C4634B9002241F25F
:10F5F0000201284601F02AFB05E0012241F2020146
:10F60000284601F023FB70BD2DE9F04104460F466A
:10F61000904694F88601502801DABDE8F081002573
:10F6200003E020206055681C85B21E2DF9DB002602
:10F6300004E0B85D00B903E0701C86B21E2EF8DB52
:10F6400000BF5A202070A52060702020A07082206A
:10F65000E0704FEA2820207184F80580002504E03E
:10F66000795DA81D2154681C85B2B542F8DB0021E4
:10F67000A81D2154232221460248F6F7E9FF00BFC6
:10F68000CBE70000C82300202DE9F041044688465E
:10F6900094F88601502801DABDE8F081EB270025B7
:10F6A00003E020206055681C85B2BD42F9DB0020D4
:10F6B0006055002605E018F8060000B903E0701C4C
:10F6C00086B2BE42F7DB00BF5A202070A5206070D2
:10F6D000381DA0708220E0705020207100206071E1
:10F6E000002505E018F80510A81D2154681C85B2F6
:10F6F000B542F7DB0021A81D2154F81D82B2214636
:10F700000248F6F7A5FF00BFC6E70000C8230020A7
:10F7100070B504460D4616465A202070A52060702C
:10F720000520A0708220E0702812207165713012CF
:10F73000A071E671082221460148F6F789FF70BDE5
:10F74000C82300202DE9F04705460C461C480078E8
:10F7500068B3642C31DC20460AF026FB8246194946
:10F760000AF06AFB814618490AF008FA804600212F
:10F770000AF096F9064630460AF0C2FA07B2104877
:10F78000C78095F86F01012804D131462846FFF75C
:10F7900025FE07463A4641F27B01284601F056FA1B
:10F7A00022B241F26E01284601F050FA05E0012232
:10F7B00041F25C01284601F049FABDE8F0870000FB
:10F7C000BA0C00200000A0420000C8422DE9F0471A
:10F7D00004460F4615461E46DDE9088994F8860161
:10F7E000DE2801D0BDE8F0870C2D01DC012D00DA08
:10F7F00001251F2E01DC012E00DA0126B8F1170FBA
:10F8000001DD4FF00C08B9F13B0F01DD4FF01E098F
:10F8100084F8BA7140F2BB100555401C065584F8B7
:10F82000BD8184F8BE910021C01C01555A20207072
:10F83000A52060700D20A0708220E0701020207143
:10F84000B020607107F5FA600012A07107F5FA6048
:10F85000E0712812207265723012A072E6724FEACF
:10F860002820207384F80D804FEA2920A07384F8A3
:10F870000F90102221461448F6F7EAFE5A20207015
:10F88000A52060700D20A0708220E07010202071F3
:10F89000B52060713812A071E7712812207265726C
:10F8A0003012A072E6724FEA2820207384F80D808F
:10F8B0004FEA2920A07384F80F90102221460248B5
:10F8C000F6F7C6FE00BF8DE7C823002070B50446DA
:10F8D00094F8050178B3184803F0C8FAD4F8CC11AD
:10F8E000401AB0F5967F26D9134803F0BFFA42F2CA
:10F8F00010710844C4F8CC01002084F805010025EB
:10F9000008E001210D4841552946204600F06AF9DA
:10F91000681CC5B2052DF4DB94F8010128B994F8F0
:10F92000000110B9012084F80001002241F23A11CF
:10F93000204601F08BF970BDC0090020540B002057
:10F9400070B504460E463546414890F8491004F516
:10F95000A67020F811603E4890F849101430405CC1
:10F96000A84200D170BD3A4890F849003849085C77
:10F97000012802D0022D00D10025354890F8491009
:10F9800014304554012D1FD1143890F8491004F556
:10F990008D7030F8110002B241F22601204601F0CC
:10F9A00055F92B4890F8493004F5837030F813006E
:10F9B00002B2274890F8493004F5A17030F81310CE
:10F9C000204601F043F940E0022D1FD1204890F875
:10F9D000491004F59C7030F8110002B241F2260182
:10F9E000204601F033F91A4890F8493004F5977031
:10F9F00030F8130002B2164890F8493004F5A170AF
:10FA000030F81310204601F021F91EE0104890F85C
:10FA1000491004F5927030F8110002B241F226014B
:10FA2000204601F013F90A4890F8493004F588702F
:10FA300030F8130002B2064890F8493004F5A1707E
:10FA400030F81310204601F001F900BF8AE70000EA
:10FA5000400B002070B5044600250B48C07820B943
:10FA60000020094981F8220003E00120064981F8BD
:10FA70002200204600F0BEFB05462AB24FF480511A
:10FA8000204601F0E3F870BDC80C00202DE9F047D6
:10FA900005460C461B48007860B3032C30DB202C55
:10FAA0002EDCE01E0AF068F9814617490AF066F874
:10FAB000804616490AF0C0F907460AF03DF986B2B9
:10FAC00095F86F01012808D120460AF055F907463C
:10FAD00039462846FFF782FC0446224641F27A0165
:10FAE000284601F0B3F832B241F26D01284601F028
:10FAF000ADF805E0012241F25B01284601F0A6F8CD
:10FB0000BDE8F087AC0C00200000E8410000C842CE
:10FB10002DE9F05F06460D461446A04696F86F01A3
:10FB2000012806D104EBC400052190FBF1F00FFA87
:10FB300080F841F2820029184246304601F086F8EA
:10FB400004F10A000AF018F983460A490AF016F887
:10FB5000824609490AF070F981460AF0EDF887B249
:10FB600041F27C0029183AB2304601F06FF8BDE846
:10FB7000F09F00000000A0410000204270B5044644
:10FB80004FF4DB70055D94F86D01022814D10C2D43
:10FB900006DB022241F23D01204601F057F805E064
:10FBA000012241F23D01204601F050F80C2D09DD03
:10FBB000A5F10C0085B205E0002241F23D0120468E
:10FBC00001F044F894F8B70105EBC50101EB05110C
:10FBD00000EB810002B241F24E01204601F036F8FE
:10FBE00070BD000070B505460C465248005D032804
:10FBF00001D1012000E00020064695F88601DE28AC
:10FC000000D070BD4B48005D00F0010000B9F8E77E
:10FC100005F5A67030F8141046481430005D814296
:10FC200000D1EEE743481430015D05F5A67020F8D9
:10FC3000141040481430005D012826D13D4890F84A
:10FC40004900A04214D105F58D7030F8140002B2BD
:10FC500041F22601284600F0F9FF36481430005DD5
:10FC600006EB4601421841F2C601284600F0EEFFBD
:10FC700005F5837030F8140002B205F5A17030F874
:10FC80001410284600F0E2FF51E02A481430005DCD
:10FC9000022826D1274890F84900A04214D105F542
:10FCA0009C7030F8140002B241F22601284600F0A0
:10FCB000CDFF20481430005D06EB4601421841F2AA
:10FCC000C601284600F0C2FF05F5977030F8140011
:10FCD00002B205F5A17030F81410284600F0B6FF06
:10FCE00025E0144890F84900A04214D105F592701F
:10FCF00030F8140002B241F22601284600F0A6FFB7
:10FD00000C481430005D06EB4601421841F2C60172
:10FD1000284600F09BFF05F5887030F8140002B209
:10FD200005F5A17030F81410284600F08FFF00BFD1
:10FD300067E70000400B002010B504460121084889
:10FD4000FDF790FC07A10648FFF79EFC0C21044834
:10FD5000FCF78AFB4FF4FA71084803F073F810BD02
:10FD6000842E002055706461746520696E20707265
:10FD70006F67726573732E2E2E000000C00900207D
:10FD80002DE9F04705460C461B48007860B3002C6F
:10FD900030DB502C2EDC204609F0EEFF814617495F
:10FDA00009F0ECFE804616490AF046F8074609F0CD
:10FDB000C3FF86B295F86F01012808D1204609F0EB
:10FDC000DBFF074639462846FFF708FB0446224674
:10FDD00041F27B01284600F039FF32B241F26E0158
:10FDE000284600F033FF05E0012241F25C0128467D
:10FDF00000F02CFFBDE8F087BA0C00200000A04204
:10FE00000000C84210B50446444802784FF48A51B5
:10FE1000204600F01BFF4148427841F24111204644
:10FE200000F014FF3D48827841F24211204600F074
:10FE30000DFF3A48C27841F24311204600F006FF18
:10FE40003648027941F24411204600F0FFFE344862
:10FE50000078C0EBC00101EB001241F245112046D1
:10FE600000F0F4FE2F480078C0EBC00101EB001257
:10FE700041F24611204600F0E9FE284890F83F0084
:10FE8000021D41F24711204600F0E0FE234890F8A1
:10FE90004000021D41F24811204600F0D7FE1F48E5
:10FEA00090F84100021D41F24911204600F0CEFEBB
:10FEB0001A4890F84200021D41F24A11204600F013
:10FEC000C5FE164890F84300021D41F24B11204632
:10FED00000F0BCFE1248007A021D41F24C1120468F
:10FEE00000F0B4FE0F48807A021D41F24D11204609
:10FEF00000F0ACFE0A48007B00F10C0241F24E110A
:10FF0000204600F0A3FE0748C07A00F10C0241F23F
:10FF10004F11204600F09AFE10BD0000400B00205B
:10FF2000AC0C0020BA0C00202DE9F04380460F46AF
:10FF300016460024A146002511E03219795D40469D
:10FF4000FCF75AF9814604EB0900C4B2032D00D135
:10FF500007E02E203055601CC4B2681CC5B2042DC9
:10FF6000EBDBBDE8F08300002DE9FF4105460E46BE
:10FF700017461C464FF00108022C0AD13A460EA142
:10FF80006846F0F79DF96846F0F702FB00F0FF08BD
:10FF900009E03A4609A16846F0F792F96846F0F799
:10FFA000F7FA00F0FF0843466A4631462846FDF757
:10FFB00045FABDE8FF8100002578000025640000B7
:10FFC00010B5044694F88601DE2800D010BD00204C
:10FFD0001049A1F8C001084690F87E01152802D109
:10FFE000012081F89A010E212046FCF73DFA0020FD
:10FFF00084F8780184F8790194F8842194F88211C6
:020000040803EF
:100000004FF47A732046FDF7F7FA002084F8C30115
:1000100000BFDBE7842E002070B505460C4609487A
:1000200090F8E80030B1002241F21611284600F0A5
:100030000DFE05E022B241F21611284600F006FE40
:1000400070BD00000C0A00202DE9F04104460D4669
:100050000F480078A0B12E4694F86F01012808D10E
:10006000304609F089FE074639462046FFF7B6F9C3
:100070000646324641F26501204600F0E7FD05E004
:10008000FF2241F26501204600F0E0FDBDE8F0816D
:10009000AC0C00202DE9F05F06460C461546282DD5
:1000A0002EDC284609F080FE8346164909F0C4FE7E
:1000B0008246154909F062FD8146144909F0F0FCB9
:1000C0008046404609F01CFE07B279B2104801553F
:1000D00096F86F0101280BD10E49404609F0ACFE9D
:1000E00082460D4909F04AFD814609F009FE07B232
:1000F00041F2820021183A46304600F0A7FD00BFC9
:10010000BDE8F09F0000A04100002042000020C197
:10011000EA0B0020000010410000A04070B504462A
:100120004FF4DC70055D94F86D01022814D10C2D9C
:1001300006DB022241F23F01204600F087FD05E088
:10014000012241F23F01204600F080FD0C2D09DD27
:10015000A5F10C0085B205E0002241F23F012046E6
:1001600000F074FD94F8B90105EBC50101EB051130
:1001700000EB810002B241F24F01204600F066FD23
:1001800070BD000070B505460C461CB9002005493D
:10019000487002E0012003494870284600F014F935
:1001A00070BD0000BA0C00202DE9F04104460D4658
:1001B0000F480078A0B12E4694F86F01012808D1AD
:1001C000304609F0D9FD074639462046FFF706F9C3
:1001D0000646324641F26601204600F037FD05E052
:1001E000FF2241F26601204600F030FDBDE8F081BB
:1001F000BA0C002001460020194A92F800211AB9D1
:10020000174A92F80321F2B10120164AD27802B9B6
:1002100025E0144AD278012A07D1124A1279042A19
:1002200001D101201BE0042019E00E4AD278022AF5
:1002300001D1022013E00B4AD278032A01D1032016
:100240000DE004200BE00020064AD27802B906E057
:10025000044AD278012A01D1002000E0052070472D
:10026000842E0020C80C002070B50546002405E04F
:1002700021462846FFF7B6FC601CC4B2052CF7DB0C
:10028000034890F849102846FDF77AFA70BD00003F
:10029000400B002070B504461648FFF7ABFF05B2CF
:1002A0002A464FF48051204600F0D0FC94F801011A
:1002B00030B1012241F20101204600F0C7FC05E007
:1002C000002241F20101204600F0C0FC94F8010137
:1002D00010B994F8000130B1012241F20A11204610
:1002E00000F0B4FC05E0002241F20A11204600F0C3
:1002F000ADFC70BD842E002010B504462348007864
:1003000000F0010050B9214807F002FF30B194F825
:1003100001011F4908701D48AFF300801D48007897
:1003200000F0010050B91B4807F0F2FE30B194F81C
:100330000001194908701748AFF3008094F80101D3
:100340001349097888420FD194F8000112490978BD
:10035000884209D1114802F089FD11490968401A03
:1003600040F6B83188420FD90C4802F07FFD0C49A5
:10037000086094F801010649087094F800010649E4
:1003800008702046FFF786FF10BD000054050020CE
:10039000580500205005002059050020C009002004
:1003A0005C05002070B505460C461CB900200549C7
:1003B000487002E0012003494870284600F004F824
:1003C00070BD0000AC0C002070B505460024274825
:1003D000007868B12648007850B12448407808B1C8
:1003E000A01CC4B222484078B8B1601CC4B214E06A
:1003F0001E48007830B11D48407808B107240CE051
:1004000006240AE01A48007830B11948407808B14B
:10041000052402E0042400E0FF24224641F26401A6
:10042000284600F013FC114840781049097809B9B2
:10043000012100E0002101EB810100EB410241F2CA
:100440007C11284600F002FC0948407808490978E8
:1004500009B9012100E0002101EB810100EB41021B
:1004600041F27D11284600F0F1FB70BDAC0C00207C
:10047000BA0C00200021024AA2F8C0117047000007
:10048000842E002010B504467948007800F0010061
:1004900058B9774807F03CFE38B1764802F0E6FCE0
:1004A000754908607248AFF3008094F88601DE2831
:1004B0007ED12046FDF7AEF9204600F0CDF920466A
:1004C00000F006FC2046FFF701FA2046FFF714FF74
:1004D000684802F0CBFC68490968401AB0F57A7F99
:1004E00067D3644802F0C2FC63490860B4F89E0117
:1004F00000280BDDB4F89E01012802D15F48F7F710
:100500001BFCB4F89E01401EA4F89E015C4890F8C4
:10051000E600672801D1002000E00A20024641F2EF
:10052000CD01204600F092FB5648FBF749FF5548A5
:10053000FFF790FA5348FEF7E1FE5248FFF794FEAA
:10054000D4F8A401F8B1D4F8A401012816D10020F0
:1005500084F8000184F8010100224FF48051204604
:10056000FEF75CFF002241F201012046FEF756FF34
:10057000002241F20A112046FEF750FFD4F8A401F0
:10058000401EC4F8A40194F8000128B994F80101B0
:1005900010B90020C4F8A401D4F8A80190B1D4F88F
:1005A000A801012809D1002037494870002101E045
:1005B00057E04EE02046FFF7E5FDD4F8A801401EC5
:1005C000C4F8A8013048407810B90020C4F8A80148
:1005D00094F8A001401C84F8A00194F8A00105281B
:1005E00042DD002084F8A001002241F2690120468A
:1005F00000F02CFB2548007810B12448807800E0FA
:100600000520024641F26701204600F01FFB1E480C
:10061000007810B11C48807800E00520024641F2C5
:100620006801204600F012FB1848B0F9041020467B
:10063000FFF70AFD1448B0F904102046FFF7B4FD97
:100640001348007830B1FF2241F227110D4800F025
:10065000FDFA09E0012241F227110A4800F0F6FAFA
:1006600002E02046FBF76AFF0A48F6F767FA10BD7A
:1006700000050020C0090020040500205C30002097
:100680000C0A0020842E0020BA0C0020AC0C0020A4
:10069000200E0020C823002070B506460C461546E3
:1006A000F4B975B14FF4707242F277013046FFF73A
:1006B0002FF840F2AE2242F278013046FFF728F8D8
:1006C000B1E040F26F1242F277013046FFF720F8B6
:1006D0004FF4047242F278013046FFF719F8A2E0B5
:1006E000012C1ED175B14FF4707242F26501304693
:1006F000FFF70EF840F2AE2242F266013046FFF7F5
:1007000007F890E04FF4FA7242F265013046FEF7C6
:10071000FFFF4FF4047242F266013046FEF7F8FF25
:1007200081E0022C1ED175B14FF4707242F25C016F
:100730003046FEF7EDFF40F2AE2242F25D01304658
:10074000FEF7E6FF6FE040F27F2242F25C013046A6
:10075000FEF7DEFF4FF4047242F25D013046FEF711
:10076000D7FF60E0032C1ED175B14FF4707242F2D6
:1007700053013046FEF7CCFF40F2AE2242F2540164
:100780003046FEF7C5FF4EE040F20A3242F2530116
:100790003046FEF7BDFF4FF4047242F2540130467A
:1007A000FEF7B6FF3FE0042C1ED175B14FF4707216
:1007B00042F24A013046FEF7ABFF40F2AE2242F26F
:1007C0004B013046FEF7A4FF2DE040F2953242F295
:1007D0004A013046FEF79CFF4FF4047242F24B018F
:1007E0003046FEF795FF1EE0052C1CD175B14FF485
:1007F000707242F26E013046FEF78AFF40F2AE227E
:1008000042F26F013046FEF783FF0CE04FF437727F
:1008100042F26E013046FEF77BFF142242F26F0176
:100820003046FEF775FF70BD70B504460D4616469E
:100830005A202070A52060700420A0708320E070F2
:10084000281220716571A671072221460148F5F72B
:10085000FFFE70BDC823002010B50446D3480078C1
:1008600000F0010068B9D14807F052FC48B1D04807
:1008700002F0FCFA00F21A40CE490860CB48AFF310
:100880000080CD48007800F0010068B9CA4807F040
:100890003FFC48B1C64802F0E9FA00F5FA60C749E2
:1008A0000860C548AFF30080C548007800F001003B
:1008B00068B9C34807F02CFC48B1BD4802F0D6FA2D
:1008C00000F21310BF490860BD48AFF30080BE4876
:1008D000007800F0010068B9BB4807F019FC48B186
:1008E000B34802F0C3FA00F20D20B8490860B648D8
:1008F000AFF30080B648007800F0010068B9B44852
:1009000007F006FC48B1AA4802F0B0FA00F64D0024
:10091000B0490860AE48AFF30080AF48007800F0FF
:10092000010068B9AC4807F0F3FB48B1A04802F0F9
:100930009DFA00F6B830A9490860A748AFF30080D7
:1009400094F87E01012813D1994802F08FFA9B494F
:100950000968401AC8280BD3954802F087FA9749CE
:100960000860032241F223012046FFF75DFF10BD1E
:100970008F4802F07BFA8F490968401AB0F5967FDC
:100980002ED38B4802F072FA8A49086094480078A6
:1009900028B907224FF480512046FFF745FF9048C1
:1009A0000078012811D1012241F254012046FFF7BD
:1009B0003BFF012241F255012046FFF735FF01229E
:1009C00041F256012046FFF72FFF86480078401C71
:1009D0008449087008460078012801DD002008706D
:1009E000734802F043FA77490968401AB0F57A7FF4
:1009F0000DD36F4802F03AFA7249086004221021C0
:100A00002046FFF711FF2046FCF7C0FDAFE794F842
:100A10007E01052827D1664802F028FA6B4909684B
:100A2000401AC8281FD3624802F020FA67490860BC
:100A30006C48007848B9012241F237012046FFF79F
:100A4000F3FE0120674908700CE066480078012831
:100A500008D1012241F238012046FFF7E5FE0020CF
:100A60006049087083E794F87E01062835D1504824
:100A700002F0FCF955490968401AC8282DD94C489C
:100A800002F0F4F9514908605648007828B901226B
:100A900041F234012046FFF7C7FE52480078012892
:100AA00005D1012241F203012046FFF7BDFE4D486A
:100AB0000078052805D1012241F244012046FFF7C4
:100AC000B3FE48480078401C464908700846007844
:100AD000052801DD0020087049E7354802F0C6F915
:100AE0003C490968401AB0F5FA7F0AD9304802F04B
:100AF000BDF938490860012214212046FFF794FE11
:100B000035E794F87E01072814D1294802F0AEF9A0
:100B10002E490968401AB0F5FA7F0BD9244802F033
:100B2000A5F92A490860012241F231012046FFF768
:100B30007BFE1CE794F87E01082835D11C4802F0A2
:100B400095F922490968401AC8282DD9184802F099
:100B50008DF91E4908602348007828B9012241F226
:100B60006B012046FFF760FE1E480078012805D182
:100B7000012241F22C012046FFF756FE1948007869
:100B8000022805D1012241F22D012046FFF74CFE3B
:100B900014480078401C1349087008460078022861
:100BA00001DD00200870E2E600BFE0E62405002039
:100BB000C009002028050020200500202C05002069
:100BC0001C050020300500201805002034050020F9
:100BD0001405002038050020100500203C050020E9
:100BE00041050020400500202DE9F04704460D4650
:100BF00016461F46DDE9099ADDF8208094F8860143
:100C0000DE2801D0BDE8F0875A202070A520607052
:100C10000B20A0708220E070002020719C20607169
:100C20005A20A071A520E07125726672A77284F81F
:100C30000B8084F80C9084F80DA00E222146024807
:100C4000F5F706FD00BFDDE7C823002070B50446B8
:100C50000D4616465A202070A52060700520A07011
:100C60008220E070281220716571300AA071E6714F
:100C7000082221460148F5F7EBFC70BDC82300208F
:100C800030B50446114890F8B75190F8B601C0EB62
:100C9000001005EB80020D4890F8B95190F8B801AA
:100CA000C0EB001005EB8003084890F8B45190F8B1
:100CB000B301C0EB001005EB8001914203D39942D0
:100CC00001D2012030BD0020FCE70000842E00206E
:100CD0002DE9F04F8FB00446FE48007800F0010087
:100CE00058B9FC4807F014FA38B1FB4802F0BEF8D6
:100CF000FA490860F748AFF30080F74802F0B6F809
:100D0000F6490968401AB0F5FA7F78D3F24802F044
:100D1000ADF8F2490860002566E094F86F010228FA
:100D200009D1EF4951F8250008F0EAFF00B20CA9FB
:100D300021F815000CE0EA4850F82510E64802F0CA
:100D4000B7F8064608F0DCFF00B20CA921F8150040
:100D50000CA830F8150009A921F81500E048483022
:100D6000405DF0B9DE485230405DD0B9DD48405DAD
:100D700000F0010078B304F5B870405D01282AD175
:100D8000D74951F82500D84909F022F823D200218B
:100D900004F5B8704155002229462046FFF77CFC37
:100DA00019E0FF2009A921F81500CE48405D00F0A8
:100DB000010080B1FF200CA921F8150004F5B870DE
:100DC000405D20B9012229462046FFF765FC01213C
:100DD00004F5B8704155C348405D18B9FF2009A912
:100DE00021F81500681CC5B2052D96DB94F86F013B
:100DF000022805D1BA483438B0F9488010E0E3E25F
:100E0000B7493439B1F9480008F0B6FF01460290FD
:100E1000B14802F04DF8064608F072FF0FFA80F86C
:100E2000AF48343890F89000A0B9AD48343890F805
:100E3000920078B94FF4BB70005D012810D1A8482A
:100E40003438B0F9480073280ADA00214FF4BB7037
:100E5000015505E04FF0FF0801214FF4BB7001552B
:100E600094F86F01022807D19D493439086D08F0C4
:100E700047FF0FFA80F90AE099483438016D964827
:100E800002F016F8064608F03BFF0FFA80F9944886
:100E9000343890F89400D0B99148343890F89600DE
:100EA000A8B940F27510005D01281FD18C49343972
:100EB000086D8D4908F08CFF18D2002140F27510A2
:100EC0000155002205212046FFF7E6FB0EE04FF01A
:100ED000FF0940F27510005D20B90122052120466E
:100EE000FFF7DAFB012140F27510015594F86F010C
:100EF000022804D17A483438B0F94AB00FE0784972
:100F00003439B1F94A0008F037FF014602907248BF
:100F100001F0CEFF064608F0F3FE0FFA80FB7048A2
:100F2000343890F88C00A0B96D48343890F88E00B1
:100F300078B940F27710005D012810D16848343844
:100F4000B0F94A0073280ADA002140F277100155FF
:100F500005E04FF0FF0B012140F27710015560488A
:100F6000343890F8E80088B14FF0000B002241F2CD
:100F700016112046FFF76AFE5948343890F874205D
:100F800041F217112046FFF761FE05E00A2241F207
:100F900017112046FFF75AFE544890F8230010B16D
:100FA0004FF0FF0A16E094F86F01022803D14F4872
:100FB000B0F90CA00EE04D49B1F90C0008F0DCFED0
:100FC00001460290444801F073FF064608F098FE7F
:100FD0000FFA80FA002010E04549095C06AA115476
:100FE0003F497431095C19B93D497631095C11B149
:100FF000022106AA1154411CC8B20228ECDB3C486D
:101000007C38FBF717F80590384890F822000490D8
:101010003648407918B9354890F8230008B10220C5
:1010200004903248407803903048007818B92F482F
:1010300090F8230008B102200390002016E029490F
:101040000A31095C002901DD012100E0002107AA25
:10105000115423496831095C19B921496D31095C82
:1010600011B1022107AA1154411CC8B20528E6DBC0
:101070001E4880694FF46161B0FBF1F0A4F866018D
:101080001A48C069B0FBF1F0A4F860012046FCF7F3
:101090002BFB5A202070A52060702720A070822092
:1010A000E070102020710E206071BDF83000000A41
:1010B000A071BDF83000E071BDF83200000A207266
:1010C000BDF832006072BDF83400000AA072BDF8AD
:1010D00034000FE044050020C0090020480500202E
:1010E000400A0020400B00200000E642C80C00200F
:1010F000A00C0020E072BDF83600000A2073BDF895
:1011000036006073BDF83800000AA073BDF83800DF
:10111000E0734FEA1820207484F811804FEA1920F8
:10112000A07484F81390B4F860010012207594F84C
:1011300060016075B4F866010012A07594F866014C
:10114000E075002020769DF81C0060760020A076D7
:101150009DF81D00E076002020779DF81E00607746
:101160000020A0779DF81F00E077002084F8200081
:101170009DF8200084F82100002084F822009DF8CA
:10118000180084F82300002084F824009DF819003A
:1011900084F82500002084F82600059884F82700AC
:1011A000002084F82800049884F829002A22214687
:1011B0008A48F5F74DFA0FFA8AF241F20401204607
:1011C000FFF744FD41F257012046039AFFF73EFD29
:1011D000834800684FF46161B0FBF1F006B232461B
:1011E0004FF483512046FFF731FD7E4890F8E6002A
:1011F000072803DA7B4890F8E67000E0002779487A
:1012000090F8B60018B9774890F8B50030B10022D0
:1012100041F2CE012046FFF719FD17E0032F06DA51
:10122000012241F2CE012046FFF710FD0EE0052F0E
:1012300006DD032241F2CE012046FFF707FD05E05F
:10124000022241F2CE012046FFF700FD2046FEF7C4
:10125000D1FF654981F8C901084690F8C92141F2DA
:10126000C1012046FFF7F2FC60498868604908F038
:10127000E3FD029008F060FD06B2324641F25801EB
:101280002046FFF7E3FC5A202070A5206070112053
:10129000A0708220E07010202071A1206071BDF844
:1012A0002400000AA071BDF82400E071BDF82600FA
:1012B000000A2072BDF826006072BDF82800000AFE
:1012C000A072BDF82800E072BDF82A00000A207361
:1012D000BDF82A006073BDF82C00000AA073BDF8A9
:1012E0002C00E0734FEA1B20207484F811B000201A
:1012F000A074E774142221463848F5F7A9F994F848
:101300007E01172867D13B480078E8B3FF2241F2FD
:1013100027113548FFF79AFC5A202070A5206070ED
:101320001120A0708220E0701120207120206071B7
:1013300000200290002622E094F86F01012808D1D5
:101340002C48103050F826102046FEF747F802903F
:1013500007E02849103151F8260008F0D1FC00B20E
:1013600002900298C0F30720062101EB4601605469
:10137000072101EB460102986054701CC6B2042E8E
:10138000DADB0020019000E01FE000BF15E0194902
:10139000083131F810200A2192FBF1F189B2019154
:1013A000019909120E2202EB4002A1540F2202EB16
:1013B00040020199A154411CC8B20328E7DB142262
:1013C00021460648F5F744F905E0012241F22711CC
:1013D0000548FFF73BFC0FB0BDE8F08FC8230020A5
:1013E0006C0500200C0A0020842E0020C80C002070
:1013F00000002041200E002010B5044604222146A2
:101400007C4801F071FD012084F8C201002084F8BD
:10141000010184F800017E2084F89001012140F24E
:10142000911001550021401C01551D21401C015502
:10143000002004F5B174207684F82400A087A4F875
:101440005E0084F861006C4981F87901A080022077
:1014500060730120E072182020800220A070A4F5A3
:10146000B17409214FF4DB7001551621801C015520
:10147000502004F5BE74E08019202081322084F8C9
:101480003000052020803C2020840120A07700200F
:101490002065022024F8760C012024F86C0C41F21F
:1014A000070024F83A0CA4F5BE7404214FF48470AC
:1014B000015303214FF48970015341F208014FF4A5
:1014C000A270015306214FF48570015305214FF49A
:1014D0008A70015341F209014FF4A37001530821AE
:1014E0004FF48670015307214FF48B70015341F282
:1014F0000A014FF4A47001530A214FF4877001537D
:1015000009214FF48C70015341F20B014FF4A57087
:1015100001530020A4F84C010620A4F82401012066
:10152000A4F81A0100214FF4A770015307214FF4CA
:101530009370015302214FF48E70015300214FF438
:10154000A870015308214FF49470015303214FF404
:101550008F70015300214FF4A970015309214FF4FA
:101560009570015304214FF49070015300214FF402
:10157000AA7001530A214FF49670015305214FF4CC
:101580009170015340F20510A4F8560140F2052174
:101590004FF4AC70015340F20531801C015340F20E
:1015A0000541801C015340F20551801C01530B2062
:1015B000A4F82E010C214FF4987001530D21801CCA
:1015C00001530E21801C01530F21801C01530B205D
:1015D000A4F838010C214FF49D7001530D21801C9B
:1015E00001530E21801C01530F21801C0153204602
:1015F00010BD0000C0090020842E002000210FE053
:10160000002300F130025354121D5354121D535441
:10161000121D5354002280F8402080F84120491CBC
:101620000429EDDB7047000010B50446207858B956
:101630000020206100216161A161E161208161815F
:10164000A1816080A180E18000200DE00022A11C2A
:1016500021F810207749421D895C21B14FF47A723C
:10166000A11C21F81020401C0328EFDB724801F078
:10167000FDFBE16A401AB0F57A7F7DD96E4801F032
:10168000F5FBE06294F84100002866D100BF62E0FB
:101690006A49CA7AC11D8A4202D16849097839B9B2
:1016A00067490A7BC11D8A4254D165490978E9B36B
:1016B00004F1200131F91010FF290CDC04F1340190
:1016C000095C0F2907DA04F13401095C491CCAB22C
:1016D00004F134010A5404F1200131F91010FF29FA
:1016E00003DD002204F134010A5404F13401095CE1
:1016F0000E2903DD012204F13C010A5404F120010A
:1017000031F9101040F6AC5291420CDD04F1300179
:10171000095C0F2907DA04F13001095C491CCAB2DF
:1017200004F130010A5404F1200100E012E031F923
:10173000101040F6AC52914203DC002204F130015B
:101740000A5404F13001095C0E2903DD012204F181
:1017500038010A54401C04289ADB207858B994F8C0
:10176000280040B194F840000A2804DA94F84000B8
:10177000401C84F8400000E006E094F840000A288D
:1017800002DB012084F841002C48007858B12B4836
:10179000807A052848DA2948C07A072803DB2748D9
:1017A000C07A0A2840DD2648007858B12448007ADB
:1017B000052839DA2248007B072803DB2048007B14
:1017C0000A2831DD1F4890F83F00052804DB1D483A
:1017D00090F83F00072827DD1A4890F840000528B8
:1017E00004DB184890F8400007281DDD154890F8E4
:1017F0004100052804DB134890F84100072813DD59
:10180000104890F84200052804DB0E4890F842008A
:10181000072809DD0B4890F84300052806DB094836
:1018200090F84300072801DC012000E0002084F844
:10183000280010BDA00C0020C0090020BA0C002018
:10184000AC0C0020400B002010B5044604222146B9
:10185000024801F049FB204610BD0000C0090020ED
:1018600010B50446227B1B4951F8220008F048FAC3
:1018700000B2A080B4F90600B4F90A10401AB4F915
:10188000041088420FDB607868B1134890F80001BB
:1018900038B9114890F8010118B90F4890F80301C0
:1018A00008B10120A070607888B10B4890F8000161
:1018B00038B9094890F8010118B9074890F80301B0
:1018C00028B1B4F90400B4F90610884201DB002005
:1018D000A07010BDF80A0020842E002001460020D0
:1018E00007E0652301F15A0213540523121D135416
:1018F000401C0428F5DB7047F8B50446FE484088D4
:1019000008B1012100E0002184F88E10FA48808897
:1019100008B1012100E0002184F88F10F648C0884A
:1019200008B1012100E0002184F8901000201FE0A0
:10193000F24911F8102004F172010A54EF490A31FA
:1019400011F8102004F177010A54EC490A390A5CB5
:1019500004F17C010A54E9495C310A5C04F181011B
:101960000A54E64914310A5C04F186010A54401C09
:101970000528DDDBE24890F8011163200155E048BD
:1019800090F8000184F86200DD4890F803116420AB
:101990000155DC48417869200155DA4881796A208F
:1019A0000155D84801896C200153D74890F826107A
:1019B0006E200155D44890F880106F200155D3480F
:1019C000417884F88B10D04890F82210702001558F
:1019D000CD4890F8231071200155CB4890F87C1029
:1019E00084F88C1090F87D1084F88D10C8484178E8
:1019F00066200155C648817967200155C448817A1F
:101A000068200155C04890F8271084F8921090F88B
:101A1000281084F8931090F8291084F89410BD4889
:101A200090F8E61084F89510B84890F8211084F8E2
:101A30009610B548FAF7FEFA08B1012100E000213E
:101A400065200155AE4890F8B61184F8981090F8CA
:101A5000B71184F8971090F8B81184F89A1090F89C
:101A6000B91184F8991090F8821184F89E1090F8BA
:101A7000841184F89F10B0F89C119C200153A04859
:101A800090F8621184F8A01090F87C1184F8A110ED
:101A900090F86F1184F8A21090F86D1184F8A310DB
:101AA0009D4890F84C1084F8A41090F84C0000EB7E
:101AB00040019948103000EB4100417884F8A610AD
:101AC00094F8A60008B1012100E0002184F8A510D7
:101AD00000200CE0904908310A5C04F1BC010A5472
:101AE0008D490C310A5C04F1C0010A54401C0428E1
:101AF000F0DB884890F8741084F8911000200AE018
:101B000000EB40028449103101EB42014A7804F1B4
:101B1000B1010A54401C0A28F2DB00200EE000EB61
:101B200040027D49103101EB4201497809B101229F
:101B300000E0002204F1A7010A54401C0A28EEDB51
:101B400061786320005D814227D06320005D90B101
:101B50006B48B0F86201612809DA6948B0F862019F
:101B60004FF4616148436649C1F8A40103E00020D5
:101B70006349C1F8A4016320005D6070FF20162353
:101B800007227F210090654801F010FF6448F4F7B8
:101B900095FA0121634880F83D10207894F862108E
:101BA000884227D094F8620090B15548B0F862019D
:101BB000612809DA5248B0F862014FF46161484384
:101BC0004F49C1F8A40103E000204D49C1F8A40128
:101BD00094F862002070FF20162307227F210090D6
:101BE0004E4801F0E3FE4E48F4F768FA01214D48F3
:101BF00080F83D10A1786420005D814227D06420E8
:101C0000005DA0706420005D3D4981F80001642002
:101C1000005D81F80101002009E038491E39095CA6
:101C200021B164210A5D35490A390A54401C05284E
:101C3000F3DB6420025D41F203013148FDF7EEFB66
:101C40006420025D41F20C012D48FEF7FFFFE179AF
:101C50006920005D814226D06920005DE071FF208F
:101C6000162307227F2100902C4801F09FFE2C486C
:101C7000F4F776FA6920015D2148FEF783FA012125
:101C8000284880F83D106920005D60B11D4800893A
:101C9000B0F5B46F07DC1B480089C0EB0010800072
:101CA0001749C1F8A80121796620005D814216D04C
:101CB0006620005D2071FF20162307227F210090FF
:101CC000164801F073FE1648F3F7B2FF6620015D77
:101CD0000B48FEF767FB0121124880F83D10217B7D
:101CE0006E20005D81423DD06E20005D20736E202D
:101CF000005D08B3024817E0200E00205E0B0020B4
:101D0000842E0020BA0C0020240C0020C80C0020D7
:101D1000AC0C00200C0A0020640E0020B50400204A
:101D2000E304002074390020B0F87C01C0EB0010FF
:101D30008100FE48C16302E00021FC48C163FF202E
:101D40002A2307227F210090F94801F02FFE042169
:101D5000F848F4F7BBFB6E20025D41F25401F648EF
:101D6000FDF75CFBA17B7020005D814224D07020D8
:101D7000005DA0737020005D40B1EF48B0F87C01B9
:101D8000C0EB00108000E949C86202E00020E7498A
:101D9000C862FF202A2307227F210090E44801F037
:101DA00005FE0021E348F4F791FB7020025D41F24B
:101DB0005501E148FDF732FBE17B7120005D814276
:101DC00024D07120005DE0737120005D40B1DA48DD
:101DD000B0F87C01C0EB00108100D448016302E040
:101DE0000021D2480163FF202A2307227F2100908F
:101DF000CF4801F0DBFD0121CE48F4F767FB7120ED
:101E0000025D41F25601CC48FDF708FB94F833100F
:101E100094F8950081420ED094F8950084F8330030
:101E2000FF20152307227F210090C14801F0BEFD4D
:101E3000C048F3F7DFFF94F8341094F8960081421D
:101E40000ED094F8960084F83400FF201523072262
:101E50007F210090B64801F0A9FDB648F3F7CAFF0C
:101E6000E1786520005D81420DD06520005DE07065
:101E7000FF20152307227F210090AD4801F096FD39
:101E8000AC48F3F7B7FF94F82F1094F89100814213
:101E900013D094F8910084F82F00FF201323072219
:101EA0007F210090A24801F081FDA248F3F7A2FF34
:101EB00094F89110A048FDF795FB94F8361094F82B
:101EC0009800814231D094F8980084F8360094F854
:101ED000970084F83500FF20292307227F210090F6
:101EE000934801F063FD012200219248F4F75EFA65
:101EF00094F897000A2190FBF1F194F8980000EB18
:101F0000400001EB400005B22A4641F237018A4801
:101F1000FEF79CFE8848FDF731FEB4208649A1F803
:101F20009E010121854880F83F1094F8351094F8FF
:101F30009700814231D094F8980084F8360094F8E4
:101F4000970084F83500FF20292307227F21009085
:101F5000774801F02BFD012200217648F4F726FA9C
:101F600094F897000A2190FBF1F194F8980000EBA7
:101F7000400001EB400005B22A4641F237016E48AD
:101F8000FEF764FE6C48FDF7F9FDB4206A49A1F83C
:101F90009E010121694880F83F1094F8381094F8A8
:101FA0009A00814231D094F89A0084F8380094F86D
:101FB000990084F83700FF20292307227F21009011
:101FC0005B4801F0F3FC002211465A48F4F7EEF9A1
:101FD00094F899000A2190FBF1F194F89A0000EB33
:101FE000400001EB400005B22A4641F23801524858
:101FF000FEF72CFE5048FEF791F8B4204E49A1F8A8
:102000009E0101214D4880F83F1094F8371094F854
:102010009900814231D094F89A0084F8380094F8FD
:10202000990084F83700FF20292307227F210090A0
:102030003F4801F0BBFC002211463E48F4F7B6F9D8
:1020400094F899000A2190FBF1F194F89A0000EBC2
:10205000400001EB400005B22A4641F23801364803
:10206000FEF7F4FD3448FEF759F8B4203249A1F8E0
:102070009E010121314880F83F1094F83C1094F8FB
:102080009E00814227D094F89E0084F83C00FF20F7
:10209000292307227F210090254801F087FC26484C
:1020A000B0F8820102B241F22C012348FEF7CEFDC6
:1020B0002148FEF7E5FD40B11F4890F8842190F8D3
:1020C00082114FF47A73FBF797FAB4201A49A1F8FA
:1020D0009E01A1F89E0194F83D1094F89F00814262
:1020E00032D094F89F0084F83D00FF202923072276
:1020F0007F2100900E4801F059FC0F48B0F8840190
:1021000002B241F22D010C48FEF7A0FD0A48FEF78D
:10211000B7FD40B9084890F8842190F882114FF437
:102120007A73FBF769FAB420034909E0240C002014
:10213000B5040020E3040020842E00207439002020
:10214000A1F89E01A1F89E01618F9C20005B814255
:102150000ED09C20005B6087FF20292307227F216F
:102160000090FC4801F022FCB420FB49A1F89E013C
:10217000217A6A20005D81421AD06A20005D2072B7
:102180000320132307227F210090F24801F00EFC68
:10219000F248F4F7D7F86A20015DEF48FDF7F0FD4B
:1021A000B420ED49A1F89E010121ED4880F83F10CF
:1021B00061896C20005B814215D06C20005B6081DE
:1021C0000320132307227F210090E24801F0EEFB59
:1021D000E248F4F7B7F8B420DF49A1F89E010121E5
:1021E000DF4880F83F1061796720005D81421AD096
:1021F0006720005D60710320132307227F21009078
:10220000D44801F0D3FBD548F3F712FD6720015DF8
:10221000D148FDF73BFCB420CF49A1F89E01012134
:10222000CF4880F83F1094F83E1094F8A000814207
:102230002BD094F8A00084F83E0094F83E0060286B
:1022400004DD0020C449C1F8A40107E094F8A0000F
:102250004FF461614843C049C1F8A401BF48F4F795
:1022600071F894F8A010BC48FDF700F894F8A0208D
:1022700041F23401B848FEF7E9FCB420B649A1F8B0
:102280009E010121B64880F83F1094F83F1094F861
:10229000A100814214D094F8A10084F83F00AF4817
:1022A000F4F750F894F8A12041F24401AA48FEF74F
:1022B000CDFC94F8A12041F24401A748FEF7C6FCEA
:1022C000A1796820005D814215D06820005DA07171
:1022D000A248F3F7ADFC0320132307227F210090CF
:1022E0009C4801F063FBB4209B49A1F89E010121A9
:1022F0009B4880F83F10002536E004F13000415D36
:102300006230405D81422ED004F19200415D62381E
:102310004155FF202A2307227F2100908D4801F09C
:1023200045FB94F8920050B18B48B0F87C01C0EBAB
:1023300000108200681D8B4941F8202004E0002233
:10234000681D884941F82020681DC1B28348F4F710
:10235000BDF804F19200425D41F21010284481B2B0
:102360007D48FEF773FC6D1C032DC6DB002521E0C4
:1023700004F12C00415D6230405D814219D004F1CE
:102380008E00415D62384155FF202A2307227F21BC
:102390000090704801F00AFBFF202B230722252123
:1023A00000906C4801F002FB681DC1B26B48F4F765
:1023B0008DF86D1C032DDBDB002536E004F11000E9
:1023C000415D6230405D81422ED004F17200415D7A
:1023D00062384155FF20192307227F2100905D4874
:1023E00001F0E4FAE9B201225C48F3F7DFFF5E484E
:1023F00090F84900A8420FD15B4991F849201E315D
:1024000031F9120007F0B8FC064631465248FBF796
:102410004BF95148FCF776FEB4204F49A1F89E01D4
:1024200001214F4880F83D106D1C052DC6DB0025AD
:1024300036E004F11500415D6230405D81422ED0EE
:1024400004F17700415D62384155FF201A230722CD
:102450007F2100903F4801F0A9FAE9B200223F48ED
:10246000F3F7A4FF404890F84900A8420FD13E4935
:1024700091F84920283131F9120007F07DFC064619
:1024800031463548FCF78AFF3348FCF73BFEB42061
:102490003149A1F89E010121314880F83D106D1CA1
:1024A000052DC6DB002528E004F11A00415D6230ED
:1024B000405D814220D004F17C00405D022803D1C0
:1024C000012129487A30415504F17C00415D623890
:1024D0004155FF20162307227F2100901D4801F05F
:1024E00065FAE9B21D48F3F765FD012084F8C500DF
:1024F00001211B4880F83E106D1C052DD4DB002502
:1025000023E004F11F00415D6230405D81421BD039
:1025100004F18100415D62384155FF201B230722F1
:102520007F2100900B4801F041FAE9B20B48F3F724
:1025300087FA012084F8C400B4200749A1F89E015D
:102540000121074880F83E106D1C052DD9DB0025C0
:102550003DE00000B5040020842E0020E3040020AC
:1025600074390020500C0020400B002004F124009E
:10257000415D6230405D814228D004F18600415DBA
:1025800062384155FF201B2307227F210090994884
:1025900001F00CFA9848F3F719FE984890F84900B2
:1025A000A8420BD195487A30405D38B1934832301B
:1025B000425D41F224019248FEF748FBB420904965
:1025C000A1F89E0101218F4880F83E106D1C052D59
:1025D000CCDB94F8401094F8A20081420CD094F81F
:1025E000A20084F84000864890F86F11FAF768FF5F
:1025F000B4208349A1F89E0194F8411094F8A300F7
:1026000081420ED094F8A30084F841007C4890F8F1
:102610006D2141F23301FCF701FFB4207849A1F8A4
:102620009E0194F8421094F8A400814227D094F8B7
:10263000A40084F8420094F8A40000EB4001724822
:1026400010F81100022814D194F8A40000EB400106
:102650006D4800EB4100808802B241F26A1168487F
:10266000FEF7F4FA012241F27A116548FEF7EEFA1C
:1026700005E0002241F27A116148FEF7E7FA94F88A
:10268000441094F8A60081420AD094F8A60084F879
:10269000440094F8A62041F26B115948FEF7D6FA8F
:1026A000617B6F20005D81420AD06F20005D607306
:1026B0000120132307227F2100904E4801F076F974
:1026C00000251DE004F14F00415D6230405D814214
:1026D00015D004F1B100415D623841556230405D72
:1026E0000A2190FBF1F006B205F58D5081B2324619
:1026F0004348FEF7ABFA0121424880F84C106D1CAC
:102700000A2DDFDB00254EE004F15A00415D623006
:10271000405D814206D104F15E00415D6230405D62
:1027200081423FD004F1BC00415D623841556630C2
:10273000415D623841555E30425D41F2841000EBEC
:10274000850081B22E48FEF781FA04F1BC00405D9D
:10275000112190FBF1F104F1C000405D401E00EB3F
:10276000400001EB400006B205F58C5081B23246C4
:102770002348FEF76BFA04F1C000405D10B14FF43E
:10278000C57001E040F26220024642F2A20010232E
:1027900003FB050081B21A48FCF7BAFF0121194872
:1027A00080F84C106D1C042DAEDB94F8C400B0B161
:1027B000164800F05BFB16490968401AB0F57A7FAD
:1027C0000DD9124800F052FB114908600B4890F8EF
:1027D00049100B48FAF7D4FF002084F8C40094F89D
:1027E000C50028B1002084F8C5000548FDF73CFD70
:1027F000F8BD0000B5040020E3040020400B0020D9
:10280000842E002074390020740E0020C00900209E
:10281000E404002010B58AB0044601210846EFF711
:102820002BFE01210420EFF727FE01218803EFF79B
:1028300053FE01214806EFF72FFE09220C217548AF
:10284000EFF7A0FB09220B217248EFF79BFB08A8CA
:10285000EFF7C8FB4FF40060089002208DF82400C9
:102860008DF8250000208DF8260001208DF8270026
:1028700008A96848EFF73EFB08A8EFF7B3FB4FF451
:102880008050089002208DF824008DF8250000204B
:102890008DF8260001208DF8270008A95D48EFF784
:1028A00029FB08A8EFF79EFB4FF480500890022008
:1028B0008DF824008DF8250000208DF826000120D9
:1028C0008DF8270008A95448EFF714FB4FF4805106
:1028D0005148EFF783FB5148EEF7D6FC05A8EEF719
:1028E00065FF01208DF81B0000208DF81D000120E0
:1028F0008DF81F0000208DF816008DF817000B20B2
:102900008DF8180001208DF819000820ADF814008A
:1029100005A94248EEF7F7FD01A8EEF7D1FC01202A
:102920008DF80E0000208DF80F0001208DF81000AA
:102930000020ADF80400ADF80600ADF80800ADF8D1
:102940000A00ADF80C0001208DF8110001A8EEF787
:10295000B7FC012202213148EEF7CCFD2F4814309C
:10296000006840F002002D49143108600122114630
:102970002A48EEF7BFFD012211022848EEF7BAFD02
:10298000012251022548EEF7B5FD012291022348AC
:10299000EEF7B0FD0122D1022048EEF7ABFD012297
:1029A000D1031E48EEF7A6FD14208DF8000000208C
:1029B0008DF801008DF8020001208DF803006846B3
:1029C000EFF706FD1420F0F7C4FE13208DF8000089
:1029D00000208DF801008DF8020001208DF8030021
:1029E0006846EFF7F5FC1320F0F7B3FE16208DF8DC
:1029F000000000208DF801008DF8020001208DF804
:102A000003006846EFF7E4FC1620F0F7A2FE0AB0D8
:102A100010BD0000000002400008024000640040B9
:102A2000704770B5044600251CE005EB450104F134
:102A3000340010F8310098B905EB450204F1340177
:102A400001EBC201081D142204F12001EDF714FE70
:102A5000012105EB450204F1340000F8321070BD8D
:102A6000681CC5B2322DE0DB00BFF8E72DE9F04F5E
:102A7000044609AD95E8E010DDE90D89002065E028
:102A800000EB400B04F2E44A1AF83BA0BAF1000F45
:102A900058D04FF0000A00EB400B04F2E44E0EF861
:102AA0003BA000EB400AF3460BEBCA0ACAF8081039
:102AB0004FF0000A00EB400B0EEBCB0B8BF80DA098
:102AC0004FF0040A00EB400B0EEBCB0B8BF80CA085
:102AD0004FF0080A00EB400B0EEBCB0B8BF80EA06F
:102AE00000EB400AF3460BEBCA0A8AF80F2000EB12
:102AF000400A0BEBCA0A8AF8103000EB400A0BEBD5
:102B0000CA0A8AF8115000EB400A0BEBCA0A8AF88D
:102B1000126000EB400A0BEBCA0A8AF8137000EB54
:102B2000400A0BEBCA0A8AF814C000EB400A0BEB10
:102B3000CA0A8AF8158000EB400A0BEBCA0A8AF829
:102B4000169005E000F1010A0AF0FF00322897DB39
:102B5000BDE8F08F70B504463148007800F0010000
:102B600058B92F4805F0D4FA38B12E4800F07EF954
:102B70002D4908602A48AFF300802C48006800F017
:102B8000040616BB207A00B300251CE005EB4501C6
:102B900004F2E44010F8310098B90020207205EBEF
:102BA000450204F2E44000EBC200011D1F48183842
:102BB000EEF70CFE012105EB450204F2E44000F8BB
:102BC0003210681CC5B2322DE0DB164800F04EF919
:102BD00015490968401AB0F57A7F1ED3114800F0F4
:102BE00045F911490860C6B194F89C09022808D03B
:102BF000022084F89C0900210C481838EEF70DFDDE
:102C000070BD002084F89C09012108481838EEF7AF
:102C100004FD012006490872F2E700BFF0E700005A
:102C200098040020C00900209C0400201864004083
:102C30005018002010B5044604222146104800F028
:102C400053F900200FE0002200EB400304F13401AF
:102C500001F83320012200EB400304F2E44101F8C3
:102C60003320411CC8B23228EDDB7E2020700120C9
:102C700060702072002084F89C09204610BD00007E
:102C8000C00900201FB504460021481EF0F7B8FD1A
:102C900001211020EFF700FC01212648EFF705FF86
:102CA000254800682549B0FBF1F0401E2149088500
:102CB00001212020EFF7F0FB01212148EFF7F5FE7D
:102CC0001D4800684FF47A71B0FBF1F0401E1C49BA
:102CD0002831088001A8F0F775F817480068400807
:102CE0004FF47A71B0FBF1F0401E80B2ADF80400F1
:102CF000481E029001A94FF08040F0F721F8012210
:102D000011469007EFF7ECFE01218807EFF7CDFEA3
:102D10001C208DF8000001208DF803006846EFF7B5
:102D200057FB01218807EFF7BDFE0020207060608F
:102D30001FBD0000001000400404002040420F00AE
:102D40000014004038B50546002000900AE01C49F8
:102D5000009851F82010800000F1005001600098A8
:102D6000401C00900098F028F1D372B64FF000504C
:102D700014490860BFF34F8F62B6284600F0BDF8D3
:102D8000EFF766FD104800684FF47A71B0FBF1F47C
:102D9000B4F1807F00D311E024F07F40401E4FF05B
:102DA000E02148610F214FF0FF30F0F729FD0020AE
:102DB0004FF0E02188610720086100BF38BD0000A6
:102DC0000000020808ED00E004040020154A126823
:102DD00002F5137252F82120521C124B1B6803F5A6
:102DE000137343F821200F4A1268C2F804150D4AE4
:102DF000126802F5137252F821200A4B1B68D3F8AF
:102E000000359A420DD9074A1268C2F8FC14054AE7
:102E1000126802F5137252F82120024B1B68C3F8A6
:102E200000257047880400200346914201DD0846D2
:102E300070471046FCE70346914201DD104670479B
:102E40000846FCE770B506460C46074800F00EF849
:102E5000054602E07F20F0F78FF9034800F006F8FE
:102E6000401BA042F6D370BDC0090020014688680F
:102E7000704700004168491C41608168491C8160BD
:102E8000084A81681268891AB1F57A7F09D9054A1A
:102E90008168116004490968044A11600021024AEE
:102EA00011607047300400203404002038040020F2
:102EB0002DE9F05F83468A46504606F0C5FD804600
:102EC000064A074B06F096FB06460022054B06F025
:102ED000C1F8044606F08CF8BDE8F09FCDCCCCCC10
:102EE000CCCCFC3F0040404070B506460C46154631
:102EF00029462046EDF705FC70BD30B585B0054686
:102F0000EFF7FAFA0120EFF7B9FBEFF701FC0446FF
:102F1000012C22D1EEF754FF0320EEF78BFF0020A7
:102F2000EFF7A0FB4FF4A050EFF7B6FB2003EFF74D
:102F3000BFFB04200223F022102100900005EFF7D0
:102F4000C9FB0120EFF7C0FB00BF3920EFF76AFB98
:102F50000028FAD00220EFF7CFFB01A8EFF7F0FA34
:102F600001210846EFF788FA01210220EFF784FAE1
:102F700001210420EFF780FA05B030BD7047000052
:102F800010B586B0044601210220EFF775FA012141
:102F90000420EFF771FA01218803EFF79DFA012170
:102FA0008806EFF779FA09220C218048EEF7EAFF4C
:102FB00009220D217D48EEF7E5FF04A8EFF712F88E
:102FC0004FF48050049002208DF814008DF8150005
:102FD00000208DF8160001208DF8170004A9734811
:102FE000EEF788FF04A8EEF7FDFF4FF400500490C1
:102FF00002208DF814008DF8150000208DF81600C1
:1030000001208DF8170004A96848EEF773FF04A8A3
:10301000EEF7E8FF4FF40050049002208DF8140002
:103020008DF8150000208DF8160001208DF817008E
:1030300004A95F48EEF75EFF4FF400515C48EEF7DD
:10304000CDFF5C48EEF720F901A8EEF7AFFB0120B9
:103050008DF80B0000208DF80D0001208DF80F0079
:1030600000208DF806008DF807000B208DF8080071
:1030700001208DF809000820ADF8040001A94D4891
:10308000EEF741FA0E214C48F0F778FA0F214A4842
:103090001338F0F773FA10214748FD38F0F76EFA4D
:1030A000112145485A38F0F769FA12214348F0F7E0
:1030B00065FA13214248F0F761FA14213F485F385E
:1030C000F0F75CFA15213D48801DF0F757FA1621FC
:1030D0003A485D38F0F752FA17213848C01CF0F72B
:1030E0004DFA182134480930F0F748FA012210212E
:1030F0003048EEF7FFF92F481430006840F0100018
:103100002C4914310860012211462A48EEF7F2F9E1
:10311000012211022748EEF7EDF90122510225485C
:10312000EEF7E8F9012291022248EEF7E3F90122D5
:10313000D1022048EEF7DEF90122D1031D48EEF757
:10314000D9F941208DF8000000208DF801008DF89C
:10315000020001208DF803006846EFF739F941209D
:10316000F0F7ECFA3F208DF8000000208DF8010008
:103170008DF8020001208DF803006846EFF728F96A
:103180003F20F0F7DBFA42208DF8000000208DF898
:1031900001008DF8020001208DF803006846EFF76A
:1031A00017F94220F0F7CAFA06B010BD0004024039
:1031B0000008024000680040F6FF0100F5FE010033
:1031C00065EF010070B50446002084F898090025D9
:1031D0001CE005EB450104F1300010F8310098B90E
:1031E00005EB450204F1300101EBC201081D142278
:1031F00004F11C01EDF740FA012105EB450204F151
:10320000300000F8321070BD681CC5B2322DE0DB12
:1032100000BFF8E72DE9F04F044609AD95E8E0104E
:10322000DDE90D89002065E000EB400B04F59C6AA8
:103230001AF83BA0BAF1000F58D04FF0000A00EB8B
:10324000400B04F59C6E0EF83BA000EB400AF346E1
:103250000BEBCA0ACAF808104FF0000A00EB400B4B
:103260000EEBCB0B8BF80DA04FF0040A00EB400BDC
:103270000EEBCB0B8BF80CA04FF0080A00EB400BC9
:103280000EEBCB0B8BF80EA000EB400AF3460BEBDA
:10329000CA0A8AF80F2000EB400A0BEBCA0A8AF828
:1032A000103000EB400A0BEBCA0A8AF8115000EB11
:1032B000400A0BEBCA0A8AF8126000EB400A0BEBDB
:1032C000CA0A8AF8137000EB400A0BEBCA0A8AF8A4
:1032D00014C000EB400A0BEBCA0A8AF8158000EB19
:1032E000400A0BEBCA0A8AF8169005E000F1010AC1
:1032F0000AF0FF00322897DBBDE8F08F70B5044676
:103300003148007800F0010058B92F4804F000FF60
:1033100038B12E48FFF7AAFD2D4908602A48AFF3BF
:1033200000802C48006800F0040616BB607900B3EA
:1033300000251CE005EB450104F59C6010F8310008
:1033400098B90020607105EB450204F59C6000EB24
:10335000C200011D1F481838EEF738FA012105EBAD
:10336000450204F59C6000F83210681CC5B2322D8D
:10337000E0DB1648FFF77AFD15490968401AB0F5F9
:103380007A7F1ED31148FFF771FD11490860C6B15D
:1033900094F89909022808D0022084F8990900219C
:1033A0000C481838EEF739F970BD002084F89909F7
:1033B000012108481838EEF730F901200649487114
:1033C000F2E700BFF0E7000090040020C0090020F1
:1033D0009404002018680040B40E002010B5044684
:1033E000042221461048FFF77FFD00200FE0002255
:1033F00000EB400304F1300101F83320012200EB1F
:10340000400304F59C6101F83320411CC8B2322806
:10341000EDDB0020207184F8980901206071002004
:1034200084F89909204610BDC009002010B5044653
:103430000A464423002115E00C4810F83100904260
:103440000ED10B4890F88D01022804D1094800EBF9
:10345000C100406810BD054800EBC1004068F9E7B5
:10346000481C81B29942E7DB0020F3E780A1030802
:10347000842E0020A0A303082DE9F04190B004465B
:103480000025002600270020A07000BF1FE004F1E7
:10349000FB00465D06B918E0052F00DB1BE0781C39
:1034A000C7B231462046FFF7C1FF80464346324649
:1034B0000BA16846ECF704FF21216846F0F77EFD7A
:1034C0006946A01CEDF783F800BF681CC5B294F8EC
:1034D0002D01A842DBDC00BF10B0BDE8F081000088
:1034E000232532642D25730D0A0000000021018080
:1034F00080F8E81000BF06E0002300F1EA0222F89D
:1035000011304A1CD1B20829F6DB002105E0002366
:1035100000F1FB0253544A1CD1B23229F7DB0021DF
:1035200080F82D118170704710B50446074803F0EC
:103530000AF80748FFF774FA2046FFF7D7FF054857
:10354000F3F788FB0448FEF759F810BD0C0A002079
:1035500050180020C80C0020200E0020024602F166
:10356000FB00405C7047000070B50446A04800783E
:1035700000F0010058B99E4804F0CAFD38B19D48DA
:10358000FFF774FC9C4908609948AFF300809948A4
:10359000FFF76CFC98490968401AB0F57A7F7CD334
:1035A0009448FFF763FC944908600020A4F8EA00FF
:1035B0000021EC200153EE200153F020015394F838
:1035C000FA0008B1002020808C48407920B18B4857
:1035D0004179204600F020F9002530E08848405D20
:1035E00038B1392000EB450020800146204600F02C
:1035F00013F983480A38405D38B13A2000EB4500A2
:1036000020800146204600F007F97D481B30405DD0
:1036100038B14F2000EB450020800146204600F0E5
:10362000FBF877481630405D38B1502000EB45007C
:1036300020800146204600F0EFF8681CC5B2052D39
:10364000CCDB002519E06E482430405D38B14520C0
:1036500000EB450020800146204600F0DDF8684878
:103660002230405D38B1462000EB45002080014605
:10367000204600F0D1F8681CC5B2022DE3DB60489B
:10368000863890F88C0028B13520208001462046ED
:1036900000F0C2F85A48863800E0A7E090F88E00A3
:1036A00028B1362020800146204600F0B5F8544865
:1036B000863890F8900028B12D20208001462046C1
:1036C00000F0AAF84E48863890F8920028B12E20D3
:1036D00020800146204600F09FF84948863890F83F
:1036E000940028B1372020800146204600F094F84D
:1036F0004348863890F8960028B13820208001464B
:10370000204600F089F83E48863890F8B30028B18A
:103710005B2020800146204600F07EF8384886383D
:1037200090F8B50028B15E2020800146204600F0C8
:1037300073F83348863890F8B60028B15D202080B1
:103740000146204600F068F82C4890F8230028B184
:10375000282020800146204600F05EF8294890F895
:10376000410028B1672020800146204600F054F82F
:10377000254890F8860028B1682020800146204620
:1037800000F04AF800250DE01E483830405D40B199
:103790005F2000EB450080B220800146204600F00B
:1037A0003BF86D1C042DEFDB00250DE015483C3087
:1037B000405D40B1602000EB450080B220800146B2
:1037C000204600F029F86D1C042DEFDB208810B98D
:1037D0000A48407920B101210C48F9F743FF05E080
:1037E00000210A48F9F73EFF0020A07070BD0000DC
:1037F00080040020C009002084040020C80C0020A0
:10380000920A0020200E0020240C0020842E00208C
:10381000014691F82D01704770B504460D4600260B
:1038200005B970BD144803F011FC002607E004F14F
:10383000FB00805DA84200D1F3E7701CC6B294F88B
:103840002D01B042F3DC94F82D21501C84F82D0199
:1038500004F1FB00855494F82D01322802DB31205D
:1038600084F82D012046FFF707FE0121034880F868
:103870003E1000BFD5E700004C380020743900200E
:1038800010B50446042221460348FFF72DFB002013
:1038900084F8FA00204610BDC0090020024611F14C
:1038A0004B0F01DA00207047B32901DDFE20FAE753
:1038B00001F14B00C0B2F6E7F0B587B007460D4600
:1038C00016461C4614B1052C3ED11EE0FF20029086
:1038D000039004900590009001904FF4801000EB4D
:1038E000453000EB8620DFF868C09CF800C000EB94
:1038F000CC00DFF85CC09CF801C000EB0C01E3B227
:1039000022121348FFF7B2F81EE0FF200290039046
:1039100004900590009001904FF4801000EB45302A
:1039200000EB8620DFF828C09CF800C000EBCC003C
:10393000DFF81CC09CF801C000EB0C01E3B22212BE
:103940000348FFF793F800BF00BF07B0F0BD0000C9
:10395000501800202DE9F04186B080460D461646ED
:103960001C460C9FFF200290039004900590CDE927
:1039700000704FF4C00000EB453000EB8620DFF80C
:1039800028C09CF800C000EBCC00DFF81CC09CF8FD
:1039900001C000EB0C01E3B222120348FFF766F806
:1039A00006B0BDE8F0810000501800201FB598B0A7
:1039B000FF20179016901998FF2801D11CB010BD58
:1039C0001B980F3820285BD2DFE810F020005B0046
:1039D0009600C400E7005A006E02DB0256039B0308
:1039E00008048304EA045A005A005A005A005A0094
:1039F0005A005A005A005A005A005A005A008005CC
:103A0000B905E2050D065A005A007606FE4890F800
:103A10005A00FD49B1F85A100912FB4A92F8582091
:103A2000F94BB3F858301B12CDE90232CDE904103E
:103A3000F54890F85600F449B1F856100912CDE94E
:103A400000101B980105199801EB40311A9801EB01
:103A50008020EE49097800EBC100EC494978084420
:103A60000D90E94890F854000F90E748B0F85400E2
:103A700000120E900246E5480F9B0D99FEF7F6FFE7
:103A80007EE2E14890F86200DF49B1F862100A1264
:103A9000DD4991F86010DC4BB3F860301B12CDE9C2
:103AA0000231CDE90420D84890F85E00D649B1F83B
:103AB0005E100912CDE900101B980105199801EB61
:103AC00040311A9801EB8020D049097800EBC10001
:103AD000CE49497808440D90CB4890F85C000F908F
:103AE000C948B0F85C0000120E900246C7480F9B10
:103AF0000D99FEF7BBFFC3E7FF20029003900490EF
:103B00000590C14890F86600BF49B1F866100912E7
:103B1000CDE900101B980105199801EB40311A9866
:103B200001EB8020B949097800EBC100B749497819
:103B300008440D90B44890F864000F90B248B0F873
:103B4000640000120E900246B0480F9B0D99FEF7DC
:103B50008DFF95E7192008211222FF23CDE90232BB
:103B6000CDE904101D200021CDE900101B980105AE
:103B7000199801EB40311A9801EB8020A34909788C
:103B800000EBC100A1494978084401237E22014687
:103B90000F909E48FEF76AFF72E71E9801287DD1BC
:103BA0008DF850009A4890F8030118B9984890F899
:103BB000000108B1012100E00021964890F8800042
:103BC00001EB8000F030C0B28DF851008E48B0F9A2
:103BD000480001460F901898FFF760FE8DF85200DC
:103BE000FF208DF85300884890F8740040F0FC00E6
:103BF0008DF854008848007888490978F02242EA14
:103C000081010843C0B28DF85500854840880028DE
:103C100001DD012100E0002181488088002801DDCC
:103C2000012000E0002041EA80017D48C088002892
:103C300001DD012000E0002041EA001040F0C0005A
:103C40008DF8560077484078724991F87C1040EA28
:103C50008101704890F87D0041EA0010C0B240F048
:103C6000C0008DF857009DF857109DF856009DF83C
:103C700055209DF85430CDE90232CDE904019DF87C
:103C800053009DF85210CDE9001060480078664955
:103C900001EBC0005D494978084400E00CE00D905C
:103CA0009DF851000F909DF850000E900246574825
:103CB0000F9B0D99FEF7DAFE1E98022850D1554849
:103CC000B0F91000014609901898FFF7E7FD0F9032
:103CD0005048F8F7BDF9014609901898FFF7DEFD46
:103CE0000E904C48F8F7C2F9014609901898FFF772
:103CF000D5FD0D904748B0F90A0001460990189883
:103D0000FFF7CCFD0C904348F8F7BEF90146099047
:103D10001898FFF7C3FD0B903E48F8F7C3F901462A
:103D200009901898FFF7BAFDFF230A90DDE90D12FC
:103D30000F98CDE90403CDE90212DDE90B01CDE9CD
:103D4000000132480078384901EBC0002F4949781A
:103D50000844099001462D480A9B1E9AFEF786FEEC
:103D60001E98032831D1FF222C48007A2B4909895B
:103D7000CC170F9101EB1461C1F30721CDE90302C8
:103D800026480592029180794B30C0B22249897A47
:103D9000CDE900104FF09871199801EB40311A9855
:103DA00001EB80201949097800EBC10017494978D7
:103DB00008440D90184880794B30C0B203460E90ED
:103DC00012481E9A0D99FEF751FE1E9804283CD108
:103DD000FF22164800791549C978CDE90302134836
:103DE00005920291807811494978CDE900104FF091
:103DF0009871199801EB40311A9801EB8020034922
:103E0000097800EBC10013E00C0A002050180020D4
:103E1000842E0020240C0020AC0C0020BA0C0020C2
:103E2000200E0020C80C002000FC3F01400B0020A9
:103E3000F749497808440E90F648007803460F90F9
:103E4000F3481E9A0E99FEF711FE1E9805282AD1F6
:103E5000FF21F1480078CDE902010491EE48059177
:103E60000088C0F30720EC490968C1F30741CDE998
:103E700000104FF09871199801EB40311A9801EB3E
:103E80008020E349097800EBC100E1494978084402
:103E90000E90E1480068000E03460F90DC481E9A21
:103EA0000E99FEF7E3FDEBE5DC480068DC490E9077
:103EB00005F0C2FF0F9005F03FFFC0B28DF8500033
:103EC000D848F8F7B7F8D84991F8031141F0F00154
:103ED00041EA8000C0B20F90D048006D0A9005F012
:103EE0000FFF00B201460B901898FFF7D7FC0E9019
:103EF000CA48B0F94A0010F1280F0DDDC748B0F9E3
:103F00004A005A2808DCC548B0F94A0001460B901F
:103F10001898FFF7C3FC00E0FF200D90BF48B0F9F0
:103F2000480001460B901898FFF7B8FC0C90BB496D
:103F300091F8E610BD4A92F82120DDE90E30CDE976
:103F40000232CDE90410DDE90C01CDE900014FF0AA
:103F5000A871199801EB40311A9801EB8020AC4907
:103F6000097800EBC100AA49497808440A909DF8F5
:103F70005000FF2302460B90A5480A99FEF776FDF4
:103F8000CFE300200F9027E0A2490F98085CC0B152
:103F900001F114000F99415C12AA0F9811549F4827
:103FA00034300F9950F821000D9005F0A9FE00B2B1
:103FB00001460E901898FFF771FC10AA0F99505403
:103FC00007E0032112AA0F981154FF2110AA0F989D
:103FD00011540F98401C0F900F980528D4DB92487D
:103FE00090F80001904991F8011100EB810090498F
:103FF000497840EA01108F49497840EA8110C0B2FF
:104000009DF844109DF843209DF84230CDE90232DE
:10401000CDE904109DF841009DF84010CDE9001055
:104020009DF848009DF8491000EB81009DF84A106A
:1040300000EB01109DF84B1000EB8110C0B20E9008
:104040004FF0B071199801EB40311A9801EB8020C4
:104050006F49097800EBC1016D48407808440D9024
:104060009DF84C00001FC0B203460F906848DDE980
:104070000D12FEF7FBFC54E3FF210A460B46654890
:10408000007910B16348407A00E0FF20CDE90332A7
:10409000059102905F48C07810B15E48007A00E058
:1040A000FF205C49897811B15A49C97900E0FF21A4
:1040B000CDE900104FF0B871199801EB40311A9812
:1040C00001EB80205249097800EBC1005049497842
:1040D00008440D904F48407810B14E48807900E078
:1040E000FF200F904B48007810B14A48407900E01B
:1040F000FF200E90024646480F9B0D99FEF7B6FC36
:104100000FE34448007910B14248807B00E0FF2073
:104110004049C97811B13F494A7B00E0FF223D493F
:10412000897811B13B49097B00E0FF21394B5B786D
:1041300013B1384BDB7A00E0FF23CDE90231CDE942
:1041400004203448007810B13248817A00E0FF2121
:104150003048007910B12F48C07C00E00F200F30AC
:10416000C0B2CDE900012B48807810B12948407CCD
:1041700000E00F202749C97819B12649897C090137
:1041800000E00F210844C0B20F902248007810B11F
:104190002048C07B00E00F201E49497819B11D4915
:1041A000097C090100E00F210844C0B20E904FF0D5
:1041B000C071199801EB40311A9801EB8020144925
:1041C000097800EBC1011248407808440D9001467F
:1041D0000F48DDE90E23FEF749FCA2E20D48007905
:1041E00040B10C48B0F9260001460A901898FFF734
:1041F00055FB00E0FF200F900648C078E0B105486D
:10420000B0F9240001460A901898FFF747FB14E024
:1042100050180020400B00206C0500200C0A0020E4
:1042200000002041240C0020842E0020C80C002017
:10423000AC0C0020BA0C0020FF200E90FE488078C5
:1042400040B1FD48B0F9220001460A901898FFF7E6
:1042500025FB00E0FF200D90F748407840B1F6487C
:10426000B0F9200001460A901898FFF717FB00E00C
:10427000FF200C90F048007840B1EF48B0F91E00E4
:1042800001460A901898FFF709FB00E0FF20FF2283
:104290000B900F98CDE9020204920592DDE90D0121
:1042A000CDE900014FF0C871199801EB40311A981F
:1042B00001EB8020E149097800EBC101DF4840783B
:1042C00008440A900146DD48DDE90B23FEF7CEFBEA
:1042D00027E2D948007940B1D748B0F9300001460B
:1042E0000A901898FFF7DAFA00E0FF200F90D24802
:1042F000C07840B1D048B0F92E0001460A90189815
:10430000FFF7CCFA00E0FF200E90CB48807840B158
:10431000C948B0F92C0001460A901898FFF7BEFA78
:1043200000E0FF200D90C448407840B1C248B0F989
:104330002A0001460A901898FFF7B0FA00E0FF2023
:104340000C90BD48007840B1BB48B0F92800014648
:104350000A901898FFF7A2FA00E0FF20FF210B90C7
:104360000F98CDE9020104910591DDE90D01CDE938
:1043700000014FF0D071199801EB40311A9801EB10
:104380008020AE49097800EBC100AC494978084467
:104390000A900146A948DDE90B23FEF767FBC0E15F
:1043A000FF2017901690A448007828B1A24890F8F2
:1043B0007A0000F0030000E0032040F0FC001799B1
:1043C000084017909C48407828B19B4890F87B00A3
:1043D0008007000F00E0032040F0F3001799084029
:1043E00017909548807828B1934890F87C00800712
:1043F000800E00E0032040F0CF001799084017908E
:104400008D48C07820B18C4890F87D00800100E094
:10441000032040F03F001799084017908648007924
:1044200028B1854890F87E0000F0030000E00320EA
:1044300040F0FC00169908401690FF237E4A12793E
:10444000DDE916101AB17C4A92F8362000E0FF220E
:1044500003AC0BC402927848C07818B1764890F843
:10446000350000E0FF207449897819B1724991F84C
:10447000341000E0FF21CDE900104FF0D8711998F9
:1044800001EB40311A9801EB80206C49097800EB70
:10449000C1006A49497808440D906748407818B1CE
:1044A000654890F8330000E0FF200F9062480078E4
:1044B00018B1614890F8320000E0FF200E900246EB
:1044C0005E480F9B0D99FEF7D1FA2AE15C4890F8FF
:1044D000AF014FF4FA6190FBF1F201FB1200C0B2A0
:1044E000FF220F90564890F8B501554991F8B41144
:1044F000CDE9030252480592029190F8B301504968
:1045000091F8B111CDE900104FF02071199801EB2D
:1045100040311A9801EB80204849097800EBC1012D
:104520004648407808440D90454890F8B00103464D
:104530000E9042480F9A0D99FEF798FAF1E0FF238A
:104540003F4890F8841190F8820102AA0BC23C48BF
:10455000059390F8B9013A4991F8B811CDE90010E6
:1045600036480078374901EBC0003449497808449F
:104570000D90334890F8B7010F90314890F8B6018C
:104580000E9002462D480F9B0D99FEF76FFAC8E07A
:10459000FF232D4890F829002B4991F828102A4A2A
:1045A00092F82720CDE90403CDE90221264890F8AE
:1045B0002300CDE9000321480078244901EBC00025
:1045C0001E49497808440D901F4890F822000F902A
:1045D0001D4890F826000E90024618480F9B0D9932
:1045E000FEF744FA9DE0FF2213461948C088C11720
:1045F0000F9000EB116001120F98A0EB0120C1B2E7
:104600001348C088C4170E9000EB1460C0F3072055
:1046100002AC0BC405920E488088C1170D9000EBC8
:10462000116001120D98A0EB0120C0B208498988E1
:10463000CA170C910EE00000400B0020501800201B
:10464000842E002000FC9F02240C002000FCAF02FE
:10465000200E002001EB1261C1F30721CDE900100B
:1046600032484088C1170B9000EB116001120B9883
:10467000A0EB0120C0B209902C484088C1170A90D5
:1046800000EB1160C0F3072008904FF02C711998CF
:1046900001EB40311A9801EB80202549097800EBA5
:1046A000C100234949780844079001462048DDE9C4
:1046B0000823FEF7DBF934E01E4890F8021190F869
:1046C000012190F800011B4B93F8FF30CDE9023037
:1046D000CDE90421174890F8FE00164991F8FD1025
:1046E000CDE900104FF03871199801EB40311A985C
:1046F00001EB80200E49097800EBC1000C49497894
:1047000008440D900B4890F8FC000F90094890F871
:10471000FB000E90024606480F9B0D99FEF7A6F986
:1047200000BF00BF00BFFFF749B90000200E002006
:1047300050180020F00C002010B504460422214639
:104740000248FEF7D1FB204610BD0000C009002042
:1047500001460888000A0A7840EA02200880088892
:104760007047014608880012704701460878704774
:1047700010B502884A400280082210E0037803F056
:1047800001033BB103885B100380038844886340C6
:10479000038002E003885B100380531EDAB2002A14
:1047A000ECD110BD2DE9F04106460F46144698465F
:1047B0004FF6FF703080A5B205E0795D3046FFF717
:1047C000D7FF681C85B204EB0800A842F5DCBDE801
:1047D000F081000010B50446042221460548FEF78A
:1047E00083FB4AF2010060804FF6FF702080204674
:1047F00010BD0000C009002010B504462A2904D1CC
:10480000032000FB0230C0B210BD292903D102F100
:104810001500C0B2F8E7FF20F6E700002DE9F043ED
:1048200087B006460C46154604EB4402214800EBCF
:104830004200C178304600F043F8074604EB4402DA
:104840001C4800EB4200C178304600F054F8804626
:1048500004EB4402174800EB4200C178304600F0F8
:104860003AF8814614A00068069006A800F809509E
:10487000FF2002900390049005909DF81A009DF887
:104880001910CDE900104FF0447000EB473000EBF9
:1048900088200A4A127800EBC200084A5278811830
:1048A0009DF81830FF220548FEF7E0F807B0BDE894
:1048B000F0830000740E0020FFFFFF00501800205E
:1048C0000246152901DA2A2070471C2901DA29201D
:1048D000FAE7FF20F8E70246152906DA032091FBE4
:1048E000F0F300FB1310C0B270471C2901DA01205D
:1048F000FAE7FF20F8E70246152904DA032091FBC6
:10490000F0F0C0B270471C2903DAA1F11400C0B264
:10491000F8E7FF20F6E7704710B504460948FEF7B0
:10492000A5FA43F6982188420AD90648FEF79EFA6E
:104930006168401A43F69821884201D9002020700E
:1049400010BD0000C009002010B504460422214615
:104950001448FEF7C9FAFF2084F84C0000201DE03F
:10496000642200EB400304F1100101EB43018A7063
:10497000411C8AB200EB400304F1100101EB43013A
:104980008A80022200EB400304F1100101F8132099
:1049900000EB400301EB4301C870401C0A28DFDB39
:1049A000204610BDC00900200246182902D139480E
:1049B000008870471A2903D13648B0F8EA00F8E7B2
:1049C0001B2903D13348B0F8EC00F2E71C2903D1CE
:1049D0003048B0F8EE00ECE71D2903D12D48B0F8BF
:1049E000F000E6E71E2903D12A48B0F8F200E0E71C
:1049F0001F2903D12748B0F8F400DAE7202903D1B2
:104A00002448B0F8F600D4E7212903D12148B0F8B2
:104A1000F800CEE7312903D11F48B0F85400C8E7A9
:104A2000322903D11C48B0F85600C2E7332903D11C
:104A30001948B0F85800BCE7342903D11648B0F83B
:104A40005A00B6E7352903D11348B0F85C00B0E747
:104A5000362903D11048B0F85E00AAE7372903D100
:104A60000D48B0F86000A4E7382903D10A48B0F82F
:104A700062009EE7392903D10748B0F8640098E73F
:104A80003A2903D10448B0F8660092E74FF0FF30AE
:104A90008FE70000F00C00200C0A002003B59DB049
:104AA0001E9800EB4001FE4800EBC1008068C0F397
:104AB00046301C901E9800EB4001F94800EBC10005
:104AC0000089C0F382201B90FF201A901990189043
:104AD000F348343801781C98814204D01C987F2810
:104AE00001D01FB000BDEE48343841781B98814298
:104AF00003D01B98072800D0F3E7E9483438017841
:104B00001C98814207D1E648343841781B9881428D
:104B100001D1012000E0002017901E9800EB400119
:104B2000DF4800EBC1008068000D14901E9800EB78
:104B30004001DB4800EBC1000089C0F3C6001390C0
:104B40001E9800EB4001D64800EBC100007A00F04F
:104B50000700129000200C900B900FE01E9800EBC5
:104B60004001CF4800EBC1000F300B99415C0EAA09
:104B70000B9811540B98401CC0B20B900B9808284E
:104B8000ECDB14980105139801EB4031129801EB0E
:104B90008020C3493439097800EBC100C049343959
:104BA000497808441190139817280ED013981B28A1
:104BB0000BD01398222808D01398232805D01398D7
:104BC0002B2802D013982C2802D10021B54841622D
:104BD0001498382881F00A81DFE810F09306380035
:104BE000BC0030017B017C017D0192013E029306F5
:104BF000E80207031D032803930636039306930672
:104C00009403AF0393069306E0039306930693047D
:104C1000D20411059D05930693069306BE059306DF
:104C2000E3059306930693069306930638069406C7
:104C3000F5069306380775079306930693060A0848
:104C400093069306930693069306D9084FF4001132
:104C5000139801EB4031129801EB802190483438D1
:104C6000007801EBC0018E48343840780844119038
:104C70009DF839009DF8381000EB0120042826D05B
:104C800005DC48B1012820D0032839D11EE00528D1
:104C90001ED0162834D11FE0FF201D220023CDE9AD
:104CA00003200293059001207E21CDE900109DF89C
:104CB00039000B909DF838000A9002467848343845
:104CC0000B9B1199FDF7D2FE41E040E03FE03EE052
:104CD0007548FEF729FC3AE074487549086000BF42
:104CE000BFF34F8F7348006800F4E06072490843D7
:104CF000001D70490860BFF34F8F00BF00BFFEE783
:104D0000FF200290039004900590009001904FF4D2
:104D10000011139801EB4031129801EB802160489B
:104D20003438007801EBC0015D48343840780844DD
:104D300009909DF839000B909DF838000A900246C2
:104D4000574834380B9B0999FDF790FE00BF00BF10
:104D500001F04CB89DF839009DF8381000EB0120A7
:104D6000002869D113987B2865DA1D9890F83C00DB
:104D7000132860DA139822280ED0139823280BD01A
:104D80001398172808D013982B2805D013981B28A0
:104D900002D013982C284ED101200B9022E00B98C2
:104DA000401E00EB40011D98415C1398814215D1D3
:104DB0000B98401E00EB40011D9808444178129862
:104DC00081420BD10B98401E00EB40011D98084416
:104DD00080789DF83C10884200D182E60B98401CF8
:104DE000C0B20B901D9890F83C100B988142D6DC15
:104DF0001D9991F83C1001EB41021D9913988854BC
:104E00001D9991F83C1001EB41021D991144129833
:104E100048709DF83C101D9890F83C0000EB400253
:104E20001D98104481701D9890F83C00401CC1B240
:104E30001D9880F83C1000BF00BF89E7179800B9A3
:104E40004FE69DF839009DF8381000EB012080B244
:104E500001460B901D98FFF7A7FD80B21590FF2229
:104E60001598C1B2001202AB07C305921598011440
:104E70000016CDE900014FF48001139801EB403199
:104E8000129801EB802106483438007801EBC0010C
:104E9000034834384078084409909DF839000DE003
:104EA00084180020C80C0020F00C002055AA160021
:104EB000FC0300200CED00E00000FA050B909DF8CB
:104EC00038000A900246FD480B9B0999FDF7CEFD7C
:104ED0003EE73DE73CE79DF839009DF8381000EBD0
:104EE000012080B216909DF83A0000901698C0B24A
:104EF000034607227F210B90F148FEF757FD27E775
:104F00009DF8380030B101281BD0022850D003286A
:104F10007ED161E0EB48F4F751FCEA48F3F7BCFBC3
:104F2000FF200290039004900590009001909DF85E
:104F30003800034604220B90E0481199FDF796FDD6
:104F400088E09DF83C0001069DF83D0001EB004023
:104F50009DF83E1000EB01219DF83F0008440B90A6
:104F60009DF83B009DF83A1000EB01200A900146A5
:104F7000D4480B9AF1F716FF9DF83F009DF83E10BC
:104F80009DF83D209DF83C30CDE90232CDE904107A
:104F90009DF83B009DF83A10CDE900109DF83800CF
:104FA000034604220B90C5481199FDF75FFD51E0BF
:104FB000C448F2F7C1FEFF200290039004900590D0
:104FC000009001909DF83800034604220B90BB48E6
:104FD0001199FDF74BFD3DE09DF83B009DF83A101F
:104FE00000EB012001460B90B648F2F7BBFA109097
:104FF0001098C1B2C0F30722C0F30743000ECDE9F9
:105000000332059102909DF83B009DF83A1000E0B4
:105010000BE0CDE900109DF83800034604220B9008
:10502000A6481199FDF722FD14E0FF20029003909D
:10503000049005909DF83B009DF83A10CDE90010D2
:105040009DF83800034605220B909C481199FDF706
:105050000DFD00BF00BF7BE69DF8380000F0F000BA
:10506000A0BB9DF8380000F00F0010B106282BD12E
:1050700006E0954801F0CAFF934801F029FF23E0BC
:105080009DF83D009DF83C1000EB012080B20B9094
:105090008D480B9901F04AFF0A900A98C1B2C0F3FB
:1050A0000722C0F30743000ECDE9033205910290B9
:1050B0000B98C1B20012FF230422CDE900017F4802
:1050C0001199FDF7D3FC00BF00BF41E6FFE79DF853
:1050D000380000F03000102867D19DF8380000F04B
:1050E0000F0010B103285FD10EE00020099007E007
:1050F0007648099902F02EF80998401CC0B2099030
:1051000009980228F4DB4FE09DF83D009DF83C1023
:1051100000EB012080B20B909DF83F009DF83E10FF
:1051200000EB012080B20A900020099037E0674828
:1051300001680B9801EBC001099801EBC0000890D1
:105140006248C06808380899884200D22BE060485D
:105150000899F1F76EFA07900899091D5C48F1F774
:1051600068FA06900698C1B2C0F30722C0F307435D
:10517000000ECDE90332059102900798C1B2C0F349
:105180000720CDE900010798C0F3074304224B48EC
:105190001199FDF76BFC0998401C80B20990DDE97C
:1051A00009018842C3DB00BF00BFD1E59DF838008C
:1051B0004849C8709DF839000871084690F82000E9
:1051C00010B99DF83A0048719DF83B0000F00300CB
:1051D000012800D100E000203E49087008464079CF
:1051E0000E2801D101200870B2E59DF839009DF824
:1051F000381000EB0120079004F095F90022364B9F
:10520000CDE9080103F0DAFFCDE90A0103F0F0FE71
:10521000304988609CE59DF83F0000F003000128BC
:1052200000D100E000202B49487091E59DF839003D
:105230009DF8381000EB012000B22649C8819DF886
:105240003C004B38888183E51398252859D1129862
:1052500098BB9DF83800FF2803D19DF83900FF283E
:1052600008D09DF839109DF8380001EB002000B2FD
:105270001A4908849DF83A00FF2803D19DF83B00A5
:10528000FF2808D09DF83B109DF83A0001EB002064
:1052900001B2124841849DF83C00FF2803D19DF8DB
:1052A0003D00FF2808D09DF83D109DF83C0001EB23
:1052B000002001B20948818412E022E05018002049
:1052C000B50400205C3000206C0500204C38002024
:1052D00068050020C80C002000002440200E00209B
:1052E0009DF83E00FF2803D19DF83F00FF2808D01D
:1052F0009DF83F109DF83E0001EB002001B2FD48F3
:10530000C18425E51D9841781298814214D11D98D9
:105310000178139881420FD100200B9009E00EA96B
:105320000B980A5CF4480B9942540B98401CC0B28D
:105330000B900B980828F2DB0AE59DF8380003284B
:105340002BD1179848B39DF83900FF2804D09DF859
:1053500039004B38E949C8809DF83A00FF2803D04E
:105360009DF83A00E54948819DF83B00FF2804D0AC
:105370009DF83B004B38E249C8809DF83C00FF286F
:1053800003D19DF83D00FF2807D09DF83D109DF802
:105390003C0001EB0020DA490881D9E4179800B9F4
:1053A000D6E49DF8380000F003000C900C98032818
:1053B0000ED0D448017D0C98814209D0D1480078A4
:1053C00030B1D0480078022802D0CE490C98087538
:1053D0009DF83800C0F381000C900C9803280ED083
:1053E000C848417D0C98814209D0C648407830B108
:1053F000C4484078022802D0C2490C9848759DF8EC
:105400003800C0F301100C900C9803280ED0BD4852
:10541000817D0C98814209D0BA48807830B1B94872
:105420008078022802D0B7490C9888759DF838001A
:1054300080090C900C9803280ED0B248C17D0C98BE
:10544000814209D0AF48C07830B1AE48C078022858
:1054500002D0AC490C98C8759DF8390000F00300E3
:105460000C900C9803280ED0A648017E0C9881421F
:1054700009D0A448007930B1A2480079022802D0AE
:10548000A0490C9808769DF83F0000F003000C90AE
:105490000C98032807D00C9808B1012000E00020E8
:1054A000994981F800019DF83F00C0F381000C90FC
:1054B0000C98032807D00C9808B1012000E00020C8
:1054C000914981F801019DF83F00C0F301100C9053
:1054D0000C98032806D00C9808B1012000E00020A9
:1054E000864948709DF83F0080090C900C9803286D
:1054F00006D00C9808B1012000E0002080494870D7
:10550000FFE1179800B9FCE19DF83800FF2804D0AE
:105510009DF838004B387B49C8839DF83900FF2837
:1055200004D09DF839004B38764908849DF83A003C
:10553000FF2804D09DF83A004B38724948849DF802
:105540003B00FF2804D09DF83B004B386D49888410
:105550009DF83C00FF2804D09DF83C004B38694979
:10556000C884684890F849101E3030F911000A903C
:1055700004F002FC01460B906348F8F795F8C0E18F
:10558000179800B9BDE19DF83800FF2804D09DF8B8
:1055900038004B385B4908859DF83900FF2804D056
:1055A0009DF839004B38574948859DF83A00FF2847
:1055B00004D09DF83A004B38524988859DF83B004D
:1055C000FF2804D09DF83B004B384E49C8859DF814
:1055D0003C00FF2804D09DF83C004B384949088620
:1055E000484890F849101E3030F911000A9004F034
:1055F000C3FB01460B904448F9F7D0FEF6E3179839
:1056000000B9F3E39DF83800FF2804D09DF8380076
:105610003C4981F832009DF83900FF2804D09DF8FC
:105620003910384880F833109DF83A00FF2804D02C
:105630009DF83A10334880F834109DF83B00FF285D
:1056400004D09DF83B102F4880F835109DF83C00A1
:10565000FF2804D09DF83C102A4880F836109DF8A9
:105660003D0000F003000C900C98032807D00C9824
:1056700008B1012000E00020224981F87A009DF85D
:105680003D00C0F381000C900C98032807D00C98C3
:1056900008B1012100E000211A4880F87B109DF834
:1056A0003D00C0F301100C900C98032807D00C9813
:1056B00008B1012100E00021124880F87C109DF81B
:1056C0003D0080090C900C98032807D00C9808B175
:1056D000012100E000210B4880F87D109DF83E007C
:1056E00000F003000C900C98032813D00C9868B1BC
:1056F00001210CE0200E0020D80C0020AC0C002072
:10570000BA0C0020400B0020842E00200021FE480F
:1057100080F87E106AE39DF8380000069DF8391085
:1057200000EB01409DF83A1000EB01209DF83B1082
:105730000844F64988619DF83C0000069DF83D103C
:1057400000EB01409DF83E1000EB01209DF83F105A
:105750000844EE49C86149E39DF83A0000F00F00A3
:1057600004281DD0FF200423CDE9023004900590C9
:105770000020009001909904139801EB4031129899
:1057800001EB8020E249097800EBC100E04949784B
:1057900008440623002201460B90DD48FDF766F918
:1057A00024E34FF00C71139801EB4031129801EB98
:1057B0008020D749097800EBC100D54949780844D1
:1057C00011909DF8380000069DF8391000EB01405B
:1057D0009DF83A1000EB01209DF83B1008440D9015
:1057E00000200B9028E0CB480D99F0F722FF109095
:1057F0001098C1B2C0F30722C0F30743000ECDE9F1
:105800000332059102900D98C0B20D99C1F30721A2
:10581000CDE900100D98000E0A900D98C0F30743D3
:10582000BB480A9A1199FDF721F90D98001D0D90BA
:105830000B98401C80B20B909DF83D009DF83C10E9
:1058400000EB01210B988142CDDCCFE29DF83800BE
:10585000FF2804D09DF83800AF4981F8AF019DF8CA
:1058600039000D2808DA9DF83900002804DD9DF87C
:105870003910A94880F8B0119DF83A00202808DABC
:105880009DF83A00002804DD9DF83A10A24880F8FF
:10589000B1119DF83B00182804DA9DF83B109E4892
:1058A00080F8B3119DF83C003C2804DA9DF83C10C8
:1058B000994880F8B4119DF83D003C2804DA9DF821
:1058C0003D10954880F8B511934890F8B51190F8BF
:1058D000B401914A92F8B321CDE9002002918E489B
:1058E00090F8B1010B908C4890F8B0010A908A486A
:1058F00090F8AF01099001468748DDE90A23FBF7DC
:1059000073F973E29DF8380018280BDA824890F892
:10591000B6019DF83810884204D09DF838107E48B2
:1059200080F8B6119DF839003C280BDA7A4890F8D7
:10593000B7019DF83910884204D09DF83910764897
:1059400080F8B7119DF83A0018280BDA724890F8E1
:10595000B8019DF83A10884204D09DF83A106E487C
:1059600080F8B8119DF83B003C280BDA6A4890F8A3
:10597000B9019DF83B10884204D09DF83B10664861
:1059800080F8B9119DF83C0065280BDA6248B0F840
:1059900082019DF83C10884204D09DF83C005E498D
:1059A000A1F882019DF83D0065280BDA5A48B0F84D
:1059B00084019DF83D10884204D09DF83D00564971
:1059C000A1F8840112E29DF83800022808DA9DF857
:1059D000380008B1012100E00021504880F826106D
:1059E0009DF83900022808DA9DF8390008B1012035
:1059F00000E00020494981F822009DF83A00022881
:105A000008DA9DF83A0008B1012100E0002143487E
:105A100080F8231000200B9014E00B98001D0EA9B5
:105A2000085C02280BDA0B98001D085C08B1012203
:105A300000E000220B98401D384922310A540B988F
:105A4000401C0B900B980328E7DBCFE10120344981
:105A5000087000211D9880F80D119DF839109DF8EF
:105A6000380001EB0020B0F57A7F07DC9DF8391093
:105A70009DF8380001EB0020294908819DF83B1072
:105A80009DF83A0001EB0020B0F57A7F08DC9DF824
:105A90003B109DF83A0001EB002081B22048418183
:105AA0009DF83D109DF83C0001EB0020B0F57A7F99
:105AB00008DC9DF83D109DF83C0001EB002081B210
:105AC0001748818192E101201549087000211D9835
:105AD00080F80D119DF839109DF8380001EB002079
:105AE0004FF6FF71884225D09DF839109DF8380097
:105AF00001EB0020079003F016FD0022094BCDE9D1
:105B0000080103F05BFB0FE0400B0020C80C0020F5
:105B10005018002068050020842E0020240C00204E
:105B2000200E002000002440CDE90A0103F060FAB5
:105B3000B64908619DF83B109DF83A0001EB002042
:105B40004FF6FF71884214D09DF83B109DF83A0043
:105B500001EB0020079003F0E6FC0022AC4BCDE9FE
:105B6000080103F02BFBCDE90A0103F041FAA74934
:105B700048619DF83D109DF83C0001EB00204FF678
:105B8000FF71884214D09DF83D109DF83C0001EB58
:105B90000020079003F0C7FC00229D4BCDE90801CF
:105BA00003F00CFBCDE90A0103F022FA9749886162
:105BB0009DF83F109DF83E0001EB00204FF6FF716D
:105BC000884214D09DF83F109DF83E0001EB002064
:105BD000079003F0A8FC00228D4BCDE9080103F0EB
:105BE000EDFACDE90A0103F003FA8849C861FDE046
:105BF0000120884908708848FDF738F985494860D0
:105C00009DF83900FF2802D09DF839001A909DF8C0
:105C10003A00FF2802D09DF83A0019909DF83B0009
:105C2000FF2802D09DF83B0018901A98FF2837D023
:105C300000237848DDE91221FEF7DEFD0B900020FD
:105C40000A9029E00A9800EB40017248103000EBFE
:105C50004100C1780B9881421BD10A9800EB4001AA
:105C60006C48103010F8110098B10A9800EB40020F
:105C70006848103000EB42001A9941701A9840B100
:105C80000A9901EB41026349103101EB42011A9874
:105C900088700A98401C0A900A980A28D2DB00BF34
:105CA0001998FF2837D001235A48DDE91221FEF761
:105CB000A3FD0B9000200A9029E00A9800EB400118
:105CC0005448103000EB4100C1780B9881421BD141
:105CD0000A9800EB40014F48103010F8110098B1BD
:105CE0000A9901EB41024B49103101EB420119982D
:105CF0004870199840B10A9901EB410245491031A9
:105D000001EB4201199888700A98401C0A900A9881
:105D10000A28D2DB00BF1898FF2837D002233D485D
:105D2000DDE91221FEF768FD0B9000200A9029E0C2
:105D30000A9800EB40013748103000EB4100C17871
:105D40000B9881421BD10A9800EB4001314810307A
:105D500010F8110098B10A9901EB41022D49103158
:105D600001EB420118984870189840B10A9901EB6C
:105D700041022849103101EB4201189888700A98B5
:105D8000401C0A900A980A28D2DB00BF2EE00020AF
:105D90000B900DE00EA90B98085CFF2805D00B981E
:105DA0000A5C1C4808300B9942540B98401C0B901D
:105DB0000B980428EEDB00200B9013E00EA90B9843
:105DC000001D085C00F00F000F2808D00B98001D84
:105DD000085C00F00F020F480C300B9942540B98EE
:105DE000401C0B900B980428E8DB00BF00BF139801
:105DF000782808DB01211D9880F83D100648FDF742
:105E000035F81D99086400BFFEF76BBE200E002018
:105E100000002440640E0020C009002010B586B0A8
:105E200004468448007800F0010058B9814802F027
:105E30006FF938B18048FDF719F8804908607D484E
:105E4000AFF300807E48007800F0010058B97C482C
:105E500002F05EF938B17848FDF708F87949086032
:105E60007748AFF300807448FDF700F8754909687A
:105E7000401A41F28831884218D36F48FCF7F6FF88
:105E800070490860FF2002900390049005900090F4
:105E900001906D4800786D4A02EBC0006A4A527862
:105EA000811800231A466848FCF7E0FD6248FCF7B9
:105EB000DDFF62490968401AB0F59C7F72D35E48E5
:105EC000FCF7D4FF5D49086061480078401C6049D8
:105ED000087008460078112877D2DFE800F09B09A7
:105EE000121B242D363F48515A646D7780899200E9
:105EF0000120132307227F2100905648FDF756FD0D
:105F000094E00220132307227F2100905148FDF7DF
:105F10004DFD8BE00320132307227F2100904D4885
:105F2000FDF744FD82E00420132307227F21009027
:105F30004848FDF73BFD79E0FF20152307227F212C
:105F400000904448FDF732FD70E0FF201623072241
:105F50007F2100903F48FDF729FD67E0FF201723D0
:105F600007227F2100903B48FDF720FD5EE0FF20E7
:105F7000182307227F2100903648FDF717FD55E0D2
:105F8000FF20192307227F2100903248FDF70EFDE4
:105F90004CE0FF201A2307227F2100902D48FDF7B7
:105FA00005FD43E043E0FF201B2307227F210090F3
:105FB0002848FDF7FBFC39E0FF20282307227F213A
:105FC00000902448FDF7F2FC30E023E0FF20292375
:105FD00007227F2100901F48FDF7E8FC26E0FF2004
:105FE0002A2300227F2100901A48FDF7DFFC1DE0E4
:105FF000FF202B230022252100901648FDF7D6FC18
:1060000014E00520132307227F2100901148FDF79B
:10601000CDFC0BE0FF202E2307227F2100900D48AE
:10602000FDF7C4FC00200A49087000BF00BF06B09D
:1060300010BD0000A8040020C0090020AC0400200E
:10604000A4040020B00400205018002000FC1F0011
:10605000B4040020B504002070B504462048FCF7C5
:1060600005FF216C401A44F62061884202D90020C5
:1060700084F83D002046FFF7D1FE002511E005EB36
:106080004501184810F8310048B129462046FEF76E
:1060900005FD002105EB4502124800F83210681C8E
:1060A000C5B2322DEBDB0E48FCF7E0FE0E49096865
:1060B000401AB0F57A7F12D30948FCF7D7FE0A4997
:1060C000086094F80D01401C84F80D0194F80D014E
:1060D0000F2804DB002084F80D010449087070BD0E
:1060E000C009002084180020A0040020200E0020F9
:1060F00010B50446042221460F48FCF7F5FE0020A7
:1061000084F83C0084F83D0000BF0DE0FF2100EB67
:106110004002A15400EB40022244517000EB4002C7
:1061200022449170411CC8B21428EFDB002084F88F
:106130000D01204610BD0000C009002070B50446C6
:1061400055480078A8B95548FCF790FEB0F5967F01
:106150000FD90120504908705E20005B3C2805DB08
:106160005E20005B40F6AC51884202DD012084F8DD
:10617000E80094F8E800002874D194F88C0010B975
:1061800094F88E0018B1002084F8740070BD94F863
:106190001901401C84F8190194F819010A2802DB3E
:1061A000002084F81901B4F84A1094F8192104F574
:1061B0008D7020F8121094F81901092802D1B4F951
:1061C0001A5106E094F81901401C04F58D7131F95B
:1061D000105094F8740070BBB4F94A00281A0428CF
:1061E00005DD94F82E01401C84F82E0102E0002009
:1061F00084F82E0194F82E01022808DD284890F832
:10620000850084F87500B4F84A00A4F84C0094F8AE
:106210007500FF283ED094F8750028B194F87500F9
:10622000401E84F8750035E0012084F87400FF20DA
:1062300084F875002EE0FFE7B4F94C00B4F94A1079
:10624000884203DDB4F84A00A4F84C00B4F94A10BF
:10625000B4F94C00801C81421CDD002084F87400DD
:1062600018E0FFE70F48B0F85E00642805DA94F8FC
:10627000740010B9012084F874000A48B0F85E0078
:1062800040F6AC51884205DD94F8740010B100204E
:1062900084F8740000BF79E768040020C00900207A
:1062A000240C00200C0A002010B59CB004460121EB
:1062B0000846ECF7E1F801210220ECF7DDF80121B6
:1062C0000420ECF7D9F801A8EBF78CFEFE20019032
:1062D00003208DF8080000208DF80B0001A98148EB
:1062E000EBF708FE01A8EBF77DFE3F2001900320AD
:1062F0008DF8080000208DF80B0001A97A48EBF713
:10630000F9FD01A8EBF76EFE032001908DF808005F
:1063100000208DF80B0001A97448EBF7EBFD01217B
:106320008805ECF7A9F801210802ECF7D5F87048C8
:10633000EBF72CFB03A8EBF733FC002003906D4830
:1063400004906D48059000200690102007900020D2
:1063500008904FF48060099040000A9080000B90F4
:1063600040110C9040020D9000200E9001200F90E3
:1063700000201090119003A95D48EBF7E5FB012187
:106380005B48EBF7F7FA12A8EAF706FB0020129039
:1063900013904FF4804014900020159012A8EAF753
:1063A000E3FA16A8EAF79FFB0020169001208DF86B
:1063B0005C008DF85D000020189019901A90102054
:1063C0008DF86C0016A94B484C38EAF701FB0723FF
:1063D0000122114647484C38EAF724FB07230222E2
:1063E000114644484C38EAF71DFB072303221146A7
:1063F00040484C38EAF716FB0723042211463D4873
:106400004C38EAF70FFB07230522114639484C3870
:10641000EAF708FB07230622114636484C38EAF70C
:1064200001FB07231A46194632484C38EAF7FAFAB4
:106430000723082211212F484C38EAF7F3FA0723E3
:10644000092208212B484C38EAF7ECFA07230A22E4
:10645000092128484C38EAF7E5FA07230B220A21DC
:1064600024484C38EAF7DEFA07230C220B21214896
:106470004C38EAF7D7FA07230D220C211D484C3877
:10648000EAF7D0FA07230E220D211A484C38EAF712
:10649000C9FA07230F220E2116484C38EAF7C2FA30
:1064A000072310220F2113484C38EAF7BBFA0120CA
:1064B000EAF73AFB0120EAF721FB01210D484C38AD
:1064C000EAF77BFA01210B484C38EAF76BFA012115
:1064D00008484C38EAF73CFA06484C38EAF7FEFA26
:1064E0001CB010BD00000240000802400004024041
:1064F000106402404C200140600A002010B50446A0
:1065000069B140F2DC50824207DD1878401C1870F7
:1065100018780A2803DD012010BD0020187081B909
:10652000B2F57A7F0BDA40F20230824207DD18784A
:10653000401C187018780A2803DD0220ECE70020C0
:1065400018700020E8E700210DE0002300F17C0234
:1065500053540A32535416325354521D53540A3A68
:1065600053544A1CD1B20529EFDB002109E0002376
:1065700000F1A8025354921C5354121F53544A1C46
:10658000D1B20229F3DB00228B3042700270C2705C
:10659000827042710271C271827142720272C27261
:1065A000827280F8282080F8A42080F82A2080F8C1
:1065B000A52080F82B2080F8A6208B38704700009B
:1065C0002DE9F04FA1B006460F469246142261A174
:1065D0001CA8EAF751F84C22634909A8EAF74CF8DD
:1065E00040F6AC50874203DD604821B0BDE8F08F33
:1065F000384603F0D9FB0390316803F01DFC0446D4
:1066000003F022FA00225A4BCDE9040102F0D6FD34
:10661000CDE9060102F0ECFC80464146306803F00B
:1066200013FD044603F010FACDE90401404603F0DF
:106630000BFA00224F4BCDE9000102F0DBFFCDE960
:106640000201DDE9042302F0B9FDCDE9060102F003
:10665000CFFC0546A946099803F0A6FB0446494627
:1066600003F0B6FC01D24448BFE71B9803F09CFB43
:106670000446494603F0ACFB01D24048B5E700248C
:1066800064E009A951F8240003F08EFB4946079005
:1066900003F09EFB58D809AA611C52F8210003F0B0
:1066A00083FB4946079003F093FC4DD809A951F8A4
:1066B000240003F079FB4946039003F0BAFC1CAABE
:1066C000611C059051561257881A03F055FB04902F
:1066D000059903F0B1FB069003F02EFB80B2079002
:1066E00003F062FB834609AA611C32F8211032F8DC
:1066F0002420891A88B203F057FB0890584608995D
:1067000003F03CFA1CA90790085703F035FB0690EC
:10671000079903F0C5F90546504603F02DFB2946BD
:10672000069003F0BDF91649079003F051FC01D221
:10673000134D07E0504603F01FFB2946079003F076
:10674000AFF90546284650E7601CC4B2122C98DB0E
:106750000A484AE7CED8E2ECF6000A14191E28329D
:106760003C46505A646E780034A103080000F042A1
:1067700000FEAF400000994000004CC20000F24211
:106780000000F4422DE9F84F0446FE48007800F07E
:10679000010058B9FB4801F0BBFC38B1FA48FCF7DE
:1067A00065FBFA490860F748AFF30080F8480078C5
:1067B00000F0010058B9F64801F0AAFC38B1F248DF
:1067C000FCF754FBF3490860F148AFF30080F2484E
:1067D000007800F0010058B9EF4801F099FC38B199
:1067E000E948FCF743FBED490860EB48AFF3008054
:1067F000E548FCF73BFBE9490968401AB0F57A7FA8
:1068000007D3E148FCF732FBE44908602046FFF774
:1068100095FCDD48FCF72AFBDC490968884241D039
:10682000D948FCF723FBD9490860DD48B0F8E400FB
:10683000401CDB49A1F8E4000846D0F8D410B0F8B9
:1068400072000844D649C1F8D4000846D0F8CC10EC
:10685000B0F860000844D249C1F8CC000846D0F82E
:10686000D010B0F85E000844CD49C1F8D000084609
:10687000D0F8D810B0F86E000844C949C1F8D80063
:1068800000200DE0C649B83151F82020643931F8B4
:1068900010100A44C249B83141F82020411CC8B246
:1068A0000528EFDBB848FCF7E1FABA490968401A55
:1068B000C8287CD3B448FCF7D9FAB64908606220EE
:1068C000005B40F6E441484340F6FF7190FBF1FB6A
:1068D000584602F028FE05460022B24B02F06EFC3C
:1068E000074602F085FB2060002530E0A648FCF753
:1068F000BDFA04F10C0151F82510401A42F2107152
:10690000884202D90021201D415504F1B80050F8F9
:106910002500B4F8E41090FBF1F00FFA80FA201D86
:10692000405D58B9A04842571FFA8AF12046FFF748
:1069300047FE04F1340141F8250006E004F120008F
:1069400050F82510143040F82510681CC5B2052DEC
:10695000CCDBB4F8E410D4F8D00090FBF1F086B2B0
:10696000002231462046FFF72BFE054603F0C8F90A
:1069700000B2A4F84A00B4F8E410D4F8CC0090FBBC
:10698000F1F086B2002231462046FFF719FE054697
:1069900003F0B6F900B2A4F84800814890F8180155
:1069A000E0B17F48B0F94800142817DD00E032E27A
:1069B000B4F9480003F0E0F97C49009003F03CFA98
:1069C000834603F041F80746794A7A4B02F042FBCE
:1069D000054602F04BFD00B2A4F84800B4F8E410FC
:1069E000D4F8D40090FBF1F085B20022294620466D
:1069F000FFF7E6FD2065A834A18F206B90FBF1F036
:106A000060630020A087E0626062A0622063A83C0F
:106A100000BF06E000226249B83141F82020411C45
:106A2000C8B20528F6DB5848FCF720FA42F210718C
:106A300088425CD9002058E05B49AA39095C11B151
:106A4000211D095C69B15C49097819B15A49097B72
:106A5000814206D059490978A9B35849C97A814277
:106A600037D104F1540131F8101040F6AC52914284
:106A70000FDD04F17701095C491CCAB204F177010A
:106A80000A54095C052908DD012204F17C010A543D
:106A900003E0002204F177010A5404F1540131F8B3
:106AA0001010322910DA04F18101095C491CCAB2C4
:106AB00004F181010A54095C052914DD012204F165
:106AC00086010A540FE004E0002204F181010A5417
:106AD00009E0002204F177010A540A310A54491FDF
:106AE0000A540A310A54411CC8B20528A4DB6020AC
:106AF000005B40F6AC5188420BDD14F88F0F401C50
:106B0000207014F88F09052806DD012084F8900014
:106B100002E0002084F88F006020005B32280BDA4E
:106B200014F8910F401C207014F89109052806DD17
:106B3000012084F8920002E0002084F89100722085
:106B4000005B40F6AC5188420BDD14F8930F401CFB
:106B5000207014F89309052806DD012084F89400BC
:106B600002E0002084F893007220005B32282ADAC9
:106B700014F8950F401C207014F89509052825DDA0
:106B800001201DE058040020C00900205C04002002
:106B900054040020600400205004002064040020FD
:106BA0000C0A002000408F40EA0B0020C3F5883F0C
:106BB0009A99999999991140AC0C0020BA0C00202F
:106BC00084F8960002E0002084F8950094F876009E
:106BD00040B3002524E0A548405D01281ED1A3480C
:106BE0000A30405DD0B904F1970043191530465D75
:106BF000583830F816209D480A30405D08B1012011
:106C000000E0002001462046FFF778FC8146B9F1FC
:106C1000020F03D1012104F19C004155681CC5B24B
:106C2000052DD8DB914890F8B20058B17020025B76
:106C30008F4890F87D1004F1A7032046FFF75EFC13
:106C4000814601E04FF00009B9F1010F02D10121A5
:106C5000AB200155B9F1020F02D10121A920015544
:106C6000A920005D10B9AB20005D68B1804890F8A4
:106C7000230048B1002241F256017E48F8F7CEFBCE
:106C800000217B4880F82310D4F8DC00322817DA82
:106C900094F8E70000280FDD652084F8E60094F8FA
:106CA0003101401C84F8310194F8310114280FDDC2
:106CB000012084F8B6000BE0672084F8E60007E0C6
:106CC00094F8310120B194F83101401E84F831016B
:106CD000D4F8DC00322806DBD4F8DC00C82802DA5D
:106CE000062084F8E600D4F8DC00C82807DBD4F8D6
:106CF000DC00B0F5847F02DC052084F8E600D4F8DF
:106D0000DC00B0F5847F07DDD4F8DC00B0F5987FB7
:106D100002DC042084F8E600D4F8DC00B0F5987FAB
:106D200007DDD4F8DC00B0F5AF7F02DA032084F889
:106D3000E600D4F8DC00B0F5AF7F07DBD4F8DC0068
:106D4000B0F5D27F02DA022084F8E600D4F8DC0045
:106D5000B0F5D27F07DBD4F8DC00B0F5167F02DA9D
:106D6000012084F8E600D4F8DC00B0F5167F08DBDB
:106D700040F2DC51D4F8DC00884202DA002084F8CA
:106D8000E60040F2DC51D4F8DC0088421BDB94F8CA
:106D9000E700002813DD662084F8E60094F830014F
:106DA000322804DA94F83001401C84F8300194F859
:106DB000300114280FDD012084F8B5000BE06720B6
:106DC00084F8E60007E094F8300120B194F830012F
:106DD000401E84F8300194F8E60094F8E7108842E9
:106DE00010DA94F82F01322804DA94F82F01401CAD
:106DF00084F82F0194F82F0114280BDD012084F86A
:106E0000B30007E094F82F0120B194F82F01401E41
:106E100084F82F0100BF606BC4F8EC00F020A16B78
:106E20000151F420E16B0151F820216C0151FC204B
:106E3000616C01510021001D0151001D216D0151A6
:106E40000D4801694FF4847001510B4841694FF4BA
:106E500086700151084881694FF4887001510648D5
:106E6000C1694FF48A700151BDE8F88F400B0020D2
:106E7000240C0020842E0020200E002010B5044693
:106E8000042221461148FCF72FF82046FFF75BFB50
:106E9000002084F87600FF2084F87500032084F831
:106EA000E700082084F8AC000921AD2001550A2133
:106EB000AE2001550B21AF2001550C21B02001550A
:106EC0000E21B2200155204610BD0000C00900204F
:106ED00070B504461A21204600F028F80546681CC3
:106EE00010B90020206000E0256070BD10B5044698
:106EF0001A212046226800F05BF810BD70B50546E7
:106F0000074C08E021460748EFF793FB401C08B9FF
:106F1000204670BD083404488442F3D30020F8E7CB
:106F200000000108680500207FFF01082DE9F041FD
:106F300080460D464FF0FF370C4C11E021460C48BF
:106F4000EFF777FB0646701C10B93846BDE8F081B4
:106F5000AE4204D1211D0648EFF76BFB074608340B
:106F600004488442EAD33846F0E7000000000108F4
:106F700068050020FFFF010870B504462046FFF7B2
:106F8000BDFF054615B10948854202D9204600F0EB
:106F90003DF8204600F044F81A212046226800F00F
:106FA00007F8204600F02CF870BD0000F7FF01083C
:106FB0002DE9F04106460D4617463046FFF79EFF85
:106FC000044694B1304600F02BF82A4621460B487F
:106FD000EFF700FB241D3A4621460848EFF7FAFA7E
:106FE000304600F00DF8BDE8F081304600F00EF8B4
:106FF0003046FFF7C1FF00BFF5E70000680500203D
:1070000010B50446EAF7D2FE10BD000010B50446E4
:1070100020210248EFF7FCFA10BD000068050020AF
:1070200010B50446EAF70CFF0148EFF7DFFA10BD90
:107030006805002010B50446042221460248FBF7EB
:1070400053FF204610BD0000C00900202DE9F0418B
:1070500006463048008808B9BDE8F081307C00B1B0
:10706000FAE70120307400244CE056F8245041E047
:1070700029462948EFF7DDFA0746781CA8BB06F138
:10708000080050F8241005F11800814230D930462C
:1070900000F072F800239A1F2946304600F040F8AD
:1070A00008351C48038818222946304600F038F875
:1070B00008351A48B0F948303D222946304600F0DC
:1070C0002FF80835304600F03FF806F1080050F878
:1070D000241005F11800814209D8601C022805DA45
:1070E000C1B2304600F036F8B6E702E008E0B3E798
:1070F00006E0083506F1080050F82400A842B7D889
:10710000601CC4B2022CB0DB0021304600F022F833
:1071100000BFA1E7F00C0020680500200C0A002049
:107120002DE9F04107460C4616461D4632462146DB
:107130000448EFF74FFA2A46211D0248EFF74AFAB2
:10714000BDE8F0816805002010B50446EAF72EFE80
:1071500010BD000070B505460C461CB9302105482D
:10716000EFF756FA012C03D138210248EFF750FA15
:1071700070BD00006805002010B50446EAF760FE07
:107180000148EFF733FA10BD6805002010B504463A
:10719000042221460748FBF7A7FE0748206007485E
:1071A0006060074920680844A06060680144E160AD
:1071B000204610BDC0090020000004080000060899
:1071C000FFFF010070B59EB0044600201C901D908A
:1071D00000BF04E05249415C13AA1154401C082826
:1071E000F8DB002015E0002110E013AA125C203A21
:1071F00020230B411A400AB1012200E0002200EBDB
:10720000400301EB430307AEF254491C0629ECDBB3
:10721000401C0828E7DB002010E00022002108E0E5
:1072200001EBC00307AEF35C13B180230B411A449A
:10723000491C0829F4DB1CAB1A54401C0628ECDB63
:10724000204600F0C9F8EAF773FFE9F721FD15A918
:1072500016A801F030FB84F8120194F8120120B155
:10726000002084F8F9001EB070BDE9F711FD9DF80B
:107270005800302804DD012084F8DB0084F8F90090
:1072800006221CA91AA8ECF77AF81AAA06210020EF
:1072900001F0D8FA054601F005FA054694F8DB003E
:1072A00001280BD117A818A919AB0722CDE90010A6
:1072B0000021012001F028F8054606E017AB18AAC6
:1072C00019A9012000F0E7FF054616A207CA04AB82
:1072D00007C304A80C2300220090BDF86010BDF87D
:1072E000640001F0FDF90546012011490022102338
:1072F000CDE90032CDE902100723114601F048F82C
:10730000054694F8DC00012802D1E9F723FC054684
:107310000721012001F06FFA054600BFA3E7000036
:107320000080000854696D6265726C696E65203278
:1073300040E2010010B50246002004E00C5C02F1BE
:1073400038031C54401C1428F8DB0120014B83F83F
:10735000360010BD6038002010B5044694F8E400F3
:1073600020B1EAF7F1FF002084F8E40010BD10B569
:107370000446B4F81001EAF745FC28B1B4F810014E
:10738000EAF73AFCEAF7F2FE10BD000010B5044639
:10739000EAF728FF2046FFF7DFFFD4F8E80030B116
:1073A00094F8EE0018B1012084F8350002E00020C6
:1073B00084F835000648007820B194F8350008B10B
:1073C000012000E00020034981F8780110BD000091
:1073D00074390020842E002070B58AB0044605263A
:1073E00001210846EBF748F801210220EBF744F8A9
:1073F00001210420EBF740F801210820EBF73CF8CD
:1074000001218803EBF768F801210807EBF744F83E
:10741000A849206B884204D101218014EBF75CF865
:1074200012E0A549206B884205D101210014EBF739
:1074300033F8052608E0A149206B884204D10121D8
:10744000C013EBF729F8062608A8EAF7CBFD217947
:107450000120884080B2089002208DF824008DF829
:10746000250000208DF8260001208DF8270008A9AE
:107470002068EAF73FFD217932462068EAF782FD6D
:1074800008A8EAF7AFFD217B0120884080B2089070
:1074900002208DF824008DF8250000208DF82600AC
:1074A00001208DF8270008A9A068EAF723FD217BB9
:1074B0003246A068EAF766FD08A8EAF793FD217D49
:1074C0000120884080B2089002208DF824008DF8B9
:1074D000250000208DF8260001208DF8270008A93E
:1074E0002069EAF707FD217D32462069EAF74AFD67
:1074F000A069C4F8FC00217F01208840A4F808019D
:1075000008A8EAF76FFD217F0120884080B208902B
:1075100001208DF8240000208DF825008DF826002C
:107520008DF8270008A9A069EAF7E4FC206AC4F8EE
:1075300000012420015D01208840A4F80A0108A868
:10754000EAF750FD2420015D0120884080B20890B8
:1075500001208DF8240000208DF825008DF82600EC
:107560008DF8270008A9206AEAF7C4FC08A8EAF702
:1075700039FD4FF40040089001208DF824000220CE
:107580008DF8250008A94E48EAF7B4FC4FF40041F5
:107590004B48EAF725FDA06AC4F804012C20015DE0
:1075A00001208840A4F80C0108A8EAF71BFD2C2054
:1075B000015D0120884080B2089000208DF82400F1
:1075C00002208DF8250000208DF8270008A9A06A68
:1075D000EAF790FC03A8EBF7E1F80020ADF80C0007
:1075E000ADF81000ADF81200ADF814004FF40070C3
:1075F000ADF816002020ADF818000020ADF81A00F4
:107600004FF48270ADF80E0003A9206BEBF7A8F8D9
:107610000121206BEBF798F800252A49A06A8842DF
:1076200001D101250AE02849A06A884201D102253A
:1076300004E02649A06A884200D103252C20015D80
:107640002846EBF7C3F82C20015D01208840A4F800
:10765000100101A8EAF734FB2C20015D01208840CD
:1076600080B2019000208DF8080008208DF80900F4
:1076700001208DF80A0001A8EAF7D8FA282084F83A
:107680000E0194F80E018DF8000000208DF8010025
:1076900003208DF8020001208DF803006846EAF708
:1076A00097FE2C210A5D0121914088B2EAF7A4FAE5
:1076B0000AB070BD0030014000380040003C00407E
:1076C000000002400004024000080240000C02409A
:1076D00070B505460C461421204601F0B5FB70BD7F
:1076E000002180F8DB10012180F8DC1080F8E41024
:1076F000AA2180F813110F4901630F49016003218A
:1077000001710D4981600522027301610422027535
:1077100081610E22027709490162022224210A5462
:10772000054981620F222C210A54002180F8F910AA
:1077300070470000003C004000040240000C024082
:107740002DE9F04F87B082468B460BEB4B01FE488C
:1077500000EBC1008068C0F3102006900BEB4B01DA
:10776000F94800EBC10000F10F0400200590F74A32
:107770000698811A90427DD013DCF54AA0EB0201F5
:10778000904278D008DCF3490844002874D0A0F671
:107790003170002871D1ACE15D296FD06029F9D139
:1077A000C1E1EA296BD004DC022969D0A329F1D117
:1077B00022E1FD297DD0B1F5837FEBD12078FF2830
:1077C0000BD0E54890F8AF012178884205D02078A9
:1077D000E14981F8AF01012005906078FF280BD0C6
:1077E000DD4890F8B0016178884205D06178DA48C8
:1077F00080F8B01101200590A078FF280BD0D64862
:1078000090F8B101A178884205D0A178D24880F8DB
:10781000B11101200590E078FF280BD0CE4890F8F8
:10782000B201E178884205D0E178CB4880F8B21106
:10783000012005902079FF280BD0C74890F8B301AC
:107840002179884205D02179C34880F8B3110120FD
:1078500005906079FF280BD0BF4890F8B40161799A
:10786000884205D06179BC4880F8B41101200590A8
:10787000A07906E06EE0BEE1D2E11EE2EEE03DE07E
:107880007BE1FF2809D0B44890F8B501A17988427E
:1078900003D0A179B04880F8B5119DF81400C0B1AB
:1078A000AD4890F8B51190F8B401AB4A92F8B32105
:1078B00000E00FE0CDE900200291A74890F8B13137
:1078C00090F8B02190F8AF11F9F78EF9A248F7F7C8
:1078D0006FFCF2E1207802280FDA607800F00F00E8
:1078E00004280ADA607800F001009B4981F8000161
:1078F0006078C0F3400081F80101DEE12078401E8D
:10790000C5B2052D25DA9548405D012821D1607862
:1079100000F00309B9F1020F08DAB9F1000F01D044
:10792000012100E000218D487A304155A17801EB1A
:10793000D1725210642A0CDCA07800EBD072521085
:107940000A2A06DBA07800EBD0714910834A323254
:107950005155B2E12078401EC5B2052D4BDA617851
:1079600001F00F09B9F1020F02D0B9F1030F04D1F0
:1079700001227A4914314A5512E0B9F1040F08D1B5
:107980007649495D012904D10222744914314A55CE
:1079900006E0B9F1000F03D10022704914314A55B5
:1079A000E378227903EB0221CA1701EBD26252116C
:1079B000A2F211100A281DDB20281BDC664991F871
:1079C000871149B16549283131F91510814203D039
:1079D0006249283121F815005F4991F8871149B9AA
:1079E0005E491E3131F91510814203D05B491E31C9
:1079F00021F8150000BF60E12078401EC5B2052DBA
:107A00002BDA6078FF2802D1A078FF2825D0617892
:107A1000A27801EB022001F086FD07460022504BC0
:107A200001F0CCFB00224F4BCDE9000101F022FF19
:107A3000CDE9020101F0DCFA04904B49049841F8C9
:107A40002500012148481C3841554848FBF70EFAEB
:107A50004549143941F8250000BF2EE12078401E29
:107A6000C5B2052D44DA2079617900EB012006B218
:107A70003046F11706EBD1614911A1F21116607879
:107A8000C8B92079617900EB01204FF6FF71884277
:107A900003D03248283020F81560A078182803DA7F
:107AA000A1782D4880F8B811E0783C2803DAE17815
:107AB000294880F8B9116078012819D120796179B5
:107AC00000EB01204FF6FF71884203D023481E309F
:107AD00020F81560A078182803DAA1781E4880F8ED
:107AE000B611E0783C2803DAE1781B4880F8B7113A
:107AF000E3E02078002815DD2078082812DC607883
:107B000000F00700052804D101222078401E184902
:107B10000A54607800F0070020B900222078401E47
:107B200013490A54C9E02078062806DA6078FA2852
:107B300003D10120084981F803016078FB281BD19B
:107B40000020054916E00000E40E0020F9FE0100C7
:107B500098FE01009B10FEFF842E0020400B0020A9
:107B600000004040001071402C0A0020C009002095
:107B7000460C002081F803019FE05548007810B1C1
:107B80002078022802DD07B0BDE8F08F6078C0F3EE
:107B90008100022808DA6078C0F3810008B1012072
:107BA00000E000204A494870A078FF2802D1E07820
:107BB000FF280FD0A278E17802EB0120C11700EB7B
:107BC000D1614911A1F21116032E03DB322E01DC23
:107BD0003F48C6802079FF280CD02079142809DB83
:107BE0002079642806DC20790A2190FBF1F000B2AC
:107BF0003749488161E03748007880B12078022811
:107C00000DDA607800F00F00022808DA607800F0E2
:107C10000F0008B1012000E000202E4948704CE020
:107C20002078812802D0A72845D103E02A48FBF715
:107C30007BFC40E06078FF280AD06078012800DAF9
:107C40000120642800DD64202449A1F8620100BFFE
:107C5000A078FF280AD0A078012800DA0120642843
:107C600000DD64201D49A1F87C0100BFE078FF28F9
:107C70000BD0E178A1F12800002800DA002050287C
:107C800000DD50201349C88000BF2079FF2802D1B1
:107C90006079FF280FD02279617902EB012188B247
:107CA0000A2800DA0A2040F2AA51884200DD08467C
:107CB0000849088100BF00BF00BF00BF0848FBF7AC
:107CC000D5F8CAF8040001208AF8000000BF5AE77E
:107CD000AC0C0020BA0C0020F00C0020842E0020F8
:107CE000C009002070B50646E048007800F00100A9
:107CF00058B9DE4800F00CFA38B1DD48FBF7B6F8A9
:107D0000DC490860D948AFF30080DB48007800F018
:107D1000010060B9D84800F0FBF940B1D448FBF746
:107D2000A5F80A30D5490860D348AFF30080D4489D
:107D3000007800F0010060B9D14800F0E9F940B1E5
:107D4000CB48FBF793F81430CE490860CC48AFF32A
:107D50000080CD48007800F0010060B9CA4800F00A
:107D6000D7F940B1C248FBF781F81E30C749086017
:107D7000C548AFF30080BE48FBF778F8BD490968F5
:107D8000401A742873D3BA48FBF770F8B9490860F1
:107D9000BF480078401CBE490870084600782B2870
:107DA00070D2DFE800F0E0161B20252A2F33373C85
:107DB00041464B50555A5F656A7075797E83888D50
:107DC00092969BA0A5AAAFB4B9BEC3C8CCD0D4D854
:107DD000DC000021AF48EDF733FECBE00121AD48D8
:107DE000EDF72EFEC6E00221AA48EDF729FEC1E01C
:107DF0000321A848EDF724FEBCE00421A548EDF7D7
:107E00001FFEB7E0A348EEF725FAB3E0A148EEF76E
:107E100055F9AFE000219F48EEF7CCF8AAE0012128
:107E20009C48EEF7C7F8A5E002219A48EEF7C2F8A1
:107E3000A0E003219748EEF7BDF89BE004219548A8
:107E4000EEF7B8F896E000219248EEF7FFF891E0DF
:107E500001219048EEF7FAF88CE002218D48EEF708
:107E6000F5F887E003218B48EEF7F0F882E082E036
:107E700004218848EEF7EAF87CE000218548EEF717
:107E800025FB77E06FE001218248EEF71FFB71E0F0
:107E90008048EEF765F96DE002217E48EEF716FBAB
:107EA00068E005217B48EEF711FB63E00621794885
:107EB000EEF70CFB5EE007217648EEF707FB59E092
:107EC00008217448EEF702FB54E07248EDF7B0FE6B
:107ED00050E000216F48EDF7F1FE4BE001216D48C5
:107EE000EDF7ECFE46E002216A48EDF7E7FE41E0DF
:107EF00003216848EDF7E2FE3CE004216548EDF718
:107F0000DDFE37E005216348EDF7D8FE32E00621BB
:107F10006048EDF7D3FE2DE007215E48EDF7CEFE79
:107F200028E008215B48EDF7C9FE23E00921594804
:107F3000EDF7C4FE1EE05748EEF748F91AE0554841
:107F4000EDF7A2FF16E05348EDF7D2FF12E05148DB
:107F5000EDF750FF0EE04F48EEF7F4F90AE04D4818
:107F6000EDF704FE06E04B48EEF7DAFA0020484948
:107F7000087000BF00BF3E48FAF778FF3F49096824
:107F8000401AB0F5A67F33D93948FAF76FFF3B495D
:107F9000086041480078401C3F4908700846007856
:107FA0000E2801DB002008703B480078032190FB7D
:107FB000F1F201FB1200C4B23748007890FBF1F0F7
:107FC000C5B2224629463348EEF7F0F93248007828
:107FD000032190FBF1F201FB1200C4B22E4800789D
:107FE00090FBF1F0C5B2224629462A48EEF73CFA4A
:107FF0001F48FAF73BFF23490968401A40F605512C
:10800000884220D31A48FAF731FF1E4908602348F6
:108010000078401C2149087008460078012802D0E9
:10802000022808D103E01B48EDF7C8FD0AE0194813
:10803000EDF770FD06E01748EDF734FD0020174915
:10804000087000BF00BF0A48FAF710FF0F4909681F
:10805000401AB0F57A7F07D90548FAF707FF0B49B0
:1080600008600C48EDF77AFF70BD0000CC040020DA
:10807000C0090020D0040020C8040020D40400203F
:10808000C4040020D8040020C0040020DC04002028
:10809000E0040020E3040020E1040020E2040020CA
:1080A00070B505462846FFF71DFE002411E004EBDD
:1080B00044010F4810F8310048B121462846FFF727
:1080C0003FFB002104EB4402094800F83210601C19
:1080D000C4B2322CEBDB0748FAF7C8FE6968401AD5
:1080E00042F21071884201D90020287070BD000052
:1080F000E40E0020C009002010B5044604222146E9
:108100000248FAF7F1FE204610BD0000C009002029
:10811000016809B1002070470121016008467047DD
:1081200010B50248FBF75AF910BD0000B40E00204C
:1081300010B50248F1F75AFB10BD00005C3000207A
:1081400010B50248FBF79CFB10BD0000F00C0020AE
:1081500010B50248EEF714FE10BD0000C80C002058
:1081600010B50248FCF7F0FB10BD0000640E0020C3
:1081700010B50248F4F734F810BD0000240C0020BC
:1081800010B50348FCF726FB0248FCF723FB10BDA3
:10819000600500206405002010B50248F9F72CF9AD
:1081A00010BD0000842E002010B50248EEF706FA3C
:1081B00010BD0000E304002010B50248FDF798FF51
:1081C00010BD0000F021002010B50248FEF732FF7C
:1081D00010BD00006C05002010B50248FEF7D6FF68
:1081E00010BD00004C38002000B50248FFF778FAB7
:1081F00000BD00006038002010B50248EEF71CFA00
:1082000010BD00006805002010B50248F9F71CFBFE
:1082100010BD0000200E002010B50248FEF72EFE13
:1082200010BD00000C0A002010B50248FAF702FD4C
:1082300010BD00005018002010B50248FCF77CFA71
:1082400010BD0000B504002010B50248FFF754FF30
:1082500010BD0000B804002000B50248FAF78EFEF9
:1082600000BD0000C009002010B50248ECF7DCFB9F
:1082700010BD0000400B002010B50248EEF7A0FC36
:1082800010BD0000C823002030380A2801D2012088
:10829000704700207047F0B589B004460D46164679
:1082A0001F460294072200216846EBF772F8182255
:1082B000002103A8EBF76DF83F20ADF80C008A20F1
:1082C000ADF80E0002A8059001200690CDF81CD054
:1082D00007200890002103A800F0B0FB002802DA74
:1082E000FF2009B0F0BD9DF8000010B19DF800001E
:1082F000F7E7BDF801002880BDF803003080BDF825
:10830000050038800020ECE72DE9F04389B00446F1
:108310000D4616461F46DDE910898DF808408DF898
:1083200009508DF80A60072200216846EBF731F802
:108330001822002103A8EBF72CF83F20ADF80C0021
:108340008A20ADF80E0002A8059003200690CDF813
:108350001CD007200890002103A800F06FFB002824
:1083600003DAFF2009B0BDE8F0839DF8000010B1EA
:108370009DF80000F6E7BDF801003880BDF8030065
:10838000A8F80000BDF80500A9F800000020E9E702
:108390002DE9F04F8FB004460D4616461F46DDE925
:1083A0001AABDDE918898DF808408DF809501022C4
:1083B00031460DF10A00EAF7E2FF8DF81A708DF8E8
:1083C0001B808DF81C90CDF81DA08DF821B01822CF
:1083D000002109A8EAF7DDFF3F20ADF82400862040
:1083E000ADF8260002A80B901A200C9001A80D9061
:1083F00001200E90002109A800F020FB002803DADC
:10840000FF200FB0BDE8F08F9DF8040010B19DF87B
:108410000400F6E70020F4E72DE9FF4F91B007468E
:108420009846DDE9216BDDE91F5ADDF878900024DC
:10843000A8190E30282803D9422015B0BDE8F08FC6
:108440000DF80470601CC4B2BDF8480012900DEB2A
:108450000400022212A9EAF792FFA01CC4B2BDF8E0
:108460004C0013900DEB0400022213A9EAF787FFDA
:10847000A01CC4B20DF80480601CC4B20DF80490B6
:10848000601CC4B20DF80450601CC4B20DEB0400B3
:108490002A465146EAF773FF6019C4B20DF804602A
:1084A000601CC4B20DEB040032465946EAF767FF80
:1084B000A019C4B2BDF88C0023900DEB0400022279
:1084C00023A9EAF75CFFA01CC4B2BDF89000249079
:1084D0000DEB0400022224A9EAF751FFA01CC4B24C
:1084E000182200210BA8EAF754FF3F20ADF82C001A
:1084F0008320ADF82E00CDF834D00E940AA80F904A
:108500000120109000210BA800F098FA002801DA51
:10851000FF2092E79DF8280010B19DF828008CE715
:1085200000208AE72DE9FF4F8FB00E461746984688
:10853000DDE91DABDDF870900024BDF83C000F9024
:1085400001A9081902220FA9EAF719FFA41C01A822
:108550000655641C012E01D1022500E0102501A959
:1085600008192A463946EAF70AFF6019C4B201A879
:1085700000F80480601CC4B201A800F80490601CDC
:10858000C4B201A800F804A0601CC4B201A800F89D
:1085900004B0601CC4B201A91F980855601CC4B285
:1085A00020980855601CC4B20322002108A8EAF7ED
:1085B000F0FE1822002109A8EAF7EBFE3F20ADF8F3
:1085C00024004FF48270ADF8260001A80B900C94A3
:1085D00008A80D9003200E90002109A800F02EFAA3
:1085E000002803DAFF2013B0BDE8F08F9DF82000CB
:1085F00010B19DF82000F6E7BDF821102198018008
:108600000020F0E72DE9F0478CB006468946174672
:108610009846DDF850A000240DF80460641C012E7B
:1086200001D1022500E010250DEB04002A46494641
:10863000EAF7A5FE6019C4B20DF80470601CC4B25C
:108640000DF80480601CC4B20322002105A8EAF7DB
:10865000A0FE1822002106A8EAF79BFE3F20ADF8F5
:1086600018004FF48170ADF81A00CDF820D00994AD
:1086700005A80A9003200B90002106A800F0DEF95F
:10868000002803DAFF200CB0BDE8F0879DF8140045
:1086900010B19DF81400F6E7BDF81500AAF8000027
:1086A0000020F0E700B587B01822002101A8EAF702
:1086B00070FE3F20ADF8040040F20110ADF8060056
:1086C000CDF814D001200690002101A800F0B6F9E1
:1086D000002802DAFF2007B000BD9DF80000FAE78D
:1086E000FFB5A7B016461D46309F0024A81D802860
:1086F00002DD42202BB0F0BDBDF89C0027900DEBB1
:108700000400022227A9EAF73AFEA01CC4B2BDF871
:10871000A00028900DEB0400022228A9EAF72FFE02
:10872000A01CC4B20DF80460601CC4B20DF8045063
:10873000601CC4B20DEB04002A463946EAF71FFE5E
:108740006019C4B21822002121A8EAF722FE3F20B6
:10875000ADF884004FF48370ADF88600CDF88CD06E
:10876000249420A8259001202690002121A800F023
:1087700065F9002801DAFF20BCE79DF8800010B100
:108780009DF88000B6E70020B4E7F0B58FB005464D
:108790000E4614461F46142C02D942200FB0F0BDDD
:1087A000ADF80450ADF806608DF808402246394611
:1087B0000DF10900EAF7E3FD1822002109A8EAF704
:1087C000E8FD3F20ADF8240040F22310ADF826006C
:1087D00001A80B90601D0C9008A80D9001200E9030
:1087E000002109A800F02AF9002801DAFF20D5E7C6
:1087F0009DF82000D2E730B589B004460D468DF8CB
:1088000008408DF809501822002103A8EAF7C1FD9D
:108810003F20ADF80C000F20ADF80E0002A8059027
:108820000220069001A8079001200890002103A8CB
:1088300000F004F9002802DAFF2009B030BD9DF8ED
:108840000400FAE7F0B5A7B006460D461746002427
:10885000A81C802802DD422027B0F0BD0DF804607E
:10886000601CC4B20DF80450601CC4B20DEB0400CF
:108870002A463946EAF783FD6019C4B2182200215E
:1088800021A8EAF786FD3F20ADF884000C20ADF862
:108890008600CDF88CD0249420A825900120269025
:1088A000002121A800F0CAF8002801DAFF20D3E750
:1088B0009DF88000D0E770B586B005460C4601A84B
:1088C00002AB04AA03A9009005A800F022F8C6B2E2
:1088D000C6B9BDF80C0000122870BDF80C000006E7
:1088E000000C20802088BDF80410C1F3031140EA79
:1088F000011020802088BDF8041001F00F0108430A
:10890000208002E0304606B070BDE9F76BFC3046CF
:10891000F9E72DE9F0418AB004460D4616461F4698
:10892000DDF840800922002101A8EAF732FD182273
:10893000002104A8EAF72DFD0420ADF81000012065
:10894000ADF8120000200690079001A808900920B9
:108950000990002104A800F071F8002803DAFF2034
:108960000AB0BDE8F0819DF8040010B19DF8040044
:10897000F6E79DF805002070BDF8060028809DF8F8
:1089800008003070BDF809003880BDF80B00A8F869
:1089900000000020E4E730B58FB004460D462022E9
:1089A000002101A8EAF7F5FC8DF804401F2C01DD39
:1089B0001F2000E02046024629460DF10500EAF797
:1089C000DEFC1822002109A8EAF7E3FC0820ADF834
:1089D00024000920ADF8260001A80B9020200C905F
:1089E000CDF834D001200E90002109A800F026F81F
:1089F000002802DAFF200FB030BD9DF80000FAE732
:108A00002DE9FC4105460F4614461E46384665F3DF
:108A10009F2080B2ADF804008DF8064001208DF84B
:108A20000000032201A9C81EEAF7A9FC234604227C
:108A30003146684600F0E2F8BDE8FC812DE9F04FD0
:108A400089B004468A462188608861F39F2080B2FD
:108A50000890642006900020039001A8EAF784FEA5
:108A6000EAF798FE227B618826883046A368FFF7E4
:108A7000C7FFBAF1000F03D0002009B0BDE8F08FA6
:108A8000069808B90120069004A80699EAF7B6F9F5
:108A900093E008E004A8EAF79FF900B18EE0E9F757
:108AA000E5FB00B900E0F5E700BFEAF761FE03A9C6
:108AB0005048EAF741FF039800F108073878042886
:108AC00061D1781C0790039800F10B05039890F88A
:108AD0008800C61E079800780E2823D00F2804D0DF
:108AE00010284DD03E284CD133E0A8464546B8F872
:108AF00002100898814200D060E060680F2804D01E
:108B000098F8000000B159E03CE06069B04201DD36
:108B1000304600E0606960612946D4E90402EAF762
:108B20002EFC5AE0AB465D46BBF801100898814226
:108B300000D043E0ED1CF61E6069B04201DD304616
:108B400000E0606960612946D4E90402EAF717FC95
:108B500043E0A9464D4699F800006168884200D07C
:108B600010E0761E6069B04201DD304600E06069C9
:108B7000606109F10101D4E90402EAF700FC2CE08C
:108B80001CE000BF00BF1C48EAF785FD50B1194842
:108B9000EAF781FD30B118480399EAF7BCFE0020DE
:108BA000039005E001A80399EAF7B5FE00200390C1
:108BB000E9F7DCFAEAF780FD00BF6AE7039818B12D
:108BC0000D480399EAF796FE01A90A48EBF72BFA3C
:108BD000EAF772FD4FF0FF304FE707480399EAF7D5
:108BE00089FE01A90348EBF71EFAEAF765FD0020AC
:108BF00043E70000A0050020980500202DE9F04182
:108C000004460D4616461F463B4632462946204638
:108C1000EAF7DAFDBDE8F08172B6EAF7B5FAE9F7EE
:108C200075FEEBF7ADF9EAF759FD6B48FAF78AF8EC
:108C30006948FAF727F86948FDF736FB6848EBF70B
:108C400005FA6848F9F7E6FD6748FAF799F96748C1
:108C5000F0F78CFD6648FBF75EFE6648F8F73EFECF
:108C60006548FEF735F9EAF7C7FE62B66348FEF7D6
:108C7000A9FA6348ECF7DEFAACE0002056494860F8
:108C8000E9F748FB5F48007810B1EAF7F3FB05E02D
:108C90000020EAF7A1FC5148FDF774FD0120EAF736
:108CA0009BFC5948FAF760FC0220EAF795FC4C4817
:108CB000EBF702FC0320EAF78FFC4A48F9F74AFF7A
:108CC0000420EAF789FC4848FAF718FB0520EAF780
:108CD00083FC4E48FDF7C0F90620EAF77DFC4C48BE
:108CE000F7F7D0FB0720EAF777FC4A48F3F73CFA9E
:108CF0004948EDF78BFF4948F8F7B2FD0820EAF73D
:108D00006BFC4748F8F790FC0920EAF765FC394806
:108D1000F8F7F2FD0A20EAF75FFC4248EDF7A6FFFC
:108D20000B20EAF759FC4048FFF7BAF90C20EAF7A4
:108D300053FCEAF775FC0E20EAF74EFC2C48FBF7D3
:108D4000EBFD2E4890F8F90028B10D20EAF744FC1D
:108D50002B48ECF77FFA35480068401C334908601F
:108D60001D48FAF783F832490968401AB0F57A7F4E
:108D700030D32F48006800F57A702D490860002430
:108D800026E02C48006800F5137050F8241029489C
:108D90000068F43040F8241000212648006800F5EF
:108DA000137040F8241023480068F43050F8242051
:108DB0002048006800F5697050F824100648FAF75A
:108DC00033F81C49096801F5697141F82400641CF5
:108DD000562CD6DB51E70000C00900200C0A002009
:108DE000400B002050180020B40E00205C30002002
:108DF000640E0020002300206C0500206038002055
:108E0000743900203C040020F00C0020F0210020E8
:108E1000842E0020240C0020BA0C0020AC0C002072
:108E2000200E0020C80C0020B804002034040020CC
:108E300048040020880400200246002000E0401C76
:108E40008842FCDB704700002DE9F04188B0044601
:108E50000D465A4890F8DC0001286ED1574890F82A
:108E6000DA0000286BD000BF142255A103A8E7F751
:108E700003FC584800788DF81C0056480088010A09
:108E80008DF81D1053480068010C8DF81E105148D4
:108E90000068010E8DF81F104E48006820B94E483A
:108EA000F9F7E4FF4D49086042F2107101A8E9F7B3
:108EB000A5FF04E001A8E9F78FFF00B10BE003A8CC
:108EC0001423002200904648018846480088FFF796
:108ED00007FC6428EED000BF01A8E9F77DFF20B1B0
:108EE0000120364981F8F80003E00020334981F879
:108EF000F80038480068401C364908600846006899
:108F0000D0B1084600684FF4FA71B0FBF1F201FBF2
:108F1000120088B93048F9F7A9FF334908600846BC
:108F200000682E490968401A2449C1F8F4002A480B
:108F3000F9F79CFF2949086096E731E0FFE72648EA
:108F4000F9F794FF074642F2107106A8E9F756FFB9
:108F50004FF0010806E006A8E9F73EFF10B14FF018
:108F600000080AE02B4600221D48009401881D4895
:108F70000088FFF7B5FB6428EDD000BFB8F1000F03
:108F800001D1012000E000200C4981F8F8001248CE
:108F9000F9F76CFF0646F01B0849C1F8F4000AE037
:108FA000124A1288521C91B2044AB2F8EC002346CD
:108FB0002A46FFF7EAFB08B0BDE8F08160380020E0
:108FC00030313233343536373839414243444546FF
:108FD000000000008C050020C00900209005002042
:108FE00086050020840500209405002082050020CD
:108FF00021F00042A2F16052B2F5801F01F000435F
:1090000028BFD2F17F6C0BD95FEA001C43EAC20291
:1090100042EB507018BF704728BF20F00100704726
:10902000B2F5801FBCBF184670474FEA410C1CF5D3
:10903000001F02D2084600F0C6BF70B500F084FBE6
:1090400000000089FFF7F6BF4FF00040A0F5800058
:109050007047000010B591EA030F48BF83F000434A
:1090600000F11084841A71EB030C05D2121943EB42
:109070000C03001B61EB0C01DFF824E14FEA1154F3
:10908000A4EB135C1EEA430F18BF9EEA445F73D043
:1090900023EA0E03DCF1200E21EA045143F480138D
:1090A00032D322FA0CFE10EB0E0023FA0CFE41EB39
:1090B0000E01CCF1200E03FA0EFE10EB0E0051F162
:1090C0000001B1F5801FCCF1200E32D201EB04512A
:1090D00012FA0EF2BDE8104058BF7047401C38BF6E
:1090E0005FEA420218BF7047002814BF20F0010059
:1090F00041F100014FEA410313F5001F38BF7047EB
:10910000A1F1C04100F06EBB012A43EB0302ACF1B8
:10911000200CDCF11F0E32BF4FF0000E23FA0CF3CF
:1091200010EB030041EB0451B4EB115FD0D0A1EB85
:10913000045101F5801149085FEA300001EB045148
:109140000ED350F1000038BF12FA0EFE08D1BDE870
:109150001040C9E7401C38BF5FEA4202CAD1C3E7EA
:10916000BDE810404FEA410313F5001F38BF7047B8
:10917000A1F1C04100F036BB9EEA445F08D011EA7D
:109180005E0FBDE8104004BF01F0004100207047B1
:10919000BDE8104070B500F0D7FA00BF64FBBE3EDA
:1091A0000000E0FF491058BFC1F140415B1058BFBB
:1091B000C3F140438B42EFF3008070472DE9C0417B
:1091C00030B4DFF8A0C23CEA111418BF3CEA131413
:1091D00000F0EC8081EA03051CEA111444EAD5741E
:1091E00018BF1CEA131500F0C780A4EB05044FF06C
:1091F000004545EAC12145EAC32341EA505143EA0B
:10920000525304F17F74994204F500344FEAC020B0
:109210004FEAC22208BF904200F09C804FEA1365DB
:109220000FF24016765D4FEA134506FB05F7C7F1CE
:10923000807706FB07F74FEAD737A7FB036876422C
:10924000C8F58038A7FB06CE38BFA8F1010807FB98
:1092500008E64FF0000EA6FB028CE6FB03CEDCF125
:10926000000CCEF1004E38BFAEF1010EA6FB0C583B
:109270004FF000074FF00005E6FB0E87A1FB08C684
:10928000A0FB07CE16EB0E0645F10005E1FB0765D6
:1092900015F1E04E7EBFA4F580345FEA46066D41CD
:1092A00016F1800745F100054FEA17274FEA0666D9
:1092B00047EA0567A6F1DE46B6F1805F4FEA15255D
:1092C0001FD9384624F0010C05EBC471BCF1FE6FC8
:1092D00001EB0C1102D8F0BCBDE8008124425CBF58
:1092E00001F5801E9EEAC47F02D4F0BCBDE8008177
:1092F000244238D4F0BCA1F1C041BDE8004100F0E7
:1093000071BA4FEAD22242EA43524FEAD323A7FB73
:1093100002864FEAD02040EA415007FB03661EEA6E
:109320000E0F4FEAD12105FB026658BFA6EB00568F
:10933000B6EB00564FEA520E4EEAC37E18EB0E0E05
:1093400056EB530EBDD518EB02085E417F1C55F15C
:109350000005B6E74FF480154FF000074FF0000608
:109360004FF00008ADE7F0BC4FF0000001F1C04144
:1093700001F00041BDE8008111EA0C1F0CEA131551
:1093800000D00CE013EA0C1F00F025804FF0000025
:10939000F0BC81EA030101F00041BDE80081F0BCAE
:1093A000BDE8004181EA030100F01CBAF0BCBDE851
:1093B000004170B500F0C8F9097EFC3E00F007B826
:1093C00081EA03014FF0000001F00041704781EA9B
:1093D000030100F007BAF0BCBDE800414FF0000007
:1093E00021497047FFFDFBF9F7F5F4F2F0EEEDEBE4
:1093F000E9E8E6E4E3E1E0DEDDDBDAD8D7D5D4D393
:10940000D1D0CFCDCCCBCAC8C7C6C5C4C2C1C0BFDE
:10941000BEBDBCBBBAB9B8B7B6B5B4B3B2B1B0AFE4
:10942000AEADACABAAA9A8A8A7A6A5A4A3A3A2A1C8
:10943000A09F9F9E9D9C9C9B9A9999989797969583
:1094400095949393929191908F8F8E8E8D8C8C8B1F
:109450008B8A8989888887878685858484838382A7
:10946000828181800000FF070000F87F4FEA4103FE
:109470004FEA5353A3F58063D3F11E03C8BFD3F162
:10948000210C0CDD4FF0004242EAC12242EA505268
:1094900032FA03FC8CEAE17CACEBE1707047102BF4
:1094A000C4BF0020704703F5787CBCF1FF3F04D0B7
:1094B0006FF0004282EA2100704770B500F044F975
:1094C0004992248000207047F2E700004FEA1153D0
:1094D000A3F58063D3F11E03A8BFD3F1200C08DBF2
:1094E0004FF0004242EAC12252EA505232FA03F0EF
:1094F000704709420BD4102BC4BF0020704703F5FE
:10950000787CBCF1FF3F05D04FF0FF3070474FF043
:109510000000704770B500F017F900BF4992248031
:1095200000207047F0E710F0004248BF4042B0FA18
:1095300080F310FA03F10AD0C3F11D0303F5806331
:109540004FEA415002EB035202EBD12170474FF03A
:1095500000007047B0FA80F310FA03F10AD0C3F1AB
:109560001D0303F580634FEA41504FEA035202EBBB
:10957000D12170474FF000007047000051EA030C02
:1095800017D41CF5801F58BFBCF5801F00F1068062
:10959000994218BF704708BF9042704707D711F52E
:1095A000801F58BF13F5801F19D499427047894214
:1095B00070471CF5801F08D5BCF5801FF7D58B427E
:1095C00018BF704708BF824270474FF4001C1CEB65
:1095D000410F38BF1CEB430F01D28B42704770B56F
:1095E00000F0B2F8922449004FF000514FF0805340
:1095F000FFF7D8BDDFF848C170B51CEA111E1EBFC9
:109600001CEA13159EEA0C0F95EA0C0F00F06F8010
:1096100081EA030423EA4C134EEAD47E21EA4C117A
:1096200041F4801143F48013AE44A1FB024CA0FB33
:109630000365AEF17F7E361955EB0C05A1FB034C9B
:109640004CF10003A0FB021C16EB0C06654153F124
:109650000003094218BF46F0010613F4007F0BD146
:109660004FEA03314FEA0530340341EA155140EA2D
:1096700016506FF003020AE04FEAC3214FEAC520FB
:10968000F40241EA555140EA56506FF0020202EBF3
:109690002E4201EB025585EACE710AD05FEA440CF6
:1096A00018BF24F0004450F1000041F1000120EA0D
:1096B000D47040F2FE7C624500D270BDA84214BF57
:1096C0004FF080444FF04044002E08BF0024BEF10C
:1096D000806FA8BFA1F1C041BDE8704080F28280D8
:1096E0004FF0000001F1C04101F0004170479EEAD7
:1096F0000C0F0CEA131518BF95EA0C0F06D04FF0AB
:10970000000081EA030E0EF0004170BD00F01CF86D
:109710008900013E00F007B800F009B84FEA430C99
:109720005FEA5C5C08D081EA030100F05BB84FEAB5
:10973000410C5FEA5C5CF6D14FF0000001497047D4
:109740000000FF070000F87F0EF1020E2EF0030E5E
:109750005EF8046B364205D4012A43EB030515F588
:10976000001F12D8012841EB010C1CF5001F0CD87A
:109770000ED14FEAD17C15F5001F0CEB4C0C0CF10F
:10978000020C08BF4CEBD37C04E04FF0080C01E066
:109790004FEAD37C0CEB4C0526FA05F606F00706DB
:1097A000B6F1040C06D20EEB860CBDE870404CF00E
:1097B000010C6047DFE80CF0090B02024FF000419A
:1097C0004FF00000A1F5002170BD19461046012898
:1097D00051EB010418BFD4F5001484BF002001F040
:1097E000004170BD0808A0F500114FEA3101704733
:1097F00053EA010C17D41CF5801F58BFBCF5801F1D
:1098000000F106808B4218BF704708BF8242704744
:1098100007D713F5801F58BF11F5801F19D48B424D
:1098200070479B4270471CF5801F08D5BCF5801F10
:10983000F7D5994218BF704708BF904270474FF460
:10984000001C1CEB430F38BF1CEB410F01D29942A7
:1098500070470FB40CBC03BCFFF7C1BE91EA030F05
:1098600010B581F000413FF5FDAB83F0004300F0FF
:1098700009B8000010B591EA030F48BF83F0004318
:109880003FF5F0AB841A71EB030C07D212198CF080
:10989000004C43EB0C03001B61EB0C01DFF8A4E16F
:1098A0004FEA1154A4EB135C1EEA430F18BF9EEA63
:1098B000445F00F0B08023EA6E03524221EA045173
:1098C000C3EB6E0338BF5B1EDCF1200E25D322FAFA
:1098D0000CFE10EB0E0043FA0CFE41EB0E01CCF136
:1098E000200E03FA0EFE10EB0E0051F10001CCF138
:1098F000200E29D412FA0EF201EB0451BDE81040FB
:1099000058BF7047401C1CBFB2F1004F7047002881
:109910000CBF491C20F00100704712EB020E43EB14
:10992000030218BF4FF0010E4EEA4202ACF1200CC8
:10993000DCF11E0E54D943FA0CFE10EB0E0051F16F
:10994000FF31CCF11E0ED5D50EF1010E12FA0EFE2E
:10995000404141EB010101EB445C5FEA5C5C10D9E2
:1099600010EBDE7001EB045138BFBEF1004FBDE8D3
:10997000104018BF704700280CBF491C20F00100A0
:10998000704730D24FEAD42C11F5001124F4006452
:109990001BD0B1FA81F20B3AA41AA41ED2F1200313
:1099A000914030FA03F31943904001EBCC71002C45
:1099B00001EB0451BDE81040A8BF704701F1C04160
:1099C0004FF0000001F000417047B0FA80F310FA48
:1099D00003F100D110BDE41A173C4805C90AE4E7B9
:1099E00001EB045110BD491001EB0451BDE81040DA
:1099F0004FEA300002E04FF0000170474A0008BF14
:109A00000042F8D0B2F5001F28BF704701F00041B6
:109A10004FF0000070479EEA445F07D011EA5E0FE6
:109A2000BDE8104004BF002100207047BDE8104091
:109A300070B5FFF789FE00BF40DFF63E83F00041BE
:109A4000104670470000E0FF43004FEAD30C4FEA96
:109A50003C0C43401FBF40070CF1605113F0FE4F18
:109A600070471CF0006F03D100200CF000417047DC
:109A70000CF0004343EA507010B540EACC0000F00F
:109A80005CFA00BF000000924FEA0001FFF7AABE97
:109A90004FF000414FF00000A1F500217047000099
:109AA00090EA010F48BF81F0004100F1D482421AD0
:109AB0003CBF801A89184FEAD0524FF07F4C1CEA05
:109AC000410FA2EBD15318BF9CEA026F00F03B801C
:109AD0004FF0004C4CEA00204CEA012121FA03FC33
:109AE00010EB0C0C1ED202F1FF325FEA1C2040EB9F
:109AF000C25038BF70471CF07F0F4FEA400C18BFB0
:109B0000BCF17F4F38BF7047C3F12003994008BFB5
:109B100020F00100BCF17F4F38BF7047A0F1C0407A
:109B200000F051BA4FEA3C00000A40EBC25028BF97
:109B30001CF0FF0F4FEA400CE6D018BFBCF17F4F7E
:109B400038BF7047EAE79CEA026F05D010EA5C0F65
:109B500008BF00F00040704710B500F0EEF900BFFC
:109B600064FBBE3E401058BFC0F14040491058BF92
:109B7000C1F140418142EFF3008070474FF47F0C08
:109B80001CEAD0121EBF1CEAD11392EA0C0F93EA12
:109B90000C0F00F0858090EA010F48BF42F48072FC
:109BA00040F4000C41F400002CF07F4120F07F4095
:109BB00000B58142A2EB03020FF2081CACEB504E41
:109BC000C0F100009EF800E04FEA4E0E00FB0EFCD4
:109BD00038BF49004FEA2C1C02F5FA020CFB0EF3C9
:109BE0004FEACE1E4FEA112C4FEAC1210EEB635E05
:109BF00042EB22420EFB0CFC4FEA1C5300FB03110C
:109C00004FEA112C4FEA01310EFB0CFC4FEADC4C01
:109C100000FB0C11C14228BF09184CEB03335DF85F
:109C200004EB10EB410143EBC250B2F57C0F38BF9F
:109C3000704729D512F0F00F1CBF00F1C04000F0B2
:109C400000407047008182838485868788898B8C59
:109C50008D8E8F919293959697999A9C9D9FA0A295
:109C6000A3A5A7A8AAACAEB0B2B3B5B7B9BCBEC0E5
:109C7000C2C5C7C9CCCED1D4D7D9DCDFE2E6E9EC86
:109C8000F0F3F7FAFE0000004FEA400C0CF1807C84
:109C9000BCF17E4F28BF7047B0F1C04000F093B9CF
:109CA00090EA010F0CEAD11348BF42F4807262457A
:109CB00038BF634507D213F47F0F16D080EA010046
:109CC00000F00040704710B500F037F9097EFC3E07
:109CD00000F005B880EA010000F00040704780EA1B
:109CE000010000F0004000F06EB912F47F0F04BFD5
:109CF0000248704780EA010000F065B90000C07FAB
:109D000041000B0ED3F19E0208D950F400034FEA34
:109D1000032323FA02F048BF4042704710B500F019
:109D20000CF900BF49922480002070476FF0004278
:109D300082EA200070470000C10DD1F19E0206DBCF
:109D40004FEA002343F0004323FA02F07047004239
:109D500007D54FEA4001B1F1FE4F02D24FF00000AB
:109D6000704710B500F0E9F8499224800020704750
:109D70006FEA20007047000010F0004148BF4042E9
:109D8000B0FA80F310FA03F2C3F19D030BD051EA4D
:109D9000C35101EB1220530638BF704700F1010098
:109DA00008BF20F001007047B0FA80F310FA03F208
:109DB000C3F19D030AD0D90501EB1220530638BF29
:109DC000704700F1010008BF20F00100704700005B
:109DD00050EA010C00F113801CF5000F58BFBCF5D0
:109DE000000F01D48842704707D710F5000F58BF05
:109DF00011F5000F15D488427047894270471CF551
:109E0000000F04D5BCF5000FF7D5814270474FF025
:109E1000807C1CEB400F38BF1CEB410F01D281420C
:109E2000704710B500F089F8922449004FF00050B7
:109E30004FF08051FFF796BE4FF47F0C1CEAD01212
:109E40001EBF1CEAD11392EA0C0F93EA0C0F00F02C
:109E5000478090EA010F48BF42F480724FF0004CF7
:109E60004CEA00204CEA012102EB0302A0FB0113A3
:109E7000A2F50002002918BF43F001035B0028BFD0
:109E80004FEA330342EB22425FEA132C4CEBC25001
:109E90002EBFBCEB436FB2F57C0F70474FEA036CEB
:109EA000BCF1004F08BF20F00100B2F57C0F38BFB5
:109EB00070470BD582F0FF0212F5803FC8BF704794
:109EC00000F1C040D8BF00F00040704700F5000C22
:109ED0005FEA4C0C48BF7047B0F1C04000F073B867
:109EE00090EA010F0CEAD11348BF42F48072624538
:109EF00038BF634504D280EA010000F0004070479B
:109F000010B500F01AF800BF8900013E00F007B854
:109F100000F009B85FEA410C5FEA1C6C08D080EAE7
:109F2000010000F050B85FEA400C5FEA1C6CF6D10B
:109F30004FF00040A0F5800070470EF1020E2EF0A9
:109F4000030E5EF8044B244204D44FEA4102B2F1FE
:109F50007F4F11D84FEA4003B3F17F4F0CD80ED199
:109F60004FEAD07CB2F17F4F0CEB4C0C0CF1020CA1
:109F700008BF4CEBD17C04E04FF0080C01E04FEA45
:109F8000D17C0CEB4C0324FA03F404F00704B4F185
:109F9000040C06D20EEB840CBDE810404CF0010C12
:109FA0006047DFE80CF0070802024FF00040A0F520
:109FB000800010BD0846420018BFD2F1807288BFF1
:109FC00000F0004010BDFF2141EAD050C0057047AD
:109FD00051EA000C00F113801CF5000F58BFBCF5CE
:109FE000000F01D48142704707D711F5000F58BF09
:109FF00010F5000F15D481427047894270471CF557
:10A00000000F04D5BCF5000FF7D5884270474FF01C
:10A01000807C1CEB410F38BF1CEB400F01D2884203
:10A02000704780EA010081EA000180EA0100FFF741
:10A03000F8BE80F0004090EA010F7FF538AD81F066
:10A04000004100F008B8000090EA010F48BF81F01D
:10A0500000413FF52CAD421A04D882F00042A0EB3B
:10A06000020011444FEAD0524FF07F4C1CEA410FDE
:10A07000A2EBD15318BF9CEA026F4AD04FF0004CBC
:10A080004CEA00204CEA012121FA03FCB0EB0C0C55
:10A090000FD412F0FE0F36D05FEA4C001DD500122F
:10A0A00040EBC25038BF70471CF03F0F18BF7047DD
:10A0B0000BE0A2F101025FEA1C2040EBC25038BF66
:10A0C00070471CF07F0F18BF7047C3F12003994001
:10A0D00014BF401E20F00100704780084FEA122391
:10A0E00008BF7047B0FA80FCA2EB0C02CCF1280C40
:10A0F00060FA0CF093EA122F04BF00EBC2507047D5
:10A100004FEAC3707047130A5FEADC1008BF70475C
:10A11000F6E79CEA026F04D010EA5C0F08BF00204B
:10A12000704710B5FFF709FF40DFF63E81F00040B1
:10A1300070470000060400006F040000DF04000008
:10A1400057050000D70500005E060000EC06000081
:10A1500082070000D007000020080000C5080000AA
:10A1600071090000250A0000E10A0000A40B0000AC
:10A170006E0C0000400D0000170E0000E90E0000FC
:10A180003900000098AC03083B000000ECAC030869
:10A190003D00000040AD03083F00000094AD0308FF
:10A1A00041000000E8AD03083A00000070AC03086D
:10A1B0003C000000C4AC03083E00000018AD0308DA
:10A1C000400000006CAD030842000000C0AD030871
:10A1D0004F00000040A603085100000064A70308D8
:10A1E0005300000088A8030855000000ACA903082C
:10A1F00057000000B4AA03085000000024A603087A
:10A200005200000048A70308540000006CA803088F
:10A210005600000090A903085800000098AA0308FF
:10A220005B00000020B003085D000000C0AF030821
:10A230005E000000A4AF03084500000078A60308F4
:10A24000470000009CA7030849000000C0A80308BD
:10A250004B000000E4A903084D000000ECAA03082D
:10A26000460000005CA603084800000080A7030821
:10A270004A000000A4A803084C000000C8A9030875
:10A280004E000000D0AA0308350000001CAF0308F0
:10A29000360000003CAF03082D00000060AE03084C
:10A2A0002E00000088AE030837000000D4AE03087B
:10A2B00038000000F8AE0308280000002CAC0308AA
:10A2C0000100000084AF03080200000084AF03080F
:10A2D0000D000000BCAB03081D000000F8AF030830
:10A2E00010000000C8AB03082400000060AF0308A2
:10A2F0001B00000094AB03081C000000A8AB03087F
:10A300000A0000003CAB0308110000000CAC03087D
:10A3100016000000ECAB0308090000004CAC030879
:10A320000400000014AE030803000000B0AE0308F0
:10A330000500000038AE03080F00000080AB0308E2
:10A340000C0000006CAB03080E0000005CAC0308BE
:10A350005F00000094A6030860000000B0A6030898
:10A3600061000000B8A7030862000000D4A703083A
:10A3700063000000DCA8030864000000F8A80308DC
:10A380006500000000AA0308660000001CAA03087C
:10A3900067000000DCAF03086800000090AF03080E
:10A3A0003900000004B303083B000000A4B3030815
:10A3B0003D00000044B403083F000000E4B403087B
:10A3C0004100000084B503083A00000034B30308DC
:10A3D0003C000000D4B303083E00000074B403083E
:10A3E0004000000014B5030842000000B4B50308A3
:10A3F0004F000000DCB20308510000007CB30308EA
:10A40000530000001CB4030855000000BCB403084E
:10A41000570000005CB5030850000000BCB2030800
:10A42000520000005CB3030854000000FCB30308B2
:10A43000560000009CB40308580000003CB5030817
:10A440005B000000E4B103085D000000FCB10308FC
:10A450005E00000028B2030845000000D0A60308F3
:10A4600047000000F4A703084900000018A90308EA
:10A470004B0000003CAA03084D00000008AB030895
:10A4800046000000ECA603084800000010A80308DE
:10A490004A00000034A903084C00000058AA030831
:10A4A0004E00000024AB030835000000A8B00308EC
:10A4B00036000000C4B003082D00000080B003087F
:10A4C0002E00000054B0030837000000DCB503087C
:10A4D0003800000008B603082800000050B2030846
:10A4E00001000000A0B6030802000000B8B603088F
:10A4F0000D0000002CB703081D000000C4B10308C4
:10A500001000000064B703082400000090B10308A5
:10A510001B00000040B703081C00000050B10308F6
:10A520000A0000006CB203081100000024B1030807
:10A530001600000004B1030809000000F0B0030891
:10A5400004000000DCB603080300000038B0030874
:10A550000500000074B103080F00000040B60308B6
:10A560000C00000060B603080E00000010B70308DE
:10A570005F00000008A603086000000004A70308AD
:10A58000610000002CA703086200000028A803084F
:10A590006300000050A80308640000004CA90308F1
:10A5A0006500000074A903086600000070AA030893
:10A5B0006700000080B60308680000009CB2030832
:10A5C000171F1C1F1E1F1E1F1F1E1F1E1F30313274
:10A5D00033343536373839414243444546403058A4
:10A5E000003031323334353637383961626364656F
:10A5F0006640307800040000080000000000000001
:10A600000200010000100000CEE1F0FBE220E4EEC9
:10A61000EF2EE4E0F2F7E8EAE020F2E5ECEF2E209E
:10A62000310000006F70656E206369726375697434
:10A63000206F66207468652066616E20310000001E
:10A6400073686F72742063697263756974206F66D2
:10A65000207468652066616E203100006F70656E41
:10A660002063697263756974206F66207468652061
:10A6700070756D702031000073686F7274206369AB
:10A680007263756974206F66207468652070756DDB
:10A69000702031006F70656E20636972632E2061D7
:10A6A00075782074656D702E2073656E732031008F
:10A6B00073686F727420636972632E2061757820ED
:10A6C00074656D702E2073656E732031000000007C
:10A6D000CAEEF0EEF2EAEEE520E7E0ECFBEAE0EDB0
:10A6E000E8E520EFEEECEFFB20310000CEE1F0FBDF
:10A6F000E220E220F6E5EFE820EFEEECEFFB203180
:10A7000000000000EAEEF0EEF2EAEEE520E7E0EC11
:10A71000FBEAE0EDE8E520E4EEEF2EE4E0F2F7E816
:10A72000EAE020F2E5ECEF2E31000000CEE1F0FB94
:10A73000E220E4EEEF2EE4E0F2F7E8EAE020F2E5D2
:10A74000ECEF2E20320000006F70656E206369729E
:10A7500063756974206F66207468652066616E2079
:10A760003200000073686F727420636972637569E8
:10A7700074206F66207468652066616E2032000068
:10A780006F70656E2063697263756974206F6620EF
:10A790007468652070756D702032000073686F7288
:10A7A000742063697263756974206F6620746865CC
:10A7B0002070756D702032006F70656E2063697255
:10A7C000632E206175782074656D702E2073656E20
:10A7D0007320320073686F727420636972632E2075
:10A7E0006175782074656D702E2073656E732032EC
:10A7F00000000000CAEEF0EEF2EAEEE520E7E0EC41
:10A80000FBEAE0EDE8E520EFEEECEFFB20320000A4
:10A81000CEE1F0FBE220E220F6E5EFE820EFEEECFF
:10A82000EFFB203200000000EAEEF0EEF2EAEEE587
:10A8300020E7E0ECFBEAE0EDE8E520E4EEEF2EE4D3
:10A84000E0F2F7E8EAE020F2E5ECEF2E320000005B
:10A85000CEE1F0FBE220E4EEEF2EE4E0F2F7E8EAEE
:10A86000E020F2E5ECEF2E20330000006F70656E03
:10A870002063697263756974206F6620746865204F
:10A8800066616E203300000073686F727420636924
:10A890007263756974206F66207468652066616EE6
:10A8A000203300006F70656E206369726375697490
:10A8B000206F66207468652070756D70203300000D
:10A8C00073686F72742063697263756974206F6650
:10A8D000207468652070756D702033006F70656E30
:10A8E00020636972632E206175782074656D702E07
:10A8F0002073656E7320330073686F727420636910
:10A9000072632E206175782074656D702E207365DA
:10A910006E73203300000000CAEEF0EEF2EAEEE5BE
:10A9200020E7E0ECFBEAE0EDE8E520EFEEECEFFB02
:10A9300020330000CEE1F0FBE220E220F6E5EFE874
:10A9400020EFEEECEFFB203300000000EAEEF0EE2B
:10A95000F2EAEEE520E7E0ECFBEAE0EDE8E520E4F2
:10A96000EEEF2EE4E0F2F7E8EAE020F2E5ECEF2E7D
:10A9700033000000CEE1F0FBE220E4EEEF2EE4E055
:10A98000F2F7E8EAE020F2E5ECEF2E2034000000D8
:10A990006F70656E2063697263756974206F6620DD
:10A9A0007468652066616E203400000073686F7201
:10A9B000742063697263756974206F6620746865BA
:10A9C0002066616E203400006F70656E20636972CE
:10A9D00063756974206F66207468652070756D708A
:10A9E0002034000073686F72742063697263756944
:10A9F00074206F66207468652070756D7020340057
:10AA00006F70656E20636972632E206175782074A3
:10AA1000656D702E2073656E7320340073686F72DD
:10AA20007420636972632E206175782074656D707F
:10AA30002E2073656E73203400000000CAEEF0EE25
:10AA4000F2EAEEE520E7E0ECFBEAE0EDE8E520EFF6
:10AA5000EEECEFFB20340000CEE1F0FBE220E22040
:10AA6000F6E5EFE820EFEEECEFFB2034000000000D
:10AA7000EAEEF0EEF2EAEEE520E7E0ECFBEAE0EDEC
:10AA8000E8E520E4EEEF2EE4E0F2F7E8EAE020F279
:10AA9000E5ECEF2E340000006F70656E2063697284
:10AAA00063756974206F66207468652066616E2026
:10AAB0003500000073686F72742063697263756992
:10AAC00074206F66207468652066616E2035000012
:10AAD0006F70656E2063697263756974206F66209C
:10AAE0007468652070756D702035000073686F7232
:10AAF000742063697263756974206F662074686579
:10AB00002070756D70203500CAEEF0EEF2EAEEE5C9
:10AB100020E7E0ECFBEAE0EDE8E520EFEEECEFFB10
:10AB200020350000CEE1F0FBE220E220F6E5EFE880
:10AB300020EFEEECEFFB20350000000066616E2098
:10AB4000737065656420646F6573206E6F74206335
:10AB50006F72726573706F6E6420746F20746865B5
:10AB600020646566696E6564000000006869676856
:10AB700020737570706C7920766F6C7461676500F6
:10AB80006C6F7720737570706C7920766F6C746160
:10AB90006765000066616E20646F6573206E6F7478
:10ABA00020726F746174650066616E2073656C66F7
:10ABB0002D726F746174696F6E0000006E6F206992
:10ABC000676E6974696F6E00626F64792074656D79
:10ABD000702E73656E736F7220646F6573206E6F75
:10ABE0007420636F6F6C20646F776E006F70656E9A
:10ABF0002063697263756974206F662074686520CC
:10AC00006675656C2070756D7000000073686F72FA
:10AC1000742063697263756974206F662074686557
:10AC2000206675656C2070756D7000006E6F206316
:10AC30006F6E6E656374696F6E20776974682074D7
:10AC4000686520686561746572000000676C6F77E5
:10AC500020706C7567206572726F72007761746521
:10AC6000722070756D70206572726F720000000046
:10AC70006F70656E2063697263756974206F6620FA
:10AC8000746865207A6F6E6520312074656D702E52
:10AC90002073656E736F720073686F7274206369DE
:10ACA0007263756974206F6620746865207A6F6EB0
:10ACB0006520312074656D702E2073656E736F7220
:10ACC000000000006F70656E2063697263756974BF
:10ACD000206F6620746865207A6F6E65203220745C
:10ACE000656D702E2073656E736F720073686F727E
:10ACF000742063697263756974206F662074686577
:10AD0000207A6F6E6520322074656D702E20736519
:10AD10006E736F72000000006F70656E2063697261
:10AD200063756974206F6620746865207A6F6E653C
:10AD300020332074656D702E2073656E736F720002
:10AD400073686F72742063697263756974206F66CB
:10AD500020746865207A6F6E6520332074656D708D
:10AD60002E2073656E736F72000000006F70656E49
:10AD70002063697263756974206F6620746865204A
:10AD80007A6F6E6520342074656D702E2073656E49
:10AD9000736F720073686F72742063697263756990
:10ADA00074206F6620746865207A6F6E6520342089
:10ADB00074656D702E2073656E736F7200000000F5
:10ADC0006F70656E2063697263756974206F6620A9
:10ADD000746865207A6F6E6520352074656D702EFD
:10ADE0002073656E736F720073686F72742063698D
:10ADF0007263756974206F6620746865207A6F6E5F
:10AE00006520352074656D702E2073656E736F72CA
:10AE1000000000006572726F72206F6620746865B2
:10AE2000206C69717569642074656D702E2073657E
:10AE30006E736F72000000006F70656E2063697240
:10AE400063756974206F662074686520666C616D37
:10AE5000652074656D702E2073656E736F720000CF
:10AE60006F70656E2063697263756974206F662008
:10AE70007468652074616E6B2074656D702E20732C
:10AE8000656E736F7200000073686F72742063697F
:10AE90007263756974206F66207468652074616ED2
:10AEA0006B2074656D702E2073656E736F72000079
:10AEB0006572726F72206F6620746865206F7665A8
:10AEC00072686561742074656D702E2073656E7391
:10AED0006F7200006F70656E2063697263756974CC
:10AEE000206F6620746865206F7574646F6F7220C0
:10AEF00073656E736F72000073686F72742063699C
:10AF00007263756974206F6620746865206F75744C
:10AF1000646F6F722073656E736F72006F70656E11
:10AF20002063697263756974206F66207468652098
:10AF3000666C6F772073656E736F720073686F72E3
:10AF4000742063697263756974206F662074686524
:10AF500020666C6F772073656E736F72000000005F
:10AF60006F76657268656174696E67206F662074BC
:10AF7000686520666C616D6520696E6469636174E3
:10AF80006F7200006F766572686561740000000082
:10AF90005A6F6E652D70756D7020636F6E666C698B
:10AFA000637400006C6576656C2073656E736F72F8
:10AFB000206F70656E2063697263756974000000AC
:10AFC0006C6576656C2073656E736F722073686F45
:10AFD00072742063697263756974000045787465E2
:10AFE0006E73696F6E20626F617264206C696E6B44
:10AFF000206661756C740000657863656564696ED0
:10B000006720746865206C696D6974206F662066BE
:10B010006C616D6520626C6F776F75740000000065
:10B020006C6971756964206C6576656C20746F6FEE
:10B03000206C6F7700000000CEF8E8E1EAE020E441
:10B04000E0F2F7E8EAE020EFE5F0E5E3F0E5E2E042
:10B0500000000000CAEEF0EEF2EAEEE520E7E0ECD8
:10B06000FBEAE0EDE8E520E4E0F2F7E8EAE020F2D0
:10B07000E5ECEFE5F0E0F2F3F0FB20E1E0EAE000E0
:10B08000CEE1F0FBE220E220F6E5EFE820E4E0F29A
:10B09000F7E8EAE020F2E5ECEFE5F0E0F2F3F0FBB0
:10B0A00020E1E0EAE0000000CEE1F0FBE220E22057
:10B0B000F6E5EFE820E4E0F2F7E8EAE020EFEEF270
:10B0C000EEEAE000CAEEF0EEF2EAEEE520E7E0ECB0
:10B0D000FBEAE0EDE8E520E220F6E5EFE820E4E039
:10B0E000F2F7E8EAE020EFEEF2EEEAE0000000001E
:10B0F000CEF8E8E2EAE020F1E2E5F7E820EDE0EA68
:10B10000E0EBE000CEE1F0FBE220E220F6E5EFE844
:10B1100020F2EEEFEBE8E2EDEEE3EE20EDE0F1EE13
:10B12000F1E00000CAEEF0EEF2EAEEE520E7E0EC36
:10B13000FBEAE0EDE8E520E220F6E5EFE820F2EEBC
:10B14000EFEBE8E2EDEEE3EE20EDE0F1EEF1E00012
:10B15000D1E0ECEEE2F0E0F9E5EDE8E520EDE0E34A
:10B16000EDE5F2E0F2E5EBFF20E2EEE7E4F3F5E0F7
:10B1700000000000CEE1F0EEFBE220E8EDE4E8EABA
:10B18000E0F2EEF0E020EFEBE0ECE5EDE8000000AF
:10B19000CFE5F0E5E3F0E5E220EFEE20E0E1F1EECF
:10B1A000EBFEE8EDEEECF320E7EDE0F7E5EDE8FE91
:10B1B00020E8EDE4E8EAE0F2EEF0E020EFEBE0EC8E
:10B1C000E5EDE800CFF0E5E2FBF8E5EDEE20F7E88D
:10B1D000F1EBEE20F1F0FBE2EEE220EFEBE0ECE54C
:10B1E000EDE80000CDE8E7EAE8E920F3F0EEE2E57B
:10B1F000EDFC20E6E8E4EAEEF1F2E800CAEEF0EE5B
:10B20000F2EAEEE520E7E0ECFBEAE0EDE8E520E439
:10B21000E0F2F7E8EAE020F3F0EEE2EDFF20E6E806
:10B22000E4EAEEF1F2E80000CEE1F0FBE220E220F9
:10B23000F6E5EFE820E4E0F2F7E8EAE020F3F0EEEC
:10B24000E2EDFF20E6E8E4EAEEF1F2E800000000BB
:10B25000CDE5F220F1E2FFE7E820F120EFEEE4EEA9
:10B26000E3F0E5E2E0F2E5EBE5EC0000CEE1EEF044
:10B27000EEF2FB20EDE0E3EDE5F2E0F2E5EBFF209E
:10B28000EDE520F1EEEEF2E2E5F2F1F2E2F3FEF2AC
:10B2900020E7E0E4E0EDEDFBEC000000CAEEEDF4A9
:10B2A000EBE8EAF220EDE0F1F2F0EEE9EAE820E77F
:10B2B000EEED20E820EFEEECEF000000CEE1F0FB39
:10B2C000E220E220F6E5EFE820E2E5EDF2E8EBFF30
:10B2D000F2EEF0E0203120E7EEEDFB00CAEEF0EEFA
:10B2E000F2EAEEE520E7E0ECFBEAE0EDE8E520E25B
:10B2F000E5EDF2E8EBFFF2EEF0203120E7EEEDFBBA
:10B3000000000000CAEEF0EEF2EAEEE520E7E0EC25
:10B31000FBEAE0EDE8E520E4E0F2F7E8EAE020F21D
:10B32000E5ECEFE5F0E0F2F3F0FB203120E7EEEDA5
:10B33000FB000000CEE1F0FBE220E220F6E5EFE8C2
:10B3400020E4E0F2F7E8EAE020F2E5ECEFE5F0E0F7
:10B35000F2F3F0FB203120E7EEEDFB00CEE1F0FB55
:10B36000E220E220F6E5EFE820E2E5EDF2E8EBFF8F
:10B37000F2EEF0E0203220E7EEEDFB00CAEEF0EE58
:10B38000F2EAEEE520E7E0ECFBEAE0EDE8E520E2BA
:10B39000E5EDF2E8EBFFF2EEF0203220E7EEEDFB18
:10B3A00000000000CAEEF0EEF2EAEEE520E7E0EC85
:10B3B000FBEAE0EDE8E520E4E0F2F7E8EAE020F27D
:10B3C000E5ECEFE5F0E0F2F3F0FB203220E7EEED04
:10B3D000FB000000CEE1F0FBE220E220F6E5EFE822
:10B3E00020E4E0F2F7E8EAE020F2E5ECEFE5F0E057
:10B3F000F2F3F0FB203220E7EEEDFB00CEE1F0FBB4
:10B40000E220E220F6E5EFE820E2E5EDF2E8EBFFEE
:10B41000F2EEF0E0203320E7EEEDFB00CAEEF0EEB6
:10B42000F2EAEEE520E7E0ECFBEAE0EDE8E520E219
:10B43000E5EDF2E8EBFFF2EEF0203320E7EEEDFB76
:10B4400000000000CAEEF0EEF2EAEEE520E7E0ECE4
:10B45000FBEAE0EDE8E520E4E0F2F7E8EAE020F2DC
:10B46000E5ECEFE5F0E0F2F3F0FB203320E7EEED62
:10B47000FB000000CEE1F0FBE220E220F6E5EFE881
:10B4800020E4E0F2F7E8EAE020F2E5ECEFE5F0E0B6
:10B49000F2F3F0FB203320E7EEEDFB00CEE1F0FB12
:10B4A000E220E220F6E5EFE820E2E5EDF2E8EBFF4E
:10B4B000F2EEF0E0203420E7EEEDFB00CAEEF0EE15
:10B4C000F2EAEEE520E7E0ECFBEAE0EDE8E520E279
:10B4D000E5EDF2E8EBFFF2EEF0203420E7EEEDFBD5
:10B4E00000000000CAEEF0EEF2EAEEE520E7E0EC44
:10B4F000FBEAE0EDE8E520E4E0F2F7E8EAE020F23C
:10B50000E5ECEFE5F0E0F2F3F0FB203420E7EEEDC0
:10B51000FB000000CEE1F0FBE220E220F6E5EFE8E0
:10B5200020E4E0F2F7E8EAE020F2E5ECEFE5F0E015
:10B53000F2F3F0FB203420E7EEEDFB00CEE1F0FB70
:10B54000E220E220F6E5EFE820E2E5EDF2E8EBFFAD
:10B55000F2EEF0E0203520E7EEEDFB00CAEEF0EE73
:10B56000F2EAEEE520E7E0ECFBEAE0EDE8E520E2D8
:10B57000E5EDF2E8EBFFF2EEF0203520E7EEEDFB33
:10B5800000000000CAEEF0EEF2EAEEE520E7E0ECA3
:10B59000FBEAE0EDE8E520E4E0F2F7E8EAE020F29B
:10B5A000E5ECEFE5F0E0F2F3F0FB203520E7EEED1F
:10B5B000FB000000CEE1F0FBE220E220F6E5EFE840
:10B5C00020E4E0F2F7E8EAE020F2E5ECEFE5F0E075
:10B5D000F2F3F0FB203520E7EEEDFB00CEE1F0FBCF
:10B5E000E220E220F6E5EFE820E4E0F2F7E8EAE026
:10B5F00020E2EDE5F8EDE5E920F2E5ECEFE5F0E03D
:10B60000F2F3F0FB00000000CAEEF0EEF2EAEEE525
:10B6100020E7E0ECFBEAE0EDE8E520E220F6E5EFEC
:10B62000E820E4E0F2F7E8EAE020E2EDE5F8EDE515
:10B63000E920F2E5ECEFE5F0E0F2F3F0FB000000CA
:10B64000CFEEEDE8E6E5EDEDEEE520EDE0EFF0FF25
:10B65000E6E5EDE8E520EFE8F2E0EDE8FF000000C8
:10B66000CFEEE2FBF8E5EDEDEEE520EDE0EFF0FFEB
:10B67000E6E5EDE8E520EFE8F2E0EDE8FF000000A8
:10B68000CDE5F220F1E2FFE7E820F120EFEBE0F278
:10B69000EEE920F0E0F1F8E8F0E5EDE8FF00000069
:10B6A000CFE5F0E5E3F0E5E220EFEEE4EEE3F0E5F0
:10B6B000E2E0F2E5EBFF0000C2EEE7ECEEE6EDFBC8
:10B6C000E920EFE5F0E5E3F0E5E220EFEEE4EEE37C
:10B6D000F0E5E2E0F2E5EBFF00000000CEF8E8E183
:10B6E000EAE020E4E0F2F7E8EAE020F2E5ECEFE55A
:10B6F000F0E0F2F3F0FB20E6E8E4EAEEF1F2E82015
:10B70000EFEEE4EEE3F0E5E2E0F2E5EBFF0000004F
:10B71000CEF8E8E1EAE020EFEEECEFFB20EFEEE41C
:10B72000EEE3F0E5E2E0F2E5EBFF0000D0EEE7E665
:10B73000E8E320EDE520F3E4E0EBF1FF000000009A
:10B74000CDE0E3EDE5F2E0F2E5EBFC20E2EEE7E44C
:10B75000F3F5E020EDE520E2F0E0F9E0E5F2F1FFBD
:10B7600000000000C4E0F2F7E8EA20F2E5ECEFE5C3
:10B77000F0E0F2F3F0FB20EAEEF0EFF3F1E020ED81
:10B78000E520ECEEE6E5F220EEF5EBE0E4E8F2FC95
:10B79000F1FF00000CB8030800040020AC01000019
:10B7A000C001020828B80308AC050020B449000015
:10B7B0001C020208A5CAFFFF61CAFFFFADCAFFFF56
:10B7C000B1C9FFFF8DC9FFFF79C9FFFF3DCAFFFF68
:10B7D00091C9FFFF4DC9FFFF51CAFFFFDDC9FFFF40
:10B7E00059CAFFFF65CAFFFFC1C9FFFF8DCAFFFF2E
:10B7F000A9C9FFFF8DC9FFFF01CAFFFF35C9FFFFC0
:10B80000C9C9FFFFD5C9FFFFE1C9FFFF5184D8B8FF
:10B8100005680901020304060708090CA910015D67
:08B8200004C0400240025F0574
:020000040803EF
:0CFFC0005555555555557E01001D00009B
:040000050802018567
:00000001FF
