:020000040800F2
:10C00000403E002075C20008C1DD000895DD000833
:10C0100081C2000883C2000885C200080000000039
:10C0200000000000000000000000000087C20008BF
:10C0300089C20008000000008BC20008C5DD0008AE
:10C040008FC200088FC200088FC200088FC200088C
:10C050008FC200088FC2000801DD00088FC20008EF
:10C060008FC200088FC200088FC200088FC200086C
:10C070008FC200088FC200088FC200088FC200085C
:10C080008FC200088FC200088FC200088FC200084C
:10C090008FC20008A1DC00088FC2000869DD00081B
:10C0A0008FC200088FC200088FC200088FC200082C
:10C0B0008FC200088FC200088FC200088FC200081C
:10C0C0008FC200088FC200088FC200088FC200080C
:10C0D0008FC200088FC200088FC200088FC20008FC
:10C0E00051DD00088FC200088FC200088FC200080F
:10C0F0008FC200088FC200088FC200088FC20008DC
:10C100008FC200088FC200088FC200088FC20008CB
:10C110008FC200088FC200088FC200088FC20008BB
:10C120008FC200088FC200088FC200088FC20008AB
:10C1300000F002F800F08EF80AA090E8000C8244AB
:10C140008344AAF10107DA4501D100F083F8AFF288
:10C15000090EBAE80F0013F0010F18BFFB1A43F0E5
:10C1600001031847AC240300CC2403000A444FF019
:10C17000000C10F8013B13F0070408BF10F8014B46
:10C180001D1108BF10F8015B641E05D010F8016B8B
:10C19000641E01F8016BF9D113F0080F1EBF10F8EF
:10C1A000014BAD1C0C1B09D16D1E58BF01F801CB12
:10C1B000FAD505E014F8016B01F8016B6D1EF9D595
:10C1C0009142D6D3704700000023002400250026AA
:10C1D000103A28BF78C1FBD8520728BF30C148BFEA
:10C1E0000B607047662915F00485692900F0F2801C
:10C1F000642900F0EF80752900F0EC806F2900F0D1
:10C200008381782900F0A8810368DB0928BF41F009
:10C210008001632900F0A187732900F0A687E32934
:10C2200000F0B187002070471FB515F0D8FC01F071
:10C2300001F804000020002115F054FA401C606051
:10C240000020002115F038FAE06000F0DDFC1FBD91
:10C2500010B510BD01F0F7F81146FFF7E5FF14F037
:10C260006DFC01F015F903B4FFF7F2FF03BC00F019
:10C27000D3FF00000948804709480047FEE7FEE772
:10C28000FEE7FEE7FEE7FEE7FEE7FEE7FEE7FEE786
:10C2900004480549054A064B70470000D5DD0008F3
:10C2A00031C10008402A0020403E0020402E0020DE
:10C2B000402E00200FB41CB5074B06AA7B446946EC
:10C2C0000090059800F01FFF0020694600F02EFF47
:10C2D0001CBC5DF814FB00006D0E00000FB41CB513
:10C2E0000C0007AA009001D02044401E074B7B445D
:10C2F00069460190069800F006FF002C03D06946BD
:10C30000002000F013FF1CBC5DF814FB450E00007C
:10C3100070B5044685690068C10601D5302600E085
:10C320002026C00707D070BDD4E9012130469047D0
:10C33000206A401C20626D1EF6D570BD70B50446A3
:10C3400085690078C00707D170BDD4E9012120209C
:10C350009047206A401C20626D1EF6D570BD0968AA
:10C360004A0501D540B27047C905FCD500B27047F7
:10C3700009684A0501D5C0B27047C905FCD580B22D
:10C38000704770B50C460546012A05D0287880060E
:10C3900000D5EA69002302E0012305E05B1C93421B
:10C3A00002D2E05C0028F9D1A869E618C01AA86199
:10C3B000286A184428622846FFF7AAFF04E0D5E956
:10C3C000012114F8010B9047B442F8D32846FFF737
:10C3D000B5FF70BD2DE9F0410646002410687529AF
:10C3E000314616A510D0FFF7BAFF002802DA404206
:10C3F00013A507E031688A0701D512A502E04907B5
:10C4000004D511A5012401E0FFF7B2FF00210A22A3
:10C4100006F1240709E0B0FBF2FCB0FBF2F302FBEB
:10C420001C00303078541846491C0028F3D12346AC
:10C430002A463046BDE8F04100F0F8BB000000009D
:10C440002D0000002B000000200000002DE9FF5F00
:10C4500015468A460446DFF8AC80F8440027D8E940
:10C4600000103E46CDE9001010E03AF816106A467A
:10C4700002A800F094FE411C07D02178890603D55C
:10C48000E269391891420DD80744761C207880065D
:10C4900002D5E069B84205DDAE42E6DB3AF81600A7
:10C4A0000028E2D1A069C01BA0612046FFF730FF41
:10C4B000D8E90010CDE90010002017E03AF8181074
:10C4C0006A4602A800F06BFEB0F1FF3F81460BD038
:10C4D00000250DF1080B05E0D4E901211BF805004A
:10C4E00090476D1C4D45F7D308F10100B0428046DE
:10C4F000E4DB206A384420622046FFF71FFFBDE8D6
:10C50000FF9F00003EFF020070B504462146106800
:10C51000FFF72EFF002104F1240505E000F00702DB
:10C520003032C0086A54491C0028F7D12068002323
:10C5300007A2050707D5800600D421B1E0690123D1
:10C5400004A2401EE0612046BDE8704000F06EBBD2
:10C55000000000003000000070B504460D46214682
:10C560001068FFF705FF2188090502D50F4A7A44B4
:10C5700002E00E4A7A440E32002104F1240305E061
:10C5800000F00F060009965D5E54491C0028F7D1A3
:10C5900020780023000704D5702D02D009B10223B2
:10C5A00011322046BDE8704000F040BB32FE020070
:10C5B0002DE9F05F894604464FF0000ADFF874B1B8
:10C5C000FB44C0F820A02046E1688847002874D0CA
:10C5D000252806D0D4E901219047206A401C20621A
:10C5E000F1E700265F462046E16888472028054697
:10C5F00007DB312D05D2781910F8200C08B106435D
:10C60000F1E7B00701D526F00406C4F81CA0002706
:10C61000C4F818A02A2D09D0284614F087FA38B398
:10C6200004EB8708303DC8F8185019E059F8041B8E
:10C63000204604EB87029161E1688847012F054697
:10C6400018D1E069002820DA26F020061DE0D8F88D
:10C65000180000EB800005EB40003038C8F81800E7
:10C660002046E1688847054614F060FA0028EED1BC
:10C67000012F0AD02E2D08D12046E16888477F1C63
:10C680000546022F46F02006C4DBA069002803DA25
:10C69000404246F00106A061F00701D026F01006E6
:10C6A0006C2D0BD0682D09D04C2D39D06A2D35D08A
:10C6B000742D35D07A2D33D016E038E0E1682F465E
:10C6C00020468847B842054609D16C2F26D04FF442
:10C6D0008060E168064320468847054604E06C2FE9
:10C6E0001AD04FF4807006430DB3A5F1410019280C
:10C6F00002D8203546F400664A4629462046266080
:10C700004E46FFF76FFD80B101280BD0F61D26F0D5
:10C71000070000F1080956E74020E4E78020D8E749
:10C720000020D6E706F104094DE7284652E7206AC3
:10C73000BDE8F09F08FE02000EB5054614460E4601
:10C7400013A000F057FD284600F054FD16A000F09D
:10C7500051FD304600F04EFD15A000F04BFD0021CC
:10C760008DF80B100A210DF10A008DF80A1008E06F
:10C7700094FBF1F201FB124294FBF1F4303200F829
:10C78000012D002CF4DC00F035FD00F028FD000048
:10C790002A2A2A20617373657274696F6E2066613C
:10C7A000696C65643A2000002C2066696C65200085
:10C7B0002C206C696E652000401ECAB210F8011F63
:10C7C0008A4202D00029F9D10020704740EA0103D3
:10C7D00010B59B070FD1042A0DD310C808C9121F2A
:10C7E0009C42F8D020BA19BA884201D9012010BD64
:10C7F0004FF0FF3010BD1AB1D30703D0521C07E031
:10C80000002010BD10F8013B11F8014B1B1B07D194
:10C8100010F8013B11F8014B1B1B01D1921EF1D105
:10C82000184610BD40EA0103024630B59B0710D1FF
:10C830004FF0013400E008C208C91D1B9D4315EAF2
:10C84000C41FF8D013F0FF0102F8011B0DD01B0A22
:10C85000F8E711F8013B002B02F8013B05D011F875
:10C86000013B002B02F8013BF3D130BD10B5431C56
:10C8700002E010F8011B71B18107FAD14FF00132CB
:10C8800002C88C1A8C4314EAC211F9D0C01A0A06E5
:10C8900003D0C01E10BDC01A10BD0A0401D0801EF6
:10C8A00010BD0902FCD0401E10BD032A40F23080AA
:10C8B00010F0030C00F0158011F8013BBCF1020FE1
:10C8C000624498BF11F801CB00F8013B38BF11F862
:10C8D000013BA2F1040298BF00F801CB38BF00F879
:10C8E000013B11F0030300F06780083AC0F00880B4
:10C8F00051F8043B083A51F804CBA0E80810F5E7DA
:10C90000121D5CBF51F8043B40F8043BAFF30080BC
:10C91000D20724BF11F8013B11F801CB48BF11F831
:10C92000012B24BF00F8013B00F801CB48BF00F801
:10C93000012B7047431A28BF9A427FF6B6AF032AED
:10C940001044114440F2268010F0030F1EBF11F86E
:10C95000013D521E00F8013D10F0030F7FF4F6AFC9
:10C9600011F0030300F06D80083AC0F00B8051F81D
:10C97000043D083A51F804CD40F8043D40F804CD98
:10C98000FFF7F3BF121D5CBF51F8043D40F8043DB2
:10C99000AFF30080D20724BF11F8013D11F801CD9B
:10C9A00048BF11F8012C24BF00F8013D00F801CD6B
:10C9B00048BF00F8012C704710B5203AC0F00B803A
:10C9C000B1E81850203AA0E81850B1E81850A0E893
:10C9D0001850BFF4F5AF5FEA027C24BFB1E81850ED
:10C9E000A0E8185044BF18C918C0BDE810405FEA5D
:10C9F000827C24BF51F8043B40F8043B08BF7047D9
:10CA0000D20728BF31F8023B48BF11F8012B28BFDD
:10CA100020F8023B48BF00F8012B7047431A28BF9B
:10CA20009A427FF6C9AF104410F0030F11441EBFA5
:10CA300011F8013D521E00F8013D10F0030F7FF484
:10CA4000F6AF103AC0F00A8010B531E91850103A2C
:10CA500020E91850BFF4F9AFBDE81040530724BFD8
:10CA600031E9081020E9081044BF51F8043D40F8AE
:10CA7000043D12F0030F08BF7047D20728BF31F8FA
:10CA8000023D48BF11F8012C28BF20F8023D48BFE5
:10CA900000F8012C70474FF000020429C0F012800A
:10CAA00010F0030C00F01B80CCF1040CBCF1020F61
:10CAB00018BF00F8012BA8BF20F8022BA1EB0C0136
:10CAC00000F00DB85FEAC17C24BF00F8012B00F82C
:10CAD000012B48BF00F8012B70474FF0000200B552
:10CAE000134694469646203922BFA0E80C50A0E891
:10CAF0000C50B1F12001BFF4F7AF090728BFA0E83F
:10CB00000C5048BF0CC05DF804EB890028BF40F80A
:10CB1000042B08BF704748BF20F8022B11F0804F4C
:10CB200018BF00F8012B704710B5044610F0030F32
:10CB300008BF11F0030F40F015804FF0013E121FA7
:10CB4000C0F20E8051F8043BA3EB0E0C2CEA030C50
:10CB50001CEACE1C08BF40F8043BF0D0A1F1040150
:10CB600002F10402521E08DB11F8013B002B00F811
:10CB7000013BF7D11146FFF78EFF204610BD0000A4
:10CB80004FF0013C50F8042B51F8043B9A4221D15C
:10CB9000A2EB0C03934313EACC1317D150F8042BE8
:10CBA00051F8043B9A4215D1A2EB0C03934313EACC
:10CBB000CC130BD150F8042B51F8043B9A4209D105
:10CBC000A2EB0C03934313EACC13DBD04FF000002D
:10CBD000704700BFD01A01BAB1FA81F101F0180113
:10CBE00022FA01F0CB40C1F12001DBB2C0B2C01A81
:10CBF0002CFA01F3D11A914311EAC311E6D170471F
:10CC0000704770477047000070B5064C7C44064D75
:10CC10007D4403E0206820448047241DAC42F9D1C4
:10CC200070BD00004C1B0300A01B03002DE9F04762
:10CC30000D4699469246044600F12408016888068C
:10CC400004D5E06921F01001216000E00120A84234
:10CC500001DD471B00E00027A1697A1902EB0900FA
:10CC6000081AA0612078C00602D42046FFF750FBC6
:10CC7000002608E0D4E901211AF806009047206A4E
:10CC8000401C761C20624E45F4DB2078C0060AD595
:10CC90002046FFF73DFB06E0D4E901213020904714
:10CCA000206A401C2062381EA7F10107F4DC07E06F
:10CCB000D4E9012118F805009047206A401C206241
:10CCC000281EA5F10105F3DC2046FFF737FB20788D
:10CCD000000602D50220BDE8F0870120FBE770477F
:10CCE0002DE9FF4F0C461E464FF0FF378BB0D2E9BF
:10CCF0000001DDF860800A908A46C1F30A5505B943
:10CD00003D46002108464FF00000BAF1000F00F444
:10CD1000400005DA00EB80004FF4400101EA5000CA
:10CD20004FEA9059B9F1010F00DDB9460A9850EA6F
:10CD30004A000ED044F61050A5F2FF3545432F149B
:10CD4000B8F1000F1ED07542291E1EDDC9F1000288
:10CD50001CE0B8F1010F4FF0000001D0302103E0DA
:10CD6000F24305E02154401CB042FBDB3046002278
:10CD7000002121540B99C1F80880C1E900200FB0AF
:10CD8000BDE8F08FBD1B6D1CDEE74A4600DA694244
:10CD900006A800F0D9FA06AB93E8070003AB83E8D6
:10CDA000070050460A9900F0B2FB8DE80700A0F595
:10CDB00000501F3800900398002D0ADD42F21F0139
:10CDC0004A460844002303A90390684600F01BFE6E
:10CDD00009E0A0F500504A461F38002303A903903C
:10CDE000684600F025FE8DE807000004000C03D023
:10CDF0004FF0FF30410800E01046B8F1000F03D0BB
:10CE00000022009215461EE0751E05D400F016FAA9
:10CE1000303262556D1EF9D5B3460122084302D067
:10CE200000227F1C04E02078302801D100227F1EE0
:10CE3000002A099784D01DE0112D07DA00F0FEF9D1
:10CE4000303262556D1C50EA0102F5D1084302D020
:10CE50000098C8B10EE00021681E05E0235C625C0A
:10CE600063542254401E491C8142F7DBAB46A81B89
:10CE7000401E0990002004F80B000B98099AC0F896
:10CE80000880C0E9002B7AE711264FF0000857E729
:10CE90002DE9F04F88460446D21D22F0070191B0DB
:10CEA000D1E90001CDE90A0113F070FD02460B98AB
:10CEB000C00F01D02D2007E02068810701D52B206D
:10CEC00002E0202101EAC000032A099001D0072ACC
:10CED00005DB03464146204600F0F6F90BE12078D9
:10CEE000800601D5E06900E00620B8F1650F8146B3
:10CEF00006D0B8F1660F18D0B8F1670F70D131E0E5
:10CF00000020B9F1110F009001DB112301E009F1BC
:10CF100001030AAA01A90CA8FFF7E2FEDDE90C70E3
:10CF2000002609F10105834647E001204B460090A9
:10CF30004FF000470AAA01A90CA8FFF7D1FEDDE9CE
:10CF40000DB00C995D46002610B909F101000D18CD
:10CF5000B9EB050003D4C0F1FF3609F10105A5EBDB
:10CF600009002BE0B9F1010F01DA4FF001090020AF
:10CF7000B9F1110F0090484601DD112300E003468E
:10CF80000AAA01A90CA8FFF7ABFEDDE90C704D461B
:10CF900000268346207800070AD4AB4500DA5D46B8
:10CFA00001A8012D04DD411911F8011C302907D019
:10CFB0004F4502DA17F1040F04DA012082460FE030
:10CFC0006D1EEEE7002F02DCED1B3E4403E0781CF3
:10CFD000A84200DD7D1CB81B00F1010A4FF000479C
:10CFE0002078000703D4AA4501DB4FF0FF3A002167
:10CFF000B7F1004F0DF143088DF8431024D0022003
:10D000002B23002F01DA7F422D230A21021EA0F1DB
:10D01000010000DC5FB197FBF1FC97FBF1F201FB33
:10D020001C7C17460CF1300C08F801CDEEE7A8F196
:10D03000010003702188090501D5452100E0652123
:10D04000A0F1010800F8011C09980FA9A1EB08073D
:10D05000FF1D00B10120411901EBEA70A1693844BC
:10D06000081A401EA0612078C00602D42046FFF7AF
:10D070004FF9099828B1D4E901219047206A401C52
:10D0800020622078C00622D52046FFF741F91EE035
:10D09000002E04DBB34502DD01A8805D00E03020F6
:10D0A000D4E901219047206A401C2062761CAAF135
:10D0B00001005FEA000A0AD100F0BCF8C06801680C
:10D0C000405CD4E901219047206A401C2062281E60
:10D0D000A5F10105DCDC07E0D4E9012118F8010B1A
:10D0E0009047206A401C2062381EA7F10107F3DC3C
:10D0F0002046FFF723F9032011B041E601694A1CDD
:10D1000002610878704700B58FB0CDE90131002188
:10D11000059105497944CDE9031011466846FFF7AA
:10D1200047FA0FB000BD0000E5FFFFFF0A6802F8F4
:10D13000010B0A607047D1E900239A4202D2531CC6
:10D140000B601070704710B5436913B1AFF30080E6
:10D1500001E0FFF716F9012010BD127800F124015B
:10D160000A7000224A700122EDE711684FF0FF3289
:10D17000E9E710B5436913B1AFF3008001E0FFF7B1
:10D1800065F9012010BD128800F12401828400227B
:10D19000C2840122EDE711684FF0FF32E9E770B574
:10D1A00016460C46054600F03DF8036893F8010169
:10D1B000012806D0FF2C0FD8185D68B101202C7013
:10D1C00070BDD3F807013246214603F2071303442A
:10D1D0002846BDE8704018474FF0FF3070BD10B5CD
:10D1E000002000F023F9FFF733F8BDE810400120DC
:10D1F00000F012B810B5044602E0641C00F004F818
:10D2000020780028F9D110BD08B569468DF80000D6
:10D210000320ABBE08BD000001491820ABBEFEE7ED
:10D220002600020010B500F005F8001D10BD00BF7B
:10D23000B544010000487047FC29002030B5B0F12A
:10D240000A024FEA900E71F100034EEA817EB0EBC4
:10D250000E0061EB91014FEA101E4EEA017E10EBC9
:10D260000E0041EB11114FEA102E4EEA016E10EB49
:10D270000E0041EB11214FEA104E4EEA014E10EB29
:10D280000E0041EB1141401841F100014FEAD0007E
:10D2900040EA41704FEAD10110EB80054FEA81046A
:10D2A00044EA907444EB01046D1944EB0404521BEE
:10D2B000A3414FF0000348BF0A3200D530BD401CE7
:10D2C00041F1000130BD00002DE9F0411F46044648
:10D2D00003260168072A01F4006004DB08B116A5E3
:10D2E00005E016A503E008B115A500E015A521F09D
:10D2F00010002060A069C01EA0610FB1401EA06197
:10D300002046FFF705F84FB1D4E901213846904790
:10D31000206A401C2062C01C206206E0206AFAE7F6
:10D32000D4E9012115F8010B9047761EF8D220466A
:10D33000FFF704F8BDE8F0814E414E006E616E00CB
:10D34000494E4600696E66002DE9F0478146164653
:10D350008AB0354878440DC88DE80D0032487844CD
:10D36000801C03AC0DC884E80D0041F69B300844D6
:10D37000372190FBF1F290FBF1F5A5F1800501FB5F
:10D3800012041B3C02D56442012000E00020DFF8BB
:10D3900098A080460027FA44AAF1BE0A0EE0E007F2
:10D3A0000AD03246684607EB470101230AEB8101A8
:10D3B00000F03EFB8DE8070064107F1C002CEED1CE
:10D3C000194F7F44AE3F19E0E80715D007EB041072
:10D3D0000DF1180A90E80E008AE80E00C068F042CD
:10D3E00001D1981908903246012306A903A800F03C
:10D3F0001FFB03AB83E807006D10641C002DE3D115
:10D400004FF0010332466946B8F1000F03A802D07D
:10D4100000F0F9FA01E000F00BFBC9E90001C9F8DE
:10D4200008200AB0BDE8F08704F1020010B500F052
:10D430003DF8BDE8104000F034B8000000487047E7
:10D44000DC29002070477546FFF7F8FFAE4605005F
:10D450006946534620F00700854618B020B5FEF710
:10D4600017FFBDE820404FF000064FF000074FF0D7
:10D4700000084FF0000B21F00701AC46ACE8C009F2
:10D48000ACE8C009ACE8C009ACE8C0098D467047FB
:10D4900010B50446AFF300802046BDE81040FEF70B
:10D4A000E2BE002801D0FFF7B7BE704710B50021DB
:10D4B00002A000F013F8012010BD000053494741BD
:10D4C0004252543A2041626E6F726D616C207465F5
:10D4D000726D696E6174696F6E00000070B505460B
:10D4E0000C460A2000E06D1CFFF78EFE35B128784F
:10D4F0000028F8D102E0641CFFF786FE14B1207802
:10D500000028F8D1BDE870400A20FFF77DBE5FEA31
:10D51000400C08BF91F0000F4FEA8C234FEAC12264
:10D5200043EA51514FEA1C5018BF00F5F0404FEA52
:10D53000300018BF41F000415FEA6C5C00F02980C8
:10D54000BCF1FF3F08BF40F080407047130C06BF9E
:10D5500012044FF0100C4FF0000C130E04BF120217
:10D560000CF1080C130F04BF12010CF1040C930F03
:10D5700004BF92000CF1020CD30F04BF52000CF157
:10D58000010C11464FF00002A0F11F00A0EB0C00AF
:10D59000704711F0004F08BF704731F000413FF471
:10D5A000D5AF0B0C06BF09044FF0100C4FF0000C68
:10D5B0000B0E04BF09020CF1080C0B0F04BF09018C
:10D5C0000CF1040C8B0F04BF89000CF1020CCB0F83
:10D5D00004BF49000CF1010CCCF12003A0EB0C00BE
:10D5E00022FA03F302FA0CF241EA030100F101000E
:10D5F000704720F07F4C80EA030023F07F47ACEBBC
:10D60000070303F57C5300F0004003F1FF032DE90D
:10D6100080494FEA154B09B44FEA144325EA0B4EF3
:10D6200024EA03480FF2042606EB132749083E7844
:10D630005FEA320203FB0667C7F5000707FB06F641
:10D640004FEA54374FEAD64606F1020607FB066C4E
:10D65000CCF1005C4FEA1C472CEA074C07FB06F4B0
:10D660000CFB06F504EB15464FEA961634BF002076
:10D670004FF000404FEAD13706FB07FC4FEA1C4C45
:10D680000CFB0BF7D21B03FB0CF761EB07010CFB48
:10D690000EF7B0EB074072EB17420CFB08F734BFF4
:10D6A000A2EB0742B2EB074261EB17414FEA0C4491
:10D6B0004FEA910706FB07FC4FEA1C4C0CFB0BF7EB
:10D6C000B0EBC74072EB573203FB0CF734BFA2EB51
:10D6D000C742B2EBC74261EB57310CFB0EF7B0EB20
:10D6E000C70072EB57720CFB08F734BFA2EBC702FE
:10D6F000B2EBC70261EB5771039F4FEA816141EAC8
:10D70000921104EBCC044FEAD1374FEA826206FB58
:10D7100007FC42EA90124FEA80604FEA1C4C0CFB77
:10D720000BF7D21B03FB0CF761EB07010CFB0EF7A9
:10D73000B0EB074072EB17420CFB08F734BFA2EBCB
:10D740000742B2EB074261EB17414FEA8C554FEAB3
:10D75000910704EB9C2406FB07FC4FEA1C4C0CFBD6
:10D760000BF7B0EBC74072EB573203FB0CF734BF3B
:10D77000A2EBC742B2EBC74261EB57310CFB0EF78D
:10D78000B0EBC70072EB57720CFB08F734BFA2EB8B
:10D79000C702B2EBC70261EB577115EB4C254FEA9C
:10D7A000816141EA92114FEA82624FEAD13742EA3F
:10D7B000901206FB07FC44F100044FEA80604FEA38
:10D7C0001C4C0CFB0BF7D21B03FB0CF761EB0701A6
:10D7D0000CFB0EF7B0EB074072EB17420CFB08F79F
:10D7E00034BFA2EB0742B2EB074261EB174115EBE6
:10D7F0001C154FEA813141EA92414FEA823242EAF6
:10D8000090424FEA80304FEA0C7644F1000448EA37
:10D8100003434EEA0B484FF0000EB2EB080C71EBDD
:10D82000030724BF624639464EEB0E0E4FF0000B45
:10D830000018524149414BEB0B0BB2EB080C71EB5A
:10D8400003077BF1000B24BF624639464EEB0E0EF8
:10D850004FF0000B0018524149414BEB0B0BB2EB60
:10D86000080C71EB03077BF1000B24BF62463946BD
:10D870004EEB0E0E51EA020718BF46F0010616EBFA
:10D880000E7655F1000254F1000103D5BDE889017F
:10D89000BDE80088BDE88901BDE80048B6195241DD
:10D8A00041EB0101A3F10103704780807F7E7D7C05
:10D8B0007B7A7978777676757473727171706F6E22
:10D8C0006E6D6C6C6B6A6A696868676666656464CD
:10D8D000636362616160605F5F5E5E5D5D5C5C5B57
:10D8E0005B5A5A59595858575756565555555454C6
:10D8F000535352525251515050504F4F4F4E4E4D24
:10D900004D4D4C4C4C4B4B4B4A4A4A49494948486F
:10D9100048474747474646464545454444444443AF
:10D9200043434342424242414141002B9C4630D452
:10D9300077002BD01CB54FEA370703B44FF0100027
:10D940004FF01001BAF1000F06D0BCF1000FDCBFA0
:10D9500040F0080040F008014FF000000FBCBDE8A7
:10D9600010400BF1010BBBF1010F08BF5FEA170775
:10D9700022BF12F1010211F101014FF0004143F108
:10D98000000300F0004043EA00007047F9D3570855
:10D99000D0E746EA064613F1400F4FEA16461FDD70
:10D9A00013F1200FDFBF16430A46002120335B42EC
:10D9B000BED0C3F1200746EA064602FA07F74FEA4F
:10D9C000164646EA0706C3F1200722FA03F201FAD7
:10D9D00007F721FA03F14FF0000342EA0702A7E735
:10D9E00046EA020646EA06464FEA164646EA0106B7
:10D9F000BCBF46EA0646360C4FF000034FF000026B
:10DA00004FF0000194E72DE9804C9A46934670B49C
:10DA100091E8380007C831EA400C48BF34EA430CAB
:10DA200003D5FFF7E6FDFFF780FFF0BCBDE8008CF3
:10DA30002DE9804C9A46934670B491E8380007C8A7
:10DA400010F0804F08BF13F0804F03D100F005F8AD
:10DA5000FFF76BFFF0BCBDE8008C20F07F4780EA49
:10DA6000030023F07F4C07EB0C03A3F57C5300F07D
:10DA70000040A3F1FE0392F0000F00F0B38095F098
:10DA8000000F00F077802DE901494FEA11404FEA7D
:10DA9000144621EA004800FB06FC24EA064708FB7E
:10DAA00006F607FB08F800FB07F718EB06484CEBF7
:10DAB000164C4FEA124B18EB07484FEA15464CEB51
:10DAC000174022EA0B4E0BFB06FC25EA06470EFB2D
:10DAD00006F607FB0EFE0BFB07F71EEB064E4CEBA4
:10DAE000164C4FF000061EEB074E4CEB174B18EB95
:10DAF0000B0840F1000018EB0E0B58EB000840F14A
:10DB000000008F1A4FF000013CBFC943661B14BFD1
:10DB1000B5EB040C00213CBFC943F61B4FEA174488
:10DB20004EEA8E0E27EA04454FEA1C4704FB0762C3
:10DB30002CEA074C05FB07F70CFB05F604FB0CFC75
:10DB400016EB074642EB174216EB0C4642EB1C4223
:10DB50001BEB060658EB0202414146EA9E0601D540
:10DB6000BDE80189B619524141EB0101A3F101035E
:10DB7000BDE801894FEA14454FEA114724EA0546FA
:10DB800021EA074C05FB07F406FB07F70CFB06F13F
:10DB900005FB0CFC11EB074144EB17444FEA12471D
:10DBA00011EB0C4144EB1C4422EA074C05FB07F245
:10DBB00006FB07F70CFB06F605FB0CFC16EB07460D
:10DBC00042EB174216EB0C4642EB1C456A1854F127
:10DBD000000148BF7047B619524141EB0101A3F162
:10DBE0000103704795F0000F37D04FEA11424FEA1A
:10DBF000144721EA024624EA074C02FB07F106FB20
:10DC000007F70CFB06F402FB0CFC14EB074441EB9A
:10DC100017414FEA154714EB0C4441EB1C4125EA30
:10DC2000074C02FB07F506FB07F70CFB06F602FBA9
:10DC30000CFC16EB074645EB174516EB0C4645EB7F
:10DC40001C42121951F1000148BF7047B6195241E8
:10DC500041EB0101A3F1010370474FEA14454FEA7C
:10DC6000114724EA054621EA074C05FB07F106FBAC
:10DC700007F70CFB06F24FF0000605FB0CFC12EB5D
:10DC8000074241EB174112EB0C4251EB1C4148BFDC
:10DC90007047921841EB0101A3F1010370470000A6
:10DCA00010B54CF28101134801F086FF01280DD117
:10DCB000114A00210F4801F001FC0F4828380BF0F1
:10DCC0009BFB4CF281010B4802F0D8F80B49094844
:10DCD00001F072FF01280CD1074A0121054801F02B
:10DCE000EDFB054828380BF087FB0449014802F09A
:10DCF000C5F810BD006400404412002084000100FB
:10DD000010B5012001F09AFFD8B1012002F0B6F958
:10DD100001210C4801F074FA40B101200A49487011
:10DD20000A480BF0DFFD084988600AE00020064938
:10DD3000487006480BF0D6FD03498968401A02492D
:10DD4000C86010BD00080140F41D0020F80100204B
:10DD500010B54FF4806001F071FF18B14FF480608E
:10DD600002F08CF910BD000010B5202001F066FF14
:10DD700050B1202002F082F90120044908700448C3
:10DD80000BF0B0FD0149486110BD0000F41D0020FA
:10DD9000F801002000BFBFF34F8F0748006800F470
:10DDA000E06006490843001D03490860BFF34F8F38
:10DDB00000BF00BF00BFFDE70CED00E00000FA056A
:10DDC0007047000000B502480BF090FD00BD000058
:10DDD000F801002010B51048006840F470000E49AA
:10DDE00008600E48006840F001000C4908600020FF
:10DDF0004860C86208460068094908400749086049
:10DE00004FF41F0088600846006820F480200860F6
:10DE100001F050FC10BD000088ED00E00010024051
:10DE2000FFFFF6FE10B504460548844207D140F2D4
:10DE3000194001F089FF40F2194002F00FF910BDBE
:10DE40000064004070B504460D462946204602F0A5
:10DE5000A9FB08B900BFFEE705EB8500810004F1CE
:10DE60000800405820F0010105EB8500820004F114
:10DE700008008150002105EB8500820004F10800B4
:10DE8000815005EB8500820004F10C00815005EB08
:10DE90008500820004F11000815005EB85008200AE
:10DEA00004F1140081506068AA000F2191400843DA
:10DEB000606070BD1CB501200221CDE9001004484E
:10DEC000C3791E22BA2103480CF0DCFB1CBD000004
:10DED000301E0020180200200C48006900F080006D
:10DEE00020B10B48094948600A4848600A48008840
:10DEF000B0F5007F09D90548006D00F0800020B121
:10DF000003480249486403484864704700200240BF
:10DF100023016745AB89EFCDE0F7FF1F01460805F8
:10DF2000094A92F8A82900EB4230074A92F8A92939
:10DF300000EB8220044A92F8A52900EBC200024AB5
:10DF400092F8A429104470471C12002010B5044612
:10DF50000D48204418B1B0F5806F12D108E040F2AE
:10DF6000154001F0F1FE40F2154002F077F809E0AB
:10DF700040F2164001F0E8FE40F2164002F06EF862
:10DF800000E000BF00BF10BD00ACFFBF016841F062
:10DF9000010101607047016841F040010160704774
:10DFA0000A8882621D4A90420ED0B0F1804F0BD099
:10DFB0001B4A904208D01B4A904205D01A4A904210
:10DFC00002D01A4A90420BD1026822F0700202601D
:10DFD00002684B881A43026002688B881A43026009
:10DFE0008A68C262124A90420AD0124A904207D00E
:10DFF000026822F44072026002688B891A43026050
:10E00000064A904202D0094A904201D18A7B0263BB
:10E01000426942F00102426170470000002C014059
:10E020000004004000080040000C004000340140A3
:10E030000010004000140040816821F0010181605F
:10E04000704701464FF4784000EA11204FF4FC621B
:10E0500002EA51121043C1F3C4021043704700009A
:10E0600070B588B004462248007AB0B12148015DFD
:10E070004638405600EE900AF8EEE00AB0EE600A2C
:10E080001D480BF067FCBDEEC00A10EE105A2A4680
:10E090001AA104A8FEF70EF907E01648015D4638FC
:10E0A000425616A104A8FEF705F912484F3890F819
:10E0B0004E00032806DD04A8FEF7D8FB401E04A985
:10E0C00000220A54204600F02DF90546204600F0B3
:10E0D000FBF806460020012103222B46CDE9002152
:10E0E0000290324604A907480CF02AFB08B070BD24
:10E0F000DC07002097080020F8010020253032645A
:10E10000C2B00000180200200146074A02EB91103D
:10E11000006801F01F0301229A40104008B101205D
:10E1200070470020FCE70000002002402DE9F05F6E
:10E1300006468846934616B9B8F1000F00D105E0AF
:10E140004FF47A722EA134A0FEF7F6FA00240027CD
:10E1500045E006EB0710D0F8049006EB0710D0F866
:10E160000CA0B9F1000F03DBB9F5004F00DA05E0B0
:10E1700040F2ED3222A12FA0FEF7DEFABAF1000F35
:10E1800003DBBAF5004F00DA05E040F2EE321CA1E5
:10E1900032A0FEF7D1FA06EB07110878594600F0D5
:10E1A00035FF0546002D02DB102D00DC05E04FF4A5
:10E1B0007C7213A134A0FEF7BFFA0120A8404845A5
:10E1C00003DC4FF0FF30BDE8F09F281D50440444AD
:10E1D000B4F5004F02DB4FF0FF30F4E77F1C4745FA
:10E1E000B7D3002C03DBB4F5004F00DA05E040F2B2
:10E1F000F73203A12BA0FEF79FFA2046E3E70000C9
:10E20000557365725C5172436F64655C7172636FC4
:10E21000646567656E2E63007365677320213D201A
:10E220004E554C4C207C7C206C656E203D3D203052
:10E230000000000030203C3D206E756D4368617227
:10E2400073202626206E756D4368617273203C3DF5
:10E2500020494E5431365F4D4158000030203C3D3E
:10E26000206269744C656E67746820262620626996
:10E27000744C656E677468203C3D20494E543136BD
:10E280005F4D41580000000030203C3D2063636238
:10E2900069747320262620636362697473203C3D91
:10E2A0002031360030203C3D20726573756C74203F
:10E2B000262620726573756C74203C3D20494E54AF
:10E2C00031365F4D415800000146154890F84E0028
:10E2D000062823D2DFE800F02203050C121CA02040
:10E2E000704701EB8100502202EB401080B2F7E74B
:10E2F00001EB8100502202EB0010F1E7012901DD62
:10E30000481CC1B201EBC100C0EB81103230E7E71D
:10E3100001EBC100C0EB81103230E1E70020DFE704
:10E32000480800200146174890F84E00062827D2DA
:10E33000DFE800F0260305071708C8207047C8204B
:10E34000FCE700BF4A1C02EBD2704010A2EB400079
:10E3500000EBC00303EB0010C823A3EB400080B226
:10E36000ECE7012901DB022901DD012000E00020AA
:10E3700000EBC00303EB0010C823A3EB4000DDE774
:10E380000020DBE7480800200161704730B50246F5
:10E390000023002001F00043B3F1004F07D194693E
:10E3A0008DB22C400CB1012008E0002006E0546939
:10E3B0008DB22C400CB1012000E0002030BD0000E7
:10E3C00010B504463349601A8C4244D00CDCB4F1D9
:10E3D000804F1CD03048204410B3B0F5806F28D057
:10E3E000B0F5006F52D12DE0B0F5806F3CD0B0F5A4
:10E3F0008E3F03D0B0F5923F48D13EE040F20B3063
:10E4000001F0A2FC40F20B3001F028FE3FE04FF497
:10E41000806001F099FC4FF4806001F01FFE36E04F
:10E4200040F2014001F090FC40F2014001F016FE84
:10E430002DE040F2024001F087FC40F2024001F082
:10E440000DFE24E040F2034001F07EFC40F2034068
:10E4500001F004FE1BE040F2044001F075FC40F2C4
:10E46000044001F0FBFD12E040F2054001F06CFCBD
:10E4700040F2054001F0F2FD09E040F20D3001F0FC
:10E4800063FC40F20D3001F0E9FD00E000BF00BF89
:10E4900010BD00000010004000FCFFBF016841F00B
:10E4A000010101607047014600208A69C2F3021031
:10E4B000704700002DE9FF5F82460C4693465846A0
:10E4C00012F012FF074600257E1E3DE0062E00D109
:10E4D00005264FF0000834E04FF000092CE0A6EBD1
:10E4E00009000390701C012121EA5000029002985B
:10E4F00018B1781EA0EB080000E040460190584695
:10E50000019A039900F0AEFCA0B9B5EBC40F11DA83
:10E5100005F00702C2F107010AEBE502107802F0EC
:10E5200073F900905846DDE90032039900F0BCFD14
:10E530006D1C00BF09F10109B9F1020FCFDB08F131
:10E540000108B845C8DBB61E012EBFDAB5EBC40F13
:10E5500000D105E040F2622202A108A0FEF7ECF82B
:10E56000BDE8FF9F557365725C5172436F64655CD3
:10E570007172636F646567656E2E630069203D3D4F
:10E5800020646174614C656E202A20380000000010
:10E590002DE9F04706460F4690469946DDF820A043
:10E5A00000240BE0002506E03A19711901235046BA
:10E5B00000F07AFD6D1C4545F6DB641C4C45F1DB33
:10E5C000BDE8F087044A116821F0070141EA000222
:10E5D000014B1A60704700000020024010B5094846
:10E5E0000EF0AEFF04465CB10648407E40B10648DE
:10E5F000C0684FF47A7200FB02F103480FF05AFA38
:10E6000010BD0000F41D0020D01D0020016821F085
:10E6100001010160704700002DE9F84F82460E4667
:10E620009346002E02DB072E00DC05E040F21222AA
:10E630004BA151A0FEF780F8584850F82A0046EA4E
:10E64000C0084446002006E0611240F237525143B0
:10E6500081EA4404401C0A28F6DB44EA882045F29B
:10E66000124180EA01094FEAE93000B905E040F2C1
:10E6700019223BA14AA0FEF75FF800270BE03946BC
:10E68000484602F0C1F803463A4608210090584631
:10E6900000F00AFD7F1C052FF1DD0621484602F03F
:10E6A000B3F807463B4607220821584600F0FCFC19
:10E6B0000721484602F0A8F807463B4608221146C3
:10E6C000584600F0F1FC0821484602F09DF8074644
:10E6D0003B4608220721584600F0E6FC09270CE0DB
:10E6E0003946484602F090F8C7F10E010346082269
:10E6F0000090584600F0D8FC7F1C0F2FF0DB5846E6
:10E7000012F0F2FD054600270CE03946484602F0BB
:10E710007BF80090681EC11B08225846009B00F041
:10E72000C3FC7F1C082FF0DB08270DE03946484664
:10E7300002F06AF80090A5F10F00C21908215846AE
:10E74000009B00F0B1FC7F1C0F2FEFDBA5F108024E
:10E7500001230821584600F0A7FCBDE8F88F00000F
:10E76000557365725C5172436F64655C7172636F5F
:10E77000646567656E2E630030203C3D2028696E1D
:10E7800074296D61736B2026262028696E74296DAB
:10E7900061736B203C3D20370000000000420208FE
:10E7A00062697473203E3E203135203D3D203000AB
:10E7B00030B5054636480088B0F5007F48D9354861
:10E7C00085421ED24FF4702001F0ECF80446002C74
:10E7D0005BD13148006940F002002F4908610846CA
:10E7E0004561006940F0400008614FF4702001F07D
:10E7F000D9F804462848006920F00200264908613B
:10E8000043E04FF4702001F0DEF80446002C3CD1C8
:10E810002148006D40F002001F4908650846456523
:10E82000C06900F0020008B1084645611A48006D51
:10E8300040F04000184908654FF4702001F0C3F81B
:10E8400004461548006D20F00200134908651CE0DD
:10E850004FF4702001F0A6F80446B4B90E480069E0
:10E8600040F002000C49086108464561006940F02B
:10E87000400008614FF4702001F094F80446064807
:10E88000006920F0020004490861204630BD000004
:10E89000E0F7FF1FFFFF07080020024041617047BB
:10E8A000012904D1026842F48062026003E0026838
:10E8B00022F480620260704710B50021837A012241
:10E8C00002FA03F13E4A126842F001023C4B1A6020
:10E8D0003B4A1C3212688A43394B1C331A60C28986
:10E8E000DAB9374A0C3212688A43354B0C331A6056
:10E8F000C288344B03EA024243881A434389304CAE
:10E90000403444F8332082882E4B03EA02420388C5
:10E910001A43438904EBC3035A60C289012A1BD1FD
:10E92000274A0C3212680A43254B0C331A600288BE
:10E93000244B03EA024243881A434389204C403463
:10E9400044F8332082881F4B03EA0242C3881A43EB
:10E95000438904EBC3035A6082893AB9184A121DED
:10E9600012688A43164B1B1D1A6006E0144A121DDA
:10E9700012680A43124B1B1D1A6002893AB9104AE9
:10E98000143212688A430E4B14331A6006E00C4AA4
:10E99000143212680A430A4B14331A60027C012AAB
:10E9A00006D1074A1C3212680A43054B1C331A6011
:10E9B000034A126822F00102014B1A6010BD0000E8
:10E9C000006600400000FFFF1149C979104A9279A2
:10E9D000C2EB021201EB82000E4949780D4A12780F
:10E9E000C2EB021201EB820181420DDC0949C978B8
:10E9F000084A9278C2EB021201EB8201814203DDE8
:10EA00000021054A117002E00121034A117070478C
:10EA1000301E002098020020050000202DE9F14F53
:10EA200088B0089812F060FC0546002400273EE0FC
:10EA30004FF0000A00261C216846FEF74EF8B34648
:10EA400028E03A465946089800F00CFA504508D19B
:10EA5000761C052E01D1E41C1AE0052E18DD641C7D
:10EA600016E02A466946304601F0FAF8BAF1000F7E
:10EA700007D12946684601F0DDFB00EB800004EB7E
:10EA8000C0043A465946089800F0ECF9824601263F
:10EA90000BF1010BAB45D4DB2B466A4631465046A1
:10EAA00001F0BFFD00EB800004EBC0047F1CAF420F
:10EAB000BEDB00273EE04FF0000A00261C2168461E
:10EAC000FEF70BF8B34628E05A463946089800F09E
:10EAD000C9F9504508D1761C052E01D1E41C1AE075
:10EAE000052E18DD641C16E02A466946304601F002
:10EAF000B7F8BAF1000F07D12946684601F09AFB32
:10EB000000EB800004EBC0045A463946089800F038
:10EB1000A9F9824601260BF1010BAB45D4DB2B464C
:10EB20006A463146504601F07CFD00EB800004EB64
:10EB3000C0047F1CAF42BEDB002622E000271CE0A1
:10EB400032463946089800F08DF982463246791CE3
:10EB5000089800F087F950450ED1721C3946089884
:10EB600000F080F9504507D1721C791C089800F01C
:10EB700079F9504500D1E41C7F1C681EB842DFDCE7
:10EB8000761C681EB042D9DC0020079000260EE0FB
:10EB9000002709E032463946089800F063F910B1C1
:10EBA0000798401C07907F1CAF42F3DB761CAE42F7
:10EBB000EEDB05FB05F8079901EB8101890008EB05
:10EBC0008802A1EB4200002801DB014600E041423F
:10EBD0004144491E91FBF8F1A1F10109B9F1000F7F
:10EBE00003DBB9F1090F00DC05E040F2CE220CA1F5
:10EBF00011A0FDF7A1FD09EB890004EB4004002CF6
:10EC000003DB1248844200DC05E04FF4347204A1B7
:10EC10000FA0FDF791FD204609B0BDE8F08F000080
:10EC2000557365725C5172436F64655C7172636F9A
:10EC3000646567656E2E630030203C3D206B2026A6
:10EC400026206B203C3D203900000000B832270010
:10EC500030203C3D20726573756C7420262620722E
:10EC60006573756C74203C3D203235363838383841
:10EC70004C000000016841F4007101607047000021
:10EC80002DE9F04103460D46164600240027A04614
:10EC90002A48006800F4E060B0F5E06F03D100BFDF
:10ECA0004FF0040830E02548006800F4E060B0F55B
:10ECB000C06F03D101274FF0030825E01F4800680B
:10ECC00000F4E060B0F5A06F02D10227B8461BE067
:10ECD0001A48006800F4E060B0F5806F03D10327A4
:10ECE0004FF0010810E01548006800F4E060B0F54E
:10ECF000407F03D104274FF0000805E04FF4A060E7
:10ED000001F008F80227B846C7F1040005FA00F43C
:10ED1000C8F104010F20C8403040044324010848D2
:10ED2000C45403F01F01012088405911890001F1EA
:10ED3000E021C1F80001BDE8F08100000CED00E029
:10ED400000E400E010B51148007803280FD0104807
:10ED5000007960B90F48007810B10F48807901E060
:10ED60000D48407901460D480EF09AFE0DE00C4822
:10ED7000C07A012804D1002108480EF091FE04E079
:10ED80000748017B05480EF08BFE10BD04000020F3
:10ED9000340800200500002098020020D01D00202B
:10EDA000DC07002070B504460D4600262A4800887E
:10EDB000B0F5007F35D92948844219D24FF470202C
:10EDC00000F0F0FD0646002E43D12548006940F0D2
:10EDD00001002349086125604FF4702000F0E2FD36
:10EDE00006461F48006920F001001D49086130E017
:10EDF0004FF4702000F0E7FD064656BB1848006D42
:10EE000040F001001649086525604FF4702000F0BD
:10EE1000DAFD06461248006D20F001001049086531
:10EE200017E04FF4702000F0BDFD06468EB90C4887
:10EE3000006940F001000A49086125604FF4702024
:10EE400000F0B0FD06460648006920F001000449C4
:10EE50000861304670BD0000E0F7FF1FFFFF0708A4
:10EE6000002002402DE9F04107460D4616463C7849
:10EE7000152C0ADBB12C08DC002D06DBA54204DAD8
:10EE8000002E02DBA64200DA05E040F20F3208A1B4
:10EE90000D48FDF751FC06FB045808F0070101225C
:10EEA00002EBE802B85C01F0AFFCBDE8F0810000C5
:10EEB000557365725C5172436F64655C7172636F08
:10EEC000646567656E2E6300C0E503082DE9F05F99
:10EED00004460E469146022000F09AF90746434840
:10EEE000B7FBF0F8B8F17F0F01D34FF07F08D4F8EB
:10EEF00004B02BF07F0B4BEA080BC4F804B03C487D
:10EF0000864218D83948B7FBF0F000F1010ABAF18F
:10EF10007F0F02D37F20206201E0C4F820A07000A0
:10EF2000B7FBF0F5042D00D20425E069C5F30B0111
:10EF30000843E06158E02F4886422CD84FF4967081
:10EF400008FB00F04FF47A71B0FBF1F0401C206236
:10EF5000B9F1000F08D106EB4600B7FBF0F5E06908
:10EF600020F48040E06109E006EBC60000EB0610EB
:10EF7000B7FBF0F5E06940F48040E061C5F30B00B9
:10EF800008B945F00105E06940F40040E061E0693E
:10EF90002843E06128E0C8EB0810C0004FF47A7104
:10EFA000B0FBF1F0401C2062B9F1000F08D106EB74
:10EFB0004600B7FBF0F5E06920F48040E06109E02D
:10EFC00006EBC60000EB0610B7FBF0F5E06940F475
:10EFD0008040E061E06940F40040E061E06928437E
:10EFE000E0610120C4F89000BDE8F09F40420F00AE
:10EFF000A0860100801A060001460869C0B2704769
:10F00000016841F4807101607047000070B50646E8
:10F010000D46012D02DB282D00DC05E040F2FF3219
:10F0200014A11A48FDF788FBE81D112190FBF1F4AB
:10F03000092E18D2DFE806F0170509170D17171566
:10F040001100134850F8240070BD124850F82400F5
:10F05000FAE7114850F82400F6E7104850F8240069
:10F06000F2E70020F0E740F2074202A10CA0FDF712
:10F0700063FB0000557365725C5172436F64655C9D
:10F080007172636F646567656E2E630078E50308CF
:10F09000104202081C4202082842020834420208B8
:10F0A00066616C73650000002DE9F05F04460F4651
:10F0B00090469B462578152D0BDBB12D09DC002FE2
:10F0C00007DBAF4205DAB8F1000F02DBA84500DA32
:10F0D00005E04FF446720FA11448FDF72DFB08FB25
:10F0E000057909F0070A012000EBE906BBF1000FE2
:10F0F00006D0A05D012101FA0AF10843A05507E0FE
:10F10000A15D012000FA0AF080F0FF000140A15546
:10F11000BDE8F09F557365725C5172436F64655C26
:10F120007172636F646567656E2E6300C0E50308E6
:10F1300002469068084008B1012070470020FCE7B3
:10F1400021B9026842F40062026003E0026822F41E
:10F15000006202607047CAB20261704710B50028B1
:10F1600004DB0A07130E054A135406E00A07140EBF
:10F17000034A00F00F031B1FD45410BD00E400E04D
:10F1800018ED00E02DE9F04106460D4617461C46F5
:10F19000002D05DB102D03DC26FA05F000B904E094
:10F1A000C62210A11548FDF7C7FA681E16E026FA18
:10F1B00000F101F00101227802F00702C2F107021A
:10F1C0009140226807EBE20212781143226807EBB4
:10F1D000E2021170401E2168491C21600028E6DA15
:10F1E000BDE8F081557365725C5172436F64655C74
:10F1F0007172636F646567656E2E6300F0E30308E8
:10F2000002469068084008B1012070470020FCE7E2
:10F210002DE9F04F8CB0074600200A904AA090E8F4
:10F22000004CC068CDE905BECDF810A007900FF2E4
:10F230001C1ADAE9000ACDE9020A0FF2101ADAE91B
:10F24000000ACDE9000A44484068C0F381000B90F1
:10F250000B9820B1012804D002283FD103E03F4A97
:10F260003EE03F4A3CE03C48406800F4803CBCF54E
:10F27000803F12D13848C06A00F08048B8F1000FD2
:10F2800001D1374C00E0374C3348406800F4003976
:10F29000B9F5003F02D1314C00E0334C2E484068B4
:10F2A000C0F383412C48406800F0006008B141F091
:10F2B00010012948406800F0804008B141F0200169
:10F2C0000F2901D2891C06E00F2903D33E2901D85A
:10F2D000491C00E03F2104FB01F201E01F4A00BF8E
:10F2E00000BF1D484068C0F3031504A8465D22FA1C
:10F2F00006F319484068C0F3022502A8465D23FAC8
:10F3000006F0099014484068C0F3C2251DF8056056
:10F3100023FA06F0089037B1012F06D0022F06D04D
:10F32000032F0AD106E00A9208E00A9306E0099842
:10F330000A9003E008980A9000E000BF00BF0A9816
:10F340000CB0BDE8F08F00000000000000000000DD
:10F3500001020304060708090010024000127A00A7
:10F360000024F400006CDC0200093D002DE9F041AE
:10F3700006460C46154698463778002C0BDBBC42F7
:10F3800009DA002D07DBBD4205DA43462A4621464D
:10F390003046FFF789FEBDE8F08100002DE9FF4F00
:10F3A0008DB00D461646002E06DB042E04DA012D24
:10F3B00002DB282D00DC05E04FF49A7236A13C48B0
:10F3C000FDF7BAF906EBC60000EB461039490844D0
:10F3D000445706EBC60000EB461037490844475730
:10F3E000284600F001FB8046C01708EB50704FEA3A
:10F3F000E00B3146284600F003F90C909BFBF4F03B
:10F4000004FB10B0201A0B909BFBF4F0C01B0A9079
:10F4100002A9384600F0ACFEDDF834904FF0000849
:10F4200034E00B98804501DB012100E000210A98BF
:10F4300001EB000ADDE90C100844019001983B46FD
:10F4400002AA51460090484600F048FF002041467D
:10F450000AE00A9A904201D10B9A891A19F80030F1
:10F46000109A5354401C21445045F2DB00200C9A62
:10F4700002EB080105E0019A135C109A5354401CFA
:10F480002144B842F7DBD14408F10108A045C8DBAC
:10F4900011B0BDE8F08F0000557365725C51724386
:10F4A0006F64655C7172636F646567656E2E63007F
:10F4B00010E503085C410208B840020810B500F5E9
:10F4C000D87303EB01131B6803F004031372137A60
:10F4D0003BB900F5D87303EB01131B685B0D136098
:10F4E00006E000F5D87303EB01131B68DB085360DB
:10F4F00000F5D87303EB01131B6803F0020353728A
:10F5000000F5DA7303EB01131B681B0AD37400F5D3
:10F51000DA7303EB01131B6803F00F03937200F51A
:10F52000DC7303EB01131B68D37200F5DC7303EB90
:10F5300001131B681C0A147300F5DC7303EB011341
:10F540001B681C0C547300F5DC7303EB01131B6880
:10F550001C0E947300F5DE7303EB01131B68D37369
:10F5600000F5DE7303EB01131B681C0A147400F52D
:10F57000DE7303EB01131B681C0C547400F5DE737F
:10F5800003EB01131B681C0E947421B9C36843F08C
:10F590002003C36003E0036943F02003036110BD4F
:10F5A00000200A49C96801F0010109B101200CE0FD
:10F5B0000649C96801F0100109B1032005E00349BB
:10F5C000C96801F0040101B1022070470020024027
:10F5D00000200A49C96C01F0010109B101200CE0C9
:10F5E0000649C96C01F0100109B1032005E0034987
:10F5F000C96C01F0040101B10220704700200240F3
:10F600002DE9F04107460D463E462C46002C02DB14
:10F61000042C00DA05E040F255120FA114A0FDF70A
:10F620008BF8304600F0E0F98046C01708EB5070C8
:10F63000C01004EBC40101EB4411114A1144895775
:10F6400004EBC40202EB44120E4B1A44925701FB26
:10F650001200BDE8F0810000557365725C51724381
:10F660006F64655C7172636F646567656E2E6300BD
:10F6700030203C3D20652026262065203C2034009B
:10F68000B84002085C41020830B502460B46002033
:10F6900007210CE0C4111D256C4384EA400043FAA5
:10F6A00001F404F0010454434440E0B2491E00292F
:10F6B000F0DA30BD10B500F057FB10BD0146084828
:10F6C00090F82020022A00DB0022AF2901DB05A0F0
:10F6D0007047054800EB0210806850F82100F7E7FA
:10F6E000DC0700203F0000007821020870B50546C5
:10F6F0000E46B6F5004F02D34FF0FF3070BD3446D2
:10F70000012D08D104EB8400022101EB400003210C
:10F7100090FBF1F421E0022D08D104EB440101EB50
:10F72000C401481C00EBD0714C1016E0042D01D12F
:10F73000E40012E0082D04D104EB840000EBC404C3
:10F740000BE0072D02D10EB9182405E04FF45B72CF
:10F750000AA110A0FCF7F0FF00BF002C00DB05E0C1
:10F7600040F26F3205A10DA0FCF7E6FFB4F5004FA3
:10F7700002DB4FF0FF30C1E72046BFE755736572EB
:10F780005C5172436F64655C7172636F6465676539
:10F790006E2E630066616C736500000072657375A0
:10F7A0006C74203E3D20300042690A43426170473C
:10F7B00030B502460B460021906800F08060B0F141
:10F7C000806F00D110E0906800F00060B0F1006F31
:10F7D00001D1012108E0906800F08050B0F1805F15
:10F7E00001D1022100E00321032901D1032030BD12
:10F7F00002F5C07000EB0110006800F0010402F592
:10F80000C07000EB01100460187A88B918883B4C6E
:10F8100004EA40505C7A204302F5C07404EB011402
:10F820002468204302F5C07404EB0114206013E047
:10F830006FF00704586804EAC0001C7A20435C7A21
:10F84000204302F5C07404EB01142468204302F540
:10F85000C07404EB0114206002F5C27000EB0110CB
:10F86000006820F00F0402F5C27000EB0110046084
:10F8700002F5C27000EB011000689C7A204302F58B
:10F88000C27404EB01142060987B4FF07F4404EABB
:10F8900000605C7B4FF47F0505EA044420431C7B39
:10F8A0002D1205EA04242043DC7A204302F5C474B7
:10F8B00004EB01142060987C2C0404EA00605C7C5A
:10F8C0002D0205EA044420431C7C2D1205EA042481
:10F8D0002043DC7B204302F5C67404EB0114206056
:10F8E00002F5C07000EB0110006840F0010402F561
:10F8F000C07000EB01100460084678E70000E0FFEC
:10F9000010B5024609B900BFFEE732B1012A16D090
:10F91000022A20D0032A41D12EE000234B71CB7163
:10F920008B7140F2FF334B8100230B724B7002232B
:10F930008B700023CB700B714B720B7030E0012386
:10F94000CB8100230B740B810B804B808B80CB8091
:10F950008B814B8124E0002005E0002401F10B03A2
:10F960001C54431CD8B20828F7D300238B724B6079
:10F970000B724B720B6013E0002005E0002401F1D4
:10F980000B031C54431CD8B20828F7D300238B72F6
:10F990004B600B72CB744B720B6001E000BFFEE753
:10F9A00000BF10BD00B50346012200BFFFF7F8FD00
:10F9B00002465B1E012A01D1002BF7D1012A00D19A
:10F9C0000422104600BD00B50346012200BFFFF728
:10F9D000FFFD02465B1E012A01D1002BF7D1012A4F
:10F9E00000D10422104600BD70B50446012C02DB94
:10F9F000282C00DC05E04FF4B07215A11AA0FCF72A
:10FA00009BFE20018030604300F14005022C0FDB9B
:10FA1000072194FBF1F1881C00EBC00101EB001100
:10FA20000A39414337396D1A072C00DB243D00BFEA
:10FA3000D02D04DB47F2D030854200DC05E04FF4E6
:10FA4000B47203A118A0FCF777FE284670BD000031
:10FA5000557365725C5172436F64655C7172636F5C
:10FA6000646567656E2E63007172636F64656765B8
:10FA70006E5F56455253494F4E5F4D494E203C3DB7
:10FA80002076657220262620766572203C3D207106
:10FA900072636F646567656E5F56455253494F4E9A
:10FAA0005F4D415800000000323038203C3D20724C
:10FAB0006573756C7420262620726573756C7420CE
:10FAC0003C3D2032393634380000000030B50C4659
:10FAD0000021016821F002012143016042EA03058F
:10FAE000856030BDF0B50A460023002400210025C2
:10FAF00000F00046B6F1004F02D11D4EF16901E061
:10FB00001B4E7168C0F3034583B200F44016B6F58E
:10FB1000401F08D121F07061154E766826F070669E
:10FB2000134F7E6012E000F48016B6F5801F06D1F8
:10FB3000032606FA05F4A14341F0706106E0460D84
:10FB4000360103FA06F6B14341F0706122B1460D69
:10FB5000360103FA06F6314300F00046B6F1004FD5
:10FB600002D1034EF16101E0014E7160F0BD000071
:10FB70000000014012F1020F02D121F0010101E069
:10FB800041F0010101617047024A0A400243024B01
:10FB90001A60704780FFFF1F08ED00E0044A5168BB
:10FBA00021F4605141EA0002014B5A6070470000A5
:10FBB00000100240C1607047F0B505460C460026B3
:10FBC00000274CF28100844205D10021284600F034
:10FBD0001BFD064619E01348844205D10121284641
:10FBE00000F012FD064610E00F48844204D128467A
:10FBF000FEF759FC064608E005EB14300068C4F334
:10FC000084120121914000EA0106686904F01F0294
:10FC10000121914000EA010716B10FB10120F0BDAA
:10FC20000020FCE784000100CB80010081621AB94A
:10FC3000436943F0010343617047000001460748F0
:10FC4000006800EA010205481438006800EA010370
:10FC500012B10BB1012070470020FCE714040140F1
:10FC600070B505460C461646206800B93544182282
:10FC70002146201DFCF7D2FE256070BD10B5002284
:10FC80008B071C0F0F2303FA04F204290EDA204B12
:10FC90009B6893431E4CA36023469B688C07240FEC
:10FCA00000FA04F423431A4CA3602FE008290EDA6B
:10FCB000174BDB689343164CE3602346DB688C07E5
:10FCC000240F00FA04F42343114CE3601EE00C29D6
:10FCD0000EDA0F4B1B6993430D4C236123461B69BE
:10FCE0008C07240F00FA04F42343094C23610DE030
:10FCF000074B5B699343064C636123465B698C0742
:10FD0000240F00FA04F42343014C636110BD00008A
:10FD10000000014002490143024A1160704700009F
:10FD20000000FA050CED00E0064A02EB90110968AC
:10FD300000F01F0301229A401143024B03EB901283
:10FD40001160704700100240064A02EB90110968EA
:10FD500000F01F0301229A401143024B03EB901263
:10FD6000116070470010024070B500240025404823
:10FD7000006840F480303E49086000BF641C3C4885
:10FD8000006800F4003515B9B4F5006FF6D13848B5
:10FD9000006800F4003008B900BFFEE73448C069CD
:10FDA00040F080503249C8613248006840F4404019
:10FDB000304908600220FEF705FC2D4840682C49B8
:10FDC00048600846406848600846406840F48060E3
:10FDD00048600846406820F4403048600846406863
:10FDE00040F44030486008464068234908402049B4
:10FDF00048600846406840F4501048600846006873
:10FE000040F08070086000BF1948006800F0007082
:10FE10000028F9D01748006840F480301549086080
:10FE200000BF1448406800F480300028F9D0114821
:10FE3000006840F400300F49086000BF0D4840687A
:10FE400000F400300028F9D00948406820F0030091
:10FE5000074948600846406840F00200486000BF1B
:10FE60000348406800F008000028F9D070BD000089
:10FE70000010024000700040FFFFC3B7C1F38413BD
:10FE800001229A4000EB11331A6070472DE9F34FBD
:10FE900083B00F46039811F027FA804607240CE040
:10FEA0000023224606210398FFF7FEF800230622CE
:10FEB00021460398FFF7F8F8A41CA8F10700A04218
:10FEC000EEDC6FF0030435E06FF003052FE0281E31
:10FED00001DB014600E041428946201E01DB01466C
:10FEE00000E04142494505DD201E01DB014600E0FE
:10FEF00041428946B9F1020F02D0B9F1040F15D180
:10FF0000E21CE91C00230398FFF730FAE21CA8F179
:10FF10000400411900230398FFF728FAA8F1040010
:10FF20000219E91C00230398FFF720FA6D1C042D29
:10FF3000CDDD641C042CC7DD01A9384600F03EFB72
:10FF40000646002436E0002531E004B93DB114B97D
:10FF5000701EA84203D0701EA04201D105B925E051
:10FF60004FF0FF391EE04FF0FF3A16E0BAF1000FF4
:10FF700004D1B9F1000F01D1012000E000200346B7
:10FF800001A8405D00EB090201A8005D00EB0A0139
:10FF90000398FFF789F80AF1010ABAF1010FE5DDCC
:10FFA00009F10109B9F1010FDDDD00BF6D1CB5429A
:10FFB000CBDB641CB442C6DB072F38DBB94600201C
:10FFC00007E04FEAE92141F62572514381EA4909E8
:10FFD000401C0C28F5DB49EA0734A01400B905E001
:10FFE0004FF4FF7213A119A0FCF7A6FB00251BE03C
:10FFF0004FF0000A14E0A8F10B0000EB0A0B04F02C
:020000040801F1
:1000000001032A4659460398FFF74EF804F001030E
:100010005A4629460398FFF747F864100AF1010A87
:10002000BAF1030FE7DB6D1C062DE1DB00BF05B065
:10003000BDE8F08F557365725C5172436F64655C07
:100040007172636F646567656E2E630062697473B5
:10005000203E3E203138203D3D203000064A02EB54
:100060009011096800F01F0301229A409143024B4E
:1000700003EB9012116070470010024001490860C4
:1000800070470000140401402DE9FE4380460C46F1
:10009000112000EB880505FB05F0C61DF01706EBE7
:1000A0005070C010411C2046FCF7F5FC25702B4613
:1000B0000122002106200094FEF76AFA01232A4655
:1000C000062100200094FEF763FA09231A46002156
:1000D00008460094FEF75CFAA5F1080009230822FF
:1000E00000210094FEF754FAA5F108010823092223
:1000F00000200094FEF74CFA01A9404600F05EFA99
:10010000814600261CE0002717E006B9A7B11EB9FA
:10011000A9F10100B8420FD0A9F10100B04200D10D
:1001200057B101AA0094D25D911E01AA925D901E62
:1001300005231A46FEF72CFA7F1C4F45E5DB761C9B
:100140004E45E0DBB8F1070F0FDBA5F10B000623EE
:10015000032200210094FEF71BFAA5F10B010323F3
:10016000062200200094FEF713FABDE8FE8300008B
:100170002DE9F04104460D46012C02DB1E2C00DC6B
:1001800005E040F2731216A11BA0FCF7D5FA214638
:100190002846FCF780FC0121601E295401274FF0FE
:1001A000000818E000260DE0A85D3946FFF76CFA5C
:1001B000A855701CA04204DAA85D711C695C484017
:1001C000A855761CA642EFDB02213846FFF75CFA01
:1001D000074608F10108A045E4DBBDE8F081000016
:1001E000557365725C5172436F64655C7172636FC5
:1001F000646567656E2E630031203C3D2064656751
:1002000072656520262620646567726565203C3D21
:10021000207172636F646567656E5F524545445F28
:10022000534F4C4F4D4F4E5F4445475245455F4DF0
:10023000415800002DE9F04105460E466C6806EB7A
:100240004600A04200DB05E040F2D92218A11EA022
:10025000FCF772FA002C0FDDA868A0420CD104EB69
:100260004401E868884207D12869A04204D168693E
:10027000A04201D1012000E00020074647B12868D4
:10028000B0EB840F04DBA869A04201DB012000E091
:10029000002047B1A969B1EB840F04DB2968A142B2
:1002A00001DB012100E000210844BDE8F0810000ED
:1002B000557365725C5172436F64655C7172636FF4
:1002C000646567656E2E63006E203C3D207172731D
:1002D000697A65202A203300416270472DE9F05F7A
:1002E0008046894692461C460A9D012C02DB1E2C44
:1002F00000DC05E04FF4C77214A11AA0FCF71CFA49
:1003000021462846FCF7C7FB00271AE018F807002B
:10031000297880EA010B621E691C2846FCF70AFB5B
:100320000021601E2954002608E01AF806005946EC
:10033000FFF7AAF9A95D4840A855761CA642F4DB50
:100340007F1C4F45E2DBBDE8F09F000055736572EE
:100350005C5172436F64655C7172636F646567655D
:100360006E2E630031203C3D206465677265652018
:10037000262620646567726565203C3D20717263A6
:100380006F646567656E5F524545445F534F4C4FE0
:100390004D4F4E5F4445475245455F4D4158000023
:1003A00010B531B101293FD002297DD003297CD17C
:1003B000BFE0036A23F001030362836923F00303B0
:1003C0008361036A146823430362036A23F0020310
:1003D0000362036AD488234303626A4B984202D0C3
:1003E000694B98421FD1036A23F004030362036A36
:1003F000948823430362036A23F008030362036AB9
:10040000148923430362436823F480734360436881
:10041000548923434360436823F400734360436873
:10042000948923434360ABE0036A23F01003036223
:10043000836923F440738361036A146843EA0413F5
:100440000362036A23F020030362036AD48843EA49
:10045000041303624B4B984202D04B4B984226D177
:10046000036A23F040030362036A948843EA041397
:100470000362036A23F080030362036A148943EA78
:1004800004130362436823F4806343604368548920
:1004900043EA84034360436823F400634360436892
:1004A000948943EA840301E002E068E0436067E086
:1004B000036A23F480730362C36923F00303C361F7
:1004C000036A146843EA04230362036A23F4007393
:1004D0000362036AD48843EA04230362294B9842E7
:1004E00002D0294B984223D1036A23F4806303622C
:1004F000036A948843EA04230362036A23F40063D3
:100500000362036A148943EA04230362436823F401
:10051000805343604368548943EA0413436043684B
:1005200023F4005343604368948943EA041343600F
:1005300026E0036A23F480530362C36923F4407303
:10054000C361036A146843EA04330362036A23F451
:1005500000530362036AD48843EA04330362094BFD
:10056000984202D0084B984208D1436823F4804354
:1005700043604368548943EA8413436000E000BF4A
:1005800000BF10BD002C014000340140012904D1FE
:10059000426C42F40042426403E0426C22F40042A6
:1005A0004264704702460120034B9A4202D104295B
:1005B00000DD0020704700000004024070B50246D4
:1005C0000B46012A01D1002070BD072092FBF0F0FC
:1005D000811C01EB410000EBC200401D0425C5EB6E
:1005E000810590FBF5F04400481E0A2606EB8205C3
:1005F00002E01D54401E2D1B0128FADA0620187057
:100600000846E1E7C16270470246002019B9D36885
:1006100003F0030004E0012902D1136903F0030091
:1006200070472DE9F04107460D4616461C462FB18E
:10063000224631462846FFF713FB00252544224673
:1006400031462846FFF70CFB21463046FFF7F2FD06
:10065000BDE8F08121B9826842F08002826005E045
:10066000012903D1826822F080028260704721B99B
:10067000026842F00802026005E0012903D1026825
:1006800022F0080202607047016821F080010160D9
:10069000704731B101290CD0022913D0032922D18E
:1006A00018E0836923F00403836183691343836142
:1006B0001AE0836923F480638361836943EA022338
:1006C000836111E0C36923F00403C361C369134369
:1006D000C36109E0C36923F48063C361C36943EA6A
:1006E0000223C36100E000BF00BF704731B10129A0
:1006F0000CD0022913D0032922D118E0836923F0FA
:10070000700383618369134383611AE0836923F46F
:10071000E0438361836943EA0223836111E0C36993
:1007200023F07003C361C3691343C36109E0C36964
:1007300023F4E043C361C36943EA0223C36100E0D9
:1007400000BF00BF704731B101290CD0022913D07E
:10075000032922D118E0836923F0080383618369A8
:10076000134383611AE0836923F40063836183691F
:1007700043EA0223836111E0C36923F00803C361E4
:10078000C3691343C36109E0C36923F40063C36110
:10079000C36943EA0223C36100E000BF00BF7047A2
:1007A00031B1012906D0022906D0032908D105E07C
:1007B000426306E0826304E0C26302E0026400E098
:1007C00000BF00BF7047426822F07002426042687A
:1007D0000A4342607047000001460805094A92F842
:1007E000A62900EB4230074A92F8A72900EB8220A5
:1007F000044A92F8A52900EBC200024A92F8A42903
:10080000104470471C120020024642FA01F000F02A
:100810000100704701460888104AB2F91C20904236
:1008200001DD0020704788880C4AB2F91C209042F4
:1008300001DA0020F6E74888084AB2F91E20904203
:1008400001DD0020EEE7C888044AB2F91E2090427C
:1008500001DA0020E6E70120E4E70000F41D0020B3
:1008600010B5FDF7B7FA4FF40050FFF797F90F48AE
:1008700008F0D4FF62B60D4808F090FF0C480CF069
:10088000A9FF0C4808F034FD0B480CF015FA0121C3
:1008900009480BF04DFF09480CF0D8FC08480EF051
:1008A0007DFF084805F02CFB10BD0000F80100207A
:1008B000D01D00201C120020B81D0020F41D0020B7
:1008C000301E00207025002010B5032390FBF3F4A8
:1008D00003FB140303EB83034FF6FF7404EA0313D3
:1008E0000B80032390FBF3F303EBC30303EB4303FE
:1008F000182404EB8303138010BD70B502464FF635
:10090000FF730020146824F002041460146844F09B
:100910000104146000E05B1E546804F001040CB98B
:10092000002BF8D1546804F001040CB9002074E0E5
:100930000C784FF0404505EA84744D784FF04076CE
:1009400006EA05652C438D784FF4702606EA0545C6
:100950002C43CD784FF4E00606EA05552C434D892B
:100960006D1EC5F309052C43D4610C79012C04D10B
:10097000146844F08004146003E0146824F08004D8
:1009800014604C79012C04D1146844F040041460C4
:1009900003E0146824F0400414608C79012C04D125
:1009A000146844F02004146003E0146824F0200468
:1009B0001460CC79012C04D1146844F01004146044
:1009C00003E0146824F0100414600C7A012C04D1A4
:1009D000146844F00804146003E0146824F0080468
:1009E00014604C7A012C04D1146844F0040414609F
:1009F00003E0146824F004041460146824F0010473
:100A000014604FF6FF7300E05B1E546804F00104AD
:100A10000CB1002BF8D103B1012070BD08B50F480F
:100A2000407A58B10E4880790C2807DA002021233B
:100A30005A22EB2100900B480BF0B6FD0748407A94
:100A400058B1074880790C2807DB002022235A225E
:100A5000EB21009003480BF0A7FD08BDDC07002048
:100A6000301E00200C12002010B588B00020772323
:100A7000B4226921009045480BF0EEFB002077235B
:100A8000B422B921009041480BF0E6FB4048807A3F
:100A900000283CD03F4802793FA104A8FBF70AFC9C
:100AA000002001210222B423CDE90021029050222E
:100AB00004A93B4809F044FE3648427936A104A80F
:100AC000FBF7F8FB002001210222B423CDE900212D
:100AD0000290A02204A9324809F032FE2D48006895
:100AE000642190FBF1F201FB120422462AA104A822
:100AF000FBF7E0FB002001210222B423CDE9002115
:100B00000290F02204A9264809F01AFE3BE0214891
:100B1000427921A104A8FBF7CDFB0020012102228C
:100B2000B423CDE900210290502204A91C4809F009
:100B300007FE1848027918A104A8FBF7BBFB0020A8
:100B400001210222B423CDE900210290A02204A9B0
:100B5000134809F0F5FD0F480068642190FBF1F29D
:100B600001FB120422460CA104A8FBF7A3FB002002
:100B700001210222B423CDE900210290F02204A930
:100B8000074809F0DDFD08B010BD00000C12002080
:100B9000DC070020301E00202530326400000000F9
:100BA000180200201CB51348407A58B901200221D0
:100BB000CDE90010104883791E222C210F4809F03E
:100BC00061FD16E00C4880790C2800D106E00A4847
:100BD00080790C2190FBF1F201FB12000446012008
:100BE000022123461E22CDE900102C21034809F0E2
:100BF00049FD1CBDDC070020301E0020180200202B
:100C00000848006940F080000649086106480088ED
:100C1000B0F5007F04D90846006D40F080000865FB
:100C20007047000000200240E0F7FF1F024600204E
:100C3000106800F441500B6818434B6818438B68E8
:100C40001843CB6818430B6918434B6918438B69E9
:100C500018431060D36923F40063D3617047000028
:100C600070B50146212905D37E2903D8A1F12100C1
:100C7000C0B270BDB02901D15E20FAE70023A024E4
:100C800015E0181900EBD07672100B4830F822509E
:100C900088B2A84204D1084800EB82004088E8E707
:100CA00088B2A84201DD531C00E0541E00BFA342DD
:100CB000E7DD4FF6FF70DCE716C103082DE9F05FB2
:100CC000824688461646002E02DB072E00DC05E031
:100CD0004FF41B7262A168A0FBF72EFD404610F096
:100CE00003FB07460024B5E00025AFE02246294675
:100CF0005046FEF7B7F800B1A7E0082E73D2DFE840
:100D000006F004101C2733465B76281900EBD071DF
:100D10004910A0EB410109B9012100E000218B46F7
:100D200084E0204604EBD0714910A4EB410109B9DD
:100D3000012100E000218B4678E0032095FBF0F1D3
:100D400000FB115008B9012000E0002083466DE04F
:100D50002819032190FBF1F201FB120008B90120D0
:100D600000E00020834661E0032295FBF2F2214679
:100D700004EBD17302EB630000EBD0725210A0EBD6
:100D800042020AB9012200E0002293464EE005FB30
:100D900004F1032291FBF2F302FB131205FB04F0B2
:100DA00000EBD0714910A0EB4101114409B90121B8
:100DB00000E000218B4639E005FB04F2032392FB9F
:100DC000F3FC03FB1C2305FB04F101EBD172521071
:100DD000A1EB4202981800EBD0725210A0EB420235
:100DE00012B9012201E01BE0002293461EE005FB40
:100DF00004F2032392FBF3FC03FB1C22291901EBF1
:100E0000D1735B10A1EB4303D01800EBD0725210EA
:100E1000A0EB42020AB9012200E00022934605E05D
:100E20004FF41F720EA11DA0FBF786FC00BF2246E7
:100E300029464046FEF716F8814689EA0B0322460A
:100E400029464046FEF730F900BF6D1CBD42FFF653
:100E50004DAF641CBC42FFF647AFBDE8F09F0000F9
:100E6000557365725C5172436F64655C7172636F38
:100E7000646567656E2E630030203C3D2028696EF6
:100E800074296D61736B2026262028696E74296D84
:100E900061736B203C3D20370000000066616C737D
:100EA0006500000010B52C4B1B6883432A4C23605F
:100EB000231D1B688343241D2360231D1B6883435C
:100EC000241D2360231D1B688343241D236011B14F
:100ED00001290ED105E0204B1B6803431E4C236003
:100EE00008E01D4B1B1D1B6803431B4C241D236086
:100EF00000E000BF00BF22B1012A0FD0022A27D193
:100F000019E0154B08331B680343134C0834236066
:100F1000231D1B688343241D23601AE00E4B0833F6
:100F20001B6883430C4C08342360231D1B68034358
:100F3000241D23600DE0084B08331B680343064C57
:100F400008342360231D1B680343241D236000E035
:100F500000BF00BF10BD000000040140F0B50C460A
:100F600016460025002204F00F0504F0100747B1D3
:100F7000042E05D145F00305C76B1F43C76300E08E
:100F80003543002118E001278F401F4097B10268C8
:100F90004FEA810C0F2707FA0CF7BA438F0005FAC6
:100FA00007F73A43282C01D1436102E0482C00D1D5
:100FB000036102604F1CB9B20829E4D308211CE088
:100FC00001278F401F40B7B14268A1F108074FEADF
:100FD000870C0F2707FA0CF7BA43A1F10807BF00E7
:100FE00005FA07F73A43282C01D1436102E0482C67
:100FF00000D1036142604F1CB9B21029E0D3F0BDAB
:1010000010B586B0044613203D4908703D4808F0ED
:10101000ABFD00213C480CF043FD0020F0214FF4D3
:10102000A0730246CDE90010014638480AF0EEFFF1
:101030000520374900220192CDE9022104902820A1
:101040000346C3220521009030480AF065FD0020C8
:101050001423C722092100902C480BF0A5FA207810
:10106000032844DD05202A4900220192CDE902210E
:1010700004902820034617224FF48A7100902348D9
:101080000AF04AFD002014231B224FF48C710090BB
:101090001E480BF089FA05201D4900220192CDE976
:1010A000022104902820034684224FF48A71009084
:1010B00016480AF031FD00201A2388224FF48C7163
:1010C000009012480BF070FA6078421C11A105A83C
:1010D000FBF7F0F8042001210091522340F227127F
:1010E000CDE9011005A90C4809F02AFB00BF2046F4
:1010F00000F014F8204600F087F806B010BD00009C
:1011000004000020C4020020D01D00200C1200208A
:10111000292929002564000018020020F0B589B0B3
:101120000546002446E0687800EB40000119281DC0
:1011300010F8310000283AD0687800EB400001191F
:10114000281D00EBC1063178284600F043F8074619
:1011500005201A491A4A0023CDE90132CDE90310CE
:101160003B200090052000EB8412FF230146154828
:101170000AF0D2FC0020009001900A2000EB8413BA
:1011800002461148796809F077F9737832780FA12F
:1011900006A8FBF78FF80020009001901E2000EBBE
:1011A00084130A2206A9084809F0A4FB00E003E022
:1011B000601CC4B2032CB6DB09B0F0BD292929009C
:1011C000AAAAAA000C1200201802002025642D25CE
:1011D0006400000010B503460A4600210CE001EB54
:1011E0004100074C14F82000904204D101EB41006B
:1011F00004EB800010BD491C2F29F0D30148F9E70A
:10120000543E02087C40020870B58CB005460024AC
:1012100024E0687800EB40000119281D10F8310027
:10122000C8B1687800EB40000119281D00EBC10629
:101230000CA104A87268FBF73DF8A02000210091E2
:10124000CDE901102D2000EB84130A2204A90848DF
:1012500009F0C8FC00E003E0601CC4B2032CD8DB3A
:101260000CB070BD43414E2052583A257500000025
:101270001802002010B5044658222146014808F003
:1012800077FB10BDF801002010B5044660480078D7
:10129000132800D010BD5F4808F024FB616D401A90
:1012A000B0F5FA7F06D95B4808F01CFB6065204664
:1012B000FFF7AAFF5848407E10B9002056498870B1
:1012C0005548407E00287DD053488078002879D149
:1012D0000120514988705148FFF79CFA10B15048DD
:1012E00008F01AFF4F48FFF795FA4F48FFF792FAB8
:1012F00028B16078002802DD6078401E60704B489D
:10130000FFF788FA68B12178891C032291FBF2F17A
:10131000C8B26278411E8A4202DA6178491C617063
:1013200000BF4348FFF776FAD0B12078617801EB2F
:101330004101401A002813DD607800EB4001201DB8
:1013400000EBC10040783B494870607800EB4001F9
:10135000201D10F8310037490870084600F09EFB48
:101360003548FFF757FAE0B12078617801EB410189
:10137000401A012815DD607800EB4000401C211D5B
:1013800001EBC00040782B494870607800EB4000CA
:10139000401C211D11F8300026490870084600F055
:1013A0007DFB2648FFF736FA60B12078617801EBC3
:1013B0004101401A022817DD607800EB4000801CD4
:1013C000211D00E010E001EBC00040781949487091
:1013D000607800EB4000801C211D11F83000154999
:1013E0000870084600F05AFBA0782178884204D0A3
:1013F0002078A0702046FFF703FEE07861788842ED
:1014000004D06178E1702046FFF7FAFD00BF41E7A4
:1014100004000020F8010020F41D00201C3E0208FA
:1014200092010020243E0208443E02084C3E02087D
:101430002C3E020868090020343E02083C3E0208A7
:101440007047000030B585B0044607203549087064
:10145000002135480CF024FB00203449C870F021ED
:101460004FF4A0730246CDE90010014630480AF05F
:10147000CDFD3048C3214FF4A0730022CDE9001008
:1014800011462B480AF0C2FD05202A49002201928C
:10149000CDE90221049025206423C8220321009075
:1014A00023480AF039FB0520224900220192CDE9A8
:1014B0000221049025207823C822C52100901C48D1
:1014C0000AF02AFB1220FEF7F9F805460020012158
:1014D000D2233522CDE900102946174808F0CCFF69
:1014E0001320FEF7EBF8054600200121D22340F23D
:1014F0000112CDE9001029460F4808F0BDFF9920E0
:10150000FEF7DCF80546002001210623A022CDE9E4
:1015100000102946084809F0EDF9204600F050F87F
:1015200005B030BD04000020D01D0020C402002002
:101530000C12002029292900180200202DE9F04171
:1015400080460D463B2600242CE004EB440018495D
:10155000085CA84224D104EB4400084490F902003E
:10156000002808DA04EB4401114A11444878FEF7D8
:10157000A5F8BDE8F08104EB44010D4A1144487818
:10158000FEF79CF8074604EB44000949084490F92B
:1015900002303A4607A10948FAF78CFE0748E8E707
:1015A000601C84B2B442D0DB9820FEF787F8E0E7F5
:1015B0001A220208257320256400000088030020F9
:1015C000F0B58DB0054600262148AE214FF4A0733A
:1015D0001722CDE9001000211E480AF017FD002453
:1015E00022E035F8140000B91DE015F81410284663
:1015F000FFF7A4FF074635F814203B4616A103A8C1
:10160000FAF758FE00200090019006EB460000EB30
:10161000061000F11E03052203A9114809F06AF91A
:10162000701CC6B200BF641C082CDADB6EB99A20AD
:10163000FEF744F80446022001215A23A022CDE9F6
:1016400000102146064809F055F90DB0F0BD000024
:10165000292929000C12002025643A257300000076
:101660001802002010B5044680222146014808F0E7
:101670007FF910BDF801002070B504462A480078B3
:10168000072801D0FF2070BD2848407E10B90020F7
:10169000264988702548407E48B32448807830BB6E
:1016A0000120224988702248FFF7B4F810B1214880
:1016B00001F020FD2048FFF7ADF870B11F4890F809
:1016C000A5091F4A02EBC0001C4A92F8A429811800
:1016D00005230022194807F0CBFE002003E000217B
:1016E00024F81010401C2028F9D3FF20CBE7002558
:1016F00016E004F1400030F8150034F81510884267
:101700000DD0002006E034F8102004F1400121F84B
:101710001020401C2028F6DB2046FFF751FF6D1CEF
:10172000202DE6DBFF20AEE704000020F41D0020A2
:101730000A22020848080020122202081C12002077
:1017400000FC1F007047000030B585B004460E2035
:1017500032490870002132480CF0A2F931486F215B
:101760004FF4A0730022CDE9001011462E480AF074
:101770004DFC002081214FF4A0736F22CDE90010B1
:10178000014629480AF042FC052026490022019220
:10179000CDE90221049028200346C32205210090B0
:1017A00021480AF0B9F900201423C722092100902A
:1017B0001D480AF0F9FE3820FDF780FF054600209D
:1017C00001210C23A022CDE900102946174808F07A
:1017D00053FE1920FDF772FF0546002000902923D3
:1017E000082229460190114808F046FE1A20FDF70C
:1017F00065FF0546002000904F23082229460190EE
:101800000A4808F039FE204600F056F8204600F05D
:1018100011F8074808F0B6F905B030BD0400002003
:10182000D01D0020292929000C12002018020020B8
:10183000C402002030B587B0044625791948007AE3
:1018400088B100EE905AF8EE600AB6EE001A70EE1B
:10185000810AB0EE600A144808F07CF8BCEEC00AB9
:1018600010EE100AC5B20F48007A08B1462000E019
:10187000432003462A460DA104A8FAF71BFD502079
:10188000E17809B9012100E0002101222923CDE9F5
:1018900000210290D22204A9064809F055F907B0A8
:1018A00030BD0000DC070020F80100202564C2B034
:1018B000256300001802002030B587B00446657922
:1018C0001948007A88B100EE905AF8EE600AB6EE38
:1018D000001A70EE810AB0EE600A144807F0A8FF03
:1018E000BCEEC00A10EE100AC5B20F48007A08B16B
:1018F000462000E0432003462A460DA104A8FAF73B
:10190000D9FC5020E178012900D100E0002101221A
:101910004F23CDE900210290D22204A9064809F004
:1019200013F907B030BD0000DC070020F8010020EB
:101930002564C2B0256300001802002038B50446B3
:101940004E4800780E2801D0FF2038BD4C48407E1C
:1019500010B900204A4988704948407EC0B14848C3
:101960008078A8B90120464988704648FEF752FFA2
:1019700010B1454808F0D0FB4448FEF74BFF08B1D2
:101980000020E0704248FEF745FF08B10120E070FA
:101990004048007838B300203E490870E07870B9BC
:1019A000607820280BDA1320FEF716FF05466078D2
:1019B0004C30C3B203222946374807F059FDE0787E
:1019C000012810D1A0780A280DDA1320FEF704FFB1
:1019D0000546A078401CC0B2FF2303222946009090
:1019E0002D4807F05AFD2B48407838B3002029498C
:1019F0004870E07870B9607803280BDD1320FEF79B
:101A0000EBFE054660784A30C3B2032229462248DD
:101A100007F02EFDE078012810D1A07802280DDD16
:101A20001320FEF7D9FE0546A078401EC0B2FF2362
:101A3000032229460090184807F02FFD2078E1780E
:101A4000884207D0E07820702046FFF735FF204617
:101A5000FFF7F0FEA1786079814204D06079A07030
:101A60002046FFF729FF61782079814204D0207950
:101A700060702046FFF7DEFEFF2066E704000020CE
:101A8000F41D00209C26020892010020A4260208D2
:101A9000AC260208C40200201C12002010B586B03B
:101AA000044611206E49087000216E480BF0F8FFC3
:101AB0000020F0214FF4A0730246CDE9001001464A
:101AC00069480AF0A3FA694808F05CF805206849FB
:101AD00000220192CDE90221049028200346C3226E
:101AE0000521009060480AF017F800201423C7224F
:101AF000092100905C480AF057FD05205C4900224E
:101B00000192CDE90221049028204623C3223C21E2
:101B1000009055480AF000F800200090CF2343229F
:101B200054A10190554808F0A7FC05205049002217
:101B30000192CDE90221049028204623C3228C2162
:101B40000090494809F0E8FF00200090CF2393223D
:101B50004BA10190494808F08FFC05204449002220
:101B60000192CDE90221049028205423C322DC21D4
:101B700000903D4809F0D0FF00200090CF23E422E0
:101B800041A101903D4808F077FC05200021384A2A
:101B9000CDE90112CDE9031003204FF49B73B62267
:101BA00005210090304809F0B7FF05203049002298
:101BB0000192CDE90221049072204FF49B7302221E
:101BC00005210090284809F0A7FF00200090082375
:101BD0000A222FA10190294808F04EFC0020012183
:101BE00008234FF48872CDE900102DA1234808F096
:101BF00043FC0020009025230A222AA101901F48BF
:101C000008F03AFC002000902523702226A10190C4
:101C10001A4808F031FC002001214123A022CDE91F
:101C2000001023A1154808F027FC002001215D23A6
:101C3000A022CDE9001023A1104808F01DFC204689
:101C400000F0C2F8204600F041F8204600F0D6F837
:101C5000204600F071FA204600F0E8F806B010BD0A
:101C600004000020D01D00200C120020C40200201F
:101C70002929290052656164000000001802002033
:101C8000536176650000000044656661756C740000
:101C9000506172616D7320666F756E643A0000006A
:101CA00078310000233A00005241573A000000000A
:101CB0006D696E5F6C69717569645F6C6576656C82
:101CC00000000000656E61626C6564003EB504460C
:101CD000A1882046A26800F0EDF805464FF49970FF
:101CE000002101225D23CDE900210290A022294696
:101CF000014808F015FF3EBD1802002010B586B05F
:101D0000044602206075002084F81008FF2002902D
:101D10000390049005900090019020784FF4E00229
:101D200002EB4030627800EB8220084A92F8A52945
:101D300000EBC200054A92F8A4298118FF23002273
:101D4000024807F027FC06B010BD00001C1200205E
:101D5000417D01B1704701214175002101758181EB
:101D6000002240F606010A52891D0A52891C0A54B3
:101D70000021A0F8041800BFECE700007CB5044681
:101D800003206075002140F62400015340F61C003A
:101D90000153801E0155401C0155002084F818088D
:101DA00040F6190001551020FDF788FC0546022079
:101DB0000021CF239322CDE900102946014808F0E5
:101DC0005BFB7CBD1802002010B586B00446A289DA
:101DD00008A104A8FAF76EFA282000210091082330
:101DE000B922CDE9011004A9034808F0E7FE06B0C6
:101DF00010BD000025640000180200203EB5044616
:101E0000A188204600F0B8F905464FF499700021EA
:101E10000122CDE9002102904123A02202486968F5
:101E200008F07EFE3EBD00001802002010B586B00E
:101E300004460BA103A8A268FAF73CFA6420A17833
:101E4000012900D100E0002100222323CDE9002157
:101E50000290B42203A9034808F0B0FE06B010BDFA
:101E600025640000180200207CB50546287D4FF44B
:101E70009A7110FB01F0642190FBF1F084B24FF6EF
:101E8000FF7001212346B722CDE900100621084842
:101E90000AF0BCF800200121CDE90010C4F59A70C9
:101EA00083B2A01D81B2B72201480AF0AFF87CBD11
:101EB0000C120020F0B52DED048B83B006460F46C2
:101EC00014463946304600F057F905464DB92246CA
:101ED00072A17348FAF7EEF9714803B0BDEC048BB8
:101EE000F0BD287F0E282BD008DC01280FD00B284E
:101EF00012D00C2815D00D2836D11CE00F2815D093
:101F0000102827D0112820D012282DD127E00CB17D
:101F100064A0E2E765A0E0E7664800EBC400406823
:101F2000DBE7654800EBC4004068D6E7634800EB98
:101F3000C4004068D1E7624800EBC4004068CCE7C9
:101F4000604800EBC4004068C7E75F4800EBC4008E
:101F50004068C2E75D4800EBC4004068BDE75C48EC
:101F600000EBC4004068B8E700EE104AB8EE408AC3
:101F70005848007A40B1287F032805D19FED560AC2
:101F800028EE000AB0EE408A5248007A50B1287F0D
:101F9000022807D1DFED500A9FED500A08EE200A13
:101FA000B0EE408A95ED050AF7EE000AB4EEE00ABD
:101FB000F1EE10FA13D295ED060AD5ED050A08EEFA
:101FC000200A10EE101A08460FF098FD41EC190B8C
:101FD00053EC192B42A16846FAF76CF90DE095ED28
:101FE000060AD5ED050A08EE200ABDEEC00A10EE7D
:101FF000102A3DA16846FAF75DF9287F0B2847D2E1
:10200000DFE800F0404606073A1C1628342E22006E
:1020100000BF3048007A28B16A4634A12048FAF758
:1020200049F904E06A4633A11D48FAF743F930E064
:102030006A4632A11A48FAF73DF92AE06A4631A108
:102040001748FAF737F924E06A4630A11448FAF73E
:1020500031F91EE06A462FA11148FAF72BF918E072
:102060006A462EA10E48FAF725F912E06A462DA11C
:102070000B48FAF71FF90CE06A462CA10848FAF75A
:1020800019F906E06A462BA10548FAF713F900E0B2
:1020900000BF00BF00BF00BF01481EE7257500005C
:1020A00094110020547275650000000046616C7345
:1020B000650000000C27020854270208EC260208DD
:1020C000AC270208C4270208F4270208DC2702080C
:1020D0001C280208DC0700206666E63F000000427C
:1020E000252E316600000000256400002573C2B073
:1020F000460000002573C2B043000000257320573E
:1021000000000000257320560000000025732068A1
:10211000000000002573206D730000002573206D02
:1021200000000000257320730000000025732525A2
:10213000000000002573000010B586B00446A28898
:102140000AA104A8FAF7B6F82820A17809B9012154
:1021500000E0002100222523CDE9002102902D225C
:1021600004A9034808F02AFD06B010BD256400004C
:10217000180200207047000003460A4600210AE0CA
:10218000074800EB41100088904203D1044800EB5F
:1021900041107047491CAF29F2D30020F9E7000035
:1021A0003C28020810B586B00446E28909A104A8BB
:1021B000FAF780F84620002101220823CDE900210A
:1021C00002904FF4887204A9034808F0F7FC06B0A7
:1021D00010BD0000782564001802002010B50446E8
:1021E00040F62C022146034807F0C2FB0120E081A3
:1021F00010BD0000F801002070B586B00446FE480E
:102200000078112801D006B070BD94F8301004F1A8
:10221000340000EBC1004068A06094F8301004F175
:10222000340030F83100A080F448407E10B900201E
:10223000F2498870F148407E002843D0EF4880780A
:1022400000283FD10120ED498870ED48FEF7E2FA01
:1022500010B1EC48FEF7D4FEEB48FEF7DBFA10B104
:102260002046FFF775FDE948FEF7D4FA10B1204685
:10227000FFF784FDE648FEF7CDFA28B194F8280868
:1022800010B92046FFF73AFDE248FEF7C3FA08B15D
:102290000020A070E048FEF7BDFA08B10120A07050
:1022A000DE48FEF7B7FA68B1E08900EB80004FF630
:1022B000FF7101EA4000E081E089B0F57A7F01DD3D
:1022C0000120E081D6480078E8B30020D4490870A6
:1022D000A07850B994F83010A089401E814204DAE9
:1022E00094F83000401C84F83000A078012835D1E3
:1022F00094F8301004F1340000EBC1004068E1892B
:10230000014494F8302004F1340000EBC200416035
:1023100094F8302004F1340030F832102046FFF7F2
:102320002BFF94F83020C16804F1340000EBC200A8
:102330004068814212D294F8302004F1340030F821
:102340003210204600E009E0FFF716FF94F8302035
:10235000C16804F1340000EBC2004160B04840782D
:10236000E8B30020AE494870A07840B994F8300036
:10237000002804DD94F83000401E84F83000A07876
:10238000012848D194F8301004F1340000EBC1006A
:102390004068E189884210D994F8301004F1340083
:1023A00000EBC1004068E189411A94F8302004F143
:1023B000340000EBC200416007E0002194F83020B7
:1023C00004F1340000EBC200416094F8302004F1C5
:1023D000340030F832102046FFF7CEFE00E01AE05D
:1023E00094F83020816804F1340000EBC2004068AA
:1023F000814210D994F8302004F1340030F83210C2
:102400002046FFF7B9FE94F83020816804F13400CB
:1024100000EBC2004160E08CE189884204D0E18990
:10242000E1842046FFF7BEFEA08CA189884204D03B
:10243000A189A1842046FFF7C7FCA08BA188884210
:102440000AD0A188A1832046FFF776FE2046FFF739
:10245000D5FC2046FFF73AFCA168206A884207D0E5
:10246000A16821622046FFF7E1FC2046FFF72EFC21
:10247000A07EA178884207D0A178A1762046FFF7F8
:10248000D5FC2046FFF758FE2D20005D617D884277
:1024900005D0617D2D2001552046FFF76BFE2C20D5
:1024A000005D217D884205D0217D2C2001552046EC
:1024B000FFF7DAFC607D012867D15A4807F012FA6D
:1024C00040F608010959401A642803D840F60E0066
:1024D000005DE8B340F60E00005D38B940F60C0030
:1024E000005B401C81B240F60C00015300214E48B5
:1024F00080F80E184B4807F0F5F940F6080108512E
:10250000FF200290039004900590B4F80458E81757
:1025100005EB10600012A5EB0020C0B22E46E917B3
:1025200005EB1161C1F30721CDE9001020784FF4CC
:10253000E00202EB4030627800EB82203B4A92F8E6
:10254000A52900EBC200394A92F8A429811800E0BD
:1025500004E0FF230322354807F01CF8B4F8040810
:102560000A2190FBF1F02075B4F80408B0F57A7FE9
:1025700004DA40F60C00005B322806DD002140F64C
:102580000C000153002060752075607D02281FD16A
:1025900094F81008E0B10020607584F81008214814
:1025A00007F0A0F9C4F81408012084F828081620C0
:1025B000FDF784F80546482002210122CF23CDE90A
:1025C0000021029040F207122946194808F0A8FAA3
:1025D00094F8280860B1134807F084F9D4F8141867
:1025E000401A40F6C411884202D9002084F8280815
:1025F000607D03287ED11DE004000020F41D002032
:10260000B4260208B4110020BC260208CC26020819
:10261000D4260208DC260208E4260208C4260208A2
:10262000C4020020F8010020680900201C120020CC
:102630001802002094F81808E8BB012084F8180854
:102640005C4807F04FF94FF402610851081D015B27
:1026500004F1340000EBC100007940F624010A5B6C
:1026600004F1340101EBC2018988C1F3072140F66E
:102670002402135B04F1340202EBC3025268C2F37A
:10268000074240F624031D5B04F1340303EBC5034A
:102690005B681B0ECDE90232CDE9041040F6240040
:1026A000015B04F1340010F8310040F624010A5BAC
:1026B00004F1340100E01AE031F832100912CDE9DA
:1026C000001020784FF4E00202EB4030627800EB1B
:1026D0008220394A92F8A52900EBC200364A92F8C6
:1026E000A4298118FF230122334806F053FF40F646
:1026F000190000E05CE0005D40B92E4807F0F2F8F8
:102700004FF402610959401A64281DD940F6190096
:10271000005D50B940F61C00005B401C81B240F6E1
:102720001C000153002084F8180840F62400005BC8
:10273000401C81B240F624000153005B64214843F1
:10274000A18990FBF1F0207540F62400015BA0897F
:10275000401E814218DB012140F61A000155207805
:102760004FF4E00202EB4030627800EB8220124A24
:1027700092F8A52900EBC2000F4A92F8A42981180B
:1027800002220D4806F060FE40F61B00005D78B1A5
:102790000020607520751020FCF790FF0546002092
:1027A0000090CF23932229460190044807F064FE4D
:1027B00000BF28E5F80100201C12002018020020AC
:1027C0007047000038B50446A06840B100201D23C2
:1027D0000C22D2210090064809F0E6FE07E0022014
:1027E0001E230C22D2210090014809F0DDFE38BDE5
:1027F0000C12002038B50446A068012808D000203B
:102800001D230C22F5210090064809F0CDFE07E0BB
:1028100002201E230C22F5210090024809F0C4FE7C
:1028200038BD00000C12002038B50446A06802280C
:1028300009D000201D230C224FF48C710090074812
:1028400009F0B2FE08E002201E230C224FF48C7126
:102850000090024809F0A8FE38BD00000C120020CC
:1028600030B585B0044606204C49087000214C481C
:102870000BF016F94B48007CA0604A48417B21735D
:1028800049486F214FF4A0730022CDE90010114692
:10289000464809F0BBFB002081214FF4A0736F2252
:1028A000CDE900100146414809F0B0FB05203E4942
:1028B00000220192CDE90221049028200346C32280
:1028C00005210090394809F027F900201423C72278
:1028D00009210090354809F067FE052032490022A1
:1028E0000192CDE90221049028200346C32240F240
:1028F000131100902D4809F00FF900201A23C72268
:1029000040F217110090294809F04EFE0520264993
:1029100000220192CDE90221049028209623C322AF
:1029200055210090214809F0F7F81020FCF7C6FE69
:10293000054600200121D023A022CDE90010294620
:102940001B4807F099FD1F20FCF7B8FE0546002044
:1029500000901123102229460190154807F08CFDA4
:102960002020FCF7ABFE05460020009050231022EB
:10297000294601900E4807F07FFD2046FFF722FF11
:102980002046FFF737FF2046FFF74EFF204600F0B6
:1029900013F8084807F0F6F805B030BD0400002031
:1029A000D01D0020DC070020292929000C1200205E
:1029B00018020020C402002038B50446207B48B12C
:1029C00002201C234A224FF482710090064809F02D
:1029D000EBFD08E000201B234A224FF48271009097
:1029E000014809F0E1FD38BD0C12002010B5044685
:1029F00024222146024806F0BBFF0020207610BDAD
:102A0000F801002030B585B00446A16820698842ED
:102A10000AD0A06820612046FFF7D4FE2046FFF7C9
:102A2000E9FE2046FFF700FF217D207B814204D094
:102A3000217B21752046FFF7BFFF207838B315486A
:102A400006F050FF6168401A40F6B83188421ED93E
:102A5000002020700520104900220192CDE90221BA
:102A6000049028209623C322552100900B4809F09A
:102A700053F81020FCF722FE054600200121D02348
:102A8000A022CDE900102946054807F0F5FC05B065
:102A900030BD0000F8010020292929000C12002077
:102AA0001802002030B585B0044657480078062843
:102AB00002D0FF2005B030BD5448417B21735448FB
:102AC000407E10B90020524988705148407E00284D
:102AD0007ED04F48807800287AD101204C498870F8
:102AE0004C48FDF797FE50B10020A06000214748F8
:102AF0000174494806F046FF474807F051F8474837
:102B0000FDF788FE50B10120A06001213F4801740B
:102B1000414806F037FF404807F042F84048FDF7CB
:102B200079FE50B10220A0600221384801743A4871
:102B300006F028FF384807F033F83A48FDF76AFEF8
:102B400038B13248407B08B9012100E000212F480C
:102B500041733548FDF75EFE10B1344800F07AF855
:102B60003348FDF757FE28B328480CF0A1FC052098
:102B7000304900220192CDE90221049028209623B9
:102B8000C322552100902C4808F0C6FF1120FCF705
:102B900095FD054602200121D023A022CDE9001099
:102BA0002946264807F068FC01202070244806F0DA
:102BB00099FE60602348FDF72DFE10B11B4800F020
:102BC00049F82148FDF726FE10B1207E401C00E0A8
:102BD00008E02076207E0A2804DD002020761B48AD
:102BE000FEF70EFA0C48007810B100200A49087070
:102BF0000948407810B10020074948702046FFF787
:102C000001FFFF2056E7000004000020DC07002041
:102C1000F41D002044250208C40200204C250208AF
:102C2000542502085C2502086425020824080020B7
:102C300074250208292929000C12002018020020FE
:102C4000F80100206C2502087C250208B411002040
:102C50007047000030B585B004461220384908702E
:102C6000002138480AF01CFF37486F214FF4A07349
:102C70000022CDE900101146344809F0C7F90020C0
:102C800081214FF4A0736F22CDE9001001462F4837
:102C900009F0BCF905202C4900220192CDE902215E
:102CA000049028200346C32205210090274808F0FD
:102CB00033FF00201423C72209210090234809F084
:102CC00073FC0520204900220192CDE902210490E5
:102CD00028200346C32240F2131100901B4808F03D
:102CE0001BFF00201A23C72240F21711009017483B
:102CF00009F05AFC2120FCF7E1FC05460020009079
:102D00001123102229460190114807F0B5FB22201B
:102D1000FCF7D4FC054600200090502310222946E1
:102D200001900B4807F0A8FB204600F015F820465C
:102D300000F038F8074806F025FF05B030BD000068
:102D400004000020D01D0020292929000C12002099
:102D500018020020C402002030B587B004462520A8
:102D6000FCF7ACFC0546A27A2B460BA103A8F9F7A9
:102D7000A1FA0421E07A012800D100E0002001221C
:102D80005023CDE900200291FA2203A9044807F05C
:102D9000ADFE07B030BD00002564257300000000C3
:102DA000180200202DE9F0418AB00446607A6028BC
:102DB00008DD3A20FCF782FC0546294604A8F9F70D
:102DC00079FA3DE0607A172830DD607A182190FBAF
:102DD000F1F201FB1200D0B12420FCF76FFC054694
:102DE000607A182190FBF1F201FB12062320FCF718
:102DF00065FC8046607A182190FBF1F743463A461D
:102E000019A104A8CDE90065F9F754FA18E02320C8
:102E1000FCF754FC0646607A182190FBF1F5334626
:102E20002A4614A104A8F9F745FA09E02420FCF782
:102E300045FC0546627A2B460EA104A8F9F73AFA3A
:102E40008221E07A08B9012000E00020012210234D
:102E5000CDE900200291FA2204A9084807F074FE87
:102E60000AB0BDE8F08100002564257320256425A3
:102E70007300000025642573000000001802002084
:102E800010B5044610222146024806F071FD0020CC
:102E9000207210BDF801002030B587B004466C48A0
:102EA0000078122802D0FF2007B030BD6948407E6C
:102EB00010B90020674988706648407EF8B16548BF
:102EC0008078E0B90120634988706348FDF7A2FC6F
:102ED00008B10021E1726148FDF79CFC08B10121B5
:102EE000E1725F48FDF796FC10B15E4807F014F9F7
:102EF0005D48FDF78FFC10B15C48FFF7B1FC5C4802
:102F00000078A8B300205A490870E07AB0B9607A16
:102F1000642813DA1320FDF75FFC0546FF21607A71
:102F2000401CC0B20291CDE90310059100910B46FF
:102F30000322019129464F4806F02CFBE07A012834
:102F400016D1A07A3C2813DA1320FDF745FC05467C
:102F5000A07A401CC0B2FF2102910391CDE9041078
:102F600000910B46032201912946424806F012FBCC
:102F70003F48407800284BD000203D494870E07A17
:102F800060BB607A012829DD607A612814DA132099
:102F9000FDF722FC0546FF21607A401EC0B2029177
:102FA000CDE90310059100910B46032201912946BA
:102FB000304806F0EFFA11E01320FDF70DFC05464E
:102FC000FF2060210290CDE90301059000900346A7
:102FD000032229460190274806F0DCFAE07A01280E
:102FE00016D1A07A022813DD1320FDF7F5FB054664
:102FF000A07A401EC0B2FF2102910391CDE90410D6
:1030000000910B460322019129461A4806F0C2FAA4
:10301000607A217B884204D0607A20732046FFF7D3
:10302000C1FEA17A607B814204D0A17A61732046FF
:10303000FFF792FEA17BE07A814207D0E17AA1738B
:103040002046FFF789FE2046FFF7ACFEFF202BE766
:1030500004000020F41D0020842502088C250208AD
:1030600094250208920100209C25020800080020F7
:10307000C40200201C120020704700003EB5054627
:103080001648407A90B1164880790C2190FBF1F2F5
:1030900001FB120404B90C241148C079234611A283
:1030A000082100901148F9F719F909E00C48C07996
:1030B00000900B4883790BA208210C48F9F70EF910
:1030C0004C20002101228C23CDE9002102902D22E9
:1030D0000649074807F038FD3EBD0000DC07002028
:1030E000301E002025643A2530326400A5010020FE
:1030F0001802002001B586B00020D8490870D848D1
:1031000006F0F0FB0699C1F8F000D648407E38B1D1
:10311000D34806F0E7FBD44908600120D349087082
:103120000021069880F86110D14806F01DFDD148B5
:103130000AF0CCFC0021CF480AF0B2FC0020F021BC
:103140004FF4A0730246CDE900100146CA4808F0CA
:103150005DFF00200346024641210090C64809F069
:1031600023FA0520C54900220192CDE902210490ED
:1031700038200346092205210090BF4808F0CCFC06
:103180000520BE4900220192CDE902210490382099
:103190000346092240F203110090B74808F0BCFC36
:1031A0000520B64900220192CDE902210490312088
:1031B0006423452205210090AF4808F0ADFC0520AE
:1031C000AE4900220192CDE902210490312064230E
:1031D00045226E210090A84808F09EFC0520A749D2
:1031E00000220192CDE9022104903120642345227E
:1031F000D7210090A04808F08FFC069890F84E0068
:10320000062814D2DFE800F0EB031433619E05209A
:103210009A4900220192CDE90221049031204FF415
:103220009B73B62205210090934808F075FCD6E008
:103230000520924900220192CDE90221049031201B
:103240009823B622052100908B4808F065FC0520E4
:103250008A4900220192CDE902210490312098236D
:10326000B622A3210090844808F056FCB7E0052060
:10327000824900220192CDE9022104903120662387
:10328000B622042100907C4808F046FC05207B49CA
:1032900000220192CDE90221049031206623B6225A
:1032A0006D210090744808F037FC05207349002216
:1032B0000192CDE90221049031206623B622D62165
:1032C00000906D4808F028FC89E005206B49002239
:1032D0000192CDE90221049031204D23B622032131
:1032E0000090654808F018FC05206449002201920E
:1032F000CDE90221049031204D23B62252210090C5
:103300005D4808F009FC05205C4900220192CDE9E6
:103310000221049031204D23B622A121009056486D
:1033200008F0FAFB0520554900220192CDE902215F
:10333000049031204D23B622F02100904E4808F031
:10334000EBFB4CE005204D4900220192CDE9022122
:10335000049031203C23B62204210090464808F016
:10336000DBFB0520454900220192CDE902210490B2
:1033700031203C23B622432100903F4808F0CCFB8B
:1033800005203E4900220192CDE90221049031201E
:103390003C23B62282210090374808F0BDFB05206F
:1033A000364900220192CDE90221049031203C23CC
:1033B000B622C1210090304808F0AEFB05202F490D
:1033C00000220192CDE90221049031203C23B62253
:1033D0004FF480710090284808F09EFB00BF00BFAA
:1033E000069801F033F9069800F054FE069801F0B3
:1033F000F3F9069801F058FA069800F041F806989B
:1034000000F012F9069800F0FDFD0020059010E094
:103410000598C0B201460490069800F04FF8059850
:10342000C0B201460490069800F086F90598401C49
:103430000590069890F84E1005988142E8DC0698B1
:1034400000F040F9069801F0EDF8069800F054F904
:10345000069801F09BF907B000BD000004000020B1
:10346000F8010020F41D0020A0010020A40100208C
:10347000C4020020D01D00200C12002029292900A0
:1034800038B5044694F86100032808D101200323CD
:103490004D22DD210090084809F086F807E0002061
:1034A00003234D22DD210090034809F07DF82046DA
:1034B00001F0AEF938BD00000C1200202DE9F041FA
:1034C0008AB004460D464BA103C9CDE908014BA1C2
:1034D00003C9CDE9060194F84E0008A90E5C94F8E2
:1034E0004E0006A90F5C4748415D04F1090010F940
:1034F00001804548007A50B100EE108AB8EEC00A4B
:10350000424806F027FABDEEC00A10EE108A94F881
:103510004E0003280CDA3C48007A08B1462000E04F
:103520004320034642463AA104A8F8F7C3FE0EE042
:1035300094F84E00032805DD424637A104A8F8F7A9
:10354000B9FE04E0424636A104A8F8F7B3FE94F8A9
:103550004E00012801D14FF48C7694F84E000328D8
:1035600014D1282194F83300A84201D1012000E0B1
:1035700000200122CDE90020029107FB056082B204
:10358000C62304A9274807F0DFFA30E094F84E007C
:10359000052814D1342194F83300A84201D1012028
:1035A00000E000200122CDE90020029107FB056028
:1035B00082B2C62304A91B4807F0C6FA17E04021CF
:1035C00094F83300A84205D194F84E00012801D0A8
:1035D000012000E000200122CDE90020029107FB3C
:1035E000056082B2C62304A90E4807F0ADFA0AB0FE
:1035F000BDE8F08100737355292300000000A06925
:103600004F3F000097080020DC070020F801002051
:1036100025642563C2B000002564C2B0000000002C
:10362000256400001802002010B586B0044694F806
:10363000610050BB174806F097FA05201649002292
:103640000192CDE90221049035204FF49B737B2237
:1036500005210090114808F05FFA00200B23842216
:10366000D92100900D4808F09FFF204600F0CAFCC9
:103670002046FFF703FD204601F062F8204600F0E7
:103680009BFC204600F00CF802E0024806F07AFAB3
:1036900006B010BDC4020020292929000C12002008
:1036A00038B5044694F8360008B1022000E0002046
:1036B0002C238422AC210090014808F075FF38BD0E
:1036C0000C12002038B5044694F8350040B10320B0
:1036D000352325224C210090064808F065FF07E0BD
:1036E0000520352325224C210090024808F05CFF7C
:1036F00038BD00000C12002038B5054605240C48E2
:10370000007860B104240A48407840B10624084893
:10371000007920B101240648407900B10224342305
:103720002522A4210348009408F03EFF38BD000084
:10373000102600200C1200202DE9FC4105460C4605
:10374000A748015D281D405C032801D1012000E04D
:103750000020074695F84E00012859D10F20FBF7AD
:10376000ADFF064600200090C6230A223146019094
:103770009C4806F081FEBFB19948015D05F12E001D
:10378000405C40B900203A23BD22A5210090964814
:1037900008F00AFF3CE003203B23BD22A521009056
:1037A000914808F001FF33E08D48015D05F12E00DE
:1037B000405C01280ED1032000908948015D05F18D
:1037C0002900405C00F10E03BD22A521864808F0C7
:1037D000EBFE1DE08248015D05F12E00405C0228F1
:1037E0000ED1042000907E48015D05F12900405C67
:1037F00000F10E03BD22A5217B4808F0D5FE07E0AD
:1038000000200D23BD22A5210090774808F0CCFEB2
:1038100095F84E00042868DA95F84E00012864DD1A
:1038200095F84E00022801D1A02000E0692006464C
:10383000EFB16B48015D05F12E00405C58B90020E6
:10384000009006FB04F0801D81B23A23BD22664839
:1038500008F0AAFE48E00320009006FB04F0801D5B
:1038600081B23B23BD22604808F09EFE3CE05C48EC
:10387000015D05F12E00405C012811D1032000906C
:103880005748025D05F12900805C00F10E0306FB3C
:1038900004F0801D81B2BD22534808F085FE23E06C
:1038A0004F48015D05F12E00405C022811D1042033
:1038B00000904B48025D05F12900805C00F10E0389
:1038C00006FB04F0801D81B2BD22474808F06CFE63
:1038D0000AE00020009006FB04F0801D81B20D2359
:1038E000BD22414808F060FE00BF95F84E00042854
:1038F0003AD13B48015D05F12E00405C01280FD113
:103900004FF47F000321CDE90010C4EB041000EB5D
:103910008410811D4923B322334808F077FB23E04C
:103920002F48015D05F12E00405C02280ED1FF20DA
:103930000321CDE90010C4EB041000EB8410811DBD
:103940004923B322284808F061FB0DE00020032141
:10395000CDE90010C4EB041000EB8410811D492355
:10396000B322214808F052FB95F84E00052834D1C7
:103970001B48015D05F12E00405C01280DD14FF47C
:103980007F000321CDE90010C4EB8410811D382392
:10399000B322154808F03AFB1FE01148015D05F11C
:1039A0002E00405C02280CD1FF200321CDE900103D
:1039B000C4EB8410811D3823B3220B4808F026FB8A
:1039C0000BE000200321CDE90010C4EB8410811D21
:1039D0003823B322044808F019FBBDE8FC8100003D
:1039E00097080020180200200C12002038B5044669
:1039F0000020192315224FF487710090014808F028
:103A0000D3FD38BD0C12002070B50446FE48017885
:103A100084F8541094F8AC1094F83C00814206D01D
:103A200094F83C1084F8AC102046FFF763FB94F840
:103A3000BE1094F84E00814206D094F84E1084F8DF
:103A4000BE102046FFF756FB94F8A71094F83700F5
:103A5000814205D194F8D21094F8620081420ED0D0
:103A600094F8371084F8A71094F8621084F8D210F4
:103A7000204600F00FFB0120E34981F8200094F874
:103A8000A81094F83800814205D194F8D31094F826
:103A9000630081420ED094F8381084F8A81094F88E
:103AA000631084F8D310204600F0D0FD0120D649E1
:103AB00081F8200094F83310D448415C04F17E0072
:103AC000415C94F83320D148825C04F10E00805CA4
:103AD000814214D094F83310CC48415C04F10E00BC
:103AE000415C94F83320C948825C04F17E00815423
:103AF000204600F019FA0120C34981F8200094F80B
:103B00003310C248415C04F18300415C94F83320D7
:103B1000BE48825C04F11300805C814214D094F8AA
:103B20003310BA48415C04F11300415C94F833202F
:103B3000B648825C04F183008154204600F0B6FD53
:103B40000120B14981F8200094F8CB1094F85B0073
:103B5000814206D094F85B1084F8CB10204600F028
:103B600015FE94F8AB1094F83B00814206D094F80F
:103B70003B1084F8AB10204600F008FE94F8331098
:103B8000A248415C04F18A00415C94F833209F48CC
:103B9000825C04F11A00805C81420FD194F83310EA
:103BA0009A48415C04F18F00415C94F833209748B7
:103BB000825C04F11F00805C814222D094F83310B3
:103BC0009248415C04F11A00415C94F833208F481C
:103BD000825C04F18A00815494F833108B48415C74
:103BE00004F11F00415C94F833208848825C04F1A2
:103BF0008F008154204600F00BFE0220824981F89C
:103C0000200000251AE08148415D04F17900415609
:103C10007E48425D04F10900805681420DD07B4808
:103C2000415D04F10900415C7848425D04F179008E
:103C30008154E9B22046FFF741FC6D1C94F84E0018
:103C4000A842E0DC002538E07048415D04F19900AD
:103C5000415C6E48425D04F12900805C81420DD0D8
:103C60006A48415D04F12900415C6848425D04F105
:103C700099008154E9B22046FFF75EFD6348415D3B
:103C800004F19E00415C6148425D04F12E00805CBD
:103C9000814211D05D48415D04F12E00415C5B48DA
:103CA000425D04F19E008154E9B22046FFF744FDD5
:103CB0000220554981F820006D1C94F84E00A8425E
:103CC000C2DC94F8A31094F8330081420FD094F82A
:103CD000331084F8A310204600F026F9204600F0A7
:103CE000E5FC204600F094FD204600F0EFF994F941
:103CF000A41094F93400814209D04548C07830B905
:103D000094F8341084F8A410204600F07BF994F85D
:103D1000C41094F85400814206D094F8541084F8EA
:103D2000C410204600F07EFC94F8A61094F83600EB
:103D3000814209D03648C07830B994F8361084F8FA
:103D4000A6102046FFF7ACFC94F8D11094F861005F
:103D5000814235D094F8D10008B1012100E0002162
:103D600094F8610008B1012000E00020814202D0F7
:103D70002046FFF759FC94F8D100012803D094F8AD
:103D80006100012802D1204600F026FD94F8D10000
:103D9000022803D094F86100022802D1204600F0E6
:103DA00083FD94F8D100032803D094F86100032820
:103DB00002D12046FFF764FB94F8611084F8D1101B
:103DC00094F8A91094F83900814205D194F8AD1007
:103DD00094F83D00814214D00D48C07888B994F819
:103DE000391084F8A91094F83D1084F8AD100848F3
:103DF000C07810B9204600F0DFF80120024981F8B0
:103E0000200094F8AA1005E07025002097080020F3
:103E1000C402002094F83A00814205D194F8AE1013
:103E200094F83E00814214D03A48C07888B994F89A
:103E30003A1084F8AA1094F83E1084F8AE10354871
:103E4000C07810B9204600F07BFC0120324981F88F
:103E5000200094F8E0003149C979884209D02D4802
:103E6000C07830B92D48C17984F8E0102046FFF7BA
:103E700005F994F8A51094F83500814209D0254839
:103E8000C07830B994F8351084F8A5102046FFF7B3
:103E900019FC2348007868B1224805F023FD204929
:103EA000D1F8C813401A42F21071884202D900209A
:103EB0001B4908701A4890F8E401194909788842AA
:103EC00014D1174890F8E5011549497888420DD179
:103ED000134890F8E80112490979884206D1104840
:103EE00090F8E9010E494979884211D00C480078D0
:103EF0000B4981F8E4010846417880F8E511017921
:103F000080F8E811417980F8E9112046FFF7F4FBC9
:103F100070BD0000C402002070250020301E00206B
:103F200010260020F801002030B585B0044694F832
:103F300033101B48415C04F10E00455C1948007ABF
:103F400078B100EE105AB8EE400A174805F002FDAD
:103F5000F6EE000A30EE200ABCEEC00A10EE100A9F
:103F6000C5B21048007A08B1462000E0432003465D
:103F70002A460EA103A8F8F79DF9342194F86100B0
:103F8000012800D100E0002001225423CDE90020C7
:103F900002914C2203A9074806F0D6FD05B030BDBA
:103FA00097080020DC070020F80100202564256325
:103FB000C2B000001802002038B5044694F83D0055
:103FC00040B9052016238422114600900C4808F0C1
:103FD000EBFA38BD94F8390040B101201623842251
:103FE00011460090064808F0DFFA07E0002016238B
:103FF000842211460090024808F0D6FA00BFE8E794
:104000000C1200207FB505461B480D2138238F2256
:10401000CDE90010FF21194807F0F8FF95F9344069
:104020001748007A78B100EE104AB8EEC00A154879
:1040300005F090FCF6EE000A30EE200ABDEEC00A54
:1040400010EE100A44B20E48007A08B1462000E093
:104050004320034622460CA102A8F8F72BF90020C2
:1040600001218C234FF48D72CDE9001002A908487C
:1040700006F014FA7FBD0000292929000C12002047
:10408000DC070020F801002025642563C2B0000091
:104090001802002038B5044694F8370040B90020D3
:1040A0000923152211210090074808F07DFA09E044
:1040B0000120009094F86200831D1522112102480E
:1040C00008F072FA38BD00000C12002070B50546E9
:1040D000002404E0E1B22846FFF7F0F9641C95F8EB
:1040E0004E00A042F6DC70BD3EB50446FD480078A7
:1040F000002871D00020FB49087094F86100012865
:1041000004D002286AD0032865D1CDE094F833109A
:10411000F548415C04F17E00405C20285BDA94F8AD
:104120003310F148405C052854D2DFE800F003105A
:104130001E2E40001920FCF74FFB05467E20005D37
:104140004C30C2B22946E94805F07EF942E0192018
:10415000FCF742FB054694F87F004C30C3B2FF22C7
:104160002946E24805F084F934E01920FCF734FBD5
:10417000054694F880004C30C0B2FF231A46294609
:104180000090DA4805F089F924E01920FCF724FBB7
:10419000054694F881004C30C0B2FF210B460A4618
:1041A000CDE900102946D14805F090F912E0192018
:1041B000FCF712FB054694F882004C30C0B2FF2198
:1041C00000910B460A46CDE901102946C74805F083
:1041D00096F900BF00BFD5E0D5E0FFE794F83310B3
:1041E000C148415C04F18300405C20285BDA94F80C
:1041F0003310BD48405C052854D2DFE800F00310BE
:104200001E2E40001A20FCF7E7FA05468320005DC9
:104210004C30C2B22946B54805F016F942E01A20E2
:10422000FCF7DAFA054694F884004C30C3B2FF225A
:104230002946AE4805F01CF934E01A20FCF7CCFA08
:10424000054694F885004C30C0B2FF231A46294633
:104250000090A64805F021F924E01A20FCF7BCFAEA
:10426000054694F886004C30C0B2FF210B460A4642
:10427000CDE9001029469D4805F028F912E01A20E2
:10428000FCF7AAFA054694F887004C30C0B2FF212B
:1042900000910B460A46CDE901102946934805F0E6
:1042A0002EF900BF00BF6DE094F833108E48415CDA
:1042B00004F18F00405C642863DA94F833108A4874
:1042C000415C04F11A00405C00285AD094F8331085
:1042D0008548405C052853D2DFE800F0030F1D2D10
:1042E0003F001B20FCF778FA0546E07F401CC2B275
:1042F00029467E4805F0A8F842E01B20FCF76CFA3E
:10430000054694F82000401CC3B2FF222946774896
:1043100005F0AEF834E01B20FCF75EFA054694F891
:104320002100401CC0B2FF231A46294600906F4866
:1043300005F0B3F824E01B20FCF74EFA054694F88C
:104340002200401CC0B2FF210B460A46CDE90010F6
:104350002946664805F0BAF812E01B20FCF73CFA43
:10436000054694F82300401CC0B2FF2100910B4683
:104370000A46CDE9011029465C4805F0C0F800BFA7
:1043800000BF00BF00BF5748407800287CD0002005
:104390005449487094F86100012804D0022863D081
:1043A000032860D1C9E094F833104F48415C04F110
:1043B0007E00405C0A2856DD94F833104A48405C81
:1043C00005284FD2DFE800F0030F1C2B3C0019201A
:1043D000FCF702FA0546A07B4A30C2B229464348A0
:1043E00005F032F83EE01920FCF7F6F90546E07BCF
:1043F0004A30C3B2FF2229463C4805F039F831E083
:104400001920FCF7E9F90546207C4A30C0B2FF23A9
:104410001A4629460090354805F03FF822E0192059
:10442000FCF7DAF90546607C4A30C0B2FF210B4642
:104430000A46CDE9001029462C4805F047F811E05E
:104440001920FCF7C9F90546A07C4A30C0B2FF210B
:1044500000910B460A46CDE901102946234805F094
:104460004EF800BF00BFD6E094F833101E48415C00
:1044700004F18300405C0A285EDD94F833101A488A
:10448000405C052857D200E0C6E0DFE800F0030FEB
:104490001C3142001A20FCF79FF90546E07C4A30A7
:1044A000C2B22946114804F0CFFF44E01A20FCF7BD
:1044B00093F90546207D4A30C3B2FF2229460B48B6
:1044C00004F0D6FF37E01A20FCF786F90546607D38
:1044D0004A30C0B2FF231A4629460090034804F030
:1044E000DCFF28E0C4020020970800201C120020F6
:1044F0001A20FCF771F90546A07D4A30C0B2FF21B1
:104500000B460A46CDE900102946444804F0DEFF78
:1045100011E01A20FCF760F90546E07D4A30C0B290
:10452000FF2100910B460A46CDE9011029463B4880
:1045300004F0E5FF00BF00BF6DE094F83310384889
:10454000415C04F18F00405C0A2863DD94F833106D
:104550003348415C04F11A00405CA0B394F8331076
:104560002F48405C052854D2DFE800F0030F1D2ED1
:1045700040001B20FCF730F90546E07F401EC2B228
:104580002946264804F060FF43E01B20FCF724F98D
:10459000054694F82000401EC3B2FF2229461F485A
:1045A00004F066FF35E01B20FCF716F9054694F889
:1045B0002100401EC0B2FF231A462946009017482A
:1045C00004F06BFF25E025E01B20FCF705F905460C
:1045D00094F82200401EC0B2FF210B460A46CDE9E6
:1045E000001029460D4804F071FF12E01B20FCF773
:1045F000F3F8054694F82300401EC0B2FF21009155
:104600000B460A46CDE901102946044804F077FF1D
:1046100000BF00BF00BF00BF3EBD00001C12002055
:104620009708002038B504460648007808B10420F1
:1046300000E005203723252278210090024807F06A
:10464000B3FF38BD702500200C12002038B5044699
:1046500094F83C0018B12046FFF7C8F938BD94F82B
:10466000380048B90020042315224FF487710090C8
:104670000D4807F099FF15E094F8630048B1012058
:10468000052315224FF487710090074807F08CFF2F
:1046900008E00120042315224FF48771009002489E
:1046A00007F082FF00BFD9E70C12002030B585B0BB
:1046B000044694F833101C48415C04F11300455C37
:1046C0001A48007A78B100EE105AB8EE400A18483D
:1046D00005F040F9F6EE000A30EE200ABCEEC00A02
:1046E00010EE100AC5B21148007A08B1462000E069
:1046F000432003462A460FA103A8F7F7DBFD342128
:1047000094F86100022801D1012000E0002001227C
:104710005423CDE900200291B42203A9074806F0F2
:1047200013FA05B030BD000097080020DC07002018
:10473000F801002025642563C2B0000018020020A3
:1047400038B5044694F83E0040B90520122384226F
:104750005C2100900C4807F027FF38BD94F83A0020
:1047600040B10120122384225C210090064807F00A
:104770001BFF07E00020122384225C2100900248E6
:1047800007F012FF00BFE8E70C12002038B504461E
:1047900094F83B0040B1012036232522D02100901F
:1047A0000C4807F001FF13E094F85B0040B10620CD
:1047B00036232522D0210090064807F0F5FE07E0B9
:1047C000052036232522D0210090024807F0ECFE78
:1047D00038BD00000C12002038B5044694F8610082
:1047E000012807D103464D220E210090074807F00B
:1047F000DBFE07E0002001234D220E21009003483C
:1048000007F0D2FE2046FFF78FFB38BD0C120020C8
:1048100030B585B0044694F833101F48415C04F16C
:104820001A00405CF0B194F833101B48415C04F16D
:104830001F00425C19A103A8F7F73CFD3C2194F846
:104840006100032801D1012000E00020012254234F
:10485000CDE90020029140F2191203A9114806F097
:1048600073F916E01820FAF729FF05463C2194F861
:104870006100032801D1012000E00020012257231C
:10488000CDE90020029140F219122946054806F0B0
:1048900047F905B030BD00009708002025642525A4
:1048A000000000001802002038B5044694F86100AA
:1048B000022808D1012002234D22762100900848C9
:1048C00007F072FE07E0002002234D2276210090BF
:1048D000034807F069FE2046FFF7E8FE38BD0000F8
:1048E0000C12002010B50446F4222146104805F0B1
:1048F0003FF8042184F84E1000210E4880F84F1034
:10490000012180F85010022180F85110032180F815
:104910005210042180F85310D8216172D421A17261
:10492000D821E172EA212173DA21617310BD000000
:10493000F8010020480800202DE9F04387B0044624
:10494000FE48007818B1FF2007B0BDE8F08320468C
:10495000FFF75AF82046FFF7C7FBF948407E0128C9
:104960007ED1F74880780028FAD10120F449887078
:10497000F44804F0B7FFF4490860F448FBF74AFF35
:1049800038B394F8A70090B11620FBF725FF054631
:10499000FC20FF2102910391CDE9041000910B4608
:1049A0000A4601912946EA4804F0F4FD11E0162078
:1049B000FBF712FF0546FD20FF2102910391CDE98F
:1049C000041000910B460A4601912946E04804F084
:1049D000E1FDE048FBF71EFF50B394F83C0038BB04
:1049E00094F8A80090B11620FBF7F6FE0546F320D8
:1049F000FF2102910391CDE9041000910B460A4674
:104A000001912946D24804F0C5FD11E01620FBF7BC
:104A1000E3FE0546F720FF2102910391CDE9041042
:104A200000910B460A4601912946C94804F0B2FD9F
:104A3000C848FBF7EFFE28B194F83C0010B1C64817
:104A400006F022F9C548FBF7E5FE48B394F8AB0041
:104A5000A0B11320FBF7C0FE0546FF20F32300E0C2
:104A60001DE1CDE90230049005900090034601223B
:104A700029460190B64804F08DFD11E01320FBF7A4
:104A8000ABFE0546FF20F723CDE9023004900590E8
:104A900000900346012229460190AD4804F07AFDBA
:104AA000AF48FBF7B7FE50B194F86100012803D07E
:104AB000012184F8611002E0002184F86110A94806
:104AC000FBF7A8FE50B194F86100022803D0022140
:104AD00084F8611002E0002184F86110A248FBF71D
:104AE00099FE50B194F86100032803D0032184F8A3
:104AF000611002E0002184F861109C48FBF78AFEF7
:104B0000E8B394F84E0001280DDD94F84E004FF400
:104B1000A07191FBF0F08A49B1F91C1091FBF0F003
:104B200084F8330039E0924890F84F50002184F81F
:104B3000331004F12E00405D461C022E00DD0026DD
:104B4000012E04DD201D405D032800D10026042D28
:104B500016DA69000320884028EA0008690006FA8E
:104B600001F040EA080000F0FF081620FBF734FED1
:104B7000814642464946764804F066FC0CE00CE06B
:104B80001620FBF729FE8146F0B240F0FC03FF221D
:104B900049466F4804F06CFC00BF7648FBF73AFECC
:104BA00020B17548FCF74EFCFF20CDE67348FBF7BB
:104BB00031FE38B17248007820B172480AF0BCFF6B
:104BC000FF20C1E67048FBF725FEF0B16F48C078C2
:104BD000D8B9674890F8360008B9012000E00020F5
:104BE000CF2141EA00151320FBF7F6FD0646FF2012
:104BF000CDE9025004900590009003460122314611
:104C00000190534804F0C6FC00BF6148FBF702FE68
:104C100000B35E48C078E8B994F83E00D0B11620E1
:104C2000FBF7DAFD0546524890F83A0008B9012032
:104C300000E000203F2141EA8010FF210291039112
:104C4000CDE9041000910B460A46019129464048DF
:104C500004F0A0FC4F48FBF7DDFD00B34B48C078E3
:104C6000E8B994F83D00D0B11620FBF7B5FD054634
:104C70003F4890F8390008B9012000E00020CF211A
:104C800041EA0010FF2102910391CDE90410009147
:104C90000B460A46019129462D4804F07BFC284822
:104CA000807830B1274804F01DFE27490968401A72
:104CB00000E000200746B7F5C87F3ED936480078A7
:104CC00000283AD11E488078002836D00120324989
:104CD00008702648FBF79EFD70B394F84E004FF421
:104CE000A07191FBF0F01649B1F91C1091FBF0F0A6
:104CF000C5B24FF0FF081E484F30455D04F12E004D
:104D0000405D401CC6B2022E00DD0026012E04DDEF
:104D1000201D405D032800D10026042D48DA6900DB
:104D20000320884028EA0008690006FA01F040EAFA
:104D3000080000F0FF0831E046E090E004000020A9
:104D4000F41D0020F8010020A0010020A425020885
:104D50001C120020AC25020890010020FC2502084E
:104D6000BC250208C4250208CC250208B425020887
:104D700048080020EC25020808030020F42502085A
:104D80001026002093010020E4250208C402002020
:104D9000D4250208DC250208A40100201620FBF718
:104DA0001BFD814642464946414804F04DFB0AE05E
:104DB0001620FBF711FD814646F0FC03FF22494611
:104DC0003B4804F055FB00BF3A48FBF723FDE8B32E
:104DD00094F833103848455C042D1FDAFF2669002B
:104DE00003208840864304F11A00405D08B9012081
:104DF00000E00020690088403043C6B21B20FBF76A
:104E0000EBFC8046FF20009001900346024641469D
:104E1000CDE90206264804F08DFB16E01B20FBF7C7
:104E2000DBFC0646A07F08B9012000E0002040F02E
:104E3000FC00FF2101910291CDE903100B460A46C7
:104E4000009131461A4804F08FFB00E000E000BFFB
:104E50001A48FBF7DFFC10B1194805F05DF9194855
:104E6000407E30B9002017498870174908601749FB
:104E70000870002518E004F12400405D98B1144842
:104E800004F030FD014604F12400465DF01706EB06
:104E90005070C010C0F13200B1FBF0F000F003011F
:104EA00004F1290041556D1C052DE4DBFF204BE585
:104EB0001C120020CC2502089708002004260208B6
:104EC00092010020F41D0020A0010020A401002078
:104ED000F80100207047000038B50446A07840B1C2
:104EE00002201E237C220F210090064807F05CFB65
:104EF00007E000201D237C220F210090014807F0CD
:104F000053FB38BD0C12002038B50446A07840B1E0
:104F100000201D235C220F210090064807F044FB6F
:104F200007E002201E235C220F210090014807F0B9
:104F30003BFB38BD0C12002030B585B00446042080
:104F40005F49087000215F4808F0AAFD204600F084
:104F500003F90020F0214FF4A0730246CDE90010C0
:104F60000146594807F052F805205849002201929D
:104F7000CDE9022104904920C82305221146009062
:104F8000514806F0C9FD0520504900220192CDE9A3
:104F9000022104904920C8235322052100904A4849
:104FA00006F0BAFD0520494900220192CDE902210F
:104FB00004904920C823A12205210090424806F010
:104FC000ABFD0820FAF77AFB05460020009013237A
:104FD0003222294601903E4805F04EFA0920FAF7A0
:104FE0006DFB0546002000903323322229460190B4
:104FF000374805F041FA0A20FAF760FB0546002021
:1050000000905C23322229460190314805F034FAA1
:105010000B20FAF753FB0546002000907C23322238
:10502000294601902A4805F027FA0C20FAF746FB9A
:10503000054600200090AF233222294601902448E3
:1050400005F01AFA0D20FAF739FB0546002000900A
:10505000CF233222294601901D4805F00DFA052084
:105060001A4900220192CDE902210490282003462A
:10507000C32240F213110090134806F04DFD0020AA
:105080000A23C72240F2171100900F4807F08CFA4C
:105090002046FFF721FF2046FFF736FF204600F0AD
:1050A0001BF8204600F064F8204600F091F82046F6
:1050B00000F076F800200749C87005B030BD000048
:1050C00004000020D01D00200C12002029292900F6
:1050D00018020020C402002038B50446607840B1B0
:1050E00000201D230E220F210090064807F05CFAD5
:1050F00007E002201E230E220F210090014807F036
:1051000053FA38BD0C12002010B50446A17860791E
:10511000814207D0A17861712046FFF7DDFE20466D
:10512000FFF7F2FE60782179884207D0607820711D
:105130002046FFF7D1FF204600F01AF8E178A07969
:10514000814207D0E178A171204600F029F820467D
:1051500000F03EF810BD000004494A7A8270097AD6
:10516000417002498A7AC27070470000DC07002053
:1051700038B50446607840B102201E232E220F214C
:105180000090064807F010FA07E000201D232E22A9
:105190000F210090014807F007FA38BD0C120020DB
:1051A00038B50446E07840B102201E23CA220F2100
:1051B0000090064807F0F8F907E000201D23CA22F6
:1051C0000F210090014807F0EFF938BD0C120020C4
:1051D00038B50446E07840B100201D23AA220F21F3
:1051E0000090064807F0E0F907E002201E23AA22FB
:1051F0000F210090014807F0D7F938BD0C120020AC
:1052000010B50446607805490872A17803484172D8
:10521000E17881720AF04CF910BD0000DC07002033
:1052200010B5044624480078042801D0FF2010BDA2
:105230002248407E012834D120488078002830D18F
:1052400001201E4988701E48FBF7E4FA08B10020CF
:1052500060701C48FBF7DEFA08B1012060701A4844
:10526000FBF7D8FA08B10121A1701848FBF7D2FA70
:1052700008B10021A1701648FBF7CCFA08B1002153
:10528000E1701448FBF7C6FA08B10121E170124839
:10529000FBF7C0FA28B12046FFF7B2FF0F4804F031
:1052A0003BFF0648407E10B9002004498870204624
:1052B000FFF72AFFFF20BAE704000020F41D0020BA
:1052C0004C26020854260208642602085C260208BE
:1052D0006C260208742602087C260208920100202F
:1052E00030B585B004460F2032490870002132489D
:1052F00008F0D6FB31486F214FF4A0730022CDE9AE
:10530000001011462E4806F081FE002081214FF446
:10531000A0736F22CDE900100146294806F076FE01
:105320000520264900220192CDE90221049028207F
:105330000346C32205210090214806F0EDFB002022
:105340001423C722092100901D4807F02DF93920A8
:10535000FAF7B4F90546002001210C23A022CDE97B
:1053600000102946174805F087F81920FAF7A6F922
:105370000546002000902923082229460190114863
:1053800005F07AF81B20FAF799F9054600200090FD
:105390004F230822294601900A4805F06DF820465F
:1053A00000F050F8204600F011F8074804F0EAFB3E
:1053B00005B030BD04000020D01D0020292929009F
:1053C0000C12002018020020C402002030B587B063
:1053D000044665791648007A58B100EE105AB8EEC6
:1053E000400A144804F0B6FABCEEC00A10EE100AE7
:1053F000C5B20F48007A08B1462000E043200346BA
:105400002A460DA104A8F6F755FF0520217909B910
:10541000012100E0002101222923CDE90021029091
:10542000F02204A9064805F061FB07B030BD00007A
:10543000DC070020F80100202564C2B025630000CD
:105440001802002030B589B00446E088B0F5B46F8A
:1054500014DD3A20FAF732F905468720217901292F
:1054600000D100E0002101224F23CDE9002102906C
:10547000F0222946104805F067FB1AE02520FAF7CC
:105480001DF90546E2882B460CA103A8F6F712FF8A
:1054900087202179012900D100E0002101224F233A
:1054A000CDE900210290F02203A9034805F04CFB4E
:1054B00000BF09B030BD000018020020256425732C
:1054C000000000007FB50446604800780F2802D035
:1054D000FF2004B070BD5E48407E10B900205C49DA
:1054E00088705B48407EC0B159488078A8B90120D7
:1054F000574988705748FBF78DF910B1564804F0AA
:105500000BFE5648FBF786F908B10020207154487D
:10551000FBF780F908B10120207152480078C8B328
:10552000002050490870207990B9607950280FDA2E
:105530001320FBF751F9054660784C30C0B2FF21CB
:105540000B460322CDE900102946474803F0BEFF71
:10555000207901281ED1E08840F2AA51884219DA48
:105560001320FBF739F90646A0790A30C0B2E1886A
:1055700001F10A05E91705EB1161C1F30721FF22CB
:1055800000921346CDE901210390032231463648AB
:1055900003F0D0FF33484078B8B300203149487059
:1055A000207990B9607900280FDD1320FBF714F9FA
:1055B000054660794A30C0B2FF210B460322CDE98F
:1055C00000102946284803F081FF207901281CD1CA
:1055D00060880A2819DD1320FBF7FEF80646A0793B
:1055E0000A38C0B2E188A1F10A05E91705EB11619B
:1055F000C1F30721FF2200921346CDE90121039058
:1056000003223146184803F095FF2078217988421B
:1056100007D0207920702046FFF714FF2046FFF7BF
:10562000D5FE6188E088814204D0E0886080204611
:10563000FFF708FF61786079814204D0607960707B
:105640002046FFF7C3FEFF2043E7000004000020D0
:10565000F41D002084260208920100208C260208F6
:1056600094260208C40200201C12002010B586B047
:1056700004461920174908700021174808F010FA4D
:105680000020F0214FF4A0730246CDE9001001463E
:10569000124806F0BBFC0520114900220192CDE919
:1056A0000221049028200346C322052100900B48C4
:1056B00006F032FA00201423C7220921009007487F
:1056C00006F072FF00202070204600F00BF806B0B4
:1056D00010BD000004000020D01D00200C1200208E
:1056E000292929002DE9F04F87B082465F224949D8
:1056F0005046F7F719FA00208AF85F00BE214FF4F0
:10570000A0730246CDE900100146434806F07EFC36
:105710009AF8000058B9002000905A2328223FA18F
:105720000190454805F0E6F807B0BDE8F08F01208C
:10573000811E0A22CDE900020023404ACDE9021071
:105740003F4950460BF018FD8346BBF1000F09D1CD
:10575000002000905A233C223AA10190364805F0DF
:10576000C9F8E1E735480BF0BFFD05460420069077
:10577000B420059005F10800B42191FBF0F4022C4F
:1057800000DA022405F1080004FB00F6C6F5A0705B
:1057900000EBD07149100491C6F1BE0000EBD0714E
:1057A0004F10002F00DA00276FF07F41B0B2B3B284
:1057B000BAB2CDE90001049881B2174806F026FC80
:1057C0004FF0000822E04FF000091BE04246494636
:1057D0001A480BF053FD98B10021A0B2A3B2CDE955
:1057E000000108F1040000FB047082B209F104001A
:1057F000DDF810C000FB04C081B2074806F006FCCB
:1058000009F10109A945E1DB08F10108A845DADB46
:1058100000BF89E7912700200C12002053656E64B9
:1058200020226765746C696E6B2220627920534D6B
:105830005320666972737400180200204406002029
:10584000AC0400204C696E6B20746F6F206C6F6E1F
:105850006720666F722051520000000010B50446A8
:1058600012480078192801D0FF2010BD10492046A9
:10587000F7F786F910B12046FFF734FF0D48407E58
:1058800010B900200B4988700A48407E60B1094871
:10589000807848B90120074988700748FAF7BAFFAD
:1058A00010B1064803F05EFAFF20DEE70400002096
:1058B00091270020F41D00200425020895010020F6
:1058C000F0B585B006460920754908700021754875
:1058D00008F0E6F80020F0214FF4A0730246CDE96D
:1058E00000100146704806F091FB05240A250520AA
:1058F0006E4900220192CDE9022104902120224626
:10590000962305210090684806F006F93120F9F742
:10591000D5FE07460020009063193F2239460190CA
:10592000634804F0A9FD2634052060490022019255
:10593000CDE90221049021202246962305210090E2
:10594000594806F0E9F83220F9F7B8FE074600207A
:10595000009063193F2239460190554804F08CFDB0
:1059600026340520514900220192CDE902210490FC
:10597000212022469623052100904B4806F0CCF8C2
:105980003320F9F79BFE07460020009063193F2261
:1059900039460190464804F06FFD0524052043492F
:1059A00000220192CDE90221049021202246962373
:1059B000A02100903C4806F0AFF83420F9F77EFEB5
:1059C0000746002000906319DF22394601903848CD
:1059D00004F052FD26340520344900220192CDE91D
:1059E00002210490212022469623A02100902E48D7
:1059F00006F092F83520F9F761FE07460020009086
:105A00006319DF2239460190294804F035FD263418
:105A10000520264900220192CDE90221049021208F
:105A200022469623A02100901F4806F075F83620E4
:105A3000F9F744FE0746002000906319DF2239463B
:105A400001901B4804F018FD05201849002201921E
:105A5000CDE90221049028200346C32205210090AD
:105A6000114806F059F800201423C722092100909C
:105A70000D4806F099FD304600F01CF8304600F065
:105A8000F5F9304600F010FA304600F077F930466C
:105A900000F09CF9304600F0C1F905B0F0BD0000FF
:105AA00004000020D01D00200C120020292929000C
:105AB0001802002038B505460A240B4890F8470024
:105AC00040B10220A2B21C230E210090074806F02C
:105AD0006BFD07E00020A2B21B230E2100900348BB
:105AE00006F062FD38BD0000480800200C120020BE
:105AF00030B585B0044694480078092802D0FF20CC
:105B000005B030BD9148407E10B900208F498870A3
:105B10008E48407E002870D08C48807800286CD158
:105B200001208A4988708A48FAF774FE78B12A20E1
:105B3000FAF752FE0546874890F8470008B9012059
:105B400000E0002002462946834803F07DFC83489C
:105B5000FAF760FE80B12A20FAF73EFE05467D483E
:105B600090F8480008B9012000E000200346FF2219
:105B70002946794803F07CFC7948FAF74BFE88B156
:105B80002A20FAF729FE0546724890F8490008B91C
:105B9000012000E00020FF231A46294600906E48AD
:105BA00003F07BFC6F48FAF735FEB0B12078A0B166
:105BB0002A20FAF711FE0546664890F84B0008B90E
:105BC000012000E00020FF2100910B460A46CDE9AC
:105BD00001102946604803F092FC6348FAF71AFE68
:105BE000C0B12078B0B12A20FAF7F6FD0546594831
:105BF00090F84C0010B9012001E02FE00020FF21B7
:105C0000009101910B460A46CDE9021029465248FF
:105C100003F090FC5548FAF7FDFDC0B12078B0B113
:105C20002A20FAF7D9FD05464A4890F84D0008B9F0
:105C3000012000E00020FF2101910291CDE9031035
:105C40000B460A4600912946434803F08DFC48481C
:105C5000FAF7E0FD10B1474804F05EFA464803F059
:105C600041FE6168401A43F69821884201D900201C
:105C700020706078217888420AD0207860702046B1
:105C800000F07CF8204600F0A1F8204600F0C6F8AD
:105C9000304890F8B71090F84700814207D02D485F
:105CA00090F8471080F8B7102046FFF703FF294807
:105CB00090F8B81090F84800814207D0254890F835
:105CC000481080F8B810204600F0D0F8214890F82D
:105CD000B91090F84900814207D01E4890F8491049
:105CE00080F8B910204600F0DFF81A4890F8BB1091
:105CF00090F84B00814207D0164890F84B1080F87E
:105D0000BB10204600F03AF8124890F8BC1090F80A
:105D10004C00814207D00F4890F84C1080F8BC101E
:105D2000204600F053F80B4890F8BD1090F84D0055
:105D3000814207D0074890F84D1080F8BD102046EA
:105D400000F06CF8FF20DBE604000020F41D0020CA
:105D50000C250208480800201C1200201425020807
:105D60001C250208242502082C25020834250208D7
:105D70003C25020892010020F801002038B50546B4
:105D80000A24287840B90520A2B21B23A52100903F
:105D90000C4806F009FC14E00B4890F84B0040B1A9
:105DA0000220A2B21C23A5210090064806F0FCFBAD
:105DB00007E00020A2B21B23A5210090014806F0B5
:105DC000F3FB38BD0C1200204808002038B505460A
:105DD0003024287840B90520A2B21B23A5210090C9
:105DE0000C4806F0E1FB14E00B4890F84C0040B181
:105DF0000220A2B21C23A5210090064806F0D4FB85
:105E000007E00020A2B21B23A5210090014806F064
:105E1000CBFB38BD0C1200204808002038B50546E1
:105E20005624287840B90520A2B21B23A521009052
:105E30000C4806F0B9FB14E00B4890F84D0040B157
:105E40000220A2B21C23A5210090064806F0ACFB5C
:105E500007E00020A2B21B23A5210090014806F014
:105E6000A3FB38BD0C1200204808002038B50546B9
:105E700030240B4890F8480040B10220A2B21C2305
:105E80000E210090074806F08FFB07E00020A2B229
:105E90001B230E210090034806F086FB38BD00004E
:105EA000480800200C12002038B5054656240B483F
:105EB00090F8490040B10220A2B21C230E210090AC
:105EC000074806F071FB07E00020A2B21B230E2159
:105ED0000090034806F068FB38BD00004808002029
:105EE0000C12002010B504464FF4F6722146024809
:105EF00003F03EFD10BD0000F801002070470000D7
:105F000010B50446207828B9204600F081FD2046CF
:105F100000F008FE00206070A070E070606502A1D3
:105F2000044809F04DFC10BD505532382D43414E08
:105F30002D5433001C25002010B50446A022214614
:105F4000014803F015FD10BDF80100202DE9F043D4
:105F500087B00446FE4803F0C5FCFE490968401AB4
:105F6000B0F57A7F04D3FA4803F0BCFCF949086025
:105F7000F94809F075FCF848007858B900202070FD
:105F80006070A07001202065E0640020E07007B020
:105F9000BDE8F083F0484078002878D00020EE4932
:105FA000487008468778002507E0EB48801C415D73
:105FB00004F158004155681CC5B2142DF5DB20785A
:105FC000012801D0072F7DD1D4F88C00401CC4F8E3
:105FD0008C00012F06D0022F5AD0032F73D0072F29
:105FE00054D1D0E000201EE0411C04F15802515C65
:105FF000092908DD411C515C212904DA1146421CA3
:106000008A5C36390A54811D04F15802515C092911
:1060100008DD811D515C212904DA1146821D8A5C4C
:1060200031390A54401C0528DEDB6920005D00F090
:106030000101312001556920005DC0F3400132208B
:1060400001556920005DC0F3001135200155C3489A
:1060500090F83D0028B16920005DC0F34011332065
:106060000155BE4890F83E0028B16920005DC0F39C
:10607000801134200155B64803F034FC8634C4F84E
:106080001600012020706070A070863C9AE000E14C
:10609000002012E0411C04F15802515CCA0904F1CD
:1060A00036010A54411C04F15802515C01F07F0290
:1060B00004F13B010A54411CC8B20528EADB672001
:1060C000005D01E07FE025E000F003012C20015598
:1060D0006720005DC0F3810184F82D106720005D0A
:1060E000C0F3011184F82E106720005D810984F847
:1060F0002F106820005D00F0030184F830100120AB
:1061000084F8860084F88900914803F0EBFBC4F81A
:106110009C0057E05A20015D412001555B20015D44
:1061200084F842105C20015D84F843105D20015D1D
:1061300084F844106120015D6020005D01EB0020C7
:10614000C1B2402001556620015D84F846106720E9
:10615000015D84F845106920015D6820005D01EB58
:10616000002081B2482001536A20015D84F8471065
:10617000774803F0B7FBC4F89C00012084F8850041
:1061800084F88B001EE05B20005D00F5FA60744926
:1061900008605A20005D08715920005D48715C203C
:1061A000005D48725D20005D88715E20005DC871F1
:1061B0005F20005D0872084609F0D2F9012084F8DA
:1061C0008A0000BF00BF2078002862D1052F60D16F
:1061D0005F4803F087FB6168401A42F6F821884265
:1061E00057D3002508E05C48801C691C415C04F121
:1061F00008004155681CC5B2102DF4DBE07800287A
:1062000047D1002518E04FF0000800260CE004F10B
:106210000800805D534901EB0511895D884201D07A
:106220004FF00108701CC6B2082EF0DBB8F1000F69
:1062300000D103E0681CC5B2102DE4DB00BFB8F14B
:10624000000F12D100260EE006F1080004F108014B
:10625000085C444910393144097A884201D04FF032
:106260000108701CC6B2082EEEDBB8F1010F09D18F
:10627000374803F037FB6060002060703A4801F057
:106280006DFC03E0012020700020A0700120E07070
:1062900000BF207800286BD02D4803F023FB334942
:1062A0000968401A642808D3294803F01BFBD4F876
:1062B0009C10401AB0F5FA6F03D894F8200000281B
:1062C000E9D0234803F00EFB28490860002005E0D0
:1062D000002204F158010A54411CC8B21428F7DB0B
:1062E00094F8700084F8580094F8200030B194F8C5
:1062F000200084F85800002084F8200094F858000A
:106300000A287DD2DFE800F07C0589E47C7C7C7C77
:10631000FDFC1248817B592001551048C17B5A2051
:1063200001550E48017C5B2001550C48417C5C20E6
:1063300001550A48817C5D2001550848C17C5E20DA
:1063400001550648017D5F2001550448417D10E05C
:10635000F8010020F00100201C2500204808002042
:10636000301E002010600008C4010020EC01002055
:1063700086E160200155FE48817D61200155FC4881
:10638000C17D62200155FA48407A2830C1B26320AD
:106390000155F748807A2830C1B264200155F4488D
:1063A000C07A2830C1B265200155F148007B283001
:1063B000C1B266200155EE48407B2830C1B267204B
:1063C0000155EC48017868200155E94890F83710EC
:1063D00090F8380041EA4001E54890F85B0041EA56
:1063E0008001E34890F8390041EA4011E04890F814
:1063F0003A0041EA8010C1B269200155DC4800E052
:1064000026E190F834002830C1B26A200155D4F852
:106410009000401CC4F890001EE100200CE0D4491C
:106420001F310A5C491F095C42EAC111CBB2411C11
:1064300004F158025354401C0528F0DBFF215E2074
:106440000155CC4801785F200155CA488178602009
:106450000155C848017961200155C64881796220FB
:106460000155C448017A63200155C148017940793A
:1064700041EA0010C1B264200155BD488179C0795C
:1064800041EA0010C1B265200155B948017A662081
:106490000155B74890F82E1090F82F0041EA80017E
:1064A000B34890F8300041EA0011B14890F831004B
:1064B00041EA8010C1B267200155AD4890F8321012
:1064C00068200155D4F89400401CC4F89400C3E03F
:1064D000FF2159200155A84801785A200155A648A6
:1064E00041785B200155A44881785C200155A24881
:1064F000C1785D2001550021602001559F4801E0D1
:1065000073E039E0417A6120015500216220015594
:106510006320015564200155954890F83D1090F88E
:106520003E0041EA4000C1B265200155944801791E
:106530006620015593484179672001559149C888E3
:10654000C11700EB1161C1F3072268210A558D497B
:10655000C888C11700EB11610912A0EB0121CAB272
:1065600069210A55864841796A200155D4F8980076
:10657000401CC4F898006FE07D4890F864105920E2
:1065800001557B4890F865105A200155784890F8DD
:1065900066105B200155764890F867105C20015525
:1065A000794881795D2001557748C1795E20015590
:1065B0007548017A5F2001557348417A6020015582
:1065C0006B4890F8681061200155694890F869108F
:1065D00062200155664890F86A10632001556448AE
:1065E00090F86B106420015536E0A07878B3002055
:1065F000A070092084F8580021785920015561784D
:106600005A200155614881795D2001555F48C17963
:106610005E2001555D48017A5F2001555B48417A53
:106620006020015500216120015562200155632041
:106630000155002609E056483044027A06F10C0064
:1066400004F158010A54701CC6B2082EF3DB03E0B3
:10665000002084F8580000BF00BF94F8580020B113
:1066600004F158014B4809F0C9F914F8700F401CA7
:10667000207014F870090F2802DB002084F87000E5
:1066800094F8850038B3002084F885001320FAF7C9
:10669000A3F881464020005D94F84810482232F863
:1066A00004804FEAE87208EB1262C2F3072294F802
:1066B00045304B33DBB2CDE90132CDE9031094F81C
:1066C0004700009094F846004B30C3B2032249467D
:1066D000314802F049FF94F8860088B3002084F81E
:1066E00086001620FAF778F880463120015D3220C6
:1066F000005D41EA80013320005D41EA0011342051
:10670000005D41EA8010C0B2FF2102910391CDE902
:10671000041000912C200191015D94F82D0041EAB4
:10672000800194F82E0041EA001194F82F0041EA0C
:106730008010C2B294F830304146174802F02AFF68
:1067400094F8870098B1002084F887001920FAF7A0
:1067500043F880462620005D4B30C0B22521095DFC
:106760004B31C9B22422125D4B32D2B216E024E082
:106770004808002008030020980200202408002078
:10678000BE010020B601002000C0010800C00108C1
:10679000006000081C2500201C120020CDE900210B
:1067A00002902320005D4B30C3B294F822004B309E
:1067B000C2B24146464802F0A2FE94F8880008B3EF
:1067C000002084F888001A20FAF706F8804694F82A
:1067D0002B004B30C1B294F82A004B30C2B294F86F
:1067E00029004B30C0B2CDE90121009094F8280077
:1067F0004B30C3B22720005D4B30C2B24146344813
:1068000002F07DFE94F8890060B3002084F88900CE
:106810001B20F9F7E1FF804694F83A0040F0FC01B4
:106820003620025D94F8370042EA800294F838007E
:1068300042EA001294F8390042EA8010C2B294F899
:106840003F3094F83E00CDE902320491019094F873
:106850003D00009094F83C303B20025D41461C48CE
:1068600002F082FE94F88A00B8B1002084F88A0011
:106870002820F9F7B1FF80461648027AC17980795D
:10688000144B5B79CDE90030CDE902121148037950
:10689000027841460E4802F04DFE94F88B00A0B1FC
:1068A000002084F88B002920F9F796FF804694F8A1
:1068B000440094F84310CDE9001094F84230412090
:1068C000025D4146024802F001FE00BFFFF75FBBD8
:1068D0001C120020301E00202DE9F047D8B082465F
:1068E0000F4672B6F7F7F8FA00BF4FF44070F7F7AB
:1068F0000BFC0128F9D0002638E04FF001094FF0D9
:1069000000080CE0414800EB061010F80800FF28D2
:1069100001D04FF0000908F1010000F0FF08B8F1C4
:10692000100FEFDBB9F1010F1ED1002414E03D5D23
:10693000601C385C05EB0025A01C385C05EB0045AD
:10694000E01C385C05EB0065304901EB06110819C5
:106950002946F8F727FA241D082CE8D3FAF750F94E
:1069600062B658B0BDE8F087701CC6B2102EC4DB0A
:10697000002405E025482038205C0DF80400641C44
:10698000B4F5B07FF6D321482038F7F711FF00BFE8
:106990004FF44070F7F7B8FB0128F9D0202406E047
:1069A00004F110001DF800000DF80400641CB4F59B
:1069B000887FF5D3002405E0395D04F588700DF873
:1069C0000010641C082CF7D3002417E01DF80450B5
:1069D000601C1DF8000005EB0025A01C1DF8000040
:1069E00005EB0045E01C1DF8000005EB00650749BC
:1069F000203960182946F8F7D5F9241DB4F5B07F81
:106A0000E4D3FAF7FDF862B600BFAAE720600008F9
:106A10002DE9F041D8B0804640484079202879D10E
:106A20003E488079202875D13C48C079202871D112
:106A3000F7F752FA00BF4FF44070F7F765FB0128F3
:106A4000F9D0002404E03548205C0DF80400641CF3
:106A5000B4F5B07FF7D33148F7F7AAFE00BF4FF483
:106A60004070F7F751FB0128F9D0002418E0002509
:106A700000260BE006EB4401294810F8110000F055
:106A80000F0005432807050E701CC6B2022EF1DB6D
:106A900005F1200000F03F05601D0DF80050641C5A
:106AA000032CE4D3002415E0002500260BE006EBC0
:106AB00044011B4810F8110000F003000543A8062C
:106AC000050E701CC6B2042EF1DB04F110000DF8A7
:106AD0000050641C082CE7D3002416E01DF8047055
:106AE000601C1DF8000007EB0027A01C1DF800002B
:106AF00007EB0047E01C1DF8000007EB00670749A3
:106B000060183946F8F74EF9241DB4F5B07FE5D387
:106B1000FAF776F858B0BDE8F08100000060000890
:106B2000D21B00202DE9F0410746002407E01A4857
:106B30002044007AFF2801D0BDE8F081641C082CB5
:106B4000F5D3F7F7C9F900BF4FF44070F7F7DCFA57
:106B50000128F9D0002419E0002500260CE004EB00
:106B6000440006EB40010D4810F8110000F0010050
:106B700005436D00701CC6B2202EF0DB06490831BB
:106B800001EB84002946F8F70DF9641C022CE3D3CD
:106B9000FAF736F800BFCFE700600008D21B0020EC
:106BA0007047000030B585B004460820434908709E
:106BB0000021434806F074FF00202071F0214FF4BB
:106BC000A0730246CDE9001001463E4805F01EFACA
:106BD00005203D4900220192CDE902210490732055
:106BE0004FF49D73032211460090364804F094FF41
:106BF0000020F8F763FD05460020009008231A46A0
:106C000029460190314803F037FC0120F8F756FD82
:106C100005460020009040230822294601902B4879
:106C200003F02AFC0220F8F749FD054600200090F9
:106C30005B23082229460190244803F01DFC05200F
:106C4000214900220192CDE9022104902820034627
:106C5000C322052100901B4804F05EFF002014238E
:106C6000C72209210090174805F09EFC052016490F
:106C700000220192CDE90221049028200346C3227C
:106C800040F2131100900F4804F046FF00200A2341
:106C9000C72240F2171100900A4805F085FC2046F3
:106CA00000F018F8204600F091F8204600F0B6F801
:106CB000074802F067FF05B030BD00000400002067
:106CC000D01D00200C1200202929290018020020C4
:106CD000C40200207CB50446394814214FF4967351
:106CE0001C22CDE900100521364805F08FF9607BA4
:106CF000052863D2DFE800F00316293C4F0003208B
:106D0000F8F7DCFC0546207908B9012000E00020F6
:106D100001212023A022CDE9001029462A4803F0B2
:106D2000ABFB4BE00420F8F7C9FC0546207908B915
:106D3000012000E0002001212023A022CDE9001045
:106D40002946214803F098FB38E00520F8F7B6FC07
:106D50000546207908B9012000E000200121202308
:106D6000A022CDE900102946174803F085FB25E055
:106D70000620F8F7A3FC0546207908B9012000E0B9
:106D8000002001212023A022CDE9001029460E4831
:106D900003F072FB12E00720F8F790FC054620791B
:106DA00008B9012000E0002001212023A022CDE924
:106DB00000102946044803F05FFB00BF00BF7CBD04
:106DC000292929000C120020180200201FB50446B2
:106DD0000EA102A8A268F5F76DFA0D480E21322324
:106DE0004022CDE90010DC210A4805F00FF9207996
:106DF000012800D100E0002000214023DC22CDE961
:106E0000001002A9044803F037FB1FBD25640000F1
:106E1000292929000C1200201802002010B586B084
:106E20000446227B0BA104A8F5F744FA232021791C
:106E3000022901D1012100E0002100225B23CDE9DC
:106E400000210290DC2204A9034803F0B7FE06B03B
:106E500010BD0000256400001802002010B5044693
:106E60001C222146014802F083FD10BDF8010020DC
:106E700010B5044659480078082801D0FF2010BDFD
:106E80005748407E10B90020554988705448407ECC
:106E900000282FD05248807800282BD1012050495B
:106EA00088705048F9F7B6FC08B1002020714E48B0
:106EB000F9F7B0FC08B1012020714C48F9F7AAFCA1
:106EC00008B1022020714A48F9F7A4FC10B14948E2
:106ED00003F022F94848F9F79DFC58B1617B474817
:106EE000C172217B0173A168816108F0E1FA414818
:106EF00003F012F9217B207E814204D0217B217690
:106F00002046FFF78BFF2079217C88420AD0207928
:106F100020742046FFF782FF2046FFF7DBFE204665
:106F2000FFF754FFA1686069814204D0A1686161E4
:106F30002046FFF74BFF617B607E814204D0617B7E
:106F400061762046FFF7C6FE2D48007800B300208A
:106F50002B490870207920B1012809D0022816D1C8
:106F60000EE0607B042802DA607B401C60730EE058
:106F7000A068B0F5167F02D2A0680A30A06006E0D3
:106F8000207B642802DA207B401C207300BF00BFF6
:106F90001B484078F8B1002019494870207920B189
:106FA000012809D0022815D10DE0607B002802DD00
:106FB000607B401E60730DE0A0680A2802D9A068BB
:106FC0000A38A06006E0207B052802DD207B401EF9
:106FD000207300BF00BFFF2051E700000400002025
:106FE000F41D0020DA210208E2210208EA21020849
:106FF000F221020892010020FA210208DC07002099
:10700000C40200207047000030B587B00546B5F9CE
:1070100002401448007A58B100EE104AB8EEC00A97
:10702000114802F097FCBDEEC00A10EE100A04B23F
:107030000C48007A08B1462000E04320034622466F
:107040000AA104A8F5F736F93C2000210091172386
:107050005F22CDE9011004A9064803F0C3FD07B083
:1070600030BD0000DC070020F8010020253364C299
:10707000B02563001802002070B586B005460D20CB
:10708000984908706421984806F00AFD0020974945
:10709000C870F0214FF4A0730246CDE900100146FC
:1070A000934804F0B3FF9348BE214FF4A07300222D
:1070B000CDE9001011468E4804F0A8FF05208D4947
:1070C00000220192CDE90221049028200346C32228
:1070D00005210090864804F01FFD05208549002207
:1070E0000192CDE90221049028206423C322D721F4
:1070F00000907F4804F010FD00201423C7220921CE
:1071000000907B4805F050FA04246320F8F7D6FA83
:10711000064600200090019004F113000446034647
:1071200005223146744803F0E5FB6420F8F7C6FAFF
:10713000064600200090019004F113000446034627
:10714000052231466C4803F0D5FB6520F8F7B6FA06
:10715000064600200090019004F113000446034607
:1071600005223146644803F0C5FB6220F8F7A6FA11
:10717000064600200090019004F1130004460346E7
:10718000052231465C4803F0B5FB5F20F8F796FA1C
:10719000064600200090019004F1130004460346C7
:1071A00005223146544803F0A5FB6020F8F786FA23
:1071B000064600200090019004F1130004460346A7
:1071C000052231464C4803F095FB6120F8F776FA2A
:1071D000064600200090019004F113000446034687
:1071E00005223146444803F085FB6620F8F766FA2D
:1071F000064600200090019004F113000446034667
:10720000052231463C4803F075FB04246720F8F75B
:1072100055FA064600200090019004F11300044640
:1072200003469D223146344803F064FB6820F8F79A
:1072300045FA064600200090019004F11300044630
:1072400003469D2231462C4803F054FB6920F8F791
:1072500035FA064600200090019004F11300044620
:1072600003469D223146244803F044FB6A20F8F788
:1072700025FA064600200090019004F11300044610
:1072800003469D2231461C4803F034FB284600F09B
:1072900013FA284600F072F9284600F0F5F828465F
:1072A00000F018FC284600F01DF92846FFF7ACFE58
:1072B000284600F023F8284600F0C6F9284600F0DA
:1072C000A3F9284600F0CAFA284600F00FFA28462B
:1072D00000F04CF8284600F021F9284600F068F943
:1072E00006B070BD04000020D01D0020C4020020A4
:1072F0000C120020292929001802002030B587B07F
:107300000546B5F906401448007A58B100EE104A17
:10731000B8EEC00A114802F01DFBBDEEC00A10EE27
:10732000100A04B20C48007A08B1462000E043205D
:10733000034622460AA104A8F4F7BCFF3C20002122
:1073400000912A235F22CDE9011004A9064803F029
:1073500049FC07B030BD0000DC070020F801002028
:10736000253364C2B02563001802002030B52DED2E
:10737000028B87B004462820F8F7A0F9054694ED63
:10738000060A10EE101A08460AF0B8FB41EC180B7A
:1073900053EC182B09A104A80095F4F78BFF4620A5
:1073A000002100915023FA22CDE9011004A90648DA
:1073B00003F018FC07B0BDEC028B30BD25322E3136
:1073C00066202573000000001802002002461729DD
:1073D00001D1012070471B2901D10020FAE72229A1
:1073E00001D10020F6E7232901D10120F2E72B2962
:1073F00001D10020EEE72C2901D10120EAE700208D
:10740000E8E700002DE9F04180460D4616460024CD
:107410002DE0194810F82400A84227D1164800EBA7
:1074200084004078B04221D1134800EB840090F9E9
:107430000300002807DA104901EB84018878F8F787
:107440003DF9BDE8F0810C4901EB84018878F8F73B
:1074500035F90746084800EB840090F903303A46B6
:1074600006A10848F4F726FF0648EAE7641C522CF8
:10747000CFDB0020E5E70000DC2202082573202591
:10748000640000001804002030B52DED028B87B099
:1074900004462620F8F712F9054694ED040A10EE8A
:1074A000101A08460AF02AFB41EC180B53EC182B73
:1074B00009A104A80095F4F7FDFE3C2000210091ED
:1074C00089237822CDE9011004A9054803F08AFB3D
:1074D00007B0BDEC028B30BD25312E32662573001E
:1074E0001802002010B586B00446227D08A103A82A
:1074F000F4F7E0FE32200021009150235F22CDE915
:10750000011003A9044803F06DFB06B010BD000094
:1075100025336425250000001802002030B52DED2C
:10752000028B87B004462920F8F7C8F8054694ED89
:107530000B0A10EE101A08460AF0E0FA41EC180B9C
:1075400053EC182B09A104A80095F4F7B3FE6420AE
:10755000002100919C237822CDE9011004A906485E
:1075600003F040FB07B0BDEC028B30BD25332E335A
:1075700066202573000000001802002010B586B0B8
:107580000446B4F90A2008A103A8F4F793FE2820C2
:107590000021009163237822CDE9011003A903485B
:1075A00003F020FB06B010BD256400001802002087
:1075B0007CB50546104890F8360008B1022000E07E
:1075C000002004462C23C722DB210C48009404F041
:1075D000EBFF094890F8360008B1022000E00020D7
:1075E0000121CF2340F21D12CDE9001004A105486E
:1075F00002F042FF7CBD0000480800200C12002071
:1076000045434F00180200203EB50446207F18B1C4
:107610003B20F8F753F802E03C20F8F74FF8054616
:107620002D20217F09B1022100E000210022172333
:10763000CDE900210290FA222946024803F0D2FA4D
:107640003EBD00001802002030B587B00546B5F9F0
:1076500008401448007A58B100EE104AB8EEC00A4B
:10766000114802F077F9BDEEC00A10EE100A04B21C
:107670000C48007A08B1462000E043200346224629
:107680000AA104A8F4F716FE3C20002100913D2336
:107690005F22CDE9011004A9064803F0A3FA07B060
:1076A00030BD0000DC070020F8010020253364C253
:1076B000B02563001802002010B586B00446B4F966
:1076C0000C2008A103A8F4F7F5FD28200021009163
:1076D00076237822CDE9011003A9034803F082FA4A
:1076E00006B010BD256400001802002070B52DED15
:1076F000028B86B004462720F7F7E0FF054694F892
:107700003010204600F030F8D4ED040A20EE200AB4
:10771000DFED100A20EE200A10EE106A30460AF063
:10772000EDF941EC180B53EC182B0BA103A80095B5
:10773000F4F7C0FD5A20002100913D23FA22CDE943
:10774000011003A9074803F04DFA06B0BDEC028B07
:1077500070BD0000BC74133D25312E3266202573A8
:107760000000000018020020172902D1B1EE000A23
:1077700070471B2902D19FED0D0AF9E7222902D19A
:107780009FED0B0AF4E7232902D1B1EE000AEFE7DF
:107790002B2902D19FED050AEAE72C2902D1B1EE8F
:1077A000000AE5E79FED030AE2E70000CDCC8C403C
:1077B0009A99D9400000000000B5034693F83010B4
:1077C0001846FFF703FEE8B993F830101846FFF7A4
:1077D000CBFFD3ED040A20EE200ADFED190A20EEDC
:1077E000200ADFED180A20EE200ADFED170A20EE4E
:1077F000200ADFED160A20EE200ADFED150A20EE42
:10780000200A00BD93F830101846FFF7ADFFD3ED06
:10781000040A20EE200ADFED0A0A20EE200ADFED3E
:107820000D0A20EE200ADFED0C0A20EE200ADFED23
:10783000070A20EE200ADFED060A20EE200AE0E724
:1078400000001042A4703D419A99593FFAED6B3AFD
:107850006666663F1F8543418FC2353F70B52DED8B
:10786000028B86B004462046FFF7A6FF10EE105AA2
:107870002A20F7F723FF064628460AF03FF941EC95
:10788000180B53EC182B0AA103A80096F4F712FD6D
:107890005520002100912A23FA22CDE9011003A9E5
:1078A000064803F09FF906B0BDEC028B70BD0000E6
:1078B00025322E31662025730000000018020020BA
:1078C00010B5044668222146014802F051F810BD67
:1078D000F801002070B586B00446774800780D287E
:1078E00002D0FF2006B070BDB4F94000B4F90C100E
:1078F000884205D0A189402001532046FFF7DCFED5
:10790000B4F93E00B4F90A10884204D06189E187D5
:107910002046FFF733FE94ED110AD4ED040AB4EECD
:10792000600AF1EE10FA0CD094ED040A84ED110A0D
:107930002046FFF7A9FD2046FFF790FF2046FFF7FE
:10794000D5FE4820005D217D884205D0217D48205C
:1079500001552046FFF7C6FD3520005D617888425D
:1079600004D194F834002178884208D06178352019
:107970000155207884F83400204600F0ABF8B4F9C3
:107980003600B4F90210884204D06188E1862046AE
:10799000FFF73AFBB4F93A00B4F90610884204D074
:1079A000E18861872046FFF7A9FCB4F93C00B4F9EF
:1079B0000810884204D02189A1872046FFF744FEA1
:1079C00094ED130AD4ED060AB4EE600AF1EE10FA53
:1079D00006D094ED060A84ED130A2046FFF7C6FC94
:1079E0005020005D217F884205D0217F5020015525
:1079F0002046FFF709FE94ED180AD4ED0B0AB4EE09
:107A0000600AF1EE10FA06D094ED0B0A84ED180A24
:107A10002046FFF783FD94F86610284890F836005A
:107A2000814207D0254890F8361084F86610204629
:107A3000FFF7BEFD204800780D2801D0FF2051E758
:107A40001F48407E10B900201D4988701C48407EA8
:107A500078B31B48807860BB0120194988701948A9
:107A6000F8F7D8FE18B1184802F056FB1FE0174887
:107A7000F8F7D0FED8B1114890F8360008B90120C7
:107A800000E00020CF2141EA00151320F8F7A4FE02
:107A90000646FF20CDE90250049005900090034671
:107AA0000122314601900A4801F074FD00BFFF2019
:107AB00018E7FFE7FF2015E7040000204808002032
:107AC000F41D0020CC22020892010020D4220208DA
:107AD0001C12002070B58AB00446184811214FF4DA
:107AE000A0730122CDE900100021154804F08EFAA0
:107AF000627821782046FFF785FC05462DB12A469D
:107B000010A102A8F4F7D6FB0BE05E20F7F7D6FD34
:107B1000064660780090237832460BA102A8F4F75D
:107B2000C9FB002001210B46A022CDE9001002A9CB
:107B3000084802F0DFFE0AB070BD000029292900C4
:107B40000C1200202573000025732825642D256460
:107B500029000000180200207047000030B585B0F1
:107B6000054614202E4908702E4801F0FDFF002123
:107B70002D4805F095FF0020F0214FF4A073024638
:107B8000CDE900100146294804F040FA3720F7F704
:107B900095FD0446042001211E23A022CDE90010FA
:107BA0002146234802F068FC052022490022019268
:107BB000CDE90221049028203C231A46322100906E
:107BC0001A4803F0A9FF1420F7F778FD04460020B7
:107BD000012146235022CDE900102146144802F02D
:107BE0004BFC0520134900220192CDE902210490AB
:107BF00028203C231A46D22100900C4803F08CFF29
:107C00001520F7F75BFD0446002001214623F022F2
:107C1000CDE900102146064802F02EFC05B030BD2B
:107C200004000020C4020020D01D00200C120020FF
:107C3000180200202929290010B5044601222146F6
:107C4000014801F095FE10BDF801002010B5044672
:107C500022480078142800D010BD2148407E10B979
:107C600000201F4988701E48407E002833D01C48E1
:107C7000807800282FD10120194988701948F8F719
:107C8000C9FDA8B1012018490870002048701748A4
:107C900001F028FE1449486008311348FEF71CFE25
:107CA0000120114988700020C8701148FBF722FAA2
:107CB0001048F8F7AFFD70B100200B4908700120A3
:107CC00048700A4801F00EFE074948600020C8705D
:107CD0000748FBF70FFA00BFBEE7000004000020D2
:107CE000F41D00208840020870250020F8010020C3
:107CF0004808002090400208704700001CB5044668
:107D0000152012490870124890F820002070207841
:107D100010490978884201DB002020702078062174
:107D200090FBF1F0607000210B4805F0B9FE0B48A4
:107D3000F0214FF4A0730022CDE90010114608484D
:107D400004F064F9204600F00DF81CBD040000208A
:107D5000DC07002098210208D01D002029292900D5
:107D60000C1200202DE9F04F8DB004467A48D8213E
:107D7000F0231822CDE900100021784804F046F9DC
:107D80007548D82150231822CDE90010F0217348FE
:107D900004F03CF97248D82101231822CDE90010E3
:107DA000EF216E4804F032F9607800EB40004006A5
:107DB000000E0C90002655E00C983044C5B269487E
:107DC0000078854200DB4FE009AA0AA93046F8F79F
:107DD0007BFD2078A84214D106205F49624ACDE994
:107DE0000112CDE9031066200090BDF82400C01CEC
:107DF00082B2BDF82800C01C81B24A23574803F064
:107E00008BFEBDF82800123080B20890BDF8240027
:107E1000193087B200200090544800EB0510838988
:107E20003A464E48089904F0BFFB07F1240080B29F
:107E300007902078A84201D1012000E000200690A0
:107E400001210698CDE90010BDF82800283082B243
:107E5000464800EB051041684548079B02F04AFD83
:107E6000701CC6B2062EA7DB607808B1012000E0C6
:107E7000002080466078401C00EB40004006000E69
:107E800038490978884201DA012000E00020814663
:107E9000B8F1000F01D0374800E037486C2150237B
:107EA0001822CDE90010F0212C4804F0AFF8B9F108
:107EB000000F01D02F4800E02F486C21502384226E
:107EC000CDE90010F021254804F0A0F82448012154
:107ED00050238422CDE90010F021204804F096F8C8
:107EE0004FF4847A4FF03E0BAA200B90B8F1000FAC
:107EF00001D0002000E0052031235A465146009071
:107F0000164804F051FBB9F1000F01D0002000E049
:107F1000052023230090514610480B9A04F044FB9F
:107F20000D481821F0230022CDE9001011460B481E
:107F300004F06CF80E20F7F7C1FB05460020012184
:107F40000923A022CDE900102946094802F094FA3D
:107F50000DB0BDE8F08F0000292929000C12002087
:107F60003A3A3A00982102084A4A4A00782102081F
:107F70001802002033333300252525002DE9FC416C
:107F800004464A480078152802D0FF20BDE8FC814D
:107F90004748407E20B9002045498870FF20F5E71A
:107FA0004348807808B1FF20F0E7012040498870FD
:107FB0000846B0F91C00F02836DB607808B10120D3
:107FC00000E0002005466078401C00EB40004006C1
:107FD000000E38490978884201DA012000E00020CB
:107FE00007463348B0F91E0018280DDB3048B0F9B9
:107FF0001E00842808DA3DB16078401E607020467B
:10800000FFF7B0FEFF20C1E72948B0F91E00842821
:1080100008DB3FB16078401C60702046FFF7A2FE8D
:10802000FF20B3E7FF20B1E7607800EB4000400697
:10803000060E002535E07019C7B21E480078874249
:1080400000DB30E06A4601A92846F8F73DFC1848F5
:10805000B0F91C00BDF80410884220DB1448B0F9C8
:108060001C10BDF804005030814218DA1048B0F9F5
:108070001E00BDF80010884211DB0D48B0F91E103B
:10808000BDF800006C30814209DA0B4880F820709E
:1080900007F00EFA094802F03FF8FF2076E7681C67
:1080A000C5B2062DC7DBFF2070E7000004000020EA
:1080B000F41D002098210208DC0700209201002016
:1080C00038B505460B484088041D0B48407A40B13E
:1080D0000220A2B21C230E210090084804F064FA8A
:1080E00007E00020A2B21B230E210090034804F0F9
:1080F0005BFA38BDEC240208102600200C12002088
:1081000038B505460B484088041D0B48C07A40B17D
:108110000220A2B21C230E210090084804F044FA69
:1081200007E00020A2B21B230E210090034804F0B8
:108130003BFA38BDD4240208102600200C1200207F
:1081400030B585B004461720724908700021724886
:1081500005F0A6FC0020F0214FF4A0730246CDE903
:10816000001001466D4803F051FF05206C490022C4
:108170000192CDE9022104902120009069484288B3
:1081800001884FF49B73654803F0C6FCA120F7F704
:1081900095FA0546002000900190624840880A3018
:1081A00083B23F222946604802F066F905205C4907
:1081B00000220192CDE902210490212000905B4829
:1081C000428801884FF49B73544803F0A5FCA22019
:1081D000F7F774FA05460020009001905348408854
:1081E0000A3083B23F2229464F4802F045F9052064
:1081F0004B4900220192CDE90221049021200090F8
:108200004B48428801884FF49B73444803F084FC38
:10821000A320F7F753FA0546002000900190444848
:1082200040880A3083B23F2229463F4802F024F9B1
:1082300005203B4900220192CDE902210490212032
:1082400000903C48428801884FF49B73334803F008
:1082500063FCA420F7F732FA054600200090019055
:10826000344840880A3083B23F2229462E4802F023
:1082700003F905202A4900220192CDE90221049048
:10828000212000902C48428801884FF49B7323489A
:1082900003F042FCA520F7F711FA054600200090F4
:1082A0000190254840880A3083B23F2229461E4863
:1082B00002F0E2F805201A4900220192CDE90221DC
:1082C000049028200346C32205210090134803F0A0
:1082D00023FC00201423C722092100900F4804F03A
:1082E00063F94FF4F272154901F5F270F4F764FB8B
:1082F000204600F025F82046FFF702FF204600F058
:108300003FF8204600F05CF82046FFF7D9FE05B0A4
:1083100030BD000004000020D01D00200C12002001
:1083200029292900CC24020818020020D42402089C
:10833000DC240208E4240208EC24020810260020B1
:1083400038B505460B484088041D0B48C07940B13C
:108350000220A2B21C230E210090084804F024F948
:1083600007E00020A2B21B230E210090034804F076
:108370001BF938BDCC240208102600200C12002066
:1083800038B505460B484088041D0B48007B40B1BA
:108390000220A2B21C230E210090084804F004F928
:1083A00007E00020A2B21B230E210090034804F036
:1083B000FBF838BDDC240208102600200C12002037
:1083C00038B505460B484088041D0B48007A40B17B
:1083D0000220A2B21C230E210090084804F0E4F809
:1083E00007E00020A2B21B230E210090034804F0F6
:1083F000DBF838BDE4240208102600200C1200200F
:10840000F0B589B007460C46154613A103C9CDE95E
:108410000701601E07A90D543C20F5F77FFD0646B5
:108420009DF822009DF821109DF820209DF81F3016
:10843000CDE90232CDE904109DF81E009DF81D1013
:10844000CDE900109DF81C3001223146044801F0AE
:10845000A1F809B0F0BD0000FFFFFFFFFFFFFF0024
:108460001C1200202DE9F04186B080460C461646CD
:10847000FF250320A040854306FA04F0C0B205435F
:108480003C20F5F74BFD0746FF2002900390049037
:10849000059000902B46012239460190024801F0D8
:1084A00079F806B0BDE8F0811C12002010B5044632
:1084B0005A480078172801D0FF2010BD584890F87E
:1084C000EB015749C979884206D05548C17980F8EF
:1084D000EB112046FFF734FF514890F8EF01504967
:1084E000C97A884206D04E48C17A80F8EF112046FA
:1084F000FFF706FE4A4890F8F0014949097B884297
:1085000006D04748017B80F8F0112046FFF738FF7E
:10851000434890F8EC014249097A884206D0404825
:10852000017A80F8EC112046FFF74AFF3C4890F8AA
:10853000ED013B49497A884206D03948417A80F8B2
:10854000ED112046FFF7BCFD3648407E10B90020F3
:10855000344988703348407E00285DD031488078A7
:10856000002859D101202F4988702F48F8F752F977
:1085700018B12E4807F0E0FA4EE02D48F8F74AF916
:1085800058B12748C07908B9012000E00020024610
:1085900000212046FFF766FF3EE02648F8F73AF94B
:1085A00058B11F48C07A08B9012000E000200246F7
:1085B00002212046FFF724FF2EE01F48F8F72AF992
:1085C00058B11748007B08B9012000E0002002469E
:1085D00003212046FFF714FF1EE01848F8F71AF9A8
:1085E00058B10F48007A08B9012000E00020024687
:1085F00002212046FFF736FF0EE01148F8F70AF98E
:1086000050B10748407A08B9012000E00020024636
:1086100004212046FFF726FFFF204EE7040000203C
:1086200010260020F41D0020C4240208930100201D
:10863000CC240208D4240208DC240208E424020822
:10864000EC24020810B502460B4600211EE0C1EBE7
:10865000011000EB411402F55C7010F8240098B191
:10866000C1EB011000EB411402F55C7000EB8400DB
:108670004088984208D1C1EB011000EB411402F58B
:108680005C7000EB840010BD481CC1B20429DEDB25
:108690000020F8E70246002113E0C1EB011000EBD7
:1086A000411302F55C7010F8230040B9C1EB0110D2
:1086B00000EB411302F55C7000EB83007047481C2F
:1086C000C1B20429E9DB0020F8E700002DE9F04100
:1086D00080460C4615461E46069F9C3424F89A5C3C
:1086E000012004F89C0C0020A0812061267567758C
:1086F000074801F0F7F8A061002020779C3C3B463A
:1087000032462946404600F0B7F8BDE8F081000047
:10871000F80100202DE9F04781460C461546C4F3C8
:1087200008563D2E03D03E2E01D0BDE8F087C4F39D
:10873000C60704F007083D2E06D12B4642463946AF
:10874000484600F097F903E02946484600F016FA3B
:1087500000BFEAE72DE9F84304460D4690469946E6
:1087600029462046FFF76EFF08B1BDE8F8830020D8
:1087700008E004F5CC6131F82010A94200D1F4E7FB
:10878000411CC8B294F880168142F2DC2046FFF703
:1087900081FF064646B143462A4631462046CDF87B
:1087A0000090FFF793FFE0E794F88006082800DBCD
:1087B000DBE794F88016481C84F8800604F5CC604A
:1087C00000EB81073D8087F8028087F8039000BFA7
:1087D000CBE738B504460D4694F8800600B938BD9D
:1087E00040F26360005D009040F26260035DB4F8A7
:1087F000602629462046FFF769FF01200CE0411E54
:1088000004F5CC6202EB810204F5CC6101EB80013E
:1088100009681160411CC8B294F880168142EEDCF0
:1088200094F88006401E84F8800600BFD7E72DE943
:10883000F04104460E46174698463146204600F061
:1088400059FA054675B994F8C40010280ADA14F8E4
:10885000C41F2078401C04F8C40901EB4101201D0D
:1088600000EB81050DB9BDE8F0812E806F60A5F8A1
:10887000088000BFF7E700002DE9F04186B005460B
:108880000C4616461F463B4632463D21284608F018
:1088900069F88046FF200290039004900590201212
:1088A000E1B2FF230222CDE900104146024800F068
:1088B00071FE06B0BDE8F0811C120020F0B589B051
:1088C000044694F8C80000283DD0664801F00AF834
:1088D000D4F87811401A05287ED3B4F87211B4F890
:1088E0007001814230DB002084F8C80094F86E03E8
:1088F000002871DD94F82002009094F81F32B4F83B
:108900007C2104F5BF71204600F0A4F9012511E097
:1089100053226A4304F5BE7303EB42016A1E5323DC
:108920005A4304F5BE7303EB4200A622F3F7BDFFE2
:10893000681CC5B294F86E03A842E9DC94F86E0393
:10894000401E84F86E0347E047A103C9CDE9070143
:10895000002010E0B4F8722102EB8202024491B2CE
:10896000B4F86E218A4204DD04F1CC02525C07ABFC
:108970001A54411CC8B20528ECDB94F8753194F800
:1089800074213E21204607F0EDFF05469DF82000AA
:108990009DF81F109DF81E209DF81D30CDE9023274
:1089A000CDE904109DF81C0094F87211CDE9001077
:1089B000CA20005B0312CA20025D29462C4800F041
:1089C000E9FD284800F08EFFC4F87801B4F8720180
:1089D000401CA4F8720100BF00263FE0C6EB061061
:1089E00000EB461104F55C7000EB8105287800B9B6
:1089F00032E0B5F8A800002805DDB5F8A80000EBC6
:108A00008000400000E0C8200746164800F06AFFDA
:108A1000D5F8B410401AB8421DD995F8B800052809
:108A200013DA9C35287F401C28770E4800F05AFF47
:108A3000A8610020A88128616B7D2A7D35F89A1CE9
:108A40009C3D2046FFF718FF05E0002028702946CE
:108A50002046FFF7BEFE00BF701CC6B2042EBDDB71
:108A600009B0F0BDF8010020FFFFFFFFFF0000008C
:108A70001C1200202DE9F84F81460E4617461D4670
:108A8000A878E97840EA012A2878022810D15146CE
:108A9000484600F02FF9044644B1606830B10097B1
:108AA000334652464846616800F0D4F8BDE8F88F76
:108AB000287801285ED151464846FFF7C3FD044699
:108AC000C4B95146484600F015F900B9EEE74846EA
:108AD000FFF7E0FD044634B93B463246514648466E
:108AE000FFF738FEE2E7A4F802A001202070002082
:108AF00084F8B8002879697940EA0120A4F8A60032
:108B0000B4F8A600A02802DDA020A4F8A600A8348E
:108B100034F8020C001D052190FBF1F020800020AC
:108B2000606026726772144800F0DCFEE06034F882
:108B3000A809F0B95146484600F0DCF88046B8F183
:108B4000000F0AD0D8F8040038B1B8F8080000289F
:108B500003DD0020D8F804100870D9F80000401C8C
:108B6000C9F800000020207021464846FFF731FE7A
:108B700000BF00BF00BF99E7F80100202DE9F047D2
:108B800080460E463078717840EA012A51464046C8
:108B9000FFF758FD044614B1B4F8A80008B9BDE8C1
:108BA000F087B778B4F8A800B84201DD202F00DBC9
:108BB000F5E700200DE007EB87021118B4F8A620B6
:108BC0008A4200DC07E0C21CB35C221D5354411CE6
:108BD000C8B20528EFDBA8340121B940606808431A
:108BE0006060616814F8A82901209040401E81420D
:108BF0002DD15146404600F07DF80546DDB168684C
:108C0000C8B12889002816DDB4F8A6902889401E2E
:108C100080B2484503DA2889401E1FFA80F972B6EF
:108C20004A46211D6868F3F740FE0020696801F894
:108C3000090062B600BFD8F80000401CC8F8000068
:108C40000020207021464046FFF7C3FD00BF00BF53
:108C5000A5E700002DE9F04786B004468846164691
:108C60001F46DDF838904046F3F700FE85B2A02D90
:108C700000D9A025CA2006532A46414604F1CC005B
:108C8000F3F713FEA4F86E51281D052190FBF1F0B7
:108C9000A4F870010021A4F8721184F8747184F8AA
:108CA0007591012084F8C800104800F01BFEC4F83C
:108CB00078014B463A463D21204607F053FE824656
:108CC000FF2200232812E9B2CDE90432CDE90210D7
:108CD0003012F1B213460122CDE90010514604488A
:108CE00000F058FC06B0BDE8F0870000F801002055
:108CF0001C12002010B502460B4600210EE001EBCD
:108D00004104101D30F82400984205D101EB4104C4
:108D1000101D00EB840010BD481CC1B292F8C400C5
:108D20008842ECDC0020F6E73EB50546094890F89D
:108D3000390108B1084800E008A00446CD20002110
:108D4000009150236E22CDE901102146044801F024
:108D500049FF3EBD10260020492700202D2D000090
:108D60001802002070B586B00546182060490870CA
:108D70000021604804F094FE0020F0214FF4A0731D
:108D80000246CDE9001001465B4803F03FF95B481D
:108D9000BE214FF4A0730022CDE9001011465648C1
:108DA00003F034F90520554900220192CDE9022152
:108DB000049028200346C322052100904E4802F06B
:108DC000ABFE00201423C722092100904A4803F07B
:108DD000EBFB0424A820F6F771FC06460020009067
:108DE0002346052231460190454801F083FDA92024
:108DF000F6F764FC064600200090019004F1130091
:108E000004460346052231463D4801F073FDAA2081
:108E1000F6F754FC064600200090019004F1130080
:108E20000446034605223146354801F063FDAB2078
:108E3000F6F744FC064600200090019004F1130070
:108E400004460346052231462D4801F053FDAC206F
:108E5000F6F734FC064600200090019004F1130060
:108E60000446034605223146254801F043FDAD2066
:108E7000F6F724FC064600200090019004F1130050
:108E800004460346052231461D4801F033FDAE205D
:108E9000F6F714FC064600200090019004F1130040
:108EA0000446034605223146154801F023FD4FF4E0
:108EB000F272144901F5F270F3F77EFD284600F0D6
:108EC00041F8284600F0D2F9284600F099F92846E2
:108ED00000F01AF82846FFF727FF284600F0EAF9C5
:108EE000284600F053F8284600F06EF806B070BD32
:108EF00004000020D01D00200C1200202929290088
:108F000018020020102600203EB505460A4890F8B9
:108F1000F90010B10848F93000E008A00446CD205F
:108F2000002100913D236E22CDE901102146044825
:108F300001F058FE3EBD0000102600202D2D00003F
:108F4000180200203EB505460E48007918B11420DD
:108F5000F6F7B4FB02E01520F6F7B0FB04466420F8
:108F60000849097909B1022100E000210022042307
:108F7000CDE900210290A0222146034801F032FEF3
:108F80003EBD000010260020180200203EB5054618
:108F9000094890F8690108B1084800E008A00446B3
:108FA000CD200021009176236E22CDE901102146CB
:108FB000044801F017FE3EBD10260020792700204E
:108FC0002D2D00001802002070B586B00646002145
:108FD0002B48C0882A4A5288801A80B2CDE9000105
:108FE00027488088264C2488001B83B22448428866
:108FF0000188244803F00AF8234890F8810108B951
:1090000006B070BD0520214900220192CDE9022160
:1090100004901B48C0881A494988401A0A3880B20F
:10902000009017488088164C2488001B0A3883B2A9
:1090300013484088401D82B211480088401D81B20B
:10904000104802F069FD0020009001900C48408813
:109050000B49C988441804EBD4704010083883B217
:109060000748008806498988451805EBD5704010E7
:109070000A3882B206A1074801F03CFC00BFBFE7F6
:10908000FC2402080C1200201026002029292900A7
:10909000515200001802002010B5044650480078D4
:1090A000182801D0FF2010BD4E4890F8E8014D4926
:1090B0000979884206D04B48017980F8E8112046AA
:1090C000FFF740FF474890F8E9014649497988424F
:1090D00006D04448417980F8E911204600F0C6F8EE
:1090E000404890F8EA013F498979884206D03D48D6
:1090F000817980F8EA11204600F082F83949F93187
:1091000001F5F270F3F73CFD40B13649F93101F554
:10911000F270F3F787FB2046FFF7F6FE324901F5C0
:10912000F270F3F72DFD38B12F4901F5F270F3F726
:1091300079FB2046FFF7F8FD2B49203101F5F2704D
:10914000F3F71EFD40B12849203101F5F270F3F725
:1091500069FB204600F0AEF82349303101F5F2708A
:10916000F3F70EFD40B12049303101F5F270F3F70D
:1091700059FB2046FFF70AFF1B49483101F5F27001
:10918000F3F7FEFC40B11849483101F5F270F3F7EE
:1091900049FB2046FFF718FF1448407E10B9002015
:1091A000124988701148407EB8B110488078A0B943
:1091B00001200E4988700E48F7F72CFB10B10D48BE
:1091C00006F0BAFC074890F8810130B10A48F7F779
:1091D00021FB10B10948FCF749FAFF2063E70000C2
:1091E000040000201026002049270020F41D002044
:1091F000F424020893010020FC2402084C040020FF
:109200003EB50546134880790A2813D2DFE800F0FE
:1092100005060A070B0C0D0F081000BF00BF00BFAA
:109220000DA409E000BF00BF00BF0CA404E000BF14
:109230000BA401E00BA400BF00BF96200021009109
:109240002A23A022CDE901102146074801F0CAFCDB
:109250003EBD0000102600203247000033470000CA
:10926000344700002D2D0000180200203EB50546B1
:109270000E48407918B11420F6F720FA02E01520C4
:10928000F6F71CFA044664200849497909B102211D
:1092900000E0002100221723CDE900210290A02246
:1092A0002146034801F09EFC3EBD00001026002030
:1092B000180200203EB50546094890F8590108B14A
:1092C000084800E008A00446CD2000210091632357
:1092D0006E22CDE901102146044801F083FC3EBD19
:1092E00010260020692700202D2D000018020020E4
:1092F00030B589B00546FA2440F21970F6F714FD2E
:1093000040F20260F6F710FD4FF4C060F6F70CFD76
:1093100040F21C70F6F708FD3348F4F783FD4FF474
:109320008053032218213148F7F718FE4FF40063E9
:10933000032248212D48F7F711FE042303221021B0
:109340002B48F7F70BFE04212948F5F7A7FA06A9E1
:109350000020F6F7D5FA00208DF818008DF81900D6
:109360000C208DF81A0001208DF81B0000208DF8CC
:109370001C008DF81D008DF81E0001208DF81F00C7
:1093800000208DF820008DF821001A480068400860
:10939000A10014FB01F10901B0FBF1F080B2ADF8BE
:1093A000220006A91048F7F7A8FA01A90120F6F74C
:1093B000A7FA0120ADF80C00ADF812000020ADF8BE
:1093C0001000ADF80E0001208DF8140001A8F5F78B
:1093D00073FA10210448F6F7E7F90122002115205D
:1093E000F5F74EFC09B030BD0064004000080140B4
:1093F000000C0140F401002070B50446002084F800
:10940000AA0900251CE005EB450104F13C0010F819
:10941000310098B905EB450204F13C0101EBC201B2
:10942000081D142204F12801F3F7C6FA012105EB07
:10943000450204F13C0000F8321070BD681CC5B252
:10944000322DE0DB00BFF8E770B586B004460D466C
:109450001646FF200290039004900590009003466A
:10946000324629460190204600F094F806B070BDBF
:10947000F0B586B004460D4616461F46FF20029002
:1094800003900490059000903B4632462946019097
:10949000204600F07FF806B0F0BD2DE9F04186B01F
:1094A00004460D4616461F46DDF83080FF20029028
:1094B0000390049005903B4632462946CDE9008052
:1094C000204600F067F806B0BDE8F0812DE9F043D2
:1094D00086B004460D4616461F46DDE90D89FF207D
:1094E0000290039004903B4632462946CDE900891C
:1094F0000590204600F04EF806B0BDE8F0832DE957
:10950000F04786B004460D4616461F46DDE90FA912
:10951000DDF83880FF20CDE9029004903B463246CA
:109520002946CDE9008A0590204600F033F806B0C0
:10953000BDE8F0872DE9F04F86B004460D4616468B
:109540001F46DDE911ABDDE90F89FF20CDE903B04E
:109550003B46324629468DE800070590204600F03C
:1095600019F806B0BDE8F08F2DE9FF4F86B004462C
:109570000D46164613AF97E8800FFF208DE8800F49
:109580000590324629462046099B00F003F80AB0B0
:10959000BDE8F08F2DE9F04F044609AD95E8E010E5
:1095A000DDE90D8900206BE000EB400B04F2EC4A92
:1095B0001AF83BA0BAF1000F5ED04FF0000A00EBA2
:1095C000400B04F2EC4E0EF83BA000EB400B0EEB10
:1095D000CB0BCBF804A000EB400AF3460BEBCA0A16
:1095E000CAF808104FF0000A00EB400B0EEBCB0B53
:1095F0008BF80DA04FF0040A00EB400B0EEBCB0BE9
:109600008BF80CA04FF0080A00EB400B0EEBCB0BD5
:109610008BF80EA000EB400AF3460BEBCA0A8AF85F
:109620000F2000EB400A0BEBCA0A8AF8103000EB5F
:10963000400A0BEBCA0A8AF8115000EB400A0BEB08
:10964000CA0A8AF8126000EB400A0BEBCA0A8AF8D1
:10965000137000EB400A0BEBCA0A8AF814C000EB47
:10966000400A0BEBCA0A8AF8158000EB400A0BEBA4
:10967000CA0A8AF8169005E000F1010A0AF0FF0014
:10968000322891DBBDE8F08F10B504464FF41B6221
:109690002146184800F06CF900200FE0002200EB92
:1096A000400304F13C0101F83320012200EB4003A8
:1096B00004F2EC4101F83320411CC8B23228EDDB42
:1096C0000020207484F8AA0901206074002084F826
:1096D000AB0984F8A4097E2084F8A50984F8A609BA
:1096E000012084F8A709792084F8A809012084F8CA
:1096F000A90910BDF801002070B504462248007881
:1097000000F0010058B9204807F058F938B11F4857
:1097100000F0E8F81E4908601B48AFF300800026FF
:109720001A4800F0DFF8D4F8AC19401A0A2825D9F5
:10973000002521E005EB450104F2EC4010F8310072
:10974000C0B90020607405EB450204F2EC4000EB68
:10975000C200011D0F48F6F72BF80646012105EB64
:10976000450204F2EC4000F83210084800F0BAF864
:10977000C4F8AC09681CC5B2322DDBDB032E02D164
:109780002046FFF7B5FD70BDCC010020F801002098
:10979000D0010020006400407047000070B505460D
:1097A0001B4800684FF47A71B0FBF1F4601EB0F111
:1097B000807F00D30FE0601E4FF0E02148610F2151
:1097C0004FF0FF30F5F7CAFC00204FF0E021886130
:1097D0000720086100BF0021481EF5F7BFFC40F2DA
:1097E0000470F6F7A1FA0A4800680A49B0FBF1F0E4
:1097F000401E84B2002221460748F6F717FA4FF6BA
:10980000FF710548F6F7FEFE0348F4F747FE70BD0A
:10981000F401002040420F000010004010B5044643
:109820004FF440414FF00060F6F7AEF910BD000074
:10983000F0EE400A9FED020A20EE800A7047000019
:109840006666E63F10B5044620222146044800F033
:109850008FF84FF0FF30E0610020207010BD000055
:10986000F80100200246002901DB08467047484203
:10987000FCE70346914201DD104670470846FCE7CD
:1098800010B504460A46064800F02CF8034600BF0F
:10989000034800F027F8C01A9042F9D310BD000029
:1098A000F801002070B505460C460D48F4F7AEFEF1
:1098B000A1B20B48F6F710FD0948406940F00100DD
:1098C0000749486100210648F6F7D1FE0448F4F73D
:1098D000E5FD00BF0248406A0028FBD170BD0000D2
:1098E000001000400146C86870470000C168491C6C
:1098F000C16014490988B1F57A7F05DA11490988F0
:10990000491C104A11800CE000210E4A11800E49BA
:10991000C96CB1F5FA7F04DA0B49C96C491C0A4AD3
:10992000D164C1684FF47A72B1FBF2F302FB1311F8
:1099300031B906490968064A11600021034A1160DD
:109940007047000000000020CC1B00200800002011
:109950000C000020F0EE400A9FED030A9FED031A71
:1099600001EE200A70470000000000426666E63FF4
:1099700070B506460C46154629462046F3F78BF887
:1099800070BD704710B586B0044605200021084A16
:10999000CDE90112CDE9031035204FF49B737B22F2
:1099A00005210090034802F0B7F806B010BD000092
:1099B000292929000C12002010B50446E07808B9C6
:1099C00000202071207948B9E07838B12046FFF7AF
:1099D000D9FF204600F0E4F801202071207940B141
:1099E000E068A168884204D0204600F0D9F8A06859
:1099F000E06010BD10B504462648407EF8B160799D
:109A0000E8B9012060712448F6F704FFB8B10020DE
:109A100007E02049898B8AB204F12C0121F810203B
:109A2000401C0A28F5DB0020206201202074194820
:109A3000B0F91C006061A068A061A068E0611548F1
:109A4000407E30BB207C08B31248B0F91C2094F84B
:109A50004000042803DA94F84000401C00E0002095
:109A600004F12C0131F81000101A80000A2190FB3B
:109A7000F1F02062206A502801DD50202062206A27
:109A800010F1500F02DA6FF04F00206200202074B6
:109A9000607110BDF41D00200222020870B504465A
:109AA0002E48FFF71FFFA16A401A072855D92B48F7
:109AB000FFF718FFA16A401A0721B0FBF1F5042D4A
:109AC00000D904252548FFF70DFFA06240E0207C67
:109AD00098B12349898B8AB294F84000411C84F8DC
:109AE000401004F12C0121F8102094F840000428C3
:109AF0001ADD002084F8400016E01A480068801C37
:109B00001849086009280FD308460068093808601A
:109B1000206A002802DD206A401E2062206A002898
:109B200002DA206A401C2062606A216A084460628E
:109B3000606AC11700EB5171A26802EBE101A160FC
:109B4000606AC11700EB5171C910A0EBC1016162DD
:109B5000281EA5F10105BAD100BF70BDF801002093
:109B6000F41D00208C0100200021C170017170479C
:109B700010B50446442221460148FFF7F9FE10BD06
:109B8000F801002010B504460120E0702046FFF7E0
:109B9000F9FE204600F004F80120207110BD0000FD
:109BA0002DE9F04FCDB00446FE48007C20B10128DD
:109BB0007ED002287DD1C9E10025012672E0E0684F
:109BC0000A2190FBF1F201FB120006EB8601F64A36
:109BD00002EB810131F8100087B2A0680A2190FBE6
:109BE000F1F201FB120006EB8601EF4A02EB810164
:109BF00031F810001FFA80F8C8F1A001EB48FFF718
:109C000031FE0FFA80FBCBF1FF000FFA80F9B9F1BA
:109C1000000F01DA4FF0000949EA092040EA094043
:109C2000039014209BFBF0F0C0F108000FFA80FABB
:109C3000BAF1020F01DA4FF0020A474523D038B2D9
:109C4000C0F1A001D948FFF70DFE00B20290142127
:109C5000029890FBF1F0C0F1080000B20190019869
:109C6000022801DA0220019005A820F8357005A924
:109C700001EBC50101988870002005A901EBC50121
:109C800048606D1C00BF05A820F8358005A901EBD0
:109C9000C50181F802A005A901EBC5010398486040
:109CA0006D1C761C132E8ADBA068E168884201E0F7
:109CB0007EE0ECE101DB012000E0002004900121C6
:109CC00037E005AA02EBC1030CCBCDE90223481E05
:109CD000049A9AB108E005AB421C03EBC20203EB05
:109CE000C00648CE48C2401E00281ADB05AA32F83A
:109CF0003020BDF808309A42EDDC12E008E005ABF8
:109D0000421C03EBC20203EBC00648CE48C2401E11
:109D1000002806DB05AA32F83020BDF808309A4248
:109D2000EDDB05AB421C03EBC202DDE9023648C2A3
:109D3000491CA942C5DB002637E005A830F83600EB
:109D400000B2C0F1A0019948FFF78CFD804618FBD6
:109D500008F0C0F5C84000EBC00040004FF4C84117
:109D600090FBF1F000F18C0905A901EBC6018878A0
:109D700000EBD0714F1005A800EBC600406805A9A4
:109D800001EBC6018978CDE9001005A800EBC600FB
:109D90008378A9EB070082B205A830F83600C01B13
:109DA00081B2834802F032F9761CAE42C5DB6EE127
:109DB0000025012686E0E0680A2190FBF1F201FB14
:109DC000120006EB8601784A02EB810131F810009F
:109DD0001FFA80F9A0680A2190FBF1F201FB120042
:109DE00006EB8601704A02EB810131F810001FFA80
:109DF00080F8C8F1A0016D48FFF734FD0FFA80FA32
:109E000032209AFBF0F0C0F103000FFA80FBBBF1A7
:109E1000010F01DA4FF0010BCAF1FF0007B2002F6A
:109E200000DA002747EA072040EA07400490A168CB
:109E30000A2291FBF2F1701AC11700EB917189109F
:109E4000A0EB810109B1142100E028210391C14553
:109E500024D0C9F1A0015548FFF704FD3221B0FB21
:109E6000F1F0C0F1030000B202900298012801DA7B
:109E70000120029005A820F8359005A901EBC50145
:109E800002988870282005A901EBC501C870002040
:109E900005A901EBC50148606D1C00BF05A820F8AD
:109EA000358005A901EBC50181F802B005A901EBD8
:109EB000C5010398C87005A901EBC5010498486065
:109EC0006D1C761C122EFFF676AF012121E005AA4B
:109ED00002EBC1030CCBCDE90323481E08E005AB20
:109EE000421C03EBC20203EBC00648CE48C2401E30
:109EF000002806DB05AA32F83020BDF80C309A4263
:109F0000EDDC05AB421C03EBC202DDE9033648C2BF
:109F1000491CA942DBDB002615E005A800EBC600C2
:109F2000406805A901EBC601C978CDE9001005A874
:109F300000EBC600837805A830F8361082221C4852
:109F400002F064F8761CAE42E7DBA0E001259AE05F
:109F5000A0680A2190FBF1F201FB1201681C00EBE2
:109F60008000114A02EB800030F911B0A0680A218C
:109F700090FBF1F201FB120005EB85010A4A02EBAE
:109F8000810131F910005A4601464B900748FFF70E
:109F900070FC0FFA80F8A0680A2190FBF1F201FB37
:109FA000120107E0DC07002010000020F80100206B
:109FB0000C120020681C00EB8000374A02EB800086
:109FC00030F91100A1680A2291FBF2F302FB131190
:109FD00005EB8502304B03EB820232F91110A0EB46
:109FE000010B59462D48FFF73DFC00B24C90A1688B
:109FF0000A2291FBF2F302FB1312691C01EB8101AF
:10A00000254B03EB810131F91210A2680A2392FB60
:10A01000F3FC03FB1C2205EB8503DFF87CC00CEB93
:10A02000830333F91220881800EBD07149100FB266
:10A03000C7F1A000002802D4C7F1A00001E0A7F1F9
:10A04000A0000FFA80F9C9F1BE0006B2300400EB9F
:10A05000062000EB060A1E20CDE9000A4C9883B2C8
:10A060001FFA88F187220E4801F0D0FF00201C2142
:10A07000CDE90010A8F1010081B20123882208482F
:10A0800001F0C4FF6D1C112DFFF662AF00BF00BFD1
:10A090004DB0BDE8F08F000010000020F801002056
:10A0A0000C12002010B50446A07810B10020A0705A
:10A0B00020622046FFF79EFC2046FFF7EFFC20467B
:10A0C000FFF77AFCE07800B910BD207C50B1104851
:10A0D000B0F91C006169401A072190FBF1F0A169F9
:10A0E0000844A060A068E169401A0A2803DDA0685E
:10A0F000E06101202070A068E169401A10F10A0FA8
:10A1000003DAA068E0610120607000BFDCE70000B6
:10A11000F41D00207047000070B586B0064601208F
:10A120006C49087000216C4803F0BAFC00206B49B0
:10A13000C870F0214FF4A0730246CDE9001001462B
:10A14000674801F063FF00241EE0002519E00520A8
:10A15000644900220192CDE9022104903920009047
:10A1600005EB8500C0EB8510801C82B2C4EB0410A7
:10A1700000EB8410801C81B24D23594801F0CCFCC7
:10A180006D1C042DE3DB641C042CDEDB0020142397
:10A190000E2218210090524802F006FA00200C23EB
:10A1A0000E22682100904E4802F0FEF900201F2385
:10A1B0000E22A62100904A4802F0F6F94A4890F88B
:10A1C0003E0048B1002012230E224FF4847100900B
:10A1D000434802F0E9F908E0052012230E224FF46B
:10A1E000847100903E4802F0DFF9002002234922EA
:10A1F000182100903A4802F0D7F90020172349228D
:10A2000068210090364802F0CFF900201823492237
:10A21000B8210090324802F0C7F9334890F83D0069
:10A2200048B10020162349224FF4847100902C4835
:10A2300002F0BAF908E00520162349224FF4847190
:10A240000090274802F0B0F900202D238422182125
:10A250000090234802F0A8F90020192384226821E5
:10A2600000901F4802F0A0F9002009238422B821A1
:10A2700000901B4802F098F91C4890F820401C48B8
:10A280000078844200DB002400200121CDE9001089
:10A29000184800EB04108D2340F21512016816488F
:10A2A00000F0EAF81548007848B100203223BF22B8
:10A2B0004FF4847100900A4802F076F908E0052016
:10A2C0003223BF224FF484710090054802F06CF9EC
:10A2D00006B070BD04000020D01D0020C402002084
:10A2E0000C1200202929290048080020DC07002042
:10A2F0009821020878210208180200201026002068
:10A3000010B504463F480078012801D0FF2010BD59
:10A310003D48407E10B900203B4988703A48407E55
:10A3200000286CD038488078002868D10120364950
:10A3300088703648F6F76EFA10B13548F8F7DAFE4D
:10A340003448F6F767FA10B1334805F0DDFE3348BC
:10A35000F6F760FA10B13248FAF7EEFD3148F6F739
:10A3600059FA10B1304803F0E5FB3048F6F752FADD
:10A3700010B12F48F8F76EFC2E48F6F74BFA10B1E3
:10A380002D48FCF70FFC2D48F6F744FA10B12C4885
:10A39000FBF796FA2B48F6F73DFA10B12A4800F081
:10A3A000DFFE2A48F6F736FA10B12948FCF764FEBA
:10A3B0002848F6F72FFA10B12748FDF79FFC2748E9
:10A3C000F6F728FA30B1124890F83D0010B1244851
:10A3D000F7F7BAF92348F6F71DFA30B10C4890F8B0
:10A3E0003E0010B12048FAF77BFF2048F6F712FA3A
:10A3F00028B11F48007810B11E4805F09DFBFF20D2
:10A4000085E7000004000020F41D00204424020819
:10A41000480800204C2402083C090020542402086B
:10A42000AD01002064240208980200207424020870
:10A43000240800206C240208A802002084240208BA
:10A44000980100208C240208910100209424020825
:10A45000B00300209C240208B40100207C240208E0
:10A46000BE0100205C240208B6010020A4240208DA
:10A4700010260020930100202DE9FC4704460D46DC
:10A4800016461F46DDE90A893B46324629462046E4
:10A49000CDE9008900F002F8BDE8FC872DE9FF4F07
:10A4A000A3B00D46319F002600240020029026987C
:10A4B000042802D32698001F00E0002080B20190FB
:10A4C00060E0285D621CA95CC02816D3DF2814D880
:10A4D000802912D3BF2910D800F01F030A4663F366
:10A4E0009F12334606F1010C0CF0FF060DF10C0C27
:10A4F0002CF81320A21C94B243E0E02824D3EF28C8
:10A5000022D8802920D3BF291ED8A21CAA5C802A69
:10A510001AD3A21CAA5CBF2A16D80207120C01F09B
:10A520003F0342EA8312A31CEB5C03F03F031A4390
:10A53000334606F1010C0CF0FF060DF10C0C2CF863
:10A540001320E21C94B21CE0E0280BD3621C94B2EE
:10A5500001E0621C94B22A5D802A12D32A5DC02ACF
:10A56000F7D30EE020280AD37E2808D83246731C81
:10A57000DEB203AB23F81200621C94B201E0621C4D
:10A5800094B200BF285D08B1402E9ADB00208146BE
:10A5900018E003A830F81900202801D1052005E0B3
:10A5A00003A830F81910364801F0FAFC8246BAF1D7
:10A5B000000F03DD0298504480B2029009F10100BF
:10A5C000C0B28146B145E4DB309921B1029800EB7D
:10A5D000D071491000E00021259A511A1FFA81F824
:10A5E0004FF0000A46E003A830F81AB0BBF1200F84
:10A5F00004D108F105001FFA80F837E059462048D9
:10A6000001F0CEFC8146B9F1000F00D12EE047B930
:10A6100000205B46009041461948019A01F002FC77
:10A620001FE0012F08D101205B46009041461448ED
:10A63000019A01F0F7FB14E0022F08D102205B46DB
:10A64000009041460E48019A01F0ECFB09E0032F0F
:10A6500007D103205B46009041460948019A01F06A
:10A66000E1FB08EB09001FFA80F800BF0AF10100C6
:10A6700000F0FF0AB245B6DB27B0BDE8F08F00005E
:10A680000C1200202DE9F04788B082460E46904615
:10A690001F46DDE91049264903C9CDE90301B9F197
:10A6A000000F04D0224623A103A8F1F703FE3A4687
:10A6B00003A905A8F1F7FEFD002507E005A8405D08
:10A6C0002D2802D13A2005A948556D1C05A8F2F79E
:10A6D000CDF8A842F2DC8CB100203121CDE9001088
:10A6E000C4EB041000EB4001601E00EB8000084446
:10A6F00083B242463146114801F088FC00250EE045
:10A700000020009005A8405DA0F13003424631468C
:10A710000A4801F0E9FC06F1320086B26D1C05A87A
:10A72000F2F7A4F8A842EBDC08B0BDE8F08700001F
:10A73000F81B020825253025646400000C12002057
:10A740002DE9FF4F8BB00E4691461A9F002500243D
:10A7500070E0305D30280CDB39280ADC00F137016D
:10A76000CBB229466A1CD5B203AA5354611C8CB2E1
:10A770005FE0C2280CD1611C715CB02908D1712343
:10A7800029466A1CD5B203AA5354A11C8CB250E0CE
:10A79000F82801D0B02808D1712329466A1CD5B207
:10A7A00003AA5354611C8CB243E02E2808D17723AE
:10A7B00029466A1CD5B203AA5354611C8CB238E0F6
:10A7C000632801D0432808D1722329466A1CD5B2D8
:10A7D00003AA5354611C8CB22BE0662801D0462892
:10A7E00008D1732329466A1CD5B203AA5354611CAD
:10A7F0008CB21EE02D2808D1792329466A1CD5B2D7
:10A8000003AA5354611C8CB213E0802804D3BF28E0
:10A8100002D8611C8CB20CE0C02802D3611C8CB23F
:10A8200007E0862329466A1CD5B203AA5354611C4B
:10A830008CB200BF305D08B11F2D8ADB2DB105EB56
:10A8400005100421C1EB400000E000201FFA80FA4F
:10A85000199901FB0AF000EBD071A9EB61011FFA15
:10A8600081F84FF0000B3EE003A810F80B000290B7
:10A870000298202804D108F122001FFA80F82EE067
:10A8800047B90020009041461948029B0E9A01F0FA
:10A89000FFF81FE0012F08D1012000904146144825
:10A8A000029B0E9A01F0F4F814E0022F08D1022066
:10A8B000009041460E48029B0E9A01F0E9F809E02B
:10A8C000032F07D10220009041460948029B0E9AAF
:10A8D00001F0DEF808F122001FFA80F800BF0BF14A
:10A8E000010000F0FF0BAB45BEDB0FB0BDE8F08F01
:10A8F0000C1200202DE9FC4704460D4616461F4663
:10A90000DDE90A893B46324629462046CDE90089E1
:10A9100000F002F8BDE8FC872DE9FF4FA3B00D461B
:10A92000319F002600240020029060E0285D621C18
:10A93000A95CC02816D3DF2814D8802912D3BF29D8
:10A9400010D800F01F030A4663F39F12334606F146
:10A95000010C0CF0FF060DF10C0C2CF81320A21CBE
:10A9600094B243E0E02824D3EF2822D8802920D3D2
:10A97000BF291ED8A21CAA5C802A1AD3A21CAA5CDA
:10A98000BF2A16D80207120C01F03F0342EA8312D5
:10A99000A31CEB5C03F03F031A43334606F1010CA2
:10A9A0000CF0FF060DF10C0C2CF81320E21C94B2F5
:10A9B0001CE0E0280BD3621C94B201E0621C94B24C
:10A9C0002A5D802A12D32A5DC02AF7D30EE0202800
:10A9D0000AD37E2808D83246731CDEB203AB23F8B4
:10A9E0001200621C94B201E0621C94B200BF285DA8
:10A9F00008B1402E9ADB0020814618E003A830F809
:10AA00001900202801D1032005E003A830F819100F
:10AA1000354801F0ABFD8246BAF1000F03DD029824
:10AA2000504480B2029009F10100C0B28146B145A4
:10AA3000E4DB309921B1029800EBD071491000E0BD
:10AA40000021259A511A1FFA81F84FF0000A46E0BA
:10AA500003A830F81AB0BBF1200F04D108F10300AD
:10AA60001FFA80F837E059461F4801F07FFD814604
:10AA7000B9F1000F00D12EE047B900205B460090ED
:10AA800041461948269A01F0B3FC1FE0012F08D176
:10AA900001205B46009041461348269A01F0A8FC2D
:10AAA00014E0022F08D102205B46009041460E4878
:10AAB000269A01F09DFC09E0032F07D103205B4695
:10AAC000009041460848269A01F092FC08EB0900E4
:10AAD0001FFA80F800BF0AF1010000F0FF0AB2453A
:10AAE000B6DB27B0BDE8F08F0C1200202DE9FE4F39
:10AAF00004460D4616461F46DDE90D9ADDF8308006
:10AB00000AEB4A0000EBCA0080B23B4632462946B7
:10AB1000CDE900890290204600F016F8BDE8FE8FCE
:10AB20002DE9FE4F04460D4616461F46DDE90D9AF7
:10AB3000DDF830803B463246294620468DE8000746
:10AB400000F002F8BDE8FE8F2DE9FF4F83B081468B
:10AB500014461D46DDE9107A129E042D01D3281FEC
:10AB600000E000201FFA80F87FB112481921B34697
:10AB7000CDE9001006EBDB70A4EB600081B2334638
:10AB800042460D4801F042FA09E00A4819213346CD
:10AB90004246CDE900102146074801F037FA2B461E
:10ABA0002246CDE9007A48460499FFF777FC07B0C2
:10ABB000BDE8F08F292929000C1200202DE9FE4F55
:10ABC00004460D4616461F46DDE90D9ADDF8308035
:10ABD0003B463246294620468DE80007FFF7B4FF82
:10ABE000BDE8FE8F2DE9FE4F04460D4616461F4672
:10ABF000DDE90D9ADDF830803B4632462946204695
:10AC00008DE8000700F002F8BDE8FE8F2DE9FC5F3B
:10AC10008046894614461E46DDE90C7A0E9D7FB1BA
:10AC200011481121AB46CDE9001005EBDB70A4EB18
:10AC3000600081B22B4632460C4801F0E7F909E08A
:10AC4000094811212B463246CDE90010214607481C
:10AC500001F0DCF93346224649464046CDE9007A08
:10AC6000FFF75AFEBDE8FC9F292929000C1200209D
:10AC700010B50446802221460148FEF779FE10BD3A
:10AC8000F80100207047000030B585B004460A2066
:10AC90005D49087000215D4802F002FF5C48BE215A
:10ACA0004FF4A0730022CDE900101146594801F07D
:10ACB000ADF9002032214FF4A073BE22CDE900107F
:10ACC0000146544801F0A2F92B20F4F7F7FC0546A1
:10ACD0000020009003231422294601904E48FFF7DC
:10ACE000CBFB2C20F4F7EAFC0546002000901E2345
:10ACF0001422294601904848FFF7BEFB2D20F4F7A7
:10AD0000DDFC0546002000903923142229460190DD
:10AD10004148FFF7B1FB2E20F4F7D0FC0546002098
:10AD2000009054231422294601903B48FFF7A4FBCE
:10AD30002F20F4F7C3FC0546002000906F23142257
:10AD4000294601903448FFF797FB2B20F4F7B6FC17
:10AD50000546002000908A231422294601902E489F
:10AD6000FFF78AFB3020F4F7A9FC0546002000908D
:10AD7000A5231422294601902748FFF77DFB0520D3
:10AD8000234900220192CDE90221049028200346A4
:10AD9000C322052100901F4800F0BEFE00201423AE
:10ADA000C722092100901B4801F0FEFB052018492D
:10ADB00000220192CDE90221049028200346C322FB
:10ADC00040F213110090134800F0A6FE00201A2351
:10ADD000C72240F2171100900E4801F0E5FB204613
:10ADE00000F064F9204600F019F8204600F03AF926
:10ADF000204600F08FF8204600F038F8204600F09A
:10AE0000DDF805B030BD000004000020D01D00209A
:10AE1000292929000C1200201802002010B588B042
:10AE200004460D4890F86B1090F86A00CDE90001D7
:10AE3000094890F8693090F8682008A103A8F1F754
:10AE400039FA002000901E23B42203A9019006487D
:10AE5000FFF712FB08B010BD4808002025642E251E
:10AE6000642E25642E25640018020020F0B587B0FA
:10AE700007462148806A48F6A04188421CD21E48F5
:10AE8000806A3C21B0FBF1F201FB12041A48806A8F
:10AE9000B0FBF1F0B0FBF1F201FB12051648806A3D
:10AEA0004FF46161B0FBF1F62B46324613A102A8C4
:10AEB0000094F1F7FFF914E00F48806A3C21B0FBE1
:10AEC000F1F0B0FBF1F201FB12040B48806A4FF481
:10AED0006161B0FBF1F523462A460BA102A8F1F708
:10AEE000E9F9002000908A23B42202A901900848C1
:10AEF000FFF7C2FA07B0F0BDB00300202564682058
:10AF000025646D20256473002564682025646D0028
:10AF100018020020F0B587B007462148406A48F67D
:10AF2000A04188421CD21E48406A3C21B0FBF1F28D
:10AF300001FB12041A48406AB0FBF1F0B0FBF1F2D9
:10AF400001FB12051648406A4FF46161B0FBF1F64F
:10AF50002B46324613A102A80094F1F7ABF914E096
:10AF60000F48406A3C21B0FBF1F0B0FBF1F201FB6D
:10AF700012040B48406A4FF46161B0FBF1F52346BF
:10AF80002A460BA102A8F1F795F9002000906F2343
:10AF9000B42202A901900848FFF76EFA07B0F0BD8D
:10AFA000B00300202564682025646D2025647300AB
:10AFB0002564682025646D0018020020F0B587B074
:10AFC00007462148C06E48F6A04188421CD21E4860
:10AFD000C06E3C21B0FBF1F201FB12041A48C06EB6
:10AFE000B0FBF1F0B0FBF1F201FB12051648C06EA8
:10AFF0004FF46161B0FBF1F62B46324613A102A873
:10B000000094F1F757F914E00F48C06E3C21B0FBF3
:10B01000F1F0B0FBF1F201FB12040B48C06E4FF4EB
:10B020006161B0FBF1F523462A460BA102A8F1F7B6
:10B0300041F900200090A523B42202A901900848FC
:10B04000FFF71AFA07B0F0BD480800202564682011
:10B0500025646D20256473002564682025646D00D7
:10B060001802002030B587B005460B4CE078A17877
:10B07000CDE900106378227808A102A8F1F71AF947
:10B08000002000903923B42202A901900648FFF75E
:10B09000F3F907B030BD000006C0010825642E2575
:10B0A000642E25642E2564001802002010B588B097
:10B0B00004460D4890F8671090F86600CDE900014D
:10B0C000094890F8653090F8642008A103A8F1F7CA
:10B0D000F1F8002000900323B42203A90190064850
:10B0E000FFF7CAF908B010BD4808002025642E25D6
:10B0F000642E25642E2564001802002010B5044635
:10B10000124800780A2801D0FF2010BD1048407E68
:10B1100010B900200E4988700D48407E98B10C4847
:10B12000807880B901200A4988700A48F5F772FBD7
:10B1300010B1094800F014F80848F5F76BFB10B19E
:10B14000054800F00DF8FF20DFE7000004000020B4
:10B15000F41D002024240208910100202C24020860
:10B1600070B58CB005460B20804908700020F02196
:10B170004FF4A0730246CDE9001001467C4800F070
:10B1800045FF7C48BE214FF4A0730022CDE900109A
:10B190001146774800F03AFF0520764900220192D7
:10B1A000CDE90221049028200346C3220521009006
:10B1B0006F4800F0B1FC00201423C7220921009041
:10B1C0006B4801F0F1F905206A4900220192CDE9AE
:10B1D0000221049028200346C32240F2131100905C
:10B1E000634800F099FC00201A23C72240F217118F
:10B1F00000905F4801F0D8F9012419E06B20F4F7C2
:10B200005DFA0646234632465BA106A8F1F752F8DE
:10B21000002000900190601E00EB8000032101EBF4
:10B22000800083B20A4606A95548FFF763FB641CF9
:10B23000052CE3DD6C20F4F741FA04460020009071
:10B2400067230322214601904D48FFF753FB6D20F1
:10B25000F4F734FA0446002000907B2303222146B1
:10B2600001904748FFF746FB3120F4F727FA0446E0
:10B270000020009003239B22214601904048FFF7C5
:10B2800039FB3220F4F71AFA044600200090172305
:10B290009B22214601903A48FFF72CFB3320F4F71C
:10B2A0000DFA0446002000902B239B22214601909A
:10B2B0003348FFF71FFB6E20F4F700FA0446002026
:10B2C00000903F239B22214601902D48FFF712FB5F
:10B2D0006F20F4F7F3F904460020009053239B22DB
:10B2E000214601902648FFF705FB7020F4F7E6F9A8
:10B2F00004460020009067239B22214601902048AD
:10B30000FFF7F8FA7120F4F7D9F90446002000900D
:10B310007B239B22214601901948FFF7EBFA284630
:10B3200000F0CAF8002404E0E1B2284600F0EAF890
:10B33000641C052CF8DB284600F0F6F9284600F0DE
:10B3400061F8284600F016FA284600F039FA284637
:10B3500000F05CFA284600F015F8284600F07CFA68
:10B36000284600F08BF80CB070BD000004000020EF
:10B370000C120020292929002573202564000000D3
:10B38000180200203EB505461548007AA8B11548B8
:10B39000B0F9580000EE900AF8EEE00AB0EE600A4C
:10B3A0001148FEF7D7FABDEEC00A10EE104A224649
:10B3B0000EA11048F0F77EFF06E00A48B0F95820C9
:10B3C0000DA10C48F0F776FF322000210091672391
:10B3D000F522CDE9011007490948FFF703FC3EBDFE
:10B3E000DC07002048080020F801002025336446CF
:10B3F00000000000380400202533644300000000F2
:10B4000018020020FEB506461A4890F8620030B1D6
:10B4100001280AD002280ED0032818D111E072208A
:10B42000F4F74CF90446002517E07320F4F746F9C9
:10B430000446002511E07420F4F740F90446012584
:10B440000BE07520F4F73AF90446032505E0762071
:10B45000F4F734F90446002500BF00BF3220002174
:10B460003F23F522CDE90015029021460248FFF75F
:10B47000B9FBFEBD48080020180200203EB5044676
:10B48000094890F85A2009A10948F0F713FF28202D
:10B49000002100917B23F522CDE9011004490548E4
:10B4A000FFF7A0FB3EBD0000480800202564000017
:10B4B00038040020180200203EB505460F4890F8D9
:10B4C000630018B13B20F4F7F9F802E03C20F4F7F0
:10B4D000F5F804462321094890F8630008B10220DA
:10B4E00000E0002000225323CDE900200291F52244
:10B4F00021460348FFF776FB3EBD000048080020C8
:10B50000180200203EB505460C461548005D01288E
:10B5100016D113482030025D12A11448F0F7CAFE7C
:10B52000372000210091CDE9011004EB84000321B4
:10B5300001EB800350220D490D48FFF753FB0EE04D
:10B54000372000210091CDE9011004EB8400032194
:10B5500001EB8003502207A10548FFF743FB3EBDE6
:10B560004C08002025336425250000003804002005
:10B57000180200202D2D2D0070B505466248007878
:10B580000B2801D0FF2070BD6048407E10B900201C
:10B590005E4988705D48407E98B15C48807880B98B
:10B5A00001205A4988705A48F5F734F910B15948C2
:10B5B000FEF7B2FD5848F5F72DF910B15748FFF7DF
:10B5C00063FB574890F8CA1090F85A00814207D0A0
:10B5D000534890F85A1080F8CA102846FFF74EFFDB
:10B5E000002410E04E489430015D7038005D8142C7
:10B5F00008D04B482430015D70300155E1B2284637
:10B60000FFF780FF641C052CECDB4548B0F9C61041
:10B61000B0F95600814207D04148B0F85610A0F862
:10B62000C610284600F018F93D4890F8CB1090F865
:10B630005B00814207D03A4890F85B1080F8CB104D
:10B64000284600F071F8364890F8AF1090F83F00A7
:10B65000814207D0324890F83F1080F8AF1028465A
:10B6600000F088F82E4890F8B01090F84000814221
:10B6700007D02B4890F8401080F8B010284600F012
:10B680009FF8274890F8B11090F84100814207D008
:10B69000234890F8411080F8B110284600F0B6F821
:10B6A0001F4890F8D21090F86200814207D01C48E1
:10B6B00090F8621080F8D2102846FFF7A3FE1848D1
:10B6C00090F8D31090F86300814207D0144890F8A6
:10B6D000631080F8D3102846FFF7EEFE1148C188AA
:10B6E0000F48A0F85810B0F9C810B0F958008142BE
:10B6F00007D00B48B0F85810A0F8C8102846FFF73C
:10B7000041FEFF203FE7000004000020F41D002060
:10B7100034240208920100203C24020890010020F9
:10B7200048080020B00300203EB505460F4890F8B9
:10B730005B0018B11420F3F7C1FF02E01520F3F706
:10B74000BDFF04462321094890F85B0008B10220A0
:10B7500000E0002000227B23CDE90020029150224E
:10B7600021460348FFF73EFA3EBD0000480800208E
:10B77000180200203EB505460F4890F83F0018B16A
:10B780003B20F3F79BFF02E03C20F3F797FF0446D2
:10B790002321094890F83F0008B1022000E0002072
:10B7A00000220323CDE900200291F522214603481F
:10B7B000FFF718FA3EBD00004808002018020020DC
:10B7C0003EB505460F4890F8400018B13B20F3F70E
:10B7D00075FF02E03C20F3F771FF0446232109487E
:10B7E00090F8400008B1022000E00020002217235A
:10B7F000CDE900200291F52221460348FFF7F2F936
:10B800003EBD000048080020180200203EB5054655
:10B810000F4890F8410018B13B20F3F74FFF02E0CA
:10B820003C20F3F74BFF04462321094890F84100E0
:10B8300008B1022000E0002000222B23CDE90020E7
:10B840000291F52221460348FFF7CCF93EBD0000E6
:10B8500048080020180200203EB505461548007A29
:10B86000A8B11548B0F9560000EE900AF8EEE00ACB
:10B87000B0EE600A1148FEF76DF8BDEEC00A10EE9A
:10B88000104A22460EA11048F0F714FD06E00A48BF
:10B89000B0F956200DA10C48F0F70CFD3220002124
:10B8A000009167235022CDE9011007490948FFF7AD
:10B8B00099F93EBDDC07002048080020F80100206F
:10B8C000253364460000000038040020253364431B
:10B8D00000000000180200207CB5054603201C492A
:10B8E000087000211B4802F0DBF81B48FEF73CF90A
:10B8F0000020F0214FF4A0730246CDE9001001466C
:10B90000164800F083FB00200A230F229A210090A2
:10B91000124800F0E9FBF5F745F9F2F7CBFAF5F735
:10B920007DF80F48C07A032801D1F5F79DF80C483F
:10B93000C07A04280AD1002403E0E0B2F2F790FBB9
:10B94000641C084890F84E00A042F6DC7CBD000064
:10B9500004000020D01D0020C40200200C12002092
:10B96000DC0700204808002070B5044642480078F3
:10B97000E8B94248FDF7B6FF41494969411A4148D3
:10B98000806900EB4002C2EBC010B1EBC00F0ED9D2
:10B990003C48C07A08B9012020713A48C07A002892
:10B9A00005DD0320344908702046FFF795FF344831
:10B9B000807828B1002020713048FDF793FF206087
:10B9C0002D480078032854D12D48407E10B900201E
:10B9D0002B4988702A48407E012805D12848807864
:10B9E00010B92948F7F786FB2848807961798842A1
:10B9F00004D0264880796071F5F7D4F82348C079DF
:10BA0000A179884204D02148C079A071F2F752FA96
:10BA10001E484079E179884208D01A48C07A032844
:10BA200004D11A484079E071F5F71EF81548C07A3C
:10BA300004281ED1002517E004F1080030F9151084
:10BA400011484F30425D4638805681420BD00E4837
:10BA50004F30415D4638415604F1080020F815107A
:10BA6000E8B2F2F7FDFA6D1C074890F84E00A842C4
:10BA7000E2DCFF2070BD000004000020F80100207F
:10BA8000F41D0020DC07002048080020301E0020A4
:10BA90002DE9F84306460F4690461C46089D3B2C70
:10BAA00008D82346424639463046009500F07CFDD2
:10BAB000BDE8F8835C2C0AD3652C08D8A4F15C039C
:10BAC000424639463046009500F00EFBF0E7662C02
:10BAD00007D10A23424639463046009500F004FB60
:10BAE000E6E7672C09D3732C07D82346424639462C
:10BAF0003046009500F0B0FBDAE7772C01D0792CC6
:10BB000007D12346424639463046009500F0A4FB53
:10BB1000CEE70120CCE700002DE9FF4F87B08B4630
:10BB20001F46DDF850A0189C1598F2F78AFA069087
:10BB30001698F2F786FA05901798F2F782FA0490B1
:10BB4000022F13DDBAF1020F10DDAAF1020189B252
:10BB50001798CDE90010B81E83B20998401C82B234
:10BB60000BF1010081B2079800F050FA6000B84272
:10BB700020DA01211698CDE90010022000FB147094
:10BB800083B20BEB040081B2099A079800F03EFAE9
:10BB900001211698CDE90010022000FB147083B239
:10BBA00009985044401E82B20BEB040081B2079802
:10BBB00000F02CFA6000504520DA022101FB14A1AC
:10BBC00089B21698CDE900100998204482B2012369
:10BBD0005946079800F01AFA022101FB14A189B214
:10BBE0001698CDE900100998204482B20BEB0700AB
:10BBF000401E81B20123079800F008FA601C80B251
:10BC00000090601C83B259468348099A01F0E0FE17
:10BC100001218248F2F742FE002521E000261CE0C7
:10BC200028460290A6EB04080298404308FB080946
:10BC300004FB04F0484502DA0698039008E0601E11
:10BC40004043484502DA0598039001E004980390C8
:10BC50007148039901F003FF761CA642E0D96D1CE0
:10BC6000A542DBD900BF80216D48F3F761FA0128B6
:10BC7000F9D001216948F2F787FB601C80B200907F
:10BC8000601C83B209985044401E001B82B2594682
:10BC9000614801F09DFE01216048F2F7FFFD00259B
:10BCA00020E000261BE028460290B0460298404360
:10BCB00008FB080904FB04F0484502DA06980390E3
:10BCC00008E0601E4043484502DA0598039001E011
:10BCD000049803905048039901F0C1FE761CA642D7
:10BCE000E1D96D1CA542DCD900BF80214C48F3F797
:10BCF0001FFA0128F9D001214848F2F745FB601CE2
:10BD000080B20090601C83B20BEB0700401E001B4A
:10BD100081B24148099A01F05BFE01213F48F2F7E8
:10BD2000BDFD002521E000261CE0281B0290A6EBAB
:10BD300004080298404308FB080904FB04F0484546
:10BD400002DA0698039008E0601E4043484502DA94
:10BD50000598039001E0049803902F48039901F09F
:10BD60007EFE761CA642E0D96D1CA542DBD900BF41
:10BD700080212B48F3F7DCF90128F9D0012127486D
:10BD8000F2F702FB601C80B20090601C83B209983D
:10BD90005044401E001B82B20BEB0700401E001BEC
:10BDA00081B21D4801F014FE01211C48F2F776FD16
:10BDB000002520E000261BE0281B0290B0460298D8
:10BDC000404308FB080904FB04F0484502DA0698E2
:10BDD000039008E0601E4043484502DA059803904E
:10BDE00001E0049803900C48039901F038FE761C9A
:10BDF000A642E1D96D1CA542DCD900BF80210848CC
:10BE0000F3F796F90128F9D001210448F2F7BCFABA
:10BE10000BB0BDE8F08F0000D01D0020000C0140E9
:10BE2000003001402DE9FF4F85B09B465846F4F79E
:10BE300017FF80464FF6FF70804503D1012009B0FF
:10BE4000BDE8F08FB8F1FF0F01D90120F7E74E48A8
:10BE500050F828004D4946183078717840EA012999
:10BE6000B078F17840EA012A361D4B46CDF800A0A3
:10BE70004748DDE9061201F0ABFD01214548F2F724
:10BE80000DFD09FB0AF770E016F8010B0490012183
:10BE9000049801EB20100390049800F00F0002902A
:10BEA0003D49029831F810400398B84201D20398F6
:10BEB00000E03846019001983F1A42F6451084424E
:10BEC00001D1054646E00CB9002543E01298072849
:10BED0003DD2DFE800F03C04241F2B343900E10A96
:10BEE000C4F345139A00A2F129035B004FF0030C41
:10BEF00093FBFCF303F12900002800DA0020FF285F
:10BF000000DDFF20CB024FEAA00C43EA4C135B1D7F
:10BF10009DB21EE004F4784000F2451519E004F4E7
:10BF2000FC60C4F3430140EA010512E004F01F0085
:10BF30004FF4787101EA640140EA010509E047F62F
:10BF4000EF3000EA640504E0C4F30A0501E0254689
:10BF500000BF00BF03E029460D4801F080FD0198B5
:10BF6000411E01910028F6D100BF002F8CD100BFE7
:10BF700080210A48F3F7DCF80128F9D001210548AF
:10BF8000F2F702FA00205AE7E4C60208E4CA0208FF
:10BF9000D01D0020000C01409840020800300140F4
:10BFA0002DE9F04107460D462846F4F759FE0646AE
:10BFB0004FF6FF70864202D10020BDE8F0810548AF
:10BFC00050F82600044944182078617840EA01209E
:10BFD000C0B2F2E7E4C60208E4CA020810B504469B
:10BFE000102221460148FDF7C3FC10BDF8010020D6
:10BFF0007047704770477047704770477047000040
:10C000005555555555557E06001B00002DE9FC5F22
:10C010000C4617469846DDE90C9BC4F5A07084B227
:10C0200007EB0900401E40EA0745601EA4EB08012B
:10C0300040EA01462A21294801F0A8FC290E274898
:10C0400001F050FDC5F30741244801F04BFDC5F355
:10C050000721224801F046FDE9B2204801F042FDE7
:10C060002B211E4801F092FC310E1C4801F03AFDD4
:10C07000C6F30741194801F035FDC6F307211748FB
:10C0800001F030FDF1B2154801F02CFD2C211348D0
:10C0900001F07CFC08FB09F001905846F1F7D1FF54
:10C0A000009001210E48F2F7F9FB4FF0000A05E07D
:10C0B0000A48009901F0D3FC0AF1010A019882456F
:10C0C000F6D300BF80210748F3F732F80128F9D0F2
:10C0D00001210348F2F758F9BDE8FC9FD01D00206C
:10C0E000000C0140003001402DE9FF4F85B01F4694
:10C0F00000BFF8B2049004980B2803D3012009B0C4
:10C10000BDE8F08F4E49049851F820004D4946187B
:10C110003078717840EA0129B078F17840EA012A54
:10C12000361D4B46CDF800A04748DDE9061201F068
:10C130004FFC01214548F2F7B1FB09FB0AF86EE01C
:10C1400016F801BB012000EB2B1003900BF00F0041
:10C1500002903F49029831F810400398404501D2BF
:10C16000039800E0404601900198A8EB000842F6D1
:10C170004510844201D1054646E00CB9002543E054
:10C18000129807283DD2DFE800F03C04241F2B342E
:10C190003900E10AC4F345139A00A2F129035B00B8
:10C1A0004FF0030C93FBFCF303F12900002800DAA5
:10C1B0000020FF2800DDFF20CB024FEAA00C43EA5D
:10C1C0004C135B1D9DB21EE004F4784000F245154F
:10C1D00019E004F4FC60C4F3430140EA010512E0F5
:10C1E00004F01F004FF4787101EA640140EA010590
:10C1F00009E047F6EF3000EA640504E0C4F30A05FD
:10C2000001E0254600BF00BF03E029460E4801F0CB
:10C2100026FC0198411E01910028F6D100BFB8F11B
:10C22000000F8DD100BF80210A48F2F781FF01285D
:10C23000F9D001210548F2F7A7F800205FE70000D8
:10C2400090AC0208BCAC0208D01D0020000C0140DC
:10C2500098400208003001402DE9FF4F85B0984614
:10C260004046672805D3732803D8A0F16701C9B2F7
:10C2700008E0772801D10D2104E0792801D10E21B1
:10C2800000E0FF218946B9F1FF0F03D1012009B079
:10C29000BDE8F08FB9F10F0F01D30120F7E74E4849
:10C2A00050F829004D4946183078717840EA012A43
:10C2B000B078F17840EA012B361D5346CDF800B036
:10C2C0004748DDE9061201F083FB01214548F2F7FA
:10C2D000E5FA0AFB0BF770E016F8010B0490012158
:10C2E000049801EB20100390049800F00F000290D6
:10C2F0003D49029831F810400398B84201D20398A2
:10C3000000E03846019001983F1A42F645108442F9
:10C3100001D1054646E00CB9002543E012980728F4
:10C320003DD2DFE800F03C04241F2B343900E10A41
:10C33000C4F345139A00A2F129035B004FF0030CEC
:10C3400093FBFCF303F12900002800DA0020FF280A
:10C3500000DDFF20CB024FEAA00C43EA4C135B1D2B
:10C360009DB21EE004F4784000F2451519E004F493
:10C37000FC60C4F3430140EA010512E004F01F0031
:10C380004FF4787101EA640140EA010509E047F6DB
:10C39000EF3000EA640504E0C4F30A0501E0254635
:10C3A00000BF00BF03E029460D4801F058FB01988B
:10C3B000411E01910028F6D100BF002F8CD100BF93
:10C3C00080210A48F2F7B4FE0128F9D0012105487E
:10C3D000F1F7DAFF00205AE738BA020874BA020807
:10C3E000D01D0020000C01409840020800300140A0
:10C3F0002DE9FF4F85B09B465846F4F731FC804647
:10C400004FF6FF70804503D1012009B0BDE8F08FE1
:10C41000B8F1FF0F01D90120F7E74E4850F8280086
:10C420004D4946183078717840EA0129B078F178A2
:10C4300040EA012A361D4B46CDF800A04748DDE909
:10C44000061201F0C5FA01214548F2F727FA09FB67
:10C450000AF770E016F8010B04900121049801EB33
:10C4600020100390049800F00F0002903D490298BC
:10C4700031F810400398B84201D2039800E03846E2
:10C48000019001983F1A42F64510844201D10546B9
:10C4900046E00CB9002543E0129807283DD2DFE8BA
:10C4A00000F03C04241F2B343900E10AC4F3451387
:10C4B0009A00A2F129035B004FF0030C93FBFCF3FD
:10C4C00003F12900002800DA0020FF2800DDFF200A
:10C4D000CB024FEAA00C43EA4C135B1D9DB21EE059
:10C4E00004F4784000F2451519E004F4FC60C4F34C
:10C4F000430140EA010512E004F01F004FF4787197
:10C5000001EA640140EA010509E047F6EF3000EA7C
:10C51000640504E0C4F30A0501E0254600BF00BF3E
:10C5200003E029460D4801F09AFA0198411E019155
:10C530000028F6D100BF002F8CD100BF80210A480F
:10C54000F2F7F6FD0128F9D001210548F1F71CFFAB
:10C5500000205AE708590308085D0308D01D002091
:10C56000000C014098400208003001402DE9F041E4
:10C5700007460D462846F4F773FB06464FF6FF7054
:10C58000864202D10020BDE8F081054850F826001F
:10C59000044944182078617840EA0120C0B2F2E7EB
:10C5A00008590308085D03082DE9FF4F83B098463A
:10C5B00040463B2801D8C1B200E0FF218946B9F1CD
:10C5C000FF0F0DD14FF47F0003210B46CDE9001082
:10C5D00003A807C8FFF71AFD012007B0BDE8F08FD8
:10C5E000B9F13C0F01D30120F7E74B4850F829007F
:10C5F0004A4946183078717840EA012AB078F178D3
:10C6000040EA012B361D5346CDF800B04448DDE921
:10C61000041201F0DDF901214248F2F73FF90AFB6B
:10C620000BF76AE016F8010B029016F8010B019067
:10C630003D49019831F810400298B84201D2029861
:10C6400000E03846009000983F1A42F645108442B8
:10C6500001D1054646E00CB9002543E010980728B3
:10C660003DD2DFE800F03C04241F2B343900E10AFE
:10C67000C4F345139A00A2F129035B004FF0030CA9
:10C6800093FBFCF303F12900002800DA0020FF28C7
:10C6900000DDFF20CB024FEAA00C43EA4C135B1DE8
:10C6A0009DB21EE004F4784000F2451519E004F450
:10C6B000FC60C4F3430140EA010512E004F01F00EE
:10C6C0004FF4787101EA640140EA010509E047F698
:10C6D000EF3000EA640504E0C4F30A0501E02546F2
:10C6E00000BF00BF03E029460D4801F0B8F90098EB
:10C6F000411E00910028F6D100BF002F92D100BF4B
:10C7000080210A48F2F714FD0128F9D001210548DB
:10C71000F1F73AFE002060E7FC430208EC4402080F
:10C72000D01D0020000C01404042020800300140B2
:10C730003EB504460D464FF40051E648F2F7AEF818
:10C74000A07DC8BB1521204600F0D8FC0122694617
:10C75000204600F0E5FB4FF40051DE48F1F714FEEF
:10C760004FF40051DB48F2F799F83521204600F0EC
:10C77000C5FC012201A9204600F0D2FB4FF4005174
:10C78000D448F1F701FE4FF40051D248F2F786F891
:10C790000521204600F0B2FC012202A9204600F04B
:10C7A000BFFB4FF40051CB48F1F7EEFD4FF40051C1
:10C7B000C848F2F773F83EE0FFE7204600F01EFAA3
:10C7C0001521204600F0D0FC204600F085F92046D7
:10C7D00000F0A4F900904FF40051BE48F1F7D4FDE9
:10C7E0004FF40051BB48F2F759F8204600F006FA22
:10C7F0003521204600F0B8FC204600F06DF92046B7
:10C8000000F08CF901904FF40051B248F1F7BCFDF3
:10C810004FF40051AF48F2F741F8204600F0EEF92E
:10C820000521204600F0A0FC204600F055F92046E6
:10C8300000F074F902904FF40051A648F1F7A4FDFE
:10C840009DF80000C0F38000A84200D100BFEDB108
:10C850009DF80400C0F3801058B19DF8080020F046
:10C86000200002909DF8080020F01C001830029073
:10C8700027E09DF8080020F02000203002909DF86D
:10C88000080020F01C00183002901AE09DF8040007
:10C89000C0F3801058B19DF8080020F020000290ED
:10C8A0009DF8080020F01C001C30029009E09DF863
:10C8B000080020F0200002909DF8080020F01C00E5
:10C8C0000290204600F00EFB204600F0B9F94FF42C
:10C8D00000518048F1F7E2FFA07D78BB012120469E
:10C8E00000F00CFC9DF80810204600F007FC4FF407
:10C8F00000517848F1F748FD4FF400517548F1F7C1
:10C90000CDFF3121204600F0F9FB9DF804102046B0
:10C9100000F0F4FB4FF400516E48F1F735FD4FF491
:10C9200000516C48F1F7BAFF1121204600F0E6FBF8
:10C930009DF80010204600F0E1FB32E0FFE72046C2
:10C9400000F05CF90121204600F00EFC9DF8081073
:10C95000204600F009FC4FF400515E48F1F714FD49
:10C960004FF400515B48F1F799FF3121204600F068
:10C97000FBFB9DF80410204600F0F6FB4FF400513D
:10C980005448F1F701FD4FF400515248F1F786FF8A
:10C990001121204600F0E8FB9DF80010204600F031
:10C9A000E3FB4FF400514B48F1F7EEFC00BF20468B
:10C9B00000F0F8F802909DF8080000F0010000284F
:10C9C000F5D1204600F05AF94FF400514148F1F7F3
:10C9D00065FFA07DC8BB1521204600F08FFB01221A
:10C9E0006946204600F09CFA4FF400513948F1F7AF
:10C9F000CBFC4FF400513748F1F750FF352120466A
:10CA000000F07CFB012201A9204600F089FA4FF4D6
:10CA100000513048F1F7B8FC4FF400512D48F1F7C0
:10CA20003DFF0521204600F069FB012202A92046B6
:10CA300000F076FA4FF400512648F1F7A5FC4FF4C8
:10CA400000512448F1F72AFF3EE0FFE7204600F0BE
:10CA5000D5F81521204600F087FB204600F03CF871
:10CA6000204600F05BF800904FF400511948F1F7B0
:10CA70008BFC4FF400511748F1F710FF204600F0EF
:10CA8000BDF83521204600F06FFB204600F024F869
:10CA9000204600F043F801904FF400510D48F1F7A3
:10CAA00073FC4FF400510B48F1F7F8FE204600F0FC
:10CAB000A5F80521204600F057FB204600F00CF8B1
:10CAC000204600F02BF802904FF400510148F1F796
:10CAD0005BFC3EBD0010014010B504460823032254
:10CAE00028210C48F4F73AFA4FF480430322282116
:10CAF0000948F4F733FA4FF400430322282106488B
:10CB0000F4F72CFA4FF40073032228210148F4F7BC
:10CB100025FA10BD000C01400010014070B506461A
:10CB20000024002536E010211C48F1F7B7FE102143
:10CB30001A48F1F729FC2007040E08211748F2F7DC
:10CB40005FFB10B144F0010401E024F001044FF454
:10CB500080411348F2F754FB10B144F0020401E0A5
:10CB600024F002044FF400410D48F2F749FB10B1E4
:10CB700044F0040401E024F004044FF40071074879
:10CB8000F2F73EFB10B144F0080401E024F0080481
:10CB9000681CC5B2022DC6DB204670BD000C0140EA
:10CBA0000010014038B504464FF400511248F1F727
:10CBB00075FEA07D48B90521204600F09FFA0122AC
:10CBC0006946204600F0ACF90DE0204600F016F86A
:10CBD0000521204600F0C8FA2046FFF77DFF2046D9
:10CBE000FFF79CFF00904FF400510348F1F7CCFB96
:10CBF0009DF8000038BD00000010014010B504464B
:10CC00000823032210210C48F4F7A8F94FF48043BD
:10CC1000032210210948F4F7A1F94FF4004303223D
:10CC200010210648F4F79AF94FF4007303221021FB
:10CC30000148F4F793F910BD000C014000100140C9
:10CC400010B504464FF400510B48F1F727FEA07DC4
:10CC500020B90621204600F051FA06E02046FFF7F1
:10CC6000CDFF0621204600F07FFA4FF40051024824
:10CC7000F1F78AFB002010BD0010014010B50446FA
:10CC80004FF400510B48F1F709FEA07D20B90421B3
:10CC9000204600F033FA06E02046FFF7AFFF0421FC
:10CCA000204600F061FA4FF400510248F1F76CFBA6
:10CCB000002010BD001001407CB50546284600F05C
:10CCC000A3F94FF400718448F1F7E8FD012183488E
:10CCD000FCF7D6FD4FF400717F48F1F755FB0121B9
:10CCE0007E48FCF7CDFD0020A875284600F0E8F945
:10CCF000284600F027F90646012E09D1A8752846D6
:10CD000000F0DEF9284600F01DF9064630467CBDED
:10CD100001217248FCF7B4FD4FF400517048F1F75F
:10CD2000BDFD0621284600F0E9F94FF400516C489A
:10CD3000F1F72AFB4FF47A7400BF2846FFF732FF61
:10CD400000900A216548FCF7ADFD0CB1641E00E0BF
:10CD500005E09DF8000000F001000028EDD100BFC3
:10CD60004FF400515E48F1F799FD3121284600F05B
:10CD7000C5F94221284600F0C1F94FF40051584846
:10CD8000F1F702FB4FF47A7400BF2846FFF70AFF61
:10CD900000900A215148FCF785FD0CB1641E00E0AB
:10CDA00005E09DF8000000F001000028EDD100BF73
:10CDB0004FF400514A48F1F771FD0521284600F073
:10CDC0009DF9012201A9284600F0AAF84FF400516C
:10CDD0004348F1F7D9FA4FF400514148F1F75EFDAD
:10CDE0003521284600F08AF901220DF10501284677
:10CDF00000F096F84FF400513948F1F7C5FA4FF4B6
:10CE000000513748F1F74AFD1521284600F076F920
:10CE100001220DF10601284600F082F84FF400517E
:10CE20002F48F1F7B1FA01212C48FCF729FD4FF406
:10CE300000512B48F1F732FD3121284600F05EF910
:10CE40004221284600F05AF94FF400512448F1F7E6
:10CE50009BFA4FF47A7400BF2846FFF7A3FE0090B8
:10CE60000A211E48FCF71EFD0CB1641E00E005E01F
:10CE70009DF8000000F001000028EDD100BF4FF444
:10CE800000511748F1F70AFD3821284600F036F91D
:10CE90004FF400511248F1F777FA4FF47A7400BF5B
:10CEA0002846FFF77FFE00900A210C48FCF7FAFCA9
:10CEB0000CB1641E00E005E09DF8000000F00100E8
:10CEC0000028EDD100BF0120A87501210348FCF71F
:10CED000D7FC30461BE70000000C0140F8010020A1
:10CEE0000010014010B504464FF400510B48F1F713
:10CEF000D5FCA07D20B95021204600F0FFF806E0C7
:10CF00002046FFF77BFE5021204600F02DF94FF41C
:10CF100000510248F1F738FA002010BD001001401E
:10CF200070B506460C46154605E00021304600F077
:10CF3000E5F804F8010B281EA5F10101CDB2F4D1EA
:10CF400070BD00007CB5054625A0006801904FF437
:10CF500000512448F1F7A2FCA87D50B9042201A990
:10CF6000284600F041F8022269462846FFF7D8FF1C
:10CF700023E02846FFF742FE9DF80410284600F003
:10CF8000F3F89DF80510284600F0EEF89DF806101D
:10CF9000284600F0E9F89DF80710284600F0E4F86C
:10CFA0002846FFF799FD2846FFF7B8FD8DF80000E9
:10CFB0002846FFF7B3FD8DF801004FF400510948F2
:10CFC000F1F7E2F99DF80000EF2805D09DF8010087
:10CFD000152801D0012400E0002420467CBD00007B
:10CFE000900000000010014070B506460C46154642
:10CFF00004E014F8011B304600F080F8281EA5F16B
:10D000000101CDB2F5D170BD10B5044640F2026009
:10D01000F2F78AFE40F20360F2F786FE40F2046007
:10D02000F2F782FE4FF4C060F2F77EFE0121214844
:10D03000F2F758FD4FF40073032210211E48F3F756
:10D040008DFF4FF400711C48F1F79EF94FF4004337
:10D05000032210211948F3F781FF4FF400411748CC
:10D06000F1F792F94FF40053032210211348F3F71C
:10D0700075FF4FF400511148F1F786F94FF48043E2
:10D08000032228210D48F3F769FF0823032210210A
:10D090000948F3F763FF08210748F1F775F91023F2
:10D0A000032219460448F3F759FF10210248F1F70B
:10D0B0006BF910BD00023000000C0140001001406F
:10D0C00010B504464FF400510B48F1F7E7FBA07D83
:10D0D00020B9AB21204600F011F806E02046FFF70A
:10D0E0008DFDAB21204600F03FF84FF4005102487F
:10D0F000F1F74AF9002010BD001001402DE9F04180
:10D1000007460D460024002624E010211448F1F7BC
:10D11000C5FB05F0800020B108211148F1F734F972
:10D1200003E008210E48F1F7B9FB6806050E10214F
:10D130000B48F1F729F96006040E4FF480410948C5
:10D14000F2F75EF810B144F0010401E024F00104AC
:10D15000701CC6B2082ED8DB2046BDE8F081000066
:10D16000000C01400010014070B506460C46002539
:10D1700041E010212148F1F791FB04F0100020B1AB
:10D1800008211E48F1F700F903E008211B48F1F7D8
:10D1900085FB04F0200028B14FF480411848F1F7D6
:10D1A000F3F804E04FF480411548F1F777FB04F001
:10D1B000400028B14FF400411148F1F7E5F804E0D0
:10D1C0004FF400410E48F1F769FB04F0800028B1EC
:10D1D0004FF400710948F1F7D7F804E04FF40071FB
:10D1E0000648F1F75BFB10210448F1F7CDF8200762
:10D1F000040E681CC5B2022DBBDB70BD000C0140E3
:10D200000010014010B504464FF4C060F2F78CFDE9
:10D2100040F20260F2F788FD0123032228210A4828
:10D22000F3F79CFE002203210620F1F729FD0021DF
:10D230000846F2F723FD022200210120F3F732FE17
:10D240000120F2F71BFF10BD0008014010B5044695
:10D250004FF4C060F2F768FD40F20360F2F764FD3E
:10D2600040F21570F2F760FDC02303221C21244810
:10D27000F3F774FE2348F0F769FE002222492148A3
:10D28000F1F724FE3823002211461E48F2F71EFC57
:10D290001C48F0F77BFE01211A48F1F701FB4FF41F
:10D2A0008073032210211648F3F758FE202303222F
:10D2B00048211348F3F752FE4FF480711048F1F7FC
:10D2C000EDFA02211148FCF7DBFA4FF480710C48AB
:10D2D000F1F75AF82046FFF795FF002203211720A7
:10D2E000F1F7CEFC05210120F2F7C8FC0222002153
:10D2F0002020F3F7D7FD2020F2F7C0FE10BD00007C
:10D30000000C014000540040A0860100F8010020FC
:10D310002DE9FC4781460E4617461D468548FCF719
:10D32000E1FA04464FF000080DE08248FCF7DAFA13
:10D33000001B012807D94FF001087F48F1F79AFC3C
:10D340004046BDE8FC877D497B48F1F71FF800287F
:10D35000EBD17948F1F754FE0CE07648FCF7C2FABD
:10D36000001B012806D94FF002087348F1F782FC30
:10D370004046E6E701217048F1F708F80028ECD0B4
:10D380006FF0010270216C48F2F7F4FB0CE0694881
:10D39000FCF7A8FA001B012806D94FF003086648DD
:10D3A000F1F768FC4046CCE702216348F0F7EEFF56
:10D3B0000028ECD060481430006801905E481830B6
:10D3C000006800900CE05B48FCF78CFA001B012819
:10D3D00006D94FF004085848F1F74CFC4046B0E736
:10D3E00080215548F0F7D2FF0128ECD15248F0F7E0
:10D3F000CDFD39465048F1F7AEFE0CE04D48FCF744
:10D4000071FA001B012806D94FF005084A48F1F7C8
:10D4100031FC404695E704214748F0F7B7FF002864
:10D42000ECD04548F1F7ECFD0CE04248FCF75AFA25
:10D43000001B012806D94FF006083F48F1F71AFCF7
:10D4400040467EE701213C48F0F7A0FF0028ECD0E1
:10D45000012270213848F2F78DFB032D03DA0021F9
:10D460003548F1F71DFA0CE03248FCF73BFA001B97
:10D47000012806D94FF007082F48F1F7FBFB40467B
:10D480005FE702212C48F0F781FF0028ECD02A4802
:10D490001430006801902848183000680090012D71
:10D4A00002D12548F1F7E6FB31E0032D0AD100BF98
:10D4B00004212148F0F76AFF0028F9D000211E4816
:10D4C000F1F7EEF9022D09D100BF04211A48F0F757
:10D4D0005DFF0028F9D01848F1F7CCFB4021164831
:10D4E000F0F754FF30B11448F1F786FD06F8010B50
:10D4F000681EC5B20F48FCF7F5F9001B012806D9D4
:10D500004FF008080C48F1F7B5FB404619E7002D2D
:10D51000CBD100BF0848006800F400700028F9D1A2
:10D5200001210548F1F7BCF901210348F1F708FE94
:10D53000404606E7F8010020005400400200008049
:10D5400070B5044600250A260B48FCF7CBF90B49B9
:10D550000968401AB0420DD90748FCF7C3F90749DA
:10D5600008602078012805D100202070204600F0B6
:10D5700007F80125284670BDF8010020D4010020DD
:10D5800038B504460020009001231A4604F1180122
:10D590002046FFF7BDFE9DF80010084308B10120AA
:10D5A00000E0002000900123022204F1190120462E
:10D5B000FFF7AEFE9DF80010084308B1012000E01F
:10D5C000002000900123892204F11A012046FFF770
:10D5D0009FFE9DF80010084308B1012000E00020E4
:10D5E00000900423032204F127012046FFF790FE58
:10D5F0009DF80010084308B1012000E000200090D1
:10D600009DF80000E0B90020164908702A20015D4D
:10D610002920005D00F00F0001EB0020C0F5A07094
:10D62000A0832820015D94F8270000F00F0001EB93
:10D630000020E0832920005D801184F824000FE0A1
:10D64000084800780A2805DA06480078401C054991
:10D65000087005E00020034908702046FFF7F6FD3A
:10D6600038BD0000D801002010B590B004464FF43A
:10D67000C060F2F759FB40F20260F2F755FB40F24E
:10D680000360F2F751FB40F20C60F2F74DFB4FF4F0
:10D69000E060F2F749FB01214A48F2F723FA4FF420
:10D6A0000043042218214848F3F758FC02230422BF
:10D6B00010214648F3F752FC4FF400630422102176
:10D6C0004248F3F74BFC0123042210213F48F3F7B3
:10D6D00045FCA023042218213B48F3F73FFC4FF4FC
:10D6E00040400A904FF4827009904FF400600B9014
:10D6F00000200E904FF400700C9000200F900D90C1
:10D7000009A93348F3F792FA3148F0F744FC4FF097
:10D710008040F0F755FE7720ADF814000020ADF8FA
:10D720001600ADF81800642007900020ADF8200026
:10D730008DF8220005A94FF08040F0F731FC4FF042
:10D740008040F2F7A1FF00214FF08040F2F71EFF6A
:10D75000002211464FF08040F2F7F5FF01200190C2
:10D760000020ADF80800ADF80A00ADF80C00ADF8E7
:10D770000E00ADF8100001AA00214FF08040F2F732
:10D780000FFE002211464FF08040F3F709F86022A7
:10D7900000214FF08040F2F7A9FF002211464FF020
:10D7A0008040F2F776FF00214FF08040F3F70BF84E
:10D7B00001218807F2F74EFF4FF08040F0F76EFE30
:10D7C00010B010BD0001180000080140000C01401D
:10D7D0000030014010B504462046FFF745FF022106
:10D7E0006848F0F7D1FD64216748FCF749F84FF429
:10D7F00000616448F0F7C8FD0A216348FCF740F86F
:10D800004FF400615F48F1F749F864215E48FCF786
:10D8100037F84FF400615B48F0F7B6FD4FF4FA714A
:10D820005948FCF72DF81121204600F0AFF8782177
:10D830005548FCF725F83621204600F0A7F80021CE
:10D84000204600F04FF93A21204600F09FF80521CC
:10D85000204600F047F9B221204600F097F80C214D
:10D86000204600F03FF90C21204600F03BF9002152
:10D87000204600F037F93321204600F033F93321F8
:10D88000204600F02FF9B721204600F07FF835211F
:10D89000204600F027F9BB21204600F077F835211B
:10D8A000204600F01FF9C021204600F06FF82C211F
:10D8B000204600F017F9C221204600F067F8012148
:10D8C000204600F00FF9C321204600F05FF8132135
:10D8D000204600F007F9C421204600F057F8202127
:10D8E000204600F0FFF8C621204600F04FF80F2137
:10D8F000204600F0F7F8CA21204600F047F80F2133
:10D90000204600F0EFF8C821204600F03FF808213B
:10D91000204600F0E7F85521204600F037F8902126
:10D92000204600F0DFF8D021204600F02FF8A42197
:10D93000204600F0D7F8A121204600F0D3F83A2184
:10D94000204600F023F8607D012803D10321204602
:10D9500000F0C8F8607D022803D10521204600F0C0
:10D96000C1F8607D032803D10621204600F0BAF8F3
:10D970002121204600F00AF82821204600F006F870
:10D9800010BD0000000C0140F801002070B50546F4
:10D990000C4601210C48F0F781FF00BF02210B4823
:10D9A000F1F7C6FB0028F9D0E1010848F2F702F9C7
:10D9B00000BF80210548F1F7BBFB0128F9D0012108
:10D9C0000148F0F7E1FC70BD000C0140003001405F
:10D9D0002DE9F04781460C4617469846DDF820A011
:10D9E000C4F5A07084B207EB0A00401E40EA074568
:10D9F000601EA4EB080140EA01462A214846FFF7D1
:10DA0000C5FF290E484600F06DF8C5F307414846AA
:10DA100000F068F8C5F30721484600F063F8E9B262
:10DA2000484600F05FF82B214846FFF7AFFF310E64
:10DA3000484600F057F8C6F30741484600F052F850
:10DA4000C6F30721484600F04DF8F1B2484600F011
:10DA500049F82C214846FFF799FFBDE8F08770B5DB
:10DA600005460C46002000EB2420C1B2284600F0F9
:10DA700039F8E1B2284600F035F870BD10B504461B
:10DA8000242221460548FBF773FF4EF6602120460D
:10DA900000F010F80221617510BD0000F8010020AF
:10DAA00070B505460C46224600214FF08040F2F743
:10DAB00077FE70BD70B504460D460348FBF712FFB4
:10DAC0002844206070BD0000F801002010B5044615
:10DAD00011212046FFF75AFF29212046FFF756FF64
:10DAE00010BD000070B505460C4601210F48F0F747
:10DAF000D5FE00BF02210E48F1F71AFB0028F9D02D
:10DB000004F580704FF6FF7202EAC0110848F2F780
:10DB100051F800BF80210648F1F70AFB0128F9D02F
:10DB200001210248F0F730FC70BD0000000C0140FC
:10DB30000030014010B586B00446052057490870F2
:10DB40005748807B60715648C07BA07100215548C2
:10DB5000FFF7A6FF0020F0214FF4A0730246CDE9A5
:10DB6000001001465048FEF751FA05204F490022A7
:10DB70000192CDE9022104902D204FF496730C22DE
:10DB80000A2100904848FDF7C7FF052047490022B9
:10DB90000192CDE9022104902D204FF496733E228C
:10DBA0000A2100904048FDF7B7FF00200123122210
:10DBB000192100903C48FEF7F7FC00200223442284
:10DBC000192100903848FEF7EFFC0020172312229D
:10DBD000C82100903448FEF7E7FC002017234422B8
:10DBE000C82100903048FEF7DFFC05202F490022B5
:10DBF0000192CDE90221049028200346C322052189
:10DC000000902948FDF788FF00201423C72209212E
:10DC100000902548FEF7C8FC052024490022019207
:10DC2000CDE90221049028200346C32240F21311BB
:10DC300000901D48FDF770FF00200A23C72240F224
:10DC4000171100901848FEF7AFFC204600F060F86E
:10DC5000204600F033F8204600F0B0F8204600F0EF
:10DC600081F8204600F0D6F8204600F0FFF80020AA
:10DC700000901B236E220EA101900E48FCF70EFCB3
:10DC8000002000904B236E2209A101900948FCF767
:10DC900005FC0948FBF776FF06B010BD0400002024
:10DCA000DC070020D01D00200C12002029292900AB
:10DCB0003A00000018020020C40200203EB50446CD
:10DCC00062780EA102A8EEF7F5FA0E480D211E2388
:10DCD0001C22CDE900107D210B48FEF797F9207931
:10DCE000012800D100E0002001211C238C22CDE975
:10DCF000001002A90548FCF7D1FB3EBD2530326477
:10DD000000000000292929000C1200201802002020
:10DD10003EB5044622780EA102A8EEF7CBFA0E48D3
:10DD20000D211E231C22CDE9001046210B48FEF7D1
:10DD30006DF9207908B9012000E0002001211C23A1
:10DD40005522CDE9001002A90548FCF7A7FB3EBD0E
:10DD50002530326400000000292929000C1200201F
:10DD6000180200203EB50446E2780FA102A8EEF7A3
:10DD7000A1FA0F480D211E234C22CDE900107D2170
:10DD80000C48FEF743F92079032801D1012000E077
:10DD9000002001214C238C22CDE9001002A9064865
:10DDA000FCF77CFB3EBD0000253032640000000023
:10DDB000292929000C120020180200203EB5044633
:10DDC000A2780FA102A8EEF775FA0F480D211E23C5
:10DDD0004C22CDE9001046210C48FEF717F92079B6
:10DDE000022801D1012000E0002001214C2355220E
:10DDF000CDE9001002A90648FCF750FB3EBD00002B
:10DE00002530326400000000292929000C1200206E
:10DE1000180200201FB5044662790FA102A8EEF790
:10DE200049FA0F480D2141231C22CDE90010F521AC
:10DE30000C48FEF7EBF82079042801D1012000E01E
:10DE4000002000211C23F522CDE9001002A906487C
:10DE5000FCF724FB1FBD000025303264252500009F
:10DE6000292929000C120020180200201FB50446A1
:10DE7000A2790FA102A8EEF71DFA0F480D21412348
:10DE80004C22CDE90010F5210C48FEF7BFF82079AF
:10DE9000052801D1012000E0002000214C23F522BB
:10DEA000CDE9001002A90648FCF7F8FA1FBD0000F2
:10DEB0002530326425250000292929000C12002074
:10DEC0001802002010B504460E2221460748FBF731
:10DED0004FFD64206071A0711420A0700020E070DC
:10DEE000082020700020607010BD0000F8010020A4
:10DEF00010B504462078E179884204D02078E0719A
:10DF00002046FFF705FF6178207A814204D06178CE
:10DF100021722046FFF7D2FEA178607A814204D0B8
:10DF2000A17861722046FFF749FFE178A07A81422B
:10DF300004D0E178A1722046FFF714FF6179207BBD
:10DF4000814204D0617921732046FFF763FFA179F4
:10DF5000607B814204D0A17961732046FFF786FF80
:10DF60002179E07A814243D0207906281CD2DFE86B
:10DF700000F003070B0F13172046FFF7C9FE13E04D
:10DF80002046FFF79BFE0FE02046FFF717FF0BE050
:10DF90002046FFF7E7FE07E02046FFF73BFF03E0E0
:10DFA0002046FFF763FF00BF00BFE07A06281CD2BF
:10DFB000DFE800F003070B0F13172046FFF7A8FE5A
:10DFC00013E02046FFF77AFE0FE02046FFF7F6FE4B
:10DFD0000BE02046FFF7C6FE07E02046FFF71AFFDA
:10DFE00003E02046FFF742FF00BF00BF2179E17246
:10DFF00010BD00007CB504468D480078052801D08E
:10E00000FF207CBD8B48407E10B900208949887074
:10E010008848407E00283FD08648807800283BD141
:10E020000120844988708448F2F7F4FB10B18348DA
:10E03000FCF772F88248F2F7EDFB08B1002020717E
:10E040008048F2F7E7FB08B1012020717E48F2F723
:10E05000E1FB08B1022020717C48F2F7DBFB08B13C
:10E06000032020717A48F2F7D5FB08B10420207113
:10E070007848F2F7CFFB08B1052020717648F2F717
:10E08000C9FB48B1A1797548C1736179817301F009
:10E090000FFA6A48FCF740F87148007800285ED013
:10E0A00000206F4908702079062857D2DFE800F079
:10E0B00003122234484F207817280ADA2920F2F771
:10E0C0008BFB05462078401CC2B229466548FBF709
:10E0D000BBF943E060783B280BDA2920F2F77CFBA0
:10E0E000054660780A30C3B2FF2229465D48FBF737
:10E0F000BFF933E0A07817280DDA2920F2F76CFB7E
:10E100000546A078401CC0B2FF231A46294600905D
:10E110005448FBF7C2F921E0E0783B280FDA2920C8
:10E12000F2F75AFB0546E0780A30C0B2FF210B46F1
:10E130000A46CDE9001029464A48FBF7C7F90DE029
:10E140006079642802DA6079401C607106E0A07989
:10E15000642802DAA079401CA07100BF00BF4048CB
:10E16000407800285ED000203D494870207906287C
:10E1700057D2DFE800F003122234484F20780028FD
:10E180000ADD2920F2F728FB05462078401EC2B29E
:10E1900029463448FBF758F943E0607800280BDD46
:10E1A0002920F2F719FB054660780A38C3B2FF222E
:10E1B00029462C48FBF75CF933E0A07800280DDDF8
:10E1C0002920F2F709FB0546A078401EC0B2FF23C4
:10E1D0001A46294600902348FBF75FF921E0E078D2
:10E1E00000280FDD2920F2F7F7FA0546E0780A3813
:10E1F000C0B2FF210B460A46CDE900102946194856
:10E20000FBF764F90DE060790A2802DD6079401EB1
:10E21000607106E0A0790A2802DDA079401EA07195
:10E2200000BF00BF2046FFF763FEFF20E9E60000C5
:10E2300004000020F41D00209A2102089201002011
:10E24000A2210208AA210208B2210208BA2102086A
:10E25000C2210208CA210208D2210208DC070020DC
:10E26000C40200201C1200202DE9F04F2DED048B7C
:10E2700089B007468A460AEB4A01FC4800EBC10018
:10E280008068000D08900AEB4A01F84800EBC100D5
:10E290000089C0F3C6050AEB4A01F44800EBC1004F
:10E2A000007A00F007087E2D02D1B8F1010F01D0ED
:10E2B0007D2D02D10120EE4908700AEB4A01EB489E
:10E2C00000EBC10000F10F0400260898000500EBE8
:10E2D000453000EB8820E5493C3991F8A51900EB61
:10E2E000C100E2493C3991F8A419084407900AEBAF
:10E2F0004A02DE4800EBC20022468168DD48FAF798
:10E3000009FA252D07D10120DB490870DB48FBF70E
:10E31000E9FAD9494860222D09D0232D07D0172DBD
:10E3200005D01B2D03D02A2D01D02B2D02D1D4488E
:10E3300080F83050089818286FD01CDC0C286DD05D
:10E340000CDC07286BD004DC01282FD0022867D111
:10E35000ACE00A287BD00B28F9D1AEE1132877D0A6
:10E3600004DC0D2875D01228F1D115E2152871D0E2
:10E370001628ECD1FEE322286DD00ADCA0F11900AA
:10E3800005284DD2DFE810F01D0546056F05D105C3
:10E39000EA052A287ED004DC28287CD02928D6D17A
:10E3A000E9E32E2878D03C28D1D148E24FF4001080
:10E3B00000EB453000EB8820AC493C3991F8A519B9
:10E3C00000EBC100A9493C3991F8A4190844079011
:10E3D0006078217800EB012003281DD003DC38B1E0
:10E3E000012839D117E004281BD0162834D119E0B0
:10E3F000FF2012226423CDE9032002930590002020
:10E400007E21CDE900106378227898483C3807993E
:10E41000FBF7C0F848E047E046E0F3E363E19BE048
:10E42000BFE241E097489849086000BFBFF34F8FB3
:10E430009648006800F4E06095490843001D934940
:10E440000860BFF34F8F00BF00BF00BFFDE7F0E0E3
:10E45000A8E27EE1D7E3FCE3FF2002900390049062
:10E460000590009001904FF4001000EB453000EB58
:10E470008820DFF8F8C1ACF13C0C9CF8A5C900EB92
:10E48000CC00DFF8E8C1ACF13C0C9CF8A4C900EB6F
:10E490000C0102E0EFE3EFE3EFE3637822787348E7
:10E4A0003C38FBF777F800BF00BF7AE2607821784C
:10E4B00000EB0120F0BB7B2D4BDA97F83C001328D2
:10E4C00047DA222D09D0232D07D0172D05D01B2D7B
:10E4D00003D02A2D01D02B2D3BD101201BE0411E62
:10E4E00001EB4101795CA94213D1411E01EB4101CD
:10E4F0003944497841450CD1411E01EB4101394471
:10E5000089782279914204D109B0BDEC048BBDE831
:10E51000F08F411CC8B297F83C108142DFDC97F8BD
:10E520003C0000EB40003D5497F83C0000EB4000FD
:10E53000384400E00EE080F80180207997F83C1024
:10E5400001EB41013944887097F83C00401C87F882
:10E550003C0000BF00BFA8E7207804285AD16078AB
:10E5600003284AD120790106607901EB0041A079A6
:10E5700001EB0020E1790844401C58B94548B0F847
:10E580000408401C4349A1F804080121414880F8CF
:10E590000E188AE73F488089401C3E498881E1780F
:10E5A000A07801EB002081B23A48B0F80628343058
:10E5B00020F8321020790106607901EB0041A07942
:10E5C00001EB0020E17901443248B0F806283430EC
:10E5D00000EBC20041602F48B0F80608401C81B231
:10E5E0002C48A0F80618B0F80408401C2949A1F8E6
:10E5F00004080121274880F80E18607818B9012016
:10E60000244981F810086078022803D101212148AB
:10E6100080F81B18207805280AD11E48B0F8040895
:10E62000401C1C49A1F8040801211A4880F80E1862
:10E630003BE72078FF2802D02078114908706078E5
:10E64000FF2802D060780E494870A078FF2802D0D9
:10E65000A0780B494877E07800F0030003281ED02B
:10E66000E07800F00300B8B1012016E05812002055
:10E6700048080020981E002098010020F801002082
:10E68000B003002055AA1600FC0300200CED00E0AA
:10E690000000FA05680900200020F84988772079F1
:10E6A000FF2802D02079F549C8776079FF2803D088
:10E6B0006079F24981F82000F7E62078FF2802D13E
:10E6C0006078FF280ED06178207801EB002000EE02
:10E6D000100AB8EEC00AF2EE040A80EE201AE748EB
:10E6E00080ED061AE1E62078FF2802D02078E34981
:10E6F00048816078FF2802D06078E0498881A0785E
:10E70000FF2802D1E078FF280ED0E178A07801EB55
:10E71000002000EE100AB8EEC00ADFEDD90A80EE44
:10E72000201AD64880ED041AA079FF2802D0A079DB
:10E73000D2490875E07900F00300022808DAE07990
:10E7400000F0030008B1012000E00020CB49087769
:10E75000ABE62078FF2802D16078FF2806D06078E9
:10E76000217800EB012000B2C4494880A078FF283E
:10E7700003D0A0784B38C1498880E078FF2803D0C7
:10E78000E0784B38BD49C8802079FF2803D0207934
:10E790004B38BA49088188E62B2D20D008DC172D8C
:10E7A00019D01B2D18D0222D17D0232D45D115E0BF
:10E7B0002C2D15D0792D04D07D2D1FD07E2D3CD150
:10E7C0002AE00120AF490870AF48FBF78BF8AD494C
:10E7D000C1F8C80331E000BF00BF00BF00BF00BFE9
:10E7E0002178AA4880F86410617880F86510A178D3
:10E7F00080F86610E17880F867101EE02178A34861
:10E8000080F86810617880F86910A17880F86A1043
:10E81000E17880F86B1010E0B8F1010F0CD121788D
:10E820009A4880F86810617880F86910A17880F8BB
:10E830006A10E17880F86B1000BF00BF35E6792DD3
:10E8400073D101208F4908708F48FBF74BF88D4931
:10E85000C1F8C8038E4880F8A98980F8A8592078A3
:10E8600030B1012832D002286ED003282DD184E0A7
:10E87000607800F00300022804DA607800F00100FC
:10E88000804948706078C0F38100022804DA60781B
:10E89000C0F380007B4988706078C0F301100228C3
:10E8A00004DA6078C0F300107649087160780221BC
:10E8B000B1EB901F04DD6078C0F38010714948719E
:10E8C000A0787049C870E078887169E0607800F0DD
:10E8D0000300022804DA607800F001006949C87179
:10E8E0006078C0F38100022804DA6078C0F3800009
:10E8F000644908726078C0F30110022804DA607875
:10E90000C0F300105F49487260780221B1EB901F9C
:10E9100004DD6078C0F380105A498872A07801281D
:10E9200007DCA07810B1012001E03AE00020554951
:10E93000C872E078012806DCE07808B1012000E028
:10E940000020504908732BE0002010E0411C615C5E
:10E95000302906DB411C615C392902DC411C615C09
:10E9600000E00021474A0D321154411CC8B205286D
:10E97000ECDB00214348817412E0A078617840EA22
:10E98000012040498885E0780006217940EA01406D
:10E99000617940EA0120A17908433A49086300BF40
:10E9A00000BFE7E33A4880F8A78980F8A6592078A5
:10E9B000012862D1207900F00300022805DA2079CD
:10E9C00000F00101314880F85B102079C0F381002C
:10E9D000022805DA2079C0F380012C4880F83B102A
:10E9E0002079C0F30110022805DA2079C0F3001164
:10E9F000264880F83610607900F00300022805DA16
:10EA0000607900F00101214880F83D106079C0F381
:10EA10008100022805DA6079C0F380011B4880F884
:10EA20003E10A07900F00300022805DAA07900F07A
:10EA30000101164880F84410A079C0F38100022833
:10EA400005DAA079C0F38001104880F84510A0795C
:10EA5000C0F30110022805DAA079C0F300110B48B9
:10EA600080F84610E07900F00300022816DAE07919
:10EA700000F0030070B101210DE02DE0B003002093
:10EA80000000C84210260020F8010020480800209D
:10EA90001C1200200021FE4880F83F10E079C0F3EE
:10EAA0008100022809DAE079C0F3810008B1012170
:10EAB00000E00021F64880F84010E079C0F3011032
:10EAC000022809DAE079C0F3011008B1012100E061
:10EAD0000021EF4880F841102078032836D1607873
:10EAE0007D2804DC60784B38C1B2EA480171A07817
:10EAF0000A2802DCA178E7484171E0789B2804DC11
:10EB0000E0784B38C1B2E44841716179207901EB7A
:10EB1000002040F2AA51884206DC6179207901EB9D
:10EB2000002081B2DC48C180A079642805DCA0798E
:10EB3000002802DDA079D9494872E079022805DB76
:10EB4000E0793C2802DCE179D448817220780428FD
:10EB50003CD16078FF2802DA6078CD490871A0784E
:10EB6000FF2802DAA178CA484171E078FF2805DA67
:10EB7000E17801E082E08CE2C54881712079FF28CC
:10EB800002DA2179C248C1716079FF2802DA61791D
:10EB9000BF4801720021BE4880F84E10002013E0EB
:10EBA000BB49091D095C01F0010161B1B84991F847
:10EBB0004E304F31C8544F3991F84E10491CCAB2EB
:10EBC000B34981F84E20401C0528E9DB2078052850
:10EBD00017D16078FF2808D1A078FF2805D1E07808
:10EBE000FF2802D12079FF280BD060780006A17899
:10EBF00040EA0140E17840EA012021790843A44934
:10EC0000C866B7E2B9E0A078FF2804D0A0784B38F6
:10EC10009F49A1F856002079FF2805D020794B386C
:10EC200041B29B4880F834106079FF2803D06179A5
:10EC3000974880F86210A079FF2803D0A179944802
:10EC400080F85A10E079C0F38100032807D0E079FA
:10EC500000E09EE1C0F381018D4880F86310E07907
:10EC6000C0F30110012801D1012100E000218848F2
:10EC700080F83C107EE225E2D3E166E2207800F0E5
:10EC80000306032E02D0824880F82E602078C0F35D
:10EC90008106032E02D07E4880F82F602078C0F3D2
:10ECA0000116032E02D07A4880F830602078860959
:10ECB000032E02D0764880F83160607800F00306B9
:10ECC000032E02D0724880F83260A078FF2804D06A
:10ECD000A0784B3841B26E484172E078FF2804D0EA
:10ECE000E0784B3841B26A4881722079FF2804D01D
:10ECF00020794B3841B26648C1726079FF2804D050
:10ED000060794B3841B262480173A079FF2804D082
:10ED1000A0794B3841B25E484173E07900F00306B8
:10ED2000032E06D00EB1012100E00021584880F8E2
:10ED30003710E079C0F38106022E06DA0EB1012108
:10ED400000E00021524880F83810E079C0F3011645
:10ED5000022E06DA0EB1012100E000214C4880F8B5
:10ED60003910E0798609022E06DA0EB1012100E0A1
:10ED70000021474880F83A10FCE1E078FF2803D0F2
:10ED8000E178434880F824102079FF2803D02179C6
:10ED90003F4880F825106079FF2803D061793C480E
:10EDA00080F82610A079FF2803D0A179384880F890
:10EDB0002710E079FF2803D0E179354880F8281042
:10EDC000D8E12078FF2804D020784B38C1B23048F1
:10EDD00081736078FF2804D060784B38C1B22C482A
:10EDE000C173A078FF2804D0A0784B38C1B228485E
:10EDF0000174E078FF2804D0E0784B38C1B2244891
:10EE000041742079FF2804D020794B38C1B22048C2
:10EE10008174AFE12078FF2804D020784B38C1B24C
:10EE20001B48C1746078FF2804D060784B38C1B2A9
:10EE300017480175A078FF2804D0A0784B38C1B2DC
:10EE400013484175E078FF2804D0E0784B38C1B210
:10EE50000F4881752079FF2804D020794B38C1B242
:10EE60000B48C17586E12078FF2802D02178084838
:10EE7000C1776078FF2803D06178054880F82010BA
:10EE8000A078FF2803D0A178014880F8211007E07E
:10EE900048080020BE010020B60100202408002000
:10EEA000E078FF2803D0E178CE4880F8221020795E
:10EEB000FF2803D02179CB4880F82310607900F037
:10EEC0000306032E05D00EB1012100E00021C54844
:10EED00081766079C0F38106032E05D00EB1012141
:10EEE00000E00021BF48C1766079C0F30116032E0F
:10EEF00005D00EB1012100E00021BA480177607908
:10EF00008609032E05D00EB1012100E00021B5488D
:10EF10004177A07900F00306032E05D00EB1012140
:10EF200000E00021AF48817724E120780006617875
:10EF300040EA0140A17840EA0120E1780843AA496B
:10EF4000486220790006617940EA0140A17940EAEF
:10EF50000120E1790843A44988620BE12078022866
:10EF600016D121790A04617902EB0121A27988186E
:10EF700002F058FD41EC190B9FED9C0B53EC102B4C
:10EF800002F0F8FB41EC180B02F0C2FB9649C86294
:10EF9000F0E04FF00C7000EB453000EB8820954915
:10EFA00091F8A51900EBC100924991F8A419084401
:10EFB000079020780006617800EB0140A17800EB13
:10EFC0000120E17800EB01090020069021E0D9F84A
:10EFD00000B00BF0FF00CBF30721CBF307424FEA61
:10EFE0001B63CDE90232CDE9041009F0FF00C9F33B
:10EFF00007214FEA1962C9F30743CDE900107D48A4
:10F000000799FAF7C7FA09F104090698401C80B27B
:10F0100006906079217900EB012106988142D6DCC7
:10F02000A8E075480078022832D07448407B78BB4D
:10F030002078FF2804D0207800F5FA607049086035
:10F0400060780D2805DA6078002802DD60786C4968
:10F050000871A078202802DAA07869494871E07820
:10F06000182802DAE0786649887120793C2802DAAB
:10F0700020796349C87160793C2802DA6079604977
:10F0800008725F4800F06CFA00215D4AC2E9040191
:10F0900070E02078182802DA20785A4908706078E1
:10F0A0003C2802DA607857494870A078182802DABC
:10F0B000A07854498870E0783C2802DAE078514919
:10F0C000C87057E02078FF2807D0207808B10121C8
:10F0D00000E00021434880F847106078FF2807D0FF
:10F0E000607808B1012100E000213E4880F8481016
:10F0F000A078FF2807D0A07808B1012100E0002106
:10F10000384880F849102079FF2807D0207908B1C5
:10F11000012100E00021334880F84B106079FF287E
:10F1200007D0607908B1012100E000212D4880F866
:10F130004C10A079FF2807D0A07908B1012100E088
:10F140000021284880F84D1014E0207820B10121DA
:10F15000244880F8351003E00021224880F835105B
:10F16000002004E0215C284A22F81010401C0828E6
:10F17000F8DB00BF00BF00202EE0244911F830105A
:10F18000A9420FD1214901EBC0014978414509D17C
:10F190001E4901EBC0014968491C1C4A02EBC00230
:10F1A00051601BE0194911F8301099B9174901EB6A
:10F1B000C001497871B9154901F8305001EBC0011F
:10F1C00081F801801149091F0978491C0F4A121F53
:10F1D000117003E0411CC8B20A28CEDB00BFFFF764
:10F1E00093B9000048080020B00300200000000090
:10F1F00000408F401C12002004000020DC0700208B
:10F20000301E00209802002008030020B8110020C2
:10F2100010B504463D2221460148FAF7A9FB10BD6E
:10F22000F801002070B586B00546002411E004EB1B
:10F230004401584810F8310048B121462846FFF7EC
:10F2400013F8002104EB4402524800F83210601C0D
:10F25000C4B2322CEBDB5048FAF744FB4F49096843
:10F26000401A41F28831884227D94D4890F8680009
:10F2700018B14B4890F86400F8B94748FAF732FBE8
:10F280004649086043483C3890F8A509454901EBD8
:10F29000C00040493C3991F8A4194418FF2002905D
:10F2A00003900490059000901223002221460190C3
:10F2B00038483C38FAF76EF900BF3748FAF712FBC6
:10F2C00039490968401A4EF6602188421FD93248F0
:10F2D000FAF708FB344908602E483C3890F8A50935
:10F2E000304901EBC0002B493C3991F8A41944186E
:10F2F000FF20029003900490059000901C230022B0
:10F300002146019023483C38FAF744F900BF2248CF
:10F31000FAF7E8FA25490968401AB0F57A7F34D936
:10F320002348407B88B31C48FAF7DCFA1F49086081
:10F3300018483C3890F8A5091E4901EBC000154952
:10F340003C3991F8A41944181B4800684FF4FA613D
:10F3500090FBF1F201FB1200C6B2FF221648007AC0
:10F360001549C979CDE903021348059202918079C4
:10F3700011494979CDE900100F48037932462146F9
:10F3800004483C38FAF706F900BF0C48F9F796FA3A
:10F3900006B070BD58120020F8010020E0010020E6
:10F3A0004808002000FC6F00E4010020DC01002080
:10F3B000DC07002000FC8F02301E0020981E002079
:10F3C00070B50546344CE078052842DAA0790A2861
:10F3D0003FDBA07964283CDC207A032839DAE07925
:10F3E0000A2836DBE079642833DCE0683C2830D337
:10F3F0002A49E06888422CD8606910F1C80F28DBE0
:10F400006069C82825DC20690A2822D32069B0F564
:10F41000167F1ED8607810B16078012819D1207845
:10F4200010B12078012814D1A07810B1A07801285B
:10F430000FD1607910B1607901280AD120790528AF
:10F4400007DB2079642804DC1C2221461448EDF7F0
:10F45000B3FA1348083890F8200012490978884216
:10F4600004DB00210E48083880F820100C480838CA
:10F47000808B00B20C49088109480838017B0B4891
:10F48000017307480838C17A0848417304480838AE
:10F4900081690648816070BD00F8030840190100C9
:10F4A000E4070020982102083C090020A80200205F
:10F4B00070B5064672B6EEF70FFD0D48EFF778F916
:10F4C00000BF4FF44070EEF71FFE0128F9D0094C41
:10F4D000002506E0064AA8182168EFF763FC241D02
:10F4E0002D1D1C2DF6D9F1F78BFB62B670BD000007
:10F4F00000F80308E407002010B504462422214642
:10F500000D48FAF735FA1E21A1615021A17314218B
:10F51000E1730321E172642121730121617321747C
:10F520004FF4B4616161002020720021E161A17299
:10F5300061722020015510BDF801002010B504466D
:10F54000207850B10548FAF7CDF96168884204D9AE
:10F55000002020702046FFF7ABFF10BDF80100200F
:10F56000F0B501460C79C4F10E040C2794FBF7F4B6
:10F57000E3B20C6804F59654E21A0C7917FB0344C5
:10F58000E41EE5B205EB051707EBC707BF1C4FF0FC
:10F59000050C97FBFCF791F805C0674440F26D1C21
:10F5A0000CFB02774FEAE27C02EB9C7C07EBAC079A
:10F5B0004FF0640C92FBFCFCA7EB0C074FF4C87CEB
:10F5C00092FBFCFC6744A7F5FA472D3FDFF828C003
:10F5D000A7EB0C06094C06FB04F00C7ACF79C7EBBD
:10F5E000071704EB87048F79C7EB471CCCEB072781
:10F5F00004EB07142044F0BD8C3D25008051010030
:10F600002DE9F04102460B463E4FB3FBF7FC07FBEA
:10F610001C347F101F444AF6C00CB7FBFCF7DFF820
:10F62000E8C06744781C40080727B0FBF7FC07FBDD
:10F630001C07577247F62C5738448700FF1CDFF829
:10F64000CCC0B7FBFCF7FDB205FB0CF74FEAE77C3B
:10F6500007EB9C7CA0EBAC008700FF1C40F2B55C84
:10F66000B7FBFCF7FEB216FB0CF74FEAE77C07EBA3
:10F670009C7CA0EBAC0000EB8007BF1C4FF0990C0A
:10F68000B7FBFCF7F9B201EB011707EBC707BF1C8B
:10F690004FF0050C97FBFCF7C71B7F1C57710A271F
:10F6A00091FBF7FCCF1C4FF00C0808FB1C7717717F
:10F6B0000A2791FBF7FC642717FB0567A7F5965708
:10F6C000674417604FF46167B4FBF7F797714FF425
:10F6D0006167B4FBF7FC07FB1C474FF03C0CB7FB22
:10F6E000FCF7D7714FF46167B4FBF7FC07FB1C47CD
:10F6F0004FF03C0CB7FBFCF80CFB18771772BDE819
:10F70000F081000080510100167B4A00B13A0200EE
:10F7100030B5817901291DD1C179D9B9017AC9B929
:10F72000D0E90625D0E90441A31A61EB05014AF6A8
:10F73000C0040022E31A8A410CD20749D0E90452DE
:10F74000C969CB1769185A41C0E90412D0E90412FB
:10F75000C0E9061230BD0000DC07002010B50446E9
:10F760000D48FAF7BFF8216A401AB0F57A7F11D92F
:10F77000206A00F57A702062D4E90420521C40F11E
:10F780000000C4E904202046FFF7C2FF204621699B
:10F79000FFF736FF10BD0000F801002010B5044649
:10F7A00040F2E47020600120207160710C20A07193
:10F7B0002046FFF7D5FE0021C4E9040110BD00007A
:10F7C00070B504460E46204600F0D8F84FF480513C
:10F7D0000948EFF763F80948FAF784F8054600BFCF
:10F7E0000648FAF77FF8401B0528F9D34FF48051FB
:10F7F0000148EEF7C9FD70BD000C0140F801002082
:10F8000010B50A78FF2A02D1002202700FE001220F
:10F8100002700A78002A0ADD002203E08C5C831C57
:10F820009C54521C142AF9DB0122014B5A7010BD62
:10F830001C25002010B50446542221460148FAF741
:10F8400097F810BDF801002008B50146142000907B
:10F8500000BF0098421E00920028FAD108BD0000A7
:10F8600070B504464148FAF73DF841490968401A25
:10F8700003D194F82200002876DD3C48FAF732F8EC
:10F880003B4908604FF480713A48EFF707F84FF4AE
:10F8900080413948EEF778FD2046FFF7D5FF002577
:10F8A00041E000263BE04FF400513348EEF76CFD99
:10F8B00004F12200405DB04000F0800028B14FF418
:10F8C00080412D48EEF760FD04E04FF480412A4866
:10F8D000EEF7E4FF2046FFF7B7FF4FF4005126484C
:10F8E000EEF7DCFF04F13700405D4006010E04F145
:10F8F000370041554FF400411F48EFF781FC0128C4
:10F9000000D100E0002004F13701495D084304F113
:10F91000370148552046FFF797FF701CC6B2082EE6
:10F92000C1DB681CC5B2142DBBDB4FF480711148DC
:10F93000EEF72AFD4FF480410F48EEF7AFFF0020AD
:10F9400005E0002204F122010A54411CC8B2142827
:10F95000F7DBAA212320015555212420015504F16C
:10F9600037012046FFF74CFF70BD0000F801002072
:10F97000E801002000080140000C014010B50446D9
:10F980004FF4C060F0F7D0F940F20260F0F7CCF924
:10F9900040F20360F0F7C8F940F20E70F0F7C4F9D6
:10F9A0004FF40053032210211248F1F7D7FA4FF415
:10F9B0000043032204210F48F1F7D0FA4FF48043AB
:10F9C000032210210B48F1F7C9FA4FF480530322A8
:10F9D00010210848F1F7C2FA4FF480730322102176
:10F9E0000548F1F7BBFA4FF480510248EEF7CCFC22
:10F9F00010BD0000000C01400008014010B5024697
:10FA0000002005E00C5C02F122031C54431CD8B218
:10FA10001428F7DB10BD000010B504464FF47372D4
:10FA200021462148F9F7A4FF102304F134020121F3
:10FA30001E48F8F7FCFE182304F1140210211B489D
:10FA4000F8F7F5FEA12304F144020C211748F8F75A
:10FA5000EEFE142304F1E5020D211448F8F7E7FE49
:10FA6000402304F1F90208211048F8F7E0FE2023B2
:10FA700004F2391209210D48F8F7D9FE102304F2D7
:10FA800059120A210948F8F7D2FE182304F2691224
:10FA90000B210648F8F7CBFE602304F281121321F4
:10FAA0000248F8F7C4FE10BDF8010020981E00209F
:10FAB00010B588B00446094809A1026B04A8ECF708
:10FAC000F9FB9620002100916323A022CDE90110CB
:10FAD00004A90448FBF786F808B010BD10260020E2
:10FAE000256C75001802002010B586B004460E483B
:10FAF000C0781F2806DC0C48C2780CA103A8ECF7DC
:10FB0000D9FB03E00AA103A8ECF7D4FB6420002191
:10FB100000912A23A022CDE9011003A90548FBF793
:10FB200061F806B010BD000010260020256400001A
:10FB30002D2D00001802002070B586B00546162055
:10FB40008249087000218248FDF7AAFF0020F021B9
:10FB50004FF4A0730246CDE9001001467D48FCF742
:10FB600055FA7D48BE214FF4A0730022CDE9001064
:10FB700011467848FCF74AFA05207749002201929D
:10FB8000CDE90221049028200346C32205210090DC
:10FB90007048FBF7C1FF00201423C7220921009001
:10FBA0006C48FCF701FD05206B4900220192CDE96C
:10FBB0000221049028200346C32240F21311009032
:10FBC0006448FBF7A9FF00201823C72240F2171151
:10FBD00000906048FCF7E8FC05205F490022019294
:10FBE000CDE90221049028200346C3228C210090F5
:10FBF0005848FBF791FF00203823C722902100903E
:10FC00005448FCF7D1FC04249B20EFF757FD06462F
:10FC10000020009023460522314601904F48FAF714
:10FC200069FE9C20EFF74AFD0646002000900190F7
:10FC300004F1130004460346052231464748FAF70B
:10FC400059FE9D20EFF73AFD0646002000900190F6
:10FC500004F1130004460346052231463F48FAF7F3
:10FC600049FE9E20EFF72AFD0646002000900190F5
:10FC700004F1130004460346052231463748FAF7DB
:10FC800039FE9F20EFF71AFD0646002000900190F4
:10FC900004F1130004460346052231462F48FAF7C3
:10FCA00029FEA020EFF70AFD0646002000900190F3
:10FCB00004F1130004460346052231462748FAF7AB
:10FCC00019FEA620EFF7FAFC0646002000900190EE
:10FCD00004F1130004460346052231461F48FAF793
:10FCE00009FEA720EFF7EAFC0646002000900190ED
:10FCF00004F1130004460346052231461748FAF77B
:10FD0000F9FD4FF4F272164901F5F270ECF754FE6A
:10FD1000284600F067F8284600F024F82846FFF748
:10FD2000E3FE284600F03CF8284600F0CFF82846CD
:10FD3000FFF7BEFE284600F0C9F9284600F0A8F8F3
:10FD4000284600F073F806B070BD000004000020E3
:10FD5000D01D00200C1200202929290018020020A3
:10FD6000102600203EB505460B48807818B11420B7
:10FD7000EFF7A4FC02E01520EFF7A0FC0446642096
:10FD8000002100911723A022CDE90110214603484C
:10FD9000FAF728FF3EBD00001026002018020020C0
:10FDA0003EB505460C48007D10B10B4C143406E0FE
:10FDB0000948407B10B1084C0D3400E007A46420D2
:10FDC000002100913D23A022CDE9011021460448E5
:10FDD000FAF708FF3EBD0000102600202D2D000080
:10FDE000180200203EB505460E48407818B1142090
:10FDF000EFF764FC02E01520EFF760FC0446642096
:10FE00000849497809B1022100E0002100220423B9
:10FE1000CDE900210290A02221460348FAF7E2FE34
:10FE20003EBD0000102600201802002010B590B042
:10FE30000446144890F8440020B913A104A8ECF734
:10FE4000F1FC10E00F494431002004E00A5C04ABEF
:10FE50001A54421CD0B20A5C0AB12F28F6D30022F1
:10FE600004AB1A5400BF4FF49B70002100919C23F7
:10FE70000522CDE9011004A90448FAF7B3FE10B039
:10FE800010BD0000102600202D2D000018020020BB
:10FE90003EB505460A4890F8E50010B10848E5303F
:10FEA00000E008A004469620002100918923A022AA
:10FEB000CDE9011021460448FAF794FE3EBD00004A
:10FEC000102600202D2D00001802002010B586B04D
:10FED00004460948828D09A103A8ECF7EBF96420D8
:10FEE000002100915023A022CDE9011003A904486C
:10FEF000FAF778FE06B010BD102600202575000028
:10FF00001802002070B5044666480078162801D013
:10FF1000FF2070BD644890F8E50163494978884244
:10FF200006D06148417880F8E5112046FFF75AFF76
:10FF30005D4890F8E6015C498978884206D05A48C5
:10FF4000817880F8E6112046FFF70CFF564890F8BC
:10FF5000E7015549C978884206D05348C17880F8EE
:10FF6000E7112046FFF7C0FD07224F490D3101F58B
:10FF7000F270ECF72BFC58B14C48A0F5F2710A680E
:10FF800002608A888280897981712046FFF708FFA4
:10FF900018224549143101F5F270ECF717FC48B10D
:10FFA00018224149143101F5F270ECF705FD2046A5
:10FFB000FFF7F6FE3C48B0F810023B49898D8842B5
:10FFC00006D03948818DA0F810122046FFF77EFF39
:10FFD0003548D0F814023449096B884206D03248BB
:10FFE000016BC0F814122046FFF762FD10222E4963
:10FFF000343101F5F270ECF7E9FB48B12B480D38CC
:020000040802F0
:10000000294D34352ECD34302EC0204600F05EF818
:1000100014222549E53101F5F270ECF7D7FB48B120
:1000200014222149E53101F5F270ECF73EFC20463F
:10003000FFF72EFFA1221C49443101F5F270ECF7C5
:10004000C5FB48B1A1221849443101F5F270ECF723
:10005000B3FC2046FFF7EAFE1548407E10B90020A9
:10006000134988701248407ED0B111488078B8B9E1
:1000700001200F4988700F48F0F7CCFB10B10E48F3
:10008000FAF74AF80D48F0F7C5FB10B10C48F8F73D
:1000900057F80C48F0F7BEFB10B10B48F8F762FEBA
:1000A000FF2036E704000020102600200128002051
:1000B000F41D0020AC24020892010020B4240208A0
:1000C00094010020BC240208950100203EB505469D
:1000D0000A4890F8340010B10848343000E008A015
:1000E0000446D2200021009176236422CDE901103C
:1000F00021460448FAF776FD3EBD00001026002098
:100100002D2D00001802002030B585B004460220D5
:100110005649087000215648FDF7C2FC204600F001
:1001200005FB0020F0214FF4A0730246CDE900103A
:1001300001465048FBF76AFF05204F490022019213
:10014000CDE9022104906E204FF49B7305221146E5
:1001500000904848FBF7E0FC052047490022019247
:10016000CDE90221049028200346C32205210090F6
:100170004048FBF7D1FC00201423C722092100903E
:100180003C48FCF711FA05203B4900220192CDE9D9
:100190000221049028200346C32240F2131100904C
:1001A0003448FBF7B9FC00200A23C72240F217119C
:1001B00000903048FCF7F8F91C20EFF77FFA05466D
:1001C0000020009014231A46294601902B48FAF784
:1001D00053F91D20EFF772FA0546002000903723EF
:1001E0001422294601902548FAF746F91E20EFF718
:1001F00065FA0546002000905A23142229460190F2
:100200001E48FAF739F9002000901423C5221CA1DA
:1002100001901A48FAF730F9002000903723B222F3
:1002200018A101901548FAF727F90020009037230C
:10023000D92214A101901148FAF71EF9204600F0C6
:10024000FFFA204600F0BCF8204600F015F92046E1
:1002500000F020FB204600F047FA204600F0EAF8C4
:100260000948F9F78FFC05B030BD000004000020FC
:10027000D01D00200C12002029292900180200207E
:100280003A0000002E000000C40200201CB5044605
:10029000E178E07B814204D0E178E173204600F010
:1002A000CFFA2179207C814204D021792174204623
:1002B00000F086F8A178A07B814204D0A178A173D8
:1002C000204600F0D9F86178607B814204D06178E3
:1002D0006173204600F0DEFA2078217B884204D04A
:1002E00020782073204600F0FFF9B4F90810B4F923
:1002F0001400814204D02189A182204600F09AF89E
:10030000A179A07C81423FD0A07C06281BD2DFE8E7
:1003100000F003070B0F1317204600F091FA00BFFF
:10032000204600F04DF800BF204600F0A5F800BFC1
:10033000204600F0AFFA00BF204600F0D5F900BF1C
:10034000204600F077F8A07906281BD2DFE800F0FD
:1003500003070B0F1317204600F072FA00BF204668
:1003600000F02EF800BF204600F086F800BF2046BF
:1003700000F090FA00BF204600F0B6F900BF20461A
:1003800000F058F8A179A17494F8240098B10A48B3
:10039000F9F7A8FA216A401AB0F5FA6F0BD90020D4
:1003A00084F824001E21A023D222CDE90010502180
:1003B0000248FBF72BFE1CBDF80100200C120020A8
:1003C0001FB5044622790EA102A8EBF773FF0E4871
:1003D0000D211E231422CDE90010D7210B48FBF775
:1003E00015FEA079012800D100E00020012114238E
:1003F000E622CDE9001002A90548FAF74FF81FBD23
:100400002530326400000000292929000C12002048
:100410001802002010B504466178204600F072FAF8
:10042000A178884204DA6178204600F06BFAA07067
:1004300010BD000010B586B00446B4F908200CA128
:1004400004A8EBF737FF2020A179052901D101216C
:1004500000E0002101225A23CDE90021029040F260
:10046000131204A90348FAF76FFB06B010BD000091
:10047000256400001802002010B586B00446A2785A
:1004800015A104A8EBF716FF1548807A88B920203B
:10049000A179022901D1012100E0002101223723A5
:1004A000CDE900210290A02204A90E48FAF74CFBE6
:1004B00010E02020A179022901D1012100E00021D2
:1004C00001223723CDE900210290C82204A9054862
:1004D000FAF73AFB06B010BD253032640000000088
:1004E000DC0700201802002010B50446714800788F
:1004F000022801D0FF2010BD6F48407E012844D162
:100500006D488078002840D101206B4988706B4885
:10051000F0F780F908B10020A0716948F0F77AF986
:1005200008B10120A0716748F0F774F938B1664846
:10053000807A10B90220A07101E00320A071634805
:10054000F0F768F938B16048807A10B90320A071DB
:1005500001E00220A0715E48F0F75CF908B10420C8
:10056000A0715C48F0F756F908B10520A0715A480F
:10057000F0F750F910B15948F9F7CEFD5848F0F7A7
:1005800049F910B1204600F0F5F84B48407E10B90B
:1005900000204949887053480078002841D0002045
:1005A00050490870A07906283AD2DFE800F0030A23
:1005B000111C2630E078172802DAE078401CE07041
:1005C0002EE020793B2802DA2079401C207127E0B8
:1005D0006178204600F096F9A178884202DDA07883
:1005E000401CA0701CE060780C2805DA6078401C84
:1005F00060702046FFF70EFF12E02078642805DACD
:100600002078401C20702046FFF704FF08E0B4F972
:100610000800C82803DA2089401C00B2208100BFEE
:1006200000BF3048407898B300202E494870A07928
:10063000062838D2DFE800F0030A1118222DE078EE
:10064000002802DDE078401EE0702CE020790028D0
:1006500002DD2079401E207125E0A078012802DD0E
:10066000A078401EA0701EE06078012805DD60784B
:10067000401E60702046FFF7CDFE14E02078002871
:1006800005DD2078401E20702046FFF7C3FE0AE0FB
:100690000AE0B4F9080010F1C80F03DD2089401EFC
:1006A00000B2208100BF00BF2046FFF7EFFDFF2012
:1006B00021E7000004000020F41D00200C260208A1
:1006C000142602081C260208DC0700202426020843
:1006D0002C260208342602083C260208920100203B
:1006E00044260208C402002010B586B004462278D1
:1006F0000BA104A8EBF7DEFD2020A179042901D18C
:10070000012100E0002101223723CDE900210290E0
:10071000F02204A90448FAF717FA06B010BD000049
:1007200025303264000000001802002010B5044695
:100730000F480169FEF764FF0D48007A60710C48AC
:10074000C07920710A488079E07009484079A0702A
:1007500007480079607006480078A0F5FA602070BC
:100760002068E060606820612089A08210BD0000E0
:10077000301E002030B585B00446E07829498871E4
:100780002079C871A078487160780871207800F5E8
:10079000FA6008600846FEF7E3FE0021214AC2E93C
:1007A0000401B4F908102048C161FEF781FE05205C
:1007B0001E4900220192CDE9022104901E20A023AF
:1007C000D222502100901A48FBF7A6F91720EEF725
:1007D00075FF054602200121DA23A022CDE9001091
:1007E00029461448F9F748FE012084F824001248ED
:1007F000F9F778F820622820EFF7EEFF05466079D8
:100800002179E278A378CDE90032CDE9021063784E
:100810002078A0F5FA60C2B229460848F8F78AFEA7
:1008200005B030BD301E0020DC070020292929003A
:100830000C12002018020020F80100201C120020D9
:100840001FB50446E2780EA102A8EBF733FD0E486F
:100850000D211E231422CDE900109B210B48FBF72C
:10086000D5FBA07908B9012000E000200121142364
:10087000AA22CDE9001002A90548F9F70FFE1FBD15
:100880002530326400000000292929000C120020C4
:100890001802002010B586B00446627815A104A89D
:1008A000EBF708FD1548807A88B92020A179032943
:1008B00001D1012100E0002101223723CDE90021EF
:1008C0000290C82204A90E48FAF73EF910E0202051
:1008D000A179032901D1012100E000210122372360
:1008E000CDE900210290A02204A90548FAF72CF9CD
:1008F00006B010BD2530326400000000DC07002087
:100900001802002003460D292AD2DFE801F029074A
:10091000091517191B1D1F21232527001F207047AC
:100920001A78D01702EB90708010A2EB800008B903
:100930001D20F4E71C20F2E71F20F0E71E20EEE761
:100940001F20ECE71E20EAE71F20E8E71F20E6E76C
:100950001E20E4E71F20E2E71E20E0E71F20DEE77D
:100960000020DCE730B50446080540EA423040EAA2
:100970008320054D95F8A55940EAC500024D95F82C
:10098000A459284330BD00001C12002003B4019874
:100990004100009850EAC12018BF04204A0D18BF3A
:1009A00040F0010040F2FF72B2EB515F08BF40F02F
:1009B0000200012808BF052002B07047016809B194
:1009C00000207047012101600846704700B50248C9
:1009D000FBF70EFB00BD00000C12002000B5024822
:1009E000FBF707FB00BD0000D01D002000B502484A
:1009F000FBF700FB00BD00009802002000B5024894
:100A0000FBF7FAFA00BD0000DC07002000B5024841
:100A1000FBF7F1FA00BD0000581E002000B50248A7
:100A2000FBF7ECFA00BD00001026002000B50248DC
:100A3000FBF7E3FA00BD00001C25002000B50248CA
:100A4000F0F7FEFC00BD0000B411002000B5024824
:100A5000F0F778FE00BD00000803002000B5024852
:100A6000F1F7AEFE00BD00006809002000B50248A5
:100A7000F2F7EEF800BD00000008002000B50248C3
:100A8000F2F7FAFA00BD00002408002000B5024881
:100A9000F4F720FA00BD00004808002000B5024825
:100AA000F5F72CFA00BD0000CC1B002000B5024871
:100AB000F6F7A8FA00BD0000A802002000B5024821
:100AC000F7F74AF800BD0000B003002000B5024867
:100AD000F6F766F800BD00007025002000B502485A
:100AE000F7F70AF900BD0000C401002000B5024874
:100AF000F8F752FE00BD00001C12002000B50248AD
:100B0000F9F708FB00BD0000C402002000B5024850
:100B1000F8F737FF00BD0000F801002000B50248DB
:100B2000FAF7B0F800BD00001802002030380A289B
:100B300001D20120704700207047000000215D486D
:100B4000EDF780F95C48EDF777FA5C48F8F77AFE44
:100B50005B48F8F799FD5B48FCF790FF5A48FBF7B4
:100B60003DFA5A48FAF784F85948F5F7BBF959485D
:100B7000F3F7B8FE5848FEF74FFF5848FDF7A2F9C3
:100B80005748F0F777FB5748F6F768F95648F8F7F3
:100B9000EFFF5648F0F766FD5548F6F791FE5548C9
:100BA000F1F71CFB5448F7F747F85448FEF742FEAC
:100BB0005348F5F7C1F95348FEF72AFB5248F1F7BD
:100BC00015FF5248F2F75CF95148FEF795FC504882
:100BD000FEF7F6FBEFF744FE64213A48FCF760FFAE
:100BE0003C48F2F787FA64E04A480068401C4949EB
:100BF00008603848F3F7A0FE4748F9F781FB4748FB
:100C0000FFF772FC4648FAF7AFFE4648F4F708FBD8
:100C10003248FDF7EFF93C48F1F744FF3B48F2F763
:100C20003BF93248F0F728FD2E48F6F721F93E4807
:100C3000F4F75EFF3D48FAF761FA3D48FAF79CFC8D
:100C40002B48F6F747FE3B48F0F778FE3A48F4F7B2
:100C500039FC2848F1F7D0FA2148F0F715FB26486F
:100C6000F6F7F4FF3548F7F789F93548FFF74AF901
:100C70003448F7F71BFC3448F8F70EFA3348F4F71A
:100C8000EDFDEDF7ABFC0E48F8F736FD3048FEF70A
:100C900065FD1C48FEF7C6FA1348F9F703FA1C482D
:100CA000FEF74CFCEDF790FEEEF74CF81448F5F724
:100CB0004DF999E70000024000240140F8010020AE
:100CC0001C120020D01D00200C1200201802002051
:100CD000CC1B00204808002010260020980200208D
:100CE000B4110020A8020020C40200200803002044
:100CF000B003002068090020C40100201C2500204A
:100D000070250020581E0020000800202408002024
:100D1000DC07002008000020920100203C09002090
:100D200034080020AD01002098010020900100202F
:100D300091010020BE010020B6010020B401002076
:100D40009301002094010020950100204C04002014
:100D5000301E002070B505460E4631462846EEF797
:100D6000C5FC0446601C10B94FF0FF3070BD002C6C
:100D700003DBB4F5004F00DA05E040F24F3203A187
:100D800008A0EBF7D9FCE01DC008EFE755736572CA
:100D90005C5172436F64655C7172636F6465676513
:100DA0006E2E630030203C3D2074656D7020262639
:100DB0002074656D70203C3D20494E5431365F4DA6
:100DC000415800002DE9FF4F85B017469946DDF8E0
:100DD00058A0139D059808B9069800B904E0DA22D6
:100DE000B4A1BAA0EBF7A8FCB9F1010F06DB129889
:100DF000814503DC1298282800DC04E0DB22ADA149
:100E0000B948EBF799FC002F07DB032F05DCB5F1A0
:100E1000FF3F02DB072D00DC04E0DC22A5A1B34884
:100E2000EBF78AFC4C4600BF39462046EEF7E8FB5C
:100E30004FEAC0082246DDE90501EDF777F90646DD
:100E4000701C10B1464500DC0AE01298844205DBB4
:100E500000208AF8000009B0BDE8F08F641CE3E7C9
:100E600000BF701C00B104E0EA2292A1A0A0EBF741
:100E700063FC4FF001080DE0149848B108F0FF0141
:100E80002046EEF7BDFBB6EBC00F01DC08F0FF0714
:100E900008F10108B8F1030FEEDD112000EB84002A
:100EA000404300F107084FEAE87008EB5070C010AB
:100EB000411C5046EBF7EFFD00200490019036E016
:100EC0000199059800EB011898F8000004AB524610
:100ED0000421EEF757F998F800002146EEF796F84E
:100EE000834604AB52465946D8F80400EEF74AF957
:100EF0004FF0000B14E0D8F8080000EBEB0000788E
:100F00000BF00701C1F10701084100F0010000905A
:100F100004AB524601210098EEF734F90BF1010BB6
:100F2000D8F80C005845E6DC0198401C0190069961
:100F300001988842C4D30498B04200D104E0FE2254
:100F40005CA173A0EBF7F8FB39462046EEF758FB9F
:100F5000C0000390DDE90301814200DC05E04FF4AD
:100F6000817254A170A0EBF7E7FBDDE90301401AA1
:100F700002900298042801DD0420029004AB52463E
:100F800000200299EEF7FEF8DDF810B04FEAEB70A2
:100F90000BEB5070C010ABEBC000C0F108084FEA7B
:100FA000E87008EB5070C010A8EBC00104AB5246CB
:100FB0000020EEF7E7F8DDF810804FEAE87008EB64
:100FC0005070C010A8EBC00000B905E04FF4847267
:100FD00038A15CA0EBF7B0FB4FF0EC0807E004ABE6
:100FE000524608214046EEF7CDF888F0FD08DDE9CD
:100FF00003018142F3DB3A4621465046159BEEF74A
:10100000CDF951462046EFF73FF82046EEF7ECFCCD
:101010008046C01708EB5070C11052461598EDF786
:1010200049FA21465046EEF731FF20461599EFF771
:101030002BF8681C38BB6FF0004001904FF000089F
:101040001DE04FFA88FB5A4651461598EFF736FED9
:10105000524659463846EDF7DFFA5046EDF7DEFCCA
:101060000090DDE90001884202DA5D4600980190B7
:101070005A4651461598EFF721FE08F10108B8F1DC
:10108000080FDEDB00BF002D02DB072D00DC05E0D2
:101090004FF4927207A12FA0EBF74EFB2A46514660
:1010A0001598EFF70BFE524629463846EDF7B4FA8D
:1010B0000120D0E6557365725C5172436F64655CC4
:1010C0007172636F646567656E2E63007365677325
:1010D00020213D204E554C4C207C7C206C656E20A0
:1010E0003D3D203000000000A8E4030834E403087C
:1010F00064617461557365644269747320213D2095
:101100004C454E4754485F4F564552464C4F57004A
:101110006269744C656E203D3D2064617461557355
:1011200065644269747300006269744C656E203CAA
:101130003D206461746143617061636974794269DF
:10114000747300006269744C656E20252038203D60
:101150003D20300030203C3D2028696E74296D61AF
:10116000736B2026262028696E74296D61736B20AD
:101170003C3D2037000000002DE9F04F89B081464A
:101180000C4616469A46DDF854B0139F4846EBF7D6
:101190006DFB054675B91498CDE902B4CDE9007030
:1011A0000496524600210846129BFFF70BFE09B039
:1011B000BDE8F08F112101EB87014943C81DC1171C
:1011C00000EB5171C91001F10108484600F0EAF83E
:1011D00090B129460120FFF7BDFD404500D949E007
:1011E0002246494601A800F0B9F901A80FC8CDE987
:1011F0000723CDE9050130E0484600F0A3F890B19F
:1012000029460220FFF7A6FD404500D932E02246DC
:10121000494601A800F0F4F801A80FC8CDE907235A
:10122000CDE9050119E0454500D923E0002003E0A0
:1012300019F800102154401CA842F9D304208DF85D
:1012400014009DF814002946EEF750FA089008980B
:10125000401C00B90EE0069507941498CDE902B43D
:10126000CDE9007004965246012105A8129BFFF7B4
:10127000A9FD9CE70020307000BF98E72DE9F04100
:1012800004460D46164604B105E040F206320CA1B4
:1012900011A0EBF751FA2778002D0EDBBD420CDAD6
:1012A000002E0ADBBE4208DA324629462046EDF718
:1012B000D9FD10B10120BDE8F0810020FBE700005E
:1012C000557365725C5172436F64655C7172636FD4
:1012D000646567656E2E63007172636F64652021BB
:1012E0003D204E554C4C000070B5054605B105E05B
:1012F0004FF43F7208A10EA0EBF71EFA2C78152CC4
:1013000002DBB12C00DC05E040F2FE2202A10C4819
:10131000EBF712FA204670BD557365725C5172434B
:101320006F64655C7172636F646567656E2E6300E0
:101330007172636F646520213D204E554C4C000056
:1013400094E3030810B5044604B105E040F24132CD
:1013500009A10FA0EBF7F0F908E021781048006828
:10136000EBF72AFA08B9002010BD641C2078002889
:10137000F3D10120F8E70000557365725C517243A8
:101380006F64655C7172636F646567656E2E630080
:101390007465787420213D204E554C4C00000000AF
:1013A000C801002010B5044604B105E040F2363211
:1013B00009A10FA0EBF7C0F908E02078302802DB84
:1013C0002078392801DD002010BD641C2078002819
:1013D000F3D10120F8E70000557365725C51724348
:1013E0006F64655C7172636F646567656E2E630020
:1013F0007465787420213D204E554C4C000000004F
:101400002DE9FF5F82460C46174604B105E040F225
:10141000A93235A13AA0EBF78FF92046EBF726FA6F
:10142000804602208DF800009DF800004146EEF74E
:101430005DF90546681C00B105E040F2AE322AA114
:1014400033A0EBF779F9CDF80480002D04DDE81D19
:10145000C1083846EBF71FFB0020039081460026A9
:1014600026E0217831480068EBF7A6F98346BBF106
:10147000000F00D005E04FF46E721BA12CA0EBF71B
:101480005BF9C9EB091000EB400028490968ABEB98
:10149000010100EB0109761C022E08D103AB3A468C
:1014A0000B214846EDF76EFE4FF000090026641C44
:1014B00020780028D5D1002E05DD03AB3A46062161
:1014C0004846EDF75FFE0398A84200D105E040F2E0
:1014D000C33205A11AA0EBF72FF902979DE80F0080
:1014E0008AE80F00BDE8FF9F557365725C51724337
:1014F0006F64655C7172636F646567656E2E63000F
:101500007465787420213D204E554C4C000000003D
:101510006269744C656E20213D204C454E4754480D
:101520005F4F564552464C4F57000000C8010020FF
:1015300074656D7020213D204E554C4C000000001C
:10154000726573756C742E6269744C656E6774682D
:10155000203D3D206269744C656E00002DE9FF5FFF
:1015600083460C46174604B105E040F2873234A1A9
:1015700039A0EBF7E1F82046EBF778F98046012037
:101580008DF800009DF800004146EEF7AFF80546E3
:10159000681C00B105E04FF4637229A132A0EBF79B
:1015A000CBF8CDF80480002D04DDE81DC1083846D5
:1015B000EBF771FA002003908146002621E094F8B1
:1015C00000A0BAF1300F03DBBAF1390F00DC05E0FF
:1015D00040F296321AA12BA0EBF7AEF8AAF1300038
:1015E00009EB890100EB4109761C032E08D103ABFE
:1015F0003A460A214846EDF7C5FD4FF0000900269E
:10160000641C20780028DAD1002E07DD06EB4600A6
:10161000411C03AB3A464846EDF7B4FD0398A84297
:1016200000D105E040F2A13205A11CA0EBF784F83F
:1016300002979DE80F008BE80F00BDE8FF9F0000B8
:10164000557365725C5172436F64655C7172636F50
:10165000646567656E2E6300646967697473202131
:101660003D204E554C4C00006269744C656E202143
:101670003D204C454E4754485F4F564552464C4FCF
:1016800057000000273027203C3D206320262620DD
:1016900063203C3D202739270000000072657375E8
:1016A0006C742E6269744C656E677468203D3D20D1
:1016B0006269744C656E000010B500290AD0087884
:1016C000002807D005487844EBF75AFA002801D0E3
:1016D000002010BD0248784410BD00006ACF010010
:1016E00062CF010010B500290AD00878002807D081
:1016F00005487844EBF744FA002801D0002010BDDB
:101700000248784410BD00005ACF010052CF0100BA
:1017100021F00042A2F16052B2F5801F01F00043B7
:1017200028BFD2F17F6C0BD95FEA001C43EAC202EA
:1017300042EB507018BF704728BF20F0010070477F
:10174000B2F5801FBCBF184670474FEA410C1CF52C
:10175000001F02D2084600F047BA70B500F079F9D0
:1017600000000089FFF7F6BF4FF00040A0F58000B1
:10177000704700002DE9C04130B4DFF8A0C23CEA58
:10178000111418BF3CEA131400F0EC8081EA030541
:101790001CEA111444EAD57418BF1CEA131500F0B2
:1017A000C780A4EB05044FF0004545EAC12145EA96
:1017B000C32341EA505143EA525304F17F749942E2
:1017C00004F500344FEAC0204FEAC22208BF90421D
:1017D00000F09C804FEA13650FF24016765D4FEAE9
:1017E000134506FB05F7C7F1807706FB07F74FEABD
:1017F000D737A7FB03687642C8F58038A7FB06CE2B
:1018000038BFA8F1010807FB08E64FF0000EA6FB61
:10181000028CE6FB03CEDCF1000CCEF1004E38BFAB
:10182000AEF1010EA6FB0C584FF000074FF000057B
:10183000E6FB0E87A1FB08C6A0FB07CE16EB0E0643
:1018400045F10005E1FB076515F1E04E7EBFA4F50B
:1018500080345FEA46066D4116F1800745F10005C8
:101860004FEA17274FEA066647EA0567A6F1DE4604
:10187000B6F1805F4FEA15251FD9384624F0010CD8
:1018800005EBC471BCF1FE6F01EB0C1102D8F0BC8A
:10189000BDE8008124425CBF01F5801E9EEAC47F42
:1018A00002D4F0BCBDE80081244238D4F0BCA1F1E0
:1018B000C041BDE8004100F01AB94FEAD22242EA25
:1018C00043524FEAD323A7FB02864FEAD02040EAD7
:1018D000415007FB03661EEA0E0F4FEAD12105FBBC
:1018E000026658BFA6EB0056B6EB00564FEA520E02
:1018F0004EEAC37E18EB0E0E56EB530EBDD518EB19
:1019000002085E417F1C55F10005B6E74FF48015D3
:101910004FF000074FF000064FF00008ADE7F0BCB5
:101920004FF0000001F1C04101F00041BDE800812D
:1019300011EA0C1F0CEA131500D00CE013EA0C1F7F
:1019400000F025804FF00000F0BC81EA030101F0B7
:101950000041BDE80081F0BCBDE8004181EA03011F
:1019600000F0C5B8F0BCBDE8004170B500F071F8FA
:10197000097EFC3E00F007B881EA03014FF0000049
:1019800001F00041704781EA030100F0B0B8F0BCFB
:10199000BDE800414FF0000021497047FFFDFBF911
:1019A000F7F5F4F2F0EEEDEBE9E8E6E4E3E1E0DE92
:1019B000DDDBDAD8D7D5D4D3D1D0CFCDCCCBCAC804
:1019C000C7C6C5C4C2C1C0BFBEBDBCBBBAB9B8B72B
:1019D000B6B5B4B3B2B1B0AFAEADACABAAA9A8A81E
:1019E000A7A6A5A4A3A3A2A1A09F9F9E9D9C9C9BEC
:1019F0009A99999897979695959493939291919097
:101A00008F8F8E8E8D8C8C8B8B8A89898888878727
:101A10008685858484838382828181800000FF079C
:101A20000000F87F10F0004248BF4042B0FA80F357
:101A300010FA03F10AD0C3F11D0303F580634FEAE6
:101A4000415002EB035202EBD12170474FF00000EE
:101A500070470EF1020E2EF0030E5EF8046B364254
:101A600005D4012A43EB030515F5001F12D8012800
:101A700041EB010C1CF5001F0CD80ED14FEAD17CB4
:101A800015F5001F0CEB4C0C0CF1020C08BF4CEBD5
:101A9000D37C04E04FF0080C01E04FEAD37C0CEB60
:101AA0004C0526FA05F606F00706B6F1040C06D238
:101AB0000EEB860CBDE870404CF0010C6047DFE88F
:101AC0000CF0090B02024FF000414FF00000A1F5AD
:101AD000002170BD19461046012851EB010418BFC2
:101AE000D4F5001484BF002001F0004170BD080847
:101AF000A0F500114FEA31017047000043004FEAA2
:101B0000D30C4FEA3C0C43401FBF40070CF160511F
:101B100013F0FE4F70471CF0006F03D100200CF053
:101B2000004170470CF0004343EA507010B540EAA2
:101B3000CC0000F00EF800BF000000924FEA000158
:101B4000FFF7D5BF4FF000414FF00000A1F5002195
:101B500070470EF1020E2EF0030E5EF8044B244285
:101B600004D44FEA4102B2F17F4F11D84FEA40034B
:101B7000B3F17F4F0CD80ED14FEAD07CB2F17F4F3A
:101B80000CEB4C0C0CF1020C08BF4CEBD17C04E0CC
:101B90004FF0080C01E04FEAD17C0CEB4C0324FA27
:101BA00003F404F00704B4F1040C06D20EEB840C29
:101BB000BDE810404CF0010C6047DFE80CF007086E
:101BC00002024FF00040A0F5800010BD0846420020
:101BD00018BFD2F1807288BF00F0004010BD4FF0F6
:101BE0004070E1EE100A7047FF2141EAD050C00575
:101BF0007047EBF74DB900002564000000000000BD
:101C0000C0C503089CC6030870C60308C4CB0308FC
:101C100008C90308C0C9030814CA030800CA030896
:101C2000E8CC030848CD0308DCCC0308D0CC03087B
:101C3000C4CD0308B8CD0308A0C90308A4C803088D
:101C400074C803085CC80308C0CA03080CCB0308A7
:101C5000CCC80308B8C803086CC8030818C903082F
:101C6000BCC8030890C603084CC6030864C6030832
:101C7000CCC50308D4C5030808C60308ACC90308CB
:101C800028CA0308C8C90308D4C90308E8E203083E
:101C9000A8CA030804CB0308D0CD03089CCA0308D4
:101CA000E8C80308F8C80308F4C8030824C60308F2
:101CB00098C50308F0C5030838C60308F8C503082B
:101CC00084C60308D0CB03080CD5030840D503080D
:101CD0001CC503082CC503083CC503088CC70308B2
:101CE00040CA030810CC030820C90308B4C803087D
:101CF0007CC8030838C903084CCB0308FCC8030898
:101D00008CC403086CCA030800CC030870CD030818
:101D100064CA0308F0CC03082CCB030888CA030864
:101D20003CCB030838CA0308ACCA030834CD030807
:101D300088CB0308FCC403080CC50308DCCA0308ED
:101D4000B4CB030818CD0308A8CD030858CC03086A
:101D50003CCC03084CCC030870C90308ECC9030849
:101D600068CB03085CCB0308D0CA03087CCA03080D
:101D70007CC4030854C9030860C9030828CD0308BC
:101D8000DCC40308E8CB030890CA0308B8C90308F9
:101D90002CC903080CCD0308E0C90308F4CB0308E1
:101DA00034CC0308D0C403087CC9030808CB03085B
:101DB000C8CA0308A0CD03082CCC030868CD0308CB
:101DC00020CC0308FCCA030864C80308ECC8030855
:101DD00074C403089CC80308C4C80308ACCC030837
:101DE0009CCC030820CB030814CB0308E0CB0308EA
:101DF000D8CB03088CCD030828C80308D4C7030830
:101E0000F8C703084CC80308C4C7030818C8030868
:101E1000E4C7030838C80308E8C4030800CD030872
:101E200098CB030854CD0308E8CA03089CC40308F0
:101E300050CA030874CB0308BCC4030808C80308CD
:101E4000A4C7030864CC030888CC0308BCCC0308EF
:101E5000B4C7030894C9030884C9030874CC0308F1
:101E6000A4CB030880CD030844C90308A0C5030818
:101E7000DCC50308E8C503082CC6030844C50308ED
:101E80004CC50308DCC8030880C8030820CA03083F
:101E9000D0C80308B0C4030864C5030884C5030898
:101EA00058C6030890C50308B8C503086CC50308E5
:101EB0001CC6030800C60308ACC50308DCC603083B
:101EC00064C70308D4C60308A8D0030810CF0308CA
:101ED0003CD4030884D0030820D1030808D10308A8
:101EE00014D1030890D4030884D4030844D403080D
:101EF00050D40308DCCD030824CE0308C8CF030860
:101F0000BCCF030870D00308DCD00308A4D20308B8
:101F100004D1030874CF030868CF030850D1030825
:101F2000FCC6030844C703086CC703085CC7030862
:101F30000CC70308B0C6030858CF030848CF0308EE
:101F40001CD403082CD40308A8D103089CD403088C
:101F500020CE0308D0CD03089CCA0308E8C80308B4
:101F6000F8C80308F4C8030838C7030898C503086D
:101F700084C703084CC7030814C703081CC7030819
:101F800094C8030824C5030834C503081CC5030806
:101F90002CC503083CC5030894D003089CCF030854
:101FA00044D2030878D40308E4CD030818D4030806
:101FB000F4D00308D0CE03088CD20308D4CD030894
:101FC00068D10308B4D10308C0CE030800CE0308CB
:101FD00074D20308B8D40308E0CE0308C4D40308BD
:101FE00084D2030814D2030808D2030878CE030869
:101FF00060CE03086CCE030830D1030898D20308E2
:1020000024D203085CD403082CCE030844CE030872
:1020100038CE030818CF0308E4D1030818CE03080C
:10202000E8CE030840D103088CCF030808CE03088C
:1020300038CF030828CF0308D0CF0308F0CD03081A
:1020400070D4030878D00308C4D10308D4D103089E
:10205000ACD10308F0CF030868D4030850CE0308BE
:10206000A4CF030888CE0308B0D40308CCD103085A
:10207000E8CD03088CD10308B4D00308DCD10308F1
:10208000ACCE0308A8D40308E0CE030800D20308AE
:1020900090CE030868D00308B4D30308F0D2030835
:1020A00004D4030858D30308E4D3030838D303083F
:1020B00000CF03086CD30308A8D20308C0D20308DA
:1020C00084D3030820D30308CCD30308D8D2030851
:1020D0009CD3030878D103086CD20308F4D1030819
:1020E0007CCF030898CE030854D2030858D10308C4
:1020F00034D2030808D00308F4D3030848D30308F4
:10210000F8CF030840D0030828D0030808D30308F9
:10211000F0CE0308ACCF030858D00308B4CE0308B0
:1021200098D103081CD00308E0CF03087CC703083C
:1021300074C70308C8C6030844C5030858C5030884
:10214000C0D0030888C80308A0D40308CCD0030873
:10215000E4D0030864C5030828C7030804C70308BC
:1021600090C50308ECC6030878C50308C0C6030879
:10217000F4C60308A8C60308B0C80308A0CA030829
:10218000001C02082400000090C8030858CE030871
:10219000BC1E02083900000002000000BE00320030
:1021A000F0001E00140069004B0069001400B40028
:1021B0004B001E004B0069006E0069004B00B4002C
:1021C0006E00C800140040014B00C8004B004001E5
:1021D0006E00FA00D2004001F00000000000400153
:1021E0003500000035004001500000005000400163
:1021F0006E000000BE003200F000FA00BE00400198
:10220000F000000078004001B9000000BE0064004A
:10221000F000DC00BE004001F0003977013B77029E
:102220003D77033F77044177053A78013C78023ED9
:1022300078034078044278054F7901517902537947
:1022400003557904577905507A01527A02547A037A
:10225000567A04587A05457B01477B02497B034B3C
:102260007B044D7B05467C01487C024A7C034C7C08
:10227000044E7C055B7DFF5D7EFF5E7FFF3580FF4A
:102280003681FF2D82FF2E83FF3784FF3885FF289C
:1022900086FF0187FF0287FF0D88FF1D89FF108AD7
:1022A000FF248BFF1B8CFF1C8DFF0A8EFF118FFFFD
:1022B0001690FF0991FF0492FF0393FF0594FF0F0F
:1022C00095FF0C96FF0E97FFFF98FF000000BE00E1
:1022D0006400F000D700C3003B01EB0000013DFFAC
:1022E00000033EFF00053FFF010040FF010141FFE9
:1022F000010242FF010343FF010444FF020045FFC6
:10230000020146FF020247FF020348FF020449FFA1
:1023100002054AFF02064BFF02074CFF02084DFF71
:1023200002094EFF03004F0003014F0103024F0259
:1023300003034F0303044F0403054F0503064F0631
:1023400003074F0703084F0803094F09030A4F0A01
:10235000030B4F01030C4F02030D4F03030E4F04F9
:10236000030F4F0503104F0603114F0703124F08C9
:1023700003134F0903144F0A031547FF03164AFFBF
:10238000031751FF031852FF031953FF031A54FF99
:10239000031B55FF031C4BFF031D44FF031E52FF8D
:1023A000031F56FF032057FF032258FF032359FF43
:1023B00003285A0003295A01032A5A02032B5A03FD
:1023C000032C5A04032D5A05032E5A06032F5A07CD
:1023D00003305A0803315A0903324F0003334F01C7
:1023E00003344F0203354F0303364F0403374F05C1
:1023F00003384F0603394F07033A4F08033B4F0991
:10240000040050FF040150FF040250FF040350FF7A
:10241000040450FF040550FF05005BFF05015CFF4D
:1024200006005DFF0000BE003200F000FA00BE00B2
:102430004001F0000000BE003200F000FA00BE00D3
:102440004001F0000000000050003C00500000007F
:10245000A0003C00A0000000F0003C00F0000000E4
:1024600040013C0000003C005000780050003C005F
:10247000A0007800A0003C00F0007800F0003C00D4
:1024800040017800000078005000B400500078004F
:10249000A000B400A0007800F000B400F0007800C4
:1024A0004001B400F000B4004001F0000000BE00A4
:1024B0003200F0001301C3003B01EB008C00C300AD
:1024C000B400EB000000BE003200F00005000A007E
:1024D0003B012B00050030003B0151000500560078
:1024E0003B01770005007C003B019D000500A20038
:1024F0003B01C3000000BE003200F0003200BE000D
:102500009600F0000000BE003200F00000000A005B
:10251000A0002B0000003000A00051000000560079
:10252000A0007700A0000A0040012B00A0003000AE
:1025300040015100A0005600400177000000BE009D
:102540003200F000D2000C00F5003200F5000C0063
:102550001801320018010C003B013200000032006B
:1025600040016E000000C8003200F0000E01BE0005
:102570004001F0007300BE00CD00F0003200BE004C
:102580007300F0001E000C00090132001E00320032
:10259000090164000000C8003200F0000E01BE0016
:1025A0004001F0000000000040004000FA00000080
:1025B000400140000000BE004001F000000041006A
:1025C0006A0072006B004100D5007200D600410025
:1025D000400172005A0082007E00A6008200820044
:1025E000A600A600AA008200CE00A6004A00250090
:1025F0006C004500A2002500C4004500CE00250067
:10260000F000450041000000FA0042009E00140066
:10261000C1003700D0001400F300370080003700FD
:10262000A3005500B2003700D5005500E400370084
:1026300007015500FA005A0040017D000000D20059
:102640003C00F000FA00D2004001F0000000000061
:10265000C800280000002800C800500000005000FA
:10266000C800780000007800C800A0000000A000AA
:10267000C800C8000000C800C800F000FA00BE0092
:102680004001F0000000BE003200F0000000190020
:1026900040013C0000003C0040015F000000BE0023
:1026A0003200F0000000190040013C0000003C0036
:1026B00040015F000500BE003200F0003C00C30096
:1026C0008200F000E800020040011E008200C3000A
:1026D000D200F000D200C3004001F0000500190054
:1026E000410046004600190040014600000000007D
:1026F000D4DF03080100000090E00308020000009E
:1027000068E103080300000038E10308000000004E
:102710000CD503080100000040D5030802000000AA
:102720007CD5030803000000A8D5030804000000BE
:10273000BCE003080500000008D5030806000000FF
:102740003CD503080700000078D503080700000007
:102750000CE0030800000000C8E0030801000000CE
:10276000D8E0030802000000E8E0030803000000CE
:10277000F8E003080400000008E103080500000079
:1027800018E103080600000028E103080700000024
:10279000E0D403080800000014D503080900000075
:1027A00048D503080A00000084D503080000000093
:1027B00078E10308010000005CE10308020000006A
:1027C000E8CC03080000000078E1030801000000E5
:1027D00050E103080200000044E10308000000008B
:1027E000E0DF03080100000098E003080200000099
:1027F000B8E0030800000000E0DF0308010000006B
:10280000A0E003080200000070E1030803000000DC
:10281000A8E0030804000000B0E003080000000086
:10282000D0D403080100000058D5030802000000BE
:10283000ECDF030803000000FCDF030800000000D9
:1028400098DA030800000000FFFFFFFF000000000F
:102850000000803F000000000000000001000000B8
:102860006CDD030800000000FFFFFFFF0000000018
:102870000000803F00000000070000000200000090
:1028800068D7030800000000FFFFFFFF0000000002
:102890000000803F00000000050000000300000071
:1028A000E4D5030800000000FFFFFFFF0000000068
:1028B0000000803F00000000030000000400000052
:1028C00054DF030800000000FFFFFFFF00000000CE
:1028D0000000803F0000000008000000050000002C
:1028E000F8D5030800000000FFFFFFFF0000000014
:1028F0000000803F00000000000000000600000013
:102900000CD6030800000000FFFFFFFF00000000DE
:102910000000803F000000000000000007000000F1
:1029200080D8030800000000FFFFFFFF0000000048
:102930000000803F000000000500000008000000CB
:1029400018DB030800000000FFFFFFFF000000008D
:102950000AD7233C00000000050000000900000029
:10296000A0DF030800000000FFFFFFFF00000000E1
:102970000AD7233C00000000050000000A00000008
:1029800064DC030800000000FFFFFFFF0000000000
:102990000000803F00000000030000000B0000006A
:1029A0002CDC030800000000FFFFFFFF0000000018
:1029B0000000803F00000000030000000C00000049
:1029C000F0D4030800000000FFFFFFFF000000003C
:1029D0000000803F00000000000000000D0000002B
:1029E00024D5030800000000FFFFFFFF00000000E7
:1029F0000000803F00000000000000000E0000000A
:102A000060D5030800000000FFFFFFFF000000008A
:102A10000000803F000000000000000012000000E5
:102A2000A0DD030800000000060000000100000017
:102A30000000803F000000000000000015000000C2
:102A40007CD7030801000000030000000100000023
:102A50000000803F000000000F0000001600000092
:102A60008CD70308000000000300000002000000F3
:102A70000000803F000000000F0000001700000071
:102A80009CD70308000000000300000001000000C4
:102A90000000803F000000000F0000001800000050
:102AA000ACD7030800000000030000000000000095
:102AB0000000803F000000000F000000190000002F
:102AC000BCD7030800000000030000000000000065
:102AD0000000803F000000000F0000001C0000000C
:102AE000F0DE0308050000005A0000005500000059
:102AF0000000803F00000000020000001D000000F8
:102B00003CDB0308050000005A0000004D000000F7
:102B10000000803F00000000020000001E000000D6
:102B200090DF0308050000005A000000500000007C
:102B30000000803F00000000020000001F000000B5
:102B4000DCDE0308050000005A0000005A00000007
:102B50000000803F00000000020000002000000094
:102B600018DC0308050000005A00000046000000C1
:102B70000000803F00000000020000002100000073
:102B80006CDF0308050000005A000000520000003E
:102B90000000803F00000000020000002200000052
:102BA000C8DE0308140000005A0000005A000000AC
:102BB0000000803F00000000020000002300000031
:102BC00008DB0308140000005A0000004600000063
:102BD0000000803F00000000020000002400000010
:102BE00080DF0308140000005A00000052000000BB
:102BF0000000803F000000000200000025000000EF
:102C0000C4DF030800000000010000000000000015
:102C10000000803F000000000100000026000000CE
:102C20000CD8030800000000FF00000000000000B6
:102C30000000803F000000000800000027000000A6
:102C4000DCD4030800000000C80000000A000000F7
:102C5000CDCCCC3D000000000300000028000000A7
:102C600004D5030800000000C80000000F000000A9
:102C7000CDCCCC3D00000000030000002900000086
:102C800038D5030800000000C80000001400000050
:102C9000CDCCCC3D00000000030000002A00000065
:102CA00074D5030800000000FA00000019000000BD
:102CB000CDCCCC3D00000000030000002B00000044
:102CC000A4D50308000000002C0100001E00000035
:102CD000CDCCCC3D00000000030000002C00000023
:102CE000C0D50308000000005E01000023000000C2
:102CF000CDCCCC3D00000000030000002D00000002
:102D0000C8D5030800000000900100002800000062
:102D1000CDCCCC3D00000000030000002E000000E0
:102D2000D0D503080000000090010000280000003A
:102D3000CDCCCC3D00000000030000002F000000BF
:102D4000D8D5030800000000900100002800000012
:102D5000CDCCCC3D0000000003000000300000009E
:102D6000E0D50308000000009001000028000000EA
:102D7000CDCCCC3D0000000003000000310000007D
:102D8000D8D4030800000000C800000005000000BF
:102D9000CDCCCC3D0000000003000000320000005C
:102DA000F4D4030800000000C80000000A0000007E
:102DB000CDCCCC3D0000000003000000330000003B
:102DC00028D5030800000000C80000000F00000024
:102DD000CDCCCC3D0000000003000000340000001A
:102DE00064D5030800000000FA0000001400000091
:102DF000CDCCCC3D000000000300000035000000F9
:102E000094D50308000000002C0100001900000008
:102E1000CDCCCC3D000000000300000036000000D7
:102E2000B0D50308000000005E0100001E00000095
:102E3000CDCCCC3D000000000300000037000000B6
:102E4000C4D503080000000090010000230000002A
:102E5000CDCCCC3D00000000030000003800000095
:102E6000CCD5030800000000900100002300000002
:102E7000CDCCCC3D00000000030000003900000074
:102E8000D4D50308000000009001000023000000DA
:102E9000CDCCCC3D00000000030000003A00000053
:102EA000DCD50308000000009001000023000000B2
:102EB000CDCCCC3D00000000030000003B00000032
:102EC000D0D9030800000000070000000000000047
:102ED0000000803F000000000B0000003C000000EC
:102EE000E0D9030800000000070000000100000016
:102EF0000000803F000000000B0000003D000000CB
:102F0000F0D90308000000000700000001000000E5
:102F10000000803F000000000B0000003E000000A9
:102F200000DA0308000000000700000001000000B4
:102F30000000803F000000000B0000003F00000088
:102F400010DA030800000000070000000100000084
:102F50000000803F000000000B0000004000000067
:102F600070D9030800000000640000005000000059
:102F70000000803F0000000004000000410000004D
:102F800080D9030800000000640000005000000029
:102F90000000803F0000000004000000420000002C
:102FA00090D90308000000006400000050000000F9
:102FB0000000803F0000000004000000430000000B
:102FC000A0D90308000000006400000050000000C9
:102FD0000000803F000000000400000044000000EA
:102FE000B0D9030800000000640000005000000099
:102FF0000000803F000000000400000045000000C9
:10300000CCD7030800000000881300002C0100004A
:103010000000803F000000000700000046000000A4
:1030200058DE03080100000002000000020000005A
:103030000000803F000000000E000000470000007C
:10304000ACDD0308010000000200000002000000E7
:103050000000803F000000000D000000480000005C
:10306000C0D90308000000009F0500001C020000FA
:103070000000803F0000000009000000490000003F
:1030800038DC0308000000009F050000B0040000C9
:103090000000803F00000000090000004A0000001E
:1030A000B0DF03080A0000006400000050000000C8
:1030B0000000803F00000000040000004B00000002
:1030C00088DE03080A00000064000000140000000D
:1030D0000000803F00000000040000005F000000CE
:1030E00000D70308000000000100000000000000FD
:1030F0000000803F000000000100000063000000AD
:1031000030DF03080A000000C80000000F000000C4
:10311000CDCCCC3D000000000300000064000000A6
:1031200004DF0308000000000100000001000000AF
:103130000000803F0000000001000000820000004D
:1031400078DD03080000000001000000010000001D
:103150000000803F00000000010000008600000029
:10316000ECDB03080000000001000000000000008C
:103170000000803F00000000010000008700000008
:1031800020DA03080000000008000000080000002A
:103190000000803F000000000B00000088000000DD
:1031A00038DA0308000000000800000008000000F2
:1031B0000000803F000000000B00000089000000BC
:1031C00050DA0308000000000800000008000000BA
:1031D0000000803F000000000B0000008A0000009B
:1031E00068DA030800000000080000000800000082
:1031F0000000803F000000000B0000008B0000007A
:1032000080DA030800000000080000000800000049
:103210000000803F000000000B0000008C00000058
:1032200074DE0308050000005A0000003C000000A6
:103230000000803F00000000020000008D00000040
:10324000B4DD0308050000005A000000370000004C
:103250000000803F00000000020000008E0000001F
:1032600020D603080000000001000000000000005C
:103270000000803F000000000100000090010000FD
:103280004CD603080000000002000000000000000F
:103290000000803F000000001000000091010000CD
:1032A0005CD60308000000000200000000000000DF
:1032B0000000803F000000001000000092010000AC
:1032C0006CD60308000000000200000000000000AF
:1032D0000000803F0000000010000000930100008B
:1032E0007CD603080000000002000000000000007F
:1032F0000000803F0000000010000000940100006A
:103300008CD603080000000002000000000000004E
:103310000000803F00000000100000009501000048
:103320009CD603080000000002000000000000001E
:103330000000803F00000000100000009601000027
:10334000ACD60308000000000200000000000000EE
:103350000000803F00000000100000009701000006
:10336000BCD60308000000000200000000000000BE
:103370000000803F000000001000000098010000E5
:10338000CCD603080000000002000000000000008E
:103390000000803F000000001000000099010000C4
:1033A000DCD603080000000002000000000000005E
:1033B0000000803F00000000100000009A010000A3
:1033C00094D80308000000001B000000000000006B
:1033D0000000803F00000000000000009B01000092
:1033E000A8D80308000000001B0000000100000036
:1033F0000000803F00000000000000009C01000071
:10340000BCD80308000000001B0000000200000000
:103410000000803F00000000000000009D0100004F
:10342000D0D80308000000001B00000003000000CB
:103430000000803F00000000000000009E0100002E
:10344000E4D80308000000001B0000000400000096
:103450000000803F00000000000000009F0100000D
:10346000F8D80308000000001B0000000500000061
:103470000000803F0000000000000000A0010000EC
:103480000CD90308000000001B000000060000002B
:103490000000803F0000000000000000A1010000CB
:1034A00020D90308000000001B00000007000000F6
:1034B0000000803F0000000000000000A2010000AA
:1034C00034D90308000000001B00000008000000C1
:1034D0000000803F0000000000000000A301000089
:1034E00048D90308000000001B000000090000008C
:1034F0000000803F0000000000000000A401000068
:103500004CDB0308000000001D000000000000006C
:103510000000803F0000000000000000A501000046
:103520005CDB0308000000001D000000000000003C
:103530000000803F0000000000000000A601000025
:103540006CDB0308000000001D000000000000000C
:103550000000803F0000000000000000A701000004
:103560007CDB0308000000001D00000000000000DC
:103570000000803F0000000000000000A8010000E3
:103580008CDB0308000000001D00000000000000AC
:103590000000803F0000000000000000A9010000C2
:1035A0009CDB0308000000001D000000000000007C
:1035B0000000803F0000000000000000AA010000A1
:1035C000ACDB0308000000001D000000000000004C
:1035D0000000803F0000000000000000AB01000080
:1035E000BCDB0308000000001D000000000000001C
:1035F0000000803F0000000000000000AC0100005F
:10360000CCDB0308000000001D00000000000000EB
:103610000000803F0000000000000000AD0100003D
:10362000DCDB0308000000001D00000000000000BB
:103630000000803F0000000000000000AE0100001C
:1036400074DC03080000000004000000000000001B
:103650000000803F0000000011000000AF010000EA
:1036600088DC0308000000000400000000000000E7
:103670000000803F0000000011000000B0010000C9
:103680009CDC0308000000000400000000000000B3
:103690000000803F0000000011000000B1010000A8
:1036A000B0DC03080000000004000000000000007F
:1036B0000000803F0000000011000000B201000087
:1036C000ECDC030800000000030000000000000024
:1036D0000000803F0000000012000000B301000065
:1036E00000DD0308000000000300000000000000EF
:1036F0000000803F0000000012000000B401000044
:1037000014DD0308000000000300000000000000BA
:103710000000803F0000000012000000B501000022
:1037200028DD030800000000030000000000000086
:103730000000803F0000000012000000F5010000C2
:103740001CDE03080A000000200000001600000034
:103750000000803F0000000002000000F6010000B1
:1037600028DE03080A000000200000001600000008
:103770000000803F0000000002000000F701000090
:1037800034DE03080A0000002000000016000000DC
:103790000000803F0000000002000000F80100006F
:1037A00040DE03080A0000002000000016000000B0
:1037B0000000803F0000000002000000F90100004E
:1037C0004CDE03080A000000200000001600000084
:1037D0000000803F0000000002000000FA0100002D
:1037E000CCDD03080A0000002000000014000000E7
:1037F0000000803F0000000002000000FB0100000C
:10380000DCDD03080A0000002000000014000000B6
:103810000000803F0000000002000000FC010000EA
:10382000ECDD03080A000000200000001400000086
:103830000000803F0000000002000000FD010000C9
:10384000FCDD03080A000000200000001400000056
:103850000000803F0000000002000000FE010000A8
:103860000CDE03080A000000200000001400000025
:103870000000803F0000000002000000080200007D
:103880001CD80308000000006400000032000000A3
:103890000000803F0000000004000000090200005A
:1038A00030D803080000000064000000320000006F
:1038B0000000803F00000000040000000A02000039
:1038C00044D803080000000064000000320000003B
:1038D0000000803F00000000040000000B02000018
:1038E00058D8030800000000640000003200000007
:1038F0000000803F00000000040000000C020000F7
:103900006CD80308000000006400000032000000D2
:103910000000803F00000000040000000D020000D5
:10392000B8DA0308000000000100000000000000F9
:103930000000803F00000000010000000E020000B7
:10394000C8DA0308000000000100000000000000C9
:103950000000803F00000000010000000F02000096
:10396000D8DA030800000000010000000000000099
:103970000000803F00000000010000001002000075
:10398000E8DA030800000000010000000000000069
:103990000000803F00000000010000001102000054
:1039A000F8DA030800000000010000000000000039
:1039B0000000803F00000000010000001202000033
:1039C000E0D7030800000000640000000C000000C5
:1039D0000000803F000000000A0000001302000009
:1039E00040DF030800000000680100002C01000017
:1039F0000000803F000000000800000014020000EA
:103A0000ECD60308000000000100000000000000E8
:103A10000000803F00000000010000001C020000C8
:103A200054D70308000000005A00000037000000CF
:103A30000000803F00000000020000001D020000A6
:103A400010D70308000000005A0000002D000000FD
:103A50000000803F00000000020000001E02000085
:103A60003CD70308000000005A00000037000000A7
:103A70000000803F00000000020000001F02000064
:103A800024D70308000000005A0000001E000000B8
:103A90000000803F00000000020000002002000043
:103AA00034D6030800000000010000000000000000
:103AB0000000803F00000000010000002102000023
:103AC000B4DE030803000000320000001E00000006
:103AD0000000803F00000000020000002202000001
:103AE00054DD0308020000000A0000000500000089
:103AF0000000803F000000000300000023020000DF
:103B000028DB0308000000000100000000000000A6
:103B10000000803F000000000100000024020000BF
:103B20001CDF0308000000005000000050000000EF
:103B30000000803F0000000002000000250200009D
:103B400000DC03080A000000AA0500003C00000099
:103B50000000803F00000000090000002602000075
:103B6000A0DE0308030000001E0000000A000000A1
:103B70000000803F0000000002000000270200005B
:103B80003CDD0308020000000A0000000500000000
:103B90000000803F00000000030000002802000039
:103BA000F8D40308010000003200000019000000F2
:103BB0000000803F0000C8C103000000290200008F
:103BC0002CD503080100000032000000190000009D
:103BD0000000803F0000C8C1030000002A0200006E
:103BE00068D5030801000000320000001900000041
:103BF0000000803F0000C8C1030000002B0200004D
:103C000098D50308010000003200000019000000F0
:103C10000000803F0000C8C1030000002C0200002B
:103C2000B4D50308010000003200000019000000B4
:103C30000000803F0000C8C1030000002D0200000A
:103C400044DC03080000000007000000050000003D
:103C50000000803F000000000B0000002E0200006A
:103C6000D8DC0308000000000A0000000700000084
:103C70000000803F000000000C0000002F02000048
:103C800050DC0308000000000700000006000000F0
:103C90000000803F000000000B0000003002000028
:103CA0008CDD0308000000000A000000080000008E
:103CB0000000803F000000000C0000003202000005
:103CC0005CD90308000000000600000003000000AB
:103CD0000000803F000000000000000033020000F0
:103CE000F4D70308000000000100000001000000FC
:103CF0000000803F000000000100000034020000CE
:103D000064DE03080A0000006400000032000000C6
:103D10000000803F000000000400000035020000A9
:103D200054E00308050000005A00000055000000A0
:103D30000000803F0000000002000000360200008A
:103D40002CE00308050000005A00000041000000BC
:103D50000000803F00000000020000003702000069
:103D60007CE00308050000005A0000004C00000041
:103D70000000803F00000000020000003802000048
:103D80003CE00308140000005A0000005500000049
:103D90000000803F00000000020000003902000027
:103DA00018E00308140000005A0000004100000061
:103DB0000000803F00000000020000003A02000006
:103DC00068E00308140000005A0000004C000000E6
:103DD0000000803F00000000020000003B020000E5
:103DE000C4DC030800000000010000000000000027
:103DF0000000803F00000000010000003C020000C5
:103E0000A0DA030801000000050000000500000022
:103E10000000803F00000000000000000000BE0025
:103E20003200F000FA00BE004001F000050005007D
:103E300004013D000500450004017D0005007E00F1
:103E40000401B9000E0114003B0146000E01780088
:103E50003B01AA000100000018E303080000000075
:103E60000200000090E103080100000003000000D0
:103E70003CE20308010000000400000078E20308AF
:103E80000000000005000000A4E20308000000009C
:103E900006000000A8E10308000000000700000081
:103EA00060E203080100000008000000A0E1030830
:103EB000010000000900000048E2030801000000C2
:103EC0000A00000004E20308000000000B000000EC
:103ED0006CE20308010000000C000000ECE10308A4
:103EE000010000000D000000F8E1030801000000DF
:103EF0000E0000008CE30308010000000F0000002A
:103F000090E20308010000001000000098E103089F
:103F100001000000110000007CE103080000000027
:103F200012000000E0E1030801000000130000009F
:103F30003CE30308080000001400000054E20308FA
:103F4000010000001500000088E1030800000000E7
:103F500016000000B4E2030807000000170000008C
:103F6000B4E103080000000019000000BCE20308EF
:103F7000070000001B00000020E203080000000012
:103F80001D00000080E20308000000001F00000088
:103F90000CE3030800000000200000009CE203087E
:103FA000070000002200000030E2030800000000CB
:103FB00023000000D4E103080000000025000000F9
:103FC000E0E20308050000002600000004E3030807
:103FD0000600000027000000ECE2030801000000DA
:103FE00028000000ACE203080000000029000000E7
:103FF000C4E20308090000002A000000D0E2030820
:104000000A0000002B00000010E20308000000007E
:104010002C000000C4E10308000000003200000092
:1040200074E303080D0000003C00000080E3030877
:104030000E000000790000004CE3030804000000BB
:104040007A00000068E303080F0000007B00000016
:104050005CE30308100000007C00000030E303086C
:104060000C0000007D000000F8E2030802000000E0
:104070007E00000024E303080300000000000000AD
:1040800054E303081100000032003C006E0064009D
:10409000D2003C000E0164004529FFFF0000BAD6A3
:1040A00065298631D39CA63108429EF7F7BD8A5216
:1040B00059CEEF7BBEF77DEFFF070A0F141A1214DB
:1040C000181E1214181A1E16181C1E1C1C1C1C1E4E
:1040D0001E1A1C1E1E1E1E1E1E1E1E1E1E1E1E1E06
:1040E0001EFF0A101A1218101216161A1E1616188B
:1040F000181C1C1A1A1A1A1C1C1C1C1C1C1C1C1C0C
:104100001C1C1C1C1C1C1C1C1C1CFF0D16121A1237
:1041100018121614181C1A18141E181C1C1A1E1C0F
:104120001E1E1E1E1C1E1E1E1E1E1E1E1E1E1E1EB1
:104130001E1E1EFF111C1610161C1A1A181C181C05
:104140001618181E1C1C1A1C1E181E1E1E1E1E1EB3
:104150001E1E1E1E1E1E1E1E1E1E1E1EFF010101F5
:104160000101020202020404040404060606060712
:10417000080809090A0C0C0C0D0E0F10111213136C
:104180001415161819FF01010102020404040505A3
:10419000050809090A0A0B0D0E1011111214151742
:1041A000191A1C1D1F21232526282B2D2F31FF0115
:1041B000010202040406060808080A0C100C11107B
:1041C0001215141717191B1D22222326282B2D30F8
:1041D0003335383B3E4144FF010102040404050627
:1041E00008080B0B101012101315191919221E2094
:1041F0002325282A2D303336393C3F42464A4D513B
:1042000001000000000000000300000002000000A8
:104210000A0000000C0000000E0000000900000071
:104220000B0000000D00000008000000100000005E
:1042300010000000080000000A0000000C00000050
:104240004529FFFF000042D960FE5403A3A8A7D868
:10425000E0F545E93CE700C859CEB29475AD06EAF1
:1042600046C9A6E143D1EB5A9EF7D40100D8B0016C
:104270000B0100F8B40288040D0114A51F00A6313B
:10428000CF7B308408422842F7BDBAD68A52EF7BF2
:104290006D6B9294718C960BFBDE79CEE4E0E0FEC0
:1042A000694A4D6BBEF76529AA52F39CA260E739B3
:1042B0000421DFFF7DEF155055ADBF528631410817
:1042C000DBDE518C4128200038C62C63D39C5DEF87
:1042D00096B5B6B582101CE7108418C66108CB5A93
:1042E000AE738E73C739494A2499D7BD34A50008E7
:1042F000760B0C63E318E4D80010A2109AD62100C4
:10430000830006016901550B340B2028C4C8C3B8CB
:104310002421C370C50041400491140B4148413829
:10432000C3C06268F20AC3182018A25065B9E380BE
:10433000415041000D028290B10A0018C3C882802A
:10434000A3982138EC01615882882E022701480188
:10435000A3A0900AC4D06160A400E600A3B09FF7B8
:1043600045A982484200130B2801AB018278E50081
:104370002130350BD20A2020C3B0D10A17C41D103A
:104380003F217F8CBFF79F9457AB613862608400F8
:10439000E4D0AA016801700A630089016F0AF30A78
:1043A0004F026200C4004F0A07016278CB018A0104
:1043B0002030CC019BD537CCB7795F29BF18599BEA
:1043C00097501B201FE79D103FE7788A3FC6993121
:1043D000BD10DF5AD6601FC6DC185A297F08FF7B44
:1043E0003769FFDE3B21799B1C18FF187F29BCB47D
:1043F000D7581930DBBC37AB77711A2800000000A2
:104400009A0600005E08000064090000DE0A000051
:10441000CC0B00003A0D0000B40E00005211000059
:10442000EA11000028130000061400004E150000D9
:10443000AA160000401A0000D61D000068210000E6
:104440000225000096280000E0290000902B0000C3
:10445000702C0000722D00005C300000C4310000A0
:1044600074330000D0340000B0350000383700004D
:10447000BC380000523A0000683C00003A3F00009F
:104480007E400000F44100006E4300004A440000FA
:10449000E0460000EC470000F84800000849000032
:1044A00018490000BA4900005C4A00008A4B00002D
:1044B000F44C00000E4F000032510000E6510000A5
:1044C0009C5200007853000022560000D85700008C
:1044D000485A00006E5B0000B45C00001E5E0000E5
:1044E000A46000002A61000066640000BE00220093
:1044F000FA0203540A020254016C120203110A0266
:104500000311120203110A0203111202031109021C
:10451000015703110D0201420436031109360190BF
:1045200003110D020136131101900D020136131112
:1045300001690D020136131101570D0201361211E6
:1045400001A50E020142043603110936014215028B
:1045500003111F0203111F02035444020169015495
:104560000611015401690157150201740C110191E2
:1045700014020E11130201750E1101751202016C65
:104580000E11016C12020176021101770802013648
:1045900002110176120203110A0203111202031121
:1045A0000A020311120203110A020311120203117B
:1045B0000A0203111202031101420802014203110F
:1045C00012020176031101690736017602110154C6
:1045D000120201770E110169120201420E1101420D
:1045E000130201770C11016C150201360A110169E1
:1045F000180208427E0201740D36130201770E1173
:10460000120201910F11120201540F111202101126
:1046100012020311016C0C42120203111F0203115A
:104620001F02015402111F020175021120020154E0
:1046300001110175170217110B0217110B02171147
:104640000B0217110B021711B7020401010210012E
:104650000D020401010210010D020401010210010A
:104660000D020401010210010D02040E0102100EE0
:104670005602030E0A02020E0135120203010A025B
:104680000301120203010A020301120203010902DB
:10469000014E03010D0201330428030109280124FE
:1046A00003010D020128130101240D020128130149
:1046B00001270D0201281301014E0D0201281201EC
:1046C00001370E02013304280301092801331502C2
:1046D00003011F0203011F02030E7E0217010B02DA
:1046E00017010B0217010B0217010B02170E7802BC
:1046F00010281202100112021001120210011202FF
:10470000100112020B33013701350101010E013393
:104710001E02014E020101371F02020101351F0274
:1047200003011F0203011E020130030112021001E6
:1047300012020F01012412020F01012712020F01C0
:10474000014E12020C01010E012A014EB8021501A0
:104750000D0215010D0215010D0215010D020601D4
:1047600001240E0E0D020701012A013719020A0168
:104770000127015A1702013001350901012D0127D6
:10478000014E170201130124090101240113014EF6
:104790001602014E011301240901010E0130170216
:1047A000014E0113012D09011902015A0127012DA2
:1047B00006011A0201300135060117020137012AEC
:1047C000090114020137012A0A010124011311020F
:1047D000015A0127012D0901012D0127015A10025B
:1047E000014E0127012D0A01012A0137120201247D
:1047F0000A01013501301502080101240113014E9F
:10480000170206010127015A1A0215010D021501AE
:104810000D0215010D0215010D02150EFF02CC024D
:104820000165017820020180012E01810302015FF0
:10483000018201610302016A016214020183012EF7
:10484000018403020161012B0163019201020179DC
:104850000163012B016A13020157025B0157030236
:104860000193012B01850102017A012B016D1502D3
:10487000017B012E017803020186012B015801877B
:104880000158012B01941502016B012E01880402CD
:104890000189032B017C0D020157018A0106017D6C
:1048A000030201A6016501020166012E015C0302FB
:1048B00001A70158022B0163036D01820A020167FF
:1048C000012E01A8016E02020167017E015C0178E0
:1048D000017B05020164062B01930B02017F022E6E
:1048E000018401570165015B018106020195012BDD
:1048F00001630186046101790C02016F0166012EDA
:10490000017001740302017D028B010201920163B7
:10491000012B01A91302015C0180012E016B02022F
:104920000171022E015B015C018C022B01890602E0
:1049300001AA01AB01790902015C01570102015C86
:104940000202017B042E017101020172022B01851A
:10495000040201AC0158012B016109020167015BEE
:1049600001840202016E052E0170010201AD032BCC
:10497000018D030201AE012B01720A02016501964D
:10498000017F02020170052E015B01020160032B11
:1049900001850202018D012B015801970E02017D54
:1049A000072E02020158022B016302600172012BE3
:1049B000017C036003020167052E015B016E0102A9
:1049C000016B072E0157010201640B2B01AF02029C
:1049D00001880366027E017001980102016F072EB3
:1049E000015C010201630B2B017C0B02015C062EB2
:1049F000015B01020160032B0199025F019A012B07
:104A00000189035F0802016E0106018E0202018E18
:104A1000052E016701020194032B017A0202016A4B
:104A20000158012B018D0A02010601670183020270
:104A30000165052E017B0102017A032B016A030245
:104A400001B0012B01720C020157016B02020171CE
:104A5000042E018301020164022B0182040201B1D0
:104A60000158012B01B20A020198017E012E016F4B
:104A70000202016B0166012E01660157016A022BD9
:104A800001B3060201B401950A0201B5022E0180AC
:104A90000157016503020181016B0102015F019968
:104AA000012B01B61002019B019C012E015B0178D4
:104AB0000102016E012E016F06020162012B0158F5
:104AC000056201600902015C015B012E018E017427
:104AD0000202018A01060102017F016705020164E9
:104AE000062B016D09020157010601710402016FD5
:104AF000025C015B018A0402016A0158022B016415
:104B0000029D017C01B71202018B012E017F04027C
:104B1000019A012B0158012B01721602019C012EF2
:104B200001B803020187012B015801860158012BAE
:104B3000016214020165012E017003020143016448
:104B4000012B017A010201B9012B0164015F1302FB
:104B50000196012E017103020160012B01630179AD
:104B60000102015F0164012B019713020188015BBF
:104B7000017D04020161018C0302018C0187140292
:104B8000015C019BE102200020004F0002131D0088
:104B90000123020101131C000113020101201C006A
:104BA00001130201012014000113010C0129050069
:104BB00001130201012005000120010C01210C005C
:104BC0000124020101290400011F010A011401222C
:104BD000040001200201010A0C000131030101213E
:104BE0000A000131030101290D0001200201012504
:104BF0000200011F0121020E010D01130200010E2E
:104C0000020101290F00013101240113011F011DBF
:104C10000601012401220123010C01211200011FC0
:104C200001250801010A01221400011D0A01010CDD
:104C3000130001230C0101130C00011303200122B6
:104C4000010001200C01011D0100011F03200113BF
:104C50000500012304010114011F011D0C01010CB9
:104C600001000125040101130400011F0401010AD0
:104C70000100011D0C01010C0100010C04010128BF
:104C8000050001230320011F010001210C01011D6A
:104C9000010001230128022001130C00011F0C0157
:104CA00001131300011D0A01010C1400011F01254D
:104CB0000801010A01221200013101240126011F0D
:104CC000010E0601010C01220123012401210F0024
:104CD000012002010124020001230121020E011D15
:104CE00001130200010E020101290D00013103012F
:104CF00001290A000131030101210C0001240201F4
:104D000001290400011F020A0122040001200201FE
:104D1000010A0C000126010C01210500011302010A
:104D200001200500013101250121140001130201B8
:104D300001201C000113020101201C00011F0201BF
:104D400001281D00012301134F00200020009100C5
:104D5000010D010C011D01221C00011F01140201A3
:104D6000010E01221B00010E0301011401211A0092
:104D70000120050101291900012306010120180065
:104D80000123060101140122170001260701010E6B
:104D9000170001280801011F1600010E080101215A
:104DA00015000123010A080101241500010D090164
:104DB000010A140001310A01011413000113011446
:104DC0000A0101140800011D01220700011F011D35
:104DD0000C0101250800010C0101010E012801262A
:104DE00002230128011D01140D0101240800010DF9
:104DF0001601012008000126160101220900010CFC
:104E00001401010E0A00012301141201010A0122FA
:104E10000B000121120101280D00010D10010120DC
:104E20000F00012001140C010114011311000123D2
:104E3000010E09010114010D011F140001230120BD
:104E4000012401250214010A01240121011F8B0004
:104E5000200020005100011F01130120012801261C
:104E60001900011F011D01140401010A012016008F
:104E70000126010A08010124011F13000123011466
:104E80000A01010C1300010C0C0101201100011397
:104E90000D0101211100010D0C01010E1200010E86
:104EA0000B01010E1300010E0A01010E1400011D79
:104EB000090101240D00020A01240120012603003A
:104EC000011308010125011F0C0001200501010A41
:104ED000012401200126010A01010114021D010A19
:104EE0000101010A01230D00010C0A01010A01223E
:104EF0000200012301140201010A010E01220A002D
:104F000001140A01011D0400011D04010114012105
:104F100009000B01011D0400011D0601012108000B
:104F2000010A0A010114012202000123010A0601FB
:104F300001140122070001240B01010A021D0114C2
:104F40000801011D07000113170101140800010CDD
:104F50000B01010A010C0A01012207000123010AC9
:104F60000901010A012201210A010122080001238D
:104F7000010A0701010C0122010001260A01011F9B
:104F80000A0001200124010A0101010A012401286B
:104F9000040001140801010A1600011D0801012185
:104FA000160001280701010A01221600011F06014F
:104FB000011401261800010C040101250122190029
:104FC0000120020A010E0113680020002000AD003C
:104FD0000120012501261D00010E020101211C00F6
:104FE000010E030101291B00010E04010124011F10
:104FF0001900010E0501010A01221800010E060127
:10500000010A01261700010E080101211600010EF8
:10501000090101291500010E0A010124011F1300D5
:10502000010E0B01010A01220A00010C0125010CED
:10503000010E010D012801130126010A0C01010ACC
:10504000011F0800011F010A0C01010A01260113BA
:105050000128010D010E010C0125010C0A0001239C
:10506000010A0B01010E1300011F01240A01010EA8
:105070001500010D0901010E160001210801010EA4
:1050800017000126010A0601010E18000123010A7A
:105090000501010E1900011F01240401010E1B006E
:1050A000010D0301010E1C0001210201010E1D0072
:1050B000012601250120AD002000200094000220DF
:1050C000012316000120012501260300011302011E
:1050D000010A010D1500010E020101210200011F4C
:1050E000010A03010125011F1300010E0301010D37
:1050F00003000113010A0201010C1300010E040157
:105100000124011F0300010E020101211200010E02
:105110000501010A01230200011F010A0101012505
:105120001200010E0601010A0126020001280125D4
:1051300001211200010E080101211600010E0901D2
:10514000010D1500010E0A010124011F1300010EBB
:105150000B01010A01230A00010C0125010C010EBB
:10516000010D012801130126010A0C01010A011F8A
:105170000800011F010A0C01010A01260113013177
:10518000010D010E010C0125010C0A000122010A8A
:105190000B01010E1300011F01240A01010E15006D
:1051A000010D0901010E160001210801010E130075
:1051B0000128012002000126010A0601010E120049
:1051C00001130201011302000122010A0501010E6F
:1051D0001200011F01140101010A01230200011F35
:1051E00001240401010E130001210201010A01231F
:1051F0000300010D0301010E1400010D0301010C58
:105200000128020001210201010E1500010D030118
:10521000010A030001260125012016000122010ECA
:10522000012501219300200020006700010A0101EF
:10523000010A01220300010E0101012016000301F1
:10524000010A01260200010A0101010D16000501F3
:1052500001210100010A0101010D16000201011DD9
:10526000010A02010129010A0101010D16000201D2
:1052700001200123010A0401010D16000201012091
:105280000100011F01240301010D1600010A0101A3
:1052900001280300010D020101201700011F050074
:1052A000011F01233C000121010D01260400012002
:1052B0000121160001130301012102000123020153
:1052C0000126150001130401012901000123020137
:1052D000011315000113020101140201012401262A
:1052E000020101131500011302010126012402012C
:1052F0000114020101131500011302010122010032
:10530000010D040101131500012602010122020012
:1053100001210301011316000121012004000126CF
:10532000010D01213C000123011F0500011F170091
:10533000012002010129030001280101010A1600D0
:10534000010D03010124011F0100012002011600CB
:10535000010D0401010A0122012002011600010DC4
:105360000101010A010D0201010A011D02011600DD
:10537000010D0101010A0100012105011600010DC5
:105380000101010A02000126010A030116000120A1
:105390000101010E03000123010A0101010A660057
:1053A000200020004A00011F0121010E010D0123F0
:1053B0001A00012001140401011D1800012203013B
:1053C0000114030101211700010E02010113010064
:1053D0000122010A01010114011F1600010A010145
:1053E000012403000128020101261600010A01011F
:1053F000010E03000113020101131600010E020148
:105400000126020001130201011316000126020108
:10541000010D020001130201011317000128011DF3
:105420000123020001130201011304000113021DF4
:10543000012814000113020101130300010E0401ED
:10544000011D1300011302010113020001200201DA
:1054500001140301010D12000113020101130200E6
:1054600001250101010A011F012201250101010A93
:105470000A000113021D0128040001130201011397
:105480000200010A0101010E020001240101010ACA
:105490000900010E0401011D0300011302010113A3
:1054A0000200010A0101010E0100012201140101A3
:1054B000010C08000120020101140301010D02008A
:1054C0000113020101130200010A0101010E010092
:1054D000012802010113080001250101010A011F31
:1054E000012201250101010A020001130201011339
:1054F0000200010A0101010E02000120011309004E
:10550000010A0101010E0200010E0101010A02005F
:105510000113020101130200010A0101010E0D0035
:10552000010C0101011401260100010E0101010A13
:1055300002000113020101130200010A0101010E20
:105540000D000113020101310100010E0101010AE8
:1055500002000113020101130200010A0101010E00
:105560000E00011301200200010E0101010A0200D8
:105570000113020101130200010A0101010E1200D0
:10558000010E0101010A02000113020101130200D0
:10559000010A0101010E1200010E0101010A0200BF
:1055A0000113020101130200010A0101010E1200A0
:1055B000010E0101010A02000113020101130200A0
:1055C000010A0101010E1200010E0101010A02008F
:1055D0000113020101130200010A0101010E120070
:1055E000010E0101010A0200011302010113020070
:1055F000010A0101010E1200010E0101010A02005F
:105600000113020101130200010A0101010E12003F
:10561000010E0101010A020001260201011302002C
:10562000010A0101011D12000122010C01210300E8
:10563000010E011D03000120012401234900200067
:105640002000FF0034000121020E010D01131B0098
:1056500001130401010A01231900012205010114AB
:10566000012616000126010D01140601010A011F81
:1056700013000122010C0A01012112000120011472
:105680000B01010C110001200D0101141000012279
:105690000F011000020E021D010C0A010114150079
:1056A000010D0901010C150001130901012014006D
:1056B000010E01140801010C1500011F011D070155
:1056C000010C012317000122010E01250201010C2A
:1056D0000120FF002800200020008E000113010D92
:1056E000010C011402010125010E01131500011323
:1056F000010C0901010A01261100011F01240D01FD
:1057000001290F000126010A0F01010E0D000120E1
:105710000D01011D0220010D010C011D0C000113E2
:10572000010E0C01010C0400012301220D000125D2
:105730000B01010A1300010C09010125010D011FD4
:105740000A0001260700010D0801010A01130D00DE
:10575000010E0114010C010E020D010E01140801CD
:10576000010E011F0E0001230E01010E1100010D9B
:105770000C01010A1200011F010A0B010220022183
:1057800001130F000113100101290F00011D0F016A
:10579000010C0F00011F01250D010120011F100048
:1057A0000123010A0C010114012107000113012248
:1057B00008000123010A0D01010A0120012602004F
:1057C0000113010E010A0A00011F010E130101203D
:1057D0000C000123011D010C010E010D022001210D
:1057E000010C0901010C1600010E0701010A01223A
:1057F000160001200601010C0122170001210401FD
:10580000011401211900010A01140125011D0113D0
:10581000011F880020002000460002201D000120FA
:105820000201010D1C0001200301010D1C00010DEE
:105830000301010D1C00010D0301010D1C00010DF0
:105840000301010D1C00010D0301010D1C00010DE0
:105850000301010D1C00010D0301010D1C00010DD0
:105860000301010D1C00010D0301010D1C00010DC0
:105870000301010D1C00010D0301010D1C00010DB0
:105880000301010D1C00010D0301010D1C00010DA0
:105890000301010D1C00010D0301010D1C00010D90
:1058A0000301010D1C00010D0301010D1C00010D80
:1058B000030101201B00010D030101201A00010D4D
:1058C0000301010D1A00010D0301010D1A00010D64
:1058D0000301010D1A00010D0301010E1A00012040
:1058E0000301010E1B0001200201010E1D00022018
:1058F0004C00200020004F000123011D0114010174
:10590000010C01220F00011F0A13010A04010114F6
:1059100001260D00010D1101010C0D00010A1101FC
:1059200001140D000114120102000301010A0131EA
:10593000060001211101010C0100012604010114DE
:10594000011F060001230A13010A040101140122A8
:105950000100010E0501012011000123010E0214B6
:10596000010C012601000123060101200A0001218A
:10597000050C013106000123010A0601012009007E
:1059800001310701010E011302000123010D011471
:105990000701012008000123010A15010120080068
:1059A000010A160101200700011D17010120060050
:1059B0000121180101200500012319010120040023
:1059C0000123010A190101200400011F010A190124
:1059D0000120050001260114180101200600012103
:1059E000180101200700011D170101200700011FF8
:1059F00001251601012008000123011415010120D1
:105A000009000113150101200A00010D14010120F4
:105A10000B00010C130101200B00011F010A1201F0
:105A200001280C00012601141001011401220D00AF
:105A300001210F01012501134300200020004D002A
:105A400001230113012001280113011F1700012365
:105A5000011D010A0601010A010E01221200011FA7
:105A6000010E0C01010E01220F00011301140E01A1
:105A7000010A01310D000120120101200B0001314A
:105A80001401011309000123010A14010114011F6B
:105A90000800010E1601010E070001230F01011D70
:105AA00001280125060101220600010E0E0101292F
:105AB00002000128060101290600010A0D01012941
:105AC0000300010E0601010A0500011F0D01012955
:105AD0000300010D0801011F040001130701050E59
:105AE00001210300010D0901011304000128060131
:105AF000010D0800010D0A0101200400012006012A
:105B000001290700010D0B01012804000113070101
:105B10000124050E010C0C010113040001231A01DC
:105B2000011F0500010A1801010A0600011D1801E4
:105B3000010E06000126180101220700010E1601C0
:105B4000010E0800012301141401010A01220900B9
:105B50000113140101280B000120120101200D0086
:105B60000131010A0E01011401130F000123010E7E
:105B70000C01010E012212000123010E010A06018F
:105B8000010A011D01261700011F01130128012030
:105B9000011301234D003A0022004F00011F0113A1
:105BA000011D0125011402010114010C011D012830
:105BB0001500011F010D01140A01010A012901222A
:105BC0001100012101140201010C010D0113012337
:105BD0000200011F0113012101250201010A012018
:105BE0000F00011D0201010C01130A000113010C39
:105BF0000201011D0D00010E0101011401210E0021
:105C0000012101140101010E0B00011D0101010A16
:105C1000012610000126010A0101011D09000120D1
:105C200001010114012612000126011401010121C4
:105C300007000123010A01010121140001210101D2
:105C40000114011F0600010D0101010C1600010CD9
:105C5000010101290600010A0101011316000113C7
:105C600001010114011F0400012801010125180090
:105C7000010C010101130400011D010101211800A3
:105C8000010D0101011D0400010C010101131800A7
:105C9000011301010125040001140101011F180075
:105CA000012301010114040002011A000201040091
:105CB00002011A000201040002011A00020104009C
:105CC00002011A000201040002011A00020104008C
:105CD00002011A000201040002011A00020104007C
:105CE00002011A000201040002011A00020104006C
:105CF00002011A000201040002010700011F011342
:105D0000011D0125011402010114010C011D0128CE
:105D100008000201040002010500011F010D011429
:105D20000A01010A01290122050002010400020101
:105D30000400012101140E01010A012004000201E6
:105D4000040002010300011D1201011D03000201F4
:105D5000040002010200010E1401010E0200020102
:105D6000040002010100011D04010114010D0123C1
:105D7000010001130D01011D0100020104000201D7
:105D800001200401010A0122040001140D01012176
:105D9000020104000201010A040101260500012498
:105DA0000D01011402010400060101240600012175
:105DB00004010125010C012509010400060101204F
:105DC000060001230201011D011F03000123010E32
:105DD00007010400060101130700010A0129070059
:105DE000010D060104000601012807000126090033
:105DF000010C050104000601011D1100012005012F
:105E0000040006010114011F1000011F0501040018
:105E10000701010E110005010400080101240122FF
:105E20000E0001230501040001140901010C010DFC
:105E300005000131012001260400012004010114A4
:105E4000040001250901010A0122050001130201D4
:105E5000010A010E01200126010A0401010C0400BF
:105E6000011D0801010A012207000B01011D0400A8
:105E700001130701010A0122080001140A01012887
:105E80000400011F01140501011401260800011F6F
:105E90000A01010A0600010D0501010D090001209A
:105EA0000A0101290600011F01140401010A011F52
:105EB0000700011F010A0901010A0122070001214F
:105EC0000501010E011F0500011F01240A01012027
:105ED0000900011D0501010A012001220100011F25
:105EE0000121010A0A01011D0B00010E1401010E1E
:105EF0000D00011D1201011D0F000120010A0E01FC
:105F00000114012111000123010D010A0A010114EC
:105F1000010D011F15000128011D010C01140201D2
:105F200001140125011D0113011F4F003A00220039
:105F30004F00011F0113011D01250114020101146D
:105F4000010C011D01281500011F010D01140A019A
:105F5000010A012901221100012101140E01010A87
:105F600001200F00011D1201011D0D00010E140181
:105F7000010E0B00011D04010114010D012301009C
:105F800001130D01011D090001200401010A012274
:105F9000040001140D01012107000123010A04017D
:105FA0000126050001240D010114011F0600010D49
:105FB000040101240600012104010125010C012531
:105FC000070101290600010A04010120060001233E
:105FD0000201011D011F03000123010E050101142F
:105FE000011F04000128050101130700010A01290E
:105FF0000700010D050101130400011D0501012821
:10600000070001260900010C0401011D0400010C18
:106010000501011D110001200401012504000114E6
:1060200005010114011F1000011F040101140400E7
:106030000701010E110005010400080101240122DD
:106040000E000123050104000A01010C010D0500E9
:1060500001310120012604000120050104000A018C
:10606000010A0122050001130201010A010E0120AB
:106070000126010A050104000901010A01220700A5
:106080000C0104000801010A0122080001140B019F
:1060900004000701011401260800011F0C0104007F
:1060A0000701010D090001200C0104000201011487
:1060B0000401010A011F0700011F010A0901010A69
:1060C00002010400020101210501010E011F05006A
:1060D000011F01240A010120020104000201010044
:1060E000011D0501010A012001220100011F0121FA
:1060F000010A0A01011D010002010400020102005F
:10610000010E1401010E020002010400020103004D
:10611000011D1201011D030002010400020104001F
:106120000120010A0E0101140121040002010400F2
:10613000020105000123010D010A0A010114010DEC
:10614000011F050002010400020108000128011DD1
:10615000010C0114020101140125011D0113011F8D
:1061600007000201040002011A00020104000201FA
:106170001A000201040002011A00020104000201D7
:106180001A000201040002011A00020104000201C7
:106190001A000201040002011A00020104000201B7
:1061A0001A000201040002011A00020104000201A7
:1061B0001A00020104000114010101221800011F4C
:1061C000010101140400012501010113180001134C
:1061D0000101010C0400011D010101291800012128
:1061E0000101011D040001130101010C180001252A
:1061F000010101280400011F01140101011316000F
:1062000001130101010A0600010D0101010C160034
:10621000010C010101290600011F011401010121E6
:10622000140001210101010A0122070001210101DD
:1062300001140126120001260114010101200900A8
:10624000011D0101010A012610000126010A0101B8
:10625000011D0B00010E0101011401210E0001219D
:1062600001140101010E0D00011D0201010C0113B9
:106270000A000113010C0201011D0F000120010A97
:106280000201012501210113011F02000123011355
:10629000010D010C02010114012111000123010D66
:1062A000010A0A010114010D011F15000128011D39
:1062B000010C0114020101140125011D0113011F2C
:1062C0004F003A0022004F00011F0113011D01255C
:1062D000011402010114010C010E01281500011F17
:1062E000010D01140A01010A010D01231100012110
:1062F00001140E01010A01200F00011D1201011DF0
:106300000D00010E0601010A0121012301000126F1
:106310000120010A0701010E0B00011D0601010EFB
:10632000011F050001130801011D090001200601DC
:10633000010A070001200901012107000122010AC9
:10634000060101130700012409010114011F0600C1
:10635000010D060101140800010A0A01010D0600E1
:10636000010A0601010C070001260B010114011F9F
:10637000040001280701010A070001210C01011393
:106380000400010E0801011F060001210131012353
:10639000011F0113010E0701011D0400010C08017A
:1063A000010D0C000122010A050101250400011460
:1063B0000801011401260C00011305010114040059
:1063C0000A01011401260C00010C0501040007015B
:1063D0000114010C0121011F0D0001210501040020
:1063E0000501010E0113011F100001280501040021
:1063F000050101220A000128070001280501040007
:10640000050101220A000125010D0600010E05010A
:10641000040005010121090001220201011D0400FF
:106420000122060104000501010A011F0800010EF6
:106430000301010E0200011F0125060104000601EF
:10644000010E0700010D0501010E012801250701BC
:106450000400020101140401010A011303000113E5
:10646000010C0D01010A02010400020101210601D3
:106470000114010A01140F010120020104000201AC
:106480000100011D1601011D0100020104000201AD
:106490000200010E1401010E0200020104000201BB
:1064A0000300011D1201011D03000201040002018D
:1064B00004000120010A0E0101140121040002015F
:1064C0000400020105000122010D010A0A01011464
:1064D000010D011F05000201040002010800013145
:1064E000010E010C0114020101140125011D01130B
:1064F000011F07000201040002011A00020104004A
:1065000002011A000201040002011A000201040043
:1065100002011A000201040002011A000201040033
:1065200002011A000201040002011A000201040023
:1065300002011A000201040002011A000201040013
:1065400002011A00020104000114010101221800D5
:10655000011F0101011404000125010101131800AC
:1065600001130101010C0400011D0101010D1800BE
:1065700001210101011D040001130101010C18009A
:106580000125010101310400011F01140101011362
:10659000160001130101010A0600010D0101010CA1
:1065A0001600010C0101010D0600011F011401017B
:1065B0000121140001210101010A01230700012129
:1065C000010101140126120001260114010101201C
:1065D0000900011D0101010A012610000126010A1E
:1065E0000101011D0B00010E0101011401210E002A
:1065F000012101140101010E0D00011D0201010C18
:1066000001130A000113010C0201011D0F000120FA
:10661000010A0201012501210113011F02000123CA
:106620000113010D010C02010114012111000122CD
:10663000010D010A0A010114010D011F15000131AC
:10664000011D010C0114020101140125011D01139A
:10665000011F4F003A0022004F00011F0113011DCE
:106660000125011402010114010C011D012815006E
:10667000011F010D01140A01010A010D012311007E
:10668000012101140E01010A01200F00011D120158
:10669000011D0D00010E0A01010C011D010D012457
:1066A000010A0501010E0B00011D0901010A011378
:1066B0000500010D0501011D090001200901010A64
:1066C000011F0700010D0501012107000122010A38
:1066D000090101230900012504010114011F06001D
:1066E000010D0901010C09000122010A0501010D3A
:1066F0000600010A0901010D08000122010A060134
:106700000114011F040001280A01010D07000122E4
:10671000010A080101130400011D0401020C040117
:10672000011D06000122010A0901011D0400010CDE
:106730000301010A0123020001130121010C010AD6
:10674000011F0400011F010A0A01012504000114B0
:106750000301010E0700011F06000126010E0801BA
:1067600001140400040101201000012108010400AB
:10677000040101201100010D070104000401011DA5
:106780001100011F01140601040004010114011F7E
:106790000800021F0700010C060104000501011D8D
:1067A0000800011D01130700010E06010400060187
:1067B000010D0500011F010E0101011D0700010C63
:1067C000060104000701010A010E0221010E011455
:1067D0000201010A06000122070104001001011F45
:1067E0000500010D07010400020101140D01012142
:1067F000040001210501010A020104000201012136
:106800000D01010C02000126010E0601012002010A
:10681000040002010100011D0D01010A011407011C
:10682000011D01000201040002010200010E140119
:10683000010E02000201040002010300011D120109
:10684000011D030002010400020104000120010AED
:106850000E010114012104000201040002010500DF
:106860000122010D010A0A010114010D011F050099
:1068700002010400020108000131011D010C011494
:10688000020101140125011D0113011F070002016E
:10689000040002011A000201040002011A000201B0
:1068A000040002011A000201040002011A000201A0
:1068B000040002011A000201040002011A00020190
:1068C000040002011A000201040002011A00020180
:1068D000040002011A000201040002011A00020170
:1068E00004000114010101221800011F010101141B
:1068F0000400012501010113180001130101010C1D
:106900000400011D0101010D180001210101011DFB
:10691000040001130101010C1800012501010131DE
:106920000400011F011401010113160001130101EC
:10693000010A0600010D0101010C1600010C010104
:10694000010D0600011F01140101012114000121A4
:106950000101010A0123070001210101011401269F
:10696000120001260114010101200900011D01018D
:10697000010A012610000126010A0101011D0B0078
:10698000010E0101011401210E0001210114010178
:10699000010E0D00011D0201010C01130A0001137B
:1069A000010C0201011D0F000120010A0201012555
:1069B00001210113011F020001230113010D010C2C
:1069C00002010114012111000122010D010A0A0135
:1069D0000114010D011F15000131011D010C0114ED
:1069E000020101140125011D0113011F4F003A008E
:1069F00022004F00011F0113011D01250114020196
:106A00000114010C011D01281500011F010D0114C5
:106A10000A01010A010D01231100012101140E01D7
:106A2000010A01200F00011D1201011D0D00010EC0
:106A30001401010E0B00011D1601011D09000120AA
:106A40000D010114011D0131011301200124050173
:106A5000012107000122010A0401010A010D0114AC
:106A60000501010E011F05000126010A03010114A1
:106A7000011F0600010D0401010E011F0100012686
:106A8000010A030101240800012201140301010D80
:106A90000600010A0301010A011F03000122010A85
:106AA000020101230900010D03010114011F04006B
:106AB00001280401012005000122010A010C0A003D
:106AC0000123040101130400011D04010123060038
:106AD0000122010D0B000401011D0400010C040141
:106AE0001300011304010125040001140401011F16
:106AF0000E000123012101240114050101140400E9
:106B0000050101210C000126010A0A01040005010A
:106B1000010A011F0C00010D0A01040006010124F5
:106B2000011F0C00011D090104000701010A0120D9
:106B3000011F0200011301280600011F09010400C2
:106B40000A010114020101200700012508010400C7
:106B50000D0101260700010C080104000C01010AC7
:106B600008000125080104000C01010E07000122A4
:106B70000901040002010114090101200700010EAE
:106B80000601010A02010400020101210901012696
:106B90000600010D070101200201040002010100AD
:106BA000011D0801010A012001230100011F01202C
:106BB000010C0701011D0100020104000201020095
:106BC000010E1401010E0200020104000201030083
:106BD000011D1201011D0300020104000201040055
:106BE0000120010A0E010114012104000201040028
:106BF000020105000122010D010A0A010114010D23
:106C0000011F050002010400020108000131011DFD
:106C1000010C0114020101140125011D0113011FC2
:106C200007000201040002011A000201040002012F
:106C30001A000201040002011A000201040002010C
:106C40001A000201040002011A00020104000201FC
:106C50001A000201040002011A00020104000201EC
:106C60001A000201040002011A00020104000201DC
:106C70001A00020104000114010101221800011F81
:106C80000101011404000125010101131800011381
:106C90000101010C0400011D0101010D1800012179
:106CA0000101011D040001130101010C180001255F
:106CB000010101310400011F01140101011316003B
:106CC00001130101010A0600010D0101010C16006A
:106CD000010C0101010D0600011F01140101012138
:106CE000140001210101010A012307000121010112
:106CF00001140126120001260114010101200900DE
:106D0000011D0101010A012610000126010A0101ED
:106D1000011D0B00010E0101011401210E000121D2
:106D200001140101010E0D00011D0201010C0113EE
:106D30000A000113010C0201011D0F000120010ACC
:106D40000201012501210113011F0200012301138A
:106D5000010D010C02010114012111000122010D9C
:106D6000010A0A010114010D011F15000131011D65
:106D7000010C0114020101140125011D0113011F61
:106D80004F00200020002C00010D0B01010D13000D
:106D90000D011300010D0B01010D170005011B0072
:106DA00005011600012001140D01010A01200F0048
:106DB000010A0F0101140F000701010C020D01244B
:106DC00006010F000501010A012304000122010A46
:106DD0000401160001220121010D01230100011F00
:106DE000010A03011500011301140301011301003D
:106DF000012103010D00011D0C0101250100011FEE
:106E000003010D000E01020003010800010D010144
:106E1000010D0200011D0C010125010001220301E9
:106E2000080003010A000126010A020101140126DB
:106E3000010001200301080003010B0001220220D0
:106E4000011F01000122010A030108000C01010ACF
:106E5000012804000113010A040108000E010125A4
:106E6000011D010E010C060108001701011D08009B
:106E7000030104000F01010A011F080003010400BF
:106E80000E01011401230900010D0101010D04008F
:106E90000E0101211100010C0D0112000122010A55
:106EA0000B01010A1400011D090101140120180041
:106EB00003011D0003011900010D0901010D150059
:106EC0000B011500010D0901010D28002000200013
:106ED000C80001280114010E0A000124010101204B
:106EE0000F000122010A020101210800010D020127
:106EF0000114011F0E00010E0401012606000122EB
:106F00000401011D0D0001130501010A011F040008
:106F1000011F010A050101130C00010A0201011DF4
:106F2000010A0201011D0400011D0201010A0121E3
:106F30000201010A011F0A00010D0201010A0100FC
:106F4000012601140201012802000120030101238E
:106F5000010001250201010D0900012203010123A5
:106F6000020001210201011401230122010A020190
:106F7000010D020001130201011401230800010C9C
:106F80000201011D0400010C0201020C0201012496
:106F90000400011D0201010C070001200201010A89
:106FA00001230400012201140401010A0123040049
:106FB000011F010A0201012105000122010A02014B
:106FC0000120060001280401012006000128020119
:106FD0000114011F0400010E0301080A0401080A3C
:106FE0000301011D04001C010400010D1A01010D23
:106FF0000D000122010A0201010D0121020101140B
:107000000123160001240201010C0200010C0201FF
:10701000010C150001210201010A012302000122D5
:1070200001140201012113000122030101200400C7
:1070300001280201011401231200010A0201011DAD
:107040000600011D02010125011F1000012002019F
:10705000010A011F0600011F010A0201010D1000B3
:10706000010D020101230800012602010120110087
:10707000013101130A0001260120A900200020008F
:107080006900012201240A0C010E01231200010EE5
:107090000C0101241200010C0C01010C1200010C66
:1070A0000C01010C1200010C0C01010C1200010C6E
:1070B0000C01010C1200010C0C01010C1200010C5E
:1070C0000C01010C1200010C0C01010C1200010C4E
:1070D0000C01010C1200010C0C01010C1200010C3E
:1070E0000C01010C0C000121050C01140C01011410
:1070F000050C0121060001211801010D0700010DF9
:107100001601010D0900010D1401010D0B00010D07
:107110001201010D0D00010D1001010D0F00010DF7
:107120000E01010D1100010D0C01010D1300010DE7
:107130000A01010D1500010D0801010D1700010DD7
:107140000601010D1900010D0401010D1B00010DC7
:107150000201010D1D00010D01216F002000200022
:107160004F00010D0101010D1D000301130001205D
:1071700001140B010400011F010D0214010E011F77
:107180000900010A0C0103000113010A0401010DA9
:1071900009000D010200010D0601011409000D0195
:1071A0000200010D0601011409000D010300011385
:1071B000010A0401011D09000D0104000122011D45
:1071C000010A0114011D011F090006010400030149
:1071D000130006010400010D0101010D1300060159
:1071E0001A0006011A0006011A0006011A0006011B
:1071F0001A0006011A0006010D0001200114030106
:10720000080006010D00010A0401080006010D0036
:10721000050106000120011418010600010A1901E8
:1072200006001A0106001A010600011419010600E1
:107230000120010A1801080001140401010A0D00CF
:10724000050108000120010A0201011401200D00BE
:10725000011404011B000120010A03014300200066
:1072600020001400010D0201010D1C00010D02019E
:10727000010D0B000122010C011415010124012351
:107280000500012201141801011401230400012446
:107290001A01010C0400030101230E00010D02017B
:1072A000010D020001220201011404000301060085
:1072B00001130121010D01130500010D0201010D52
:1072C00003000301040003010400011F010C040179
:1072D0000124011F0300010D0201010D0300030140
:1072E00004000301040001240601010C0300010D48
:1072F0000201010D03000301040003010300011357
:107300000301020E030101130200010D0201010D30
:1073100003000301040003010300010D0201010E3B
:107320000200010E020101210200010D0201010D06
:1073300003000301040003010300010D0201010D1C
:107340000200010D0201010D0200010D0201010DFB
:1073500003000301040003010300010D0201010DFC
:107360000200010D0201010D0200010D0201010DDB
:1073700003000301040003010300010D0201010DDC
:107380000200010D0201010D0200010D0201010DBB
:1073900003000301040003010300010D0201010DBC
:1073A0000200010D0201010D0200010D0201010D9B
:1073B00003000301040003010300010D0201010D9C
:1073C0000200010D0201010D0200010D0201010D7B
:1073D00003000301040003010300010D0201010D7C
:1073E0000200010D0201010D0200010D0201010D5B
:1073F00003000301040003010300010D0201010D5C
:107400000200010D0201010D0200010D0201010D3A
:1074100003000301040003010300010D0201010D3B
:107420000200010D0201010D0200010D0201010D1A
:1074300003000301040003010300010D0201010D1B
:107440000200010D0201010D0200010D0201010DFA
:1074500003000301040003010300010D0201010DFB
:107460000200010D0201010D0200010D0201010DDA
:1074700003000301040003010300010D0201010DDB
:10748000020001210201010E0200010E0201010DA4
:1074900003000301040003010300010D0201010DBB
:1074A000020001130301020E030101130300030193
:1074B000040003010300010D0201010D0300010C92
:1074C0000601012404000301040003010300010D6F
:1074D0000201010D0300011F01240401010C011F21
:1074E00004000301040003010300010D0201010D6A
:1074F00005000113010D0121011306000301040021
:107500000114020101230200010D0201010D0E0010
:10751000012203010400010C1A01012404000122CC
:107520000114180101140123050001220124150191
:107530000114010C01230B00010D0201010D1C00BF
:10754000010D0201010D1400200020004F00010C6C
:10755000010A01261C0001130201010D1C00011388
:107560000201010D1C0001130201010D060001269C
:107570000122140001260201010D0500010D020186
:10758000011314000120010D011F0400010D03016E
:1075900001131A000113030101291200011F010D3B
:1075A000010C011401010125010E0122010001134A
:1075B0000201012912000126010A07010129010027
:1075C00002201200012601140901012113000126E5
:1075D00001140B0101220C000120050A01140C0109
:1075E000011D0C00130101140200012803200122D7
:1075F00005001401011F01200401010A0500140106
:10760000011F01200401010A050001141201010AF1
:107610000200012803200122050001200125040A9F
:107620000D01010E1200012601140B0101221300AD
:10763000012601140901012915000126010A07018B
:1076400001210100012801201400011F0120010C6B
:107650000201010A011D0122010001280201012984
:107660001C0001130301012915000120011D011F48
:107670000400010D03010113130001260201012181
:107680000500010D02010126130001130201010D85
:1076900006000213140001130201010D1C00011366
:1076A0000201010D1C00011F010A011401224E00FC
:1076B000200020006B00011301310600011301229C
:1076C0001400011F011D0201012604000123020113
:1076D000010E01221100010D01140301010A012212
:1076E00002000123010A0301010A01210F00012503
:1076F0000601010A020E0125060101250E00010CFA
:107700001001010E0E000113100101130F000114EE
:107710000E01010A1000010A0E010114011F0E00E2
:10772000010D0501010A012102130121010A0501D0
:1077300001290A00011F01280121010E0501010E86
:10774000011F0400011F010E04010114010E01219B
:10775000011301220600010C0701010A011F0600A6
:10776000011F010A070101240600010C0701012184
:10777000080001210701010C0600010C070101139B
:10778000080001130701010C0600010C0701011399
:10779000080001130701010C0600010C070101217B
:1077A000080001210701010C060001240701010A5C
:1077B000011F0600011F010A0701010C0600012339
:1077C00001130121010E01140401010E011F040027
:1077D000011F010E0501010E01210128011F0A00F0
:1077E000010D0501010A012102130121010A050110
:1077F00001290E00011F01140E01010A1000010AE7
:107800000E0101140F000113100101130E00010EEF
:107810001001010C0E00012506010125011D010EBC
:10782000010A060101250F000120010A0301010AD6
:10783000012202000123010A03010114010D1100BC
:107840000123010E02010122040001260201011D93
:10785000011F1400012301130600013101136B0005
:10786000200020004D0001230113012001280113F5
:10787000011F17000126011D010A0601010A010E60
:1078800001221200011F010E0C01010E01220F0046
:10789000011301140E01010A01310D000120120132
:1078A00001200B0001311401011309000123010A19
:1078B00014010114011F0800010E1601010E07003A
:1078C0000123180101260600010E1801011D060002
:1078D000010A1801010A0500011F1A010122040012
:1078E000011306010114010E010A0301010C050E2A
:1078F0000124010A060101130400012806010121E7
:107900000100011F020101240700012006010120DE
:107910000400012006010120010001230201010CE5
:107920000700012106010128040001130601010AD4
:107930000124012503010124060E0114060101138F
:10794000040001231A01011F0500010A1801010AA0
:107950000600011D1801010E060001261801012272
:107960000700010E1601010E0800011F0114140189
:10797000010A012209000113140101280B00012052
:10798000120101200D000131010A0E010114011341
:107990000F000123010E0C01010E011F1200012333
:1079A000010E010A0601010A011D01261700011F2F
:1079B000011301280120011301234D0020002000A4
:1079C0006F000121010D1D0001290201010D1B00A5
:1079D00001290401010D190001290601010D1700FB
:1079E00001290801010D150001290A01010D1300EB
:1079F00001290C01010D110001290E01010D0F00DB
:107A000001291001010D0D0001291201010D0B00CA
:107A100001291401010D090001291601010D0700BA
:107A200001291801012106000121050C01140C0196
:107A30000114050C01210C00010C0C01010C1200B9
:107A4000010C0C01010C1200010C0C01010C1200C4
:107A5000010C0C01010C1200010C0C01010C1200B4
:107A6000010C0C01010C1200010C0C01010C1200A4
:107A7000010C0C01010C1200010C0C01010C120094
:107A8000010C0C01010C120001240C01010E12006A
:107A90000122010E0A0C0124012369002A001700AB
:107AA00007000113011D010A011402010125010E45
:107AB00001130C000113010A0901010A0120090048
:107AC000011D02010114010D0113011F0100011F1D
:107AD00001130121010A0201011D07000125010115
:107AE00001140121090001210114010101250500F2
:107AF000011D0101010A01230B000122010A0101FC
:107B0000011D030001200101011401230D000122C8
:107B10000114010101130200010A010101210F00FA
:107B200001210101010A010001130101010A1100F3
:107B3000011401010113010E010101211100010DC8
:107B40000101011D012501010113110001130101B2
:107B5000010A0201011F1100011F010101140201AC
:107B600013000401130004011300040113000401B5
:107B700013000401130004011300040113000401A5
:107B800005000113011D010A011402010125010E66
:107B900001130500040103000113010A0901010A90
:107BA0000120030004010200011D0D01011D02005E
:107BB0000401010001250F01012501000401011D3F
:107BC0001101011DA30101141601010A150101256E
:107BD000011D1501010E0113150101130100010A18
:107BE0001301010A02000113130101200300011D0A
:107BF0001101011D050001250F0101250700011DCF
:107C00000D01011D09000120010A0901010A0113EA
:107C10000C000113010E012502010114010A011DCE
:107C2000011307002A00170007000113010E0125A8
:107C300002010114010A011D01130C000120010AB7
:107C40000901010A01130900011D0D01011D0700B1
:107C500001250F0101250500011D1101011D030072
:107C60000113130101200200010A1301010A01009E
:107C7000011315010113011D1501010E010A150162
:107C800001250114B901011D1101011D04010100AB
:107C900001250F010125010004010200011D0D0154
:107CA000011D0200040103000113010A0901010A78
:107CB00001200300040105000113011D010A011444
:107CC00002010125010E0113050004011300040146
:107CD0001300040113000401130004011300040144
:107CE000130004011300040113000401011F11001B
:107CF000011F0101011401250101011311000113EC
:107D00000101010A010E010101211100010D010112
:107D1000011D01130101010A1100011401010113E8
:107D20000100010A010101210F0001210101010AE5
:107D3000020001200101011401230D0001220114A0
:107D4000010101130300011D0101010A01230B00C0
:107D50000122010A0101011D050001250101011493
:107D60000121090001210114010101250700011D64
:107D700002010114010D0113011F0100011F011374
:107D80000121010A0201011D09000113010A090173
:107D9000010A01200C000113011D010A0114020156
:107DA0000125010E011307001B001B003F000113FA
:107DB000011D010A011402010125010E0113100029
:107DC0000113010A0901010A01200D00011D020130
:107DD0000114010D0113011F0100011F01130121F5
:107DE000010A0201011D0B000125010101140121FD
:107DF000090001210114010101250900011D0101F2
:107E0000010A01230B000122010A0101011D0700E3
:107E100001200101011401230D00012201140101BF
:107E200001130600010A010101210F0001210101D6
:107E3000010A050001130101010A110001140101E9
:107E400001130400010E010101211100010D0101C6
:107E5000011D04000125010101131100011301019D
:107E6000010A04000201011F1100011F0101011498
:107E70000400020113000201040001140101011FAA
:107E80001100011F02010400010A01010113110088
:107E90000113010101250400011D0101010D110063
:107EA00001210101010E040001130101011411005F
:107EB000010A010101130500010A010101210F005E
:107EC00001210101010A060001130101011401232E
:107ED0000D0001220114010101200700011D010113
:107EE000010A01230B000122010A0101011D090001
:107EF00001250101011401210900012101140101E1
:107F000001250B00011D0201010A01210113011FBE
:107F10000100011F0113010D01140201011D0D00DB
:107F20000120010A0901010A011310000113010EC9
:107F3000012502010114010A011D01133F001B006C
:107F40001B003F000113011D010A0114020101255C
:107F5000010E011310000113010A0901010A012099
:107F60000D00011D02010114010D0113011F01008B
:107F7000011F01130121010A0201011D0B0001254E
:107F80000101011401210900012101140101012550
:107F90000900011D0101010A01230B000122010A50
:107FA0000101011D0700012001010114012303004B
:107FB000011F0120010E0124011D012004000122E6
:107FC0000114010101130600010A0101012103004E
:107FD0000126010A0501010A012603000121010110
:107FE000010A050001130101010A0300012609012C
:107FF000012603000114010101130400010E010117
:1080000001210300010A0901010A011F0200010DFB
:108010000101011D040001250101011302000120DD
:108020000B010120020001130101010A04000201F9
:10803000011F0200011D0B01010E0200011F0101C1
:10804000011404000201030001240B0101240300B8
:108050000201040001140101011F0200010E0B01C5
:10806000011D0200011F02010400010A01010113A8
:10807000020001200B010120020001130101012572
:108080000400011D0101010D0200011F010A090187
:10809000010A030001210101010E04000113010185
:1080A000011403000126090101260300010A010150
:1080B00001130500010A0101012103000126010A43
:1080C0000501010A0126030001210101010A060040
:1080D000011301010114012304000120011D0124E9
:1080E000010E0120011F03000122011401010120E2
:1080F0000700011D0101010A01230B000122010AF1
:108100000101011D090001250101011401210900DE
:1081100001210114010101250B00011D0201010AC9
:1081200001210113011F0100011F0113010D0114A1
:108130000201011D0D000120010A0901010A0113BC
:1081400010000113010E012502010114010A011D95
:1081500001133F0044002000C500010D0301010C84
:108160001B00010D0301010C030001230401012286
:108170001200010D0301010C03000123040101227F
:108180001200010D0301010C03000123040101226F
:108190001200010D0301010C03000123040101225F
:1081A0001200010D0301010C03000123040101224F
:1081B0001200010D0301010C03000123040101223F
:1081C0001200010D0301010C03000123040101222F
:1081D0001200010D0301010C03000123040101221F
:1081E0001200010D0301010C03000123040101220F
:1081F0001200010D0301010C0300012304010122FF
:108200001200010D0301010C0300012304010122EE
:108210001200010D0301010C0300012304010122DE
:108220001200010D0301010A0320012104010121B3
:10823000072001260A00010D1401010D0A00010D9D
:108240001401010D0A00010D1401010D0A000120A5
:10825000140C01202A00012001221E00010D010141
:10826000010E01221C00010D0301012901221A0047
:10827000010D0401010A01201900010D0601010A86
:10828000012017000123010A070101240122170020
:108290000120010A0701010E01221700010D010A48
:1082A00007010129011F16000123010E0701010A20
:1082B00001201700012301240701010A01311700E1
:1082C0000120010A0701010E012217000120010A05
:1082D0000701010E012216000123010D0701010D06
:1082E00018000123010E0501010D1A000123010AE6
:1082F0000301010D1C000120010A0101010D1E00F6
:10830000010D01202C00011D030C011D0800011DA1
:10831000030C011D0D00010E0401010C0800010CED
:108320000401010E0B0001210501010C0800010CE4
:10833000050101210A00010D0501010C0800010CD5
:108340000501010D0A00010D03010125012001288D
:10835000080001130120010A0301010D0A00010DAB
:108360000301010C0C00010C0301010D0A00010DB9
:108370000301010C0C00010C0301010D0A00010DA9
:108380000301010C0C00010C0301010D0A00010D99
:108390000301010C0C00010C0301010D0A00010D89
:1083A0000301010C0C00010C0301010D0A00010D79
:1083B0000301010C0C00010C0301010D0A00010D69
:1083C0000301010C0C00010C0301010D0A00010D59
:1083D0000301010C0C00010C0301010D0A00010D49
:1083E0000301010C0C00010C0301010D0A00010D39
:1083F000030101250C23010C0301010D0A00010DED
:108400001401010D0A00010D1401010D0A000123E0
:10841000010A1201010A01220B000123010A1001C5
:10842000010A0122C6002000200076000122010C72
:108430000101010A01261900011F010D01140301A8
:108440000114011F17000113010A06010122150082
:108450000122010C080101221300011F010D01146A
:108460000901012212000113010A0B01012210006F
:108470000122010C0D0101220E00011F010D01144A
:108480000E0101220D000113010A100101220B004F
:108490000122010C120101220900011F010D01142A
:1084A000130101220900012405010114060C010A2F
:1084B00003010125010C030101220800012306012B
:1084C00001260600011F020101240200010A020127
:1084D00001220800011F060101130600012202010A
:1084E000010E02000114020101220900010D050123
:1084F000010A060C01140301010C012503010122EC
:108500000A000120010A130101220C00010D1201D1
:1085100001220D000122010E100101220F00012095
:10852000010A0E0101221100010D0D0101221200AC
:108530000122010E0B01012214000120010A090190
:1085400001221600010D0801012217000122010E6F
:108550000601012219000120010A0301010A1C0081
:108560000121010C010E012365002F0015001527C4
:108570003F01012C0501013A010E0D35014A012987
:108580000501012C01380E020159012C05010127BA
:108590000E020138012C0501012C01380E02014C9C
:1085A000060101270E020122012C0501012C0138D0
:1085B0000D020138010E0501012C0F02014C0401CE
:1085C000012C0E02014A012A0401012C0D0201387E
:1085D000012D0501012D0C020151013A0501012A6D
:1085E000014A0A02014A010E0501013A01260B0265
:1085F0000122012C0501012401380B02012A050189
:10860000013A01510B020138012D0501012D0138FC
:108610000C02013A06010E243F01152754025801AD
:1086200001300538012A030101240638040101370D
:108630000502012703010124060204010137050296
:108640000127030101240602040101370502012765
:108650000301012406020401013705020127030179
:108660000124060204010137050201270301012448
:108670000602040101280502012703010124060264
:108680000501011304020127030101240602012C44
:108690000501011303020127030101240602013829
:1086A000012C050101130202012703010124070225
:1086B0000138012C050101270113010E0301012CD2
:1086C000061302020138012C110103020138012CAA
:1086D000100104020138012C0F01050201380F249A
:1086E0002F00150015273F01012C0501013A010E4D
:1086F0000D35014A01290501012C01380E020159ED
:10870000012C050101270E020138012C0501012C65
:1087100001380E02014C060101270E020122012C34
:108720000501012C01380D020138010E0501012C53
:108730000F02014C0401012C0E02014A012A04011E
:10874000012C0D020138012D0501012D0C020151F2
:10875000013A0501012A014A0A02014A010E0501F6
:10876000013A01260B020122012C050101240138E6
:108770000B02012A0501013A01510B020138012DBA
:108780000501012D01380C02013A06010E243F01BA
:10879000152741020A130130090201350B01012797
:1087A000070201240D01012806020E010124060220
:1087B0000401062C013A03010124060204010137D9
:1087C0000502012703010124060204010137050205
:1087D00001270301012406020401013705020127D4
:1087E00003010124060204010137050201270301E8
:1087F00001240602040101370502012703010124B7
:1088000006020401013705020127030101240602C3
:1088100004010137050201270301012406020401B6
:108820000137050201270301012406020401013773
:108830000502012703010124060204010137050294
:1088400001270301012406020401012D0524012C46
:108850000301013A06243F011527200020006F0084
:10886000012101291E00010C010101291D00010C3B
:10887000020101291C00010C030101291B00010C4C
:10888000040101291A00010C050101290D00012232
:1088900001240A0C0114060101290C00010E130128
:1088A00001290B00010C140101290A00010C15011A
:1088B00001290900010C160101290800010C17010A
:1088C00001290700010C180101210600010C180103
:1088D000010D0600010C1701010D0700010C160126
:1088E000010D0800010C1501010D0900010C140116
:1088F000010D0A0001241301010D0B000123010EDB
:108900000A0C01140601010D1800010C0501010DEE
:108910001900010C0401010D1A00010C0301010DE5
:108920001B00010C0201010D1C00010C0101010DD5
:108930001D0002216F002C001C00020B0201061C0E
:108940000101060B0201061C0101040B0301051CB9
:108950000101060B0201051C0101030B0101020BC1
:108960000201051C0101060B0201051C0101020B9D
:108970000201030B0201041C0101060B0201041C8D
:108980000101030B0101011C0101020B0301031C86
:108990000101060B0201031C0201020B0201011C72
:1089A0000201020B0201031C0101060B0201031C60
:1089B0000101020B0301021C0101030B0201021C55
:1089C0000101060B0201021C0101030B0201041C40
:1089D0000101020B0301011C0101060B0201011C34
:1089E0000201020B0201051C0101030B0201011C23
:1089F0000101060B0201011C0101020B0301061C0F
:108A00000101020B0401060B0301030B0201081C08
:108A10000101020B0301060B0301020B0201091CF9
:108A20000101030B0201060B0201020B03010A1CE8
:108A30000101020B0201060B0201020B02010B1CD9
:108A40000201020B0101060B0201010B03010C1CC8
:108A50000101020B0101060B0201010B02010E1CB8
:108A60000101010B0101060B04010F1C0301060BA0
:108A70000401071C0B01060B1601060B0B01A80BCA
:108A80000B01060B0B01081C0301060B04010F1C54
:108A90000101010B0101060B04010E1C0101020B77
:108AA0000101060B0201010B02010C1C0201020B69
:108AB0000101060B0201010B03010B1C0101020B5A
:108AC0000201060B0201020B02010A1C0101030B49
:108AD0000201060B0201020B0301091C0101020B3A
:108AE0000301060B0301020B0201081C0101020B2A
:108AF0000401060B0301030B0201061C0101030B19
:108B00000201011C0101060B0201011C0101020B03
:108B10000301051C0101020B0301011C0101060BED
:108B20000201011C0201020B0201041C0101030BE2
:108B30000201021C0101060B0201021C0101030BD0
:108B40000201021C0201020B0201031C0101060BBF
:108B50000201031C0101020B0301011C0101020BB4
:108B60000301031C0101060B0201031C0201020B9D
:108B70000301030B0201041C0101060B0201041C8A
:108B80000101030B0201020B0201051C0101060B8E
:108B90000201051C0101020B0101020B0301051C6E
:108BA0000101060B0201051C0101050B0201061C57
:108BB0000101060B0201061C0101030B0201071C47
:108BC0000101060B0201071C0101010B2C001C0016
:108BD000090109150A12090109150A1209010915E5
:108BE0000A12090109150A12090109150A120901D7
:108BF00009150A12090109150A12090109150A12B3
:108C0000090109150A12090109150A1209010915B4
:108C10000A12090109150A12090109150A120901A6
:108C200009150A12090109150A12090109150A1282
:108C3000090109150A12090109150A120901091584
:108C40000A12090109150A12090109150A12090176
:108C500009150A12090109150A12090109150A1252
:108C6000090109150A12090109150A120901091554
:108C70000A12090109150A12090109150A12090146
:108C800009150A12090109150A12090109150A1222
:108C9000090109150A12090109150A120901091524
:108CA0000A12090109150A12090109150A12090116
:108CB00009150A12090109150A12090109150A12F2
:108CC000090109150A12090109150A1209010915F4
:108CD0000A12090109150A122C001C0009020916C2
:108CE0000A04090209160A04090209160A040902FB
:108CF00009160A04090209160A04090209160A04D7
:108D0000090209160A04090209160A0409020916C9
:108D10000A04090209160A04090209160A040902CA
:108D200009160A04090209160A04090209160A04A6
:108D3000090209160A04090209160A040902091699
:108D40000A04090209160A04090209160A0409029A
:108D500009160A04090209160A04090209160A0476
:108D6000090209160A04090209160A040902091669
:108D70000A04090209160A04090209160A0409026A
:108D800009160A04090209160A04090209160A0446
:108D9000090209160A04090209160A040902091639
:108DA0000A04090209160A04090209160A0409023A
:108DB00009160A04090209160A04090209160A0416
:108DC000090209160A04090209160A040902091609
:108DD0000A04090209160A04090209160A0409020A
:108DE00009160A042C001C00FF0FC10FFF018901A6
:108DF000FF1A891A2C001C00FF10C110FF01890105
:108E0000FF1B891B2C001C000B050604160506041D
:108E100016050604160506041605060416050604BE
:108E200016050604160506041605060416050604AE
:108E3000160506041605060416050604160506049E
:108E4000160506041605060416050604160506048E
:108E5000160506041605060416050604160506047E
:108E6000160506041605060416050604160506046E
:108E70000B05A8040B0506041605060416050604D2
:108E8000160506041605060416050604160506044E
:108E9000160506041605060416050604160506043E
:108EA000160506040B052C001C000B010617160105
:108EB00006171601061716010617160106171601E2
:108EC00006171601061716010617160106171601D2
:108ED00006171601061716010617160106171601C2
:108EE00006171601061716010617160106171601B2
:108EF00006171601061716010617160106171601A2
:108F00000617160106171601061716010617160191
:108F100006170B01A8170B010617160106171601F5
:108F20000617160106171601061716010617160171
:108F30000617160106171601061716010617160161
:108F40000617160106170B012C001C000909020167
:108F50000618020112090201061802011209020193
:108F60000618020112090201061802011209020183
:108F70000618020112090201061802011209020173
:108F80000618020112090201061802011209020163
:108F90000618020112090201061802011209020153
:108FA0000618020112090201061802011209020143
:108FB0000618020112090201061802011209020133
:108FC0000618020112090201061802011209020123
:108FD0000618020112090201061802011209020113
:108FE0000618020112090201061802011209020103
:108FF00006180201120902010618020112090201F3
:1090000006180201120902010618020109090B01E2
:109010000618160106180B01A8180B0106181601F0
:1090200006180B01090902010618020112090201C2
:1090300006180201120902010618020112090201B2
:1090400006180201120902010618020112090201A2
:109050000618020112090201061802011209020192
:109060000618020112090201061802011209020182
:1090700006180201090920002000630001300121C7
:1090800001280126013E1B00011F01140301014BB1
:10909000014D01350128011F170001350801015E4E
:1090A000010D014F0133130001310B010132014663
:1090B000013E110001520D01014701501100014B09
:1090C0000E01012D01300F0001480F01014701522F
:1090D0000E000121100101550E00014F1101012068
:1090E0000D0001520601014B0A01014B0E00011453
:1090F0000501013A010C0A0101260D00015E06017D
:109100000135010A0901010D0D0001480601011494
:1091100001310901012D0D00012907010146012A34
:109120000801012D0D00014F07010139014F013CDC
:109130000701010C0E0001440701013A015301240B
:10914000060101440E00014F0801012C0137015EA8
:10915000050101290F000144080101440137012CD8
:109160000301013901370F00014F0901010E0152BE
:1091700001250201014911000145013A0801012AB6
:10918000011F010C0101010A012611000123012523
:1091900008010128013E014D0101013901201100A2
:1091A00001330128012401390401012C012A0100A5
:1091B0000133013C020101480152120001520159E0
:1091C0000145012801340500012001390101010C8C
:1091D0001D000126010A01491E00015201288400D8
:1091E0002000200072000123010D063C0120170021
:1091F0000120012D0601015E1800014906010153FD
:109200001000013001210124012C0125013C014500
:1092100001230148060101230E0001460114010A41
:10922000013A03010139030A060101230C00013E42
:10923000013A010A100101230A0001330137011428
:10924000120101230B00140101230A00014B060146
:109250000114012401410135010C013208010123EF
:109260000900012A010A040101140120013C013016
:1092700003000123010C070101230800011F01471E
:109280000401011401230100013C01300500010E1D
:109290000601012308000131012C04010120020014
:1092A000013C01300500011F010A050101230800EE
:1092B000012A0114030101400300013C0130015562
:1092C000014D041D0144050101530800012D040155
:1092D000013C03000155014B01010114013103342C
:1092E0000151050101590800010A0401014C030064
:1092F000014403010132013703000132040101314D
:109300000800014B0401012903000135013A030162
:1093100001230200011F0401010A01340800013C7D
:1093200004010114040C013A013201390125011F25
:10933000020001590401010A015208000141010A19
:109340000301013201300437015301000125011FDF
:10935000020001560401014709000123010A04012A
:10936000015506000125011F0100011305010149F6
:109370000A00015E05010135013304000125011FCA
:10938000011301470401012C01130A000123012CE0
:1093900005010140012801370100013E014B013C5C
:1093A0000501013A01240C000159013A0701013A73
:1093B00009010E00015501320F01013E0F0001416C
:1093C000014B0B010114013902331000014F02322D
:1093D0000801012C0124140001330146013A011453
:1093E000014B0147020A01320156011318000133F3
:1093F00001300113013401374F002C001C0009011A
:10940000013D081E013B09190901013D081E013BF0
:1094100009190901013D081E013B09190901013D16
:10942000081E013B09190901013D081E013B0919EC
:109430000901013D081E013B09190901013D081EF2
:10944000013B09190901013D081E013B09190901E8
:10945000013D081E013B09190901013D081E013BA0
:1094600009190901013D081E013B09190901013DC6
:10947000081E013B09190901013D081E013B09199C
:109480000901013D081E013B09190901013D081EA2
:10949000013B09190901013D081E013B0919090198
:1094A000013D081E013B09190901013D081E013B50
:1094B00009190901013D081E013B09190901013D76
:1094C000081E013B09190901013D081E013B09194C
:1094D0000901013D081E013B09190901013D081E52
:1094E000013B09190901013D081E013B0919090148
:1094F000013D081E013B09190901013D081E013B00
:1095000009190901013D081E013B09190901013D25
:10951000081E013B0919050101BA029E01BB01BCED
:10952000019F071E013B0919050101BD031E01BE74
:1095300001BF01C001C1051E013B0919040101C29F
:1095400001C3021E01A001C4010101A101C5019FC7
:10955000041E013B0919040101C601C701C8011E0F
:1095600001C9018F010101A101A201CA041E013B31
:109570000919040101CB01CC01CD01CE01CF018F2E
:10958000010101A301A201D0041E013B091904013C
:1095900001D101D2021E01A0018F010101A301D35B
:1095A00001D4041E013B0919050101D5031E01D692
:1095B00001D701D801D9051E013B0919050101DABE
:1095C00001DB02A401DC01DD071E013B09190901D1
:1095D000013D081E013B09190901013D081E013B1F
:1095E00009190901013D081E013B09190901013D45
:1095F000081E013B09190901013D081E013B09191B
:109600000901013D081E013B09190901013D081E20
:10961000013B09190901013D081E013B09192C00F4
:109620001C000E010E070E010E070E010E070E01A3
:109630000E070E010E070E010E070E010E070E019A
:109640000E070E010E070E010E070E010E070E018A
:109650000E070E010E070E010E070E010E070E017A
:109660000E070E010E070E010E070E010E070E016A
:109670000E070E010E070E010E070E010E070E015A
:109680000E070E010E070E010E070E010E070E014A
:109690000E070E010E070E010E070E010E070E013A
:1096A0000E070E010E070E010E070E010E070E012A
:1096B0000E070E010E070E010E070E010E070E011A
:1096C0000E070E010E070E010E070E010E070E010A
:1096D0000E072C001C0007060E080E060E080E06CC
:1096E0000E080E060E080E060E080E060E080E06D2
:1096F0000E080E060E080E060E080E060E080E06C2
:109700000E080E060E080E060E080E060E080E06B1
:109710000E080E060E080E060E080E060E080E06A1
:109720000E080E060E080E060E080E060E080E0691
:109730000E080E060E080E060E080E060E080E0681
:109740000E080E060E080E060E080E060E080E0671
:109750000E080E060E080E060E080E060E080E0661
:109760000E080E060E080E060E080E060E080E0651
:109770000E080E060E080E060E080E060E080E0641
:109780000E080E060E080706200020006F000129B3
:1097900001211D0001290101010C1C000129020108
:1097A000010C1B0001290301010C1A00012904010D
:1097B000010C190001290501010C180001290601FD
:1097C00001140A0C012401220B0001291301010ECE
:1097D0000A0001291401010C090001291501010CDD
:1097E000080001291601010C070001291701010CCD
:1097F000060001211801010C0600010D1801010CE1
:109800000700010D1701010C0800010D1601010CE4
:109810000900010D1501010C0A00010D1401010CD4
:109820000B00010D130101240C00010D06010114B0
:109830000A0C010E01230D00010D0501010C1A0097
:10984000010D0401010C1B00010D0301010C1C00A2
:10985000010D0201010C1D00010D0101010C1E0092
:1098600002216F00200020008A00013701450121FC
:10987000014C0145013E04000130014C0241012729
:1098800001230D000130012401470501014D0300B2
:10989000012A0501013901270A00013E01350301B2
:1098A00001390125014901550125012A0200013430
:1098B0000201014D020E014401010139012308009A
:1098C0000153010A0201010E01260133070001299B
:1098D0000101014804000144010101270800015170
:1098E0000101012C01130A000135010101460400A8
:1098F000010E010101410900015303000152012938
:10990000015501250144010D01220200011D010143
:10991000010D0400013C0101012A0C00012101326A
:109920000501012D0200011D0101010D0400013C92
:109930000101012A0C0001470101010C014C014504
:109940000120010E01500200011D0101010D040062
:10995000013C0101012A0C000130014F0800011DEA
:109960000101010D0400013C0101012A1600011D45
:109970000101010D0400013C0101012A1000013325
:10998000053E01560101010D0400013C0101012ABF
:109990000F00014501320701010D010001250144BD
:1099A0000100013C0101012A0F00014501390701B5
:1099B000010D0100012501440100013C0101012AC2
:1099C00010000133053E01560101010D0400013C68
:1099D0000101012A1600011D0101010D01000150C4
:1099E00001310100013C0101012A0C000130014F4D
:1099F0000800011D0101010D01330139014701007A
:109A0000013C0101012A0C0001470101010C014C3C
:109A100001450120010E01500200011D0101010D4F
:109A20000100013101130100013C0101012A0C0078
:109A3000012101320501012D0200011D0101010D6D
:109A4000010001330200013C0101012A0900015318
:109A5000030001520129015501250144010D012294
:109A60000200011D0101010D0133012C012D010036
:109A7000013C0101012A080001510101012C0113DF
:109A80000A000135010101460100010C01550100E8
:109A9000010E0101014108000153010A0201010EFA
:109AA000012601330700010D0101014804000144B2
:109AB000010101270900013E01350301013901259A
:109AC000014901550125012A020001340201014D1D
:109AD000020E01440101013901230B000130012470
:109AE00001470501014D0300012A05010139012744
:109AF0000F00013701450121014C0145013E0400E1
:109B00000130014C012A0141012701238600200078
:109B10002000A500014F042A015002000131042A4F
:109B2000013102000150042A014F0A00012A0401F8
:109B3000012D0200010E0401010E0200012D04019D
:109B4000012A0A00012A0401012D0200010E04016C
:109B5000010E0200012D0401012A0A00012A04015C
:109B6000012D0200010E0401010E0200012D04016D
:109B7000012A0A00012A0401012D0200010E04013C
:109B8000010E0200012D0401012A0A000150042DDA
:109B900001560200012A042D012A02000156042D5B
:109BA00001504A000145040E012A02000120040E62
:109BB00001200200012A040E01450A00012A0401C5
:109BC000012D0200010E0401010E0200012D04010D
:109BD000012A0A00012A0401012D0200010E0401DC
:109BE000010E0200012D0401012A0A00012A0401CC
:109BF000012D0200010E0401010E0200012D0401DD
:109C0000012A0A00012A0401012D0200010E0401AB
:109C1000010E0200012D0401012A0A000145040E73
:109C2000012A02000127040E01270200012A040E66
:109C300001454A000150042D01560200012A042D5D
:109C4000012A02000156042D01500A00012A0401D4
:109C5000012D0200010E0401010E0200012D04017C
:109C6000012A0A00012A0401012D0200010E04014B
:109C7000010E0200012D0401012A0A00012A04013B
:109C8000012D0200010E0401010E0200012D04014C
:109C9000012A0A00012A0401012D0200010E04011B
:109CA000010E0200012D0401012A0A00014F042ABD
:109CB000015002000131042A013102000150042A3E
:109CC000014FA500180018001C02014301330113C5
:109CD000012A0224011D0123030201380146014427
:109CE000010C01440146013805020137015E0601FD
:109CF000012C02020138011405010114013802028D
:109D0000015D01350201013A01490121014F013490
:109D100001500137020201460101014D01260153A4
:109D20000126014D010101460202015601010139DE
:109D3000012A014E0802014D0101012603020126FC
:109D40000101014D02020126015601330202014ABE
:109D500001220131015901330302010C01010130DB
:109D6000030201300101010C0502013F012701142A
:109D70000401010E0202010C010101300302013055
:109D80000101010C0502013102010140010E0149EE
:109D9000011401490202010C0101013003020130EA
:109DA0000101010C05020168014601300702010CA6
:109DB00001010130030201300101010C0F02010C0D
:109DC00001010130030201300101010C0A02053FCB
:109DD000012D01010130030201300101010C0802D3
:109DE0000173014707010230011402300101010C27
:109DF00008020173014707010230013A02300101F4
:109E0000010C0A02053F012D01010130030201305E
:109E10000101010C0F02010C010101300133014865
:109E2000013301300101010C050201380146013006
:109E30000702010C01010130013101010131013042
:109E40000101010C0502013102010140010E01492D
:109E5000011401490202010C010101300102013E1D
:109E6000010201300101010C0502013F012701142B
:109E70000401010E0202010C01010130015D0151DA
:109E8000015D01300101010C02020126015601337E
:109E90000202014A01220131015901330302010C7E
:109EA0000101013001510101015101300101010C99
:109EB0000202015601010139012A014E0802014442
:109EC00001010126015D0151015D01260101014DE4
:109ED0000202015D01350201013A01490121014FF0
:109EE000013401500137020201460101014D0126F2
:109EF00001530126014D0101014604020137015EB3
:109F00000601012C02020138011405010114013877
:109F10000502014301330113012A0124014D011DF2
:109F200001230302013801460144010C01440146AA
:109F300001381A02180018002902014A012A012DCD
:109F4000012401731102014301310147030101247E
:109F50001002012301250501012C0E0201680149AF
:109F60000701012C0C02014A012A01390801012CC8
:109F70000A0201430131013A0A01012C09020123BD
:109F800001250C01012C0702016801490E01012C79
:109F90000502014A012901390F01012C0402013790
:109FA00001470C01012C01390301012C0402015667
:109FB00004010134054301280101011D010201379B
:109FC0000301012C040201480401013405020128A7
:109FD0000101010D010201330301012C04020138CA
:109FE00001470301013A050A01140201014D013A3A
:109FF0000301012C0502014A012901390F01012C3D
:10A000000702010001490E01012C0902012301256B
:10A010000C01012C0A0201430128013A0A01012C1A
:10A020000C02014A012901390801012C0E020168C4
:10A0300001490701012C1002012301250501012C12
:10A04000110201430131013A030101351302014AB2
:10A05000012A013A014801681A0218001800530247
:10A06000014F0121012A012C015303020133012771
:10A0700001520B020137012D0401013401020137A5
:10A080000149030101300902014A06010134012896
:10A09000050101460902012206010134010201689D
:10A0A00001350139020101220302015A015D040256
:10A0B0000153030101490145014401220302015AF0
:10A0C0000145015A0302013801390114014A030212
:10A0D0000153030101410C02013702010100030297
:10A0E0000153030101410C02013F01390147030201
:10A0F00001130155030101410D02010C013C020253
:10A10000014A0114040101410C02014A012D014DD3
:10A11000015D01020150050101410C02012A020109
:10A1200001390149014C050101410C0201210201E3
:10A13000014B010D014C050101410C02013F014D94
:10A140000149014E01020145050101410D02010CC9
:10A15000013C02020143012C040101410C02013FB8
:10A160000139010A0302011F0129030101410C0207
:10A1700001370201016803020123030101410C02BE
:10A18000010001010132015D0302012303010141CC
:10A190000D020133013804020152032C0120530245
:10A1A000180018004D02013F022601230602012378
:10A1B0000226013F0A02011D030101370402013793
:10A1C0000301011D090201590401015E014302025C
:10A1D0000143015E0401015907020133013201010B
:10A1E0000139010C02010151020201510201010C6D
:10A1F00001390101013201330502014E012502013D
:10A2000001500138013201010114027301140101EE
:10A2100001320138015002010125014E0402011DE5
:10A2200002010148020201270201021D0201012769
:10A23000020201480201011D030201590201014B02
:10A24000014A0202014301400401014001430202AC
:10A25000014A014B02010159020201480201010CAD
:10A26000041D012D0401012D041D010C02010148F2
:10A270000202014814010148020201481401014888
:10A2800002020143073F012804010128073F01435F
:10A2900009020143012C010102390101014B014373
:10A2A000100201450201020D020101450F020143A6
:10A2B000012C01010139025A01390101012C01432C
:10A2C0000E0201450201010D0202010D02010145CC
:10A2D0000D020143012C01010139015A0202015A08
:10A2E00001390101012C01430C02013F0120013A17
:10A2F000010D0402010D013A0120013F0E02014E41
:10A30000015D0402015D014E500220002000980012
:10A310000131014901351D000141010101401200D7
:10A32000013E0A000141010101400E000113013507
:10A33000010C01140101010A01240141013E060042
:10A340000141010101400C00011F013C0801010A0B
:10A35000012805000141010101400B000134010AFF
:10A3600003010140025201400401011D04000141AA
:10A37000010101400A00013E014B01010125014894
:10A38000010101250200012501010156014B0201D5
:10A39000012703000141010101400A00013C0101C4
:10A3A0000144013E01460101012C0228012C01015A
:10A3B0000121011F01250101013901340200014180
:10A3C000010101400900013401010132012601218E
:10A3D000012C060101250120014F02010148010065
:10A3E000013E010E0101013A01340800012A010178
:10A3F000014701320A01023A010101140133014609
:10A400000301013A080001240301013A012C010172
:10A41000012502000125010101400132040101274B
:10A42000014D040101330700014701010125012805
:10A43000013301460101012502000125010101212D
:10A44000013E0120012C0801013307000132010106
:10A45000014D011301000146010101250200012502
:10A460000101012101000145012D0801013307000F
:10A47000010C0301014B01400101012502000125EE
:10A480000101012D010A0401010D014D04010133F7
:10A49000070001350101013A0139040102390401C3
:10A4A0000132013A0201015201350301013A08006B
:10A4B0000150010101140134010D010A060101409E
:10A4C0000121014F01390101012D01000122014447
:10A4D0000101013A01340800013301400101015535
:10A4E000013301460101014B0251014B01010121E0
:10A4F000013E012D020101270200014C0101014032
:10A500000A000126013901010144013C0101012534
:10A510000200012501010146012502010155030048
:10A52000014C010101400B00012A04010140021FFE
:10A5300001400401012C011F0300014C01010140F5
:10A540000C00012801470901012401220400014CEB
:10A55000010101400D000152010E013A0501012CDB
:10A5600001310600014C01010140100001230128C6
:10A57000014C0113011F0800014C010101401D00A5
:10A58000014C010101401D000159014901358500BF
:10A590002C001C00FF03FF038C03022F1A03022F61
:10A5A0000303012F1503042F0103042F1103012FAF
:10A5B0000303012F0303022F1003042F0603012FAF
:10A5C0000103012F1003022F0903012F0103012FA3
:10A5D0000D03012F0103012F0A03022F1103012F85
:10A5E0000703042F1003012F0903012F1103022F6A
:10A5F0000203022F1503062F1403072F1603062F3D
:10A600001803052F1703022F0203022F1603012F31
:10A610001B03012F86033A0022004F00011F011384
:10A62000011D0125011402010114010C011D012865
:10A630001500011F010D01140A01010A012901225F
:10A640001100012101140201010C010D011301236C
:10A650000200011F0113012101250201010A01204D
:10A660000F00011D0201010C01130A000113010C6E
:10A670000201011D0D00010E0101011401210E0056
:10A68000012101140101010E0B00011D0101010A4C
:10A69000012610000126010A0101011D0900012007
:10A6A00001010114012612000126011401010121FA
:10A6B00007000123010A0101012114000121010108
:10A6C0000114011F0600010D0101010C1600010C0F
:10A6D000010101290600010A0101011316000113FD
:10A6E00001010114011F04000128010101251800C6
:10A6F000010C010101130400011D010101211800D9
:10A70000010D0101011D0400010C010101131800DC
:10A71000011301010125040001140101011F1800AA
:10A72000012301010114040002011A0002010400C6
:10A7300002011A000201040002011A0002010400D1
:10A7400002011A000201040002011A0002010400C1
:10A7500002011A000201040002011A0002010400B1
:10A7600002011A000201040002011A0002010400A1
:10A7700002011A000201040002010700011F011377
:10A78000011D0125011402010114010C011D012804
:10A7900008000201040002010500011F010D01145F
:10A7A0000A01010A01290122050002010400020137
:10A7B0000400012101140E01010A0120040002011C
:10A7C000040002010300011D1201011D030002012A
:10A7D000040002010200010E1401010E0200020138
:10A7E000040002010100011D1601011D010002010A
:10A7F00004000201012018010121020104000201EC
:10A80000010A020101250120103401200125020165
:10A81000011402010400040101390137120001375B
:10A820000139040104000401014014000140040145
:10A830000400050101341200013405010400050182
:10A8400001390148102901480139050104000701B7
:10A850001032070104000501013C01221000012211
:10A86000013C0501040004010114013E1200013EF7
:10A870000114040104000401010A1400010A040186
:10A88000040001140401012112000121040101143A
:10A890000400012505010147100C01470501010CC9
:10A8A0000400011D0501012C1024012C0501011DCE
:10A8B00004000113040101201200012004010128F9
:10A8C0000400011F01140201014B1400014B02019D
:10A8D000010A0600010D02010114013E1200013EB1
:10A8E0000114020101290600011F0114020101489F
:10A8F00001301000013001480201010A0122070065
:10A900000121180101200900011D1601011D0B0084
:10A91000010E1401010E0D00011D1201011D0F0099
:10A920000120010A0E010114012111000123010D72
:10A93000010A0A010114010D011F15000128011D62
:10A94000010C0114020101140125011D0113011F55
:10A950004F003A00220050000128011D010C011493
:10A96000020101140125011D0113011F140001231F
:10A97000010D010A0A010114010D011F110001203E
:10A98000010A0E01011401210F00011D1201011D18
:10A990000D00010E1401010E0B00011D1601011D19
:10A9A00009000121180101200700011F0114020103
:10A9B000013C01231000012601240201010A0122A9
:10A9C0000600010D0201010A0133120001370139AD
:10A9D000020101290500011F01140201015E13009B
:10A9E0000133013A0201010A05000113040101319A
:10A9F00012000141040101280400011D050101406C
:10AA00001024010A0501011D040001250501014B67
:10AA1000100C013A0501010C04000114040101515C
:10AA200011000133010D040101140400040101258A
:10AA30001300013E0114040104000401010A130083
:10AA400001520139040104000501013501371000EC
:10AA500001530149050104000701103207010400F8
:10AA600005010132010E10290155060104000501FE
:10AA700001231200014505010400040101441400F2
:10AA800001470401040004010114013E12000130D9
:10AA9000050104000201010A0201012D01511034D7
:10AAA0000127012C0201011402010400020101200E
:10AAB000180101210201040002010100011D16011B
:10AAC000011D01000201040002010200010E140137
:10AAD000010E02000201040002010300011D120127
:10AAE000011D030002010400020104000121011400
:10AAF0000E01010A01200400020104000201050008
:10AB0000011F010D01140A01010A0129012205009A
:10AB10000201040002010700011F0113011D0125AC
:10AB2000011402010114010C011D01280800020199
:10AB3000040002011A000201040002011A000201CD
:10AB4000040002011A000201040002011A000201BD
:10AB5000040002011A000201040002011A000201AD
:10AB6000040002011A000201040002011A0002019D
:10AB7000040002011A000201040002011A0002018D
:10AB8000040001140101011F180001230101011437
:10AB90000400010C0101011318000113010101253A
:10ABA0000400011D010101211800010D0101011D19
:10ABB00004000128010101251800010C0101011305
:10ABC0000500010A0101011316000113010101141E
:10ABD000011F0500010D0101010C1600010C01010E
:10ABE000012906000123010A0101012114000121AC
:10ABF00001010114011F07000120010101140126B8
:10AC0000120001260114010101210900011D0101A9
:10AC1000010A012610000126010A0101011D0B0095
:10AC2000010E0101011401210E0001210114010195
:10AC3000010E0D00011D0201010C01130A00011398
:10AC4000010C0201011D0F00012101140201010C80
:10AC5000010D011301230200011F01130121012530
:10AC60000201010A01201100011F010D01140A0156
:10AC7000010A012901221400011F0113011D0125F0
:10AC8000011402010114010C011D012850000000F3
:10AC9000000000003C010000E10100004D03000045
:10ACA000BA040000F705000072070000E508000084
:10ACB0001D0A0000920B0000050D00002D00310060
:10ACC0003200FDFD6D05620003F1F1610F054200E8
:10ACD00003F1F1810F05220003F1F1A10F0502003C
:10ACE00003F1F1C10F050FF1F1E10FF1F1F1F1F114
:10ACF000F1F1F1F1F1F1F1F1310C0BF8480CF191B6
:10AD00000300F2320AF1A1030BF2220AF1C10DF2A3
:10AD1000120AF1D10A00F20AF1E10300E20AF1118C
:10AD2000030FC10DD20AF1110A0003C106C20AF1D4
:10AD3000110A120AC10300A20AF1110A220DC1036D
:10AD40000B920AF1110A320B03C10D820AF1110AAA
:10AD5000420003C10A00620AF1110A6206C103003F
:10AD6000520AF1110A720DD10D420AF1110A82053F
:10AD700003C106320AF1110A92000CC10300120A43
:10AD8000F1110AB20DC1030B020AF1110AC20D0F33
:10AD9000C10D0AF1110AD20003F1F10AE2000AF131
:10ADA000E10AF2020DF1D10AF2120B03F1B10AF23B
:10ADB000220003F1A10AF24206F1910CF8580AF1BF
:10ADC000F1F1F1F1F1F1F1F1F1F1F1F1310FF1F115
:10ADD000E10F050FF1F1C10F05020003F1F1A10F21
:10ADE00005220003F1F1810F05420003F1F1610F2B
:10ADF000056200FDFD6D05322D003100F2F2F2F228
:10AE0000F2F2F2F2F2F2F2F2F2F2F2F2F2F2F2F222
:10AE1000F2F2F2F2F2F2F2F2F2F2F2F2F2F2F2F212
:10AE2000F2F2F2F2F2F2D2F3F3F303F1F1F1F1F113
:10AE3000F1F1F1F1F1F1F1F1F1F1F1F1F1F1F1F102
:10AE4000F1F1F1F1010FFAFA6A810AF2F262810A74
:10AE5000F2F262810AF2F262810AF2F262810AF28D
:10AE6000F262810AF2F262810AF2F262810AF2F27D
:10AE700062810AF2F262860DF2F2F2F2F2F2F2F27C
:10AE8000F2F2F2F2F2F2F2F2F2F2F2F2F2F2F2F2A2
:10AE9000F2F2F2F2F2F2F2F2F2F2F2F2122D0031EA
:10AEA000003200EBF2229B220003E108F2120A8139
:10AEB000120003F10300F2020A81020003F1110AF9
:10AEC000F2020A810003F1310DF20A8103F1410F10
:10AED00005E20AF1F103E20AF1F10106D20AF1F109
:10AEE0001108C20AF1F1110F00B20AF1110C4B0F57
:10AEF000910AB20AF1110A420DA10DA20AF1110A3A
:10AF0000520A910F05920AF1110A62039103920A03
:10AF1000F1110A6208A106820AF1110A7206A1085B
:10AF2000720AF1110A820C910F00620AF1110A8271
:10AF3000000F910A620AF1110A920DA10D520AF155
:10AF4000110AA20AA105420AF1110AB20F910342A5
:10AF50000AF1110AB208A106320AF1110AC206A1C9
:10AF60000B220AF1110AD203910F00120AF1110A01
:10AF7000D2050F910A120AF1110AE20DA10D020A7F
:10AF8000F1110AF20AA1050AF1110AF2000F910368
:10AF90000CF1110AF20208F1D10AF21206F1C10A0B
:10AFA000F22203F1B10AF222050FF1A10AF2320DE9
:10AFB000F1A10AF2420AF1910C3804F2000FF1D12A
:10AFC0000AF20208F1D10AF21206F1C10AF22203D2
:10AFD000F1B10AF222050FF1A10AF2320DC10B0FF5
:10AFE000B10AF2420AB102050FA10AF242000FA112
:10AFF00012050F910AF25208A122050F810AF2628E
:10B0000006913205860DF272962D003100F2F2F2B1
:10B0100002D108720003F1210632D106620003F169
:10B02000410622E1520003F1610612E10D320003F4
:10B03000F1810602E10F220003F1A106F10D120BCE
:10B04000F1F1C10F120BF1F1D10D020BF1F1D103AE
:10B05000020BF1F1510F71080B810C860FF1111ADF
:10B06000610A0B810D820AF1110A087106810D82B5
:10B070000AF1110A020AF1010D820AF1110A02080D
:10B08000F1010D820AF1110A120AF10D820AF11181
:10B090000A1208F10D820AF1110A220AE10D820A50
:10B0A000F1110A2208E10D820AF1110A320AD10DCA
:10B0B000820AF1110A3208D10D820AF1110A420AFC
:10B0C000C10D820AF1110A4208C10D820AF1110A6A
:10B0D000520AB10D820AF1110A5208B10D820AF129
:10B0E000110A620AA10D820AF1110A6208A10D82F9
:10B0F0000AF1110A720A910D820AF1110A7208917D
:10B100000D820AF1110A820A810D820AF1110A8266
:10B11000008800820AF1110AF2C20AF1110AF2C291
:10B120000AF1110AF2C20AF1110AF2C20AF121333C
:10B1300006F22206330FF1610AF22206F1B10AF299
:10B140002206F1B10AF22206F1B10AF22206F1B1A9
:10B150000AF22206C10DD10AF22206B10D02D10A6D
:10B16000F22206A10D12D10AF22206910D22D30A73
:10B17000F22206830D322D003100F2F2F2F2D20DEE
:10B180008108F2F2520D8108F2F2520D8108F2F2BA
:10B19000520D810882F0C006810B80F1F1F1F1F1CE
:10B1A000F1F1F1F1F1F1F1F1F1F1F1F1F1F1F1F18F
:10B1B000F1F1F1F1F1F1810FA103F60C810A86059D
:10B1C0000FA10BE20D810892050FA10BD20D810892
:10B1D000A2050FA10BC20D8108B2050FA10BB20D84
:10B1E0008108C2050FA10BA20D8108D2050FA10B8A
:10B1F000920D8108E2050FA10B820D8108F2050F67
:10B20000A10B720D8108F202050FA10B620D8108DE
:10B21000F2120003A10B520D8108F2220003A10BD0
:10B22000420D8108F2320003A10B320D8108F24277
:10B230000003A10B220D8108F2520003910F0512A9
:10B240000D8108F2620003910F05020D8108F27270
:10B250000003910F050D8108F2820003910F0A810E
:10B2600008F2920003F13108F2A20003F12108F282
:10B27000B20003F11108F2C20003F10108F2D2009A
:10B2800003F108F2E20003E108F2F20003D108F250
:10B29000F2020003C108F2F2120003B108F2F22236
:10B2A0000003A108F2F23200039108F2F242000317
:10B2B0008108822D003100F24200FD5D05F272002E
:10B2C00003F1510F05228B08820003F1710F051263
:10B2D000810A720003F1910F0502810A620003F1F5
:10B2E000B10F05810A620AF1D10F810A620AF1F1F8
:10B2F000710A620AF1F1710A620AF1F1710A620AD5
:10B30000F1F1710A620A810BA80CF1110A620A813B
:10B3100000A20AF1110A620A8100A20AF1110A626E
:10B320000A8100A20AF1110A620A8100A20AF1113F
:10B330000A620A8100A20AF1110A620A8100A20AC5
:10B34000F1110A620A8100A20AF1110A620A81005F
:10B35000A20AF1110A620A8100A20AF1110A620A24
:10B360008100A20AF1110A620A8100A20AF1110AFF
:10B37000620A8100A20AF1110A620A8100A20AF19E
:10B38000110A620A8100A20AF1110A620A8100A26E
:10B390000AF1110A620A8100A20AF1110A620A8105
:10B3A00000A20AF1110A620A8100A20AF1110A62DE
:10B3B0000A8100A20AF1110A620A8100A20AF111AF
:10B3C0000A620A8100A20AF1110A620A8100A20A35
:10B3D000F1110A620A8100A20AF1110C680C8100C5
:10B3E0005200380CF1F131005206F1F181005206A1
:10B3F000F1F181005206F1F181005206F1F1810074
:10B400005206C10FF1A1005206B10F05F1A1005281
:10B4100006A10F0502F1A1005206910F0512F1A13C
:10B42000005206810F0522FDAD620B8D05322D0005
:10B43000310032008D0B820BFD2D05620003810A65
:10B44000720DF1310F05420003910A620DF1510FA7
:10B4500005220003A10A520DF1710F05020003B18C
:10B460000A420DF1910F050FC10A320BF1B10FD154
:10B470000A320BF1F1A10A320BF1F1A10A320BF100
:10B48000F1A10A320BF1F1510C3805320B8106881B
:10B490000CF1110A820B810D820AF1110A820B81D3
:10B4A0000D820AF1110A820B810D820AF1110A82C2
:10B4B0000B810D820AF1110A820B810D820AF111B2
:10B4C0000A820B810D820AF1110A820B810D820A18
:10B4D000F1110A820B810D820AF1110A820B810D92
:10B4E000820AF1110A820B810D820AF1110A820B84
:10B4F000810D820AF1110A820B810D820AF1110A73
:10B50000820B810D820AF1110A820B810D820AF1F0
:10B51000110A820B810D820AF1110A820B810D82C0
:10B520000AF1110A820B810D820AF1110A820B8144
:10B530000D820AF1110A820B810D820AF1110A8231
:10B540000B810D820AF1110A820B810D820AF11121
:10B550000A820B810D820AF1110A820B810D820A87
:10B56000F1110C88068106880CF1F1F1F1F1F1F18D
:10B57000F1F1F1F1F1C10FF1F1E10F050FF1F1C1BD
:10B580000F05020003F1F1A10F05220003F1F18183
:10B590000F05420003F1F1610F056200FDFD6D052D
:10B5A000322D003100F2F2F202910600F2F242A1D5
:10B5B000030BF2F232C1030BF2F212E10600F2F2D7
:10B5C000F1010600F2D2F111030BF2C2F131030BCB
:10B5D000F2A2F1510A00F282F1710600F262F181E9
:10B5E000030DF252F1A1030BF2328113F1110A00A3
:10B5F000F212810A0006F1210600F2810A12000609
:10B60000F111030DE2810A320B03F111030BC28128
:10B610000A520D03F1110A00A2810A620006F1210B
:10B62000060082810A82000CF111030D72810AA2C8
:10B630000B03F111030B52810AC20DF1210C0032F0
:10B64000810AD20006F121060012810AF20003F1FC
:10B65000110F0D02810AF2120B03F11103810AF29C
:10B66000320DF1A10AF2420006F1810AF2620B03E7
:10B67000F1610AF2820B03F1410AF2920006F13104
:10B680000AF2B20006F1110AF2D20B03F10AF2F249
:10B690000D03D10AF2F2020006C10AF2F222000CF6
:10B6A000A10AF2F2420B03810AF2F262810AF2F27B
:10B6B00062810AF2F262810AF2F262810AF2F262B5
:10B6C000810AF2F262810AF2F262810AF2F2628186
:10B6D0000AF2F262810AF2F2622D0031003200EDCC
:10B6E000820BDD05620003E106620DE10F054200F9
:10B6F00003F10106420DF1010F05220003F12106BD
:10B70000220DF1210F05020003F14106020DF14166
:10B710000F050FF1610CF1610FF1F1F1F1F1F1F1B0
:10B72000F1F1F1F1F1C10C880D8106880CF1110ADB
:10B73000820B810D820AF1110A820B810D820AF1BE
:10B74000110A820B810D820AF1110A820B810D828E
:10B750000AF1110A820B810D820AF1110A820B8112
:10B760000D820AF1110A820B810D820AF1110A82FF
:10B770000B810D820AF1110A820B810D820AF111EF
:10B780000A820B810D820AF1110A820B810D820A55
:10B79000F1110A820B810D820AF1110A820B810DCF
:10B7A000820AF1110A820B810D820AF1110A820BC1
:10B7B000810D820AF1110A820B810D820AF1110AB0
:10B7C000820B810D820AF1110A820B810D820AF12E
:10B7D000110A820B810D820AF1110A820B810D82FE
:10B7E0000AF1110A820B810D820AF1110A820B8182
:10B7F0000D820AF1110A820B810D820AF1110C8867
:10B80000068106880CF1F1F1F1F1F1F1F1F1F1F1BC
:10B81000F1C10FF1610CF1610F050FF14106020D4D
:10B82000F1410F05020003F12106220DF1210F0560
:10B83000220003F10106420DF1010F05420003E170
:10B8400006620DE10F056200ED820BDD05322D0071
:10B8500031003200FDFD6D05620003F1F1610F055D
:10B86000420003F1F1810F05220003F1F1A10F0560
:10B87000020003F1F1C10F050FF1F1E10FF1F1F158
:10B88000F1F1F1F1F1F1F1F1F1C10C880D810688CE
:10B890000CF1110A820B810D820AF1110A820B81CF
:10B8A0000D820AF1110A820B810D820AF1110A82BE
:10B8B0000B810D820AF1110A820B810D820AF111AE
:10B8C0000A820B810D820AF1110A820B810D820A14
:10B8D000F1110A820B810D820AF1110A820B810D8E
:10B8E000820AF1110A820B810D820AF1110A820B80
:10B8F000810D820AF1110A820B810D820AF1110A6F
:10B90000820B810D820AF1110A820B810D820AF1EC
:10B91000110A820B810D820AF1110A820B810D82BC
:10B920000AF1110A820B810D820AF1110A820B8140
:10B930000D820AF1110A820B810D820AF1110A822D
:10B940000B810D820AF1110A820B810D820AF1111D
:10B950000A820B810D820AF1110A820B810D820A83
:10B96000F1110C8806810D3200380CF1F1510D32C5
:10B9700006F1F1A10D3206F1F1A10D3206F1F1A1AE
:10B980000D3206D10FF1B10D3206C10F050FF19145
:10B99000064206B10F05020003F1710D5206A10F18
:10B9A00005220003F1510D6206910F05420003F1DB
:10B9B000310D7206810F056200FD2D0B820B8D0586
:10B9C0003212003700F2F2F2F2F2F2F2F2F2F2F296
:10B9D000F2F2F2F21208860B820D86F2820B810DD2
:10B9E000820A81F2820B810D820A81F2820B810D23
:10B9F000820A81F2820B810D820A81F2820B810D13
:10BA0000820A81F2820B810D820A81F2820B810D02
:10BA1000820A81F2820B810D820A81F2820B810DF2
:10BA2000820A81F282008800820588F2F2F2F2F244
:10BA3000F2F2F2F2F272000000000000E5000000F5
:10BA40004A0100005E020000770300003404000099
:10BA5000610500007706000051070000690800003A
:10BA60007C090000FC090000E20A0000AE0B0000A7
:10BA7000000C00001E0022002200FB9B0042000A76
:10BA8000F3930A0022000AF3B30A0002000AF3D378
:10BA90000A020BF3F3070BF3F3070BF3F3070B9314
:10BAA0000C07C00B53070BA30C0BB20753070BC3B8
:10BAB0000DA20753070BD30A00820753070B530647
:10BAC000730A00720753070B53000B830D62075371
:10BAD000070B530002000A730D520753070B530064
:10BAE000120006730A00320753070B5300320D731E
:10BAF0000C0B220753070B5300420B0C730D12075C
:10BB000053070B530052000A7306000753070B53E9
:10BB1000007206730A0B53070B5300820DE3070BE9
:10BB2000530092080AC3070B5300A2000AB3070B85
:10BB30005300C20DA3070B5306DD0C93070BF3F361
:10BB4000070BF3F30708F3F307020DF3D30D220DF0
:10BB5000F3B30D420DFA9A0D221E002200F2F2F20A
:10BB6000F2F2F2F2F2F2F2F2F2F2F2F2F2F2F2F2B5
:10BB7000F2F23208FAFA000BF3F3070BF3F3070BB8
:10BB8000F3F3070BF3F3070BF3F3070B53FD9D00E0
:10BB90000B5300F2920B5300F2920B5300F2920BF4
:10BBA0005300F2920B5300F2920B5300F2A250F2A8
:10BBB000F2F2F2F2F2F2F2F2F2F2F2F2F2621E00BB
:10BBC0002200220D9AB2075A00120DA306A20753B3
:10BBD00007020DC30B9207530708D30C00820753CB
:10BBE000070BE30A820753070BF30D720753070B8A
:10BBF00053061D0A6307620753070B5300220A53BB
:10BC00000A620753070B53002207630652075307C4
:10BC10000B5300320D630B420753070B5300420ACC
:10BC2000530C00320753070B530042000C530A32E7
:10BC30000753070B5300520B630D220753070B5397
:10BC40000062066307120753070B5300720A530A78
:10BC5000120753070B530072076306020753070BC3
:10BC60005300820D630B0753070B5300920A530CCA
:10BC70000B53070B530092000C530C53070B53004C
:10BC8000A20BC3070B5300B206B3070B5300C20A43
:10BC9000A3070B530710A207A3070B830BA20D9357
:10BCA000070B830BB20A83070B830BB2000C7307DD
:10BCB000000A730BC20B730702000A630BD2066300
:10BCC0000712000A530BE20A530722005D00E2004C
:10BCD0005D001E0022000786520BC60B220B830D4F
:10BCE000320DE30B120B830C220DF3030B020B93AB
:10BCF0000D0208F323000B930A020BF323070BA397
:10BD0000080BF323070BA3060B53064D0653070B33
:10BD1000530D430D5307420753070B53000CA30762
:10BD2000420753070B53000DA307420753070B535A
:10BD300000020C9307420753070B5300020D9307B1
:10BD4000420753070B5300120C8307420753070B9C
:10BD50005300120D8307420753070B5300220C7345
:10BD600007420753070B5300220B73074207530781
:10BD70000B5300320A6307420753070B5300320B81
:10BD80006307420753070B5300420A530742075306
:10BD9000070B5300420B5600420753070B5300F2A8
:10BDA000120753070B5300F2120753070B5300F20D
:10BDB000120753070B830BB20D83070B830BB20DD6
:10BDC00083070B830BB20D83070B830BB20D730A32
:10BDD000000B830BB20D630A00020B830BB20D53F1
:10BDE0000A0012008D00B2075D00221E002200F240
:10BDF000320D460DF2A2064306F2A2064306620782
:10BE0000FD2D0A430C5D000BF3F3070BF3F3070B57
:10BE1000F3F3070BF3F3070BF3F3070BF3F307024B
:10BE20000A630D92064306820A630D820643069258
:10BE30000A630D72064306A20A630D62064306B248
:10BE40000A630D52064306C20A630D42064306D238
:10BE50000A630D32064306E20A630D22064306F228
:10BE60000A630D12064306F2020A630D0206430638
:10BE7000F2120A630D064306F2220A630C4306F22D
:10BE8000320AB306F24206A306F2520D9306F2629C
:10BE90000D8306F2720D7306F2820D6306F2920DA7
:10BEA0005306F2A20B4D0B621E002200E2ED00329F
:10BEB00057620AE30C00120B5300420AF3030C0012
:10BEC000020B53003206F3230C000B5300320AF32B
:10BED00033070B5300320AF333070B5300320A4384
:10BEE0000C6A0C53070B5300320A430D62075307C9
:10BEF0000B5300320A430D620753070B5300320AFB
:10BF0000430D620753070B5300320A430D62075378
:10BF1000070B5300320A430D620753070B530032DD
:10BF20000A430D620753070B5300320A430D6207A1
:10BF300053070B5300320A430D620753070B53009C
:10BF4000320A430D620753070B5300320A430D6256
:10BF50000753070B5300320A430D620753070B5375
:10BF600000320A430D620753070B5300320A430D98
:10BF7000620753070B5300320A430D620753070B46
:10BF80005300320A430D620753070B5300320A4332
:10BF90000D620753070B534A530D320B2A53070BFD
:10BFA000F3030D320D83070BF3030D320D83070BE3
:10BFB000F3030D320D730C000BF3030D320D630C04
:10BFC00000020BF3030D320D530C001207FD0D0B95
:10BFD00032085D00221E002200220D5A08420DCABE
:10BFE0000D420D630B320DE30D220D730B220DF389
:10BFF000030D0208830B1207F323000B830B1207B8
:10C00000F323070B830B1207F323070B532D0012A7
:10C0100007536D53070B530042075307420753075B
:10C020000B530042075307420753070B53004207C5
:10C030005307420753070B53004207530742075366
:10C04000070B530042075307420753070B530042A5
:10C05000075307420753070B530042075307420792
:10C0600053070B530042075307420753070B530074
:10C0700042075307420753070B5300420753074237
:10C080000753070B530042075307420753070B534D
:10C090000042075307420753070B53004207530759
:10C0A000420753070B530042075307420753070B3E
:10C0B000530042075307420753070B5307400853E7
:10C0C0000B400853070BF3F3070BF3F3070BF3F3E2
:10C0D00007000AF3D30A0002000AF3B30A002200A1
:10C0E0000AF3930A004200FB9B00221E0022000874
:10C0F0005A0D00F2820B730DF2720B830A0BF2528F
:10C100000BA30A00F2320BC30D00F2120BE30DF287
:10C11000020BF30A0BE20B530CA30A07C20B5307E3
:10C120000DB30D00A20B530002000AB30D00820BE9
:10C130005300220B0AA30A0B720B5300420DB30AE1
:10C1400007520B530052000DB30D00320B53007217
:10C15000000AB30D00120B5300920B0AA30A0B0244
:10C160000B5300A2000DB3070B5300C2000D930741
:10C170000B5300E2080A73070B5300F2020B0A5339
:10C18000070B5300F212000D43070B5300F232006D
:10C190000623070B5300F2520B0A03070B5300F25E
:10C1A000720D000B5300F2920B5300F2920B5300EE
:10C1B000F2920B5300F2920B5300F2920B5300F2E7
:10C1C00092005BF2A21E002200220B960032009623
:10C1D00000420BA30A0012000A930C00220BC30AB0
:10C1E000100AB30C000207E31AD30C000BF3F30799
:10C1F0000BF3F3070B530A460A530A460A53070B7D
:10C20000530042075307420753070B53004207539B
:10C2100007420753070B53004207530742075307D0
:10C220000B530042075307420753070B53004207C3
:10C230005307420753070B53004207530742075364
:10C24000070B530042075307420753070B530042A3
:10C25000075307420753070B530042075307420790
:10C2600053070B530042075307420753070B530072
:10C2700042075307420753070B5300420753074235
:10C280000753070B530042075307420753070B534B
:10C290000042075307420753070B53004207530757
:10C2A000420753070B530042075307420753070B3C
:10C2B000F3F3070BF3F3070BF3F307000CD31AD3D5
:10C2C0000A0002000CB30A120AB30A0022000C93FF
:10C2D0000A320A930A0042009D529D00221E00224B
:10C2E00000220DF3930D420DF3B30D220DF3D30D88
:10C2F0000208F3F3000BF3F3070BF3F3070B536D93
:10C30000536D53070B530042075307420753070B64
:10C31000530042075307420753070B53004207538A
:10C3200007420753070B53004207530742075307BF
:10C330000B530042075307420753070B53004207B2
:10C340005307420753070B53004207530742075353
:10C35000070B530042075307420753070B53004292
:10C36000075307420753070B53004207530742077F
:10C3700053070B530042075307420753070B530061
:10C3800042075307420753070B5300420753074224
:10C390000753070B530042075307420753070B533A
:10C3A0000042075307420753070B5308470B530735
:10C3B0001200170B53070BF32307120D83070BF320
:10C3C0002307120D83070BF32307120D8307000ABF
:10C3D000F3030A220D730A12000AE30A320D630AFC
:10C3E00032000AC30A420D530A5200C752005732A4
:10C3F0001E002200F2F2F2F2F2F2F2F2F2F2F2F2A5
:10C40000F2F2F2F2F2F2F2F2F2F2F25207FDF2027C
:10C410000BE30AF2020BE30AF2020BE30AF2020B4D
:10C42000E30AF2020B330D57330AF2020B330D52BB
:10C43000330AF2020B330D52330AF2020B330D5260
:10C44000330AF2020B330D52330AF2020B330C5A49
:10C45000330AF2020BE30AF2020BE30AF2020BE3E5
:10C460000AF2020BE30AF2F2F2F2F2F2F2F2F282D2
:10C470001E002200220B5608B20B5600420B630B23
:10C48000B20D530C00220B730BB20D630C000207AC
:10C49000830BB20D730C000B830BB20D83070B8360
:10C4A0000BB20D83070B530A1607B20B160A53077C
:10C4B0000B5300F2120753070B5300F212075307F6
:10C4C0000B5300F2120753070B5300F212075307E6
:10C4D0000B5300F2120753070B5300F212075307D6
:10C4E0000B5300F2120753070B5300F212075307C6
:10C4F0000B5300F2120753070B5300F212075307B6
:10C500000B5300F2120753070B5300F212075307A5
:10C510000B5300F2120753070B5300F21207530795
:10C520000B5300F2120753070B5300F21207530785
:10C530000BF3F3070BF3F3070BF3F307000CF3D341
:10C540000A0002000CF3B30A0022000CF3930A0065
:10C550004200FD9D00221E002200F2F212005DF258
:10C56000A20B5300F2920B530042075A00C20B5326
:10C570000042075307C20B530042075307C20B5335
:10C580000042075307C20B530042075307C20B5325
:10C590000042075307C20B530042075307C20B5315
:10C5A0000042075307C20B530042075307C20B5305
:10C5B0000042075307C20B530042075307C20B53F5
:10C5C0000042075307C20B530042075307C20B53E5
:10C5D0000042075307C20B530042075307C20B53D5
:10C5E0000042075307C20B530042075307C20B53C5
:10C5F0000042075307C20B530042075307C20B53B5
:10C600005B0D530DBB020BF3F3070BF3F3070BF3B7
:10C61000F3070BF3F3070BF3F3070BF3F30702F046
:10C62000F0021E002200F2F2F2F2F2F2F2F2F2F264
:10C63000F2F2F2F2F2F2F2F2F2F2F2F2F2F2F212BA
:10C64000074DF2B20B43F2B20B43F2B20B43F2B21C
:10C650000B43F2B20B43F2B20B43F2F2F2F2F2F2FC
:10C66000F2F2F2F2F2F2F2F2F2F2F2F2F2F2F2F2AA
:10C67000F2F2F2721E002200F2F2F2F2F2F2F2F2A2
:10C68000F2F2F2F2F2F2F2F2F2E2063306F2B2065D
:10C690003306F2B2063306F2B2063306F2B20633BE
:10C6A00006F2B2063306F2B2063306F2B2063306DB
:10C6B000F2B2063306F2B2063306F2B2063306F2DF
:10C6C000B2063306F2B2063306F2B2063306F2B20F
:10C6D000063306F2F2F2F2F2F2F2F2F2F2F2F2F2D1
:10C6E000F2F2A20000000000230000003D00000064
:10C6F0009C00000016010000B301000025020000AC
:10C70000350200006C020000A2020000E4020000FA
:10C710000A0300002A0300004A0300005D03000032
:10C720009E030000E303000009040000630400000E
:10C73000C30400000B05000057050000AF05000012
:10C74000F805000063060000BD060000D5060000E5
:10C75000FA0600004D07000087070000D807000018
:10C760002D080000C4080000270900007C09000013
:10C77000D2090000190A0000590A00008A0A0000C4
:10C78000F10A00001B0B00002A0B0000530B0000F5
:10C79000A80B0000D50B00002F0C0000710C00004E
:10C7A000D40C0000150D00007B0D0000CF0D000023
:10C7B000460E0000720E0000AE0E00000E0F0000CC
:10C7C000A30F00001810000066100000C110000048
:10C7D000E01000001F1100003E1100006811000071
:10C7E0008D110000AC110000061200004E12000076
:10C7F00094120000D61200002B1300005C130000FE
:10C80000BE130000EF1300000914000032140000F2
:10C810007314000082140000C8140000F814000013
:10C820004215000084150000CB150000EB15000038
:10C83000491600007A160000A7160000EE16000048
:10C8400064170000BF1700001518000059180000F9
:10C85000931800009E180000D9180000121900005B
:10C8600055190000AC190000361A00009C1A00008F
:10C87000271B0000D11B0000711C0000211D0000BF
:10C88000BB1D0000781E00002B1F0000D51F0000FC
:10C890008120000040210000D221000090220000F1
:10C8A00055230000FF230000A224000037250000CC
:10C8B000C225000064260000EE260000AF2700001D
:10C8C0005428000001290000A02900007D2A000052
:10C8D000652B00000C2C0000B72C00004B2D000035
:10C8E000F32D0000AB2E0000812F0000023000006D
:10C8F0009D300000553100002C3200003233000022
:10C90000EB3300007F34000020350000CE350000FE
:10C910008A3600004837000016380000EF38000063
:10C92000CD390000373A0000023B0000EA3B00002E
:10C93000653C0000F83C0000D33D00005A3E00007A
:10C94000093F0000E53F0000BE40000078410000C4
:10C95000514200004643000011440000E74400003B
:10C960008145000014460000D7460000C347000080
:10C97000BF48000077490000314A0000CE4A00005D
:10C98000274B0000A74B0000364C0000FE4C000077
:10C99000F94D00006C4E0000294F0000C24F00000E
:10C9A00053500000385100000B520000DE520000CE
:10C9B0009653000075540000575500003356000090
:10C9C000D75600006C57000000580000E1580000E6
:10C9D000B8590000675A00004E5B0000355C00004B
:10C9E000F45C0000E85D0000EA5E0000765F000095
:10C9F0000B600000E2600000AF6100008162000097
:10CA0000336300000B640000C96400004F65000040
:10CA100034660000FD660000AC6700007968000025
:10CA200013690000EF690000B46A0000826B000027
:10CA3000686C0000486D0000276E0000FF6E00006B
:10CA400001700000DE700000C3710000667200001B
:10CA500034730000F57300006D740000427500002F
:10CA6000D7750000C076000074770000E8770000FA
:10CA700087780000517900000B7A0000D27A00001C
:10CA80008D7B0000787C0000467D0000FC7D00006E
:10CA9000DA7E00007F7F0000538000002C810000C0
:10CAA00009820000E5820000BC8300009E84000033
:10CAB000A785000024860000DD860000A88700000E
:10CAC000508800001B890000FC8900009C8A00003F
:10CAD000668B00000E8C0000D08C0000BE8D000024
:10CAE000E38D000006001900F0D00F031A061D1B8D
:10CAF00007102C9091102190810F1021900A161D83
:10CB00000B08073026F0D009001900F0D05FF020A4
:10CB100051F0205AF0F0B05FF02051F02056F0F0C4
:10CB2000600C001900F0F0200F0A101FD00F0A0649
:10CB30000D0B01031011D00E410E0A0D11E0080B70
:10CB40000D06510F0A060D900A060D0B070103088A
:10CB50000D110F2190510F060D1100080D069008C0
:10CB60000B0D060A510C060D08E001030B0651E0FF
:10CB700001031011050B0D0AE00C06101CF0F0105B
:10CB80000F001900F0F07004E01D08200D031109DA
:10CB90000A08B00F010B100B510F07A00E0108106F
:10CBA0000A6106A0110710031106180A010C801D66
:10CBB000112D0F11061D06010E2D50F121501611D9
:10CBC000260911361126700E010800070E112008E3
:10CBD00011A0030109030F1103200B010FA006513F
:10CBE00006200D0103A0050A310A042006010CC02D
:10CBF0000B0D0B0840040504F0D014001900F0F0F0
:10CC000060081B0805F0100B0F310E0DF0000C51E1
:10CC100003F0000E0F0B180B010E900850010A20B4
:10CC2000041190010A0B300F0E260A0109900A1117
:10CC30000C0D1006510AA00806110F0D07060C2353
:10CC40000A08C0080609010F0607F030050D0F019C
:10CC50000E0608C004060A2C0A1D03110A0BA006C2
:10CC6000610D000B0A110C900F010A260A01062023
:10CC70000806019011052004010A4007900E010BDF
:10CC8000280B010AF00C6106F00B0F410F08F000B1
:10CC900004083B04F0F0400F001900F0F090071377
:10CCA000F006230C060D11F00A610EA004300A19DB
:10CCB0000E3106900A010D40080331069003010B66
:10CCC000300B0F2106010390090107200D310D08DB
:10CCD000010F901104000406210E0B000811900FA3
:10CCE00001160C210F0B100811900A610C2B060184
:10CCF0000F900B4106610AA00B260B000A510BF0A6
:10CD000000070A091E0F06F0E005001900F0D05FC9
:10CD1000F02051F02056F0F06009001900F0F0F01A
:10CD200060030DD00D0360110F0608700806031193
:10CD3000600E310F0A360A0F310E60080AD10A0858
:10CD40008008060F710F0608D0081D161D08F0F0A8
:10CD500008001900F0F010040B0D360D0B04C00B89
:10CD60000A0E710E0A0B800B0AD10C0B60410316E0
:10CD70001D16034160110C0D0770070D0C11600C9E
:10CD80000BD00B0CF0A00B001900F0F0070BF050CB
:10CD90000B010E041BF020040F01060E0908F00021
:10CDA000030A0F210A08F000410308F0100D0B0CD4
:10CDB0000109010E0BF01008110B1C04F0100B0AF6
:10CDC00003000407F0F0F0E00C001900F0F0401A46
:10CDD000F06011F06011F020381138E091E091F02E
:10CDE0002011F06011F06011F06016F0F0300700D3
:10CDF0001900F0F0800D07F060110C0D07F03041C4
:10CE00000CF0200C0F31F040050B0D06F0B00A00BD
:10CE10001900F0F0501DF06011F06011F06011F099
:10CE20006011F06011F06011F06018F0F020060061
:10CE30001900F0F0902DF05021F05021F0502EF01C
:10CE4000D00B001900F0D00A0BF060110A0BF04073
:10CE50000B0A11030D04F03008060E010F0D05F04A
:10CE60003007060F01090608F030040D03110A0B04
:10CE7000F0400D0C110A0BF0400B0A11F06008068F
:10CE8000F0D00D001900F0F000076807D00D0F81F9
:10CE90000F06A00DC10D900CC1039009010D046097
:10CEA000040D11901104800411901105800511905A
:10CEB0000E01068B06010F900CC10A900DC10BA04C
:10CEC0000B0A8F0A0BF0E00A001900F0D0E690E19F
:10CED00090E19006110FA6900503110BF0400B1185
:10CEE0000304F0400D110DF0502BF0F0600C001910
:10CEF00000F0E00B062C0A0D4013900B0E5106308B
:10CF000011900A710B2011900F010A1D06210A20B1
:10CF100011901108200D210810119011042005090D
:10CF20001106101190090107300621060B11900F10
:10CF3000010B300861900A010D400D51900D060D56
:10CF4000500B0A0C23F0D00D001900F0F040070D33
:10CF5000260D07A0070A210F0B03410F0890064179
:10CF60000E61069003610F2A09010390090106086A
:10CF70000B06110B200B010E90110510051104205A
:10CF80000411901130113005119011072011300853
:10CF90000109901108201B300D010F901F0B800616
:10CFA0000103F06014F0D00E001900F0F0600518D5
:10CFB000F0500D11C08A0C112A90E190E1902103EC
:10CFC0000D380D112890080C210607100D11E00DE9
:10CFD0000F110F0D040D11F0050621030611F010BD
:10CFE000080A41F0300D0F21F040052DF0F0000C43
:10CFF000001900F0D01B400B360D08A011300D5168
:10D00000090B9011300C610A901130090103260FB1
:10D01000010F9011301108200B11901130113004C4
:10D020001190113A1130051190713008010E907174
:10D03000300D010F907D300D1AF0D00D001900F069
:10D04000F0600405D01D0820080A0F21030DA00F71
:10D05000010D200A610D900F010B20096103901151
:10D060000720110B240B119011042011042004112E
:10D070009011052011300411900F01062B113B0671
:10D08000010F9006C10A900809B10BA00806830A97
:10D090000BF0E00D001900F0D0130608F040310C41
:10D0A0000D05F0105109060BF0110C51030D05C0D0
:10D0B0001100080609410E060BA01120050D0C51A8
:10D0C000039011500B060931901170050D0311905A
:10D0D00011A00B069011F06018F0F0A00E001900DE
:10D0E000F0F050081D1BC00D230A070D41030790E7
:10D0F0000D410A095106900C71090F091103900F97
:10D1000001061B06110B200B0109901105100511DA
:10D110000520041190110710071105200411900F2C
:10D12000010A1D0A110D280D010F900AC10C900B68
:10D1300041060F510DA00B061A06040B0F310A040D
:10D14000F010042805F0F00D001900F0F00004655F
:10D15000E00D03810C0BA00DC10B900CC10A9009CE
:10D16000010B301110070D010F9011043011200731
:10D17000010E9011042004113011900E01062B0DA8
:10D1800011200711900A610F20080109900B610A14
:10D19000200B010FA00B0A230C060720070B08F039
:10D1A000D006001900F0F0102D402DD0214021D0E4
:10D1B000214021D02E402EF0D007001900F0F010B1
:10D1C0002D300D07F02130110C0D07C02130410C1E
:10D1D000B02E300C0F31F040050B0D06F0B00C00F6
:10D1E0001900F0F0101A0D20060A06F006010A20B8
:10D1F0000F010DF00B010E05000B010E07F0000FE3
:10D20000010D0006010AF0100601060003010DF0F1
:10D21000100B010F08010904F02003010A010AF0B4
:10D220003006210BF03008110F04F040160DF0F01D
:10D23000200C001900F0F0101A101AF02011101133
:10D24000F020111011F020111011F020111011F028
:10D2500020111011F020111011F020111011F020E8
:10D26000111011F020161016F0F0200C001900F02B
:10D27000F0401A06F0400B110E05F03006210DF0BB
:10D28000300F0106010AF0200B0103071107F0100F
:10D29000060106000C010DF0000409010B00060157
:10D2A0000CF0000D010904000B1107F00A010A201F
:10D2B0000F010DF0160B200D060DF0F00D001900FA
:10D2C000F0E004082B04F0100803310F08F0000A06
:10D2D000510304F00F110F0E2106F0110B0004068C
:10D2E000210C06002F901104200A21030021900E2A
:10D2F000010520050A11030021900F010840071BBA
:10D30000002D9003010DF0500C0106F05028F0F0B4
:10D310009011001900F0F0040B6DE0080F7106D0B9
:10D3200003010E4C03010F070B08900B010F08407F
:10D3300004110B01069006010D0008063A010908C8
:10D34000010A9003010B000A510A080103900F0122
:10D35000070009010A160A010D05010F90111011AD
:10D360000420010900119011100E01081408110485
:10D3700011900F01050003510F080109900C010BDA
:10D38000000D51060B01039006010A10073B08002F
:10D390000A01069008110A6D0A110BA006A10AC025
:10D3A0000D0C630C0604F0E010001900F0F0900B77
:10D3B0000603F0200B060321F00B060F51C00B06ED
:10D3C0000F610306900B060F710A08B0510E0A0D8B
:10D3D000110DC0210F060D0510110DC02103060B04
:10D3E0000410110DC051090A0D110DC0080D0C716A
:10D3F0000608E0080D0C610C0DF0080D0C51F02032
:10D40000080D0321F050080D03F0D00E001900F0B4
:10D41000F050050D2608B00603090E090A080A3166
:10D420000E08900D51035106900C71091C0901035F
:10D43000900F01062B06110B100B0109901105200E
:10D440000511041004119011401130119011401178
:10D45000301190114C113C1190E190E190E6F0D028
:10D460000D001900F0D006030680060F0A900C018B
:10D470000D800D0103900F010B800B010F900E0129
:10D48000088005010E901104800511900E010580A1
:10D4900008010E9003010D80060103900A010906A0
:10D4A0006D0A110A900BC10DA00AA10AB0040D0C5F
:10D4B000630C0D04F0E00F001900F0E0040D1A5C9D
:10D4C0000A0D07A0040CA10307900DC10D900A11CD
:10D4D0000A7609010C900F010D800B010F900901D4
:10D4E0000880071190110490119011A0119011A0C3
:10D4F000119011AC1190E190E190E6F0D00E00197E
:10D5000000F0F0A017901F401B3011901140113017
:10D5100011901140113011901140113011901140B3
:10D5200011301190114011301190114011301190B3
:10D53000114C113C1190E190E190E6F0D00E0019F1
:10D5400000F0D017F06011401DF0114011F01140B3
:10D5500011F0114011F0114011F0114011F0114083
:10D5600011F0114C115C90E190E190E6F0D00F00C9
:10D570001900F0D00D060D306A0B900A01063061DB
:10D58000069003010D30610A900F010B3011260A3D
:10D5900001039009010830112008010F9011053096
:10D5A0001A2004119011058007119009010B800BBE
:10D5B0000109900C0106800601039006110A065D20
:10D5C0000A110690070EB10BA00DA10AC00B0A6349
:10D5D0000C0D04F0E00F001900F0D0E390E190E1B1
:10D5E000906D115DF00011F06011F06011F06011AC
:10D5F000F06011F06C115C90E190E190E6F0D006E3
:10D60000001900F0D0EC90E190E190E6F0D00A0033
:10D610001900F0D0BF0A0BA0D10B90D10A90AD0633
:10D6200009010FF0500611F05006010EF0500601EE
:10D630000FF0500D16F0D010001900F0F0B0079068
:10D640000DB00B0F90010A077004061190110F0B1B
:10D6500050080321903106300D0E210F900D310C32
:10D6600008070A310A07A00B03211F210E0DD00560
:10D6700006510C08F0000D092106F030080C030BD0
:10D68000F06C036C90E190E190E6F0D00D00190091
:10D69000F0F0900B1DF0500D11F0500D11F0500DE9
:10D6A00011F0500D11F0500D11F0500D1190BC0FF4
:10D6B0001190E190E190E6F0D013001900F0D0EB6A
:10D6C00090E190E19031039C90410A0D07F0000D2C
:10D6D0000A09410C0D08F0040B060F4103060BF07C
:10D6E000000B0603410FF0200B0331F008060C512C
:10D6F000C00B0603510A0D07900B060F410E0A0DD1
:10D7000007C041090A0D05F0310C9690E190E190B7
:10D71000E6F0D010001900F0D0ED90E190E1909A81
:10D7200041F0100B03210F0DF00706310A07F00D31
:10D730000F210F0BF0080A310605F00D0921030B2C
:10D74000F0080C210E0D04F0000E31068D90E190D2
:10D75000E190E6F0D010001900F0F000046804D069
:10D76000070A810A07A00403A103A00DC10D900AB6
:10D7700001030B680B030106900F010B800B0103E3
:10D780009011078005010F901104800411900E0183
:10D79000088007010F9003010D800D010390060121
:10D7A0000E066D06090106900BC10BA006A10AC06A
:10D7B0000D0A630C0D04F0E00E001900F0F00B2DC3
:10D7C0000B08F0000703510A04E006710DE0031195
:10D7D0000F130F110CE009010B300D010FE01105C3
:10D7E0003007010EE0115011E0115011E0115C11F1
:10D7F0004C90E190E190E6F0D011001900F0F0A01B
:10D800001DD00738072011A007060E510E0A0B1174
:10D81000A00C910F11900DD1900A01030B680B031E
:10D8200011900F010B800B119011078005119011C1
:10D8300004800411900E01088007010F9003010D70
:10D84000800D01039006010E066D06090106900B7E
:10D85000C10BA006A10AC00D0A630C0D04F0E00F75
:10D86000001900F0F0B00BA00D0A2C0A0B30080ACA
:10D8700001900B510E08100D0911900A6106080C59
:10D8800031900F0103060D0603010F310E069011B2
:10D89000082008410A08A0114021030BC0114011C3
:10D8A0000D04D0114011F0114C115C90E190E19009
:10D8B000E6F0D00E001900F0D01B08300D0C1F034D
:10D8C0000608A003010D200D510F07900F010B203A
:10D8D0000C610D900E01082009110A1D03010C9026
:10D8E0001105201109200B010F90110420110320B4
:10D8F000051190090108100511032004119003017E
:10D9000006170D11032008010E9006610A200B0175
:10D910000F900B610B200D0103A00D0E21090D309E
:10D92000060E0AB0052B04F0F0500F001900F0D0DD
:10D9300017F06011F06011F06011F06011F06011EB
:10D94000CF90E190E19011CD9011F06011F0601155
:10D95000F06016F0F0A00F001900F0D0BBC0B10FBE
:10D960000BA0C10E0890D10690A50B0F0103F0503B
:10D97000060109F0500D11F05006010EF040040CA4
:10D98000010F90AA0F110A90D10B90C106A0B60BFF
:10D99000F0F010001900F0D00C0D08F050210C0D23
:10D9A00008F020510C0D08F00D0C610C0D08E0077B
:10D9B0000D0A09510C0D07E0040B060F51F0200B66
:10D9C000060321F0200B060321E0040B060F51B0E3
:10D9D000070D0A0E510F060B90060C610F060B0483
:10D9E000B0510F060BF0210F060BF02003060BF0D1
:10D9F000F09017001900F0D00D07F0601103060B2E
:10DA0000F030410F0A0D07F00F710C060BD0080D16
:10DA10000603610F060DE0050B060A0F41F0100822
:10DA20000D0C31D0070D060F6190070D0603610F35
:10DA30000A0D0B90610F0A0D0BD031030D08F01089
:10DA4000410E0C060B04E00B060C0E410E0C060BEF
:10DA500004D0040B060A09510CF0100B0D0C31F028
:10DA6000080D0A0F41B00B0D0A0F710C900A0F71CF
:10DA70000F060D07A0610C0D08E02103060B05F051
:10DA8000100A0D08F0F09010001900F0D00604A064
:10DA9000080A9001030B800D09019021060440083B
:10DAA0000A219031030B200D09210E900B03310642
:10DAB000080A310A08A0040D0F61030BE0070631C4
:10DAC0000E0D04F00B03410A08D0080A310F210E95
:10DAD0000604A0060E210F0D0406310F0B90310A2B
:10DAE00007200B033190110F0B5004062190010603
:10DAF00007800B0301900BB00406F0D01000190052
:10DB0000F0D008F070010607F050110F0D04F0304E
:10DB100031030DF0200A410C0BF0100806410A5D9C
:10DB2000C008060E81D0080A81B00806415F90083F
:10DB30000A410C0BF041030BF010210F0DF03001E6
:10DB4000090605F0400607F0F0A00F001900F0F0FC
:10DB5000A018900109060480119021030B70119008
:10DB6000410607501190510F0D401190110D0F31CA
:10DB70000A082011901100070A310E0D04001190BF
:10DB800011200B0F31030B1190113004066190111D
:10DB900050080C419011700D0921901E80070A1148
:10DBA000F06018F0D008001900F0C01AF0001A3028
:10DBB00011F000113011F8081130F14130F141300D
:10DBC000FF4FF0800B001900F0F0A00B0AF0400BA3
:10DBD0000A11F010040D03110A0BF0050D0F010ED0
:10DBE0000608F0080609010F0607F00B0A11030DDD
:10DBF00004F00B0A110C0DF020110A0BF04006087E
:10DC0000F0F0A008001900F0C0FA4A30F14130F1FC
:10DC1000413011FD0D113011F000113013F00013DF
:10DC2000F08009001900F0F0080D0AF0300A0F2109
:10DC3000F030210C0DF030010A0BF050210F0AF0EA
:10DC400030060C21F050040B06F0F0700C001900A7
:10DC5000F0F0E01AF06011F06011F06011F0601166
:10DC6000F06011F06011F06011F06011F06016F0DA
:10DC70009008001900F0F007F0600D0FF050061149
:10DC8000F05003010AF050030A04F0500DF0F0B018
:10DC90000D001900F0F020070D76D00B0981D00A95
:10DCA00091D00F01030611160A0106D00E010800DB
:10DCB000111005010AD011040011200109D011042E
:10DCC000001108000811D0090107000E010903091D
:10DCD000010ED00F010B00034103D01D08000B0FF4
:10DCE000210F0BF030080B08F0F00D001900F0F0D8
:10DCF000200D0A4C0608E006710908D0038106D001
:10DD00000E01064D0A0103D011074007010ED00F86
:10DD1000016011D00A010840070109804D06010C7D
:10DD20004D0A010380E10680D10F0880BA060D0775
:10DD3000F0E00B001900F0F0100D060B400D0C0682
:10DD4000D003010D400B010FD00901084007010E5F
:10DD5000D01104400411D01108400811D00F010A5D
:10DD60000B280B0A010ED00C8103D00B810DE00DA6
:10DD70000C0F2E09030DF0E00D001900F0C0FD801E
:10DD8000F180F1805A090F4A030E06D006010840BF
:10DD9000080106D00F01044004010FD01105400412
:10DDA00011D0110D480D11D003810FD006810AD07A
:10DDB00005060F3E090F0A08F0D00C001900F0F01C
:10DDC000200B060A1C100B0D0BD00B41100D010C83
:10DDD000D00A411008010FD00F010D0B11100501E1
:10DDE0000ED011050011100411D0110400111008FB
:10DDF000010ED00F010D0811080B0C0103D00A8190
:10DE00000AD00B810BE00B0C092E09030DF0E00B7F
:10DE1000001900F0C01D07F0500F01071011F0109D
:10DE200011041011F010110D1B118B800FE18006F1
:10DE3000E1800406031F118FD011F06013F0F06031
:10DE40000D001900F0F010CD07A0D10D90E10B806E
:10DE500006090F4A0F091A03110A800A010840082F
:10DE6000010610060103800901044004010F100897
:10DE7000010E801105400411100411800E010D489F
:10DE80000D11100511800F810F10081180068106F9
:10DE9000100B010F8005060F093E0F0A0710071B24
:10DEA000F0800D001900F0F0300778D0080381D021
:10DEB0000A91D00911096FD0110BF0500F0104F035
:10DEC000500A0107F0004D06090A7D80F180F180BB
:10DED000FAF0D006001900F0D0160D00A69011033C
:10DEE00000A190110300A1902600A6F0D00800190F
:10DEF00000F0D02D00DD0750110300D1090B4011B7
:10DF00000300E10A401A0600CA0F010FF0500B117E
:10DF1000F0500813F0800D001900F0F01008800D8B
:10DF2000D00F0B50080C01D011060410050621D0AB
:10DF30002103080B0F210ED006710A08E00B0331F4
:10DF4000030BF0100506010E0604B08D0A064D8085
:10DF5000F180F180FAF0D006001900F0C0F680F1EF
:10DF600080F180F6F0D013001900F0F04075D00B6E
:10DF70000381D00C91D00991D0110B74D00F010402
:10DF8000F050060108F05007030F7CD00691D00F27
:10DF900091D011067DD00F0104F0500A0105F05018
:10DFA000060E0A7DD0A1D0A1D0AAF0D00D00190094
:10DFB000F0F0300778D0080381D00A91D009110918
:10DFC0006FD0110BF0500F0104F0500A0107F05010
:10DFD0000D090A7DD0A1D0A1D0AAF0D00D00190062
:10DFE000F0F030084D0BF0040A610A05D0068106F6
:10DFF000D00301094A0F0103D00E010B400B0109A8
:10E00000D01104400411D01107400511D0090106B8
:10E010004806010FD00A810AD00B810BE00B0C0FD0
:10E020002E0F0C0BF0E00D001900F0F0200D0A3C53
:10E030000A060BE00D810DD003810CD00E01064DB8
:10E040000A0109D01107400711D0090160010ED063
:10E050000C010840070103D00D010A4D0A01064DCD
:10E0600080F180F180FAF0800D001900F0F02007B7
:10E07000DD800B09D1800AE1800F010F4A030E5A9F
:10E0800080110B40080106D011044004010FD0118B
:10E0900004400411D009010D480D11D003810FD0A7
:10E0A00006810AD004060F092E090F0A08F0D009CC
:10E0B000001900F0F01011F060090105F0500A019C
:10E0C0000BF0500D1F066DD0A1D0A1D0AAF0D00D3D
:10E0D000001900F0F070070805F016080008032189
:10E0E0000A05D00F010B000A4106D0090108000FF4
:10E0F000110F1103D0110400110B000B0109D011F5
:10E10000040011100411D009011811100511D003D9
:10E11000310F10080109D006310A100D0103D00893
:10E1200003110308100D0F0AF017F0F0400B00194F
:10E1300000F0F01018500418D0115005010ED01145
:10E14000500511A02D115D0A010EA0C103A0C10D43
:10E15000A02C115C060BE011F06013F0F0600D00D4
:10E160001900F0F010A8D0A1D0A1D06F09110FF0C4
:10E1700050070E0DF06013F0600301D07D0611D042
:10E18000910FD09106D07A060DF0E00D001900F045
:10E19000F010060BF060110F060BF030410306087B
:10E1A000F000060351030608F0070D0A0F41F03096
:10E1B0000D0F21F0040B060F41D00D0A0E510A0D70
:10E1C000D0510C0D07F0210C0D07F020030608F0CC
:10E1D000F05014001900F0F01004F070090A0D0757
:10E1E000F040310C0D08F0106103060BE0040B0D3C
:10E1F0000A0F410FF020080D0C21F000080D0A0F46
:10E2000031D00D060F510C06D04103060B05F0214D
:10E210000E0608F0200F410F0A0D07F00B0D0A0F34
:10E220004103F0200B0D0C21F000080D060331D046
:10E230000D0A0F510F06D05103060BF0210C0D08EB
:10E24000F0200A0D07F0F0500E001900F0F0100B4E
:10E25000800DD0010650070A01D0110C08200B0FC9
:10E2600011D021090D040631D00D0F210F210C080A
:10E27000E00706310E0DF000050631090DF00B0F19
:10E280002109210C08D0210E0D0506210ED0110305
:10E2900008200D0F11D001060440080C01D00B809E
:10E2A0000DF0D00D001900F0F0100F060BF050210A
:10E2B000030608F02051030D08F00B0603510C0D66
:10E2C00007F0070D0603410A0D05E0070D0C510E7E
:10E2D0000AA00B0603410E0F31800A0F510C0D05E9
:10E2E000040D0A118041030D0850070D80110F061F
:10E2F0000BF0300A0B04F0F0500C001900F0F01095
:10E300000F030B5011D02106053011D031030B2023
:10E3100011D05106040011D0110D0E21030811D0A7
:10E320001100080C210E11D011200641D011300B24
:10E330000321D01E40040611F06018F0D00A001925
:10E3400000F0C01AF0001A301104E0041130110678
:10E3500038073007480611300F610F1B0F710F305F
:10E360000D711F8106400D0C4F315F0C0DC008115F
:10E3700008F05013F0F02004001900F0D0ED90E305
:10E38000F0D00A001900F0F0501FF0500B110BC034
:10E3900004060309C1090306043006711F81063013
:10E3A0000F61031B03710F30110D25045004350D4F
:10E3B000113011F000113016F00016F0800C001929
:10E3C00000F0F040060C0DF0500B0103F05004116A
:10E3D000F05008010FF0500D010AF0500C010DF043
:10E3E00050090108F050090105F0500C010BF050E4
:10E3F0000B060DF0F0200B001900F0D0040D3A0DC3
:10E4000004F000065106F0000F01031A0C0103F09E
:10E41000001107100711F0001104100411F0000E94
:10E42000010D1B0D0109F0000C510AF0000B0F311A
:10E430000F0BF0203804F0F05016001900F0F0F047
:10E44000F03006F0600601D00670080FC00D0180A4
:10E4500006C007038006D0068006D0068006D006D8
:10E460008006700440068006701D3B0A8B0A700C03
:10E47000F1700504D006F07006F07006F07006F03A
:10E480007006F0700604F0600608F0600D08F0D029
:10E4900015001900F0B00D80080B04A00601700DE6
:10E4A000110DA00B09600B01030BC00650070F0AEA
:10E4B00004D006500A06F006400D06F000063008AB
:10E4C00006F010063005F02006030D00080D871831
:10E4D0000760060301030CB10A6006000B0A010382
:10E4E0000B584B6006200B030F0BF00006300406A0
:10E4F0000E0DF006500B0F0DE0066008030DD00660
:10E5000070070C0BC0060770070A07B0060B8008DF
:10E5100006B00B04900B08F0F00013001900F0E0B7
:10E520000D044004F00B710BF0064B060B07F006D0
:10E530004006F010064006F010064006F0100640B7
:10E5400006D0080710064006D00A091F0E4F0E4FCE
:10E55000090E06503D0A4D0A7D90064006F0100651
:10E560004006F010064006F010064006F010064483
:10E570000604F00003610BE0050B580B08F0F020D7
:10E5800015001900F0F0B00DA006A00D01900D01CE
:10E59000400B400D01900703300B095006A00630D8
:10E5A0000B095006A00640065006A006400650067D
:10E5B000A00640065006700426470657067006015E
:10E5C000030AC1600B090D000648060B48066006E9
:10E5D000081006400D08400660042006400D084063
:10E5E00006A006400D084006A006400D0B4006A000
:10E5F0000607300D0B4006A0060B300850060490AD
:10E600000B05A00608F0600D07F0C016001900F019
:10E61000F0B00DF060070E0B700608B006010D603B
:10E62000080E0103060B0560080E0A80060B060A99
:10E630000F010A0D0420040C0F078006300B061F83
:10E640000D10060F08900650040D030C060F08A0CD
:10E650000670080F010DB0065008060F0D0B0F0DC8
:10E66000A00620080D1C0D0510080F0B90060D1AB2
:10E67000060D0850080307800608B00B0670040D4D
:10E6800007C00608500D0607D00706500A01090604
:10E6900007000DAB0D60070D0C0E0AB106900B0ABA
:10E6A000030B800405B00B0A0DF0700B0604F0603C
:10E6B0000507F0F04016001900F0F0000B500B06B3
:10E6C0001D060A70040D080D0A60050D06010C7088
:10E6D00006011D0C800D010B60040F0B1006700B62
:10E6E0000906700B0D2006600B090A04700830063D
:10E6F00040080A010A0580073006050B0D060301D4
:10E70000030B900B0F1A0C030F11030A0D08B00D29
:10E71000261D060B04F0500D08F0601BF0601BF086
:10E72000000B0A07201BF0000A010F0D05000BF07B
:10E730002008061F06018F090E0A900B0C0106AB7C
:10E74000B00B030A05F0600D0C08F060080A08F031
:10E750007007F0F03017001900F0F0F0B0080DF07D
:10E76000600D0F08F040040F0304F0400D010B0D85
:10E770000BF0200B0E0D0B010AF010080F06000421
:10E780000C0E06F00B0F0D2006080306201B800D53
:10E790000C0B10070006000416000D010C500B0DA9
:10E7A000060D200D010A06200B06090C05500C0170
:10E7B0000D20080906070630060F07600B0A010343
:10E7C0000800060B100620050F0B900B0C0E0D0811
:10E7D0002006200D06C00D0E062006200A04D00BD0
:10E7E000030610060500070DF007030D00060BF0E9
:10E7F00030070C080B05F040080AF0700B0DF070A4
:10E800000DF0F0F0D016001900F0F007600406D00B
:10E81000070360060F07C00B01500D010A04D00664
:10E820003005060106F006200D0F0A08F000060765
:10E830000D0A0608D00B0D2B16AB08500C010E1953
:10E84000110E79110AA006010F0607F03006070D18
:10E850000C0F0D04F01006200B0C030BF000060744
:10E86000300B030DA0050B20060B4005060D90068E
:10E870000F0D04000B05600D0B800B061F0D080A21
:10E880007D061D0B70040D0C11AC0AA00B0A0C08C0
:10E89000F0600B0C0DF060041DF07008F0F04016F5
:10E8A000001900F0F0200DF0300D100B01100807DA
:10E8B000E00801200A0007030DF006200600070308
:10E8C0000E0B20169006200610060B030B000D0100
:10E8D0000D5007041006200610060005060D0F0A4D
:10E8E00060060A0D0B0620061006200D0F076006B5
:10E8F0000A03110C060D0A050006200A0DA00406E5
:10E900000D060C09011C0800040AC0062006080DAB
:10E910000F0D001BC00607100610071007D0060BCE
:10E92000100608E00B06100820060BE00C01030D92
:10E9300000180008F0050D0A0E030C0F831F0D8050
:10E94000070D0F0106ADA0040D030DF060051604C0
:10E95000F0600B0605F0600508F0F03017001900B4
:10E96000F0F0B004A007A0040A900703A00D0190E6
:10E970000D011008800AA00600050F0C0D055006B9
:10E98000A006000B0A0C090E0A0D072006A006407F
:10E99000080D06030A0D070670050D0B0680070D0E
:10E9A000060360040C0116B0066016070006500846
:10E9B0001D0B100660052006300D0C110E0308001B
:10E9C00006A006100B0C0A060B083006A006080766
:10E9D0000B057006055017100608A0060B50060C14
:10E9E0000B0007B00D0750060301030D07069B0D32
:10E9F00008700806030E01930F0AA00B0A030BF020
:10EA0000600B0A06F0700B0605F06014F0F030168B
:10EA1000001900F0F0200830081D0B0D0BC0080392
:10EA200040080D0C010D600B0D30080F600A0F043B
:10EA300050050906400640050A010B70060C400609
:10EA4000300B030F0B80070F4006080B06030F0661
:10EA500007A00A231F01090C060D04201D700D06D6
:10EA60000D2B06400D000D0F0D7007063006401DE2
:10EA70000A0790063006500308A0063006500D0322
:10EA800007900C390169010A70140BB80B04600D72
:10EA90000A07F050060E0F0D0408F030050D031F95
:10EAA000098F090E0A900B0C0F0D881BB00B0C0D73
:10EAB000F0701DF07007F0F05017001900F0F040F2
:10EAC000054007F000050C400A047005600B0E308D
:10EAD0000B010D6007034D0B100620080F06700791
:10EAE000033A0306100610080306900630062006B7
:10EAF000000D0C0BA006300620160DC00630360C9B
:10EB0000660D600630360C0E666006300620060C78
:10EB10000F0BB00630062006000D0F06A00A330FBB
:10EB20000C100610070A0680046D040006301670EB
:10EB300018700605301D600A0F0D04500D07400DBA
:10EB400005500D06090F0D070DBB70040D0C119F2C
:10EB50000E0CA00B0C0A05F0600B0A07F06007060C
:10EB600007F0F0F0D016001900F0D008F060080FA0
:10EB7000100810081007D0080300080F00080F0045
:10EB8000080F4A08800600080F000703100A2D0A24
:10EB90000D0B80061006100610062006A0061006B3
:10EBA000100610062006800D0F0C10061006100629
:10EBB0002006700B0F060A100610061006200670BD
:10EBC0000D0500061006100610062006A006100609
:10EBD0000400060400062006A00610060800060829
:10EBE000000C230F030B800608000D07000D08051D
:10EBF0006B5017000608F03006030B07F0400D0AB3
:10EC000009030D050DA80770050D0309B103A00B3D
:10EC10000C0A078005C00B0C0BF06004060BF070AB
:10EC200005F0F04015001900F0F0200B50080A0D17
:10EC3000D00B09200B160C0E0FD00B0F60070190A4
:10EC40000D08200670018008010F0B10067001905E
:10EC50000B060F0604067001B005060A06600B0ECF
:10EC6000D0070A6F0106601B57066B08700A71F027
:10EC7000284706F070260D08F00B0C030B061A0F40
:10EC800001030D04B00D01030D070620070D0C0351
:10EC900007900B030B2006500D0C04800D05300669
:10ECA000600D06E00607600607D0060B60080DD071
:10ECB0000B05700DF0C016001900F0F0F0C00660F2
:10ECC00006B006100D015008010D900D011008034B
:10ECD0005006010B90040A20064008010A70082023
:10ECE0000620063005030C05600D0F0810062006EF
:10ECF00020050A030770060F0E0D000620061008F7
:10ED0000030A05A00B2A200608060A0BE0070A05DD
:10ED100010060D08F01006111F060BF00800061B68
:10ED20000D1A0E030BB00703010A062006000706A2
:10ED30000E0690040C030D04062006200B0306802B
:10ED40001D2006200630070C0D70073006200640F7
:10ED5000070308B006071006500B06B0060B100696
:10ED600005500608A00B0510060B500706E00D071E
:10ED7000600DF0C016001900F0E00B60072006A03F
:10ED80000B011006200703100D01A0080F000D0154
:10ED9000200B0110050CB006100A30062006800575
:10EDA0000B0006100630062006700503010D061A3A
:10EDB000033A032A0370160800260C360C260C7042
:10EDC00008200610063006200680071006100630C0
:10EDD000062006700D030D00061006300620067092
:10EDE0000D03010F0C1A033A032A030A0D700806DB
:10EDF0000F010AA60D700700040D0306F0200B1D7D
:10EE000008040D0604F020070D0A0D0B0DF0000795
:10EE10000D04100D1C0D0B05C00403010D300B0378
:10EE200011092F0B700D0A08500B031D060C060468
:10EE3000700B70080DF0F0F0C016001900F0F02013
:10EE400004F07006F06008010DF05006010BF04070
:10EE50000B010DF0400B0F060D0B1805F00D0F0DFB
:10EE60000809410F0C06086008040D0C0A0810067A
:10EE70000007081B0D06030F08501A06083006602D
:10EE800007010A5004600660040F08D00660080DF0
:10EE9000700750060A060B30070460080F0D400685
:10EEA0000A03010F0607900B0C010C0B200610053E
:10EEB0000D0C0F0BA00B0A010D1006400B030DB03B
:10EEC0000B030A04060740070C0BB004060A08608F
:10EED000070AD00D0A700B0DD00B0D700DE00D0858
:10EEE000F0F04015001900F0A005F070060CDA06ED
:10EEF0000D60F60A0106F0500801068005B00B0A05
:10EF000090069A0D001B90A60D0008057006F06093
:10EF10000D01300D08F0100A20080E0F060B04E05A
:10EF20000630060D0A090F0607C006300610050D4B
:10EF3000030F0DB0160B100620070B0D0F06A006D1
:10EF40000E010F1A04000B0F0106070C06900604B1
:10EF50000B0D0C010F0D0A0D0710040A0D8006049D
:10EF600020080D0F0C0730040A0870060840040D35
:10EF7000030B300706700D086007060B301B60049A
:10EF8000900B400BF0C016001900F0A004F07006C2
:10EF9000FA0605500D06DD06010AF0600F0B800829
:10EFA00007B00690060F630F0A200B902B581B0426
:10EFB000F0000BF04008000B0E00060B38C0080FE5
:10EFC00000040C080F33010AB007031006000630D6
:10EFD0000D0A07B00610060006300D07803D0A1D19
:10EFE0000A0D0A7D0B50062A031A030A036A0C064F
:10EFF000900610060006F0000B080610060006F04A
:10F00000000C0E0308000604065DB0080D0A0D068C
:10F01000086608D00B0608F0F0F0F015001900F0B3
:10F02000F005F060040C060D0B0807F010081F41F6
:10F030000F0C060D07C0061007080B1D060C010E6D
:10F040000DB0068008030108A006900D0106A00679
:10F05000901604A006900A04601B070400068004B2
:10F060000B700A211E0C060D05E04B0A060A0F0E56
:10F070000A0BF01006200B06010A08F006400806ED
:10F08000090DE006600B0F0DD006046007030DC0EC
:10F0900006087007030BB00D0880070AB004A00B28
:10F0A0000DF0700DF0C015001900F0F00B04F050D9
:10F0B00008010E0F030C1A260D0BC0061B2D161A85
:10F0C00003010307A006900B010AA0069008010D9A
:10F0D000501D2B060805700B06600C3F090F010F31
:10F0E0000C060B300D08B0060004080D06030F0DCA
:10F0F0001008C006500B0A0C08B0080006073007BD
:10F1000008000D030890080F000B04400D100B0CB5
:10F110000580050C7006200B069006700D0B200D67
:10F120000B80067D060A300D80068A0F07200780B7
:10F13000068016C00607700D0F05B0060B7008019B
:10F1400006B00B900605F0F016001900F0E008F08C
:10F1500060070FC30490069B0A1B0590069006C02B
:10F16000069006C0069006C0069D0A1D0880071C72
:10F170009A1C06F0F020060B180704F010081F096F
:10F180000E210F030C0A060BB006300407081B0DF6
:10F190000A010DA006A0030E05501B1706079003D9
:10F1A0000B600A510E0F030A060B100706702807A2
:10F1B00006280B1D0A130D0705B006700B06030B7E
:10F1C000B006058007060DA00D07A00B0DF0700519
:10F1D000F0C016001900F0F00B04F05007091F23CF
:10F1E0000C1A160D04B0062B3D160A0F0307A006D5
:10F1F000900B010AA00690080E0B504D0A0D1B053E
:10F20000500B06600A1C1A0F0C030F01030A0B2097
:10F210000B05B00620050B0D030F0BE00607500B86
:10F220000C0604C00B0640040B080D0A900D100BD1
:10F2300001300803010A000B06700B0120062008AC
:10F240000F060D200D0B700A200610080608000698
:10F25000300D700620060D0B300AC00620060F0E7A
:10F260000D200A04B0062006070D0F0A07000A0B3E
:10F27000B00607100610040D0C0B16B0060B100696
:10F28000042007060A0907A008200D07401605F00C
:10F29000F0F08014001900F0F0B004600406D0070C
:10F2A0000C600A01D00D0160070C1008B006700652
:10F2B00000070F0D500D130B00067006000B0F0119
:10F2C00006042006010F0D1006700610040D090338
:10F2D0000800060106072006700630080A0E0A0E0E
:10F2E0000D40067006500A010A50067006400D0FC8
:10F2F0000D030A0430067006300B03080004060AEA
:10F300003006700620080A07300D06200670061029
:10F31000070605501D10067006100B047006080045
:10F32000067006C00B00067006E406046003F10ACE
:10F3300050050BE80B08F0C017001900F0F0F0A022
:10F34000071D1006D00B100B060A0309000D01C0A3
:10F350000B0108300409000703C0040A0C400F1019
:10F3600006D007030D300F1006E00B0F07200F101B
:10F3700006F016200F1006B0080710040308000559
:10F380000E1006B00A092F0E090F0E030B0006B06F
:10F390005B0C1B0D010F0E2F090E0AB00B0D0008A0
:10F3A0001B06084BC0063006B01B400D072006B0F8
:10F3B0000A090D04081004052006B0040D0F030E01
:10F3C0002F090E060006D005060F5B0006F00B0A9B
:10F3D00007400604F00806400608F0000708300D54
:10F3E00008F0F0F0A016001900F0B005E006600883
:10F3F000035004600D01600A0140040A30040B044C
:10F40000050C60050C400B01200803010304067085
:10F4100006500610080F030D050006700650060082
:10F42000050C0D0420067006500600080740067003
:10F4300006000B04200670067006040FD170060744
:10F440004B067B0670065006700670065006056077
:10F4500006700650060B60067006500D07600670B9
:10F4600006E00608600C8F030A0D0810060B500713
:10F470009B1D0A0F0A0807F0500D0C0DF0700D06C9
:10F48000F0F0F05016001900F0F0B004B00DA00A32
:10F4900004900D0190040E0A9007031004600B0104
:10F4A0000D70080D070600040A0D500A09076008D0
:10F4B0000E0F0B06000803010C0B20080106701A42
:10F4C0000700061006080A0106100A0304600B0A6A
:10F4D0000410061006100B0F0A0D0E0B700B042003
:10F4E000061006200703010DD00610062006030AA9
:10F4F000030570043006100600080A0604001670A2
:10F50000060A0D0B070610060D0608200403086006
:10F51000060A030E010E0A0D0607500B0AA0081674
:10F520000301030D07400A07A00610070D03090693
:10F5300004200B0D60080D1006400B0A0F0B200D68
:10F54000600601030D06600B0306100B700B060F1F
:10F55000010D600416B0040608801DF0700D07F060
:10F56000C016001900F0F0B005C01B8006B0080FEF
:10F570000304700E0D600B302A055004010A500A76
:10F580000C080D100600080B5008010D500A030A64
:10F590000E0D0006101B400D010B500D0F080D0342
:10F5A0001600080E030B30060F600701200D031034
:10F5B000060A010610040F0D700F07200610060042
:10F5C0000D090A040D0907700A0800040706100651
:10F5D000100B0F0A0F0D80060B080F0103100620F9
:10F5E0000B010F901D03060B0610061008030A0EF0
:10F5F0000B800B060710061006000B030D000D0311
:10F60000800806200610060D0608200C0B70040664
:10F61000000D0C0A100607400B0A80060D0E0A0C9E
:10F62000100605500C07700D06070006100B05505C
:10F630001D700B100B031A08600506B0040D0F06B1
:10F640007006D00708700BF0C015001900F0F0200C
:10F650000BF0600B0EF0600703F017500600040A71
:10F660000D05A00C0F2C030D000600080F11030A56
:10F670000D0460063D0A0B00061006070B0D0A0973
:10F680000305500630061006100630080106500625
:10F69000300610061006400E035006300610061005
:10F6A000063007090D5006300610061006300B0D07
:10F6B0006006300610061006300B70063006101675
:10F6C0000806C0063006100603010F08B0063D0A02
:10F6D0000D0006000B0F0DA0045C0304061007F0DC
:10F6E0004006F07006F0700607F0600B04F0F05072
:10F6F00015001900F0B00740050BF0080F30051396
:10F70000F00A0130060F080004D0040A300F0B0085
:10F71000040C660B6006200B0A10070F4C0F0C0D33
:10F720006006200608200640068006100506300602
:10F7300040068006100B083006400680062B280B7A
:10F7400008064006800609034109064006801601A6
:10F750000D100407080640068006000B0F0D30064A
:10F760004006800610080F0D20064006800620087F
:10F770000F0B10560C060B6006300B0304050C1320
:10F780002C130A600604301DF0000608400A05F03C
:10F790000D07400B0DF0700BF0F05013001900F046
:10F7A000D0063D0B000D0B381B0570080F230F0C06
:10F7B000070F610D8006200610064006A0062006F1
:10F7C00010064006A006200610064006A0062006E9
:10F7D0001006400670050C0A06200610064006704A
:10F7E00006030D06200610064006700D10062006C2
:10F7F00010064006A006200610064B0A0B088006DD
:10F8000020060007036F0680062006F0303A031A30
:10F81000060D0B07C007660A0309010A0BF0500822
:10F820000D030A05F0600B0A08F060050DF0C01525
:10F83000001900F0E0080BA00D90080F0C04800DDB
:10F840000F07900A0C0A04600B0106A006000B0DBE
:10F85000500D090DB006600B1A08C0061004000711
:10F860000D0A060BA0080B10060007030A060BD0B2
:10F87000060E0D0406000D030F0E010F0A0BA00D5E
:10F880000A0E030C0430080B060F030BA0050D0C29
:10F89000030B600D0F0DC00B1A075008030B9004EB
:10F8A000200B060B50080A80040A860D200D0B70F1
:10F8B00007037A030A20040680067006400D8006BE
:10F8C0007006E006780618B0040F910905A0041828
:10F8D0002735170804F0F015001900F0C00BF06090
:10F8E0000B0F2008F0200B0E100809930C0B70066C
:10F8F000200A9B0F03700600040006101604400A3D
:10F900000870060D060006000D010608400D800671
:10F910000D0316000A0D070F330A9006100D0C0098
:10F9200006100A2B0A0B04700D06200604071006A9
:10F930002006800D010F200630062006800A0806EA
:10F940002006000B10062006A00600080D060B017D
:10F950000B00062D0A0D078006071F0A040D0F086D
:10F960000A1C1A0C0B80160D0006100B0A04E00688
:10F9700005100620080DE0062006AB0870060700FB
:10F9800005039F090370060BF0600B05F0F0B0173C
:10F99000001900F0F06005F0300B2006F0200B0E8F
:10F9A000200906B00B0D180B080B0F100801063BC1
:10F9B0000760032F0E060006100D012F0E0F0D60BD
:10F9C00006200600060A100C0A2006800620060DF6
:10F9D000030A001D062006800620060D0706080AF9
:10F9E00000062006800C2F090A00160500062D0AC5
:10F9F0000D0B50055B040604100A0C2A0C0AB00B10
:10FA00000A06F0000B0D2B0A010F0710064D0860C7
:10FA10000C2F090A0B1317032A0F0A0D6006200684
:10FA200010060D0A04062006800620061006000DAA
:10FA30001620068006200610061016280608056007
:10FA40000A230F03070610050F4106605B0806072F
:10FA5000101D200405D0060B2006F0200B300DF001
:10FA60007004F0F01013001900F0B01BA527080473
:10FA70006003F10D6006D406047006D006800630DF
:10FA80000D0725172006800620070E510B10068053
:10FA900006300638060807100680063006300630A5
:10FAA0000680063006300630068006300630063006
:10FAB000068006300635060504100680062004037D
:10FAC0005106100680062004081725171006800628
:10FAD000D0068006D8060807500403F10C5004082D
:10FAE00067056718F0C017001900F0F0A005F04096
:10FAF00007080D0F06B00B601D06030EA00D015385
:10FB00000A08100701A0080A5B0F062001B00D08C3
:10FB1000400C04200160080520070D400D300160F5
:10FB20000A0F330F630D1001601D3B0D061B3D0BCB
:10FB30001001D0068001900D2B067B0D0E800B0965
:10FB40003F096F030DC004000620040BF0040A00F7
:10FB50000D082006F0080F00070D200D0B901B3834
:10FB600006580B0A900CD1088008470667060AE081
:10FB700006085008010BD00D08600C0DF06004F071
:10FB8000F017001900F0F040045005F0040A500688
:10FB9000F00D014008010D90060D3B0A4006010BD7
:10FBA0008008094F0E300D010DA0064006200D09FA
:10FBB0000DB00640060007060C0880082006402607
:10FBC0000BA0060A160C261D0A0B04B0061A060323
:10FBD000063A0F190608D006043006000B06090D78
:10FBE000C0060830062008030DB00D080D200607DA
:10FBF000040D00070308A0040B0120060B000610EB
:10FC00000B067004300A200B04000608100608508A
:10FC1000080A3D0A5D1610050650060F330F7320C3
:10FC20000DB0060450030BE00608500A0CE00D0866
:10FC3000500D0A07D004F0F08017001900F0F0F022
:10FC40007006700D062A0660081601100D0B50078D
:10FC50000C010B5004030A080A000809010A0B30C2
:10FC60000D0106600D06100610040B0A0E030D04AC
:10FC700006010D7007041006400706010E030B80F5
:10FC80000D0C1A032A0C0F110C0A0307800D260C09
:10FC9000062D0B0810050D0307B00610062D0800F1
:10FCA0000D000B0A04A0060007031A030D00060747
:10FCB000000D06A00610061006100B0D10060B9086
:10FCC000060400061B0A0B000403200D900608041E
:10FCD0000A2C0A100A0D10079006080640080B06A9
:10FCE0000F05B0050B014004060B0607800D380A0E
:10FCF000580A04900BC10D9007083706570D03F002
:10FD000006084007010DE00D08500C0DF0F0F080E2
:10FD100016001900F0F0400B200604A00D0B400B5C
:10FD20000F200C069005030C040510070B0E10079E
:10FD3000010D000D8006080D0C0007030006100DD4
:10FD400003040B018006000B0900080F00060007E2
:10FD50000F0B00080F8006100610060006000A01AF
:10FD6000200680060B060A1D0A0D0A060D0F200646
:10FD700080060D0C031A030A030800062006700D06
:10FD80000A100610060006080B062706600D0E0175
:10FD900010061006001651600A080610061006002C
:10FDA0000618062706600400060B0A0C1D0A0D0C37
:10FDB00007000604100680060D0A031A030A030F43
:10FDC0000B0608100680061006100604060D0F0A22
:10FDD0000810068006100607000608060008030B38
:10FDE00010060470060800060B000D080610080C2B
:10FDF0000500060860080A09030B300607100B0609
:10FE0000000D0880080640060B200607F0100B3096
:10FE1000040DF0F0F07016001900F0F0F0D00D0BAA
:10FE2000F060060304F0500A03F0600F063718076D
:10FE300070060B4008710A60080F0E0D30060C2783
:10FE4000061706077016010610050A06200610069A
:10FE50008006000B0F060006080620061006800626
:10FE600010080F0A0D00062D0A1D0A8006200B0F30
:10FE700010062C0F1C0F700706100B0C1D0006201F
:10FE8000061006600D030A051604000D0B06200679
:10FE9000100660060F010A073016200610067004CF
:10FEA0000D0F0A05200B03260C160C0D800506030A
:10FEB00007200A0C6AA00D0A04100B06F0200B0D97
:10FEC0002006F03005200D08F060050DF0F020153B
:10FED000001900F0F0300B0608F04008090F0BF095
:10FEE00040060F08F040050F0BE005501DF00D0A0D
:10FEF0004D0A8D060B500A0CEA0C0AF0F0201BF09C
:10FF000050080901060BF0400A060301030607F03A
:10FF1000100610080D030E0607B00B0D1006300B6F
:10FF20000D0C0F0BA00C01030D06200D0106000B9C
:10FF30000F0690080D060F010608040F0D20050A94
:10FF400006C00B0A0E0C0D40040A0DD00706030B69
:10FF500040040A08E007060D400706F0001B400BAE
:10FF600007F0C016001900F0F0F0B007700D0BC0DC
:10FF70000703700C0A04600D300A01600B010C606D
:10FF80000601300703600C0908600D0E400650069C
:10FF9000010B80064006400D0E0B90064006200720
:10FFA0000A0C08A00640060007060C0DC0064026F5
:10FFB0000BE0060C1A160A0B04F0261A0C0F010EA1
:10FFC0000A0BD0064006050B0A0E0A07B0064006CB
:10FFD00020080A0F08A0064006400D0308900607F7
:10FFE0003006500B0C0480060B3006600D06800BAB
:10FFF00005300607600608D0060B60050DD00B041F
:020000040803EF
:10000000700BF0C017001900F0F0F050087006D027
:10001000080F2007200D01D00D0100040A06300A48
:10002000E0060007030F052006E00610160A20066A
:10003000E0061006001D0B05064590061006100C84
:10004000710F0B70061006100B1806380B010A70A2
:10005000061006400630040F05501D061006400627
:1000600030080D6003010F0B0006083006C0050DB7
:1000700003010A0D04300608D0060806090D042005
:100080000BE00610080C03960B7006200B0A0E0FEF
:100090007A067006400B0F0DF00650070A0DE006B9
:1000A0000850040A0BD00870040607F0600405F03D
:1000B000F01015001900F0D0179004060D80050C03
:1000C00006300D200D060A0E0F80051C0D100D01C7
:1000D000500801900600080400080F600190061007
:1000E0000B100660019006000B01100660019006DF
:1000F00000040C10065008019006100610065A1352
:10010000700B0D06100610660D08600B01030A1037
:10011000061006E0060B000610061006F01006108A
:100120000610061D08E006100610060C0F010F064B
:1001300008B006100604000610050B0A090BA006FD
:100140001006080006400B0F089006100D07000669
:10015000500B0A800B0C0E03051006055006089084
:100160000B0C08100D07500706F0700DF0C01500BD
:100170001900F0E007A01880040A061004700B06AE
:1001800080080F090B040A20073008010D800608BB
:10019000060D011007033007010D8006200A100B21
:1001A0000E3007010D8006200620063007010D8065
:1001B00006200620063008010B80062006200630A7
:1001C0000B0107600B0D0620062706370D0F600B8D
:1001D00001030A2006810660060B0006200677034D
:1001E0000890062006600D06A00620061004200BCD
:1001F0000DB0062006100A0D081BC00620060008D8
:1002000009110A0BB00706080500060810070B0DB8
:100210001C089008060F010B060B500B0C0BA007D7
:100220000C0D077004060BF0700DF0C015001900DE
:10023000F0D0080D600DD008090304400D01300511
:10024000901A0640080F200D01068006001B40068C
:100250001007090C0580067006100D0F0790067038
:1002600006100C0BA0061007400600080AB0060096
:100270000B0F061D0B0506000D089006030C00066B
:10028000130F210E060D900D010A0C4004080B0AF5
:100290000C0F0B800608000610050B042006000B4F
:1002A0000F0BA00600070F010A2006100B03059094
:1002B000060006030B100B0806201D90060006041E
:1002C000100A01030620040A9006300D0F0D0006E7
:1002D000300D0B8006300608100630070D700B0A33
:1002E0000F030B400607300D900B0C0A40060B3035
:1002F0000DB007400B04300BF0C015001900F0D012
:1003000014B00680050A0DA00D0180081308300402
:1003100010051007039006070D060008030F0B05D4
:100320000C20069006000D010403010D040B0120B2
:10033000069006100A0D060D051006200690061000
:10034000060D000D071006200690061006100D0879
:1003500010062006700D0B061006100D0B0D08067A
:100360002706600D010C06100608000D0B0F5160EA
:100370000A0B000610060A001D1806270660051065
:100380000610060A2D1006200690061006040A0D17
:10039000061006200690061006000B1C100604101E
:1003A000069006100604000C0107000608100690CF
:1003B00006100608000D0B100D081006800B0C0F20
:1003C0000C08900605900B030B90060BA004A00BE5
:1003D00007F0C016001900F0C018F050080F0620F2
:1003E000080A0DF0001A0D00050F030D200405B0DA
:1003F00006000B041604300D032A067006000507DC
:100400000B100408103D0A0D700607030600080DC6
:100410000C03500680060006010B100B0E500680E0
:1004200006100D0908100F50067008062006030478
:10043000000F00182006600D0109000D0A0B0A06C6
:10044000000F000A0F230F60060B06080F060B07AC
:100450000F080F004B0680060B050B04000D0A0960
:1004600050068006100A23010E50068006100D2B40
:100470000D065006800650040C100B0D1B06047070
:10048000062006030A0706070006091F010D60087B
:100490000C060D100B0F0D0B0D400B800806010B09
:1004A000100B08000DF0000B07400DF07004F0F089
:1004B0003015001900F0F0501BF040070C1106F049
:1004C000200803010A0BF02007130BF030050C067F
:1004D00004F0400A0BF05018F01014F0600D0ADD23
:1004E0000B07600C09DF01090BF0500B010CF050F9
:1004F0000B0F07A0050A08701DB00601090D600862
:10050000D00B060E0A08F05008060F0BF060080C1E
:100510000DF0701DF0700B04F0F00015001900F0E4
:10052000F06008B00B08050705200B10080FB0039A
:100530002106100B09100B0FB00618060710070351
:100540002006B0061006000B0D00062006B00610AF
:100550000600060E0B06230F231F0650061006107A
:1005600008060C2B065B5006100630062006B00667
:10057000100630062006B0061006000726280605DD
:10058000A0061006000A030D0641030D04700610B4
:10059000060B0D040006041006070B0A0C05600686
:1005A0001006300608100604100D0660061006300E
:1005B0000D08100608200D0B500610063004200D03
:1005C000083006500A1F0E2F130A060D0740085068
:1005D0000B0D3B2D16030E0C0DF050040B060A0BF1
:1005E000F060051DF0D015001900F0D008400D6036
:1005F0000D80080F300D01500D01800D01100D0010
:100600000D01100B2007039006000B011006000BD4
:100610000E3006600B08000600040C100600040CE7
:100620003006600A0C04061006100610063006603C
:100630000B1A06100610061006300680080C10066D
:10064000100610063A0390061006100610460C908D
:10065000060D0B06100610063006900603110A0D53
:1006600006100630067005080600051603010D0485
:10067000060520066004030F06100610060A03068E
:10068000052006600D0A070610061006000B030B76
:10069000200605500D0400061006100610070C0D6C
:1006A0001006088006100607000620040A0B000D3D
:1006B00007800607000B100630040A08A00B043060
:1006C0000607300506F0000B0440080BF0D01300BD
:1006D0001900F0F0A00B08F0200B0D060A010A80AB
:1006E00004800507080B0601700D0C6D50050170A4
:1006F0006C0F0C0750017006500670017006500612
:100700007001700650067001700650067001700688
:100710005006700170065006700170065006700198
:1007200070065006700170065006700170060530A4
:10073000080660080170060820080E0F630E03709B
:100740000D0720088D0B05F0D017001900F0F0F010
:1007500060077006D00703600601D00D0120062057
:100760000703E00A100D013006E00610050330060D
:10077000E00620063006E00620063006E0062006E9
:100780003006E006230F330F430680062D0A3D0A8C
:100790003D060D800620063006E00620063006B035
:1007A000070B000620063006B00A0E0D06200630A4
:1007B00006B00B06090E08100A330FD007060F0DFE
:1007C00005063D0AF0080A06400604F0000D063052
:1007D0000608F0101B200D08F0F0F0A0160019001C
:1007E000F0C00B2007900D700B0E100703900A0D40
:1007F000600B0F100B01900C0670062006300D08E0
:1008000030090D7006000D0B062B080F0308100BA6
:100810000107700604030F0E1F0E160A0F0B0006C9
:100820000A8006200610060006000D0F0B0F087048
:100830000806200610060006100D0906700B010FB1
:10084000200610060006100B0F06700A0D060004A5
:10085000000610060006000B0A070307600B0006DF
:1008600000160C160C0B060B0D04001D8006051659
:100870000C460B300A80062006300605300D087045
:10088000062006300B0430080D7006200608900D77
:1008900070561D0B07500D60074A1C030F010F0A0D
:1008A0000D05100BF00004080D060C0607F060089B
:1008B000060BF07008F0C017001900F0F0F0B00659
:1008C000F0000406300601F0000A0130080FF000C5
:1008D000080F4006F010064006F010064D0A8D0B7A
:1008E00070064F098F0A70064006F010064006F0A9
:1008F00010064006F010064006F01006450604F00B
:100900000006610F0C0608C0064B060B1D0A0E0AF6
:1009100007A006400630070603089006053006507B
:100920000B0C0880060830060450080A800D0730BA
:100930000608600B0DD00D08700BF0F0F05016009B
:100940001900F0F0F0700B60043D0603800B0E7090
:10095000080B0D0A010A700D0601A006010B600DBF
:10096000010D06900B010A700C0B0006800D0E0C99
:100970000460070B1006600B0C01060470080410DD
:100980000610070B0D0A0F010A0B9006031C0F033C
:100990000911030A0D07B0360C0D0B080530040DC4
:1009A000D00610040A4006D006100B01400607C00E
:1009B000062006401DC00620064B0D0AC006200674
:1009C0005F0E07B006200650060DB00604100604A0
:1009D000400D0CB0060810060840080108A00608E3
:1009E000100D08500906A005A00D05F0D01500193E
:1009F00000F0F020056006030D50040740040C3A97
:100A00000B0006010607500A0F0A1C0600040A2DF7
:100A10000A0B0D160860062D0A0B100620060008AA
:100A2000000D0B6006200620062006200B0D600638
:100A300020060D060D0A2D0A2D16600620161A0333
:100A40002A034A60062006200620062005036006C9
:100A5000280608100620063009044004030E092F5A
:100A60000400062D0A0B200F0BC0040A4C071003CC
:100A70000DF0601A50080C360B20060D0B08200BE9
:100A800004500B0326030610080F030901090C0686
:100A90000870062006300610070B0D0C090B6006C7
:100AA00020063006500F036006200A160D0B0604C0
:100AB00030040C0B6006070005161A03010D300800
:100AC0000B700B046008F0F04017001900F0F0F014
:100AD000A006700604C00D01700F06C007030008D1
:100AE0000B300B01067004400605030A300C0304AA
:100AF000600D0C4D0A000B0F08100D0F08700C1A3A
:100B00000F2A0F100B0A000D0F0880061006200692
:100B1000200D060C0890061006200610080A0DB0DD
:100B200006100620060816084770061006200681E3
:100B30000F0B500610062006370D0B170B010C503B
:100B400006100620064006200F0850061006041066
:100B50000610070B000D0B000706600610060810B4
:100B60000600070F010B040A000708600608000DC5
:100B70000810060006030B10060D80060B0004206B
:100B800006040A0520080F057007500604500306E6
:100B9000E00608500D010BD00D0850080605F0F0D6
:100BA000F06015001900F0F0100D100BF0300B0183
:100BB000000B01F0000A200A00040AF0080E2006CB
:100BC0000B0D065807900620060A090E4F09010D65
:100BD00080062006100650030C502D0A2D0A100620
:100BE000500C08500C1F092F091006200410069005
:100BF00006200610060007030F08000790062006CF
:100C00001006000A060BC0060510061006070BE0CA
:100C10000D07100608000605D004200D00060B0085
:100C20000D05C00B0A04000D010608F000060E0CAD
:100C300008050D0F03960B6007060F0B0005060154
:100C4000037A0680080C0D100B0C0BF020060B101D
:100C500004060BF0200B300D08F0F02016001900F0
:100C6000F0D008401BF0080F400D0C05100D0A0DC8
:100C7000900D01400A0F04000D01030DA00630087D
:100C8000010600080F0DC00630060F05000D081004
:100C9000080B900620080E0B2008160F0390061074
:100CA00007030D50070D01900600080A0B80016034
:100CB0000810060D0608100B06180A06100160063B
:100CC0000A0D0A0B20070F0308030F0D1001600621
:100CD0000C030109060800060A040D060520019010
:100CE000060B0A0E060A04000B40019006100B03C7
:100CF0000A10070A2D0609900620050C0D000D1399
:100D00002C0D900630070C05F00006400B0D000876
:100D10000D0B05B00607400600050D030106A006F1
:100D20000B401B1004060EA00B0440040D300BF00A
:100D30002005F0F03016001900F0C00D40071B0D23
:100D40000A0BB00D0100050B10040B0D0A0107057D
:100D5000060D80040A0006030B300C06000A090683
:100D600070080F0A000B0A010D100D0F070B0A0780
:100D700080060B06200B0F0A0D090B0008100B084C
:100D80006007000620070D110B200D06010C601DE9
:100D90000A060A03010F160A400801600A0C0F1622
:100DA0000D08201D400F800600040A00161D0A08C9
:100DB0000B090D000F8006000703040C1A030D0B2E
:100DC0000A0604000F800610060006100600080D33
:100DD000200F8006100600061006500F8006100631
:100DE0000006180608000D180B0E800610060803F2
:100DF0000E090E090B0E190F068006100D07F030B4
:100E00000A261D08300407A0070A260A031F0D053D
:100E10000007060F0C08F008060C0810070306F080
:100E20001005060B1018F0F0F06015001900F0E046
:100E30000B700D160D060D800B0E100804500B0ADA
:100E4000010B800B0F0005030A0B4004030F700B0E
:100E50000F160008060F010C0B2006010D60070F8E
:100E60000A0B0620040D0C010A0806010670060D87
:100E70001006500B03110DC00630070D0A0E0F09A6
:100E80000B800B0D0B0D0A0D060A0F01090A0D0050
:100E90000B0F0B700A31030A060D0B04300B03070E
:100EA000601B0804062008600B06A00610070F0A46
:100EB000160D0B08100D0B900610040A061A0C0FE5
:100EC0000106100D9006200640060E08B00620060A
:100ED000400A0BC0062006400DD03A03160D0B0742
:100EE000D0056A0C030F0C0D07F050080D0A0DF029
:100EF000700B0DF0C015001900F0C005300B05F0A7
:100F00000005032A0D0981030B60070C160C0D0662
:100F10003806280B0E0C7006100600062005080681
:100F200020030770061006000604050C010B060BD3
:100F300000070D80061006000608160B00080F08B3
:100F4000A0061006000D18300A030470071A1006D8
:100F5000000B0440080780061A1006080E81030BD8
:100F6000500B000610060006370D0B1708010C7019
:100F7000061006000610050B050604100C0470068A
:100F80001006000607081F0D0B0600070D8006104F
:100F90000600060B060B0410030DA0061806070B2F
:100FA00007400D0E0880040361030A0D0B050B902A
:100FB000040837180B1D0A0F030D04F0500B060C24
:100FC0000BF06005060DF07005F0C017001900F079
:100FD000F0F0D006F0600601E00D300610080FD0EA
:100FE0000A0F200D012006D00A0E2007032006D08C
:100FF0000B010520062006D005010820062006E08A
:101000000C0B20062006E0060D20062006E00D0E43
:101010002F0E2F0E5F0A08600B0A2D0A2D0A4D06AF
:10102000010C60080A200620064008010D700A2005
:10103000062006400B06800620062006401B800680
:101040002006041006F0062006081006F006200D03
:1010500008100604E00B2004200608F0600D08F0DC
:101060006004F0F04015001900F0D007F0600503AF
:10107000DA0B70050C460C560C060D800640065027
:1010800006A00640065006A00640065006A00640F0
:10109000065006A00640065006A006053006084089
:1010A00006A0060B30060B400607900D0B1008003B
:1010B0000750060B90080F10080D600B04900803F2
:1010C0002006F01B180628060D6804600CF10F0BB3
:1010D0005007051406300A0D400B010C9006300D28
:1010E0000F043008030590060520040906301BA0F4
:1010F0000D0530060BF0F03015001900F0F0000B74
:1011000008F03008060A0103100B04D00B0A200B6C
:101110000100080E610660060107200F10061B067D
:101120001B060B08700C0D200F1006100610069001
:101130000B0C200F100610061006A00A07100F1047
:101140000610061006A00B0D100F10061006100654
:1011500070080B100D00080E10061806180608057A
:101160005006510C00040F610A504B18040004078C
:1011700004400507800803100D04F020080F100735
:1011800006F018100620060BE00A0E1F0E3F016F36
:101190000C08503B0A3B060A4B0D0E0C900605202E
:1011A000080E0B40030890060B30060F083006A00F
:1011B0000D07300B0605200407F0D017001900F0CA
:1011C000F05004F004200D10040AE0040A100B0192
:1011D000100B0E30040A0C70080F200A2006300D88
:1011E0000F0880060D08000620160500040F0B905E
:1011F00006030F0B062006030F0D0B0A90050600D1
:101200000B0A032006000B030F08800A0E0A2006B3
:101210000B0800061004030D700D0A080600070BEA
:1012200006030F0D0620060308600B1006040C0FC2
:101230000A080603010D002B0A90061D040620066D
:101240000C030604000A0880060810062006000D9C
:101250000A100B0D800B0D100604100650068008B6
:1012600001101D100605400D900A201B000B0540C3
:101270000D500D061D0A3D036D0B0450062A033A5E
:101280000C0F5A0106900630080F07400F0D90060C
:1012900005301A300706A00D07300D0C0720050792
:1012A000F0000504F0F03017001900F0F0B0057000
:1012B0000840061014400608500B0F300B0F0005B5
:1012C0000A060420040F06500803400600040A031F
:1012D0000F0D10060F0760064C0F0C0D06000B13C8
:1012E00006030870060D0A0D0A0D0A0D0B061008FC
:1012F0000F010880060006000600060400060B0623
:101300000A0B0D0C04700600060006000605000618
:101310000B300D06700600060006000D05000D08D6
:10132000400608600600060006000D07041F0D05B4
:1013300008030F070D6006510700060B0A1F06077A
:10134000000B6006470D08000600051C0690060706
:101350000005100D0B0006000608041680080005A5
:101360000C100D0400061820060D90070310080D40
:101370000008500607503D0A2D0A7D1B500A2C0F0D
:101380003C015C03010D9006301650030A900604E0
:1013900020080E0D400AA00D073016400BF0000487
:1013A000F0F04016001900F0F0B005B00DA00A04EE
:1013B00090080190080106A006030A060D08400ADD
:1013C0000F07A0060D060A0301030D0700060F0B09
:1013D0007004200630050B0A0F0A0308700D06087A
:1013E000100640040D030F06800C110C0D060408B6
:1013F0000B061A0D17030B80080D060301030D0BD6
:101400000740080307B0080D0A0D600B06A0040A88
:10141000100B0D60060890080F20066D070DA00642
:101420001005034A0F0A070D600B20062006400630
:10143000800D012F092F094006804B062B06400620
:10144000D0062006440604C0062003610AB0060543
:101450000004184718B00B05F0F08016001900F0D2
:10146000F0F040074006F0000B0C300B01F0000DCF
:101470000940A60760030830465A0B60060B300689
:10148000F0100B0D3006F010050A3D0A2D0B08C0B8
:101490000B1C5A0C030F0E0A0BA00407100D20089A
:1014A0000700080D030690060A05080E100D010A34
:1014B000041008168008060A0806000B030B200813
:1014C0000F000B0D500B0815070B06070608271811
:1014D0000C100B500AC103068008270B07060A0FE1
:1014E0000C0B05170806B0060F0B0600040D0A06C4
:1014F000051006A00B0D04000607200B06080006C9
:10150000800B063D065D060D0A0870062CAA090D23
:10151000F06008F0F016001900F0F0F0A00B600881
:101520000A0D700B300B0E3005160A0E0F600D0100
:10153000300601700B01600601400A800170064010
:10154000068001700640068001700640068001702A
:101550000640067D060E7006400683067006030CE4
:101560001A060C0D08F0060D260A1F010F0608C00A
:1015700006400600080D0C010607A0064006300BC9
:101580000A0F0890064006500D0F088006400660BE
:101590000D0C047006073006701D70060B30060532
:1015A000700A05600840060B70080DC00D07800D1D
:1015B000F0C010001900F0C005F060060CD60A0B50
:1015C000600A56036603060D600650066006800634
:1015D00050066006800650066006800650066006CB
:1015E000800650066006800650066006800650069B
:1015F000600680065006600680065006600680067B
:101600005A036A030A0D60F616F0C015001900F0BF
:10161000F00BF0600B01F0600703F020070B2006D1
:10162000F02006012F0EAF0C08504B069B0D010356
:10163000A006A00F08A00630080B300506B0062053
:101640000D110D20070BB00604000B0F0608F0105B
:101650000608000608F01005000D08F0300403B677
:101660000890070C36034603060BA006300640061A
:10167000C00630064006C006350645060504A00330
:10168000B1090780040BB80B07F0D013001900F064
:10169000A01BE57003F10308500634063406440D20
:1016A000010A500630063006400803055006300691
:1016B0003006400B0D600630063006400B04600615
:1016C0003B0A3B0607C00C7F0E110F0608F03004E2
:1016D000080D0A0E0D9004B008030D70040C0A9654
:1016E0000500040A0B60040A360C360C060B1004C5
:1016F000060760063006300640070D6006300630EB
:10170000065008600630063006D00C390139010950
:1017100003A0041B881B04F0F00015001900F0F072
:101720003008500506E0080F600F0DD00D01100ABB
:10173000300F0CE006000D01300F0A500D063B0D76
:101740000B00061006300F0650031F091F090C007E
:10175000061006300F06500610061006100610067A
:1017600030010D5006100610061006100620080164
:101770000B50061006100610061B062B0D0E04500B
:10178000061006100610065F0E0A60061006100608
:1017900010064004030B6006100610061006400DEC
:1017A000067006100610061006000B100B0A0570D6
:1017B00003510F0406080E0A0D060770057B050687
:1017C0000B0603010A08F010062008060F0DF000B2
:1017D000060730080C06F0060B50060BE00B700DE8
:1017E000F0C016001900F0F0B014A0041006700D3F
:1017F0000B500B0D10040A000B01100705300A03F3
:10180000500F0D0A0B080F100600040C0620070EDF
:101810000650060A030F0B061006100A0F060400F6
:10182000060F05500D0600080D0A10061006080ADE
:101830000C0B090B60080A000400061006100610C5
:1018400006010D800A070F0A0610061006000B1A83
:1018500006800A060D05060C0A0C0B07061D00047F
:101860000C0B70060410060D06030F01030B200776
:1018700003046006000D0F0607000604080D0F0A9A
:1018800008101D600D070A08060B00060810040D5D
:10189000030B1006600D0804000B05000608300756
:1018A0000A0D000760050D0B380B281B0800060BFE
:1018B0007008093F0E4F0E0F07000B8006300640E0
:1018C00006C00630064006C00630064006C00A3391
:1018D0000F430F130880055D1B5D0BF0E01200192C
:1018E00000F0A0080DF06003F10A05500638063834
:1018F000064806010650063006300640080F0B5019
:101900000630063006400B0D600630063006400DEE
:1019100008600630063006D00630063006D00630A5
:10192000063006D00630063006D00C3F0E2F030FCF
:101930000C060D0580073D2B3D060C010F0DF050E8
:10194000050D0306F0600416F0701DF0700BF0C07A
:1019500015001900F0B00B07C50470080EE103086C
:10196000600638062806480B010A60063006200685
:1019700040070C04600630062006401B7006300647
:1019800020064004800A3F090F130F0C060D079034
:10199000053D2B2D16030E06A0040A700600081A3A
:1019A00005600405080F600B01101D0A600D030A95
:1019B000037A0F00060E0D080D500D160C160C06BE
:1019C0000C260C070A0810078006100600062006E1
:1019D0000704C006100600062006000B90080D0B39
:1019E000061B060B062B060D0F0B800AB107060F10
:1019F00008700510067006100B03079006086006B5
:101A000008100B0A9008700B04201BF0C015001979
:101A100000F0F02008500D08E00803500306A0086D
:101A2000200D01400B010A90080F300A3004030F0B
:101A300007900D0130063006090BB0063006200D68
:101A4000090BC006300610060C08D0063006080A3E
:101A50000DC01B070637060D373805500AF1010A7D
:101A6000502B06380A010A7B800630060D0F0A0744
:101A7000E006300600070A0307D0063006200603FA
:101A800007C006082006300D0AC0060B20064006D7
:101A90000DB007300604400608F00608400506F0C1
:101AA00008600B07F0D017001900F0F0A005F04017
:101AB000080B0D0306F030080B0D060EF0700180C8
:101AC000060BB80D0170080FD10A8006F07006F001
:101AD0007006F070067805D0070F810F060BA00482
:101AE0000705044007080B060F0A07C00620060377
:101AF00008200D0308A0080E100B090D40070A0767
:101B00005005300610060B60050B50063A031A0309
:101B10008A0D50460C0A0E010E86A00600040B0624
:101B20000F0607F000060420040D0C0DF00D055003
:101B30001DF0700705F0F016001900F0F03004F009
:101B4000700DF060050F084015E007010B08200B31
:101B50000E010B700704300B010B0F10070F030B66
:101B600070040C0D300D0F080F10060C0780080FC5
:101B700001060410060A000600080307A0060D0E61
:101B80000A04000F0D0006000608B00600080F0A40
:101B90000B0F0700060007C00610081F0D0A0D0AEC
:101BA0004D0B80062006010B0F030F330F0106704B
:101BB00006100D0A1610063004010A500B0A060022
:101BC0001D0007031006000810070A600A110D081F
:101BD00020060B000607030D001B700B1308200BDB
:101BE000060006080A010BB00D0F08200A000608BF
:101BF000000D0F08B00B0C08100604060B100D03A7
:101C000004B0070A04000D0B07300D06C0070D00D5
:101C1000070D500608F00D50040BF0C01700190016
:101C2000F0F0F0F0400670073008800B010B500B0D
:101C30000F20070F060B600A0E08500D0108100454
:101C40000A0301030D05200D010D60040F0D200690
:101C500000070D0A0F0D000D0E0D8016200630082E
:101C60000A030F0B900B0A2006300B0C030C05A087
:101C70000C200600080D1A0B000D0AA00605101610
:101C80000D0B04300D06900D061D0A1D1B083006B5
:101C900008800A133C030F010F0A0D050706A00B6D
:101CA00030070004080D0A0F1D0780080E200D01E3
:101CB0000A0420070A0D0B900A100B0F0B601D5031
:101CC0000D061D0A1D0C067D060D500A2C0F210E57
:101CD0006C130A9006050B060C030D05F000063088
:101CE000070D0C0DF00D07500B0607F0F0F09017E4
:101CF000001900F0F0B007900DC00607700B01103E
:101D0000050C010D600C0A70050C10060106040795
:101D10004005010D800600080F0B000B0F0B300D66
:101D20000907800600060B100D0F010A0810030DAD
:101D300070070B060008400B0A091D0C046007031E
:101D400011800B1F0770060A0806000608500D03D5
:101D50000C0B700B1006080E0308200B0A0D04086C
:101D60000A04900604080A0F08070D0B301D9006A0
:101D700008100B03086006900D070D1007060550AC
:101D80001B900B0110060F0B600D60052006000B69
:101D9000030B700B500B0C260C060C960D50063ADC
:101DA00013110E8AA00600070D0A030DF010060499
:101DB0002007060A08F00D074007060BF07004F034
:101DC000F00016001900F0E007600DE00703200D99
:101DD000100D01B0080B000B0F100B0110040AB01E
:101DE0000A0F08000610040A2006B00B06030D06B1
:101DF00020062006D0050D0C25062506041517051E
:101E00009006C10A700B080628062806381B600DCC
:101E1000010C062006041006B004030D000608108D
:101E200006081006B01B100608100608100607E08A
:101E30000D20040710060BD0080120060106000B38
:101E4000F00A100B0F0DE00D061D0A1D0C067D0695
:101E50000D500A031C1F21033C330A900604080D91
:101E60000A090608F000060820050D0C0DF00D0803
:101E7000500B0607F07007F0F00017001900F0F0A3
:101E80000005F0700608800DC0030A700D01B00B4C
:101E9000010D000B060730040AA004030C0A00061B
:101EA000110C0D08100690040A0C080F10040B0DFD
:101EB00006030A0B0680080A0604000660080D0CDB
:101EC000600D16082006200D03010A1006600C01A3
:101ED0000C0B2006000B0C0A060D081006700B06F2
:101EE0000E0A070006040B045006900706030806B6
:101EF00007200B0A0F0C0706B00B0C06080007069C
:101F00000C060D0B040604A00D080A040008054089
:101F1000060890080100080D030C04400608A006FE
:101F2000101A075005600D062D0A0D060C7D060DD2
:101F30005006032C0F09110E3C330AA006000B0DAE
:101F4000030C0BF0100630080A06F0000D074008DD
:101F50000D05E0047005F0F00017001900F0F0F036
:101F6000500D90062006700B011005500D01200F3A
:101F700006700A000503460D000A100B010B5008FD
:101F8000040600040A160C060C0D0006100A066072
:101F90000A030F0C16100600061006000D06701D31
:101FA0000A0D0B061006000610061DA006100610EE
:101FB00006003607900804061006100600160A1FD1
:101FC00006800A0F090F0A06100600061006081AF6
:101FD00004601B061B061D0A0D0A0D000610168064
:101FE0000600046A04062006087006070B30072066
:101FF000060810070D701B0E200A010D10060820A0
:102000000D500410050C100D030B2007300B503D34
:102010000A1D0C9D0B50062C0F21097C030690060F
:10202000050B06130BF01006300B060A07F00D0720
:102030004008060BE0047007F0F01017001900F0DC
:10204000F0F0C006300BB00D400D01200B0EA00DBE
:1020500001100410040A200B0FA0080F00040C2D1F
:102060000A1B080706B00600080F0C030F0E410FED
:102070000A0D047006100620060407080B0A0D0658
:102080000106700610062006300610030C700610BC
:10209000062006300600040C0470061006000D0A27
:1020A000060007060D0600080B8006100608090D3D
:1020B00006000C0916B00610060D0B00060B0A07E9
:1020C0000006B0061006051006082006901B061034
:1020D0000620063006900A0F0A10061D0B06300671
:1020E000900B0A0106070A0C0F110F030A060C08D1
:1020F000A00B1C0720060B0D060A0F0DC0060C05D1
:1021000010063008E00B0A100605F0300B0D000D2C
:1021100007F06004F0F05013001900F0F0100540D3
:10212000140004080DB0050C400B06031103B006A3
:1021300001700B010650050D30040A6004030F07FF
:10214000500C0340066006010D600A094006500667
:102150000106700D0107300630080C010D800701E3
:102160000B3006100B0A01030BA0030D1B1D0C0AFC
:102170000F010C0D04B00A0E0F130A03060D071011
:102180000B08A006083006400406A00D0B300650D0
:102190001D900B0D30065004030880080D300660BA
:1021A0000D030570050D300660040F0A04600B0E68
:1021B0003F0E7F110660EB1D04F0C016001900F001
:1021C000F0F0F0200607B00880070906A0080F0B02
:1021D000700A0106A008030C60060106C0050A0D7E
:1021E0003004060106E0040A081008030F0BF00093
:1021F00005060506090607F0100706030608D01BAA
:1022000004070B160B04F00AF1030B50FB0D01033E
:10221000B00D07800F0BA00B01090A0B0440040648
:10222000C0060D0C010F0D05200508C00610070D96
:102230001F0DF00006400D0F0604E00607400506DE
:102240000C05D0060B600B0A04C00880080DF0D006
:1022500014001900F0F00DA80B0890070F39014980
:1022600001090CA00630064006C006300640067084
:1022700007052006300640067006032A033A0F4A77
:102280000F704D0A3D0A4D0AC00630064006C006D2
:1022900030064006C0063D0A4D0A0D0B90040A1C8C
:1022A0007A1C0A901D07F060080D060D07F0000D5E
:1022B0000306200B1A0D08C0080E0A0810140007A8
:1022C0000D0F03162D60060B301320040A01030EB8
:1022D0000103B00D0A08301D00040807B00D500BB3
:1022E00005F0F00016001900F0A008E006700C8060
:1022F0000B40090D600A70060F3008010D600610D2
:102300001D081B080B090D20060F04600600073F7F
:102310000E0A000B0C10070F0D7006100620062089
:10232000060B00168006100620062004060D0A047F
:102330008006100620063016A00610062006051B93
:10234000060BB006100620060D710F0B50060B0091
:102350000620061857080F035006090B0620061022
:10236000050C0D30030B50060B132806080007035D
:102370000E06100406600600070C0129010B00067A
:10238000080C0A04070B600610050A0D400610062B
:102390000A800620040C0B30060410060D70060798
:1023A00020070A04200608200A0860060B300B0DDF
:1023B000200D08200706600B04400D2004400D0787
:1023C000F07004F0C017001900F0F0F0500790070B
:1023D0001B0A0670080390051B0D0E700B09200BDD
:1023E000030D700F8006100B0E0A080B08470B0137
:1023F000800600050A0B0D0003610A800600070431
:10240000000D0004F00B06072006000704D00D01A4
:102410000F0C08100A00060C6A0D50060B160F0868
:10242000000C007D060D50070006000B0C080F0481
:10243000F010060500080A090B0D061D0B04B00676
:102440000810080F0B061C03090E0A08900D070B55
:1024500007000450080D030BA0050D060D076008CA
:102460000A07700D0C08100B060A0D0740070D60D7
:102470000B01060730050D030C060D3B60060B2013
:10248000080C0A200D410D6004301C0B30030805B8
:102490000B0D05A00B0D500DF0F0F0A0160019006B
:1024A000F0A007F0700603EA060850FD0D0E038049
:1024B0000708B00F0D80060F631F0700050690ABDD
:1024C00007000508700805C0080B60041F9304008E
:1024D0000B0E0F086006AB0508030D047006100B09
:1024E0000D2B08072006089006100A4F0E09030658
:1024F0000BA00680070B06030A0580BA0D000D0C21
:10250000076005168D060D100B0A80080400080DE3
:10251000060D08600B0D600601063008061A0D0B4B
:10252000040004070B500D0C0B200D0604100B0CBF
:10253000310F600B300D090604200B0A1B060DA09D
:10254000070607401BF06004F0F02016001900F0A9
:10255000F0B005800BD00A700B0E200D08700B0137
:102560000D60080F1007090103060B400A030470F1
:10257000062006080D0A0F030D05000D0E0B800640
:10258000200610070B0D0C0F060E0B900600060818
:102590000600080F0C07000A010A8007060A080354
:1025A000010F0B0D08000B0A060B0C0D7006030C37
:1025B00010080D030C0D060D0510050A0B6006042E
:1025C000060008200B0A060530050A0470060B0EEB
:1025D0000D042008060530070D700608060F030BD2
:1025E000068B0D700608100D03010F730C70060B9F
:1025F000300D0C0BF0182D050004060DE007081037
:102600000B261B07C0050F0E0B300B06030A0D3BF4
:102610000560060A081008030F0700040D410D604D
:102620000B2004030A0B300C180B0DB01D500DF0DD
:10263000F01016001900F0F01006F010040A200D3A
:10264000010004F00B01000D100A040C760770065F
:102650000B011006070C060C160C160F0A7006006C
:10266000061006000600061006100A0D7006000689
:1026700010060006000610061006600D0B060B067D
:102680001B060006000610061008600C0F090F0953
:102690001F09000600061006B00600061006000618
:1026A00000061006B006000604000600060006102C
:1026B00006B006040608000600060B061B062B08DB
:1026C0007006080D08000607037F0C700D08200631
:1026D0000BF0300508000D07F000050D08000B0D8C
:1026E000060D0B04E006010630080D1A060B08075C
:1026F00080070C08200D0F0B100806310E0D500836
:1027000005200B0E060730030B080D0607A0060B6D
:102710005006F0046007F0F01016001900F0F0B059
:1027200005F060070CF01008300703701460070F05
:10273000430F70060C5A0D00064B0A700A1D0A2D35
:102740000A0D0006400670061006200610064D0A07
:1027500070061006200610064A03700610062006B2
:102760001006400670061006200610064706700682
:102770001006200610064F0E7006180628060700E1
:1027800006400660070F013E110F04064006F004E4
:10279000005A0F900B1D0820055D0A07700B0800FA
:1027A000080D160D0850060B600B010A30070D0CC2
:1027B00003060D0B180D04600A0D200B0A0D1008FE
:1027C0000A410860082008090A0B3003080B1DB0F5
:1027D000060B40050DF0F01016001900F0D00D109A
:1027E00008072006E00B0100080F0D100801F00A91
:1027F000100A03081006F006100608061D0A4D0B05
:10280000600B08000610060008030C0F4C01065070
:102810000C0F0D06100608200604300C0B50040B9C
:102820000A090B000608200608300D9007060D0760
:102830000004100D083005A00D080B0503161D0B34
:102840000805B0080F200A0D160A0C030E0F060526
:1028500060080A0806200650040B0F0A60030A08E5
:10286000061A060C060D0B04300A0D500B0D10064F
:102870001D160A030E090A0B100DA00D07500B06BA
:10288000030A089008000B0D060D08500D0C0B7084
:1028900006010D200B060A060D082004060B500841
:1028A000030B200B060D000B06010F130C0D0B5034
:1028B0000807200D01030D20060A0D0A030BA008CE
:1028C0000A0B400D04E0056004F0F020160019002A
:1028D000F0F0B007D004800D08B005032A0D4006C3
:1028E0000350040830050A1D0A0B0504200A0C5089
:1028F0000609230F0D061006050C0D20030D5006CA
:102900000B061B0608061806050C0E0B000801082E
:1029100050060006100600061F0E00060B0F0B16D1
:10292000600600061006000610060006000B1F08D1
:10293000600600061006000610060006100C037064
:1029400006000610060026030006000D060A0B60AE
:10295000060006100600061D0A00061D00080A6093
:102960000A030F130F0D06100600060B200A07407E
:10297000046B06180607060B200B0DB00403010EAE
:1029800001030B30040680081D0B042004500D6069
:1029900006030B00050D060A0D08600D500D0F0D06
:1029A00004100705040D0A030A1D2B085006072012
:1029B0000D010F0810070C010F110FA0080F0607DB
:1029C000301D00070B08A00D08500DF0F020160078
:1029D0001900F0F0A00405F0600B0DF0600A0F077D
:1029E000A00D0B700B0106A0080E0F085005130474
:1029F000B0080A030730040A0308E00D0C041007AE
:102A00000A0C07F0000B06000B030604F0200B1A5B
:102A100008B00B0D581D08D00A610F0A0608C06BDC
:102A20001D0603010C0BF0500B060106F0600803B5
:102A300006F060050A0DC00B060A0D0440050C08DF
:102A4000D00D090C07400806E00B010D500608E008
:102A50000B0850070DF0700DF0C015001900F0F0D4
:102A6000B005900BB00D0E0C700B01A00D0F0D07F3
:102A7000700503200A064D070605A00610070F3350
:102A80000F0307C0062006300630059006200630EA
:102A9000062006010680062006300610060A0D05EF
:102AA0005008050006200630061008800A0F030FA4
:102AB000230F3006B06D0A3006200B060BC006301F
:102AC00006100B09030DC0063006100D08E006388D
:102AD0000608F01003510BF0042807280B060D0B15
:102AE000F0500406010AF0600D0FF07005F0C015FB
:102AF000001900F0F0201B080B0604F020080D065A
:102B00001F100B060D9005500B0E0D000B01030658
:102B1000800703062D060C0F0D00080A0BA0040AFF
:102B2000161A060D05100804C0060530080D0BC066
:102B30001B070607200B090C0820080A0D600A3144
:102B40000E0F0A0F0D3004030A0B600705040D1B5E
:102B50000D0C030C08200B08B00B0D000806000B31
:102B6000030BF0070D00070B10050A0B200B089054
:102B70000801100620040604000D010C6008200660
:102B8000100D0B201408060B046006031C0F1C0319
:102B90000F2C0A0BA03D0A2D032D0C0E07D00604A6
:102BA000100D0610060D080D08B00608100B0F05D5
:102BB000000D000506010AA00D08200F06400B03BA
:102BC000F00D07F0F04016001900F0F0200D075549
:102BD0001705700B0D2008910660080E0F082006DF
:102BE00028062806080770060A03081006071006BC
:102BF0000810069006000B0A0B00060B100D0810BB
:102C000006900610040D080B0410052006700B0733
:102C10000630060B10070A200670130A20040A0D5E
:102C200010080F200670080D0F0A0810070A20066A
:102C3000200690040D030B10360C260C060B900793
:102C4000060D00068A06800B0A000B0D40041DB01D
:102C50000D0F060005400A01069005100416400BF2
:102C6000030B900B0C361A062D0A07A00D2A361AF4
:102C70000C0301030607E0040530050B060F0DB039
:102C800005060F010D50071604C00D06700B06F067
:102C9000F0F05016001900F0F080041A04800804C7
:102CA00090060C0D80070F730A00040D000B0D80B9
:102CB0000A1B0A0B0A1B0A0B100B060309800610DD
:102CC00006000610064004098006100600061006DD
:102CD00000040A0D100F6006080610060006100614
:102CE000000D0C08100F6006030A100600061006FF
:102CF000000D04200F70050A1006000610060008DB
:102D00000A1D060980061D0A0D0A1D0A1D032C0D49
:102D100070040A7C0307F008700406030DA0080E77
:102D20000D500D0E0A0D0E8004100B0A0D30070F0A
:102D30000604000B70080C3D0C061D0B060BB00DB5
:102D4000134C130F110C0D05F030040B0D0A0F0D71
:102D5000D00603010307300716E00B0A08500B0DDD
:102D6000F07005F0C017001900F0F0B005C00D803C
:102D70000806800408000D017004030F08700A01A2
:102D800006080360050C010604600B090D100650CF
:102D90000B1F0D8006082006300B0A0F0607E00601
:102DA000080D060C060B04A00B0D38060D0804E0F8
:102DB0000A710F0A0D08B01715140607080D060C46
:102DC0000E0C0DF00640070D030A07D00607600D34
:102DD0000308C0060B70080A07500B08300B04806C
:102DE0000706500A09EF090D501D6B060D5B0D0B10
:102DF000A0080D0810060BF0000B090106100503D2
:102E00000DE00703060730080E06D00B0860060A1F
:102E100007F05004F0F02015001900F0F07006C023
:102E2000066007000D01B00B01001B2006010D001C
:102E30000AC00A000A030500040F0B1006C00610A2
:102E400016000B0D2006C006200D1B000B0400060B
:102E5000C0060007060004000D01060006C00600BB
:102E60000D0E0600070C061006B00B06100B0F0D1A
:102E700008040D080006A00D010F060700060A0B46
:102E800000061F0E2F090C50060B061C0506050A2E
:102E90000B0A0B0806083B50050006000D0A060B3E
:102EA0000406030B0006C006100B0F0600070906F8
:102EB0000006C006200D070B040B050006C0061017
:102EC0000D0617062006C006050709060400060DB4
:102ED0001006C006081D20070F0D000604B00D07E0
:102EE000044016000608F03004100D07F0F000163C
:102EF000001900F0F0B005F060070C701D6B0810B1
:102F000006100B01703C0F2C0F0A000B01200670FD
:102F10000620062006200620067006200620062031
:102F200006200670062B0A2B0A2B0A2B0A70062A8B
:102F3000032A032A032A03700620062006200620FF
:102F400006700620062006200604100670062B0ACE
:102F50002B0A0B1006081006700A134C1307000DFD
:102F6000081006800B400B300D200607600B013067
:102F70000B0130060710060B60040A30040A300B00
:102F800006100B80560C460F07A0560C460C06A0E8
:102F90000605300607300B0F0590060B30060B4078
:102FA0000F06900D07300B0440060BF0E0130019DC
:102FB00000F0F0A0060BF0300D060C010FA00B0581
:102FC00090080190080E0F530F062001A0062D0A4D
:102FD0002D0A0D2001A006200620063001A00620A3
:102FE0000620063001A006200620063001601410DD
:102FF0000620062006200501600D0A16032603267A
:1030000003260A0F60360C2603260C360BA006207A
:10301000062006F00620062006F00620062006F010
:103020000620062006F0360C260C0608C0059A0D70
:10303000F0F00015001900F0F010040D700D900D67
:10304000200B0908500B018008010D10060F0550D8
:10305000050C60070D000D0F17090D7006600609BD
:1030600007000B160C040A0D0B0D08200670161035
:10307000060F08070F130F160B000680060B0D0C2A
:103080000610061006071F0B06800B030D0B011020
:10309000061006100B0A0C600D060D051006100632
:1030A0001006300660040B072006100610063006D6
:1030B00060080E0C081006070006100630067006A1
:1030C0000A0E0600060B0006100610060F0C70060E
:1030D000000B0C0A0D0500061006000D0F167006F9
:1030E0002006030700061A031D05000670061503D7
:1030F0000A0D03054D2006700608060A07000D0696
:103100007006700D070D300D0B600607E0066006B7
:103110000BE017500B05F0C017001900F0F0F0900D
:103120000680040AB00B01800B01C00A400530067E
:10313000800B04100630050C0A260370080E091FC8
:103140000E2F0C080A360C80062806180B011630C4
:103150000680062006200A00063506800620061096
:10316000040B0006418006000D161008040006340A
:1031700006600D08060B0F16000601060006300655
:10318000600A030A0D0700060B0A0810063B0A70C6
:10319000050A2006073006330F8006200640063059
:1031A00006800A2C0F0A0D07100630067005062D42
:1031B0000A060A0F0D004603C00610080C0D460C47
:1031C000C0060510040A08300604B0060B200506E8
:1031D000300608B00D07300B07200D08F06004F032
:1031E000D015001900F0F0300D200D062A0350070D
:1031F0000B2014000D0140050D010650034106008F
:10320000070350060E0850063B060810064006014C
:103210000D600630062006200B0A0F0B70063006E4
:10322000000407060B06030106078006300631037B
:103230000A0D179006300608070006300D0B8006B1
:1032400030062006400A0B70063006200640070FA5
:103250000B600A3C0F2C0F5C0F010B4005FD1D702D
:1032600005F0600503DA06800A3D0A2D0A3D0A0DC5
:10327000057006300620063006900630062006301F
:1032800006904A0F2A0F3A0F0A0D6004FD0DF0D088
:1032900016001900F0F03005F0300B10070320087D
:1032A00005D0080910080F100B0F071006600B0659
:1032B000200A200610040C07000D01600C032036C4
:1032C00003260307100A600B0920062D0A2D0A07A2
:1032D0001006700F08100620062006071006703A28
:1032E000032A032A032A03700D0A1D0A2D0A2D0A38
:1032F0002D0A700B061006200620062006800610F8
:10330000360C260C2006800610360C260C041006FF
:1033100008700D10060810060810060810060B604D
:1033200004200D0710060B100D08100760040C6632
:103330000A560D70040A360C260C360C0D80063029
:1033400006200630069006300620063006900A3326
:103350000F230F330F030D6004FB0BF0D015001982
:1033600000F0E008F060080F0C6A3C0B90040A8D36
:103370000A1D0BA0068006D0068006D0068006D067
:10338000068D0A1D0790070A0C9A0C0DF00D4004DB
:10339000C006200D013006010305900D0120050C2B
:1033A000200D010607B00A3006100B030BD0063BB8
:1033B0000608040607A0070410063F0E11030D05BA
:1033C00090060A0D0406300600080D0A0F0D800D48
:1033D000060309030B2006300B0C06A0080D03069C
:1033E00007000607300416C00B060B060B501DD055
:1033F000050B05600DF0C016001900F0F0F0400755
:10340000D0040A6008032007900D0160080F10081F
:103410000F0A260A0D080420067006200A360C0D35
:10342000130D1006700620063006040D060C030D61
:103430000670062006300630050D0C70062006309A
:10344000065006700620063006200D060B06700694
:1034500020063D0A0D000A030A0D06700608000743
:103460000C032C131B200670060B0004300D6006A5
:1034700007600700040A200B0120070A0C07060B4F
:1034800080080F300A1004030C0B0008A006370652
:103490000400060DA00B0D1006510F030D07900C34
:1034A00001030D063706080B0D0A0F060770040B03
:1034B000060301060410060520050D030BA00806EF
:1034C0000C080006084005060BB0050D040D07604A
:1034D0000BF0C016001900F0F030060D0807C015FB
:1034E0004005030C0F010E030A060B700A0C1D0B9E
:1034F00005100620080B0D0A010D600A060A0309D3
:10350000010F1310040A200103600630051B0A1086
:103510000B0E10080307600660062006101B7006DD
:103520006006200610088006000B0430062006B056
:1035300006070C0F0C0A060D0A071006B0060B084A
:103540000B1D160F0D100605A00B07500520060BCE
:10355000A00B0F900D07A00D0E300A7605900620E7
:10356000050C560C060890060B20065006B00609FE
:103570000F060B065006B006050B0603015901198C
:1035800006800608200806030B4718800D08400532
:10359000060DF07008F0F03016001900F0F0000889
:1035A000F060080F930A0870080B100A1B0A1B0A28
:1035B0002B0D010660070F0C0500061006100630E3
:1035C0000A04701A03080610061006300D80060063
:1035D00008060C130F130F43085018062006180690
:1035E00018064807500A030A200610061006B008FD
:1035F0000609060500061706070406D00706030D90
:103600000F51030608A00800080A08101407080B49
:103610000D03060470080F200D0B700D0A056007DE
:103620000320070F0C1A3C0A00070D7006300A5DD4
:103630000A0D07000470160810065006B0060301B4
:103640000A0D06580618048006150B060F115F09AF
:103650000680060B300B0A0607E00B075008060829
:10366000F07005F0F02015001900F0C00D500610A4
:103670000DC0080130040B01000B01D00620050A23
:103680000006100AD006000D060B0900061006D031
:1036900016030605060006000D063B07600B0D0627
:1036A0000B200600060D610D500A010330060006CE
:1036B00004000620040F0C600B1A0510060006100B
:1036C0000630030770070B06081A0D0A10062007BC
:1036D0000D7008030004060C0F0C0F100620147068
:1036E000080F3006000610061008079006100500A7
:1036F0000600061006000D010390060803010806E7
:103700000006100608030D0470080D060A0D0800D7
:1037100006040610060B04900A0E0C30060806106C
:1037200006B008060E0604100D0806100607C008AD
:103730000A0C0520060500060BE00B0A0410060B18
:10374000000B05F0080D100B07F0F04015001900F4
:10375000F0C008201BF010080F100B010C04F00043
:10376000050C2026F010060007040600054007B0EF
:10377000060B0916000B0520080F2A0D500407162A
:103780000B0006081E090E0A000A1D0A0B50060A45
:10379000062006000618060800061006600B0A013F
:1037A0000710060006100610061006800B0A040813
:1037B000060006100610061006800B070D010F000C
:1037C0000610061006100670080E00060806000611
:1037D00010061006100680062006000610061006C9
:1037E00010068006050D0B060006100610061006D2
:1037F0006015061A0B0600061D0A1D0A1D0A0D504B
:10380000060A06051006048A0C0A500D030108106A
:1038100006F0300D030B080A0D08F0200706080B10
:103820000C0108F0300B100D07F0F05015001900D6
:10383000F0C00DF0600D01300D880B07600703200C
:10384000080E19011901190109067006080F0A006E
:103850000610061006100690060A06070006100657
:1038600010061006701B060820061006100610062B
:10387000700A0E033006100610061006800B0C0AA4
:10388000051006100610061006900B0D0A050026FE
:103890000C160C1603060D600B0E00080607A60D8D
:1038A00060050C100507000D200B07C00607060D6C
:1038B000000B01100D0106C0061A0D1006000403CE
:1038C0000BB00D0806070008060D0A0D165D0B501B
:1038D0000C090C100D1C0F0E010E4C030A600B039B
:1038E0000A052006050D030A08C0040D0C07100682
:1038F00007100D0C0BD00B0A0500060B2005060D5A
:10390000D0070D000B04400D0BF0E014001900F07F
:10391000F040080D07100B0F030550080D60080E4E
:10392000010D00080E090D600F0610040B200A0F90
:103930000B10060F08701A10060310080306100774
:103940000F0B800D0C100B090D000D0806101D90BB
:103950000803200B0F041006100DB003300A0610E8
:103960000605D00A0D0B10060307000D530A086068
:10397000060F0A10060B06000D064D010C600D0621
:10398000030D0006070A081D400F0B600B0D07030F
:103990000B060B080A0B06001B00070670080D003B
:1039A000080C060D00060D0A080E0A001870040621
:1039B000100D0F0A00080F03000B0F0DA00D2003C0
:1039C0000F100A0107000B0F08900D200B05100DBA
:1039D0000C08100B0A900B6004401DF07006F0708C
:1039E00018F0C015001900F0F0B00BD0060B6007FE
:1039F0000F0860060D20080F010F060830060E089C
:103A000050070F010C0D1006070D0A0E0A08000DD5
:103A1000010D700608061F0D06200806090A0E0D86
:103A2000800610040D03010D3006010C90063004D1
:103A30000D04100B0C0A080C0680065008060A0636
:103A4000081007030B700601091F031F060D08303D
:103A5000080A70060B081B1D060A03010F06071053
:103A60000D0B60060B001540040D0A0F0D00040637
:103A7000600B05000A06400B100B0C0D000B8005B7
:103A800006090A052006100D07060D601B20070A0F
:103A90000308100605000806000608500C0106047D
:103AA000100B06030B001D100A04000D50050D0C31
:103AB000030B000B0D080C0D0B0A10060DA00B0CD0
:103AC0000D0B0A0004060A0E07000B0304B00D0CD0
:103AD00009071006010D00040E06C01D0410050D97
:103AE000200608F0D016001900F0F04006F0700F24
:103AF0000DF00A0B300B01060D4B07700703010692
:103B00000410060A0F330F03068006080A03180F75
:103B100008063006A006100D030C0D00063006A0A6
:103B200006200D01080006300670070D000600078C
:103B3000061D0A00063006700A010C0A0B0D07105C
:103B40001D063006800B060F0A0830060A330F03E5
:103B50000680040D0C0D20070C6B90140D0604104C
:103B60000D08F0160005100B040D070D9005070059
:103B700004060E0A07100D0805000690060A051037
:103B8000070C030B00080D100D0B800D0A0F0B1016
:103B900006080A0D040C100B0AA0080A06050A07FD
:103BA00000160F0B100F0BB00B0A030D100D0106C2
:103BB000100A0C04B0070A0B200B20060A08F0F0CC
:103BC000F06015001900F0D00B90080B16800D0165
:103BD000300A0F0B10041D0601800703200D010D94
:103BE000500401900610070F060B500501900610B7
:103BF0000D0B0A015C0F03701D060705100D0A6D01
:103C000007600D010A060C06100806E0060800060B
:103C10000D0F0D0008010A160D08C00600070A0660
:103C20000501160A03010A08A00607100D0601087F
:103C30002008060F0890060B200D090B400D0A9076
:103C40000B060B20070B200B10060B800503090B3E
:103C5000200D200D100406500B0D200D0E0D10062A
:103C6000200D07100B500A0106051006030D000673
:103C700008101D900B0A030B0006050A1D0610080C
:103C80000AB00B0C0D0C05040A0C0304100F05B050
:103C900004060E0D00040C0F0810030DD00D0510C6
:103CA0000804200D05F0E013001900F0B00D06DD4A
:103CB0000B7003EF010D60069005200401066006FD
:103CC00010060D04200B0C0103200C7006000803E5
:103CD000010F060806010C0D07200D700620050DCA
:103CE0000A110DE00630070A060D0F0605C0062072
:103CF000080A0810040D0A08B00610050D04400556
:103D0000060BA006100D0B300B160408A0060008C9
:103D10000F010A0B070A010C0605B0062008060F62
:103D2000010F08E006300D0C0D06030D04C006203F
:103D3000060D20040D0A0BB0061018600D08A0FA3D
:103D40000A0D5007563D660DF0C017001900F0F03F
:103D5000F0D00620040B0A06700B300B100B091074
:103D60000B0D060C0F600D0108100B0F200D083015
:103D7000040160070F0620060B10080D4001700DAE
:103D80000320080D20064001800C0B250625063572
:103D90000B01800DD10A900A280D0B181D38A006C2
:103DA0000710080D10080DE0080D20062006E00D94
:103DB0000B200A200BD0080E040A00080F10040A7A
:103DC0000308C006050C100610060C0BA01B080605
:103DD00008061806080B0A480B08500CF1010C5095
:103DE0000704000600060500060D0A0E0A07001467
:103DF00005078006070608000604000706030BC037
:103E0000060B0D0700060820080A0DB00B04200D54
:103E100008401DF07004F0E015001900F0F00D08E6
:103E2000F020041B060903F0201A100B01F0200BF0
:103E30000F10080100060B680580060B000801083A
:103E40000E710E0B70080600080100061706070623
:103E5000170B010A50180506050D01000610060093
:103E60000610050F075006410C000610060006104C
:103E7000080D605B04000610060006100807E00647
:103E800010060006A00704500610060006A0060F44
:103E9000430D0610060006A00D060C0D060A060DC1
:103EA0000610060006C006100610061D0A0D0A3D83
:103EB0000B7006100600040F194F090E0370061050
:103EC0000A07F030060800060DF0300608000D0C59
:103ED000F03007100B0DF0F08010001900F0D00B3F
:103EE000F060080F0CCA0670080C26033603260380
:103EF000168006200630062006A006200630062082
:103F000006A00620063006200670041006200630A3
:103F100006200670060D0006200630062006700CEE
:103F2000010D062006300620068008060320063014
:103F3000062006A006200630062006A00620063031
:103F4000062006A0360336032603060D7005FAF098
:103F5000C015001900F0C008200807F010080F1065
:103F6000080F06F0100B0110041C0DF010062006BF
:103F7000000D07200A3D0870062006000D15070BEE
:103F80000F230F06500400062006080E21162006F7
:103F900060060A0C160006000615060506200660D7
:103FA000060A031A08060006100600062006800608
:103FB00020060006100600062006800620060006E1
:103FC00010060006200680062006000610060006E1
:103FD0002006601D0A1D00060006100600062006C9
:103FE000600A030F1308060006100600062006806C
:103FF00006200600260C0B06200680062006043646
:104000000D062D0A0B7006200640040A3C0A7006B5
:104010000800081C0A05F000060B200B030BF0003B
:10402000084004F0F06015001900F0F00006F030D0
:104030000D100D01F0200B01200AF020040C2006C9
:10404000F030062006F030062006930605700620A4
:10405000068D0A010670062006800B0E0D700607FD
:104060001006800D0680060B100604700D08800BEC
:1040700004100608F050070D08F000040810060CA4
:1040800007F010060307000D1F2B7805500B0C03DB
:10409000070004061E810A700D0C07100803062095
:1040A000340507800B0A0510050A0DF010070D30C6
:1040B000060BF01005400D05F0F02017001900F078
:1040C000F0F0B00D600D08800D300D0160060A049F
:1040D000600D011008000B0F000B40137007030068
:1040E000080F10060B0F07200B010D800600080FAC
:1040F0001006071A200A0C90061006100600040A83
:104100000B000D0F089006100610061004060D0F88
:104110000BA00610061006100406030890080006FF
:1041200010061006040D0C0D04000D07700A030F95
:104130001C0F1C0F0A0D04200806701D0A1D0A1D05
:104140000A0E0D400A0B8006100610060D0E0D30EB
:104150000B0304700610061006000B0F0A3601064A
:10416000700610061006100B0E032A0F06700610BC
:1041700006080006200B0C20048006070006080035
:104180000630060DB0060B000510060520050AB026
:104190000B0430060B300D0BF0000D0730040DF052
:1041A0007007F0F015001900F0D008F0600803F077
:1041B000600D014004F01006100600040A100D0501
:1041C000100405048006000D01000B010008510ACF
:1041D000800600040C100610062B0A1B8006100631
:1041E000100610062006A00610061006100620066F
:1041F000801D061006100610062006700B01030A2B
:104200001006100610062006700A0D000610061093
:10421000061006200670071006100610061006206D
:1042200006A0061006100610062006A006100607B7
:1042300000060500062D0A0D0B800610060B000671
:104240000B05530C80061008100BF0100607F060E9
:104250000608F06005F0F0B017001900F0F0F090DB
:10426000040AF0600B01F07006F07006F07006F0C2
:104270000007084006F00006094F099F06506D0A26
:10428000ADC006F07006F0700605F0600608300D4F
:1042900007F0000D0730050A0BA01D200550080F80
:1042A0000D8006010C0700080F065D06010C075083
:1042B0000B030B2005037A0306600D074006F07020
:1042C0000607F0600D08F06004F0F07016001900A9
:1042D000F0F0A00706F060060304F04006010307B3
:1042E000F020050A010605F010050D0F0A0B9004D9
:1042F00050080D0A030608A00B0A260A260D07D04F
:104300000A3F210F0A060B04F01005080B0D0A1FC7
:104310000604F0500B0C0308F0300B04000D0F08DE
:10432000F020070607000B0C05F020080C08000B16
:1043300006800B06081004400B0F0D000D0B600DDE
:10434000010906000503560A010A070D500B0C0D62
:10435000041008036A0C06000450075006F07006AB
:1043600008F0600D08F06004F0F07015001900F01E
:10437000F0070A9006B00B0180080E0BA0070100A1
:104380001B500D010B50070B200801080E0F0608EB
:10439000300A03600A012F010F00060D0301060712
:1043A000000B010B60064D080006100B0C0F0D0CE6
:1043B0000670066006300D010304700660062008D2
:1043C0000A0C09087006070440060008060A0B00DC
:1043D0000D037003110F0A0B102608300A0D50044C
:1043E0002B0D060F0600060750070CB0050A0D0B33
:1043F0001007060420060BC0060820080A0710084C
:1044000006B008040B300B0F0B100D60060F0D00EB
:10441000070F0C5A0F0106000B500D0F0608000580
:104420000A760A08700D04300604F0600608F06091
:104430000B07F0F07017001900F0E004F060050AB7
:10444000700B160A1C600B060D0190040A010B602C
:10445000030A080680080A010D600B0610066008B2
:10446000060E030B70080710060004080B0D060368
:10447000010A0B90060F0C030F0E110F0C060D070F
:104480000805903D0A0B08050630070DD006100BF5
:10449000014006D00620064B0A0BC00620065F0A24
:1044A000C0062006500F0BB00607100608100810B3
:1044B0000A0C05A00608100D07100806081DB00715
:1044C00070070C0D0490050D0810066B0F030B70A0
:1044D000040C010600088F0E0B70160820067007EA
:1044E0008008400608F0600D08F06004F0F07017D6
:1044F000001900F0F0F0B0040AF00B500B0E10049D
:10450000C003600600040C360A0B600A10040C2677
:104510000C00070C2603060D600610070C2A03107A
:1045200006200680062006200610062006800620AB
:104530000620061006200680060B0804062006103A
:104540000620068006210E0C060D0A1006200680A5
:1045500006000708060D060C09100624060470065E
:104560000510060410061003410A60060B100D0723
:104570001006151B380B600D07100420060B100BDE
:1045800008F0200B0510040A0BB00807100B5008A8
:104590000F0D9006010F040801095F110D700D0C3D
:1045A0000D051006680B0D800B400607F0600D0826
:1045B000F06004F0F07016001900F0F0F0F0000563
:1045C000080B0A06B007600B1D0A0E7008100703DF
:1045D000360D400401600D0C080008032603065048
:1045E0000160060C0E060506200650080180070D26
:1045F0000A0C200659010CB0062006680480070B3F
:10460000040620061D08C00B0F011620060A030E23
:104610000F06078008030D0800062B0A0B00040B89
:104620000A0F087008051005033F03300D0F07F04F
:1046300020070D04000B0AF0300B0A070006087073
:1046400007060D1005500B030B050D7003090D0037
:10465000080F660A0E0D0B600D030810080C7A0394
:10466000067006053006F0700608F0600D07F0F0E1
:104670006017001900F0F0B005700BE00D0850084D
:10468000090F030A060D04050C5D000D0F60061DE1
:10469000160F0C080F3C0F0C070D0E600630060AB3
:1046A00004063006100D0F600630060500063006C1
:1046B000100D0F60060B08100410063006100D03D5
:1046C000600611030D0410063006100D0C6006087C
:1046D0000B0D130800460C0608060A60060B200D99
:1046E00003080C4A0C0D16600B05300B06100B402E
:1046F0001670040A1007030B070809400C0B70081A
:104700000910080F10040A3004090750041006208D
:10471000062006300D0A60160D0A2D0A2603360300
:104720000B60061A032A03660306A006200610087B
:10473000200B0A04A00608100604080E0C0A060C3A
:1047400007B006081006181D160C090A0890072065
:104750000D0750050B0A0DF07008F0C01600190087
:10476000F0F04007F0700A07E00850080106D00793
:104770000F0A0830060F0A5608700A0C0E060400CD
:1047800008010D0C3603060D7006000D030C0B031B
:1047900006000630069006100406010304000630E9
:1047A00006700B07061008030A090D000630067094
:1047B0000C0F0C070D0A0B000B0F0B063706070436
:1047C00050070D0A090C05200B0F09510A80050D31
:1047D0000C0D200D0610140517A0041D041006086A
:1047E000C0060D1B1D08140A070D00080B800703E7
:1047F0003A0F0D00080F000810069006300620063C
:10480000300605800630062F0E3F0E0D800630065E
:10481000770B0C80460C0D10064B0E087066000BD3
:104820001C3A0F06F0600D06F0D015001900F0F0EC
:104830000008F0600B0F06F05004060106F0100BA4
:10484000300B0F06F00801093F0E01095F0C0B70D9
:10485000061B0A1B060B0A014B0903700610061003
:104860000600041A30030B70061006100610060A24
:104870000D20066005000610061006100607030B43
:10488000100860060B06100610061006000B030445
:104890008006030610061006100610060D90070C81
:1048A00010061006100610040307900610061006E6
:1048B0001006200B06900A130F130F130F300A0473
:1048C00070058D0A301DF010064006F01006073006
:1048D0000D04F000060830080BF00005500BF0C086
:1048E00017001900F0F0F0700700040AF030080318
:1048F000000D01200708E00B0E100A10050C0AF04D
:10490000061006200A0F0A0400070A0650050B10BD
:10491000061006200604060C0806010B5006090ABC
:104920000D0604000620061008060E0D600B0D068D
:104930000C0E0F060A041006200D0AB0060B060F17
:10494000010C060A07100A07B0060800060B0D0C3A
:10495000010D00080DC0060B000608100B1007C063
:1049600017101D100D04D00803200B0110080DD0E6
:1049700008030004100A2006B0041006000D060DFE
:104980000A2D034D0B500D0A0B0600061A032A13BD
:104990004A50060311060B040006200B0CC0041637
:1049A000030F1A0510040E08C00608000806010DC2
:1049B000200C06C00D0820083016F0F0F09017000B
:1049C0001900F0F0A007B006A00604900D01A006A3
:1049D0000CA00AA00D0160052006A00D0E60060ABD
:1049E000160396080D0F6036038601030D0FA0060F
:1049F000800F1D03A00670040A000D03A006200806
:104A00000D0510070B000D0AA006100B0E090B4038
:104A10000D06A0060008030D0550060DA006050DA5
:104A200007700308A0060B80080AB008900A0890D7
:104A30000B0D0400050C064D060B900B010308003E
:104A4000080F5C030B900A0D30060440050C0B7038
:104A50000408400608500B0106D00D0860060BF054
:104A6000F0F06017001900F0F0A007D008800604ED
:104A7000B00B0F500710060A800D100D0130050A0B
:104A8000010A000D01700B012006300A0106070023
:104A90000D017005032006200D060D0B100B018083
:104AA000062006200B000B0D100B018006200617B8
:104AB000200806100B0E800620061A0510080610A6
:104AC0000D0F800620060D130800070C100D038043
:104AD000062006100D030D040904000D0C800608C5
:104AE000100620070A0D010B0016800D071006079F
:104AF000300A010D000C0BC006083007080008033F
:104B0000D008700A0B900B0A0B100A5B060D900878
:104B10000E0F0D00080F530F05900A0D30060440CC
:104B20000D0A900740060850030A04D00D08500BE8
:104B30000307F06004F0E017001900F0F0A007F0A0
:104B4000700605F0301B00060360080D200D0B40B9
:104B50000A010D000D01600306100809010A0B107F
:104B6000060E0B100D01600D0A20060B060E0A0B37
:104B7000090B200D0160070C200610080A01063001
:104B80000D01700A2006200D0C0F0D200D0E700A6D
:104B90002006200A0708030B100D0F700D081006E1
:104BA000100D0B10080307000D03700D0B100610FD
:104BB0000D300B06000D0A700B0C1A030A160B04BD
:104BC00020060716700D560A0C0F0A0800050D0383
:104BD0000BF0100B0A0D000B0AD004501B0A0880C2
:104BE000080A0600050C065D060D8007030C0D0083
:104BF00005036A0C0B800D0B3006045005030BD027
:104C00000608600D010DC00D0870060BF0F0F06095
:104C100017001900F0F0A007A00560063006048018
:104C200007033005000D0130060A800D0120070C36
:104C300000040C3006019006200B011006300D0117
:104C4000900630061006300D01900600040700069D
:104C50001006300D0E60070B0006000D03060C1643
:104C60000C360D096006030D06000D160C160C36E9
:104C70000D0F600B060E010D0410061006300D031B
:104C800080070A130D0006100630060A9006000D74
:104C90000F030A050006300A069006050004060107
:104CA00006000604200F0B90060B200D04000608DA
:104CB000100B0CA00B04500B05100C08A0072006CD
:104CC0005D060DA006010600080F530F0590060CA7
:104CD0000D07100604400B0C0770040D4006085029
:104CE0000A0F08D00D08500706F0F0F070170019F1
:104CF00000F0F0A004F00D600604A00D100D01609E
:104D0000060A900B01100803300609060D01600821
:104D10000B100A2006200D0106050D01600C090D7F
:104D20000006200610040F06100B0160070D1A067E
:104D30002006100D0A200B0190080A1D0B0A05041D
:104D40000A05200B09A006130F0E010F0604200B05
:104D50000F7005060B062006080D1307100B0370D5
:104D60000A0916200610040D0307000B0C601D0530
:104D70000006071006300D0A000D06600420060824
:104D8000100605300D0B0A0DA00720060B40060F7C
:104D900004E00850060B900B0D200D580D06900DE9
:104DA000010F0800080E610580080C0D0420065054
:104DB0000D0A800704400607500C0A05D00608506B
:104DC000080F08D0077007F0E017001900F0F0A0F6
:104DD00007F07006B0068B08000A0C600B0600088E
:104DE0002F091F092F010D060160030F1006100681
:104DF00010062003160160060A0D000610061006B4
:104E000020060006016006070A04061006100620A8
:104E10000B000D096006000B1C1D0A1D0A2D0B005E
:104E20000D0F6006000D09230F130F230C050D0352
:104E30006006000A08061006100640060C6006040C
:104E40000800061006100640166006081006100638
:104E50001006400A0D60060B102A031A032A0605E5
:104E60000F0860081007362D360D0AF050040A08A6
:104E7000901410066B0A0B90081F07087F0AA00CFD
:104E80000A0B10060450060D80070B300608500769
:104E9000090A07C00D08600B0307C0048004F0E096
:104EA00017001900F0F0B0079007C006077007035D
:104EB00080070D0800060370080F000A3D0B000470
:104EC00003090B000D01047006080F2C0F06000DDE
:104ED0000F0B100D0105700600062006100C0B20AC
:104EE0000B010570060006200600080A300B0105BC
:104EF000401D0B060B062B060B060D4B0104400A4A
:104F00001F090F092F09013F09010D018006000645
:104F100020060A0308300B0F800600062006000D4D
:104F20000308200D03800600062B0608000B0C0763
:104F3000100D068006050A3F0305000B0A100A0B38
:104F400080060B800B0D080A900D07900B0A089045
:104F50000720060D5B06089006010D00080F630A86
:104F6000900B0F0D05100604500A0D800D0530063C
:104F70000850080E0605C00D08600D0A05C005F0B2
:104F8000F07017001900F0F00004F060050A9006B8
:104F9000B00B01800D01C006700D000A600B070008
:104FA00004050406000D2B0D070B010006600331FC
:104FB0001604130F030F0D000A000660060706070C
:104FC000060506000600060006100600066006003C
:104FD0000600060006000600060006100600066031
:104FE0000600060006000600060006000610060081
:104FF0000660060006000600060006000600061011
:10500000060006600600060006000600068160062F
:105010000006000600060006070607061706070634
:1050200060060006000600060006000600061006E0
:1050300000066006000600060006000600060006E0
:1050400010060006600600060006000600060006C0
:10505000000610060006600A030F030F0C06001678
:105060000306030D00060406604B0D0604460D0002
:10507000060806C006700D080605B0060880060B77
:10508000B00D08800D07B004F0F08013001900F097
:10509000B006DD0B086008FF010D6006D004010CAE
:1050A0006006D007030760062005901B70061007F6
:1050B00003860005800610040A260C260C060790BD
:1050C00006200620062006B006041006200620064C
:1050D000B00608100620062006B00D0810062B06A4
:1050E0002B060BD005037F090B900B0A0DF040082F
:1050F000090C0DF0400A0B0408F0600D03CA0C0DFA
:10510000700D464D460DF0C015001900F0F0F090FE
:105110000A50070D0B900B200B01400D0E010A04E5
:10512000700D01300630060F060790050A30062084
:105130001605C0063006100B08E00630069B057009
:105140000630068E010E0B600630068007010C60EB
:10515000063006100B0D40070307600608200610F6
:105160000C010A08200B0D700D0720060700050D25
:105170000C0E0D1007800730060B300B0C0A058053
:10518000060C082008000806030C0D000D0A077025
:10519000060A0E0A08100D061D03010D00080D7009
:1051A0000600070D1A0B082006010AA0063007406A
:1051B000060A04A0069D0F064D0B5006FA0A06F0DB
:1051C000C014001900F0F0100D084006A007400DB3
:1051D0000C000D100801A00C06300A06080120067C
:1051E000A00A0F06040005090800062006A006070D
:1051F0001A050D0614062006A00610060C03070D5E
:105200000C032A03061A0D600610080F0C000D0689
:105210000C260C260D50060A000B0A08060D100677
:105220002006900A0E030D10040C08000605100657
:10523000A0070D030B10080600060B0A0B06C0079B
:10524000060B1006050D0B06090F0B900805100D37
:105250000700070B080B0407060880050F0C0B302E
:105260000B03110F0BB0160F0A08000D0A0B100DDF
:105270000F05A006100B160D30080308A006900BB2
:1052800008B006FA0D5005662D76F0C0140019001E
:10529000F0F0A00D08F0000608300A0C05600D06BD
:1052A0005D0B0E0620070103700C130F230F0D0B6F
:1052B0000F0710060E0B700610062006100B0600D6
:1052C0000D0E0B800610062006200D0A0F0B90060F
:1052D0001006200600050D0306070B900610062099
:1052E000260D07100D0B8006100620065007030838
:1052F00070061D0A2D0A6D030F0B5005FA0C08F0FD
:10530000F0060D04400B0A1F0605A00A030F06084D
:105310000004160D0B0D0106A00600070D2608302F
:105320000F06A006A006B0069D161D160D5004FA25
:105330000A06F0C014001900F0F0000607F050044F
:105340000F0A100620070C0F08B00D010B000B010F
:105350001004130BB0080E1D1006101604B0080F31
:105360000D08091006000B0DC00D0C0B10061006E1
:105370000008B00D0A0D3006130F430C0A08500A3E
:1053800001030B20061B0A4B0D0E0A60080A0E0DC6
:10539000100607000600040B20030B800B030A0411
:1053A000060B000604060F081006A004060A0810E3
:1053B00006180A0F08070B7007301D100D08100D96
:1053C00003077007030604200D080B160D100B06CB
:1053D00070040A1F0D20060F1A090A101B70060020
:1053E0000B060A0B1D200D010BA00620040D083032
:1053F0001DB006980D4807500503EF090AF0C016C6
:10540000001900F0F0F0800660040AB008000B01FB
:10541000000805300B01A0080F1006071F3316A067
:10542000040C0B000600060B0A1B0A0B06B0060351
:10543000160006000610060006B00607060C000659
:1054400000061006000690080A0C1006000600066A
:1054500010060A0F1A0C06500A060A10060006006B
:105460000610060D0A3D50080006080F0C00060045
:105470000610060006B0160B060006000610060011
:1054800006B0060B0006000C0F0E1F0E16B00D071F
:105490000006080B380B08060890080410060820C0
:1054A000080B0700060B8005030A080007100B0C09
:1054B0001E010D08A01A0F0C0D040D060B1006019D
:1054C00008A00610080D060B300D0607A006950D66
:1054D00007357003F1065004082785270807F0C038
:1054E00017001900F0F0F030070AF0600A01200BF5
:1054F000048004050450050C10080EB10A60062053
:10550000069B061B60062006900680062006900675
:10551000800620069B06800620061F092F092F09FA
:1055200080062006100620062006801604000610BD
:105530000620062006800601030B06100620062022
:10554000068006070B060C1A0F2A032A0F80062076
:10555000069D0A800620069006800620069006809A
:10556000062006980608056006041003B10A6006C6
:105570000800041837054718600D08F0F0F0F050E7
:1055800016001900F0F0F030070A10079005060A1F
:105590000D500A0100070F7A0B000A010A08500497
:1055A0000A00070A7D0B0D0E0D800610067005031C
:1055B0000B900607000610060B1805000D08A00644
:1055C0000F0D06000B41090C0D0590060D060C4051
:1055D00004070B0D030F0880061006900D0F0770CF
:1055E0000607000A7306100D0670060B042D5B0DEE
:1055F000200608600B0510050C0D80070D500B03ED
:105600000D10070C030D800D500B030F0B1006003F
:105610000D0B7004600607061D010B880470061050
:105620000D110E7F010F086006100A0B06800D0198
:105630000D600628000604701D70060B2006087019
:105640000B047008300D08F0F07016001900F0F02F
:10565000700D160A0C0DF040080C0E08F03005060F
:10566000010D70070B6004080D060F030B800C0181
:105670004F0921030A0BA0065B1807E006100B0870
:10568000500D0A06A00600071F0D0410070C010AA2
:105690000BA0061008061F0D08030C0BC0063004F3
:1056A0000D0F0106E006400B030D030DD006300B75
:1056B0000A070007060A04B00620080604300D0A8F
:1056C00004A006200B600B06A00608470440080D46
:1056D00080050F710E030A0D180470052827281B7A
:1056E0000D06030A08F06008060DF0700B0DF0F0CF
:1056F000F05016001900F0F0F040040AF0600B01C1
:1057000050060D5B08800640080F590E0106700612
:105710005006600F067006000B07041506600A802D
:10572000060709210A0600080420050D8006000668
:1057300015060506073F03A0060006100600060032
:10574000061B060B04900600061006000600061055
:105750000690080F010006100600060006100690CD
:105760000A0D060006100600060006100690080046
:105770000600061006000600061006B00600061019
:10578000060006000A1F0903059006000A130F16FB
:10579000004B079006044D06F00006500674800684
:1057A00007300403710D70060B300418471807709A
:1057B0000BF0F0C016001900F0F0B007A0062007AB
:1057C00004600A0480080E1005030A08400B010D4E
:1057D0009006201A0906071005030AA006200600F5
:1057E00007060F0D040A030760161D0A2D0A20087C
:1057F0000A0F0C0770062A032A0320080A0C0AC0A5
:10580000062006000B16080016B0060710160D0736
:10581000300A0B800B00060B100D07500B0A7008A6
:105820000E000B0A100B04501D0B700600070F0032
:10583000050F190106071006000D70061006100668
:105840001806080C060506000B500B000610061083
:10585000061006000D060A03086003411006100634
:10586000300D0B601806180610061006101B0D06EA
:10587000800610060700061806070B03060B0A80B1
:10588000060700060B0003210C0B0400080F80061E
:105890000B000B0500482005010B700B05C00A0723
:1058A000F0C006001900F0F04008F0600A010A108C
:1058B0000A0106F00009010E100E0109F000060FA2
:1058C0000610060F0DF0E009001900F0D00D130DC1
:1058D000F0300D310A04F0101C1B060E0C0B2006D4
:1058E0000F06A00F072007060F030D00090109A0EE
:1058F0000A08500510060F06A00B0A0D03F0500D04
:10590000030AF0F0900000000000000022000000F8
:105910003500000075000000C60000001D010000F9
:105920006A010000770100009E010000C301000031
:10593000E50100000B0200001E0200003902000019
:10594000490200006C02000097020000AF02000054
:10595000F3020000380300006E030000A7030000FC
:10596000E50300001904000062040000A304000025
:10597000BC040000D80400000B0500004005000036
:1059800072050000A5050000F90500003A060000B8
:1059900078060000AD060000E106000023070000C5
:1059A00057070000A0070000C5070000D40700004B
:1059B000EF0700002A0800004708000084080000E4
:1059C000B1080000EF080000200900006109000094
:1059D0009F090000EB0900000E0A0000350A0000D4
:1059E000700A0000CC0A0000140B0000450B0000F8
:1059F0008C0B0000AD0B0000D00B0000EB0B000087
:105A0000030C0000250C0000380C0000680C00009E
:105A1000990C0000C80C0000F40C00002F0D0000D1
:105A2000550D0000920D0000B10D0000C40D0000E6
:105A3000DF0D00000B0E0000180E0000440E0000E9
:105A4000630E0000950E0000C30E0000F20E000071
:105A50000B0F0000440F00006B0F00008A0F0000C6
:105A6000B80F0000FE0F0000391000006E1000009B
:105A7000A3100000D5100000E0100000111100007C
:105A8000321100005F110000A91100001C1200007B
:105A90006B120000E812000065130000D61300002E
:105AA00047140000BB1400003B150000B5150000B2
:105AB00045160000CF16000052170000DB1700004B
:105AC00065180000EF1800006D190000DD190000D6
:105AD000431A0000AF1A0000271B0000941B0000AF
:105AE000201C00009F1C0000131D0000A31D0000CF
:105AF0002E1E0000C41E00003B1F0000C01F00003F
:105B000038200000B02000002E210000C12100003C
:105B100033220000B022000035230000BC23000027
:105B20004E240000D024000038250000BE250000CF
:105B300042260000DD2600006E2700000528000038
:105B4000A12800003129000079290000052A000061
:105B5000AE2A0000392B0000B32B0000392C0000C6
:105B6000A32C0000242D0000C52D0000552E0000A0
:105B7000D82E00007A2F00001B300000AC3000004F
:105B8000273100009831000017320000A4320000D5
:105B90003D330000D233000061340000DD340000EA
:105BA00071350000D53500003E360000AF360000EC
:105BB00045370000DB37000041380000C0380000E6
:105BC0003F390000B2390000413A0000C43A0000F9
:105BD000593B0000EB3B00007D3C0000033D000012
:105BE0008A3D0000033E0000793E0000F63E0000C2
:105BF0009A3F000029400000A14000003A41000007
:105C0000C04100005F420000FD42000090430000E0
:105C1000FE43000073440000FE4400009145000074
:105C200024460000A54600001F470000B8470000BA
:105C30003D480000E1480000874900000C4A000090
:105C4000B14A00002C4B0000CF4B0000654C000017
:105C5000E44C0000714D0000F84D00008F4E000034
:105C60000F4F0000B04F00003C500000DC5000001F
:105C70005E510000ED51000062520000D152000060
:105C800050530000B653000039540000C0540000C7
:105C900010550000785500000456000079560000A9
:105CA000085700008F5700003D580000C4580000FE
:105CB0003B590000C6590000485A0000DF5A000056
:105CC0007D5B00000D5C0000A75C00003D5D0000F6
:105CD000D85D00003C5E0000A05E0000275F000071
:105CE000A95F00001C6000009E60000029610000A8
:105CF000A161000032620000AA620000216300007E
:105D0000BE630000DB63000006001100F0500B08CA
:105D1000053018702109030C000E0170110F031AD1
:105D2000000E017008044014F03008001100F0501B
:105D30002BD021D02DD026D021D027F0900A0011D1
:105D400000F0800B070B0790060D0B010B010B9069
:105D50000A03110C010D08800D0B080106010E014C
:105D60000F700C09110A010D080D9008010A21039A
:105D7000A0010B011B0DA008050805F0500B001138
:105D800000F0F060060B100D0F010C086004010D0F
:105D9000100F21066005010B00040106080A0F60C0
:105DA0000E012E011E111E400D01061D01060D06DD
:105DB000011D500F03060A0108000D0E7006210C8C
:105DC00010060F70040D060D05100B0DF0300E00BF
:105DD0001100F090072D08B00C2103B0090D080D3B
:105DE00001700A08100F060D060170060E0A08065B
:105DF000210A8008060E0A0D1B0480081B060E0AE5
:105E0000088006210308060E0A700E0A1D0108000C
:105E1000080670010D07080108A00C210F04A00757
:105E20000D160BF0700C001100F0C0070BA0081647
:105E30000D0601A00B310970060D00070D0A110AAD
:105E4000700F0D100D010F060F70010D0006010FF0
:105E50000B0D01700F030C010F08000D0E700A11DD
:105E60001F13090370050B0D0706210DC00B0D0B49
:105E7000F04005001100F0502AD021D025F0900606
:105E8000001100F0500D0460040D50010F060B07C7
:105E900000070B060F015006810660080603090182
:105EA000090C0608F02006001100F0700B060A0C21
:105EB0000A060B700B0361030B501103060D0B0D4B
:105EC000060311500A0B600B0AF01008001100F0D5
:105ED000600D0B04D00C0A0C0DB0030F01030BB0C6
:105EE000060C010E0DC003160BC018F0900A00112D
:105EF00000F0900804D005010BD005010BB02C0177
:105F0000031C902A010C1AB005010BD005010BE00F
:105F100004F07005001100F0C00F060BD0210FC077
:105F20000B0D060AF01007001100F080050F0BD0D2
:105F300005010BD005010BD005010BD0040D08F0B5
:105F40006005001100F0C0030FE00E01E00B0DF042
:105F50003008001100F0500A08E0060E0A08D008C8
:105F6000060E0A08D008060E0A08D008060E0AE037
:105F7000080AF0300A001100F0600B4D0B800D6133
:105F800006701F4A1F70010D400B0170010D400D7E
:105F900001701F431F700D610D80084B08F0400712
:105FA000001100F0508A7081700A01065D70070FC1
:105FB00003E00D030BF0800A001100F060070B08EE
:105FC0000410070B700D210307000B01700301097A
:105FD0001106000B01700E0D000B010F040B017078
:105FE000010B100A010D0B01700F0D100B110F01A9
:105FF000700306200621D0081BF0300A001100F0C3
:10600000A004059008060A060D0E010F0B700A6128
:1060100003700F0C0D0A010608060970010B00073A
:10602000010B000B0170010D0005010B000D0E703E
:10603000010D100B05000D0F700B08400B0DF0301B
:106040000A001100F0A0070D08804D0601060D7032
:106050008170110A1D06010A0D700B030106070865
:10606000010D900506010F06010DB00B03110DC0C7
:1060700004060A0BF0400A001100F090041590038A
:106080000B000D210F0B70010B000F310370010B82
:1060900005010D17060170010D08010B100B0170B1
:1060A000310B100D0170390B10060FE018F0300A9B
:1060B000001100F080040B1D0880030D000A310D53
:1060C000700E0D04010F1A1F70010B05010B100D4E
:1060D0000170010D05010B100D017003090301236F
:1060E0000903700B0E510D80054B07F0400A00119B
:1060F00000F0500B07E011060BC0310A0BA0010D98
:10610000060E11030D0570010B0007060F110F702D
:10611000010B20050D030170010B500D700D08F0EF
:10612000A00A001100F060080B08000D060D0770B2
:106130000D2106210A700F01030901030A030F70E4
:106140000E0D0008010B000B01700E0D000B010B72
:10615000000D017003010E110F0C1F700D210D2198
:106160000680050807002D04F0300A001100F060D9
:106170000B4D08800D610D700F031A010C0A090305
:1061800070010B0005010B000D0170010D000701EE
:106190000B000B01701F030F010B000D0E700D2182
:1061A0000304000D0C80081B05F07005001100F0C1
:1061B000700F0320030F90010E200E01900D0B2095
:1061C0000B0DF03005001100F0700F03200F060BCF
:1061D00080010E20210F700D0B200B0D060AF01010
:1061E0000A001100F0600508051008079008010D6D
:1061F000000B010DA00C0A00060F04A00D01050301
:1062000006B007010D010BC00A0E0FD00D0106E00C
:1062100004F0700A001100F0700805000804B001D5
:106220000B05010BB0010B05010BB0010B05010BB8
:10623000B0010B05010BB0010B05010BB0010B0503
:10624000010BB0041004F0600A001100F080040893
:1062500007D00D0106D00C1F04B008010D010DB0D0
:10626000060E04030AB0030A00060E059008010D8D
:10627000000B010DA0042004F05009001100F050A3
:106280000B0C030A08B003210CB001060D03010A30
:106290000B1670010B000809010D0E01700E0D1098
:1062A000080D0B060A700F06E00D0BF0A00D001193
:1062B00000F060053B08900703310E0780060F3B96
:1062C0000116700C060D1C03010D03700F0D090360
:1062D0000A0C030D0970010B010B0007010D017081
:1062E0000F0B0F030A0C01060170031D23160F701C
:1062F000060F4D0F0A700703410F0880044B07F08B
:10630000400C001100F0D008C0070D030190040DEF
:106310000A31700B0609210C0D0770210A0D010DC1
:1063200090010E0D0508010D900311090A010DA041
:106330000B060F110F0A0DA0040B0A21D0070D0345
:10634000F0300B001100F0A00B0D0B800D0F010FB2
:106350000D21067003310E030E03700E06080D01A9
:106360000D000D0E70010B0005010B000B017001FB
:106370000D080B010D080D01708170817084F030E3
:106380000A001100F0500A0640060C700F0D400D77
:106390000F70010D400D0E70010B400D01700F06C6
:1063A0000420040A0F700A610A70080F410F088068
:1063B000044B05F0400C001100F060044804800B11
:1063C0000F41090B700A610C700F0A0735060F7038
:1063D000010D400B0170010B400B0170010D480DC8
:1063E00001708170817084F0300B001100F0C004E6
:1063F00005700F0B00040D08000B0170010B000568
:10640000010B000B0170010B0005010B000B01706B
:10641000010B0005010B000B0170010D080B010DB4
:10642000080D01708170817084F0300B001100F054
:10643000500504E0010B00040608A0010B00050153
:106440000BA0010B0005010BA0010B0005010BA027
:10645000010D080B010D28708170817084F0300CE3
:10646000001100F0501410380770030A0005310ABB
:10647000700F0D00053103700F0D0005010B000DAD
:106480000970010B00040608000B0170010D400D9E
:106490000170030C0520040A0F7006610670070CDA
:1064A000410F08904B04F0400C001100F0508B702D
:1064B000817081A005010BD005010BD005010BA057
:1064C000280B010D28708170817084F03006001156
:1064D00000F05088708170817084F03008001100E5
:1064E000F0506B0880710D705F090103E00A0EE047
:1064F000060EE0060AF0300C001100F05004600BAC
:10650000700C07400D0E70010F0B10040611700C7B
:10651000010E0D070C1106700406110F010F0BA0E0
:106520000D11030890280D0A0B287081708170846A
:10653000F0300A001100F0C00D0AE00601E006018B
:10654000E0060170680A01708170817084F0300E7D
:10655000001100F05086708170110956700A0911FF
:106560000C0D07A0040D0A0E110A0DB0050D0F1138
:1065700090040D0A0E110C700B0A09110F06088009
:10658000110F060BB08170817084F0300C00110087
:10659000F050867081704D06110FB00D0E010C0881
:1065A00090070A1106A00B0F01030BA006110A05A4
:1065B000B0215F70817084F0300C001100F0600831
:1065C0004D08800B09410E0B700A0143010A700F40
:1065D0000640060F70010D400B0170010D400D0EBD
:1065E00070030A0430060F70066106700803410F3D
:1065F0000880044B05F0400B001100F060081B08F8
:10660000B00D3106A003011F1105900E0D100B01F6
:106610000B90010B1007010B90010D180B010D18C9
:10662000708170817084F0300D001100F0C0070B94
:1066300080083D1B0170080F410301700A014311DE
:10664000700F0640060170010D400B0170010D40F6
:106650000D0E70030A0430060F7006610670080301
:10666000410F0880044B05F0400C001100F0F06071
:10667000050D160710080C700A210C000D0E017094
:106680001F0A03010C110C70010D000811090D8087
:10669000010B0005010A0890010D080B010D28707F
:1066A0008170817084F0300A001100F0500D0B10E1
:1066B0000B03090C08700F0D1003210A70010D1057
:1066C00001060B0A0F70010B0005010B000D017094
:1066D000090D0008010B000B017003090A030108F2
:1066E000000D0E700D210A10060F800B060D05100F
:1066F0001BF0300B001100F0500504E0010BE0012D
:106700000BE0010D6B70817001096F70010BE001EE
:106710000BE00A0BF0A00B001100F05063060470B0
:106720007106706D0F03E0060EE0060E70580B0345
:106730000F70710670610C07705504F0500C001159
:1067400000F05008F0010C0D05C0210E0A0BA00747
:106750000D0A210F0608A0070D0A21C00706119097
:10676000070D0C210F700D0A210E0A0B0470210C6D
:106770000D05A0030D08F09010001100F050060B5D
:10678000E0110F060BB00A0F210F060B0490080D45
:106790000A0F110FA0040B060F1170070D0A092133
:1067A000030670210F060D07901109060D07A00BB7
:1067B000060C210C060BA0050D060F1190070D0607
:1067C000032170060C310F060B702103060BA00C81
:1067D0000D08F0900C001100F050046007700308E1
:1067E000400B0F70010E0D200611700A110A0B0CE0
:1067F0001106800B0F21030BA00D210D90080C1129
:106800000A110A0770110F0B000D09010F70010A20
:106810000520080C01700D500406F0300B0011002B
:10682000F0500607E0010F0DD003110C0BB0040D62
:106830000F110A269007034170040D0F110A2670EC
:1068400003110C0BB0010F0DD00607F0A00B0011C7
:1068500000F0C0040770010A07300B0170110F0B24
:10686000200B01700109110604000B0170010D06D7
:1068700011031B0170010B000B0F010E0A017001C7
:106880000B10070A2170010B300D0E01700D07402F
:10689000080DF03007001100F040070480040720C5
:1068A00005010B800B01200501068D06012005C1A5
:1068B0002004C6F00008001100F0C0080AC0080A51
:1068C0000E06A0080A0E060890080A0E0608A00682
:1068D0000E0608C00A08F0A006001100F03005C33B
:1068E0002005C12005010D8B0D0120050F0B800B2C
:1068F0000FF00007001100F060080DD00311D0095F
:106900000D07D01103D0070D06F09009001100F01B
:10691000F00804D005010BD005010BD005010BD008
:1069200005010BD005010BD005010BF0000600118D
:1069300000F0501BD004090BD0050CE00408F0B0A7
:1069400009001100F0700D0F41900351900E0608E0
:10695000010B0D0A90010B05011B0190010D0501B2
:106960000A0C0190030D00031103C0081D08F0304C
:106970000A001100F0700B0C230A079003410A90E3
:1069800001062B060F900E0B200B01900A0D200D17
:106990000E60290E0129010C60710F0B607804F064
:1069A0004009001100F0700D0B200B0D900F0D2011
:1069B0000D0F90010D200B0190010D200D01900F86
:1069C0000E2C010F900D410DA0080B0D0B08F0408F
:1069D0000A001100F0409A6091602D0A0C2D0C0AFB
:1069E000900F0B200B0F90010D200D01901F2C0F0D
:1069F0000E9006410AA00B2D0B04F0300A00110086
:106A0000F080041805B00B09110B0D0C900309035D
:106A1000010B0D0F900E0D05011B0190090D0501D5
:106A20000B0D0990030F0C01030E0C900D410DA0EE
:106A3000080B0D0B08F04008001100F040060B0099
:106A40000D07B0010B00010BB0010A0D01064D60EE
:106A50000C81600816010A46900F0BF0800A0011A5
:106A600000F0706A060B70810D600A0C2D0C0A068E
:106A70000F03600F0B200B0F000D0E60010D200D9A
:106A800001000B01601F2C0F09000D016006410A77
:106A9000000D0C701B1D0B04F0300A001100F0708B
:106AA000055D900A51900E034A900E0BE00A0DB05E
:106AB00039014960916098F03005001100F05001F3
:106AC0000B6170010B6170050465F0300600110068
:106AD000F050090B79030B40010B81034008047847
:106AE0000601E00B06F0000A001100F0700B300404
:106AF0000D90010D100B0301900E010A0611039079
:106B00000803110E0604A004060A0880996091602B
:106B100098F03005001100F0409160916095F030E0
:106B20000E001100F070075D900C519001034A9027
:106B3000090BE01648900651900E014F90010DE0B0
:106B40000A0DE00E014990619068F0300A001100D2
:106B5000F070055D900A51900E034A900E0BE00A0A
:106B60000DE00F014990619068F0300A001100F0CB
:106B7000800D260D0490064106900F0C2D0C0F90F1
:106B8000010D200B0190010D200D019003092C092E
:106B900003900D410DA0080B0D0B08F0400A0011E9
:106BA00000F0700B0C230A0B900341039001062B9D
:106BB000060190010B200B01900C0D200D0C900F85
:106BC0000129010E2960916098F0000A001100F07F
:106BD0007008166A600A8160090C2D0C0A2D60018C
:106BE0000D200B0F90010D200D01901F2C0F0E900A
:106BF00006410AA00B2D0B04F03008001100F070C4
:106C00000D07E0010BE00A06E00F010E39906190DC
:106C100068F03009001100F0700D0B000B1A0B909A
:106C2000090D000F110C90010D0401160E90010DBD
:106C300007011B01900F030C010B0D0E9006110FA5
:106C4000040D0F90051D0800080BF030080011001E
:106C5000F0700D0820080D90010B200D0170160139
:106C60000A26030E70710A7016010A260D05900F90
:106C70000BF0800A001100F0706D9061904A030CD7
:106C8000E00B03E00B019049010F9051069048057D
:106C9000F0400A001100F07004F009060BD0210F3B
:106CA000060BA0070D0A091103B0040B0311900D88
:106CB0000A0F11090690210A0D05A0030D08F070B6
:106CC0000E001100F0700BF0010F060B04B00A0962
:106CD000110E0A0DB00B0D0A11A00B060C21900F1E
:106CE000110F060D0790110F0D08B00D060F110FB3
:106CF00006C00B0A11900D0603210390210C0D080C
:106D0000A00C0D08F0700A001100F0700D400D90FD
:106D100001060400070A01900901030D0F01039009
:106D2000080A21060590070A210604900F01030DA9
:106D30000F010390010A0500080C01900D4006F0B8
:106D4000300A001100F0700BF001030D07C00F2195
:106D50000A0D04A00B0D0C1109060B90080D0C3147
:106D600003600603210C1D030160110F0608300BA0
:106D7000600A0D04F07009001100F070060B200B82
:106D80000A90110604000B0190210C080B019001E0
:106D9000060F0109060190010B070A2190010B1053
:106DA0000D0E01900D0720080DF03008001100F0C5
:106DB0004008048004082005010B800B0120040119
:106DC0000C2D0B000B2D0C01300C410A410C30072F
:106DD0000D260A010C360780070F0BF05004001136
:106DE00000F0508B7086F03008001100F090040B1A
:106DF00007D008010B800D030E610E030D300F311B
:106E00000F0D0F310F2005010D150420041506018B
:106E100020050A08800B0AF0000A001100F0900813
:106E200007E00D0F05D008010BD00D0F04D00306AD
:106E3000E0010BE01AE00405F06008001100F040EA
:106E40000D0C030C0DB0090F0C0301079005010B8D
:106E50000007010B9005010D080B010BA003210F8A
:106E600004A0072D08F0800F001100F0C00B047083
:106E7000050430080304700A08400D047006084039
:106E80000D045004000B08400D04700B07400D0466
:106E900030080B08070D0B480D04300D039CF00D56
:106EA00004E00D04E00D04E00D05E00D08E007042A
:106EB000200E0011001007E00D0A00040004000B72
:106EC000030D600B060014000B0F0D0460040D2071
:106ED000070A0B0270050D0004000D0B000534308D
:106EE000050D200702A0060A0B8D0720041D0301D3
:106EF0000A0D560820050D02040D0A0B0280050D2F
:106F0000200B0A0D000460050D10040004060B7030
:106F1000050D200410060B60040D0540040D0560EE
:106F2000056015400D001100300432A0082A060A41
:106F30000D9005062B060B90040D200DA0040D00EE
:106F400004000D8005100D200D800D0C0A032A038E
:106F50002A0C0A0820081B0D081B0D4B07500D209A
:106F60000DA0050D200DA0040D280608A0062A0C72
:106F700006F0700E001100C00550050B600D0600F4
:106F800004300B0C10050D200D06000430050D100B
:106F9000080C20070B50040D00140D1400080D60A0
:106FA0000D02100B1002000B400D0A062D0A2D06D3
:106FB0000D000410080C0D360A360D0004100B08E5
:106FC000000D02100B1002040B50050D0004000D03
:106FD0000710080D50040D200D0810080D50040D69
:106FE0000510080710070D600860070DE004072072
:106FF0000F001100B0148004400806400B060B0778
:10700000300402060C400B0C2A0D04100B0F0B4031
:107010001B00080D060A0D080C0D0004301B200291
:10702000080C0E0D0204401B0200080B160D06078B
:10703000500B3D060B100B0650080D080B071014E3
:10704000001D30080B0502700D07200D03061B5DA7
:107050000B0D0830070D0A0F0A460A0607600B0DD4
:107060000742600410070D080034A004700F0011DF
:107070000090070B080B0740180D0720070B060FA1
:107080000B3008030B060810040002060C401D021A
:107090000B08300D0308400400020B0500080B0A22
:1070A0000C084008061D4A0D1004300B160D060D85
:1070B0000B08C0182004700410080B0014700D0396
:1070C0000B000708A0080D0A068A08500B0A0C0BD3
:1070D000084B07700B060BE0070D07F004600F006C
:1070E0001100F0700B08D005030B0004900400069B
:1070F0000A0B07B00D0C08030AA00D0A05020D16B5
:10710000100D072007081D000B060D000B0D0A03CC
:1071100007200D0F0D02070C1D04020B030730079B
:107120000D0C060B08000D10060B00044004060AA7
:1071300007000D00080D6004100B0A070D07050776
:107140008004000B060B04B004001BF00BF0800F52
:10715000001100A007801B0014020D06000440046B
:10716000001D02100D0F0D80080B0008060A0B0011
:1071700004500400080D0B0D0B800D031A0F0A16A6
:107180004A0820082B0C0F060B083B054002080B91
:1071900008060A0B02900B0D1008060D1004300BA8
:1071A0000600070B10121B500B1A6D160D07400836
:1071B000060F031D160D160860071DC004101B00E6
:1071C00034F0300F001100500405B0040B001D0016
:1071D0000790080A020B0D08030810080740040D69
:1071E00000080B070A06070B03082018000B02080B
:1071F0000B070B080D0C0D300D0C1A1D0B070B02A5
:107200000B064005080B060D0A0C0A06000D0B7054
:107210000D00081B0D050804700D05080D900D0CE0
:107220000B10070B9008060C0A0C0A064A060750BA
:107230000D1C0D3B1D07700B0D07B00410080D054C
:10724000F004600F001100F0400560080D500B0ABB
:107250004004000D060204300806000A060B051063
:10726000070D600D050D060A060D0B080D400B1DE0
:1072700030071B060D0004100B0A1D30080B000719
:107280000D300805000D00050B0A130D070D500702
:107290000D040B0D0B0710080D3018000B04000235
:1072A00030050D300D03069B042004080D060F0366
:1072B0006608600B1D04E00B0D04B004A00F001164
:1072C00000900708050704700B0D10070D060A074C
:1072D00020040D08101D0004100306000410040C07
:1072E0000B0200070B02000B0C0A500D06080B0DD9
:1072F000060D060A0D00050430081A061A0D0B05C6
:10730000000B0A07400D0702080B0200050D060BD3
:107310003004000D0700080B0004000B0650020D9E
:107320000C1A0C3A0F0D30080B00171507250740F3
:107330000D0F06980430070D0A010A065A08600D61
:107340000608B00410080D070004A004A00F0011E7
:10735000001004F040040D0004000D0730040B2859
:107360001706100B030830070C160A0D000D000B52
:107370000A0B40050D100D07000D0B0D0502400511
:107380000D100B060D0A060D260720050D00020B39
:107390000D0B0A0F060B1D0720050D0B080D0B0228
:1073A0000D0B060B0250060A060A06000D00040625
:1073B0000D401B400D200D0B300D030A0B281B2820
:1073C0000D0430050D060F03362A08600B0D0BF077
:1073D0000B080004A004A00F001100F0300D0810ED
:1073E0000724800608060806080D0A060A0D300460
:1073F000000B050D070D080B0D08060B40070D05CA
:107400000B070B070B08020D40080A0C040D070BB5
:10741000071B000D05300B080D050B070B070B07AD
:10742000020B600D050D080B080B060D0A0D40023E
:107430000D080B080B183D05200B0D0B07403230D3
:107440000B1A0D8B05400B061F560A0860080D0B22
:1074500000426004101B0034F0300E001100B00B2D
:1074600007801D02071D0F060004300700021D02E1
:107470000407050B0A020430060A170B0004100863
:107480000602043008160D0B021002080A0204302E
:1074900012000D0A360C0D0004100B060D060D1619
:1074A0004B400B062D060D228002000B08260D0412
:1074B0005004000B030A0B0D0B0D060A0B500706B8
:1074C0000B00080B02100B060840070510080D0002
:1074D0001400080D600400080D400B0870040540FE
:1074E0000705100F001100F0700B0720070B400478
:1074F000001D000C0B0004000B0305501D020D08BD
:107500000004000C0630070B02080B020B080002F7
:10751000060A400D0F0D1B000D0800060A05400568
:107520000B0D0A0B021B1D8002080A060A06070241
:10753000801B060D1A0C0D700603060B020B180AB1
:1075400006500B0D00080B020D0810060D4005102B
:107550001B020B0820060B60080D000B0820070D0E
:10756000600708001B301B8005043015100F001148
:107570000030046007600806000B100D08070A04BD
:10758000500806080A10060B0006054005080B0007
:107590000D100B08000D0430080C060D1A161A0603
:1075A0000A401B000D0B061B060D0B0604300408D9
:1075B000000B020B120B05020B400B0F160D061DE4
:1075C000160D0A0D0520050B0D030F760840080B5C
:1075D0001D07B0070B2D0500027007060B000B06F8
:1075E0000A062D07400D060820060306030A05308B
:1075F0000408400708F0700F001100F060080BC08D
:1076000004000D0C100480040007030B023004601A
:10761000070A161D1B0740150D060B080A161A0C43
:107620000D300D060B0702080B02200B0F08700827
:107630000B0220080D3004082007160B0500070474
:10764000300803060400081D1A0D50040B060C0B2D
:10765000080B02000B060D700B0A0D0B0004100D39
:107660000B7004060B1004100D075004100D0830A9
:1076700018800507700E001100F0100B069D0B30EE
:107680000B9D060F08C0020B06500D0A460A0B1888
:1076900030070B070B282B07500B0A101D07028021
:1076A000040D10062A0B70050D07020B07040B0AC8
:1076B0000605600603060A0800160D060740050DBC
:1076C000080D2A0D07000B0640050D2008160710AF
:1076D0000B0D30040B050004100B0D04100B07B04C
:1076E00004100405100F001100F0100B069D0B3064
:1076F0000B9D060F08D007063004000B5A06000742
:10770000085015070804B0050B08060B2D0B700870
:107710000A001D060D06030B400400040D001B05A6
:1077200002000B05400D160A062A460820080B0821
:107730000D0B1D0B281B053008060D002B286007BC
:107740000D062D360B80080B05F0900E001100B0D1
:10775000047008061B080705900B0C1A1C1A0D7004
:10776000080B020004080B0D03064004001B000474
:1077700020020D03054002070B0214000400060856
:10778000300D060D060D084008400B163A0608900D
:1077900002080B000B060A0D7004001B20051605DD
:1077A00070080B1004100D0670080D3004001D70D9
:1077B00004600D08E015100E00110030040002D026
:1077C0000B0C262D0B700B0D0B3D060C0A04400212
:1077D000080B2210020B0F08200D0A261D0B201D7E
:1077E000300B2D060D160A0D0008045002080B027E
:1077F000100816054004000D1B0004000B040B06C6
:10780000045006070210021B020B0D500B5D061000
:107810000B08400D560A080014400D080220020D06
:1078200006701B0024000B0A046004500407400F7C
:10783000001100F03004860D5004064D0B060D0BB0
:1078400050040D40020B0860040D0537001B600456
:10785000064A061A06075008171425180440050A98
:10786000362D0560050D2B2D06030B300705040D85
:107870004200020A0D0004100D030A032A060D0837
:10788000000D4007180D07080B0D2608700D500B52
:107890000D0B600B042004200B08F0200F001100DA
:1078A0005002D00B0A361D0B5004000B060B3D0690
:1078B0000C0A0450080B2210020B0307200B060DC4
:1078C000161D0B07101B300B2D060D360705600229
:1078D000070B1200050B060B5018000A0B100B06C5
:1078E0000B0D0B401D020D08000B0A0607040D07C7
:1078F000301B021B000B040D1018301B020B030A77
:1079000004000605601B020D0B0D0A0B0D0B000495
:1079100040080D000D0802070D0C06000440040588
:10792000000B07200D0BF0500D001100F010080D9A
:10793000600400080D300D0A2004400D06020410FA
:10794000040D050A0B0004000B0A0D050D30050D92
:107950000706030D000B0F06170D30050D100B0A5F
:107960000C030B10080D30050D0005020B030A086F
:1079700010070D30050D100B060708060B00080D4B
:1079800030050D00080D0410070608070D30050D21
:10799000000840070B070B30050D870B0D30040660
:1079A000AA0830049005200F001100F050050B0DBF
:1079B000040B08701B000B0D030B0A0B700B0C045F
:1079C0000002062B6004000D0610061B0880020D45
:1079D0000B02061B08600B060D060C0D031B08604E
:1079E0000B1D0B160D0A0C3A08300210070D00078C
:1079F0000D0B071805200B0D200800020B08600B6B
:107A00000A461B08800D0C0D0B0D080B0890080D85
:107A1000201B80040007081018F0600F001100C040
:107A20000730080D70020D060004100D0C00040054
:107A30001D100B0D0B0D000410040D0004001D02A1
:107A40000D0F06080B30050D20080B08060802076D
:107A50000D30050D1700080B30080D30070B0D0316
:107A60000A0C030A1C0A0306000410050D0508078A
:107A70000B0D0508170B0D30050D20080D30070DF7
:107A800030050D20070B30080D30050D281B18049C
:107A900002070D3004066A060D080B301440040777
:107AA0000B0D060BE0050B08C004400F001100F0A1
:107AB000400708000430070B50020D060240080F73
:107AC00008400B0D0B050D100400060C400D030DB6
:107AD0001B030A0B0004030B30080A07080B071BE3
:107AE0000C0D16400807001B080B02051F0760025B
:107AF000080B080B07060D060D400D062D071D0B84
:107B0000100608300B0D063A0B200B0D0004201256
:107B1000070D080D0A060B100D0830161B02100B7E
:107B20000A0D0018300B060306401D1450080B20E8
:107B300004101BF007200F001100F0501840070B35
:107B40007006030730080307200B0D08000B0D0B10
:107B5000300B0F082006030C1D000B0D200D0A3002
:107B60000B0A070D0A070D0F0600020A0D0004108C
:107B7000070600020D071B1A0B0C0730050D080D38
:107B80000A050B080206010D500D26050B1706030A
:107B90000D500D0B020B070B0D060B040A08401BC2
:107BA0000D0A050B0D04101D0004200826000B080B
:107BB000000400070D40080B000D0A0D04300D0BEA
:107BC00050140D0605300B08E00504100E001100DE
:107BD000F03014001D02001490020B0D000B700D0C
:107BE0000A160D081B0F0A060D401D0B060D080B8B
:107BF000070D0B0D0A06300B0402080B080B070BD0
:107C0000020007010B200D07001B080B070D100BCE
:107C10000604200D07001B080B040B100B05300B8E
:107C20000402080B040A060D0004502D16080D0668
:107C30000A700D361B0207B002080BA02400080BC7
:107C4000E014800E001100600490080D000400068E
:107C50000D02800D0A100D0A041B3830040D1006A9
:107C600008000C2A0C060720050D000B0D00040D62
:107C700015040D0730050D02080402000D200D0447
:107C800040060D360D200D0440060F0A3D0004008D
:107C90000D0530050D070A0B02000D200D40050DE6
:107CA00000070A0B00062D0A0D0720050D10080617
:107CB000040D460820050D04100B0D0280040B0472
:107CC000200B0700349014700D00110020082714B9
:107CD000A0060C0A0C0B060C1A0C0605400D0B082E
:107CE0000D050D280D083004020B07000D000D20B6
:107CF0000D50080D07000D000D200D04300B03067C
:107D000005000D000D200D04300B080D08000D00BE
:107D10000D200D600D07000D00062A0C060720043B
:107D2000000D08070D071B082B05400D3A26080219
:107D300060481B0D1607E00B0D05A0042005071079
:107D40000E001100C00550040A0D3004020D06009B
:107D50000440160B300B030B50050B000800050800
:107D60000D0608700D002B0D0B600D0A1B07030F8D
:107D70000A060B600B061A0B0005080D1608700B9F
:107D8000060D20020B060850281D080B08020B0DDB
:107D9000300400060C0A061A0C06100B08400D07EA
:107DA0001004000B08100807400D0B081B081D07E6
:107DB000700D6A0D0004F0300E001100F0201D005F
:107DC0001857501D02060A164A0830080B020D0803
:107DD0000B0D20080A073008160D080A061D1B089F
:107DE00040080D0B060B0D080A0D0A0640070A0D88
:107DF000020D0800080B020B08400D0A0B021B04C1
:107E0000080B020B0850080B0D060D0A0B0A060A98
:107E100006074008060D06070B063B07401B020B32
:107E200008000B08801B020D0C6A0830080B0005C7
:107E30006708043014C00F001100F0600708000B41
:107E400008701705000D0602060A0417402A060BE3
:107E50000D000A030A0C060720050D00080D0A0D87
:107E6000080A08000D0530050D080B063D08000D39
:107E7000043004160A06070D000B0A060A0608500D
:107E800002080A0B02081B080B0530060A062A0026
:107E90000D0A060A0D0420050D081D04061D0B071A
:107EA0000D0830050D02080B080B080A08050D0720
:107EB00040062A1B020D031A060730370B0D00057A
:107EC0000DB00408100B04F0500D0011001004F068
:107ED000069A060420050D080B68060830050D10EB
:107EE000171004100D40050D1006030A0C030B00BB
:107EF0000D0430050D100D0800080D100D0430059F
:107F00000D100D0800080B100D0430050D100D08A4
:107F100000080B100D0430050D100D0C0A0C030D9C
:107F2000000D0430050D2005041004000D40050D62
:107F30008B060B04200406AA08F0200F0011004055
:107F400044F000070B060B600B4D1B1A0204400D9A
:107F50000A0D060D0C0602080602041004200B1080
:107F6000020B08020B060204100D0A161A161A0B51
:107F70000806020410080B280D3800080A02043015
:107F80002D064D160004300D060D060A0D260D08AF
:107F900060020D18120B602807062B070D0B00045A
:107FA000300D0C1A0C3A0C0A900D0B300A0D800B98
:107FB000081004000B0DF0400F001100F070040DCC
:107FC00020070D600B170B0A0004000D0307400784
:107FD0000C3A1008030D600D00140D000B0A0B4045
:107FE00018070D0405042D070004300D0A060C26A1
:107FF0000A060B6007180D280D0B060A07700D0BFB
:1080000004000D00070B0604700608020D050D00A4
:108010000B0D30070D1B060D2B060B000D08200B5A
:108020000A161A260A06021850020B0820050C0828
:108030005014000B08000400040D08F0400F00115C
:10804000006004B0070D400B1D060730160A00162D
:10805000071005030A30080D040B000B060A0D0873
:1080600016400B0D0B061B0D060F0E0602400B16DD
:108070000A161D1B060B700D0026080B07060B5079
:10808000040D000D0806041B000D0540040D00162C
:108090000A0B08060018500B0D0B280B0A0B4004A6
:1080A0000B0807060B0417060B0740082A0C3A03B7
:1080B0000B00043004200D0B200B0A900B08200746
:1080C0000D05F0400F001100900507000440080B5B
:1080D00020070600080605500B0A0B170B0A000BB9
:1080E0000C1B401B1D0B060B000A1B0A0204203B45
:1080F000082D0300080D40080D4A0B0D00040B402D
:10810000060D0B0D0B2D062D0004100D0C0B050B91
:10811000041B060C060A0600041007080D46040B93
:10812000100B400B1D060D160A0605080D400B0826
:10813000000B050D1B0A08050D400B060D0B070B68
:108140000D00080D070D40070D06200D08001B054A
:10815000A007200BF0400F001100F0800B07E00695
:108160000D02D00A0D0407080704300B0620070390
:108170003C0A08300B030A07020D0602080B040D27
:1081800040080B0D0A0B1D00080B070D40080B02E1
:108190000D0C000D3A060004201B070D060B0D1BED
:1081A0000D0B0D300D01060B08001D02040B000B1A
:1081B000000410070B0C0610080A0D260A07500DC4
:1081C000060400163D08601B00080B02B005000500
:1081D0000B070014B00705500E001100700804B022
:1081E00004000D0C07C0080C0BD00D0B02800D0A0B
:1081F000260A66082008BB07500D0B0012A0070ACC
:108200001C06081024300504000B000B060C0607A2
:10821000600D03060D10160D0A0B50070D060C0617
:108220000D06040008060B70050D0A0D2007060751
:108230005004200B0D0410080B70041015200520AD
:108240000F001100F0700430050B5004101D0004E5
:1082500010070F0B30060D1016021402060307302C
:10826000060D10080B0004020D030840080B10084F
:108270000B100D0A080004301B0200080D0B060D40
:108280000400044008060D0B0D060B9008260A0C8E
:108290000A0608701B0200080B08060A0B601B1078
:1082A000080B10080A0B500B0D10080B00050004FA
:1082B000060840080B10080D30080D80080B400B15
:1082C0000870144014100F0011004004C00507305E
:1082D000080B80060D000B04000D060204600D0B58
:1082E000080F0B02080B000460080B071D180B8019
:1082F0001B080B082C1A0C0605100400080B080BB1
:1083000000070B0D170B0307200B060B070B1008BC
:108310000B10080B0004100B030C0D0B10080D6064
:108320000402080D060A0B05080B071807401B027C
:108330000D130A063A08301B100516370804301BC7
:10834000301D800507400B08F0600E001100B008DA
:1083500007501D100B07000B0D030600041004004E
:108360000D0608000C0B0005040D0A0204300B0575
:1083700008000D0B000400080602041004000D079D
:1083800006080B07020002080A020420020D050D70
:10839000070B060D060D0A060004100516000B0754
:1083A0000B063D05300D16050B070B071260050285
:1083B0000B050B070B0A060D08700D070D070B1DAB
:1083C000060A0D600D000B080B07020007060B5094
:1083D0000D0A0D000B08000400080D50041D0018C4
:1083E000301BE017100E001100B005601D600B0D72
:1083F00050060A0B0600080B100B0307400B080B76
:1084000006000D0602000B03072004000D07000DF7
:1084100000080D100B0C0430020B07000D02050BB9
:10842000120B0A30051607001D060A1D0A06000475
:10843000100D060D07000D061D060D030B3005027D
:108440000B07000D32080D600D08000D00060D1B16
:10845000700D07000D05060C0A0D05600D0A1D07BD
:108460000200080D0608600B0D05000420070D072B
:10847000C004000405100E00110030053015800600
:108480000A300A0B1007042004000D060B0004003C
:10849000060B02060305400B1714000B0807030B1D
:1084A0003004000D080210020B071D0004400D07E8
:1084B0000D060D0B0D080B0740070A0C08161A03D2
:1084C0000C0D0004302D070008101D0A0D40040299
:1084D0000B07060308020B07000608501B0D000BD4
:1084E0000C0608000B0D0004300D0502070A0D0BE9
:1084F0000800050D07400D0A0D0708021B101B4060
:10850000040B0605101B1018A0042014100E0011F7
:1085100000400410043007500D0B600D06020430BB
:10852000160800080D040B000B060004300B070AA8
:108530000B030A070A00070B3004000D050D060D9A
:1085400007000D00080D40020D050B081B020B0271
:10855000000B300716000B050B0D060A0D060D006B
:1085600004100D060D041D0B1D0A0D060D00041050
:1085700007020B050B061D020B02000B500D070B2B
:1085800008060A000D04080D500D000B080D0A0026
:108590000D170D500D0A0D040504000800070D50BD
:1085A000041D50070DE00407200F001100F0200B00
:1085B0000605000B0D04900B0A0B070C0610082B88
:1085C00005301B001B0007000D0A060A08301B0AB5
:1085D0000B04060A000500080D40081B0C08000AE1
:1085E00020040B40060B020D0A0006082B0D0004A8
:1085F000100D0C0D062D060B0A060A0600041004C9
:10860000080D2B0A0C20070B401B050A061A200533
:108610000B401B00180406000B2D400B0D04080A2C
:10862000060D070D264008060A00070D080B1280EC
:1086300008051005080014F0400E001100F0800637
:10864000030DC00A0F0D07A00416D00D0B1004F087
:10865000800D0C960B300B9D060F08500205000292
:1086600020020B06400400051C0B0014000B0570D3
:1086700008060C0DE007060D05B004100B0DF00701
:10868000500E001100F010080B0807000708000D3D
:108690000B600D0C030D020D0602060B600D000BA6
:1086A000081B0D000D0B0517300D050B08260A0CD5
:1086B0003A08200D040B08020B0D000D0B040507F2
:1086C00004200D040D07050D0B020B0702500D04CD
:1086D0001B0A160A0C0A0608400D050B0D180D059D
:1086E0000D0B0D0608300D000B0002050B021B02DE
:1086F000080D04201D062D0B080B08100B08200B7D
:10870000660A060BC004070B1D07E018200E0011B7
:1087100000C00550060810060B200B060004300AA6
:10872000080D080A1B08000B0600041008000B07C0
:1087300006080B07060B00080B300D0A0D040B078B
:108740000B070B0802050B30040B06040B070B0785
:108750000B060D060D000420020D080B000B070B85
:10876000060D060D00041004020B0A03060D050B8E
:108770000802050B400D06070D060C060D08000843
:108780000D300B0A0D000B000B0D0A0D00080D300B
:108790000B000B050D080B0700060D040D500D18FE
:1087A000050B08100D0B05500805100B08200D07D0
:1087B0009014200407200D001100F090070B0D0C01
:1087C0000D4018370004080B1A0204200A0C3A085E
:1087D000200806020410050D0708070B0D300B0AD0
:1087E000020410050D20080B0004100B0A020410EF
:1087F000050D000400080B300B0A020410050D00E3
:108800000400080B300B0A020410050D00040008D8
:108810000B0004100B0A020410050D000400080BE5
:10882000300806020410050D201D0718070D0A0266
:108830000410040D0500075A0C0D400710045704DE
:10884000300F001100F03014300B08800A080008C7
:10885000100A0B8006180A100B086004000B0805AC
:108860000604000B080014500D04020B00020B0755
:1088700002700D060D0A1D162D072004000D160AA4
:10888000160A360830020D05000D00020B080250D2
:108890002B07000D00020B080004400D13080026F2
:1088A0000A0B70040D0A0B2D060890050D0B000233
:1088B0001B8004100B07000B08F0600F001100B0C4
:1088C0000405401D020D0840070D05301D020A0871
:1088D00040070C0830080B080D0B080B0A08020BA8
:1088E0000A401B06031A160A08060D0004201B0284
:1088F0000B052B081A04300B0F0D020B042B02166C
:10890000400B0D1B064D0B0D0B40080B0D0A260DE1
:108910000700080D0004201B020B0702080B1004BF
:108920000D07301B000D08501B300B3A260D0700B9
:108930001830074B2D060D0704C004080B059014D2
:10894000600F001100F0601BA0060D1016020480DD
:10895000060D0200080B0290080D180B0D080B18ED
:108960000B0840082A1C5A08301B10080BA01B10CB
:10897000080B0004801B00041BA0080A0C0A0C034F
:108980000A060D05601B04050B0D070B160B501B8B
:1089900010080B2008060840080B10080D001400F2
:1089A000050D0770070B400807F0200F001100F0BD
:1089B0004008402B060B400B0A40080B060F0830FE
:1089C0000D0A062014100C0600041004060B0D40BE
:1089D000081A400504000D00070B0D0A0306500D90
:1089E0001A0C2A060D08600B0D0B06081B10070B4E
:1089F000800D020D060200080D70050D00080D0522
:108A000008070D0860040D00073A030B60040D0011
:108A1000080B0005000B0660040D00080D20050C76
:108A200008600B04070B30060BE005300E00110048
:108A3000B0080B04200408150008060D060B0803F7
:108A400006300D0A060A18060B061D0607300D181B
:108A50000D00080B020B08001B300D07000D061A55
:108A6000060A160A0D300B100D081D081D0B0D0609
:108A70000004100D160A08070D000D080208060074
:108A800004100B2D180A060A0600080A07300827EA
:108A900004050B080410060820080C060A0604004A
:108AA0002A060D0430050D001B02000D07080B06F9
:108AB0000C0720050D0008061D0620070A072004E4
:108AC0000D00081D060A081008074005D00F001108
:108AD00000F050050B400B05700B0C0005200C0D31
:108AE000400710041D06100D0307300D0C36050657
:108AF000180C0B400D0B0D1B0D0205160800043061
:108B00000D000B05000D0B1D070004400D050D08A1
:108B10000006030C2A0C0605200D040B07000D04AB
:108B200000070D000B0307200D040D08000D002B9E
:108B300008070B0004100D071B000D080F0D07069A
:108B40000004300B0800142B10060D900D040004D7
:108B5000000B0308800B0520040D07F0300E0011F8
:108B60000050050004C00806050630043004000665
:108B70000800060706A00D08000D0A0C3A0605209D
:108B8000170D08070D070D0807050B0308200D1C1E
:108B90002A000D1004070D00041005040D08070D30
:108BA000000D080C0D0005500D08000D000D1B8078
:108BB0000B08000D070D800B0D020D0A0B0007803E
:108BC0000B0C0608061A5607400D0604080A064B49
:108BD0000550080D100D0890040015100820042001
:108BE0000F0011006015A00D08100B06101D500499
:108BF0000A08100D030006030D600B08100C0D078A
:108C00000D0405073004000D08020D060004070DD1
:108C10000C060004300D070B06400B0A0204100876
:108C2000070B0D0B000806080A0B08060204100DBE
:108C30000C030608000A2604080602041007080DA3
:108C4000061A0D000B100B0A020420020B05000689
:108C50000D00060A060C0D00041004000D08100695
:108C60000B080B1804500D0810070D000D060B60C3
:108C70000D0B200B080706036008052007081008E5
:108C8000F0400F001100100405201718701D00059A
:108C900000080D030B080D50060D060A07020B0C09
:108CA0000B0C0D400B0A0B000D0A0B0A2B1730079B
:108CB0000B0D080B0A010D00040B0C060004100D2F
:108CC0001A160D080D08100B06020410050D2B1DB9
:108CD000061D060B06000420081B0D060D060B06DC
:108CE00018060004201B081B020B000502080602E0
:108CF00004201B080B060A030D160A060004201B9D
:108D0000080B085B07400B0A260D0802001B5007E2
:108D10000B081B0D060D050B0C0DB00B080005070D
:108D20009004800E001100700400080B080B054031
:108D30000706000820080B0A0C0430070D06000C7B
:108D40000A0B200306000410070C060D040B060C8A
:108D500006081A401B000D0012070A010C50080BF0
:108D60000D060D061A060D060B400D0C0A0C060D1D
:108D70000B0500020406083005100B0208062D053D
:108D8000070D50050D000B0A0D160F0B1740040DB3
:108D900002080B12040A0860040D0B1D08070507E2
:108DA000000460064A060D0870340507080B1D050F
:108DB000E00807100E0011005004B00B160D3A0623
:108DC0001A0D04300B260D0B071D080D0F08300B74
:108DD00008071B00061D07050D000420080B082BC3
:108DE0000D070B0A054005060B081B081708060BA4
:108DF000400B0A0B080B4A060A0C0730080B081B2D
:108E000000070B0D00080A04301B072B0A2D04086D
:108E1000400B0D0B1D0B08100A0B0004300B5A06FB
:108E20001D07B0070B0D1608E0080D07B004500F22
:108E3000001100F070050D90051008000B0C800D5E
:108E40000600040A0B000D800D0C100D08000D80AB
:108E5000080A04000B08000D80040608020B080035
:108E60000D90060C0A0C1A032A0C0604301D070D7F
:108E70000B080D1B080D0F08301B020B07000D20FF
:108E80000B0D401B020D08000D200805401B020DB4
:108E90000B000D9018000807000D07E00B07F0709D
:108EA0000E001100F0300D064D060D060D052004D4
:108EB000000D061D162D0A0D05400B0400020B07C0
:108EC00002100B600D08100B080004000D05500D7A
:108ED00007100B08200D04500D08100D0B200D0479
:108EE000501B0005180004000D08500706021B0265
:108EF000200704302B060B0D064B400D1A0C1A03ED
:108F00000C2A0C0307500D120B0610020B0A054029
:108F1000050D14000A0B0004186007200804600EF9
:108F2000001100F030050B0A06000B080708174077
:108F3000060D000B0C001A0C0A030A07300D061070
:108F400006000D000D000D05500608000A000D007A
:108F50000D000D054002080B020A000D020D000B6A
:108F6000400B060D060D0C00160A060A0D07200B15
:108F7000360B005D0730020406020807424028064F
:108F8000050B0D0738400D0C0A0C1A132A0C0A07A2
:108F90002015070D0504080A0804000B0C07500DE6
:108FA00005101610070B6007200708600F0011005E
:108FB000F0300400050B000B0D000400070540060F
:108FC000170A000B0D02000B0C082004001D070DF2
:108FD0000007060B020A0B40020B260207061A0DB9
:108FE0004005060A0005060B080B0216401B0D0B78
:108FF000260C060008060B3004023D000B1A0D0576
:10900000063004001B000D00080B080B000D0B4080
:109010000706020B08070B0200021B200B0D0B06B4
:109020001B061D0B0D1B05200D160A26030D260C15
:1090300007500D200A0B0200080650040B14001DF7
:10904000000405F0400F001100F010040810050B9B
:10905000000720040D04200B0602000506000A0686
:1090600008020B03072004360A2D260B30044D0B93
:109070000D080D0C06000420074B000D0B08001D09
:1090800030050D3B04060D000B1D0730060C0A0CC5
:109090000A00060D0C030B070820050D04150D082A
:1090A0000B080D060D5005040D000B050B08000202
:1090B0000D0B302B060B1D4B0D04200D160A160C44
:1090C0000A360C08500D10080A0710070604400461
:1090D0000B14000D0B100708F0300F0011005004A6
:1090E000D01802100410070B4004000D0618300BB6
:1090F00003055008062A0D04070C0D30040702086A
:109100000B0007080D130B400D0F060D0B000B2D68
:109110000A0B40070B060A0C060B18000506086030
:10912000081D0B2002080D4004001D020D063D0B1A
:1091300008300502080B020D061D1617200B0C1A2D
:109140000C060C08120B0840070B080B0D070D0846
:10915000100B08000450080B020D0C1A1C0B6008C1
:109160000B00074807600405A00F001100F0200461
:1091700010040BA00B0610080A580730080A000458
:10918000000D0A360A0604300D07100D140537408D
:109190000B0D1B061B08800D561A060850070D0004
:1091A0000D0804060B040D060B502D071D00022DA3
:1091B00008200D262A0D160A080007200B1D16038D
:1091C0000F0A2D0850020B0D0B04000D0B020B08AB
:1091D000400B060D0B2D0B060D060B400B261D1626
:1091E0001D060DF0400F001100F060082004070D6F
:1091F0000830070B100B0C200B0D03060204100D9A
:109200000C100B0630020B0A020410070D200D2073
:1092100004000B06020410040D0004050D300208C2
:109220000A020410050D02105D0A060204203D1614
:109230002D060D08400D260C1A0D000250050D20BC
:109240000D050B060C0D000430050D10040D100269
:10925000080A0B40050D10040D0014000506083027
:10926000040D0500040D04100400080D4007200D36
:1092700007400B0870075017100B001100F0200D6D
:10928000069D042004460A0D260A0D0720050D023E
:109290000002080B02200D40050D000400080B0021
:1092A00014000D0530050D20080B300D0430050DA0
:1092B000000400080B0004100D0430050D20080BFD
:1092C000300D0430050D0407040B0D0017050D07C4
:1092D00040068A0C060830080B880B05100E00119A
:1092E000004004E01D005460020B0D02A00B0C06B0
:1092F0001A063A060A0D0420081B1D5B0D0F0850C4
:10930000080B02001810080D0004401B000D0F068A
:1093100004001760080B000D08A0081D0B182B0790
:10932000400400060A061A160A0C0B600B07000818
:109330000B10080B700D0B070B0D07080B0D0760CA
:109340000D0C7A05F0300D001100F0100D0C9A0D87
:10935000300D0B081D080B06080B080D0307200D28
:109360000502080B02000D200B0D300B0700080B47
:10937000100B02100804300D2A0C060A03060D60BB
:1093800007580B0D060A08507B040B060730050A28
:10939000160A260A0B020B0D30050D00020B070200
:1093A000070B0004000B0820050D180D0B070B0D13
:1093B0000570066A06F0600E001100B00507700423
:1093C000000D0820080604800A080D0B00080F0B8A
:1093D000200B0D1B0D080B070D0B00080308200DBB
:1093E0001A060C0D0B070B0800080308200D000BD4
:1093F000000B040B040B08020B0C300D050D070BC2
:10940000070B060A160A060004100D050D070B07C8
:109410000B3D0C0B300D000B000B000B07120B0D5E
:10942000400D0A0C0A0C060B0D0A1D50083B081BC8
:10943000060C0A0890020B0802000B0A0B700400CD
:109440001B20070D0780042004000507100F0011E2
:1094500000F060080B30040B07200B0D000B1D06FD
:10946000000B1005030B20060C0A1D070B07030D4C
:10947000020D0A300B06050D0B080B070D160A0826
:1094800030070D0B060B070B040B07030600042027
:1094900004060D0B060A061D0B07060B30050D070B
:1094A000061D160A0D00070D30050B0D060B070BE8
:1094B00002080D06040B08300B0805180B07040002
:1094C0000B0D07400B035A030D0508401B00040D4C
:1094D000200D701B04080D270D0804500B8A0B503B
:1094E0000597300C00110010040200025002400DDC
:1094F0000C9A0D300D1B1D1B062B060307200D05B6
:1095000002080B02000D200B0D300D07001B00049C
:109510000D200B05300D08001B00040D04700D001C
:1095200002080B02000B2004400D0A061A160A0658
:109530000D04500B0D3B1D061A0BE00B060BC0046F
:10954000100D07C004000405100E0011001004E007
:1095500007AA0D30050D0B080D1B061B080D030790
:1095600020050B120B00020B0210080B3004061D25
:10957000061D060B086004760A060750020D043229
:109580000D1B0608300B060C46030B061D07200BAF
:109590000D060D260D060B0D140530020B002802DA
:1095A0001B600B1A062A060A0D0A07400B0D064D12
:1095B000060B0D060540020B0502100218020B0DEA
:1095C00040640504100705100E001100A007049068
:1095D0000B0D0004000D06600B07000D06020400D1
:1095E0001A600A0800080B100D0C04600D08001B1F
:1095F000000D0A07000440020B0402071B0D0002C5
:10960000500B260D060A062D060D07200B060A260E
:10961000090F460830020B0402070D160002500421
:10962000000D08001B0216040004500D0B00080B6F
:10963000101D700807000B0D0004000D0B90080BA7
:10964000300D05E00504200F001100F0A0080B0606
:109650000BC005080D0A020420080D7B0D0A020448
:10966000200B0A860B400B08620002500B0D0738D6
:10967000041014400B0C5A060B600400080B000881
:109680000D080B160750020B0D02060D22080D30B7
:109690000B1D260A0B3D0608200B060D061A0F03AC
:1096A000061D16084002080B02080D060B70040088
:1096B000070820051B0004A004700F001100B0046F
:1096C000A00B07C00400060D0004001B7004001668
:1096D0000D020D010D400B0C0700050A060D000CD4
:1096E0000B500B13180A082B000440080B0D0A1628
:1096F000080D0714501B02060306030C1A0C06057E
:10970000301B070D0A1B0D180D0F08200D0F0D0B38
:10971000070B0D041B04080D0004100806030B00C2
:10972000050D1B1A05045008060B020D0B0D001643
:10973000500400050D071B08100D0B70050B040BE2
:1097400020040B0490074004100F001100F0C00724
:109750000B30070B101B2004000D0C300B0C1006F7
:10976000030A0D080208030D30040A08000B180D47
:10977000060D0A0D501D020D0700080D0306020418
:10978000400B0D022B0D0B021D5008060D1A1D0B70
:1097900008000D0840070D062D361D400200060288
:1097A00000060D0200081D05200B1D060B160B0DF3
:1097B0002B0D08200D0A060A0C1F0A4608500D0042
:1097C0000B2D90040B20041B04B004800F0011002B
:1097D000F0300B070004080420070D500A080703A7
:1097E000061004000703082004000D071607060BE7
:1097F000100D0A500D1B0008060C06070A0B300856
:109800000A030720020006090D0004201D0B0D0AA3
:109810000500050B0D060D4004020D08060A081B85
:1098200007020D0B501B00080D071004050D044026
:10983000021D000A0B20021820080D0B0D060A0657
:109840000B4D07200B260A0C0F0346084002080B9D
:10985000000B1D08700400080B20080B080004F022
:10986000300F00110080050480070D000708000676
:109870000B601B070A020D06020D0B0004400B0CC7
:109880001D02080B020B070260040D060B0D060BF0
:10989000063D074007161A061A060A060830060C87
:1098A0000D02070B020B070250080D070D05080DEE
:1098B000021B0004400500050D100B081B0004608E
:1098C000070602080C0B800B060D0A0D0A065D0741
:1098D000200B160A06030E0C0D36083002000D0090
:1098E000040B1D0470140B0520080D0700049004E0
:1098F0002004400F001100F0501B40080B500402E0
:1099000016000810020B0602042004000B03060BCD
:10991000030A0D180D500B0A0B0610080D160D004A
:1099200004100B060D100D0008060A0B080D0004AC
:10993000100B1A0B000D081D0B04070D500B061D14
:10994000070008060A1B301400050D0600081D0B51
:10995000080D50021D001622000B30080D0B2D0AB9
:109960000B1D0B0D0B05200D0A060A0C030F0346F9
:10997000084002080B000B1D04700400080B2008AF
:109980000B05B004800F001100F02018500D0007E7
:109990000B2004021D000D2B080A000803052007F8
:1099A0000D1B0A061A1B00060D300D0C0A06181BAB
:1099B000000D0B0D50280B080B0D160B500B160D40
:1099C00008070B1D0A060D4008160D260A080B0491
:1099D000060D40080B073D0B0D05000D07400B065B
:1099E00002070A0B020B070218202B060B060D5B61
:1099F00007200D160A0C0F035608500D000B1D0B07
:109A000090040B20071B0004A004800F001100F03D
:109A10005004000B08000708601D200A0B020D0609
:109A2000020440060D08060D060D0B0D0605500834
:109A30001B0A0D3A0C0A0605301B080B020B070225
:109A4000050B080F08301B080B080607080D0B074D
:109A50000D401B080D0A060B0C060B60080B070DCA
:109A6000000B0D08070D500B0D180D020B0502071A
:109A70000B500B0F06081A0C062D6005060A0B0783
:109A80002D1604700B06000B0802900400080B183A
:109A9000F0800D001100B002040560050D200B0DD3
:109AA000060C0B3005100B0C200705060307200DD4
:109AB00006200D100400070F0D000410060C001402
:109AC0000D2008030640080C200D0008060F065064
:109AD000040C2D1A0C060B70260D060B0500080B46
:109AE00050040D0002000D20070607500B08100D52
:109AF00020020D06500B0D07080D48030D400D0CFC
:109B00007A0C0A05300504700704200F001100F0DC
:109B1000B01860050B300402060A6008030B00044D
:109B200000020D090B700B0605100D0F0B700400E1
:109B30000B0D081A08000504500200041D083240ED
:109B40000D0A060A0F0A560B300B9D060F0850022D
:109B50000D060812000207065004000D0A0C0A0D3B
:109B6000100708700B07000B0A0608900D0B200B5E
:109B7000060B800B08000410070D08C00400040841
:109B8000200D00110030050760044004000B0C7A22
:109B90000850080B00050D15040D07300708070BCA
:109BA0000D05080D18070D400D0A061A160C260A99
:109BB00004300507001B00040D200D70080D1B0666
:109BC0002B060B043004000B0A7608501B0D0810FE
:109BD0000270080C0D00070D060D0B081704301D50
:109BE0000500060B000B0C030C030B3004100B06D6
:109BF0000700021B080B04400400073007500F0049
:109C00001100B007400D0730040720060B300D0788
:109C100014100B0C1005030B300D040D0C1A0B0661
:109C20000D020D0A400D040D0B080604070D0B0A6A
:109C300008400D040B07000D00020B060702400D43
:109C4000040D08000D0B160D1B07300D070B080047
:109C50001D0A260A0308200D0A0D04000B02070640
:109C60000002070A05200D0B0C160C0D081A0B0735
:109C70000B300D04070C0D0B180B080A08400D08DB
:109C800000070D0002080D02080604300D0B100B32
:109C90000D00080D04000B0D300805200B40040BCF
:109CA000F0300F0011005004B01550070B0D0B40A1
:109CB0001D02050D0720070D060204201B00060AE1
:109CC0004B0D06020420080B080D1B460B401D100F
:109CD0000D04073405300D0A0C0D000D0B0A062A81
:109CE00006072007080B1D060708071005070430A4
:109CF0000B0D020B0C0D0A260850380B0407080B3D
:109D00000D060B40040D081B0D0B1002000D073053
:109D10000D0A07021B0D0A161D0820040B100D0C5E
:109D20000802050C2660040D070004000BF0000477
:109D3000400F001100F0100BA60B300B1D6B1D0F18
:109D400008400B560D00080650085B0D0500043056
:109D500004164D060500060D3005063D2B040D06C4
:109D60000830050B020D361D0B0240050D070B4D8B
:109D7000160B4004760D07060B401B070B1D0B0846
:109D800004120D0720080A0D00071B0D160D060D05
:109D900004201B00050A06100B0C060A0D000440E7
:109DA000080B0004000708F0600F0011005004B019
:109DB00017400410070B40060D021D0B300D0C4020
:109DC0000B0D020D0A160D0504030D40080B000BC8
:109DD000000B060D0A030D501D1A0B1D0B060A0B76
:109DE000400D030B050D0A060D0B0700060B30088E
:109DF0000B1D05020B0D0702100D0530080D060A9C
:109E0000060D0B4D08300B0D02070603060D360834
:109E10003005071B070B0D003240070608050B1D18
:109E200006080715401615060D080D030C03060459
:109E30002004081016071006081B6005081004000F
:109E400007500F00110030040007B01B02080AB0D1
:109E50000D060D051D0A460530080D06000B2D0BDD
:109E60000D0B0C08302B000D2B040B000B300D0CD0
:109E70002A062B070D000530072D0B0D2B050B6057
:109E8000080B0D041B1D080D0708400B0D0B071DCB
:109E90000C4A0830070804050D053014400B0D0767
:109EA0000B0D0B0807100240040A0600070D0B0DEE
:109EB000360D0420070B10060A10050C060A066072
:109EC000080B1004000BF0600F001100A004704498
:109ED0002002070DA0070D1B0D060204200D063DF4
:109EE0000B0A260D00041004060D060D16080B10B3
:109EF000080D30050D000D02080B04260A060004AB
:109F000010050D000D001B070D0004080D30050B9A
:109F1000000D02080B04260A0600041005060D06B3
:109F20000B0D06080D180B0D3004560B061B1D00FB
:109F3000042002000B080400042D16400B06070B3A
:109F40003D0700040B0430060D00080D080B060346
:109F50000C0306300407000416071006080D0B60FA
:109F6000070810040007500F0011002014200407F8
:109F70009006071D020B0D02800D070D0A080B0D40
:109F80000007054008040B050B08061A160A060709
:109F9000200D0A06051B000B0D07080B0A053008EB
:109FA0001D0B0800070D000200083004100D070B00
:109FB0000A161D0B50080D0602080D1B0D061A0788
:109FC00020050A1D260D0B0402040A082018000DA6
:109FD0001B1D1A06080740072B08070002000B0D7F
:109FE0000830040A0D00052D060D0B1D0520080B79
:109FF00000050A0C080006030A0C0B600B0D000498
:10A00000000807F0600F001100F020240004400554
:10A010000B6002000A060A0810040A0B200B261D1A
:10A02000081D0B00070C08200D066D031B0A000419
:10A03000101B08070B0D161B060A0B302B080B0D07
:10A04000040D0B050D03401B180B0D0A060B3D30CC
:10A050000D0C1A060D001B0D00070D3048160A0DD9
:10A0600008100B083004081B1D0B07201B200803D9
:10A070000D00080B2D08070518201D00040A060412
:10A080000B060F0C030D0004400D060800020B0D1B
:10A09000050B0760083007600F001100F0C01B704F
:10A0A000053004000A060004400B03081004000BEE
:10A0B0000F0860040D0A07100B0C0B6004100B0D49
:10A0C000040B0A0B0004800208060D050004400D75
:10A0D0000C1A061A0D1004500B4D060A0C0DA002A6
:10A0E000200B0A06900807300D06800B1604200D81
:10A0F0000B8007030D000400070D700400070830F3
:10A100000B08E00705100E001100F0300805600B89
:10A110000A08400A08000B080708050B0A0D500D35
:10A1200008000C1A0C060800023004000D08000D8F
:10A1300007040D0B020B0D0430020B04020D100B73
:10A14000180A0604200B0D061D06100B0805040254
:10A15000300D0A36100B08000B0D04700D00020BB9
:10A1600008070A0605700D1B0D0B05A0060C2A0B2F
:10A1700008E008060A08E0060BF0200E0011003087
:10A1800004000407040705C0080D0308040D085067
:10A190001B180B1A07060A0B50060A260D00080B9F
:10A1A000024005000B07100B0607100B07300D0AC5
:10A1B0000C0A160C0B04000B0A0B3007080B0D0BD6
:10A1C0001A0D100B0460080B000B001D100B08503B
:10A1D0000406020B00020B050B0C0D300D160A06CF
:10A1E0000A260B0805400B1D060B0D0A0B060C0773
:10A1F000800D1006280B0A0D50040B07000D0620D9
:10A200000B0D900704700F001100700290050B10E9
:10A210000B0C4A0607300B0E0D020B0D081D0B062A
:10A220000B04300B0D060B080D021B020D50080B22
:10A23000001B08000807000D05300D0A0B02000680
:10A240000802060B020D4008060A0B000B0D000D5C
:10A250000B040D075008060D083A060A06084008C8
:10A26000061B280B060B08054007060D1002000A06
:10A270000604400B061D0A061D060D020004300BE5
:10A280005D360B7004060A0802100B060D40240709
:10A290000D0B0004200B08F0200F001100A0070B8D
:10A2A00050050724151016500B0C3A0C0B052D40C9
:10A2B0002B1D070D05000816020410041B081B00C7
:10A2C0000D04060807060004100D0A0B081B001BEE
:10A2D0000D0008060204200D0B080B0D040D0816D6
:10A2E0000A06000420080A061A060C3D0840050B61
:10A2F0000D181B0708060D70060D0200020B030D5A
:10A3000006053008061D0C061D0A0B020004300B62
:10A31000262D061A060B700208060A0702070B060E
:10A320000B402405070D0B300B07F0200F00110028
:10A330002004F0100B07200400080B40040D0B0A4A
:10A340000B000410070F06400D0C080D0810050D3A
:10A35000030607400B00020B080B0D160B500B1DDC
:10A360000B161D07020004400B0A161A260D078063
:10A37000020B0500070B0D0A0D70020B08101200EE
:10A380000D0B300B0D1B1D5B0608200D0A361A261F
:10A390000A060760060B000D0B028004060A0B007C
:10A3A000050A0D8007081004000B06F0600E00116E
:10A3B00000900870080B3007080A702D0B020D0C76
:10A3C000080D04602B06050D08020D701B001B080C
:10A3D0000D080D05000440180D0A020D0A000B00BF
:10A3E000024005060D0016041D062D07200D060C63
:10A3F0000D0B1D160A260830080B0D0A1B03080B4F
:10A40000701B021D050D080D04601B0806040D08D5
:10A41000020D700B2D00080A080D05600708300DAD
:10A420000B0D08E00804400F001100F0C0080D40BB
:10A430000D064D0006000B0602041004060D160B57
:10A44000060D000600070B30050D02080B020B0875
:10A45000000D00080D40161A061A060A060A060024
:10A460000410050D070B0D040D0B080D080B0D3026
:10A47000050D050B0D000D0B000D00050B40062A08
:10A48000060A06000D170D401B100B0D100D0007DE
:10A490000D401D101D00041B000B4008261A160A53
:10A4A00006600B0D180B0D080B08060D50080B105D
:10A4B000070B10020D06500405101400040017309D
:10A4C0000D001100B00704C00B0D030D0004300493
:10A4D0000D5B050D0A020430050A061A060C060279
:10A4E0000806020430040D00080B020B08000B06DE
:10A4F0000204400D00080B020B08020806020410BB
:10A5000005180D050B0D000D0B000D0A0204100DB2
:10A510000C0A0C060A0C060C0A060A0D00041007A9
:10A52000180D070B0D040D0B0708700D02080B0228
:10A530000B0880040D000B0D000B0890062A061A6C
:10A5400008806B08400E0011005004054004500BB9
:10A5500005000D060004100B0600043016020C0D59
:10A5600002200B0D0004100B06001D060B0D0B083E
:10A5700000070B400D1B03070D1A161B4007060DA5
:10A580000A070B000B080D060D0004100B0D080048
:10A590000D070B080B0802080D30050A0D020B0809
:10A5A0000B070B0800080D3005060A060D080B0402
:10A5B0000B070D030D000410050D020D0A070B1605
:10A5C0001D0B0D30050D080A0D060B2D00050D3075
:10A5D000040B0D0B020B0D30080D7004000B08006E
:10A5E0000400070DA0043005200F001100F0300416
:10A5F000000D08200400080D7006080220020B065A
:10A60000000420080B080D0B08000B060D060D00BA
:10A6100004200B0C060C1A0C060D0B1D0004201B4D
:10A62000020B0700060D0B080B0D000400040008C8
:10A630000B08060700050B160A060004100B1D0A7E
:10A64000060B0A1B0702000B300B060D022B000B3A
:10A650000A060A060004000402080D080D0B000299
:10A660001B050B0D400B0A062A1B0D0B1D000420B9
:10A670000405000B18062D060D0004500D0B0004F8
:10A680000D0402050D701810070800070BF0300EBE
:10A69000001100700400082B0820070B07080700B2
:10A6A000060B00080B0D090B200D030A0C0A00060F
:10A6B0000B10020A06300D07001B020B07000B0AE5
:10A6C00006400D070008060D260A0D500D0800086B
:10A6D000060D060D08000B05400D0402080B020BC9
:10A6E00000120B0D400D260A060A360F0630CB402D
:10A6F000069D4005061D061D061D060D40050D1094
:10A700000D08000D101B50060A061A060A161A0B31
:10A7100040A807200F001100F0400708000D0800B6
:10A7200007046007001D020608000A040B0D000460
:10A73000100D06020B060D061D0A040B0600041080
:10A740000B0A02070D0B061D06100B400A0D160B17
:10A75000061D062D0004200D260B061D060D060DF8
:10A760000004201B070D081D0B0D00050B401B08E6
:10A77000060D0A160A04080D400500080B021B020C
:10A780000D05000B3005061D060D160D160D4005B6
:10A79000060D0B060D0B060D0B060D40050D0400F6
:10A7A0000D08040D07000D0B50060A060A160A16BE
:10A7B0001A0B400514302415200E001100F030074C
:10A7C00086075005065D060B0750040B02200205A4
:10A7D0000B0260040D480B0D07045004060A360AEC
:10A7E00016086008150D0B04000B0D04500B0A1021
:10A7F000060B020D030D60070D04000B1706075032
:10A8000015020D1A0C0A0C0D600D0A1605040D1B1D
:10A81000060A0B40070B0D16040B081008060B70F8
:10A82000080B0D0B0004100D074004200504100454
:10A83000000405100F001100F02004600400080B54
:10A8400030080600080B080B0805100D060204105E
:10A850000806020B0C160A1608070D30040D000836
:10A860000B00070D0B260D000410050D001B100D2D
:10A8700000120B0D000410050D00080B00040D0064
:10A8800008060D0B30050D000B0A160C2D0B0D30B4
:10A89000040D05080B080D0B0810080D50080612D2
:10A8A0000608020D0C1B0450061B0D1B0604500D60
:10A8B0000A0B061A0C1A060D05400B060A0C0B02B1
:10A8C0000B08000B0D06086008062B20080D07700A
:10A8D000170510041005100F001100400400179018
:10A8E0000420020D1A160D0740060A060D0B060B72
:10A8F000070D0B06030820050D0B0D160A08000AAC
:10A9000000080C0720050D0210020B08000D000BBB
:10A910000830050D17100B08000D000540051D0A35
:10A92000160A0B000D0450040B07081B0D0B000D3D
:10A930000760060D0200040004070B08601D0204F6
:10A940000A360A0B50080D08000D040500080D0218
:10A950005008060A060A2D160D0B401B000B0D03AE
:10A960000A3D0840070B300B0702E024400F00119E
:10A9700000F0500D660D40080D001D060D060D0B74
:10A980000D0307300B0F1D050B070B0800070B40CD
:10A99000081B060A0C2A060A0D300D0A0B020B04CE
:10A9A0000B070B0800070530081A081D060D060DD9
:10A9B000800B760D501D021B040507080B1D400B74
:10A9C0000D02005A283008060B050D20070B025017
:10A9D00008260A061D060A0608401B02080B1A3D37
:10A9E0000840070830080BC0042024300E00110076
:10A9F0001004052007040004701D021006080D0B4A
:10AA00000004501B070B060D070D080260070D0A16
:10AA10001D1B060D1B05300D0A0D00041B0D0C0A35
:10AA2000060A0308200B1607001B050B0702070A7E
:10AA30000530071D060C0A081B000708401D020B05
:10AA400016070B08040850084B071B0A0640071D91
:10AA5000061B0D070B0D0B500D090602001D070B01
:10AA6000080004500B060D00050D081B901D001B6F
:10AA70001770041008040504700E0011004014B093
:10AA80000B0D02164004501D020D0608A0080D060D
:10AA90000D080B080508160D0520081D080B0D0CE8
:10AAA0001A0B060D06300B030D022B070B070B00CC
:10AAB0000B40070D0B061B070B070B050D400B1D6D
:10AAC000061B070B070B050D400B0D002B050B0498
:10AAD0000B000B0004100408160D0B1D060D060DCF
:10AAE0000605200D030D000B080D560820070D0666
:10AAF000081DC0070D08160044400410040007801C
:10AB00000E0011002004E01D02001B084B04301D44
:10AB10000B081A0C060C060C0607300716080B006B
:10AB20000D000B000B400B0A0B02000D000D000D79
:10AB3000000D0530081607000D000D000D000D0476
:10AB4000400B1D08160A060A060A0607301D001BE0
:10AB50000D084B05100400080D06070B0D020A0D29
:10AB6000020002300B1D0B3D060B2D05200D030DC1
:10AB7000000D060A030F36083007060D02070B0406
:10AB80001D07024004101B080D10080D0880070562
:10AB9000040004000408300D0011008007101B3071
:10ABA000080B30040A06000D010D3016020D0B02D1
:10ABB000060304070C0B400B060216041D000D0BC8
:10ABC00000043008060200060D000D0008600406AF
:10ABD0000B000D0A000D0A061A06043006031B1DA1
:10ABE0000B0D180D0F08301B060D0B1D1B170D400C
:10ABF0001B070C06080C0D060A0004401B020D0A78
:10AC0000020A0602060D5018000410080B100D0869
:10AC1000E0070BF00504100E001100800420047002
:10AC2000040D0B30080630040A0D04001A060D004E
:10AC3000020A063005160A060D040B160A06043031
:10AC4000050B0207060A0402080A0F0B0004200580
:10AC50000D1704080B1D08070A0840062A1C0A0DD8
:10AC600008020B0D30050D040504081B060A06003A
:10AC70000B083008040A0D10040804160807201BEE
:10AC8000000B0A0600080D001B0D300D030D000718
:10AC9000160B0D000D0B070830070D061D08060CDE
:10ACA0000B070A056007060A00050A0D020A0B5089
:10ACB00004000408400704200F001100700700047E
:10ACC000B004000608900D06100803061D060D05C9
:10ACD000400D1A050D161D0A0D05400B05080A0644
:10ACE000080B120B4007080B070816080B100D4045
:10ACF0000D030C0D08040B060D1B060B0430080D8C
:10AD0000060D100D0A160A060850081B00080DA0B3
:10AD10000A06100B081B500D060407060A071B0441
:10AD20000D04400816080B2D0602060B60080D0ADC
:10AD30000D00060C000D0A5004101B00040800084A
:10AD40000D05F0300E001100A0040B08500608009D
:10AD500007060B00070B0A06000410040006080093
:10AD60001A2002080A0204300B0008060A360A06F6
:10AD700000041007160D0700060D3B05302D0A06CE
:10AD8000000D060D0B07024004020B071D0A060DFD
:10AD9000060A0D600D0802080C0B020005060D00E6
:10ADA0000430080A0B02050B000708000D07200BF2
:10ADB0000D020D0C0B000D00080D0018200D0C06E7
:10ADC000020D0A0B0D08000D0850040D160B0D03A3
:10ADD0000D021D70080A0D02060D021D600400051B
:10ADE000043004400D0011001017050715271550F9
:10ADF000AA060520050D070B27081D070B030720D2
:10AE0000050D001A0B080A0C0D00070B00041005B5
:10AE10000D00080B0A0F0A05020450050D100B0D5A
:10AE20000B1D0860050D00080B10020B0D085005E6
:10AE30000D000A0605081A080450050D000B06034C
:10AE40000F060870050D101D0B1D0760050D041B76
:10AE500000140B0D0807053004061A062A062A06F8
:10AE6000082004B805100F001100F070040B000456
:10AE700008060B30080D100D170600080B1602040B
:10AE800010080308000D0B001B1008060204201D0B
:10AE900002040D00080B100B0A020420050A0C0A1C
:10AEA000030A1C1A0C0D00041004000D0B070D0BF7
:10AEB000070D0B1760080B02080B020B07801D081B
:10AEC0000B0D020B06045004001D0B070B00060DB2
:10AED000600D1A0C1A2C062A0820182D0B160306D2
:10AEE000081B0530022B070D02051D70080700071F
:10AEF0000B201BF0400E0011004004C0180D0A0585
:10AF0000B00A0D000C0B07A00B0D02060D033A0C46
:10AF10000604400B000A0D1B1D080D0F08200B0A2C
:10AF20001C031B071B00080D000410082B07080B4F
:10AF3000070B0D040704301420080B070B0D0550F8
:10AF40000D032A0D0B051B60071D0B0D0B1D161D98
:10AF50000B0730280B056A08301B08060002A00802
:10AF60000B0506080054600408A00B001100F03027
:10AF70000D068D0740260A160A160A060820040048
:10AF80000B04000D00020B08020D600D08000D10EF
:10AF90000B08000D05300B080B07000D100B080007
:10AFA0000D04300D0A0D07000D100B08000D0440B4
:10AFB000080607000D100B08000D043004000B08F4
:10AFC000040D04001B000D053004000D1A0C1A0CB2
:10AFD0001A0C0A0840089B07100E001100F0201DF3
:10AFE000021DB01D020D060810082740080B020BB9
:10AFF000080B183A0720071D070B0D1A060D070846
:10B000000D300D1C0D2B041B00070B401B002B08E3
:10B010001B00070D40080B022B071B00070D300D0E
:10B020001A0D2B041B00070D30080D062B260D00F2
:10B03000070B0004000400080B020B082D260A0869
:10B04000300B0D000D060B02000B0D1B0730080B1B
:10B05000101D0004F01024200E001100400705B060
:10B0600018000A0BB0060D020D08B01B021B0537B5
:10B0700005501B020B5A0C0604301B020D08052755
:10B08000040D0307300B0D000D08400D0B40080B9D
:10B09000020D0B0004200804601B07A00D0600062B
:10B0A0000C7B0420080A06000B0C0F5A08401D10E8
:10B0B0000D0B02A00B08100D0B0014C007600F0051
:10B0C0001100F06018300B08400D0B101602140030
:10B0D000160004201D0B0D080D06070004030D408B
:10B0E0002B0D070B1D0216501B080B080B020D162B
:10B0F000601B080B070B08060D0805400D0C3A0CE9
:10B100000D0800070D40083D0B1A0700021D4008FE
:10B110000B070B071B0C160A0308301B080B080B48
:10B12000020D0C2D05301B070B080B100D0B0250E8
:10B13000080B10080D10070D1480070B200B08F0EA
:10B14000400E001100F0300D085024500A0805048C
:10B150000805040002700B070A08060B0D0C2A08EC
:10B160002004000D050D080D080B0D0B060B053016
:10B17000020B050B070B070B08020D400516000B11
:10B18000070B070B08000D04300D060D040B070B11
:10B19000070B08000D053007020B050B050B070B0D
:10B1A00008020D600D050B080B080B1D060D07208E
:10B1B00004000D050B080B080B0A2608400D0810AB
:10B1C00004B00B084034F0300F001100F050050DB2
:10B1D000E0080AF00DF00DA00D0C2A0C6A082008FA
:10B1E0003B066B07700DB00410040D071008040037
:10B1F000045005100B20080D07500D0A07041D2BE5
:10B20000060F0D300B060B00040A460A0D300830FD
:10B210000DF00B053004F0400F001100C007C00412
:10B22000020D060004B00D090DA00408060A0B402B
:10B2300004080718070B0D060B600D030C031F0A0B
:10B240000D070200044007281B0D060A0607D00858
:10B250000D0A089014000D0B080607500B07400D4F
:10B260000B080D40060F0D00260D060E060B0820DC
:10B27000080D070005065D900DF00B050034F04049
:10B280000E0011004008054004075004000A0B029C
:10B29000300B066002060D060B200D0C300D0C065F
:10B2A0000A030D1A0608000C0B303D180B000D1A8E
:10B2B0000D400B001200080B0204060E0B400D0699
:10B2C0000D0B00080D0B060B080A07300B160A06BB
:10B2D000080D08200B0D0004501D04021B00040D76
:10B2E00007400700050B08140D06001B20070C067D
:10B2F00000060A061A06090D17200B0D07000D0B94
:10B30000380B07800B08E007053004400F001100E0
:10B31000F030080D400B1D06083026000430080FE1
:10B320000630080D000B0210050B0D0C0D400B1D17
:10B330000A261A0608500B160A0D160500050B8082
:10B340000D020B0D04080B0D70040D0007062A0CEE
:10B350000860040D00080D0007000D0A700D140BA5
:10B36000101D0B600B08004B0A0607400D030D0073
:10B370003A060A0C08400B08100DF00B072004F0E9
:10B38000500F001100F05004000D0880050B200242
:10B39000060B083B04200706000B060D06070D0AE6
:10B3A000060C060720050D000B060D06080B08000D
:10B3B0000D0430050D020708020B070B08000D05F0
:10B3C00040060A160B0D070B08020D40040D0B0D6D
:10B3D000160C080B0D0B060B0420050D00080B02C4
:10B3E0000B080B0A260820040B040007001B00189A
:10B3F000026005070018070407060D500B0306003E
:10B400005A0308400D0B100D073407900B05F09000
:10B410000F001100F0A005080D0B60080B180700C5
:10B42000080B0A060204100B06000B03060C0D02A3
:10B43000000207060204100B0A061D001D0B0D0B6F
:10B44000060A020430041D020B460B40050D1B02C8
:10B450000B060D0B00024005060A1D050D161A0805
:10B4600040080B00080C0A0C0602040B0A07C00D6A
:10B47000180D501D0008051405061B08300D030BA0
:10B48000040C2A060A090D0420040D0700040D5BB4
:10B4900008800DF00704800F0011005004A0040B79
:10B4A0000807100430050B0420070C2A0B0D0A2690
:10B4B000080A0D000400040D0507161D0B0D0600FB
:10B4C0000A0D000400050D040208000B0702070B1B
:10B4D000000A0B000410060C0A0B021B00080D00EA
:10B4E0000A0B20040D080B0A1D0A060A0C0D060B98
:10B4F00020040B0510060D0B0D180B060830020674
:10B5000008050A000B0D0200080A30170D08070D88
:10B51000070B0D181D0004100D2A060A360A0C052B
:10B520003007050D0B070D050D1B0608600D080003
:10B530000D08161A0D07500504000B051005070B22
:10B540000D07F004100F001100F0800D90080B2083
:10B5500007030D0728400B0F060802060C0A160AFF
:10B56000060530080B0D0A160B0D05070D083005F2
:10B570001B020D0106050B120B400D03061D0716DD
:10B580000D0B0D060B05300B160B10060A36084086
:10B5900002050D0B00080B02000240050A260B00F5
:10B5A0000608050B0840050D1B1D08060B080D0BB2
:10B5B00040050B120B664004061D0A0D020D2B0CF4
:10B5C00008404D05260D0A0DE00708200E00110069
:10B5D000F050060D00447002080A0D02900B0C1684
:10B5E0000A0E0A161A0D04300B4D06031B0D0F0828
:10B5F000300B08070B070B000A0D02070D30081B64
:10B60000080B080B070B060B0007300D0A0B080B85
:10B61000080B080B050605500D0B050B050B000B61
:10B62000021D500B2A061A0D10060540083D0B1D81
:10B63000101BA0070D10070D800400070B20080742
:10B64000E014100F0011008004A0150D50045008E4
:10B6500006070A00070D0580040D000D000803060B
:10B6600004070608200B060B0D000D02081B0D0A2F
:10B6700006300B160C16180B020B0A700D0B1A0C69
:10B6800006000D0B700D040D051B000704600D086E
:10B69000021D020B80020608040B0D000D0B04179F
:10B6A000300B1D0B061A061A061A08200B0A030691
:10B6B0002D04080A0807080430022D0A06100A0B98
:10B6C000700B07020708100D0B00047004A00F0098
:10B6D0001100F030070B600B0550080A60160004DB
:10B6E0001005170D0547020D0A0204100D1A0C5A19
:10B6F000060D0600041007180D38070B0C0D060088
:10B7000004400D10080400080B0D06000430040D61
:10B71000000D030B0004001D000430050D08060891
:10B72000001400060B600D0702300706600B0700CF
:10B730001D2B0D08500D0C07040A460540040B2074
:10B740000D20020B0A0B800B071004000D0BF030CC
:10B750000F0011009004A00805400B0540040500EF
:10B760000A0B10080608160004201D020D08000828
:10B770001C070D0A0204200B0D020B07001D0B0213
:10B780000D0A0204201B020D0B10050D000D060210
:10B7900004201B020B1A070006000D060204201BE2
:10B7A000020D080B060B0A000D06000420080B0012
:10B7B0000D0800050D0F08060B700B081004180685
:10B7C00004500D08000D2B080D0B500D030B040A3F
:10B7D000260A0650040B200D20020D06900B0700D0
:10B7E0000400070605F0300F001100F0C00B073011
:10B7F000040800050820070608160204100D0602BA
:10B800000B030608000A06000D0A0204100B0602CC
:10B810000B1D1A0D02000D0A0204100506001B0282
:10B820000B0C0605000D06020410050D02080B00A6
:10B830000D070B06000D060204200D1B0D080B1250
:10B840000D0B0D060004200D2A260B040B060B40E1
:10B85000040005000407080D0B0806500B0D000B33
:10B860000D2B0D060840080A0D000D0A460740087A
:10B8700005100D0820020B0A085004000B082004D4
:10B88000000D08F0300F001100F0300430080B10EC
:10B890000B05500A0800180D0602001600043006B9
:10B8A00008020D06050D10060A0204300B080008F8
:10B8B0000B050B120D0A020410180B08360A36028B
:10B8C00004100D0C0A1B0D060D060B0D16000420AE
:10B8D00007060A0D1B040B121D0004300B080D0394
:10B8E00006080D10060B501B02070B070D02080679
:10B8F000600705004B0D08500B0C0D001A160A06C8
:10B9000050040D0B100D20020D0A04800B070004DB
:10B91000100D05F0300F001100A004A01800040065
:10B92000020B05500806020D0602001B160004104B
:10B930001B0406000B0D0008031D0A0204100D0C69
:10B940001D02080B02060D020D06020420050B065F
:10B950000D060D0B0D100D0602042007081D061A1A
:10B960000607000B06000410070A060D02070B006D
:10B970000D06040B06000410080B000D04080D1042
:10B980000B2D600700070B10020B0A0440040B107C
:10B990000B380D0B50060C07004A0650070B200D04
:10B9A00020020D06900B07000400040607F0300F7C
:10B9B000001100A004F0000B0530050804660B0A16
:10B9C00006020410060A00060B060B060B0D0C06F9
:10B9D0000A0204100D061B020B020B0200080D0ADE
:10B9E0000204100B07060A0D060D061D080D0602BF
:10B9F00004101B1A0D0A0D0A0D060B0D060004108B
:10BA00001B070B020B020B22060D0004100D080091
:10BA1000060D060D061D08060B300705047D0660A1
:10BA20000500580D08500D0C04060A060A060A0DFA
:10BA30000240070D08000B083016800B08100400A8
:10BA4000070605F0300F001100F0300770070B50AB
:10BA5000061B1807000D06000A0B00040004001D59
:10BA60000C060A0D08030B000A0D000410022B023D
:10BA70000B050D0B120A0D0004000B0D260B060D15
:10BA8000061D0B0A0D0004000B060A160D060E0C0F
:10BA90000D060D0A0D000410021B08021B0D0B12EF
:10BAA000060B2004001B0A060C0600060B04060801
:10BAB000400D0B38100B1D500807001B080B080B1E
:10BAC0000D500B030B000A360A0B0004300D0B104F
:10BAD0000D30080A0B800B071004000B0D5004C03A
:10BAE0000F001100F0500D0840080B7006080220EE
:10BAF000040D06020410081B081B2D08060D0B3050
:10BB00000D0C1A0D0B2A3B308B072B308B082B307A
:10BB10005B06030C1A03060004107B0D082B308B08
:10BB2000072B300D2A0D0B263B300B3D081D061B45
:10BB30000D0B60020B083007080D5004000B084085
:10BB4000040BF0300D0011001008076507054007D1
:10BB50000C9A060520050D0768070B0F0820050D38
:10BB6000800B0D000410050D000B0A360A0D500560
:10BB70000D000B060B060D0B060B50050D001B02EE
:10BB80000B07020B60050D00080D000D0B070D07DC
:10BB90006007040B0C3A0306600A06D01D0B9740A1
:10BBA00005AA083005A805100E001100F0500B087A
:10BBB00020080D0540080D10060B100D0306074068
:10BBC0000B06100B08000D0608100430040D100DB4
:10BBD00008070B100450050D100B5A0C0604200525
:10BBE0000D101B07080508070B0F0820050D0400A2
:10BBF0000D040B030D00021B4008100D0B000B166B
:10BC000008500B060700180B060D0B060B400D0A1B
:10BC1000060D080B1D0906000B400B00041B100449
:10BC20000A0D600D0A460A0C36072008BB07100DE6
:10BC300000110050072004076007201D0B000B06B1
:10BC40000004400A0D100A0B0600080D50050D16E1
:10BC50000B06050D050B0D050730040B02060F083A
:10BC6000060C061A1608200D06082D050D04080DF1
:10BC7000050804200B060A08000D0B0D2B600208B6
:10BC80000D08070B080B0C065005060B0407000DEA
:10BC90000A061B5004160D081D080D0A60050B004E
:10BCA000080B0810050D055004B608306B083B055D
:10BCB000100D001100B007B00D0510060D40060A6A
:10BCC000160A0D0A0D02070F0D000410050D0B06D4
:10BCD0000B1D000D080A0640050D000D02080B00A3
:10BCE0000D0A0D50050D000D00081D0B00070B403F
:10BCF000040D0B060B1D3B0C0D30040D461D36408C
:10BD00000B0820050D060B6004060A0D1B2D0F0DF8
:10BD1000000430050B00081B100206085004B6088A
:10BD200030BB07100D001100400704C004021600CC
:10BD30000D100D060440040008030B070A000B0A4F
:10BD40000B600B0A0D06020B000D000240081D08D7
:10BD5000001D063D0B300D0F0D101D0A2D060308AA
:10BD60003008060A080D050B080600070650020BEE
:10BD7000060B000D080A0607083005060802070D25
:10BD800007060D001D40041A0D070B161A000B08BC
:10BD900030050B002B0002080600024005065D0678
:10BDA0003D0730BD07100F00110050041004A0081B
:10BDB0000B021002070B600B071D3B160204400D1F
:10BDC00006070B060A060A060B00044007162B0797
:10BDD0002B0250061B0D0B0D080B161D07200B0A1E
:10BDE0001B0D0B0D080B161D0830080D0A0D1B0747
:10BDF0002B02500B0D080B060C1A060B0004400713
:10BE000000080D17280D50050A0D0807040D0A0C2F
:10BE100006085004061D0B0D0B000B0C60050D07EA
:10BE2000080D0B180B0D080B080430069A0607F0D6
:10BE3000200F001100408430080D2062400D0A02DE
:10BE40000B067D07300D000B0A0D060D160D0A0DB1
:10BE50000720050D00080B520B40050D00086D066C
:10BE60000430050D0208160A0D0A160A50060D18B0
:10BE7000000B020804020B0440560D160D06043098
:10BE8000050D020B065D060430050D0018520B402F
:10BE9000050D000B065D0A0D0520050D000886073F
:10BEA00020040B0410529084200F001100F01008A1
:10BEB0000D00053004101D05200D0A000A360A0B7E
:10BEC0000D0F0D30040D000D480B0A0B40040D1B27
:10BED00000061D0B0D08020440160D000D261A0B5E
:10BEE00040050D04060B480B0A0830040D04060A31
:10BEF000260A0D020B0D30050D04000D062014005E
:10BF00000B082008030D020D060B401720071D0B20
:10BF10000A2D3B0530050B0006030A460C0A3005C6
:10BF20000D07080B0502000200020B0D30040B0583
:10BF3000000D0B003408800705900F0011009008D9
:10BF40002B05504400080B0C0A604200080D0C0839
:10BF500040060A362A06074004061D3B080B05006A
:10BF60000430050D00060D000200060C0B50050DF7
:10BF7000000D1A0D0A060760050D10020D0F0A04C8
:10BF8000000450050D100B0D070B060B60050D028C
:10BF9000000B1002050D0B5005065B08050B074052
:10BFA00005066A060D08C0051B0D0B5034500B0723
:10BFB000F0200F001100F0201BE01D0005000D46D1
:10BFC0000D04301B0200020D062D060F08301B1D4C
:10BFD0000B0D0422040D401B160A0D0B260B074007
:10BFE000081B002B060D060540040A0D0B050D2B42
:10BFF000040B0004300D0A1B040D2B000B00043051
:10C0000004081B002B160A07501B061A06082D08E9
:10C01000504B0D0722601B10020D0C3A060530082C
:10C020000B000400075804F0200F001100F030044A
:10C030000B000405100400070D500806000B0C0D42
:10C0400005100D0C600D00081D0A0B08030B300DC8
:10C05000160A0D060D02070A0F0B0004200B1D0621
:10C060000B1D071D060D5002000D02070D0B0810D9
:10C07000060B401B0D0B070B300B0D402B0D080C56
:10C080000A060B001B083018070B080D0B0D2607BE
:10C0900005200D030A030D070B070B00080D0B30DD
:10C0A000053B080B070B072D40080B080D081C0A61
:10C0B0000D1B06000420080B050800280402080ACE
:10C0C00040147004082004001100F0700B0A0B00EB
:10C0D000060D8004000D010D040103A0070B0700ED
:10C0E0000B08300600110020041B1004A0060109F3
:10C0F000069004000B0C080B0C060D05060F0850EB
:10C100000B0D02100B0D05060F0850040D0A0DD083
:10C11000050D080014700A4E5F000D4E60002D4E94
:10C1200061003B4E6200C54E6300E34E6400E44E86
:10C130006500114F6600204F67004D4F68004E4F5D
:10C140006900DD4F6A00E14F6B0049516C0073518B
:10C150006D00C6516E0006526F00175270003652C5
:10C1600071009B5272009F527300A0527400A8523B
:10C1700075003A5376004E5377008B537800D153B5
:10C180007900D7537A00F7537B0026547C002F5454
:10C190007D0039547E0046557F0068568000DE568B
:10C1A00081003057820057578300DF5784005E5864
:10C1B0008500075986001659870029598800585B61
:10C1C00089008C5B8A009A5B8B009E5B8C00A45B71
:10C1D0008D00C65B8E000F5C8F004F5C9000EE5DA3
:10C1E0009100F25D9200745E9300A65E9400005F81
:10C1F00095000F5F96003A5F9700555F9800855F46
:10C20000990001609A001F619B0010629C004762C8
:10C210009D004B629E006B629F000763A000A563B8
:10C22000A1004464A2004565A300AD65A400E065DB
:10C23000A500E565A600F665A7000E66A8002F66B6
:10C24000A9009666AA000867AB001F67AC002A67C2
:10C25000AD003A67AE006167AF007F67B00021684C
:10C26000B1003768B200C068B300216AB400CF6B78
:10C27000B5000F6CB600346CB700B96CB800F56C43
:10C28000B900416DBA004B6DBB00B26DBC00056ECC
:10C29000BD00296EBE00386EBF002B6FC0006B70F2
:10C2A000C100B970C200ED70C3003071C400847168
:10C2B000C500B672C6008773C7000674C80035751E
:10C2C000C9007B76CA00D876CB002077CC00617796
:10C2D000CD00E577CE00ED77CF000178D0006E7805
:10C2E000D100497BD200A17BD300B17BD400FB7C81
:10C2F000D500A77ED600DC7ED700DF7ED800517F38
:10C30000D9001780DA00CC80DB00EA81DC002584CC
:10C31000DD004C88DE006888DF00008AE000A18B29
:10C32000E100A48BE200BE8BE300D58BE400ED8B33
:10C33000E500F48BE600858DE700EF8DE800AB8E1D
:10C34000E9006C8FEA00C78FEB00D08FEC00D48F30
:10C35000ED00DE8FEE000190EF001A90F0001F90CC
:10C36000F100CF91F200F495F3004596F4004D965C
:10C37000F5005096F6006496F7009C96F8006297D8
:10C38000F9008498FA00CE98FB00D89AFC00139F1D
:10C39000FD001AFFFE001FFFFF000000000000006C
:10C3A00000000000303132333435363738394142FD
:10C3B0004344454640305800303132333435363707
:10C3C00038396162636465664030780004000008B3
:10C3D000000000000000000200010000100000004A
:10C3E00002400000000000A0000000000540000026
:10C3F000000000C8000000000C4000000000409C4D
:10C4000000000000194000000020BCBE0000000039
:10C4100034400000BFC91B8E00000004B54000007E
:10C42000504BCFD06607E2CF010000006C41000006
:10C430003E8251AADFEEA73401000000D94200007D
:10C44000DCB5A0E23A301F97FFFFFFFFB4450000C4
:10C45000FD25A0C8E9A3C14FFFFFFFFFFF3F00007C
:10C460000000008000000000FF3F0000000000808E
:10C470000000000049474E2E000000004D6F746F11
:10C48000722063616C69622E00000000496E69745D
:10C4900069616C20646961672E000000466C616D03
:10C4A000652073656E736F72206F766572682E00FB
:10C4B000436D642061636B2E0000000046616E20B6
:10C4C0007370656564206E6F20636F72722E00005A
:10C4D0004675656C20636F6E732E0000426C6F773B
:10C4E0006572206163742E004E6F2068656174650B
:10C4F0007220636F6E6E6563742E000049676E690B
:10C5000074696F6E203120616C742E0049676E690A
:10C5100074696F6E203220616C742E004155583161
:10C5200000000000E6B3B53100000000415558326C
:10C5300000000000E6B3B53200000000415558335A
:10C54000000000004C41433A0000000043656C6C61
:10C550002049443A00000000E5B08FE58CBA494418
:10C560003A000000494D45493A00000043686563C0
:10C570006B2055524C3A0000E6B58BE8AF9555520A
:10C580004C3A00004C61737420534D533A00000044
:10C590004D5154543A0000004843553A0000000001
:10C5A000526567697374657265643A0050617373AC
:10C5B000776F72643A0000004D6F64653A000000C6
:10C5C000536C656570206D6F64653A0054696D65E4
:10C5D0003A000000446174653A000000526F616DDA
:10C5E000696E673A000000005369676E616C3A003B
:10C5F00050616E656C3A000053797374656D3A0052
:10C600004C6F67696E3A00004461696C7920636F12
:10C610007272656374696F6E3A00000042726F6BEC
:10C6200065723A004865617465723A004F706572D0
:10C6300061746F723A0000004F7065726174696EC8
:10C64000672074696D65733A00000000487973745F
:10C650006572657369733A00496E7465726E6574CC
:10C660003A00000054696D65204C696D69743A00A8
:10C670004261636B6C69676874206C696D69743AB8
:10C6800000000000456C656D656E743A00000000A6
:10C69000536574706F696E743A00000054696D657B
:10C6A0006F75743A00000000E5AF86E7A0813A009C
:10C6B000E6AF8FE697A5E6A0A1E587863A000000E1
:10C6C000E4BBA3E790863A00E8BF90E890A5E59523
:10C6D000863A0000E8838CE585893A00E79DA1E76A
:10C6E0009CA0E6A8A1E5BC8F3A000000E6A8A1E561
:10C6F000BC8F3A00E799BBE5BD953A00E8AEBEE5D0
:10C70000AE9A3A00E7BD91E7BB9C3A00E697A5E6F2
:10C710009C9F3A00E7B3BBE7BB9F3A00E794B5E7BD
:10C7200083ADE7AEA13A0000E4B88AE69DA1E79F99
:10C73000ADE4BFA13A000000E58AA0E783ADE5992A
:10C74000A83A0000E59B9EE5B7AE3A00E8BF90E846
:10C75000A18CE697B6E997B43A000000E697B6E9EF
:10C7600097B43A00E8B685E697B63A00E99990E6BC
:10C7700097B63A00E4BFA1E58FB73A00E6BCABE656
:10C78000B8B83A00E99DA2E69DBF3A0041636365EF
:10C79000707420424C4520636F6E6E656374696FE0
:10C7A0006E3F00004675656C2070756D70204F43BC
:10C7B00000000000466C616D652073656E736F72DA
:10C7C000204F430054616E6B2073656E736F72204F
:10C7D0004F4300004C6576656C2073656E736F7215
:10C7E000204F43004F7574646F6F722073656E73D2
:10C7F0006F72204F43000000466C6F772073656EA8
:10C80000736F72204F4300004675656C2070756D24
:10C81000702053430000000054616E6B2073656EFE
:10C82000736F7220534300004C6576656C2073650E
:10C830006E736F72205343004F7574646F6F722074
:10C8400073656E736F72205343000000466C6F7700
:10C850002073656E736F7220534300005341564539
:10C860004400000049444C4500000000444F4E4540
:10C870000000000053415645000000004F464600AE
:10C880004F6E6C7920324700E4BB853247000000D0
:10C890005A480000E6B3B54800000000574F524B1D
:10C8A00000000000434142494E2046414E00000036
:10C8B000454E00004F4E00004E4F00004155544F72
:10C8C000000000004552524F5200000059455300ED
:10C8D0004661756C7420534D530000004F6E6C79A7
:10C8E00020534D530000000056000000424C4F57AB
:10C8F000000000006B5700006B50610053617669C7
:10C900006E672064617461007475726E206F666674
:10C91000206C6364000000004170706C6965640005
:10C92000556E6C696D6974656400000054206C6913
:10C93000717569640000000057616974696E672051
:10C94000636D64004E6F206572726F727320666F44
:10C95000756E64004D616E75616C206D6F6465006D
:10C96000556E6B6E6F776E206D6F64650000000012
:10C97000426F6F7374206D6F64650000566F6C7446
:10C98000616765004869676820766F6C74616765E8
:10C99000000000004C6F7720766F6C746167650053
:10C9A0004C616E6775616765000000004472756DCB
:10C9B000207374796C6500005420666C616D6500AD
:10C9C00054696D650000000053797374656D2074BF
:10C9D000696D650050756D702074696D65000000AB
:10C9E00041205072657373757265000049676E2E41
:10C9F00020627920707265737375726500000000A3
:10CA000054696D652B74656D7065726174757265BE
:10CA10000000000054696D652B64617465000000BE
:10CA2000526F616D696E670054696D65206B656555
:10CA300070696E670000000048656174696E670088
:10CA4000466C6F6F722068656174696E67000000E4
:10CA500046616E206E6F7420726F746174696E67C8
:10CA60000000000057616974696E670046616E20BE
:10CA70007374617274696E67000000005043422055
:10CA800074657374696E6700426C6F77696E6700D6
:10CA9000476C6F7720706C75670000006C2F680022
:10CAA000456E676C6973680068000000426C6F77C0
:10CAB00020666C616D6520627265616B000000002C
:10CAC0004261636B00000000542E54616E6B0000E5
:10CAD00056656E742E206C6576656C00506F7765B8
:10CAE00072206C6576656C00426F64792073656EA8
:10CAF000736F72206E6F20636F6F6C004C69712EC4
:10CB00006C766C006D00000046616E00436C6561E0
:10CB10006E0000004F43207A6F6E652066616E00E4
:10CB20005343207A6F6E652066616E0049676E69B7
:10CB300074696F6E2031206D61696E0049676E699E
:10CB400074696F6E2032206D61696E00426C6F7780
:10CB5000206F6E20707772206F6E000056656E74C5
:10CB6000696C6174696F6E0043616C6962726174B3
:10CB7000696F6E0046616E2073656C662D726F740E
:10CB80006174696F6E000000507265702E206967D5
:10CB90006E6974696F6E00004E6F2069676E69740C
:10CBA000696F6E004E6F206465736372697074699B
:10CBB0006F6E00005368757474696E6720646F77D8
:10CBC0006E0000004E6F20736C6565700000000001
:10CBD000482E50756D7000004F432070756D7000C9
:10CBE00053432070756D70004675656C2070756DCF
:10CBF000700000005761742E70756D7000000000A9
:10CC0000576169742074656D702064726F700000E4
:10CC1000456E67696E65207761726D757000000002
:10CC200054204865617465720000000048656174B5
:10CC300065720000506F7765720000004D69646492
:10CC40006C6520706F776572000000004869676846
:10CC500020706F77657200004C6F7720706F77657A
:10CC600072000000476C6F7720706C7567206572EA
:10CC7000726F720057617465722070756D702065F7
:10CC800072726F72000000004C69717569642073E4
:10CC9000656E736F72206572726F72004F43207AF7
:10CCA0006F6E652073656E736F7200005343207A58
:10CCB0006F6E652073656E736F7200004F766572DC
:10CCC000686561742073656E736F7220657272009F
:10CCD000313220686F7572730000000032342068B2
:10CCE0006F7572730000000043656C7369757300A3
:10CCF000476C6F7720706C75672068656174000001
:10CD00004F766572686561740000000054206F768C
:10CD10006572686561740000426C6F77206F76659C
:10CD20007268656174000000426C6F7765722073F1
:10CD300065740000426C6F77206265666F726520D3
:10CD40007761697400000000466172656E6865690C
:10CD500074000000466C616D6520627265616B2035
:10CD60006C696D6974000000456C656D656E7400DA
:10CD7000426C6F77206F6E207374617274000000D4
:10CD80004572726F72206C69737400004C69717522
:10CD90006964206C6576656C206C6F77000000001C
:10CDA000572E466C6F77000057617465722070755E
:10CDB0006D70206F6E6C79006D6D2E64642E7979C4
:10CDC0000000000064642E6D6D2E79790000000073
:10CDD000487A0000E887AAE6A3800000E8AFADE843
:10CDE000A8800000E5BC8000E6B0B4E6B581000094
:10CDF000E9BC93E9A38EE5AE9EE9998500000000A9
:10CE0000E7AD89E5BE850000E794B5E69CBAE6A0EB
:10CE1000A1E5878600000000E6A0A1E58786000066
:10CE2000E5888600E9A38EE689870000E4BD8EE5EB
:10CE30008A9FE78E87000000E9AB98E58A9FE78E1E
:10CE400087000000E4B8ADE58A9FE78E8700000008
:10CE5000E58A9FE78E870000E4B8ADE6968700007C
:10CE6000E782B9E781AB31E5A4870000E782B9E743
:10CE700081AB32E5A4870000E782B9E781ABE587A3
:10CE800086E5A48700000000E794B5E58E8B0000DE
:10CE9000E8BF90E8A18C0000E69CBAE8BAABE6B81F
:10CEA000A9E5BAA6E4B88DE9998D0000E6B6B2E42A
:10CEB000BD8D0000E697A0E8AFB4E6988E000000B4
:10CEC000E590AFE58AA8E98081E9A38E0000000023
:10CED000E5BC80E69CBAE98081E9A38E00000000F1
:10CEE000E98081E9A38E0000E9809AE9A38E000021
:10CEF000E794B5E58E8BE8BF87E4BD8E00000000A7
:10CF0000E6B6B2E4BD8DE8BF87E4BD8E0000000048
:10CF1000E585B3E5B18F0000E5BCBAE58A9BE6A8DC
:10CF2000A1E5BC8F00000000E69CAAE79FA5E6A84B
:10CF3000A1E5BC8F00000000E6898BE58AA8E6A881
:10CF4000A1E5BC8F00000000E8AEA1E697B6E6A818
:10CF5000A1E5BC8F00000000E8A1A8E79B98E6A02F
:10CF6000B7E5BC8F00000000E5B7B2E5AE8CE688FF
:10CF700090000000E5AE8CE688900000E78684E72C
:10CF800081ABE8B685E9999000000000E794B5E828
:10CF9000B7AFE69DBFE6B58BE8AF9500E59CB0E680
:10CFA0009A960000E6B2B9E880970000E794B5E5EC
:10CFB0008E8BE8BF87E9AB9800000000E5B7B2E4CC
:10CFC000BF9DE5AD98000000E4BF9DE5AD98000071
:10CFD000E9BC93E9A38EE8AEBEE5AE9A000000007E
:10CFE000E8BF9EE68EA5E78AB6E68081EFBC9A0090
:10CFF000E58E8BE58A9B0000E9A284E783ADE5A17D
:10D000009EE69585E99A9C00E9A38EE69CBAE8BD68
:10D01000ACE9809FE69585E99A9C0000E697A0E63A
:10D020009585E99A9C000000E8B685E6B8A9E4BCBD
:10D03000A0E6849FE599A8E69585E99A9C00000002
:10D04000E6B0B4E6B8A9E4BCA0E6849FE599A8E6FA
:10D050009585E99A9C000000E6B0B4E6B3B5E69584
:10D0600085E99A9C00000000E69585E99A9C0000FD
:10D07000E8BF94E59B9E0000E9A284E783ADE5A1AB
:10D080009E000000E697B6E997B42BE697A5E69CCC
:10D090009F000000E68EA5E58F97424C45E8BF9EB5
:10D0A000E68EA5EFBC9F0000E4B88DE4BC91E79C40
:10D0B000A0000000E794B5E783ADE7AEA100000053
:10D0C000E4BB85E79FADE4BFA1000000E69585E9DC
:10D0D0009A9CE79FADE4BFA100000000E6B885E997
:10D0E00099A40000E68C87E4BBA4E7A1AEE8AEA457
:10D0F00000000000E7AD89E5BE85E68C87E4BBA4AF
:10D1000000000000E590A600E69184E6B08FE5BA45
:10D11000A6000000E58D8EE6B08FE5BAA6000000FF
:10D12000E697B6E997B42BE6B8A9E5BAA6000000E1
:10D13000E58A9FE78E87E7AD89E7BAA70000000080
:10D14000E9809AE9A38EE7AD89E7BAA7000000005D
:10D15000E887AAE58AA80000E9A38EE69CBAE69CC7
:10D16000AAE8BDACE58AA800E9A38EE69CBAE590E2
:10D17000AFE58AA800000000E69CAAE8BF9EE68E04
:10D18000A5E58AA0E783ADE599A80000E58AA0E7B8
:10D1900083ADE599A8000000E69585E99A9CE588AD
:10D1A00097E8A1A800000000E5A4A900E8B685E67C
:10D1B000B8A90000E7AD89E5BE85E9998DE6B8A973
:10D1C00000000000E784B0E6B8A90000E7AEB1E6D1
:10D1D000B8A90000E6B0B4E6B8A90000E69CBAE63B
:10D1E000B8A90000E58E8BE58A9BE782B9E781ABA1
:10D1F00000000000E697A0E782B9E781AB000000DD
:10D20000E782B9E781AB0000E9A284E590B9E6893D
:10D21000AB000000E78684E781ABE590B9E689AB17
:10D2200000000000E8BF87E783ADE590B9E689AB71
:10D2300000000000E9A38EE69CBAE887AAE8BDAC2E
:10D2400000000000E58F91E58AA8E69CBAE9A28477
:10D25000E783AD00E781ABE784B0E4BCA0E6849F40
:10D26000E599A8E8BF87E783AD000000E8BF87E73E
:10D2700083AD0000E9A284E783ADE5A19EE58AA025
:10D28000E783AD00E58AA0E783AD0000E4BF9DE53C
:10D29000AD98E4B8AD000000E585B3E69CBAE4B80B
:10D2A000AD000000E698AF00E6B6B2E4BD8DE4BC88
:10D2B000A0E6849FE599A8E696ADE8B7AF00000028
:10D2C000E6B581E9878FE4BCA0E6849FE599A8E6EE
:10D2D00096ADE8B7AF000000E5AEA4E5A496E4BCC7
:10D2E000A0E6849FE599A8E696ADE8B7AF000000F8
:10D2F000E58CBAE59F9FE4BCA0E6849FE599A8E68B
:10D3000096ADE8B7AF000000E781ABE784B0E4BCBE
:10D31000A0E6849FE599A8E696ADE8B7AF000000C7
:10D32000E6B0B4E7AEB1E4BCA0E6849FE599A8E618
:10D3300096ADE8B7AF000000E6B0B4E6B3B5E69648
:10D34000ADE8B7AF00000000E6B2B9E6B3B5E696C7
:10D35000ADE8B7AF00000000E58CBAE59F9FE9A3F8
:10D360008EE69CBAE696ADE8B7AF0000E6B6B2E44A
:10D37000BD8DE4BCA0E6849FE599A8E79FADE8B722
:10D38000AF000000E6B581E9878FE4BCA0E6849F8A
:10D39000E599A8E79FADE8B7AF000000E5AEA4E5CA
:10D3A000A496E4BCA0E6849FE599A8E79FADE8B702
:10D3B000AF000000E58CBAE59F9FE4BCA0E6849F27
:10D3C000E599A8E79FADE8B7AF000000E6B0B4E785
:10D3D000AEB1E4BCA0E6849FE599A8E79FADE8B7AD
:10D3E000AF000000E6B0B4E6B3B5E79FADE8B7AF75
:10D3F00000000000E6B2B9E6B3B5E79FADE8B7AF0D
:10D4000000000000E58CBAE59F9FE9A38EE69CBA78
:10D41000E79FADE8B7AF0000E585B300E7B3BBE732
:10D42000BB9FE697B6E997B400000000E6B0B4E60B
:10D43000B3B5E697B6E997B400000000E697B6E901
:10D4400097B40000E697A52EE69C882EE5B9B400B7
:10D45000E69C882EE697A52EE5B9B400E4BB85E6E8
:10D46000B0B4E6B3B5000000E6B0B4E6B3B5000072
:10D47000E6B2B9E6B3B50000E697A0E99990E58871
:10D48000B60000003132E5B08FE697B6E588B60009
:10D490003234E5B08FE697B6E588B600E697B60079
:10D4A000E6BCABE6B8B80000E5BE85E69CBA000075
:10D4B000E9A38EE69CBA0000E782B9E781AB31E4CC
:10D4C000B8BB0000E782B9E781AB32E4B8BB00002B
:10D4D000302D3139300000005444300054553000B4
:10D4E0004155582073656E736F7220310000000043
:10D4F000494431005444310054454D50205348496B
:10D5000046543100545531004155582050756D70C6
:10D51000310000004155582073656E736F722032E0
:10D5200000000000494432005444320054454D503C
:10D530002053484946543200545532004155582032
:10D5400050756D70320000004155582073656E7340
:10D550006F722033000000003234302D333300006E
:10D56000494433005444330054454D5020534849F6
:10D5700046543300545533004155582050756D7052
:10D58000330000004155582073656E736F7220346C
:10D59000000000005444340054454D502053484985
:10D5A000465434005455340050756D7034000000FA
:10D5B0005444350054454D50205348494654350095
:10D5C0005455350054443600545536005444370001
:10D5D00054553700544438005455380054443900E9
:10D5E00054553900464C414D45204150504541521B
:10D5F0002044454C54410000464C414D4520534584
:10D600004E534F522043414C494200004652414D37
:10D61000452053454E534F522043414C4942000050
:10D62000454C454D454E542044495341424C454498
:10D6300000000000464C4F4F522048544E472043B4
:10D640004F4E4E4543544544000000005256204C76
:10D650004F414430204D4F44450000005256204C6D
:10D660004F414431204D4F44450000005256204C5C
:10D670004F414432204D4F44450000005256204C4B
:10D680004F414433204D4F44450000005256204C3A
:10D690004F414434204D4F44450000005256204C29
:10D6A0004F414435204D4F44450000005256204C18
:10D6B0004F414436204D4F44450000005256204C07
:10D6C0004F414437204D4F44450000005256204CF6
:10D6D0004F414438204D4F44450000005256204CE5
:10D6E0004F414439204D4F444500000053595320C9
:10D6F00053544F52414745204D4F444500000000D0
:10D7000046414E204D414E55414C204D4F44450021
:10D71000454C4D4E542049474E2053544F5241479B
:10D720004500000054414E4B2049474E4954494F53
:10D730004E2053544F5241474500000054414E4B38
:10D7400020534554504F494E542053544F52414753
:10D7500045000000454C4D4E54205354504E54202B
:10D7600053544F52414745004750204E4F4D494E6C
:10D77000414C20564F4C5441474500005A4F4E45AE
:10D780003120454E41424C45000000005A4F4E4565
:10D790003220454E41424C45000000005A4F4E4554
:10D7A0003320454E41424C45000000005A4F4E4543
:10D7B0003420454E41424C45000000005A4F4E4532
:10D7C0003520454E41424C450000000046414E5335
:10D7D0002050574D20434F52522054494D45000090
:10D7E000535953204C494D495420574F524B54499B
:10D7F0004D4500004854522050554D50205748493F
:10D800004C4520454E49474E450000004457415481
:10D810004552205041555345000000005A4F4E4597
:10D82000312046414E204D414E2056414C55450039
:10D830005A4F4E45322046414E204D414E205641D2
:10D840004C5545005A4F4E45332046414E204D41E0
:10D850004E2056414C5545005A4F4E4534204641C6
:10D860004E204D414E2056414C5545005A4F4E4595
:10D87000352046414E204D414E2056414C554500E5
:10D880005520535550504C59204E4F4D494E414C08
:10D89000000000005256204C4F4144302043484184
:10D8A0004E4E454C000000005256204C4F41443132
:10D8B000204348414E4E454C000000005256204C3B
:10D8C0004F414432204348414E4E454C0000000039
:10D8D0005256204C4F414433204348414E4E454C14
:10D8E000000000005256204C4F4144342043484130
:10D8F0004E4E454C000000005256204C4F414435DE
:10D90000204348414E4E454C000000005256204CEA
:10D910004F414436204348414E4E454C00000000E4
:10D920005256204C4F414437204348414E4E454CBF
:10D93000000000005256204C4F41443820434841DB
:10D940004E4E454C000000005256204C4F41443989
:10D95000204348414E4E454C000000004D494E20AA
:10D960004C4951554944204C4556454C0000000057
:10D9700046414E312050574D204C494D000000008B
:10D9800046414E322050574D204C494D000000007A
:10D9900046414E332050574D204C494D0000000069
:10D9A00046414E342050574D204C494D0000000058
:10D9B00046414E352050574D204C494D0000000047
:10D9C00044415954494D452046524F4D00000000F6
:10D9D0005A4F4E45312050554D50204E554D000068
:10D9E0005A4F4E45322050554D50204E554D000057
:10D9F0005A4F4E45332050554D50204E554D000046
:10DA00005A4F4E45342050554D50204E554D000034
:10DA10005A4F4E45352050554D50204E554D000023
:10DA20005A4F4E45312045585452412050554D5083
:10DA3000204E554D000000005A4F4E4532204558AB
:10DA40005452412050554D50204E554D000000007D
:10DA50005A4F4E45332045585452412050554D5051
:10DA6000204E554D000000005A4F4E453420455879
:10DA70005452412050554D50204E554D000000004D
:10DA80005A4F4E45352045585452412050554D501F
:10DA9000204E554D0000000046414E2050574D008D
:10DAA000454D454752454E435920535749544348E5
:10DAB000204348414E0000005A4F4E453120464118
:10DAC0004E204D414E0000005A4F4E4532204641F7
:10DAD0004E204D414E0000005A4F4E4533204641E6
:10DAE0004E204D414E0000005A4F4E4534204641D5
:10DAF0004E204D414E0000005A4F4E4535204641C4
:10DB00004E204D414E0000004843552054414E4B9D
:10DB10002049474E000000005520535550504C59A5
:10DB2000204D494E00000000454E47494E452048D3
:10DB300045415420434F4E4E0000000048435520BD
:10DB4000454C4D4E54204F4E000000005256204C84
:10DB50004F4144302049434F4E0000005256204C64
:10DB60004F4144312049434F4E0000005256204C53
:10DB70004F4144322049434F4E0000005256204C42
:10DB80004F4144332049434F4E0000005256204C31
:10DB90004F4144342049434F4E0000005256204C20
:10DBA0004F4144352049434F4E0000005256204C0F
:10DBB0004F4144362049434F4E0000005256204CFE
:10DBC0004F4144372049434F4E0000005256204CED
:10DBD0004F4144382049434F4E0000005256204CDC
:10DBE0004F4144392049434F4E00000054312053E7
:10DBF000454E534F5220414441505441494F4E00ED
:10DC0000454E47494E4520484541542044555241D0
:10DC100054494F4E00000000485452204C495120B6
:10DC200049474E4954494F4E0000000044454C546A
:10DC30004120542052554E0044415954494D4520ED
:10DC4000544F0000464C4F4F522050554D5000004D
:10DC5000454E47494E4520484541542050554D506A
:10DC60000000000044454C544120542053544F5070
:10DC70000000000054414E4B2053454E5320434872
:10DC800031204C495100000054414E4B2053454E29
:10DC90005320434832204C495100000054414E4B20
:10DCA0002053454E5320434833204C495100000037
:10DCB00054414E4B2053454E5320434834204C4949
:10DCC000510000004D414E55414C20484F542057C3
:10DCD0004154455200000000464C4F4F52205445DD
:10DCE0004D502053454E534F5200000054414E4B6F
:10DCF0002053454E532043483120524553000000E5
:10DD000054414E4B2053454E5320434832205245F8
:10DD10005300000054414E4B2053454E532043487E
:10DD2000332052455300000054414E4B2053454E82
:10DD30005320434834205245530000004445465286
:10DD40004F5354494E47204859535445524553491F
:10DD500053000000464C4F4F522048544E47204835
:10DD600059535445524553495300000046502050E2
:10DD7000554C5345204D5300434845434B494E476E
:10DD8000205A4F4E452046414E530000454E4749CC
:10DD90004E45204845415420542053454E530000E1
:10DDA00043414E2041444452455353005420554E64
:10DDB0004954530054414E4B2049474E4954494F12
:10DDC0004E204E494748545F530000005A4F4E457D
:10DDD00031204E4947485420540000005A4F4E45C8
:10DDE00032204E4947485420540000005A4F4E45B7
:10DDF00033204E4947485420540000005A4F4E45A6
:10DE000034204E4947485420540000005A4F4E4594
:10DE100035204E4947485420540000005A4F4E4583
:10DE200031204441592054005A4F4E45322044413C
:10DE3000592054005A4F4E45332044415920540034
:10DE40005A4F4E4534204441592054005A4F4E45B4
:10DE5000352044415920540054494D4520464F52E5
:10DE60004D4154004D4158204241434B4C49474895
:10DE70005400000054414E4B2049474E4954494FED
:10DE80004E204E494748540050553336204252499F
:10DE90004748544E455353204E49474854000000CC
:10DEA000444546524F5354494E4720534554504FD2
:10DEB000494E5400464C4F4F522048544E47205331
:10DEC0004554504F494E54004843552054414E4B01
:10DED00020534554504F494E54000000485452209E
:10DEE0004C495120534554504F494E5400000000B6
:10DEF00048435520454C4D4E5420534554504F49AE
:10DF00004E5400004845415445522050554D502034
:10DF10004F4E20454C4D4E5400000000454E4749A1
:10DF20004E45204845415420534554504E5400001E
:10DF300046414E5320445420535441525400000053
:10DF40005055333620534C4545502054494D454F8C
:10DF500055540000464C414D4520415050454152DA
:10DF60002054494D454F555400000000485452205C
:10DF70004C49515549442049474E20445700000020
:10DF80004843552054414E4B2049474E20445700AA
:10DF900048435520454C4D4E54204F4E2044570089
:10DFA0005520535550504C59204D41580000000009
:10DFB00050553336204252494748544E455353201A
:10DFC00044415900445741544552205052494F5200
:10DFD0004954590044697361626C65640000000033
:10DFE00064697361626C6564000000004E6F726D5D
:10DFF000616C6C79206F70656E6564004E6F726D38
:10E00000616C6C7920636C6F736564004E6F742073
:10E0100075736564000000004843552054414E4B21
:10E020002049474E20326E640000000048545220C0
:10E030004C49512049474E20326E640048435520D8
:10E0400054414E4B20534554504F494E5420326E4C
:10E0500064000000485452204C495120534554500C
:10E060004E5420326E6400004843552054414E4BBC
:10E070002049474E20445720326E640048545220B5
:10E080004C49512049474E20445720326E640000CD
:10E090004675726E61636500746F67676C6500003A
:10E0A0007768697465000000626C61636B00000052
:10E0B0006675656C0000000070776D0048656174DE
:10E0C00065722050756D70005A6F6E6531207365F2
:10E0D0006E736F72000000005A6F6E6532207365B8
:10E0E0006E736F72000000005A6F6E6533207365A7
:10E0F0006E736F72000000005A6F6E653420736596
:10E100006E736F72000000005A6F6E653520736584
:10E110006E736F72000000005A6F6E653620736573
:10E120006E736F720000000045787465726E616CEA
:10E130002073656E736F72005261646961746F72EF
:10E140000000000031326820666F726D617400005B
:10E1500032346820666F726D6174000046616872C7
:10E16000656E686569740000446566726F7374005B
:10E1700067726579000000000000000031345453DC
:10E18000442D313000000000313454532D31300023
:10E19000506C616E617232004F562D3400000000E9
:10E1A0004F562D380000000042696E61722D3553C4
:10E1B0002042000042696E617220436F6D7061639E
:10E1C0007420420042696E61722053706C69742041
:10E1D0004200000042696E6172203130420000004E
:10E1E000506C616E6172324200000000506C616ED2
:10E1F0006172343442000000506C616E61723442CE
:10E200000000000042696E61722D35532044000009
:10E2100042696E61722073706C6964204400000072
:10E2200042696E617220436F6D70616374204400B7
:10E2300042696E617220313044000000506C616EA2
:10E240006172343444000000506C616E6172344479
:10E2500000000000506C616E6172364400000000E6
:10E26000506C616E6172384400000000506C616E49
:10E270006172394400000000333054534400000000
:10E2800042696E617220436F6D7061637420470054
:10E29000506C616E6172343447000000333053506B
:10E2A00047000000333054534700000031355453C9
:10E2B0004700000033305350000000003335535006
:10E2C0000000000073696E676C65206C6F6164000C
:10E2D00074726970706C65206C6F6164000000007E
:10E2E0004578742E626F6172640000004D696C2E77
:10E2F00064657669636500004D4243206D6F647507
:10E300006C65000053746F7665000000313454531F
:10E31000472D4D696E690000313454532D4D696E9F
:10E32000690000004374726C2070616E656C0000BF
:10E33000414320436F6E74726F6C000056616C76BF
:10E340006520636F6E74726F6C0000004D6F6465C2
:10E350006D000000556E6B6E6F776E00626F6F74AC
:10E360006C6F616465720000424C452061646170AD
:10E3700074657200496E7665727465720000000003
:10E3800050726573732E73656E7300005468657206
:10E390006D697800287172636F646567656E5F569A
:10E3A000455253494F4E5F4D494E202A2034202B71
:10E3B00020313729203C3D20726573756C7420260E
:10E3C0002620726573756C74203C3D202871726341
:10E3D0006F646567656E5F56455253494F4E5F4D9A
:10E3E0004158202A2034202B2031372900000000FA
:10E3F00030203C3D206E756D4269747320262620C6
:10E400006E756D42697473203C3D2031362026269E
:10E410002028756E7369676E6564206C6F6E67295E
:10E4200076616C203E3E206E756D42697473203DAE
:10E430003D20300030203C3D2028696E7429656302
:10E440006C2026262028696E742965636C203C3D6B
:10E450002033202626202D31203C3D2028696E7453
:10E46000296D61736B2026262028696E74296D61E1
:10E47000736B203C3D203700303132333435363732
:10E4800038394142434445464748494A4B4C4D4E32
:10E490004F505152535455565758595A2024252AF3
:10E4A0002B2D2E2F3A0000007172636F6465676533
:10E4B0006E5F56455253494F4E5F4D494E203C3D8D
:10E4C000206D696E56657273696F6E202626206D09
:10E4D000696E56657273696F6E203C3D206D617880
:10E4E00056657273696F6E202626206D61785665B9
:10E4F0007273696F6E203C3D207172636F64656753
:10E50000656E5F56455253494F4E5F4D415800006E
:10E5100030203C3D2028696E742965636C202626D6
:10E520002028696E742965636C203C2034202626DF
:10E53000207172636F646567656E5F56455253491B
:10E540004F4E5F4D494E203C3D2076657273696F9A
:10E550006E2026262076657273696F6E203C3D2002
:10E560007172636F646567656E5F56455253494FBC
:10E570004E5F4D41580000007172636F64656765BE
:10E580006E5F56455253494F4E5F4D494E203C3DBC
:10E590002076657273696F6E202626207665727309
:10E5A000696F6E203C3D207172636F646567656EB4
:10E5B0005F56455253494F4E5F4D41580000000091
:10E5C0003231203C3D20717273697A652026262005
:10E5D000717273697A65203C3D20313737202626D9
:10E5E0002030203C3D20782026262078203C2071B9
:10E5F0007273697A652026262030203C3D207920E0
:10E6000026262079203C20717273697A650000000B
:10E61000B4E7030800000020F80100006CC1000806
:10E6200018E90308F8010020483C0000C8C10008B0
:10E630001C00000043000000F8FFFFFF0C0000007A
:10E640000E0000000F0000002E000000100100006E
:10E6500043000000F8FFFFFF0040404040404040C2
:10E6600040404141414141404040404040404040A5
:10E670004040404040404040400502020202020249
:10E680000202020202020202022020202020202098
:10E6900020202002020202020202909090909090AC
:10E6A000101010101010101010101010101010106A
:10E6B00010101010020202020202888888888888DE
:10E6C00008080808080808080808080808080808CA
:10E6D00008080808020202024000000000000000D2
:10E6E000000000000000000000000000000000002A
:10E6F000000000000000000000000000000000001A
:10E700000000000000000000000000000000000009
:10E7100000000000000000000000000000000000F9
:10E7200000000000000000000000000000000000E9
:10E7300000000000000000000000000000000000D9
:10E7400000000000000000000000000000000000C9
:10E75000000000000000000000000000B123FEFFE8
:10E76000BD23FEFF8922FEFF4523FEFF9123FEFF0E
:10E77000DD22FEFF4923FEFF8522FEFFF122FEFF80
:10E78000FD22FEFF0923FEFFD522FEFFB122FEFF80
:10E790004D23FEFF3922FEFF5523FEFF0123FEFF1E
:10E7A0003D22FEFF6922FEFF8522FEFF2123FEFFA0
:10E7B0006D22FEFF01107A14025A15021A16021A6F
:10E7C00017021A18021A1902121A121B1A1C021224
:10E7D0001D121E121F1220122112221223122412A5
:10E7E00026122712281229122B122C122D122F1248
:10E7F0003012321233123512361238123A123B12DC
:10E800003D123F12411242124412461248124A125D
:10E810004C124E12501252125412561258125A12D0
:10E820005C125E12601263126512671269126C123A
:10E830006E12701272127512771279127C127E1299
:10E8400081128312851288128A128D128F129112F0
:10E850009412961299129B129E12A012A212A51245
:10E86000A712AA12AC12AF12B112B312B612B8129A
:10E87000BB12BD12BF12C212C412C712C912CB12F0
:10E88000CE12D012D212D412D712D912DB12DD124C
:10E89000E012E212E412E612E812EA12EC12EE12B0
:10E8A000F012F212F412F612F812FA12FC12FE1220
:10E8B000FF1836010103010501060108010A010BD9
:10E8C000010D010E011001110113011401150117B1
:10E8D00001180119011A011C011D011E011F01204F
:10E8E0000121012201230124021E25012601270204
:10E8F0001A28021A29021A2A025A2B02FA2C026931
:10E900001A033C2A01051878E40308D55721FFFFB4
:08E9100004000E2707000000BF
:040000050800C131FD
:00000001FF
