:020000040800F2
:10800000180F00209D81000869A2000805A2000841
:108010000000000000000000000000000000000060
:10802000000000000000000000000000C381000804
:108030000000000000000000C581000891A50008B4
:10804000C9810008C9810008C9810008C9810008E8
:10805000C9810008C9810008C9810008BD9E0008C7
:1080600061AC00084D9C0008C9810008C981000866
:10807000C9810008C981000801A7000855A70008A8
:1080800095A7000809A80008C9810008E5A600080E
:10809000C9810008C9810008C9810008C981000898
:1080A000C9810008C981000805A40008C981000829
:1080B000C9810008C9810008E59B000800F002F8AA
:1080C00000F040F80CA030C8083824182D18A2463B
:1080D000671EAB4654465D46AC4201D100F032F813
:1080E0007E460F3E0FCCB6460126334200D0FB1A27
:1080F000A246AB463343184700D8000020D8000002
:10810000103A02D378C878C1FAD8520701D330C8E0
:1081100030C101D504680C607047000000230024C2
:1081200000250026103A01D378C1FBD8520700D3AE
:1081300030C100D50B6070471FB500F033F91FBD8B
:1081400010B510BD01F0E4F81146FFF7F5FF0CF093
:1081500085FB01F0FCF803B4FFF7F2FF03BC01F06C
:1081600031F9000070B505460C46164602E00FCC0A
:108170000FC5103E102EFAD2082E02D303CC03C531
:10818000083E042E07D301CC01C5361F03E0217839
:108190002970641C6D1C761EF9D270BD0E4880F3E8
:1081A00008880E480168090E0D4A914205D10D4814
:1081B0000D4901600D480E49016007480047FEE780
:1081C000FEE7FEE7FEE7FEE7FEE7000009480A4992
:1081D0000A4A0B4B70470000BD80000804000000F5
:1081E0001F000000181002400100000000000140C4
:1081F0000000000018090020180F0020180B0020B4
:10820000180B002001E004C0091F0429FBD28B07D2
:1082100001D50280801CC90700D002707047002978
:108220000BD0C30702D00270401C491E022904D3A0
:10823000830702D50280801C891EE3E70022EEE757
:108240000022DFE7002203098B422CD3030A8B4272
:1082500011D300239C464EE003460B433CD400223E
:1082600043088B4231D303098B421CD3030A8B4250
:1082700001D394463FE0C3098B4201D3CB01C01A1E
:10828000524183098B4201D38B01C01A52414309E9
:108290008B4201D34B01C01A524103098B4201D3D7
:1082A0000B01C01A5241C3088B4201D3CB00C01A44
:1082B000524183088B4201D38B00C01A52414308BC
:1082C0008B4201D34B00C01A5241411A00D20146E1
:1082D0005241104670475DE0CA0F00D0494203107A
:1082E00000D34042534000229C4603098B422DD3C9
:1082F000030A8B4212D3FC22890112BA030A8B4271
:108300000CD3890192118B4208D3890192118B42BF
:1083100004D389013AD0921100E08909C3098B4244
:1083200001D3CB01C01A524183098B4201D38B0187
:10833000C01A524143098B4201D34B01C01A52412A
:1083400003098B4201D30B01C01A5241C3088B426F
:1083500001D3CB00C01A524183088B4201D38B005A
:10836000C01A5241D9D243088B4201D34B00C01AE4
:108370005241411A00D20146634652415B101046F9
:1083800001D34042002B00D54942704763465B1041
:1083900000D3404201B50020C046C04602BD704730
:1083A0007047704770B5064C7C44064D7D4403E031
:1083B000206800198047241DAC42F9D170BD00002F
:1083C0006CD50000E8D500000246C80FC007814305
:1083D0004B0030B54B405B009B0D20D01923DB06D2
:1083E000C91801231B05994220DB0324A407042597
:1083F0001346AB400BD3002B04D1EB0613409B007C
:10840000E34204D401246407002312195941FF23D5
:108410001B0599420BD2C9000143500F09E0CB0262
:1084200004D501430803024305D0054830BDFF21B0
:10843000C905084330BD084607210905884330BDFA
:108440000000C07FF0B50C46871A9C410D46861A85
:108450009D4103D2C01BA141D21963410D0D1F0DD7
:10846000C94EEC1BAE435CD07F057F0D0026002F6C
:1084700051D02D05AC46A943DD020123ED0A1B05B1
:108480001D4320231B1B24D41746E7403818714195
:108490002F46E740CC199D402818314661410C0D0C
:1084A00027D161449A4013D50023401C5941520002
:1084B0000ED14008400001224B005205D34207D3A1
:1084C00005204007C14201D5B04900E0B04930461F
:1084D000F0BD6B00002A00D001229A181F23203C17
:1084E0001B1B01D5002302E0E540281871410C0D4B
:1084F000D7D0012424050919C407CD07400849082D
:10850000E40F28436144002CD5D00024401C614175
:108510009A40D0D1CDE76A05520DD9D1C90FC9070C
:10852000D5E79C4D4E00002801D0012400E0002436
:1085300034195F00002A01D0012600E00026BE1990
:10854000954FAC420CD8AE420AD8B44206D00125B1
:108550006D05EC42BCD010461946F0BD9942FCD0E6
:1085600000203946F0BDF0B51FB40C460F46811A05
:108570009F412546861A9D4106D20125ED076F4091
:10858000401ABC4152187B41210D1E0D8D1BAC467B
:108590007D4D8D437ED075056D0D7CD00D05AE46AD
:1085A000AC431B031B0B794D52429D412023664671
:1085B0009B1B14D31746F7403818002600907441CF
:1085C00060462F460741E41900989D4028186641EF
:1085D00016D4714671189A4025D5012320E09318CE
:1085E0002A466A415200002B00D0521C1E23203E16
:1085F0009B1B002B61DD3541EE1728186641E8D53D
:10860000001876415B1C9A4000D3401C4B05F318C0
:108610001524E34010D3002B52D071467118D30FAC
:10862000C01802D3491C05B0F0BD0123DB079A42F4
:10863000F9D140084000F6E701225205B21801D1F5
:10864000002853D00123CC0ADB029943891E002A5B
:1086500008D1020C03D0020C0004103902E00246DB
:10866000002020390023550B05D112020823550B99
:1086700001D152010D23550C01D112011B1DD50C46
:1086800001D192009B1C150D01D152005B1C2025CD
:10869000EE1A01E02CE022E00546F5401543984033
:1086A000CA1AE10769181305C918002ABBDA0320A2
:1086B00040070818C10FC9070FE071466118B2E7FB
:1086C000F10740080843711071444A000CD001239F
:1086D0005B059A42A7D2C90FC9070020A3E7490545
:1086E000490D26D1002001E00028F4D100219AE7AD
:1086F000284D6600002801D0012100E000217118FA
:108700005F00002A01D0012600E00026BE19224F9A
:10871000A94210D8AE420ED8B14208D001256D054D
:10872000E94206D01946A802414010467BE79C4228
:1087300001D0214677E70020394674E710B50C4692
:108740005C4005D50124E4076340FFF70CFF10BD32
:10875000FFF778FE10BD30B40C465C4004D5012410
:10876000E407634030BC6DE630BCFCE670B5012424
:10877000E40761400D465D4002D4FFF763FE70BD23
:108780006340FFF7F0FE70BDFF0700000000F0FF40
:108790000000F07F0000E0FF0000F87FF0B5F94D29
:1087A0000C091E092C402E402F468BB0A7437DD0CC
:1087B000B543FCD0002E7AD0002CFCD00D465D4095
:1087C000ED0F2543AC1BFF25AD0464190894C502C9
:1087D000440DC9022143500DDC0204430120C007AF
:1087E00001430443D2020191200C110C00958C46E8
:1087F000010423468B430A9161460904E24D8A43F2
:108800000991010A7D4449198039097805464D438B
:1088100001266D18F605751B6943C90C640B891C8C
:108820004C436418B5012C1B250C2E04B4434C4357
:108830004D43210C691889090591009DE90701D074
:108840000121C90704912C4601996708CD072F43E0
:108850004C08059DE10B4D432D0C2946664675439A
:1088600002950D4645432E46029D7D1BB441009561
:108870000D465D4301942C0C2F040D465543AE4626
:108880002D0C3D43029503947546049C2D04641BF6
:10889000049406D2029C039D641C00267541039536
:1088A000029401AC70CC009F7D1B01E03EE162E1CF
:1088B000B44109040095079101940599A408614306
:1088C000090C0C464443650BE7040C4666467443AA
:1088D000A646640B3C43039502947446049DE4044D
:1088E0002C1B049406D2029C039D641C0026754137
:1088F0000395029401AC70CC009F7D1BB4410194A0
:108900000C465C430095650FE7000C465443A646B1
:10891000640F3C43039502947446049DE4002C1BB1
:10892000049406D2029C039D641C002675410395A5
:10893000029401AC70CC009F7D1BB441AE09AF0620
:10894000049DC900AD092F43049DA406AD060495FE
:10895000079D344369180791059DE10B4D432D0C8C
:1089600029466646754302950D4645432E46029DAF
:108970007D1BB44100950D465D4301942C0C2F04E2
:108980000D465543AE462D0C3D4302950394754666
:10899000049C2D04641B049406D2029C039D641C59
:1089A000002675410395029401AC70CC009F7D1B9D
:1089B000B44101948C050694079C890A61180095BE
:1089C0000791019C0599A4086143090C0D46454394
:1089D000680BEF040D46644665436C0B3C43049FF3
:1089E000ED047D1BAC4602D20025641C6841009E4C
:1089F000019D371B85410846584301950C46460F9B
:108A0000C5005443600F28436546E4002C1B02D286
:108A10000025401C6E41019D3F1AB5412846BD0905
:108A2000800628438446A009BF064E020699A40684
:108A300076180743079D002068410A99079019435B
:108A40000020099B00906046FF1913434041E20F4C
:108A500064003A43A4460446D71A8C41A04203D985
:108A60000120009020463A46C70F941840416246C4
:108A7000D20F2243644664000494009CBE46640006
:108A8000D71AA446044602978C417746002F01D19D
:108A9000A04204D96046401C8446029A2046C40F76
:108AA000A64694184041049A0546D20F22436446D4
:108AB0006400D31A8D417146002901D1A84202D920
:108AC00028461A46641C10430122002800D0164391
:108AD00061020020079B891904465C410223002C97
:108AE00002DB491813466441089DCE0A2D145D1916
:108AF0004B056705E10A2C050D1908993E43C90786
:108B00006940002B08D0934006D30022761C5141C7
:108B1000002B01D1760876001C4A002D43DB15425C
:108B200041D0AA433FD030460BB0F0BD06180D46E9
:108B30004D41174C7642AC411AD395181C465C4106
:108B4000134A6D42A24113D3012252054C00D44274
:108B50000AD15C00D4420BD04B4002D592021143A3
:108B6000E2E749004908DFE75940C90FC90718E0A3
:108B700000200849D8E7054801420DD10342F7D04B
:108B8000F2E700000000FF0730D000000000F07F97
:108B90000000E0FF0000F87F114859400143C01277
:108BA00041400020C0E70123089A9B069A4205DC59
:108BB000032252078918C90FC907B5E705225207D2
:108BC0008918074A1143D2125140ADE770B51546D6
:108BD0001C4602460B4628462146FFF7DFFD70BDC6
:108BE000FFFFFF7F30B50346CA02400D1043164D0C
:108BF000164C0A1502D02043002A06DBAA1A002AC6
:108C000012DDD040FF2A0BDC30BD5205520D01D1E0
:108C100040004008AA1A07D4D0404042FF2A01DD94
:108C2000002030BD0028FCDD4A00002B01D00120CF
:108C300000E00020101801225205D042F0D8C817D9
:108C4000C043604030BD00001E04000000000080F2
:108C50000346CA02400D10B510430A1504D0012482
:108C6000E4072043002A05DB0A4CA21A04D4D040B2
:108C7000FF2A00DD002010BD4A00002B01D001209A
:108C800000E00020101801225205D042F2D8C81787
:108C9000C04310BD1E0400001F22030C02D10F228E
:108CA000000402D0030E03D004E000200146704708
:108CB0000002083A030F01D10001121F830F01D1F6
:108CC0008000921E002801DB4000521E1205511840
:108CD0004205C012411810467047C10FC90700D0A5
:108CE0004042012292071143D6E701218907D3E7C9
:108CF000F0B58B4C0F09254689B0BD437BD01D09CB
:108D00002646AE43FAD00E465E402740F60F3E435D
:108D1000254071D024012142FBD0FF24AD19A404C9
:108D20002D1B039501252D05DB02DB0AC9022B4310
:108D3000C90A29431E010901040F130F050121432C
:108D40001701880B820391432D098C46A90B1E4302
:108D50008A039543B30B9A0396433F09BA0B9403D6
:108D6000A74302962E467E430497B6464E19D7195E
:108D70000C460196544305977E43371B7646BF1B2E
:108D80003601B646BE0B361900967646BC04371936
:108D9000009C01D3641C00946400002F01D00126C4
:108DA0003443029E049F754366467E4304967600D4
:108DB00034196E0034190094029C019E1C196643FC
:108DC000751BAE46069465464519059C05956C4392
:108DD000594375460891691A0191049E0146514311
:108DE000A41B0491611A009C0791E10605D061095A
:108DF0000122114302E072E06EE06109089D002744
:108E00002C0A2D066918049D7C412A0A2D06691832
:108E1000019D6241AC0DAD026D185441079A910D50
:108E2000920255196141029A644658435443069B85
:108E3000059A5A43121A131B9A0E9B015B187A412A
:108E4000010B0005C3185141220A200644195A415A
:108E50009A4200D2491C01204002814203D31523CB
:108E60000226F64302E014230326F6432020C51A07
:108E7000A9401746AF40DA400A4320460399D8403C
:108E80000914731819055118039A3843D207514031
:108E9000AC4009D00122944006D30022401C51412D
:108EA000002C01D1400840001E4A934212D30122F7
:108EB00003989206904207DB0520400709181A48DC
:108EC0000143C012414004E0032040070818C10FCD
:108ED000C907002009B0F0BD0020F107FAE7051826
:108EE0000C464C4111486D42A04115D394181A46C6
:108EF0005A410E48644290410ED301204A00400579
:108F0000824209D35A00824206D35940C90F084A07
:108F1000C90700201143DDE700200649DAE7000019
:108F20000000FF07FE070000FFFFFF7F0000E0FFDB
:108F30000000F07F0000F87F0121C90501234118DE
:108F400042001B06D3185B0E0AD0C1100722D206BE
:108F5000891840075242D14201D552008918704702
:108F6000090208D50146002A03D0C10FC907002015
:108F7000704710467047420202D0002002497047F5
:108F8000072109050143F4E70000F87FF0B5FF254C
:108F90002D04C609C209FF2704462E400137CB091C
:108FA0003E4348402A402B400746002A6BD0002B06
:108FB00069D0AA4267D0AB4265D0002800DA3246B9
:108FC0000125ED0529432C4309022002090AD21A82
:108FD0004B0C7F24E31A434C000A7C44E35C7D2461
:108FE0002404121914145B00A218884201D3521CE5
:108FF00000E0400049420C465C4324115C43DB0125
:109000006415E318040A5C43C502200D0C46444372
:109010006419250A5D432303EC0C0D4665430003E8
:109020000019EB184C42A34201D35B18401CD40535
:109030002018002B07D05B00C91804D3401C00295E
:1090400001D1400840003F2189048A4209D3002A07
:1090500008DC1106090F04D0032149074018C00F8E
:10906000C007F0BD01224100120689187F22520676
:109070009142F6D205214907C84201D59010F0BDB2
:10908000FF20C005F0BD002F00DA32461648AA4284
:1090900007D2AB4205D21902090E17D0F80FC0074C
:1090A000F0BDFF2563002D06AB42F9D84900A94267
:1090B000F6D8AB4201D1A942F2D0A94201D1002198
:1090C00001E061004908D0050843F0BD1102090E16
:1090D000FBD0FF200243D005F0BD0A4601461046F2
:1090E00054E70000DAC800000000C07F10B5014658
:1090F0009E240002CA15A307002A02D01843002AA2
:1091000004DBA21A002A0CDDD04010BD1206120E9C
:1091100001D140004008A21A03D4D04040420028A8
:10912000F3DDFF2248001206904201D9002010BD55
:10913000C817C043584010BD0102C21504D0012316
:10914000DB071943002A0ADB9E239A1A02D4084639
:10915000D0407047FF2241001206914201D9002001
:109160007047C017C04370471F22030C02D10F2263
:1091700000041CD0030E01D10002083A030F01D1F4
:109180000001121F830F01D18000921E002801DB15
:109190004000521ED2055118021251181922904057
:1091A00004D3491C002801D14908490008467047EA
:1091B000C10FC90700D04042012292071143D3E7F3
:1091C00001218907D0E70000F8B5224C4E00069D2A
:1091D000A6420AD8A64201D1002806D15E00A642C6
:1091E00003D8A6420AD1002A08D00D24240425421F
:1091F0002CD02946002000F061F8F8BD0C461C4335
:109200000CD4994202D0EFF30080F8BD904202D016
:10921000EFF30080F8BDEFF30080F8BD09242407C8
:10922000E5008B4206D0EFF30080A043591A06D226
:10923000284304E0101A05D3EFF30080A04380F325
:109240000088F8BDEFF30080A043F1E7009500F03F
:109250004DF8F8BD0000E0FF10B5FF231B064400E9
:109260009C421DD84C009C421AD80346124A0B431C
:1092700007D4401A02D3EFF3008010BDEFF3008053
:1092800010BD081A06D2EFF3008001219043C907F0
:10929000084302E0EFF30080904380F3008810BDA4
:1092A0000D231B041A4204D01146002000F006F8DA
:1092B00010BD00F025F810BD00000090C80212D5C6
:1092C0004803400F002804D0C803C0430121884050
:1092D0007047EFF3008000010009032109070843EC
:1092E00080F30088704700207047000010B5002010
:1092F0000249029A00F033F810BD00000000F87F28
:1093000010B5024800F02BF810BD00000000C07F2F
:10931000754600F053F8AE46050069465346C0084E
:10932000C000854618B020B5FEF750FF60BC00278E
:109330004908B6460026C0C5C0C5C0C5C0C5C0C521
:10934000C0C5C0C5C0C5403D49008D46704710B579
:109350000446C046C0462046FEF7FDFE10BD10B5CF
:109360000C461107090F092904D00A290AD0082937
:109370000CD104E011460820FFF7A0FF06E05106DB
:1093800006D501E0510601D50120C007214610BDD8
:10939000D10607D501010909CC084907000E0006CE
:1093A000044309E0410F20024907000A0143200E4F
:1093B00000061D22D14101430846E7E700487047F7
:1093C000B408002001491820ABBEFEE726000200C9
:1093D000704710B50B460021846A1C43846200BFAD
:1093E0000C4614432146416110BD002904D0826817
:1093F00001231A43826003E0826802231A438260D9
:109400007047002904D0C26801231A43C26003E0F8
:10941000C26852085200C2607047C26802239A4371
:10942000C260C2680A43C2607047000010B50446BB
:109430000548844207D10121401500F09DFF00211D
:10944000601500F099FF10BD0024014030B50146C1
:109450000020002200238C680125ED072C438C603E
:1094600000BF8C68E30FDB07521C0F242403A242C9
:1094700001D0002BF5D18C68E40FE407002C01D15A
:10948000086C00E0002030BD30B50246002000230B
:10949000012424060C40002C05D0946801252D06DB
:1094A000AC43234600E013681C460C40002C01D05E
:1094B000012000E0002030BD10B50022C268084B3A
:1094C0001A400C7964030B6823438C682343CC68EF
:1094D00023430C6923434C6923431A43C26010BDE4
:1094E00003D2FFFF8168042211438160704700218D
:1094F000016001718160C1600161416170470000DC
:10950000002807D0074989680122D2051143054A7E
:10951000916006E0034989680122D2059143014A1E
:109520009160704700270140002807D007498968EB
:10953000012212061143054A916006E00349896839
:10954000012212069143014A9160704700270140B1
:10955000002807D007498968012292051143054A6E
:10956000916006E003498968012292059143014A0E
:109570009160704700270140002904D0012907D0DD
:10958000022911D10AE0826880231A4382600CE02C
:1095900082680123DB031A43826006E082680123AC
:1095A000DB051A43826000E000BF00BF7047000087
:1095B00010B501235B02CA1A994242D010DC20295F
:1095C00030D006DC012924D0042925D0082948D12F
:1095D00025E0402929D0CA1FF93A002A41D12DE0BF
:1095E0003F246402131BA24236D009DCFF3AFF3A43
:1095F000023A002A28D001239B02D21A31D126E058
:109600000122D2039A1A13D001231B04D21A28D1A3
:1096100011E0154A826025E00822C26022E0102293
:10962000C2601FE0082202611CE01022026119E002
:109630000822426016E01022426013E004224260D9
:1096400010E0042242600DE0042242600AE00022A1
:1096500082610422426005E00022826104224260AD
:1096600000E000BF00BF10BD0101010010B50446BD
:109670000121480600F060FE00210120400600F0B4
:109680005BFE10BD70B504460D460026606928409B
:1096900000286FD0FF210131681A8D4264D010DCA0
:1096A000082D3DD006DC012D28D0022D2CD0042D14
:1096B0007BD12FE0102D39D0202D3DD0402D74D1FD
:1096C00040E07F221202811A904268D00DDCFF3800
:1096D000013800284FD0FF38FF380238002850D01A
:1096E00001218902401A60D151E00120C003081A0B
:1096F0002ED001210904401A57D12FE0A0682E492D
:1097000001F0B2FB064652E0E068032101F0ACFB39
:1097100006464CE0E068082101F0A6FB064646E05C
:10972000E068102101F0A0FB064640E0206903211B
:1097300001F09AFB06463AE02069082101F094FB0B
:10974000064634E02069102101F08EFB06462EE02B
:109750006068082101F088FB064628E06068102157
:1097600001F082FB064622E0A069012101F07CFBAA
:1097700006461CE01CE0A069022101F075FB0646CC
:1097800015E0A069042101F06FFB06460FE0A06917
:10979000702101F069FB064609E006E0FFE760681A
:1097A000042101F061FB064601E0002600BF00E055
:1097B0000026304670BD00000101010030B50246B0
:1097C0000020002314680225AC43146014680125AE
:1097D0002C43146000E05B1C5468E407E40F002C89
:1097E00002D13C4CA342F6D15468E407E40F002CAC
:1097F00001D100206DE08C79012C04D11468802502
:109800002C43146003E014688025AC431460CC79C9
:10981000012C04D1146840252C43146003E0146823
:109820004025AC4314600C7A012C04D11468202527
:109830002C43146003E014682025AC4314604C7A78
:10984000012C04D1146810252C43146003E0146823
:109850001025AC4314608C7A012C04D114680825BF
:109860002C43146003E014680825AC431460CC7AE0
:10987000012C04D1146804252C43146003E01468FF
:109880000425AC4314608C78A407CD782D062C43B6
:109890000D792D042C434D792D052C430D886D1E1B
:1098A0002C43D4611468640864001460002300E051
:1098B0005B1C5468E407E40F002C02D0054CA34263
:1098C000F6D15468E407E40F002C01D0002000E03A
:1098D000012030BDFFFFFF0010B50C010346FF3330
:1098E000B1331B59042423401372137A002B07D180
:1098F0000C010346FF33B1331B595B0D136006E0C7
:109900000C010346FF33B1331B59DB0853600C01D4
:109910000346FF33B1331B590224234053720C0119
:109920000346FF33B133E3185B681B071B0F9372C9
:109930000C010346FF33B133E3185B681B041B0EB5
:10994000D3740C010346FF33B133E3189B68D37221
:109950000C010346FF33B133E3189B681B041C0E54
:1099600014730C010346FF33B133E3189B681B02E9
:109970001C0E54730C010346FF33B133E3189B688C
:109980001B0E93730C010346FF33B133E318DB68FE
:10999000D3730C010346FF33B133E318DB681B04B8
:1099A0001C0E14740C010346FF33B133E318DB685B
:1099B0001B021C0E54740C010346FF33B133E31831
:1099C000DB681B0E9374002904D1C3682024234351
:1099D000C36003E0036920242343036110BD002119
:1099E0008171C171017241728172C1728170C170E5
:1099F000032101710221417101210180704730B5BD
:109A00000246002093680124A4062340A34200D10B
:109A100010E093680124E4062340A34201D1012011
:109A200008E09368012424072340A34201D10220C7
:109A300000E0042004287BD004011346FF33813367
:109A40001B59DC07E40F05011346FF3381335C51DA
:109A50000B7A002B0FD10B885B054C7A2343050151
:109A60001446FF3481346459234305011446FF34FE
:109A70008134635110E04B68DB000C7A23434C7A4D
:109A8000234305011446FF348134645923430501FF
:109A90001446FF34813463518B7A1B071B0F8B7282
:109AA00004011346FF338133E3185B681C0924016A
:109AB00005011346FF338133EB185C600401134644
:109AC000FF338133E3185B688C7A23430501144626
:109AD000FF3481342C1963608B7B1B064C7B240480
:109AE00023430C7B24022343CC7A234305011446F1
:109AF000FF3481342C19A3608B7C1B064C7C24041E
:109B000023430C7C24022343CC7B234305011446CE
:109B1000FF3481342C19E36004011346FF33813391
:109B20001B590124234305011446FF34813463513A
:109B300030BD000010B502460023002904D00129E1
:109B400007D002290FD109E09068204C204003463D
:109B50000BE090681E4C2040034606E090681D4CC8
:109B60002040034601E0002300BF00BF1A4C181B31
:109B7000A3421BD008DC002B14D01848181800286A
:109B800012D002281CD115E0FF38FF380238002817
:109B900012D0134C001900280AD001246404001BC1
:109BA0000ED10BE002230DE000230BE0002309E0BF
:109BB000002307E0012305E0012303E0012301E086
:109BC000002300BF00BFD8B210BD00000300000496
:109BD000000300080000031000010008FFFFFFFB66
:109BE0000003FFF710B502211548FFF74BFD0128D0
:109BF0000FD1012113480170C21FFD3A0021104806
:109C0000FFF76AFE104803F0EBFE02210C48FFF755
:109C1000CFFC10210A48FFF735FD01280ED10121A4
:109C200008480170C21FFD3A0548FFF755FE064877
:109C300003F0D6FE10210248FFF7BAFC10BD000069
:109C4000006400408C0800206C07002010B5022042
:109C500000F0EEF8002867D0022000F069F83348E1
:109C6000808E001D81B23148818600200FE02F498F
:109C700040390A6FC1004118491D4B002B49BC39BE
:109C8000C95A5218294940390A67411CC8B20428E8
:109C9000EDDB012109030920C00600F099FA002834
:109CA00042D100BF3EE021494039CA6DC100411890
:109CB000491C4B001D49BC39C95A52181B4940392F
:109CC000CA650A6EC1004118891C4B001749BC398E
:109CD000C95A5218154940390A664A6EC1004118DE
:109CE000C91C4B001149BC39C95A52180F49403997
:109CF0004A668A6EC1004118091D4B000B49BC39E8
:109D0000C95A5218094940398A66CA6EC1004118B9
:109D10004B000649BC39C95A521804494039CA6631
:109D2000411CC8B20428BEDB10BD00009402002014
:109D3000014948607047000000000240002904D03B
:109D4000026801231A43026003E00268014B1A40D3
:109D500002607047FEFF00000168334A1140016055
:109D60000021016041608160C1603049884208D1B2
:109D70002E49083949680F2211432C4A083A51608C
:109D800051E02A491431884208D1284908394968E4
:109D9000F0221143254A083A516044E02349283112
:109DA000884209D12149083949680F22120211431A
:109DB0001E4A083A516036E01C493C31884209D1BC
:109DC0001A49083949680F2212031143174A083A01
:109DD000516028E015495031884209D113490839AA
:109DE00049680F2212041143104A083A51601AE0E0
:109DF0000E496431884209D10C49083949680F225B
:109E000012051143094A083A51600CE007497831BC
:109E1000884208D10549083949680F2212061143C2
:109E2000024A083A51607047FEFF000008000240F5
:109E300001460020044A12680A40002A01D001208D
:109E400000E000207047000000000240002A03D01C
:109E500003680B43036002E003688B4303607047B1
:109E600010B5002202680D4B1A400C6A8B68234320
:109E70000C6923434C6923438C692343CC692343F6
:109E80004C6A23438C6A23431A430260CB684360C5
:109E90000B6883604B68C36010BD00000F80FFFF3C
:109EA0000021016041608160C160016141618161A7
:109EB000C1610162416281627047000010B50120FA
:109EC000400300F007F801200149C87110BD0000EF
:109ED00070050020014948617047000000040140FE
:109EE000002120498279002A35D00A461268036889
:109EF0009A430B461A600A46526803689A430B4617
:109F00005A60027951180A6803681A430A60154AB0
:109F1000926803689A43134B9A601A46D2680368A2
:109F20009A43104BDA604279102A0CD11A46926893
:109F300003681A430B4B9A601A46D26803681A43A7
:109F4000084BDA600DE00749427951180A68036846
:109F50001A430A6005E0027951180A6803689A43B7
:109F60000A6070470004014030B5044604250B2008
:109F7000000400F0AFF80546042D17D10C48006925
:109F8000022108430A4908610846446100694021EA
:109F90000843074908610B20000400F09BF80546C0
:109FA000034800690221884301490861284630BD01
:109FB0000020024004200D49C968C907C90F0029C3
:109FC00001D0012010E00949C96810221140002980
:109FD00001D0022008E00549C96804221140002987
:109FE00001D0032000E00420704700000020024060
:109FF0000348006980210843014908617047000057
:10A0000000200240002806D00649096810221143AA
:10A01000044A116005E00349096810229143014A8E
:10A02000116070470020024078B506460C460425B2
:10A03000002000900B20000400F04CF80546042D91
:10A0400024D1134800690121084311490861348073
:10A050000B20000400F03EF80546042D10D1B01C82
:10A060000090200C009908800B20000400F032F8CA
:10A07000054607480069400840000549086105E0B9
:10A08000034800694008400001490861284678BD3E
:10A090000020024001460020044A106840084000A9
:10A0A00002460A431046014A1060704700200240F1
:10A0B0000548006980210840002804D0034802496F
:10A0C000486003484860704700200240230167450C
:10A0D000AB89EFCD10B503460424FFF76BFF0446B0
:10A0E00003E0FFF767FF04465B1E012C01D1002B44
:10A0F000F7D1002B00D10524204610BDF0B50A464B
:10A1000000210023002400BF3DE001258D402B46A7
:10A1100015681D402C469C4234D11579012D02D082
:10A120001579022D16D185684F000326BE40B54330
:10A13000856055794E00B5408668354385608588D1
:10A1400001268E40B5438580858896798E40B6B2CB
:10A150003543858005684F000326BE40B543056042
:10A1600015794E00B540066835430560C5684F0057
:10A170000326BE40B543C560D5794E00B540C668DC
:10A180003543C560491C1029BFD3F0BDF0B500238D
:10A1900000244D07EE0E1546B5402B46CD10AE00FF
:10A1A00005462035AD594E07F70E0F26BE40B54384
:10A1B000CE10B60007462037BD51CD10AE003D464B
:10A1C000AD591D432C46CD10AD003E467451F0BD37
:10A1D00002460020138A0B40002B01D0012000E032
:10A1E0000020704701857047816170470449016014
:10A1F000002101710121417100218171C1717047FC
:10A20000FFFF000000BFBFF34F8F04480449C86040
:10A21000BFF34F8F00BF00BFFEE700000400FA0548
:10A2200000ED00E00148024908607047CCCC000016
:10A23000003000400148024908607047AAAA0000A7
:10A240000030004001494860704700000030004085
:10A2500001498860704700000030004001490860F3
:10A2600070470000003000407047000000218278F5
:10A27000002A27D0184A03231B02D21803789B1008
:10A280009B00D15802789207D30EFF229A400B46CA
:10A290009343194642789207120E03789B07DB0E10
:10A2A0009A4011430C4A03231B02D21803789B10D7
:10A2B0009B00D1500278D306DB0E01229A40064B58
:10A2C0001A6007E00278D306DB0E01229A40024BA7
:10A2D00080331A607047000000E100E00549096919
:10A2E00004229143034A1161012801D130BF00E0EB
:10A2F00020BF704700ED00E0002905D0054A5269F3
:10A300000243044B5A6104E0024A52698243014B02
:10A310005A61704700100240002905D0054AD269F1
:10A320000243044BDA6104E0024AD2698243014BE2
:10A33000DA61704700100240002905D0054A126911
:10A340000243044B1A6104E0024A12698243014B42
:10A350001A61704700100240002905D0054A926931
:10A360000243044B9A6104E0024A92698243014B22
:10A370009A61704700100240002905D0054AD26852
:10A380000243044BDA6004E0024AD2688243014B84
:10A39000DA6070470010024010B502460021002329
:10A3A00000205111002902D10C4C23680BE0012937
:10A3B00002D10A4C236A06E0022902D1074C636AE3
:10A3C00001E0064C636BD106C90E01248C401C4091
:10A3D000002C01D0012000E0002010BD0010024040
:10A3E000002806D00649496A01221143044A5162F5
:10A3F00005E00349496A49084900014A516270472A
:10A400000010024010B56021054800F023F8002834
:10A4100004D0034800F03AF8044600BF10BD000025
:10A4200000380040002904D0028840231A430280EB
:10A4300003E00288014B1A4002807047BFFF000012
:10A440000246002013890B40002B01D0012000E0C0
:10A4500000207047F0B502460020002400230025AC
:10A460000F073F0F0126BE40B4B20B1101269E40DC
:10A47000B3B296881E40354616892640002E03D07A
:10A48000002D01D0012000E00020F0BD01468889A8
:10A490007047000010B500220288C1239B011A40BA
:10A4A0000B88CC892343CC8823430C8923434C89D4
:10A4B00023438C8923431A4302808288084B1A4025
:10A4C0008B881A4382800B8A03820288054B1A40CC
:10A4D0004B881A430280838B034C2340838310BD37
:10A4E000FFF00000FBFF0000FFF700000146002224
:10A4F0000A460C32107870478288034B1A408280DB
:10A5000082880A4382807047FFEF000000220246E3
:10A510000C3211707047002101804180072109022F
:10A5200081800021C180018141818181C181072118
:10A530000182704730B500228B071C0F0F23A34008
:10A540001A460B4B8C10A4001B599343084C8D10DA
:10A55000AD00635123468C10A4001B598C07250FB6
:10A560000446AC402343024C8D10AD00635130BD16
:10A570000800014001460020044A1068800880005D
:10A5800002460A431046014A10607047000001402D
:10A5900000B5024803F037FB00BD0000B401002005
:10A5A000F8B50025002400260027274840680C2124
:10A5B00008400546002D06D0042D08D0082D0AD0ED
:10A5C0000C2D2ED129E02148214908602DE0214899
:10A5D0001F49086029E01C4840680F218904084091
:10A5E0000446194840680321C90308400646A00CE8
:10A5F000841C002E04D118486043154908600BE004
:10A600001148C06A0007000F471C39461148FDF782
:10A6100019FE60430E49086007E010480C490860C5
:10A6200003E00A480A49086000BF00BF06484068C6
:10A63000F021084000090A490D5C05480068E8401F
:10A6400003490860F8BD00000010024000127A00C3
:10A65000000100200024F40000093D00006CDC0231
:10A660000401002010B51B48006801210843194966
:10A67000086008464068184908401649486008467E
:10A68000006816490840134908600846006801211F
:10A69000890488430F490860084640687F21C90340
:10A6A00088430C4948600846C06A00090001C86236
:10A6B0000846006BFF215431884306490863084669
:10A6C000406B07490840034948630020886000F058
:10A6D0005FFB10BD001002400CB8FF80FFFFF6FECC
:10A6E000FEFFFEFF10B50221044800F0E4F8002848
:10A6F00003D00221014800F0BBF810BD002000404B
:10A7000010B51021114800F0D6F800281DD01021F6
:10A710000E4800F0ADF80121C9020920C006FFF77C
:10A7200057FD002801D0012000E0002008494874AE
:10A730000846417C08F0A8FF0548007CFF2804DAA1
:10A740000348007C401C0249087410BD002C0140E5
:10A75000E802002010B50821C80600F0ACF8002877
:10A7600012D00821C80600F083F808210748FFF737
:10A770002FFD002805D106480088401C04490880A8
:10A7800002E000200249088010BD000000040048DB
:10A790004803002010B50421184800F08CF8002868
:10A7A00012D00421154800F063F820211448FFF767
:10A7B0000FFD002805D11348008A401C114908826A
:10A7C00002E000200F49088208210C4800F073F8CD
:10A7D000002812D00821094800F04AF82021084832
:10A7E000FFF7F6FC002805D10648408A401C0549C1
:10A7F000488202E000200349488210BD0004004066
:10A80000000400482C03002010B50121074800F087
:10A8100052F8002808D00121044800F029F801204E
:10A82000034908700349087010BD00000010004083
:10A8300015010020B4010020002904D002888023E3
:10A840001A43028003E00288014B1A4002807047DD
:10A850007FFF0000002904D0828801231A438280F0
:10A8600003E08288014B1A4082807047FEFF00009F
:10A87000CA43028270470000002904D002880123E5
:10A880001A43028003E00288014B1A40028070479D
:10A89000FEFF0000002907D04422125A0123DB03E7
:10A8A0001A4344231A5205E04422125A53045B0C03
:10A8B00044221352704730B5024600200023002482
:10A8C000158A0D402B4695890D402C46002B03D050
:10A8D000002C01D0012000E0002030BD70B50546FD
:10A8E0000C46208800280AD12389A288618828463E
:10A8F00000F0C0F9E188284600F03EF925E0208804
:10A9000004280AD12389A2886188284600F0CEF95C
:10A91000E188284600F03AF917E0208808280AD193
:10A920002389A2886188284600F0E6F9E188284654
:10A9300000F038F909E02389A2886188284600F0F0
:10A94000FFF9E188284600F037F970BD0021018049
:10A950004180012181800021C18001817047002A4E
:10A9600003D083890B43838102E083898B438381F6
:10A970007047000070B5002400220023058C1C4E97
:10A9800035400584028C8388048B194D6F3D2C4023
:10A99000B51E2C400D882C43751E2A408D892A43F4
:10A9A0004D882A43134DA84208D0134DA84205D024
:10A9B000124DA84202D0124DA84212D10C4DED1FEB
:10A9C0002A40CD892A430A4DED1E2A408D882A430C
:10A9D000074DFF3D2B400B4D2B400D8A2B434D8ADD
:10A9E0002B43838004838D684563028470BD00001F
:10A9F000FEFF0000002C01400040014000440140E7
:10AA000000480140FFFD00000A460021018B034B76
:10AA100019400B461343194601837047F7FF0000A6
:10AA200070B5002400220023058C214E354005849A
:10AA3000028C8388048B1F4D2C401F4D2C400D78B9
:10AA40002D062D0C2C431A4D103D2A408D892D05C5
:10AA50002D0C2A434D882D052D0C2A43174DA84255
:10AA600002D0174DA8421CD1164D2B400D8AAD04C3
:10AA70002D0C2B43114DA84213D10D4D703D2A4092
:10AA8000CD892D052D0C2A43094D303D2A408D8856
:10AA90002D052D0C2A430C4D2B404D8AAD042D0C59
:10AAA0002B43838004838D688563028470BD00001E
:10AAB000EFFF0000FF8F0000FFFC0000002C0140B2
:10AAC00000400140FFFB0000FFF7000070B50024CC
:10AAD00000220023058C1C4E35400584028C83889F
:10AAE000848B194D90352C40174DFD352C400D8829
:10AAF0002C43164D2A400D7B2D062D0C2A438D78B4
:10AB00002D062D0C2A43124DA84217D1114D2A4073
:10AB10008D7B2D062D0C2A430F4D2A400D792D06D5
:10AB20002D0C2A430D4D2B400D4D2B400D8A2D052C
:10AB30002D0C2B434D8A2D052D0C2B4383808483B4
:10AB40008D68C563028470BDFFFE0000FFFD00003C
:10AB5000002C0140FFF70000FFFB0000FFEF0000AA
:10AB6000FFDF0000002101804180818081608181C0
:10AB7000C181018241827047028B034B1A400283DC
:10AB8000028B0A4302837047F3FF0000028B044BE1
:10AB90001A400283028B0B061B0C1A430283704778
:10ABA000FFF30000828B034B1A408283828B0A439F
:10ABB00082837047F3FF0000828B044B1A4082832C
:10ABC000828B0B061B0C1A4382837047FFF3000035
:10ABD00000220288154B984206D001239B07984219
:10ABE00002D0134B984203D1124B1A404B881A43A0
:10ABF000114B984203D0114B1A400B891A43028023
:10AC00004B68C3620B880385084B984208D00C4BF5
:10AC1000984205D00B4B984202D00B4B984201D181
:10AC20008B7A03860123838270470000002C014049
:10AC3000000400408FFF000000100040FFFC0000F7
:10AC40000040014000440140004801400021C94348
:10AC500041600021018001814180817270470000C4
:10AC60000348806803210843014988607047000059
:10AC700000400240F0B50C4600210025068C0A4F2A
:10AC80003E400684018B058C074EF23E31401E0586
:10AC9000360C16433143044E093E35400126264307
:10ACA000354301830584F0BDFEFF0000F8B50C4676
:10ACB0000021002500260096068C0D4F3E4006849C
:10ACC000018B058C2605360C00960A4E31401E0776
:10ACD000360C31431606360C3143054E903E354056
:10ACE0001027009E3E43354301830584F8BD0000D4
:10ACF000EFFF0000FF0C0000F8B50C460021002516
:10AD000000260096068C0C4F3E400684818B058CF5
:10AD10002606360C0096084E0D3631401E05360CC0
:10AD200016433143054E3540FF270137009E3E4311
:10AD3000354381830584F8BDFFFE0000FFF5000068
:10AD4000F8B50C460021002500260096068C0D4F14
:10AD50003E400684818B058C2607360C00960A4EF1
:10AD600031401606360C31431E07360C3143074E70
:10AD7000354001273F03009E3E43354381830584D0
:10AD8000F8BD0000FFEF0000FF0C0000FF5F0000B7
:10AD90000CB5002001900090112031490860314825
:10ADA0004068304948600846406848600846006886
:10ADB0000121090408432B49086000BF29480068A5
:10ADC00001214904084000900198401C019000981E
:10ADD000002804D10521090301988842EED12148B9
:10ADE0000068012149040840002802D00120009099
:10ADF00001E000200090009801280DD1194840681A
:10AE00007F21C903884317494860084640681321D9
:10AE100009040843134948601248006801210906E3
:10AE200008431049086000BF0E4800680121490628
:10AE300008400028F8D00B48406880088000094985
:10AE4000486008464068022108430649486000BF40
:10AE5000044840680C2108400828F9D10CBD0000C6
:10AE600000200240001002400246002013460B4022
:10AE7000002B01D0012000E000207047C206D20E56
:10AE800001219140014A11607047000000E100E09B
:10AE9000C206D20E01219140014A116070470000A4
:10AEA00080E100E010B5002819DA1A4A03071B0FE9
:10AEB000083B9B089B00D2588307DC0EFF23A3406E
:10AEC0009A438B071B0E8407E40EA3401A43114BD1
:10AED0000407240F083CA408A4001A5118E00E4AE5
:10AEE00003231B02D21883089B00D2588307DC0E71
:10AEF000FF23A3409A438B071B0E8407E40EA34055
:10AF00001A43054B032424021B198408A4001A5178
:10AF100010BD00001CED00E000E100E010B50028CD
:10AF200019DA1A4A03071B0F083B9B089B00D258EB
:10AF30008307DC0EFF23A3409A438B071B0E840775
:10AF4000E40EA3401A43114B0407240F083CA40845
:10AF5000A4001A5118E00E4A03231B02D2188308DA
:10AF60009B00D2588307DC0EFF23A3409A438B0734
:10AF70001B0E8407E40EA3401A43054B032424024E
:10AF80001B198408A4001A5110BD00001CED00E03C
:10AF900000E100E010B5002819DA1A4A03071B0F78
:10AFA000083B9B089B00D2588307DC0EFF23A3407D
:10AFB0009A438B071B0E8407E40EA3401A43114BE0
:10AFC0000407240F083CA408A4001A5118E00E4AF4
:10AFD00003231B02D21883089B00D2588307DC0E80
:10AFE000FF23A3409A438B071B0E8407E40EA34064
:10AFF0001A43054B032424021B198408A4001A5188
:10B0000010BD00001CED00E000E100E010B50120E3
:10B01000FFF7E6F900BF4120FFF7BEF90028FAD09C
:10B020000648FFF71BF90420FFF70CF90448FFF767
:10B030000FF9FFF7FFF8FFF7F5F810BD55550000C1
:10B04000FF0F00001CB50446002000900190012174
:10B050008804FFF751F96846FFF7C8F840200090D0
:10B060000121684601710321417169460C48FFF7CF
:10B0700045F840210A48FFF7B5F86846FFF7B6F8EB
:10B080000120C00200900021684601710121C171B8
:10B090000321417169460248FFF730F81CBD0000EA
:10B0A00000040048002181708171704710B504468A
:10B0B000A078002804D00021204600F06DF80DE0B3
:10B0C00007488079002804D00121204600F064F868
:10B0D00004E003480178204600F05EF810BD00004F
:10B0E0009008002010B504460121C9020148FFF76D
:10B0F0006FF810BD0004004810B504461B480078E6
:10B10000C007C00F00280CD1184809F09DFA00288C
:10B1100007D0174802F074FD164908601348C0466E
:10B12000C046134802F06CFD12490968401AC8284D
:10B130001BD30F4802F064FD0E49086040210E4801
:10B14000FFF746F8012810D1C1020B48FFF740F87D
:10B15000002808D1A079401CA071A0791E2804DD28
:10B160000120A07001E00020A07110BD540100205A
:10B17000B4010020580100200004004870B50546C5
:10B1800040210448FFF724F80446012C00DD012487
:10B19000204670BD0004004870B505460C46EC70B2
:10B1A000002C04D140210448FFF71CF803E04021A3
:10B1B0000148FFF719F870BD0004004810B50446B7
:10B1C00004222146054802F022FD012020700020C3
:10B1D0006070A070A071204610BD0000B401002076
:10B1E00070B506460C46154629462046FEF71CFF5C
:10B1F00070BD10B504460120FEF704FF0120FEF7E4
:10B2000049FF10BD70B505460C46FEF751FF2046BC
:10B21000FEF7AAFEFEF7ECFE0B200004FEF75AFF35
:10B2200070BD024608687047704700001CB50446B0
:10B230000020009001900121C804FFF75DF86846E6
:10B24000FEF7D4FF012080030090012168460171C0
:10B250000321417169460D48FEF750FF0121890322
:10B260000A48FEF7BFFF6846FEF7C0FF0120C00393
:10B2700000900021684601710121C17103214171D3
:10B2800069460248FEF73AFF1CBD0000000800486E
:10B2900000218170C1708171C171704710B5044681
:10B2A0000121C9030148FEF793FF10BD00080048C3
:10B2B00001210172704700210172704770B5044688
:10B2C0000D4637480078C007C00F00280CD134481D
:10B2D00009F0BAF9002807D0324802F091FC32494F
:10B2E00008602F48C046C0462E4802F089FC2E490F
:10B2F0000968401A7D21C90088422FD3294802F0ED
:10B300007FFC29490860012189032848FEF760FF76
:10B31000012811D1C1032548FEF75AFF002808D1A2
:10B32000A079401CA071A079052817DD0120A0702C
:10B3300014E00020A07111E00121C9031B48FEF7B1
:10B3400047FF002808D1E079401CE071E07905282A
:10B3500004DD0120E07001E00020A071207A0028C7
:10B3600018D0A078002815D1E078002812D1205EEE
:10B37000A84204DC012189030C48FEF735FF0020B8
:10B38000205EC01EA8420ADB012189030748FEF7A0
:10B3900029FF04E0012189030448FEF723FF70BD63
:10B3A00064010020B401002068010020000800486A
:10B3B00070B50546012189030448FEF709FF0446DC
:10B3C000012C00DD0124204670BD0000000800486B
:10B3D00010B5044604222146054802F018FC382026
:10B3E00020800020A070E070A071E071204610BDA8
:10B3F000B401002010B5044600202070012109038B
:10B400000920C006FEF7F0FE1148FEF70FF80021F4
:10B410000F48FDF7EAFF0920FFF73AFD0E20FFF77E
:10B4200037FD1320FFF734FD06200A49086101208B
:10B43000FEF754FF00210848017007200549086104
:10B44000064806F0BBFE064807F0B2FF10BD00003C
:10B450000024014000E000E0D4020020D4010020DC
:10B46000E80200200021017070470000F0B585B0AF
:10B47000044623484078002801D005B0F0BD21489B
:10B48000007800283AD000201E490870E078FDF7C7
:10B4900097FE01901A488038C16A019809F0FEFBB6
:10B4A0000746FDF749FD0022174B03910290FDF777
:10B4B00075F90546FCF788FF6060114A803A6168BB
:10B4C000906909F043FC0CD2207A142802DA207A21
:10B4D000401C2072207A042810D101202070607056
:10B4E0000CE0207A002807D0207A401E2072207AB3
:10B4F000012803D1A07001E00020207000BFBCE74C
:10B50000D4020020B40100200000594010B50446C8
:10B5100004222146044802F07AFB002020702072A9
:10B520006070A070204610BDB40100200622825E2B
:10B5300004491E23CB5E9A4201DDC98BC180C188BC
:10B54000018170475402002000214175704700219D
:10B55000017041708170C170017141718175C17557
:10B5600001767047002141768176C176012101750F
:10B570007047000030B501461948C07A002803D151
:10B580001748407B002801D0012030BD087F0028EB
:10B5900023D114481E22825E0620085E3230824289
:10B5A0001BDD08240C5F0F4B1E255D5F6B00EB1845
:10B5B000E218D3179B0F9B189B10581F08228A5E16
:10B5C000824201DA02B20A814A7F521C4A774A7FDC
:10B5D0001E2A01DD01220A7700BF087FD5E700009F
:10B5E000C00100205402002070B504460A49886A50
:10B5F000FDF7A2FC0546094A094B09F0ABFA08D24F
:10B60000607E401C6076607E0A2804DD0020207584
:10B6100001E00020607670BDFC040020FA7E6ABC68
:10B620007493683F10B504460F48C07A002803D1D0
:10B630000D48407B002801D0012010BD204600F0BD
:10B6400057F8002801D00120F7E708481E21415E85
:10B650000620205E3230814203DD0020207501206B
:10B66000EBE70020E9E70000C001002054020020C1
:10B670004179491C41710849C97A002903D1064919
:10B68000497B002900D070474179032901DB012162
:10B69000417000BFF7E70000C001002070B586B020
:10B6A00004460E498878FDF720FB054600220C4B26
:10B6B000FDF71EFB00220B4B01910090FDF76EF889
:10B6C000094A0A4B03910290FDF745F80591049051
:10B6D000FCF77AFEE06006B070BD0000E8020020D2
:10B6E00000001C400064D94016EB0A6C8434393FDA
:10B6F00070B504461548C07A002803D11348407B32
:10B70000002801D0012070BD207D00281BD01049E9
:10B71000886AFDF711FC05460E4A0F4B09F01AFA2C
:10B720000FD2A07E401CA076A07E0A280BDD0B481D
:10B730001E21415E0620205E0A30814203DD012089
:10B74000E1E70020A0760020DDE70000C001002036
:10B75000FC0400207B14AE47E17A743F54020020C1
:10B7600000B50246C720C04310810748C08BD08077
:10B77000002050759075D07510761046FFF7F2FED8
:10B7800000201077507700BD5402002070B50446A9
:10B790000D462948C07A002803D12748407B00285D
:10B7A00001D0002070BD607D002803D0607D401E68
:10B7B000607512E01020205E0E21C94388420ADA2B
:10B7C000A07D401CA075A07D032806DB2046FFF766
:10B7D0004FFF0120E6E70020A07518481E21415EBA
:10B7E0000820205E81420ADAE07D401CE075E07DA1
:10B7F000032806DB2046FFF73BFF0120D2E70020AD
:10B80000E075012D15D1207D002812D00C4AE16889
:10B81000906A09F019FA0AD2E07E401CE076E07ED8
:10B82000032806DD2046FFF723FF0220BAE70020A9
:10B83000E0760020B6E70000C0010020540200209E
:10B84000FC04002038B5044622480078C007C00F29
:10B8500000280CD11F4808F0F7FE002807D01E482A
:10B8600002F0CEF91D4908601A48C046C0461A4881
:10B8700002F0C6F919490968401A7D21C9008842B9
:10B8800026D3154802F0BCF9144908600A2000903C
:10B8900013481E21415E03467F3B0246343A8038FE
:10B8A00006F0FEFD20822046FFF7F8FE0C481E2120
:10B8B000415E1220205E814208DD207E401C207601
:10B8C000207E022804DD0120207101E00020207686
:10B8D00038BD000020010020B40100202401002018
:10B8E00054020020502141757047000010B50446F5
:10B8F00004222146084802F08AF9002020810748E6
:10B90000C08BE08000206075A075E07520764B202C
:10B9100000016082204610BDB401002054020020C6
:10B920007FB506460D461446052D01D1C1488487D2
:10B93000072D05D1BF4820308474A03806F070FD73
:10B94000082D0ED12046FDF7D0F90022BA4B019107
:10B950000090FCF723FF03910290FCF735FDB549F9
:10B960004863092D0ED12046FDF7BFF90022B24BE6
:10B9700001910090FCF712FF03910290FCF724FD67
:10B98000AC4988630C2D08D1200E30702002000EC7
:10B9900070702004000EB070F4700D2D08D1200ED0
:10B9A00030712002000E70712004000EB071F4712D
:10B9B0000E2D08D1200E30722002000E707220046D
:10B9C000000EB072F4720F2D0AD1142C01D35A2C30
:10B9D00003D950219948C18202E021B29748C1821F
:10B9E000102D0AD1142C01D35A2C03D9502193487D
:10B9F000418302E021B291484183112D0AD1142CD8
:10BA000001D35A2C03D950218C48018302E021B282
:10BA10008A480183142D03D12146894801F046FC50
:10BA2000022D03D1A1B2874801F0ECF91A2D07D1FC
:10BA300019204001844200D2044620B28249488243
:10BA4000122D07D181494C7008464078072801DD46
:10BA5000002048704C2D0AD120B27D49088008464C
:10BA60000021415E412902DD4120794908804D2DA8
:10BA700008D1002C03D100207649087002E0012093
:10BA8000744908704E2D08D1012C03D10120714951
:10BA9000487002E000206F4948704F2D07D16E4971
:10BAA0004C750846407D022801DD00204875502D68
:10BAB00008D1012C03D101206149487102E0002026
:10BAC0005F494871512D0DD121B25C48018420217C
:10BAD000415E032903DB2021415E642902DD14213C
:10BAE00056480184522D0DD121B25448418422215F
:10BAF000415E032903DB2221415E642902DD1E2110
:10BB00004E484184532D0DD121B24C4881842421CB
:10BB1000415E032903DB2421415E642902DD1421F7
:10BB200046488184542D07D144480475007D0A2875
:10BB300002DB002141480175552D07D13F4844756E
:10BB4000407D0A2802DB09213C4841753B48017DC4
:10BB5000407D814204DD002138480175092141758D
:10BB6000562D0ED13D49CC700846C078502801DDD5
:10BB70005020C8703948C0781E2802DA1E20374984
:10BB8000C870572D0AD1142C01D35A2C03D95A212D
:10BB90002A48818302E021B228488183582D0DD1A3
:10BBA00021B22648C1842621415E032903DB2621D8
:10BBB000415E642902DD1E212048C1840B2D0DD178
:10BBC00021B21E4881852C21415E032903DB2C21F3
:10BBD000415E642902DD0321184881855C2D07D16F
:10BBE00017498C7108468079032801DB0020887191
:10BBF0005D2D02D1E1B2114801865E2D0CD1E1B27A
:10BC00000E484186408E022803D00C48408E0428FE
:10BC100002DD002109484186622D04D121460548F4
:10BC2000803806F0BFFA0E48854202D101488030C4
:10BC300044807FBD5402002000005940900600203F
:10BC400070050020480300200C0300206C07002032
:10BC50007A0500204C01002090050020840500207A
:10BC60003102000070B505460C46052C02D16C4827
:10BC7000808F70BD072C03D169482030807CF8E7A5
:10BC8000082C08D16649486B664909F007F8064652
:10BC9000FDF752FAEDE7092C08D16149886B61493B
:10BCA00008F0FCFF0646FDF747FAE2E70C2C0AD144
:10BCB00028780006697809044018A9780902401814
:10BCC000E9784018D5E70D2C0AD128790006697962
:10BCD00009044018A97909024018E9794018C8E711
:10BCE0000E2C0AD1287A0006697A09044018A97A2C
:10BCF00009024018E97A4018BBE70F2C03D14A49E2
:10BD00001620085EB5E7102C03D147491A20085EBB
:10BD1000AFE7112C03D144491820085EA9E7142C81
:10BD200002D142480078A4E7022C02D14048C078F2
:10BD30009FE71A2C03D13F491220085E99E7122C85
:10BD400002D13D48407894E74C2C03D13B49002078
:10BD5000085E8EE74D2C02D13948007889E74E2CD9
:10BD600002D13748407884E74F2C02D13548407DD6
:10BD70007FE7502C02D12D4840797AE7512C03D12E
:10BD800029492020085E74E7522C03D1264922203D
:10BD9000085E6EE7532C03D123492420085E68E730
:10BDA000542C02D12048007D63E7552C02D11E4857
:10BDB000407D5EE7562C02D12348C07859E7572CC6
:10BDC00003D119491C20085E53E7582C03D11649AA
:10BDD0002620085E4DE70B2C03D113492C20085E6A
:10BDE00047E75C2C02D11148807942E75D2C02D1F3
:10BDF0000D48008E3DE75E2C02D10B48408E38E79F
:10BE0000622C03D106488030407832E70F488442E4
:10BE100003D10348803040882BE70020C04328E747
:10BE2000540200200000C842900600207005002047
:10BE3000480300200C0300206C0700207A05002036
:10BE40004C010020900500208405002031020000F4
:10BE500070B50446204600F045FC204600F058FC32
:10BE60007F48828F0521204600F012FC7C4820305C
:10BE7000827C0721204600F00BFC7949486B794908
:10BE800008F00CFF0646FDF757F905462A4608213B
:10BE9000204600F0FDFB7249886B724908F0FEFEF7
:10BEA0000646FDF749F905462A460921204600F0D5
:10BEB000EFFB20780006617809044018A178090298
:10BEC0004018E17842180C21204600F0E1FB20796F
:10BED0000006617909044018A17909024018E17946
:10BEE00042180D21204600F0D3FB207A0006617A2B
:10BEF00009044018A17A09024018E17A42180E217B
:10BF0000204600F0C5FB58481622825E0F212046CD
:10BF100000F0BEFB54481A22825E1021204600F039
:10BF2000B7FB51481822825E1121204600F0B0FB79
:10BF30004E4802781421204600F0AAFB4C48C278F3
:10BF40000221204600F0A4FB4A481222825E1A21F8
:10BF5000204600F09DFB484842781221204600F020
:10BF600097FB46480022825E4C21204600F090FB61
:10BF7000434802784D21204600F08AFB4048427831
:10BF80004E21204600F084FB3E48427D4F21204652
:10BF900000F07EFB354842795021204600F078FBC6
:10BFA00031482022825E5121204600F071FB2E484C
:10BFB0002222825E5221204600F06AFB2A48242277
:10BFC000825E5321204600F063FB2748027D542106
:10BFD000204600F05DFB2448427D5521204600F0BC
:10BFE00057FB2948C2785621204600F051FB1E48D5
:10BFF0001C22825E5721204600F04AFB1A48262266
:10C00000825E5821204600F043FB17482C22825EB6
:10C010000B21204600F03CFB144882795C2120462D
:10C0200000F036FB1048028E5D21204600F030FB08
:10C030000D48428E5E21204600F02AFB08488030E1
:10C0400042786221204600F023FB05488030428878
:10C050000E49204600F01CFB204600F03DFB70BD61
:10C06000540200200000C842900600207005002005
:10C07000480300200C0300206C0700207A050020F4
:10C080004C010020900500208405002031020000B2
:10C09000FEB507460521384600F0D6FA0446601C76
:10C0A000002803D1FA49FB48818701E0F9488487D9
:10C0B0000721384600F0C8FA04460C2C06D0182C8C
:10C0C00004D00C21F3482030817402E0F148203084
:10C0D0008474F048803806F0A3F90821384600F04F
:10C0E000B3FA0446601C00280CD1EA482030807C5A
:10C0F0000C2803D1E849E748416311E0E749E548E6
:10C1000041630DE02046FCF7F0FD05460022E44BBC
:10C11000FCF744FB01910090FCF756F9DD494863B8
:10C120000921384600F090FA0446601C00280DD121
:10C13000D8482030807C0C2804D18321C905D548FB
:10C14000816311E0D749D34881630DE02046FCF7B5
:10C15000CCFD05460022D24BFCF720FB019100905C
:10C16000FCF732F9CB4988630C21384600F06CFAB1
:10C170000446601C002804D138707870B870F870DC
:10C1800008E0200E38702002000E78702004000EA7
:10C19000B870FC700D21384600F056FA0446601C59
:10C1A000002804D138717871B871F87108E0200E58
:10C1B00038712002000E78712004000EB871FC71F5
:10C1C0000E21384600F040FA0446601C002804D1D5
:10C1D00038727872B872F87208E0200E3872200255
:10C1E000000E78722004000EB872FC720F213846DF
:10C1F00000F02AFA0446142C01D35A2C03D95021FA
:10C20000A948C18202E021B2A748C1821021384664
:10C2100000F01AFA0446142C01D35A2C03D95021E9
:10C22000A148418302E021B29F4841831121384651
:10C2300000F00AFA0446142C01D35A2C03D95021D9
:10C240009948018302E021B297480183572138467B
:10C2500000F0FAF90446142C01D35A2C03D95A21C0
:10C260009148818302E021B28F48818314213846AE
:10C2700000F0EAF9044621468C4801F017F8022143
:10C28000384600F0E1F90446601C00280ED0092C65
:10C2900003D00C2C01D0122C04D1A1B2844800F0A0
:10C2A000B1FD03E00C21824800F0ACFD1A213846B4
:10C2B00000F0CAF90446601C002803D01920400190
:10C2C000844204D2192040017A49488202E020B217
:10C2D000784948821221384600F0B6F90446601CBD
:10C2E000002802D17449487001E073494C707248CB
:10C2F0004078072802DD00206F4948704C213846FD
:10C3000000F0A2F90446601C002803D138206B49D4
:10C3100008800AE020B26949088008460021415E91
:10C32000412902DD4120654908804D21384600F051
:10C330008BF90446002C02D16149087002E001200B
:10C340005F4908704E21384600F07EF90446012C02
:10C3500002D15B49487002E00020594948704F21E2
:10C36000384600F071F90446601C002802D1554996
:10C37000487507E053494C750846407D022801DDA9
:10C38000002048755021384600F05EF90446012C23
:10C3900002D14649487102E00020444948715121C8
:10C3A000384600F051F90446601C002803D11421DE
:10C3B0003D48018402E021B23B4801843A482021F3
:10C3C000415E032903DB2021415E642902DD142143
:10C3D000354801845221384600F036F90446601C85
:10C3E000002803D11E213048418402E021B22E48AA
:10C3F00041842D482221415E032903DB2221415E35
:10C40000642902DD1E21284841845321384600F06A
:10C410001BF90446601C002803D1142122488184A2
:10C4200002E021B2204881841F482421415E032973
:10C4300003DB2421415E642902DD14211A48818432
:10C440005821384600F000F90446601C002803D14A
:10C4500014211548C18402E021B21348C184124856
:10C460002621415E032903DB2621415E642902DD8A
:10C4700014210D48C1845421384600F0E5F80446E3
:10C48000601C002820D10021074801751EE0000033
:10C490004702000054020020000018410000A041A3
:10C4A000000059406666F6419006002070050020A5
:10C4B000480300200C0300206C0700207A050020B0
:10C4C0004C01002090050020594804755848007D13
:10C4D0000A2802DB0021564801755521384600F034
:10C4E000B3F80446601C002803D10621504841756A
:10C4F00001E04F4844754E48407D0A2802DB062182
:10C500004B4841754A48017D407D814204DD002150
:10C5100047480175092141755621384600F094F8C5
:10C520000446601C002803D146204249C87001E03F
:10C530004049CC703F48C078502802DD50203D492A
:10C54000C8703C48C0781E2802DA1E203949C870DD
:10C550000B21384600F078F80446601C002803D10F
:10C5600003213348818502E021B23148818530487A
:10C570002C21415E032903DB2C21415E642902DD6D
:10C5800003212B4881855C21384600F05DF8044684
:10C59000601C002802D12849887101E026498C716D
:10C5A00025488079032802DB0020234988715D211A
:10C5B000384600F049F80446601C002803D12821C1
:10C5C0001B48018601E01A4804865E21384600F0C7
:10C5D0003BF80446601C002803D100211448418622
:10C5E00002E0E1B2124841861148408E022803D091
:10C5F0000F48408E042802DD00210D48418662214B
:10C60000384600F021F8044621460C4805F0CAFDE2
:10C610000B49384600F018F80446601C002803D186
:10C6200000210848418001E006484480FEBD00002A
:10C63000900600208405002070050020D401002011
:10C6400031020000D4020020F8B507460D460D4C1B
:10C6500011E021460C48FEF7E4FD0646701C002858
:10C6600001D1401EF8BDAE4204D1211D0648FEF79F
:10C67000D8FDF7E7083405488442EAD30020C043D8
:10C68000F0E7000000E801089C01002000F001082C
:10C6900070B504460D4616460C49E068884213D32F
:10C6A0000B49E06888420FD82A460A48E168FEF73D
:10C6B00097FDE068001DE06032460648E168FEF73D
:10C6C0008FFDE068001DE06070BD000000E801081B
:10C6D000F8EF01089C01002010B50446FDF788FC26
:10C6E00010BD000070B50546002407E0E002064AD0
:10C6F00081180648FEF786FD601CC4B2012CF5DBEC
:10C700000148E86070BD000000E801089C010020BD
:10C7100010B50446FDF7CCFC10BD000010B5044672
:10C7200004222146024801F072FA204610BD0000A2
:10C73000B4010020018A052901DD01214175418AEA
:10C74000052901DD012181757047000010B58AB00F
:10C750000446002008900990059006900790142147
:10C760006846FBF76DFD01218804FDF7C5FD012139
:10C770000220FDF7D1FD08A8FDF738FD1020089034
:10C78000012108A801710321417108A93448FDF76E
:10C79000B5FC10213248FDF725FD01220421304867
:10C7A000FDF7F4FC08A8FDF721FD202008900021EA
:10C7B00008A801710121C1710321417108A928480C
:10C7C000FDF79CFC05A8FEF741FA264968468182E0
:10C7D000FF20F5300690002168468183C18205A9BB
:10C7E0002148FEF7F5F96846FEF7BCF96021684676
:10C7F0000180012141802D20029000216846818125
:10C8000069461948FEF7B6F81748406B401F1649AD
:10C8100088630846406B9630C863012204211248A1
:10C82000FEF79DF8012208210F48FEF798F8002135
:10C830000D48FEF721F81020012181400B4A1160BC
:10C8400000BF08210848FEF7DFF801210648FDF780
:10C85000F3FF01214804FDF74FFD0AB010BD0000B1
:10C8600000040048BF1200000004004000E100E0A6
:10C87000002101824182417581757047F0B587B012
:10C8800004460E461746207D002801D007B0F0BDB3
:10C89000002004900590207E002800D0F6E7304666
:10C8A000FCF723FA0022414B01910090FBF776FF41
:10C8B00003910290FBF788FD054665602846FCF76A
:10C8C0003BFB3B4A3B4B0391029008F011F91ED20F
:10C8D000E07D002817D00020E07504A8FDF786FC55
:10C8E000102004900121684601750321417504A9B7
:10C8F0003148FDF703FC10212F48FDF773FC0021A0
:10C900002E48FDF7B9FF00206060E0604BE0E07D5D
:10C91000002828D10120E07504A8FDF767FC10204D
:10C92000049002216846017500218175032141753B
:10C9300004A92148FDF7E2FB012204211E48FDF76E
:10C9400025FC1E48808A012108431C498882012158
:10C950001A48FDF791FF194820300088012108434B
:10C96000164920310880012F04D11549C86B15499B
:10C9700008F06AF91449284608F0E8F900D2124D87
:10C98000E5602846FCF7D8FA02460B460191009074
:10C9900000200E49FBF702FF03910290FCF758F9C3
:10C9A00080B20649C86200BF70E70000000059402D
:10C9B0007B14AE47E17AC43F000400480004004005
:10C9C000F80400200000B442000020410088C34069
:10C9D00010B5044620210248FDF7FAFB10BD000007
:10C9E0000004004810B5044630480078C007C00F66
:10C9F00000280CD12D4807F027FE002807D02C482E
:10CA000001F0FEF82B4908602848C046C046207E49
:10CA1000002800D110BD264801F0F2F82549096828
:10CA2000401A642840D3224801F0EAF821490860FE
:10CA3000A07E002803D110211F48FDF7D5FBA07E62
:10CA40000A2808DA20211C48FDF7C2FB002802D181
:10CA5000607E401C6076A07E0A280CD1102116480A
:10CA6000FDF7C0FB607E022803DD01206075002019
:10CA7000207600206076A07E1E2812DD20210E4840
:10CA8000FDF7A6FB002802D1607E401C6076A07EE8
:10CA9000232806DD607E022801DD0120A07500202C
:10CAA0002076A07E401CA07600BFB3E728010020BE
:10CAB000B40100202C0100200004004810B50446F9
:10CAC0002046FFF78FFF2046FFF734FE10BD000021
:10CAD00010B5502900DD50210A2900DA0A21018011
:10CAE00002880A235A43094B5A631A46536B05229C
:10CAF0000A2462439A1A054B9A631A46536B05221D
:10CB000062439A18014BDA6310BD00000004004034
:10CB10001CB50446002000900190012020760020E2
:10CB2000A07660766846FDF761FB10200090012139
:10CB3000684601710321417169460648FDF7DEFA36
:10CB400010210448FDF74EFB00210348FDF794FE39
:10CB50001CBD0000000400480004004010B504465D
:10CB600004222146064801F052F82D2020800020A2
:10CB7000E0756060E06020766076A076204610BDAB
:10CB8000B40100200188142901DD01218170704762
:10CB9000FEB504460D4624480078C007C00F0028A3
:10CBA0000CD1214807F050FD002807D01F4801F0A4
:10CBB00027F81F4908601C48C046C0461B4801F0C2
:10CBC0001FF81B490968401A32282CD3174801F076
:10CBD00017F8174908602946284608F05FF80190C1
:10CBE0006421E068FBF72EFB217948430090FCF7B5
:10CBF000E7FA07460199FCF7C9F90646FCF79CFAE3
:10CC0000A06001218907A0684863A068322804D980
:10CC10000846406B3238C86305E001208007406B4E
:10CC200001218907C863FEBD30010020B401002046
:10CC3000340100207CB504460D4600200090019090
:10CC4000642D00DD642525712079002824DD012074
:10CC5000E0716846FDF7CAFA0120C0030090022186
:10CC600068460171002181710321417169460920E3
:10CC7000C006FDF743FA02220F210920C006FDF786
:10CC800085FA01218807FDF7F7FD15480088012185
:10CC900008431349088022E00020E0716846FDF750
:10CCA000A5FA0120C003009001216846017103210B
:10CCB000417169460920C006FDF720FA0121C90328
:10CCC0000920C006FDF78EFA05480088400840009C
:10CCD00003490880002101208007FDF7CDFD7CBDC0
:10CCE0002000004010B58AB004460020089009904A
:10CCF00005900690079014216846FBF7A1FA0121E0
:10CD00004804FDF7F9FA01218804FDF7F5FA01213D
:10CD10000846FDF701FB08A8FDF768FA0120C003EB
:10CD20000890012108A801710321417108A9092077
:10CD3000C006FDF7E3F90121C9030920C006FDF78C
:10CD400051FA08A8FDF752FA08200890002108A817
:10CD500001710121C1710321417108A91F48FDF72B
:10CD6000CDF905A8FDF772FF2F21684681821C4886
:10CD70000690002168468183C18205A901208007B1
:10CD8000FDF726FF6846FDF7EDFE6021684601804D
:10CD9000012141800020029000216846818169467E
:10CDA00001208007FDF7E6FD01220821C806FDF7F6
:10CDB000D6FD002101208007FDF75EFD0F20012137
:10CDC0008140084A116000BF0821C806FDF71CFE1B
:10CDD00001218807FDF730FD0AB010BD00040048AE
:10CDE000204E000000E100E00021018081707047CA
:10CDF00010B5044608210248FDF7EAF910BD00000D
:10CE000000040048C170704770B504460D462946BD
:10CE10002046FFF7BDFE2046FFF7B4FE70BD0000C0
:10CE200010B5044604222146074800F0F0FE0C200D
:10CE3000E070E07805494843E1784843E06000202D
:10CE4000E0712071204610BDB4010020204E00008A
:10CE500070B504460D461149606988420BD31049EC
:10CE60006069884207D82A460E486169FEF7B8F91A
:10CE70006069001D6061290E204600F00FF928024C
:10CE8000010E204600F00AF92804010E204600F0A9
:10CE900005F9E9B2204600F001F970BD00F0010883
:10CEA000FCFF01089C010020FFB589B007461D4624
:10CEB000129E0A9802040B98000210184119384675
:10CEC00000F078F90446002C02D113980DB0F0BDA3
:10CED0002146384600F096F806900698022801DAB6
:10CEE0001398F3E72146384600F090F9B04229D96B
:10CEF000002E25D013980590002D01D1386805909B
:10CF0000012D01D178680590022D01D1B8680590F6
:10CF1000032D01D1F8680590211D384600F076F9FF
:10CF200021460490384600F071F903900498019668
:10CF3000009000213846039B059A00F02BF9C5E7C5
:10CF40001398C3E7002005902AE02146384600F0F8
:10CF50005DF9089021460831384600F057F90790EE
:10CF60000898864217D30798864214D221460C317E
:10CF7000384600F04BF9211D0490384600F046F980
:10CF800003900498019600903846079B039A0899ED
:10CF900000F000F99AE708340598801C80B20590EB
:10CFA0000698801E05998842CFDC211D384600F086
:10CFB0002DF98BE7F8B504460D4616461F460E4977
:10CFC0006069884217D30D496069884213D80322EB
:10CFD000D2430B486169FEF703F96069001D606187
:10CFE00028063304C018C21905486169FEF7F8F82D
:10CFF0006069001D6061F8BD00F00108F8FF0108DC
:10D000009C010020F3B581B00E460027354615E09F
:10D010002946019800F0FAF80446601C002808D060
:10D02000A01C002805D0E01C002802D0201D0028EC
:10D0300001D13846FEBD781C87B22D1D02488542BD
:10D04000E6D33846F6E700000000020810B5029C5F
:10D05000016082604360C46010BD10B50446FCF7F7
:10D06000C7FF10BD70B50546002407E0E002064A80
:10D0700081180648FEF7C6F8601CC4B2022CF5DB26
:10D080000148686170BD000000F001089C010020AB
:10D0900010B50446FDF70CF810BD000030B50122B4
:10D0A00010E0047CE307DB0F046964080461CC072B
:10D0B000E40F9C4203D0054D04696C4004614910A3
:10D0C000531CDAB2082AECDD30BD000001A00000DC
:10D0D00070B50646304600F035F8184D29E029466F
:10D0E000304600F093F80446601C002800D170BD63
:10D0F000E01C00280AD1291D304600F087F831696C
:10D10000884201D10120F2E70020F0E7210E3046ED
:10D11000FFF7C4FF2002010E3046FFF7BFFF2004D7
:10D12000010E3046FFF7BAFFE1B23046FFF7B6FF17
:10D130002D1D03488542D2D30020D8E700F0010816
:10D14000000002080149016170470000FFFF000074
:10D1500010B504460C496069884214D30B496069D4
:10D16000884210D80222D24309486169FEF738F894
:10D170006069001D6061064822696169FEF730F848
:10D180006069001D606110BD00F00108F8FF010832
:10D190009C010020F8B50C4615461E46069F7A1BDA
:10D1A000079B1B1B5A431046311BFBF755F84019D0
:10D1B000F8BD0000F8B507460E46124C1CE02146AB
:10D1C000384600F023F80546681C002805D0E81C06
:10D1D000002802D0281D002801D10020F8BDA81C7D
:10D1E000002808D1211D384600F010F8B04202D1C5
:10D1F00020460830F2E7241D03488442DFD3002094
:10D20000ECE7000000F001080000020870B50546D8
:10D210000C4621460148FEF704F870BD9C01002031
:10D2200010B5044604222146024800F0F0FC2046D6
:10D2300010BD0000B401002010B586B004460020E7
:10D24000049005900121C804FDF756F804A8FCF7E6
:10D25000CDFF012040030490002168460175C1758F
:10D260000321417504A91048FCF748FF0D21022055
:10D27000FDF760F901204003029000216846017328
:10D28000102141730121817302A8FCF729FE0721B7
:10D2900068460171002141710121817101A8FCF7EB
:10D2A000E5FF06B010BD0000000800480022027033
:10D2B000012901D101220270022901D1022202704A
:10D2C000032901D1032202707047000010B5044603
:10D2D00034480078C007C00F00280CD1314807F04F
:10D2E000B3F9002807D0304800F08AFC2F490860C5
:10D2F0002C48C046C0462078002802D1A07020816A
:10D3000010BD294800F07CFC28490968401A3228E1
:10D3100037D3254800F074FC2449086001214903F3
:10D320002348FCF755FF012810D12089502802DA44
:10D330002089401C208120893D2801DB0120A0702C
:10D3400020893D281DD10120E0701AE0A078002836
:10D350000DD02089002802D02089401E20812089FC
:10D3600001280ED10020A0700120207109E0208941
:10D370000A2804DB20893C2801DC012060700020A1
:10D380002081207803280BD02078012801D00020AC
:10D3900060702078022803D00020A070E070207117
:10D3A00000BFADE75C010020B40100206001002057
:10D3B0000008004870B50546012149030448FCF700
:10D3C00007FF0446012C00DD0124204670BD00004B
:10D3D0000008004810B5044604222146074800F022
:10D3E00016FC002020702081A070E0702071607118
:10D3F000E07103202070204610BD0000B401002021
:10D400000168490849002F4A9279D207D20F114387
:10D4100001600422016891432B4A127D920004238B
:10D420001A4011430160022201689143274A927910
:10D43000520002231A4011430160082201689143FF
:10D44000234A5279D20008231A4011430160102266
:10D45000016891431F4A5279120110231A40114367
:10D460000160202201689143194A12795201202358
:10D470001A4011430160402201689143154A127914
:10D48000920140231A40114301604168090A0902D0
:10D490000C4A527811434160818889B20A4A128944
:10D4A0001204120C120411434160FF22120241685F
:10D4B0009143064A52791202FF231B021A4011437C
:10D4C00041607047E80200202C0300204803002040
:10D4D0004C0100207A05002070B504462046FFF775
:10D4E0008FFF00252168A068884203D16168E06849
:10D4F000884200D02F25002D02D02F2D0BD100E027
:10D5000070BD01221146054801F012FA61682068D9
:10D51000E160A06000BF00BF00BFF1E7B1010020E3
:10D5200010B504461C480078C007C00F00280CD175
:10D53000194807F089F8002807D0184800F060FB68
:10D54000174908601448C046C046144800F058FB0C
:10D5500013490968401A32281DD3104800F050FBC7
:10D560000F490860207800280BD0A088502802DAE4
:10D57000A088401CA080A0883D280CD101206070AC
:10D5800009E0A088002802D0A088401EA080A088C2
:10D59000012800D1A07010BD74010020B40100204A
:10D5A0007801002010B5044604222146044800F00A
:10D5B0002EFB0020A08020706070A070204610BD5F
:10D5C000B401002070B504460D46114960688842D8
:10D5D0000BD310496068884207D82A460E48616814
:10D5E000FDF7FEFD6068001D6060290E204600F01A
:10D5F000B5F82802010E204600F0B0F82804010E0C
:10D60000204600F0ABF8E9B2204600F0A7F870BD64
:10D6100000C80108FCCF01089C010020FFB581B0C3
:10D6200017460299019800F015F90546002D01D121
:10D6300005B0F0BD2946019800F04EF80446019867
:10D6400000F020F84000A04201D00020F0E70026C2
:10D6500011E02946019800F025F900B271007852D6
:10D66000291D019800F01EF901B272000498815240
:10D670000835701C86B2E10F09194910B142E8DC87
:10D680000120D5E770B50646114C1CE02146304616
:10D6900000F008F90546681C002802D0E81C0028A4
:10D6A00001D1002070BDA81C00280BD1211D3046DF
:10D6B00000F0F8F8FF2805D121460831304600F087
:10D6C000F1F8EFE7241D03488442DFD30020E9E7A7
:10D6D00000C8010800D00108F3B581B00E4600274C
:10D6E000344612E02146019800F0DCF80546681C3B
:10D6F000002805D0A81C002802D0E81C002801D171
:10D700003846FEBD781C87B2241D02488442E9D306
:10D710003846F6E700D0010810B50446FCF768FC6F
:10D7200010BD000070B50546002407E0E002064A7F
:10D7300081180648FDF766FD601CC4B2012CF5DBBC
:10D740000148686070BD000000C801089C0100200D
:10D7500010B50446FCF7ACFC10BD000030B501224A
:10D7600010E00478E307DB0F046864080460CC076A
:10D77000E40F9C4203D0054D04686C4004604910DE
:10D78000531CDAB2082AECDD30BD000001A0000015
:10D7900070B50646304600F035F8184D29E02946A8
:10D7A000304600F07FF80446601C002800D170BDB0
:10D7B000E01C00280AD1291D304600F073F83168BA
:10D7C000884201D10120F2E70020F0E7210E304627
:10D7D000FFF7C4FF2002010E3046FFF7BFFF200411
:10D7E000010E3046FFF7BAFFE1B23046FFF7B6FF51
:10D7F0002D1D03488542D2D30020D8E700C8010878
:10D8000000D001080149016070470000FFFF0000DF
:10D8100010B504460C496068884214D30B4960680F
:10D82000884210D80222D24309486168FDF7D8FC2B
:10D830006068001D6060064822686168FDF7D0FCE2
:10D840006068001D606010BD00C80108F8CF0108C5
:10D850009C010020F8B507460E46104C19E0214601
:10D86000384600F01FF80546681C002802D0E81C66
:10D87000002801D10020F8BDA81C002808D1211DD6
:10D88000384600F00FF8B04202D120460830F2E7E7
:10D89000241D03488442E2D30020ECE700C80108BD
:10D8A00000D0010870B505460C4621460148FDF739
:10D8B000B8FC70BD9C0100207047000010B586B018
:10D8C00004460020049005900190029003900121ED
:10D8D0008804FCF711FD01214806FCF71DFD01211C
:10D8E0000846FCF739FD04A8FCF780FC0320000281
:10D8F00004900221684601750021C175032141751C
:10D9000004A93348FCF7FAFB042208213048FCF74D
:10D910003DFC042209212E48FCF738FC2D48FBF77A
:10D92000A5FE2C480068012108432A49086000BF71
:10D9300028484068C007C00F0028F9D02548006873
:10D94000022188432349086001A8FCF748F8002118
:10D9500068468171082181800021C1710E21017208
:10D96000072141720121C173002141730121C1725C
:10D9700001A91848FBF722FF16480068400840003C
:10D980001449086000BF13484068C007C00F002852
:10D99000F9D11149086001200F4940390860C86178
:10D9A000084600684008400008600A4840690221B3
:10D9B00008430849486100211E20FDF7EBFA1E20AC
:10D9C00001218140054A116000BF06B010BD000072
:10D9D00000040048006400404066004000E100E0B0
:10D9E00070B50446002518E0182068432146303100
:10D9F000085C00280FD10122182068430A5418211E
:10DA00006943224630328918081D142221461C31F0
:10DA1000FAF7A8FB70BD681CC5B20A2DE4DB00BF95
:10DA2000F8E70000FFB583B004460D461646002017
:10DA30000290E56000216174042121740821A17421
:10DA4000E674069921750C9961750D99A1750E9969
:10DA5000E1750F992176109961761199A176214689
:10DA600008310E48FBF7CBFF029000270020019001
:10DA700009E00A480299FCF75DF801907F1C08480C
:10DA8000874200D902E001980128F2D100BF034883
:10DA90000299FBF771FD07B0F0BD00000064004083
:10DAA000FF0F000022210170002141700022FF21A0
:10DAB00021310A54704700003EB50546FCF770FD61
:10DAC0007D21C9002E480068FAF7BCFB0446601EA1
:10DAD0002C49884200D90CE0601E2B494861032183
:10DAE000081FFDF7DFF9002027498861072008613A
:10DAF00000BF0021481EFDF7D5F901212020FCF7C9
:10DB00000BFC01212148FCF7B7FE7D21C9001C4810
:10DB10000068FAF797FB401E1C492031088100205D
:10DB200000900190029001211020FCF7F5FB68465F
:10DB3000FDF78CF81249096848087D21C900FAF7F9
:10DB400081FB401E81B2684601801148019000218E
:10DB500068460181418069460E48FDF739F8012188
:10DB60000C48FCF789FE012211460A48FCF7F7FE33
:10DB7000112001218140084A116000BF3EBD000014
:10DB800000010020FFFFFF0000E000E00014004063
:10DB9000282300000010004000E100E038B50446F2
:10DBA0000320FCF7E7FC002000900BE007490098F9
:10DBB00040180078012252070099891808700098CF
:10DBC000401C00900098C028F0D338BD00800008A9
:10DBD0000A4AD162928A01231A43084B9A821A4652
:10DBE000128809231A43054B1A8000BF034A128882
:10DBF000D207D20F002AF9D170470000001400406C
:10DC00000146486870474168491C4160704770B5DB
:10DC100006460C46154629462046FAF70FFB70BD0E
:10DC200070470146887B80014A7B120180180A7B7D
:10DC300092008018CA7A8018C0B270470146887C6A
:10DC400080014A7C120180180A7C92008018CA7BED
:10DC50008018C0B27047002101708170417000BF10
:10DC600004E00023C21C53544A1CD1B20829F8DB3B
:10DC70007047000010B504460F48FEF7F9FD0F4845
:10DC8000FDF710FA0E4805F0F3FC0E48FFF7ACF86C
:10DC90000D4806F055FC0D48FDF7FAFA0C48FDF763
:10DCA00056FC0C4804F062FB0B4802F0CEFA20460A
:10DCB000FFF7D1FF10BD00002C0300204C01002015
:10DCC000E802002048030020580300207A050020C5
:10DCD0000C030020D4010020900800200146884851
:10DCE0008078C001874A527D52018018854A927D12
:10DCF00012018018844AD279D2008018824A127A9E
:10DD000092008018804A527A52008018C8707F486A
:10DD10008078C0017E4A927B920180187D4A1278F9
:10DD2000520180187B4A527812018018794AD278C1
:10DD3000D2008018774A9278920082187648C0798B
:10DD40004000121874488079101808717348807860
:10DD5000C001724AD278920182186F48407840011F
:10DD600012186D488078000112186B48C078C00006
:10DD70001218694800798000121867482038807F9F
:10DD800040001018487166488078C001644A527893
:10DD900092018018624A1278520180188871C87AFC
:10DDA000002801D0002070475948807B002801D00E
:10DDB00028200870887C002811D159484078002814
:10DDC00001D00120087056488078002801D0012039
:10DDD000087053480078002801D0022008704D4890
:10DDE0008078002801D00D2008704A48407800282B
:10DDF00001D01D2008704748C078002801D01020AD
:10DE0000087044480079002801D024200870C87B9D
:10DE1000002817D13C48C079002801D01B20087089
:10DE20003948007A002801D01C2008703648407A12
:10DE3000002801D00A20087037484079002801D016
:10DE40001A200870087B00280BD12E48407D00283E
:10DE500001D0112008702B48807D002801D01620A9
:10DE60000870887B002805D125488078002801D0DB
:10DE700009200870087C002837D1274840780028FE
:10DE800001D00420087024488078002801D00420A4
:10DE900008702148C078002801D0032008701E486F
:10DEA0000079002801D0032008701B482038807FAB
:10DEB000002801D0052008701748C079002801D03B
:10DEC0000F20087014488079002801D00C200870B9
:10DED00011482038C07F002801D0032048700E4828
:10DEE0000078002801D004204870487C002805D123
:10DEF00006488078002801D00E200870087852E784
:10DF0000480300202C030020E80200204C010020E0
:10DF1000900800200C030020940200207A050020C5
:10DF2000580300200021C172017341738173C173D2
:10DF300001744174817400BF04E00023C21C535477
:10DF40004A1CD1B20829F8DB704702464A20C04378
:10DF5000814201DA00207047B32901DDFE20FAE793
:10DF600008464B30C0B2F6E7024608464B387047C9
:10DF7000F0B587B006460C461546FF221248807859
:10DF80001149497804920592029103900F488078D4
:10DF9000001FC0B20C490978009101906003052769
:10DFA0007F05C019AF02C019094F3F78FF00C019A3
:10DFB000074F7F78C1190748C37D827D0448FFF76A
:10DFC00031FD07B0F0BD0000C00100204C01002071
:10DFD0006C07002090050020F0B587B00C46154670
:10DFE0001749C86BFBF7A8F8C6B2FF231548008D88
:10DFF000C0B21449098D0912124AD28CD2B20593CB
:10E000000292039104900F48C08C00120096019078
:10E0100060030B273F05C019AF02C0190A4F3F78B4
:10E02000FF00C019084F7F78C1190648008EC3B29F
:10E030000448008E02120448FFF7F4FC07B0F0BD5C
:10E04000F8040020540200206C070020F0B589B0CD
:10E050000C46154622494868224906F01FFE07462D
:10E06000FBF76AF886B21E49C8681E4906F016FE1C
:10E070000746FBF761F880B208901B48FFF79AF952
:10E080000701C0371948FDF793F980003F18184879
:10E09000FDF774F83818C0B2164907900979089A44
:10E0A000D2B2089B1B120293039204910590F0B226
:10E0B00031120091019060030327BF05C019AF0220
:10E0C000C0190D4F3F78FF00C0190B4F7F78C11961
:10E0D0000A48837802780848FFF7A4FC09B0F0BD2D
:10E0E0002C0300200000C842700500207A050020A3
:10E0F0004C010020480300206C070020E8020020AB
:10E10000F7B588B00C4615461A482421415E089898
:10E11000FFF71BFF064617482221415E0898FFF7CC
:10E1200014FF079013480C21415E0898FFF70DFF7C
:10E130000690FF2003900490029605900799069898
:10E140000191009060030D273F05C019AF02C0196F
:10E15000094F3F78FF00C019074F7F78C119054864
:10E16000837FC08B0004020E0348FFF75BFC0BB0FB
:10E17000F0BD0000540200206C070020F0B587B00D
:10E1800006460C4615461748007C1649098A0904BC
:10E19000090E144A127A134B1B891B041B0E02939F
:10E1A0000392049105900F48007A0E4909890904E9
:10E1B000090E00910190600307277F05C019AF0287
:10E1C000C019094F3F78FF00C019074F7F78C11968
:10E1D00004488379C0880004020E0348FFF722FC3C
:10E1E00007B0F0BD0C0300206C070020F0B587B02D
:10E1F00006460C461546164880791549C988091205
:10E20000134A1279124B9B881B12029303920491BA
:10E2100005900F4880780E494988091200910190B5
:10E2200060030F273F05C019AF02C019094F3F789F
:10E23000FF00C019074F7F78C11905480838037AD5
:10E24000008902120348FFF7EDFB07B0F0BD0000A4
:10E250009C0200206C070020F0B587B006460C46F3
:10E2600015461548807B1449C9890912124A127B48
:10E27000114B9B891B1202930392049105900E4847
:10E28000807A0D49498909120091019060030127A4
:10E290003F06C019AF02C019084F3F78FF00C019F0
:10E2A000064F7F78C1190448037A00890212034897
:10E2B000FFF7B8FB07B0F0BD9C0200206C07002000
:10E2C000F0B587B006460C461546FF200290039035
:10E2D0000490059000900190600311273F05C0193C
:10E2E000AF02C019074F3F78FF00C019054F7F7874
:10E2F000C1190548037C008A02120248FFF792FB0D
:10E3000007B0F0BD6C0700209C02002070B586B0FD
:10E3100006460C461546182003210C22FF230293C3
:10E320000392049105900B20009101906003092253
:10E3300052058018AA028018064A1278D200801866
:10E34000044A52788118012322220248FFF76AFB0F
:10E3500006B070BD6C070020F0B587B006460C46CD
:10E3600015461348007A1249C979114A9279104B1F
:10E370005B7902930392049105900D4800790C4952
:10E38000C97800910190600309277F05C019AF0289
:10E39000C019084F3F78FF00C019064F7F78C11998
:10E3A0000348837802780348FFF73CFB07B0F0BDD1
:10E3B000C00100206C070020F0B587B00D4616465E
:10E3C0000024002005E082001A4989580C19411CDC
:10E3D000C8B20A28F7DB17481438007C15491439ED
:10E3E000098A0904090E134A143A12691202120E1C
:10E3F000104B143B1B691B0E029303920491059072
:10E40000E0B22104090E0091019068030727BF05BF
:10E41000C019B702C019084F3F78FF00C019064F56
:10E420007F78C1192002030E220E0348FFF7FAFA83
:10E4300007B0F0BD100700206C070020FFB58BB0BF
:10E440001F460C9840031D21090541180D988002B4
:10E4500008185F490978C90040185D494978401893
:10E460000A905C4988695C4906F018FC0790FAF745
:10E4700063FE05465749C869574906F00FFC0790E7
:10E48000FAF75AFE06465349886A534906F006FCD5
:10E490000790FAF751FE09905049C8684E4906F0B6
:10E4A000FDFB0790FAF748FE80B208900898FE2816
:10E4B00001DDFE2008904749091FC86B464906F058
:10E4C000EDFB0790FAF738FE0446012F1ED14149B3
:10E4D000091FC86BFAF730FEC0B20790F0B23104E2
:10E4E000090E3202120EEBB20293039204910590D0
:10E4F0002804000E2902090E0091019001223448DF
:10E50000079B0A99FFF78EFA0FB0F0BD022F18D1C2
:10E510000898C0B2E1B22204120E23021B0E02932D
:10E52000039204910590FF210998C0B201910090D7
:10E5300009980004030E022225480A99FFF772FA8F
:10E54000E2E7FF2F35D12349091FC86BFAF7F4FD25
:10E55000C0B20790F0B23104090E3202120EEBB2D3
:10E5600002930392049105902804000E2902090EDB
:10E570000091019001221648079B0A99FFF752FA71
:10E580000898C0B2E1B22204120E23021B0E0293BD
:10E59000039204910590FF210998C0B20191009067
:10E5A00009980004030E022209480A99FFF73AFA73
:10E5B000AAE7FF2002900390049005900090034684
:10E5C0003A46019002480A99FFF72CFA00BF9BE7F0
:10E5D0006C070020FC04002000007A440C0300209B
:10E5E000F0B587B00C46154618498869184906F0F9
:10E5F00055FB0746FAF7A0FD86B2FF21F0B2039162
:10E6000004910591029030121049097F0091019008
:10E61000104800788000F0300F4FBF78C019C2B2A8
:10E6200060030F277F05C019AF02C0190B4F3F7859
:10E63000FF00C019094F7F78C1190448808B00047E
:10E64000030E0648FFF7EEF907B0F0BD54020020B4
:10E650000000204184050020700500206C07002088
:10E66000F0B587B006460C4615461948007A184999
:10E6700009890904090E164A92681202120E144BF7
:10E680009B681B0E0293039204910590104800783A
:10E690000F4909880904090E0091019060031F27A2
:10E6A0003F05C019AF02C0190A4F3F78FF00C019DB
:10E6B000084F7F78C119064800680002030E04481D
:10E6C0000068020E0348FFF7ADF907B0F0BD000087
:10E6D000900500206C070020F0B587B00C46154669
:10E6E0001C4948683C21F9F7ADFD86B21A484078CC
:10E6F0008000F030184909784018C0B20690FF2217
:10E700001649498DC9B20698049205920291039068
:10E710001248408D0004000E0E49497D09010D4A42
:10E72000127D8918C9B200910190600301277F060C
:10E73000C019AF02C0190A4F3F78FF00C019084F37
:10E740007F78C119F3B232120548FFF76BF907B0B1
:10E75000F0BD0000900500204C0100209006002034
:10E760006C070020F0B587B00D4616461C466803BE
:10E77000212109054018B10240184D490978C90006
:10E7800040184B4949784718012C15D1FF214948B9
:10E79000C0780391049105910290464880784549DC
:10E7A0004978009101904348037801223946404856
:10E7B000FFF738F907B0F0BD022C14D1FF213D4816
:10E7C000C07903910491059102903A4880793949C2
:10E7D000497900910190374803790222394634483B
:10E7E000FFF720F9E6E7032C14D1FF213148C07A66
:10E7F00003910491059102902E48807A2D49497A1F
:10E80000009101902B48037A032239462848FFF7EC
:10E8100009F9CFE7FF2C3CD1FF212648C0780391AE
:10E82000049105910290234880782249497800910B
:10E83000019020480378012239461D48FFF7F2F87D
:10E84000FF211C48C0790391049105910290194859
:10E85000807918494979009101901648037902227C
:10E8600039461348FFF7DEF8FF211248C07A0391BA
:10E870000491059102900F48807A0E49497A0091DF
:10E8800001900C48037A032239460948FFF7CAF879
:10E8900090E7FF20029003900490059000900346BB
:10E8A0002246394601900248FFF7BCF800BF81E7D5
:10E8B0006C0700205C070020F0B587B00C461546B9
:10E8C0001648FCF70FFC87011548FEF791FA000186
:10E8D0003F181448FCF7E2FC80003F181248FEF78E
:10E8E00077F83818C6B2FF20029003900490059084
:10E8F000009001906003272212058018AA02801858
:10E900000A4A1278D2008018084A52788118FF23E8
:10E9100032460648FFF786F807B0F0BD4C010020EC
:10E92000480300207A0500202C0300206C070020FB
:10E93000F0B587B004460D461646FF231C48007A02
:10E940001B49098909121B4A5279059302920391C6
:10E9500004901948417819480079194A12799200AF
:10E960001043F0221043C0B2019100901048007D86
:10E97000134F7F79BF0038430E4FBF793F013843B3
:10E980000E4F7F79BF013843C2B20E480078C000F5
:10E990000D4FC0190B4F7F78C11907488079FC27AC
:10E9A000384303460748FFF73DF807B0F0BD0000C5
:10E9B0002C03002048030020E80200204C01002026
:10E9C0007A0500206C07002000FCFF027047000061
:10E9D000FEB506468148807D042800D0FEBD7F48F4
:10E9E000C07C002837D000207C49C8747C4800785F
:10E9F0000E2818D00CDC05281BD004DC012810D010
:10EA0000022824D10EE00C2819D00D281FD115E0C2
:10EA10000F2815D01A2814D01D2813D0242816D159
:10EA200002E000BF00BF00BF01216C4805F0D0FB31
:10EA30000DE00221694805F0CBFB08E000BF00BFF4
:10EA400000BF00BF0421654805F0C2FB00BF00BF46
:10EA50006448FCF730FC6448FFF7D2F85F49C968A6
:10EA6000401A7D21C900884200D2B7E75E48FFF70F
:10EA7000C7F85A49C86001205C49C8735748806884
:10EA8000401C5649886008460068401C0860584889
:10EA90000069401C56490861564800784F4989680A
:10EAA000009101904D48C27D817D00235248FEF7C0
:10EAB000FBF9C4B221464F4804F0BCFE4F48007930
:10EAC00046498968009101904448C27D817D0223B6
:10EAD0004948FEF7E9F9C4B221464848FEF7AAF8CA
:10EAE0004749C868474906F0D9F80746FAF724FBB2
:10EAF00005463A488068019500903848C27D817D7E
:10EB000001233D48FEF7D0F90446002221463C4847
:10EB1000FDF7B4FE3C48C078304989680091019007
:10EB20002E48C27D817D03233348FEF7BDF9C4B270
:10EB300021463548FCF730FB2848C07D002806D028
:10EB400001281FD0022837D004283FD100E000BFA1
:10EB5000224880685A2809D92C481E21415E5A292A
:10EB600004DA052200211D4805F05BFB1B48806884
:10EB7000FF210F31884204D905220021174805F0F2
:10EB800050FB28E0154880681E2809D91F481E211F
:10EB9000415E5A2904DA05220021104805F041FBA4
:10EBA0000E488068FF210F31884204D905220021D8
:10EBB0000A4805F036FB0EE008488068C82804D9EA
:10EBC00005220021054805F02CFB04E00121034843
:10EBD00005F0FEFA00BF00BF00BFFFE69005002071
:10EBE000C00100207A050020B40100209008002018
:10EBF000FC060020E8020020D80600204803002080
:10EC00002C0300200000C8424C01002054020020C8
:10EC100070470000FEB50646DA48807D022800D025
:10EC2000FEBDD848C07C002812D00020D549C87449
:10EC3000D548FCF795FDD548C26A1E21415ED148F2
:10EC400005F0E4F8C1B2D2488173D248FCF730FB3A
:10EC5000CC4805F079FA002819D0CA48C07D0028B0
:10EC600005D105220021C74805F0DBFA0EE0C548B2
:10EC7000C07D042805D100220421C24805F0D1FA44
:10EC800004E004221146BF4805F0CBFAC8E7C248A9
:10EC9000FEF7B6FFBB49C968401A7D21C90088420A
:10ECA00000D2BDE7BC48FEF7ABFFB649C860012003
:10ECB000BA49C873B3488068401CB24988600846A6
:10ECC0000068401C0860B6480069401CB4490861EF
:10ECD000AC4805F04DF9B34805F038FCB24800786F
:10ECE000A849896800910190A648C27D817D0023D2
:10ECF000AE48FEF7D9F8C4B22146AB4804F09AFDFD
:10ED0000AB4800799F498968009101909D48C27D78
:10ED1000817D0223A548FEF7C7F8C4B22146A44866
:10ED2000FDF788FFA349C868A34905F0B7FF074668
:10ED3000FAF702FA054693488068019500909148D9
:10ED4000C27D817D01239948FEF7AEF8044600227A
:10ED500021469848FDF792FD9848C078894989680E
:10ED6000009101908748C27D817D03238F48FEF783
:10ED70009BF8C4B221469148FCF70EFA8148C07D49
:10ED8000030005F053FC070516405283C0DAF50076
:10ED90007D48FCF7CBFB7C48FCF726FC7948816872
:10EDA0007B48807B814203D30121764805F010FA2D
:10EDB000E4E074488068142810D97348FCF732FCEA
:10EDC00000280BD001206F4908747548006C401C66
:10EDD0007349086404216B4805F0FAF969488068B2
:10EDE000782803D30221674805F0F2F96B4808211F
:10EDF000415E644805F0AEF8002803D00621614862
:10EE000005F0E6F9BAE05F4880680F280CD95F4842
:10EE10001E21415E6E2903DD5A4880683C2803D9D3
:10EE20000321584805F0D4F9A8E056488068142812
:10EE300010D95548FCF7F6FB00280BD002205149A9
:10EE400008745748406C401C5549486404214D489B
:10EE500005F0BEF94B48806878280AD30320494959
:10EE600008744F48806C401C4D4988640120464915
:10EE700088704A480821415E424805F06BF8002836
:10EE800003D006213F4805F0A3F977E000213E4872
:10EE9000FCF77CFC002803D005213A4805F098F9DE
:10EEA0003948FCF767FB002808D0364880683C28C2
:10EEB00004D332220321334805F0B3F93148806886
:10EEC000782806D33048FCF7D3FB05212D4805F000
:10EED0007FF92E482221415E2D4820380822825E8B
:10EEE000914203DB0621274805F072F92B480821DF
:10EEF000415E244805F02EF8002803D00621214861
:10EF000005F066F93AE01F4880681E280BD31F48B9
:10EF10001E21415E6E2906DA1B48FCF721FC002108
:10EF2000184805F055F917488068FF212D318842AF
:10EF300002D301201449C87020E0124880683C28A0
:10EF400009D312481E21415E6E2904DA04220121F0
:10EF50000C4805F066F90B488068FF212D31884286
:10EF600004D304220121074805F05BF906E0FFE71E
:10EF700001220421034805F054F900BF00BF00BF7F
:10EF80004EE60000900500200C03002054020020F3
:10EF9000B00600207A050020B4010020900800206F
:10EFA000FC06002058030020E8020020D8060020BC
:10EFB000480300202C0300200000C8424C01002020
:10EFC0007047000010B504462F48807D062800D009
:10EFD00010BD2D48C07C002807D000202A49C874E5
:10EFE000207060706060207260722848407800284D
:10EFF00005D101220021244805F013F9E8E724484F
:10F00000FEF7FEFD2049C968401A7D21C9008842EB
:10F0100000D2DDE71E48FEF7F3FD1B49C860012062
:10F020001A49C87318488068401C17498860084608
:10F030000068401C08600846C07D00281BD121786C
:10F04000144804F0F7FB61781348FDF7F3FD002244
:10F0500012486168FDF712FC217A1148FCF79CF810
:10F06000607A002803D00F48FCF722F902E00D482F
:10F07000FCF721F905E003220021034805F0D1F84F
:10F0800000BF00BF00BFA3E790050020900800204C
:10F09000B4010020E8020020480300202C030020D7
:10F0A0004C0100207A050020002101704170416070
:10F0B0000172417270470000FEB50646A048807D8F
:10F0C000012800D0FEBD9E48C07C002808D000204A
:10F0D0009B49C8749B48FDF71BFD9B48FCF7E8F86B
:10F0E000974805F031F8002805D005220021944802
:10F0F00005F097F8E6E79548FEF782FD9049C96864
:10F10000401A7D21C900884200D2DBE78F48FEF714
:10F1100077FD8B49C86001208D49C8738848806895
:10F12000401C8749886008460068401C0860894880
:10F130000069401C87490861814804F019FF804834
:10F14000C07D002804D0012857D004287DD1AFE02D
:10F15000814800787A498968009101907848C27D99
:10F16000817D00237D48FDF79FFEC4B221467A4889
:10F1700004F060FB7A480079714989680091019038
:10F180006F48C27D817D02237448FDF78DFEC4B2B5
:10F1900021467348FDF74EFD6A49C868714905F07C
:10F1A0007DFD0746F9F7C8FF05466548806801956B
:10F1B00000906348C27D817D01236848FDF774FE9D
:10F1C0000446002221465F48FDF758FB6648C07898
:10F1D0005B498968009101905948C27D817D032374
:10F1E0005E48FDF761FEC4B221465F48FBF7D4FFDD
:10F1F0000121534804F0ECFF9FE057480078504944
:10F200008968009101904E48C27D817D002353485A
:10F21000FDF74AFEC4B221464F4804F00BFB5048AC
:10F22000007947498968009101904548C27D817DF8
:10F2300002234A48FDF738FEC4B221464848FDF78C
:10F24000F9FC4049C868474900E070E005F026FD38
:10F250000746F9F771FF0546394880680195009027
:10F260003748C27D817D01233C48FDF71DFE0446E1
:10F27000002221463348FDF701FB3B48C078304966
:10F280008968009101902E48C27D817D0323334817
:10F29000FDF70AFEC4B221463348FBF77DFF28483C
:10F2A00080680F2803D90421254804F091FF44E029
:10F2B0000021294804F0BEFA00212948FDF7BAFCD4
:10F2C000002211461F48FDF7D9FA2248C06B401CA6
:10F2D0002049C8631A4804F02FFC002804D00022FB
:10F2E0000221174804F09DFF1548007D042803D132
:10F2F0001D48FBF7DBFE19E01B480078002804D00E
:10F3000001211948FBF748FF10E018480078002851
:10F3100008D015484078002804D001211248FBF796
:10F320003BFF03E000211048FBF736FF05E0052214
:10F330000021034804F075FF00BF00BF00BFC1E615
:10F34000900500202C0300207A050020B401002045
:10F3500090080020FC060020E8020020D8060020CB
:10F36000480300200000C8424C0100208405002012
:10F370007047000010B504465248807D052800D033
:10F3800010BD5048C07C002802D000204D49C874F0
:10F390004D488078002805D101220021494804F019
:10F3A00040FFEDE74748C07D022805D14748007877
:10F3B000002800D100BF00BF4548FEF721FC4149AD
:10F3C000C968401A7D21C900884200D2D8E7404868
:10F3D000FEF716FC3B49C86001203B49C873394819
:10F3E0008068401C374988600846C07D002860D18D
:10F3F00038488078C007C00F002809D03548808879
:10F4000064225043014600223348FDF737FA04E0F6
:10F41000002211463048FDF731FA2E48408802217B
:10F420000840022807D141032C48FAF7DDFE2C489A
:10F43000FBF73EFF04E0012189032848FAF7D2FEDA
:10F440002448408804210840042805D12148017C33
:10F450002448FDF7EFFB03E000212248FDF7EAFB1B
:10F460001C48408808210840082805D11948017B1C
:10F470001D48FBF791FE03E000211B48FBF78CFEC3
:10F48000144840881021084010280DD11148C08828
:10F49000002805D00F488179144804F0CBF907E023
:10F4A00000201249087003E00021104804F0C2F95E
:10F4B00005E001220021034804F0B3FE00BF00BFB5
:10F4C00000BF5DE790050020900800208501002026
:10F4D000B4010020C40600202C03002000080048CE
:10F4E0007A050020480300204C010020E80200209B
:10F4F0007047000070B5054601210848FCF746F941
:10F500000446012C03D11621054804F061FE022CAB
:10F5100003D12021024804F05BFE70BD0C030020E3
:10F5200090050020FEB50446FE48807D032800D0EB
:10F53000FEBDFC48C07C002805D00020F949C874F5
:10F54000F948FBF7B5FEF74804F0FEFD00281DD092
:10F55000F448C07D1E2805D105220021F14804F0A1
:10F5600060FE12E0EF48C07D322809DBED48C07D27
:10F570003B2805DC00220421EA4804F052FE04E0A6
:10F5800004221146E74804F04CFED1E7E748FEF7B5
:10F5900037FBE449C968401A7D21C900884200D27E
:10F5A000C6E7E248FEF72CFBDE49C8600120E049CF
:10F5B000C873DC488068401CDA49886008460068E7
:10F5C000401C0860DB480069401CDA490861D548E6
:10F5D00004F0CEFCD84804F0B9FFD8480078D149EF
:10F5E000896800910190CF48C27D817D0023D44875
:10F5F000FDF75AFCC5B22946D04804F01BF9D148A2
:10F600000079C849896800910190C648C27D817D12
:10F610000223CB48FDF748FCC5B22946C948FDF78F
:10F6200009FBC949C868C94905F038FB0746F9F71D
:10F6300083FD0646BB48806801960090B948C27DAC
:10F64000817D0123BE48FDF72FFC05460122294696
:10F65000BD48FDF713F9BE48C078B24989680091EA
:10F660000190B048C27D817D0323B548FDF71CFCA5
:10F67000C5B22946B648FBF78FFDAA48C07D35289C
:10F680007DD010DC20287BD006DC162879D01C2801
:10F6900078D01E2877D1FDE332280CD033284FD004
:10F6A0003428F7D1AEE03638030004F0BFFF06FE81
:10F6B000FDFCFBFAF96C9F484069401C9D4948617C
:10F6C0009B480821415E974804F044FC002803D081
:10F6D0001C21944804F07CFD9E482221415E9E48F6
:10F6E0000822825E914203DB1C218E4804F070FDEB
:10F6F0008C4804F0C5FB002803D01C21894804F085
:10F7000067FD884880680A2816D993480821415E19
:10F7100084481822825E891A8E482222825E914293
:10F720000ADB8D48407D002806DD33217D4804F04A
:10F730004FFD8A48FBF708FF2046FFF7DBFE53E248
:10F740007C488069401C7B49886179480821415E7A
:10F75000744804F0FFFB002803D01C21714804F01A
:10F7600037FD7C482221415E7B480822825E91421F
:10F7700003DB1C216B4804F02BFD6A4804E0A4E085
:10F78000AEE38CE36CE3F2E304F07AFB002803D0F1
:10F790001C21644804F01CFD624880680A282DD9A9
:10F7A0006D480821415E5F482E22825E891A6948B1
:10F7B0002222825E91420ADC6748007D012806DA37
:10F7C0003221584804F004FD6448FCF78BF8624885
:10F7D0000821415E53481A22825E891A5D4822221E
:10F7E000825E91420ADB5C48407D012806DD3421BF
:10F7F0004C4804F0EDFC5948FBF7A6FE2046FFF705
:10F8000079FEBBE34B48C069401C4A49C86148487F
:10F810000821415E434804F09DFB002803D01C21D1
:10F82000404804F0D5FC4B482221415E4A4808225A
:10F83000825E914203DB1C213A4804F0C9FC39483E
:10F8400004F01EFB002803D01C21364804F0C0FC45
:10F85000344880680A2834D93F480821415E31483D
:10F860003022825E891A3B482222825E91420ADC63
:10F870003948007D022806DA33212A4804F0A8FC22
:10F880003648FCF72FF834480821415E25481C22F1
:10F89000825E891A2F482222825E914211DB05E0A6
:10F8A0007DE2FEE1A1E144E1E7E08AE02A48407D13
:10F8B000022806DD35211B4804F08AFC2748FBF7A7
:10F8C00043FE2046FFF716FE58E31A48006A401C24
:10F8D0001849086216480821415E124804F03AFBB4
:10F8E000002803D01C210F4804F072FC1948222183
:10F8F000415E19480822825E914203DB1C210948BF
:10F9000004F066FC074804F0BBFA002803D01C2171
:10F91000044804F05DFC034880680A284DD90E486D
:10F9200008211DE0900500207A050020B401002088
:10F9300090080020FC06002058030020E802002068
:10F94000D8060020480300202C0300200000C842F5
:10F950004C01002054020020900600200C030020DF
:10F96000415EFF3801383222825E891AFE48222227
:10F97000825E91420ADCFD48007D032806DA3421CC
:10F98000FB4804F025FCFB48FBF7ACFFF7480821D7
:10F99000415EF7481E22825E891AF3482222825E67
:10F9A00091420ADBF148407D032806DD3621F0480C
:10F9B00004F00EFCEF48FBF7C7FD2046FFF79AFD69
:10F9C000DCE2ED48406A401CEB494862EB48082104
:10F9D000415EE74804F0BEFA002803D01C21E44849
:10F9E00004F0F6FBE0482221415EE0480822825EF6
:10F9F000914203DB1C21DE4804F0EAFBDC4804F002
:10FA00003FFA002803D01C21D94804F0E1FBD84874
:10FA100080680A282DD9D5480821415ED44834226F
:10FA2000825E891AD0482222825E91420ADCCF4847
:10FA3000007D042806DA3521CD4804F0C9FBCD4805
:10FA4000FBF750FFC9480821415EC9482022825E69
:10FA5000891AC5482222825E91420ADBC348407D52
:10FA6000042806DD3721C24804F0B2FBC148FBF789
:10FA70006BFD2046FFF73EFD80E2BF48806A401CD8
:10FA8000BD498862BD480821415EB94804F062FA68
:10FA9000002803D01C21B64804F09AFBB24822216A
:10FAA000415EB2480822825E914203DB1C21B048CD
:10FAB00004F08EFBAE4804F0E3F9002803D01C21CB
:10FAC000AB4804F085FBAA4880680A282DD9A748CE
:10FAD0000821415EA6483622825E891AA248222267
:10FAE000825E91420ADCA148007D052806DA3621B3
:10FAF0009F4804F06DFB9F48FBF7F4FE9B480821EC
:10FB0000415E9B482222825E891A97482222825EA9
:10FB100091420ADB9548407D052806DD382194484E
:10FB200004F056FB9348FBF70FFD2046FFF7E2FC7D
:10FB300024E29148C06A401C8F49C8628F4808215E
:10FB4000415E8B4804F006FA002803D01C21884847
:10FB500004F03EFB84482221415E84480822825EF4
:10FB6000914203DB1C21824804F032FB804804F000
:10FB700087F9002803D01C217D4804F029FB7C482C
:10FB800080680A282DD979480821415E78483822B2
:10FB9000825E891A74482222825E91420ADC73488E
:10FBA000007D062806DA3721714804F011FB714800
:10FBB000FBF798FE6D480821415E6D482422825E65
:10FBC000891A69482222825E91420ADB6748407D99
:10FBD000062806DD3921664804F0FAFA6548FBF785
:10FBE000B3FC2046FFF786FCC8E16348006B401C6D
:10FBF0006149086361480821415E5D4804F0AAF943
:10FC0000002803D01C215A4804F0E2FA5648222169
:10FC1000415E56480822825E914203DB1C21544813
:10FC200004F0D6FA524804F02BF9002803D01C2126
:10FC30004F4804F0CDFA4E4880680A282DD94B4829
:10FC40000821415E4A483A22825E891A46482222A9
:10FC5000825E91420ADC4548007D072806DA382199
:10FC6000434804F0B5FA4348FBF73CFE3F480821FF
:10FC7000415E3F482622825E891A3B482222825EEC
:10FC800091420ADB3948407D072806DD3A21384891
:10FC900004F09EFA3748FBF757FC2046FFF72AFC92
:10FCA0006CE13548406B401C3349486333480821B8
:10FCB000415E2F4804F04EF9002803D01C212C4847
:10FCC00004F086FA28482221415E28480822825EF4
:10FCD000914203DB1C21264804F07AFA244804F000
:10FCE000CFF8002803D01C21214804F071FA2048E5
:10FCF00080680A284FD91D480821415E1C483C22D3
:10FD0000825E891A18482222825E91420ADC1748D4
:10FD1000007D082806DA3921154804F059FA1548FB
:10FD2000FBF7E0FD11480821415E11482822825E60
:10FD3000891A0D482222825E91422CDB0B48407DBD
:10FD4000082828DD08482030807C182818D106486B
:10FD5000008EF5281FDD3B21054804F039FA0548DF
:10FD6000FBF7F2FB17E00000540200209006002091
:10FD7000900500200C030020FC06002090080020C5
:10FD80008048008E7D2806DD3B217F4804F020FA64
:10FD90007E48FBF7D9FB2046FFF7ACFBEEE07C4842
:10FDA000806B401C7A4988637A480821415E764816
:10FDB00004F0D0F8002803D01C21734804F008FA9E
:10FDC00070482221415E74480822825E914203DB22
:10FDD0001C216D4804F0FCF96B4804F051F8002830
:10FDE00003D01C21684804F0F3F966482030807C79
:10FDF00018280BD16348008EF02812DC3A216248A3
:10FE000004F0E6F96148FBF76DFD0AE05D48008EFD
:10FE1000782806DC3A215C4804F0DAF95B48FBF705
:10FE200061FD594880680A2816D95B480821415E5F
:10FE300055483E22825E891A52482222825E9142B1
:10FE40000ADC5548007D092806DA3A214E4804F0BC
:10FE5000BFF94E48FBF746FD2046FFF74BFB8DE010
:10FE60004948806814280ED946481E21415E5A2907
:10FE700004DB454804F0A2F8002804D00422012144
:10FE8000414804F0CEF940488068F02806D90422A1
:10FE9000012100E020E03C4804F0C3F96EE03A485C
:10FEA000806832280ED937481E21415E5A2904DB6A
:10FEB000354804F083F8002804D004220121324898
:10FEC00004F0AFF930488068FF212D31884202D913
:10FED00001202E49C87051E03048FBF7ECF94DE0A5
:10FEE0002C480821415E284804F034F8002803D04B
:10FEF0001C21254804F06CF922482221415E264845
:10FF00000822825E914203DB1C211F4804F060F945
:10FF10001D4803F0B5FF002803D01C211A4804F047
:10FF200057F919488068022803D21848FBF71AFBD2
:10FF30001CE015488068192803D21448FBF754FBCD
:10FF400014E01248007D002803D00F488068642820
:10FF500003D916210C4804F03BF90C48FBF7C8FB09
:10FF6000002803D03221084804F032F906E0FFE708
:10FF700001220421044804F054F900BF00BF00BF6F
:10FF8000FFF7D6FA54020020900500200C03002051
:10FF9000FC06002090080020900600207A05002032
:10FFA000704700007CB505469648807D002800D04B
:10FFB0007CBD9448C07C002808D000209149C874BA
:10FFC0009148FBF778F90020904908748D48C07D6E
:10FFD00001281BD18E480078002817D08D48007862
:10FFE000002809D18C48C079002805D18B48FBF73F
:10FFF00001FA002083498860824880680A2805D970
:020000040801F1
:1000000000218448017000208349C8717D4803F0B5
:10001000E1FF002815D08248FDF72CFE81480068DA
:10002000401C80490860012205217E4803F04AF8FF
:1000300000220121734804F0F4F80020714908609F
:10004000B6E772484079002808D07548FDF712FEDF
:100050001E2203216B4804F0E4F8A9E76B4880787E
:10006000002809D06748C07D012805D1002205215C
:10007000644804F0D6F89BE76448407800280CD028
:100080006048C07D012808D16548FDF7F3FD0022D6
:1000900006215C4804F0C5F88AE76348FDF7B0FD27
:1000A0005849C968401A7D21C900884200D27FE7BB
:1000B0005D48FDF7A5FD5349C86001205349C87349
:1000C00050488068401C4F4988600846C07D012820
:1000D00004D0032829D005287AD162E000215348B2
:1000E00003F0A8FB00215248FCF7A4FD00221146B2
:1000F0005048FCF7C3FB4348007D042803D14E4819
:10010000FAF7D4FF10E04D480078002808D04A489C
:100110004078002804D001214748FBF73DF803E070
:1001200000214548FBF738F868E040480078354939
:100130008968009101903348C27D817D0023404849
:10014000FCF7B2FEC4B22146384803F073FB3848CE
:1001500000792C498968009101902A48C27D817DEF
:1001600002233748FCF7A0FEC4B221463048FCF712
:1001700061FD002211462F48FCF780FB00212E482C
:10018000FBF70AF81F488068C82805D8204880383F
:100190001E21415E6E2903DA01211A4804F018F885
:1001A0002CE00021214803F045FB00212048FCF70A
:1001B00041FD002211461F48FCF760FB18480078FB
:1001C000002806D117484068401C1649486005E0E1
:1001D0000FE014488068401C12498860114802F002
:1001E000E1FD184802F0D4FF0121064803F0F0FFBA
:1001F00004E00321034803F0EBFF00BF00BF00BF92
:10020000D6E60000900500207A0500209008002026
:10021000D40200208C080020700500201501002069
:10022000C0010020FC060020B4010020E8020020EC
:10023000480300202C0300204C01002084050020EE
:10024000D80600204C0700207047002141748173BC
:100250007047000070B505460C46182C02D16F4857
:10026000007870BD012C02D16D48807DF9E7022C29
:1002700002D16B48C07DF4E7032C02D168480068C6
:10028000EFE7042C02D166488068EAE7052C08D124
:100290006449C86A644904F001FD0646F8F74CFF5A
:1002A000DFE7062C03D15F491E20085ED9E7282C22
:1002B00003D15C492220085ED3E7292C03D1594998
:1002C0002420085ECDE7112C09D1584948685649C9
:1002D00004F0E4FC0646F8F72FFF80B2C1E7122CC9
:1002E00009D15249C868504904F0D8FC0646F8F7CD
:1002F00023FF80B2B5E70F2C02D14D480078B0E75C
:10030000102C02D14A488078ABE7132C01D1494820
:10031000A7E7142C02D148488068A2E7152C02D127
:10032000454800799DE7162C02D13E48808F98E71A
:10033000192C02D13948807893E71A2C02D137481A
:10034000C0788EE71B2C02D13448007989E71C2C39
:1003500002D13248407984E71D2C02D12F488079A0
:100360007FE71E2C02D12D48C0797AE71F2C02D1DD
:100370002A48007A75E7202C02D12848407A70E795
:10038000212C02D12548807A6BE7222C02D1244807
:10039000007C66E7242C03D128490620085E60E72C
:1003A000252C03D125490820085E5AE7262C02D1C6
:1003B0002248407955E72E2C03D12148FAF7DEFE7A
:1003C0004FE7312C03D117484030008949E7322CE0
:1003D00003D114484830408843E7332C03D11148F7
:1003E000483080883DE7342C03D10E484830C0881F
:1003F00037E7352C03D10B484830008931E7362CDC
:1004000003D10848483040892BE7372C03D10548F1
:100410004830808925E70020C04322E7C001002042
:1004200090050020540200200000C8422C03002048
:10043000E8020020204E0000480300200C030020AA
:100440004C01002013B59CB018211D984843FE496B
:10045000401880680003400E1B9018211D984843E7
:10046000F94940180089C004400F1A9008463038F6
:1004700001781B98814204D01B987F2801D01EB0C0
:1004800010BDF148303841781A98814203D01A984B
:10049000072800D0F3E718211D984843EA4940187F
:1004A0008068000D159018211D984843E6494018B2
:1004B00000898005400E149018211D984843E24998
:1004C0004018007A4007400F139000200D900EE076
:1004D00018211D984843DC4940180F300D99415CA4
:1004E0000FAA0D9811540D98401CC0B20D900D9894
:1004F0000828EDDB1498782805DB14987B2802D0B7
:1005000000211C984174159801051498400309189E
:10051000139880020818CC4930390978C90040186E
:10052000C94930394978401812901598072872D077
:100530000FDC072801D301F08FF943007B449B882F
:100540005B009F440608170006083E057505760502
:100550007705222801D101F08BF804DC08287DD032
:100560001328E8D1F2E3262801D101F0E3F82F287F
:10057000E1D1ECE314984003012149054118139897
:1005800080020818B04930390978C9004018AE49CE
:10059000303949784018129008A8007F010208A855
:1005A000407F081814286ED009DC030004F03EF8E0
:1005B0000C1A34886C8BC0DBFC888888FB88432845
:1005C0007AD008DC162878D02D2877D0412876D02C
:1005D000422875D1FBE2442873D0452872D04628C2
:1005E000F7D1FDE3FF200B22032304900293039233
:1005F0000590012022210091019008A8407F0D90D4
:1006000008A8007F0C9002468F4830380D9B129945
:10061000FDF708FA89E2F6E301211C98C17008A8E9
:10062000807FFF2803D108A8C07FFF2809D008A831
:10063000807F010208A8C07F08183C2148438349F5
:100640004860824840683C210D90F7F7FBFD80B27E
:100650001690FF2002900390049000E0FEE30590C6
:100660001698C1B200120191009008A8407F0D9029
:1006700008A8007F0C900246734830380D9B1299F1
:10068000FDF7D0F9C6E788E101211C980171FF2030
:1006900002900390049005900090019008A8407F7C
:1006A0000D9008A8007F0C900246674830380D9BDB
:1006B0001299FDF7B7F9ADE795E28DE19AE135E2E0
:1006C000FEE3F4E229E301211C98417108A8807F30
:1006D000FF2803D108A8C07FFF2809D008A8807F81
:1006E000010208A8C07F08183C21484357494860C8
:1006F000564840683C210D90F7F7A4FD80B2169053
:10070000FF2002900390049005901698C1B2001249
:100710000191009008A8407F0D9008A8007F0C90E0
:100720000246494830380D9B1299FDF77BF971E775
:100730004748FDF79FFAFF2002900390049001467E
:100740000590434800780191009008A8407F0D90E3
:1007500008A8007F0C9002463B4830380D9B129948
:10076000FDF760F956E708A8807FFF2803D108A8A5
:10077000C07FFF2809D008A8807F010208A8C07F99
:1007800008183C2148433149486010A80078000708
:10079000000F0F280BD010A800780007000F0146AB
:1007A0000D902A4801E0CFE08CE003F001FA10A898
:1007B0000078F0210840F02808D010A80078084000
:1007C000001101460D90214803F004FA1F4803F080
:1007D00008FA10A84078010210A88078081880B2A2
:1007E00016901C491698884203D0169801B21A48F0
:1007F000418510A8C0788007800F0E900E980328BE
:1008000009D00E98012801D1144908700E980028CB
:1008100001D11249087010A8C0780C2108400E9030
:100820000E980C280AD00E98042802D101200B49FA
:1008300048700E98002801D1084948700348406864
:100840003C210D900CE000009C070020900500204A
:10085000C0010020FFFF0000900600204C01002096
:10086000F7F7F0FC80B21690FE4840788000FD4912
:1008700009784018C0B20E90FB49498DC9B2FA4AB6
:10088000528D1204120EF94B5B7D1B01F74C247D37
:100890001B19DBB20E9802930392049105901698EF
:1008A000C0B2169909120091019008A8407F0D90DE
:1008B00008A8007F0C900246ED480D9B1299FDF7A9
:1008C000B1F87CE308A8807F0A2829DAFF2308A86A
:1008D000807F4100E5482C30425C08A8807F4100C1
:1008E000E2482C30405A0004010E08A8807F4400E2
:1008F000DE481830005D02AC0FC408A8807F4100BC
:10090000DA481830405A0004000E08A9897F0823ED
:10091000002200910190D6481299FDF783F812E069
:10092000FF2002900390049005900090019008A889
:10093000407F0D9008A8007F0C900246CC480D9B8C
:100940001299FDF76FF83AE308A8807F8007800FBF
:10095000012802D1C54803F02FFA08A8807F0C2196
:100960000840042802D1C14803F0A6FAFF200290F3
:10097000039004900146059008A8807F01910090A3
:1009800008A8407F0D9008A8007F0C900246B84848
:100990000D9B1299FDF746F811E3B64801F09CFD56
:1009A000FF200290039004900590B2488030808F21
:1009B000C0B2B0498031898F09120091019008A816
:1009C000407F0D9008A8007F0C900246A8480D9B20
:1009D0001299FDF727F8F2E2A748A849C86300BFBB
:1009E000BFF34F8FA648A749C860BFF34F8F00BF22
:1009F00000BFFEE708A8807F8007800F0E900E984A
:100A0000012801D1A049C8720E98002801D19E4941
:100A1000C87208A8807F0C2108400E900E98042808
:100A200002D10120984908730E98002801D19649F7
:100A3000087308A8807F302108400E900E98102877
:100A400002D10120904948730E98002801D18E49A7
:100A5000487308A8807FC02108400E900E98402857
:100A600002D10120884988730E98002801D1864957
:100A7000887308A8C07F8007800F0E900E98012809
:100A800001D18149C8730E98002801D17E49C873ED
:100A900008A8C07F0C2108400E900E98042802D1AF
:100AA0000120794908740E98002801D1764908740C
:100AB00008A8C07F302108400E900E98102802D15F
:100AC0000120714948740E98002801D16E4948747C
:100AD00008A8C07FC02108400E900E98402802D17F
:100AE0000120694988740E98002801D166498874EC
:100AF0006548FDF7A3F80D906348FDF792F80C9058
:100B0000FF2002900390049005900D990C9801919C
:100B1000009008A8407F0B9008A8007F0A9002462A
:100B200053480B9B1299FCF77DFF48E208A8807F91
:100B3000072806D00A2822D00C2811D01B283CD127
:100B40002CE001214B48E030C17508A8C07F0102AC
:100B500010A80078081801B246488030418434E07B
:100B600001214448E030017608A8C07F010210A8A6
:100B70000078081801B23F488030C18325E0012188
:100B80003C48E030417608A8C07F010210A80078F8
:100B9000081801B237488030818416E001213548B9
:100BA000E030817508A8C07F010210A800780818FD
:100BB00001B230488030818307E000212D48E030C9
:100BC0008175C1750176417600BF00BFF7E1274806
:100BD000807D002806D12548C07D012802D12A4801
:100BE000FDF748F8EBE108A8807F8007800F0E90A2
:100BF0000E9803280BD00E98012802D101211C98D1
:100C000041700E98002802D100211C98417008A85C
:100C1000807F0C2108400E900E980C280BD00E9867
:100C2000042802D101211C9881700E98002802D15D
:100C300000211C9881701C984078002806D01C98D0
:100C40008078002802D000211C988170FF2002903B
:100C500003900490014605901C98807882001C98AF
:100C6000407813E04C010020900600209005002001
:100C70006C070020D401002055AA1600C0000020F7
:100C80000400FA0500ED00E0C00100201018C0B219
:100C90000191009008A8407F0D9008A8007F0C905B
:100CA0000246F9480D9B1299FCF7BCFE87E11C989F
:100CB0004078002830D008A8807F8007800F0E90F1
:100CC0000E98032809D00E98012801D1EF49087227
:100CD0000E98002801D1ED49087208A8C07FFF28AE
:100CE00003D008A8C07FE949087010A80078FF2841
:100CF00003D010A80078E549487010A84078010298
:100D000010A88078081880B21690E1491698884299
:100D100002D0DE491698486051E108A8C07F010260
:100D200010A80078081880B2169008A8807F0328C1
:100D300044D006DC00280BD001281BD002286FD13C
:100D40002AE004284DD017286AD15DE0FDE3FDE3D9
:100D5000CF49169888420CD0CE491698888008460C
:100D600080880A2802DD0A21CA488180C948808813
:100D7000169058E0C649169888420CD0C549169876
:100D8000488108464089012802DD0121C14841818E
:100D9000C0484089169046E0BD49169888420CD05C
:100DA000BC49169808820846008A642802DD64213E
:100DB000B8480182B748008A169034E0B4491698C2
:100DC00088420CD0B349169888810846808901284A
:100DD00002DD0121AF488181AE488089169022E072
:100DE0003DE0AB49169888420CD0AA491698C881B4
:100DF0000846C089642802DD6421A648C181A5484F
:100E0000C08916900FE0CBE1A1491698884205D021
:100E1000A0491698C8800846C088169003E0FFE7EE
:100E20009B48169000BF00BFFF211698C0B20391E7
:100E30000491059102901698001208A9897F0091EB
:100E4000019008A8407F0D9008A8007F0C900246F2
:100E50008D480D9B1299FCF7E5FDB0E046E208A82D
:100E6000807F8007800F012806D18A484088FE21B4
:100E70000840401C8749488008A8807F8007800F71
:100E8000002805D183484088FE21084081494880D8
:100E900008A8807F0C210840042806D17D4840889E
:100EA000FD210840801C7B49488008A8807F0C21D8
:100EB0000840002807D177484088FD21084000E01D
:100EC00069E07449488008A8807F302108401028D4
:100ED00006D170484088FB210840001D6D494880BC
:100EE00008A8807F30210840002805D16948408843
:100EF000FB2108406749488008A8807FC02108403E
:100F0000402806D163484088F721084008306149ED
:100F1000488008A8807FC0210840002805D15D488E
:100F20004088F72108405B49488008A8C07F8007B7
:100F3000800F012806D157484088EF210840103023
:100F40005449488008A8C07F8007800F002805D139
:100F500050484088EF2108404E49488008A8C17F8A
:100F6000FC20014308A8C177FF2002900390049061
:100F7000059008A8C17F807F0191009008A8407F5C
:100F80000D9008A8007F0C9002463F480D9B1299D7
:100F9000FCF748FD13E0FF200290039004900590B9
:100FA0000090019008A8407F0D9008A8007F0C9049
:100FB000024635480D9B1299FCF734FD00BF00BF77
:100FC000C7E208A8007F010208A8407F081880B285
:100FD00001460D901C98FFF73DF980B21690FF2254
:100FE0001698C1B2001202AB07C3059216980114FD
:100FF00000160191009014984003012189054118C1
:1010000013988002081820490978C90040181E4921
:10101000497840180B9008A8407F0D9008A8007FE1
:101020000C90024618480D9B0B99FCF7FBFCC7E798
:101030008FE28EE208A8007F010208A8407F08180E
:1010400080B2179017980A38030003F0EFFA1E10C9
:1010500016272D33393F454B8951898989898989DB
:1010600089575D676D7379898989898983890A4878
:10107000139A1499FCF77CFF90E00748139A14998F
:10108000FCF7AAFF8AE000006C070020F0060020B1
:10109000FFFF0000C4060020B1010020F748139AAA
:1010A0001499FCF7D3FF79E0F448139A1499FDF7EB
:1010B00027F873E0F148139A1499FDF75FF86DE093
:1010C000EE48139A1499FDF791F867E0EB48139AEC
:1010D0001499FDF7C1F861E0E848139A1499FDF7F7
:1010E000EFF85BE0E548139A1499FDF70FF955E026
:1010F000E248139A1499FDF72FF94FE0DF48139A4D
:101100001499FDF759F949E008A8807F03460D902E
:10111000DA48139A1499FDF791F93FE0D748139AEA
:101120001499FDF75DFA39E0D448139A1499FDF744
:1011300097FA33E0D148139A1499FDF7CDFA2DE0D0
:1011400008A8807F03460D90CC48139A1499FDF7A8
:1011500009FB23E0C948139A1499FDF7ADFB1DE084
:10116000FF20029003900490059000900190179842
:101170000105149840030918139880020818C04903
:101180000978C9004018BE4949784018FF231A461B
:1011900001460D90BA48FCF745FC00BF00BF5BE379
:1011A00008A8007F002806D0012818D0022849D0BE
:1011B00003287DD15AE0B348FBF794FAFF20029050
:1011C0000390049005900090019008A8007F0346CA
:1011D00004220D90AA481299FCF724FC84E010A880
:1011E0000078010610A840780004091810A880783B
:1011F0000002091810A8C07808180D9008A8807F70
:10120000010208A8C07F08180C9001469D480D9A5D
:10121000FAF786FB10A8C1788278437800780393A8
:1012200004920591029008A8C17F807F01910090EF
:1012300008A8007F034604220D9091481299FCF7FC
:10124000F1FB51E08F48FAF703FEFF200290039074
:10125000049005900090019008A8007F03460422A6
:101260000D9087481299FCF7DDFB3DE008A8807FD0
:10127000010208A8C07F081801460D908148FAF7BE
:10128000F1FC11901198C1B20004020E11980002F5
:10129000030E1198000E039304920591029008A882
:1012A000C17F807F0191009008A8007F034600E085
:1012B00006E004220D9072481299FCF7B3FB13E08C
:1012C000FF20029003900490059008A8C17F807FC2
:1012D0000191009008A8007F034605220D90684800
:1012E0001299FCF79FFB00BF00BFB5E26648807D06
:1012F000002803D16448C07D012803D06248807D66
:10130000052874D108A8007F3021084000286FD13B
:1013100008A8007F0007000F002804D0032809D088
:10132000062806D165E0594801F0FEFE574801F055
:10133000A4FD84E010A80078010210A840780818E5
:1013400080B2199010A88078010210A8C0780818FF
:1013500080B2189000200D9044E01998C0004C49CC
:1013600041180D98C00008180C904A490C98884202
:1013700000D93BE048480C99F9F753FF0B900B98C4
:10138000401C002800D131E00C99091D4248F9F7B2
:1013900048FF0A900A98401C002800D126E00A98CD
:1013A000C0B20A9909040A0E0A990902090E0A9B99
:1013B0001B0E02930492039105900B98C0B20B99F7
:1013C0000904090E009101900B980002000E0346DB
:1013D000042209902A481299FCF724FB0D98401C1E
:1013E00080B20D9018990D988842B6DB27E0ABE0EB
:1013F00026E010A80078010210A8407808180146DD
:101400000D90224801F07EFC11901198C1B20004A9
:10141000020E11980002030E1198000E039304921D
:101420000591029010A8407810A90978FF230422A2
:101430000091019012481299FCF7F4FA00BF00BF26
:1014400008A8007F3021084010287DD108A8007F1F
:101450000007000F002802D0032879D120E00020E7
:101460000B9007E00D480B9901F072FF0B98401CA0
:10147000C0B20B900B980228F4DB69E0B1010020A8
:101480006C0700205C07002090050020FC0600206F
:1014900000E00108F8E701089C0100204C0700204B
:1014A00010A80078010210A84078081880B20D90AA
:1014B00010A88078010210A8C078081880B20C909B
:1014C00000200B903BE0E64801680D98C000091829
:1014D0000B98C00008180A90E148C06808380A99BB
:1014E000884200D22FE0DF480A99F9F79AFE099066
:1014F0000A99091DDB48F9F794FE08900898C1B2D3
:101500000004020E08980002030E0898000E0393D0
:101510000492059102900998C1B20004000E019155
:10152000009009980002000E034604220790CE485E
:101530001299FCF777FA0B98401C80B20B900C992B
:101540000B988842BFDB02E003E003E010E100BF3C
:1015500000BF81E108A8007F01284ED108A8407F84
:101560008007800F002801D1C049087008A8407F7B
:101570008007800F012801D1BC49087008A8407F6E
:101580000C210840002802D100211C98017008A8F5
:10159000407F0C210840042802D101211C980170D1
:1015A00008A8407F30210840002802D100211C9863
:1015B000817108A8407F30210840102802D1012104
:1015C0001C98817108A8807F01460D90A848FCF7FF
:1015D000CBFC1C99088110A800788007800F002898
:1015E00002D100211C98C17110A800788007800FDB
:1015F000012802D101211C98C17108A8007F02288E
:1016000035D108A8407F01460D909948FCF7ACFC05
:101610009849088108A8807F01460D909448FCF7FE
:10162000A3FC9449488108A8C07F01460D909048CA
:10163000FCF79AFC8F49888110A8007801460D902C
:101640008B48FCF791FC8B49C88110A84078014673
:101650000D908748FCF788FC8649088210A880789E
:1016600001460D908248FCF77FFC82494882F3E0F6
:101670008148807D00285CD17F48C07D012858D1F9
:101680001498400323210905411813988002081873
:1016900075490978C9004018734949784018129073
:1016A00008A8007F010608A8407F0004091808A8C0
:1016B000807F0002091808A8C07F08180D9000203C
:1016C0000C902CE067480D99F9F7ABFD119011983B
:1016D000C1B20004020E11980002030E1198000E10
:1016E00003930492059102900D98C0B20D990904DC
:1016F000090E009101900D980002000E0B900D98BC
:10170000000E0A90024658480B9B1299FCF78AF982
:101710000D98001D0D900C98401C80B20C9010A8E4
:101720000078010210A8407809180C988142C9DCA1
:1017300000BF91E008A8007FFF2818D008A8007F0C
:1017400001460D904A48FCF70FFC1C994881002186
:101750001C98017308A8407F8007800F012803D1DF
:1017600001211C98417302E000211C98417373E031
:1017700008A8007F8007800F022805DA08A8807F6C
:10178000C007C00F3D49087508A8007F0007800FFB
:10179000022805DA08A8807F4007C00F3849487141
:1017A00008A8007F8006800F022805DA08A8807F3D
:1017B000C006C00F3349887108A8007F8011022835
:1017C00005DA08A8807F4006C00F2F49487108A895
:1017D000407F8007800F022805DA08A8C07FC00775
:1017E000C00F2A49887108A8807F0007800F02284F
:1017F00005DA08A8C07F4007C00F2349087108A870
:10180000807F8006800F022805DA08A8C07FC00606
:10181000C00F1B49087108A8C07FFF2803D010A87B
:1018200000781A49487010A80078FF2803D010A843
:1018300040781449487110A84078FF2803D110A8B7
:101840008078FF2807D010A88078010210A8C078FF
:1018500008180A49088100BF00BF00BFFEF70FFE4D
:101860004C0700209C0100206C0700206C01002028
:10187000B101002090060020900500202C030020DC
:101880007A050020480300204C010020E8020020D7
:1018900010B504463E480078C007C00F00280CD1A0
:1018A0003B4802F0D1FE002807D03A48FCF7A8F9DF
:1018B000394908603648C046C0463648FCF7A0F9AA
:1018C00035490968401A322861D33248FCF798F943
:1018D00031490860E07B002859D030480078401C2E
:1018E0002E49087008460078030002F09FFE0B4561
:1018F000070D13191F262D33393F450007227E217E
:101900002748FCF769FB41E007227E212448FCF7C9
:101910009DFB3BE007227E212148FCF7F1FB35E0EF
:1019200007227E211E48FCF729FC2FE00123072215
:101930007E211B48FCF782FD28E0022307227E213E
:101940001748FCF77BFD21E007227E211448FCF7B5
:1019500047FE1BE007227E211148FCF781FE15E0BF
:1019600007227E210E48FCF7B7FE0FE007227E21FA
:101970000B48FCF7DDFF09E007227E210848FCF751
:10198000F7FA002005490870E07300BF00BF10BDE2
:10199000A8010020B4010020AC010020B00100200B
:1019A000B1010020012181747047002181747047CA
:1019B00070B504462E480078C007C00F00280CD12F
:1019C0002B4802F041FE002807D02A48FCF718F9FE
:1019D000294908602648C046C0460020E0702071B2
:1019E00060712046FFF754FF002510E0182068437F
:1019F0002249085C002808D029462046FEF722FD2F
:101A00000022182068431D490A54681CC5B20A2DDB
:101A1000ECDB1848FCF7F4F817490968401A7D21F7
:101A2000C900884223D31348FCF7EAF8124908603A
:101A3000A07C002812D0207C00280FD11048807D87
:101A4000002803D10E48C07D012807D0607C401CCF
:101A50006074607C1E2801DD0120A073207B1E289D
:101A600003DA207B401C207301E00021617370BD0C
:101A7000A0010020B4010020A40100209C07002048
:101A80009005002000210170C17141708170817347
:101A90004174012181740021C173002242731E220E
:101AA0000273704710B588B0044600200690079076
:101AB000142101A8F6F7C4FB4548206001218804E1
:101AC000F8F71AFC01218803F8F726FC06A8F8F7B6
:101AD0008DFB0120800206900221684601770021DB
:101AE0008177C1770321417706A93A48F8F706FBC9
:101AF00006A8F8F77BFB0120C00306900221684688
:101B0000017700218177C1770321417706A9314808
:101B1000F8F7F4FA06A8F8F769FB012080030690AD
:101B20000221684601770021C1770321417706A988
:101B30002848F8F7E3FA06A8F8F758FB0120000355
:101B4000069001216846017700218177C177032142
:101B5000417706A91F48F8F7D1FA012109031D486A
:101B6000F8F742FB05220A211A48F8F70FFB00227A
:101B70000F211848F8F70AFB00220E211548F8F744
:101B800005FB01A8F8F7C7FC002168468180072102
:101B90000902018102214181012181810321090280
:101BA000C1811821018200214182FF210531C180BC
:101BB00001A90748F8F76EFC01210548F8F732FC47
:101BC000012109030248F8F797FC08B010BD000096
:101BD00000380040000400481CB50446012301AA57
:101BE0000F21204600F094F8FF21B13108556846D6
:101BF0000079B12803D068460079B32849D1B821CB
:101C0000FF20C630015568460079B12804D1B121C2
:101C1000FF20C730015503E0B321FF20C730015535
:101C20002821FF20C83001550521401C0155801D89
:101C3000015D009101236A461821204600F0C8F892
:101C4000FF21B131095D0840FF21B1310855FF2066
:101C5000CF30005B0112009101236A461921204612
:101C600000F0B6F8FF21B131095D0840FF21B13124
:101C700008555221009101236A461021204600F0A8
:101C8000A7F8FF21B131095D0840FF21B1310855A6
:101C90001CBD00BFFCE7F8B505460E460024FF203A
:101CA000C730405DB12804D0FF20C730405DB32865
:101CB0002BD10021009101236A461021284600F013
:101CC00087F80443F1B2009101236A46182128469F
:101CD00000F07EF804433004010E009101236A46AF
:101CE0001921284600F074F8044352210091012381
:101CF0006A461021284600F06BF8044301236A4627
:101D00000F21284600F004F804432046F8BD0000E7
:101D1000F8B507460D4614461E4600BF80212A48E6
:101D2000F8F78EFB0028F9D1012109032748F8F7BD
:101D300059FA00BF02212448F8F782FB0028F9D0A5
:101D400001212148F8F77CFB002802D01E48F8F753
:101D5000CDFB8020284301461B48F8F7D7FB00BF86
:101D600080211948F8F76CFB0028F9D11648F8F7DC
:101D7000BDFB16E000BF02211348F8F761FB002805
:101D8000F9D000211048F8F7C1FB00BF80210E48B0
:101D9000F8F756FB0028F9D10B48F8F7A7FB20709D
:101DA000641C3046711E8EB20028E3D100BF802132
:101DB0000548F8F745FB0028F9D10121090303483C
:101DC000F8F712FA0120F8BD00380040000400487E
:101DD000F8B504460E4615461F4600BF8021206810
:101DE000F8F72EFB0028F9D1012109031748F8F76D
:101DF000F9F900BF02212068F8F722FB0028F9D08A
:101E00007106490E2068F8F781FB0BE000BF022144
:101E10002068F8F715FB0028F9D029786D1C206898
:101E2000F8F774FB3846791E8FB20028EED100BF58
:101E300080212068F8F704FB0028F9D1012109036B
:101E40000248F8F7D1F90120F8BD0000000400486D
:101E500070B504460021FF209D30015100250DE0A2
:101E6000AB00221DD158FF229D32105902F0A6FE70
:101E70000146FF209D300151681CC5B2CC20005D99
:101E8000A842EDDCCC21085DF7F79AF90646FF2160
:101E90009D3108593146F7F779F80146FF209D300A
:101EA00001510021CC200155FF20A1300151002516
:101EB0000EE0AB002246D032D158FF22A132105999
:101EC00002F07CFE0146FF20A1300151681CC5B222
:101ED000FF209930005DA842EBDCFF219931085DBD
:101EE000F7F76EF90646FF21A13108593146F7F799
:101EF0004DF80146FF20A13001510021FF2099300B
:101F00000155FF22A1321159021D105902F04AFF5A
:101F10000146FF20AD3001510146085901218907D2
:101F2000F7F734F80646FF20A1300159304602F099
:101F300045FE0146FF20A530015170BD10B5044695
:101F40003A48FBF75DFE3A490968401A052856D918
:101F50003648FBF755FE36490860364800F06CF805
:101F6000FF20A930005D002820D0FF22C132115986
:101F7000121F105902F068FE3CD2FF20C1300159F7
:101F8000CC20005D8200201D8150CC20005D401CD3
:101F9000C1B2CC200155005D322802DB2046FFF79C
:101FA00057FF0021FF20A930015523E0FF22C13255
:101FB0001159121F105902F0C9FE1BD2FF20C13067
:101FC0000159FF209930005D82002046D0308150B9
:101FD000FF209930005D401CC1B2FF2099300155AF
:101FE000005D322802DB2046FFF732FF0121FF208F
:101FF000A9300155FF20BD300159001D0151FF20BE
:10200000BB30005D002810D00021FF20BB300155FF
:10201000801E015B2046FFF73EFE002805D0FF2012
:10202000B930015BFF20CF30015310BDB401002057
:102030004001002078030020F0B587B004460A2054
:102040000590FF20C730005DB12804D0FF20C730C5
:10205000005DB3285AD1FF20C930035D401E015DE9
:102060002246FF32CA322046FFF752FE3C48008823
:10207000002805DD3A480088401E3949088045E0BF
:10208000FF20CC30005D0104FF20CB30005D00025A
:102090000918FF20CA30005D081804900498F7F76B
:1020A00087F80190F6F748FF054600222D4BF6F71A
:1020B00075FB03910290F6F787F92B490A88098886
:1020C000491C294B19809100284A50501846008815
:1020D0000A2802DB002019460880254800880A28C3
:1020E00004DA23480088401C21490880FF21CE31B2
:1020F000095D0A02FF21CD31095D50186421F6F710
:10210000ABF841B2FF20C530015500BF1848008828
:10211000002823DD0027002507E0A800134A1158F6
:10212000384602F04BFD07466D1C11480088854279
:10213000F3DB0F480088F7F743F805462946384691
:10214000F6F724FFFF21BD3108510859094902F073
:102150007BFD03D20849FF20BD30015107B0F0BD1F
:10216000480100200000E440440100204805002010
:10217000460100200000204200007F4310B50446C5
:10218000042221460648FBF742FD0021FF20BB3018
:1021900001551321C943801E0153204610BD000084
:1021A000B4010020012904D10123FF22023213547B
:1021B00003E00023FF2202321354704710B594B09D
:1021C000044600201290139018210CA8F6F738F856
:1021D00001214804F8F790F801218804F8F78CF8F9
:1021E00012A8F8F703F87E201290032110A80173BB
:1021F0000021C1730321417312A90920C006F7F71A
:102200007DFF7E210920C006F7F7EEFF12A8F7F741
:10221000EDFF04201290012110A801730021C17369
:102220000321417312A94B48F7F768FF12A8F7F78B
:10223000DDFF012000031290012110A8017300218D
:10224000C1730321417312A90920C006F7F756FF95
:10225000012109030920C006F7F7C4FF3E48F7F73C
:10226000E5F801214802F8F777F80CA8F7F73FF9ED
:1022700000200C90012108A80175002010901190F9
:102280000CA93548F7F718F90120F7F739F90120BB
:10229000F7F75EF90120F7F747F907222F492E4893
:1022A000F7F797F802212C48F7F7B7F82A48F7F71D
:1022B000CDF801212848F7F798F800BF01212648FA
:1022C000F7F7E2F80028F9D001212348F7F799F849
:1022D0002C2101A8F5F7B4FF01210846F8F70CF806
:1022E0001F48F7F739FD01A8F7F7DAFD1A48403023
:1022F0000190201D029000200390242004900020D3
:1023000005908020069040000790800008902020D3
:10231000099000020A9000200B9001A91048F7F7DD
:102320009FFD012202210E48F7F790FD09200121AF
:1023300081400C4A116000BF01210948F7F7FEFCFB
:102340000548F7F7CFF80848FBF75AFCFC2108517D
:1023500014B010BD00040048002401407E000700B6
:102360000800024000E100E0B40100200022C62184
:102370000A54C7210A54BE210A54C1210A54C22159
:102380000A54C3210A54C4210A54C5210A54BF2146
:102390000A54C0210A54FF210B310A54C91C0A54A3
:1023A000491C0A54491C0A54491C0A54491C0A5421
:1023B000491C0A54C91F0A54491C0A54C91D0A540D
:1023C00070470000014610488078782801DD0F48EA
:1023D00070470D4880786E2801DD0D48F8E70A48FF
:1023E00080785A2801DD0B48F2E7074880784628B4
:1023F00001DD0948ECE704488078322801DD074810
:10240000E6E77D200001E3E7E80200201027000056
:1024100028230000641900007C150000B80B0000A0
:10242000B221095C0C2902D11E21017001E00F21AB
:1024300001707047034600221E2901DD501C82B244
:10244000282901DD501C82B2322901DD501C82B2E4
:102450003C2901DD501C82B2462901DD501C82B2AC
:10246000502901DD501C82B2881800B2704730B587
:1024700002460B460020002109E0CC000C19E418AC
:102480006500141D645B2418A0B24C1CE1B2042941
:10249000F3DB0146C417A40F6418A403200C30BD5D
:1024A000F0B50546059C1878401C18701878A042B5
:1024B00001DB002018701878400011521878671E50
:1024C000B84202D10026965F03E01878401C400015
:1024D000165E881B00B2F0BD10B50446FF21F53131
:1024E0000548FBF775FBCC20015BBC20015303487A
:1024F000F9F7AEFC10BD0000B40100205C0700201D
:10250000F0B58BB00446012109030920C006F7F796
:102510005FFE012801D10BB0F0BDFE48FBF770FB58
:10252000FC210959401AC8287ED3FA48FBF768FBFA
:10253000FC21085100212046FFF799FFC8210853CC
:1025400001212046FFF793FFCA21085302212046AC
:10255000FFF78DFFCC21085303212046FFF787FFAB
:10256000CE21085304212046FFF781FFD0210853D4
:1025700005212046FFF77BFFD22108530621204684
:10258000FFF775FFD421085307212046FFF76FFF9F
:10259000D621085308212046FFF769FFD8210853A8
:1025A000D622115BDC4A528BDC4B5A431046F5F7BE
:1025B00053FE0746F6F7FCFD88210851D821085B39
:1025C000F6F7FEFD089088200159C00602F066FB70
:1025D0000790089902F062FBD1490990F6F7D6FC02
:1025E0000746D049F6F7D2FC94210851D621085B62
:1025F000F6F7E6FD089088200159089802F04EFB96
:102600000746C749F6F7C2FCC6490990F6F7BEFC73
:1026100090210851F422115BDC221059F5F712FECB
:1026200085B2FF20023000E033E3005D002824D1B2
:102630002846F6F7C5FD019088200159019802F05F
:102640002DFB0746F6F778FCB74AB84B039102908A
:10265000F6F74EFB0022B64B05910490F6F79EF874
:102660000022B44B07910690F6F798F8099108906C
:10267000F5F7AAFE9821085102E0AF4998200151D0
:10268000FF200230005D012878D19C20015BFF20F3
:1026900009300153F620005D002824D12846F6F7C2
:1026A0008FFD069088200159A44802F0F7FA0590A2
:1026B000069902F0F3FA07469949F6F767FC99493B
:1026C0000790F6F763FC9E49089002F06BFB0990B7
:1026D000F6F70CFD01B29C200153015F2046FFF785
:1026E000A9FE9C2108539748007D032855D19C20C2
:1026F000015FC8291EDDFF200C30005D642807DA69
:10270000FF200C30005D401CC1B2FF200C30015591
:10271000FF200C30005D052806DD7F219C20015341
:102720000121BF20015509E0FF200930015B9C20F9
:10273000015303E00021FF200C3001559C20015F74
:102740006320C043814220DAFF200D30005D642801
:1027500007DAFF200D30005D401CC1B2FF200D30B4
:102760000155FF200D30005D052808DD7F21C9439C
:102770009C2001530121C02001550EE00AE0FF20FA
:102780000930015B9C20015307E00021FF200D3040
:10279000015502E0FF219C200153F422115BEC2241
:1027A0001059F5F74FFD81B2A6200153FF200330E9
:1027B000005B6549884212D0FF200330005B00288F
:1027C0000DD0FF210331095BA622125B514308465D
:1027D0000A21F5F741FD81B2A820015302E0002152
:1027E000A8200153FF200330005B002822D02046A0
:1027F000FFF7E8FDA821095B88420EDAFF201430BC
:10280000005D401CC1B2FF2014300155005D1E2840
:1028100010DD0121C52001550CE0FF201430005DC2
:10282000002807D0FF201430005D401EC1B2FF20F9
:1028300014300155F422115BF0221059F5F702FD16
:1028400085B22846F6F7BCFC03908820015903980E
:1028500002F024FA0746F6F76FFB3C4A3C4B059121
:102860000490F6F745FA0022314B07910690F5F7F0
:1028700095FF09910890F5F7A7FDAC21085108597B
:10288000344902F00BFA0746F6F756FC81B2B02045
:102890000153D422125B204B5B8B5A431046D62245
:1028A000115BF5F7D9FC1C49098B461A2A484643A7
:1028B000194820304088184A128B811A3046F5F7A3
:1028C000CBFC0646254836187D21C9003046F5F771
:1028D000C3FC01B28C200153A220015BFF20053014
:1028E0000153F720005D002854D1F422115BE4224B
:1028F0001059F5F7A7FC85B22846F6F761FC06905B
:1029000088200159164802F0C9F90590069902F08D
:10291000C5F927E0B4010020A0F7FF1FE40C000078
:1029200000F07F4500007A446666666666661A4077
:1029300000FEAF4000408F40000080BF0000164402
:102940000080884390050020FFFF0000BA490C0278
:102950002B87863F000020418038010090650000F1
:1029600000004843CC490790F6F710FBCB4908908C
:10297000F6F70CFBCA49099002F014FA0746F6F77D
:10298000B5FB01B2A2200153015F2046FFF752FDC3
:10299000A2210853A420015BFF2007300153F92036
:1029A000005D00282BD1F422115BE8221059F5F7C5
:1029B00049FC85B22846F6F703FC069088200159A9
:1029C000B84802F06BF90590069902F067F90746DE
:1029D000B149F6F7DBFAB1490790F6F7D7FAB049F3
:1029E000089002F0DFF90990F6F780FB01B2A4200D
:1029F0000153015F2046FFF71DFDA4210853F42277
:102A0000115BE0221059F5F71DFC85B2BC21095B72
:102A1000681AF6F7CDFB049088200159A24802F00D
:102A20003DF90390049902F039F99B490590F6F7B6
:102A3000ADFA0746F6F780FA9C4A9D4B079106903F
:102A4000F5F7ACFE09910890F6F7CCF801B2A0209A
:102A50000153F820005D002807D1A020015B8C20E5
:102A6000005B081801B29E200153B8221159AC2214
:102A7000105902F06BF90ED2FF201230005D401C9D
:102A8000C1B2FF2012300155005D0A2807DD012187
:102A9000C620015503E00021FF2012300155B42269
:102AA0001159AC22105902F0CFF812D28148C079E6
:102AB00000280ED1FF201330005D401CC1B2FF2062
:102AC00013300155005D4B2807DD0121C72001555A
:102AD00003E00021FF2013300155B220005D1828CB
:102AE00008D1AC210859744902F0AEF802D2012194
:102AF000C7200155CC20015BBC20005B9638814289
:102B00000EDAFF200B30005D401CC1B2FF200B30FD
:102B10000155005D052807DD0121BE20015503E0B8
:102B20000021FF200B300155A220015FC8291EDDC6
:102B3000FF200E30005D642807DAFF200E30005DB4
:102B4000401CC1B2FF200E300155FF200E30005D49
:102B5000052806DD7F21A22001530121C120015556
:102B600009E0FF200530015BA220015303E00021B2
:102B7000FF200E300155A220015F6320C043814237
:102B80001FDAFF200F30005D642807DAFF200F30C6
:102B9000005D401CC1B2FF200F300155FF200F30F7
:102BA000005D052807DD7F21C943A22001530121D3
:102BB000C220015509E0FF200530015BA22001532E
:102BC00003E00021FF200F300155A420015FC82938
:102BD0001EDDFF201030005D642807DAFF20103072
:102BE000005D401CC1B2FF2010300155FF201030A5
:102BF000005D052806DD7F21A42001530121C320AB
:102C0000015509E0FF200730015BA420015303E0D8
:102C10000021FF2010300155A420015F6320C04334
:102C200081421FDAFF201130005D642807DAFF209F
:102C30001130005D401CC1B2FF2011300155FF2052
:102C40001130005D052807DD7F21C943A420015311
:102C50000121C420015509E0FF200730015BA420B9
:102C6000015303E00021FF20113001550021DC2039
:102C70000151E0200151E4200151E8200151EC20F4
:102C80000151F0200151F4200153012108020155A6
:102C900000BF00BF3FE4000000F07F4500007A4421
:102CA00000808843000048430000D0419A999999D8
:102CB00099D94240480300200000404110B5044625
:102CC000042221460E48FAF7A2FF0021F620015502
:102CD000F7200155F8200155F92001552046FFF74E
:102CE00045FB0021982001510548FAF789FFFC2196
:102CF00008510021FF2002300155204610BD000080
:102D0000B40100200246012901D11068704703294F
:102D100001D15068FAE7042901D19068F6E7062945
:102D200001D1D068F2E7072901D11069EEE708293F
:102D300001D15069EAE7092901D19069E6E70A293A
:102D400001D1D069E2E70B2901D1106ADEE70C2935
:102D500001D1506ADAE70D2901D1906AD6E70E2930
:102D600001D1D06AD2E70F2901D1106BCEE710292B
:102D700001D1506BCAE7112901D1906BC6E7132925
:102D800001D1D06BC2E7142901D1106CBEE715291F
:102D900001D1506CBAE7162901D1906CB6E700203A
:102DA000C043B3E710B50446204600F0BDF9204605
:102DB00000F0D0F901212046226800F05FF90321DC
:102DC0002046626800F05AF904212046A26800F00B
:102DD00055F906212046E26800F050F90721204607
:102DE000226900F04BF908212046626900F046F99B
:102DF00009212046A26900F041F90A212046E26932
:102E000000F03CF90B212046226A00F037F90C2132
:102E10002046626A00F032F90D212046A26A00F0D5
:102E20002DF90E212046E26A00F028F90F212046F4
:102E3000226B00F023F910212046626B00F01EF98E
:102E400011212046A26B00F019F913212046E26BF4
:102E500000F014F914212046226C00F00FF915211E
:102E60002046626C00F00AF916212046A26C00F0A0
:102E700005F9204600F052F910BD70B50446012155
:102E8000204600F0D7F80546681C002801D12060D4
:102E900000E025600321204600F0CCF80546681CC0
:102EA000002801D1606000E065600421204600F048
:102EB000C1F80546681C002801D1A06000E0A560AB
:102EC0000621204600F0B6F80546681C002801D10E
:102ED000E06000E0E5600721204600F0ABF8054621
:102EE000681C002801D1206100E0256108212046EE
:102EF00000F0A0F80546681C002801D1606100E0E0
:102F000065610921204600F095F80546681C0028F7
:102F100002D10021A16100E0A5610A21204600F054
:102F200089F80546681C002802D10021E16100E013
:102F3000E5610B21204600F07DF80546681C00285D
:102F400002D10021216200E025620C21204600F020
:102F500071F80546681C002802D10021616200E07A
:102F600065620D21204600F065F80546681C0028C2
:102F700002D10021A16200E0A5620E21204600F0EE
:102F800059F80546681C002802D10021E16200E0E2
:102F9000E5620F21204600F04DF80546681C002828
:102FA00002D10021216300E025631021204600F0BA
:102FB00041F80546681C002802D10021616300E049
:102FC00065631121204600F035F80546681C00288D
:102FD00002D10021A16300E0A5631321204600F087
:102FE00029F80546681C002801D1E06300E0E5638C
:102FF0001421204600F01EF80546681C002801D167
:10300000206400E025641521204600F013F80546F1
:10301000681C002801D1606400E065641621204628
:1030200000F008F80546681C002801D1A06400E003
:10303000A56470BDF8B507460D460D4C11E021465C
:103040000C48F8F7EEF80646701C002801D1401E27
:10305000F8BDAE4204D1211D0648F8F7E2F8F7E7C3
:10306000083405488442EAD30020C043F0E700005A
:1030700000E001089C01002000E8010870B504464A
:103080000D4616460C49E06C884213D30B49E06CA0
:1030900088420FD82A460A48E16CF8F7A1F8E06C9C
:1030A000001DE06432460648E16CF8F799F8E06CE0
:1030B000001DE06470BD000000E00108F8E70108B1
:1030C0009C010020F7B506460D46114C1AE021463A
:1030D0001048F8F7A6F80746781C002811D13046AA
:1030E00000F038F82A4621460A48F8F779F8241DF6
:1030F00021460848029AF8F773F8304600F00EF8B7
:10310000FEBD083404488442E1D300BFF8E7000064
:1031100000E001089C01002000E8010810B5044609
:10312000F6F766FF10BD000070B50546002407E005
:10313000E002064A81180648F8F764F8601CC4B239
:10314000012CF5DB0148E86470BD000000E00108D7
:103150009C01002010B50446F6F7AAFF10BD000040
:1031600010B50446042221460748FAF750FD002016
:1031700005E0002283000549CA50411CC8B20A2854
:10318000F7DB204610BD0000B4010020100700202E
:10319000FEB506465B480078002800D1FEBD00253C
:1031A000A7E0A80034589BE021465748F8F739F8C3
:1031B00001900198401C00287ED1A90030460830BB
:1031C000415820466030814277D9304600F0CEF831
:1031D00000239A1F2146304600F0A2F808344948DF
:1031E000037818222146304600F09AF80834474800
:1031F000837D01222146304600F092F8083443488E
:10320000C37D02222146304600F08AF808343F4848
:10321000032221460368304600F082F808343B4818
:10322000042221468368304600F07AF80834384991
:10323000C86A384901F032FD0090F5F77DFF074676
:103240003B4605222146304600F06AF808343048F3
:103250001E23C35E06222146304600F061F8083482
:103260002B482223C35E28222146304600F058F81E
:10327000083427482423C35E29222146304600F023
:103280004FF808342448437926222146304600F07E
:1032900047F808342149C86BF5F74EFF07463B460F
:1032A0003C222146304600F03BF80834304600F01E
:1032B00049F8A900304601E011E00FE0083041581C
:1032C00020466030814208D8681C022804DAC1B266
:1032D000304600F03DF861E709E05FE707E00834B9
:1032E000A900304608304058A04200D95CE7681C6D
:1032F000C5B2022D00DA54E70021304600F028F86C
:1033000000BF4BE7C00100209C0100209005002079
:10331000540200200000C8420C030020F8040020E2
:10332000F8B507460C4616461D4632462146044867
:10333000F7F756FF2A46211D0148F7F751FFF8BD60
:103340009C01002010B50446F6F752FE10BD0000A7
:1033500070B505460C46022C04DAA0002958024834
:10336000F7F750FF70BD00009C01002010B5044627
:10337000F6F79EFE10BD000010B50446042221465B
:103380000848FAF744FC08482060084860600121BA
:10339000C90220684018A06060684118E1602046BA
:1033A00010BD0000B401002000D0010800D80108C1
:1033B00010B58EB0044600200C900D9009900A9034
:1033C0000B90142104A8F4F73BFF00200190029019
:1033D000039001214804F6F78FFF0121C802F6F798
:1033E000BBFF01210802F6F797FF01218804F6F7D9
:1033F000B3FF052207210920C006F6F7C7FE0CA877
:10340000F6F7F4FE80200C90022108A80175002137
:103410008175032141750CA90920C006F6F76EFEDF
:10342000022208210920C006F6F7B0FE0CA8F6F724
:10343000DDFEFF2001300C90022108A8017500215B
:103440008175032141750CA90920C006F6F756FEC7
:10345000022200218048F6F799FE0CA8F6F7C6FE76
:1034600001200C90022108A801750021817503211B
:1034700041750CA97848F6F741FE022201217648F1
:10348000F6F784FE0CA8F6F7B1FE02200C9002219C
:1034900008A8017500218175032141750CA96E48AA
:1034A000F6F72CFE0CA8F6F7A1FE0120C0020C9046
:1034B000022108A80175C175032141750CA90920D5
:1034C000C006F6F71BFE02220B210920C006F6F704
:1034D0005DFE6248A08109A8F7F7B8FB01216846A4
:1034E0008184A0890A90002168468185C18409A948
:1034F0005B48F7F76DFB04A8F7F734FB60216846DB
:1035000001820121418200218182002006906846CB
:103510008183C18304A95248F7F72CFA04A8F7F76E
:1035200021FB6021684601820021418204218182C1
:1035300000200690002168468183C18304A9484881
:10354000F7F76EFA04A8F7F70DFB602168460182D1
:1035500000214182042181820020069000216846DA
:103560008183C18304A93E48F7F7B0FA04A8F7F7AE
:10357000F9FA60216846018201214182002181829D
:103580000020069068468183C18304A93548F7F777
:10359000F1F901A8F7F7DAF90C21684681800A21D0
:1035A000C18001210181002141810F21818101A977
:1035B0002B48F7F793F9012210212948F7F7CFF9A3
:1035C00001212748F7F758F90E20F7F757FC00219B
:1035D0000E20F7F7A3FC01212148F7F75BF9002142
:1035E0001F48F7F737F909A8F7F730FB2F2168468E
:1035F00081841D480A9000216846818509A91B48DD
:10360000F7F7E6FA04A8F7F7ADFA00216846018259
:10361000418215480E38069004A91448F7F7AAF914
:10362000012202211148F7F79AF901210F48F7F713
:1036300023F91320F7F722FC002120200155212037
:103640000155222001550020A0702074E0712072E5
:1036500060720EB010BD0000000400488305000039
:10366000002C014000480140FEFF00000020004007
:103670000021C17101724172002220210A542121CE
:103680000A5422210A54704770B505460C46002C96
:1036900064D0654800884021084363490880084693
:1036A00000880915084360490880084600884008DA
:1036B000400008805D480088400840005B49088061
:1036C0000920C00600680321890388430921C9062F
:1036D0000860084600680121890308430921C906DA
:1036E000086080210920C006F6F77CFD0920C0068D
:1036F00000680321090488430921C90608600846B7
:1037000000680121090408430921C9060860FF2156
:1037100001310920C006F6F765FD454800688008BC
:103720008000434908600846006802210843404978
:10373000086001213E48F6F755FD3D4800680C2120
:1037400088433B4908600846006808210843384917
:10375000086002213648F6F745FD64E032480088EB
:10376000012108433049088030480088012108437E
:103770002E4908802C480088402188432A49088027
:103780000846008809158843274908800920C00693
:1037900000680321890388430921C9060860084697
:1037A00000680121C90308430921C9060860802176
:1037B0000920C006F6F716FD0920C006006803219F
:1037C000090488430921C9060860084600680121E8
:1037D000490408430921C9060860FF210131092075
:1037E000C006F6F7FFFC1248006880088000104908
:1037F000086008460068012108430D49086001215E
:103800000B48F6F7EFFC0A4800680C21884308498A
:103810000860084600680421084305490860022141
:103820000348F6F7DFFC70BD202C01402048014022
:103830000004004870B504460D460020E073257072
:10384000A07B002800D00025002D06D0E0790028BC
:1038500003D142484079002871D000204049486394
:103860008863C8633F4948633D4820300088402151
:1038700088433B4920310880084600880915884361
:1038800037492031088008460088400840000880F9
:1038900034482030008840084000324920310880F8
:1038A0000920C00600680321890388430921C9064D
:1038B0000860084600680121890308430921C906F8
:1038C000086080210920C006F6F78CFC0920C0069C
:1038D00000680321090488430921C90608600846D5
:1038E00000680121090408430921C9060860FF2175
:1038F00001310920C006F6F775FC1B4800688008F6
:1039000080001949086008460068012108431649EB
:10391000086001211448F6F765FC134800680C2183
:1039200088431149086008460068042108430E498D
:10393000086002210C48F6F755FC0EE0FFE7A0787E
:1039400000280AD10121C9020920C006F6F740FC6F
:10395000064631462046FFF797FE70BD94020020D0
:10396000002C0140004801400004004870B50446A6
:1039700062480078C007C00F00280CD15F4800F0F3
:1039800063FE002807D05E48FAF73AF95D490860FF
:103990005A48C046C0465A48FAF732F959490968A8
:1039A000401AFA2878D35648FAF72AF95549086098
:1039B000207CA070002020745348406B00B26081CE
:1039C000A079002801D060782070E07B002863D1C6
:1039D000A07B0028FBD12078A178451A002D08DDB6
:1039E0002946694308463C21F4F736FC401905B2E4
:1039F00007E02946694308463C21F4F72DFC281AC4
:103A000005B26089401900B260812178A2899300D3
:103A1000D018F4F721FC21780A225143401806B24D
:103A2000FF20F530864200DA06460A20205EB042CA
:103A300000DD66810A20205E002801DA0020608116
:103A40000A21615E3048C06A3238814204D92E486A
:103A5000C06A323800B260810A20205E2A49486379
:103A60000A20205E88630A20205EC8630A20205E48
:103A700026494863207805280FDBA07804280CDA53
:103A80002020005D401CC1B220200155005D14289B
:103A900006DD0120E07103E02FE000212020015528
:103AA000A07804280FDB1848406B00280BD1212098
:103AB000005D401CC1B221200155005D1E2805DDBE
:103AC0000120207202E00021212001552078A178F8
:103AD000C20F1218521091420BDA2220005D401CD6
:103AE000C1B222200155005D282805DD0120607249
:103AF00002E000212220015500BF70BD1801002006
:103B0000B40100201C010020002C014000480140AD
:103B100010B50446042221460648FAF778F800203A
:103B2000E07364206061C820E0610020A07320463B
:103B300010BD0000B401002010B50446207D04280B
:103B400003D1204600F0D0FA10BD207D032820D1FB
:103B500016482221415EFF200B30025F914222DC99
:103B600012482030C07F002804D11048403000782F
:103B7000002801D00120E7E7FF202B30015F801CE7
:103B8000025F891A09481C22825E91420BDB0120E8
:103B9000DAE706482221415EFF200B30025F9142A6
:103BA00001DC0120D0E70020CEE700005402002015
:103BB00005290ADA0175027D032A08D1044A5278E0
:103BC000012A04D00022027501E00022027570472C
:103BD000D4020020022902DD0022427500E0417576
:103BE000704710B50446207D01282BD100200EE03F
:103BF0004200214690318A5A43007839CA52420025
:103C00008C318A5A43007839CA52411CC8B20A28FA
:103C1000EEDB2246A43221469031204600F06EF9B8
:103C2000FF201930015BFF2009300153FF201930BC
:103C3000015BFF202330005B081A01B2FF200B302C
:103C4000015310BD207D02282BD100200EE0420040
:103C5000214668318A5A43005039CA5242006431C1
:103C60008A5A43005039CA52411CC8B20A28EEDBB6
:103C700022467C3221466831204600F03FF9FF2081
:103C80001B30015BFF2009300153FF201B30015B1B
:103C9000FF202530005B081A01B2FF200B300153D2
:103CA000CFE7207D03282BD100200EE042002146E3
:103CB000B8318A5A4300A039CA524200B4318A5AF4
:103CC0004300A039CA52411CC8B20A28EEDB224682
:103CD000CC322146B831204600F010F9FF201D30CB
:103CE000015BFF2009300153FF201D30015BFF20E5
:103CF0002730005B081A01B2FF200B300153A0E708
:103D0000207D04282BD100200EE042002146E03126
:103D10008A5A4300C839CA524200DC318A5A4300E9
:103D2000C839CA52411CC8B20A28EEDB2246F43216
:103D30002146E031204600F0E1F8FF201F30015B12
:103D4000FF2009300153FF201F30015BFF20293085
:103D5000005B081A01B2FF200B30015371E700200D
:103D60000EE04200214640318A5A43002839CA52A7
:103D700042003C318A5A43002839CA52411CC8B219
:103D80000A28EEDB2246543221464031204600F01C
:103D9000B5F8FF201730015BFF2009300153FF20E9
:103DA0001730015BFF202130005B081A01B2FF20B1
:103DB0000B30015300BF44E770B505461148F9F7D1
:103DC00051F91048F9F764F90E48F9F7BBF90024E6
:103DD00007E0A0000C4A11580A48F9F739F8601CAE
:103DE00084B2012040028442F3DB0648F9F7B0F9BF
:103DF0000023012222210348F9F7DCF80148F9F7F2
:103E00002CF970BDD8060020744E0108F8B50D4697
:103E100016461E271320C043854201DA3C2411E0D8
:103E2000142D01DD1E240DE00A2D01DD1E2409E004
:103E30000A21491B2822514308461146F4F70CFA7F
:103E40001E30C4B20B49304600F0FEFE00D21E27E1
:103E50000949304600F0F8FE00D2322707493046C3
:103E600000F0F2FE00D25027BC4201DD2046F8BD32
:103E70003846FCE70000404100003041000020418E
:103E80000146087D032813D10A48C07F00280FD1BE
:103E900008482030007800280AD1064820381C2223
:103EA000825EFF202B30435E9A4201DB0120704787
:103EB0000020FCE77402002070B505460D48F9F7B4
:103EC00031FC0C48F9F744FC0A48F9F79BFC002444
:103ED00007E0A000084A11580648F9F773FB601C78
:103EE00084B2712CF5DB0348F9F792FC0148F9F72D
:103EF00013FC70BD9401002074560108F0B50B4608
:103F0000144600220AE01D88560007461837BD53A4
:103F1000258856001437BD53551CEAB2FF251535C8
:103F20002D5C9542EFDC0021FF2515352A5C0EE063
:103F30004D005D5B560007461837BD534D00655B6D
:103F400056001437BD534D1CE9B2551CEAB20A2A7B
:103F5000EEDBF0BD0246107D042806D1FF200F30B5
:103F6000835E8B4201DC012070470020FCE70000EB
:103F700010B50446607D002805D0207D032802D0BE
:103F8000207D042800D110BD0A48007800280FD0F9
:103F9000607D01280CD1207D022809D00648FDF75C
:103FA00004FD02212046FFF703FE2046FFF719FE1D
:103FB00000BFE8E7840500209008002010B5044603
:103FC000207D042803D1204600F08EF810BD00208B
:103FD000FCE7000070B5054600243E48C078002884
:103FE00000D001243C484078002800D002243A4800
:103FF000C078002800D0022438484078002800D03B
:10400000042435484079002808D0334880780028B7
:1040100004D033480078002800D10224687D0128AC
:1040200004D130484078002800D00324687D02285D
:1040300006D12C480078002802D0002C00D00324A0
:10404000022C01D0032C03D12248FDF7AEFC02E084
:104050002048FDF7A7FC022C1ED101201D49087441
:104060001D488079002806D100212846FFF7A0FDD1
:104070004B20400168601848807901280CD1FF204E
:104080003330405BC1B22846FFF792FDFF2031304C
:10409000405B3C2148436860032C03D10221284641
:1040A000FFF786FD042C03D104212846FFF780FD8D
:1040B000002C02D02846FFF794FD002007494870E5
:1040C00088700549C8700871487006494870887042
:1040D000204670BD90080020700500206C01002073
:1040E000C00100208405002001461548C079002841
:1040F00011D014482222825EFF200D30435E9A4286
:104100001BDA0F480822825EFF201330435E9A427A
:1041100013DA012070470B482222825EFF200B3009
:10412000435E9A4209DA06480822825EFF20113077
:10413000435E9A4201DA0120ECE70020EAE7000042
:104140009008002054020020014600201B4A1279EA
:10415000002A00D001201A4A5278002A00D00220FA
:10416000174A1279002A00D00220164A9278002AB3
:1041700000D004200A7D022A04D1134A9278002A32
:1041800000D00320114A1278002A00D004200A7DB2
:10419000022A07D04A68002A04D04B680A689A426B
:1041A00000D905200022074B5A70054BDA701A71AE
:1041B0005A70054B5A709A707047000090080020A2
:1041C000700500206C01002084050020C001002043
:1041D000F8B504460D46E5750020A0600A49C86898
:1041E0000A4900F05BFD0746F4F7A6FF06460848BB
:1041F000C07800900748027907480178334607489D
:10420000F8F724FFF8BD00002C0300200000C8428E
:104210004C01002048030020E8020020D8060020BE
:10422000704770B504460E461546A67529462046C9
:10423000FFF7CEFF0120E07470BD000010B504460A
:1042400004222146BD48F9F7E2FC0020A0750320B6
:10425000E075BA48F9F7D4FCE0604B20400160609B
:104260001421FF20213001531E21801C01531421F1
:10427000801C0153801C0153801C01535221FF20DC
:104280000D3001535A21801C01534621801C0153DB
:104290005221801C01535021001D01535521001D46
:1042A00001534621801E01535A21001D0153801CD9
:1042B00001531621FF202B3001530321801C015391
:1042C0000021FF20153001550921401C01551B21FB
:1042D000902001530021A42001531B21922001535F
:1042E0000221A62001531B21942001530421A82060
:1042F00001531B21962001530621AA2001531B21A3
:10430000982001530821AC2001531B219A2001530E
:104310001121AE2001531C219C2001531321B020F8
:1043200001531D219E2001531521B22001531E214E
:10433000A02001531721B42001531F21A2200153B3
:104340001921B620015304216820015300217C204B
:10435000015306216A20015302217E2001530821C6
:104360006C2001530421802001530A216E20015347
:104370000621822001530C21702001530821842042
:1043800001530E21722001530A218620015310216E
:10439000742001530C2188200153122176200153EF
:1043A0000E218A20015314217820015310218C20E2
:1043B000015316217A20015312218E20015304212A
:1043C0004020015300215420015306214220015373
:1043D0000221562001530821442001530421582072
:1043E00001530A214620015306215A2001530C2172
:1043F0004820015308215C2001530E214A2001531B
:104400000A215E20015310214C2001530C21602011
:10441000015312214E2001530E2162200153142119
:1044200050200153102164200153162152200153C2
:104430001221662001530621B82001530021CC200F
:1044400001530921BA2001530321CE2001530C212D
:10445000BC2001530621D02001530F21BE2001535F
:104460000921D22001531221C02001530C21D42054
:1044700001531521C22001530F21D62001531821C9
:10448000C42001531221D82001531B21C6200153FF
:104490001521DA2001531E21C82001531821DC20E8
:1044A00001532121CA2001531B21DE200153062183
:1044B000E02001530021F42001530921E22001539F
:1044C0000321F62001530C21E42001530621F8209A
:1044D00001530F21E62001530921FA200153122133
:1044E000E82001530C21FC2001531521EA2001533F
:1044F0000F21FE2001531821EC2001531221FF202F
:10450000013001531B21EE2001531521FF20033000
:1045100001531E21F02001531821FF2005300153C3
:104520002121F22001531B21FF20073001530021DC
:10453000FF2048300155204610BD0000B401002086
:104540000021017041708170704700002A492222C9
:104550008A5E662A03DC24228A5E662A01DD012146
:1045600081702649C97D00293AD0234922228A5EDA
:10457000142A03DC24228A5E142A25DD20490978C6
:10458000491C1F4A1170114609780A2933DB0021A2
:104590001170194922228A5E1A49098810318A420B
:1045A00007DC154924228A5E1749098810318A429E
:1045B00001DD012141701049498C124A11800E49D8
:1045C000898C114A118016E000210D4A11700A49A8
:1045D000498C0C4A11800849898C0B4A11800AE0E9
:1045E0000021074A11700449498C064A118002498A
:1045F000898C054A11807047540200202C0300204A
:10460000380100203A0100203C01002010B504468A
:10461000042221460448F9F7FAFA0020207060705D
:10462000A070204610BD0000B401002030B47446D4
:10463000641E2578641CAB4204D3635D5B00E31801
:1046400030BC18471D46F8E70168002901D000205A
:1046500070470121016008467047000010B502480C
:10466000F8F75CF810BD00005C07002010B50248A8
:10467000F6F74CFF10BD00008405002000B502488D
:10468000F9F750FC00BD0000C001002000B5024851
:10469000FAF7BEFA00BD00008001002000B5024814
:1046A000FAF78EFC00BD00007E01002000B5024834
:1046B000FAF7FAFC00BD0000F006002000B5024841
:1046C000FAF756FE00BD00007D01002000B502484B
:1046D000FAF70EFF00BD00008401002000B502487B
:1046E000FBF75EFC00BD00007F01002000B5024822
:1046F000FBF7AAFD00BD00007C01002000B50248C8
:10470000FDF7C0F900BD00009008002010B5024878
:10471000FFF77CFF10BD00005803002010B50248D1
:10472000FEF71EFD10BD0000FC06002010B502487B
:10473000FEF722FE10BD00004C07002010B5024815
:10474000F8F76EFD10BD0000D806002010B5024835
:10475000F8F704FA10BD00002C03002010B5024841
:10476000F8F75EFB10BD00004803002010B50248BA
:10477000FDF704FD10BD00007803002010B50248CD
:10478000F8F728FE10BD00007005002000B50248B3
:10479000F6F74AFD00BD00009C01002010B502485C
:1047A000F8F700FF10BD00006C01002000B50248C2
:1047B000F9F782F800BD00009401002010B502480E
:1047C000FEF77CFA10BD0000D401002000B50248BD
:1047D000F9F768F900BD00006C07002010B5024829
:1047E000FFF796F910BD0000E802002000B502486E
:1047F000FAF7ECF800BD0000B101002000B5024856
:10480000F9F70EFA00BD0000B401002010B502480F
:10481000F6F7D4FC10BD00004C01002010B5024892
:10482000F7F764F810BD00000C03002010B5024833
:10483000F6F7CEFD10BD00007A05002000B5024855
:10484000F6F710FE00BD00001501002010B502486B
:10485000FFF7F4FC10BD000090050020FF21F531AA
:104860008248F9F7B5F972B6F5F7FCFE7F48F9F71B
:1048700095F9F6F7CBFB7D48F9F71EF97C48FDF773
:104880009DFC7C48F9F71AF87B48F6F7B2FC7B48A8
:10489000F7F7FEFB7A48FEF78BFD7A48F8F722FA25
:1048A0007948F7F753FF7948F6F7CCFB7848F6F7E5
:1048B000BDFC7848F8F7C0FC7748FDF7F3F8764878
:1048C000FDF78AF92D217048F8F702F900216D48AB
:1048D000F8F7B0F962B67148F8F7FAFB002802D190
:1048E0006F48FFF769FA6F48F8F752FF002802D1C6
:1048F0006B48FFF7E1FA7D21C9005C48F9F768F9D8
:104900006948FEF7BAFA05216748FEF793FB0446AB
:10491000002C0AD0601C002807D06348C068401CE7
:104920006149C8600846FEF73DFA5D4B54331A46AC
:10493000143A00215B48F8F771FE594BA4331A462C
:10494000143A01215748F8F769FE554B7C331A4653
:10495000143A02215348F8F761FE514BCC331A4602
:10496000143A03214F48F8F759FE4D4BF4331A46D9
:10497000143A04214B48F8F751FE00214848FFF74C
:1049800017F94748FFF72DF9032200214448FFF7A4
:1049900048FC0C213648A0308174444920384163DA
:1049A0008321C905816360E0F5F744FC3048FDF7D9
:1049B000A7FD3348FEF7DAFF3348F8F77FF82C48B5
:1049C0008030C16A2F48F8F71FFA3048F6F794FB99
:1049D000274880302221415E2D48F6F76FFC34488D
:1049E000F9F77CF93348F6F72DFF2B48FDF7A6FAC7
:1049F0003148FCF7DDFF3148F8F792FD2548F8F71C
:104A000065FC2F48F6F732FD2548FFF709FC2D48D5
:104A1000FBF7C8FA2C48FAF74FFB2C48FAF7FAF8DC
:104A20002B48FAF77FFD2B48F9F7D2FF2A48FAF70F
:104A3000A1FC2A48FAF7C6FA2948F8F74DFD0C48B8
:104A40008030808F274988420FD12748007800287E
:104A50000BD10648F9F7D4F82449884205D901203A
:104A6000214908700248FDF737FD9DE7B401002099
:104A7000D40100206C0700209C0100205C0700206E
:104A8000E8020020480300202C0300204C010020F5
:104A90007A0500207005002078030020D806002049
:104AA0009005002094010020FC0600200000184121
:104AB000C00100200C030020900800206C010020A1
:104AC000840500207C0100207D0100207E01002063
:104AD0007F0100208001002084010020F0060020DA
:104AE000A4080020470200001401002088130000E1
:104AF00070B501250C002D051C4310D4EC4206D4E2
:104B0000AC420AD4994200D070BD904270BDE942D7
:104B100017D4EB4215D4994270BD894270BDEC4266
:104B200006D5AC42F9D58B4200D070BD824270BD33
:104B30006D004C00EC4204D25C00EC4201D28B428E
:104B400070BD034C30B4F4F73FFB30BC70BD00BF08
:104B50001900160470B501251C002D050C4310D456
:104B6000EC4206D4AC420AD48B4200D070BD8242E3
:104B700070BDEB4217D4E94215D48B4270BD9B4205
:104B800070BDEC4206D5AC42F9D5994200D070BD5B
:104B9000904270BD6D005C00EC4204D24C00EC42CF
:104BA00001D2994270BD0FB4034C0CBC03BC30B4AD
:104BB000F4F70AFB30BC70BD1900160470B501256E
:104BC0000400ED074C4020D4441A01D2001B0919FF
:104BD000C60D4B00F2B2FF2A29D01B0E2CD00002CA
:104BE0000C02D31A2C43DC402843051910D2280AA2
:104BF00002D3401C6D0611D0761EF6058019FF2ADF
:104C000000DA70BDC00DC00570BD694000F0D0F87D
:104C100001200543C541521C761CE8E764089C400E
:104C2000C90161408900E7D10124A043E4E71B0EDC
:104C3000440200D0034870BD002AFCD1C00FC00759
:104C400070BD00BF0000C07F01230200DB050A43E6
:104C50000DD4DA4203D49A4207D488427047D8422E
:104C600014D4D94212D48842704780427047DA4245
:104C700003D59A42F9D5814270475B004200DA427F
:104C800004D24A00DA4201D28142704710B5024A8A
:104C9000F4F7E2FA10BD00BF0900160470B5420037
:104CA00064414B005C41120E39D01B0E38D0FF2AF4
:104CB0003CD0FF2B3AD040024902400A490A060084
:104CC00045184E43000A090AD2184843ED017F3ABD
:104CD0000104731A4019190C4318990F04D00121CB
:104CE0005B0849075B1A521CD80904D3401CF50322
:104CF00001D19D0607D0FF2A08D2D50506D0E407CA
:104D00002043401970BD0125A843F4E7002A01DCC7
:104D1000E00770BD2402FF202043C00570BD1B0EBC
:104D2000FF2A03D0FF2B01D0E00770BDFF2645000E
:104D30003606B54206D84D00B54203D8D218FF2A30
:104D400000D0E7E7004870BD0000C07F01230A00E3
:104D5000DB0502430DD4DA4203D49A4207D48142E0
:104D60007047D94214D4D84212D481427047894244
:104D70007047DA4203D59A42F9D5884270475B0002
:104D80004A00DA4204D24200DA4201D28842704735
:104D90004840414010B5024A4840F4F75DFA10BD62
:104DA0000900160470B501250400ED074C4022D41B
:104DB000441A02D26C40001B0919C60D4B00F2B216
:104DC000FF2A4BD01B0E50D000020C02D31A2C43EA
:104DD000DC40A843051B05D5AD0019D36D08761E30
:104DE000521E37D0F605280A01D2801970BD7041D5
:104DF0006D0603D070BD6940FFF7E6FE9C400902D6
:104E00006140490001D0401E70BD0124A04370BD27
:104E10006D081DD001202B0C01D12D0410302B0E5C
:104E200001D12D0208302B0F01D12D01001DAB0F38
:104E300001D1AD00801CEB0F01D16D00401C6D0055
:104E4000361A121A680AF5054019012A02DB70BDEC
:104E5000002070BDC036300AC00770BD1B0E440272
:104E600001D1FF2B00D1024870BD002AF0D070BDE7
:104E70000000C07FFEFFFFFF0003000005000000F0
:104E8000000000000A00000064000000FEFFFFFFB9
:104E9000020300000000000000000000FEFFFFFF12
:104EA000010300000000000000000000FEFFFFFF03
:104EB000030300000000000000000000FEFFFFFFF1
:104EC000000001000500000000000000FEFFFFFFE1
:104ED000020001000000000000000000FEFFFFFFD4
:104EE000010001000000000000000000FEFFFFFFC5
:104EF000030001000000000000000000FEFFFFFFB3
:104F00000001010003000000460000000A0000004C
:104F1000460000000F00000014000000FEFFFFFF2D
:104F2000020101000000000000000000FEFFFFFF82
:104F3000010101000000000000000000FEFFFFFF73
:104F4000030101000000000000000000FEFFFFFF61
:104F5000000401000500000000000000FEFFFFFF4C
:104F6000020401000000000000000000FEFFFFFF3F
:104F7000010401000000000000000000FEFFFFFF30
:104F8000030401000000000001000000FEFFFFFF1D
:104F900000000200050000000E000000FEFFFFFF01
:104FA000020002000500000064000000FEFFFFFF99
:104FB000010002000000000000000000FEFFFFFFF3
:104FC000030002000000000001000000FEFFFFFFE0
:104FD00000010200000000000E0000000A000000B6
:104FE0001B0000005F00000023000000FEFFFFFF29
:104FF000020102000500000064000000FEFFFFFF48
:105000000101020000000000000000000400000098
:105010000000000005000000DC00000008000000A7
:10502000DC0000000E0000007800000028000000F6
:10503000780000003C000000C8000000FEFFFFFFF9
:10504000030102000000000001000000FEFFFFFF5E
:10505000000202000A00000037000000FEFFFFFF10
:10506000020202000500000064000000FEFFFFFFD6
:10507000010202000000000000000000FEFFFFFF30
:10508000030202000000000001000000FEFFFFFF1D
:1050900000030200000000000E0000000A000000F3
:1050A0001B000000280000001B0000003C00000066
:1050B0003F000000FEFFFFFF0203020005000000AA
:1050C00064000000FEFFFFFF01030200000000007B
:1050D00000000000040000000000000005000000C7
:1050E0005000000028000000500000003C000000BC
:1050F000C8000000FEFFFFFF0303020000000000E5
:1051000001000000FEFFFFFF000402001400000089
:105110003F000000FEFFFFFF020402000A00000043
:1051200000000000FEFFFFFF010402000A00000073
:10513000C8000000FEFFFFFF030402001E00000085
:1051400001000000FEFFFFFF000502000A00000052
:1051500064000000FEFFFFFF0205020000000000E7
:1051600000000000FEFFFFFF01050200000000003C
:1051700000000000FEFFFFFF03050200000000002A
:1051800001000000FEFFFFFF000602000A00000011
:1051900064000000FEFFFFFF0206020000000000A6
:1051A00000000000FEFFFFFF0106020000000000FB
:1051B00000000000FEFFFFFF0306020000000000E9
:1051C00001000000FEFFFFFF00320300140000009A
:1051D0003F000000FEFFFFFF02320300000000005E
:1051E00000000000FEFFFFFF01320300140000007A
:1051F000C8000000FEFFFFFF0332030014000000A0
:1052000001000000FEFFFFFF003303001400000058
:1052100046000000FEFFFFFF023303000000000015
:1052200000000000FEFFFFFF013303001400000038
:105230000E010000FEFFFFFF033303001400000017
:1052400001000000FEFFFFFF003403001400000017
:105250004B000000FEFFFFFF0234030000000000CF
:1052600000000000FEFFFFFF0134030014000000F7
:1052700040010000FEFFFFFF0334030014000000A4
:1052800001000000FEFFFFFF0035030014000000D6
:1052900055000000FEFFFFFF023503000000000084
:1052A00000000000FEFFFFFF0135030014000000B6
:1052B0007C010000FEFFFFFF033503001400000027
:1052C00001000000FEFFFFFF003603001400000095
:1052D0005A000000FEFFFFFF02360300000000003E
:1052E00000000000FEFFFFFF013603001400000075
:1052F000A4010000FEFFFFFF0336030014000000BE
:1053000001000000FEFFFFFF003703001400000053
:105310005F000000FEFFFFFF0237030000000000F7
:1053200000000000FEFFFFFF013703001400000033
:10533000CC010000FEFFFFFF033703001400000054
:1053400001000000FEFFFFFF003803001400000012
:105350006E000000FEFFFFFF0238030000000000A7
:1053600000000000FEFFFFFF0138030014000000F2
:105370001C020000FEFFFFFF0338030014000000C2
:1053800001000000FEFFFFFF0039030014000000D1
:1053900078000000FEFFFFFF02390300000000005C
:1053A00000000000FEFFFFFF0139030014000000B1
:1053B00058020000FEFFFFFF033903001400000045
:1053C00001000000FEFFFFFF003A03001400000090
:1053D00082000000FEFFFFFF023A03000000000011
:1053E00000000000FEFFFFFF013A03001400000070
:1053F00094020000FEFFFFFF033A030014000000C8
:1054000001000000FEFFFFFF003B0300140000004E
:1054100096000000FEFFFFFF023B030000000000BB
:1054200000000000FEFFFFFF013B0300140000002E
:10543000EE020000FEFFFFFF033B0300140000002C
:1054400001000000FEFFFFFF001603001E00000029
:1054500037000000FEFFFFFF021603000A000000F5
:1054600000000000FEFFFFFF011603000000000027
:1054700000000000FEFFFFFF031603000000000015
:1054800001000000FEFFFFFF001C03001E000000E3
:1054900037000000FEFFFFFF021C03000A000000AF
:1054A000640000003C0000006400000046000000B2
:1054B00000000000FEFFFFFF011C03000F000000C2
:1054C00000000000FEFFFFFF031C030000000000BF
:1054D00001000000FEFFFFFF001E030000000000AF
:1054E00000000000FEFFFFFF021E0300000000009E
:1054F00000000000FEFFFFFF011E0300000000008F
:1055000000000000FEFFFFFF031E0300000000007C
:1055100001000000FEFFFFFF000004001E0000006D
:10552000370000005A000000370000006E00000045
:105530005A000000FEFFFFFF020004000A00000006
:10554000640000003C000000640000004600000011
:1055500000000000FEFFFFFF010004001E0000002D
:1055600000000000FEFFFFFF030004001E0000001B
:1055700001000000FEFFFFFF000104000A00000020
:1055800082000000FEFFFFFF020104000000000097
:1055900000000000FEFFFFFF01010400000000000A
:1055A00000000000FEFFFFFF0301040000000000F8
:1055B00001000000FEFFFFFF000204001E000000CB
:1055C000370000005A000000370000006E000000A5
:1055D0005A000000FEFFFFFF020204000A00000064
:1055E000640000003C000000640000004600000071
:1055F00000000000FEFFFFFF0102040000000000A9
:1056000000000000FEFFFFFF030204001E00000078
:1056100001000000FEFFFFFF000404001E00000068
:10562000370000005A000000370000006E00000044
:105630005A000000FEFFFFFF020404000A00000001
:10564000640000003C000000640000004600000010
:1056500000000000FEFFFFFF010404000000000046
:1056600000000000FEFFFFFF030404001E00000016
:1056700001000000FEFFFFFFFF0000000A00000025
:10568000FEFFFFFF010000001B0000000000000003
:105690001B000000020000001B00000004000000CE
:1056A0001B000000060000001B00000008000000B6
:1056B0001B000000110000001C000000130000008F
:1056C0001D000000150000001E0000001700000073
:1056D0001F00000019000000FEFFFFFF0200000095
:1056E00004000000000000000600000002000000AE
:1056F00008000000040000000A000000060000008E
:105700000C000000080000000E0000000A0000006D
:10571000100000000C000000120000000E0000004D
:10572000140000001000000016000000120000002D
:10573000FEFFFFFF0000000004000000000000006A
:105740000600000002000000080000000400000045
:105750000A000000060000000C0000000800000025
:105760000E0000000A000000100000000C00000005
:10577000120000000E0000001400000010000000E5
:105780001600000012000000FEFFFFFF03000000F3
:1057900006000000000000000900000003000000F7
:1057A0000C000000060000000F00000009000000CF
:1057B000120000000C000000150000000F000000A7
:1057C00018000000120000001B000000150000007F
:1057D0001E00000018000000210000001B00000057
:1057E000FEFFFFFF040000000600000000000000B4
:1057F00009000000030000000C000000060000008B
:105800000F00000009000000120000000C00000062
:10581000150000000F00000018000000120000003A
:105820001B000000150000001E0000001800000012
:10583000210000001B00000080807F7E7D7C7B7A41
:105840007978777676757473727171706F6E6E6D2C
:105850006C6C6B6A6A6968686766666564646363D2
:1058600062616160605F5F5E5E5D5D5C5C5B5B5A58
:105870005A595958585757565655555554545353C5
:1058800052525251515050504F4F4F4E4E4D4D4D20
:105890004C4C4C4B4B4B4A4A4A494949484848476B
:1058A00047474746464645454544444444434343A9
:1058B00043424242424141418182838485868788B6
:1058C000898B8C8D8E8F919293959697999A9C9DAA
:1058D0009FA0A2A3A5A7A8AAACAEB0B2B3B5B7B912
:1058E000BCBEC0C2C5C7C9CCCED1D4D7D9DCDFE2DB
:1058F000E6E9ECF0F3F7FAFE0CC001080001002025
:10590000B400000000810008C0C00108B4010020FC
:10591000640D00001C810008E5EEFFFF61EDFFFF54
:105920001DEFFFFF99EEFFFFB5EEFFFFF1EEFFFF6A
:105930001DEEFFFF29EEFFFFD5EDFFFF31EEFFFF6C
:10594000CDEEFFFF39EEFFFFE5EEFFFF21EDFFFF9C
:105950004DEEFFFFF9EEFFFF95EDFFFF61EDFFFF5D
:10596000DDEDFFFF39EDFFFF75EDFFFF21EDFFFFDF
:105970005DEDFFFF39EDFFFFA5EDFFFFB1EDFFFF8F
:10598000DDECFFFF29EEFFFF05EEFFFF41EEFFFF1D
:105990006DEDFFFF59EEFFFF00000000000000006A
:1059A00000000000000000000000000000000000F7
:1059B00000000000000000000000000000000000E7
:1059C00000000000000000000000000000000000D7
:1059D00000000000000000000000000000000000C7
:1059E00000000000000000000000000000000000B7
:1059F00000000000000000000000000000000000A7
:105A00000000000000000000000000000000000096
:105A10000000000000000000000000000000000086
:105A20000000000000000000000000000000000076
:105A30000000000000000000000000000000000066
:105A40000000000000000000000000000000000056
:105A50000000000000000000000000000000000046
:105A60000000000000000000000000000000000036
:105A70000000000000000000000000000000000026
:105A80000000000000000000000000000000000016
:105A90000000000000000000000000000000000006
:105AA00000000000000000000000000000000000F6
:105AB00000000000000000000000000000000000E6
:105AC00000000000000000000000000000000000D6
:105AD00000000000000000000000000000000000C6
:105AE00000000000000000000000000000000000B6
:105AF00000000000000000000000000000000000A6
:105B00000000000000000000000000000000000095
:105B10000000000000000000000000000000000085
:105B20000000000000000000000000000000000075
:105B30000000000000000000000000000000000065
:105B40000000000000000000000000000000000055
:105B50000000000000000000000000000000000045
:105B60000000000000000000000000000000000035
:105B70000000000000000000000000000000000025
:105B80000000000000000000000000000000000015
:105B90000000000000000000000000000000000005
:105BA00000000000000000000000000000000000F5
:105BB00000000000000000000000000000000000E5
:105BC00000000000000000000000000000000000D5
:105BD00000000000000000000000000000000000C5
:105BE00000000000000000000000000000000000B5
:105BF00000000000000000000000000000000000A5
:105C00000000000000000000000000000000000094
:105C10000000000000000000000000000000000084
:105C20000000000000000000000000000000000074
:105C30000000000000000000000000000000000064
:105C40000000000000000000000000000000000054
:105C50000000000000000000000000000000000044
:105C60000000000000000000000000000000000034
:105C70000000000000000000000000000000000024
:105C80000000000000000000000000000000000014
:105C90000000000000000000000000000000000004
:105CA00000000000000000000000000000000000F4
:105CB00000000000000000000000000000000000E4
:105CC00000000000000000000000000000000000D4
:105CD00000000000000000000000000000000000C4
:105CE00000000000000000000000000000000000B4
:105CF00000000000000000000000000000000000A4
:105D00000000000000000000000000000000000093
:105D10000000000000000000000000000000000083
:105D20000000000000000000000000000000000073
:105D30000000000000000000000000000000000063
:105D40000000000000000000000000000000000053
:105D50000000000000000000000000000000000043
:105D60000000000000000000000000000000000033
:105D70000000000000000000000000000000000023
:105D80000000000000000000000000000000000013
:105D90000000000000000000000000000000000003
:105DA00000000000000000000000000000000000F3
:105DB00000000000000000000000000000000000E3
:105DC00000000000000000000000000000000000D3
:105DD00000000000000000000000000000000000C3
:105DE00000000000000000000000000000000000B3
:105DF00000000000000000000000000000000000A3
:105E00000000000000000000000000000000000092
:105E10000000000000000000000000000000000082
:105E20000000000000000000000000000000000072
:105E30000000000000000000000000000000000062
:105E40000000000000000000000000000000000052
:105E50000000000000000000000000000000000042
:105E60000000000000000000000000000000000032
:105E70000000000000000000000000000000000022
:105E80000000000000000000000000000000000012
:105E90000000000000000000000000000000000002
:105EA00000000000000000000000000000000000F2
:105EB00000000000000000000000000000000000E2
:105EC00000000000000000000000000000000000D2
:105ED00000000000000000000000000000000000C2
:105EE00000000000000000000000000000000000B2
:105EF00000000000000000000000000000000000A2
:105F00000000000000000000000000000000000091
:105F10000000000000000000000000000000000081
:105F20000000000000000000000000000000000071
:105F30000000000000000000000000000000000061
:105F40000000000000000000000000000000000051
:105F50000000000000000000000000000000000041
:105F60000000000000000000000000000000000031
:105F70000000000000000000000000000000000021
:105F80000000000000000000000000000000000011
:105F90000000000000000000000000000000000001
:105FA00000000000000000000000000000000000F1
:105FB00000000000000000000000000000000000E1
:105FC00000000000000000000000000000000000D1
:105FD00000000000000000000000000000000000C1
:105FE00000000000000000000000000000000000B1
:105FF00000000000000000000000000000000000A1
:106000000000000000000000000000000000000090
:106010000000000000000000000000000000000080
:106020000000000000000000000000000000000070
:106030000000000000000000000000000000000060
:106040000000000000000000000000000000000050
:106050000000000000000000000000000000000040
:106060000000000000000000000000000000000030
:106070000000000000000000000000000000000020
:106080000000000000000000000000000000000010
:106090000000000000000000000000000000000000
:1060A00000000000000000000000000000000000F0
:1060B00000000000000000000000000000000000E0
:1060C00000000000000000000000000000000000D0
:1060D00000000000000000000000000000000000C0
:1060E00000000000000000000000000000000000B0
:1060F00000000000000000000000000000000000A0
:10610000000000000000000000000000000000008F
:10611000000000000000000000000000000000007F
:10612000000000000000000000000000000000006F
:10613000000000000000000000000000000000005F
:10614000000000000000000000000000000000004F
:10615000000000000000000000000000000000003F
:10616000000000000000000000000000000000002F
:10617000000000000000000000000000000000001F
:10618000000000000000000000000000000000000F
:1061900000000000000000000000000000000000FF
:1061A00000000000000000000000000000000000EF
:1061B00000000000000000000000000000000000DF
:1061C00000000000000000000000000000000000CF
:1061D00000000000000000000000000000000000BF
:1061E00000000000000000000000000000000000AF
:1061F000000000000000000000000000000000009F
:10620000000000000000000000000000000000008E
:10621000000000000000000000000000000000007E
:10622000000000000000000000000000000000006E
:10623000000000000000000000000000000000005E
:10624000000000000000000000000000000000004E
:10625000000000000000000000000000000000003E
:10626000000000000000000000000000000000002E
:10627000000000000000000000000000000000001E
:10628000000000000000000000000000000000000E
:1062900000000000000000000000000000000000FE
:1062A00000000000000000000000000000000000EE
:1062B00000000000000000000000000000000000DE
:1062C00000000000000000000000000000000000CE
:1062D00000000000000000000000000000000000BE
:1062E00000000000000000000000000000000000AE
:1062F000000000000000000000000000000000009E
:10630000000000000000000000000000000000008D
:10631000000000000000000000000000000000007D
:10632000000000000000000000000000000000006D
:10633000000000000000000000000000000000005D
:10634000000000000000000000000000000000004D
:10635000000000000000000000000000000000003D
:10636000000000000000000000000000000000002D
:10637000000000000000000000000000000000001D
:10638000000000000000000000000000000000000D
:1063900000000000000000000000000000000000FD
:1063A00000000000000000000000000000000000ED
:1063B00000000000000000000000000000000000DD
:1063C00000000000000000000000000000000000CD
:1063D00000000000000000000000000000000000BD
:1063E00000000000000000000000000000000000AD
:1063F000000000000000000000000000000000009D
:10640000000000000000000000000000000000008C
:10641000000000000000000000000000000000007C
:10642000000000000000000000000000000000006C
:10643000000000000000000000000000000000005C
:10644000000000000000000000000000000000004C
:10645000000000000000000000000000000000003C
:10646000000000000000000000000000000000002C
:10647000000000000000000000000000000000001C
:10648000000000000000000000000000000000000C
:1064900000000000000000000000000000000000FC
:1064A00000000000000000000000000000000000EC
:1064B00000000000000000000000000000000000DC
:1064C00000000000000000000000000000000000CC
:1064D00000000000000000000000000000000000BC
:1064E00000000000000000000000000000000000AC
:1064F000000000000000000000000000000000009C
:10650000000000000000000000000000000000008B
:10651000000000000000000000000000000000007B
:10652000000000000000000000000000000000006B
:10653000000000000000000000000000000000005B
:10654000000000000000000000000000000000004B
:10655000000000000000000000000000000000003B
:10656000000000000000000000000000000000002B
:10657000000000000000000000000000000000001B
:10658000000000000000000000000000000000000B
:1065900000000000000000000000000000000000FB
:1065A00000000000000000000000000000000000EB
:1065B00000000000000000000000000000000000DB
:1065C00000000000000000000000000000000000CB
:1065D00000000000000000000000000000000000BB
:1065E00000000000000000000000000000000000AB
:1065F000000000000000000000000000000000009B
:10660000000000000000000000000000000000008A
:10661000000000000000000000000000000000007A
:10662000000000000000000000000000000000006A
:10663000000000000000000000000000000000005A
:10664000000000000000000000000000000000004A
:10665000000000000000000000000000000000003A
:10666000000000000000000000000000000000002A
:10667000000000000000000000000000000000001A
:10668000000000000000000000000000000000000A
:1066900000000000000000000000000000000000FA
:1066A00000000000000000000000000000000000EA
:1066B00000000000000000000000000000000000DA
:1066C00000000000000000000000000000000000CA
:1066D00000000000000000000000000000000000BA
:1066E00000000000000000000000000000000000AA
:1066F000000000000000000000000000000000009A
:106700000000000000000000000000000000000089
:106710000000000000000000000000000000000079
:106720000000000000000000000000000000000069
:106730000000000000000000000000000000000059
:106740000000000000000000000000000000000049
:106750000000000000000000000000000000000039
:106760000000000000000000000000000000000029
:106770000000000000000000000000000000000019
:106780000000000000000000000000000000000009
:1067900000000000000000000000000000000000F9
:1067A00000000000000000000000000000000000E9
:1067B00000000000000000000000000000000000D9
:1067C00000000000000000000000000000000000C9
:1067D00000000000000000000000000000000000B9
:1067E00000000000000000000000000000000000A9
:1067F0000000000000000000000000000000000099
:106800000000000000000000000000000000000088
:106810000000000000000000000000000000000078
:106820000000000000000000000000000000000068
:106830000000000000000000000000000000000058
:106840000000000000000000000000000000000048
:106850000000000000000000000000000000000038
:106860000000000000000000000000000000000028
:106870000000000000000000000000000000000018
:106880000000000000000000000000000000000008
:1068900000000000000000000000000000000000F8
:1068A00000000000000000000000000000000000E8
:1068B00000000000000000000000000000000000D8
:1068C00000000000000000000000000000000000C8
:1068D00000000000000000000000000000000000B8
:1068E00000000000000000000000000000000000A8
:1068F0000000000000000000000000000000000098
:106900000000000000000000000000000000000087
:106910000000000000000000000000000000000077
:106920000000000000000000000000000000000067
:106930000000000000000000000000000000000057
:106940000000000000000000000000000000000047
:106950000000000000000000000000000000000037
:106960000000000000000000000000000000000027
:106970000000000000000000000000000000000017
:106980000000000000000000000000000000000007
:1069900000000000000000000000000000000000F7
:1069A00000000000000000000000000000000000E7
:1069B00000000000000000000000000000000000D7
:1069C00000000000000000000000000000000000C7
:1069D00000000000000000000000000000000000B7
:1069E00000000000000000000000000000000000A7
:1069F0000000000000000000000000000000000097
:106A00000000000000000000000000000000000086
:106A10000000000000000000000000000000000076
:106A20000000000000000000000000000000000066
:106A30000000000000000000000000000000000056
:106A40000000000000000000000000000000000046
:106A50000000000000000000000000000000000036
:106A60000000000000000000000000000000000026
:106A70000000000000000000000000000000000016
:106A80000000000000000000000000000000000006
:106A900000000000000000000000000000000000F6
:106AA00000000000000000000000000000000000E6
:106AB00000000000000000000000000000000000D6
:106AC00000000000000000000000000000000000C6
:106AD00000000000000000000000000000000000B6
:106AE00000000000000000000000000000000000A6
:106AF0000000000000000000000000000000000096
:106B00000000000000000000000000000000000085
:106B10000000000000000000000000000000000075
:106B20000000000000000000000000000000000065
:106B30000000000000000000000000000000000055
:106B40000000000000000000000000000000000045
:106B50000000000000000000000000000000000035
:106B60000000000000000000000000000000000025
:106B70000000000000000000000000000000000015
:106B80000000000000000000000000000000000005
:106B900000000000000000000000000000000000F5
:106BA00000000000000000000000000000000000E5
:106BB00000000000000000000000000000000000D5
:106BC00000000000000000000000000000000000C5
:106BD00000000000000000000000000000000000B5
:106BE00000000000000000000000000000000000A5
:106BF0000000000000000000000000000000000095
:106C00000000000000000000000000000000000084
:106C10000000000000000000000000000000000074
:106C20000000000000000000000000000000000064
:106C30000000000000000000000000000000000054
:106C40000000000000000000000000000000000044
:106C50000000000000000000000000000000000034
:106C60000000000000000000000000000000000024
:106C70000000000000000000000000000000000014
:106C80000000000000000000000000000000000004
:106C900000000000000000000000000000000000F4
:106CA00000000000000000000000000000000000E4
:106CB00000000000000000000000000000000000D4
:106CC00000000000000000000000000000000000C4
:106CD00000000000000000000000000000000000B4
:106CE00000000000000000000000000000000000A4
:106CF0000000000000000000000000000000000094
:106D00000000000000000000000000000000000083
:106D10000000000000000000000000000000000073
:106D20000000000000000000000000000000000063
:106D30000000000000000000000000000000000053
:106D40000000000000000000000000000000000043
:106D50000000000000000000000000000000000033
:106D60000000000000000000000000000000000023
:106D70000000000000000000000000000000000013
:106D80000000000000000000000000000000000003
:106D900000000000000000000000000000000000F3
:106DA00000000000000000000000000000000000E3
:106DB00000000000000000000000000000000000D3
:106DC00000000000000000000000000000000000C3
:106DD00000000000000000000000000000000000B3
:106DE00000000000000000000000000000000000A3
:106DF0000000000000000000000000000000000093
:106E00000000000000000000000000000000000082
:106E10000000000000000000000000000000000072
:106E20000000000000000000000000000000000062
:106E30000000000000000000000000000000000052
:106E40000000000000000000000000000000000042
:106E50000000000000000000000000000000000032
:106E60000000000000000000000000000000000022
:106E70000000000000000000000000000000000012
:106E80000000000000000000000000000000000002
:106E900000000000000000000000000000000000F2
:106EA00000000000000000000000000000000000E2
:106EB00000000000000000000000000000000000D2
:106EC00000000000000000000000000000000000C2
:106ED00000000000000000000000000000000000B2
:106EE00000000000000000000000000000000000A2
:106EF0000000000000000000000000000000000092
:106F00000000000000000000000000000000000081
:106F10000000000000000000000000000000000071
:106F20000000000000000000000000000000000061
:106F30000000000000000000000000000000000051
:106F40000000000000000000000000000000000041
:106F50000000000000000000000000000000000031
:106F60000000000000000000000000000000000021
:106F70000000000000000000000000000000000011
:106F80000000000000000000000000000000000001
:106F900000000000000000000000000000000000F1
:106FA00000000000000000000000000000000000E1
:106FB00000000000000000000000000000000000D1
:106FC00000000000000000000000000000000000C1
:106FD00000000000000000000000000000000000B1
:106FE00000000000000000000000000000000000A1
:106FF0000000000000000000000000000000000091
:107000000000000000000000000000000000000080
:107010000000000000000000000000000000000070
:107020000000000000000000000000000000000060
:107030000000000000000000000000000000000050
:107040000000000000000000000000000000000040
:107050000000000000000000000000000000000030
:107060000000000000000000000000000000000020
:107070000000000000000000000000000000000010
:107080000000000000000000000000000000000000
:1070900000000000000000000000000000000000F0
:1070A00000000000000000000000000000000000E0
:1070B00000000000000000000000000000000000D0
:1070C00000000000000000000000000000000000C0
:1070D00000000000000000000000000000000000B0
:1070E00000000000000000000000000000000000A0
:1070F0000000000000000000000000000000000090
:10710000000000000000000000000000000000007F
:10711000000000000000000000000000000000006F
:10712000000000000000000000000000000000005F
:10713000000000000000000000000000000000004F
:10714000000000000000000000000000000000003F
:10715000000000000000000000000000000000002F
:10716000000000000000000000000000000000001F
:10717000000000000000000000000000000000000F
:1071800000000000000000000000000000000000FF
:1071900000000000000000000000000000000000EF
:1071A00000000000000000000000000000000000DF
:1071B00000000000000000000000000000000000CF
:1071C00000000000000000000000000000000000BF
:1071D00000000000000000000000000000000000AF
:1071E000000000000000000000000000000000009F
:1071F000000000000000000000000000000000008F
:10720000000000000000000000000000000000007E
:10721000000000000000000000000000000000006E
:10722000000000000000000000000000000000005E
:10723000000000000000000000000000000000004E
:10724000000000000000000000000000000000003E
:10725000000000000000000000000000000000002E
:10726000000000000000000000000000000000001E
:10727000000000000000000000000000000000000E
:1072800000000000000000000000000000000000FE
:1072900000000000000000000000000000000000EE
:1072A00000000000000000000000000000000000DE
:1072B00000000000000000000000000000000000CE
:1072C00000000000000000000000000000000000BE
:1072D00000000000000000000000000000000000AE
:1072E000000000000000000000000000000000009E
:1072F000000000000000000000000000000000008E
:10730000000000000000000000000000000000007D
:10731000000000000000000000000000000000006D
:10732000000000000000000000000000000000005D
:10733000000000000000000000000000000000004D
:10734000000000000000000000000000000000003D
:10735000000000000000000000000000000000002D
:10736000000000000000000000000000000000001D
:10737000000000000000000000000000000000000D
:1073800000000000000000000000000000000000FD
:1073900000000000000000000000000000000000ED
:1073A00000000000000000000000000000000000DD
:1073B00000000000000000000000000000000000CD
:1073C00000000000000000000000000000000000BD
:1073D00000000000000000000000000000000000AD
:1073E000000000000000000000000000000000009D
:1073F000000000000000000000000000000000008D
:10740000000000000000000000000000000000007C
:10741000000000000000000000000000000000006C
:10742000000000000000000000000000000000005C
:10743000000000000000000000000000000000004C
:10744000000000000000000000000000000000003C
:10745000000000000000000000000000000000002C
:10746000000000000000000000000000000000001C
:10747000000000000000000000000000000000000C
:1074800000000000000000000000000000000000FC
:1074900000000000000000000000000000000000EC
:1074A00000000000000000000000000000000000DC
:1074B00000000000000000000000000000000000CC
:1074C00000000000000000000000000000000000BC
:1074D00000000000000000000000000000000000AC
:1074E000000000000000000000000000000000009C
:1074F000000000000000000000000000000000008C
:10750000000000000000000000000000000000007B
:10751000000000000000000000000000000000006B
:10752000000000000000000000000000000000005B
:10753000000000000000000000000000000000004B
:10754000000000000000000000000000000000003B
:10755000000000000000000000000000000000002B
:10756000000000000000000000000000000000001B
:10757000000000000000000000000000000000000B
:1075800000000000000000000000000000000000FB
:1075900000000000000000000000000000000000EB
:1075A00000000000000000000000000000000000DB
:1075B00000000000000000000000000000000000CB
:1075C00000000000000000000000000000000000BB
:1075D00000000000000000000000000000000000AB
:1075E000000000000000000000000000000000009B
:1075F000000000000000000000000000000000008B
:10760000000000000000000000000000000000007A
:10761000000000000000000000000000000000006A
:10762000000000000000000000000000000000005A
:10763000000000000000000000000000000000004A
:10764000000000000000000000000000000000003A
:10765000000000000000000000000000000000002A
:10766000000000000000000000000000000000001A
:10767000000000000000000000000000000000000A
:1076800000000000000000000000000000000000FA
:1076900000000000000000000000000000000000EA
:1076A00000000000000000000000000000000000DA
:1076B00000000000000000000000000000000000CA
:1076C00000000000000000000000000000000000BA
:1076D00000000000000000000000000000000000AA
:1076E000000000000000000000000000000000009A
:1076F000000000000000000000000000000000008A
:107700000000000000000000000000000000000079
:107710000000000000000000000000000000000069
:107720000000000000000000000000000000000059
:107730000000000000000000000000000000000049
:107740000000000000000000000000000000000039
:107750000000000000000000000000000000000029
:107760000000000000000000000000000000000019
:107770000000000000000000000000000000000009
:1077800000000000000000000000000000000000F9
:1077900000000000000000000000000000000000E9
:1077A00000000000000000000000000000000000D9
:1077B00000000000000000000000000000000000C9
:1077C00000000000000000000000000000000000B9
:1077D00000000000000000000000000000000000A9
:1077E0000000000000000000000000000000000099
:1077F0000000000000000000000000000000000089
:107800000000000000000000000000000000000078
:107810000000000000000000000000000000000068
:107820000000000000000000000000000000000058
:107830000000000000000000000000000000000048
:107840000000000000000000000000000000000038
:107850000000000000000000000000000000000028
:107860000000000000000000000000000000000018
:107870000000000000000000000000000000000008
:1078800000000000000000000000000000000000F8
:1078900000000000000000000000000000000000E8
:1078A00000000000000000000000000000000000D8
:1078B00000000000000000000000000000000000C8
:1078C00000000000000000000000000000000000B8
:1078D00000000000000000000000000000000000A8
:1078E0000000000000000000000000000000000098
:1078F0000000000000000000000000000000000088
:107900000000000000000000000000000000000077
:107910000000000000000000000000000000000067
:107920000000000000000000000000000000000057
:107930000000000000000000000000000000000047
:107940000000000000000000000000000000000037
:107950000000000000000000000000000000000027
:107960000000000000000000000000000000000017
:107970000000000000000000000000000000000007
:1079800000000000000000000000000000000000F7
:1079900000000000000000000000000000000000E7
:1079A00000000000000000000000000000000000D7
:1079B00000000000000000000000000000000000C7
:1079C00000000000000000000000000000000000B7
:1079D00000000000000000000000000000000000A7
:1079E0000000000000000000000000000000000097
:1079F0000000000000000000000000000000000087
:107A00000000000000000000000000000000000076
:107A10000000000000000000000000000000000066
:107A20000000000000000000000000000000000056
:107A30000000000000000000000000000000000046
:107A40000000000000000000000000000000000036
:107A50000000000000000000000000000000000026
:107A60000000000000000000000000000000000016
:107A70000000000000000000000000000000000006
:107A800000000000000000000000000000000000F6
:107A900000000000000000000000000000000000E6
:107AA00000000000000000000000000000000000D6
:107AB00000000000000000000000000000000000C6
:107AC00000000000000000000000000000000000B6
:107AD00000000000000000000000000000000000A6
:107AE0000000000000000000000000000000000096
:107AF0000000000000000000000000000000000086
:107B00000000000000000000000000000000000075
:107B10000000000000000000000000000000000065
:107B20000000000000000000000000000000000055
:107B30000000000000000000000000000000000045
:107B40000000000000000000000000000000000035
:107B50000000000000000000000000000000000025
:107B60000000000000000000000000000000000015
:107B70000000000000000000000000000000000005
:107B800000000000000000000000000000000000F5
:107B900000000000000000000000000000000000E5
:107BA00000000000000000000000000000000000D5
:107BB00000000000000000000000000000000000C5
:107BC00000000000000000000000000000000000B5
:107BD00000000000000000000000000000000000A5
:107BE0000000000000000000000000000000000095
:107BF0000000000000000000000000000000000085
:107C00000000000000000000000000000000000074
:107C10000000000000000000000000000000000064
:107C20000000000000000000000000000000000054
:107C30000000000000000000000000000000000044
:107C40000000000000000000000000000000000034
:107C50000000000000000000000000000000000024
:107C60000000000000000000000000000000000014
:107C70000000000000000000000000000000000004
:107C800000000000000000000000000000000000F4
:107C900000000000000000000000000000000000E4
:107CA00000000000000000000000000000000000D4
:107CB00000000000000000000000000000000000C4
:107CC00000000000000000000000000000000000B4
:107CD00000000000000000000000000000000000A4
:107CE0000000000000000000000000000000000094
:107CF0000000000000000000000000000000000084
:107D00000000000000000000000000000000000073
:107D10000000000000000000000000000000000063
:107D20000000000000000000000000000000000053
:107D30000000000000000000000000000000000043
:107D40000000000000000000000000000000000033
:107D50000000000000000000000000000000000023
:107D60000000000000000000000000000000000013
:107D70000000000000000000000000000000000003
:107D800000000000000000000000000000000000F3
:107D900000000000000000000000000000000000E3
:107DA00000000000000000000000000000000000D3
:107DB00000000000000000000000000000000000C3
:107DC00000000000000000000000000000000000B3
:107DD00000000000000000000000000000000000A3
:107DE0000000000000000000000000000000000093
:107DF0000000000000000000000000000000000083
:107E00000000000000000000000000000000000072
:107E10000000000000000000000000000000000062
:107E20000000000000000000000000000000000052
:107E30000000000000000000000000000000000042
:107E40000000000000000000000000000000000032
:107E50000000000000000000000000000000000022
:107E60000000000000000000000000000000000012
:107E70000000000000000000000000000000000002
:107E800000000000000000000000000000000000F2
:107E900000000000000000000000000000000000E2
:107EA00000000000000000000000000000000000D2
:107EB00000000000000000000000000000000000C2
:107EC00000000000000000000000000000000000B2
:107ED00000000000000000000000000000000000A2
:107EE0000000000000000000000000000000000092
:107EF0000000000000000000000000000000000082
:107F00000000000000000000000000000000000071
:107F10000000000000000000000000000000000061
:107F20000000000000000000000000000000000051
:107F30000000000000000000000000000000000041
:107F40000000000000000000000000000000000031
:107F50000000000000000000000000000000000021
:107F60000000000000000000000000000000000011
:107F70000000000000000000000000000000000001
:107F800000000000000000000000000000000000F1
:107F900000000000000000000000000000000000E1
:107FA00000000000000000000000000000000000D1
:107FB00000000000000000000000000000000000C1
:107FC00000000000000000000000000000000000B1
:107FD00000000000000000000000000000000000A1
:107FE0000000000000000000000000000000000091
:107FF0000000000000000000000000000000000081
:108000000000000000000000000000000000000070
:108010000000000000000000000000000000000060
:108020000000000000000000000000000000000050
:108030000000000000000000000000000000000040
:108040000000000000000000000000000000000030
:108050000000000000000000000000000000000020
:108060000000000000000000000000000000000010
:108070000000000000000000000000000000000000
:1080800000000000000000000000000000000000F0
:1080900000000000000000000000000000000000E0
:1080A00000000000000000000000000000000000D0
:1080B00000000000000000000000000000000000C0
:1080C00000000000000000000000000000000000B0
:1080D00000000000000000000000000000000000A0
:1080E0000000000000000000000000000000000090
:1080F0000000000000000000000000000000000080
:10810000000000000000000000000000000000006F
:10811000000000000000000000000000000000005F
:10812000000000000000000000000000000000004F
:10813000000000000000000000000000000000003F
:10814000000000000000000000000000000000002F
:10815000000000000000000000000000000000001F
:10816000000000000000000000000000000000000F
:1081700000000000000000000000000000000000FF
:1081800000000000000000000000000000000000EF
:1081900000000000000000000000000000000000DF
:1081A00000000000000000000000000000000000CF
:1081B00000000000000000000000000000000000BF
:1081C00000000000000000000000000000000000AF
:1081D000000000000000000000000000000000009F
:1081E000000000000000000000000000000000008F
:1081F000000000000000000000000000000000007F
:10820000000000000000000000000000000000006E
:10821000000000000000000000000000000000005E
:10822000000000000000000000000000000000004E
:10823000000000000000000000000000000000003E
:10824000000000000000000000000000000000002E
:10825000000000000000000000000000000000001E
:10826000000000000000000000000000000000000E
:1082700000000000000000000000000000000000FE
:1082800000000000000000000000000000000000EE
:1082900000000000000000000000000000000000DE
:1082A00000000000000000000000000000000000CE
:1082B00000000000000000000000000000000000BE
:1082C00000000000000000000000000000000000AE
:1082D000000000000000000000000000000000009E
:1082E000000000000000000000000000000000008E
:1082F000000000000000000000000000000000007E
:10830000000000000000000000000000000000006D
:10831000000000000000000000000000000000005D
:10832000000000000000000000000000000000004D
:10833000000000000000000000000000000000003D
:10834000000000000000000000000000000000002D
:10835000000000000000000000000000000000001D
:10836000000000000000000000000000000000000D
:1083700000000000000000000000000000000000FD
:1083800000000000000000000000000000000000ED
:1083900000000000000000000000000000000000DD
:1083A00000000000000000000000000000000000CD
:1083B00000000000000000000000000000000000BD
:1083C00000000000000000000000000000000000AD
:1083D000000000000000000000000000000000009D
:1083E000000000000000000000000000000000008D
:1083F000000000000000000000000000000000007D
:10840000000000000000000000000000000000006C
:10841000000000000000000000000000000000005C
:10842000000000000000000000000000000000004C
:10843000000000000000000000000000000000003C
:10844000000000000000000000000000000000002C
:10845000000000000000000000000000000000001C
:10846000000000000000000000000000000000000C
:1084700000000000000000000000000000000000FC
:1084800000000000000000000000000000000000EC
:1084900000000000000000000000000000000000DC
:1084A00000000000000000000000000000000000CC
:1084B00000000000000000000000000000000000BC
:1084C00000000000000000000000000000000000AC
:1084D000000000000000000000000000000000009C
:1084E000000000000000000000000000000000008C
:1084F000000000000000000000000000000000007C
:10850000000000000000000000000000000000006B
:10851000000000000000000000000000000000005B
:10852000000000000000000000000000000000004B
:10853000000000000000000000000000000000003B
:10854000000000000000000000000000000000002B
:10855000000000000000000000000000000000001B
:10856000000000000000000000000000000000000B
:1085700000000000000000000000000000000000FB
:1085800000000000000000000000000000000000EB
:1085900000000000000000000000000000000000DB
:1085A00000000000000000000000000000000000CB
:1085B00000000000000000000000000000000000BB
:1085C00000000000000000000000000000000000AB
:1085D000000000000000000000000000000000009B
:1085E000000000000000000000000000000000008B
:1085F000000000000000000000000000000000007B
:10860000000000000000000000000000000000006A
:10861000000000000000000000000000000000005A
:10862000000000000000000000000000000000004A
:10863000000000000000000000000000000000003A
:10864000000000000000000000000000000000002A
:10865000000000000000000000000000000000001A
:10866000000000000000000000000000000000000A
:1086700000000000000000000000000000000000FA
:1086800000000000000000000000000000000000EA
:1086900000000000000000000000000000000000DA
:1086A00000000000000000000000000000000000CA
:1086B00000000000000000000000000000000000BA
:1086C00000000000000000000000000000000000AA
:1086D000000000000000000000000000000000009A
:1086E000000000000000000000000000000000008A
:1086F000000000000000000000000000000000007A
:108700000000000000000000000000000000000069
:108710000000000000000000000000000000000059
:108720000000000000000000000000000000000049
:108730000000000000000000000000000000000039
:108740000000000000000000000000000000000029
:108750000000000000000000000000000000000019
:108760000000000000000000000000000000000009
:1087700000000000000000000000000000000000F9
:1087800000000000000000000000000000000000E9
:1087900000000000000000000000000000000000D9
:1087A00000000000000000000000000000000000C9
:1087B00000000000000000000000000000000000B9
:1087C00000000000000000000000000000000000A9
:1087D0000000000000000000000000000000000099
:1087E0000000000000000000000000000000000089
:1087F0000000000000000000000000000000000079
:108800000000000000000000000000000000000068
:108810000000000000000000000000000000000058
:108820000000000000000000000000000000000048
:108830000000000000000000000000000000000038
:108840000000000000000000000000000000000028
:108850000000000000000000000000000000000018
:108860000000000000000000000000000000000008
:1088700000000000000000000000000000000000F8
:1088800000000000000000000000000000000000E8
:1088900000000000000000000000000000000000D8
:1088A00000000000000000000000000000000000C8
:1088B00000000000000000000000000000000000B8
:1088C00000000000000000000000000000000000A8
:1088D0000000000000000000000000000000000098
:1088E0000000000000000000000000000000000088
:1088F0000000000000000000000000000000000078
:108900000000000000000000000000000000000067
:108910000000000000000000000000000000000057
:108920000000000000000000000000000000000047
:108930000000000000000000000000000000000037
:108940000000000000000000000000000000000027
:108950000000000000000000000000000000000017
:108960000000000000000000000000000000000007
:1089700000000000000000000000000000000000F7
:1089800000000000000000000000000000000000E7
:1089900000000000000000000000000000000000D7
:1089A00000000000000000000000000000000000C7
:1089B00000000000000000000000000000000000B7
:1089C00000000000000000000000000000000000A7
:1089D0000000000000000000000000000000000097
:1089E0000000000000000000000000000000000087
:1089F0000000000000000000000000000000000077
:108A00000000000000000000000000000000000066
:108A10000000000000000000000000000000000056
:108A20000000000000000000000000000000000046
:108A30000000000000000000000000000000000036
:108A40000000000000000000000000000000000026
:108A50000000000000000000000000000000000016
:108A60000000000000000000000000000000000006
:108A700000000000000000000000000000000000F6
:108A800000000000000000000000000000000000E6
:108A900000000000000000000000000000000000D6
:108AA00000000000000000000000000000000000C6
:108AB00000000000000000000000000000000000B6
:108AC00000000000000000000000000000000000A6
:108AD0000000000000000000000000000000000096
:108AE0000000000000000000000000000000000086
:108AF0000000000000000000000000000000000076
:108B00000000000000000000000000000000000065
:108B10000000000000000000000000000000000055
:108B20000000000000000000000000000000000045
:108B30000000000000000000000000000000000035
:108B40000000000000000000000000000000000025
:108B50000000000000000000000000000000000015
:108B60000000000000000000000000000000000005
:108B700000000000000000000000000000000000F5
:108B800000000000000000000000000000000000E5
:108B900000000000000000000000000000000000D5
:108BA00000000000000000000000000000000000C5
:108BB00000000000000000000000000000000000B5
:108BC00000000000000000000000000000000000A5
:108BD0000000000000000000000000000000000095
:108BE0000000000000000000000000000000000085
:108BF0000000000000000000000000000000000075
:108C00000000000000000000000000000000000064
:108C10000000000000000000000000000000000054
:108C20000000000000000000000000000000000044
:108C30000000000000000000000000000000000034
:108C40000000000000000000000000000000000024
:108C50000000000000000000000000000000000014
:108C60000000000000000000000000000000000004
:108C700000000000000000000000000000000000F4
:108C800000000000000000000000000000000000E4
:108C900000000000000000000000000000000000D4
:108CA00000000000000000000000000000000000C4
:108CB00000000000000000000000000000000000B4
:108CC00000000000000000000000000000000000A4
:108CD0000000000000000000000000000000000094
:108CE0000000000000000000000000000000000084
:108CF0000000000000000000000000000000000074
:108D00000000000000000000000000000000000063
:108D10000000000000000000000000000000000053
:108D20000000000000000000000000000000000043
:108D30000000000000000000000000000000000033
:108D40000000000000000000000000000000000023
:108D50000000000000000000000000000000000013
:108D60000000000000000000000000000000000003
:108D700000000000000000000000000000000000F3
:108D800000000000000000000000000000000000E3
:108D900000000000000000000000000000000000D3
:108DA00000000000000000000000000000000000C3
:108DB00000000000000000000000000000000000B3
:108DC00000000000000000000000000000000000A3
:108DD0000000000000000000000000000000000093
:108DE0000000000000000000000000000000000083
:108DF0000000000000000000000000000000000073
:108E00000000000000000000000000000000000062
:108E10000000000000000000000000000000000052
:108E20000000000000000000000000000000000042
:108E30000000000000000000000000000000000032
:108E40000000000000000000000000000000000022
:108E50000000000000000000000000000000000012
:108E60000000000000000000000000000000000002
:108E700000000000000000000000000000000000F2
:108E800000000000000000000000000000000000E2
:108E900000000000000000000000000000000000D2
:108EA00000000000000000000000000000000000C2
:108EB00000000000000000000000000000000000B2
:108EC00000000000000000000000000000000000A2
:108ED0000000000000000000000000000000000092
:108EE0000000000000000000000000000000000082
:108EF0000000000000000000000000000000000072
:108F00000000000000000000000000000000000061
:108F10000000000000000000000000000000000051
:108F20000000000000000000000000000000000041
:108F30000000000000000000000000000000000031
:108F40000000000000000000000000000000000021
:108F50000000000000000000000000000000000011
:108F60000000000000000000000000000000000001
:108F700000000000000000000000000000000000F1
:108F800000000000000000000000000000000000E1
:108F900000000000000000000000000000000000D1
:108FA00000000000000000000000000000000000C1
:108FB00000000000000000000000000000000000B1
:108FC00000000000000000000000000000000000A1
:108FD0000000000000000000000000000000000091
:108FE0000000000000000000000000000000000081
:108FF0000000000000000000000000000000000071
:109000000000000000000000000000000000000060
:109010000000000000000000000000000000000050
:109020000000000000000000000000000000000040
:109030000000000000000000000000000000000030
:109040000000000000000000000000000000000020
:109050000000000000000000000000000000000010
:109060000000000000000000000000000000000000
:1090700000000000000000000000000000000000F0
:1090800000000000000000000000000000000000E0
:1090900000000000000000000000000000000000D0
:1090A00000000000000000000000000000000000C0
:1090B00000000000000000000000000000000000B0
:1090C00000000000000000000000000000000000A0
:1090D0000000000000000000000000000000000090
:1090E0000000000000000000000000000000000080
:1090F0000000000000000000000000000000000070
:10910000000000000000000000000000000000005F
:10911000000000000000000000000000000000004F
:10912000000000000000000000000000000000003F
:10913000000000000000000000000000000000002F
:10914000000000000000000000000000000000001F
:10915000000000000000000000000000000000000F
:1091600000000000000000000000000000000000FF
:1091700000000000000000000000000000000000EF
:1091800000000000000000000000000000000000DF
:1091900000000000000000000000000000000000CF
:1091A00000000000000000000000000000000000BF
:1091B00000000000000000000000000000000000AF
:1091C000000000000000000000000000000000009F
:1091D000000000000000000000000000000000008F
:1091E000000000000000000000000000000000007F
:1091F000000000000000000000000000000000006F
:10920000000000000000000000000000000000005E
:10921000000000000000000000000000000000004E
:10922000000000000000000000000000000000003E
:10923000000000000000000000000000000000002E
:10924000000000000000000000000000000000001E
:10925000000000000000000000000000000000000E
:1092600000000000000000000000000000000000FE
:1092700000000000000000000000000000000000EE
:1092800000000000000000000000000000000000DE
:1092900000000000000000000000000000000000CE
:1092A00000000000000000000000000000000000BE
:1092B00000000000000000000000000000000000AE
:1092C000000000000000000000000000000000009E
:1092D000000000000000000000000000000000008E
:1092E000000000000000000000000000000000007E
:1092F000000000000000000000000000000000006E
:10930000000000000000000000000000000000005D
:10931000000000000000000000000000000000004D
:10932000000000000000000000000000000000003D
:10933000000000000000000000000000000000002D
:10934000000000000000000000000000000000001D
:10935000000000000000000000000000000000000D
:1093600000000000000000000000000000000000FD
:1093700000000000000000000000000000000000ED
:1093800000000000000000000000000000000000DD
:1093900000000000000000000000000000000000CD
:1093A00000000000000000000000000000000000BD
:1093B00000000000000000000000000000000000AD
:1093C000000000000000000000000000000000009D
:1093D000000000000000000000000000000000008D
:1093E000000000000000000000000000000000007D
:1093F000000000000000000000000000000000006D
:10940000000000000000000000000000000000005C
:10941000000000000000000000000000000000004C
:10942000000000000000000000000000000000003C
:10943000000000000000000000000000000000002C
:10944000000000000000000000000000000000001C
:10945000000000000000000000000000000000000C
:1094600000000000000000000000000000000000FC
:1094700000000000000000000000000000000000EC
:1094800000000000000000000000000000000000DC
:1094900000000000000000000000000000000000CC
:1094A00000000000000000000000000000000000BC
:1094B00000000000000000000000000000000000AC
:1094C000000000000000000000000000000000009C
:1094D000000000000000000000000000000000008C
:1094E000000000000000000000000000000000007C
:1094F000000000000000000000000000000000006C
:10950000000000000000000000000000000000005B
:10951000000000000000000000000000000000004B
:10952000000000000000000000000000000000003B
:10953000000000000000000000000000000000002B
:10954000000000000000000000000000000000001B
:10955000000000000000000000000000000000000B
:1095600000000000000000000000000000000000FB
:1095700000000000000000000000000000000000EB
:1095800000000000000000000000000000000000DB
:1095900000000000000000000000000000000000CB
:1095A00000000000000000000000000000000000BB
:1095B00000000000000000000000000000000000AB
:1095C000000000000000000000000000000000009B
:1095D000000000000000000000000000000000008B
:1095E000000000000000000000000000000000007B
:1095F000000000000000000000000000000000006B
:10960000000000000000000000000000000000005A
:10961000000000000000000000000000000000004A
:10962000000000000000000000000000000000003A
:10963000000000000000000000000000000000002A
:10964000000000000000000000000000000000001A
:10965000000000000000000000000000000000000A
:1096600000000000000000000000000000000000FA
:1096700000000000000000000000000000000000EA
:1096800000000000000000000000000000000000DA
:1096900000000000000000000000000000000000CA
:1096A00000000000000000000000000000000000BA
:1096B00000000000000000000000000000000000AA
:1096C000000000000000000000000000000000009A
:1096D000000000000000000000000000000000008A
:1096E000000000000000000000000000000000007A
:1096F000000000000000000000000000000000006A
:109700000000000000000000000000000000000059
:109710000000000000000000000000000000000049
:109720000000000000000000000000000000000039
:109730000000000000000000000000000000000029
:109740000000000000000000000000000000000019
:109750000000000000000000000000000000000009
:1097600000000000000000000000000000000000F9
:1097700000000000000000000000000000000000E9
:1097800000000000000000000000000000000000D9
:1097900000000000000000000000000000000000C9
:1097A00000000000000000000000000000000000B9
:1097B00000000000000000000000000000000000A9
:1097C0000000000000000000000000000000000099
:1097D0000000000000000000000000000000000089
:1097E0000000000000000000000000000000000079
:1097F0000000000000000000000000000000000069
:109800000000000000000000000000000000000058
:109810000000000000000000000000000000000048
:109820000000000000000000000000000000000038
:109830000000000000000000000000000000000028
:109840000000000000000000000000000000000018
:109850000000000000000000000000000000000008
:1098600000000000000000000000000000000000F8
:1098700000000000000000000000000000000000E8
:1098800000000000000000000000000000000000D8
:1098900000000000000000000000000000000000C8
:1098A00000000000000000000000000000000000B8
:1098B00000000000000000000000000000000000A8
:1098C0000000000000000000000000000000000098
:1098D0000000000000000000000000000000000088
:1098E0000000000000000000000000000000000078
:1098F0000000000000000000000000000000000068
:109900000000000000000000000000000000000057
:109910000000000000000000000000000000000047
:109920000000000000000000000000000000000037
:109930000000000000000000000000000000000027
:109940000000000000000000000000000000000017
:109950000000000000000000000000000000000007
:1099600000000000000000000000000000000000F7
:1099700000000000000000000000000000000000E7
:1099800000000000000000000000000000000000D7
:1099900000000000000000000000000000000000C7
:1099A00000000000000000000000000000000000B7
:1099B00000000000000000000000000000000000A7
:1099C0000000000000000000000000000000000097
:1099D0000000000000000000000000000000000087
:1099E0000000000000000000000000000000000077
:1099F0000000000000000000000000000000000067
:109A00000000000000000000000000000000000056
:109A10000000000000000000000000000000000046
:109A20000000000000000000000000000000000036
:109A30000000000000000000000000000000000026
:109A40000000000000000000000000000000000016
:109A50000000000000000000000000000000000006
:109A600000000000000000000000000000000000F6
:109A700000000000000000000000000000000000E6
:109A800000000000000000000000000000000000D6
:109A900000000000000000000000000000000000C6
:109AA00000000000000000000000000000000000B6
:109AB00000000000000000000000000000000000A6
:109AC0000000000000000000000000000000000096
:109AD0000000000000000000000000000000000086
:109AE0000000000000000000000000000000000076
:109AF0000000000000000000000000000000000066
:109B00000000000000000000000000000000000055
:109B10000000000000000000000000000000000045
:109B20000000000000000000000000000000000035
:109B30000000000000000000000000000000000025
:109B40000000000000000000000000000000000015
:109B50000000000000000000000000000000000005
:109B600000000000000000000000000000000000F5
:109B700000000000000000000000000000000000E5
:109B800000000000000000000000000000000000D5
:109B900000000000000000000000000000000000C5
:109BA00000000000000000000000000000000000B5
:109BB00000000000000000000000000000000000A5
:109BC0000000000000000000000000000000000095
:109BD0000000000000000000000000000000000085
:109BE0000000000000000000000000000000000075
:109BF0000000000000000000000000000000000065
:109C00000000000000000000000000000000000054
:109C10000000000000000000000000000000000044
:109C20000000000000000000000000000000000034
:109C30000000000000000000000000000000000024
:109C40000000000000000000000000000000000014
:109C50000000000000000000000000000000000004
:109C600000000000000000000000000000000000F4
:109C700000000000000000000000000000000000E4
:109C800000000000000000000000000000000000D4
:109C900000000000000000000000000000000000C4
:109CA00000000000000000000000000000000000B4
:109CB00000000000000000000000000000000000A4
:109CC0000000000000000000000000000000000094
:109CD0000000000000000000000000000000000084
:109CE0000000000000000000000000000000000074
:109CF0000000000000000000000000000000000064
:109D00000000000000000000000000000000000053
:109D10000000000000000000000000000000000043
:109D20000000000000000000000000000000000033
:109D30000000000000000000000000000000000023
:109D40000000000000000000000000000000000013
:109D50000000000000000000000000000000000003
:109D600000000000000000000000000000000000F3
:109D700000000000000000000000000000000000E3
:109D800000000000000000000000000000000000D3
:109D900000000000000000000000000000000000C3
:109DA00000000000000000000000000000000000B3
:109DB00000000000000000000000000000000000A3
:109DC0000000000000000000000000000000000093
:109DD0000000000000000000000000000000000083
:109DE0000000000000000000000000000000000073
:109DF0000000000000000000000000000000000063
:109E00000000000000000000000000000000000052
:109E10000000000000000000000000000000000042
:109E20000000000000000000000000000000000032
:109E30000000000000000000000000000000000022
:109E40000000000000000000000000000000000012
:109E50000000000000000000000000000000000002
:109E600000000000000000000000000000000000F2
:109E700000000000000000000000000000000000E2
:109E800000000000000000000000000000000000D2
:109E900000000000000000000000000000000000C2
:109EA00000000000000000000000000000000000B2
:109EB00000000000000000000000000000000000A2
:109EC0000000000000000000000000000000000092
:109ED0000000000000000000000000000000000082
:109EE0000000000000000000000000000000000072
:109EF0000000000000000000000000000000000062
:109F00000000000000000000000000000000000051
:109F10000000000000000000000000000000000041
:109F20000000000000000000000000000000000031
:109F30000000000000000000000000000000000021
:109F40000000000000000000000000000000000011
:109F50000000000000000000000000000000000001
:109F600000000000000000000000000000000000F1
:109F700000000000000000000000000000000000E1
:109F800000000000000000000000000000000000D1
:109F900000000000000000000000000000000000C1
:109FA00000000000000000000000000000000000B1
:109FB00000000000000000000000000000000000A1
:109FC0000000000000000000000000000000000091
:109FD0000000000000000000000000000000000081
:109FE0000000000000000000000000000000000071
:109FF0000000000000000000000000000000000061
:10A000000000000000000000000000000000000050
:10A010000000000000000000000000000000000040
:10A020000000000000000000000000000000000030
:10A030000000000000000000000000000000000020
:10A040000000000000000000000000000000000010
:10A050000000000000000000000000000000000000
:10A0600000000000000000000000000000000000F0
:10A0700000000000000000000000000000000000E0
:10A0800000000000000000000000000000000000D0
:10A0900000000000000000000000000000000000C0
:10A0A00000000000000000000000000000000000B0
:10A0B00000000000000000000000000000000000A0
:10A0C0000000000000000000000000000000000090
:10A0D0000000000000000000000000000000000080
:10A0E0000000000000000000000000000000000070
:10A0F0000000000000000000000000000000000060
:10A10000000000000000000000000000000000004F
:10A11000000000000000000000000000000000003F
:10A12000000000000000000000000000000000002F
:10A13000000000000000000000000000000000001F
:10A14000000000000000000000000000000000000F
:10A1500000000000000000000000000000000000FF
:10A1600000000000000000000000000000000000EF
:10A1700000000000000000000000000000000000DF
:10A1800000000000000000000000000000000000CF
:10A1900000000000000000000000000000000000BF
:10A1A00000000000000000000000000000000000AF
:10A1B000000000000000000000000000000000009F
:10A1C000000000000000000000000000000000008F
:10A1D000000000000000000000000000000000007F
:10A1E000000000000000000000000000000000006F
:10A1F000000000000000000000000000000000005F
:10A20000000000000000000000000000000000004E
:10A21000000000000000000000000000000000003E
:10A22000000000000000000000000000000000002E
:10A23000000000000000000000000000000000001E
:10A24000000000000000000000000000000000000E
:10A2500000000000000000000000000000000000FE
:10A2600000000000000000000000000000000000EE
:10A2700000000000000000000000000000000000DE
:10A2800000000000000000000000000000000000CE
:10A2900000000000000000000000000000000000BE
:10A2A00000000000000000000000000000000000AE
:10A2B000000000000000000000000000000000009E
:10A2C000000000000000000000000000000000008E
:10A2D000000000000000000000000000000000007E
:10A2E000000000000000000000000000000000006E
:10A2F000000000000000000000000000000000005E
:10A30000000000000000000000000000000000004D
:10A31000000000000000000000000000000000003D
:10A32000000000000000000000000000000000002D
:10A33000000000000000000000000000000000001D
:10A34000000000000000000000000000000000000D
:10A3500000000000000000000000000000000000FD
:10A3600000000000000000000000000000000000ED
:10A3700000000000000000000000000000000000DD
:10A3800000000000000000000000000000000000CD
:10A3900000000000000000000000000000000000BD
:10A3A00000000000000000000000000000000000AD
:10A3B000000000000000000000000000000000009D
:10A3C000000000000000000000000000000000008D
:10A3D000000000000000000000000000000000007D
:10A3E000000000000000000000000000000000006D
:10A3F000000000000000000000000000000000005D
:10A40000000000000000000000000000000000004C
:10A41000000000000000000000000000000000003C
:10A42000000000000000000000000000000000002C
:10A43000000000000000000000000000000000001C
:10A44000000000000000000000000000000000000C
:10A4500000000000000000000000000000000000FC
:10A4600000000000000000000000000000000000EC
:10A4700000000000000000000000000000000000DC
:10A4800000000000000000000000000000000000CC
:10A4900000000000000000000000000000000000BC
:10A4A00000000000000000000000000000000000AC
:10A4B000000000000000000000000000000000009C
:10A4C000000000000000000000000000000000008C
:10A4D000000000000000000000000000000000007C
:10A4E000000000000000000000000000000000006C
:10A4F000000000000000000000000000000000005C
:10A50000000000000000000000000000000000004B
:10A51000000000000000000000000000000000003B
:10A52000000000000000000000000000000000002B
:10A53000000000000000000000000000000000001B
:10A54000000000000000000000000000000000000B
:10A5500000000000000000000000000000000000FB
:10A5600000000000000000000000000000000000EB
:10A5700000000000000000000000000000000000DB
:10A5800000000000000000000000000000000000CB
:10A5900000000000000000000000000000000000BB
:10A5A00000000000000000000000000000000000AB
:10A5B000000000000000000000000000000000009B
:10A5C000000000000000000000000000000000008B
:10A5D000000000000000000000000000000000007B
:10A5E000000000000000000000000000000000006B
:10A5F000000000000000000000000000000000005B
:10A60000000000000000000000000000000000004A
:10A61000000000000000000000000000000000003A
:10A62000000000000000000000000000000000002A
:10A63000000000000000000000000000000000001A
:10A64000000000000000000000000000000000000A
:10A6500000000000000000000000000000000000FA
:10A6600000000000000000000000000000000000EA
:10A6700000000000000000000000000000000000DA
:10A6800000000000000000000000000000000000CA
:10A6900000000000000000000000000000000000BA
:10A6A00000000000000000000000000000000000AA
:10A6B000000000000000000000000000000000009A
:10A6C000000000000000000000000000000000008A
:10A6D000000000000000000000000000000000007A
:10A6E000000000000000000000000000000000006A
:10A6F000000000000000000000000000000000005A
:10A700000000000000000000000000000000000049
:10A710000000000000000000000000000000000039
:10A720000000000000000000000000000000000029
:10A730000000000000000000000000000000000019
:10A740000000000000000000000000000000000009
:10A7500000000000000000000000000000000000F9
:10A7600000000000000000000000000000000000E9
:10A7700000000000000000000000000000000000D9
:10A7800000000000000000000000000000000000C9
:10A7900000000000000000000000000000000000B9
:10A7A00000000000000000000000000000000000A9
:10A7B0000000000000000000000000000000000099
:10A7C0000000000000000000000000000000000089
:10A7D0000000000000000000000000000000000079
:10A7E0000000000000000000000000000000000069
:10A7F0000000000000000000000000000000000059
:10A800000000000000000000000000000000000048
:10A810000000000000000000000000000000000038
:10A820000000000000000000000000000000000028
:10A830000000000000000000000000000000000018
:10A840000000000000000000000000000000000008
:10A8500000000000000000000000000000000000F8
:10A8600000000000000000000000000000000000E8
:10A8700000000000000000000000000000000000D8
:10A8800000000000000000000000000000000000C8
:10A8900000000000000000000000000000000000B8
:10A8A00000000000000000000000000000000000A8
:10A8B0000000000000000000000000000000000098
:10A8C0000000000000000000000000000000000088
:10A8D0000000000000000000000000000000000078
:10A8E0000000000000000000000000000000000068
:10A8F0000000000000000000000000000000000058
:10A900000000000000000000000000000000000047
:10A910000000000000000000000000000000000037
:10A920000000000000000000000000000000000027
:10A930000000000000000000000000000000000017
:10A940000000000000000000000000000000000007
:10A9500000000000000000000000000000000000F7
:10A9600000000000000000000000000000000000E7
:10A9700000000000000000000000000000000000D7
:10A9800000000000000000000000000000000000C7
:10A9900000000000000000000000000000000000B7
:10A9A00000000000000000000000000000000000A7
:10A9B0000000000000000000000000000000000097
:10A9C0000000000000000000000000000000000087
:10A9D0000000000000000000000000000000000077
:10A9E0000000000000000000000000000000000067
:10A9F0000000000000000000000000000000000057
:10AA00000000000000000000000000000000000046
:10AA10000000000000000000000000000000000036
:10AA20000000000000000000000000000000000026
:10AA30000000000000000000000000000000000016
:10AA40000000000000000000000000000000000006
:10AA500000000000000000000000000000000000F6
:10AA600000000000000000000000000000000000E6
:10AA700000000000000000000000000000000000D6
:10AA800000000000000000000000000000000000C6
:10AA900000000000000000000000000000000000B6
:10AAA00000000000000000000000000000000000A6
:10AAB0000000000000000000000000000000000096
:10AAC0000000000000000000000000000000000086
:10AAD0000000000000000000000000000000000076
:10AAE0000000000000000000000000000000000066
:10AAF0000000000000000000000000000000000056
:10AB00000000000000000000000000000000000045
:10AB10000000000000000000000000000000000035
:10AB20000000000000000000000000000000000025
:10AB30000000000000000000000000000000000015
:10AB40000000000000000000000000000000000005
:10AB500000000000000000000000000000000000F5
:10AB600000000000000000000000000000000000E5
:10AB700000000000000000000000000000000000D5
:10AB800000000000000000000000000000000000C5
:10AB900000000000000000000000000000000000B5
:10ABA00000000000000000000000000000000000A5
:10ABB0000000000000000000000000000000000095
:10ABC0000000000000000000000000000000000085
:10ABD0000000000000000000000000000000000075
:10ABE0000000000000000000000000000000000065
:10ABF0000000000000000000000000000000000055
:10AC00000000000000000000000000000000000044
:10AC10000000000000000000000000000000000034
:10AC20000000000000000000000000000000000024
:10AC30000000000000000000000000000000000014
:10AC40000000000000000000000000000000000004
:10AC500000000000000000000000000000000000F4
:10AC600000000000000000000000000000000000E4
:10AC700000000000000000000000000000000000D4
:10AC800000000000000000000000000000000000C4
:10AC900000000000000000000000000000000000B4
:10ACA00000000000000000000000000000000000A4
:10ACB0000000000000000000000000000000000094
:10ACC0000000000000000000000000000000000084
:10ACD0000000000000000000000000000000000074
:10ACE0000000000000000000000000000000000064
:10ACF0000000000000000000000000000000000054
:10AD00000000000000000000000000000000000043
:10AD10000000000000000000000000000000000033
:10AD20000000000000000000000000000000000023
:10AD30000000000000000000000000000000000013
:10AD40000000000000000000000000000000000003
:10AD500000000000000000000000000000000000F3
:10AD600000000000000000000000000000000000E3
:10AD700000000000000000000000000000000000D3
:10AD800000000000000000000000000000000000C3
:10AD900000000000000000000000000000000000B3
:10ADA00000000000000000000000000000000000A3
:10ADB0000000000000000000000000000000000093
:10ADC0000000000000000000000000000000000083
:10ADD0000000000000000000000000000000000073
:10ADE0000000000000000000000000000000000063
:10ADF0000000000000000000000000000000000053
:10AE00000000000000000000000000000000000042
:10AE10000000000000000000000000000000000032
:10AE20000000000000000000000000000000000022
:10AE30000000000000000000000000000000000012
:10AE40000000000000000000000000000000000002
:10AE500000000000000000000000000000000000F2
:10AE600000000000000000000000000000000000E2
:10AE700000000000000000000000000000000000D2
:10AE800000000000000000000000000000000000C2
:10AE900000000000000000000000000000000000B2
:10AEA00000000000000000000000000000000000A2
:10AEB0000000000000000000000000000000000092
:10AEC0000000000000000000000000000000000082
:10AED0000000000000000000000000000000000072
:10AEE0000000000000000000000000000000000062
:10AEF0000000000000000000000000000000000052
:10AF00000000000000000000000000000000000041
:10AF10000000000000000000000000000000000031
:10AF20000000000000000000000000000000000021
:10AF30000000000000000000000000000000000011
:10AF40000000000000000000000000000000000001
:10AF500000000000000000000000000000000000F1
:10AF600000000000000000000000000000000000E1
:10AF700000000000000000000000000000000000D1
:10AF800000000000000000000000000000000000C1
:10AF900000000000000000000000000000000000B1
:10AFA00000000000000000000000000000000000A1
:10AFB0000000000000000000000000000000000091
:10AFC0000000000000000000000000000000000081
:10AFD0000000000000000000000000000000000071
:10AFE0000000000000000000000000000000000061
:10AFF0000000000000000000000000000000000051
:10B000000000000000000000000000000000000040
:10B010000000000000000000000000000000000030
:10B020000000000000000000000000000000000020
:10B030000000000000000000000000000000000010
:10B040000000000000000000000000000000000000
:10B0500000000000000000000000000000000000F0
:10B0600000000000000000000000000000000000E0
:10B0700000000000000000000000000000000000D0
:10B0800000000000000000000000000000000000C0
:10B0900000000000000000000000000000000000B0
:10B0A00000000000000000000000000000000000A0
:10B0B0000000000000000000000000000000000090
:10B0C0000000000000000000000000000000000080
:10B0D0000000000000000000000000000000000070
:10B0E0000000000000000000000000000000000060
:10B0F0000000000000000000000000000000000050
:10B10000000000000000000000000000000000003F
:10B11000000000000000000000000000000000002F
:10B12000000000000000000000000000000000001F
:10B13000000000000000000000000000000000000F
:10B1400000000000000000000000000000000000FF
:10B1500000000000000000000000000000000000EF
:10B1600000000000000000000000000000000000DF
:10B1700000000000000000000000000000000000CF
:10B1800000000000000000000000000000000000BF
:10B1900000000000000000000000000000000000AF
:10B1A000000000000000000000000000000000009F
:10B1B000000000000000000000000000000000008F
:10B1C000000000000000000000000000000000007F
:10B1D000000000000000000000000000000000006F
:10B1E000000000000000000000000000000000005F
:10B1F000000000000000000000000000000000004F
:10B20000000000000000000000000000000000003E
:10B21000000000000000000000000000000000002E
:10B22000000000000000000000000000000000001E
:10B23000000000000000000000000000000000000E
:10B2400000000000000000000000000000000000FE
:10B2500000000000000000000000000000000000EE
:10B2600000000000000000000000000000000000DE
:10B2700000000000000000000000000000000000CE
:10B2800000000000000000000000000000000000BE
:10B2900000000000000000000000000000000000AE
:10B2A000000000000000000000000000000000009E
:10B2B000000000000000000000000000000000008E
:10B2C000000000000000000000000000000000007E
:10B2D000000000000000000000000000000000006E
:10B2E000000000000000000000000000000000005E
:10B2F000000000000000000000000000000000004E
:10B30000000000000000000000000000000000003D
:10B31000000000000000000000000000000000002D
:10B32000000000000000000000000000000000001D
:10B33000000000000000000000000000000000000D
:10B3400000000000000000000000000000000000FD
:10B3500000000000000000000000000000000000ED
:10B3600000000000000000000000000000000000DD
:10B3700000000000000000000000000000000000CD
:10B3800000000000000000000000000000000000BD
:10B3900000000000000000000000000000000000AD
:10B3A000000000000000000000000000000000009D
:10B3B000000000000000000000000000000000008D
:10B3C000000000000000000000000000000000007D
:10B3D000000000000000000000000000000000006D
:10B3E000000000000000000000000000000000005D
:10B3F000000000000000000000000000000000004D
:10B40000000000000000000000000000000000003C
:10B41000000000000000000000000000000000002C
:10B42000000000000000000000000000000000001C
:10B43000000000000000000000000000000000000C
:10B4400000000000000000000000000000000000FC
:10B4500000000000000000000000000000000000EC
:10B4600000000000000000000000000000000000DC
:10B4700000000000000000000000000000000000CC
:10B4800000000000000000000000000000000000BC
:10B4900000000000000000000000000000000000AC
:10B4A000000000000000000000000000000000009C
:10B4B000000000000000000000000000000000008C
:10B4C000000000000000000000000000000000007C
:10B4D000000000000000000000000000000000006C
:10B4E000000000000000000000000000000000005C
:10B4F000000000000000000000000000000000004C
:10B50000000000000000000000000000000000003B
:10B51000000000000000000000000000000000002B
:10B52000000000000000000000000000000000001B
:10B53000000000000000000000000000000000000B
:10B5400000000000000000000000000000000000FB
:10B5500000000000000000000000000000000000EB
:10B5600000000000000000000000000000000000DB
:10B5700000000000000000000000000000000000CB
:10B5800000000000000000000000000000000000BB
:10B5900000000000000000000000000000000000AB
:10B5A000000000000000000000000000000000009B
:10B5B000000000000000000000000000000000008B
:10B5C000000000000000000000000000000000007B
:10B5D000000000000000000000000000000000006B
:10B5E000000000000000000000000000000000005B
:10B5F000000000000000000000000000000000004B
:10B60000000000000000000000000000000000003A
:10B61000000000000000000000000000000000002A
:10B62000000000000000000000000000000000001A
:10B63000000000000000000000000000000000000A
:10B6400000000000000000000000000000000000FA
:10B6500000000000000000000000000000000000EA
:10B6600000000000000000000000000000000000DA
:10B6700000000000000000000000000000000000CA
:10B6800000000000000000000000000000000000BA
:10B6900000000000000000000000000000000000AA
:10B6A000000000000000000000000000000000009A
:10B6B000000000000000000000000000000000008A
:10B6C000000000000000000000000000000000007A
:10B6D000000000000000000000000000000000006A
:10B6E000000000000000000000000000000000005A
:10B6F000000000000000000000000000000000004A
:10B700000000000000000000000000000000000039
:10B710000000000000000000000000000000000029
:10B720000000000000000000000000000000000019
:10B730000000000000000000000000000000000009
:10B7400000000000000000000000000000000000F9
:10B7500000000000000000000000000000000000E9
:10B7600000000000000000000000000000000000D9
:10B7700000000000000000000000000000000000C9
:10B7800000000000000000000000000000000000B9
:10B7900000000000000000000000000000000000A9
:10B7A0000000000000000000000000000000000099
:10B7B0000000000000000000000000000000000089
:10B7C0000000000000000000000000000000000079
:10B7D0000000000000000000000000000000000069
:10B7E0000000000000000000000000000000000059
:10B7F0000000000000000000000000000000000049
:10B800000000000000000000000000000000000038
:10B810000000000000000000000000000000000028
:10B820000000000000000000000000000000000018
:10B830000000000000000000000000000000000008
:10B8400000000000000000000000000000000000F8
:10B8500000000000000000000000000000000000E8
:10B8600000000000000000000000000000000000D8
:10B8700000000000000000000000000000000000C8
:10B8800000000000000000000000000000000000B8
:10B8900000000000000000000000000000000000A8
:10B8A0000000000000000000000000000000000098
:10B8B0000000000000000000000000000000000088
:10B8C0000000000000000000000000000000000078
:10B8D0000000000000000000000000000000000068
:10B8E0000000000000000000000000000000000058
:10B8F0000000000000000000000000000000000048
:10B900000000000000000000000000000000000037
:10B910000000000000000000000000000000000027
:10B920000000000000000000000000000000000017
:10B930000000000000000000000000000000000007
:10B9400000000000000000000000000000000000F7
:10B9500000000000000000000000000000000000E7
:10B9600000000000000000000000000000000000D7
:10B9700000000000000000000000000000000000C7
:10B9800000000000000000000000000000000000B7
:10B9900000000000000000000000000000000000A7
:10B9A0000000000000000000000000000000000097
:10B9B0000000000000000000000000000000000087
:10B9C0000000000000000000000000000000000077
:10B9D0000000000000000000000000000000000067
:10B9E0000000000000000000000000000000000057
:10B9F0000000000000000000000000000000000047
:10BA00000000000000000000000000000000000036
:10BA10000000000000000000000000000000000026
:10BA20000000000000000000000000000000000016
:10BA30000000000000000000000000000000000006
:10BA400000000000000000000000000000000000F6
:10BA500000000000000000000000000000000000E6
:10BA600000000000000000000000000000000000D6
:10BA700000000000000000000000000000000000C6
:10BA800000000000000000000000000000000000B6
:10BA900000000000000000000000000000000000A6
:10BAA0000000000000000000000000000000000096
:10BAB0000000000000000000000000000000000086
:10BAC0000000000000000000000000000000000076
:10BAD0000000000000000000000000000000000066
:10BAE0000000000000000000000000000000000056
:10BAF0000000000000000000000000000000000046
:10BB00000000000000000000000000000000000035
:10BB10000000000000000000000000000000000025
:10BB20000000000000000000000000000000000015
:10BB30000000000000000000000000000000000005
:10BB400000000000000000000000000000000000F5
:10BB500000000000000000000000000000000000E5
:10BB600000000000000000000000000000000000D5
:10BB700000000000000000000000000000000000C5
:10BB800000000000000000000000000000000000B5
:10BB900000000000000000000000000000000000A5
:10BBA0000000000000000000000000000000000095
:10BBB0000000000000000000000000000000000085
:10BBC0000000000000000000000000000000000075
:10BBD0000000000000000000000000000000000065
:10BBE0000000000000000000000000000000000055
:10BBF0000000000000000000000000000000000045
:10BC00000000000000000000000000000000000034
:10BC10000000000000000000000000000000000024
:10BC20000000000000000000000000000000000014
:10BC30000000000000000000000000000000000004
:10BC400000000000000000000000000000000000F4
:10BC500000000000000000000000000000000000E4
:10BC600000000000000000000000000000000000D4
:10BC700000000000000000000000000000000000C4
:10BC800000000000000000000000000000000000B4
:10BC900000000000000000000000000000000000A4
:10BCA0000000000000000000000000000000000094
:10BCB0000000000000000000000000000000000084
:10BCC0000000000000000000000000000000000074
:10BCD0000000000000000000000000000000000064
:10BCE0000000000000000000000000000000000054
:10BCF0000000000000000000000000000000000044
:10BD00000000000000000000000000000000000033
:10BD10000000000000000000000000000000000023
:10BD20000000000000000000000000000000000013
:10BD30000000000000000000000000000000000003
:10BD400000000000000000000000000000000000F3
:10BD500000000000000000000000000000000000E3
:10BD600000000000000000000000000000000000D3
:10BD700000000000000000000000000000000000C3
:10BD800000000000000000000000000000000000B3
:10BD900000000000000000000000000000000000A3
:10BDA0000000000000000000000000000000000093
:10BDB0000000000000000000000000000000000083
:10BDC0000000000000000000000000000000000073
:10BDD0000000000000000000000000000000000063
:10BDE0000000000000000000000000000000000053
:10BDF0000000000000000000000000000000000043
:10BE00000000000000000000000000000000000032
:10BE10000000000000000000000000000000000022
:10BE20000000000000000000000000000000000012
:10BE30000000000000000000000000000000000002
:10BE400000000000000000000000000000000000F2
:10BE500000000000000000000000000000000000E2
:10BE600000000000000000000000000000000000D2
:10BE700000000000000000000000000000000000C2
:10BE800000000000000000000000000000000000B2
:10BE900000000000000000000000000000000000A2
:10BEA0000000000000000000000000000000000092
:10BEB0000000000000000000000000000000000082
:10BEC0000000000000000000000000000000000072
:10BED0000000000000000000000000000000000062
:10BEE0000000000000000000000000000000000052
:10BEF0000000000000000000000000000000000042
:10BF00000000000000000000000000000000000031
:10BF10000000000000000000000000000000000021
:10BF20000000000000000000000000000000000011
:10BF30000000000000000000000000000000000001
:10BF400000000000000000000000000000000000F1
:10BF500000000000000000000000000000000000E1
:10BF600000000000000000000000000000000000D1
:10BF700000000000000000000000000000000000C1
:10BF800000000000000000000000000000000000B1
:10BF900000000000000000000000000000000000A1
:10BFA0000000000000000000000000000000000091
:10BFB0000000000000000000000000000000000081
:10BFC0000000000000000000000000000000000071
:10BFD0000000000000000000000000000000000061
:10BFE0000000000000000000000000000000000051
:10BFF0000000000000000000000000000000000041
:10C000005555555555552201030B0000006CDC02B7
:10C0100000000000000000000102030406070809F8
:10C020000000000000000000000000000000000010
:10C030000000000000000000000000000000000000
:10C0400000000000000000000000000000000000F0
:10C0500000000000030000000000000000000000DD
:10C0600000000000000000000000000000000000D0
:10C0700000000000000000000000000000000000C0
:10C0800000000000000000000000000000000000B0
:10C0900000FF0000000000000000000000000000A1
:10C0A0000000000000000000000000000000000090
:10C0B0000000000000000000000000000000000080
:04000005080080BDB2
:00000001FF
