:020000040800F2
:10800000100F00209D81000875A2000811A2000831
:108010000000000000000000000000000000000060
:10802000000000000000000000000000C381000804
:108030000000000000000000C58100089DA50008A8
:10804000C9810008C9810008C9810008C9810008E8
:10805000C9810008C9810008C9810008BD9E0008C7
:108060006DAC00084D9C0008C9810008C98100085A
:10807000C9810008C98100080DA7000861A7000890
:10808000A1A7000815A80008C9810008F1A60008EA
:10809000C9810008C9810008C9810008C981000898
:1080A000C9810008C981000811A40008C98100081D
:1080B000C9810008C9810008E59B000800F002F8AA
:1080C00000F040F80CA030C8083824182D18A2463B
:1080D000671EAB4654465D46AC4201D100F032F813
:1080E0007E460F3E0FCCB6460126334200D0FB1A27
:1080F000A246AB46334318478CD10000ACD10000F8
:10810000103A02D378C878C1FAD8520701D330C8E0
:1081100030C101D504680C607047000000230024C2
:1081200000250026103A01D378C1FBD8520700D3AE
:1081300030C100D50B6070471FB500F033F91FBD8B
:1081400010B510BD01F0E4F81146FFF7F5FF0CF093
:108150000FF901F0FCF803B4FFF7F2FF03BC01F0E4
:1081600031F9000070B505460C46164602E00FCC0A
:108170000FC5103E102EFAD2082E02D303CC03C531
:10818000083E042E07D301CC01C5361F03E0217839
:108190002970641C6D1C761EF9D270BD0E4880F3E8
:1081A00008880E480168090E0D4A914205D10D4814
:1081B0000D4901600D480E49016007480047FEE780
:1081C000FEE7FEE7FEE7FEE7FEE7000009480A4992
:1081D0000A4A0B4B70470000BD80000804000000F5
:1081E0001F000000181002400100000000000140C4
:1081F0000000000010090020100F0020100B0020CC
:10820000100B002001E004C0091F0429FBD28B07DA
:1082100001D50280801CC90700D002707047002978
:108220000BD0C30702D00270401C491E022904D3A0
:10823000830702D50280801C891EE3E70022EEE757
:108240000022DFE7002203098B422CD3030A8B4272
:1082500011D300239C464EE003460B433CD400223E
:1082600043088B4231D303098B421CD3030A8B4250
:1082700001D394463FE0C3098B4201D3CB01C01A1E
:10828000524183098B4201D38B01C01A52414309E9
:108290008B4201D34B01C01A524103098B4201D3D7
:1082A0000B01C01A5241C3088B4201D3CB00C01A44
:1082B000524183088B4201D38B00C01A52414308BC
:1082C0008B4201D34B00C01A5241411A00D20146E1
:1082D0005241104670475DE0CA0F00D0494203107A
:1082E00000D34042534000229C4603098B422DD3C9
:1082F000030A8B4212D3FC22890112BA030A8B4271
:108300000CD3890192118B4208D3890192118B42BF
:1083100004D389013AD0921100E08909C3098B4244
:1083200001D3CB01C01A524183098B4201D38B0187
:10833000C01A524143098B4201D34B01C01A52412A
:1083400003098B4201D30B01C01A5241C3088B426F
:1083500001D3CB00C01A524183088B4201D38B005A
:10836000C01A5241D9D243088B4201D34B00C01AE4
:108370005241411A00D20146634652415B101046F9
:1083800001D34042002B00D54942704763465B1041
:1083900000D3404201B50020C046C04602BD704730
:1083A0007047704770B5064C7C44064D7D4403E031
:1083B000206800198047241DAC42F9D170BD00002F
:1083C000F8CE000054CF00000246C80FC00781431A
:1083D0004B0030B54B405B009B0D20D01923DB06D2
:1083E000C91801231B05994220DB0324A407042597
:1083F0001346AB400BD3002B04D1EB0613409B007C
:10840000E34204D401246407002312195941FF23D5
:108410001B0599420BD2C9000143500F09E0CB0262
:1084200004D501430803024305D0054830BDFF21B0
:10843000C905084330BD084607210905884330BDFA
:108440000000C07FF0B50C46871A9C410D46861A85
:108450009D4103D2C01BA141D21963410D0D1F0DD7
:10846000C94EEC1BAE435CD07F057F0D0026002F6C
:1084700051D02D05AC46A943DD020123ED0A1B05B1
:108480001D4320231B1B24D41746E7403818714195
:108490002F46E740CC199D402818314661410C0D0C
:1084A00027D161449A4013D50023401C5941520002
:1084B0000ED14008400001224B005205D34207D3A1
:1084C00005204007C14201D5B04900E0B04930461F
:1084D000F0BD6B00002A00D001229A181F23203C17
:1084E0001B1B01D5002302E0E540281871410C0D4B
:1084F000D7D0012424050919C407CD07400849082D
:10850000E40F28436144002CD5D00024401C614175
:108510009A40D0D1CDE76A05520DD9D1C90FC9070C
:10852000D5E79C4D4E00002801D0012400E0002436
:1085300034195F00002A01D0012600E00026BE1990
:10854000954FAC420CD8AE420AD8B44206D00125B1
:108550006D05EC42BCD010461946F0BD9942FCD0E6
:1085600000203946F0BDF0B51FB40C460F46811A05
:108570009F412546861A9D4106D20125ED076F4091
:10858000401ABC4152187B41210D1E0D8D1BAC467B
:108590007D4D8D437ED075056D0D7CD00D05AE46AD
:1085A000AC431B031B0B794D52429D412023664671
:1085B0009B1B14D31746F7403818002600907441CF
:1085C00060462F460741E41900989D4028186641EF
:1085D00016D4714671189A4025D5012320E09318CE
:1085E0002A466A415200002B00D0521C1E23203E16
:1085F0009B1B002B61DD3541EE1728186641E8D53D
:10860000001876415B1C9A4000D3401C4B05F318C0
:108610001524E34010D3002B52D071467118D30FAC
:10862000C01802D3491C05B0F0BD0123DB079A42F4
:10863000F9D140084000F6E701225205B21801D1F5
:10864000002853D00123CC0ADB029943891E002A5B
:1086500008D1020C03D0020C0004103902E00246DB
:10866000002020390023550B05D112020823550B99
:1086700001D152010D23550C01D112011B1DD50C46
:1086800001D192009B1C150D01D152005B1C2025CD
:10869000EE1A01E02CE022E00546F5401543984033
:1086A000CA1AE10769181305C918002ABBDA0320A2
:1086B00040070818C10FC9070FE071466118B2E7FB
:1086C000F10740080843711071444A000CD001239F
:1086D0005B059A42A7D2C90FC9070020A3E7490545
:1086E000490D26D1002001E00028F4D100219AE7AD
:1086F000284D6600002801D0012100E000217118FA
:108700005F00002A01D0012600E00026BE19224F9A
:10871000A94210D8AE420ED8B14208D001256D054D
:10872000E94206D01946A802414010467BE79C4228
:1087300001D0214677E70020394674E710B50C4692
:108740005C4005D50124E4076340FFF70CFF10BD32
:10875000FFF778FE10BD30B40C465C4004D5012410
:10876000E407634030BC6DE630BCFCE670B5012424
:10877000E40761400D465D4002D4FFF763FE70BD23
:108780006340FFF7F0FE70BDFF0700000000F0FF40
:108790000000F07F0000E0FF0000F87FF0B5F94D29
:1087A0000C091E092C402E402F468BB0A7437DD0CC
:1087B000B543FCD0002E7AD0002CFCD00D465D4095
:1087C000ED0F2543AC1BFF25AD0464190894C502C9
:1087D000440DC9022143500DDC0204430120C007AF
:1087E00001430443D2020191200C110C00958C46E8
:1087F000010423468B430A9161460904E24D8A43F2
:108800000991010A7D4449198039097805464D438B
:1088100001266D18F605751B6943C90C640B891C8C
:108820004C436418B5012C1B250C2E04B4434C4357
:108830004D43210C691889090591009DE90701D074
:108840000121C90704912C4601996708CD072F43E0
:108850004C08059DE10B4D432D0C2946664675439A
:1088600002950D4645432E46029D7D1BB441009561
:108870000D465D4301942C0C2F040D465543AE4626
:108880002D0C3D43029503947546049C2D04641BF6
:10889000049406D2029C039D641C00267541039536
:1088A000029401AC70CC009F7D1B01E03EE162E1CF
:1088B000B44109040095079101940599A408614306
:1088C000090C0C464443650BE7040C4666467443AA
:1088D000A646640B3C43039502947446049DE4044D
:1088E0002C1B049406D2029C039D641C0026754137
:1088F0000395029401AC70CC009F7D1BB4410194A0
:108900000C465C430095650FE7000C465443A646B1
:10891000640F3C43039502947446049DE4002C1BB1
:10892000049406D2029C039D641C002675410395A5
:10893000029401AC70CC009F7D1BB441AE09AF0620
:10894000049DC900AD092F43049DA406AD060495FE
:10895000079D344369180791059DE10B4D432D0C8C
:1089600029466646754302950D4645432E46029DAF
:108970007D1BB44100950D465D4301942C0C2F04E2
:108980000D465543AE462D0C3D4302950394754666
:10899000049C2D04641B049406D2029C039D641C59
:1089A000002675410395029401AC70CC009F7D1B9D
:1089B000B44101948C050694079C890A61180095BE
:1089C0000791019C0599A4086143090C0D46454394
:1089D000680BEF040D46644665436C0B3C43049FF3
:1089E000ED047D1BAC4602D20025641C6841009E4C
:1089F000019D371B85410846584301950C46460F9B
:108A0000C5005443600F28436546E4002C1B02D286
:108A10000025401C6E41019D3F1AB5412846BD0905
:108A2000800628438446A009BF064E020699A40684
:108A300076180743079D002068410A99079019435B
:108A40000020099B00906046FF1913434041E20F4C
:108A500064003A43A4460446D71A8C41A04203D985
:108A60000120009020463A46C70F941840416246C4
:108A7000D20F2243644664000494009CBE46640006
:108A8000D71AA446044602978C417746002F01D19D
:108A9000A04204D96046401C8446029A2046C40F76
:108AA000A64694184041049A0546D20F22436446D4
:108AB0006400D31A8D417146002901D1A84202D920
:108AC00028461A46641C10430122002800D0164391
:108AD00061020020079B891904465C410223002C97
:108AE00002DB491813466441089DCE0A2D145D1916
:108AF0004B056705E10A2C050D1908993E43C90786
:108B00006940002B08D0934006D30022761C5141C7
:108B1000002B01D1760876001C4A002D43DB15425C
:108B200041D0AA433FD030460BB0F0BD06180D46E9
:108B30004D41174C7642AC411AD395181C465C4106
:108B4000134A6D42A24113D3012252054C00D44274
:108B50000AD15C00D4420BD04B4002D592021143A3
:108B6000E2E749004908DFE75940C90FC90718E0A3
:108B700000200849D8E7054801420DD10342F7D04B
:108B8000F2E700000000FF07BCC900000000F07F12
:108B90000000E0FF0000F87F114859400143C01277
:108BA00041400020C0E70123089A9B069A4205DC59
:108BB000032252078918C90FC907B5E705225207D2
:108BC0008918074A1143D2125140ADE770B51546D6
:108BD0001C4602460B4628462146FFF7DFFD70BDC6
:108BE000FFFFFF7F30B50346CA02400D1043164D0C
:108BF000164C0A1502D02043002A06DBAA1A002AC6
:108C000012DDD040FF2A0BDC30BD5205520D01D1E0
:108C100040004008AA1A07D4D0404042FF2A01DD94
:108C2000002030BD0028FCDD4A00002B01D00120CF
:108C300000E00020101801225205D042F0D8C817D9
:108C4000C043604030BD00001E04000000000080F2
:108C50000346CA02400D10B510430A1504D0012482
:108C6000E4072043002A05DB0A4CA21A04D4D040B2
:108C7000FF2A00DD002010BD4A00002B01D001209A
:108C800000E00020101801225205D042F2D8C81787
:108C9000C04310BD1E0400001F22030C02D10F228E
:108CA000000402D0030E03D004E000200146704708
:108CB0000002083A030F01D10001121F830F01D1F6
:108CC0008000921E002801DB4000521E1205511840
:108CD0004205C012411810467047C10FC90700D0A5
:108CE0004042012292071143D6E701218907D3E7C9
:108CF000F0B58B4C0F09254689B0BD437BD01D09CB
:108D00002646AE43FAD00E465E402740F60F3E435D
:108D1000254071D024012142FBD0FF24AD19A404C9
:108D20002D1B039501252D05DB02DB0AC9022B4310
:108D3000C90A29431E010901040F130F050121432C
:108D40001701880B820391432D098C46A90B1E4302
:108D50008A039543B30B9A0396433F09BA0B9403D6
:108D6000A74302962E467E430497B6464E19D7195E
:108D70000C460196544305977E43371B7646BF1B2E
:108D80003601B646BE0B361900967646BC04371936
:108D9000009C01D3641C00946400002F01D00126C4
:108DA0003443029E049F754366467E4304967600D4
:108DB00034196E0034190094029C019E1C196643FC
:108DC000751BAE46069465464519059C05956C4392
:108DD000594375460891691A0191049E0146514311
:108DE000A41B0491611A009C0791E10605D061095A
:108DF0000122114302E072E06EE06109089D002744
:108E00002C0A2D066918049D7C412A0A2D06691832
:108E1000019D6241AC0DAD026D185441079A910D50
:108E2000920255196141029A644658435443069B85
:108E3000059A5A43121A131B9A0E9B015B187A412A
:108E4000010B0005C3185141220A200644195A415A
:108E50009A4200D2491C01204002814203D31523CB
:108E60000226F64302E014230326F6432020C51A07
:108E7000A9401746AF40DA400A4320460399D8403C
:108E80000914731819055118039A3843D207514031
:108E9000AC4009D00122944006D30022401C51412D
:108EA000002C01D1400840001E4A934212D30122F7
:108EB00003989206904207DB0520400709181A48DC
:108EC0000143C012414004E0032040070818C10FCD
:108ED000C907002009B0F0BD0020F107FAE7051826
:108EE0000C464C4111486D42A04115D394181A46C6
:108EF0005A410E48644290410ED301204A00400579
:108F0000824209D35A00824206D35940C90F084A07
:108F1000C90700201143DDE700200649DAE7000019
:108F20000000FF07FE070000FFFFFF7F0000E0FFDB
:108F30000000F07F0000F87F0121C90501234118DE
:108F400042001B06D3185B0E0AD0C1100722D206BE
:108F5000891840075242D14201D552008918704702
:108F6000090208D50146002A03D0C10FC907002015
:108F7000704710467047420202D0002002497047F5
:108F8000072109050143F4E70000F87FF0B5FF254C
:108F90002D04C609C209FF2704462E400137CB091C
:108FA0003E4348402A402B400746002A6BD0002B06
:108FB00069D0AA4267D0AB4265D0002800DA3246B9
:108FC0000125ED0529432C4309022002090AD21A82
:108FD0004B0C7F24E31A434C000A7C44E35C7D2461
:108FE0002404121914145B00A218884201D3521CE5
:108FF00000E0400049420C465C4324115C43DB0125
:109000006415E318040A5C43C502200D0C46444372
:109010006419250A5D432303EC0C0D4665430003E8
:109020000019EB184C42A34201D35B18401CD40535
:109030002018002B07D05B00C91804D3401C00295E
:1090400001D1400840003F2189048A4209D3002A07
:1090500008DC1106090F04D0032149074018C00F8E
:10906000C007F0BD01224100120689187F22520676
:109070009142F6D205214907C84201D59010F0BDB2
:10908000FF20C005F0BD002F00DA32461648AA4284
:1090900007D2AB4205D21902090E17D0F80FC0074C
:1090A000F0BDFF2563002D06AB42F9D84900A94267
:1090B000F6D8AB4201D1A942F2D0A94201D1002198
:1090C00001E061004908D0050843F0BD1102090E16
:1090D000FBD0FF200243D005F0BD0A4601461046F2
:1090E00054E7000066C200000000C07F10B50146D2
:1090F0009E240002CA15A307002A02D01843002AA2
:1091000004DBA21A002A0CDDD04010BD1206120E9C
:1091100001D140004008A21A03D4D04040420028A8
:10912000F3DDFF2248001206904201D9002010BD55
:10913000C817C043584010BD0102C21504D0012316
:10914000DB071943002A0ADB9E239A1A02D4084639
:10915000D0407047FF2241001206914201D9002001
:109160007047C017C04370471F22030C02D10F2263
:1091700000041CD0030E01D10002083A030F01D1F4
:109180000001121F830F01D18000921E002801DB15
:109190004000521ED2055118021251181922904057
:1091A00004D3491C002801D14908490008467047EA
:1091B000C10FC90700D04042012292071143D3E7F3
:1091C00001218907D0E70000F8B5224C4E00069D2A
:1091D000A6420AD8A64201D1002806D15E00A642C6
:1091E00003D8A6420AD1002A08D00D24240425421F
:1091F0002CD02946002000F061F8F8BD0C461C4335
:109200000CD4994202D0EFF30080F8BD904202D016
:10921000EFF30080F8BDEFF30080F8BD09242407C8
:10922000E5008B4206D0EFF30080A043591A06D226
:10923000284304E0101A05D3EFF30080A04380F325
:109240000088F8BDEFF30080A043F1E7009500F03F
:109250004DF8F8BD0000E0FF10B5FF231B064400E9
:109260009C421DD84C009C421AD80346124A0B431C
:1092700007D4401A02D3EFF3008010BDEFF3008053
:1092800010BD081A06D2EFF3008001219043C907F0
:10929000084302E0EFF30080904380F3008810BDA4
:1092A0000D231B041A4204D01146002000F006F8DA
:1092B00010BD00F025F810BD00000090C80212D5C6
:1092C0004803400F002804D0C803C0430121884050
:1092D0007047EFF3008000010009032109070843EC
:1092E00080F30088704700207047000010B5002010
:1092F0000249029A00F033F810BD00000000F87F28
:1093000010B5024800F02BF810BD00000000C07F2F
:10931000754600F053F8AE46050069465346C0084E
:10932000C000854618B020B5FEF750FF60BC00278E
:109330004908B6460026C0C5C0C5C0C5C0C5C0C521
:10934000C0C5C0C5C0C5403D49008D46704710B579
:109350000446C046C0462046FEF7FDFE10BD10B5CF
:109360000C461107090F092904D00A290AD0082937
:109370000CD104E011460820FFF7A0FF06E05106DB
:1093800006D501E0510601D50120C007214610BDD8
:10939000D10607D501010909CC084907000E0006CE
:1093A000044309E0410F20024907000A0143200E4F
:1093B00000061D22D14101430846E7E700487047F7
:1093C000B008002001491820ABBEFEE726000200CD
:1093D000704710B50B460021846A1C43846200BFAD
:1093E0000C4614432146416110BD002904D0826817
:1093F00001231A43826003E0826802231A438260D9
:109400007047002904D0C26801231A43C26003E0F8
:10941000C26852085200C2607047C26802239A4371
:10942000C260C2680A43C2607047000010B50446BB
:109430000548844207D10121401500F0A3FF002117
:10944000601500F09FFF10BD0024014030B50146BB
:109450000020002200238C680125ED072C438C603E
:1094600000BF8C68E30FDB07521C0F242403A242C9
:1094700001D0002BF5D18C68E40FE407002C01D15A
:10948000086C00E0002030BD30B50246002000230B
:10949000012424060C40002C05D0946801252D06DB
:1094A000AC43234600E013681C460C40002C01D05E
:1094B000012000E0002030BD10B50022C268084B3A
:1094C0001A400C7964030B6823438C682343CC68EF
:1094D00023430C6923434C6923431A43C26010BDE4
:1094E00003D2FFFF8168042211438160704700218D
:1094F000016001718160C1600161416170470000DC
:10950000002807D0074989680122D2051143054A7E
:10951000916006E0034989680122D2059143014A1E
:109520009160704700270140002807D007498968EB
:10953000012212061143054A916006E00349896839
:10954000012212069143014A9160704700270140B1
:10955000002807D007498968012292051143054A6E
:10956000916006E003498968012292059143014A0E
:109570009160704700270140002904D0012907D0DD
:10958000022911D10AE0826880231A4382600CE02C
:1095900082680123DB031A43826006E082680123AC
:1095A000DB051A43826000E000BF00BF7047000087
:1095B00010B501235B02CA1A994242D010DC20295F
:1095C00030D006DC012924D0042925D0082948D12F
:1095D00025E0402929D0CA1FF93A002A41D12DE0BF
:1095E0003F246402131BA24236D009DCFF3AFF3A43
:1095F000023A002A28D001239B02D21A31D126E058
:109600000122D2039A1A13D001231B04D21A28D1A3
:1096100011E0154A826025E00822C26022E0102293
:10962000C2601FE0082202611CE01022026119E002
:109630000822426016E01022426013E004224260D9
:1096400010E0042242600DE0042242600AE00022A1
:1096500082610422426005E00022826104224260AD
:1096600000E000BF00BF10BD0101010010B50446BD
:109670000121480600F066FE00210120400600F0AE
:1096800061FE10BD70B504460D4600266069284095
:1096900000286FD0FF210131681A8D4264D010DCA0
:1096A000082D3DD006DC012D28D0022D2CD0042D14
:1096B0007BD12FE0102D39D0202D3DD0402D74D1FD
:1096C00040E07F221202811A904268D00DDCFF3800
:1096D000013800284FD0FF38FF380238002850D01A
:1096E00001218902401A60D151E00120C003081A0B
:1096F0002ED001210904401A57D12FE0A0682E492D
:1097000001F0B8FB064652E0E068032101F0B2FB2D
:1097100006464CE0E068082101F0ACFB064646E056
:10972000E068102101F0A6FB064640E02069032115
:1097300001F0A0FB06463AE02069082101F09AFBFF
:10974000064634E02069102101F094FB06462EE025
:109750006068082101F08EFB064628E06068102151
:1097600001F088FB064622E0A069012101F082FB9E
:1097700006461CE01CE0A069022101F07BFB0646C6
:1097800015E0A069042101F075FB06460FE0A06911
:10979000702101F06FFB064609E006E0FFE7606814
:1097A000042101F067FB064601E0002600BF00E04F
:1097B0000026304670BD00000101010030B50246B0
:1097C0000020002314680225AC43146014680125AE
:1097D0002C43146000E05B1C5468E407E40F002C89
:1097E00002D13C4CA342F6D15468E407E40F002CAC
:1097F00001D100206DE08C79012C04D11468802502
:109800002C43146003E014688025AC431460CC79C9
:10981000012C04D1146840252C43146003E0146823
:109820004025AC4314600C7A012C04D11468202527
:109830002C43146003E014682025AC4314604C7A78
:10984000012C04D1146810252C43146003E0146823
:109850001025AC4314608C7A012C04D114680825BF
:109860002C43146003E014680825AC431460CC7AE0
:10987000012C04D1146804252C43146003E01468FF
:109880000425AC4314608C78A407CD782D062C43B6
:109890000D792D042C434D792D052C430D886D1E1B
:1098A0002C43D4611468640864001460002300E051
:1098B0005B1C5468E407E40F002C02D0054CA34263
:1098C000F6D15468E407E40F002C01D0002000E03A
:1098D000012030BDFFFFFF0010B50C010346FF3330
:1098E000B1331B59042423401372137A002B07D180
:1098F0000C010346FF33B1331B595B0D136006E0C7
:109900000C010346FF33B1331B59DB0853600C01D4
:109910000346FF33B1331B590224234053720C0119
:109920000346FF33B133E3185B681B071B0F9372C9
:109930000C010346FF33B133E3185B681B041B0EB5
:10994000D3740C010346FF33B133E3189B68D37221
:109950000C010346FF33B133E3189B681B041C0E54
:1099600014730C010346FF33B133E3189B681B02E9
:109970001C0E54730C010346FF33B133E3189B688C
:109980001B0E93730C010346FF33B133E318DB68FE
:10999000D3730C010346FF33B133E318DB681B04B8
:1099A0001C0E14740C010346FF33B133E318DB685B
:1099B0001B021C0E54740C010346FF33B133E31831
:1099C000DB681B0E9374002904D1C3682024234351
:1099D000C36003E0036920242343036110BD002119
:1099E0008171C171017241728172C1728170C170E5
:1099F000032101710221417101210180704730B5BD
:109A00000246002093680124A4062340A34200D10B
:109A100010E093680124E4062340A34201D1012011
:109A200008E09368012424072340A34201D10220C7
:109A300000E0042004287BD004011346FF33813367
:109A40001B59DC07E40F05011346FF3381335C51DA
:109A50000B7A002B0FD10B885B054C7A2343050151
:109A60001446FF3481346459234305011446FF34FE
:109A70008134635110E04B68DB000C7A23434C7A4D
:109A8000234305011446FF348134645923430501FF
:109A90001446FF34813463518B7A1B071B0F8B7282
:109AA00004011346FF338133E3185B681C0924016A
:109AB00005011346FF338133EB185C600401134644
:109AC000FF338133E3185B688C7A23430501144626
:109AD000FF3481342C1963608B7B1B064C7B240480
:109AE00023430C7B24022343CC7A234305011446F1
:109AF000FF3481342C19A3608B7C1B064C7C24041E
:109B000023430C7C24022343CC7B234305011446CE
:109B1000FF3481342C19E36004011346FF33813391
:109B20001B590124234305011446FF34813463513A
:109B300030BD000010B502460023002904D00129E1
:109B400007D002290FD109E09068204C204003463D
:109B50000BE090681E4C2040034606E090681D4CC8
:109B60002040034601E0002300BF00BF1A4C181B31
:109B7000A3421BD008DC002B14D01848181800286A
:109B800012D002281CD115E0FF38FF380238002817
:109B900012D0134C001900280AD001246404001BC1
:109BA0000ED10BE002230DE000230BE0002309E0BF
:109BB000002307E0012305E0012303E0012301E086
:109BC000002300BF00BFD8B210BD00000300000496
:109BD000000300080000031000010008FFFFFFFB66
:109BE0000003FFF710B502211548FFF74BFD0128D0
:109BF0000FD1012113480170C21FFD3A0021104806
:109C0000FFF76AFE104803F0F3FE02210C48FFF74D
:109C1000CFFC10210A48FFF735FD01280ED10121A4
:109C200008480170C21FFD3A0548FFF755FE064877
:109C300003F0DEFE10210248FFF7BAFC10BD000061
:109C400000640040840800206407002010B5022052
:109C500000F0EEF8002867D0022000F069F83348E1
:109C6000808E001D81B23148818600200FE02F498F
:109C700040390A6FC1004118491D4B002B49BC39BE
:109C8000C95A5218294940390A67411CC8B20428E8
:109C9000EDDB012109030920C00600F099FA002834
:109CA00042D100BF3EE021494039CA6DC100411890
:109CB000491C4B001D49BC39C95A52181B4940392F
:109CC000CA650A6EC1004118891C4B001749BC398E
:109CD000C95A5218154940390A664A6EC1004118DE
:109CE000C91C4B001149BC39C95A52180F49403997
:109CF0004A668A6EC1004118091D4B000B49BC39E8
:109D0000C95A5218094940398A66CA6EC1004118B9
:109D10004B000649BC39C95A521804494039CA6631
:109D2000411CC8B20428BEDB10BD00008402002024
:109D3000014948607047000000000240002904D03B
:109D4000026801231A43026003E00268014B1A40D3
:109D500002607047FEFF00000168334A1140016055
:109D60000021016041608160C1603049884208D1B2
:109D70002E49083949680F2211432C4A083A51608C
:109D800051E02A491431884208D1284908394968E4
:109D9000F0221143254A083A516044E02349283112
:109DA000884209D12149083949680F22120211431A
:109DB0001E4A083A516036E01C493C31884209D1BC
:109DC0001A49083949680F2212031143174A083A01
:109DD000516028E015495031884209D113490839AA
:109DE00049680F2212041143104A083A51601AE0E0
:109DF0000E496431884209D10C49083949680F225B
:109E000012051143094A083A51600CE007497831BC
:109E1000884208D10549083949680F2212061143C2
:109E2000024A083A51607047FEFF000008000240F5
:109E300001460020044A12680A40002A01D001208D
:109E400000E000207047000000000240002A03D01C
:109E500003680B43036002E003688B4303607047B1
:109E600010B5002202680D4B1A400C6A8B68234320
:109E70000C6923434C6923438C692343CC692343F6
:109E80004C6A23438C6A23431A430260CB684360C5
:109E90000B6883604B68C36010BD00000F80FFFF3C
:109EA0000021016041608160C160016141618161A7
:109EB000C1610162416281627047000010B50120FA
:109EC000400300F007F801200149C87110BD0000EF
:109ED0006805002001494861704700000004014006
:109EE000002120498279002A35D00A461268036889
:109EF0009A430B461A600A46526803689A430B4617
:109F00005A60027951180A6803681A430A60154AB0
:109F1000926803689A43134B9A601A46D2680368A2
:109F20009A43104BDA604279102A0CD11A46926893
:109F300003681A430B4B9A601A46D26803681A43A7
:109F4000084BDA600DE00749427951180A68036846
:109F50001A430A6005E0027951180A6803689A43B7
:109F60000A6070470004014030B5044604250B2008
:109F7000000400F0AFF80546042D17D10C48006925
:109F8000022108430A4908610846446100694021EA
:109F90000843074908610B20000400F09BF80546C0
:109FA000034800690221884301490861284630BD01
:109FB0000020024004200D49C968C907C90F0029C3
:109FC00001D0012010E00949C96810221140002980
:109FD00001D0022008E00549C96804221140002987
:109FE00001D0032000E00420704700000020024060
:109FF0000348006980210843014908617047000057
:10A0000000200240002806D00649096810221143AA
:10A01000044A116005E00349096810229143014A8E
:10A02000116070470020024078B506460C460425B2
:10A03000002000900B20000400F04CF80546042D91
:10A0400024D1134800690121084311490861348073
:10A050000B20000400F03EF80546042D10D1B01C82
:10A060000090200C009908800B20000400F032F8CA
:10A07000054607480069400840000549086105E0B9
:10A08000034800694008400001490861284678BD3E
:10A090000020024001460020044A106840084000A9
:10A0A00002460A431046014A1060704700200240F1
:10A0B0000548006980210840002804D0034802496F
:10A0C000486003484860704700200240230167450C
:10A0D000AB89EFCD10B503460424FFF76BFF0446B0
:10A0E00003E0FFF767FF04465B1E012C01D1002B44
:10A0F000F7D1002B00D10524204610BDF0B50A464B
:10A1000000210023002400BF3DE001258D402B46A7
:10A1100015681D402C469C4234D11579012D02D082
:10A120001579022D16D185684F000326BE40B54330
:10A13000856055794E00B5408668354385608588D1
:10A1400001268E40B5438580858896798E40B6B2CB
:10A150003543858005684F000326BE40B543056042
:10A1600015794E00B540066835430560C5684F0057
:10A170000326BE40B543C560D5794E00B540C668DC
:10A180003543C560491C1029BFD3F0BDF0B500238D
:10A1900000244D07EE0E1546B5402B46CD10AE00FF
:10A1A00005462035AD594E07F70E0F26BE40B54384
:10A1B000CE10B60007462037BD51CD10AE003D464B
:10A1C000AD591D432C46CD10AD003E467451F0BD37
:10A1D00002460020138A0B40002B01D0012000E032
:10A1E0000020704701857047816170470449016014
:10A1F000002101710121417100218171C1717047FC
:10A20000FFFF0000002A01D0816100E00185704756
:10A2100000BFBFF34F8F04480449C860BFF34F8F9E
:10A2200000BF00BFFEE700000400FA0500ED00E0FB
:10A230000148024908607047CCCC00000030004063
:10A240000148024908607047AAAA00000030004097
:10A2500001494860704700000030004001498860B3
:10A26000704700000030004001490860704700005E
:10A27000003000407047000000218278002A27D07B
:10A28000184A03231B02D21803789B109B00D15855
:10A2900002789207D30EFF229A400B469343194649
:10A2A00042789207120E03789B07DB0E9A40114307
:10A2B0000C4A03231B02D21803789B109B00D15039
:10A2C0000278D306DB0E01229A40064B1A6007E0A3
:10A2D0000278D306DB0E01229A40024B80331A60CB
:10A2E0007047000000E100E005490969042291433C
:10A2F000034A1161012801D130BF00E020BF70473F
:10A3000000ED00E0002905D0054A52690243044BE4
:10A310005A6104E0024A52698243014B5A61704714
:10A3200000100240002905D0054AD2690243044BBF
:10A33000DA6104E0024AD2698243014BDA61704774
:10A3400000100240002905D0054A12690243044B5F
:10A350001A6104E0024A12698243014B1A61704794
:10A3600000100240002905D0054A92690243044BBF
:10A370009A6104E0024A92698243014B9A617047F4
:10A3800000100240002905D0054AD2680243044B60
:10A39000DA6004E0024AD2688243014BDA60704717
:10A3A0000010024010B50246002100230020511188
:10A3B000002902D10C4C23680BE0012902D10A4C80
:10A3C000236A06E0022902D1074C636A01E0064CC9
:10A3D000636BD106C90E01248C401C40002C01D0B7
:10A3E000012000E0002010BD00100240002806D02F
:10A3F0000649496A01221143044A516205E00349B2
:10A40000496A49084900014A5162704700100240F8
:10A4100010B56021054800F023F8002804D0034857
:10A4200000F03AF8044600BF10BD000000380040BC
:10A43000002904D0028840231A43028003E00288E6
:10A44000014B1A4002807047BFFF00000246002007
:10A4500013890B40002B01D0012000E00020704741
:10A46000F0B5024600200024002300250F073F0F0F
:10A470000126BE40B4B20B1101269E40B3B29688AD
:10A480001E40354616892640002E03D0002D01D0EF
:10A49000012000E00020F0BD0146888970470000DF
:10A4A00010B500220288C1239B011A400B88CC8979
:10A4B0002343CC8823430C8923434C8923438C8931
:10A4C00023431A4302808288084B1A408B881A4320
:10A4D00082800B8A03820288054B1A404B881A43FC
:10A4E0000280838B034C2340838310BDFFF0000068
:10A4F000FBFF0000FFF70000014600220A460C3275
:10A50000107870478288034B1A40828082880A4301
:10A5100082807047FFEF0000002202460C3211706B
:10A5200070470021018041800721090281800021BC
:10A53000C180018141818181C181072101827047F0
:10A5400030B500228B071C0F0F23A3401A460B4B7C
:10A550008C10A4001B599343084C8D10AD0063511F
:10A5600023468C10A4001B598C07250F0446AC40D1
:10A570002343024C8D10AD00635130BD08000140F3
:10A5800001460020044A10688008800002460A4301
:10A590001046014A106070470000014000B50248B3
:10A5A00003F039FB00BD0000A4010020F8B5002530
:10A5B000002400260027274840680C210840054653
:10A5C000002D06D0042D08D0082D0AD00C2D2ED138
:10A5D00029E02148214908602DE021481F490860F1
:10A5E00029E01C4840680F218904084004461948A6
:10A5F00040680321C90308400646A00C841C002EB5
:10A6000004D118486043154908600BE01148C06A3E
:10A610000007000F471C39461148FDF713FE604341
:10A620000E49086007E010480C49086003E00A483A
:10A630000A49086000BF00BF06484068F021084092
:10A6400000090A490D5C05480068E84003490860B4
:10A65000F8BD00000010024000127A000001002046
:10A660000024F40000093D00006CDC026C49010884
:10A6700010B51B48006801210843194908600846C5
:10A68000406818490840164948600846006816495D
:10A69000084013490860084600680121890488437E
:10A6A0000F490860084640687F21C90388430C4968
:10A6B00048600846C06A00090001C8620846006B8D
:10A6C000FF2154318843064908630846406B074917
:10A6D0000840034948630020886000F05FFB10BD1C
:10A6E000001002400CB8FF80FFFFF6FEFEFFFEFFE9
:10A6F00010B50221044800F0E4F8002803D002213C
:10A70000014800F0BBF810BD0020004010B510213A
:10A71000114800F0D6F800281DD010210E4800F096
:10A72000ADF80121C9020920C006FFF751FD00283C
:10A7300001D0012000E000200849C8730846C17B11
:10A7400008F062FD0548807BFF2804DA0348807B1F
:10A75000401C0249887310BD002C0140D802002023
:10A7600010B50821C80600F0ACF8002812D0082166
:10A77000C80600F083F808210748FFF729FD0028E4
:10A7800005D106480088401C0449088002E00020EA
:10A790000249088010BD000000040048400300206A
:10A7A00010B50421184800F08CF8002812D00421BC
:10A7B000154800F063F820211448FFF709FD002830
:10A7C00005D11348008B401C1149088302E000208A
:10A7D0000F49088308210C4800F073F8002812D0B4
:10A7E0000821094800F04AF820210848FFF7F0FC4A
:10A7F000002805D10648408B401C0549488302E0EB
:10A8000000200349488310BD0004004000040048B4
:10A810001C03002010B50121074800F052F8002861
:10A8200008D00121044800F029F8012003490870EC
:10A830000349087010BD0000001000400501002011
:10A84000A4010020002904D0028880231A4302803A
:10A8500003E00288014B1A40028070477FFF00002E
:10A86000002904D0828801231A43828003E0828871
:10A87000014B1A4082807047FEFF0000CA430282EB
:10A8800070470000002904D0028801231A43028087
:10A8900003E00288014B1A4002807047FEFF00006F
:10A8A000002907D04422125A0123DB031A43442310
:10A8B0001A5205E04422125A53045B0C44221352EC
:10A8C000704730B50246002000230024158A0D4051
:10A8D0002B4695890D402C46002B03D0002C01D02F
:10A8E000012000E0002030BD70B505460C462088F0
:10A8F00000280AD12389A2886188284600F0C0F97F
:10A90000E188284600F03EF925E0208804280AD195
:10A910002389A2886188284600F0CEF9E18828467C
:10A9200000F03AF917E0208808280AD12389A28884
:10A930006188284600F0E6F9E188284600F038F9F9
:10A9400009E02389A2886188284600F0FFF9E188A0
:10A95000284600F037F970BD0021018041800121B7
:10A9600081800021C18001817047002A03D0838942
:10A970000B43838102E083898B438381704700000E
:10A9800070B5002400220023058C1C4E3540058440
:10A99000028C8388048B194D6F3D2C40B51E2C40D2
:10A9A0000D882C43751E2A408D892A434D882A43E1
:10A9B000134DA84208D0134DA84205D0124DA8420D
:10A9C00002D0124DA84212D10C4DED1F2A40CD8964
:10A9D0002A430A4DED1E2A408D882A43074DFF3D2C
:10A9E0002B400B4D2B400D8A2B434D8A2B438380EC
:10A9F00004838D684563028470BD0000FEFF000083
:10AA0000002C01400040014000440140004801404A
:10AA1000FFFD00000A460021018B034B19400B4645
:10AA20001343194601837047F7FF000070B50024F7
:10AA300000220023058C214E35400584028C83883A
:10AA4000048B1F4D2C401F4D2C400D782D062D0CD6
:10AA50002C431A4D103D2A408D892D052D0C2A437B
:10AA60004D882D052D0C2A43174DA84202D0174DB5
:10AA7000A8421CD1164D2B400D8AAD042D0C2B4342
:10AA8000114DA84213D10D4D703D2A40CD892D05A1
:10AA90002D0C2A43094D303D2A408D882D052D0C63
:10AAA0002A430C4D2B404D8AAD042D0C2B43838043
:10AAB00004838D688563028470BD0000EFFF000091
:10AAC000FF8F0000FFFC0000002C0140004001400F
:10AAD000FFFB0000FFF7000070B5002400220023F8
:10AAE000058C1C4E35400584028C8388848B194D5F
:10AAF00090352C40174DFD352C400D882C43164DBC
:10AB00002A400D7B2D062D0C2A438D782D062D0C09
:10AB10002A43124DA84217D1114D2A408D7B2D0694
:10AB20002D0C2A430F4D2A400D792D062D0C2A435A
:10AB30000D4D2B400D4D2B400D8A2D052D0C2B431B
:10AB40004D8A2D052D0C2B43838084838D68C5632E
:10AB5000028470BDFFFE0000FFFD0000002C0140DC
:10AB6000FFF70000FFFB0000FFEF0000FFDF000029
:10AB7000002101804180818081608181C1810182C9
:10AB800041827047028B034B1A400283028B0A43B7
:10AB900002837047F3FF0000028B044B1A400283CC
:10ABA000028B0B061B0C1A4302837047FFF3000055
:10ABB000828B034B1A408283828B0A4382837047C5
:10ABC000F3FF0000828B044B1A408283828B0B06BA
:10ABD0001B0C1A4382837047FFF300000022028897
:10ABE000154B984206D001239B07984202D0134B85
:10ABF000984203D1124B1A404B881A43114B98428A
:10AC000003D0114B1A400B891A4302804B68C36270
:10AC10000B880385084B984208D00C4B984205D00E
:10AC20000B4B984202D00B4B984201D18B7A038692
:10AC30000123838270470000002C01400004004083
:10AC40008FFF000000100040FFFC000000400140AA
:10AC500000440140004801400021C94341600021F7
:10AC60000180018141808172704700000348806843
:10AC700003210843014988607047000000400240FA
:10AC8000F0B50C4600210025068C0A4F3E40068494
:10AC9000018B058C074EF23E31401E05360C1643E3
:10ACA0003143044E093E3540012626433543018396
:10ACB0000584F0BDFEFF0000F8B50C46002100251C
:10ACC00000260096068C0D4F3E400684018B058CB5
:10ACD0002605360C00960A4E31401E07360C3143CD
:10ACE0001606360C3143054E903E35401027009E27
:10ACF0003E43354301830584F8BD0000EFFF0000AB
:10AD0000FF0C0000F8B50C46002100250026009637
:10AD1000068C0C4F3E400684818B058C2606360C33
:10AD20000096084E0D3631401E05360C1643314351
:10AD3000054E3540FF270137009E3E433543818352
:10AD40000584F8BDFFFE0000FFF50000F8B50C46D5
:10AD50000021002500260096068C0D4F3E400684FB
:10AD6000818B058C2607360C00960A4E314016065C
:10AD7000360C31431E07360C3143074E3540012750
:10AD80003F03009E3E43354381830584F8BD0000A8
:10AD9000FFEF0000FF0C0000FF5F00000CB500207B
:10ADA00001900090112031490860314840683049D5
:10ADB0004860084640684860084600680121090468
:10ADC00008432B49086000BF294800680121490455
:10ADD000084000900198401C01900098002804D180
:10ADE0000521090301988842EED12148006801211C
:10ADF00049040840002802D00120009001E0002012
:10AE00000090009801280DD1194840687F21C9039E
:10AE100088431749486008464068132109040843DD
:10AE20001349486012480068012109060843104987
:10AE3000086000BF0E48006801214906084000284C
:10AE4000F8D00B48406880088000094948600846EF
:10AE50004068022108430649486000BF0448406832
:10AE60000C2108400828F9D10CBD00000020024048
:10AE7000001002400246002013460B40002B01D078
:10AE8000012000E000207047C206D20E012191404F
:10AE9000014A11607047000000E100E0C206D20ED6
:10AEA00001219140014A11607047000080E100E0FB
:10AEB00010B5002819DA1A4A03071B0F083B9B0834
:10AEC0009B00D2588307DC0EFF23A3409A438B07D5
:10AED0001B0E8407E40EA3401A43114B0407240FF2
:10AEE000083CA408A4001A5118E00E4A03231B02D0
:10AEF000D21883089B00D2588307DC0EFF23A3409F
:10AF00009A438B071B0E8407E40EA3401A43054B9C
:10AF1000032424021B198408A4001A5110BD000048
:10AF20001CED00E000E100E010B5002819DA1A4A33
:10AF300003071B0F083B9B089B00D2588307DC0EBE
:10AF4000FF23A3409A438B071B0E8407E40EA34004
:10AF50001A43114B0407240F083CA408A4001A51FB
:10AF600018E00E4A03231B02D21883089B00D25814
:10AF70008307DC0EFF23A3409A438B071B0E840735
:10AF8000E40EA3401A43054B032424021B19840832
:10AF9000A4001A5110BD00001CED00E000E100E02B
:10AFA00010B5002819DA1A4A03071B0F083B9B0843
:10AFB0009B00D2588307DC0EFF23A3409A438B07E4
:10AFC0001B0E8407E40EA3401A43114B0407240F01
:10AFD000083CA408A4001A5118E00E4A03231B02DF
:10AFE000D21883089B00D2588307DC0EFF23A340AE
:10AFF0009A438B071B0E8407E40EA3401A43054BAC
:10B00000032424021B198408A4001A5110BD000057
:10B010001CED00E000E100E010B50120FFF7E6F9CB
:10B0200000BF4120FFF7BEF90028FAD00648FFF71D
:10B030001BF90420FFF70CF90448FFF70FF9FFF79D
:10B04000FFF8FFF7F5F810BD55550000FF0F0000A1
:10B050001CB5044600200090019001218804FFF7F0
:10B0600051F96846FFF7C2F8402000900121684678
:10B0700001710321417169460C48FFF73FF84021F7
:10B080000A48FFF7AFF86846FFF7B0F80120C002A2
:10B0900000900021684601710121C17103214171B5
:10B0A00069460248FFF72AF81CBD0000000400486A
:10B0B0000021C170C171704700B50246D0780028E8
:10B0C00004D00021104600F085F80DE00748807993
:10B0D000002804D00121104600F07CF804E0034869
:10B0E0000178104600F076F800BD000088080020C6
:10B0F00010B504460121C9020148FFF769F810BDE7
:10B100000004004810B5044627480078C007C00F67
:10B1100000280CD1244809F061F8002807D0234802
:10B1200002F076FD224908601F48C046C0461F480D
:10B1300002F06EFD1E490968401A642819D31B48A5
:10B1400002F066FD1A4908602079002811D001211B
:10B15000C9021848FFF73CF8002808D1E079401CE4
:10B16000E071E079322804DD0120E07001E0002088
:10B17000E0712079002801D0012000E00020024683
:10B1800040210C48FFF73EF8A07900280BD06079E9
:10B19000002804D140210748FFF724F803E04021AC
:10B1A0000448FFF721F810BD4C010020A401002045
:10B1B000500100200004004870B5054640210448B5
:10B1C000FFF706F80446012C00DD0124204670BD7F
:10B1D000000400480171704710B50446042221465E
:10B1E000034802F01CFD012020706070204610BD55
:10B1F000A401002070B506460C4615462946204697
:10B20000FEF712FF70BD10B504460120FEF7FAFEEE
:10B210000120FEF73FFF10BD70B505460C46FEF756
:10B2200047FF2046FEF7A0FEFEF7E2FE0B200004DB
:10B23000FEF750FF70BD0246086870477047000077
:10B240001CB504460020009001900121C804FFF7BE
:10B2500059F86846FEF7CAFF0120800300900121DB
:10B26000684601710321417169460D48FEF746FFAA
:10B27000012189030A48FEF7B5FF6846FEF7B6FFCD
:10B280000120C00300900021684601710121C171B5
:10B290000321417169460248FEF730FF1CBD0000E2
:10B2A0000008004800218170C170C17101727047AF
:10B2B00010B504460121C9030148FEF789FF10BDFE
:10B2C0000008004801214172704700214172704717
:10B2D00070B504460D463A480078C007C00F0028F4
:10B2E0000CD1374808F07AFF002807D0354802F023
:10B2F0008FFC354908603248C046C046314802F0EC
:10B3000087FC31490968401A7D21C90088422FD342
:10B310002C4802F07DFC2C490860012189032B4850
:10B32000FEF756FF012811D1C1032848FEF750FF50
:10B33000002808D1E079401CE071E079052817DD8C
:10B340000120A07014E00020E07111E00121C90388
:10B350001E48FEF73DFF002808D1207A401C2072CD
:10B36000207A052804DD0120E07001E00020E07172
:10B37000607A00281CD0A078002819D1E078002835
:10B3800016D1205EA84206DC012189030F48FEF792
:10B390002BFF0120A0710020205EC01EA8420EDB02
:10B3A000012189030948FEF71DFF0020A07106E076
:10B3B000012189030548FEF715FF0020A07170BD2B
:10B3C0005C010020A401002060010020000800486A
:10B3D00070B50546012189030448FEF7F9FE0446CD
:10B3E000012C00DD0124204670BD0000000800484B
:10B3F00010B5044604222146064802F010FC38200D
:10B4000020800020A070E070E0712072A0712046C2
:10B4100010BD0000A401002010B5044600202070DB
:10B42000012109030920C006FEF7DEFE1148FDF7E1
:10B43000FDFF00210F48FDF7D8FF0920FFF72EFD83
:10B440000E20FFF72BFD1320FFF728FD06200A49E9
:10B4500008610120FEF748FF00210848017007201D
:10B4600005490861064806F057FC064807F064FDE8
:10B4700010BD00000024014000E000E0C4020020F4
:10B48000C4010020D8020020002101707047000094
:10B49000F0B585B0044623484078002801D005B0B7
:10B4A000F0BD2148007800283AD000201E490870DD
:10B4B000E078FDF785FE01901A488038C16A01984E
:10B4C00009F068F90746FDF737FD0022174B039195
:10B4D0000290FDF763F90546FCF776FF6060114ABC
:10B4E000803A6168906909F0ADF90CD2207A14288D
:10B4F00002DA207A401C2072207A042810D1012020
:10B50000207060700CE0207A002807D0207A401E5E
:10B510002072207A012803D1A07001E00020207061
:10B5200000BFBCE7C4020020A40100200000594075
:10B5300010B5044604222146044802F070FB0020A6
:10B54000207020726070A070204610BDA401002001
:10B550000622825E04491E23CB5E9A4201DDC98B1E
:10B56000C180C188018170474402002000214175DB
:10B5700070470021017041708170C170017141718B
:10B580008175C17501767047002141768176C1765B
:10B59000012101757047000030B501461948C07A95
:10B5A000002803D11748407B002801D0012030BD7E
:10B5B000087F002823D114481E22825E0620085EE0
:10B5C000323082421BDD08240C5F0F4B1E255D5F6D
:10B5D0006B00EB18E218D3179B0F9B189B10581F9A
:10B5E00008228A5E824201DA02B20A814A7F521C34
:10B5F0004A774A7F1E2A01DD01220A7700BF087FB1
:10B60000D5E70000B00100204402002070B50446D8
:10B610000A49886AFDF790FC0546094A094B09F07A
:10B6200015F808D2607E401C6076607E0A2804DD32
:10B630000020207501E00020607670BDF404002039
:10B64000FA7E6ABC7493683F10B504460F48C07A0E
:10B65000002803D10D48407B002801D0012010BDF7
:10B66000204600F057F8002801D00120F7E70848ED
:10B670001E21415E0620205E3230814203DD002023
:10B6800020750120EBE70020E9E70000B001002071
:10B69000440200204179491C41710849C97A0029B6
:10B6A00003D10649497B002900D07047417903291D
:10B6B00001DB0121417000BFF7E70000B00100206D
:10B6C00070B586B004460E498878FDF70EFB054636
:10B6D00000220C4BFDF70CFB00220B4B019100905C
:10B6E000FDF75CF8094A0A4B03910290FDF733F825
:10B6F00005910490FCF768FEE06006B070BD0000A4
:10B70000D802002000001C400064D94016EB0A6CEF
:10B710008434393F70B504461548C07A002803D1F7
:10B720001348407B002801D0012070BD207D0028F7
:10B730001BD01049886AFDF7FFFB05460E4A0F4BE8
:10B7400008F084FF0FD2A07E401CA076A07E0A28BD
:10B750000BDD0B481E21415E0620205E0A3081422F
:10B7600003DD0120E1E70020A0760020DDE70000F6
:10B77000B0010020F40400207B14AE47E17A743F4E
:10B780004402002000B50246C720C043108107488C
:10B79000C08BD080002050759075D0751076104603
:10B7A000FFF7F2FE00201077507700BD4402002022
:10B7B00070B504460D462948C07A002803D12748B1
:10B7C000407B002801D0002070BD607D002803D0A0
:10B7D000607D401E607512E01020205E0E21C9437E
:10B7E00088420ADAA07D401CA075A07D032806DBF4
:10B7F0002046FFF74FFF0120E6E70020A07518481C
:10B800001E21415E0820205E81420ADAE07D401C54
:10B81000E075E07D032806DB2046FFF73BFF0120B3
:10B82000D2E70020E075012D15D1207D002812D02F
:10B830000C4AE168906A08F083FF0AD2E07E401C5F
:10B84000E076E07E032806DD2046FFF723FF022096
:10B85000BAE70020E0760020B6E70000B001002043
:10B8600044020020F404002038B504463348007830
:10B87000C007C00F00280CD1304808F0AFFC0028EA
:10B8800007D02F4802F0C4F92E4908602B48C04663
:10B89000C0462D480078C007C00F00280CD12A48A8
:10B8A00008F09CFC002807D0254802F0B1F9274990
:10B8B00008602548C046C046214802F0A9F9214940
:10B8C0000968401A7D21C900884221D31C4802F032
:10B8D0009FF91C4908600A2000901D481E21415E06
:10B8E00003467F3B0246343A803806F08BFB2082C9
:10B8F0002046FFF7E5FE16481E21415E1220205E1D
:10B90000814203DD207E401C207601E0002020766D
:10B910000B4802F07DF90D490968401A0D4988422B
:10B920000AD3074802F074F90849086060790028D2
:10B9300002DD6079401E607138BD000014010020F6
:10B94000A401002018010020100100201C0100208B
:10B950004402002040771B005021417570470000D1
:10B9600010B5044604222146084802F058F9002088
:10B9700020810748C08BE08000206075A075E075CD
:10B9800020764B2000016082204610BDA4010020DB
:10B99000440200207FB506460D461446052D01D110
:10B9A000C7488487072D05D1C54820308474A03846
:10B9B00006F0E8FA082D0ED12046FDF796F9002290
:10B9C000C04B01910090FCF7E9FE03910290FCF757
:10B9D000FBFCBB494863092D0ED12046FDF785F9D4
:10B9E0000022B84B01910090FCF7D8FE0391029021
:10B9F000FCF7EAFCB24988630C2D08D1200E3070A8
:10BA00002002000E70702004000EB070F4700D2D36
:10BA100008D1200E30712002000E70712004000E3B
:10BA2000B071F4710E2D08D1200E30722002000E7C
:10BA300070722004000EB072F4720F2D0AD1142C13
:10BA400001D35A2C03D950219F48018302E021B22F
:10BA50009D480183102D0AD1142C01D35A2C03D9EF
:10BA600050219948818302E021B297488183112DAA
:10BA70000AD1142C01D35A2C03D950219248418366
:10BA800002E021B290484183142D03D121468F4812
:10BA900001F0E0FC022D03D1A1B28D4801F078FB4A
:10BAA0001A2D07D17D20C000844200D2044620B266
:10BAB00088494882122D07D187494C700846407842
:10BAC000072801DD002048704C2D0AD120B283499F
:10BAD000088008460021415E412902DD41207F495E
:10BAE00008804D2D08D1002C03D100207C4908701E
:10BAF00002E001207A490870862D08D1002C03D17C
:10BB000000207749487002E00120754948704E2DA9
:10BB100008D1012C03D101207149887002E0002076
:10BB20006F4988704F2D07D16E494C750846407D8E
:10BB3000022801DD00204875502D08D1012C03D1C9
:10BB400001206249487102E0002060494871512D8E
:10BB50000DD121B25C4841842221415E032903DBDF
:10BB60002221415E642902DD142157484184522D6F
:10BB70000DD121B2544881842421415E032903DB85
:10BB80002421415E642902DD1E214F488184532D0A
:10BB90000DD121B24C48C1842621415E032903DB2B
:10BBA0002621415E642902DD14214748C184542DB9
:10BBB00007D145488475807D0A2802DB0021424870
:10BBC0008175552D07D14048C475C07D0A2802DB18
:10BBD00009213D48C1753C48817DC07D814204DD1D
:10BBE0000021394881750921C175562D0ED13E4974
:10BBF000CC700846C078502801DD5020C8703A4803
:10BC0000C0781E2802DA1E203749C870572D0AD185
:10BC1000142C01D35A2C03D95A212B48C18302E09A
:10BC200021B22948C183582D0DD121B22648018562
:10BC30002821415E032903DB2821415E642902DDBE
:10BC40001E21214801850B2D0DD121B21E48C18531
:10BC50002E21415E032903DB2E21415E642902DD92
:10BC600003211948C1855C2D07D118498C710846FC
:10BC70008079032801DB002088715D2D02D1E1B2BB
:10BC8000114841865E2D0CD1E1B20F488186808E2D
:10BC9000022803D00C48808E042802DD00210A48C7
:10BCA0008186622D04D121460548803806F028F8A7
:10BCB0000E48854202D10248803044807FBD00009A
:10BCC000440200200000594088060020680500203A
:10BCD00040030020FC0200206407002072050020C1
:10BCE00044010020880500207C050020310200006E
:10BCF00070B505460C46052C02D16F48808F70BD8B
:10BD0000072C03D16C482030807CF8E7082C08D140
:10BD10006949486B694908F03DFD0646FDF70CFA94
:10BD2000EDE7092C08D16449886B644908F032FDBD
:10BD30000646FDF701FAE2E70C2C0AD12878000646
:10BD4000697809044018A97809024018E978401870
:10BD5000D5E70D2C0AD12879000669790904401825
:10BD6000A97909024018E9794018C8E70E2C0AD1D0
:10BD7000287A0006697A09044018A97A090240184D
:10BD8000E97A4018BBE70F2C03D14D491820085E13
:10BD9000B5E7102C03D14A491C20085EAFE7112CEF
:10BDA00003D147491A20085EA9E7142C02D145485F
:10BDB0000078A4E7022C02D14348C0789FE71A2CF0
:10BDC00003D142491220085E99E7122C02D1404863
:10BDD000407894E74C2C03D13E490020085E8EE762
:10BDE0004D2C02D13C48007889E7862C02D13A4894
:10BDF000407884E74E2C02D1374880787FE74F2C7B
:10BE000002D13648407D7AE7502C02D12D48407946
:10BE100075E7512C03D12A492220085E6FE7522C86
:10BE200003D127492420085E69E7532C03D1244914
:10BE30002620085E63E7542C02D12148807D5EE70E
:10BE4000552C02D11E48C07D59E7562C02D12448FA
:10BE5000C07854E7572C03D119491E20085E4EE7DD
:10BE6000582C03D116492820085E48E70B2C03D133
:10BE700013492E20085E42E75C2C02D111488079DC
:10BE80003DE75D2C02D10E48408E38E75E2C02D192
:10BE90000B48808E33E7622C03D10748803040780E
:10BEA0002DE71048844203D103488030408826E7BC
:10BEB0000020C04323E70000440200200000C842E5
:10BEC000880600206805002040030020FC020020B6
:10BED000640700207205002044010020880500202E
:10BEE0007C0500203102000070B50446204600F0B9
:10BEF00057FC204600F06AFC8248828F05212046CC
:10BF000000F024FC7F482030827C0721204600F08E
:10BF10001DFC7C49486B7C4908F03CFC0646FDF75B
:10BF20000BF905462A460821204600F00FFC75490A
:10BF3000886B754908F02EFC0646FDF7FDF80546AE
:10BF40002A460921204600F001FC2078000661788D
:10BF500009044018A17809024018E17842180C2120
:10BF6000204600F0F3FB20790006617909044018AF
:10BF7000A17909024018E17942180D21204600F00C
:10BF8000E5FB207A0006617A09044018A17A0902CB
:10BF90004018E17A42180E21204600F0D7FB5B489A
:10BFA0001822825E0F21204600F0D0FB57481C2249
:10BFB000825E1021204600F0C9FB54481A22825E9E
:10BFC0001121204600F0C2FB51480278142120467E
:10BFD00000F0BCFB4F48C2780221204600F0B6FBBF
:10BFE0004D481222825E1A21204600F0AFFB4B48DA
:10BFF00042781221204600F0A9FB49480022825EC7
:10C000004C21204600F0A2FB464802784D212046F4
:10C0100000F09CFB434842788621204600F096FBC6
:10C02000404882784E21204600F090FB3E48427DF9
:10C030004F21204600F08AFB3548427950212046A6
:10C0400000F084FB31482222825E5121204600F01C
:10C050007DFB2E482422825E5221204600F076FB92
:10C060002A482622825E5321204600F06FFB274893
:10C07000827D5421204600F069FB2448C27D552171
:10C08000204600F063FB2948C2785621204600F084
:10C090005DFB1E481E22825E5721204600F056FBA3
:10C0A0001A482822825E5821204600F04FFB17488C
:10C0B0002E22825E0B21204600F048FB1448827934
:10C0C0005C21204600F042FB1048428E5D21204654
:10C0D00000F03CFB0D48828E5E21204600F036FBCE
:10C0E0000848803042786221204600F02FFB054846
:10C0F000803042880E49204600F028FB204600F0A0
:10C1000049FB70BD440200200000C84288060020A0
:10C110006805002040030020FC0200206407002086
:10C120007205002044010020880500207C050020C5
:10C1300031020000FEB507460521384600F0E2FA5C
:10C140000446601C002803D1FD49FE48818701E0B8
:10C15000FC4884870721384600F0D4FA04460C2CAA
:10C1600006D0182C04D00C21F6482030817402E04F
:10C17000F44820308474F348803805F003FF082128
:10C18000384600F0BFFA0446601C00280CD1ED4888
:10C190002030807C0C2803D1EB49EA48416311E050
:10C1A000EA49E84841630DE02046FCF79EFD05465C
:10C1B0000022E74BFCF7F2FA01910090FCF704F93A
:10C1C000E04948630921384600F09CFA0446601CA7
:10C1D00000280DD1DB482030807C0C2804D183213D
:10C1E000C905D848816311E0DA49D64881630DE07A
:10C1F0002046FCF77AFD05460022D54BFCF7CEFA27
:10C2000001910090FCF7E0F8CE4988630C21384694
:10C2100000F078FA0446601C002804D13870787069
:10C22000B870F87008E0200E38702002000E7870A8
:10C230002004000EB870FC700D21384600F062FA40
:10C240000446601C002804D138717871B871F87107
:10C2500008E0200E38712002000E78712004000ED4
:10C26000B871FC710E21384600F04CFA0446601C8F
:10C27000002804D138727872B872F87208E0200E83
:10C2800038722002000E78722004000EB872FC7220
:10C290000F21384600F036FA0446142C01D35A2CEC
:10C2A00003D95021AC48018302E021B2AA4801839E
:10C2B0001021384600F026FA0446142C01D35A2CDB
:10C2C00003D95021A448818302E021B2A24881838E
:10C2D0001121384600F016FA0446142C01D35A2CCA
:10C2E00003D950219C48418302E021B29A484183FE
:10C2F0005721384600F006FA0446142C01D35A2C74
:10C3000003D95A219448C18302E021B29248C183E3
:10C310001421384600F0F6F9044621468F4801F012
:10C3200099F80221384600F0EDF90446601C002817
:10C330000ED0092C03D00C2C01D0122C04D1A1B2A8
:10C34000874800F025FF03E00C21854800F020FF1E
:10C350001A21384600F0D6F90446601C002803D0A4
:10C360007D20C000844204D27D20C0007D494882E7
:10C3700002E020B27B4948821221384600F0C2F91F
:10C380000446601C002802D17749487001E07649D4
:10C390004C7075484078072802DD002072494870CB
:10C3A0004C21384600F0AEF90446601C002803D149
:10C3B00038206E4908800AE020B26C49088008469F
:10C3C0000021415E412902DD4120684908804D215C
:10C3D000384600F097F90446002C02D164490870F1
:10C3E00002E00120624908708621384600F08AF98F
:10C3F0000446002C02D15E49487002E001205C49ED
:10C4000048704E21384600F07DF90446012C02D1D7
:10C410005749887002E00020554988704F213846FE
:10C4200000F070F90446601C002802D1514948759B
:10C4300007E050494C750846407D022801DD002088
:10C4400048755021384600F05DF90446012C02D1B0
:10C450004249487102E00020404948715121384664
:10C4600000F050F90446601C002803D114213A481A
:10C47000418402E021B23848418437482221415E9C
:10C48000032903DB2221415E642902DD14213248A5
:10C4900041845221384600F035F90446601C0028DA
:10C4A00003D11E212C48818402E021B22A488184D4
:10C4B00029482421415E032903DB2421415E6429AC
:10C4C00002DD1E21244881845321384600F01AF9E8
:10C4D0000446601C002803D114211F48C18402E0D7
:10C4E00021B21D48C1841C482621415E032903DB7B
:10C4F0002621415E642902DD14211748C184582198
:10C50000384600F0FFF80446601C002803D11421CF
:10C510001148018502E021B20F4801850E4828210B
:10C52000415E032903DB2821415E642902DD1421D9
:10C53000094801855421384600F0E4F804461BE020
:10C540004702000044020020000010410000A0410A
:10C55000000059406666F641880600206805002004
:10C5600040030020FC020020640700207205002028
:10C570004401002088050020601C002803D1002110
:10C580005A48817501E0594884755848807D0A28C9
:10C5900002DB0021554881755521384600F0B2F87C
:10C5A0000446601C002803D106215048C17501E0F3
:10C5B0004E48C4754D48C07D0A2802DB06214B4811
:10C5C000C1754A48817DC07D814204DD0021474814
:10C5D00081750921C1755621384600F093F804464B
:10C5E000601C002803D146204149C87001E0404941
:10C5F000CC703F48C078502802DD50203C49C870BC
:10C600003B48C0781E2802DA1E203949C8700B2129
:10C61000384600F077F80446601C002803D1032157
:10C620003248C18502E021B23048C1852F482E2111
:10C63000415E032903DB2E21415E642902DD0321D3
:10C640002A48C1855C21384600F05CF80446601C2D
:10C65000002802D12749887101E026498C712548BC
:10C660008079032802DB0020224988715D21384649
:10C6700000F048F80446601C002803D128211B481C
:10C68000418601E0194844865E21384600F03AF8B8
:10C690000446601C002803D100211448818602E072
:10C6A000E1B2124881861148808E022803D00F48DB
:10C6B000808E042802DD00210C48818662213846E4
:10C6C00000F020F8044621460B4805F019FB0B4901
:10C6D000384600F017F80446601C002803D10021FA
:10C6E0000748418001E006484480FEBD88060020DE
:10C6F0007C05002068050020C401002031020000F4
:10C70000C4020020F8B507460D460D4C11E0214645
:10C710000C48FEF790FD0646701C002801D1401E13
:10C72000F8BDAE4204D1211D0648FEF784FDF7E7AF
:10C73000083405488442EAD30020C043F0E70000F3
:10C7400000E801088401002000F0010870B50446EB
:10C750000D4616460C49E068884213D30B49E06841
:10C7600088420FD82A460A48E168FEF743FDE06890
:10C77000001DE06032460648E168FEF73BFDE068D8
:10C78000001DE06070BD000000E80108F8EF01083E
:10C790008401002010B50446FDF72AFC10BD0000FE
:10C7A00070B50546002407E0E002064A81180648F5
:10C7B000FEF732FD601CC4B2012CF5DB0148E860D5
:10C7C00070BD000000E801088401002010B5044697
:10C7D000FDF76EFC10BD000010B504460422214692
:10C7E000024801F01CFA204610BD0000A401002000
:10C7F000018B052901DD01218177418B052901DDAF
:10C800000121C1777047000010B58AB004460020AE
:10C810000890099005900690079014216846FBF750
:10C820000FFD01218804FDF76DFD01210220FDF7B8
:10C8300079FD08A8FDF7DAFC10200890012108A86E
:10C8400001710321417108A93448FDF757FC1021FB
:10C850003248FDF7C7FC012204213048FDF796FC61
:10C8600008A8FDF7C3FC20200890002108A801714A
:10C870000121C1710321417108A92848FDF73EFC3F
:10C8800005A8FEF7E9F9264968468182FF20F530C0
:10C890000690002168468183C18205A92148FEF7E0
:10C8A0009DF96846FEF764F9602168460180012120
:10C8B00041802D20029000216846818169461948F7
:10C8C000FEF75EF81748406B401F1649886308461C
:10C8D000406B9630C863012204211248FEF745F8E8
:10C8E000012208210F48FEF740F800210D48FDF70E
:10C8F000C9FF1020012181400B4A116000BF0821AF
:10C900000848FEF787F801210648FDF79BFF012143
:10C910004804FDF7F7FC0AB010BD00000004004811
:10C92000BF1200000004004000E100E0002101838C
:10C9300041838177C1777047F0B58DB004460E46CC
:10C940001746207F002803D0E66027740DB0F0BDA5
:10C9500000200A900B902120005D002800D0F5E710
:10C960003046FCF7C2F90022594B07910690FBF7BD
:10C9700015FF09910890FBF727FD054665602846DD
:10C98000FCF7DAFA534A544B0991089007F02CFE51
:10C9900020D22020005D002818D000212020015541
:10C9A0000AA8FDF723FC10200A90012108A80173B2
:10C9B000032141730AA94948FDF7A0FB102147480C
:10C9C000FDF710FC00214648FDF75CFF0020606089
:10C9D00060617AE02020005D002829D1012120201B
:10C9E00001550AA8FDF702FC10200A90022108A8B0
:10C9F000017300218173032141730AA93748FDF7B0
:10CA00007DFB012204213548FDF7C0FB3448808AB4
:10CA1000012108433249888201213148FDF732FF64
:10CA20002F4820300088012108432D4920310880FB
:10CA3000012F25D12B49C86B2B4907F081FE1FD24E
:10CA40002849C86BFCF778FA059104902846FCF752
:10CA500073FA264A264B01910090FCF749F903919D
:10CA60000290059B049AFCF743F90022214B0791A1
:10CA70000690FBF793FE09910890FBF7A5FC05468D
:10CA80001D49284607F0DEFE00D21B4D2846FCF764
:10CA900053FA0022194B0991089007F0A5FD01D225
:10CAA0003F252D0665612846FCF746FA02460B46EF
:10CAB0000791069000201249FBF770FE099108903B
:10CAC000FCF7C6F880B20649C86200BF3EE7000026
:10CAD000000059407B14AE47E17AC43F000400488F
:10CAE00000040040F00400200000B442713D0AD769
:10CAF000A370ED3F00405940000020410000E03F9E
:10CB00000088C340F0B585B0044600200290039031
:10CB10002120005D002801D005B0F0BD2089FCF780
:10CB2000E4F8054600227B4BFBF738FE01910090AC
:10CB3000FBF74AFC0746207F617F884275D0207F43
:10CB40006077207F002805D1227C2046E168FFF72E
:10CB5000F3FE6AE0208960813846FCF7EDF905466E
:10CB60006D4A6E4B07F040FD19D202A8FDF73EFB5F
:10CB7000102002900121684601730321417302A92C
:10CB80006748FDF7BBFA10216548FDF72BFB002134
:10CB90006448FDF777FE00212020015545E002A8FA
:10CBA000FDF724FB1020029002216846017300214A
:10CBB00081730321417302A95948FDF79FFA0122AD
:10CBC00004215748FDF7E2FA2020005D002811D12A
:10CBD0005448808A012108435249888201215148E2
:10CBE000FDF750FE4F4820300088012108434D4991
:10CBF000203108804C49384607F024FE00D24A4FC5
:10CC000067613846FCF798F905462A460B4600202E
:10CC10004649FBF7C3FD01910090FCF719F880B27B
:10CC20004049C862012120200155207F00286ED094
:10CC30002089618988426AD0208960813846FCF762
:10CC40007BF90546344A354B07F0CEFC19D202A8D1
:10CC5000FDF7CCFA102002900121684601730321F0
:10CC6000417302A92E48FDF749FA10212C48FDF71F
:10CC7000B9FA00212B48FDF705FE002120200155BF
:10CC800045E002A8FDF7B2FA1020029002216846A2
:10CC90000173002181730321417302A92048FDF72C
:10CCA0002DFA012204211E48FDF770FA2020005DB4
:10CCB000002811D11B48808A012108431949888224
:10CCC00001211848FDF7DEFD1648203000880121BB
:10CCD00008431449203108801349384607F0B2FD53
:10CCE00000D2114F67613846FCF726F905462A46FF
:10CCF0000B4600200D49FBF751FD01910090FBF719
:10CD0000A7FF80B20749C86201212020015500BF5A
:10CD100002E70000000059409A9999999999A93F12
:10CD20000004004800040040000020410088C34087
:10CD300010B5044620210248FDF74AFA10BD000054
:10CD40000004004810B504463A480078C007C00FF8
:10CD500000280CD1374807F041FA002807D03648A0
:10CD600000F056FF354908603248C046C0462120D1
:10CD7000005D002800D110BD2F4800F049FF2F4969
:10CD80000968401A642853D32B4800F041FF2B490F
:10CD900008602320005D002803D110212848FDF7FA
:10CDA00023FA2320005D0A280BDA20212448FDF70E
:10CDB0000FFA002805D12220005D401CC1B22220BC
:10CDC00001552320005D0A280FD110211C48FDF7D2
:10CDD00009FA2220005D022804DD0120A07700214D
:10CDE000212001550021222001552320005D1E280D
:10CDF00018DD20211248FDF7EBF9002805D122208B
:10CE0000005D401CC1B2222001552320005D232873
:10CE100008DD2220005D022801DD0120E0770021ED
:10CE2000212001552320005D401CC1B22320015563
:10CE300000BFA0E720010020A40100202401002061
:10CE40000004004810B504462046FFF77BFF20464B
:10CE5000FFF7CEFC2046FFF755FE10BD502900DD40
:10CE600050210A2900DA0A21018002880A235A4344
:10CE7000054B5A631A46526B323A9A631A46526B02
:10CE80003232DA6370470000000400401CB50446EB
:10CE90000020009001900121212001550021232034
:10CEA0000155222001556846FDF7A0F91020009099
:10CEB0000121684601710321417169460548FDF76A
:10CEC0001DF910210348FDF78DF900210248FDF7F7
:10CED000D9FC1CBD000400480004004010B5044605
:10CEE00004222146094800F09AFE2D2020800021CE
:10CEF0002020015500206060606121200155222022
:10CF0000015523200155204610BD0000A40100203A
:10CF10000188142901DD012181707047FEB50446A6
:10CF20000D4624480078C007C00F00280CD12148C6
:10CF300007F054F9002807D01F4800F069FE1F4988
:10CF400008601C48C046C0461B4800F061FE1B49F3
:10CF50000968401A32282CD3174800F059FE1749A7
:10CF600008602946284607F015FC01906421E06816
:10CF7000FBF768F9217948430090FCF721F907464F
:10CF80000199FCF703F80646FCF7D6F8A0600121EA
:10CF90008907A0684863A068322804D90846406B16
:10CFA0003238C86305E001208007406B0121890702
:10CFB000C863FEBD28010020A40100202C01002030
:10CFC0007CB504460D46002000900190642D00DDE4
:10CFD000642525712079002824DD0120E071684650
:10CFE000FDF704F90120C003009002216846017199
:10CFF000002181710321417169460920C006FDF7B6
:10D000007DF802220F210920C006FDF7BFF801219B
:10D010008807FDF737FC15480088012108431349AC
:10D02000088022E00020E0716846FDF7DFF801206B
:10D03000C0030090012168460171032141716946D6
:10D040000920C006FDF75AF80121C9030920C006CE
:10D05000FDF7C8F8054800884008400003490880EB
:10D06000002101208007FDF70DFC7CBD2000004061
:10D0700010B58AB0044600200890099005900690EB
:10D08000079014216846FBF7DBF801214804FDF7FF
:10D0900039F901218804FDF735F901210846FDF72A
:10D0A00041F908A8FDF7A2F80120C003089001216A
:10D0B00008A801710321417108A90920C006FDF7E4
:10D0C0001DF80121C9030920C006FDF78BF808A847
:10D0D000FDF78CF808200890002108A801710121B3
:10D0E000C1710321417108A91F48FDF707F805A880
:10D0F000FDF7B2FD2F21684681821C480690002171
:10D1000068468183C18205A901208007FDF766FD7D
:10D110006846FDF72DFD60216846018001214180B0
:10D120000020029000216846818169460120800725
:10D13000FDF726FC01220821C806FDF716FC002198
:10D1400001208007FDF79EFB0F2001218140084A46
:10D15000116000BF0821C806FDF75CFC01218807AB
:10D16000FDF770FB0AB010BD00040048204E00001F
:10D1700000E100E0002101808170704710B5044695
:10D1800008210248FDF724F810BD00000004004803
:10D19000C170704770B504460D4629462046FFF71A
:10D1A000BDFE2046FFF7B4FE70BD000010B504467A
:10D1B00004222146074800F032FD0C20E070E078A0
:10D1C00005494843E1784843E0600020E071207160
:10D1D000204610BDA4010020204E0000FFB589B0FC
:10D1E00007461D46129E0A9802040B98000210186A
:10D1F0004119384600F0B2F80446002C02D11398C9
:10D200000DB0F0BD2146384600F06EF80690069845
:10D21000022801DA1398F3E72146384600F0CAF8ED
:10D22000B04229D9002E25D013980590002D01D1A8
:10D2300038680590012D01D178680590022D01D143
:10D24000B8680590032D01D1F8680590211D384676
:10D2500000F0B0F821460490384600F0ABF8039097
:10D2600004980196009000213846039B059A00F02F
:10D2700066F8C5E71398C3E7002005902AE0214629
:10D28000384600F097F8089021460831384600F0FB
:10D2900091F807900898864217D30798864214D2CF
:10D2A00021460C31384600F085F8211D049038469F
:10D2B00000F080F803900498019600903846079B90
:10D2C000039A089900F03BF89AE708340598801C07
:10D2D00080B205900698801E05998842CFDC211DFA
:10D2E000384600F067F88BE7F3B581B00E460027AB
:10D2F000354615E02946019800F05CF80446601CAC
:10D30000002808D0A01C002805D0E01C002802D06E
:10D31000201D002801D13846FEBD781C87B22D1D86
:10D3200002488542E6D33846F6E70000C4510108BA
:10D3300010B5029C016082604360C46010BDF8B506
:10D340000C4615461E46069F7A1B079B1B1B5A431D
:10D350001046311BFAF780FF4019F8BDF8B50746B3
:10D360000E46124C1CE02146384600F023F80546D4
:10D37000681C002805D0E81C002802D0281D0028C1
:10D3800001D10020F8BDA81C002808D1211D384675
:10D3900000F010F8B04202D120460830F2E7241D18
:10D3A00003488442DFD30020ECE700007C490108F9
:10D3B000C451010870B505460C4621460148FDF7E9
:10D3C0003AFF70BD8401002010B5044604222146B6
:10D3D000024800F024FC204610BD0000A4010020FB
:10D3E00010B586B004460020049005900121C804C1
:10D3F000FCF788FF04A8FCF7F9FE01204003049025
:10D40000002168460175C1750321417504A91048C2
:10D41000FCF774FE0D210220FDF792F80120400375
:10D42000029000216846017310214173012181732C
:10D4300002A8FCF755FD07216846017100214171E2
:10D440000121817101A8FCF717FF06B010BD000093
:10D450000008004800220270012901D10122027057
:10D46000022901D102220270032901D10322027094
:10D470007047000010B5044634480078C007C00F5C
:10D4800000280CD1314806F0A9FE002807D030480A
:10D4900000F0BEFB2F4908602C48C046C0462078EB
:10D4A000002802D1A070208110BD294800F0B0FBF7
:10D4B00028490968401A322837D3254800F0A8FBCC
:10D4C00024490860012149032348FCF781FE012813
:10D4D00010D12089502802DA2089401C208120891F
:10D4E0003D2801DB0120A07020893D281DD10120AD
:10D4F000E0701AE0A07800280DD02089002802D022
:10D500002089401E2081208901280ED10020A07092
:10D510000120207109E020890A2804DB20893C28A9
:10D5200001DC0120607000202081207803280BD0CE
:10D530002078012801D0002060702078022803D0D4
:10D540000020A070E070207100BFADE75401002002
:10D55000A4010020580100200008004870B50546CD
:10D56000012149030448FCF733FE0446012C00DD89
:10D570000124204670BD00000008004810B5044694
:10D5800004222146074800F04AFB00202070208139
:10D59000A070E07020716071E0710320207020465F
:10D5A00010BD0000A40100200168490849002F4A6D
:10D5B0009279D207D20F114301600422016891438E
:10D5C0002B4A127F920004231A4011430160022269
:10D5D00001689143274A9279520002231A4011436D
:10D5E0000160082201689143234A9279D2000823FE
:10D5F0001A40114301601022016891431F4A527979
:10D60000120110231A401143016020220168914346
:10D61000194A5279520120231A40114301604022D5
:10D6200001689143154A1279920140231A4011432F
:10D6300001604168090A09020C4A527811434160AD
:10D64000818889B20A4A12891204120C1204114309
:10D650004160FF22120241689143064A5279120248
:10D66000FF231B021A40114341607047D80200207B
:10D670001C0300204003002044010020720500200C
:10D6800070B504462046FFF78FFF00252168A0688B
:10D69000884203D16168E068884200D02F25002DC0
:10D6A00002D02F2D0BD100E070BD0122114605489C
:10D6B00001F04EF961682068E160A06000BF00BF22
:10D6C00000BFF1E7A101002010B504461C48007816
:10D6D000C007C00F00280CD1194806F07FFD0028B4
:10D6E00007D0184800F094FA174908601448C0465B
:10D6F000C046144800F08CFA13490968401A3228D1
:10D700001DD3104800F084FA0F49086020780028E3
:10D710000BD0A088502802DAA088401CA080A088E6
:10D720003D280CD10120607009E0A088002802D0BB
:10D73000A088401EA080A088012800D1A07010BD44
:10D740006C010020A40100207001002010B50446E7
:10D7500004222146044800F062FA0020A0802070D4
:10D760006070A070204610BDA4010020FFB581B0FC
:10D7700017460299019800F077F80546002D01D16F
:10D7800005B0F0BD2946019800F04EF80446019816
:10D7900000F020F84000A04201D00020F0E7002671
:10D7A00011E02946019800F087F800B27100785224
:10D7B000291D019800F080F801B27200049881528E
:10D7C0000835701C86B2E10F09194910B142E8DC36
:10D7D0000120D5E770B50646114C1CE021463046C5
:10D7E00000F06AF80546681C002802D0E81C0028F2
:10D7F00001D1002070BDA81C00280BD1211D30468E
:10D8000000F05AF8FF2805D121460831304600F0D3
:10D8100053F8EFE7241D03488442DFD30020E9E7F3
:10D8200000C8010800D00108F3B581B00E460027FA
:10D83000344612E02146019800F03EF80546681C87
:10D84000002805D0A81C002802D0E81C002801D11F
:10D850003846FEBD781C87B2241D02488442E9D3B5
:10D860003846F6E700D00108F8B507460E46104CDA
:10D8700019E02146384600F01FF80546681C0028CC
:10D8800002D0E81C002801D10020F8BDA81C002807
:10D8900008D1211D384600F00FF8B04202D12046D1
:10D8A0000830F2E7241D03488442E2D30020ECE76D
:10D8B00000C8010800D0010870B505460C46214695
:10D8C0000148FDF7B8FC70BD8401002010B586B09A
:10D8D00004460020049005900190029003900121DD
:10D8E0008804FCF70FFD01214806FCF71BFD012110
:10D8F0000846FCF737FD04A8FCF778FC032000027B
:10D9000004900221684601750021C175032141750B
:10D9100004A93348FCF7F2FB042208213048FCF745
:10D9200035FC042209212E48FCF730FC2D48FBF77A
:10D930009DFE2C480068012108432A49086000BF69
:10D9400028484068C007C00F0028F9D02548006863
:10D95000022188432349086001A8FCF740F8002110
:10D9600068468171082181800021C1710E210172F8
:10D97000072141720121C173002141730121C1724C
:10D9800001A91848FBF71AFF164800684008400034
:10D990001449086000BF13484068C007C00F002842
:10D9A000F9D11149086001200F4940390860C86168
:10D9B000084600684008400008600A4840690221A3
:10D9C00008430849486100211E20FDF7E9FA1E209E
:10D9D00001218140054A116000BF06B010BD000062
:10D9E00000040048006400404066004000E100E0A0
:10D9F00070B50446002518E01820684321463031F0
:10DA0000085C00280FD10122182068430A5418210D
:10DA10006943224630328918081D142221461C31E0
:10DA2000FAF7A0FB70BD681CC5B20A2DE4DB00BF8D
:10DA3000F8E70000FFB583B004460D461646002007
:10DA40000290E56000216174042121740821A17411
:10DA5000E674069921750C9961750D99A1750E9959
:10DA6000E1750F992176109961761199A176214679
:10DA700008310E48FBF7C3FF0290002700200190F9
:10DA800009E00A480299FCF755F801907F1C084804
:10DA9000874200D902E001980128F2D100BF034873
:10DAA0000299FBF769FD07B0F0BD0000006400407B
:10DAB000FF0F000022210170002141700022FF2190
:10DAC00021310A54704700003EB50546FCF76EFD53
:10DAD0007D21C9002E480068FAF7B4FB0446601E99
:10DAE0002C49884200D90CE0601E2B494861032173
:10DAF000081FFDF7DDF9002027498861072008612C
:10DB000000BF0021481EFDF7D3F901212020FCF7BA
:10DB100009FC01212148FCF7B5FE7D21C9001C4804
:10DB20000068FAF78FFB401E1C4920310881002055
:10DB300000900190029001211020FCF7F3FB684651
:10DB4000FDF78AF81249096848087D21C900FAF7EB
:10DB500079FB401E81B26846018011480190002186
:10DB600068460181418069460E48FDF737F801217A
:10DB70000C48FCF787FE012211460A48FCF7F5FE27
:10DB8000112001218140084A116000BF3EBD000004
:10DB900000010020FFFFFF0000E000E00014004053
:10DBA000282300000010004000E100E038B50446E2
:10DBB0000320FCF7E5FC002000900BE007490098EB
:10DBC00040180078012252070099891808700098BF
:10DBD000401C00900098C028F0D338BD0080000899
:10DBE0000A4AD162928A01231A43084B9A821A4642
:10DBF000128809231A43054B1A8000BF034A128872
:10DC0000D207D20F002AF9D170470000001400405B
:10DC10000146486870474168491C4160704770B5CB
:10DC200006460C46154629462046FAF707FB70BD06
:10DC300070470146887B80014A7B120180180A7B6D
:10DC400092008018CA7A8018C0B270470146887C5A
:10DC500080014A7C120180180A7C92008018CA7BDD
:10DC60008018C0B27047002101708170417000BF00
:10DC700004E00023C21C53544A1CD1B20829F8DB2B
:10DC80007047000010B504460F48FEF74FFE0F48DE
:10DC9000FDF70EFA0E4805F0ABFA0E48FFF76AFAE8
:10DCA0000D4806F00BFA0D48FDF7FCFA0C48FDF79D
:10DCB00060FC0C4804F00CF90B4802F02FF82046E9
:10DCC000FFF7D1FF10BD00001C030020440100201D
:10DCD000D8020020400300205003002072050020DD
:10DCE000FC020020C401002088080020014688486A
:10DCF0008078C001874A927F52018018854AD27F7E
:10DD000012018018844AD279D2008018824A127A8D
:10DD100092008018804A527A52008018C8707F485A
:10DD2000C078C0017E4A127C920180187D4A127828
:10DD3000520180187B4A527812018018794AD278B1
:10DD4000D2008018774A9278920082187648C0797B
:10DD50004000121874488079101808717348807850
:10DD6000C001724AD278920182186F48407840010F
:10DD700012186D488078000112186B48C078C000F6
:10DD80001218694800798000121867482038807F8F
:10DD900040001018487166488078C001644A527883
:10DDA00092018018624A1278520180188871C87AEC
:10DDB000002801D0002070475948007C002801D07D
:10DDC00028200870887C002811D159484078002804
:10DDD00001D00120087056488078002801D0012029
:10DDE000087053480078002801D0022008704D4880
:10DDF0008078002801D00D2008704A48407800281B
:10DE000001D01D2008704748C078002801D010209C
:10DE1000087044480079002801D024200870C87B8D
:10DE2000002817D13C48407A002801D00A20087009
:10DE30003948C079002801D01B2008703648007A84
:10DE4000002801D01C20087037484079002801D0F4
:10DE50001A200870087B00280BD12E48807F0028EC
:10DE600001D0112008702B48C07F002801D0162057
:10DE70000870887B002805D125488078002801D0CB
:10DE800009200870087C002837D1274840780028EE
:10DE900001D00420087024488078002801D0042094
:10DEA00008702148C078002801D0032008701E485F
:10DEB0000079002801D0032008701B482038807F9B
:10DEC000002801D0052008701748C079002801D02B
:10DED0000F20087014488079002801D00C200870A9
:10DEE00011482038C07F002801D0032048700E4818
:10DEF0000078002801D004204870487C002805D113
:10DF00000648C078002801D00E200870087852E733
:10DF1000400300201C030020D80200204401002000
:10DF200088080020FC0200208402002072050020E6
:10DF3000500300200021C172017341738173C173CA
:10DF400001744174817400BF04E00023C21C535467
:10DF50004A1CD1B20829F8DB704702464A20C04368
:10DF6000814201DA00207047B32901DDFE20FAE783
:10DF700008464B30C0B2F6E7024608464B387047B9
:10DF8000F0B587B006460C461546FF231348007EC1
:10DF900013498978124A52780593029203910490AA
:10DFA0001048C078001FC0B20D4909780091019057
:10DFB000600305277F05C019AF02C0190A4F3F78DB
:10DFC000FF00C019084F7F78C1190448C37D827DC6
:10DFD0000548FFF72FFD07B0F0BD000088050020C1
:10DFE000B00100204401002064070020F0B587B094
:10DFF0000C4615461749C86BFBF79EF8C6B2FF23BF
:10E000001548008DC0B21449098D0912124AD28CEC
:10E01000D2B205930292039104900F48C08C001273
:10E020000096019060030B273F05C019AF02C0198D
:10E030000A4F3F78FF00C019084F7F78C119064882
:10E04000008EC3B20448008E02120448FFF7F2FCAF
:10E0500007B0F0BDF0040020440200206407002057
:10E06000F0B589B00C46154622494868224906F0A9
:10E0700091FB0746FBF760F886B21E4948691E49C6
:10E0800006F088FB0746FBF757F880B208901B485C
:10E09000FFF764FA0701C0371948FDF799F98000C6
:10E0A0003F181848FDF788F83818C0B2164907908D
:10E0B0000979089AD2B2089B1B1202930392049129
:10E0C0000590F0B231120091019060030327BF0563
:10E0D000C019AF02C0190D4F3F78FF00C0190B4F98
:10E0E0007F78C1190A48837802780848FFF7A2FCB4
:10E0F00009B0F0BD1C0300200000C84268050020E4
:10E100007205002044010020400300206407002025
:10E11000D8020020F7B588B00C4615461A482421CD
:10E12000415E0898FFF719FF064617482221415E15
:10E130000898FFF712FF079013480C21415E0898DA
:10E14000FFF70BFF0690FF200390049002960590C6
:10E15000079906980191009060030D273F05C019AB
:10E16000AF02C019094F3F78FF00C019074F7F78F1
:10E17000C1190548837FC08B0004020E0348FFF7D6
:10E1800059FC0BB0F0BD00004402002064070020E1
:10E19000F0B587B006460C4615461748007C164970
:10E1A000098A0904090E144A127A134B1B891B04AD
:10E1B0001B0E02930392049105900F48007A0E49BA
:10E1C00009890904090E00910190600307277F0562
:10E1D000C019AF02C019094F3F78FF00C019074F9F
:10E1E0007F78C11904488379C0880004020E03486F
:10E1F000FFF720FC07B0F0BDFC0200206407002000
:10E20000F0B587B006460C46154616488079154984
:10E21000C9880912134A1279124B9B881B12029368
:10E220000392049105900F4880780E49498809129D
:10E230000091019060030F273F05C019AF02C0197C
:10E24000094F3F78FF00C019074F7F78C119054873
:10E250000838037A008902120348FFF7EBFB07B086
:10E26000F0BD00008C02002064070020F0B587B0EC
:10E2700006460C4615461548807B1449C989091283
:10E28000124A127B114B9B891B1202930392049139
:10E2900005900E48807A0D49498909120091019034
:10E2A000600301273F06C019AF02C019084F3F782D
:10E2B000FF00C019064F7F78C1190448037A00890E
:10E2C00002120348FFF7B6FB07B0F0BD8C02002036
:10E2D00064070020F0B587B006460C461546FF20BF
:10E2E0000290039004900590009001906003112724
:10E2F0003F05C019AF02C019074F3F78FF00C01992
:10E30000054F7F78C1190548037C008A0212024834
:10E31000FFF790FB07B0F0BD640700208C020020DF
:10E3200070B586B006460C4615461A20022110220A
:10E33000FF2302930392049105900520062100918A
:10E3400001906003092252058018AA028018074A2A
:10E350001278D2008018054A5278811802232222AE
:10E360000248FFF767FB06B070BD0000640700209D
:10E37000F0B587B006460C4615461348007A124998
:10E38000C979114A9279104B5B79029303920491F7
:10E3900005900D4800790C49C978009101906003FF
:10E3A00009277F05C019AF02C019084F3F78FF0049
:10E3B000C019064F7F78C119034883780278034853
:10E3C000FFF738FB07B0F0BDB00100206407002064
:10E3D000F0B587B00D4616460024002005E0820007
:10E3E0001A4989580C19411CC8B20A28F7DB17488A
:10E3F0001438007C15491439098A0904090E134A96
:10E40000143A12691202120E104B143B1B691B0EB8
:10E410000293039204910590E0B22104090E009149
:10E42000019068030727BF05C019B702C019084F3C
:10E430003F78FF00C019064F7F78C1192002030EF4
:10E44000220E0348FFF7F6FA07B0F0BD08070020D8
:10E4500064070020FFB58BB01F460C9840031D21B8
:10E46000090541180D98800208185F490978C9000C
:10E4700040185D49497840180A905C4988695C49B0
:10E4800006F088F90790FAF757FE05465749C8691C
:10E49000574906F07FF90790FAF74EFE06465349B2
:10E4A000886A534906F076F90790FAF745FE099015
:10E4B0005049C8684E4906F06DF90790FAF73CFEDE
:10E4C00080B208900898FE2801DDFE200890474998
:10E4D000091FC86B464906F05DF90790FAF72CFE54
:10E4E0000446012F1ED14149091FC86BFAF724FECB
:10E4F000C0B20790F0B23104090E3202120EEBB234
:10E5000002930392049105902804000E2902090E3B
:10E510000091019001223448079B0A99FFF78AFA7B
:10E520000FB0F0BD022F18D10898C0B2E1B222049A
:10E53000120E23021B0E0293039204910590FF21F9
:10E540000998C0B20191009009980004030E0222BC
:10E5500025480A99FFF76EFAE2E7FF2F35D12349E4
:10E56000091FC86BFAF7E8FDC0B20790F0B231049A
:10E57000090E3202120EEBB202930392049105903F
:10E580002804000E2902090E00910190012216486C
:10E59000079B0A99FFF74EFA0898C0B2E1B222042D
:10E5A000120E23021B0E0293039204910590FF2189
:10E5B0000998C0B20191009009980004030E02224C
:10E5C00009480A99FFF736FAAAE7FF20029003905C
:10E5D00004900590009003463A46019002480A993B
:10E5E000FFF728FA00BF9BE764070020F40400202F
:10E5F00000007A44FC020020F0B587B00C461546B6
:10E6000018498869184906F0C5F80746FAF794FDD5
:10E6100086B2FF21F0B2039104910591029030126D
:10E620001049097F00910190104800788000F03077
:10E630000F4FBF78C019C2B260030F277F05C01902
:10E64000AF02C0190B4F3F78FF00C019094F7F7808
:10E65000C1190448808B0004030E0648FFF7EAF94D
:10E6600007B0F0BD44020020000020417C050020DE
:10E670006805002064070020F0B587B006460C4608
:10E6800015461948007A184909890904090E164ADD
:10E6900092681202120E144B9B681B0E0293039297
:10E6A00004910590104800780F4909880904090E63
:10E6B0000091019060031F273F05C019AF02C019E8
:10E6C0000A4F3F78FF00C019084F7F78C1190648EC
:10E6D00000680002030E04480068020E0348FFF7BA
:10E6E000A9F907B0F0BD00008805002064070020EC
:10E6F000F0B587B00C4615461E4948683C21F9F72D
:10E70000A1FD86B21C4840780001C0301A498978C2
:10E7100089004018184909784018C0B20690FF22B5
:10E720001649898DC9B20698049205920291039008
:10E730001248808D0004000E0E49497D09010D4AE2
:10E74000127D8918C9B200910190600301277F06EC
:10E75000C019AF02C0190A4F3F78FF00C019084F17
:10E760007F78C119F3B232120548FFF763F907B099
:10E77000F0BD00008805002044010020880600202C
:10E7800064070020F0B587B00D4616461C466803A6
:10E79000212109054018B10240184D490978C900E6
:10E7A00040184B4949784718012C15D1FF21494899
:10E7B000C0780391049105910290464880784549BC
:10E7C0004978009101904348037801223946404836
:10E7D000FFF730F907B0F0BD022C14D1FF213D48FE
:10E7E000C07903910491059102903A4880793949A2
:10E7F000497900910190374803790222394634481B
:10E80000FFF718F9E6E7032C14D1FF213148C07A4D
:10E8100003910491059102902E48807A2D49497AFE
:10E82000009101902B48037A032239462848FFF7CC
:10E8300001F9CFE7FF2C3CD1FF212648C078039196
:10E8400004910591029023488078224949780091EB
:10E85000019020480378012239461D48FFF7EAF865
:10E86000FF211C48C0790391049105910290194839
:10E87000807918494979009101901648037902225C
:10E8800039461348FFF7D6F8FF211248C07A0391A2
:10E890000491059102900F48807A0E49497A0091BF
:10E8A00001900C48037A032239460948FFF7C2F861
:10E8B00090E7FF200290039004900590009003469B
:10E8C0002246394601900248FFF7B4F800BF81E7BD
:10E8D0006407002054070020F0B587B00C461546A9
:10E8E0001648FCF705FC87011548FEF747FC0001B8
:10E8F0003F181448FCF7DCFC80003F181248FEF774
:10E9000017FA3818C6B2FF200290039004900590C1
:10E91000009001906003272212058018AA02801837
:10E920000A4A1278D2008018084A52788118FF23C8
:10E9300032460648FFF77EF807B0F0BD44010020DC
:10E9400040030020720500201C0300206407002003
:10E95000F0B587B004460D461646FF231C48007AE2
:10E960001B49098909121B4A5279059302920391A6
:10E9700004901948417819484079194A127992004F
:10E980001043F0221043C0B2019100901048007F64
:10E99000134F7F79BF0038430E4FBF793F01384393
:10E9A0000E4FBF79BF013843C2B20E480078C00095
:10E9B0000D4FC0190B4F7F78C11907488079FC278C
:10E9C000384303460748FFF735F807B0F0BD0000AD
:10E9D0001C03002040030020D80200204401002036
:10E9E000720500206407002000FCFF02FEB5064609
:10E9F0009048807D042800D0FEBD8E48C07C002851
:10EA00002BD000208B49C8748B480078002821D077
:10EA100089480078052812D004DC012807D0022894
:10EA200012D105E00E2804D024280DD102E000BF49
:10EA300000BF00BF01217F4805F086F909E00221EF
:10EA40007C4805F081F904E004217A4805F07CF95E
:10EA500000BF00BF7948FCF738FC7948FFF7D8F8C9
:10EA60007449C968401A7D21C900884200D2C3E7B1
:10EA70007348FFF7CDF86F49C860012071494874A9
:10EA80006C488068401C6B49886008460068401CE0
:10EA900008606D480069401C6B4908616B4800784C
:10EAA00064498968009101906248C27D817D00239C
:10EAB0006748FEF793FBC4B22146644804F002FDA8
:10EAC00064488078002804D000216248FEF778FA74
:10EAD00011E06048007957498968009101905548D4
:10EAE000C27D817D02235A48FEF778FBC4B22146DD
:10EAF0005848FEF765FA5848807F002803D15648E9
:10EB0000C07F002805D0002211465348FDF714FFAE
:10EB100019E051494869514905F03CFE0746FAF7AA
:10EB20000BFB054643488068019500904148C27D33
:10EB3000817D01234648FEF751FB04460022214611
:10EB40004548FDF7F9FE464800793A498968009141
:10EB500001903848C27D817D03233D48FEF73EFB8E
:10EB6000C4B221463E48FCF735FB3248C07D002840
:10EB700006D0012831D0022849D0042851D100E024
:10EB800000BF2C4880685A280DD92A4880686E2812
:10EB900009D234481E21415E5A2904DA0522002197
:10EBA000244805F0FAF8234880687D2809D92D48C3
:10EBB0001E21415E5A2904DA052200211D4805F074
:10EBC000ECF81C488068FF210F31884204D90522E7
:10EBD0000021184805F0E1F828E0164880681E2852
:10EBE00009D920481E21415E5A2904DA0522002154
:10EBF000104805F0D2F80F488068FF210F31884295
:10EC000004D9052200210B4805F0C7F80EE0094899
:10EC10008068C82804D905220021064805F0BDF8FF
:10EC200004E00121034805F08FF800BF00BF00BFDA
:10EC3000E2E6000088050020B001002072050020F7
:10EC4000A401002088080020F4060020D80200203B
:10EC5000D4060020400300201C0300200000C8420E
:10EC60004401002044020020FEB50646DC48807DB9
:10EC7000022800D0FEBDDA48C07C002812D0002057
:10EC8000D749C874D748FCF77DFDD748C26A1E2112
:10EC9000415ED34804F098FEC1B2D4480174D44810
:10ECA000FCF710FBCE4805F00BF8002819D0CC4833
:10ECB000C07D002805D105220021C94805F06DF866
:10ECC0000EE0C748C07D042805D100220421C448B5
:10ECD00005F063F804E004221146C14805F05DF830
:10ECE000C8E7C448FEF794FFBD49C968401A7D21B2
:10ECF000C900884200D2BDE7BE48FEF789FFB84987
:10ED0000C8600120BC494874B5488068401CB449BB
:10ED1000886008460068401C0860B8480069401CCC
:10ED2000B6490861AE4804F0DFFEB54805F0CCF9FD
:10ED3000B4480078AA49896800910190A848C27D2A
:10ED4000817D0023B048FEF749FAC4B22146AD48A0
:10ED500004F0B8FBAD480079A149896800910190A1
:10ED60009F48C27D817D0223A748FEF737FAC4B2CF
:10ED70002146A648FEF724F9A5494869A54905F0AA
:10ED800009FD0746FAF7D8F90546954880680195C8
:10ED900000909348C27D817D01239B48FEF71EFAB7
:10EDA0000446002221469A48FDF7C6FD9A4800799C
:10EDB0008B498968009101908948C27D817D032338
:10EDC0009148FEF70BFAC4B221469348FCF702FAC9
:10EDD0008348C07D030005F0F3F907051640578806
:10EDE000C5DFFA007F48FCF7B3FB7E48FCF70EFC5A
:10EDF0007B4881687D48007C814203D301217848AB
:10EE000004F0A2FFE9E076488068142810D975481C
:10EE1000FCF71AFC00280BD00120714908747748D0
:10EE2000006C401C7549086404216D4804F08CFF97
:10EE30006B488068782803D30221694804F084FF76
:10EE40006D480A21415E664804F040FE002803D068
:10EE50000621634804F078FFBFE0614880680F280E
:10EE600008D961481E21415E6E2903DC03215C48FC
:10EE700004F06AFF5A488068FF212D31884202D988
:10EE800001205849C870A8E055488068142810D956
:10EE90005448FCF7D9FB00280BD0022050490874D5
:10EEA0005648406C401C5549486404214C4804F0C5
:10EEB0004BFF4B48806878280AD3032048490874E0
:10EEC0004E48806C401C4D4988640120454988703B
:10EED00049480A21415E424804F0F8FD002803D069
:10EEE00006213F4804F030FF77E000213D48FCF761
:10EEF0005FFC002803D00521394804F025FF39487C
:10EF0000FCF74AFB002808D0354880683C2804D329
:10EF100032220321324804F040FF314880687828CB
:10EF200006D33048FCF7B6FB05212D4804F00CFF52
:10EF30002D482221415E2D4820380A22825E9142CE
:10EF400003DB0621264804F0FFFE2B480A21415E20
:10EF5000234804F0BBFD002803D00621204804F01C
:10EF6000F3FE3AE01E4880681E280BD31E481E217F
:10EF7000415E6E2906DA1B48FCF704FC00211848A4
:10EF800004F0E2FE16488068FF212D31884202D34A
:10EF900001201449C87020E0114880683C2809D33A
:10EFA00011481E21415E6E2904DA042201210C4819
:10EFB00004F0F3FE0A488068FF212D31884204D313
:10EFC00004220121064804F0E8FE06E0FFE70122E2
:10EFD0000421034804F0E1FE00BF00BF00BF49E682
:10EFE00088050020FC02002044020020A806002022
:10EFF00072050020A401002088080020F4060020EB
:10F0000050030020D8020020D40600204003002036
:10F010001C0300200000C8424401002010B5044633
:10F020002F48807D062800D010BD2D48C07C0028C8
:10F0300007D000202A49C874207060706060207278
:10F04000607228484078002805D101220021244818
:10F0500004F0A3FEE8E72448FEF7DAFD2049C9687A
:10F06000401A7D21C900884200D2DDE71E48FEF724
:10F07000CFFD1B49C86001201A49487418488068B0
:10F08000401C1749886008460068401C0860084614
:10F09000C07D00281BD12178144804F013FA617850
:10F0A0001348FDF78DFF002212486168FDF744FC0C
:10F0B000217A1148FCF78EF8607A002803D00F48B7
:10F0C000FCF700F902E00D48FCF7FFF805E0032229
:10F0D0000021034804F061FE00BF00BF00BFA3E7AA
:10F0E0008805002088080020A4010020D802002004
:10F0F000400300201C030020440100207205002072
:10F10000002101704170416001724172704700003E
:10F11000FEB50646E648807D012800D0FEBDE448E5
:10F12000C07C002808D00020E149C874E148FDF700
:10F13000ADFEE148FCF7C6F8DD4804F0C1FD00284B
:10F1400005D005220021DA4804F027FEE6E7DB4877
:10F15000FEF75EFDD649C968401A7D21C900884284
:10F1600000D2DBE7D548FEF753FDD149C860012046
:10F17000D3494874CE488068401CCD498860084611
:10F180000068401C0860CF480069401CCD490861F8
:10F19000C74804F0A9FCC648C07D002806D0012855
:10F1A00059D002287ED004287DD114E1C6480078C9
:10F1B000BF49896800910190BD48C27D817D0023CF
:10F1C000C248FEF70BF8C4B22146BF4804F07AF9F2
:10F1D000BF480079B649896800910190B448C27D62
:10F1E000817D0223B948FDF7F9FFC4B22146B84832
:10F1F000FDF7E6FEAF494869B64905F0CBFA074688
:10F20000F9F79AFF0546AA48806801950090A8483A
:10F21000C27D817D0123AD48FDF7E0FF0446002259
:10F220002146A448FDF788FBAB480079A0498968CE
:10F23000009101909E48C27D817D0323A348FDF784
:10F24000CDFFC4B22146A448FBF7C4FF0121984872
:10F2500004F07AFD28E19C4800789549896800917E
:10F2600001909348C27D817D00239848FDF7B6FF49
:10F27000C4B22146944804F025F9954800798C4998
:10F280008968009101908A48C27D817D02238F4860
:10F29000FDF7A4FFC4B221468D48FDF791FE8549D4
:10F2A000486901E033E0F9E08A4905F073FA07465E
:10F2B000F9F742FF05467E488068019500907C483A
:10F2C000C27D817D01238148FDF788FF044600222D
:10F2D00021467848FDF730FB7F48007974498968FA
:10F2E000009101907248C27D817D03237748FDF72C
:10F2F00075FFC4B221467848FBF76CFF6C48806804
:10F300000F2803D904216A4804F01EFDCCE06E48A2
:10F31000007867498968009101906548C27D817DC8
:10F3200000236A48FDF75AFFC4B22146664804F03C
:10F33000C9F8674800795E498968009101905C4886
:10F34000C27D817D02236148FDF748FFC4B221469A
:10F350005F48FDF735FE574948695E4905F01AFADE
:10F360000746F9F7E9FE0546514880680195009087
:10F370004F48C27D817D01235448FDF72FFF04468D
:10F38000002221464B48FDF7D7FA534800794849F7
:10F390008968009101904648C27D817D03234B48D6
:10F3A000FDF71CFFC4B221464B48FBF713FF4B4847
:10F3B0001E21415E5A2904DA002202213C4804F051
:10F3C000ECFC3B488068FF212D31884202D90120A6
:10F3D0004349C87068E03648007D042822D134488B
:10F3E0008068052807D21E21374804F06BF80120F9
:10F3F0003C4908701AE03B48007800280DD0374897
:10F400001E21415E5A2904DB1E212F4804F05AF8C0
:10F410000CE000203349087008E000212A4804F07D
:10F4200051F803E00021284804F04CF80021284856
:10F43000FDF7C6FD002211461E48FDF77DFA214862
:10F44000C06B401C1F49C863194804F07DF90028AF
:10F4500003D00221164804F077FC1548007D0428EB
:10F4600003D11D48FBF728FE17E001241048007D5A
:10F47000002804D118480078002800D100240C4846
:10F48000007D022804D114484078002800D10024CF
:10F4900021461148FBF79EFE00BF05E00522002132
:10F4A000034804F07AFC00BF00BF00BF36E600004E
:10F4B000880500201C03002072050020A401002004
:10F4C00088080020F4060020D8020020D40600207E
:10F4D000400300200000C8424401002044020020F4
:10F4E000FC0200207601002010B504464D48807DC6
:10F4F000052800D010BD4B48C07C002802D0002059
:10F500004849C87448488078002805D10122002164
:10F51000444804F042FCEDE74448FEF779FB4149DA
:10F52000C968401A7D21C900884200D2E2E73F48FD
:10F53000FEF76EFB3B49C86001203B4948743948DF
:10F540008068401C374988600846C07D002860D12B
:10F5500037488078C007C00F002809D03448808819
:10F5600064225043014600223248FDF7E5F904E0E9
:10F57000002211462F48FDF7DFF92D48408802216F
:10F580000840022807D141032B48FAF72DFE2B48EB
:10F59000FBF798FE04E0012189032748FAF722FED1
:10F5A0002348408804210840042805D12048017CD4
:10F5B0002348FDF705FD03E000212148FDF700FD8C
:10F5C0001B48408808210840082805D11848017BBD
:10F5D0001C48FBF7FFFD03E000211A48FBF7FAFD8A
:10F5E000134840881021084010280DD11048C088C9
:10F5F000002805D00E488179134803F063FF07E027
:10F6000000201149087003E000210F4803F05AFF61
:10F6100005E001220021034804F0BFFB00BF00BF4A
:10F6200000BF67E78805002088080020A4010020AB
:10F63000BE0600201C0300200008004872050020C0
:10F640004003002044010020D802002070B5054688
:10F6500000210848FCF7ACF80446012C03D1162120
:10F66000054804F071FB022C03D11621024804F076
:10F670006BFB70BDFC02002088050020FEB505462E
:10F68000EB48807D032800D0FEBDE948C07C0028FF
:10F6900005D00020E649C874E648FBF713FEE448AD
:10F6A00004F00EFB00281DD0E148C07D1E2805D1C6
:10F6B00005220021DE4804F070FB12E0DC48C07D2A
:10F6C000322809DBDA48C07D3B2805DC0022042112
:10F6D000D74804F062FB04E004221146D44804F049
:10F6E0005CFBD1E7D448FEF793FAD149C968401AC8
:10F6F0007D21C900884200D2C6E7CF48FEF788FACC
:10F70000CB49C8600120CD494874C9488068401C75
:10F71000C749886008460068401C0860C8480069FE
:10F72000401CC7490861C24804F0DEF9C54804F02E
:10F73000CBFCC5480078BE49896800910190BC485F
:10F74000C27D817D0023C148FDF748FDC4B221463A
:10F75000BD4803F0B7FEBE480079B54989680091FD
:10F760000190B348C27D817D0223B848FDF736FD84
:10F77000C4B22146B648FDF723FCB6494869B649EC
:10F7800005F008F80746F9F7D7FC0646A848806850
:10F7900001960090A648C27D817D0123AB48FDF70C
:10F7A0001DFD044601222146AA48FDF7C5F8AB48D5
:10F7B00000799F498968009101909D48C27D817DB3
:10F7C0000323A248FDF70AFDC4B22146A348FBF774
:10F7D00001FD9748C07D32287EDB9548C07D3B28DF
:10F7E0007ADC9349C87D0A21F8F736FDCCB2A10036
:10F7F000934814304058401CA2009149143188505D
:10F800008E480A21415E8A4804F060F9002803D03E
:10F810001C21874804F098FA91482221415E9148C2
:10F820000A22825E914203DB1C21814804F08CFA9B
:10F830007F4804F003F9002803D01C217C4804F021
:10F8400083FA7B4880680A2853D986480A21415E9A
:10F850006200D238805E091A81482222825E91427B
:10F8600007DC8048807DA04203DA7148007EFD28D5
:10F870000BDC6F48007EFD2810DA6D48007EA04248
:10F880000CDA7848807DA04208DA20463130C1B2D7
:10F89000674804F059FA7448FCF75EF871480A2189
:10F8A000415E6200E638805E091A6D482222825E5F
:10F8B000914207DB6B48C07DA04203DD5C48007EBF
:10F8C000FD280DDC5A48007EFD2812DA5848007EDB
:10F8D000A0420EDD634800E00FE0C07DA04208DDDD
:10F8E00020463330C1B2524804F02EFA5E48FBF78E
:10F8F0003DFE2846FFF7AAFE97E04D48C07D16283A
:10F9000023D01C2804D01E283CD020286FD13DE0F5
:10F910004748806814280ED951481E21415E5A2953
:10F9200004DB434804F006F9002804D00422012136
:10F930003F4804F032FA3E488068F02804D9042297
:10F9400001213B4804F029FA6EE0394880683228EA
:10F950000ED943481E21415E5A2904DB344804F085
:10F96000E9F8002804D004220121314804F015FAF6
:10F970002F488068FF212D31884202D901203A4961
:10F98000C87051E02B48FBF7A0FC4DE02B480A2142
:10F99000415E274804F09AF8002803D01C2124482F
:10F9A00004F0D2F92E482221415E2E480A22825EBE
:10F9B000914203DB1C211E4804F0C6F91C4804F0E8
:10F9C0003DF8002803D01C21194804F0BDF918485F
:10F9D0008068022803D22448FBF7D6FD1DE01448B6
:10F9E0008068192804D22048FBF710FE15E015E0C6
:10F9F0001D48007D002803D00D488068642803D985
:10FA000016210B4804F0A0F91748FBF783FE0028E5
:10FA100003D03221064804F097F905E001220421C1
:10FA2000034804F0BAF900BF00BF00BF2CE6000095
:10FA30008805002072050020A4010020880800200D
:10FA4000F406002050030020D8020020D406002035
:10FA5000400300201C0300200000C8424401002095
:10FA60004402002088060020FC0200207CB50546E8
:10FA70009848807D002800D07CBD9648C07C002836
:10FA800008D000209349C8749348FBF71EFC00205F
:10FA9000924988748F48C07D01281FD19048007812
:10FAA00000281BD08F480068002817D18E480078A6
:10FAB000002809D18D48C079002805D18C48FBF772
:10FAC000ABFC002083498860824880680A2805D9F9
:10FAD00000218548017000208449C8717D4804F0E8
:10FAE00035F8002815D08348FEF7CCF88248006826
:10FAF000401C81490860012205217F4803F0A6F8D7
:10FB000000220121734804F048F90020714908607F
:10FB1000B2E772484079002808D07648FEF7B2F87C
:10FB20001E2203216B4804F038F9A5E76B48807862
:10FB3000002809D06748C07D012805D10022052191
:10FB4000644804F02AF997E76448407800280CD00C
:10FB50006048C07D012808D16648FEF793F800226E
:10FB600006215C4804F019F986E76448FEF750F86E
:10FB70005849C968401A7D21C900884200D27BE7F4
:10FB80005E48FEF745F85349C86001205349487460
:10FB900050488068401C4F4988600846C07D012855
:10FBA00004D0032829D005287AD162E000215448E6
:10FBB00003F088FC00215348FDF702FA00221146A9
:10FBC0005148FCF7B9FE4348007D042803D14F4853
:10FBD000FBF772FA10E04E480078002808D04B4836
:10FBE0008078002804D001214848FBF7F3FA03E0AD
:10FBF00000214648FBF7EEFA68E0414800783549B5
:10FC00008968009101903348C27D817D002341487D
:10FC1000FDF7E4FAC4B22146394803F053FC3948F1
:10FC200000792C498968009101902A48C27D817D24
:10FC300002233848FDF7D2FAC4B221463148FDF715
:10FC4000BFF9002211463048FCF776FE00212F480C
:10FC5000FBF7C0FA1F488068C82805D820488038BC
:10FC60001E21415E6E2903DA01211A4804F06CF866
:10FC70002CE00021224803F025FC00212148FDF75B
:10FC80009FF9002211462048FCF756FE19480078DB
:10FC9000002806D118484068401C1749486005E014
:10FCA0000FE015488068401C13498860124802F034
:10FCB0003DFE194803F030F80121064804F044F8ED
:10FCC00004E00321034804F03FF800BF00BF00BF79
:10FCD000D2E6000088050020720500208808002078
:10FCE000C4020020A008002084080020680500202D
:10FCF00005010020B0010020F4060020A40100202E
:10FD0000D8020020400300201C03002044010020F2
:10FD10007C050020D4060020440700200021C17487
:10FD20000174704770B505460C46182C02D16F4817
:10FD3000007870BD012C02D16D48807DF9E7022C5E
:10FD400002D16B48C07DF4E7032C02D168480068FB
:10FD5000EFE7042C02D166488068EAE7052C08D159
:10FD60006449C86A644904F015FD0646F9F7E4F9E8
:10FD7000DFE7062C03D15F491E20085ED9E7282C57
:10FD800003D15C492220085ED3E7292C03D15949CD
:10FD90002420085ECDE7112C09D1584948685649FE
:10FDA00004F0F8FC0646F9F7C7F980B2C1E7122C57
:10FDB00009D152494869504904F0ECFC0646F9F76C
:10FDC000BBF980B2B5E70F2C02D14D480078B0E7FF
:10FDD000102C02D14A488078ABE7132C01D1494856
:10FDE000A7E7142C02D148488068A2E7152C02D15D
:10FDF000454800799DE7162C02D13E48808F98E750
:10FE0000192C02D13948807893E71A2C02D137484F
:10FE1000C0788EE71B2C02D13448007989E71C2C6E
:10FE200002D13248407984E71D2C02D12F488079D5
:10FE30007FE71E2C02D12D48C0797AE71F2C02D112
:10FE40002A48007A75E7202C02D12848407A70E7CA
:10FE5000212C02D12548807A6BE7222C02D124483C
:10FE6000007C66E7242C03D128490620085E60E761
:10FE7000252C03D125490820085E5AE7262C02D1FB
:10FE80002248407955E72E2C03D12148FBF794F9FD
:10FE90004FE7312C03D117484030008949E7322C15
:10FEA00003D114484830408843E7332C03D111482C
:10FEB000483080883DE7342C03D10E484830C08854
:10FEC00037E7352C03D10B484830008931E7362C11
:10FED00003D10848483040892BE7372C03D1054827
:10FEE0004830808925E70020C04322E7B001002088
:10FEF00088050020440200200000C8421C030020A6
:10FF0000D8020020204E000040030020FC02002008
:10FF10004401002013B59CB018211D984843FE49A8
:10FF2000401880680003400E1B9018211D9848431C
:10FF3000F94940180089C004400F1A90084630382B
:10FF400001781B98814204D01B987F2801D01EB0F5
:10FF500010BDF148303841781A98814203D01A9880
:10FF6000072800D0F3E718211D984843EA494018B4
:10FF70008068000D159018211D984843E6494018E7
:10FF800000898005400E149018211D984843E249CD
:10FF90004018007A4007400F139000200D900EE0AB
:10FFA00018211D984843DC4940180F300D99415CD9
:10FFB0000FAA0D9811540D98401CC0B20D900D98C9
:10FFC0000828EDDB1498782805DB14987B2802D0EC
:10FFD00000211C98C1741598010514984003091854
:10FFE000139880020818CC4930390978C9004018A4
:10FFF000C94930394978401812901598082801D11C
:020000040801F1
:1000000000F0FAFE10DC082801D301F0BBF9430030
:100010007B449B885B009F4422081A0022085A05F3
:100020009105920593054906222801D101F0B6F801
:1000300006DC132801D101F013F81628E5D1F6E308
:10004000262801D101F00CF92F28DED1F0E3149815
:100050004003012149054118139880020818AE4950
:1000600030390978C9004018AB493039497840180F
:10007000129008A8007F010208A8407F08181428E1
:1000800076D014DC052874D008DC002822D00128A2
:1000900039D0032873D004286DD18EE006286BD0A8
:1000A00007286AD00B2869D01328F5D1EFE143283F
:1000B0007DD008DC16287BD02D287AD0412879D035
:1000C0004228E9D10BE3442875D0452874D046284E
:1000D000E2D1FDE3FF200522062304900293039260
:1000E0000590022022210091019008A8407F0D90E8
:1000F00008A8007F0C900246874830380D9B129963
:10010000FDF798FC99E201211C98C17008A8807F36
:10011000FF2803D108A8C07FFF2809D008A8807F46
:10012000010208A8C07F08183C2148437B49486069
:100130007A4840683C210D90F8F784F880B2169018
:10014000FF2002900390049005901698C1B200120F
:100150000191009008A8407F0D9008A8007F0C90A6
:1001600002466D4830380D9B1299FDF763FCC9E7D4
:100170009BE157E003E0F9E36FE02FE170E101213B
:100180001C980171FF20029003900490059000904C
:10019000019008A8407F0D9008A8007F0C900246AF
:1001A0005D4830380D9B1299FDF744FCAAE7A2E2A6
:1001B0009AE1A7E142E204E33BE301211C9841718B
:1001C00008A8807FFF2803D108A8C07FFF2809D096
:1001D00008A8807F010208A8C07F08183C21484376
:1001E0004E4948604D4840683C210D90F8F72AF888
:1001F00080B21690FF20029003900490059016980C
:10020000C1B200120191009008A8407F0D9008A88B
:10021000007F0C900246404830380D9B1299FDF744
:1002200009FC6FE73E48FDF72DFDFF20029003908B
:100230000490014605903A4800780191009008A882
:10024000407F0D9008A8007F0C900246324830385D
:100250000D9B1299FDF7EEFB54E708A8807FFF285D
:1002600003D108A8C07FFF2809D008A8807F010219
:1002700008A8C07F08183C2148432849486010A8B6
:1002800000780007000F0F2808D010A8007800079A
:10029000000F01460D90214803F092FA10A8007853
:1002A000F0210840F02808D010A80078084000117C
:1002B00001460D90194803F095FA184803F099FA91
:1002C00010A84078010210A88078081880B2169013
:1002D00014491698884203D0169801B212488185B5
:1002E00010A8C0788007800F0E900E98032809D0C0
:1002F0000E98012801D10D4908700E98002801D1EF
:100300000A49087010A8C0780C2108400E900E9879
:100310000C2817D00E980BE09407002088050020C9
:10032000B0010020FFFF00008806002044010020EB
:10033000042802D10120FE4988700E98002801D1BE
:10034000FB49887010A8C078302108400E900E98A4
:10035000032809D00E98012801D1F54948700E985C
:10036000002801D1F2494870F24840683C210D90C4
:10037000F7F768FF80B21690ED4840780001C03072
:10038000EB49897889004018E94909784018C0B2DA
:100390000E90E948808DC1B2E748808D0004000EC0
:1003A000E44B5B7D1B01E34C247D1B19DBB20E9AF1
:1003B000029303AB07C31698C0B2169909120091B5
:1003C000019008A8407F0D9008A8007F0C9002467D
:1003D000DA480D9B1299FDF72DFB76E308A8807F84
:1003E0000A2829DAFF2308A8807F4100D1482E304F
:1003F000425C08A8807F4100CE482E30405A00045D
:10040000010E08A8807F4400CA481A30005D02AC83
:100410000FC408A8807F4100C6481A30405A000423
:10042000000E08A9897F0823002200910190C3488B
:100430001299FDF7FFFA12E0FF200290039004905A
:1004400005900090019008A8407F0D9008A8007FBB
:100450000C900246B9480D9B1299FDF7EBFA34E374
:10046000FF200290039004900146059008A8807F29
:100470000191009008A8407F0D9008A8007F0C9083
:100480000246AE480D9B1299FDF7D4FA1DE308A869
:10049000807FFF2803D008A8807FA649087607221E
:1004A0007F21A748FDF76CFD0FE3A64801F0C6FDCC
:1004B000FF200290039004900590A2488030808F26
:1004C000C0B2A0498031898F09120091019008A81B
:1004D000407F0D9008A8007F0C90024697480D9B26
:1004E0001299FDF7A7FAF0E297489849C86300BF50
:1004F000BFF34F8F96489749C860BFF34F8F00BF37
:1005000000BFFEE708A8807F8007800F0E900E983E
:10051000012801D19049C8720E98002801D18E4956
:10052000C87208A8807F0C2108400E900E980428FD
:1005300002D10120884908730E98002801D186490C
:10054000087308A8807F302108400E900E9810286C
:1005500002D10120804948730E98002801D17E49BC
:10056000487308A8807FC02108400E900E9840284C
:1005700002D10120784988730E98002801D176496C
:10058000887308A8C07F8007800F0E900E980128FE
:1005900001D17149C8730E98002801D16E49C87302
:1005A00008A8C07F0C2108400E900E98042802D1A4
:1005B0000120694908740E98002801D16649087421
:1005C00008A8C07F302108400E900E98102802D154
:1005D0000120614948740E98002801D15E49487491
:1005E00008A8C07FC02108400E900E98402802D174
:1005F0000120594988740E98002801D15649887401
:100600005548FDF723FB0D905348FDF712FB0C9066
:10061000FF2002900390049005900D990C98019191
:10062000009008A8407F0B9008A8007F0A9002461F
:1006300042480B9B1299FDF7FDF946E208A8807F1E
:10064000072806D00A2822D00C2811D01B283CD11C
:100650002CE001213B48E030C17508A8C07F0102B1
:1006600010A80078081801B236488030418434E080
:1006700001213448E030017608A8C07F010210A8AB
:100680000078081801B22F488030C18325E001218D
:100690002C48E030417608A8C07F010210A80078FD
:1006A000081801B227488030818416E001212548CE
:1006B000E030817508A8C07F010210A800780818F2
:1006C00001B220488030818307E000211D48E030DE
:1006D0008175C1750176417600BF00BFF5E115480F
:1006E000807D002806D11348C07D012802D11A4818
:1006F000FDF7C8FAE9E108A8807F8007800F0E9017
:100700000E9803280BD00E98012802D101211C98C5
:1007100041700E98002802D100211C98417008A851
:10072000807F0C2108400E900E980C2822D015E0F6
:10073000440100208805002088060020640700206E
:10074000A1010020C401002055AA1600C00000200D
:100750000400FA0500ED00E0B00100200E98042826
:1007600002D101211C9881700E98002802D100212D
:100770001C9881701C984078002806D01C988078BE
:10078000002802D000211C988170FF200290039065
:100790000490014605901C98807882001C9840784F
:1007A0001018C0B20191009008A8407F0D9008A8D1
:1007B000007F0C900246F7480D9B1299FDF73AF91D
:1007C00083E11C984078002830D008A8807F8007FB
:1007D000800F0E900E98032809D00E98012801D1A1
:1007E000ED4908720E98002801D1EB49087208A85B
:1007F000C07FFF2803D008A8C07FE749087010A871
:100800000078FF2803D010A80078E349487010A8AA
:100810004078010210A88078081880B21690DF494D
:100820001698884202D0DC49169848604DE1FDE3F5
:10083000FDE308A8C07F010210A80078081880B264
:10084000169008A8807F032843D006DC002809D032
:10085000012819D002286BD128E004284BD0172892
:1008600066D15AE0CD49169888420CD0CC491698EA
:100870008880084680880A2802DD0A21C8488180CD
:10088000C7488088169056E0C449169888420CD014
:10089000C3491698488108464089012802DD012194
:1008A000BF484181BE484089169044E0BB49169834
:1008B00088420CD0BA49169808820846008A6428F3
:1008C00002DD6421B6480182B548008A169032E004
:1008D0004DE0B249169888420CD0B14916988881EB
:1008E00008468089012802DD0121AD488181AC489C
:1008F000808916901FE0A949169888420CD0A84913
:100900001698C8810846C089642802DD6421A4487D
:10091000C181A348C08916900DE0A049169888426D
:1009200005D09F491698C8800846C088169002E0F6
:100930009A48169000BF00BFFF211698C0B20391DD
:100940000491059102901698001208A9897F0091E0
:10095000019008A8407F0D9008A8007F0C900246E7
:100960008C480D9B1299FDF765F8AEE099E008A858
:10097000807F8007800F012806D189484088FE21AA
:100980000840401C8649488008A8807F8007800F67
:10099000002805D182484088FE21084080494880CF
:1009A00008A8807F0C210840042806D17C48408894
:1009B000FD210840801C7A49488008A8807F0C21CE
:1009C0000840002805D176484088FD210840744938
:1009D000488008A8807F30210840102806D1704840
:1009E0004088FB210840001D6D49488008A8807F91
:1009F00030210840002805D169484088FB21084083
:100A00006749488008A8807FC0210840402806D157
:100A100063484088F721084008306149488008A8A9
:100A2000807FC0210840002805D15D484088F7211B
:100A300008405B49488008A8C07F8007800F0128D4
:100A400006D157484088EF2108401030544948806B
:100A500008A8C07F8007800F002805D15048408833
:100A6000EF2108404E49488008A8C17FFC2001437F
:100A700008A8C177FF20029003900490059008A871
:100A8000C17F807F0191009008A8407F0D9008A849
:100A9000007F0C9002463F480D9B1299FCF7CAFF5D
:100AA00013E0FF20029003900490059000900190C5
:100AB00008A8407F0D9008A8007F0C90024635489A
:100AC0000D9B1299FCF7B6FF00BF00BFC7E208A854
:100AD000007F010208A8407F081880B201460D90EF
:100AE0001C98FFF71FF980B21690FF221698C1B22A
:100AF000001202AB07C3059216980114001601916B
:100B00000090149840030121890541181398800230
:100B1000081820490978C90040181E49497840182A
:100B20000B9008A8407F0D9008A8007F0C9002460B
:100B300018480D9B0B99FCF77DFFC7E7C6E78EE2CF
:100B400008A8007F010208A8407F081880B217900B
:100B500017980A38030003F033FB1E1016272D33B5
:100B6000393F454B895189898989898989575D67C9
:100B70006D7379898989898983890A48139A1499B7
:100B8000FDF7FEF990E00748139A1499FDF72EFA45
:100B90008AE0000064070020E8060020FFFF000054
:100BA000BE060020A1010020F748139A1499FDF712
:100BB00057FA79E0F448139A1499FDF7ABFA73E009
:100BC000F148139A1499FDF7E3FA6DE0EE48139A91
:100BD0001499FDF715FB67E0EB48139A1499FDF79C
:100BE00045FB61E0E848139A1499FDF773FB5BE05D
:100BF000E548139A1499FDF793FB55E0E248139AE0
:100C00001499FDF7B5FB4FE0DF48139A1499FDF7EF
:100C1000DFFB49E008A8807F03460D90DA48139A6D
:100C20001499FDF717FC3FE0D748139A1499FDF784
:100C3000E3FC39E0D448139A1499FDF71DFD33E025
:100C4000D148139A1499FDF753FD2DE008A8807F31
:100C500003460D90CC48139A1499FDF793FD23E0B9
:100C6000C948139A1499FDF737FE1DE0FF20029042
:100C70000390049005900090019017980105149836
:100C800040030918139880020818C0490978C90060
:100C90004018BE4949784018FF231A4601460D9076
:100CA000BA48FCF7C7FE00BF00BF6BE308A8007F8F
:100CB000002806D0012818D0022849D003287DD169
:100CC0005AE0B348FBF76CFDFF20029003900490BC
:100CD00005900090019008A8007F034604220D9023
:100CE000AA481299FCF7A6FE84E010A80078010635
:100CF00010A840780004091810A88078000209188C
:100D000010A8C07808180D9008A8807F010208A8D4
:100D1000C07F08180C9001469D480D9AFAF73AFEDC
:100D200010A8C178827843780078039304920591E3
:100D3000029008A8C17F807F0191009008A8007FE1
:100D4000034604220D9091481299FCF773FE51E07E
:100D50008F48FBF7C9F8FF2002900390049005909C
:100D60000090019008A8007F034604220D90874858
:100D70001299FCF75FFE3DE008A8807F010208A8F9
:100D8000C07F081801460D908148FAF7B1FF119015
:100D90001198C1B20004020E11980002030E1198BE
:100DA000000E039304920591029008A8C17F807FF2
:100DB0000191009008A8007F034600E006E00422AD
:100DC0000D9072481299FCF735FE13E0FF20029057
:100DD00003900490059008A8C17F807F0191009046
:100DE00008A8007F034605220D9068481299FCF779
:100DF00021FE00BF00BFC5E26648807D002803D108
:100E00006448C07D012803D06248807D052874D1E4
:100E100008A8007F3021084000286FD108A8007F73
:100E20000007000F002804D0032809D0062806D1A7
:100E300065E0594801F03CFF574801F0E2FD84E0CD
:100E400010A80078010210A84078081880B2199004
:100E500010A88078010210A8C078081880B21890F5
:100E600000200D9044E01998C0004C4941180D989D
:100E7000C00008180C904A490C98884200D93BE001
:100E800048480C99FAF7D7F90B900B98401C0028AA
:100E900000D131E00C99091D4248FAF7CCF90A90CB
:100EA0000A98401C002800D126E00A98C0B20A998E
:100EB0000904090E0A9A1202120E0A9B1B0E0293D3
:100EC0000392049105900B98C0B20B990904090E86
:100ED000009101900B980002000E03460422099035
:100EE0002A481299FCF7A6FD0D98401C80B20D907F
:100EF00018990D988842B6DB27E099E026E010A803
:100F00000078010210A84078081801460D90224888
:100F100001F0BCFC11901198C1B20004020E1198AE
:100F20000002030E1198000E0393049205910290A3
:100F300010A8407810A90978FF230422009101909D
:100F400012481299FCF776FD00BF00BF08A8007F89
:100F50003021084010286BD108A8007F0007000F3F
:100F6000002802D0032879D120E000200B9007E070
:100F70000D480B9901F0B0FF0B98401CC0B20B90CC
:100F80000B980228F4DB69E0A1010020640700202F
:100F90005407002088050020F406002000E0010826
:100FA000F8E70108840100204407002010A8007819
:100FB000010210A84078081880B20D9010A880781F
:100FC000010210A8C078081880B20C9000200B9085
:100FD0003FE0EE4801680D98C00009180B98C0006A
:100FE00008180A90E948C06808380A99884200D26F
:100FF00033E0E7480A99FAF71EF909900A99091DA2
:10100000E348FAF718F908900898C1B20004020EF4
:1010100008980002030E0898000E039304920591AD
:1010200002900998C1B20004000E02E0A6E035E18A
:1010300015E00191009009980002000E0346042279
:101040000790D4481299FCF7F5FC0B98401C80B22D
:101050000B900C990B988842BBDB00BF00BF91E15D
:1010600008A8007F01284ED108A8407F8007800F84
:10107000002801D1C849087008A8407F8007800F68
:10108000012801D1C449087008A8407F0C210840FC
:10109000002802D100211C98017008A8407F0C2173
:1010A0000840042802D101211C98017008A8407F43
:1010B00030210840002802D100211C98817108A825
:1010C000407F30210840102802D101211C988171F5
:1010D00008A8807F01460D90B048FCF74DFF1C9991
:1010E000488110A800788007800F002802D10021D5
:1010F0001C98017210A800788007800F012802D187
:1011000001211C98017208A8007F022835D108A887
:10111000407F01460D90A148FCF72EFFA049488171
:1011200008A8807F01460D909C48FCF725FF9C494C
:10113000888108A8C07F01460D909848FCF71CFFE5
:101140009749C88110A8007801460D909348FCF794
:1011500013FF9349088210A8407801460D908F48EC
:10116000FCF70AFF8E49488210A8807801460D904E
:101170008A48FCF701FF8A49888203E110A8C078F9
:101180008011032809D010A8C0788011002801D050
:10119000012100E000211C98C171F3E08148807DAD
:1011A00000285CD17F48C07D012858D114984003A5
:1011B00023210905411813988002081875490978F8
:1011C000C9004018734949784018129008A8007F58
:1011D000010608A8407F0004091808A8807F0002C3
:1011E000091808A8C07F08180D9000200C902CE06A
:1011F00067480D99FAF71FF811901198C1B20004D1
:10120000020E11980002030E1198000E039304922F
:10121000059102900D98C0B20D990904090E009134
:1012200001900D980002000E0B900D98000E0A9090
:10123000024658480B9B1299FCF7FCFB0D98001DC9
:101240000D900C98401C80B20C9010A80078010200
:1012500010A8407809180C988142C9DC00BF91E0C1
:1012600008A8007FFF2818D008A8007F01460D902D
:101270004A48FCF781FE1C99888100211C988173E3
:1012800008A8407F8007800F012803D101211C9806
:10129000C17302E000211C98C17373E008A8007FAD
:1012A0008007800F022805DA08A8007FC007C00F5A
:1012B0003D49087708A8007F0007800F022805DA5B
:1012C00008A8007F4007C00F3849487108A8007F70
:1012D0008006800F022805DA08A8007FC006C00F2C
:1012E0003349887108A8007F8011022805DA08A810
:1012F000007F4006C00F2F49887108A8407F8007F3
:10130000800F022805DA08A8407FC007C00F2A49CD
:10131000887108A8807F0007800F022805DA08A8D6
:10132000807F4007C00F2349487108A8807F80064E
:10133000800F022805DA08A8807FC006C00F1B496D
:10134000087108A8C07FFF2803D008A8C07F1A49E9
:10135000487010A80078FF2803D010A8007814491E
:10136000487110A84078FF2803D110A88078FF2882
:1013700007D010A84078010210A8807808180A4900
:10138000088100BF00BF00BFFEF7E1FD4407002059
:10139000840100206407002064010020A1010020D6
:1013A00088060020880500201C030020720500200C
:1013B0004003002044010020D802002010B504465C
:1013C00048480078C007C00F00280CD1454802F0FB
:1013D00005FF002807D04448FCF71AFC4349086081
:1013E0004048C046C04642480078C007C00F0028A9
:1013F0000CD13F4802F0F2FE002807D03A48FCF733
:1014000007FC3C4908603A48C046C0463648FCF7ED
:10141000FFFB36490968401A322861D33248FCF78D
:10142000F7FB32490860607C002859D032480078C8
:10143000401C3149087008460078030002F0C0FEE5
:101440000B45070D13191F262D33393F4500072281
:101450007F212A48FCF7CAFD41E007227F21274867
:10146000FCF7FEFD3BE007227F212448FCF752FEFB
:1014700035E007227F212148FCF78AFE2FE0012377
:1014800007227F211D48FCF7E5FF28E00223072201
:101490007F211A48FCF7DEFF21E007227F21174851
:1014A000FDF7AAF81BE007227F211448FDF7E4F8B6
:1014B00015E007227F211148FDF71AF90FE00722F6
:1014C0007F210E48FDF744FA09E007227F210B48EF
:1014D000FCF756FD002008490870607400BF00BF8B
:1014E00010BD000094010020A401002098010020FC
:1014F000900100209C010020A0010020A1010020FB
:1015000001210175704700210175704770B50446CF
:101510002E480078C007C00F00280CD12B4802F0DD
:101520005DFE002807D02A48FCF772FB29490860B5
:101530002648C046C0460020E070207160712046F9
:10154000FFF73CFF002510E0182068432249085CA3
:10155000002808D029462046FEF7DCFC002218208F
:1015600068431D490A54681CC5B20A2DECDB1848B3
:10157000FCF74EFB17490968401A7D21C9008842D3
:1015800023D31348FCF744FB12490860207D002850
:1015900012D0A07C00280FD11048807D002803D1F4
:1015A0000E48C07D012807D0E07C401CE074E07C40
:1015B0001E2801DD01202074A07B1E2803DAA07BF9
:1015C000401CA07301E00021E17370BD8801002080
:1015D000A40100208C010020940700208805002031
:1015E000002101700172417081700174C174012188
:1015F0000175002141740022C2731E22827370475C
:1016000010B588B00446002006900790142101A868
:10161000F6F716FE4548206001218804F8F772FEAF
:1016200001218803F8F77EFE06A8F8F7DFFD012008
:101630008002069002216846017700218177C177F8
:101640000321417706A93A48F8F758FD06A8F8F7AC
:10165000CDFD0120C00306900221684601770021DC
:101660008177C1770321417706A93148F8F746FD14
:1016700006A8F8F7BBFD012080030690022168460A
:1016800001770021C1770321417706A92848F8F79F
:1016900035FD06A8F8F7AAFD0120000306900121F8
:1016A0006846017700218177C1770321417706A938
:1016B0001F48F8F723FD012109031D48F8F794FDA1
:1016C00005220A211A48F8F761FD00220F21184867
:1016D000F8F75CFD00220E211548F8F757FD01A828
:1016E000F8F71FFF00216846818007210902018168
:1016F000022141810121818103210902C181182137
:10170000018200214182FF210531C18001A90748E2
:10171000F8F7C6FE01210548F8F78AFE0121090302
:101720000248F8F7EFFE08B010BD00000038004096
:10173000000400481CB50446012301AA0F212046DD
:1017400000F094F8FF21B131085568460079B128BE
:1017500003D068460079B32849D1B821FF20C630AC
:10176000015568460079B12804D1B121FF20C73066
:10177000015503E0B321FF20C73001552821FF2088
:10178000C83001550521401C0155801D015D0091A7
:1017900001236A461821204600F0C8F8FF21B13124
:1017A000095D0840FF21B1310855FF20CF30005BB3
:1017B0000112009101236A461921204600F0B6F873
:1017C000FF21B131095D0840FF21B1310855522197
:1017D000009101236A461021204600F0A7F8FF215E
:1017E000B131095D0840FF21B13108551CBD00BF72
:1017F000FCE7F8B505460E460024FF20C730405DE3
:10180000B12804D0FF20C730405DB3282BD1002180
:10181000009101236A461021284600F087F804430E
:10182000F1B2009101236A461821284600F07EF8A3
:1018300004433004010E009101236A461921284611
:1018400000F074F804435221009101236A461021EC
:10185000284600F06BF8044301236A460F2128460E
:1018600000F004F804432046F8BD0000F8B5074630
:101870000D4614461E4600BF80212A48F8F7E6FDB3
:101880000028F9D1012109032748F8F7ABFC00BF74
:1018900002212448F8F7DAFD0028F9D00121214877
:1018A000F8F7D4FD002802D01E48F8F725FE802066
:1018B000284301461B48F8F72FFE00BF8021194836
:1018C000F8F7C4FD0028F9D11648F8F715FE16E020
:1018D00000BF02211348F8F7B9FD0028F9D0002114
:1018E0001048F8F719FE00BF80210E48F8F7AEFD4A
:1018F0000028F9D10B48F8F7FFFD2070641C304632
:10190000711E8EB20028E3D100BF80210548F8F790
:101910009DFD0028F9D1012109030348F8F764FC73
:101920000120F8BD0038004000040048F8B5044626
:101930000E4615461F4600BF80212068F8F786FD39
:101940000028F9D1012109031748F8F74BFC00BF23
:1019500002212068F8F77AFD0028F9D07106490EB7
:101960002068F8F7D9FD0BE000BF02212068F8F7E6
:101970006DFD0028F9D029786D1C2068F8F7CCFDA2
:101980003846791E8FB20028EED100BF8021206832
:10199000F8F75CFD0028F9D1012109030248F8F7A6
:1019A00023FC0120F8BD00000004004870B5044687
:1019B0000021FF209D30015100250DE0AB00221DCC
:1019C000D158FF229D32105902F074FE0146FF20CB
:1019D0009D300151681CC5B2CC20005DA842EDDCF1
:1019E000CC21085DF7F7ECFB0646FF219D31085935
:1019F0003146F7F7CBFA0146FF209D300151002117
:101A0000CC200155FF20A130015100250EE0AB0094
:101A10002246D032D158FF22A132105902F04AFE9C
:101A20000146FF20A1300151681CC5B2FF2099304A
:101A3000005DA842EBDCFF219931085DF7F7C0FBA0
:101A40000646FF21A13108593146F7F79FFA0146B2
:101A5000FF20A13001510021FF2099300155FF22C4
:101A6000A1321159021D105902F018FF0146FF2042
:101A7000AD3001510146085901218907F7F786FA6F
:101A80000646FF20A1300159304602F013FE014600
:101A9000FF20A530015170BD10B504463A48FCF74F
:101AA000B7F83A490968401A052856D93648FCF76C
:101AB000AFF836490860364800F06CF8FF20A930CE
:101AC000005D002820D0FF22C1321159121F105989
:101AD00002F036FE3CD2FF20C1300159CC20005D1F
:101AE0008200201D8150CC20005D401CC1B2CC2062
:101AF0000155005D322802DB2046FFF757FF002129
:101B0000FF20A930015523E0FF22C1321159121FD5
:101B1000105902F097FE1BD2FF20C1300159FF205F
:101B20009930005D82002046D0308150FF209930EE
:101B3000005D401CC1B2FF2099300155005D322884
:101B400002DB2046FFF732FF0121FF20A9300155BB
:101B5000FF20BD300159001D0151FF20BB30005D49
:101B6000002810D00021FF20BB300155801E015BF2
:101B70002046FFF73EFE002805D0FF20B930015B6C
:101B8000FF20CF30015310BDA401002038010020F8
:101B900070030020F0B587B004460A200590FF20AE
:101BA000C730005DB12804D0FF20C730005DB328E6
:101BB0005AD1FF20C930035D401E015D2246FF322D
:101BC000CA322046FFF752FE3C480088002805DD57
:101BD0003A480088401E3949088045E0FF20CC3053
:101BE000005D0104FF20CB30005D00020918FF20DA
:101BF000CA30005D081804900498F7F7D9FA0190EC
:101C0000F7F79AF9054600222D4BF6F7C7FD039129
:101C10000290F6F7D9FB2B490A880988491C294B01
:101C200019809100284A5050184600880A2802DB83
:101C3000002019460880254800880A2804DA23482D
:101C40000088401C21490880FF21CE31095D0A022D
:101C5000FF21CD31095D50186421F6F7FDFA41B23C
:101C6000FF20C530015500BF18480088002823DD3B
:101C70000027002507E0A800134A1158384602F053
:101C800019FD07466D1C114800888542F3DB0F489B
:101C90000088F7F795FA054629463846F7F776F9AA
:101CA000FF21BD3108510859094902F049FD03D20D
:101CB0000849FF20BD30015107B0F0BD40010020B0
:101CC0000000E4403C010020400500203E010020CF
:101CD0000000204200007F4310B504460422214644
:101CE0000648FBF79CFF0021FF20BB300155132164
:101CF000C943801E0153204610BD0000A4010020EE
:101D0000012904D10123FF220232135403E00023EE
:101D1000FF2202321354704710B594B004460020DD
:101D20001290139018210CA8F6F78AFA01214804A2
:101D3000F8F7E8FA01218804F8F7E4FA12A8F8F7AE
:101D400055FA7E201290032110A801730021C1735F
:101D50000321417312A90920C006F8F7CFF97E21AB
:101D60000920C006F8F740FA12A8F8F73FFA042055
:101D70001290012110A801730021C1730321417346
:101D800012A94D48F8F7BAF912A8F8F72FFA01206E
:101D900000031290012110A801730221C1730321D5
:101DA000417312A90920C006F8F7A8F90421424896
:101DB000F8F718FA012109030920C006F8F712FA0A
:101DC0003E48F7F733FB01214802F8F7CBFA0CA89D
:101DD000F7F78DFB00200C90012108A80175002069
:101DE000109011900CA93548F7F766FB0120F7F722
:101DF00087FB0120F7F7ACFB0120F7F795FB0722E3
:101E00002F492E48F7F7E5FA02212C48F7F705FB92
:101E10002A48F7F71BFB01212848F7F7E6FA00BF2D
:101E200001212648F7F730FB0028F9D0012123488B
:101E3000F7F7E7FA2C2101A8F6F702FA0121084684
:101E4000F8F760FA1F48F7F787FF01A8F8F728F8B6
:101E50001A4840300190201D029000200390242059
:101E6000049000200590802006904000079080009C
:101E700008902020099000020A9000200B9001A9F0
:101E80001048F7F7EDFF012202210E48F7F7DEFFB9
:101E90000920012181400C4A116000BF012109483D
:101EA000F7F74CFF0548F7F71DFB0848FBF7B0FEB6
:101EB000FC21085114B010BD00040048002401406A
:101EC0007E0007000800024000E100E0A4010020BD
:101ED0000022C6210A54C7210A54BE210A54C12136
:101EE0000A54C2210A54C3210A54C4210A54C521E8
:101EF0000A54BF210A54C0210A54FF210B310A544D
:101F0000C91C0A54491C0A54491C0A54491C0A5445
:101F1000491C0A54491C0A54C91F0A54491C0A5432
:101F2000C91D0A547047000001461048807878287F
:101F300001DD0F4870470D4880786E2801DD0D489F
:101F4000F8E70A4880785A2801DD0B48F2E707488D
:101F50008078462801DD0948ECE70448807832287B
:101F600001DD0748E6E77D200001E3E7D802002015
:101F70001027000028230000641900007C150000D1
:101F8000B80B0000B221095C0C2902D11E2101709E
:101F900001E00F2101707047034600221E2901DD78
:101FA000501C82B2282901DD501C82B2322901DD89
:101FB000501C82B23C2901DD501C82B2462901DD51
:101FC000501C82B2502901DD501C82B2881800B228
:101FD000704730B502460B460020002109E0CC00D6
:101FE0000C19E4186500141D645B2418A0B24C1C85
:101FF000E1B20429F3DB0146C417A40F6418A4035B
:10200000200C30BDF0B50546059C1878401C1870B2
:102010001878A04201DB0020187018784000115297
:102020001878671EB84202D10026965F03E0187840
:10203000401C4000165E881B00B2F0BD10B504467F
:10204000FF21F5310548FBF7CBFDCC20015BBC201F
:1020500001530348F9F748FF10BD0000A401002018
:1020600054070020F0B58BB0044601210903092074
:10207000C006F8F7ADF8012801D10BB0F0BDFE485D
:10208000FBF7C6FDFC210959401AC8287ED3FA483F
:10209000FBF7BEFDFC21085100212046FFF799FF08
:1020A000C821085301212046FFF793FFCA21085396
:1020B00002212046FFF78DFFCC2108530321204643
:1020C000FFF787FFCE21085304212046FFF781FF49
:1020D000D021085305212046FFF77BFFD22108536A
:1020E00006212046FFF775FFD4210853072120461B
:1020F000FFF76FFFD621085308212046FFF769FF3D
:10210000D8210853D622115BDC4A528BDC4B5A4350
:102110001046F6F7A1F80746F7F74AF88821085164
:10212000D821085BF7F74CF8089088200159C006C1
:1021300002F030FB0790089902F02CFBD14909907E
:10214000F6F724FF0746D049F6F720FF94210851FF
:10215000D621085BF7F734F80890882001590898D1
:1021600002F018FB0746C749F6F710FFC649099069
:10217000F6F70CFF90210851F422115BDC22105974
:10218000F6F760F885B2FF20023000E045E3005D1D
:10219000002824D12846F7F713F801908820015928
:1021A000019802F0F7FA0746F6F7C6FEB74AB84BB1
:1021B00003910290F6F79CFD0022B64B0591049026
:1021C000F6F7ECFA0022B44B07910690F6F7E6FA20
:1021D00009910890F6F7F8F89821085102E0AF4904
:1021E00098200151FF200230005D012878D19C2009
:1021F000015BFF2009300153F620005D002824D147
:102200002846F6F7DDFF069088200159A44802F021
:10221000C1FA0590069902F0BDFA07469949F6F70A
:10222000B5FE99490790F6F7B1FE9E49089002F075
:1022300035FB0990F6F75AFF01B29C200153015F6C
:102240002046FFF7A9FE9C2108539748007D0328EC
:1022500055D19C20015FC8291EDDFF200C30005D98
:10226000642807DAFF200C30005D401CC1B2FF205B
:102270000C300155FF200C30005D052806DD7F2164
:102280009C2001530121BF20015509E0FF200930A6
:10229000015B9C20015303E00021FF200C3001551D
:1022A0009C20015F6320C043814220DAFF200D3073
:1022B000005D642807DAFF200D30005D401CC1B2CC
:1022C000FF200D300155FF200D30005D052808DD91
:1022D0007F21C9439C2001530121C02001550EE0FC
:1022E0000AE0FF200930015B9C20015307E0002138
:1022F000FF200D30015502E0FF219C200153F42204
:10230000115BEC221059F5F79DFF81B2A620015315
:10231000FF200330005B6549884212D0FF20033064
:10232000005B00280DD0FF210331095BA622125B60
:10233000514308460A21F5F78FFF81B2A8200153C7
:1023400002E00021A8200153FF200330005B002899
:1023500022D02046FFF7E8FDA821095B88420EDA6B
:10236000FF201430005D401CC1B2FF201430015525
:10237000005D1E2810DD0121C52001550CE0FF2065
:102380001430005D002807D0FF201430005D401E8F
:10239000C1B2FF2014300155F422115BF022105914
:1023A000F5F750FF85B22846F6F70AFF039088201C
:1023B0000159039802F0EEF90746F6F7BDFD3C4AD5
:1023C0003C4B05910490F6F793FC0022314B0791AA
:1023D0000690F6F7E3F909910890F5F7F5FFAC21BF
:1023E00008510859344902F0D5F90746F6F7A4FE1A
:1023F00081B2B0200153D422125B204B5B8B5A4335
:102400001046D622115BF5F727FF1C49098B461AA7
:102410002A484643194820304088184A128B811AAE
:102420003046F5F719FF0646254836187D21C900C4
:102430003046F5F711FF01B28C200153A220015B59
:10244000FF2005300153F720005D002854D1F4220D
:10245000115BE4221059F5F7F5FE85B22846F6F730
:10246000AFFE069088200159164802F093F90590B6
:10247000069902F08FF927E0A4010020A0F7FF1FC2
:10248000E40C000000F07F4500007A446666666652
:1024900066661A4000FEAF4000408F40000080BFDB
:1024A000000016440080884388050020FFFF0000DC
:1024B000BA490C022B87863F00002041803801007A
:1024C0009065000000004843D5490790F6F75EFD8F
:1024D000D4490890F6F75AFDD349099002F0DEF985
:1024E0000746F6F703FE01B2A2200153015F204622
:1024F000FFF752FDA2210853A420015BFF20073003
:102500000153F920005D00282BD1F422115BE82251
:102510001059F5F797FE85B22846F6F751FE06905A
:1025200088200159C14802F035F90590069902F05A
:1025300031F90746BA49F6F729FDBA490790F6F787
:1025400025FDB949089002F0A9F90990F6F7CEFDEA
:1025500001B2A4200153015F2046FFF71DFDA42115
:102560000853F422115BE0221059F5F76BFE85B297
:10257000BC21095B681AF6F71BFE049088200159FC
:10258000AB4802F007F90390049902F003F9A4495B
:102590000590F6F7FBFC0746F6F7CEFCA54AA64BDE
:1025A00007910690F6F7FAF809910890F6F71AFBEA
:1025B00001B2A0200153F820005D002807D1A0201F
:1025C000015B8C20005B081801B29E200153B822E9
:1025D0001159AC22105902F035F90ED2FF201230F9
:1025E000005D401CC1B2FF2012300155005D0A2879
:1025F00010DD0121C62001550CE0FF201230005DE6
:10260000002807DDFF201230005D401EC1B2FF2010
:1026100012300155B4221159AC22105902F090F831
:1026200012D28648C07900280ED1FF201330005DF9
:10263000401CC1B2FF2013300155005D4B2810DD56
:102640000121C72001550CE0FF201330005D002858
:1026500007DDFF201330005D401EC1B2FF201330A4
:102660000155B220005D182808D1AC2108597449E1
:1026700002F066F802D20121C7200155CC20015B8F
:10268000BC20005B963881420EDAFF200B30005DE3
:10269000401CC1B2FF200B300155005D052807DD4D
:1026A0000121BE20015503E00021FF200B30015520
:1026B000A220015FC8291EDDFF200E30005D6428C6
:1026C00007DAFF200E30005D401CC1B2FF200E3043
:1026D0000155FF200E30005D052806DD7F21A22078
:1026E00001530121C120015509E0FF200530015BA4
:1026F000A220015303E00021FF200E300155A2204B
:10270000015F6320C04381421FDAFF200F30005D6C
:10271000642807DAFF200F30005D401CC1B2FF20A3
:102720000F300155FF200F30005D052807DD7F21A8
:10273000C943A22001530121C220015509E0FF2015
:102740000530015BA220015303E00021FF200F3080
:102750000155A420015FC8291EDDFF201030005D57
:10276000642807DAFF201030005D401CC1B2FF2052
:1027700010300155FF201030005D052806DD7F2157
:10278000A42001530121C320015509E0FF20073097
:10279000015BA420015303E00021FF20103001550C
:1027A000A420015F6320C04381421FDAFF20113063
:1027B000005D642807DAFF201130005D401CC1B2C3
:1027C000FF2011300155FF201130005D052807DD85
:1027D0007F21C943A42001530121C420015509E0F0
:1027E000FF200730015BA420015303E00021FF20FC
:1027F000113001550021DC200151E0200151E4207D
:102800000151E8200151EC200151F0200151F42048
:10281000015301210802015500BF00BF2DE4000053
:1028200000F07F4500007A44008088430000484360
:102830000000D0419A99999999D9424040030020CB
:102840000000404110B50446042221460E48FBF723
:10285000E6F90021F6200155F7200155F820015531
:10286000F92001552046FFF733FB00219820015144
:102870000548FBF7CDF9FC2108510021FF2002306B
:102880000155204610BD0000A40100200246012988
:1028900001D110687047032901D15068FAE7042973
:1028A00001D19068F6E7062901D1D068F2E707293F
:1028B00001D11069EEE7082901D15069EAE7092939
:1028C00001D19069E6E70A2901D1D069E2E70B2935
:1028D00001D1106ADEE70C2901D1506ADAE70D292F
:1028E00001D1906AD6E70E2901D1D06AD2E70F292B
:1028F00001D1106BCEE7102901D1506BCAE7112925
:1029000001D1906BC6E7132901D1D06BC2E714291E
:1029100001D1106CBEE7152901D1506CBAE7162918
:1029200001D1906CB6E70020C043B3E710B5044670
:10293000204600F0BDF9204600F0D0F901212046E4
:10294000226800F05FF903212046626800F05AF91E
:1029500004212046A26800F055F906212046E268CD
:1029600000F050F907212046226900F04BF90821B8
:102970002046626900F046F909212046A26900F06C
:1029800041F90A212046E26900F03CF90B2120467A
:10299000226A00F037F90C212046626A00F032F911
:1029A0000D212046A26A00F02DF90E212046E26A90
:1029B00000F028F90F212046226B00F023F91021A6
:1029C0002046626B00F01EF911212046A26B00F038
:1029D00019F913212046E26B00F014F91421204666
:1029E000226C00F00FF915212046626C00F00AF904
:1029F00016212046A26C00F005F9204600F052F99D
:102A000010BD70B504460121204600F0D7F80546F8
:102A1000681C002801D1206000E0256003212046C9
:102A200000F0CCF80546681C002801D1606000E089
:102A300065600421204600F0C1F80546681C0028A6
:102A400001D1A06000E0A5600621204600F0B6F8A4
:102A50000546681C002801D1E06000E0E560072120
:102A6000204600F0ABF80546681C002801D1206123
:102A700000E025610821204600F0A0F80546681C0A
:102A8000002801D1606100E065610921204600F065
:102A900095F80546681C002802D10021A16100E0DC
:102AA000A5610A21204600F089F80546681C002827
:102AB00002D10021E16100E0E5610B21204600F038
:102AC0007DF80546681C002802D10021216200E043
:102AD00025620C21204600F071F80546681C00288C
:102AE00002D10021616200E065620D21204600F004
:102AF00065F80546681C002802D10021A16200E0AB
:102B0000A5620E21204600F059F80546681C0028F1
:102B100002D10021E16200E0E5620F21204600F0D1
:102B20004DF80546681C002802D10021216300E011
:102B300025631021204600F041F80546681C002856
:102B400002D10021616300E065631121204600F09D
:102B500035F80546681C002802D10021A16300E079
:102B6000A5631321204600F029F80546681C0028BB
:102B700001D1E06300E0E5631421204600F01EF877
:102B80000546681C002801D1206400E02564152159
:102B9000204600F013F80546681C002801D1606447
:102BA00000E065641621204600F008F80546681C20
:102BB000002801D1A06400E0A56470BDF8B5074607
:102BC0000D460D4C11E021460C48F8F734FB064643
:102BD000701C002801D1401EF8BDAE4204D1211D59
:102BE0000648F8F728FBF7E7083405488442EAD39B
:102BF0000020C043F0E7000000E00108840100204D
:102C000000E8010870B504460D4616460C49E06C14
:102C1000884213D30B49E06C88420FD82A460A48F1
:102C2000E16CF8F7E7FAE06C001DE0643246064814
:102C3000E16CF8F7DFFAE06C001DE06470BD0000A5
:102C400000E00108F8E7010884010020F7B5064616
:102C50000D46114C1AE021461048F8F7ECFA0746E9
:102C6000781C002811D1304600F038F82A46214659
:102C70000A48F8F7BFFA241D21460848029AF8F7D7
:102C8000B9FA304600F00EF8FEBD0834044884421C
:102C9000E1D300BFF8E7000000E001088401002054
:102CA00000E8010810B50446F7F7A2F910BD0000CE
:102CB00070B50546002407E0E002064A8118064880
:102CC000F8F7AAFA601CC4B2012CF5DB0148E864ED
:102CD00070BD000000E001088401002010B504462A
:102CE000F7F7E6F910BD000010B5044604222146AE
:102CF0000748FAF794FF002005E000228300054909
:102D0000CA50411CC8B20A28F7DB204610BD00009B
:102D1000A401002008070020FEB506465B480078A5
:102D2000002800D1FEBD0025A7E0A80034589BE094
:102D300021465748F8F77FFA01900198401C002877
:102D40007ED1A9003046083041582046603081428B
:102D500077D9304600F0CEF800239A1F214630463E
:102D600000F0A2F80834494803781822214630467A
:102D700000F09AF808344748837D01222146304606
:102D800000F092F808344348C37D022221463046C1
:102D900000F08AF808343F48032221460368304691
:102DA00000F082F808343B4804222146836830460C
:102DB00000F07AF808343849C86A384901F0EAFC6A
:102DC0000090F6F7B9F907463B4605222146304602
:102DD00000F06AF8083430481E23C35E06222146FC
:102DE000304600F061F808342B482223C35E2822C5
:102DF0002146304600F058F8083427482423C35EA3
:102E000029222146304600F04FF8083424484379FF
:102E100026222146304600F047F808342149C86B85
:102E2000F6F78AF907463B463C222146304600F039
:102E30003BF80834304600F049F8A900304601E07C
:102E400011E00FE00830415820466030814208D838
:102E5000681C022804DAC1B2304600F03DF861E790
:102E600009E05FE707E00834A90030460830405821
:102E7000A04200D95CE7681CC5B2022D00DA54E715
:102E80000021304600F028F800BF4BE7B0010020D9
:102E90008401002088050020440200200000C84270
:102EA000FC020020F0040020F8B507460C46164648
:102EB0001D46324621460448F8F79CF92A46211D52
:102EC0000148F8F797F9F8BD8401002010B50446D1
:102ED000F7F78EF810BD000070B505460C46022CC1
:102EE00004DAA00029580248F8F796F970BD0000EE
:102EF0008401002010B50446F7F7DAF810BD000091
:102F000010B50446042221460848FAF788FE08480E
:102F10002060084860600121C90220684018A06054
:102F200060684118E160204610BD0000A401002047
:102F300000D0010800D8010810B58EB0044600206A
:102F40000C900D9009900A900B90142104A8F5F7AD
:102F500077F9002001900290039001214804F7F7CF
:102F6000D1F90121C802F7F7FDF901210802F7F7AD
:102F7000D9F901218804F7F7F5F90522072109207D
:102F8000C006F7F703F90CA8F7F730F980200C908A
:102F9000022108A8017500218175032141750CA942
:102FA0000920C006F7F7AAF8022208210920C00666
:102FB000F7F7ECF80CA8F7F719F9FF2001300C909F
:102FC000022108A8017500218175032141750CA912
:102FD0000920C006F7F792F8022200217F48F7F790
:102FE000D5F80CA8F7F702F901200C90022108A8E7
:102FF000017500218175032141750CA97748F7F708
:103000007DF8022201217548F7F7C0F80CA8F7F700
:10301000EDF802200C90022108A8017500218175AD
:10302000032141750CA96D48F7F768F80CA8F7F76C
:10303000DDF80120C0020C90022108A80175C175BD
:10304000032141750CA90920C006F7F757F80222A1
:103050000B210920C006F7F799F809A8F7F7FCFD3E
:103060000121684681844B2000010A9000216846B6
:103070008185C18409A95A48F7F7B0FD04A8F7F77C
:1030800077FD602168460182012141820021818211
:103090000020069068468183C18304A95048F7F751
:1030A0006FFC04A8F7F764FD6021684601820021E7
:1030B000418204218182002006900021684681839C
:1030C000C18304A94648F7F7B1FC04A8F7F750FDFF
:1030D0006021684601820021418204218182002012
:1030E0000690002168468183C18304A93C48F7F714
:1030F000F3FC04A8F7F73CFD60216846018201213A
:103100004182002181820020069068468183C1832C
:1031100004A93448F7F734FC01A8F7F71DFC0C218B
:10312000684681800A21C1800121018100214181FD
:103130000F21818101A92A48F7F7D6FB012210212E
:103140002748F7F712FC01212548F7F79BFB0E20D3
:10315000F7F79AFE00210E20F7F7E6FE012120483E
:10316000F7F79EFB00211E48F7F77AFB09A8F7F74F
:1031700073FD2F21684681841B480A900021684610
:10318000818509A91948F7F729FD04A8F7F7F0FC8C
:10319000002168460182418213480E38069004A936
:1031A0001248F7F7EDFB012202211048F7F7DDFB8B
:1031B00001210E48F7F766FB1320F7F765FE0021A3
:1031C0002020015521200155222001550020A0700A
:1031D000A073E071207260720EB010BD0004004850
:1031E000002C014000480140FEFF0000002000408C
:1031F0000021C17101724172002220210A54212153
:103200000A5422210A54704770B504460D46E079ED
:10321000002803D16A484079002803D0204600F0F6
:10322000D7F870BD002D64D066480088402108435F
:1032300064490880084600880915084361490880E8
:10324000084600884008400008805F480088400821
:1032500040005D4908800920C006006803218903F9
:1032600088430921C90608600846006801218903CE
:1032700008430921C906086080210920C006F6F725
:10328000B1FF0920C0060068032109048843092111
:10329000C90608600846006801210904084309219D
:1032A000C9060860FF2101310920C006F6F79AFF20
:1032B0004648006880088000444908600846006865
:1032C000022108434149086001214048F6F78AFF7E
:1032D0003E4800680C2188433C4908600846006865
:1032E000082108433949086002213848F6F77AFF77
:1032F00064E034480088012108433249088032489C
:10330000008801210843304908802E480088402168
:1033100088432C49088008460088091588432949B4
:1033200008800920C0060068032189038843092119
:10333000C9060860084600680121C903084309213D
:10334000C906086080210920C006F6F74BFF092056
:10335000C00600680321090488430921C9060860E2
:10336000084600680121490408430921C90608608C
:10337000FF2101310920C006F6F734FF1348006829
:103380008008800011490860084600680121084350
:103390000E49086001210D48F6F724FF0B4800682C
:1033A0000C21884309490860084600680421084345
:1033B0000649086002210548F6F714FF00BF30E710
:1033C00084020020202C01402048014000040048D5
:1033D00010B504460020384948638863C8633749FC
:1033E00048633548203000884021884332492031E5
:1033F000088008460088091588432F492031088035
:10340000084600884008400008802C48203000888A
:10341000400840002949203108800920C006006882
:103420000321890388430921C9060860084600680A
:103430000121890308430921C90608608021092068
:10344000C006F6F7CFFE0920C00600680321090474
:1034500088430921C906086008460068012109045B
:1034600008430921C9060860FF2101310920C0066F
:10347000F6F7B8FE1248006880088000104908601E
:1034800008460068012108430D49086001210C48E5
:10349000F6F7A8FE0A4800680C218843084908602E
:1034A00008460068042108430549086002210448D1
:1034B000F6F798FE10BD0000002C014000480140C6
:1034C0000004004870B504460D4600206073257066
:1034D000A079002800D070BD207B002801D00020FA
:1034E00020702078002802D1A078192806DBE07926
:1034F000002803D10B484079002803D02046FFF76D
:1035000067FF0DE0A07800280AD10121C902092037
:10351000C006F6F75DFE064631462046FFF774FE0C
:1035200000BFD8E784020020F8B50446754800784B
:10353000C007C00F00280CD1724800F04FFE0028D1
:1035400007D07148FAF764FB704908606D48C046BF
:10355000C0466D48FAF75CFB6C490968401AFA28C6
:103560007ED36948FAF754FB68490860A07BA070D5
:103570000020A0736648406B00B2608126786548E1
:103580008079002800D06678607B002869D1207B94
:103590000028FBD1A078301A05B2002D08DD29469D
:1035A000694308463C21F4F757FE401905B207E08D
:1035B0002946694308463C21F4F74EFE281A05B215
:1035C0003C2D00DD3C251D20C043854200DA054628
:1035D0006089401900B260814B210901714308469E
:1035E0006421F4F739FE07B2FF209130874200DAF8
:1035F00007460A20205EB84200DD67810A20205E6F
:10360000002801DA002060810A20205E42498842B9
:1036100001DD084660810A20205E3D4948630A209A
:10362000205E88630A20205EC8630A20205E3B4932
:103630004863A07800280CD1A079002809D0C914CB
:103640000920C006F6F7C4FD014600902046FFF7AA
:10365000DBFD052E11DBA07804280EDA202001E026
:103660004FE04DE0005D401CC1B220200155005DDF
:1036700014280CDD0120E07109E02020005D002805
:1036800005DD2020005D401EC1B220200155A0783C
:1036900004280FDB1E48406B00280BD12120005D61
:1036A000401CC1B221200155005D1E280CDD012007
:1036B000207209E02120005D002805DD2120005D49
:1036C000401EC1B221200155A17830460838814200
:1036D0000BDA2220005D401CC1B222200155005DA2
:1036E00028280CDD0120607209E02220005D0028FE
:1036F00005DD2220005D401EC1B22220015500BF21
:1037000000BFF8BD08010020A40100200C0100202A
:10371000002C0140D80200207E0400000048014037
:1037200010B50446042221460648FAF778FA00202C
:10373000607364206061C820E0610020207320462F
:1037400010BD0000A401002010B50446207D04280F
:1037500003D1204600F084FA10BD207D032820D13B
:1037600016482221415EFF200D30025F914222DC8B
:1037700012482030C07F002804D110484030007823
:10378000002801D00120E7E7FF202D30015F801CD9
:10379000025F891A09481C22825E91420BDB0120DC
:1037A000DAE706482221415EFF200D30025F914298
:1037B00001DC0120D0E70020CEE700004402002019
:1037C00005290ADA0175027D032A08D1044A5278D4
:1037D000012A04D00022027501E000220275704720
:1037E000C4020020022902DD0022427500E041757A
:1037F000704710B50446207D01282BD100200EE033
:103800004200214692318A5A43007839CA52420016
:103810008C318A5A43007839CA52411CC8B20A28EE
:10382000EEDB2246A63221469231204600F022F9F4
:10383000FF201B30015BFF200B300153FF201B30AA
:10384000015BFF202530005B081A01B2FF200D301C
:10385000015310BD207D02282BD100200EE0420034
:1038600021466A318A5A43005039CA5242006431B3
:103870008A5A43005039CA52411CC8B20A28EEDBAA
:1038800022467E3221466A31204600F0F3F8FF20BE
:103890001D30015BFF200B300153FF201D30015B09
:1038A000FF202730005B081A01B2FF200D300153C2
:1038B000CFE7207D03282BD100200EE042002146D7
:1038C000BA318A5A4300A039CA524200B4318A5AE6
:1038D0004300A039CA52411CC8B20A28EEDB224676
:1038E000CE322146BA31204600F0C4F8FF201F3006
:1038F000015BFF200B300153FF201F30015BFF20D5
:103900002930005B081A01B2FF200D300153A0E7F7
:10391000207D04282BD100200EE042002146E23118
:103920008A5A4300C839CA524200DC318A5A4300DD
:10393000C839CA52411CC8B20A28EEDB2246F63208
:103940002146E231204600F095F8FF202130015B4E
:10395000FF200B300153FF202130015BFF202B3073
:10396000005B081A01B2FF200D30015371E70020FF
:103970000EE04200214642318A5A43002839CA5299
:1039800042003C318A5A43002839CA52411CC8B20D
:103990000A28EEDB2246563221464231204600F00C
:1039A00069F8FF201930015BFF200B300153FF2025
:1039B0001930015BFF202330005B081A01B2FF20A1
:1039C0000D30015300BF44E7F8B50D4616461E27DB
:1039D0001320C043854201DA3C2411E0142D01DD9F
:1039E0001E240DE00A2D01DD1E2409E00A21491BD9
:1039F0002822514308461146F4F72EFC1E30C4B26B
:103A00000B49304600F09CFE00D21E270949304683
:103A100000F096FE00D232270749304600F090FEB3
:103A200000D25027BC4201DD2046F8BD3846FCE7F5
:103A30000000404100003041000020410146087D67
:103A4000032813D10A48C07F00280FD1084820302E
:103A5000007800280AD1064820381C22825EFF2008
:103A60002D30435E9A4201DB012070470020FCE7C5
:103A700064020020F0B50B46144600220AE01D88BF
:103A8000560007461A37BD53258856001437BD53D4
:103A9000551CEAB2FF2517352D5C9542EFDC00215D
:103AA000FF2517352A5C0EE04D005D5B560007468A
:103AB0001A37BD534D00655B56001437BD534D1C7E
:103AC000E9B2551CEAB20A2AEEDBF0BD0246107DCF
:103AD000042806D1FF201130835E8B4201DC0120D7
:103AE00070470020FCE7000010B50446607D002808
:103AF00005D0207D032802D0207D042800D110BDF0
:103B00000A48007800280FD0607D01280CD1207D64
:103B1000022809D00648FDF7F6FC02212046FFF7EF
:103B20004FFE2046FFF765FE00BFE8E77C0500205A
:103B30008808002010B50446207D042803D12046C3
:103B400000F08EF810BD0020FCE7000070B50546BF
:103B500000243E48C078002800D001243C4840782A
:103B6000002800D002243A48C078002800D002245F
:103B700038484078002800D004243548407900288F
:103B800008D033488078002804D0334800780028D3
:103B900000D10224687D012804D1304840780028F3
:103BA00000D00324687D022806D12C480078002824
:103BB00002D0002C00D00324022C01D0032C03D10E
:103BC0002248FDF7A0FC02E02048FDF799FC022CFA
:103BD0001ED101201D4988741D488079002806D116
:103BE00000212846FFF7ECFD4B2040016860184893
:103BF000807901280CD1FF203530405BC1B22846C6
:103C0000FFF7DEFDFF203330405B3C214843686016
:103C1000032C03D102212846FFF7D2FD042C03D147
:103C200004212846FFF7CCFD002C02D02846FFF7E0
:103C3000E0FD00200749487088700549C870087188
:103C40004870064948708870204670BD880800207A
:103C50006805002064010020B00100207C050020E0
:103C600001461548007A002811D014482222825EAD
:103C7000FF200F30435E9A421BDA0F480A22825E11
:103C8000FF201530435E9A4213DA012070470B483B
:103C90002222825EFF200D30435E9A4209DA0648F6
:103CA0000A22825EFF201330435E9A4201DA01202D
:103CB000ECE70020EAE7000088080020440200202A
:103CC000014600201B4A1279002A00D001201A4A1E
:103CD0005278002A00D00220174A1279002A00D018
:103CE0000220164A9278002A00D004200A7D022A77
:103CF00004D1134A9278002A00D00320114A127886
:103D0000002A00D004200A7D022A07D04A68002A2F
:103D100004D04B680A689A4200D905200022074B5C
:103D20005A70054BDA701A715A70054B5A709A70B6
:103D3000704700008808002068050020640100200A
:103D40007C050020B0010020F8B504460D46E5755D
:103D50000020A0600A4948690A4900F01BFD074697
:103D6000F5F7EAF906460848007900900748027915
:103D70000748017833460748F9F7DAFAF8BD00003A
:103D80001C0300200000C842440100204003002022
:103D9000D8020020D4060020704770B504460E46B5
:103DA0001546A67529462046FFF7CEFF0120E07490
:103DB00070BD000010B5044604222146BE48F9F744
:103DC0002EFF0020A0750320E075BB48F9F720FF07
:103DD000E0604B20400160601421FF20233001533C
:103DE0001E21801C01531421801C0153801C01538F
:103DF000801C01535221FF200F3001535A21801C97
:103E000001534621801C01535221801C0153502133
:103E1000001D01535521001D01534621801E0153F1
:103E20005A21001D0153801C01531621FF202D3003
:103E300001530321801C01530021FF20173001553D
:103E40000921401C0155FE2020761B2192200153A0
:103E50000021A62001531B21942001530221A820F8
:103E600001531B21962001530421AA2001531B2139
:103E7000982001530621AC2001531B219A200153A5
:103E80000821AE2001531B219C2001531121B02099
:103E900001531C219E2001531321B22001531D21E7
:103EA000A02001531521B42001531E21A22001534B
:103EB0001721B62001531F21A42001531921B82036
:103EC000015304216A20015300217E200153062161
:103ED0006C20015302218020015308216E200153E0
:103EE0000421822001530A217020015306218420DD
:103EF00001530C21722001530821862001530E2109
:103F0000742001530A218820015310217620015387
:103F10000C218A2001531221782001530E218C207C
:103F2000015314217A20015310218E2001531621B0
:103F30007C2001531221902001530421422001537F
:103F4000002156200153062144200153022158200C
:103F5000015308214620015304215A2001530A210C
:103F60004820015306215C2001530C214A200153B3
:103F700008215E2001530E214C2001530A216020AC
:103F8000015310214E2001530C21622001531221B4
:103F9000502001530E21642001531421522001535B
:103FA000102166200153162154200153122168204C
:103FB00001530621BA2001530021CE2001530921CB
:103FC000BC2001530321D02001530C21BE200153FA
:103FD0000621D22001530F21C02001530921D420F2
:103FE00001531221C22001530C21D6200153152167
:103FF000C42001530F21D82001531821C62001539A
:104000001221DA2001531B21C82001531521DC2085
:1040100001531E21CA2001531821DE200153212102
:10402000CC2001531B21E02001530621E220015343
:104030000021F62001530921E42001530321F82037
:1040400001530C21E62001530621FA2001530F21D0
:10405000E82001530921FC2001531221EA200153D9
:104060000C21FE2001531521EC2001530F21FF20CC
:10407000013001531821EE2001531221FF2003309B
:1040800001531B21F02001531521FF20053001535E
:104090001E21F22001531821FF2007300153212156
:1040A000F42001531B21FF20093001530021FF2080
:1040B0004A300155204610BDA401002000210170A6
:1040C0004170817070470000304922228A5E662A62
:1040D00003DC24228A5E662A0ADDC17F491CC1777F
:1040E000C17F022906DB0021C1770121817001E037
:1040F0000021C1772649097800293AD02349222294
:104100008A5E142A03DC24228A5E142A25DD2149D2
:104110000978491C1F4A1170114609780A2933DBB6
:1041200000211170194922228A5E1B490988103129
:104130008A4207DC154924228A5E18490988103111
:104140008A4201DD012141701049498C124A1180D7
:104150000E49898C114A118016E000210D4A117018
:104160000A49498C0C4A11800849898C0B4A1180F4
:104170000AE00021074A11700449498C064A11805F
:104180000249898C054A11807047000044020020D2
:104190003C030020300100203201002034010020C7
:1041A00010B50446042221460448F9F738FD0020E2
:1041B00020706070A070204610BD0000A401002097
:1041C00030B47446641E2578641CAB4204D3635D2E
:1041D0005B00E31830BC18471D46F8E7016800296A
:1041E00001D000207047012101600846704700009F
:1041F00010B50248F8F7F0FA10BD0000540700208F
:1042000010B50248F7F794F910BD00007C050020B6
:1042100000B50248F9F78EFE00BD0000B001002095
:1042200000B50248FAF76CFF00BD0000E806002068
:1042300000B50248FDF7D4F900BD00008808002051
:1042400010B50248FFF7ACFF10BD0000500300207E
:1042500010B50248FEF748FD10BD0000F40600202E
:1042600010B50248FEF74CFE10BD000044070020C8
:1042700010B50248F9F7A8F810BD0000D4060020D8
:1042800010B50248F8F72AFE10BD00001C030020FC
:1042900010B50248F8F78AFF10BD00004003002067
:1042A00010B50248FDF718FD10BD00007003002096
:1042B00010B50248F9F762F910BD0000680500204A
:1042C00000B50248F6F7BAFF00BD000084010020E7
:1042D00010B50248F9F73AFA10BD00006401002059
:1042E00010B50248FEF7AEFA10BD0000C401002070
:1042F00000B50248F9F7DEFB00BD000064070020AE
:1043000010B50248FFF70CFA10BD0000D8020020DB
:1043100000B50248F9F78CFC00BD0000A4010020A4
:1043200010B50248F6F758FF10BD00004401002008
:1043300010B50248F7F714FB10BD0000FC02002086
:1043400010B50248F7F754F810BD000072050020C0
:1043500000B50248F7F798F800BD000005010020FD
:1043600010B50248FFF726FD10BD000088050020AB
:10437000FF21F5317B48F9F733FC72B6F6F778F98F
:104380007848F9F713FCF6F747FE7648F9F79CFBF7
:104390007548FDF7C1FC7548F9F798FA7448F6F7C7
:1043A00032FF7448F7F7C6FE7348FEF7C5FD734841
:1043B000F8F75EFE7248F8F727FA7248F6F748FEFB
:1043C0007148F6F73DFF7148F9F70AF87048FDF7B4
:1043D00017F96F48FDF7AEF92D216948F8F73EFD52
:1043E00000216648F8F7ECFD62B67D21C9005D4802
:1043F000F9F7F6FB6748FEF704FB05216548FEF771
:10440000DDFB0446002C0AD0601C002807D0614860
:10441000C068401C5F49C8600846FEF787FA5E4BDB
:104420001A46143A00215D48F9F7A0F95A4B503367
:104430001A46143A01215948F9F798F9564B28338E
:104440001A46143A02215548F9F790F9524B78333D
:104450001A46143A03215148F9F788F94E4BA03314
:104460001A46143A04214D48F9F780F900214A48C8
:104470005638FFF7A5F948485638FFF7BAF903222E
:10448000002145485638FFF788FC18213648A030EF
:1044900081744349203841634249816361E0F5F703
:1044A000CFFE3148FDF7DEFD3348FFF73DF83448D5
:1044B000F8F7C8FC2C488030C16A3048F8F76AFE2B
:1044C0003048F6F71FFE284880302221415E2E48F2
:1044D000F6F7FEFE3448F9F709FC3448F7F7C4F95B
:1044E0002B48FDF7D9FA3248FDF710F83148F9F7B3
:1044F000EBF82648F8F7BEFF2F48F6F7C9FF264825
:104500005638FFF749FC2D48FBF7B0FA2C48FAF76C
:10451000FFFD2C48FAF7A8FB2B48FBF7AFF82B4818
:10452000FAF764FA2A48FAF7DFFF2A48FAF776FD25
:104530002948F9F7A5F80C488030808F2749884230
:104540000FD12748007800280BD10648F9F760FB07
:104550002449884205D90120214908700248FDF705
:104560006DFD9CE7A4010020C40100206407002029
:104570008401002054070020D802002040030020BE
:104580001C03002044010020720500206805002063
:1045900070030020F4060020DE0500207C010020CE
:1045A0000000A0416666F641B0010020FC02002038
:1045B00088080020640100207C0500207401002090
:1045C000750100207701002078010020790100208A
:1045D0007A010020E8060020A00800204702000021
:1045E000040100208813000070B501250C002D0582
:1045F0001C4310D4EC4206D4AC420AD4994200D0F9
:1046000070BD904270BDE94217D4EB4215D4994277
:1046100070BD894270BDEC4206D5AC42F9D58B42E3
:1046200000D070BD824270BD6D004C00EC4204D2DF
:104630005C00EC4201D28B4270BD034C30B4F4F705
:10464000C3FD30BC70BD00BF1900160470B5012554
:104650001C002D050C4310D4EC4206D4AC420AD405
:104660008B4200D070BD824270BDEB4217D4E9424C
:1046700015D48B4270BD9B4270BDEC4206D5AC4256
:10468000F9D5994200D070BD904270BD6D005C00BC
:10469000EC4204D24C00EC4201D2994270BD0FB4FE
:1046A000034C0CBC03BC30B4F4F78EFD30BC70BDC1
:1046B0001900160470B501250400ED074C4020D404
:1046C000441A01D2001B0919C60D4B00F2B2FF2A91
:1046D00029D01B0E2CD000020C02D31A2C43DC4034
:1046E0002843051910D2280A02D3401C6D0611D0A8
:1046F000761EF6058019FF2A00DA70BDC00DC005D0
:1047000070BD694000F0D0F801200543C541521C3E
:10471000761CE8E764089C40C90161408900E7D144
:104720000124A043E4E71B0E440200D0034870BDFF
:10473000002AFCD1C00FC00770BD00BF0000C07FC1
:1047400001230200DB050A430DD4DA4203D49A4266
:1047500007D488427047D84214D4D94212D4884230
:10476000704780427047DA4203D59A42F9D58142B8
:1047700070475B004200DA4204D24A00DA4201D2BA
:104780008142704710B5024AF4F766FD10BD00BFC4
:104790000900160470B5420064414B005C41120EE2
:1047A00039D01B0E38D0FF2A3CD0FF2B3AD0400224
:1047B0004902400A490A060045184E43000A090A00
:1047C000D2184843ED017F3A0104731A4019190CBD
:1047D0004318990F04D001215B0849075B1A521C4A
:1047E000D80904D3401CF50301D19D0607D0FF2A48
:1047F00008D2D50506D0E4072043401970BD012535
:10480000A843F4E7002A01DCE00770BD2402FF2082
:104810002043C00570BD1B0EFF2A03D0FF2B01D023
:10482000E00770BDFF2645003606B54206D84D00AC
:10483000B54203D8D218FF2A00D0E7E7004870BD80
:104840000000C07F01230A00DB0502430DD4DA42D9
:1048500003D49A4207D481427047D94214D4D84233
:1048600012D48142704789427047DA4203D59A4296
:10487000F9D5884270475B004A00DA4204D2420010
:10488000DA4201D2884270474840414010B5024A9E
:104890004840F4F7E1FC10BD0900160470B501258D
:1048A0000400ED074C4022D4441A02D26C40001B95
:1048B0000919C60D4B00F2B2FF2A4BD01B0E50D087
:1048C00000020C02D31A2C43DC40A843051B05D57B
:1048D000AD0019D36D08761E521E37D0F605280A92
:1048E00001D2801970BD70416D0603D070BD694062
:1048F000FFF7E6FE9C4009026140490001D0401EDE
:1049000070BD0124A04370BD6D081DD001202B0C8B
:1049100001D12D0410302B0E01D12D0208302B0FA8
:1049200001D12D01001DAB0F01D1AD00801CEB0F9B
:1049300001D16D00401C6D00361A121A680AF50587
:104940004019012A02DB70BD002070BDC036300A5C
:10495000C00770BD1B0E440201D1FF2B00D10248DD
:1049600070BD002AF0D070BD0000C07F00000000C4
:10497000000000000102030406070809FEFFFFFF14
:104980000003000005000000000000000A00000015
:1049900064000000FEFFFFFF0203000000000000B3
:1049A00000000000FEFFFFFF010300000000000008
:1049B00000000000FEFFFFFF0303000000000000F6
:1049C00000000000FEFFFFFF0000010005000000E6
:1049D00000000000FEFFFFFF0200010000000000D9
:1049E00000000000FEFFFFFF0100010000000000CA
:1049F00000000000FEFFFFFF0300010000000000B8
:104A000000000000FEFFFFFF0001010005000000A4
:104A1000460000000A000000460000000F000000F1
:104A200014000000FEFFFFFF020101000000000073
:104A300000000000FEFFFFFF010101000000000078
:104A400000000000FEFFFFFF030101000000000066
:104A500000000000FEFFFFFF000201000500000053
:104A60003C0000000A0000003C000000FEFFFFFFC9
:104A7000020201000000000000000000FEFFFFFF36
:104A8000010201000000000000000000FEFFFFFF27
:104A9000030201000000000000000000FEFFFFFF15
:104AA000000401000500000000000000FEFFFFFF01
:104AB000020401000000000000000000FEFFFFFFF4
:104AC000010401000000000000000000FEFFFFFFE5
:104AD000030401000000000001000000FEFFFFFFD2
:104AE00000000200050000000E000000FEFFFFFFB6
:104AF000020002000A00000064000000FEFFFFFF49
:104B0000010002000000000000000000FEFFFFFFA7
:104B1000030002000000000001000000FEFFFFFF94
:104B200000010200000000000E0000000A0000006A
:104B30001B0000005F00000023000000FEFFFFFFDD
:104B4000020102000500000064000000FEFFFFFFFC
:104B5000010102000000000000000000040000004D
:104B60000000000005000000DC000000080000005C
:104B7000DC0000000E0000007800000028000000AB
:104B8000780000003C000000C8000000FEFFFFFFAE
:104B9000030102000000000001000000FEFFFFFF13
:104BA000000202000A00000037000000FEFFFFFFC5
:104BB000020202000500000064000000FEFFFFFF8B
:104BC000010202000000000000000000FEFFFFFFE5
:104BD000030202000000000001000000FEFFFFFFD2
:104BE00000030200000000000E0000000A000000A8
:104BF0001B000000280000001B0000003C0000001B
:104C00003F000000FEFFFFFF02030200050000005E
:104C100064000000FEFFFFFF01030200000000002F
:104C2000000000000400000000000000050000007B
:104C30005000000028000000500000003C00000070
:104C4000C8000000FEFFFFFF030302000000000099
:104C500001000000FEFFFFFF00040200140000003E
:104C60003F000000FEFFFFFF020402000A000000F8
:104C700000000000FEFFFFFF010402000A00000028
:104C8000C8000000FEFFFFFF030402001E0000003A
:104C900001000000FEFFFFFF000502000A00000007
:104CA00064000000FEFFFFFF02050200000000009C
:104CB00000000000FEFFFFFF0105020000000000F1
:104CC00000000000FEFFFFFF0305020000000000DF
:104CD00001000000FEFFFFFF000602000A000000C6
:104CE00064000000FEFFFFFF02060200000000005B
:104CF00000000000FEFFFFFF0106020000000000B0
:104D000000000000FEFFFFFF03060200000000009D
:104D100001000000FEFFFFFF00320300140000004E
:104D20003F000000FEFFFFFF023203000000000012
:104D300000000000FEFFFFFF01320300140000002E
:104D4000C8000000FEFFFFFF033203001400000054
:104D500001000000FEFFFFFF00330300140000000D
:104D600046000000FEFFFFFF0233030000000000CA
:104D700000000000FEFFFFFF0133030014000000ED
:104D80000E010000FEFFFFFF0333030014000000CC
:104D900001000000FEFFFFFF0034030014000000CC
:104DA0004B000000FEFFFFFF023403000000000084
:104DB00000000000FEFFFFFF0134030014000000AC
:104DC00040010000FEFFFFFF033403001400000059
:104DD00001000000FEFFFFFF00350300140000008B
:104DE00055000000FEFFFFFF023503000000000039
:104DF00000000000FEFFFFFF01350300140000006B
:104E00007C010000FEFFFFFF0335030014000000DB
:104E100001000000FEFFFFFF003603001400000049
:104E20005A000000FEFFFFFF0236030000000000F2
:104E300000000000FEFFFFFF013603001400000029
:104E4000A4010000FEFFFFFF033603001400000072
:104E500001000000FEFFFFFF003703001400000008
:104E60005F000000FEFFFFFF0237030000000000AC
:104E700000000000FEFFFFFF0137030014000000E8
:104E8000CC010000FEFFFFFF033703001400000009
:104E900001000000FEFFFFFF0038030014000000C7
:104EA0006E000000FEFFFFFF02380300000000005C
:104EB00000000000FEFFFFFF0138030014000000A7
:104EC0001C020000FEFFFFFF033803001400000077
:104ED00001000000FEFFFFFF003903001400000086
:104EE00078000000FEFFFFFF023903000000000011
:104EF00000000000FEFFFFFF013903001400000066
:104F000058020000FEFFFFFF0339030014000000F9
:104F100001000000FEFFFFFF003A03001400000044
:104F200082000000FEFFFFFF023A030000000000C5
:104F300000000000FEFFFFFF013A03001400000024
:104F400094020000FEFFFFFF033A0300140000007C
:104F500001000000FEFFFFFF003B03001400000003
:104F600096000000FEFFFFFF023B03000000000070
:104F700000000000FEFFFFFF013B030014000000E3
:104F8000EE020000FEFFFFFF033B030014000000E1
:104F900001000000FEFFFFFF001603001E000000DE
:104FA00037000000FEFFFFFF021603000A000000AA
:104FB00000000000FEFFFFFF0116030000000000DC
:104FC00000000000FEFFFFFF0316030000000000CA
:104FD00001000000FEFFFFFF001C03001E00000098
:104FE0003C000000FEFFFFFF021C03000A0000005F
:104FF000640000003C000000640000004600000067
:1050000000000000FEFFFFFF011C03000F00000076
:1050100000000000FEFFFFFF031C03000000000073
:1050200001000000FEFFFFFF001E03000000000063
:1050300000000000FEFFFFFF021E03000000000052
:1050400000000000FEFFFFFF011E03000000000043
:1050500000000000FEFFFFFF031E03000000000031
:1050600001000000FEFFFFFF000004001E00000022
:10507000370000006E0000003700000078000000DC
:105080005A000000FEFFFFFF020004000A000000BB
:10509000640000003C0000006400000046000000C6
:1050A00000000000FEFFFFFF010004001E000000E2
:1050B00000000000FEFFFFFF030004001E000000D0
:1050C00001000000FEFFFFFF000104000A000000D5
:1050D00082000000FEFFFFFF02010400000000004C
:1050E00000000000FEFFFFFF0101040000000000BF
:1050F00000000000FEFFFFFF0301040000000000AD
:1051000001000000FEFFFFFF000204001E0000007F
:10511000370000005A000000370000006E00000059
:105120005A000000FEFFFFFF020204000A00000018
:10513000640000003C000000640000004600000025
:1051400000000000FEFFFFFF01020400000000005D
:1051500000000000FEFFFFFF030204001E0000002D
:1051600001000000FEFFFFFF000404001E0000001D
:10517000370000005A000000370000006E000000F9
:105180005A000000FEFFFFFF020404000A000000B6
:10519000640000003C0000006400000046000000C5
:1051A00000000000FEFFFFFF0104040000000000FB
:1051B00000000000FEFFFFFF030404001E000000CB
:1051C0000100000080807F7E7D7C7B7A7978777615
:1051D00076757473727171706F6E6E6D6C6C6B6AD4
:1051E0006A69686867666665646463636261616072
:1051F000605F5F5E5E5D5D5C5C5B5B5A5A595958EF
:105200005857575656555555545453535252525158
:10521000515050504F4F4F4E4E4D4D4D4C4C4C4BAE
:105220004B4B4A4A4A4949494848484747474746F5
:105230004646454545444444444343434342424231
:10524000424141418182838485868788898B8C8D08
:105250008E8F919293959697999A9C9D9FA0A2A3C9
:10526000A5A7A8AAACAEB0B2B3B5B7B9BCBEC0C210
:10527000C5C7C9CCCED1D4D7D9DCDFE2E6E9ECF0A2
:10528000F3F7FAFE0CC0010800010020A4000000A2
:1052900000810008B0C00108A40100206C0D0000CE
:1052A0001C8100086DF0FFFF69EFFFFFA5F0FFFF15
:1052B00031F0FFFF4DF0FFFF79F0FFFFC5EFFFFF7B
:1052C000D1EFFFFF7DEFFFFFD9EFFFFF55F0FFFFAD
:1052D000E1EFFFFF6DF0FFFF29EFFFFFF5EFFFFFAD
:1052E00081F0FFFF8DEFFFFF39EFFFFF65EFFFFF5D
:1052F00071EFFFFFFDEEFFFFC9EFFFFFF5EFFFFFCF
:1053000031EFFFFF0000000000000000000000007F
:10531000000000000000000000000000000000008D
:10532000000000000000000000000000000000007D
:10533000000000000000000000000000000000006D
:10534000000000000000000000000000000000005D
:10535000000000000000000000000000000000004D
:10536000000000000000000000000000000000003D
:10537000000000000000000000000000000000002D
:10538000000000000000000000000000000000001D
:10539000000000000000000000000000000000000D
:1053A00000000000000000000000000000000000FD
:1053B00000000000000000000000000000000000ED
:1053C00000000000000000000000000000000000DD
:1053D00000000000000000000000000000000000CD
:1053E00000000000000000000000000000000000BD
:1053F00000000000000000000000000000000000AD
:10540000000000000000000000000000000000009C
:10541000000000000000000000000000000000008C
:10542000000000000000000000000000000000007C
:10543000000000000000000000000000000000006C
:10544000000000000000000000000000000000005C
:10545000000000000000000000000000000000004C
:10546000000000000000000000000000000000003C
:10547000000000000000000000000000000000002C
:10548000000000000000000000000000000000001C
:10549000000000000000000000000000000000000C
:1054A00000000000000000000000000000000000FC
:1054B00000000000000000000000000000000000EC
:1054C00000000000000000000000000000000000DC
:1054D00000000000000000000000000000000000CC
:1054E00000000000000000000000000000000000BC
:1054F00000000000000000000000000000000000AC
:10550000000000000000000000000000000000009B
:10551000000000000000000000000000000000008B
:10552000000000000000000000000000000000007B
:10553000000000000000000000000000000000006B
:10554000000000000000000000000000000000005B
:10555000000000000000000000000000000000004B
:10556000000000000000000000000000000000003B
:10557000000000000000000000000000000000002B
:10558000000000000000000000000000000000001B
:10559000000000000000000000000000000000000B
:1055A00000000000000000000000000000000000FB
:1055B00000000000000000000000000000000000EB
:1055C00000000000000000000000000000000000DB
:1055D00000000000000000000000000000000000CB
:1055E00000000000000000000000000000000000BB
:1055F00000000000000000000000000000000000AB
:10560000000000000000000000000000000000009A
:10561000000000000000000000000000000000008A
:10562000000000000000000000000000000000007A
:10563000000000000000000000000000000000006A
:10564000000000000000000000000000000000005A
:10565000000000000000000000000000000000004A
:10566000000000000000000000000000000000003A
:10567000000000000000000000000000000000002A
:10568000000000000000000000000000000000001A
:10569000000000000000000000000000000000000A
:1056A00000000000000000000000000000000000FA
:1056B00000000000000000000000000000000000EA
:1056C00000000000000000000000000000000000DA
:1056D00000000000000000000000000000000000CA
:1056E00000000000000000000000000000000000BA
:1056F00000000000000000000000000000000000AA
:105700000000000000000000000000000000000099
:105710000000000000000000000000000000000089
:105720000000000000000000000000000000000079
:105730000000000000000000000000000000000069
:105740000000000000000000000000000000000059
:105750000000000000000000000000000000000049
:105760000000000000000000000000000000000039
:105770000000000000000000000000000000000029
:105780000000000000000000000000000000000019
:105790000000000000000000000000000000000009
:1057A00000000000000000000000000000000000F9
:1057B00000000000000000000000000000000000E9
:1057C00000000000000000000000000000000000D9
:1057D00000000000000000000000000000000000C9
:1057E00000000000000000000000000000000000B9
:1057F00000000000000000000000000000000000A9
:105800000000000000000000000000000000000098
:105810000000000000000000000000000000000088
:105820000000000000000000000000000000000078
:105830000000000000000000000000000000000068
:105840000000000000000000000000000000000058
:105850000000000000000000000000000000000048
:105860000000000000000000000000000000000038
:105870000000000000000000000000000000000028
:105880000000000000000000000000000000000018
:105890000000000000000000000000000000000008
:1058A00000000000000000000000000000000000F8
:1058B00000000000000000000000000000000000E8
:1058C00000000000000000000000000000000000D8
:1058D00000000000000000000000000000000000C8
:1058E00000000000000000000000000000000000B8
:1058F00000000000000000000000000000000000A8
:105900000000000000000000000000000000000097
:105910000000000000000000000000000000000087
:105920000000000000000000000000000000000077
:105930000000000000000000000000000000000067
:105940000000000000000000000000000000000057
:105950000000000000000000000000000000000047
:105960000000000000000000000000000000000037
:105970000000000000000000000000000000000027
:105980000000000000000000000000000000000017
:105990000000000000000000000000000000000007
:1059A00000000000000000000000000000000000F7
:1059B00000000000000000000000000000000000E7
:1059C00000000000000000000000000000000000D7
:1059D00000000000000000000000000000000000C7
:1059E00000000000000000000000000000000000B7
:1059F00000000000000000000000000000000000A7
:105A00000000000000000000000000000000000096
:105A10000000000000000000000000000000000086
:105A20000000000000000000000000000000000076
:105A30000000000000000000000000000000000066
:105A40000000000000000000000000000000000056
:105A50000000000000000000000000000000000046
:105A60000000000000000000000000000000000036
:105A70000000000000000000000000000000000026
:105A80000000000000000000000000000000000016
:105A90000000000000000000000000000000000006
:105AA00000000000000000000000000000000000F6
:105AB00000000000000000000000000000000000E6
:105AC00000000000000000000000000000000000D6
:105AD00000000000000000000000000000000000C6
:105AE00000000000000000000000000000000000B6
:105AF00000000000000000000000000000000000A6
:105B00000000000000000000000000000000000095
:105B10000000000000000000000000000000000085
:105B20000000000000000000000000000000000075
:105B30000000000000000000000000000000000065
:105B40000000000000000000000000000000000055
:105B50000000000000000000000000000000000045
:105B60000000000000000000000000000000000035
:105B70000000000000000000000000000000000025
:105B80000000000000000000000000000000000015
:105B90000000000000000000000000000000000005
:105BA00000000000000000000000000000000000F5
:105BB00000000000000000000000000000000000E5
:105BC00000000000000000000000000000000000D5
:105BD00000000000000000000000000000000000C5
:105BE00000000000000000000000000000000000B5
:105BF00000000000000000000000000000000000A5
:105C00000000000000000000000000000000000094
:105C10000000000000000000000000000000000084
:105C20000000000000000000000000000000000074
:105C30000000000000000000000000000000000064
:105C40000000000000000000000000000000000054
:105C50000000000000000000000000000000000044
:105C60000000000000000000000000000000000034
:105C70000000000000000000000000000000000024
:105C80000000000000000000000000000000000014
:105C90000000000000000000000000000000000004
:105CA00000000000000000000000000000000000F4
:105CB00000000000000000000000000000000000E4
:105CC00000000000000000000000000000000000D4
:105CD00000000000000000000000000000000000C4
:105CE00000000000000000000000000000000000B4
:105CF00000000000000000000000000000000000A4
:105D00000000000000000000000000000000000093
:105D10000000000000000000000000000000000083
:105D20000000000000000000000000000000000073
:105D30000000000000000000000000000000000063
:105D40000000000000000000000000000000000053
:105D50000000000000000000000000000000000043
:105D60000000000000000000000000000000000033
:105D70000000000000000000000000000000000023
:105D80000000000000000000000000000000000013
:105D90000000000000000000000000000000000003
:105DA00000000000000000000000000000000000F3
:105DB00000000000000000000000000000000000E3
:105DC00000000000000000000000000000000000D3
:105DD00000000000000000000000000000000000C3
:105DE00000000000000000000000000000000000B3
:105DF00000000000000000000000000000000000A3
:105E00000000000000000000000000000000000092
:105E10000000000000000000000000000000000082
:105E20000000000000000000000000000000000072
:105E30000000000000000000000000000000000062
:105E40000000000000000000000000000000000052
:105E50000000000000000000000000000000000042
:105E60000000000000000000000000000000000032
:105E70000000000000000000000000000000000022
:105E80000000000000000000000000000000000012
:105E90000000000000000000000000000000000002
:105EA00000000000000000000000000000000000F2
:105EB00000000000000000000000000000000000E2
:105EC00000000000000000000000000000000000D2
:105ED00000000000000000000000000000000000C2
:105EE00000000000000000000000000000000000B2
:105EF00000000000000000000000000000000000A2
:105F00000000000000000000000000000000000091
:105F10000000000000000000000000000000000081
:105F20000000000000000000000000000000000071
:105F30000000000000000000000000000000000061
:105F40000000000000000000000000000000000051
:105F50000000000000000000000000000000000041
:105F60000000000000000000000000000000000031
:105F70000000000000000000000000000000000021
:105F80000000000000000000000000000000000011
:105F90000000000000000000000000000000000001
:105FA00000000000000000000000000000000000F1
:105FB00000000000000000000000000000000000E1
:105FC00000000000000000000000000000000000D1
:105FD00000000000000000000000000000000000C1
:105FE00000000000000000000000000000000000B1
:105FF00000000000000000000000000000000000A1
:106000000000000000000000000000000000000090
:106010000000000000000000000000000000000080
:106020000000000000000000000000000000000070
:106030000000000000000000000000000000000060
:106040000000000000000000000000000000000050
:106050000000000000000000000000000000000040
:106060000000000000000000000000000000000030
:106070000000000000000000000000000000000020
:106080000000000000000000000000000000000010
:106090000000000000000000000000000000000000
:1060A00000000000000000000000000000000000F0
:1060B00000000000000000000000000000000000E0
:1060C00000000000000000000000000000000000D0
:1060D00000000000000000000000000000000000C0
:1060E00000000000000000000000000000000000B0
:1060F00000000000000000000000000000000000A0
:10610000000000000000000000000000000000008F
:10611000000000000000000000000000000000007F
:10612000000000000000000000000000000000006F
:10613000000000000000000000000000000000005F
:10614000000000000000000000000000000000004F
:10615000000000000000000000000000000000003F
:10616000000000000000000000000000000000002F
:10617000000000000000000000000000000000001F
:10618000000000000000000000000000000000000F
:1061900000000000000000000000000000000000FF
:1061A00000000000000000000000000000000000EF
:1061B00000000000000000000000000000000000DF
:1061C00000000000000000000000000000000000CF
:1061D00000000000000000000000000000000000BF
:1061E00000000000000000000000000000000000AF
:1061F000000000000000000000000000000000009F
:10620000000000000000000000000000000000008E
:10621000000000000000000000000000000000007E
:10622000000000000000000000000000000000006E
:10623000000000000000000000000000000000005E
:10624000000000000000000000000000000000004E
:10625000000000000000000000000000000000003E
:10626000000000000000000000000000000000002E
:10627000000000000000000000000000000000001E
:10628000000000000000000000000000000000000E
:1062900000000000000000000000000000000000FE
:1062A00000000000000000000000000000000000EE
:1062B00000000000000000000000000000000000DE
:1062C00000000000000000000000000000000000CE
:1062D00000000000000000000000000000000000BE
:1062E00000000000000000000000000000000000AE
:1062F000000000000000000000000000000000009E
:10630000000000000000000000000000000000008D
:10631000000000000000000000000000000000007D
:10632000000000000000000000000000000000006D
:10633000000000000000000000000000000000005D
:10634000000000000000000000000000000000004D
:10635000000000000000000000000000000000003D
:10636000000000000000000000000000000000002D
:10637000000000000000000000000000000000001D
:10638000000000000000000000000000000000000D
:1063900000000000000000000000000000000000FD
:1063A00000000000000000000000000000000000ED
:1063B00000000000000000000000000000000000DD
:1063C00000000000000000000000000000000000CD
:1063D00000000000000000000000000000000000BD
:1063E00000000000000000000000000000000000AD
:1063F000000000000000000000000000000000009D
:10640000000000000000000000000000000000008C
:10641000000000000000000000000000000000007C
:10642000000000000000000000000000000000006C
:10643000000000000000000000000000000000005C
:10644000000000000000000000000000000000004C
:10645000000000000000000000000000000000003C
:10646000000000000000000000000000000000002C
:10647000000000000000000000000000000000001C
:10648000000000000000000000000000000000000C
:1064900000000000000000000000000000000000FC
:1064A00000000000000000000000000000000000EC
:1064B00000000000000000000000000000000000DC
:1064C00000000000000000000000000000000000CC
:1064D00000000000000000000000000000000000BC
:1064E00000000000000000000000000000000000AC
:1064F000000000000000000000000000000000009C
:10650000000000000000000000000000000000008B
:10651000000000000000000000000000000000007B
:10652000000000000000000000000000000000006B
:10653000000000000000000000000000000000005B
:10654000000000000000000000000000000000004B
:10655000000000000000000000000000000000003B
:10656000000000000000000000000000000000002B
:10657000000000000000000000000000000000001B
:10658000000000000000000000000000000000000B
:1065900000000000000000000000000000000000FB
:1065A00000000000000000000000000000000000EB
:1065B00000000000000000000000000000000000DB
:1065C00000000000000000000000000000000000CB
:1065D00000000000000000000000000000000000BB
:1065E00000000000000000000000000000000000AB
:1065F000000000000000000000000000000000009B
:10660000000000000000000000000000000000008A
:10661000000000000000000000000000000000007A
:10662000000000000000000000000000000000006A
:10663000000000000000000000000000000000005A
:10664000000000000000000000000000000000004A
:10665000000000000000000000000000000000003A
:10666000000000000000000000000000000000002A
:10667000000000000000000000000000000000001A
:10668000000000000000000000000000000000000A
:1066900000000000000000000000000000000000FA
:1066A00000000000000000000000000000000000EA
:1066B00000000000000000000000000000000000DA
:1066C00000000000000000000000000000000000CA
:1066D00000000000000000000000000000000000BA
:1066E00000000000000000000000000000000000AA
:1066F000000000000000000000000000000000009A
:106700000000000000000000000000000000000089
:106710000000000000000000000000000000000079
:106720000000000000000000000000000000000069
:106730000000000000000000000000000000000059
:106740000000000000000000000000000000000049
:106750000000000000000000000000000000000039
:106760000000000000000000000000000000000029
:106770000000000000000000000000000000000019
:106780000000000000000000000000000000000009
:1067900000000000000000000000000000000000F9
:1067A00000000000000000000000000000000000E9
:1067B00000000000000000000000000000000000D9
:1067C00000000000000000000000000000000000C9
:1067D00000000000000000000000000000000000B9
:1067E00000000000000000000000000000000000A9
:1067F0000000000000000000000000000000000099
:106800000000000000000000000000000000000088
:106810000000000000000000000000000000000078
:106820000000000000000000000000000000000068
:106830000000000000000000000000000000000058
:106840000000000000000000000000000000000048
:106850000000000000000000000000000000000038
:106860000000000000000000000000000000000028
:106870000000000000000000000000000000000018
:106880000000000000000000000000000000000008
:1068900000000000000000000000000000000000F8
:1068A00000000000000000000000000000000000E8
:1068B00000000000000000000000000000000000D8
:1068C00000000000000000000000000000000000C8
:1068D00000000000000000000000000000000000B8
:1068E00000000000000000000000000000000000A8
:1068F0000000000000000000000000000000000098
:106900000000000000000000000000000000000087
:106910000000000000000000000000000000000077
:106920000000000000000000000000000000000067
:106930000000000000000000000000000000000057
:106940000000000000000000000000000000000047
:106950000000000000000000000000000000000037
:106960000000000000000000000000000000000027
:106970000000000000000000000000000000000017
:106980000000000000000000000000000000000007
:1069900000000000000000000000000000000000F7
:1069A00000000000000000000000000000000000E7
:1069B00000000000000000000000000000000000D7
:1069C00000000000000000000000000000000000C7
:1069D00000000000000000000000000000000000B7
:1069E00000000000000000000000000000000000A7
:1069F0000000000000000000000000000000000097
:106A00000000000000000000000000000000000086
:106A10000000000000000000000000000000000076
:106A20000000000000000000000000000000000066
:106A30000000000000000000000000000000000056
:106A40000000000000000000000000000000000046
:106A50000000000000000000000000000000000036
:106A60000000000000000000000000000000000026
:106A70000000000000000000000000000000000016
:106A80000000000000000000000000000000000006
:106A900000000000000000000000000000000000F6
:106AA00000000000000000000000000000000000E6
:106AB00000000000000000000000000000000000D6
:106AC00000000000000000000000000000000000C6
:106AD00000000000000000000000000000000000B6
:106AE00000000000000000000000000000000000A6
:106AF0000000000000000000000000000000000096
:106B00000000000000000000000000000000000085
:106B10000000000000000000000000000000000075
:106B20000000000000000000000000000000000065
:106B30000000000000000000000000000000000055
:106B40000000000000000000000000000000000045
:106B50000000000000000000000000000000000035
:106B60000000000000000000000000000000000025
:106B70000000000000000000000000000000000015
:106B80000000000000000000000000000000000005
:106B900000000000000000000000000000000000F5
:106BA00000000000000000000000000000000000E5
:106BB00000000000000000000000000000000000D5
:106BC00000000000000000000000000000000000C5
:106BD00000000000000000000000000000000000B5
:106BE00000000000000000000000000000000000A5
:106BF0000000000000000000000000000000000095
:106C00000000000000000000000000000000000084
:106C10000000000000000000000000000000000074
:106C20000000000000000000000000000000000064
:106C30000000000000000000000000000000000054
:106C40000000000000000000000000000000000044
:106C50000000000000000000000000000000000034
:106C60000000000000000000000000000000000024
:106C70000000000000000000000000000000000014
:106C80000000000000000000000000000000000004
:106C900000000000000000000000000000000000F4
:106CA00000000000000000000000000000000000E4
:106CB00000000000000000000000000000000000D4
:106CC00000000000000000000000000000000000C4
:106CD00000000000000000000000000000000000B4
:106CE00000000000000000000000000000000000A4
:106CF0000000000000000000000000000000000094
:106D00000000000000000000000000000000000083
:106D10000000000000000000000000000000000073
:106D20000000000000000000000000000000000063
:106D30000000000000000000000000000000000053
:106D40000000000000000000000000000000000043
:106D50000000000000000000000000000000000033
:106D60000000000000000000000000000000000023
:106D70000000000000000000000000000000000013
:106D80000000000000000000000000000000000003
:106D900000000000000000000000000000000000F3
:106DA00000000000000000000000000000000000E3
:106DB00000000000000000000000000000000000D3
:106DC00000000000000000000000000000000000C3
:106DD00000000000000000000000000000000000B3
:106DE00000000000000000000000000000000000A3
:106DF0000000000000000000000000000000000093
:106E00000000000000000000000000000000000082
:106E10000000000000000000000000000000000072
:106E20000000000000000000000000000000000062
:106E30000000000000000000000000000000000052
:106E40000000000000000000000000000000000042
:106E50000000000000000000000000000000000032
:106E60000000000000000000000000000000000022
:106E70000000000000000000000000000000000012
:106E80000000000000000000000000000000000002
:106E900000000000000000000000000000000000F2
:106EA00000000000000000000000000000000000E2
:106EB00000000000000000000000000000000000D2
:106EC00000000000000000000000000000000000C2
:106ED00000000000000000000000000000000000B2
:106EE00000000000000000000000000000000000A2
:106EF0000000000000000000000000000000000092
:106F00000000000000000000000000000000000081
:106F10000000000000000000000000000000000071
:106F20000000000000000000000000000000000061
:106F30000000000000000000000000000000000051
:106F40000000000000000000000000000000000041
:106F50000000000000000000000000000000000031
:106F60000000000000000000000000000000000021
:106F70000000000000000000000000000000000011
:106F80000000000000000000000000000000000001
:106F900000000000000000000000000000000000F1
:106FA00000000000000000000000000000000000E1
:106FB00000000000000000000000000000000000D1
:106FC00000000000000000000000000000000000C1
:106FD00000000000000000000000000000000000B1
:106FE00000000000000000000000000000000000A1
:106FF0000000000000000000000000000000000091
:107000000000000000000000000000000000000080
:107010000000000000000000000000000000000070
:107020000000000000000000000000000000000060
:107030000000000000000000000000000000000050
:107040000000000000000000000000000000000040
:107050000000000000000000000000000000000030
:107060000000000000000000000000000000000020
:107070000000000000000000000000000000000010
:107080000000000000000000000000000000000000
:1070900000000000000000000000000000000000F0
:1070A00000000000000000000000000000000000E0
:1070B00000000000000000000000000000000000D0
:1070C00000000000000000000000000000000000C0
:1070D00000000000000000000000000000000000B0
:1070E00000000000000000000000000000000000A0
:1070F0000000000000000000000000000000000090
:10710000000000000000000000000000000000007F
:10711000000000000000000000000000000000006F
:10712000000000000000000000000000000000005F
:10713000000000000000000000000000000000004F
:10714000000000000000000000000000000000003F
:10715000000000000000000000000000000000002F
:10716000000000000000000000000000000000001F
:10717000000000000000000000000000000000000F
:1071800000000000000000000000000000000000FF
:1071900000000000000000000000000000000000EF
:1071A00000000000000000000000000000000000DF
:1071B00000000000000000000000000000000000CF
:1071C00000000000000000000000000000000000BF
:1071D00000000000000000000000000000000000AF
:1071E000000000000000000000000000000000009F
:1071F000000000000000000000000000000000008F
:10720000000000000000000000000000000000007E
:10721000000000000000000000000000000000006E
:10722000000000000000000000000000000000005E
:10723000000000000000000000000000000000004E
:10724000000000000000000000000000000000003E
:10725000000000000000000000000000000000002E
:10726000000000000000000000000000000000001E
:10727000000000000000000000000000000000000E
:1072800000000000000000000000000000000000FE
:1072900000000000000000000000000000000000EE
:1072A00000000000000000000000000000000000DE
:1072B00000000000000000000000000000000000CE
:1072C00000000000000000000000000000000000BE
:1072D00000000000000000000000000000000000AE
:1072E000000000000000000000000000000000009E
:1072F000000000000000000000000000000000008E
:10730000000000000000000000000000000000007D
:10731000000000000000000000000000000000006D
:10732000000000000000000000000000000000005D
:10733000000000000000000000000000000000004D
:10734000000000000000000000000000000000003D
:10735000000000000000000000000000000000002D
:10736000000000000000000000000000000000001D
:10737000000000000000000000000000000000000D
:1073800000000000000000000000000000000000FD
:1073900000000000000000000000000000000000ED
:1073A00000000000000000000000000000000000DD
:1073B00000000000000000000000000000000000CD
:1073C00000000000000000000000000000000000BD
:1073D00000000000000000000000000000000000AD
:1073E000000000000000000000000000000000009D
:1073F000000000000000000000000000000000008D
:10740000000000000000000000000000000000007C
:10741000000000000000000000000000000000006C
:10742000000000000000000000000000000000005C
:10743000000000000000000000000000000000004C
:10744000000000000000000000000000000000003C
:10745000000000000000000000000000000000002C
:10746000000000000000000000000000000000001C
:10747000000000000000000000000000000000000C
:1074800000000000000000000000000000000000FC
:1074900000000000000000000000000000000000EC
:1074A00000000000000000000000000000000000DC
:1074B00000000000000000000000000000000000CC
:1074C00000000000000000000000000000000000BC
:1074D00000000000000000000000000000000000AC
:1074E000000000000000000000000000000000009C
:1074F000000000000000000000000000000000008C
:10750000000000000000000000000000000000007B
:10751000000000000000000000000000000000006B
:10752000000000000000000000000000000000005B
:10753000000000000000000000000000000000004B
:10754000000000000000000000000000000000003B
:10755000000000000000000000000000000000002B
:10756000000000000000000000000000000000001B
:10757000000000000000000000000000000000000B
:1075800000000000000000000000000000000000FB
:1075900000000000000000000000000000000000EB
:1075A00000000000000000000000000000000000DB
:1075B00000000000000000000000000000000000CB
:1075C00000000000000000000000000000000000BB
:1075D00000000000000000000000000000000000AB
:1075E000000000000000000000000000000000009B
:1075F000000000000000000000000000000000008B
:10760000000000000000000000000000000000007A
:10761000000000000000000000000000000000006A
:10762000000000000000000000000000000000005A
:10763000000000000000000000000000000000004A
:10764000000000000000000000000000000000003A
:10765000000000000000000000000000000000002A
:10766000000000000000000000000000000000001A
:10767000000000000000000000000000000000000A
:1076800000000000000000000000000000000000FA
:1076900000000000000000000000000000000000EA
:1076A00000000000000000000000000000000000DA
:1076B00000000000000000000000000000000000CA
:1076C00000000000000000000000000000000000BA
:1076D00000000000000000000000000000000000AA
:1076E000000000000000000000000000000000009A
:1076F000000000000000000000000000000000008A
:107700000000000000000000000000000000000079
:107710000000000000000000000000000000000069
:107720000000000000000000000000000000000059
:107730000000000000000000000000000000000049
:107740000000000000000000000000000000000039
:107750000000000000000000000000000000000029
:107760000000000000000000000000000000000019
:107770000000000000000000000000000000000009
:1077800000000000000000000000000000000000F9
:1077900000000000000000000000000000000000E9
:1077A00000000000000000000000000000000000D9
:1077B00000000000000000000000000000000000C9
:1077C00000000000000000000000000000000000B9
:1077D00000000000000000000000000000000000A9
:1077E0000000000000000000000000000000000099
:1077F0000000000000000000000000000000000089
:107800000000000000000000000000000000000078
:107810000000000000000000000000000000000068
:107820000000000000000000000000000000000058
:107830000000000000000000000000000000000048
:107840000000000000000000000000000000000038
:107850000000000000000000000000000000000028
:107860000000000000000000000000000000000018
:107870000000000000000000000000000000000008
:1078800000000000000000000000000000000000F8
:1078900000000000000000000000000000000000E8
:1078A00000000000000000000000000000000000D8
:1078B00000000000000000000000000000000000C8
:1078C00000000000000000000000000000000000B8
:1078D00000000000000000000000000000000000A8
:1078E0000000000000000000000000000000000098
:1078F0000000000000000000000000000000000088
:107900000000000000000000000000000000000077
:107910000000000000000000000000000000000067
:107920000000000000000000000000000000000057
:107930000000000000000000000000000000000047
:107940000000000000000000000000000000000037
:107950000000000000000000000000000000000027
:107960000000000000000000000000000000000017
:107970000000000000000000000000000000000007
:1079800000000000000000000000000000000000F7
:1079900000000000000000000000000000000000E7
:1079A00000000000000000000000000000000000D7
:1079B00000000000000000000000000000000000C7
:1079C00000000000000000000000000000000000B7
:1079D00000000000000000000000000000000000A7
:1079E0000000000000000000000000000000000097
:1079F0000000000000000000000000000000000087
:107A00000000000000000000000000000000000076
:107A10000000000000000000000000000000000066
:107A20000000000000000000000000000000000056
:107A30000000000000000000000000000000000046
:107A40000000000000000000000000000000000036
:107A50000000000000000000000000000000000026
:107A60000000000000000000000000000000000016
:107A70000000000000000000000000000000000006
:107A800000000000000000000000000000000000F6
:107A900000000000000000000000000000000000E6
:107AA00000000000000000000000000000000000D6
:107AB00000000000000000000000000000000000C6
:107AC00000000000000000000000000000000000B6
:107AD00000000000000000000000000000000000A6
:107AE0000000000000000000000000000000000096
:107AF0000000000000000000000000000000000086
:107B00000000000000000000000000000000000075
:107B10000000000000000000000000000000000065
:107B20000000000000000000000000000000000055
:107B30000000000000000000000000000000000045
:107B40000000000000000000000000000000000035
:107B50000000000000000000000000000000000025
:107B60000000000000000000000000000000000015
:107B70000000000000000000000000000000000005
:107B800000000000000000000000000000000000F5
:107B900000000000000000000000000000000000E5
:107BA00000000000000000000000000000000000D5
:107BB00000000000000000000000000000000000C5
:107BC00000000000000000000000000000000000B5
:107BD00000000000000000000000000000000000A5
:107BE0000000000000000000000000000000000095
:107BF0000000000000000000000000000000000085
:107C00000000000000000000000000000000000074
:107C10000000000000000000000000000000000064
:107C20000000000000000000000000000000000054
:107C30000000000000000000000000000000000044
:107C40000000000000000000000000000000000034
:107C50000000000000000000000000000000000024
:107C60000000000000000000000000000000000014
:107C70000000000000000000000000000000000004
:107C800000000000000000000000000000000000F4
:107C900000000000000000000000000000000000E4
:107CA00000000000000000000000000000000000D4
:107CB00000000000000000000000000000000000C4
:107CC00000000000000000000000000000000000B4
:107CD00000000000000000000000000000000000A4
:107CE0000000000000000000000000000000000094
:107CF0000000000000000000000000000000000084
:107D00000000000000000000000000000000000073
:107D10000000000000000000000000000000000063
:107D20000000000000000000000000000000000053
:107D30000000000000000000000000000000000043
:107D40000000000000000000000000000000000033
:107D50000000000000000000000000000000000023
:107D60000000000000000000000000000000000013
:107D70000000000000000000000000000000000003
:107D800000000000000000000000000000000000F3
:107D900000000000000000000000000000000000E3
:107DA00000000000000000000000000000000000D3
:107DB00000000000000000000000000000000000C3
:107DC00000000000000000000000000000000000B3
:107DD00000000000000000000000000000000000A3
:107DE0000000000000000000000000000000000093
:107DF0000000000000000000000000000000000083
:107E00000000000000000000000000000000000072
:107E10000000000000000000000000000000000062
:107E20000000000000000000000000000000000052
:107E30000000000000000000000000000000000042
:107E40000000000000000000000000000000000032
:107E50000000000000000000000000000000000022
:107E60000000000000000000000000000000000012
:107E70000000000000000000000000000000000002
:107E800000000000000000000000000000000000F2
:107E900000000000000000000000000000000000E2
:107EA00000000000000000000000000000000000D2
:107EB00000000000000000000000000000000000C2
:107EC00000000000000000000000000000000000B2
:107ED00000000000000000000000000000000000A2
:107EE0000000000000000000000000000000000092
:107EF0000000000000000000000000000000000082
:107F00000000000000000000000000000000000071
:107F10000000000000000000000000000000000061
:107F20000000000000000000000000000000000051
:107F30000000000000000000000000000000000041
:107F40000000000000000000000000000000000031
:107F50000000000000000000000000000000000021
:107F60000000000000000000000000000000000011
:107F70000000000000000000000000000000000001
:107F800000000000000000000000000000000000F1
:107F900000000000000000000000000000000000E1
:107FA00000000000000000000000000000000000D1
:107FB00000000000000000000000000000000000C1
:107FC00000000000000000000000000000000000B1
:107FD00000000000000000000000000000000000A1
:107FE0000000000000000000000000000000000091
:107FF0000000000000000000000000000000000081
:108000000000000000000000000000000000000070
:108010000000000000000000000000000000000060
:108020000000000000000000000000000000000050
:108030000000000000000000000000000000000040
:108040000000000000000000000000000000000030
:108050000000000000000000000000000000000020
:108060000000000000000000000000000000000010
:108070000000000000000000000000000000000000
:1080800000000000000000000000000000000000F0
:1080900000000000000000000000000000000000E0
:1080A00000000000000000000000000000000000D0
:1080B00000000000000000000000000000000000C0
:1080C00000000000000000000000000000000000B0
:1080D00000000000000000000000000000000000A0
:1080E0000000000000000000000000000000000090
:1080F0000000000000000000000000000000000080
:10810000000000000000000000000000000000006F
:10811000000000000000000000000000000000005F
:10812000000000000000000000000000000000004F
:10813000000000000000000000000000000000003F
:10814000000000000000000000000000000000002F
:10815000000000000000000000000000000000001F
:10816000000000000000000000000000000000000F
:1081700000000000000000000000000000000000FF
:1081800000000000000000000000000000000000EF
:1081900000000000000000000000000000000000DF
:1081A00000000000000000000000000000000000CF
:1081B00000000000000000000000000000000000BF
:1081C00000000000000000000000000000000000AF
:1081D000000000000000000000000000000000009F
:1081E000000000000000000000000000000000008F
:1081F000000000000000000000000000000000007F
:10820000000000000000000000000000000000006E
:10821000000000000000000000000000000000005E
:10822000000000000000000000000000000000004E
:10823000000000000000000000000000000000003E
:10824000000000000000000000000000000000002E
:10825000000000000000000000000000000000001E
:10826000000000000000000000000000000000000E
:1082700000000000000000000000000000000000FE
:1082800000000000000000000000000000000000EE
:1082900000000000000000000000000000000000DE
:1082A00000000000000000000000000000000000CE
:1082B00000000000000000000000000000000000BE
:1082C00000000000000000000000000000000000AE
:1082D000000000000000000000000000000000009E
:1082E000000000000000000000000000000000008E
:1082F000000000000000000000000000000000007E
:10830000000000000000000000000000000000006D
:10831000000000000000000000000000000000005D
:10832000000000000000000000000000000000004D
:10833000000000000000000000000000000000003D
:10834000000000000000000000000000000000002D
:10835000000000000000000000000000000000001D
:10836000000000000000000000000000000000000D
:1083700000000000000000000000000000000000FD
:1083800000000000000000000000000000000000ED
:1083900000000000000000000000000000000000DD
:1083A00000000000000000000000000000000000CD
:1083B00000000000000000000000000000000000BD
:1083C00000000000000000000000000000000000AD
:1083D000000000000000000000000000000000009D
:1083E000000000000000000000000000000000008D
:1083F000000000000000000000000000000000007D
:10840000000000000000000000000000000000006C
:10841000000000000000000000000000000000005C
:10842000000000000000000000000000000000004C
:10843000000000000000000000000000000000003C
:10844000000000000000000000000000000000002C
:10845000000000000000000000000000000000001C
:10846000000000000000000000000000000000000C
:1084700000000000000000000000000000000000FC
:1084800000000000000000000000000000000000EC
:1084900000000000000000000000000000000000DC
:1084A00000000000000000000000000000000000CC
:1084B00000000000000000000000000000000000BC
:1084C00000000000000000000000000000000000AC
:1084D000000000000000000000000000000000009C
:1084E000000000000000000000000000000000008C
:1084F000000000000000000000000000000000007C
:10850000000000000000000000000000000000006B
:10851000000000000000000000000000000000005B
:10852000000000000000000000000000000000004B
:10853000000000000000000000000000000000003B
:10854000000000000000000000000000000000002B
:10855000000000000000000000000000000000001B
:10856000000000000000000000000000000000000B
:1085700000000000000000000000000000000000FB
:1085800000000000000000000000000000000000EB
:1085900000000000000000000000000000000000DB
:1085A00000000000000000000000000000000000CB
:1085B00000000000000000000000000000000000BB
:1085C00000000000000000000000000000000000AB
:1085D000000000000000000000000000000000009B
:1085E000000000000000000000000000000000008B
:1085F000000000000000000000000000000000007B
:10860000000000000000000000000000000000006A
:10861000000000000000000000000000000000005A
:10862000000000000000000000000000000000004A
:10863000000000000000000000000000000000003A
:10864000000000000000000000000000000000002A
:10865000000000000000000000000000000000001A
:10866000000000000000000000000000000000000A
:1086700000000000000000000000000000000000FA
:1086800000000000000000000000000000000000EA
:1086900000000000000000000000000000000000DA
:1086A00000000000000000000000000000000000CA
:1086B00000000000000000000000000000000000BA
:1086C00000000000000000000000000000000000AA
:1086D000000000000000000000000000000000009A
:1086E000000000000000000000000000000000008A
:1086F000000000000000000000000000000000007A
:108700000000000000000000000000000000000069
:108710000000000000000000000000000000000059
:108720000000000000000000000000000000000049
:108730000000000000000000000000000000000039
:108740000000000000000000000000000000000029
:108750000000000000000000000000000000000019
:108760000000000000000000000000000000000009
:1087700000000000000000000000000000000000F9
:1087800000000000000000000000000000000000E9
:1087900000000000000000000000000000000000D9
:1087A00000000000000000000000000000000000C9
:1087B00000000000000000000000000000000000B9
:1087C00000000000000000000000000000000000A9
:1087D0000000000000000000000000000000000099
:1087E0000000000000000000000000000000000089
:1087F0000000000000000000000000000000000079
:108800000000000000000000000000000000000068
:108810000000000000000000000000000000000058
:108820000000000000000000000000000000000048
:108830000000000000000000000000000000000038
:108840000000000000000000000000000000000028
:108850000000000000000000000000000000000018
:108860000000000000000000000000000000000008
:1088700000000000000000000000000000000000F8
:1088800000000000000000000000000000000000E8
:1088900000000000000000000000000000000000D8
:1088A00000000000000000000000000000000000C8
:1088B00000000000000000000000000000000000B8
:1088C00000000000000000000000000000000000A8
:1088D0000000000000000000000000000000000098
:1088E0000000000000000000000000000000000088
:1088F0000000000000000000000000000000000078
:108900000000000000000000000000000000000067
:108910000000000000000000000000000000000057
:108920000000000000000000000000000000000047
:108930000000000000000000000000000000000037
:108940000000000000000000000000000000000027
:108950000000000000000000000000000000000017
:108960000000000000000000000000000000000007
:1089700000000000000000000000000000000000F7
:1089800000000000000000000000000000000000E7
:1089900000000000000000000000000000000000D7
:1089A00000000000000000000000000000000000C7
:1089B00000000000000000000000000000000000B7
:1089C00000000000000000000000000000000000A7
:1089D0000000000000000000000000000000000097
:1089E0000000000000000000000000000000000087
:1089F0000000000000000000000000000000000077
:108A00000000000000000000000000000000000066
:108A10000000000000000000000000000000000056
:108A20000000000000000000000000000000000046
:108A30000000000000000000000000000000000036
:108A40000000000000000000000000000000000026
:108A50000000000000000000000000000000000016
:108A60000000000000000000000000000000000006
:108A700000000000000000000000000000000000F6
:108A800000000000000000000000000000000000E6
:108A900000000000000000000000000000000000D6
:108AA00000000000000000000000000000000000C6
:108AB00000000000000000000000000000000000B6
:108AC00000000000000000000000000000000000A6
:108AD0000000000000000000000000000000000096
:108AE0000000000000000000000000000000000086
:108AF0000000000000000000000000000000000076
:108B00000000000000000000000000000000000065
:108B10000000000000000000000000000000000055
:108B20000000000000000000000000000000000045
:108B30000000000000000000000000000000000035
:108B40000000000000000000000000000000000025
:108B50000000000000000000000000000000000015
:108B60000000000000000000000000000000000005
:108B700000000000000000000000000000000000F5
:108B800000000000000000000000000000000000E5
:108B900000000000000000000000000000000000D5
:108BA00000000000000000000000000000000000C5
:108BB00000000000000000000000000000000000B5
:108BC00000000000000000000000000000000000A5
:108BD0000000000000000000000000000000000095
:108BE0000000000000000000000000000000000085
:108BF0000000000000000000000000000000000075
:108C00000000000000000000000000000000000064
:108C10000000000000000000000000000000000054
:108C20000000000000000000000000000000000044
:108C30000000000000000000000000000000000034
:108C40000000000000000000000000000000000024
:108C50000000000000000000000000000000000014
:108C60000000000000000000000000000000000004
:108C700000000000000000000000000000000000F4
:108C800000000000000000000000000000000000E4
:108C900000000000000000000000000000000000D4
:108CA00000000000000000000000000000000000C4
:108CB00000000000000000000000000000000000B4
:108CC00000000000000000000000000000000000A4
:108CD0000000000000000000000000000000000094
:108CE0000000000000000000000000000000000084
:108CF0000000000000000000000000000000000074
:108D00000000000000000000000000000000000063
:108D10000000000000000000000000000000000053
:108D20000000000000000000000000000000000043
:108D30000000000000000000000000000000000033
:108D40000000000000000000000000000000000023
:108D50000000000000000000000000000000000013
:108D60000000000000000000000000000000000003
:108D700000000000000000000000000000000000F3
:108D800000000000000000000000000000000000E3
:108D900000000000000000000000000000000000D3
:108DA00000000000000000000000000000000000C3
:108DB00000000000000000000000000000000000B3
:108DC00000000000000000000000000000000000A3
:108DD0000000000000000000000000000000000093
:108DE0000000000000000000000000000000000083
:108DF0000000000000000000000000000000000073
:108E00000000000000000000000000000000000062
:108E10000000000000000000000000000000000052
:108E20000000000000000000000000000000000042
:108E30000000000000000000000000000000000032
:108E40000000000000000000000000000000000022
:108E50000000000000000000000000000000000012
:108E60000000000000000000000000000000000002
:108E700000000000000000000000000000000000F2
:108E800000000000000000000000000000000000E2
:108E900000000000000000000000000000000000D2
:108EA00000000000000000000000000000000000C2
:108EB00000000000000000000000000000000000B2
:108EC00000000000000000000000000000000000A2
:108ED0000000000000000000000000000000000092
:108EE0000000000000000000000000000000000082
:108EF0000000000000000000000000000000000072
:108F00000000000000000000000000000000000061
:108F10000000000000000000000000000000000051
:108F20000000000000000000000000000000000041
:108F30000000000000000000000000000000000031
:108F40000000000000000000000000000000000021
:108F50000000000000000000000000000000000011
:108F60000000000000000000000000000000000001
:108F700000000000000000000000000000000000F1
:108F800000000000000000000000000000000000E1
:108F900000000000000000000000000000000000D1
:108FA00000000000000000000000000000000000C1
:108FB00000000000000000000000000000000000B1
:108FC00000000000000000000000000000000000A1
:108FD0000000000000000000000000000000000091
:108FE0000000000000000000000000000000000081
:108FF0000000000000000000000000000000000071
:109000000000000000000000000000000000000060
:109010000000000000000000000000000000000050
:109020000000000000000000000000000000000040
:109030000000000000000000000000000000000030
:109040000000000000000000000000000000000020
:109050000000000000000000000000000000000010
:109060000000000000000000000000000000000000
:1090700000000000000000000000000000000000F0
:1090800000000000000000000000000000000000E0
:1090900000000000000000000000000000000000D0
:1090A00000000000000000000000000000000000C0
:1090B00000000000000000000000000000000000B0
:1090C00000000000000000000000000000000000A0
:1090D0000000000000000000000000000000000090
:1090E0000000000000000000000000000000000080
:1090F0000000000000000000000000000000000070
:10910000000000000000000000000000000000005F
:10911000000000000000000000000000000000004F
:10912000000000000000000000000000000000003F
:10913000000000000000000000000000000000002F
:10914000000000000000000000000000000000001F
:10915000000000000000000000000000000000000F
:1091600000000000000000000000000000000000FF
:1091700000000000000000000000000000000000EF
:1091800000000000000000000000000000000000DF
:1091900000000000000000000000000000000000CF
:1091A00000000000000000000000000000000000BF
:1091B00000000000000000000000000000000000AF
:1091C000000000000000000000000000000000009F
:1091D000000000000000000000000000000000008F
:1091E000000000000000000000000000000000007F
:1091F000000000000000000000000000000000006F
:10920000000000000000000000000000000000005E
:10921000000000000000000000000000000000004E
:10922000000000000000000000000000000000003E
:10923000000000000000000000000000000000002E
:10924000000000000000000000000000000000001E
:10925000000000000000000000000000000000000E
:1092600000000000000000000000000000000000FE
:1092700000000000000000000000000000000000EE
:1092800000000000000000000000000000000000DE
:1092900000000000000000000000000000000000CE
:1092A00000000000000000000000000000000000BE
:1092B00000000000000000000000000000000000AE
:1092C000000000000000000000000000000000009E
:1092D000000000000000000000000000000000008E
:1092E000000000000000000000000000000000007E
:1092F000000000000000000000000000000000006E
:10930000000000000000000000000000000000005D
:10931000000000000000000000000000000000004D
:10932000000000000000000000000000000000003D
:10933000000000000000000000000000000000002D
:10934000000000000000000000000000000000001D
:10935000000000000000000000000000000000000D
:1093600000000000000000000000000000000000FD
:1093700000000000000000000000000000000000ED
:1093800000000000000000000000000000000000DD
:1093900000000000000000000000000000000000CD
:1093A00000000000000000000000000000000000BD
:1093B00000000000000000000000000000000000AD
:1093C000000000000000000000000000000000009D
:1093D000000000000000000000000000000000008D
:1093E000000000000000000000000000000000007D
:1093F000000000000000000000000000000000006D
:10940000000000000000000000000000000000005C
:10941000000000000000000000000000000000004C
:10942000000000000000000000000000000000003C
:10943000000000000000000000000000000000002C
:10944000000000000000000000000000000000001C
:10945000000000000000000000000000000000000C
:1094600000000000000000000000000000000000FC
:1094700000000000000000000000000000000000EC
:1094800000000000000000000000000000000000DC
:1094900000000000000000000000000000000000CC
:1094A00000000000000000000000000000000000BC
:1094B00000000000000000000000000000000000AC
:1094C000000000000000000000000000000000009C
:1094D000000000000000000000000000000000008C
:1094E000000000000000000000000000000000007C
:1094F000000000000000000000000000000000006C
:10950000000000000000000000000000000000005B
:10951000000000000000000000000000000000004B
:10952000000000000000000000000000000000003B
:10953000000000000000000000000000000000002B
:10954000000000000000000000000000000000001B
:10955000000000000000000000000000000000000B
:1095600000000000000000000000000000000000FB
:1095700000000000000000000000000000000000EB
:1095800000000000000000000000000000000000DB
:1095900000000000000000000000000000000000CB
:1095A00000000000000000000000000000000000BB
:1095B00000000000000000000000000000000000AB
:1095C000000000000000000000000000000000009B
:1095D000000000000000000000000000000000008B
:1095E000000000000000000000000000000000007B
:1095F000000000000000000000000000000000006B
:10960000000000000000000000000000000000005A
:10961000000000000000000000000000000000004A
:10962000000000000000000000000000000000003A
:10963000000000000000000000000000000000002A
:10964000000000000000000000000000000000001A
:10965000000000000000000000000000000000000A
:1096600000000000000000000000000000000000FA
:1096700000000000000000000000000000000000EA
:1096800000000000000000000000000000000000DA
:1096900000000000000000000000000000000000CA
:1096A00000000000000000000000000000000000BA
:1096B00000000000000000000000000000000000AA
:1096C000000000000000000000000000000000009A
:1096D000000000000000000000000000000000008A
:1096E000000000000000000000000000000000007A
:1096F000000000000000000000000000000000006A
:109700000000000000000000000000000000000059
:109710000000000000000000000000000000000049
:109720000000000000000000000000000000000039
:109730000000000000000000000000000000000029
:109740000000000000000000000000000000000019
:109750000000000000000000000000000000000009
:1097600000000000000000000000000000000000F9
:1097700000000000000000000000000000000000E9
:1097800000000000000000000000000000000000D9
:1097900000000000000000000000000000000000C9
:1097A00000000000000000000000000000000000B9
:1097B00000000000000000000000000000000000A9
:1097C0000000000000000000000000000000000099
:1097D0000000000000000000000000000000000089
:1097E0000000000000000000000000000000000079
:1097F0000000000000000000000000000000000069
:109800000000000000000000000000000000000058
:109810000000000000000000000000000000000048
:109820000000000000000000000000000000000038
:109830000000000000000000000000000000000028
:109840000000000000000000000000000000000018
:109850000000000000000000000000000000000008
:1098600000000000000000000000000000000000F8
:1098700000000000000000000000000000000000E8
:1098800000000000000000000000000000000000D8
:1098900000000000000000000000000000000000C8
:1098A00000000000000000000000000000000000B8
:1098B00000000000000000000000000000000000A8
:1098C0000000000000000000000000000000000098
:1098D0000000000000000000000000000000000088
:1098E0000000000000000000000000000000000078
:1098F0000000000000000000000000000000000068
:109900000000000000000000000000000000000057
:109910000000000000000000000000000000000047
:109920000000000000000000000000000000000037
:109930000000000000000000000000000000000027
:109940000000000000000000000000000000000017
:109950000000000000000000000000000000000007
:1099600000000000000000000000000000000000F7
:1099700000000000000000000000000000000000E7
:1099800000000000000000000000000000000000D7
:1099900000000000000000000000000000000000C7
:1099A00000000000000000000000000000000000B7
:1099B00000000000000000000000000000000000A7
:1099C0000000000000000000000000000000000097
:1099D0000000000000000000000000000000000087
:1099E0000000000000000000000000000000000077
:1099F0000000000000000000000000000000000067
:109A00000000000000000000000000000000000056
:109A10000000000000000000000000000000000046
:109A20000000000000000000000000000000000036
:109A30000000000000000000000000000000000026
:109A40000000000000000000000000000000000016
:109A50000000000000000000000000000000000006
:109A600000000000000000000000000000000000F6
:109A700000000000000000000000000000000000E6
:109A800000000000000000000000000000000000D6
:109A900000000000000000000000000000000000C6
:109AA00000000000000000000000000000000000B6
:109AB00000000000000000000000000000000000A6
:109AC0000000000000000000000000000000000096
:109AD0000000000000000000000000000000000086
:109AE0000000000000000000000000000000000076
:109AF0000000000000000000000000000000000066
:109B00000000000000000000000000000000000055
:109B10000000000000000000000000000000000045
:109B20000000000000000000000000000000000035
:109B30000000000000000000000000000000000025
:109B40000000000000000000000000000000000015
:109B50000000000000000000000000000000000005
:109B600000000000000000000000000000000000F5
:109B700000000000000000000000000000000000E5
:109B800000000000000000000000000000000000D5
:109B900000000000000000000000000000000000C5
:109BA00000000000000000000000000000000000B5
:109BB00000000000000000000000000000000000A5
:109BC0000000000000000000000000000000000095
:109BD0000000000000000000000000000000000085
:109BE0000000000000000000000000000000000075
:109BF0000000000000000000000000000000000065
:109C00000000000000000000000000000000000054
:109C10000000000000000000000000000000000044
:109C20000000000000000000000000000000000034
:109C30000000000000000000000000000000000024
:109C40000000000000000000000000000000000014
:109C50000000000000000000000000000000000004
:109C600000000000000000000000000000000000F4
:109C700000000000000000000000000000000000E4
:109C800000000000000000000000000000000000D4
:109C900000000000000000000000000000000000C4
:109CA00000000000000000000000000000000000B4
:109CB00000000000000000000000000000000000A4
:109CC0000000000000000000000000000000000094
:109CD0000000000000000000000000000000000084
:109CE0000000000000000000000000000000000074
:109CF0000000000000000000000000000000000064
:109D00000000000000000000000000000000000053
:109D10000000000000000000000000000000000043
:109D20000000000000000000000000000000000033
:109D30000000000000000000000000000000000023
:109D40000000000000000000000000000000000013
:109D50000000000000000000000000000000000003
:109D600000000000000000000000000000000000F3
:109D700000000000000000000000000000000000E3
:109D800000000000000000000000000000000000D3
:109D900000000000000000000000000000000000C3
:109DA00000000000000000000000000000000000B3
:109DB00000000000000000000000000000000000A3
:109DC0000000000000000000000000000000000093
:109DD0000000000000000000000000000000000083
:109DE0000000000000000000000000000000000073
:109DF0000000000000000000000000000000000063
:109E00000000000000000000000000000000000052
:109E10000000000000000000000000000000000042
:109E20000000000000000000000000000000000032
:109E30000000000000000000000000000000000022
:109E40000000000000000000000000000000000012
:109E50000000000000000000000000000000000002
:109E600000000000000000000000000000000000F2
:109E700000000000000000000000000000000000E2
:109E800000000000000000000000000000000000D2
:109E900000000000000000000000000000000000C2
:109EA00000000000000000000000000000000000B2
:109EB00000000000000000000000000000000000A2
:109EC0000000000000000000000000000000000092
:109ED0000000000000000000000000000000000082
:109EE0000000000000000000000000000000000072
:109EF0000000000000000000000000000000000062
:109F00000000000000000000000000000000000051
:109F10000000000000000000000000000000000041
:109F20000000000000000000000000000000000031
:109F30000000000000000000000000000000000021
:109F40000000000000000000000000000000000011
:109F50000000000000000000000000000000000001
:109F600000000000000000000000000000000000F1
:109F700000000000000000000000000000000000E1
:109F800000000000000000000000000000000000D1
:109F900000000000000000000000000000000000C1
:109FA00000000000000000000000000000000000B1
:109FB00000000000000000000000000000000000A1
:109FC0000000000000000000000000000000000091
:109FD0000000000000000000000000000000000081
:109FE0000000000000000000000000000000000071
:109FF0000000000000000000000000000000000061
:10A000000000000000000000000000000000000050
:10A010000000000000000000000000000000000040
:10A020000000000000000000000000000000000030
:10A030000000000000000000000000000000000020
:10A040000000000000000000000000000000000010
:10A050000000000000000000000000000000000000
:10A0600000000000000000000000000000000000F0
:10A0700000000000000000000000000000000000E0
:10A0800000000000000000000000000000000000D0
:10A0900000000000000000000000000000000000C0
:10A0A00000000000000000000000000000000000B0
:10A0B00000000000000000000000000000000000A0
:10A0C0000000000000000000000000000000000090
:10A0D0000000000000000000000000000000000080
:10A0E0000000000000000000000000000000000070
:10A0F0000000000000000000000000000000000060
:10A10000000000000000000000000000000000004F
:10A11000000000000000000000000000000000003F
:10A12000000000000000000000000000000000002F
:10A13000000000000000000000000000000000001F
:10A14000000000000000000000000000000000000F
:10A1500000000000000000000000000000000000FF
:10A1600000000000000000000000000000000000EF
:10A1700000000000000000000000000000000000DF
:10A1800000000000000000000000000000000000CF
:10A1900000000000000000000000000000000000BF
:10A1A00000000000000000000000000000000000AF
:10A1B000000000000000000000000000000000009F
:10A1C000000000000000000000000000000000008F
:10A1D000000000000000000000000000000000007F
:10A1E000000000000000000000000000000000006F
:10A1F000000000000000000000000000000000005F
:10A20000000000000000000000000000000000004E
:10A21000000000000000000000000000000000003E
:10A22000000000000000000000000000000000002E
:10A23000000000000000000000000000000000001E
:10A24000000000000000000000000000000000000E
:10A2500000000000000000000000000000000000FE
:10A2600000000000000000000000000000000000EE
:10A2700000000000000000000000000000000000DE
:10A2800000000000000000000000000000000000CE
:10A2900000000000000000000000000000000000BE
:10A2A00000000000000000000000000000000000AE
:10A2B000000000000000000000000000000000009E
:10A2C000000000000000000000000000000000008E
:10A2D000000000000000000000000000000000007E
:10A2E000000000000000000000000000000000006E
:10A2F000000000000000000000000000000000005E
:10A30000000000000000000000000000000000004D
:10A31000000000000000000000000000000000003D
:10A32000000000000000000000000000000000002D
:10A33000000000000000000000000000000000001D
:10A34000000000000000000000000000000000000D
:10A3500000000000000000000000000000000000FD
:10A3600000000000000000000000000000000000ED
:10A3700000000000000000000000000000000000DD
:10A3800000000000000000000000000000000000CD
:10A3900000000000000000000000000000000000BD
:10A3A00000000000000000000000000000000000AD
:10A3B000000000000000000000000000000000009D
:10A3C000000000000000000000000000000000008D
:10A3D000000000000000000000000000000000007D
:10A3E000000000000000000000000000000000006D
:10A3F000000000000000000000000000000000005D
:10A40000000000000000000000000000000000004C
:10A41000000000000000000000000000000000003C
:10A42000000000000000000000000000000000002C
:10A43000000000000000000000000000000000001C
:10A44000000000000000000000000000000000000C
:10A4500000000000000000000000000000000000FC
:10A4600000000000000000000000000000000000EC
:10A4700000000000000000000000000000000000DC
:10A4800000000000000000000000000000000000CC
:10A4900000000000000000000000000000000000BC
:10A4A00000000000000000000000000000000000AC
:10A4B000000000000000000000000000000000009C
:10A4C000000000000000000000000000000000008C
:10A4D000000000000000000000000000000000007C
:10A4E000000000000000000000000000000000006C
:10A4F000000000000000000000000000000000005C
:10A50000000000000000000000000000000000004B
:10A51000000000000000000000000000000000003B
:10A52000000000000000000000000000000000002B
:10A53000000000000000000000000000000000001B
:10A54000000000000000000000000000000000000B
:10A5500000000000000000000000000000000000FB
:10A5600000000000000000000000000000000000EB
:10A5700000000000000000000000000000000000DB
:10A5800000000000000000000000000000000000CB
:10A5900000000000000000000000000000000000BB
:10A5A00000000000000000000000000000000000AB
:10A5B000000000000000000000000000000000009B
:10A5C000000000000000000000000000000000008B
:10A5D000000000000000000000000000000000007B
:10A5E000000000000000000000000000000000006B
:10A5F000000000000000000000000000000000005B
:10A60000000000000000000000000000000000004A
:10A61000000000000000000000000000000000003A
:10A62000000000000000000000000000000000002A
:10A63000000000000000000000000000000000001A
:10A64000000000000000000000000000000000000A
:10A6500000000000000000000000000000000000FA
:10A6600000000000000000000000000000000000EA
:10A6700000000000000000000000000000000000DA
:10A6800000000000000000000000000000000000CA
:10A6900000000000000000000000000000000000BA
:10A6A00000000000000000000000000000000000AA
:10A6B000000000000000000000000000000000009A
:10A6C000000000000000000000000000000000008A
:10A6D000000000000000000000000000000000007A
:10A6E000000000000000000000000000000000006A
:10A6F000000000000000000000000000000000005A
:10A700000000000000000000000000000000000049
:10A710000000000000000000000000000000000039
:10A720000000000000000000000000000000000029
:10A730000000000000000000000000000000000019
:10A740000000000000000000000000000000000009
:10A7500000000000000000000000000000000000F9
:10A7600000000000000000000000000000000000E9
:10A7700000000000000000000000000000000000D9
:10A7800000000000000000000000000000000000C9
:10A7900000000000000000000000000000000000B9
:10A7A00000000000000000000000000000000000A9
:10A7B0000000000000000000000000000000000099
:10A7C0000000000000000000000000000000000089
:10A7D0000000000000000000000000000000000079
:10A7E0000000000000000000000000000000000069
:10A7F0000000000000000000000000000000000059
:10A800000000000000000000000000000000000048
:10A810000000000000000000000000000000000038
:10A820000000000000000000000000000000000028
:10A830000000000000000000000000000000000018
:10A840000000000000000000000000000000000008
:10A8500000000000000000000000000000000000F8
:10A8600000000000000000000000000000000000E8
:10A8700000000000000000000000000000000000D8
:10A8800000000000000000000000000000000000C8
:10A8900000000000000000000000000000000000B8
:10A8A00000000000000000000000000000000000A8
:10A8B0000000000000000000000000000000000098
:10A8C0000000000000000000000000000000000088
:10A8D0000000000000000000000000000000000078
:10A8E0000000000000000000000000000000000068
:10A8F0000000000000000000000000000000000058
:10A900000000000000000000000000000000000047
:10A910000000000000000000000000000000000037
:10A920000000000000000000000000000000000027
:10A930000000000000000000000000000000000017
:10A940000000000000000000000000000000000007
:10A9500000000000000000000000000000000000F7
:10A9600000000000000000000000000000000000E7
:10A9700000000000000000000000000000000000D7
:10A9800000000000000000000000000000000000C7
:10A9900000000000000000000000000000000000B7
:10A9A00000000000000000000000000000000000A7
:10A9B0000000000000000000000000000000000097
:10A9C0000000000000000000000000000000000087
:10A9D0000000000000000000000000000000000077
:10A9E0000000000000000000000000000000000067
:10A9F0000000000000000000000000000000000057
:10AA00000000000000000000000000000000000046
:10AA10000000000000000000000000000000000036
:10AA20000000000000000000000000000000000026
:10AA30000000000000000000000000000000000016
:10AA40000000000000000000000000000000000006
:10AA500000000000000000000000000000000000F6
:10AA600000000000000000000000000000000000E6
:10AA700000000000000000000000000000000000D6
:10AA800000000000000000000000000000000000C6
:10AA900000000000000000000000000000000000B6
:10AAA00000000000000000000000000000000000A6
:10AAB0000000000000000000000000000000000096
:10AAC0000000000000000000000000000000000086
:10AAD0000000000000000000000000000000000076
:10AAE0000000000000000000000000000000000066
:10AAF0000000000000000000000000000000000056
:10AB00000000000000000000000000000000000045
:10AB10000000000000000000000000000000000035
:10AB20000000000000000000000000000000000025
:10AB30000000000000000000000000000000000015
:10AB40000000000000000000000000000000000005
:10AB500000000000000000000000000000000000F5
:10AB600000000000000000000000000000000000E5
:10AB700000000000000000000000000000000000D5
:10AB800000000000000000000000000000000000C5
:10AB900000000000000000000000000000000000B5
:10ABA00000000000000000000000000000000000A5
:10ABB0000000000000000000000000000000000095
:10ABC0000000000000000000000000000000000085
:10ABD0000000000000000000000000000000000075
:10ABE0000000000000000000000000000000000065
:10ABF0000000000000000000000000000000000055
:10AC00000000000000000000000000000000000044
:10AC10000000000000000000000000000000000034
:10AC20000000000000000000000000000000000024
:10AC30000000000000000000000000000000000014
:10AC40000000000000000000000000000000000004
:10AC500000000000000000000000000000000000F4
:10AC600000000000000000000000000000000000E4
:10AC700000000000000000000000000000000000D4
:10AC800000000000000000000000000000000000C4
:10AC900000000000000000000000000000000000B4
:10ACA00000000000000000000000000000000000A4
:10ACB0000000000000000000000000000000000094
:10ACC0000000000000000000000000000000000084
:10ACD0000000000000000000000000000000000074
:10ACE0000000000000000000000000000000000064
:10ACF0000000000000000000000000000000000054
:10AD00000000000000000000000000000000000043
:10AD10000000000000000000000000000000000033
:10AD20000000000000000000000000000000000023
:10AD30000000000000000000000000000000000013
:10AD40000000000000000000000000000000000003
:10AD500000000000000000000000000000000000F3
:10AD600000000000000000000000000000000000E3
:10AD700000000000000000000000000000000000D3
:10AD800000000000000000000000000000000000C3
:10AD900000000000000000000000000000000000B3
:10ADA00000000000000000000000000000000000A3
:10ADB0000000000000000000000000000000000093
:10ADC0000000000000000000000000000000000083
:10ADD0000000000000000000000000000000000073
:10ADE0000000000000000000000000000000000063
:10ADF0000000000000000000000000000000000053
:10AE00000000000000000000000000000000000042
:10AE10000000000000000000000000000000000032
:10AE20000000000000000000000000000000000022
:10AE30000000000000000000000000000000000012
:10AE40000000000000000000000000000000000002
:10AE500000000000000000000000000000000000F2
:10AE600000000000000000000000000000000000E2
:10AE700000000000000000000000000000000000D2
:10AE800000000000000000000000000000000000C2
:10AE900000000000000000000000000000000000B2
:10AEA00000000000000000000000000000000000A2
:10AEB0000000000000000000000000000000000092
:10AEC0000000000000000000000000000000000082
:10AED0000000000000000000000000000000000072
:10AEE0000000000000000000000000000000000062
:10AEF0000000000000000000000000000000000052
:10AF00000000000000000000000000000000000041
:10AF10000000000000000000000000000000000031
:10AF20000000000000000000000000000000000021
:10AF30000000000000000000000000000000000011
:10AF40000000000000000000000000000000000001
:10AF500000000000000000000000000000000000F1
:10AF600000000000000000000000000000000000E1
:10AF700000000000000000000000000000000000D1
:10AF800000000000000000000000000000000000C1
:10AF900000000000000000000000000000000000B1
:10AFA00000000000000000000000000000000000A1
:10AFB0000000000000000000000000000000000091
:10AFC0000000000000000000000000000000000081
:10AFD0000000000000000000000000000000000071
:10AFE0000000000000000000000000000000000061
:10AFF0000000000000000000000000000000000051
:10B000000000000000000000000000000000000040
:10B010000000000000000000000000000000000030
:10B020000000000000000000000000000000000020
:10B030000000000000000000000000000000000010
:10B040000000000000000000000000000000000000
:10B0500000000000000000000000000000000000F0
:10B0600000000000000000000000000000000000E0
:10B0700000000000000000000000000000000000D0
:10B0800000000000000000000000000000000000C0
:10B0900000000000000000000000000000000000B0
:10B0A00000000000000000000000000000000000A0
:10B0B0000000000000000000000000000000000090
:10B0C0000000000000000000000000000000000080
:10B0D0000000000000000000000000000000000070
:10B0E0000000000000000000000000000000000060
:10B0F0000000000000000000000000000000000050
:10B10000000000000000000000000000000000003F
:10B11000000000000000000000000000000000002F
:10B12000000000000000000000000000000000001F
:10B13000000000000000000000000000000000000F
:10B1400000000000000000000000000000000000FF
:10B1500000000000000000000000000000000000EF
:10B1600000000000000000000000000000000000DF
:10B1700000000000000000000000000000000000CF
:10B1800000000000000000000000000000000000BF
:10B1900000000000000000000000000000000000AF
:10B1A000000000000000000000000000000000009F
:10B1B000000000000000000000000000000000008F
:10B1C000000000000000000000000000000000007F
:10B1D000000000000000000000000000000000006F
:10B1E000000000000000000000000000000000005F
:10B1F000000000000000000000000000000000004F
:10B20000000000000000000000000000000000003E
:10B21000000000000000000000000000000000002E
:10B22000000000000000000000000000000000001E
:10B23000000000000000000000000000000000000E
:10B2400000000000000000000000000000000000FE
:10B2500000000000000000000000000000000000EE
:10B2600000000000000000000000000000000000DE
:10B2700000000000000000000000000000000000CE
:10B2800000000000000000000000000000000000BE
:10B2900000000000000000000000000000000000AE
:10B2A000000000000000000000000000000000009E
:10B2B000000000000000000000000000000000008E
:10B2C000000000000000000000000000000000007E
:10B2D000000000000000000000000000000000006E
:10B2E000000000000000000000000000000000005E
:10B2F000000000000000000000000000000000004E
:10B30000000000000000000000000000000000003D
:10B31000000000000000000000000000000000002D
:10B32000000000000000000000000000000000001D
:10B33000000000000000000000000000000000000D
:10B3400000000000000000000000000000000000FD
:10B3500000000000000000000000000000000000ED
:10B3600000000000000000000000000000000000DD
:10B3700000000000000000000000000000000000CD
:10B3800000000000000000000000000000000000BD
:10B3900000000000000000000000000000000000AD
:10B3A000000000000000000000000000000000009D
:10B3B000000000000000000000000000000000008D
:10B3C000000000000000000000000000000000007D
:10B3D000000000000000000000000000000000006D
:10B3E000000000000000000000000000000000005D
:10B3F000000000000000000000000000000000004D
:10B40000000000000000000000000000000000003C
:10B41000000000000000000000000000000000002C
:10B42000000000000000000000000000000000001C
:10B43000000000000000000000000000000000000C
:10B4400000000000000000000000000000000000FC
:10B4500000000000000000000000000000000000EC
:10B4600000000000000000000000000000000000DC
:10B4700000000000000000000000000000000000CC
:10B4800000000000000000000000000000000000BC
:10B4900000000000000000000000000000000000AC
:10B4A000000000000000000000000000000000009C
:10B4B000000000000000000000000000000000008C
:10B4C000000000000000000000000000000000007C
:10B4D000000000000000000000000000000000006C
:10B4E000000000000000000000000000000000005C
:10B4F000000000000000000000000000000000004C
:10B50000000000000000000000000000000000003B
:10B51000000000000000000000000000000000002B
:10B52000000000000000000000000000000000001B
:10B53000000000000000000000000000000000000B
:10B5400000000000000000000000000000000000FB
:10B5500000000000000000000000000000000000EB
:10B5600000000000000000000000000000000000DB
:10B5700000000000000000000000000000000000CB
:10B5800000000000000000000000000000000000BB
:10B5900000000000000000000000000000000000AB
:10B5A000000000000000000000000000000000009B
:10B5B000000000000000000000000000000000008B
:10B5C000000000000000000000000000000000007B
:10B5D000000000000000000000000000000000006B
:10B5E000000000000000000000000000000000005B
:10B5F000000000000000000000000000000000004B
:10B60000000000000000000000000000000000003A
:10B61000000000000000000000000000000000002A
:10B62000000000000000000000000000000000001A
:10B63000000000000000000000000000000000000A
:10B6400000000000000000000000000000000000FA
:10B6500000000000000000000000000000000000EA
:10B6600000000000000000000000000000000000DA
:10B6700000000000000000000000000000000000CA
:10B6800000000000000000000000000000000000BA
:10B6900000000000000000000000000000000000AA
:10B6A000000000000000000000000000000000009A
:10B6B000000000000000000000000000000000008A
:10B6C000000000000000000000000000000000007A
:10B6D000000000000000000000000000000000006A
:10B6E000000000000000000000000000000000005A
:10B6F000000000000000000000000000000000004A
:10B700000000000000000000000000000000000039
:10B710000000000000000000000000000000000029
:10B720000000000000000000000000000000000019
:10B730000000000000000000000000000000000009
:10B7400000000000000000000000000000000000F9
:10B7500000000000000000000000000000000000E9
:10B7600000000000000000000000000000000000D9
:10B7700000000000000000000000000000000000C9
:10B7800000000000000000000000000000000000B9
:10B7900000000000000000000000000000000000A9
:10B7A0000000000000000000000000000000000099
:10B7B0000000000000000000000000000000000089
:10B7C0000000000000000000000000000000000079
:10B7D0000000000000000000000000000000000069
:10B7E0000000000000000000000000000000000059
:10B7F0000000000000000000000000000000000049
:10B800000000000000000000000000000000000038
:10B810000000000000000000000000000000000028
:10B820000000000000000000000000000000000018
:10B830000000000000000000000000000000000008
:10B8400000000000000000000000000000000000F8
:10B8500000000000000000000000000000000000E8
:10B8600000000000000000000000000000000000D8
:10B8700000000000000000000000000000000000C8
:10B8800000000000000000000000000000000000B8
:10B8900000000000000000000000000000000000A8
:10B8A0000000000000000000000000000000000098
:10B8B0000000000000000000000000000000000088
:10B8C0000000000000000000000000000000000078
:10B8D0000000000000000000000000000000000068
:10B8E0000000000000000000000000000000000058
:10B8F0000000000000000000000000000000000048
:10B900000000000000000000000000000000000037
:10B910000000000000000000000000000000000027
:10B920000000000000000000000000000000000017
:10B930000000000000000000000000000000000007
:10B9400000000000000000000000000000000000F7
:10B9500000000000000000000000000000000000E7
:10B9600000000000000000000000000000000000D7
:10B9700000000000000000000000000000000000C7
:10B9800000000000000000000000000000000000B7
:10B9900000000000000000000000000000000000A7
:10B9A0000000000000000000000000000000000097
:10B9B0000000000000000000000000000000000087
:10B9C0000000000000000000000000000000000077
:10B9D0000000000000000000000000000000000067
:10B9E0000000000000000000000000000000000057
:10B9F0000000000000000000000000000000000047
:10BA00000000000000000000000000000000000036
:10BA10000000000000000000000000000000000026
:10BA20000000000000000000000000000000000016
:10BA30000000000000000000000000000000000006
:10BA400000000000000000000000000000000000F6
:10BA500000000000000000000000000000000000E6
:10BA600000000000000000000000000000000000D6
:10BA700000000000000000000000000000000000C6
:10BA800000000000000000000000000000000000B6
:10BA900000000000000000000000000000000000A6
:10BAA0000000000000000000000000000000000096
:10BAB0000000000000000000000000000000000086
:10BAC0000000000000000000000000000000000076
:10BAD0000000000000000000000000000000000066
:10BAE0000000000000000000000000000000000056
:10BAF0000000000000000000000000000000000046
:10BB00000000000000000000000000000000000035
:10BB10000000000000000000000000000000000025
:10BB20000000000000000000000000000000000015
:10BB30000000000000000000000000000000000005
:10BB400000000000000000000000000000000000F5
:10BB500000000000000000000000000000000000E5
:10BB600000000000000000000000000000000000D5
:10BB700000000000000000000000000000000000C5
:10BB800000000000000000000000000000000000B5
:10BB900000000000000000000000000000000000A5
:10BBA0000000000000000000000000000000000095
:10BBB0000000000000000000000000000000000085
:10BBC0000000000000000000000000000000000075
:10BBD0000000000000000000000000000000000065
:10BBE0000000000000000000000000000000000055
:10BBF0000000000000000000000000000000000045
:10BC00000000000000000000000000000000000034
:10BC10000000000000000000000000000000000024
:10BC20000000000000000000000000000000000014
:10BC30000000000000000000000000000000000004
:10BC400000000000000000000000000000000000F4
:10BC500000000000000000000000000000000000E4
:10BC600000000000000000000000000000000000D4
:10BC700000000000000000000000000000000000C4
:10BC800000000000000000000000000000000000B4
:10BC900000000000000000000000000000000000A4
:10BCA0000000000000000000000000000000000094
:10BCB0000000000000000000000000000000000084
:10BCC0000000000000000000000000000000000074
:10BCD0000000000000000000000000000000000064
:10BCE0000000000000000000000000000000000054
:10BCF0000000000000000000000000000000000044
:10BD00000000000000000000000000000000000033
:10BD10000000000000000000000000000000000023
:10BD20000000000000000000000000000000000013
:10BD30000000000000000000000000000000000003
:10BD400000000000000000000000000000000000F3
:10BD500000000000000000000000000000000000E3
:10BD600000000000000000000000000000000000D3
:10BD700000000000000000000000000000000000C3
:10BD800000000000000000000000000000000000B3
:10BD900000000000000000000000000000000000A3
:10BDA0000000000000000000000000000000000093
:10BDB0000000000000000000000000000000000083
:10BDC0000000000000000000000000000000000073
:10BDD0000000000000000000000000000000000063
:10BDE0000000000000000000000000000000000053
:10BDF0000000000000000000000000000000000043
:10BE00000000000000000000000000000000000032
:10BE10000000000000000000000000000000000022
:10BE20000000000000000000000000000000000012
:10BE30000000000000000000000000000000000002
:10BE400000000000000000000000000000000000F2
:10BE500000000000000000000000000000000000E2
:10BE600000000000000000000000000000000000D2
:10BE700000000000000000000000000000000000C2
:10BE800000000000000000000000000000000000B2
:10BE900000000000000000000000000000000000A2
:10BEA0000000000000000000000000000000000092
:10BEB0000000000000000000000000000000000082
:10BEC0000000000000000000000000000000000072
:10BED0000000000000000000000000000000000062
:10BEE0000000000000000000000000000000000052
:10BEF0000000000000000000000000000000000042
:10BF00000000000000000000000000000000000031
:10BF10000000000000000000000000000000000021
:10BF20000000000000000000000000000000000011
:10BF30000000000000000000000000000000000001
:10BF400000000000000000000000000000000000F1
:10BF500000000000000000000000000000000000E1
:10BF600000000000000000000000000000000000D1
:10BF700000000000000000000000000000000000C1
:10BF800000000000000000000000000000000000B1
:10BF900000000000000000000000000000000000A1
:10BFA0000000000000000000000000000000000091
:10BFB0000000000000000000000000000000000081
:10BFC0000000000000000000000000000000000071
:10BFD0000000000000000000000000000000000061
:10BFE0000000000000000000000000000000000051
:10BFF0000000000000000000000000000000000041
:10C00000555555555555220206050000006CDC02B9
:10C010000000000000000000000000000000000020
:10C020000000000000000000000000000000000010
:10C030000000000000000000000000000000000000
:10C0400000000000000000000000000003000000ED
:10C0500000000000000000000000000000000000E0
:10C0600000000000000000000000000000000000D0
:10C0700000000000000000000000000000000000C0
:10C0800000000000000000000000000000000000B0
:10C0900000000000000000000000000000000000A0
:10C0A0000000000000000000000000000000000090
:04000005080080BDB2
:00000001FF
