:020000040800F2
:10800000100F00209D81000875A2000811A2000831
:108010000000000000000000000000000000000060
:10802000000000000000000000000000C381000804
:108030000000000000000000C58100089DA50008A8
:10804000C9810008C9810008C9810008C9810008E8
:10805000C9810008C9810008C9810008BD9E0008C7
:108060006DAC00084D9C0008C9810008C98100085A
:10807000C9810008C98100080DA7000861A7000890
:10808000A1A7000815A80008C9810008F1A60008EA
:10809000C9810008C9810008C9810008C981000898
:1080A000C9810008C981000811A40008C98100081D
:1080B000C9810008C9810008E59B000800F002F8AA
:1080C00000F040F80CA030C8083824182D18A2463B
:1080D000671EAB4654465D46AC4201D100F032F813
:1080E0007E460F3E0FCCB6460126334200D0FB1A27
:1080F000A246AB463343184788D10000A8D1000000
:10810000103A02D378C878C1FAD8520701D330C8E0
:1081100030C101D504680C607047000000230024C2
:1081200000250026103A01D378C1FBD8520700D3AE
:1081300030C100D50B6070471FB500F033F91FBD8B
:1081400010B510BD01F0E4F81146FFF7F5FF0CF093
:108150000DF901F0FCF803B4FFF7F2FF03BC01F0E6
:1081600031F9000070B505460C46164602E00FCC0A
:108170000FC5103E102EFAD2082E02D303CC03C531
:10818000083E042E07D301CC01C5361F03E0217839
:108190002970641C6D1C761EF9D270BD0E4880F3E8
:1081A00008880E480168090E0D4A914205D10D4814
:1081B0000D4901600D480E49016007480047FEE780
:1081C000FEE7FEE7FEE7FEE7FEE7000009480A4992
:1081D0000A4A0B4B70470000BD80000804000000F5
:1081E0001F000000181002400100000000000140C4
:1081F0000000000010090020100F0020100B0020CC
:10820000100B002001E004C0091F0429FBD28B07DA
:1082100001D50280801CC90700D002707047002978
:108220000BD0C30702D00270401C491E022904D3A0
:10823000830702D50280801C891EE3E70022EEE757
:108240000022DFE7002203098B422CD3030A8B4272
:1082500011D300239C464EE003460B433CD400223E
:1082600043088B4231D303098B421CD3030A8B4250
:1082700001D394463FE0C3098B4201D3CB01C01A1E
:10828000524183098B4201D38B01C01A52414309E9
:108290008B4201D34B01C01A524103098B4201D3D7
:1082A0000B01C01A5241C3088B4201D3CB00C01A44
:1082B000524183088B4201D38B00C01A52414308BC
:1082C0008B4201D34B00C01A5241411A00D20146E1
:1082D0005241104670475DE0CA0F00D0494203107A
:1082E00000D34042534000229C4603098B422DD3C9
:1082F000030A8B4212D3FC22890112BA030A8B4271
:108300000CD3890192118B4208D3890192118B42BF
:1083100004D389013AD0921100E08909C3098B4244
:1083200001D3CB01C01A524183098B4201D38B0187
:10833000C01A524143098B4201D34B01C01A52412A
:1083400003098B4201D30B01C01A5241C3088B426F
:1083500001D3CB00C01A524183088B4201D38B005A
:10836000C01A5241D9D243088B4201D34B00C01AE4
:108370005241411A00D20146634652415B101046F9
:1083800001D34042002B00D54942704763465B1041
:1083900000D3404201B50020C046C04602BD704730
:1083A0007047704770B5064C7C44064D7D4403E031
:1083B000206800198047241DAC42F9D170BD00002F
:1083C000F4CE000050CF00000246C80FC007814322
:1083D0004B0030B54B405B009B0D20D01923DB06D2
:1083E000C91801231B05994220DB0324A407042597
:1083F0001346AB400BD3002B04D1EB0613409B007C
:10840000E34204D401246407002312195941FF23D5
:108410001B0599420BD2C9000143500F09E0CB0262
:1084200004D501430803024305D0054830BDFF21B0
:10843000C905084330BD084607210905884330BDFA
:108440000000C07FF0B50C46871A9C410D46861A85
:108450009D4103D2C01BA141D21963410D0D1F0DD7
:10846000C94EEC1BAE435CD07F057F0D0026002F6C
:1084700051D02D05AC46A943DD020123ED0A1B05B1
:108480001D4320231B1B24D41746E7403818714195
:108490002F46E740CC199D402818314661410C0D0C
:1084A00027D161449A4013D50023401C5941520002
:1084B0000ED14008400001224B005205D34207D3A1
:1084C00005204007C14201D5B04900E0B04930461F
:1084D000F0BD6B00002A00D001229A181F23203C17
:1084E0001B1B01D5002302E0E540281871410C0D4B
:1084F000D7D0012424050919C407CD07400849082D
:10850000E40F28436144002CD5D00024401C614175
:108510009A40D0D1CDE76A05520DD9D1C90FC9070C
:10852000D5E79C4D4E00002801D0012400E0002436
:1085300034195F00002A01D0012600E00026BE1990
:10854000954FAC420CD8AE420AD8B44206D00125B1
:108550006D05EC42BCD010461946F0BD9942FCD0E6
:1085600000203946F0BDF0B51FB40C460F46811A05
:108570009F412546861A9D4106D20125ED076F4091
:10858000401ABC4152187B41210D1E0D8D1BAC467B
:108590007D4D8D437ED075056D0D7CD00D05AE46AD
:1085A000AC431B031B0B794D52429D412023664671
:1085B0009B1B14D31746F7403818002600907441CF
:1085C00060462F460741E41900989D4028186641EF
:1085D00016D4714671189A4025D5012320E09318CE
:1085E0002A466A415200002B00D0521C1E23203E16
:1085F0009B1B002B61DD3541EE1728186641E8D53D
:10860000001876415B1C9A4000D3401C4B05F318C0
:108610001524E34010D3002B52D071467118D30FAC
:10862000C01802D3491C05B0F0BD0123DB079A42F4
:10863000F9D140084000F6E701225205B21801D1F5
:10864000002853D00123CC0ADB029943891E002A5B
:1086500008D1020C03D0020C0004103902E00246DB
:10866000002020390023550B05D112020823550B99
:1086700001D152010D23550C01D112011B1DD50C46
:1086800001D192009B1C150D01D152005B1C2025CD
:10869000EE1A01E02CE022E00546F5401543984033
:1086A000CA1AE10769181305C918002ABBDA0320A2
:1086B00040070818C10FC9070FE071466118B2E7FB
:1086C000F10740080843711071444A000CD001239F
:1086D0005B059A42A7D2C90FC9070020A3E7490545
:1086E000490D26D1002001E00028F4D100219AE7AD
:1086F000284D6600002801D0012100E000217118FA
:108700005F00002A01D0012600E00026BE19224F9A
:10871000A94210D8AE420ED8B14208D001256D054D
:10872000E94206D01946A802414010467BE79C4228
:1087300001D0214677E70020394674E710B50C4692
:108740005C4005D50124E4076340FFF70CFF10BD32
:10875000FFF778FE10BD30B40C465C4004D5012410
:10876000E407634030BC6DE630BCFCE670B5012424
:10877000E40761400D465D4002D4FFF763FE70BD23
:108780006340FFF7F0FE70BDFF0700000000F0FF40
:108790000000F07F0000E0FF0000F87FF0B5F94D29
:1087A0000C091E092C402E402F468BB0A7437DD0CC
:1087B000B543FCD0002E7AD0002CFCD00D465D4095
:1087C000ED0F2543AC1BFF25AD0464190894C502C9
:1087D000440DC9022143500DDC0204430120C007AF
:1087E00001430443D2020191200C110C00958C46E8
:1087F000010423468B430A9161460904E24D8A43F2
:108800000991010A7D4449198039097805464D438B
:1088100001266D18F605751B6943C90C640B891C8C
:108820004C436418B5012C1B250C2E04B4434C4357
:108830004D43210C691889090591009DE90701D074
:108840000121C90704912C4601996708CD072F43E0
:108850004C08059DE10B4D432D0C2946664675439A
:1088600002950D4645432E46029D7D1BB441009561
:108870000D465D4301942C0C2F040D465543AE4626
:108880002D0C3D43029503947546049C2D04641BF6
:10889000049406D2029C039D641C00267541039536
:1088A000029401AC70CC009F7D1B01E03EE162E1CF
:1088B000B44109040095079101940599A408614306
:1088C000090C0C464443650BE7040C4666467443AA
:1088D000A646640B3C43039502947446049DE4044D
:1088E0002C1B049406D2029C039D641C0026754137
:1088F0000395029401AC70CC009F7D1BB4410194A0
:108900000C465C430095650FE7000C465443A646B1
:10891000640F3C43039502947446049DE4002C1BB1
:10892000049406D2029C039D641C002675410395A5
:10893000029401AC70CC009F7D1BB441AE09AF0620
:10894000049DC900AD092F43049DA406AD060495FE
:10895000079D344369180791059DE10B4D432D0C8C
:1089600029466646754302950D4645432E46029DAF
:108970007D1BB44100950D465D4301942C0C2F04E2
:108980000D465543AE462D0C3D4302950394754666
:10899000049C2D04641B049406D2029C039D641C59
:1089A000002675410395029401AC70CC009F7D1B9D
:1089B000B44101948C050694079C890A61180095BE
:1089C0000791019C0599A4086143090C0D46454394
:1089D000680BEF040D46644665436C0B3C43049FF3
:1089E000ED047D1BAC4602D20025641C6841009E4C
:1089F000019D371B85410846584301950C46460F9B
:108A0000C5005443600F28436546E4002C1B02D286
:108A10000025401C6E41019D3F1AB5412846BD0905
:108A2000800628438446A009BF064E020699A40684
:108A300076180743079D002068410A99079019435B
:108A40000020099B00906046FF1913434041E20F4C
:108A500064003A43A4460446D71A8C41A04203D985
:108A60000120009020463A46C70F941840416246C4
:108A7000D20F2243644664000494009CBE46640006
:108A8000D71AA446044602978C417746002F01D19D
:108A9000A04204D96046401C8446029A2046C40F76
:108AA000A64694184041049A0546D20F22436446D4
:108AB0006400D31A8D417146002901D1A84202D920
:108AC00028461A46641C10430122002800D0164391
:108AD00061020020079B891904465C410223002C97
:108AE00002DB491813466441089DCE0A2D145D1916
:108AF0004B056705E10A2C050D1908993E43C90786
:108B00006940002B08D0934006D30022761C5141C7
:108B1000002B01D1760876001C4A002D43DB15425C
:108B200041D0AA433FD030460BB0F0BD06180D46E9
:108B30004D41174C7642AC411AD395181C465C4106
:108B4000134A6D42A24113D3012252054C00D44274
:108B50000AD15C00D4420BD04B4002D592021143A3
:108B6000E2E749004908DFE75940C90FC90718E0A3
:108B700000200849D8E7054801420DD10342F7D04B
:108B8000F2E700000000FF07B8C900000000F07F16
:108B90000000E0FF0000F87F114859400143C01277
:108BA00041400020C0E70123089A9B069A4205DC59
:108BB000032252078918C90FC907B5E705225207D2
:108BC0008918074A1143D2125140ADE770B51546D6
:108BD0001C4602460B4628462146FFF7DFFD70BDC6
:108BE000FFFFFF7F30B50346CA02400D1043164D0C
:108BF000164C0A1502D02043002A06DBAA1A002AC6
:108C000012DDD040FF2A0BDC30BD5205520D01D1E0
:108C100040004008AA1A07D4D0404042FF2A01DD94
:108C2000002030BD0028FCDD4A00002B01D00120CF
:108C300000E00020101801225205D042F0D8C817D9
:108C4000C043604030BD00001E04000000000080F2
:108C50000346CA02400D10B510430A1504D0012482
:108C6000E4072043002A05DB0A4CA21A04D4D040B2
:108C7000FF2A00DD002010BD4A00002B01D001209A
:108C800000E00020101801225205D042F2D8C81787
:108C9000C04310BD1E0400001F22030C02D10F228E
:108CA000000402D0030E03D004E000200146704708
:108CB0000002083A030F01D10001121F830F01D1F6
:108CC0008000921E002801DB4000521E1205511840
:108CD0004205C012411810467047C10FC90700D0A5
:108CE0004042012292071143D6E701218907D3E7C9
:108CF000F0B58B4C0F09254689B0BD437BD01D09CB
:108D00002646AE43FAD00E465E402740F60F3E435D
:108D1000254071D024012142FBD0FF24AD19A404C9
:108D20002D1B039501252D05DB02DB0AC9022B4310
:108D3000C90A29431E010901040F130F050121432C
:108D40001701880B820391432D098C46A90B1E4302
:108D50008A039543B30B9A0396433F09BA0B9403D6
:108D6000A74302962E467E430497B6464E19D7195E
:108D70000C460196544305977E43371B7646BF1B2E
:108D80003601B646BE0B361900967646BC04371936
:108D9000009C01D3641C00946400002F01D00126C4
:108DA0003443029E049F754366467E4304967600D4
:108DB00034196E0034190094029C019E1C196643FC
:108DC000751BAE46069465464519059C05956C4392
:108DD000594375460891691A0191049E0146514311
:108DE000A41B0491611A009C0791E10605D061095A
:108DF0000122114302E072E06EE06109089D002744
:108E00002C0A2D066918049D7C412A0A2D06691832
:108E1000019D6241AC0DAD026D185441079A910D50
:108E2000920255196141029A644658435443069B85
:108E3000059A5A43121A131B9A0E9B015B187A412A
:108E4000010B0005C3185141220A200644195A415A
:108E50009A4200D2491C01204002814203D31523CB
:108E60000226F64302E014230326F6432020C51A07
:108E7000A9401746AF40DA400A4320460399D8403C
:108E80000914731819055118039A3843D207514031
:108E9000AC4009D00122944006D30022401C51412D
:108EA000002C01D1400840001E4A934212D30122F7
:108EB00003989206904207DB0520400709181A48DC
:108EC0000143C012414004E0032040070818C10FCD
:108ED000C907002009B0F0BD0020F107FAE7051826
:108EE0000C464C4111486D42A04115D394181A46C6
:108EF0005A410E48644290410ED301204A00400579
:108F0000824209D35A00824206D35940C90F084A07
:108F1000C90700201143DDE700200649DAE7000019
:108F20000000FF07FE070000FFFFFF7F0000E0FFDB
:108F30000000F07F0000F87F0121C90501234118DE
:108F400042001B06D3185B0E0AD0C1100722D206BE
:108F5000891840075242D14201D552008918704702
:108F6000090208D50146002A03D0C10FC907002015
:108F7000704710467047420202D0002002497047F5
:108F8000072109050143F4E70000F87FF0B5FF254C
:108F90002D04C609C209FF2704462E400137CB091C
:108FA0003E4348402A402B400746002A6BD0002B06
:108FB00069D0AA4267D0AB4265D0002800DA3246B9
:108FC0000125ED0529432C4309022002090AD21A82
:108FD0004B0C7F24E31A434C000A7C44E35C7D2461
:108FE0002404121914145B00A218884201D3521CE5
:108FF00000E0400049420C465C4324115C43DB0125
:109000006415E318040A5C43C502200D0C46444372
:109010006419250A5D432303EC0C0D4665430003E8
:109020000019EB184C42A34201D35B18401CD40535
:109030002018002B07D05B00C91804D3401C00295E
:1090400001D1400840003F2189048A4209D3002A07
:1090500008DC1106090F04D0032149074018C00F8E
:10906000C007F0BD01224100120689187F22520676
:109070009142F6D205214907C84201D59010F0BDB2
:10908000FF20C005F0BD002F00DA32461648AA4284
:1090900007D2AB4205D21902090E17D0F80FC0074C
:1090A000F0BDFF2563002D06AB42F9D84900A94267
:1090B000F6D8AB4201D1A942F2D0A94201D1002198
:1090C00001E061004908D0050843F0BD1102090E16
:1090D000FBD0FF200243D005F0BD0A4601461046F2
:1090E00054E7000062C200000000C07F10B50146D6
:1090F0009E240002CA15A307002A02D01843002AA2
:1091000004DBA21A002A0CDDD04010BD1206120E9C
:1091100001D140004008A21A03D4D04040420028A8
:10912000F3DDFF2248001206904201D9002010BD55
:10913000C817C043584010BD0102C21504D0012316
:10914000DB071943002A0ADB9E239A1A02D4084639
:10915000D0407047FF2241001206914201D9002001
:109160007047C017C04370471F22030C02D10F2263
:1091700000041CD0030E01D10002083A030F01D1F4
:109180000001121F830F01D18000921E002801DB15
:109190004000521ED2055118021251181922904057
:1091A00004D3491C002801D14908490008467047EA
:1091B000C10FC90700D04042012292071143D3E7F3
:1091C00001218907D0E70000F8B5224C4E00069D2A
:1091D000A6420AD8A64201D1002806D15E00A642C6
:1091E00003D8A6420AD1002A08D00D24240425421F
:1091F0002CD02946002000F061F8F8BD0C461C4335
:109200000CD4994202D0EFF30080F8BD904202D016
:10921000EFF30080F8BDEFF30080F8BD09242407C8
:10922000E5008B4206D0EFF30080A043591A06D226
:10923000284304E0101A05D3EFF30080A04380F325
:109240000088F8BDEFF30080A043F1E7009500F03F
:109250004DF8F8BD0000E0FF10B5FF231B064400E9
:109260009C421DD84C009C421AD80346124A0B431C
:1092700007D4401A02D3EFF3008010BDEFF3008053
:1092800010BD081A06D2EFF3008001219043C907F0
:10929000084302E0EFF30080904380F3008810BDA4
:1092A0000D231B041A4204D01146002000F006F8DA
:1092B00010BD00F025F810BD00000090C80212D5C6
:1092C0004803400F002804D0C803C0430121884050
:1092D0007047EFF3008000010009032109070843EC
:1092E00080F30088704700207047000010B5002010
:1092F0000249029A00F033F810BD00000000F87F28
:1093000010B5024800F02BF810BD00000000C07F2F
:10931000754600F053F8AE46050069465346C0084E
:10932000C000854618B020B5FEF750FF60BC00278E
:109330004908B6460026C0C5C0C5C0C5C0C5C0C521
:10934000C0C5C0C5C0C5403D49008D46704710B579
:109350000446C046C0462046FEF7FDFE10BD10B5CF
:109360000C461107090F092904D00A290AD0082937
:109370000CD104E011460820FFF7A0FF06E05106DB
:1093800006D501E0510601D50120C007214610BDD8
:10939000D10607D501010909CC084907000E0006CE
:1093A000044309E0410F20024907000A0143200E4F
:1093B00000061D22D14101430846E7E700487047F7
:1093C000B008002001491820ABBEFEE726000200CD
:1093D000704710B50B460021846A1C43846200BFAD
:1093E0000C4614432146416110BD002904D0826817
:1093F00001231A43826003E0826802231A438260D9
:109400007047002904D0C26801231A43C26003E0F8
:10941000C26852085200C2607047C26802239A4371
:10942000C260C2680A43C2607047000010B50446BB
:109430000548844207D10121401500F0A3FF002117
:10944000601500F09FFF10BD0024014030B50146BB
:109450000020002200238C680125ED072C438C603E
:1094600000BF8C68E30FDB07521C0F242403A242C9
:1094700001D0002BF5D18C68E40FE407002C01D15A
:10948000086C00E0002030BD30B50246002000230B
:10949000012424060C40002C05D0946801252D06DB
:1094A000AC43234600E013681C460C40002C01D05E
:1094B000012000E0002030BD10B50022C268084B3A
:1094C0001A400C7964030B6823438C682343CC68EF
:1094D00023430C6923434C6923431A43C26010BDE4
:1094E00003D2FFFF8168042211438160704700218D
:1094F000016001718160C1600161416170470000DC
:10950000002807D0074989680122D2051143054A7E
:10951000916006E0034989680122D2059143014A1E
:109520009160704700270140002807D007498968EB
:10953000012212061143054A916006E00349896839
:10954000012212069143014A9160704700270140B1
:10955000002807D007498968012292051143054A6E
:10956000916006E003498968012292059143014A0E
:109570009160704700270140002904D0012907D0DD
:10958000022911D10AE0826880231A4382600CE02C
:1095900082680123DB031A43826006E082680123AC
:1095A000DB051A43826000E000BF00BF7047000087
:1095B00010B501235B02CA1A994242D010DC20295F
:1095C00030D006DC012924D0042925D0082948D12F
:1095D00025E0402929D0CA1FF93A002A41D12DE0BF
:1095E0003F246402131BA24236D009DCFF3AFF3A43
:1095F000023A002A28D001239B02D21A31D126E058
:109600000122D2039A1A13D001231B04D21A28D1A3
:1096100011E0154A826025E00822C26022E0102293
:10962000C2601FE0082202611CE01022026119E002
:109630000822426016E01022426013E004224260D9
:1096400010E0042242600DE0042242600AE00022A1
:1096500082610422426005E00022826104224260AD
:1096600000E000BF00BF10BD0101010010B50446BD
:109670000121480600F066FE00210120400600F0AE
:1096800061FE10BD70B504460D4600266069284095
:1096900000286FD0FF210131681A8D4264D010DCA0
:1096A000082D3DD006DC012D28D0022D2CD0042D14
:1096B0007BD12FE0102D39D0202D3DD0402D74D1FD
:1096C00040E07F221202811A904268D00DDCFF3800
:1096D000013800284FD0FF38FF380238002850D01A
:1096E00001218902401A60D151E00120C003081A0B
:1096F0002ED001210904401A57D12FE0A0682E492D
:1097000001F0B8FB064652E0E068032101F0B2FB2D
:1097100006464CE0E068082101F0ACFB064646E056
:10972000E068102101F0A6FB064640E02069032115
:1097300001F0A0FB06463AE02069082101F09AFBFF
:10974000064634E02069102101F094FB06462EE025
:109750006068082101F08EFB064628E06068102151
:1097600001F088FB064622E0A069012101F082FB9E
:1097700006461CE01CE0A069022101F07BFB0646C6
:1097800015E0A069042101F075FB06460FE0A06911
:10979000702101F06FFB064609E006E0FFE7606814
:1097A000042101F067FB064601E0002600BF00E04F
:1097B0000026304670BD00000101010030B50246B0
:1097C0000020002314680225AC43146014680125AE
:1097D0002C43146000E05B1C5468E407E40F002C89
:1097E00002D13C4CA342F6D15468E407E40F002CAC
:1097F00001D100206DE08C79012C04D11468802502
:109800002C43146003E014688025AC431460CC79C9
:10981000012C04D1146840252C43146003E0146823
:109820004025AC4314600C7A012C04D11468202527
:109830002C43146003E014682025AC4314604C7A78
:10984000012C04D1146810252C43146003E0146823
:109850001025AC4314608C7A012C04D114680825BF
:109860002C43146003E014680825AC431460CC7AE0
:10987000012C04D1146804252C43146003E01468FF
:109880000425AC4314608C78A407CD782D062C43B6
:109890000D792D042C434D792D052C430D886D1E1B
:1098A0002C43D4611468640864001460002300E051
:1098B0005B1C5468E407E40F002C02D0054CA34263
:1098C000F6D15468E407E40F002C01D0002000E03A
:1098D000012030BDFFFFFF0010B50C010346FF3330
:1098E000B1331B59042423401372137A002B07D180
:1098F0000C010346FF33B1331B595B0D136006E0C7
:109900000C010346FF33B1331B59DB0853600C01D4
:109910000346FF33B1331B590224234053720C0119
:109920000346FF33B133E3185B681B071B0F9372C9
:109930000C010346FF33B133E3185B681B041B0EB5
:10994000D3740C010346FF33B133E3189B68D37221
:109950000C010346FF33B133E3189B681B041C0E54
:1099600014730C010346FF33B133E3189B681B02E9
:109970001C0E54730C010346FF33B133E3189B688C
:109980001B0E93730C010346FF33B133E318DB68FE
:10999000D3730C010346FF33B133E318DB681B04B8
:1099A0001C0E14740C010346FF33B133E318DB685B
:1099B0001B021C0E54740C010346FF33B133E31831
:1099C000DB681B0E9374002904D1C3682024234351
:1099D000C36003E0036920242343036110BD002119
:1099E0008171C171017241728172C1728170C170E5
:1099F000032101710221417101210180704730B5BD
:109A00000246002093680124A4062340A34200D10B
:109A100010E093680124E4062340A34201D1012011
:109A200008E09368012424072340A34201D10220C7
:109A300000E0042004287BD004011346FF33813367
:109A40001B59DC07E40F05011346FF3381335C51DA
:109A50000B7A002B0FD10B885B054C7A2343050151
:109A60001446FF3481346459234305011446FF34FE
:109A70008134635110E04B68DB000C7A23434C7A4D
:109A8000234305011446FF348134645923430501FF
:109A90001446FF34813463518B7A1B071B0F8B7282
:109AA00004011346FF338133E3185B681C0924016A
:109AB00005011346FF338133EB185C600401134644
:109AC000FF338133E3185B688C7A23430501144626
:109AD000FF3481342C1963608B7B1B064C7B240480
:109AE00023430C7B24022343CC7A234305011446F1
:109AF000FF3481342C19A3608B7C1B064C7C24041E
:109B000023430C7C24022343CC7B234305011446CE
:109B1000FF3481342C19E36004011346FF33813391
:109B20001B590124234305011446FF34813463513A
:109B300030BD000010B502460023002904D00129E1
:109B400007D002290FD109E09068204C204003463D
:109B50000BE090681E4C2040034606E090681D4CC8
:109B60002040034601E0002300BF00BF1A4C181B31
:109B7000A3421BD008DC002B14D01848181800286A
:109B800012D002281CD115E0FF38FF380238002817
:109B900012D0134C001900280AD001246404001BC1
:109BA0000ED10BE002230DE000230BE0002309E0BF
:109BB000002307E0012305E0012303E0012301E086
:109BC000002300BF00BFD8B210BD00000300000496
:109BD000000300080000031000010008FFFFFFFB66
:109BE0000003FFF710B502211548FFF74BFD0128D0
:109BF0000FD1012113480170C21FFD3A0021104806
:109C0000FFF76AFE104803F0F3FE02210C48FFF74D
:109C1000CFFC10210A48FFF735FD01280ED10121A4
:109C200008480170C21FFD3A0548FFF755FE064877
:109C300003F0DEFE10210248FFF7BAFC10BD000061
:109C400000640040840800206407002010B5022052
:109C500000F0EEF8002867D0022000F069F83348E1
:109C6000808E001D81B23148818600200FE02F498F
:109C700040390A6FC1004118491D4B002B49BC39BE
:109C8000C95A5218294940390A67411CC8B20428E8
:109C9000EDDB012109030920C00600F099FA002834
:109CA00042D100BF3EE021494039CA6DC100411890
:109CB000491C4B001D49BC39C95A52181B4940392F
:109CC000CA650A6EC1004118891C4B001749BC398E
:109CD000C95A5218154940390A664A6EC1004118DE
:109CE000C91C4B001149BC39C95A52180F49403997
:109CF0004A668A6EC1004118091D4B000B49BC39E8
:109D0000C95A5218094940398A66CA6EC1004118B9
:109D10004B000649BC39C95A521804494039CA6631
:109D2000411CC8B20428BEDB10BD00008402002024
:109D3000014948607047000000000240002904D03B
:109D4000026801231A43026003E00268014B1A40D3
:109D500002607047FEFF00000168334A1140016055
:109D60000021016041608160C1603049884208D1B2
:109D70002E49083949680F2211432C4A083A51608C
:109D800051E02A491431884208D1284908394968E4
:109D9000F0221143254A083A516044E02349283112
:109DA000884209D12149083949680F22120211431A
:109DB0001E4A083A516036E01C493C31884209D1BC
:109DC0001A49083949680F2212031143174A083A01
:109DD000516028E015495031884209D113490839AA
:109DE00049680F2212041143104A083A51601AE0E0
:109DF0000E496431884209D10C49083949680F225B
:109E000012051143094A083A51600CE007497831BC
:109E1000884208D10549083949680F2212061143C2
:109E2000024A083A51607047FEFF000008000240F5
:109E300001460020044A12680A40002A01D001208D
:109E400000E000207047000000000240002A03D01C
:109E500003680B43036002E003688B4303607047B1
:109E600010B5002202680D4B1A400C6A8B68234320
:109E70000C6923434C6923438C692343CC692343F6
:109E80004C6A23438C6A23431A430260CB684360C5
:109E90000B6883604B68C36010BD00000F80FFFF3C
:109EA0000021016041608160C160016141618161A7
:109EB000C1610162416281627047000010B50120FA
:109EC000400300F007F801200149C87110BD0000EF
:109ED0006805002001494861704700000004014006
:109EE000002120498279002A35D00A461268036889
:109EF0009A430B461A600A46526803689A430B4617
:109F00005A60027951180A6803681A430A60154AB0
:109F1000926803689A43134B9A601A46D2680368A2
:109F20009A43104BDA604279102A0CD11A46926893
:109F300003681A430B4B9A601A46D26803681A43A7
:109F4000084BDA600DE00749427951180A68036846
:109F50001A430A6005E0027951180A6803689A43B7
:109F60000A6070470004014030B5044604250B2008
:109F7000000400F0AFF80546042D17D10C48006925
:109F8000022108430A4908610846446100694021EA
:109F90000843074908610B20000400F09BF80546C0
:109FA000034800690221884301490861284630BD01
:109FB0000020024004200D49C968C907C90F0029C3
:109FC00001D0012010E00949C96810221140002980
:109FD00001D0022008E00549C96804221140002987
:109FE00001D0032000E00420704700000020024060
:109FF0000348006980210843014908617047000057
:10A0000000200240002806D00649096810221143AA
:10A01000044A116005E00349096810229143014A8E
:10A02000116070470020024078B506460C460425B2
:10A03000002000900B20000400F04CF80546042D91
:10A0400024D1134800690121084311490861348073
:10A050000B20000400F03EF80546042D10D1B01C82
:10A060000090200C009908800B20000400F032F8CA
:10A07000054607480069400840000549086105E0B9
:10A08000034800694008400001490861284678BD3E
:10A090000020024001460020044A106840084000A9
:10A0A00002460A431046014A1060704700200240F1
:10A0B0000548006980210840002804D0034802496F
:10A0C000486003484860704700200240230167450C
:10A0D000AB89EFCD10B503460424FFF76BFF0446B0
:10A0E00003E0FFF767FF04465B1E012C01D1002B44
:10A0F000F7D1002B00D10524204610BDF0B50A464B
:10A1000000210023002400BF3DE001258D402B46A7
:10A1100015681D402C469C4234D11579012D02D082
:10A120001579022D16D185684F000326BE40B54330
:10A13000856055794E00B5408668354385608588D1
:10A1400001268E40B5438580858896798E40B6B2CB
:10A150003543858005684F000326BE40B543056042
:10A1600015794E00B540066835430560C5684F0057
:10A170000326BE40B543C560D5794E00B540C668DC
:10A180003543C560491C1029BFD3F0BDF0B500238D
:10A1900000244D07EE0E1546B5402B46CD10AE00FF
:10A1A00005462035AD594E07F70E0F26BE40B54384
:10A1B000CE10B60007462037BD51CD10AE003D464B
:10A1C000AD591D432C46CD10AD003E467451F0BD37
:10A1D00002460020138A0B40002B01D0012000E032
:10A1E0000020704701857047816170470449016014
:10A1F000002101710121417100218171C1717047FC
:10A20000FFFF0000002A01D0816100E00185704756
:10A2100000BFBFF34F8F04480449C860BFF34F8F9E
:10A2200000BF00BFFEE700000400FA0500ED00E0FB
:10A230000148024908607047CCCC00000030004063
:10A240000148024908607047AAAA00000030004097
:10A2500001494860704700000030004001498860B3
:10A26000704700000030004001490860704700005E
:10A27000003000407047000000218278002A27D07B
:10A28000184A03231B02D21803789B109B00D15855
:10A2900002789207D30EFF229A400B469343194649
:10A2A00042789207120E03789B07DB0E9A40114307
:10A2B0000C4A03231B02D21803789B109B00D15039
:10A2C0000278D306DB0E01229A40064B1A6007E0A3
:10A2D0000278D306DB0E01229A40024B80331A60CB
:10A2E0007047000000E100E005490969042291433C
:10A2F000034A1161012801D130BF00E020BF70473F
:10A3000000ED00E0002905D0054A52690243044BE4
:10A310005A6104E0024A52698243014B5A61704714
:10A3200000100240002905D0054AD2690243044BBF
:10A33000DA6104E0024AD2698243014BDA61704774
:10A3400000100240002905D0054A12690243044B5F
:10A350001A6104E0024A12698243014B1A61704794
:10A3600000100240002905D0054A92690243044BBF
:10A370009A6104E0024A92698243014B9A617047F4
:10A3800000100240002905D0054AD2680243044B60
:10A39000DA6004E0024AD2688243014BDA60704717
:10A3A0000010024010B50246002100230020511188
:10A3B000002902D10C4C23680BE0012902D10A4C80
:10A3C000236A06E0022902D1074C636A01E0064CC9
:10A3D000636BD106C90E01248C401C40002C01D0B7
:10A3E000012000E0002010BD00100240002806D02F
:10A3F0000649496A01221143044A516205E00349B2
:10A40000496A49084900014A5162704700100240F8
:10A4100010B56021054800F023F8002804D0034857
:10A4200000F03AF8044600BF10BD000000380040BC
:10A43000002904D0028840231A43028003E00288E6
:10A44000014B1A4002807047BFFF00000246002007
:10A4500013890B40002B01D0012000E00020704741
:10A46000F0B5024600200024002300250F073F0F0F
:10A470000126BE40B4B20B1101269E40B3B29688AD
:10A480001E40354616892640002E03D0002D01D0EF
:10A49000012000E00020F0BD0146888970470000DF
:10A4A00010B500220288C1239B011A400B88CC8979
:10A4B0002343CC8823430C8923434C8923438C8931
:10A4C00023431A4302808288084B1A408B881A4320
:10A4D00082800B8A03820288054B1A404B881A43FC
:10A4E0000280838B034C2340838310BDFFF0000068
:10A4F000FBFF0000FFF70000014600220A460C3275
:10A50000107870478288034B1A40828082880A4301
:10A5100082807047FFEF0000002202460C3211706B
:10A5200070470021018041800721090281800021BC
:10A53000C180018141818181C181072101827047F0
:10A5400030B500228B071C0F0F23A3401A460B4B7C
:10A550008C10A4001B599343084C8D10AD0063511F
:10A5600023468C10A4001B598C07250F0446AC40D1
:10A570002343024C8D10AD00635130BD08000140F3
:10A5800001460020044A10688008800002460A4301
:10A590001046014A106070470000014000B50248B3
:10A5A00003F039FB00BD0000A4010020F8B5002530
:10A5B000002400260027274840680C210840054653
:10A5C000002D06D0042D08D0082D0AD00C2D2ED138
:10A5D00029E02148214908602DE021481F490860F1
:10A5E00029E01C4840680F218904084004461948A6
:10A5F00040680321C90308400646A00C841C002EB5
:10A6000004D118486043154908600BE01148C06A3E
:10A610000007000F471C39461148FDF713FE604341
:10A620000E49086007E010480C49086003E00A483A
:10A630000A49086000BF00BF06484068F021084092
:10A6400000090A490D5C05480068E84003490860B4
:10A65000F8BD00000010024000127A000001002046
:10A660000024F40000093D00006CDC026849010888
:10A6700010B51B48006801210843194908600846C5
:10A68000406818490840164948600846006816495D
:10A69000084013490860084600680121890488437E
:10A6A0000F490860084640687F21C90388430C4968
:10A6B00048600846C06A00090001C8620846006B8D
:10A6C000FF2154318843064908630846406B074917
:10A6D0000840034948630020886000F05FFB10BD1C
:10A6E000001002400CB8FF80FFFFF6FEFEFFFEFFE9
:10A6F00010B50221044800F0E4F8002803D002213C
:10A70000014800F0BBF810BD0020004010B510213A
:10A71000114800F0D6F800281DD010210E4800F096
:10A72000ADF80121C9020920C006FFF751FD00283C
:10A7300001D0012000E000200849C8730846C17B11
:10A7400008F060FD0548807BFF2804DA0348807B21
:10A75000401C0249887310BD002C0140D802002023
:10A7600010B50821C80600F0ACF8002812D0082166
:10A77000C80600F083F808210748FFF729FD0028E4
:10A7800005D106480088401C0449088002E00020EA
:10A790000249088010BD000000040048400300206A
:10A7A00010B50421184800F08CF8002812D00421BC
:10A7B000154800F063F820211448FFF709FD002830
:10A7C00005D11348008B401C1149088302E000208A
:10A7D0000F49088308210C4800F073F8002812D0B4
:10A7E0000821094800F04AF820210848FFF7F0FC4A
:10A7F000002805D10648408B401C0549488302E0EB
:10A8000000200349488310BD0004004000040048B4
:10A810001C03002010B50121074800F052F8002861
:10A8200008D00121044800F029F8012003490870EC
:10A830000349087010BD0000001000400501002011
:10A84000A4010020002904D0028880231A4302803A
:10A8500003E00288014B1A40028070477FFF00002E
:10A86000002904D0828801231A43828003E0828871
:10A87000014B1A4082807047FEFF0000CA430282EB
:10A8800070470000002904D0028801231A43028087
:10A8900003E00288014B1A4002807047FEFF00006F
:10A8A000002907D04422125A0123DB031A43442310
:10A8B0001A5205E04422125A53045B0C44221352EC
:10A8C000704730B50246002000230024158A0D4051
:10A8D0002B4695890D402C46002B03D0002C01D02F
:10A8E000012000E0002030BD70B505460C462088F0
:10A8F00000280AD12389A2886188284600F0C0F97F
:10A90000E188284600F03EF925E0208804280AD195
:10A910002389A2886188284600F0CEF9E18828467C
:10A9200000F03AF917E0208808280AD12389A28884
:10A930006188284600F0E6F9E188284600F038F9F9
:10A9400009E02389A2886188284600F0FFF9E188A0
:10A95000284600F037F970BD0021018041800121B7
:10A9600081800021C18001817047002A03D0838942
:10A970000B43838102E083898B438381704700000E
:10A9800070B5002400220023058C1C4E3540058440
:10A99000028C8388048B194D6F3D2C40B51E2C40D2
:10A9A0000D882C43751E2A408D892A434D882A43E1
:10A9B000134DA84208D0134DA84205D0124DA8420D
:10A9C00002D0124DA84212D10C4DED1F2A40CD8964
:10A9D0002A430A4DED1E2A408D882A43074DFF3D2C
:10A9E0002B400B4D2B400D8A2B434D8A2B438380EC
:10A9F00004838D684563028470BD0000FEFF000083
:10AA0000002C01400040014000440140004801404A
:10AA1000FFFD00000A460021018B034B19400B4645
:10AA20001343194601837047F7FF000070B50024F7
:10AA300000220023058C214E35400584028C83883A
:10AA4000048B1F4D2C401F4D2C400D782D062D0CD6
:10AA50002C431A4D103D2A408D892D052D0C2A437B
:10AA60004D882D052D0C2A43174DA84202D0174DB5
:10AA7000A8421CD1164D2B400D8AAD042D0C2B4342
:10AA8000114DA84213D10D4D703D2A40CD892D05A1
:10AA90002D0C2A43094D303D2A408D882D052D0C63
:10AAA0002A430C4D2B404D8AAD042D0C2B43838043
:10AAB00004838D688563028470BD0000EFFF000091
:10AAC000FF8F0000FFFC0000002C0140004001400F
:10AAD000FFFB0000FFF7000070B5002400220023F8
:10AAE000058C1C4E35400584028C8388848B194D5F
:10AAF00090352C40174DFD352C400D882C43164DBC
:10AB00002A400D7B2D062D0C2A438D782D062D0C09
:10AB10002A43124DA84217D1114D2A408D7B2D0694
:10AB20002D0C2A430F4D2A400D792D062D0C2A435A
:10AB30000D4D2B400D4D2B400D8A2D052D0C2B431B
:10AB40004D8A2D052D0C2B43838084838D68C5632E
:10AB5000028470BDFFFE0000FFFD0000002C0140DC
:10AB6000FFF70000FFFB0000FFEF0000FFDF000029
:10AB7000002101804180818081608181C1810182C9
:10AB800041827047028B034B1A400283028B0A43B7
:10AB900002837047F3FF0000028B044B1A400283CC
:10ABA000028B0B061B0C1A4302837047FFF3000055
:10ABB000828B034B1A408283828B0A4382837047C5
:10ABC000F3FF0000828B044B1A408283828B0B06BA
:10ABD0001B0C1A4382837047FFF300000022028897
:10ABE000154B984206D001239B07984202D0134B85
:10ABF000984203D1124B1A404B881A43114B98428A
:10AC000003D0114B1A400B891A4302804B68C36270
:10AC10000B880385084B984208D00C4B984205D00E
:10AC20000B4B984202D00B4B984201D18B7A038692
:10AC30000123838270470000002C01400004004083
:10AC40008FFF000000100040FFFC000000400140AA
:10AC500000440140004801400021C94341600021F7
:10AC60000180018141808172704700000348806843
:10AC700003210843014988607047000000400240FA
:10AC8000F0B50C4600210025068C0A4F3E40068494
:10AC9000018B058C074EF23E31401E05360C1643E3
:10ACA0003143044E093E3540012626433543018396
:10ACB0000584F0BDFEFF0000F8B50C46002100251C
:10ACC00000260096068C0D4F3E400684018B058CB5
:10ACD0002605360C00960A4E31401E07360C3143CD
:10ACE0001606360C3143054E903E35401027009E27
:10ACF0003E43354301830584F8BD0000EFFF0000AB
:10AD0000FF0C0000F8B50C46002100250026009637
:10AD1000068C0C4F3E400684818B058C2606360C33
:10AD20000096084E0D3631401E05360C1643314351
:10AD3000054E3540FF270137009E3E433543818352
:10AD40000584F8BDFFFE0000FFF50000F8B50C46D5
:10AD50000021002500260096068C0D4F3E400684FB
:10AD6000818B058C2607360C00960A4E314016065C
:10AD7000360C31431E07360C3143074E3540012750
:10AD80003F03009E3E43354381830584F8BD0000A8
:10AD9000FFEF0000FF0C0000FF5F00000CB500207B
:10ADA00001900090112031490860314840683049D5
:10ADB0004860084640684860084600680121090468
:10ADC00008432B49086000BF294800680121490455
:10ADD000084000900198401C01900098002804D180
:10ADE0000521090301988842EED12148006801211C
:10ADF00049040840002802D00120009001E0002012
:10AE00000090009801280DD1194840687F21C9039E
:10AE100088431749486008464068132109040843DD
:10AE20001349486012480068012109060843104987
:10AE3000086000BF0E48006801214906084000284C
:10AE4000F8D00B48406880088000094948600846EF
:10AE50004068022108430649486000BF0448406832
:10AE60000C2108400828F9D10CBD00000020024048
:10AE7000001002400246002013460B40002B01D078
:10AE8000012000E000207047C206D20E012191404F
:10AE9000014A11607047000000E100E0C206D20ED6
:10AEA00001219140014A11607047000080E100E0FB
:10AEB00010B5002819DA1A4A03071B0F083B9B0834
:10AEC0009B00D2588307DC0EFF23A3409A438B07D5
:10AED0001B0E8407E40EA3401A43114B0407240FF2
:10AEE000083CA408A4001A5118E00E4A03231B02D0
:10AEF000D21883089B00D2588307DC0EFF23A3409F
:10AF00009A438B071B0E8407E40EA3401A43054B9C
:10AF1000032424021B198408A4001A5110BD000048
:10AF20001CED00E000E100E010B5002819DA1A4A33
:10AF300003071B0F083B9B089B00D2588307DC0EBE
:10AF4000FF23A3409A438B071B0E8407E40EA34004
:10AF50001A43114B0407240F083CA408A4001A51FB
:10AF600018E00E4A03231B02D21883089B00D25814
:10AF70008307DC0EFF23A3409A438B071B0E840735
:10AF8000E40EA3401A43054B032424021B19840832
:10AF9000A4001A5110BD00001CED00E000E100E02B
:10AFA00010B5002819DA1A4A03071B0F083B9B0843
:10AFB0009B00D2588307DC0EFF23A3409A438B07E4
:10AFC0001B0E8407E40EA3401A43114B0407240F01
:10AFD000083CA408A4001A5118E00E4A03231B02DF
:10AFE000D21883089B00D2588307DC0EFF23A340AE
:10AFF0009A438B071B0E8407E40EA3401A43054BAC
:10B00000032424021B198408A4001A5110BD000057
:10B010001CED00E000E100E010B50120FFF7E6F9CB
:10B0200000BF4120FFF7BEF90028FAD00648FFF71D
:10B030001BF90420FFF70CF90448FFF70FF9FFF79D
:10B04000FFF8FFF7F5F810BD55550000FF0F0000A1
:10B050001CB5044600200090019001218804FFF7F0
:10B0600051F96846FFF7C2F8402000900121684678
:10B0700001710321417169460C48FFF73FF84021F7
:10B080000A48FFF7AFF86846FFF7B0F80120C002A2
:10B0900000900021684601710121C17103214171B5
:10B0A00069460248FFF72AF81CBD0000000400486A
:10B0B0000021C170C171704700B50246D0780028E8
:10B0C00004D00021104600F085F80DE00748807993
:10B0D000002804D00121104600F07CF804E0034869
:10B0E0000178104600F076F800BD000088080020C6
:10B0F00010B504460121C9020148FFF769F810BDE7
:10B100000004004810B5044627480078C007C00F67
:10B1100000280CD1244809F05FF8002807D0234804
:10B1200002F076FD224908601F48C046C0461F480D
:10B1300002F06EFD1E490968401A642819D31B48A5
:10B1400002F066FD1A4908602079002811D001211B
:10B15000C9021848FFF73CF8002808D1E079401CE4
:10B16000E071E079322804DD0120E07001E0002088
:10B17000E0712079002801D0012000E00020024683
:10B1800040210C48FFF73EF8A07900280BD06079E9
:10B19000002804D140210748FFF724F803E04021AC
:10B1A0000448FFF721F810BD4C010020A401002045
:10B1B000500100200004004870B5054640210448B5
:10B1C000FFF706F80446012C00DD0124204670BD7F
:10B1D000000400480171704710B50446042221465E
:10B1E000034802F01CFD012020706070204610BD55
:10B1F000A401002070B506460C4615462946204697
:10B20000FEF712FF70BD10B504460120FEF7FAFEEE
:10B210000120FEF73FFF10BD70B505460C46FEF756
:10B2200047FF2046FEF7A0FEFEF7E2FE0B200004DB
:10B23000FEF750FF70BD0246086870477047000077
:10B240001CB504460020009001900121C804FFF7BE
:10B2500059F86846FEF7CAFF0120800300900121DB
:10B26000684601710321417169460D48FEF746FFAA
:10B27000012189030A48FEF7B5FF6846FEF7B6FFCD
:10B280000120C00300900021684601710121C171B5
:10B290000321417169460248FEF730FF1CBD0000E2
:10B2A0000008004800218170C170C17101727047AF
:10B2B00010B504460121C9030148FEF789FF10BDFE
:10B2C0000008004801214172704700214172704717
:10B2D00070B504460D463A480078C007C00F0028F4
:10B2E0000CD1374808F078FF002807D0354802F025
:10B2F0008FFC354908603248C046C046314802F0EC
:10B3000087FC31490968401A7D21C90088422FD342
:10B310002C4802F07DFC2C490860012189032B4850
:10B32000FEF756FF012811D1C1032848FEF750FF50
:10B33000002808D1E079401CE071E079052817DD8C
:10B340000120A07014E00020E07111E00121C90388
:10B350001E48FEF73DFF002808D1207A401C2072CD
:10B36000207A052804DD0120E07001E00020E07172
:10B37000607A00281CD0A078002819D1E078002835
:10B3800016D1205EA84206DC012189030F48FEF792
:10B390002BFF0120A0710020205EC01EA8420EDB02
:10B3A000012189030948FEF71DFF0020A07106E076
:10B3B000012189030548FEF715FF0020A07170BD2B
:10B3C0005C010020A401002060010020000800486A
:10B3D00070B50546012189030448FEF7F9FE0446CD
:10B3E000012C00DD0124204670BD0000000800484B
:10B3F00010B5044604222146064802F010FC38200D
:10B4000020800020A070E070E0712072A0712046C2
:10B4100010BD0000A401002010B5044600202070DB
:10B42000012109030920C006FEF7DEFE1148FDF7E1
:10B43000FDFF00210F48FDF7D8FF0920FFF72EFD83
:10B440000E20FFF72BFD1320FFF728FD06200A49E9
:10B4500008610120FEF748FF00210848017007201D
:10B4600005490861064806F055FC064807F062FDEC
:10B4700010BD00000024014000E000E0C4020020F4
:10B48000C4010020D8020020002101707047000094
:10B49000F0B585B0044623484078002801D005B0B7
:10B4A000F0BD2148007800283AD000201E490870DD
:10B4B000E078FDF785FE01901A488038C16A01984E
:10B4C00009F066F90746FDF737FD0022174B039197
:10B4D0000290FDF763F90546FCF776FF6060114ABC
:10B4E000803A6168906909F0ABF90CD2207A14288F
:10B4F00002DA207A401C2072207A042810D1012020
:10B50000207060700CE0207A002807D0207A401E5E
:10B510002072207A012803D1A07001E00020207061
:10B5200000BFBCE7C4020020A40100200000594075
:10B5300010B5044604222146044802F070FB0020A6
:10B54000207020726070A070204610BDA401002001
:10B550000622825E04491E23CB5E9A4201DDC98B1E
:10B56000C180C188018170474402002000214175DB
:10B5700070470021017041708170C170017141718B
:10B580008175C17501767047002141768176C1765B
:10B59000012101757047000030B501461948C07A95
:10B5A000002803D11748407B002801D0012030BD7E
:10B5B000087F002823D114481E22825E0620085EE0
:10B5C000323082421BDD08240C5F0F4B1E255D5F6D
:10B5D0006B00EB18E218D3179B0F9B189B10581F9A
:10B5E00008228A5E824201DA02B20A814A7F521C34
:10B5F0004A774A7F1E2A01DD01220A7700BF087FB1
:10B60000D5E70000B00100204402002070B50446D8
:10B610000A49886AFDF790FC0546094A094B09F07A
:10B6200013F808D2607E401C6076607E0A2804DD34
:10B630000020207501E00020607670BDF404002039
:10B64000FA7E6ABC7493683F10B504460F48C07A0E
:10B65000002803D10D48407B002801D0012010BDF7
:10B66000204600F057F8002801D00120F7E70848ED
:10B670001E21415E0620205E3230814203DD002023
:10B6800020750120EBE70020E9E70000B001002071
:10B69000440200204179491C41710849C97A0029B6
:10B6A00003D10649497B002900D07047417903291D
:10B6B00001DB0121417000BFF7E70000B00100206D
:10B6C00070B586B004460E498878FDF70EFB054636
:10B6D00000220C4BFDF70CFB00220B4B019100905C
:10B6E000FDF75CF8094A0A4B03910290FDF733F825
:10B6F00005910490FCF768FEE06006B070BD0000A4
:10B70000D802002000001C400064D94016EB0A6CEF
:10B710008434393F70B504461548C07A002803D1F7
:10B720001348407B002801D0012070BD207D0028F7
:10B730001BD01049886AFDF7FFFB05460E4A0F4BE8
:10B7400008F082FF0FD2A07E401CA076A07E0A28BF
:10B750000BDD0B481E21415E0620205E0A3081422F
:10B7600003DD0120E1E70020A0760020DDE70000F6
:10B77000B0010020F40400207B14AE47E17A743F4E
:10B780004402002000B50246C720C043108107488C
:10B79000C08BD080002050759075D0751076104603
:10B7A000FFF7F2FE00201077507700BD4402002022
:10B7B00070B504460D462948C07A002803D12748B1
:10B7C000407B002801D0002070BD607D002803D0A0
:10B7D000607D401E607512E01020205E0E21C9437E
:10B7E00088420ADAA07D401CA075A07D032806DBF4
:10B7F0002046FFF74FFF0120E6E70020A07518481C
:10B800001E21415E0820205E81420ADAE07D401C54
:10B81000E075E07D032806DB2046FFF73BFF0120B3
:10B82000D2E70020E075012D15D1207D002812D02F
:10B830000C4AE168906A08F081FF0AD2E07E401C61
:10B84000E076E07E032806DD2046FFF723FF022096
:10B85000BAE70020E0760020B6E70000B001002043
:10B8600044020020F404002038B504463348007830
:10B87000C007C00F00280CD1304808F0ADFC0028EC
:10B8800007D02F4802F0C4F92E4908602B48C04663
:10B89000C0462D480078C007C00F00280CD12A48A8
:10B8A00008F09AFC002807D0254802F0B1F9274992
:10B8B00008602548C046C046214802F0A9F9214940
:10B8C0000968401A7D21C900884221D31C4802F032
:10B8D0009FF91C4908600A2000901D481E21415E06
:10B8E00003467F3B0246343A803806F089FB2082CB
:10B8F0002046FFF7E5FE16481E21415E1220205E1D
:10B90000814203DD207E401C207601E0002020766D
:10B910000B4802F07DF90D490968401A0D4988422B
:10B920000AD3074802F074F90849086060790028D2
:10B9300002DD6079401E607138BD000014010020F6
:10B94000A401002018010020100100201C0100208B
:10B950004402002040771B005021417570470000D1
:10B9600010B5044604222146084802F058F9002088
:10B9700020810748C08BE08000206075A075E075CD
:10B9800020764B2000016082204610BDA4010020DB
:10B99000440200207FB506460D461446052D01D110
:10B9A000C7488487072D05D1C54820308474A03846
:10B9B00006F0E6FA082D0ED12046FDF796F9002292
:10B9C000C04B01910090FCF7E9FE03910290FCF757
:10B9D000FBFCBB494863092D0ED12046FDF785F9D4
:10B9E0000022B84B01910090FCF7D8FE0391029021
:10B9F000FCF7EAFCB24988630C2D08D1200E3070A8
:10BA00002002000E70702004000EB070F4700D2D36
:10BA100008D1200E30712002000E70712004000E3B
:10BA2000B071F4710E2D08D1200E30722002000E7C
:10BA300070722004000EB072F4720F2D0AD1142C13
:10BA400001D35A2C03D950219F48018302E021B22F
:10BA50009D480183102D0AD1142C01D35A2C03D9EF
:10BA600050219948818302E021B297488183112DAA
:10BA70000AD1142C01D35A2C03D950219248418366
:10BA800002E021B290484183142D03D121468F4812
:10BA900001F0E0FC022D03D1A1B28D4801F078FB4A
:10BAA0001A2D07D17D20C000844200D2044620B266
:10BAB00088494882122D07D187494C700846407842
:10BAC000072801DD002048704C2D0AD120B283499F
:10BAD000088008460021415E412902DD41207F495E
:10BAE00008804D2D08D1002C03D100207C4908701E
:10BAF00002E001207A490870862D08D1002C03D17C
:10BB000000207749487002E00120754948704E2DA9
:10BB100008D1012C03D101207149887002E0002076
:10BB20006F4988704F2D07D16E494C750846407D8E
:10BB3000022801DD00204875502D08D1012C03D1C9
:10BB400001206249487102E0002060494871512D8E
:10BB50000DD121B25C4841842221415E032903DBDF
:10BB60002221415E642902DD142157484184522D6F
:10BB70000DD121B2544881842421415E032903DB85
:10BB80002421415E642902DD1E214F488184532D0A
:10BB90000DD121B24C48C1842621415E032903DB2B
:10BBA0002621415E642902DD14214748C184542DB9
:10BBB00007D145488475807D0A2802DB0021424870
:10BBC0008175552D07D14048C475C07D0A2802DB18
:10BBD00009213D48C1753C48817DC07D814204DD1D
:10BBE0000021394881750921C175562D0ED13E4974
:10BBF000CC700846C078502801DD5020C8703A4803
:10BC0000C0781E2802DA1E203749C870572D0AD185
:10BC1000142C01D35A2C03D95A212B48C18302E09A
:10BC200021B22948C183582D0DD121B22648018562
:10BC30002821415E032903DB2821415E642902DDBE
:10BC40001E21214801850B2D0DD121B21E48C18531
:10BC50002E21415E032903DB2E21415E642902DD92
:10BC600003211948C1855C2D07D118498C710846FC
:10BC70008079032801DB002088715D2D02D1E1B2BB
:10BC8000114841865E2D0CD1E1B20F488186808E2D
:10BC9000022803D00C48808E042802DD00210A48C7
:10BCA0008186622D04D121460548803806F026F8A9
:10BCB0000E48854202D10248803044807FBD00009A
:10BCC000440200200000594088060020680500203A
:10BCD00040030020FC0200206407002072050020C1
:10BCE00044010020880500207C050020310200006E
:10BCF00070B505460C46052C02D16F48808F70BD8B
:10BD0000072C03D16C482030807CF8E7082C08D140
:10BD10006949486B694908F03BFD0646FDF70CFA96
:10BD2000EDE7092C08D16449886B644908F030FDBF
:10BD30000646FDF701FAE2E70C2C0AD12878000646
:10BD4000697809044018A97809024018E978401870
:10BD5000D5E70D2C0AD12879000669790904401825
:10BD6000A97909024018E9794018C8E70E2C0AD1D0
:10BD7000287A0006697A09044018A97A090240184D
:10BD8000E97A4018BBE70F2C03D14D491820085E13
:10BD9000B5E7102C03D14A491C20085EAFE7112CEF
:10BDA00003D147491A20085EA9E7142C02D145485F
:10BDB0000078A4E7022C02D14348C0789FE71A2CF0
:10BDC00003D142491220085E99E7122C02D1404863
:10BDD000407894E74C2C03D13E490020085E8EE762
:10BDE0004D2C02D13C48007889E7862C02D13A4894
:10BDF000407884E74E2C02D1374880787FE74F2C7B
:10BE000002D13648407D7AE7502C02D12D48407946
:10BE100075E7512C03D12A492220085E6FE7522C86
:10BE200003D127492420085E69E7532C03D1244914
:10BE30002620085E63E7542C02D12148807D5EE70E
:10BE4000552C02D11E48C07D59E7562C02D12448FA
:10BE5000C07854E7572C03D119491E20085E4EE7DD
:10BE6000582C03D116492820085E48E70B2C03D133
:10BE700013492E20085E42E75C2C02D111488079DC
:10BE80003DE75D2C02D10E48408E38E75E2C02D192
:10BE90000B48808E33E7622C03D10748803040780E
:10BEA0002DE71048844203D103488030408826E7BC
:10BEB0000020C04323E70000440200200000C842E5
:10BEC000880600206805002040030020FC020020B6
:10BED000640700207205002044010020880500202E
:10BEE0007C0500203102000070B50446204600F0B9
:10BEF00057FC204600F06AFC8248828F05212046CC
:10BF000000F024FC7F482030827C0721204600F08E
:10BF10001DFC7C49486B7C4908F03AFC0646FDF75D
:10BF20000BF905462A460821204600F00FFC75490A
:10BF3000886B754908F02CFC0646FDF7FDF80546B0
:10BF40002A460921204600F001FC2078000661788D
:10BF500009044018A17809024018E17842180C2120
:10BF6000204600F0F3FB20790006617909044018AF
:10BF7000A17909024018E17942180D21204600F00C
:10BF8000E5FB207A0006617A09044018A17A0902CB
:10BF90004018E17A42180E21204600F0D7FB5B489A
:10BFA0001822825E0F21204600F0D0FB57481C2249
:10BFB000825E1021204600F0C9FB54481A22825E9E
:10BFC0001121204600F0C2FB51480278142120467E
:10BFD00000F0BCFB4F48C2780221204600F0B6FBBF
:10BFE0004D481222825E1A21204600F0AFFB4B48DA
:10BFF00042781221204600F0A9FB49480022825EC7
:10C000004C21204600F0A2FB464802784D212046F4
:10C0100000F09CFB434842788621204600F096FBC6
:10C02000404882784E21204600F090FB3E48427DF9
:10C030004F21204600F08AFB3548427950212046A6
:10C0400000F084FB31482222825E5121204600F01C
:10C050007DFB2E482422825E5221204600F076FB92
:10C060002A482622825E5321204600F06FFB274893
:10C07000827D5421204600F069FB2448C27D552171
:10C08000204600F063FB2948C2785621204600F084
:10C090005DFB1E481E22825E5721204600F056FBA3
:10C0A0001A482822825E5821204600F04FFB17488C
:10C0B0002E22825E0B21204600F048FB1448827934
:10C0C0005C21204600F042FB1048428E5D21204654
:10C0D00000F03CFB0D48828E5E21204600F036FBCE
:10C0E0000848803042786221204600F02FFB054846
:10C0F000803042880E49204600F028FB204600F0A0
:10C1000049FB70BD440200200000C84288060020A0
:10C110006805002040030020FC0200206407002086
:10C120007205002044010020880500207C050020C5
:10C1300031020000FEB507460521384600F0E2FA5C
:10C140000446601C002803D1FD49FE48818701E0B8
:10C15000FC4884870721384600F0D4FA04460C2CAA
:10C1600006D0182C04D00C21F6482030817402E04F
:10C17000F44820308474F348803805F001FF08212A
:10C18000384600F0BFFA0446601C00280CD1ED4888
:10C190002030807C0C2803D1EB49EA48416311E050
:10C1A000EA49E84841630DE02046FCF79EFD05465C
:10C1B0000022E74BFCF7F2FA01910090FCF704F93A
:10C1C000E04948630921384600F09CFA0446601CA7
:10C1D00000280DD1DB482030807C0C2804D183213D
:10C1E000C905D848816311E0DA49D64881630DE07A
:10C1F0002046FCF77AFD05460022D54BFCF7CEFA27
:10C2000001910090FCF7E0F8CE4988630C21384694
:10C2100000F078FA0446601C002804D13870787069
:10C22000B870F87008E0200E38702002000E7870A8
:10C230002004000EB870FC700D21384600F062FA40
:10C240000446601C002804D138717871B871F87107
:10C2500008E0200E38712002000E78712004000ED4
:10C26000B871FC710E21384600F04CFA0446601C8F
:10C27000002804D138727872B872F87208E0200E83
:10C2800038722002000E78722004000EB872FC7220
:10C290000F21384600F036FA0446142C01D35A2CEC
:10C2A00003D95021AC48018302E021B2AA4801839E
:10C2B0001021384600F026FA0446142C01D35A2CDB
:10C2C00003D95021A448818302E021B2A24881838E
:10C2D0001121384600F016FA0446142C01D35A2CCA
:10C2E00003D950219C48418302E021B29A484183FE
:10C2F0005721384600F006FA0446142C01D35A2C74
:10C3000003D95A219448C18302E021B29248C183E3
:10C310001421384600F0F6F9044621468F4801F012
:10C3200099F80221384600F0EDF90446601C002817
:10C330000ED0092C03D00C2C01D0122C04D1A1B2A8
:10C34000874800F025FF03E00C21854800F020FF1E
:10C350001A21384600F0D6F90446601C002803D0A4
:10C360007D20C000844204D27D20C0007D494882E7
:10C3700002E020B27B4948821221384600F0C2F91F
:10C380000446601C002802D17749487001E07649D4
:10C390004C7075484078072802DD002072494870CB
:10C3A0004C21384600F0AEF90446601C002803D149
:10C3B00038206E4908800AE020B26C49088008469F
:10C3C0000021415E412902DD4120684908804D215C
:10C3D000384600F097F90446002C02D164490870F1
:10C3E00002E00120624908708621384600F08AF98F
:10C3F0000446002C02D15E49487002E001205C49ED
:10C4000048704E21384600F07DF90446012C02D1D7
:10C410005749887002E00020554988704F213846FE
:10C4200000F070F90446601C002802D1514948759B
:10C4300007E050494C750846407D022801DD002088
:10C4400048755021384600F05DF90446012C02D1B0
:10C450004249487102E00020404948715121384664
:10C4600000F050F90446601C002803D114213A481A
:10C47000418402E021B23848418437482221415E9C
:10C48000032903DB2221415E642902DD14213248A5
:10C4900041845221384600F035F90446601C0028DA
:10C4A00003D11E212C48818402E021B22A488184D4
:10C4B00029482421415E032903DB2421415E6429AC
:10C4C00002DD1E21244881845321384600F01AF9E8
:10C4D0000446601C002803D114211F48C18402E0D7
:10C4E00021B21D48C1841C482621415E032903DB7B
:10C4F0002621415E642902DD14211748C184582198
:10C50000384600F0FFF80446601C002803D11421CF
:10C510001148018502E021B20F4801850E4828210B
:10C52000415E032903DB2821415E642902DD1421D9
:10C53000094801855421384600F0E4F804461BE020
:10C540004702000044020020000010410000A0410A
:10C55000000059406666F641880600206805002004
:10C5600040030020FC020020640700207205002028
:10C570004401002088050020601C002803D1002110
:10C580005A48817501E0594884755848807D0A28C9
:10C5900002DB0021554881755521384600F0B2F87C
:10C5A0000446601C002803D106215048C17501E0F3
:10C5B0004E48C4754D48C07D0A2802DB06214B4811
:10C5C000C1754A48817DC07D814204DD0021474814
:10C5D00081750921C1755621384600F093F804464B
:10C5E000601C002803D146204149C87001E0404941
:10C5F000CC703F48C078502802DD50203C49C870BC
:10C600003B48C0781E2802DA1E203949C8700B2129
:10C61000384600F077F80446601C002803D1032157
:10C620003248C18502E021B23048C1852F482E2111
:10C63000415E032903DB2E21415E642902DD0321D3
:10C640002A48C1855C21384600F05CF80446601C2D
:10C65000002802D12749887101E026498C712548BC
:10C660008079032802DB0020224988715D21384649
:10C6700000F048F80446601C002803D128211B481C
:10C68000418601E0194844865E21384600F03AF8B8
:10C690000446601C002803D100211448818602E072
:10C6A000E1B2124881861148808E022803D00F48DB
:10C6B000808E042802DD00210C48818662213846E4
:10C6C00000F020F8044621460B4805F017FB0B4903
:10C6D000384600F017F80446601C002803D10021FA
:10C6E0000748418001E006484480FEBD88060020DE
:10C6F0007C05002068050020C401002031020000F4
:10C70000C4020020F8B507460D460D4C11E0214645
:10C710000C48FEF790FD0646701C002801D1401E13
:10C72000F8BDAE4204D1211D0648FEF784FDF7E7AF
:10C73000083405488442EAD30020C043F0E70000F3
:10C7400000E801088401002000F0010870B50446EB
:10C750000D4616460C49E068884213D30B49E06841
:10C7600088420FD82A460A48E168FEF743FDE06890
:10C77000001DE06032460648E168FEF73BFDE068D8
:10C78000001DE06070BD000000E80108F8EF01083E
:10C790008401002010B50446FDF72AFC10BD0000FE
:10C7A00070B50546002407E0E002064A81180648F5
:10C7B000FEF732FD601CC4B2012CF5DB0148E860D5
:10C7C00070BD000000E801088401002010B5044697
:10C7D000FDF76EFC10BD000010B504460422214692
:10C7E000024801F01CFA204610BD0000A401002000
:10C7F000018B052901DD01218177418B052901DDAF
:10C800000121C1777047000010B58AB004460020AE
:10C810000890099005900690079014216846FBF750
:10C820000FFD01218804FDF76DFD01210220FDF7B8
:10C8300079FD08A8FDF7DAFC10200890012108A86E
:10C8400001710321417108A93448FDF757FC1021FB
:10C850003248FDF7C7FC012204213048FDF796FC61
:10C8600008A8FDF7C3FC20200890002108A801714A
:10C870000121C1710321417108A92848FDF73EFC3F
:10C8800005A8FEF7E9F9264968468182FF20F530C0
:10C890000690002168468183C18205A92148FEF7E0
:10C8A0009DF96846FEF764F9602168460180012120
:10C8B00041802D20029000216846818169461948F7
:10C8C000FEF75EF81748406B401F1649886308461C
:10C8D000406B9630C863012204211248FEF745F8E8
:10C8E000012208210F48FEF740F800210D48FDF70E
:10C8F000C9FF1020012181400B4A116000BF0821AF
:10C900000848FEF787F801210648FDF79BFF012143
:10C910004804FDF7F7FC0AB010BD00000004004811
:10C92000BF1200000004004000E100E0002101838C
:10C9300041838177C1777047F0B58DB004460E46CC
:10C940001746207F002803D0E66027740DB0F0BDA5
:10C9500000200A900B902120005D002800D0F5E710
:10C960003046FCF7C2F90022594B07910690FBF7BD
:10C9700015FF09910890FBF727FD054665602846DD
:10C98000FCF7DAFA534A544B0991089007F02AFE53
:10C9900020D22020005D002818D000212020015541
:10C9A0000AA8FDF723FC10200A90012108A80173B2
:10C9B000032141730AA94948FDF7A0FB102147480C
:10C9C000FDF710FC00214648FDF75CFF0020606089
:10C9D00060617AE02020005D002829D1012120201B
:10C9E00001550AA8FDF702FC10200A90022108A8B0
:10C9F000017300218173032141730AA93748FDF7B0
:10CA00007DFB012204213548FDF7C0FB3448808AB4
:10CA1000012108433249888201213148FDF732FF64
:10CA20002F4820300088012108432D4920310880FB
:10CA3000012F25D12B49C86B2B4907F07FFE1FD250
:10CA40002849C86BFCF778FA059104902846FCF752
:10CA500073FA264A264B01910090FCF749F903919D
:10CA60000290059B049AFCF743F90022214B0791A1
:10CA70000690FBF793FE09910890FBF7A5FC05468D
:10CA80001D49284607F0DCFE00D21B4D2846FCF766
:10CA900053FA0022194B0991089007F0A3FD01D227
:10CAA0003F252D0665612846FCF746FA02460B46EF
:10CAB0000791069000201249FBF770FE099108903B
:10CAC000FCF7C6F880B20649C86200BF3EE7000026
:10CAD000000059407B14AE47E17AC43F000400488F
:10CAE00000040040F00400200000B442713D0AD769
:10CAF000A370ED3F00405940000020410000E03F9E
:10CB00000088C340F0B585B0044600200290039031
:10CB10002120005D002801D005B0F0BD2089FCF780
:10CB2000E4F8054600227B4BFBF738FE01910090AC
:10CB3000FBF74AFC0746207F617F884275D0207F43
:10CB40006077207F002805D1227C2046E168FFF72E
:10CB5000F3FE6AE0208960813846FCF7EDF905466E
:10CB60006D4A6E4B07F03EFD19D202A8FDF73EFB61
:10CB7000102002900121684601730321417302A92C
:10CB80006748FDF7BBFA10216548FDF72BFB002134
:10CB90006448FDF777FE00212020015545E002A8FA
:10CBA000FDF724FB1020029002216846017300214A
:10CBB00081730321417302A95948FDF79FFA0122AD
:10CBC00004215748FDF7E2FA2020005D002811D12A
:10CBD0005448808A012108435249888201215148E2
:10CBE000FDF750FE4F4820300088012108434D4991
:10CBF000203108804C49384607F022FE00D24A4FC7
:10CC000067613846FCF798F905462A460B4600202E
:10CC10004649FBF7C3FD01910090FCF719F880B27B
:10CC20004049C862012120200155207F00286ED094
:10CC30002089618988426AD0208960813846FCF762
:10CC40007BF90546344A354B07F0CCFC19D202A8D3
:10CC5000FDF7CCFA102002900121684601730321F0
:10CC6000417302A92E48FDF749FA10212C48FDF71F
:10CC7000B9FA00212B48FDF705FE002120200155BF
:10CC800045E002A8FDF7B2FA1020029002216846A2
:10CC90000173002181730321417302A92048FDF72C
:10CCA0002DFA012204211E48FDF770FA2020005DB4
:10CCB000002811D11B48808A012108431949888224
:10CCC00001211848FDF7DEFD1648203000880121BB
:10CCD00008431449203108801349384607F0B0FD55
:10CCE00000D2114F67613846FCF726F905462A46FF
:10CCF0000B4600200D49FBF751FD01910090FBF719
:10CD0000A7FF80B20749C86201212020015500BF5A
:10CD100002E70000000059409A9999999999A93F12
:10CD20000004004800040040000020410088C34087
:10CD300010B5044620210248FDF74AFA10BD000054
:10CD40000004004810B504463A480078C007C00FF8
:10CD500000280CD1374807F03FFA002807D03648A2
:10CD600000F056FF354908603248C046C0462120D1
:10CD7000005D002800D110BD2F4800F049FF2F4969
:10CD80000968401A642853D32B4800F041FF2B490F
:10CD900008602320005D002803D110212848FDF7FA
:10CDA00023FA2320005D0A280BDA20212448FDF70E
:10CDB0000FFA002805D12220005D401CC1B22220BC
:10CDC00001552320005D0A280FD110211C48FDF7D2
:10CDD00009FA2220005D022804DD0120A07700214D
:10CDE000212001550021222001552320005D1E280D
:10CDF00018DD20211248FDF7EBF9002805D122208B
:10CE0000005D401CC1B2222001552320005D232873
:10CE100008DD2220005D022801DD0120E0770021ED
:10CE2000212001552320005D401CC1B22320015563
:10CE300000BFA0E720010020A40100202401002061
:10CE40000004004810B504462046FFF77BFF20464B
:10CE5000FFF7CEFC2046FFF755FE10BD502900DD40
:10CE600050210A2900DA0A21018002880A235A4344
:10CE7000054B5A631A46526B323A9A631A46526B02
:10CE80003232DA6370470000000400401CB50446EB
:10CE90000020009001900121212001550021232034
:10CEA0000155222001556846FDF7A0F91020009099
:10CEB0000121684601710321417169460548FDF76A
:10CEC0001DF910210348FDF78DF900210248FDF7F7
:10CED000D9FC1CBD000400480004004010B5044605
:10CEE00004222146094800F09AFE2D2020800021CE
:10CEF0002020015500206060606121200155222022
:10CF0000015523200155204610BD0000A40100203A
:10CF10000188142901DD012181707047FEB50446A6
:10CF20000D4624480078C007C00F00280CD12148C6
:10CF300007F052F9002807D01F4800F069FE1F498A
:10CF400008601C48C046C0461B4800F061FE1B49F3
:10CF50000968401A32282CD3174800F059FE1749A7
:10CF600008602946284607F013FC01906421E06818
:10CF7000FBF768F9217948430090FCF721F907464F
:10CF80000199FCF703F80646FCF7D6F8A0600121EA
:10CF90008907A0684863A068322804D90846406B16
:10CFA0003238C86305E001208007406B0121890702
:10CFB000C863FEBD28010020A40100202C01002030
:10CFC0007CB504460D46002000900190642D00DDE4
:10CFD000642525712079002824DD0120E071684650
:10CFE000FDF704F90120C003009002216846017199
:10CFF000002181710321417169460920C006FDF7B6
:10D000007DF802220F210920C006FDF7BFF801219B
:10D010008807FDF737FC15480088012108431349AC
:10D02000088022E00020E0716846FDF7DFF801206B
:10D03000C0030090012168460171032141716946D6
:10D040000920C006FDF75AF80121C9030920C006CE
:10D05000FDF7C8F8054800884008400003490880EB
:10D06000002101208007FDF70DFC7CBD2000004061
:10D0700010B58AB0044600200890099005900690EB
:10D08000079014216846FBF7DBF801214804FDF7FF
:10D0900039F901218804FDF735F901210846FDF72A
:10D0A00041F908A8FDF7A2F80120C003089001216A
:10D0B00008A801710321417108A90920C006FDF7E4
:10D0C0001DF80121C9030920C006FDF78BF808A847
:10D0D000FDF78CF808200890002108A801710121B3
:10D0E000C1710321417108A91F48FDF707F805A880
:10D0F000FDF7B2FD2F21684681821C480690002171
:10D1000068468183C18205A901208007FDF766FD7D
:10D110006846FDF72DFD60216846018001214180B0
:10D120000020029000216846818169460120800725
:10D13000FDF726FC01220821C806FDF716FC002198
:10D1400001208007FDF79EFB0F2001218140084A46
:10D15000116000BF0821C806FDF75CFC01218807AB
:10D16000FDF770FB0AB010BD00040048204E00001F
:10D1700000E100E0002101808170704710B5044695
:10D1800008210248FDF724F810BD00000004004803
:10D19000C170704770B504460D4629462046FFF71A
:10D1A000BDFE2046FFF7B4FE70BD000010B504467A
:10D1B00004222146074800F032FD0C20E070E078A0
:10D1C00005494843E1784843E0600020E071207160
:10D1D000204610BDA4010020204E0000FFB589B0FC
:10D1E00007461D46129E0A9802040B98000210186A
:10D1F0004119384600F0B2F80446002C02D11398C9
:10D200000DB0F0BD2146384600F06EF80690069845
:10D21000022801DA1398F3E72146384600F0CAF8ED
:10D22000B04229D9002E25D013980590002D01D1A8
:10D2300038680590012D01D178680590022D01D143
:10D24000B8680590032D01D1F8680590211D384676
:10D2500000F0B0F821460490384600F0ABF8039097
:10D2600004980196009000213846039B059A00F02F
:10D2700066F8C5E71398C3E7002005902AE0214629
:10D28000384600F097F8089021460831384600F0FB
:10D2900091F807900898864217D30798864214D2CF
:10D2A00021460C31384600F085F8211D049038469F
:10D2B00000F080F803900498019600903846079B90
:10D2C000039A089900F03BF89AE708340598801C07
:10D2D00080B205900698801E05998842CFDC211DFA
:10D2E000384600F067F88BE7F3B581B00E460027AB
:10D2F000354615E02946019800F05CF80446601CAC
:10D30000002808D0A01C002805D0E01C002802D06E
:10D31000201D002801D13846FEBD781C87B22D1D86
:10D3200002488542E6D33846F6E70000C0510108BE
:10D3300010B5029C016082604360C46010BDF8B506
:10D340000C4615461E46069F7A1B079B1B1B5A431D
:10D350001046311BFAF780FF4019F8BDF8B50746B3
:10D360000E46124C1CE02146384600F023F80546D4
:10D37000681C002805D0E81C002802D0281D0028C1
:10D3800001D10020F8BDA81C002808D1211D384675
:10D3900000F010F8B04202D120460830F2E7241D18
:10D3A00003488442DFD30020ECE7000078490108FD
:10D3B000C051010870B505460C4621460148FDF7ED
:10D3C0003AFF70BD8401002010B5044604222146B6
:10D3D000024800F024FC204610BD0000A4010020FB
:10D3E00010B586B004460020049005900121C804C1
:10D3F000FCF788FF04A8FCF7F9FE01204003049025
:10D40000002168460175C1750321417504A91048C2
:10D41000FCF774FE0D210220FDF792F80120400375
:10D42000029000216846017310214173012181732C
:10D4300002A8FCF755FD07216846017100214171E2
:10D440000121817101A8FCF717FF06B010BD000093
:10D450000008004800220270012901D10122027057
:10D46000022901D102220270032901D10322027094
:10D470007047000010B5044634480078C007C00F5C
:10D4800000280CD1314806F0A7FE002807D030480C
:10D4900000F0BEFB2F4908602C48C046C0462078EB
:10D4A000002802D1A070208110BD294800F0B0FBF7
:10D4B00028490968401A322837D3254800F0A8FBCC
:10D4C00024490860012149032348FCF781FE012813
:10D4D00010D12089502802DA2089401C208120891F
:10D4E0003D2801DB0120A07020893D281DD10120AD
:10D4F000E0701AE0A07800280DD02089002802D022
:10D500002089401E2081208901280ED10020A07092
:10D510000120207109E020890A2804DB20893C28A9
:10D5200001DC0120607000202081207803280BD0CE
:10D530002078012801D0002060702078022803D0D4
:10D540000020A070E070207100BFADE75401002002
:10D55000A4010020580100200008004870B50546CD
:10D56000012149030448FCF733FE0446012C00DD89
:10D570000124204670BD00000008004810B5044694
:10D5800004222146074800F04AFB00202070208139
:10D59000A070E07020716071E0710320207020465F
:10D5A00010BD0000A40100200168490849002F4A6D
:10D5B0009279D207D20F114301600422016891438E
:10D5C0002B4A127F920004231A4011430160022269
:10D5D00001689143274A9279520002231A4011436D
:10D5E0000160082201689143234A9279D2000823FE
:10D5F0001A40114301601022016891431F4A527979
:10D60000120110231A401143016020220168914346
:10D61000194A5279520120231A40114301604022D5
:10D6200001689143154A1279920140231A4011432F
:10D6300001604168090A09020C4A527811434160AD
:10D64000818889B20A4A12891204120C1204114309
:10D650004160FF22120241689143064A5279120248
:10D66000FF231B021A40114341607047D80200207B
:10D670001C0300204003002044010020720500200C
:10D6800070B504462046FFF78FFF00252168A0688B
:10D69000884203D16168E068884200D02F25002DC0
:10D6A00002D02F2D0BD100E070BD0122114605489C
:10D6B00001F04CF961682068E160A06000BF00BF24
:10D6C00000BFF1E7A101002010B504461C48007816
:10D6D000C007C00F00280CD1194806F07DFD0028B6
:10D6E00007D0184800F094FA174908601448C0465B
:10D6F000C046144800F08CFA13490968401A3228D1
:10D700001DD3104800F084FA0F49086020780028E3
:10D710000BD0A088502802DAA088401CA080A088E6
:10D720003D280CD10120607009E0A088002802D0BB
:10D73000A088401EA080A088012800D1A07010BD44
:10D740006C010020A40100207001002010B50446E7
:10D7500004222146044800F062FA0020A0802070D4
:10D760006070A070204610BDA4010020FFB581B0FC
:10D7700017460299019800F077F80546002D01D16F
:10D7800005B0F0BD2946019800F04EF80446019816
:10D7900000F020F84000A04201D00020F0E7002671
:10D7A00011E02946019800F087F800B27100785224
:10D7B000291D019800F080F801B27200049881528E
:10D7C0000835701C86B2E10F09194910B142E8DC36
:10D7D0000120D5E770B50646114C1CE021463046C5
:10D7E00000F06AF80546681C002802D0E81C0028F2
:10D7F00001D1002070BDA81C00280BD1211D30468E
:10D8000000F05AF8FF2805D121460831304600F0D3
:10D8100053F8EFE7241D03488442DFD30020E9E7F3
:10D8200000C8010800D00108F3B581B00E460027FA
:10D83000344612E02146019800F03EF80546681C87
:10D84000002805D0A81C002802D0E81C002801D11F
:10D850003846FEBD781C87B2241D02488442E9D3B5
:10D860003846F6E700D00108F8B507460E46104CDA
:10D8700019E02146384600F01FF80546681C0028CC
:10D8800002D0E81C002801D10020F8BDA81C002807
:10D8900008D1211D384600F00FF8B04202D12046D1
:10D8A0000830F2E7241D03488442E2D30020ECE76D
:10D8B00000C8010800D0010870B505460C46214695
:10D8C0000148FDF7B8FC70BD8401002010B586B09A
:10D8D00004460020049005900190029003900121DD
:10D8E0008804FCF70FFD01214806FCF71BFD012110
:10D8F0000846FCF737FD04A8FCF778FC032000027B
:10D9000004900221684601750021C175032141750B
:10D9100004A93348FCF7F2FB042208213048FCF745
:10D9200035FC042209212E48FCF730FC2D48FBF77A
:10D930009DFE2C480068012108432A49086000BF69
:10D9400028484068C007C00F0028F9D02548006863
:10D95000022188432349086001A8FCF740F8002110
:10D9600068468171082181800021C1710E210172F8
:10D97000072141720121C173002141730121C1724C
:10D9800001A91848FBF71AFF164800684008400034
:10D990001449086000BF13484068C007C00F002842
:10D9A000F9D11149086001200F4940390860C86168
:10D9B000084600684008400008600A4840690221A3
:10D9C00008430849486100211E20FDF7E9FA1E209E
:10D9D00001218140054A116000BF06B010BD000062
:10D9E00000040048006400404066004000E100E0A0
:10D9F00070B50446002518E01820684321463031F0
:10DA0000085C00280FD10122182068430A5418210D
:10DA10006943224630328918081D142221461C31E0
:10DA2000FAF7A0FB70BD681CC5B20A2DE4DB00BF8D
:10DA3000F8E70000FFB583B004460D461646002007
:10DA40000290E56000216174042121740821A17411
:10DA5000E674069921750C9961750D99A1750E9959
:10DA6000E1750F992176109961761199A176214679
:10DA700008310E48FBF7C3FF0290002700200190F9
:10DA800009E00A480299FCF755F801907F1C084804
:10DA9000874200D902E001980128F2D100BF034873
:10DAA0000299FBF769FD07B0F0BD0000006400407B
:10DAB000FF0F000022210170002141700022FF2190
:10DAC00021310A54704700003EB50546FCF76EFD53
:10DAD0007D21C9002E480068FAF7B4FB0446601E99
:10DAE0002C49884200D90CE0601E2B494861032173
:10DAF000081FFDF7DDF9002027498861072008612C
:10DB000000BF0021481EFDF7D3F901212020FCF7BA
:10DB100009FC01212148FCF7B5FE7D21C9001C4804
:10DB20000068FAF78FFB401E1C4920310881002055
:10DB300000900190029001211020FCF7F3FB684651
:10DB4000FDF78AF81249096848087D21C900FAF7EB
:10DB500079FB401E81B26846018011480190002186
:10DB600068460181418069460E48FDF737F801217A
:10DB70000C48FCF787FE012211460A48FCF7F5FE27
:10DB8000112001218140084A116000BF3EBD000004
:10DB900000010020FFFFFF0000E000E00014004053
:10DBA000282300000010004000E100E038B50446E2
:10DBB0000320FCF7E5FC002000900BE007490098EB
:10DBC00040180078012252070099891808700098BF
:10DBD000401C00900098C028F0D338BD0080000899
:10DBE0000A4AD162928A01231A43084B9A821A4642
:10DBF000128809231A43054B1A8000BF034A128872
:10DC0000D207D20F002AF9D170470000001400405B
:10DC10000146486870474168491C4160704770B5CB
:10DC200006460C46154629462046FAF707FB70BD06
:10DC300070470146887B80014A7B120180180A7B6D
:10DC400092008018CA7A8018C0B270470146887C5A
:10DC500080014A7C120180180A7C92008018CA7BDD
:10DC60008018C0B27047002101708170417000BF00
:10DC700004E00023C21C53544A1CD1B20829F8DB2B
:10DC80007047000010B504460F48FEF74FFE0F48DE
:10DC9000FDF70EFA0E4805F0A9FA0E48FFF76AFAEA
:10DCA0000D4806F009FA0D48FDF7FCFA0C48FDF79F
:10DCB00060FC0C4804F00AF90B4802F02DF82046ED
:10DCC000FFF7D1FF10BD00001C030020440100201D
:10DCD000D8020020400300205003002072050020DD
:10DCE000FC020020C401002088080020014688486A
:10DCF0008078C001874A927F52018018854AD27F7E
:10DD000012018018844AD279D2008018824A127A8D
:10DD100092008018804A527A52008018C8707F485A
:10DD2000C078C0017E4A127C920180187D4A127828
:10DD3000520180187B4A527812018018794AD278B1
:10DD4000D2008018774A9278920082187648C0797B
:10DD50004000121874488079101808717348807850
:10DD6000C001724AD278920182186F48407840010F
:10DD700012186D488078000112186B48C078C000F6
:10DD80001218694800798000121867482038807F8F
:10DD900040001018487166488078C001644A527883
:10DDA00092018018624A1278520180188871C87AEC
:10DDB000002801D0002070475948007C002801D07D
:10DDC00028200870887C002811D159484078002804
:10DDD00001D00120087056488078002801D0012029
:10DDE000087053480078002801D0022008704D4880
:10DDF0008078002801D00D2008704A48407800281B
:10DE000001D01D2008704748C078002801D010209C
:10DE1000087044480079002801D024200870C87B8D
:10DE2000002817D13C48407A002801D00A20087009
:10DE30003948C079002801D01B2008703648007A84
:10DE4000002801D01C20087037484079002801D0F4
:10DE50001A200870087B00280BD12E48807F0028EC
:10DE600001D0112008702B48C07F002801D0162057
:10DE70000870887B002805D125488078002801D0CB
:10DE800009200870087C002837D1274840780028EE
:10DE900001D00420087024488078002801D0042094
:10DEA00008702148C078002801D0032008701E485F
:10DEB0000079002801D0032008701B482038807F9B
:10DEC000002801D0052008701748C079002801D02B
:10DED0000F20087014488079002801D00C200870A9
:10DEE00011482038C07F002801D0032048700E4818
:10DEF0000078002801D004204870487C002805D113
:10DF00000648C078002801D00E200870087852E733
:10DF1000400300201C030020D80200204401002000
:10DF200088080020FC0200208402002072050020E6
:10DF3000500300200021C172017341738173C173CA
:10DF400001744174817400BF04E00023C21C535467
:10DF50004A1CD1B20829F8DB704702464A20C04368
:10DF6000814201DA00207047B32901DDFE20FAE783
:10DF700008464B30C0B2F6E7024608464B387047B9
:10DF8000F0B587B006460C461546FF231348007EC1
:10DF900013498978124A52780593029203910490AA
:10DFA0001048C078001FC0B20D4909780091019057
:10DFB000600305277F05C019AF02C0190A4F3F78DB
:10DFC000FF00C019084F7F78C1190448C37D827DC6
:10DFD0000548FFF72FFD07B0F0BD000088050020C1
:10DFE000B00100204401002064070020F0B587B094
:10DFF0000C4615461749C86BFBF79EF8C6B2FF23BF
:10E000001548008DC0B21449098D0912124AD28CEC
:10E01000D2B205930292039104900F48C08C001273
:10E020000096019060030B273F05C019AF02C0198D
:10E030000A4F3F78FF00C019084F7F78C119064882
:10E04000008EC3B20448008E02120448FFF7F2FCAF
:10E0500007B0F0BDF0040020440200206407002057
:10E06000F0B589B00C46154622494868224906F0A9
:10E070008FFB0746FBF760F886B21E4948691E49C8
:10E0800006F086FB0746FBF757F880B208901B485E
:10E09000FFF764FA0701C0371948FDF799F98000C6
:10E0A0003F181848FDF788F83818C0B2164907908D
:10E0B0000979089AD2B2089B1B1202930392049129
:10E0C0000590F0B231120091019060030327BF0563
:10E0D000C019AF02C0190D4F3F78FF00C0190B4F98
:10E0E0007F78C1190A48837802780848FFF7A2FCB4
:10E0F00009B0F0BD1C0300200000C84268050020E4
:10E100007205002044010020400300206407002025
:10E11000D8020020F7B588B00C4615461A482421CD
:10E12000415E0898FFF719FF064617482221415E15
:10E130000898FFF712FF079013480C21415E0898DA
:10E14000FFF70BFF0690FF200390049002960590C6
:10E15000079906980191009060030D273F05C019AB
:10E16000AF02C019094F3F78FF00C019074F7F78F1
:10E17000C1190548837FC08B0004020E0348FFF7D6
:10E1800059FC0BB0F0BD00004402002064070020E1
:10E19000F0B587B006460C4615461748007C164970
:10E1A000098A0904090E144A127A134B1B891B04AD
:10E1B0001B0E02930392049105900F48007A0E49BA
:10E1C00009890904090E00910190600307277F0562
:10E1D000C019AF02C019094F3F78FF00C019074F9F
:10E1E0007F78C11904488379C0880004020E03486F
:10E1F000FFF720FC07B0F0BDFC0200206407002000
:10E20000F0B587B006460C46154616488079154984
:10E21000C9880912134A1279124B9B881B12029368
:10E220000392049105900F4880780E49498809129D
:10E230000091019060030F273F05C019AF02C0197C
:10E24000094F3F78FF00C019074F7F78C119054873
:10E250000838037A008902120348FFF7EBFB07B086
:10E26000F0BD00008C02002064070020F0B587B0EC
:10E2700006460C4615461548807B1449C989091283
:10E28000124A127B114B9B891B1202930392049139
:10E2900005900E48807A0D49498909120091019034
:10E2A000600301273F06C019AF02C019084F3F782D
:10E2B000FF00C019064F7F78C1190448037A00890E
:10E2C00002120348FFF7B6FB07B0F0BD8C02002036
:10E2D00064070020F0B587B006460C461546FF20BF
:10E2E0000290039004900590009001906003112724
:10E2F0003F05C019AF02C019074F3F78FF00C01992
:10E30000054F7F78C1190548037C008A0212024834
:10E31000FFF790FB07B0F0BD640700208C020020DF
:10E3200070B586B006460C46154619200B210A2208
:10E33000FF23029303920491059006200090019020
:10E340006003092252058018AA028018064A127832
:10E35000D2008018044A52788118022322220248EF
:10E36000FFF768FB06B070BD64070020F0B587B00A
:10E3700006460C4615461348007A1249C979114AD7
:10E380009279104B5B7902930392049105900D48AA
:10E3900000790C49C97800910190600309277F0535
:10E3A000C019AF02C019084F3F78FF00C019064FCF
:10E3B0007F78C1190348837802780348FFF73AFB56
:10E3C00007B0F0BDB001002064070020F0B587B0B1
:10E3D0000D4616460024002005E082001A4989589F
:10E3E0000C19411CC8B20A28F7DB17481438007C06
:10E3F00015491439098A0904090E134A143A126995
:10E400001202120E104B143B1B691B0E0293039257
:10E4100004910590E0B22104090E00910190680377
:10E420000727BF05C019B702C019084F3F78FF0082
:10E43000C019064F7F78C1192002030E220E03482F
:10E44000FFF7F8FA07B0F0BD0807002064070020C6
:10E45000FFB58BB01F460C9840031D2109054118DC
:10E460000D98800208185F490978C90040185D4975
:10E47000497840180A905C4988695C4906F088F937
:10E480000790FAF759FE05465749C869574906F0FB
:10E490007FF90790FAF750FE06465349886A5349B8
:10E4A00006F076F90790FAF747FE09905049C868D8
:10E4B0004E4906F06DF90790FAF73EFE80B20890DB
:10E4C0000898FE2801DDFE2008904749091FC86B07
:10E4D000464906F05DF90790FAF72EFE0446012F33
:10E4E0001ED14149091FC86BFAF726FEC0B207903A
:10E4F000F0B23104090E3202120EEBB20293039213
:10E50000049105902804000E2902090E0091019043
:10E5100001223448079B0A99FFF78CFA0FB0F0BD2F
:10E52000022F18D10898C0B2E1B22204120E2302C1
:10E530001B0E0293039204910590FF210998C0B22B
:10E540000191009009980004030E022225480A99BF
:10E55000FFF770FAE2E7FF2F35D12349091FC86B97
:10E56000FAF7EAFDC0B20790F0B23104090E3202A8
:10E57000120EEBB202930392049105902804000E50
:10E580002902090E0091019001221648079B0A9961
:10E59000FFF750FA0898C0B2E1B22204120E23022B
:10E5A0001B0E0293039204910590FF210998C0B2BB
:10E5B0000191009009980004030E022209480A996B
:10E5C000FFF738FAAAE7FF20029003900490059025
:10E5D000009003463A46019002480A99FFF72AFA4A
:10E5E00000BF9BE764070020F404002000007A4489
:10E5F000FC020020F0B587B00C4615461849886922
:10E60000184906F0C5F80746FAF796FD86B2FF21CD
:10E61000F0B2039104910591029030121049097FE4
:10E6200000910190104800788000F0300F4FBF78C3
:10E63000C019C2B260030F277F05C019AF02C0190D
:10E640000B4F3F78FF00C019094F7F78C11904486C
:10E65000808B0004030E0648FFF7ECF907B0F0BD0D
:10E6600044020020000020417C05002068050020B5
:10E6700064070020F0B587B006460C4615461948D9
:10E68000007A184909890904090E164A926812028B
:10E69000120E144B9B681B0E02930392049105907B
:10E6A000104800780F4909880904090E009101906B
:10E6B00060031F273F05C019AF02C0190A4F3F78FA
:10E6C000FF00C019084F7F78C11906480068000292
:10E6D000030E04480068020E0348FFF7ABF907B0C9
:10E6E000F0BD00008805002064070020F0B587B069
:10E6F0000C4615461E4948683C21F9F7A3FD86B231
:10E700001C4840780001C0301A49897889004018B7
:10E71000184909784018C0B20690FF221649898D21
:10E72000C9B2069804920592029103901248808D16
:10E730000004000E0E49497D09010D4A127D891819
:10E74000C9B200910190600301277F06C019AF0292
:10E75000C0190A4F3F78FF00C019084F7F78C119D0
:10E76000F3B232120548FFF765F907B0F0BD0000BB
:10E77000880500204401002088060020640700204E
:10E78000F0B587B00D4616461C46680321210905E1
:10E790004018B10240184D490978C90040184B494A
:10E7A00049784718012C15D1FF214948C0780391B9
:10E7B0000491059102904648807845494978009136
:10E7C000019043480378012239464048FFF732F967
:10E7D00007B0F0BD022C14D1FF213D48C079039150
:10E7E0000491059102903A4880793949497900911C
:10E7F000019037480379022239463448FFF71AF965
:10E80000E6E7032C14D1FF213148C07A039104912B
:10E81000059102902E48807A2D49497A0091019005
:10E820002B48037A032239462848FFF703F9CFE73C
:10E83000FF2C3CD1FF212648C0780391049105911B
:10E84000029023488078224949780091019020481D
:10E850000378012239461D48FFF7ECF8FF211C48D8
:10E86000C079039104910591029019488079184963
:10E8700049790091019016480379022239461348DC
:10E88000FFF7D8F8FF211248C07A0391049105914F
:10E8900002900F48807A0E49497A009101900C4805
:10E8A000037A032239460948FFF7C4F890E7FF20AE
:10E8B000029003900490059000900346224639464A
:10E8C00001900248FFF7B6F800BF81E76407002017
:10E8D00054070020F0B587B00C4615461648FCF7E3
:10E8E00007FC87011548FEF749FC00013F18144852
:10E8F000FCF7DEFC80003F181248FEF719FA3818C2
:10E90000C6B2FF2002900390049005900090019001
:10E910006003272212058018AA0280180A4A12787A
:10E92000D2008018084A52788118FF2332460648E0
:10E93000FFF780F807B0F0BD44010020400300203D
:10E94000720500201C03002064070020F0B587B08A
:10E9500004460D461646FF231C48007A1B490989C8
:10E9600009121B4A527905930292039104901948A7
:10E97000417819484079194A127992001043F022DF
:10E980001043C0B2019100901048007F134F7F796F
:10E99000BF0038430E4FBF793F0138430E4FBF7958
:10E9A000BF013843C2B20E480078C0000D4FC019F5
:10E9B0000B4F7F78C11907488079FC2738430346FD
:10E9C0000748FFF737F807B0F0BD00001C03002030
:10E9D00040030020D80200204401002072050020DE
:10E9E0006407002000FCFF02FEB506469048807DCB
:10E9F000042800D0FEBD8E48C07C00282BD000200B
:10EA00008B49C8748B480078002821D08948007849
:10EA1000052812D004DC012807D0022812D105E015
:10EA20000E2804D024280DD102E000BF00BF00BF93
:10EA300001217F4805F086F909E002217C4805F0B4
:10EA400081F904E004217A4805F07CF900BF00BF99
:10EA50007948FCF73AFC7948FFF7DAF87449C96855
:10EA6000401A7D21C900884200D2C3E77348FFF7EE
:10EA7000CFF86F49C8600120714948746C488068BC
:10EA8000401C6B49886008460068401C08606D485F
:10EA90000069401C6B4908616B48007864498968CB
:10EAA000009101906248C27D817D00236748FEF796
:10EAB00095FBC4B22146644804F002FD64488078A6
:10EAC000002804D000216248FEF77AFA11E060487D
:10EAD000007957498968009101905548C27D817D30
:10EAE00002235A48FEF77AFBC4B221465848FEF783
:10EAF00067FA5848807F002803D15648C07F002815
:10EB000005D0002211465348FDF716FF19E0514980
:10EB10004869514905F03CFE0746FAF70DFB0546EA
:10EB200043488068019500904148C27D817D012362
:10EB30004648FEF753FB0446002221464548FDF7B0
:10EB4000FBFE464800793A498968009101903848AF
:10EB5000C27D817D03233D48FEF740FBC4B22146C0
:10EB60003E48FCF737FB3248C07D002806D001281C
:10EB700031D0022849D0042851D100E000BF2C48F0
:10EB800080685A280DD92A4880686E2809D23448EE
:10EB90001E21415E5A2904DA05220021244805F08D
:10EBA000FAF8234880687D2809D92D481E21415E46
:10EBB0005A2904DA052200211D4805F0ECF81C480A
:10EBC0008068FF210F31884204D9052200211848AE
:10EBD00005F0E1F828E0164880681E2809D9204889
:10EBE0001E21415E5A2904DA05220021104805F051
:10EBF000D2F80F488068FF210F31884204D90522DE
:10EC000000210B4805F0C7F80EE009488068C828C5
:10EC100004D905220021064805F0BDF804E00121D1
:10EC2000034805F08FF800BF00BF00BFE2E6000018
:10EC300088050020B001002072050020A4010020FA
:10EC400088080020F4060020D8020020D406002006
:10EC5000400300201C0300200000C84244010020A3
:10EC600044020020FEB50646DC48807D022800D024
:10EC7000FEBDDA48C07C002812D00020D749C874F5
:10EC8000D748FCF77FFDD748C26A1E21415ED348B2
:10EC900004F098FEC1B2D4480174D448FCF712FBCA
:10ECA000CE4805F00BF8002819D0CC48C07D0028CC
:10ECB00005D105220021C94805F06DF80EE0C748CE
:10ECC000C07D042805D100220421C44805F063F862
:10ECD00004E004221146C14805F05DF8C8E7C448C5
:10ECE000FEF796FFBD49C968401A7D21C9008842D8
:10ECF00000D2BDE7BE48FEF78BFFB849C8600120CF
:10ED0000BC494874B5488068401CB44988600846CE
:10ED10000068401C0860B8480069401CB64908619A
:10ED2000AE4804F0DFFEB54805F0CCF9B4480078F1
:10ED3000AA49896800910190A848C27D817D00237D
:10ED4000B048FEF74BFAC4B22146AD4804F0B8FB18
:10ED5000AD480079A1498968009101909F48C27D22
:10ED6000817D0223A748FEF739FAC4B22146A6489E
:10ED7000FEF726F9A5494869A54905F009FD0746AA
:10ED8000FAF7DAF9054695488068019500909348AE
:10ED9000C27D817D01239B48FEF720FA04460022B4
:10EDA00021469A48FDF7C8FD9A4800798B49896841
:10EDB000009101908948C27D817D03239148FEF72F
:10EDC0000DFAC4B221469348FCF704FA8348C07D8B
:10EDD000030005F0F3F9070516405788C5DFFA0070
:10EDE0007F48FCF7B5FB7E48FCF710FC7B48816848
:10EDF0007D48007C814203D30121784804F0A2FFC2
:10EE0000E9E076488068142810D97548FCF71CFCA6
:10EE100000280BD00120714908747748006C401C11
:10EE20007549086404216D4804F08CFF6B488068C4
:10EE3000782803D30221694804F084FF6D480A2131
:10EE4000415E664804F040FE002803D00621634876
:10EE500004F078FFBFE0614880680F2808D9614856
:10EE60001E21415E6E2903DC03215C4804F06AFF29
:10EE70005A488068FF212D31884202D90120584923
:10EE8000C870A8E055488068142810D95448FCF789
:10EE9000DBFB00280BD00220504908745648406C18
:10EEA000401C5549486404214C4804F04BFF4B4832
:10EEB000806878280AD30320484908744E48806C3B
:10EEC000401C4D49886401204549887049480A2101
:10EED000415E424804F0F8FD002803D006213F4877
:10EEE00004F030FF77E000213D48FCF761FC00288A
:10EEF00003D00521394804F025FF3948FCF74CFBC5
:10EF0000002808D0354880683C2804D332220321E9
:10EF1000324804F040FF31488068782806D33048F2
:10EF2000FCF7B8FB05212D4804F00CFF2D482221E9
:10EF3000415E2D4820380A22825E914203DB062181
:10EF4000264804F0FFFE2B480A21415E234804F0C6
:10EF5000BBFD002803D00621204804F0F3FE3AE070
:10EF60001E4880681E280BD31E481E21415E6E2954
:10EF700006DA1B48FCF706FC0021184804F0E2FE04
:10EF800016488068FF212D31884202D301201449A0
:10EF9000C87020E0114880683C2809D311481E2120
:10EFA000415E6E2904DA042201210C4804F0F3FECC
:10EFB0000A488068FF212D31884204D304220121B0
:10EFC000064804F0E8FE06E0FFE7012204210348BA
:10EFD00004F0E1FE00BF00BF00BF49E68805002045
:10EFE000FC02002044020020A80600207205002038
:10EFF000A401002088080020F4060020500300200F
:10F00000D8020020D4060020400300201C0300206A
:10F010000000C8424401002010B504462F48807DFE
:10F02000062800D010BD2D48C07C002807D0002045
:10F030002A49C8742070607060602072607228482D
:10F040004078002805D101220021244804F0A3FEC5
:10F05000E8E72448FEF7DCFD2049C968401A7D2115
:10F06000C900884200D2DDE71E48FEF7D1FD1B49EA
:10F07000C86001201A49487418488068401C174924
:10F08000886008460068401C08600846C07D00286B
:10F090001BD12178144804F013FA61781348FDF766
:10F0A0008FFF002212486168FDF746FC217A114863
:10F0B000FCF790F8607A002803D00F48FCF702F9BB
:10F0C00002E00D48FCF701F905E0032200210348A6
:10F0D00004F061FE00BF00BF00BFA3E78805002069
:10F0E00088080020A4010020D8020020400300204E
:10F0F0001C03002044010020720500200021017043
:10F10000417041600172417270470000FEB50646D1
:10F11000E648807D012800D0FEBDE448C07C002880
:10F1200008D00020E149C874E148FDF7AFFEE1488E
:10F13000FCF7C8F8DD4804F0C1FD002805D0052221
:10F140000021DA4804F027FEE6E7DB48FEF760FD21
:10F15000D649C968401A7D21C900884200D2DBE740
:10F16000D548FEF755FDD149C8600120D349487400
:10F17000CE488068401CCD49886008460068401C25
:10F180000860CF480069401CCD490861C74804F0B9
:10F19000A9FCC648C07D002806D0012859D0022805
:10F1A0007ED004287DD114E1C6480078BF49896823
:10F1B00000910190BD48C27D817D0023C248FEF7C9
:10F1C0000DF8C4B22146BF4804F07AF9BF4800796F
:10F1D000B649896800910190B448C27D817D0223BF
:10F1E000B948FDF7FBFFC4B22146B848FDF7E8FE79
:10F1F000AF494869B64905F0CBFA0746F9F79CFFD5
:10F200000546AA48806801950090A848C27D817D86
:10F210000123AD48FDF7E2FF044600222146A44841
:10F22000FDF78AFBAB480079A049896800910190FD
:10F230009E48C27D817D0323A348FDF7CFFFC4B262
:10F240002146A448FBF7C6FF0121984804F07AFD47
:10F2500028E19C480078954989680091019093487D
:10F26000C27D817D00239848FDF7B8FFC4B22146D6
:10F27000944804F025F9954800798C4989680091F3
:10F2800001908A48C27D817D02238F48FDF7A6FF49
:10F29000C4B221468D48FDF793FE8549486901E0D7
:10F2A00033E0F9E08A4905F073FA0746F9F744FFBD
:10F2B00005467E488068019500907C48C27D817D2E
:10F2C00001238148FDF78AFF044600222146784841
:10F2D000FDF732FB7F4800797449896800910190FD
:10F2E0007248C27D817D03237748FDF777FFC4B262
:10F2F00021467848FBF76EFF6C4880680F2803D9D9
:10F3000004216A4804F01EFDCCE06E48007867498D
:10F310008968009101906548C27D817D00236A481B
:10F32000FDF75CFFC4B22146664804F0C9F867489F
:10F3300000795E498968009101905C48C27D817DB9
:10F3400002236148FDF74AFFC4B221465F48FDF73A
:10F3500037FE574948695E4905F01AFA0746F9F73A
:10F36000EBFE054651488068019500904F48C27DEC
:10F37000817D01235448FDF731FF044600222146D8
:10F380004B48FDF7D9FA53480079484989680091FC
:10F3900001904648C27D817D03234B48FDF71EFF47
:10F3A000C4B221464B48FBF715FF4B481E21415E76
:10F3B0005A2904DA002202213C4804F0ECFC3B48C4
:10F3C0008068FF212D31884202D901204349C8704D
:10F3D00068E03648007D042822D13448806805283A
:10F3E00007D21E21374804F06BF801203C49087011
:10F3F0001AE03B48007800280DD037481E21415EB6
:10F400005A2904DB1E212F4804F05AF80CE0002092
:10F410003349087008E000212A4804F051F803E05D
:10F420000021284804F04CF800212848FDF7C8FDC9
:10F43000002211461E48FDF77FFA2148C06B401C90
:10F440001F49C863194804F07DF9002803D0022140
:10F45000164804F077FC1548007D042803D11D48A8
:10F46000FBF72AFE17E001241048007D002804D194
:10F4700018480078002800D100240C48007D02289C
:10F4800004D114484078002800D1002421461148B6
:10F49000FBF7A0FE00BF05E005220021034804F0B1
:10F4A0007AFC00BF00BF00BF36E6000088050020E0
:10F4B0001C03002072050020A40100208808002001
:10F4C000F4060020D8020020D406002040030020CB
:10F4D0000000C8424401002044020020FC02002039
:10F4E0007601002010B504464D48807D052800D0E7
:10F4F00010BD4B48C07C002802D000204849C87489
:10F5000048488078002805D101220021444804F0B1
:10F5100042FCEDE74448FEF77BFB4149C968401ACD
:10F520007D21C900884200D2E2E73F48FEF770FB28
:10F530003B49C86001203B49487439488068401CF9
:10F54000374988600846C07D002860D137488078F8
:10F55000C007C00F002809D0344880886422504377
:10F56000014600223248FDF7E7F904E00022114687
:10F570002F48FDF7E1F92D48408802210840022874
:10F5800007D141032B48FAF72FFE2B48FBF79AFED1
:10F5900004E0012189032748FAF724FE2348408824
:10F5A00004210840042805D12048017C2348FDF7A8
:10F5B00007FD03E000212148FDF702FD1B484088BC
:10F5C00008210840082805D11848017B1C48FBF792
:10F5D00001FE03E000211A48FBF7FCFD13484088B8
:10F5E0001021084010280DD11048C088002805D0EF
:10F5F0000E488179134803F063FF07E000201149AA
:10F60000087003E000210F4803F05AFF05E00122D3
:10F610000021034804F0BFFB00BF00BF00BF67E745
:10F620008805002088080020A4010020BE060020D4
:10F630001C03002000080048720500204003002041
:10F6400044010020D802002070B50546002108487A
:10F65000FCF7AEF80446012C03D11621054804F04E
:10F6600071FB022C03D11621024804F06BFB70BD24
:10F67000FC02002088050020FEB50546EB48807D91
:10F68000032800D0FEBDE948C07C002805D000203A
:10F69000E649C874E648FBF715FEE44804F00EFBA3
:10F6A00000281DD0E148C07D1E2805D1052200217B
:10F6B000DE4804F070FB12E0DC48C07D322809DB34
:10F6C000DA48C07D3B2805DC00220421D74804F03D
:10F6D00062FB04E004221146D44804F05CFBD1E74D
:10F6E000D448FEF795FAD149C968401A7D21C9006E
:10F6F000884200D2C6E7CF48FEF78AFACB49C860F5
:10F700000120CD494874C9488068401CC7498860B9
:10F7100008460068401C0860C8480069401CC7498A
:10F720000861C24804F0DEF9C54804F0CBFCC548C6
:10F730000078BE49896800910190BC48C27D817DF6
:10F740000023C148FDF74AFDC4B22146BD4803F07D
:10F75000B7FEBE480079B549896800910190B34869
:10F76000C27D817D0223B848FDF738FDC4B2214631
:10F77000B648FDF725FCB6494869B64905F008F8D2
:10F780000746F9F7D9FC0646A8488068019600901C
:10F79000A648C27D817D0123AB48FDF71FFD0446CD
:10F7A00001222146AA48FDF7C7F8AB4800799F49D6
:10F7B0008968009101909D48C27D817D0323A24804
:10F7C000FDF70CFDC4B22146A348FBF703FD9748A3
:10F7D000C07D32287EDB9548C07D3B287ADC93498A
:10F7E000C87D0A21F8F738FDCCB2A1009348143047
:10F7F0004058401CA2009149143188508E480A217B
:10F80000415E8A4804F060F9002803D01C21874833
:10F8100004F098FA91482221415E91480A22825EC2
:10F82000914203DB1C21814804F08CFA7F4804F0EC
:10F8300003F9002803D01C217C4804F083FA7B489C
:10F8400080680A2853D986480A21415E6200D2386E
:10F85000805E091A81482222825E914207DC80483C
:10F86000807DA04203DA7148007EFD280BDC6F48E2
:10F87000007EFD2810DA6D48007EA0420CDA784840
:10F88000807DA04208DA20463130C1B2674804F0DA
:10F8900059FA7448FCF760F871480A21415E620029
:10F8A000E638805E091A6D482222825E914207DBAB
:10F8B0006B48C07DA04203DD5C48007EFD280DDC66
:10F8C0005A48007EFD2812DA5848007EA0420EDD1C
:10F8D000634800E00FE0C07DA04208DD20463330E1
:10F8E000C1B2524804F02EFA5E48FBF73FFE2846AC
:10F8F000FFF7AAFE97E04D48C07D162823D01C28AC
:10F9000004D01E283CD020286FD13DE047488068B5
:10F9100014280ED951481E21415E5A2904DB434860
:10F9200004F006F9002804D0042201213F4804F025
:10F9300032FA3E488068F02804D9042201213B486D
:10F9400004F029FA6EE03948806832280ED943481D
:10F950001E21415E5A2904DB344804F0E9F80028EE
:10F9600004D004220121314804F015FA2F488068A0
:10F97000FF212D31884202D901203A49C87051E057
:10F980002B48FBF7A2FC4DE02B480A21415E27489B
:10F9900004F09AF8002803D01C21244804F0D2F97E
:10F9A0002E482221415E2E480A22825E914203DBCC
:10F9B0001C211E4804F0C6F91C4804F03DF800283C
:10F9C00003D01C21194804F0BDF9184880680228AA
:10F9D00003D22448FBF7D8FD1DE01448806819289D
:10F9E00004D22048FBF712FE15E015E01D48007D0B
:10F9F000002803D00D488068642803D916210B48DD
:10FA000004F0A0F91748FBF785FE002803D0322147
:10FA1000064804F097F905E001220421034804F0A8
:10FA2000BAF900BF00BF00BF2CE600008805002027
:10FA300072050020A401002088080020F4060020A0
:10FA400050030020D8020020D406002040030020EC
:10FA50001C0300200000C842440100204402002092
:10FA600088060020FC0200207CB505469848807D71
:10FA7000002800D07CBD9648C07C002808D000201B
:10FA80009349C8749348FBF720FC0020924988747E
:10FA90008F48C07D01281FD19048007800281BD0D6
:10FAA0008F480068002817D18E480078002809D1B7
:10FAB0008D48C079002805D18C48FBF7ADFC0020AB
:10FAC00083498860824880680A2805D900218548D2
:10FAD000017000208449C8717D4804F035F8002881
:10FAE00015D08348FEF7CEF882480068401C814953
:10FAF0000860012205217F4803F0A6F800220121B9
:10FB0000734804F048F9002071490860B2E7724870
:10FB10004079002808D07648FEF7B4F81E22032169
:10FB20006B4804F038F9A5E76B488078002809D0C5
:10FB30006748C07D012805D100220521644804F0F2
:10FB40002AF997E76448407800280CD06048C07DC7
:10FB5000012808D16648FEF795F8002206215C4886
:10FB600004F019F986E76448FEF752F85849C96865
:10FB7000401A7D21C900884200D27BE75E48FEF72B
:10FB800047F85349C8600120534948745048806879
:10FB9000401C4F4988600846C07D012804D00328D6
:10FBA00029D005287AD162E00021544803F088FC6E
:10FBB00000215348FDF704FA002211465148FCF792
:10FBC000BBFE4348007D042803D14F48FBF774FA7D
:10FBD00010E04E480078002808D04B488078002874
:10FBE00004D001214848FBF7F5FA03E0002146481C
:10FBF000FBF7F0FA68E041480078354989680091E0
:10FC000001903348C27D817D00234148FDF7E6FA2B
:10FC1000C4B22146394803F053FC394800792C49D5
:10FC20008968009101902A48C27D817D022338486D
:10FC3000FDF7D4FAC4B221463148FDF7C1F90022DC
:10FC400011463048FCF778FE00212F48FBF7C2FA36
:10FC50001F488068C82805D8204880381E21415E8A
:10FC60006E2903DA01211A4804F06CF82CE0002117
:10FC7000224803F025FC00212148FDF7A1F90022CC
:10FC800011462048FCF758FE19480078002806D194
:10FC900018484068401C1749486005E00FE01548C7
:10FCA0008068401C13498860124802F03DFE1948E4
:10FCB00003F030F80121064804F044F804E0032181
:10FCC000034804F03FF800BF00BF00BFD2E60000C9
:10FCD000880500207205002088080020C40200204A
:10FCE000A0080020840800206805002005010020ED
:10FCF000B0010020F4060020A4010020D80200205A
:10FD0000400300201C030020440100207C0500204B
:10FD1000D4060020440700200021C17401747047FC
:10FD200070B505460C46182C02D16F48007870BD9E
:10FD3000012C02D16D48807DF9E7022C02D16B487D
:10FD4000C07DF4E7032C02D168480068EFE7042C7B
:10FD500002D166488068EAE7052C08D16449C86A80
:10FD6000644904F015FD0646F9F7E6F9DFE7062CCD
:10FD700003D15F491E20085ED9E7282C03D15C49D6
:10FD80002220085ED3E7292C03D159492420085E9C
:10FD9000CDE7112C09D158494868564904F0F8FCC0
:10FDA0000646F9F7C9F980B2C1E7122C09D15249C8
:10FDB0004869504904F0ECFC0646F9F7BDF980B2F9
:10FDC000B5E70F2C02D14D480078B0E7102C02D1D6
:10FDD0004A488078ABE7132C01D14948A7E7142C97
:10FDE00002D148488068A2E7152C02D14548007925
:10FDF0009DE7162C02D13E48808F98E7192C02D13E
:10FE00003948807893E71A2C02D13748C0788EE7BA
:10FE10001B2C02D13448007989E71C2C02D13248CE
:10FE2000407984E71D2C02D12F4880797FE71E2C72
:10FE300002D12D48C0797AE71F2C02D12A48007AD6
:10FE400075E7202C02D12848407A70E7212C02D196
:10FE50002548807A6BE7222C02D12448007C66E793
:10FE6000242C03D128490620085E60E7252C03D105
:10FE700025490820085E5AE7262C02D122484079FD
:10FE800055E72E2C03D12148FBF796F94FE7312C8B
:10FE900003D117484030008949E7322C03D1144878
:10FEA0004830408843E7332C03D1114848308088DC
:10FEB0003DE7342C03D10E484830C08837E7352C55
:10FEC00003D10B484830008931E7362C03D108486C
:10FED000483040892BE7372C03D1054848308089CA
:10FEE00025E70020C04322E7B0010020880500205C
:10FEF000440200200000C8421C030020D802002059
:10FF0000204E000040030020FC020020440100209D
:10FF100013B59CB018211D984843FE4940188068CD
:10FF20000003400E1B9018211D984843F9494018C2
:10FF30000089C004400F1A900846303801781B9899
:10FF4000814204D01B987F2801D01EB010BDF1481B
:10FF5000303841781A98814203D01A98072800D087
:10FF6000F3E718211D984843EA4940188068000DBE
:10FF7000159018211D984843E649401800898005CE
:10FF8000400E149018211D984843E2494018007A09
:10FF90004007400F139000200D900EE018211D988F
:10FFA0004843DC4940180F300D99415C0FAA0D9869
:10FFB00011540D98401CC0B20D900D980828EDDB2F
:10FFC0001498782805DB14987B2802D000211C980F
:10FFD000C1741598010514984003091813988002FC
:10FFE0000818CC4930390978C9004018C949303956
:10FFF0004978401812901598082801D100F0F8FEB1
:020000040801F1
:1000000010DC082801D301F0BAF943007B449B8837
:100010005B009F4421081A002108590590059105AD
:1000200092054706222801D101F0B5F806DC132815
:1000300001D101F012F81628E5D1F5E3262801D107
:1000400001F00BF92F28DED1EFE3149840030121D2
:1000500049054118139880020818AE4930390978CB
:10006000C9004018AB49303949784018129008A8A7
:10007000007F010208A8407F0818142875D014DCFE
:10008000052873D008DC002822D0012838D00328A6
:1000900072D004286CD18DE006286AD0072869D078
:1000A0000B2868D01328F5D1EEE143287CD008DC7A
:1000B00016287AD02D2879D0412878D04228E9D145
:1000C0000AE3442874D0452873D04628E2D1FCE3E3
:1000D000FF20062202920490039205900220222122
:1000E0000091019008A8407F0D9008A8007F0C9017
:1000F0000246884830380D9B1299FDF79BFC99E227
:1001000001211C98C17008A8807FFF2803D108A88E
:10011000C07FFF2809D008A8807F010208A8C07FFF
:1001200008183C2148437C4948607B4840683C2192
:100130000D90F8F787F880B21690FF200290039098
:10014000049005901698C1B200120191009008A881
:10015000407F0D9008A8007F0C9002466D48303813
:100160000D9B1299FDF766FCC9E79BE157E003E0A0
:10017000F9E36FE02FE170E101211C980171FF208C
:1001800002900390049005900090019008A8407F91
:100190000D9008A8007F0C9002465E4830380D9BF9
:1001A0001299FDF747FCAAE7A2E29AE1A7E142E231
:1001B00004E33BE301211C98417108A8807FFF28DC
:1001C00003D108A8C07FFF2809D008A8807F0102BA
:1001D00008A8C07F08183C2148434F4948604E4852
:1001E00040683C210D90F8F72DF880B21690FF2062
:1001F00002900390049005901698C1B200120191EC
:10020000009008A8407F0D9008A8007F0C9002463F
:10021000404830380D9B1299FDF70CFC6FE73F48C2
:10022000FDF730FDFF2002900390049001460590F9
:100230003A4800780191009008A8407F0D9008A8E6
:10024000007F0C900246334830380D9B1299FDF721
:10025000F1FB54E708A8807FFF2803D108A8C07FDE
:10026000FF2809D008A8807F010208A8C07F0818CD
:100270003C2148432849486010A800780007000F37
:100280000F2808D010A800780007000F01460D9035
:10029000214803F093FA10A80078F0210840F028D4
:1002A00008D010A800780840001101460D901A48A7
:1002B00003F096FA184803F09AFA10A84078010261
:1002C00010A88078081880B21690154916988842B0
:1002D00003D0169801B21348818510A8C078800712
:1002E000800F0E900E98032809D00E98012801D196
:1002F0000D4908700E98002801D10B49087010A80C
:10030000C0780C2108400E900E980C2817D00E983B
:1003100004280BE09407002088050020B00100208D
:10032000FFFF0000880600204401002002D10120C8
:10033000FE4988700E98002801D1FC49887010A8E9
:10034000C078302108400E900E98032809D00E98EE
:10035000012801D1F54948700E98002801D1F349D0
:100360004870F34840683C210D90F7F76BFF80B26E
:100370001690EE4840780001C030EC498978890039
:100380004018EA4909784018C0B20E90E948808DBB
:10039000C1B2E848808D0004000EE54B5B7D1B0177
:1003A000E34C247D1B19DBB20E9A029303AB07C307
:1003B0001698C0B2169909120091019008A8407FC2
:1003C0000D9008A8007F0C900246DB480D9B129907
:1003D000FDF730FB76E308A8807F0A2829DAFF239F
:1003E00008A8807F4100D2482E30425C08A8807F58
:1003F0004100CF482E30405A0004010E08A8807FEB
:100400004400CB481A30005D02AC0FC408A8807FBE
:100410004100C7481A30405A0004000E08A9897FDD
:100420000823002200910190C3481299FDF702FBB6
:1004300012E0FF200290039004900590009001903C
:1004400008A8407F0D9008A8007F0C900246BA488B
:100450000D9B1299FDF7EEFA34E3FF200290039012
:1004600004900146059008A8807F0191009008A89B
:10047000407F0D9008A8007F0C900246AE480D9B6F
:100480001299FDF7D7FA1DE308A8807FFF2803D053
:1004900008A8807FA649087607227F21A748FDF794
:1004A0006FFD0FE3A64801F0C7FDFF200290039007
:1004B00004900590A2488030808FC0B2A04980315E
:1004C000898F09120091019008A8407F0D9008A81B
:1004D000007F0C90024698480D9B1299FDF7AAFAEE
:1004E000F0E298489849C86300BFBFF34F8F974820
:1004F0009749C860BFF34F8F00BF00BFFEE708A851
:10050000807F8007800F0E900E98012801D19149BD
:10051000C8720E98002801D18E49C87208A8807F41
:100520000C2108400E900E98042802D10120894920
:1005300008730E98002801D18649087308A8807FA7
:10054000302108400E900E98102802D101208149D8
:1005500048730E98002801D17E49487308A8807F0F
:10056000C02108400E900E98402802D10120794900
:1005700088730E98002801D17649887308A8C07F37
:100580008007800F0E900E98012801D17149C87321
:100590000E98002801D16F49C87308A8C07F0C21AC
:1005A00008400E900E98042802D101206949087471
:1005B0000E98002801D16749087408A8C07F30212F
:1005C00008400E900E98102802D10120614948740D
:1005D0000E98002801D15F49487408A8C07FC02147
:1005E00008400E900E98402802D101205949887485
:1005F0000E98002801D1574988745648FDF726FB0C
:100600000D905448FDF715FB0C90FF2002900390CD
:10061000049005900D990C980191009008A8407FD6
:100620000B9008A8007F0A90024643480B9B129942
:10063000FDF700FA46E208A8807F072806D00A28BE
:1006400022D00C2811D01B283CD12CE001213C48A1
:10065000E030C17508A8C07F010210A80078081812
:1006600001B237488030418434E001213448E03021
:10067000017608A8C07F010210A80078081801B20E
:100680002F488030C18325E001212D48E03041769C
:1006900008A8C07F010210A80078081801B22848F5
:1006A0008030818416E001212548E030817508A85A
:1006B000C07F010210A80078081801B220488030DD
:1006C000818307E000211E48E0308175C175017605
:1006D000417600BF00BFF5E11548807D002806D1B6
:1006E0001348C07D012802D11A48FDF7CBFAE9E191
:1006F00008A8807F8007800F0E900E9803280BD0EB
:100700000E98012802D101211C9841700E980028F2
:1007100002D100211C98417008A8807F0C2108405C
:100720000E900E980C2822D00E9815E0440100205F
:10073000880500208806002064070020A101002011
:10074000C401002055AA1600C00000200400FA05CC
:1007500000ED00E0B0010020042802D101211C9826
:1007600081700E98002802D100211C9881701C987D
:100770004078002806D01C988078002802D00021FC
:100780001C988170FF200290039004900146059010
:100790001C98807882001C9840781018C0B2019193
:1007A000009008A8407F0D9008A8007F0C9002469A
:1007B000F9480D9B1299FDF73DF983E11C984078AB
:1007C000002830D008A8807F8007800F0E900E98F8
:1007D000032809D00E98012801D1F04908720E981B
:1007E000002801D1ED49087208A8C07FFF2803D076
:1007F00008A8C07FE949087010A80078FF2803D036
:1008000010A80078E549487010A84078010210A8A7
:100810008078081880B21690E1491698884202D074
:10082000DE49169848604DE1FEE3FEE308A8C07F6C
:10083000010210A80078081880B2169008A8807FDE
:10084000032843D006DC002809D0012819D002284B
:100850006BD128E004284BD0172866D15AE0D04944
:10086000169888420CD0CF49169888800846808810
:100870000A2802DD0A21CB488180CA488088169068
:1008800056E0C749169888420CD0C6491698488148
:1008900008464089012802DD0121C2484181C14842
:1008A0004089169044E0BE49169888420CD0BD4954
:1008B000169808820846008A642802DD6421B94837
:1008C0000182B848008A169032E04DE0B44916988B
:1008D00088420CD0B349169888810846808901283F
:1008E00002DD0121AF488181AE48808916901FE06A
:1008F000AB49169888420CD0AA491698C881084678
:10090000C089642802DD6421A648C181A548C08948
:1009100016900DE0A2491698884205D0A149169874
:10092000C8800846C088169002E09D48169000BF17
:1009300000BFFF211698C0B2039104910591029067
:100940001698001208A9897F0091019008A8407F9D
:100950000D9008A8007F0C9002468F480D9B1299BD
:10096000FDF768F8AEE099E008A8807F8007800F67
:10097000012806D18B484088FE210840401C894947
:10098000488008A8807F8007800F002805D185480F
:100990004088FE2108408349488008A8807F0C21B8
:1009A0000840042806D17F484088FD210840801C6B
:1009B0007C49488008A8807F0C210840002805D188
:1009C00078484088FD2108407649488008A8807F03
:1009D00030210840102806D172484088FB21084089
:1009E000001D7049488008A8807F302108400028F9
:1009F00005D16C484088FB2108406A49488008A816
:100A0000807FC0210840402806D166484088F721F1
:100A1000084008306349488008A8807FC02108400A
:100A2000002805D15F484088F72108405D4948808B
:100A300008A8C07F8007800F012806D15948408848
:100A4000EF21084010305749488008A8C07F800730
:100A5000800F002805D153484088EF2108405149B4
:100A6000488008A8C17FFC20014308A8C177FF2067
:100A7000029003900490059008A8C17F807F0191A7
:100A8000009008A8407F0D9008A8007F0C900246B7
:100A900041480D9B1299FCF7CDFF13E0FF20029017
:100AA0000390049005900090019008A8407F0D905D
:100AB00008A8007F0C90024637480D9B1299FCF75E
:100AC000B9FF00BF00BFC7E208A8007F010208A865
:100AD000407F081880B201460D901C98FFF720F95E
:100AE00080B21690FF221698C1B2001202AB07C363
:100AF0000592169801140016019100901498400375
:100B000001218905411813988002081822490978A3
:100B1000C90040182049497840180B9008A8407F28
:100B20000D9008A8007F0C9002461B480D9B0B9966
:100B3000FCF780FFC7E7C6E78EE208A8007F010246
:100B400008A8407F081880B2179017980A38030049
:100B500003F034FB1E10161C2C32383E444A8850D9
:100B600088888888888888565C666C7278888888C7
:100B7000888882880C48139A1499FDF701FA8FE04F
:100B80000948139A1499FDF731FA89E00648139A37
:100B90001499FDF765FA83E064070020E806002059
:100BA000FFFF0000BE060020A1010020FE48139AAE
:100BB0001499FDF7AFFA73E0FB48139A1499FDF707
:100BC000E7FA6DE0F848139A1499FDF719FB67E00E
:100BD000F548139A1499FDF749FB61E0F248139A1E
:100BE0001499FDF777FB5BE0EF48139A1499FDF732
:100BF00097FB55E0EC48139A1499FDF7B7FB4FE0CB
:100C0000E948139A1499FDF7E1FB49E008A8807FB1
:100C100003460D90E448139A1499FDF719FC3FE040
:100C2000E148139A1499FDF7E5FC39E0DE48139A80
:100C30001499FDF71FFD33E0DB48139A1499FDF773
:100C400055FD2DE008A8807F03460D90D648139AE5
:100C50001499FDF795FD23E0D348139A1499FDF7F5
:100C600039FE1DE0FF200290039004900590009053
:100C700001901798010514984003091813988002F1
:100C80000818CA490978C9004018C8494978401865
:100C9000FF231A4601460D90C448FCF7CBFE00BF67
:100CA00000BF6CE308A8007F002806D0012818D0F8
:100CB000022849D003287DD15AE0BD48FBF770FDDA
:100CC000FF2002900390049005900090019008A8E6
:100CD000007F034604220D90B4481299FCF7AAFE47
:100CE00084E010A80078010610A8407800040918D4
:100CF00010A880780002091810A8C07808180D9074
:100D000008A8807F010208A8C07F08180C9001463F
:100D1000A7480D9AFAF73EFE10A8C178827843786A
:100D20000078039304920591029008A8C17F807F08
:100D30000191009008A8007F034604220D909B4873
:100D40001299FCF777FE51E09948FBF7CDF8FF20A8
:100D500002900390049005900090019008A8007FF5
:100D6000034604220D9091481299FCF763FE3DE082
:100D700008A8807F010208A8C07F081801460D90CE
:100D80008B48FAF7B5FF11901198C1B20004020E1A
:100D900011980002030E1198000E0393049205911E
:100DA000029008A8C17F807F0191009008A8007F71
:100DB000034600E006E004220D907C481299FCF7FF
:100DC00039FE13E0FF20029003900490059008A8DC
:100DD000C17F807F0191009008A8007F0346052213
:100DE0000D9072481299FCF725FE00BF00BFC6E2C5
:100DF0007048807D002803D16E48C07D012803D053
:100E00006C48807D052874D108A8007F30210840F7
:100E100000286FD108A8007F0007000F002804D029
:100E2000032809D0062806D165E0634801F03EFF9B
:100E3000614801F0E4FD84E010A80078010210A8E8
:100E40004078081880B2199010A88078010210A884
:100E5000C078081880B2189000200D9044E01998CE
:100E6000C000564941180D98C00008180C9054490C
:100E70000C98884200D93BE052480C99FAF7DBF90C
:100E80000B900B98401C002800D131E00C99091DF3
:100E90004C48FAF7D0F90A900A98401C002800D173
:100EA00026E00A98C0B20A990904090E0A9A1202A9
:100EB000120E0A9B1B0E02930392049105900B984D
:100EC000C0B20B990904090E009101900B98000221
:100ED000000E03460422099034481299FCF7AAFD3B
:100EE0000D98401C80B20D9018990D988842B6DB81
:100EF00027E09BE026E010A80078010210A84078C7
:100F0000081801460D902C4801F0BEFC1190119874
:100F1000C1B20004020E11980002030E1198000ED7
:100F2000039304920591029010A8407810A90978C3
:100F3000FF230422009101901C481299FCF77AFDCE
:100F400000BF00BF08A8007F3021084010286DD1E5
:100F500008A8007F0007000F002802D003287AD1DC
:100F60000EE000200B9007E017480B9901F0B2FF4C
:100F70000B98401CC0B20B900B980228F4DB6AE07F
:100F800010A80078010210A84078081880B20D90CF
:100F900010A88078010210A8C078081880B20C90C0
:100FA00000200B9052E00000A10100206407002007
:100FB0005407002088050020F406002000E0010806
:100FC000F8E701088401002044070020EE4801688A
:100FD0000D98C00009180B98C00008180A90EA483C
:100FE000C06808380A99884200D233E0E7480A9975
:100FF000FAF721F909900A99091DE448FAF71BF953
:1010000008900898C1B20004020E08980002030E6E
:101010000898000E03930492059102900998C1B2BA
:101020000004000E019102E0A5E034E114E000901C
:1010300009980002000E034604220790D448129932
:10104000FCF7F8FC0B98401C80B20B900C990B98A5
:101050008842BBDB00BF00BF91E108A8007F0128E8
:101060004ED108A8407F8007800F002801D1C949D0
:10107000087008A8407F8007800F012801D1C5496A
:10108000087008A8407F0C210840002802D10021E8
:101090001C98017008A8407F0C210840042802D148
:1010A00001211C98017008A8407F302108400028C9
:1010B00002D100211C98817108A8407F302108408E
:1010C000102802D101211C98817108A8807F014657
:1010D0000D90B148FCF750FF1C99488110A800788A
:1010E0008007800F002802D100211C98017210A8EF
:1010F00000788007800F012802D101211C9801721D
:1011000008A8007F022835D108A8407F01460D902D
:10111000A148FCF731FFA149488108A8807F01461A
:101120000D909D48FCF728FF9C49888108A8C07F46
:1011300001460D909848FCF71FFF9849C88110A8F8
:10114000007801460D909448FCF716FF93490882F9
:1011500010A8407801460D908F48FCF70DFF8F498D
:10116000488210A8807801460D908B48FCF704FF58
:101170008A49888203E110A8C0788011032809D029
:1011800010A8C0788011002801D0012100E00021C2
:101190001C98C171F3E08248807D00285CD18048B2
:1011A000C07D012858D11498400323210905411816
:1011B00013988002081876490978C90040187449C4
:1011C00049784018129008A8007F010608A8407FBF
:1011D0000004091808A8807F0002091808A8C07F29
:1011E00008180D9000200C902CE068480D99FAF733
:1011F00022F811901198C1B20004020E1198000259
:10120000030E1198000E03930492059102900D981D
:10121000C0B20D990904090E009101900D980002C9
:10122000000E0B900D98000E0A90024658480B9B3A
:101230001299FCF7FFFB0D98001D0D900C98401CB7
:1012400080B20C9010A80078010210A8407809180C
:101250000C988142C9DC00BF91E008A8007FFF28FC
:1012600018D008A8007F01460D904B48FCF784FE7B
:101270001C99888100211C98817308A8407F8007F1
:10128000800F012803D101211C98C17302E00021C5
:101290001C98C17373E008A8007F8007800F0228A4
:1012A00005DA08A8007FC007C00F3E49087708A8E4
:1012B000007F0007800F022805DA08A8007F40079A
:1012C000C00F3949487108A8007F8006800F0228A6
:1012D00005DA08A8007FC006C00F3449887108A845
:1012E000007F8011022805DA08A8007F4006C00FA1
:1012F0002F49887108A8407F8007800F022805DAEF
:1013000008A8407FC007C00F2A49887108A8807FBD
:101310000007800F022805DA08A8807F4007C00F69
:101320002349487108A8807F8006800F022805DACB
:1013300008A8807FC006C00F1B49087108A8C07F9D
:10134000FF2803D008A8C07F1A49487010A8007869
:10135000FF2803D010A800781449487110A84078DD
:10136000FF2803D110A88078FF2807D010A8407864
:10137000010210A8807808180A49088100BF00BF40
:1013800000BFFEF7E2FD00004407002084010020BA
:101390006407002064010020A101002088060020CD
:1013A000880500201C030020720500204003002057
:1013B00044010020D802002010B5044648480078B7
:1013C000C007C00F00280CD1454802F005FF0028D7
:1013D00007D04448FCF71CFC434908604048C0461D
:1013E000C04642480078C007C00F00280CD13F48D3
:1013F00002F0F2FE002807D03A48FCF709FC3C490D
:1014000008603A48C046C0463648FCF701FC3649F9
:101410000968401A322861D33248FCF7F9FB324997
:101420000860607C002859D032480078401C31495F
:10143000087008460078030002F0C0FE0B45070D57
:1014400013191F262D33393F450007227F212A48D3
:10145000FCF7CCFD41E007227F212748FCF700FE86
:101460003BE007227F212448FCF754FE35E00722A9
:101470007F212148FCF78CFE2FE0012307227F21EA
:101480001D48FCF7E5FF28E0022307227F211A48C8
:10149000FCF7DEFF21E007227F211748FDF7AAF8BD
:1014A0001BE007227F211448FDF7E4F815E007222E
:1014B0007F211148FDF71AF90FE007227F210E481E
:1014C000FDF744FA09E007227F210B48FCF758FD9D
:1014D000002008490870607400BF00BF10BD000004
:1014E00094010020A4010020980100209001002018
:1014F0009C010020A0010020A10100200121017514
:10150000704700210175704770B504462E48007879
:10151000C007C00F00280CD12B4802F05DFE002848
:1015200007D02A48FCF774FB294908602648C046C2
:10153000C0460020E070207160712046FFF73CFF3C
:10154000002510E0182068432249085C002808D0D4
:1015500029462046FEF7DCFC0022182068431D497E
:101560000A54681CC5B20A2DECDB1848FCF750FB86
:1015700017490968401A7D21C900884223D31348BE
:10158000FCF746FB12490860207D002812D0A07CA1
:1015900000280FD11048807D002803D10E48C07D5F
:1015A000012807D0E07C401CE074E07C1E2801DDAF
:1015B00001202074A07B1E2803DAA07B401CA073AE
:1015C00001E00021E17370BD88010020A40100202A
:1015D0008C01002094070020880500200021017064
:1015E0000172417081700174C17401210175002183
:1015F00041740022C2731E228273704710B588B0F6
:101600000446002006900790142101A8F6F718FE62
:101610004548206001218804F8F774FE0121880301
:10162000F8F780FE06A8F8F7E1FD01208002069099
:1016300002216846017700218177C1770321417734
:1016400006A93A48F8F75AFD06A8F8F7CFFD012099
:10165000C003069002216846017700218177C17797
:101660000321417706A93148F8F748FD06A8F8F7A5
:10167000BDFD01208003069002216846017700210C
:10168000C1770321417706A92848F8F737FD06A856
:10169000F8F7ACFD012000030690012168460177B0
:1016A00000218177C1770321417706A91F48F8F708
:1016B00025FD012109031D48F8F796FD05220A21A1
:1016C0001A48F8F763FD00220F211848F8F75EFD6D
:1016D00000220E211548F8F759FD01A8F8F721FF5F
:1016E0000021684681800721090201810221418190
:1016F0000121818103210902C18118210182002178
:101700004182FF210531C18001A90748F8F7C8FED1
:1017100001210548F8F78CFE012109030248F8F77A
:10172000F1FE08B010BD0000003800400004004881
:101730001CB50446012301AA0F21204600F094F8AD
:10174000FF21B131085568460079B12803D06846B9
:101750000079B32849D1B821FF20C6300155684629
:101760000079B12804D1B121FF20C730015503E031
:10177000B321FF20C73001552821FF20C830015573
:101780000521401C0155801D015D009101236A4621
:101790001821204600F0C8F8FF21B131095D08404A
:1017A000FF21B1310855FF20CF30005B01120091BD
:1017B00001236A461921204600F0B6F8FF21B13115
:1017C000095D0840FF21B1310855522100910123E4
:1017D0006A461021204600F0A7F8FF21B131095DCB
:1017E0000840FF21B13108551CBD00BFFCE7F8B52A
:1017F00005460E460024FF20C730405DB12804D0C6
:10180000FF20C730405DB3282BD100210091012378
:101810006A461021284600F087F80443F1B200918F
:1018200001236A461821284600F07EF8044330045C
:10183000010E009101236A461921284600F074F830
:1018400004435221009101236A461021284600F0EA
:101850006BF8044301236A460F21284600F004F880
:1018600004432046F8BD0000F8B507460D4614466F
:101870001E4600BF80212A48F8F7E8FD0028F9D16C
:10188000012109032748F8F7ADFC00BF02212448D5
:10189000F8F7DCFD0028F9D001212148F8F7D6FD42
:1018A000002802D01E48F8F727FE80202843014672
:1018B0001B48F8F731FE00BF80211948F8F7C6FD34
:1018C0000028F9D11648F8F717FE16E000BF0221EC
:1018D0001348F8F7BBFD0028F9D000211048F8F7AD
:1018E0001BFE00BF80210E48F8F7B0FD0028F9D19B
:1018F0000B48F8F701FE2070641C3046711E8EB252
:101900000028E3D100BF80210548F8F79FFD00289B
:10191000F9D1012109030348F8F766FC0120F8BD5D
:101920000038004000040048F8B504460E4615464D
:101930001F4600BF80212068F8F788FD0028F9D1F4
:10194000012109031748F8F74DFC00BF0221206868
:10195000F8F77CFD0028F9D07106490E2068F8F7E9
:10196000DBFD0BE000BF02212068F8F76FFD0028C7
:10197000F9D029786D1C2068F8F7CEFD3846791E1D
:101980008FB20028EED100BF80212068F8F75EFDFD
:101990000028F9D1012109030248F8F725FC0120AC
:1019A000F8BD00000004004870B504460021FF2087
:1019B0009D30015100250DE0AB00221DD158FF22C2
:1019C0009D32105902F074FE0146FF209D300151F6
:1019D000681CC5B2CC20005DA842EDDCCC21085DBE
:1019E000F7F7EEFB0646FF219D3108593146F7F720
:1019F000CDFA0146FF209D3001510021CC20015538
:101A0000FF20A130015100250EE0AB002246D0326C
:101A1000D158FF22A132105902F04AFE0146FF20A0
:101A2000A1300151681CC5B2FF209930005DA84269
:101A3000EBDCFF219931085DF7F7C2FB0646FF2179
:101A4000A13108593146F7F7A1FA0146FF20A1302C
:101A500001510021FF2099300155FF22A132115977
:101A6000021D105902F018FF0146FF20AD30015150
:101A70000146085901218907F7F788FA0646FF2031
:101A8000A1300159304602F013FE0146FF20A53077
:101A9000015170BD10B504463A48FCF7B9F83A490F
:101AA0000968401A052856D93648FCF7B1F8364976
:101AB0000860364800F06CF8FF20A930005D00286F
:101AC00020D0FF22C1321159121F105902F036FEE8
:101AD0003CD2FF20C1300159CC20005D8200201D86
:101AE0008150CC20005D401CC1B2CC200155005D6E
:101AF000322802DB2046FFF757FF0021FF20A930E4
:101B0000015523E0FF22C1321159121F105902F072
:101B100097FE1BD2FF20C1300159FF209930005D94
:101B200082002046D0308150FF209930005D401C5B
:101B3000C1B2FF2099300155005D322802DB2046FA
:101B4000FFF732FF0121FF20A9300155FF20BD30F2
:101B50000159001D0151FF20BB30005D002810D04D
:101B60000021FF20BB300155801E015B2046FFF79E
:101B70003EFE002805D0FF20B930015BFF20CF30AA
:101B8000015310BDA4010020380100207003002083
:101B9000F0B587B004460A200590FF20C730005DED
:101BA000B12804D0FF20C730005DB3285AD1FF20F0
:101BB000C930035D401E015D2246FF32CA32204615
:101BC000FFF752FE3C480088002805DD3A480088AF
:101BD000401E3949088045E0FF20CC30005D0104FB
:101BE000FF20CB30005D00020918FF20CA30005DE5
:101BF000081804900498F7F7DBFA0190F7F79CF9BE
:101C0000054600222D4BF6F7C9FD03910290F6F729
:101C1000DBFB2B490A880988491C294B1980910054
:101C2000284A5050184600880A2802DB002019462E
:101C30000880254800880A2804DA23480088401CC8
:101C400021490880FF21CE31095D0A02FF21CD31F3
:101C5000095D50186421F6F7FFFA41B2FF20C53044
:101C6000015500BF18480088002823DD0027002503
:101C700007E0A800134A1158384602F019FD07463C
:101C80006D1C114800888542F3DB0F480088F7F788
:101C900097FA054629463846F7F778F9FF21BD310E
:101CA00008510859094902F049FD03D20849FF20AB
:101CB000BD30015107B0F0BD400100200000E440FC
:101CC0003C010020400500203E0100200000204291
:101CD00000007F4310B50446042221460648FBF766
:101CE0009EFF0021FF20BB3001551321C943801EF8
:101CF0000153204610BD0000A4010020012904D199
:101D00000123FF220232135403E00023FF22023298
:101D10001354704710B594B00446002012901390ED
:101D200018210CA8F6F78CFA01214804F8F7EAFA12
:101D300001218804F8F7E6FA12A8F8F757FA7E208E
:101D40001290032110A801730021C1730321417374
:101D500012A90920C006F8F7D1F97E210920C00692
:101D6000F8F742FA12A8F8F741FA0420129001217C
:101D700010A801730021C1730321417312A94D48BA
:101D8000F8F7BCF912A8F8F731FA01200003129015
:101D9000012110A801730221C1730321417312A90B
:101DA0000920C006F8F7AAF904214248F8F71AFA00
:101DB000012109030920C006F8F714FA3E48F7F795
:101DC00035FB01214802F8F7CDFA0CA8F7F78FFB95
:101DD00000200C90012108A801750020109011909E
:101DE0000CA93548F7F768FB0120F7F789FB0120BC
:101DF000F7F7AEFB0120F7F797FB07222F492E4894
:101E0000F7F7E7FA02212C48F7F707FB2A48F7F71C
:101E10001DFB01212848F7F7E8FA00BF01212648F9
:101E2000F7F732FB0028F9D001212348F7F7E9FA48
:101E30002C2101A8F6F704FA01210846F8F762FA06
:101E40001F48F7F789FF01A8F8F72AF81A48403029
:101E50000190201D02900020039024200490002077
:101E60000590802006904000079080000890202078
:101E7000099000020A9000200B9001A91048F7F782
:101E8000EFFF012202210E48F7F7E0FF09200121B0
:101E900081400C4A116000BF01210948F7F74EFF4D
:101EA0000548F7F71FFB0848FBF7B2FEFC21085175
:101EB00014B010BD00040048002401407E0007005B
:101EC0000800024000E100E0A40100200022C62139
:101ED0000A54C7210A54BE210A54C1210A54C221FE
:101EE0000A54C3210A54C4210A54C5210A54BF21EB
:101EF0000A54C0210A54FF210B310A54C91C0A5448
:101F0000491C0A54491C0A54491C0A54491C0A54C5
:101F1000491C0A54C91F0A54491C0A54C91D0A54B1
:101F200070470000014610488078782801DD0F488E
:101F300070470D4880786E2801DD0D48F8E70A48A3
:101F400080785A2801DD0B48F2E707488078462858
:101F500001DD0948ECE704488078322801DD0748B4
:101F6000E6E77D200001E3E7D8020020102700000B
:101F700028230000641900007C150000B80B000045
:101F8000B221095C0C2902D11E21017001E00F2150
:101F900001707047034600221E2901DD501C82B2E9
:101FA000282901DD501C82B2322901DD501C82B289
:101FB0003C2901DD501C82B2462901DD501C82B251
:101FC000502901DD501C82B2881800B2704730B52C
:101FD00002460B460020002109E0CC000C19E41851
:101FE0006500141D645B2418A0B24C1CE1B20429E6
:101FF000F3DB0146C417A40F6418A403200C30BD02
:10200000F0B50546059C1878401C18701878A04259
:1020100001DB002018701878400011521878671EF4
:10202000B84202D10026965F03E01878401C4000B9
:10203000165E881B00B2F0BD10B50446FF21F531D5
:102040000548FBF7CDFDCC20015BBC2001530348C4
:10205000F9F74AFF10BD0000A4010020540700203A
:10206000F0B58BB00446012109030920C006F8F73A
:10207000AFF8012801D10BB0F0BDFE48FBF7C8FD59
:10208000FC210959401AC8287ED3FA48FBF7C0FD45
:10209000FC21085100212046FFF799FFC821085371
:1020A00001212046FFF793FFCA2108530221204651
:1020B000FFF78DFFCC21085303212046FFF787FF50
:1020C000CE21085304212046FFF781FFD021085379
:1020D00005212046FFF77BFFD22108530621204629
:1020E000FFF775FFD421085307212046FFF76FFF44
:1020F000D621085308212046FFF769FFD82108534D
:10210000D622115BDC4A528BDC4B5A431046F6F761
:10211000A3F80746F7F74CF888210851D821085B47
:10212000F7F74EF8089088200159C00602F030FBFE
:102130000790089902F02CFBD1490990F6F726FF89
:102140000746D049F6F722FF94210851D621085BB3
:10215000F7F736F8089088200159089802F018FB24
:102160000746C749F6F712FFC6490990F6F70EFF72
:1021700090210851F422115BDC221059F6F762F825
:1021800085B2FF20023000E045E3005D002824D145
:102190002846F7F715F8019088200159019802F0B8
:1021A000F7FA0746F6F7C8FEB74AB84B0391029014
:1021B000F6F79EFD0022B64B05910490F6F7EEFA75
:1021C0000022B44B07910690F6F7E8FA09910890BF
:1021D000F6F7FAF89821085102E0AF49982001512A
:1021E000FF200230005D012878D19C20015BFF2098
:1021F00009300153F620005D002824D12846F6F767
:10220000DFFF069088200159A44802F0C1FA05902A
:10221000069902F0BDFA07469949F6F7B7FE9949C3
:102220000790F6F7B3FE9E49089002F035FB09903F
:10223000F6F75CFF01B29C200153015F2046FFF7D7
:10224000A9FE9C2108539748007D032855D19C2066
:10225000015FC8291EDDFF200C30005D642807DA0D
:10226000FF200C30005D401CC1B2FF200C30015536
:10227000FF200C30005D052806DD7F219C200153E6
:102280000121BF20015509E0FF200930015B9C209E
:10229000015303E00021FF200C3001559C20015F19
:1022A0006320C043814220DAFF200D30005D6428A6
:1022B00007DAFF200D30005D401CC1B2FF200D3059
:1022C0000155FF200D30005D052808DD7F21C94341
:1022D0009C2001530121C02001550EE00AE0FF209F
:1022E0000930015B9C20015307E00021FF200D30E5
:1022F000015502E0FF219C200153F422115BEC22E6
:102300001059F5F79FFF81B2A6200153FF2003303B
:10231000005B6549884212D0FF200330005B002833
:102320000DD0FF210331095BA622125B5143084601
:102330000A21F5F791FF81B2A820015302E00021A4
:10234000A8200153FF200330005B002822D0204644
:10235000FFF7E8FDA821095B88420EDAFF20143060
:10236000005D401CC1B2FF2014300155005D1E28E5
:1023700010DD0121C52001550CE0FF201430005D67
:10238000002807D0FF201430005D401EC1B2FF209E
:1023900014300155F422115BF0221059F5F752FF69
:1023A00085B22846F6F70CFF039088200159039860
:1023B00002F0EEF90746F6F7BFFD3C4A3C4B0591AB
:1023C0000490F6F795FC0022314B07910690F6F742
:1023D000E5F909910890F5F7F7FFAC210851085984
:1023E000344902F0D5F90746F6F7A6FE81B2B020CF
:1023F0000153D422125B204B5B8B5A431046D622EA
:10240000115BF5F729FF1C49098B461A2A484643F8
:10241000194820304088184A128B811A3046F5F747
:102420001BFF0646254836187D21C9003046F5F7C2
:1024300013FF01B28C200153A220015BFF20053065
:102440000153F720005D002854D1F422115BE422EF
:102450001059F5F7F7FE85B22846F6F7B1FE06905B
:1024600088200159164802F093F90590069902F068
:102470008FF927E0A4010020A0F7FF1FE40C000063
:1024800000F07F4500007A446666666666661A401C
:1024900000FEAF4000408F40000080BF00001644A7
:1024A0000080884388050020FFFF0000BA490C0225
:1024B0002B87863F00002041803801009065000096
:1024C00000004843D5490790F6F760FDD4490890CD
:1024D000F6F75CFDD349099002F0DEF90746F6F7FE
:1024E00005FE01B2A2200153015F2046FFF752FD15
:1024F000A2210853A420015BFF2007300153F920DB
:10250000005D00282BD1F422115BE8221059F5F769
:1025100099FE85B22846F6F753FE069088200159A9
:10252000C14802F035F90590069902F031F90746E5
:10253000BA49F6F72BFDBA490790F6F727FDB949D6
:10254000089002F0A9F90990F6F7D0FD01B2A42095
:102550000153015F2046FFF71DFDA4210853F4221B
:10256000115BE0221059F5F76DFE85B2BC21095BC5
:10257000681AF6F71DFE049088200159AB4802F056
:1025800007F90390049902F003F9A4490590F6F7BE
:10259000FDFC0746F6F7D0FCA54AA64B079106902E
:1025A000F6F7FCF809910890F6F71CFB01B2A020A1
:1025B0000153F820005D002807D1A020015B8C208A
:1025C000005B081801B29E200153B8221159AC22B9
:1025D000105902F035F90ED2FF201230005D401C78
:1025E000C1B2FF2012300155005D0A2810DD012123
:1025F000C62001550CE0FF201230005D002807DDE9
:10260000FF201230005D401EC1B2FF201230015584
:10261000B4221159AC22105902F090F812D2864817
:10262000C07900280ED1FF201330005D401CC1B2DC
:10263000FF2013300155005D4B2810DD0121C7201C
:1026400001550CE0FF201330005D002807DDFF205E
:102650001330005D401EC1B2FF2013300155B2207F
:10266000005D182808D1AC210859744902F066F8B9
:1026700002D20121C7200155CC20015BBC20005BA8
:10268000963881420EDAFF200B30005D401CC1B24B
:10269000FF200B300155005D052807DD0121BE201C
:1026A000015503E00021FF200B300155A220015FFE
:1026B000C8291EDDFF200E30005D642807DAFF20E8
:1026C0000E30005D401CC1B2FF200E300155FF20CE
:1026D0000E30005D052806DD7F21A2200153012177
:1026E000C120015509E0FF200530015BA220015304
:1026F00003E00021FF200E300155A220015F63207E
:10270000C04381421FDAFF200F30005D642807DAE2
:10271000FF200F30005D401CC1B2FF200F3001557B
:10272000FF200F30005D052807DD7F21C943A2206F
:1027300001530121C220015509E0FF200530015B52
:10274000A220015303E00021FF200F300155A420F7
:10275000015FC8291EDDFF201030005D642807DA04
:10276000FF201030005D401CC1B2FF201030015529
:10277000FF201030005D052806DD7F21A4200153D5
:102780000121C320015509E0FF200730015BA4208F
:10279000015303E00021FF2010300155A420015F08
:1027A0006320C04381421FDAFF201130005D64289E
:1027B00007DAFF201130005D401CC1B2FF2011304C
:1027C0000155FF201130005D052807DD7F21C94339
:1027D000A42001530121C420015509E0FF20073046
:1027E000015BA420015303E00021FF2011300155BB
:1027F0000021DC200151E0200151E4200151E820BA
:102800000151EC200151F0200151F420015301212C
:102810000802015500BF00BF2DE4000000F07F4515
:1028200000007A4400808843000048430000D04103
:102830009A99999999D9424040030020000040415B
:1028400010B50446042221460E48FBF7E8F90021A2
:10285000F6200155F7200155F8200155F9200155C2
:102860002046FFF733FB0021982001510548FBF774
:10287000CFF9FC2108510021FF20023001552046EC
:1028800010BD0000A40100200246012901D11068FA
:102890007047032901D15068FAE7042901D19068F3
:1028A000F6E7062901D1D068F2E7072901D11069BE
:1028B000EEE7082901D15069EAE7092901D19069B9
:1028C000E6E70A2901D1D069E2E70B2901D1106AB4
:1028D000DEE70C2901D1506ADAE70D2901D1906AAF
:1028E000D6E70E2901D1D06AD2E70F2901D1106BAA
:1028F000CEE7102901D1506BCAE7112901D1906BA5
:10290000C6E7132901D1D06BC2E7142901D1106C9D
:10291000BEE7152901D1506CBAE7162901D1906C98
:10292000B6E70020C043B3E710B50446204600F0E8
:10293000BDF9204600F0D0F901212046226800F0C0
:102940005FF903212046626800F05AF9042120460D
:10295000A26800F055F906212046E26800F050F91F
:1029600007212046226900F04BF9082120466269C0
:1029700000F046F909212046A26900F041F90A2138
:102980002046E26900F03CF90B212046226A00F063
:1029900037F90C212046626A00F032F90D212046F9
:1029A000A26A00F02DF90E212046E26A00F028F913
:1029B0000F212046226B00F023F910212046626B84
:1029C00000F01EF911212046A26B00F019F9132125
:1029D0002046E26B00F014F914212046226C00F02E
:1029E0000FF915212046626C00F00AF916212046E5
:1029F000A26C00F005F9204600F052F910BD70B548
:102A000004460121204600F0D7F80546681C00283E
:102A100001D1206000E025600321204600F0CCF8C1
:102A20000546681C002801D1606000E06560042153
:102A3000204600F0C1F80546681C002801D1A060BE
:102A400000E0A5600621204600F0B6F80546681CA7
:102A5000002801D1E06000E0E5600721204600F099
:102A6000ABF80546681C002801D1206100E0256113
:102A70000821204600F0A0F80546681C002801D176
:102A8000606100E065610921204600F095F8054687
:102A9000681C002802D10021A16100E0A5610A2183
:102AA000204600F089F80546681C002802D1002164
:102AB000E16100E0E5610B21204600F07DF805466C
:102AC000681C002802D10021216200E025620C214F
:102AD000204600F071F80546681C002802D100214C
:102AE000616200E065620D21204600F065F8054650
:102AF000681C002802D10021A16200E0A5620E211D
:102B0000204600F059F80546681C002802D1002133
:102B1000E16200E0E5620F21204600F04DF8054635
:102B2000681C002802D10021216300E025631021E8
:102B3000204600F041F80546681C002802D100211B
:102B4000616300E065631121204600F035F8054619
:102B5000681C002802D10021A16300E0A5631321B5
:102B6000204600F029F80546681C002801D1E063E2
:102B700000E0E5631421204600F01EF80546681CBD
:102B8000002801D1206400E025641521204600F0D2
:102B900013F80546681C002801D1606400E06564F4
:102BA0001621204600F008F80546681C002801D1CF
:102BB000A06400E0A56470BDF8B507460D460D4C55
:102BC00011E021460C48F8F736FB0646701C002839
:102BD00001D1401EF8BDAE4204D1211D0648F8F7D0
:102BE0002AFBF7E7083405488442EAD30020C043B3
:102BF000F0E7000000E001088401002000E801087F
:102C000070B504460D4616460C49E06C884213D355
:102C10000B49E06C88420FD82A460A48E16CF8F765
:102C2000E9FAE06C001DE06432460648E16CF8F712
:102C3000E1FAE06C001DE06470BD000000E00108F6
:102C4000F8E7010884010020F7B506460D46114C4F
:102C50001AE021461048F8F7EEFA0746781C0028DB
:102C600011D1304600F038F82A4621460A48F8F7D4
:102C7000C1FA241D21460848029AF8F7BBFA3046EB
:102C800000F00EF8FEBD083404488442E1D300BFD2
:102C9000F8E7000000E001088401002000E80108D6
:102CA00010B50446F7F7A4F910BD000070B505464D
:102CB000002407E0E002064A81180648F8F7ACFA5B
:102CC000601CC4B2012CF5DB0148E86470BD000053
:102CD00000E001088401002010B50446F7F7E8F988
:102CE00010BD000010B50446042221460748FAF73B
:102CF00096FF002005E0002283000549CA50411CD0
:102D0000C8B20A28F7DB204610BD0000A40100204D
:102D100008070020FEB506465B480078002800D171
:102D2000FEBD0025A7E0A80034589BE02146574887
:102D3000F8F781FA01900198401C00287ED1A90083
:102D400030460830415820466030814277D93046BD
:102D500000F0CEF800239A1F2146304600F0A2F87A
:102D600008344948037818222146304600F09AF882
:102D700008344748837D01222146304600F092F80E
:102D800008344348C37D02222146304600F08AF8C9
:102D900008343F48032221460368304600F082F899
:102DA00008343B48042221468368304600F07AF814
:102DB00008343849C86A384901F0EAFC0090F6F74F
:102DC000BBF907463B4605222146304600F06AF82B
:102DD000083430481E23C35E06222146304600F0E8
:102DE00061F808342B482223C35E2822214630464E
:102DF00000F058F8083427482423C35E29222146CE
:102E0000304600F04FF80834244843792622214602
:102E1000304600F047F808342149C86BF6F78CF9C2
:102E200007463B463C222146304600F03BF808343A
:102E3000304600F049F8A900304601E011E00FE00B
:102E40000830415820466030814208D8681C02286A
:102E500004DAC1B2304600F03DF861E709E05FE70F
:102E600007E00834A900304608304058A04200D995
:102E70005CE7681CC5B2022D00DA54E70021304639
:102E800000F028F800BF4BE7B001002084010020CB
:102E900088050020440200200000C842FC020020F7
:102EA000F0040020F8B507460C4616461D4632468B
:102EB00021460448F8F79EF92A46211D0148F8F7F3
:102EC00099F9F8BD8401002010B50446F7F790F891
:102ED00010BD000070B505460C46022C04DAA000B7
:102EE00029580248F8F798F970BD000084010020C5
:102EF00010B50446F7F7DCF810BD000010B5044625
:102F0000042221460848FAF78AFE0848206008484B
:102F100060600121C90220684018A0606068411803
:102F2000E160204610BD0000A401002000D001088F
:102F300000D8010810B58EB0044600200C900D900A
:102F400009900A900B90142104A8F5F779F9002054
:102F500001900290039001214804F7F7D3F9012171
:102F6000C802F7F7FFF901210802F7F7DBF90121A1
:102F70008804F7F7F7F9052207210920C006F7F7BB
:102F800005F90CA8F7F732F980200C90022108A867
:102F9000017500218175032141750CA90920C00626
:102FA000F7F7ACF8022208210920C006F7F7EEF87F
:102FB0000CA8F7F71BF9FF2001300C90022108A89C
:102FC000017500218175032141750CA90920C006F6
:102FD000F7F794F8022200217F48F7F7D7F80CA8FA
:102FE000F7F704F901200C90022108A801750021CF
:102FF0008175032141750CA97748F7F77FF8022204
:1030000001217548F7F7C2F80CA8F7F7EFF802208E
:103010000C90022108A801750021817503214175DA
:103020000CA96D48F7F76AF80CA8F7F7DFF801204C
:10303000C0020C90022108A80175C17503214175D9
:103040000CA90920C006F7F759F802220B21092024
:10305000C006F7F79BF809A8F7F7FEFD01216846BF
:1030600081844B2000010A90002168468185C1843B
:1030700009A95A48F7F7B2FD04A8F7F779FD6021CE
:103080006846018201214182002181820020069050
:1030900068468183C18304A95048F7F771FC04A8EE
:1030A000F7F766FD60216846018200214182042114
:1030B000818200200690002168468183C18304A993
:1030C0004648F7F7B3FC04A8F7F752FD60216846BD
:1030D000018200214182042181820020069000218A
:1030E00068468183C18304A93C48F7F7F5FC04A82E
:1030F000F7F73EFD602168460182012141820021EF
:1031000081820020069068468183C18304A93448E7
:10311000F7F736FC01A8F7F71FFC0C216846818001
:103120000A21C18001210181002141810F2181817A
:1031300001A92A48F7F7D8FB012210212748F7F701
:1031400014FC01212548F7F79DFB0E20F7F79CFEA4
:1031500000210E20F7F7E8FE01212048F7F7A0FB39
:1031600000211E48F7F77CFB09A8F7F775FD2F2112
:10317000684681841B480A9000216846818509A918
:103180001948F7F72BFD04A8F7F7F2FC0021684671
:103190000182418213480E38069004A91248F7F7BD
:1031A000EFFB012202211048F7F7DFFB01210E4857
:1031B000F7F768FB1320F7F767FE00212020015581
:1031C00021200155222001550020A070A073E0713C
:1031D000207260720EB010BD00040048002C014047
:1031E00000480140FEFF0000002000400021C171A6
:1031F00001724172002220210A5421210A54222105
:103200000A54704770B504460D46E079002803D192
:103210006A484079002803D0204600F0D7F870BDF6
:10322000002D64D066480088402108436449088026
:103230000846008809150843614908800846008847
:103240004008400008805F480088400840005D4911
:1032500008800920C00600680321890388430921EA
:10326000C90608600846006801218903084309214E
:10327000C906086080210920C006F6F7B3FF0920BF
:10328000C00600680321090488430921C9060860B3
:10329000084600680121090408430921C90608609D
:1032A000FF2101310920C006F6F79CFF464800685F
:1032B00080088000444908600846006802210843ED
:1032C0004149086001214048F6F78CFF3E480068FC
:1032D0000C2188433C4908600846006808210843DF
:1032E0003949086002213848F6F77CFF64E0344829
:1032F00000880121084332490880324800880121B2
:103300000843304908802E480088402188432C49D2
:103310000880084600880915884329490880092043
:10332000C00600680321890388430921C906086093
:10333000084600680121C90308430921C90608603D
:1033400080210920C006F6F74DFF0920C00600685D
:103350000321090488430921C9060860084600685A
:103360000121490408430921C9060860FF210131F0
:103370000920C006F6F736FF134800688008800071
:103380001149086008460068012108430E49086099
:1033900001210D48F6F726FF0B4800680C218843F1
:1033A0000949086008460068042108430649086086
:1033B00002210548F6F716FF00BF30E7840200201F
:1033C000202C0140204801400004004810B504466C
:1033D0000020384948638863C863374948633548E3
:1033E0002030008840218843324920310880084637
:1033F0000088091588432F49203108800846008835
:103400004008400008802C482030008840084000D8
:103410002949203108800920C0060068032189035A
:1034200088430921C906086008460068012189030C
:1034300008430921C906086080210920C006F6F763
:10344000D1FE0920C0060068032109048843092130
:10345000C9060860084600680121090408430921DB
:10346000C9060860FF2101310920C006F6F7BAFE3F
:10347000124800688008800010490860084600680B
:10348000012108430D49086001210C48F6F7AAFE06
:103490000A4800680C21884308490860084600680B
:1034A000042108430549086002210448F6F79AFE02
:1034B00010BD0000002C01400048014000040048FD
:1034C00070B504460D46002060732570A079002871
:1034D00000D070BD207B002801D000202070207813
:1034E000002802D1A078192806DBE079002803D152
:1034F0000B484079002803D02046FFF767FF0DE016
:10350000A07800280AD10121C9020920C006F6F7D7
:103510005FFE064631462046FFF774FE00BFD8E73F
:1035200084020020F8B5044675480078C007C00F33
:1035300000280CD1724800F04FFE002807D07148D7
:10354000FAF766FB704908606D48C046C0466D4892
:10355000FAF75EFB6C490968401AFA287ED369487D
:10356000FAF756FB68490860A07BA0700020A073A2
:103570006648406B00B260812678654880790028F3
:1035800000D06678607B002869D1207B0028FBD1C1
:10359000A078301A05B2002D08DD29466943084697
:1035A0003C21F4F759FE401905B207E0294669436A
:1035B00008463C21F4F750FE281A05B23C2D00DDE8
:1035C0003C251D20C043854200DA0546608940192C
:1035D00000B260814B210901714308466421F4F770
:1035E0003BFE07B2FF209130874200DA07460A20EF
:1035F000205EB84200DD67810A20205E002801DAE3
:10360000002060810A20205E4249884201DD084690
:1036100060810A20205E3D4948630A20205E88635D
:103620000A20205EC8630A20205E3B494863A078D8
:1036300000280CD1A079002809D0C9140920C0069F
:10364000F6F7C6FD014600902046FFF7DBFD052E8C
:1036500011DBA07804280EDA202001E04FE04DE0D5
:10366000005D401CC1B220200155005D14280CDD16
:103670000120E07109E02020005D002805DD202008
:10368000005D401EC1B220200155A07804280FDB48
:103690001E48406B00280BD12120005D401CC1B2A8
:1036A00021200155005D1E280CDD0120207209E05B
:1036B0002120005D002805DD2120005D401EC1B2F3
:1036C00021200155A1783046083881420BDA2220AA
:1036D000005D401CC1B222200155005D28280CDD90
:1036E0000120607209E02220005D002805DD222013
:1036F000005D401EC1B22220015500BF00BFF8BDD1
:1037000008010020A40100200C010020002C014031
:10371000D80200207E0400000048014010B5044695
:10372000042221460648FAF77AFA002060736420E2
:103730006061C820E06100202073204610BD0000B9
:10374000A401002010B50446207D042803D12046A2
:1037500000F084FA10BD207D032820D116482221D4
:10376000415EFF200D30025F914222DC1248203082
:10377000C07F002804D1104840300078002801D0D4
:103780000120E7E7FF202D30015F801C025F891ACE
:1037900009481C22825E91420BDB0120DAE70648D1
:1037A0002221415EFF200D30025F914201DC0120A9
:1037B000D0E70020CEE700004402002005290ADA05
:1037C0000175027D032A08D1044A5278012A04D0E7
:1037D0000022027501E0002202757047C402002039
:1037E000022902DD0022427500E04175704710B5E4
:1037F0000446207D01282BD100200EE04200214606
:1038000092318A5A43007839CA5242008C318A5A1E
:1038100043007839CA52411CC8B20A28EEDB22465E
:10382000A63221469231204600F022F9FF201B30BB
:10383000015BFF200B300153FF201B30015BFF2099
:103840002530005B081A01B2FF200D30015310BD76
:10385000207D02282BD100200EE0420021466A3153
:103860008A5A43005039CA52420064318A5A43008E
:103870005039CA52411CC8B20A28EEDB22467E32B9
:1038800021466A31204600F0F3F8FF201D30015B2D
:10389000FF200B300153FF201D30015BFF2027303C
:1038A000005B081A01B2FF200D300153CFE7207DE5
:1038B00003282BD100200EE042002146BA318A5A5B
:1038C0004300A039CA524200B4318A5A4300A03999
:1038D000CA52411CC8B20A28EEDB2246CE3221462B
:1038E000BA31204600F0C4F8FF201F30015BFF20F2
:1038F0000B300153FF201F30015BFF202930005B9C
:10390000081A01B2FF200D300153A0E7207D0428E2
:103910002BD100200EE042002146E2318A5A4300BA
:10392000C839CA524200DC318A5A4300C839CA52E7
:10393000411CC8B20A28EEDB2246F6322146E231AB
:10394000204600F095F8FF202130015BFF200B306E
:103950000153FF202130015BFF202B30005B081A50
:1039600001B2FF200D30015371E700200EE042004C
:10397000214642318A5A43002839CA5242003C311A
:103980008A5A43002839CA52411CC8B20A28EEDBC1
:103990002246563221464231204600F069F8FF2087
:1039A0001930015BFF200B300153FF201930015B00
:1039B000FF202330005B081A01B2FF200D300153B5
:1039C00000BF44E7F8B50D4616461E271320C04336
:1039D000854201DA3C2411E0142D01DD1E240DE0A6
:1039E0000A2D01DD1E2409E00A21491B282251432A
:1039F00008461146F4F730FC1E30C4B20B4930467D
:103A000000F09CFE00D21E270949304600F096FEC9
:103A100000D232270749304600F090FE00D25027EE
:103A2000BC4201DD2046F8BD3846FCE700004041BD
:103A300000003041000020410146087D032813D1D9
:103A40000A48C07F00280FD108482030007800289D
:103A50000AD1064820381C22825EFF202D30435EAA
:103A60009A4201DB012070470020FCE7640200203D
:103A7000F0B50B46144600220AE01D8856000746A2
:103A80001A37BD53258856001437BD53551CEAB26A
:103A9000FF2517352D5C9542EFDC0021FF251735FA
:103AA0002A5C0EE04D005D5B560007461A37BD5399
:103AB0004D00655B56001437BD534D1CE9B2551CD3
:103AC000EAB20A2AEEDBF0BD0246107D042806D1D8
:103AD000FF201130835E8B4201DC01207047002003
:103AE000FCE7000010B50446607D002805D0207D6D
:103AF000032802D0207D042800D110BD0A48007898
:103B000000280FD0607D01280CD1207D022809D02B
:103B10000648FDF7F6FC02212046FFF74FFE20463F
:103B2000FFF765FE00BFE8E77C050020880800205D
:103B300010B50446207D042803D1204600F08EF8FD
:103B400010BD0020FCE7000070B5054600243E488B
:103B5000C078002800D001243C484078002800D0DC
:103B600002243A48C078002800D00224384840781F
:103B7000002800D0042435484079002808D0334874
:103B80008078002804D033480078002800D102242F
:103B9000687D012804D130484078002800D00324F3
:103BA000687D022806D12C480078002802D0002C1D
:103BB00000D00324022C01D0032C03D12248FDF7AE
:103BC000A0FC02E02048FDF799FC022C1ED1012048
:103BD0001D4988741D488079002806D10021284697
:103BE000FFF7ECFD4B204001686018488079012800
:103BF0000CD1FF203530405BC1B22846FFF7DEFD17
:103C0000FF203330405B3C2148436860032C03D1E4
:103C100002212846FFF7D2FD042C03D104212846B7
:103C2000FFF7CCFD002C02D02846FFF7E0FD002076
:103C30000749487088700549C8700871487006497E
:103C400048708870204670BD8808002068050020F4
:103C500064010020B00100207C05002001461548C9
:103C6000007A002811D014482222825EFF200F30F3
:103C7000435E9A421BDA0F480A22825EFF2015300B
:103C8000435E9A4213DA012070470B482222825E7B
:103C9000FF200D30435E9A4209DA06480A22825E0E
:103CA000FF201330435E9A4201DA0120ECE7002046
:103CB000EAE70000880800204402002001460020B6
:103CC0001B4A1279002A00D001201A4A5278002A91
:103CD00000D00220174A1279002A00D00220164A8A
:103CE0009278002A00D004200A7D022A04D1134AC7
:103CF0009278002A00D00320114A1278002A00D0BE
:103D000004200A7D022A07D04A68002A04D04B68A2
:103D10000A689A4200D905200022074B5A70054BC9
:103D2000DA701A715A70054B5A709A707047000019
:103D30008808002068050020640100207C05002020
:103D4000B0010020F8B504460D46E5750020A060DE
:103D50000A4948690A4900F01BFD0746F5F7ECF9E6
:103D6000064608480079009007480279074801781C
:103D700033460748F9F7DCFAF8BD00001C030020C1
:103D80000000C8424401002040030020D802002067
:103D9000D4060020704770B504460E461546A67539
:103DA00029462046FFF7CEFF0120E07470BD0000D9
:103DB00010B5044604222146BE48F9F730FF002022
:103DC000A0750320E075BB48F9F722FFE0604B20A7
:103DD000400160601421FF20233001531E21801C0C
:103DE00001531421801C0153801C0153801C01537A
:103DF0005221FF200F3001535A21801C01534621CC
:103E0000801C01535221801C01535021001D01537D
:103E10005521001D01534621801E01535A21001DCA
:103E20000153801C01531621FF202D300153032123
:103E3000801C01530021FF20173001550921401C2F
:103E40000155FE2020761B21922001530021A6203F
:103E500001531B21942001530221A82001531B214F
:103E6000962001530421AA2001531B2198200153BD
:103E70000621AC2001531B219A2001530821AE20BA
:103E800001531B219C2001531121B02001531C21FF
:103E90009E2001531321B22001531D21A020015364
:103EA0001521B42001531E21A22001531721B62051
:103EB00001531F21A42001531921B82001530421CB
:103EC0006A20015300217E20015306216C200153FA
:103ED00002218020015308216E20015304218220F9
:103EE00001530A21702001530621842001530C2123
:103EF000722001530821862001530E2174200153A2
:103F00000A21882001531021762001530C218A2098
:103F100001531221782001530E218C2001531421CA
:103F20007A20015310218E20015316217C20015349
:103F300012219020015304214220015300215620D8
:103F40000153062144200153022158200153082126
:103F50004620015304215A2001530A2148200153CD
:103F600006215C2001530C214A20015308215E20C8
:103F700001530E214C2001530A21602001531021CE
:103F80004E2001530C216220015312215020015375
:103F90000E21642001531421522001531021662068
:103FA0000153162154200153122168200153062188
:103FB000BA2001530021CE2001530921BC20015316
:103FC0000321D02001530C21BE2001530621D22011
:103FD00001530F21C02001530921D4200153122184
:103FE000C22001530C21D62001531521C4200153B6
:103FF0000F21D82001531821C62001531221DA20A5
:1040000001531B21C82001531521DC2001531E211F
:10401000CA2001531821DE2001532121CC20015355
:104020001B21E02001530621E22001530021F6204C
:1040300001530921E42001530321F82001530C21ED
:10404000E62001530621FA2001530F21E8200153F5
:104050000921FC2001531221EA2001530C21FE20EA
:1040600001531521EC2001530F21FF200130015392
:104070001821EE2001531221FF20033001531B2190
:10408000F02001531521FF20053001531E21F2209D
:1040900001531821FF20073001532121F42001533F
:1040A0001B21FF20093001530021FF204A30015518
:1040B000204610BDA40100200021017041708170D4
:1040C00070470000304922228A5E662A03DC2422DF
:1040D0008A5E662A0ADDC17F491CC177C17F022939
:1040E00006DB0021C1770121817001E00021C17749
:1040F0002649097800293AD0234922228A5E142AC7
:1041000003DC24228A5E142A25DD21490978491C12
:104110001F4A1170114609780A2933DB00211170FA
:10412000194922228A5E1B49098810318A4207DC1C
:10413000154924228A5E1849098810318A4201DD16
:10414000012141701049498C124A11800E49898C15
:10415000114A118016E000210D4A11700A49498C5C
:104160000C4A11800849898C0B4A11800AE0002111
:10417000074A11700449498C064A11800249898C0A
:10418000054A118070470000440200203C030020D3
:1041900030010020320100203401002010B5044617
:1041A000042221460448F9F73AFD0020207060708F
:1041B000A070204610BD0000A401002030B4744659
:1041C000641E2578641CAB4204D3635D5B00E31876
:1041D00030BC18471D46F8E70168002901D00020CF
:1041E00070470121016008467047000010B5024881
:1041F000F8F7F2FA10BD00005407002010B502488D
:10420000F7F796F910BD00007C05002000B50248C4
:10421000F9F790FE00BD0000B001002000B5024893
:10422000FAF76CFF00BD0000E806002000B5024868
:10423000FDF7D4F900BD00008808002010B5024841
:10424000FFF7ACFF10BD00005003002010B502487E
:10425000FEF748FD10BD0000F406002010B502482E
:10426000FEF74CFE10BD00004407002010B50248C8
:10427000F9F7AAF810BD0000D406002010B50248D6
:10428000F8F72CFE10BD00001C03002010B50248FA
:10429000F8F78CFF10BD00004003002010B5024865
:1042A000FDF718FD10BD00007003002010B5024896
:1042B000F9F764F910BD00006805002000B5024858
:1042C000F6F7BCFF00BD00008401002010B50248D5
:1042D000F9F73CFA10BD00006401002010B5024857
:1042E000FEF7AEFA10BD0000C401002000B5024880
:1042F000F9F7E0FB00BD00006407002010B502489C
:10430000FFF70CFA10BD0000D802002000B50248EB
:10431000F9F78EFC00BD0000A401002010B5024892
:10432000F6F75AFF10BD00004401002010B5024806
:10433000F7F716FB10BD0000FC02002010B5024884
:10434000F7F756F810BD00007205002000B50248CE
:10435000F7F79AF800BD00000501002010B50248EB
:10436000FFF726FD10BD000088050020FF21F53174
:104370007B48F9F735FC72B6F6F77AF97848F9F721
:1043800015FCF6F749FE7648F9F79EFB7548FDF7F0
:10439000C1FC7548F9F79AFA7448F6F734FF744887
:1043A000F7F7C8FE7348FEF7C5FD7348F8F760FEDF
:1043B0007248F8F729FA7248F6F74AFE7148F6F79C
:1043C0003FFF7148F9F70CF87048FDF717F96F488F
:1043D000FDF7AEF92D216948F8F740FD0021664848
:1043E000F8F7EEFD62B67D21C9005D48F9F7F8FBEC
:1043F0006748FEF704FB05216548FEF7DDFB044630
:10440000002C0AD0601C002807D06148C068401CFE
:104410005F49C8600846FEF787FA5E4B1A46143AB1
:1044200000215D48F9F7A2F95A4B50331A46143A65
:1044300001215948F9F79AF9564B28331A46143A8C
:1044400002215548F9F792F9524B78331A46143A3B
:1044500003215148F9F78AF94E4BA0331A46143A12
:1044600004214D48F9F782F900214A485638FFF7F0
:10447000A5F948485638FFF7BAF903220021454804
:104480005638FFF788FC18213648A030817443491C
:10449000203841634249816361E0F5F7D1FE31483C
:1044A000FDF7DEFD3348FFF73DF83448F8F7CAFC66
:1044B0002C488030C16A3048F8F76CFE3048F6F777
:1044C00021FE284880302221415E2E48F6F700FF69
:1044D0003448F9F70BFC3448F7F7C6F92B48FDF7D9
:1044E000D9FA3248FDF710F83148F9F7EDF82648C7
:1044F000F8F7C0FF2F48F6F7CBFF26485638FFF7EE
:1045000049FC2D48FBF7B0FA2C48FAF7FFFD2C4880
:10451000FAF7A8FB2B48FBF7AFF82B48FAF764FA39
:104520002A48FAF7DFFF2A48FAF776FD2948F9F713
:10453000A7F80C488030808F274988420FD1274840
:10454000007800280BD10648F9F762FB244988421D
:1045500005D90120214908700248FDF76DFD9CE74F
:10456000A4010020C4010020640700208401002071
:1045700054070020D8020020400300201C03002024
:10458000440100207205002068050020700300200F
:10459000F4060020DE0500207C0100200000A04180
:1045A0006666F641B0010020FC0200208808002069
:1045B000640100207C0500207401002075010020AA
:1045C0007701002078010020790100207A01002085
:1045D000E8060020A0080020470200000401002097
:1045E0008813000070B501250C002D051C4310D464
:1045F000EC4206D4AC420AD4994200D070BD90423D
:1046000070BDE94217D4EB4215D4994270BD89427E
:1046100070BDEC4206D5AC42F9D58B4200D070BDDE
:10462000824270BD6D004C00EC4204D25C00EC4252
:1046300001D28B4270BD034C30B4F4F7C5FD30BCE1
:1046400070BD00BF1900160470B501251C002D05B2
:104650000C4310D4EC4206D4AC420AD48B4200D0B6
:1046600070BD824270BDEB4217D4E94215D48B4233
:1046700070BD9B4270BDEC4206D5AC42F9D5994263
:1046800000D070BD904270BD6D005C00EC4204D261
:104690004C00EC4201D2994270BD0FB4034C0CBCEB
:1046A00003BC30B4F4F790FD30BC70BD19001604A3
:1046B00070B501250400ED074C4020D4441A01D206
:1046C000001B0919C60D4B00F2B2FF2A29D01B0EA0
:1046D0002CD000020C02D31A2C43DC4028430519CD
:1046E00010D2280A02D3401C6D0611D0761EF605A2
:1046F0008019FF2A00DA70BDC00DC00570BD694089
:1047000000F0D0F801200543C541521C761CE8E7B3
:1047100064089C40C90161408900E7D10124A0439D
:10472000E4E71B0E440200D0034870BD002AFCD110
:10473000C00FC00770BD00BF0000C07F0123020092
:10474000DB050A430DD4DA4203D49A4207D48842E7
:104750007047D84214D4D94212D48842704780425C
:104760007047DA4203D59A42F9D5814270475B001F
:104770004200DA4204D24A00DA4201D28142704752
:1047800010B5024AF4F768FD10BD00BF0900160419
:1047900070B5420064414B005C41120E39D01B0ED3
:1047A00038D0FF2A3CD0FF2B3AD040024902400AC1
:1047B000490A060045184E43000A090AD218484320
:1047C000ED017F3A0104731A4019190C4318990F2F
:1047D00004D001215B0849075B1A521CD80904D395
:1047E000401CF50301D19D0607D0FF2A08D2D5054C
:1047F00006D0E4072043401970BD0125A843F4E723
:10480000002A01DCE00770BD2402FF202043C00520
:1048100070BD1B0EFF2A03D0FF2B01D0E00770BD37
:10482000FF2645003606B54206D84D00B54203D8EE
:10483000D218FF2A00D0E7E7004870BD0000C07F13
:1048400001230A00DB0502430DD4DA4203D49A4265
:1048500007D481427047D94214D4D84212D481423D
:10486000704789427047DA4203D59A42F9D58842A7
:1048700070475B004A00DA4204D24200DA4201D2B9
:10488000884270474840414010B5024A4840F4F71A
:10489000E3FC10BD0900160470B501250400ED0706
:1048A0004C4022D4441A02D26C40001B0919C60D98
:1048B0004B00F2B2FF2A4BD01B0E50D000020C026C
:1048C000D31A2C43DC40A843051B05D5AD0019D3F2
:1048D0006D08761E521E37D0F605280A01D28019BF
:1048E00070BD70416D0603D070BD6940FFF7E6FEF4
:1048F0009C4009026140490001D0401E70BD012466
:10490000A04370BD6D081DD001202B0C01D12D04DA
:1049100010302B0E01D12D0208302B0F01D12D01AB
:10492000001DAB0F01D1AD00801CEB0F01D16D005C
:10493000401C6D00361A121A680AF5054019012A42
:1049400002DB70BD002070BDC036300AC00770BDEC
:104950001B0E440201D1FF2B00D1024870BD002A7A
:10496000F0D070BD0000C07F00000000000000001B
:104970000102030406070809FEFFFFFF0003000011
:1049800005000000000000000A00000064000000B4
:10499000FEFFFFFF02030000000000000000000017
:1049A000FEFFFFFF01030000000000000000000008
:1049B000FEFFFFFF030300000000000000000000F6
:1049C000FEFFFFFF000001000500000000000000E6
:1049D000FEFFFFFF020001000000000000000000D9
:1049E000FEFFFFFF010001000000000000000000CA
:1049F000FEFFFFFF030001000000000000000000B8
:104A0000FEFFFFFF0001010005000000460000005E
:104A10000A000000460000000F0000001400000023
:104A2000FEFFFFFF02010100000000000000000087
:104A3000FEFFFFFF01010100000000000000000078
:104A4000FEFFFFFF03010100000000000000000066
:104A5000FEFFFFFF00020100050000003C00000017
:104A60000A0000003C000000FEFFFFFF0202010000
:104A70000000000000000000FEFFFFFF0102010037
:104A80000000000000000000FEFFFFFF0302010025
:104A90000000000000000000FEFFFFFF0004010016
:104AA0000500000000000000FEFFFFFF02040100FF
:104AB0000000000000000000FEFFFFFF01040100F5
:104AC0000000000000000000FEFFFFFF03040100E3
:104AD0000000000001000000FEFFFFFF00000200D8
:104AE000050000000E000000FEFFFFFF02000200B4
:104AF0000A00000064000000FEFFFFFF010002004A
:104B00000000000000000000FEFFFFFF03000200A5
:104B10000000000001000000FEFFFFFF0001020096
:104B2000000000000E0000000A0000001B00000052
:104B30005F00000023000000FEFFFFFF02010200F3
:104B40000500000064000000FEFFFFFF01010200FD
:104B50000000000000000000040000000000000051
:104B600005000000DC00000008000000DC00000080
:104B70000E0000007800000028000000780000000F
:104B80003C000000C8000000FEFFFFFF0301020020
:104B90000000000001000000FEFFFFFF0002020015
:104BA0000A00000037000000FEFFFFFF02020200C3
:104BB0000500000064000000FEFFFFFF010202008C
:104BC0000000000000000000FEFFFFFF03020200E3
:104BD0000000000001000000FEFFFFFF00030200D4
:104BE000000000000E0000000A0000001B00000092
:104BF000280000001B0000003C0000003F000000F7
:104C0000FEFFFFFF02030200050000006400000039
:104C1000FEFFFFFF01030200000000000000000093
:104C2000040000000000000005000000500000002B
:104C300028000000500000003C000000C8000000F8
:104C4000FEFFFFFF03030200000000000100000060
:104C5000FEFFFFFF00040200140000003F00000000
:104C6000FEFFFFFF020402000A0000000000000037
:104C7000FEFFFFFF010402000A000000C800000060
:104C8000FEFFFFFF030402001E0000000100000001
:104C9000FEFFFFFF000502000A00000064000000A4
:104CA000FEFFFFFF02050200000000000000000000
:104CB000FEFFFFFF010502000000000000000000F1
:104CC000FEFFFFFF030502000000000001000000DE
:104CD000FEFFFFFF000602000A0000006400000063
:104CE000FEFFFFFF020602000000000000000000BF
:104CF000FEFFFFFF010602000000000000000000B0
:104D0000FEFFFFFF0306020000000000010000009C
:104D1000FEFFFFFF00320300140000003F00000010
:104D2000FEFFFFFF02320300000000000000000051
:104D3000FEFFFFFF0132030014000000C800000066
:104D4000FEFFFFFF0332030014000000010000001B
:104D5000FEFFFFFF003303001400000046000000C8
:104D6000FEFFFFFF02330300000000000000000010
:104D7000FEFFFFFF01330300140000000E010000DE
:104D8000FEFFFFFF033303001400000001000000DA
:104D9000FEFFFFFF00340300140000004B00000082
:104DA000FEFFFFFF023403000000000000000000CF
:104DB000FEFFFFFF0134030014000000400100006B
:104DC000FEFFFFFF03340300140000000100000099
:104DD000FEFFFFFF00350300140000005500000037
:104DE000FEFFFFFF0235030000000000000000008E
:104DF000FEFFFFFF01350300140000007C010000EE
:104E0000FEFFFFFF03350300140000000100000057
:104E1000FEFFFFFF00360300140000005A000000F0
:104E2000FEFFFFFF0236030000000000000000004C
:104E3000FEFFFFFF0136030014000000A401000084
:104E4000FEFFFFFF03360300140000000100000016
:104E5000FEFFFFFF00370300140000005F000000AA
:104E6000FEFFFFFF0237030000000000000000000B
:104E7000FEFFFFFF0137030014000000CC0100001B
:104E8000FEFFFFFF033703001400000001000000D5
:104E9000FEFFFFFF00380300140000006E0000005A
:104EA000FEFFFFFF023803000000000000000000CA
:104EB000FEFFFFFF01380300140000001C02000089
:104EC000FEFFFFFF03380300140000000100000094
:104ED000FEFFFFFF0039030014000000780000000F
:104EE000FEFFFFFF02390300000000000000000089
:104EF000FEFFFFFF0139030014000000580200000C
:104F0000FEFFFFFF03390300140000000100000052
:104F1000FEFFFFFF003A03001400000082000000C3
:104F2000FEFFFFFF023A0300000000000000000047
:104F3000FEFFFFFF013A030014000000940200008E
:104F4000FEFFFFFF033A0300140000000100000011
:104F5000FEFFFFFF003B030014000000960000006E
:104F6000FEFFFFFF023B0300000000000000000006
:104F7000FEFFFFFF013B030014000000EE020000F3
:104F8000FEFFFFFF033B03001400000001000000D0
:104F9000FEFFFFFF001603001E00000037000000A8
:104FA000FEFFFFFF021603000A00000000000000E1
:104FB000FEFFFFFF011603000000000000000000DC
:104FC000FEFFFFFF031603000000000001000000C9
:104FD000FEFFFFFF001C03001E0000003C0000005D
:104FE000FEFFFFFF021C03000A0000006400000037
:104FF0003C000000640000004600000000000000CB
:10500000FEFFFFFF011C03000F0000000000000076
:10501000FEFFFFFF031C0300000000000100000072
:10502000FEFFFFFF001E0300000000000000000064
:10503000FEFFFFFF021E0300000000000000000052
:10504000FEFFFFFF011E0300000000000000000043
:10505000FEFFFFFF031E0300000000000100000030
:10506000FEFFFFFF000004001E00000037000000EC
:105070006E00000037000000780000005A000000B9
:10508000FEFFFFFF020004000A00000064000000B1
:105090003C0000006400000046000000000000002A
:1050A000FEFFFFFF010004001E00000000000000E2
:1050B000FEFFFFFF030004001E00000001000000CF
:1050C000FEFFFFFF000104000A0000008200000054
:1050D000FEFFFFFF020104000000000000000000CE
:1050E000FEFFFFFF010104000000000000000000BF
:1050F000FEFFFFFF030104000000000001000000AC
:10510000FEFFFFFF000204001E0000003700000049
:105110005A000000370000006E0000005A00000036
:10512000FEFFFFFF020204000A000000640000000E
:105130003C00000064000000460000000000000089
:10514000FEFFFFFF0102040000000000000000005D
:10515000FEFFFFFF030204001E000000010000002C
:10516000FEFFFFFF000404001E00000037000000E7
:105170005A000000370000006E0000005A000000D6
:10518000FEFFFFFF020404000A00000064000000AC
:105190003C00000064000000460000000000000029
:1051A000FEFFFFFF010404000000000000000000FB
:1051B000FEFFFFFF030404001E00000001000000CA
:1051C00080807F7E7D7C7B7A797877767675747344
:1051D000727171706F6E6E6D6C6C6B6A6A69686803
:1051E000676666656464636362616160605F5F5E99
:1051F0005E5D5D5C5C5B5B5A5A595958585757560F
:105200005655555554545353525252515150505073
:105210004F4F4F4E4E4D4D4D4C4C4C4B4B4B4A4AC5
:105220004A49494948484847474747464646454509
:105230004544444444434343434242424241414142
:105240008182838485868788898B8C8D8E8F9192CD
:1052500093959697999A9C9D9FA0A2A3A5A7A8AA6B
:10526000ACAEB0B2B3B5B7B9BCBEC0C2C5C7C9CC8D
:10527000CED1D4D7D9DCDFE2E6E9ECF0F3F7FAFEE1
:105280000CC0010800010020A400000000810008FB
:10529000B0C00108A40100206C0D00001C810008B2
:1052A0006DF0FFFF69EFFFFFA5F0FFFF31F0FFFF9B
:1052B0004DF0FFFF79F0FFFFC5EFFFFFD1EFFFFFDC
:1052C0007DEFFFFFD9EFFFFF55F0FFFFE1EFFFFF9D
:1052D0006DF0FFFF29EFFFFFF5EFFFFF81F0FFFF0C
:1052E0008DEFFFFF39EFFFFF65EFFFFF71EFFFFF6E
:1052F000FDEEFFFFC9EFFFFFF5EFFFFF31EFFFFF0F
:10530000000000000000000000000000000000009D
:10531000000000000000000000000000000000008D
:10532000000000000000000000000000000000007D
:10533000000000000000000000000000000000006D
:10534000000000000000000000000000000000005D
:10535000000000000000000000000000000000004D
:10536000000000000000000000000000000000003D
:10537000000000000000000000000000000000002D
:10538000000000000000000000000000000000001D
:10539000000000000000000000000000000000000D
:1053A00000000000000000000000000000000000FD
:1053B00000000000000000000000000000000000ED
:1053C00000000000000000000000000000000000DD
:1053D00000000000000000000000000000000000CD
:1053E00000000000000000000000000000000000BD
:1053F00000000000000000000000000000000000AD
:10540000000000000000000000000000000000009C
:10541000000000000000000000000000000000008C
:10542000000000000000000000000000000000007C
:10543000000000000000000000000000000000006C
:10544000000000000000000000000000000000005C
:10545000000000000000000000000000000000004C
:10546000000000000000000000000000000000003C
:10547000000000000000000000000000000000002C
:10548000000000000000000000000000000000001C
:10549000000000000000000000000000000000000C
:1054A00000000000000000000000000000000000FC
:1054B00000000000000000000000000000000000EC
:1054C00000000000000000000000000000000000DC
:1054D00000000000000000000000000000000000CC
:1054E00000000000000000000000000000000000BC
:1054F00000000000000000000000000000000000AC
:10550000000000000000000000000000000000009B
:10551000000000000000000000000000000000008B
:10552000000000000000000000000000000000007B
:10553000000000000000000000000000000000006B
:10554000000000000000000000000000000000005B
:10555000000000000000000000000000000000004B
:10556000000000000000000000000000000000003B
:10557000000000000000000000000000000000002B
:10558000000000000000000000000000000000001B
:10559000000000000000000000000000000000000B
:1055A00000000000000000000000000000000000FB
:1055B00000000000000000000000000000000000EB
:1055C00000000000000000000000000000000000DB
:1055D00000000000000000000000000000000000CB
:1055E00000000000000000000000000000000000BB
:1055F00000000000000000000000000000000000AB
:10560000000000000000000000000000000000009A
:10561000000000000000000000000000000000008A
:10562000000000000000000000000000000000007A
:10563000000000000000000000000000000000006A
:10564000000000000000000000000000000000005A
:10565000000000000000000000000000000000004A
:10566000000000000000000000000000000000003A
:10567000000000000000000000000000000000002A
:10568000000000000000000000000000000000001A
:10569000000000000000000000000000000000000A
:1056A00000000000000000000000000000000000FA
:1056B00000000000000000000000000000000000EA
:1056C00000000000000000000000000000000000DA
:1056D00000000000000000000000000000000000CA
:1056E00000000000000000000000000000000000BA
:1056F00000000000000000000000000000000000AA
:105700000000000000000000000000000000000099
:105710000000000000000000000000000000000089
:105720000000000000000000000000000000000079
:105730000000000000000000000000000000000069
:105740000000000000000000000000000000000059
:105750000000000000000000000000000000000049
:105760000000000000000000000000000000000039
:105770000000000000000000000000000000000029
:105780000000000000000000000000000000000019
:105790000000000000000000000000000000000009
:1057A00000000000000000000000000000000000F9
:1057B00000000000000000000000000000000000E9
:1057C00000000000000000000000000000000000D9
:1057D00000000000000000000000000000000000C9
:1057E00000000000000000000000000000000000B9
:1057F00000000000000000000000000000000000A9
:105800000000000000000000000000000000000098
:105810000000000000000000000000000000000088
:105820000000000000000000000000000000000078
:105830000000000000000000000000000000000068
:105840000000000000000000000000000000000058
:105850000000000000000000000000000000000048
:105860000000000000000000000000000000000038
:105870000000000000000000000000000000000028
:105880000000000000000000000000000000000018
:105890000000000000000000000000000000000008
:1058A00000000000000000000000000000000000F8
:1058B00000000000000000000000000000000000E8
:1058C00000000000000000000000000000000000D8
:1058D00000000000000000000000000000000000C8
:1058E00000000000000000000000000000000000B8
:1058F00000000000000000000000000000000000A8
:105900000000000000000000000000000000000097
:105910000000000000000000000000000000000087
:105920000000000000000000000000000000000077
:105930000000000000000000000000000000000067
:105940000000000000000000000000000000000057
:105950000000000000000000000000000000000047
:105960000000000000000000000000000000000037
:105970000000000000000000000000000000000027
:105980000000000000000000000000000000000017
:105990000000000000000000000000000000000007
:1059A00000000000000000000000000000000000F7
:1059B00000000000000000000000000000000000E7
:1059C00000000000000000000000000000000000D7
:1059D00000000000000000000000000000000000C7
:1059E00000000000000000000000000000000000B7
:1059F00000000000000000000000000000000000A7
:105A00000000000000000000000000000000000096
:105A10000000000000000000000000000000000086
:105A20000000000000000000000000000000000076
:105A30000000000000000000000000000000000066
:105A40000000000000000000000000000000000056
:105A50000000000000000000000000000000000046
:105A60000000000000000000000000000000000036
:105A70000000000000000000000000000000000026
:105A80000000000000000000000000000000000016
:105A90000000000000000000000000000000000006
:105AA00000000000000000000000000000000000F6
:105AB00000000000000000000000000000000000E6
:105AC00000000000000000000000000000000000D6
:105AD00000000000000000000000000000000000C6
:105AE00000000000000000000000000000000000B6
:105AF00000000000000000000000000000000000A6
:105B00000000000000000000000000000000000095
:105B10000000000000000000000000000000000085
:105B20000000000000000000000000000000000075
:105B30000000000000000000000000000000000065
:105B40000000000000000000000000000000000055
:105B50000000000000000000000000000000000045
:105B60000000000000000000000000000000000035
:105B70000000000000000000000000000000000025
:105B80000000000000000000000000000000000015
:105B90000000000000000000000000000000000005
:105BA00000000000000000000000000000000000F5
:105BB00000000000000000000000000000000000E5
:105BC00000000000000000000000000000000000D5
:105BD00000000000000000000000000000000000C5
:105BE00000000000000000000000000000000000B5
:105BF00000000000000000000000000000000000A5
:105C00000000000000000000000000000000000094
:105C10000000000000000000000000000000000084
:105C20000000000000000000000000000000000074
:105C30000000000000000000000000000000000064
:105C40000000000000000000000000000000000054
:105C50000000000000000000000000000000000044
:105C60000000000000000000000000000000000034
:105C70000000000000000000000000000000000024
:105C80000000000000000000000000000000000014
:105C90000000000000000000000000000000000004
:105CA00000000000000000000000000000000000F4
:105CB00000000000000000000000000000000000E4
:105CC00000000000000000000000000000000000D4
:105CD00000000000000000000000000000000000C4
:105CE00000000000000000000000000000000000B4
:105CF00000000000000000000000000000000000A4
:105D00000000000000000000000000000000000093
:105D10000000000000000000000000000000000083
:105D20000000000000000000000000000000000073
:105D30000000000000000000000000000000000063
:105D40000000000000000000000000000000000053
:105D50000000000000000000000000000000000043
:105D60000000000000000000000000000000000033
:105D70000000000000000000000000000000000023
:105D80000000000000000000000000000000000013
:105D90000000000000000000000000000000000003
:105DA00000000000000000000000000000000000F3
:105DB00000000000000000000000000000000000E3
:105DC00000000000000000000000000000000000D3
:105DD00000000000000000000000000000000000C3
:105DE00000000000000000000000000000000000B3
:105DF00000000000000000000000000000000000A3
:105E00000000000000000000000000000000000092
:105E10000000000000000000000000000000000082
:105E20000000000000000000000000000000000072
:105E30000000000000000000000000000000000062
:105E40000000000000000000000000000000000052
:105E50000000000000000000000000000000000042
:105E60000000000000000000000000000000000032
:105E70000000000000000000000000000000000022
:105E80000000000000000000000000000000000012
:105E90000000000000000000000000000000000002
:105EA00000000000000000000000000000000000F2
:105EB00000000000000000000000000000000000E2
:105EC00000000000000000000000000000000000D2
:105ED00000000000000000000000000000000000C2
:105EE00000000000000000000000000000000000B2
:105EF00000000000000000000000000000000000A2
:105F00000000000000000000000000000000000091
:105F10000000000000000000000000000000000081
:105F20000000000000000000000000000000000071
:105F30000000000000000000000000000000000061
:105F40000000000000000000000000000000000051
:105F50000000000000000000000000000000000041
:105F60000000000000000000000000000000000031
:105F70000000000000000000000000000000000021
:105F80000000000000000000000000000000000011
:105F90000000000000000000000000000000000001
:105FA00000000000000000000000000000000000F1
:105FB00000000000000000000000000000000000E1
:105FC00000000000000000000000000000000000D1
:105FD00000000000000000000000000000000000C1
:105FE00000000000000000000000000000000000B1
:105FF00000000000000000000000000000000000A1
:106000000000000000000000000000000000000090
:106010000000000000000000000000000000000080
:106020000000000000000000000000000000000070
:106030000000000000000000000000000000000060
:106040000000000000000000000000000000000050
:106050000000000000000000000000000000000040
:106060000000000000000000000000000000000030
:106070000000000000000000000000000000000020
:106080000000000000000000000000000000000010
:106090000000000000000000000000000000000000
:1060A00000000000000000000000000000000000F0
:1060B00000000000000000000000000000000000E0
:1060C00000000000000000000000000000000000D0
:1060D00000000000000000000000000000000000C0
:1060E00000000000000000000000000000000000B0
:1060F00000000000000000000000000000000000A0
:10610000000000000000000000000000000000008F
:10611000000000000000000000000000000000007F
:10612000000000000000000000000000000000006F
:10613000000000000000000000000000000000005F
:10614000000000000000000000000000000000004F
:10615000000000000000000000000000000000003F
:10616000000000000000000000000000000000002F
:10617000000000000000000000000000000000001F
:10618000000000000000000000000000000000000F
:1061900000000000000000000000000000000000FF
:1061A00000000000000000000000000000000000EF
:1061B00000000000000000000000000000000000DF
:1061C00000000000000000000000000000000000CF
:1061D00000000000000000000000000000000000BF
:1061E00000000000000000000000000000000000AF
:1061F000000000000000000000000000000000009F
:10620000000000000000000000000000000000008E
:10621000000000000000000000000000000000007E
:10622000000000000000000000000000000000006E
:10623000000000000000000000000000000000005E
:10624000000000000000000000000000000000004E
:10625000000000000000000000000000000000003E
:10626000000000000000000000000000000000002E
:10627000000000000000000000000000000000001E
:10628000000000000000000000000000000000000E
:1062900000000000000000000000000000000000FE
:1062A00000000000000000000000000000000000EE
:1062B00000000000000000000000000000000000DE
:1062C00000000000000000000000000000000000CE
:1062D00000000000000000000000000000000000BE
:1062E00000000000000000000000000000000000AE
:1062F000000000000000000000000000000000009E
:10630000000000000000000000000000000000008D
:10631000000000000000000000000000000000007D
:10632000000000000000000000000000000000006D
:10633000000000000000000000000000000000005D
:10634000000000000000000000000000000000004D
:10635000000000000000000000000000000000003D
:10636000000000000000000000000000000000002D
:10637000000000000000000000000000000000001D
:10638000000000000000000000000000000000000D
:1063900000000000000000000000000000000000FD
:1063A00000000000000000000000000000000000ED
:1063B00000000000000000000000000000000000DD
:1063C00000000000000000000000000000000000CD
:1063D00000000000000000000000000000000000BD
:1063E00000000000000000000000000000000000AD
:1063F000000000000000000000000000000000009D
:10640000000000000000000000000000000000008C
:10641000000000000000000000000000000000007C
:10642000000000000000000000000000000000006C
:10643000000000000000000000000000000000005C
:10644000000000000000000000000000000000004C
:10645000000000000000000000000000000000003C
:10646000000000000000000000000000000000002C
:10647000000000000000000000000000000000001C
:10648000000000000000000000000000000000000C
:1064900000000000000000000000000000000000FC
:1064A00000000000000000000000000000000000EC
:1064B00000000000000000000000000000000000DC
:1064C00000000000000000000000000000000000CC
:1064D00000000000000000000000000000000000BC
:1064E00000000000000000000000000000000000AC
:1064F000000000000000000000000000000000009C
:10650000000000000000000000000000000000008B
:10651000000000000000000000000000000000007B
:10652000000000000000000000000000000000006B
:10653000000000000000000000000000000000005B
:10654000000000000000000000000000000000004B
:10655000000000000000000000000000000000003B
:10656000000000000000000000000000000000002B
:10657000000000000000000000000000000000001B
:10658000000000000000000000000000000000000B
:1065900000000000000000000000000000000000FB
:1065A00000000000000000000000000000000000EB
:1065B00000000000000000000000000000000000DB
:1065C00000000000000000000000000000000000CB
:1065D00000000000000000000000000000000000BB
:1065E00000000000000000000000000000000000AB
:1065F000000000000000000000000000000000009B
:10660000000000000000000000000000000000008A
:10661000000000000000000000000000000000007A
:10662000000000000000000000000000000000006A
:10663000000000000000000000000000000000005A
:10664000000000000000000000000000000000004A
:10665000000000000000000000000000000000003A
:10666000000000000000000000000000000000002A
:10667000000000000000000000000000000000001A
:10668000000000000000000000000000000000000A
:1066900000000000000000000000000000000000FA
:1066A00000000000000000000000000000000000EA
:1066B00000000000000000000000000000000000DA
:1066C00000000000000000000000000000000000CA
:1066D00000000000000000000000000000000000BA
:1066E00000000000000000000000000000000000AA
:1066F000000000000000000000000000000000009A
:106700000000000000000000000000000000000089
:106710000000000000000000000000000000000079
:106720000000000000000000000000000000000069
:106730000000000000000000000000000000000059
:106740000000000000000000000000000000000049
:106750000000000000000000000000000000000039
:106760000000000000000000000000000000000029
:106770000000000000000000000000000000000019
:106780000000000000000000000000000000000009
:1067900000000000000000000000000000000000F9
:1067A00000000000000000000000000000000000E9
:1067B00000000000000000000000000000000000D9
:1067C00000000000000000000000000000000000C9
:1067D00000000000000000000000000000000000B9
:1067E00000000000000000000000000000000000A9
:1067F0000000000000000000000000000000000099
:106800000000000000000000000000000000000088
:106810000000000000000000000000000000000078
:106820000000000000000000000000000000000068
:106830000000000000000000000000000000000058
:106840000000000000000000000000000000000048
:106850000000000000000000000000000000000038
:106860000000000000000000000000000000000028
:106870000000000000000000000000000000000018
:106880000000000000000000000000000000000008
:1068900000000000000000000000000000000000F8
:1068A00000000000000000000000000000000000E8
:1068B00000000000000000000000000000000000D8
:1068C00000000000000000000000000000000000C8
:1068D00000000000000000000000000000000000B8
:1068E00000000000000000000000000000000000A8
:1068F0000000000000000000000000000000000098
:106900000000000000000000000000000000000087
:106910000000000000000000000000000000000077
:106920000000000000000000000000000000000067
:106930000000000000000000000000000000000057
:106940000000000000000000000000000000000047
:106950000000000000000000000000000000000037
:106960000000000000000000000000000000000027
:106970000000000000000000000000000000000017
:106980000000000000000000000000000000000007
:1069900000000000000000000000000000000000F7
:1069A00000000000000000000000000000000000E7
:1069B00000000000000000000000000000000000D7
:1069C00000000000000000000000000000000000C7
:1069D00000000000000000000000000000000000B7
:1069E00000000000000000000000000000000000A7
:1069F0000000000000000000000000000000000097
:106A00000000000000000000000000000000000086
:106A10000000000000000000000000000000000076
:106A20000000000000000000000000000000000066
:106A30000000000000000000000000000000000056
:106A40000000000000000000000000000000000046
:106A50000000000000000000000000000000000036
:106A60000000000000000000000000000000000026
:106A70000000000000000000000000000000000016
:106A80000000000000000000000000000000000006
:106A900000000000000000000000000000000000F6
:106AA00000000000000000000000000000000000E6
:106AB00000000000000000000000000000000000D6
:106AC00000000000000000000000000000000000C6
:106AD00000000000000000000000000000000000B6
:106AE00000000000000000000000000000000000A6
:106AF0000000000000000000000000000000000096
:106B00000000000000000000000000000000000085
:106B10000000000000000000000000000000000075
:106B20000000000000000000000000000000000065
:106B30000000000000000000000000000000000055
:106B40000000000000000000000000000000000045
:106B50000000000000000000000000000000000035
:106B60000000000000000000000000000000000025
:106B70000000000000000000000000000000000015
:106B80000000000000000000000000000000000005
:106B900000000000000000000000000000000000F5
:106BA00000000000000000000000000000000000E5
:106BB00000000000000000000000000000000000D5
:106BC00000000000000000000000000000000000C5
:106BD00000000000000000000000000000000000B5
:106BE00000000000000000000000000000000000A5
:106BF0000000000000000000000000000000000095
:106C00000000000000000000000000000000000084
:106C10000000000000000000000000000000000074
:106C20000000000000000000000000000000000064
:106C30000000000000000000000000000000000054
:106C40000000000000000000000000000000000044
:106C50000000000000000000000000000000000034
:106C60000000000000000000000000000000000024
:106C70000000000000000000000000000000000014
:106C80000000000000000000000000000000000004
:106C900000000000000000000000000000000000F4
:106CA00000000000000000000000000000000000E4
:106CB00000000000000000000000000000000000D4
:106CC00000000000000000000000000000000000C4
:106CD00000000000000000000000000000000000B4
:106CE00000000000000000000000000000000000A4
:106CF0000000000000000000000000000000000094
:106D00000000000000000000000000000000000083
:106D10000000000000000000000000000000000073
:106D20000000000000000000000000000000000063
:106D30000000000000000000000000000000000053
:106D40000000000000000000000000000000000043
:106D50000000000000000000000000000000000033
:106D60000000000000000000000000000000000023
:106D70000000000000000000000000000000000013
:106D80000000000000000000000000000000000003
:106D900000000000000000000000000000000000F3
:106DA00000000000000000000000000000000000E3
:106DB00000000000000000000000000000000000D3
:106DC00000000000000000000000000000000000C3
:106DD00000000000000000000000000000000000B3
:106DE00000000000000000000000000000000000A3
:106DF0000000000000000000000000000000000093
:106E00000000000000000000000000000000000082
:106E10000000000000000000000000000000000072
:106E20000000000000000000000000000000000062
:106E30000000000000000000000000000000000052
:106E40000000000000000000000000000000000042
:106E50000000000000000000000000000000000032
:106E60000000000000000000000000000000000022
:106E70000000000000000000000000000000000012
:106E80000000000000000000000000000000000002
:106E900000000000000000000000000000000000F2
:106EA00000000000000000000000000000000000E2
:106EB00000000000000000000000000000000000D2
:106EC00000000000000000000000000000000000C2
:106ED00000000000000000000000000000000000B2
:106EE00000000000000000000000000000000000A2
:106EF0000000000000000000000000000000000092
:106F00000000000000000000000000000000000081
:106F10000000000000000000000000000000000071
:106F20000000000000000000000000000000000061
:106F30000000000000000000000000000000000051
:106F40000000000000000000000000000000000041
:106F50000000000000000000000000000000000031
:106F60000000000000000000000000000000000021
:106F70000000000000000000000000000000000011
:106F80000000000000000000000000000000000001
:106F900000000000000000000000000000000000F1
:106FA00000000000000000000000000000000000E1
:106FB00000000000000000000000000000000000D1
:106FC00000000000000000000000000000000000C1
:106FD00000000000000000000000000000000000B1
:106FE00000000000000000000000000000000000A1
:106FF0000000000000000000000000000000000091
:107000000000000000000000000000000000000080
:107010000000000000000000000000000000000070
:107020000000000000000000000000000000000060
:107030000000000000000000000000000000000050
:107040000000000000000000000000000000000040
:107050000000000000000000000000000000000030
:107060000000000000000000000000000000000020
:107070000000000000000000000000000000000010
:107080000000000000000000000000000000000000
:1070900000000000000000000000000000000000F0
:1070A00000000000000000000000000000000000E0
:1070B00000000000000000000000000000000000D0
:1070C00000000000000000000000000000000000C0
:1070D00000000000000000000000000000000000B0
:1070E00000000000000000000000000000000000A0
:1070F0000000000000000000000000000000000090
:10710000000000000000000000000000000000007F
:10711000000000000000000000000000000000006F
:10712000000000000000000000000000000000005F
:10713000000000000000000000000000000000004F
:10714000000000000000000000000000000000003F
:10715000000000000000000000000000000000002F
:10716000000000000000000000000000000000001F
:10717000000000000000000000000000000000000F
:1071800000000000000000000000000000000000FF
:1071900000000000000000000000000000000000EF
:1071A00000000000000000000000000000000000DF
:1071B00000000000000000000000000000000000CF
:1071C00000000000000000000000000000000000BF
:1071D00000000000000000000000000000000000AF
:1071E000000000000000000000000000000000009F
:1071F000000000000000000000000000000000008F
:10720000000000000000000000000000000000007E
:10721000000000000000000000000000000000006E
:10722000000000000000000000000000000000005E
:10723000000000000000000000000000000000004E
:10724000000000000000000000000000000000003E
:10725000000000000000000000000000000000002E
:10726000000000000000000000000000000000001E
:10727000000000000000000000000000000000000E
:1072800000000000000000000000000000000000FE
:1072900000000000000000000000000000000000EE
:1072A00000000000000000000000000000000000DE
:1072B00000000000000000000000000000000000CE
:1072C00000000000000000000000000000000000BE
:1072D00000000000000000000000000000000000AE
:1072E000000000000000000000000000000000009E
:1072F000000000000000000000000000000000008E
:10730000000000000000000000000000000000007D
:10731000000000000000000000000000000000006D
:10732000000000000000000000000000000000005D
:10733000000000000000000000000000000000004D
:10734000000000000000000000000000000000003D
:10735000000000000000000000000000000000002D
:10736000000000000000000000000000000000001D
:10737000000000000000000000000000000000000D
:1073800000000000000000000000000000000000FD
:1073900000000000000000000000000000000000ED
:1073A00000000000000000000000000000000000DD
:1073B00000000000000000000000000000000000CD
:1073C00000000000000000000000000000000000BD
:1073D00000000000000000000000000000000000AD
:1073E000000000000000000000000000000000009D
:1073F000000000000000000000000000000000008D
:10740000000000000000000000000000000000007C
:10741000000000000000000000000000000000006C
:10742000000000000000000000000000000000005C
:10743000000000000000000000000000000000004C
:10744000000000000000000000000000000000003C
:10745000000000000000000000000000000000002C
:10746000000000000000000000000000000000001C
:10747000000000000000000000000000000000000C
:1074800000000000000000000000000000000000FC
:1074900000000000000000000000000000000000EC
:1074A00000000000000000000000000000000000DC
:1074B00000000000000000000000000000000000CC
:1074C00000000000000000000000000000000000BC
:1074D00000000000000000000000000000000000AC
:1074E000000000000000000000000000000000009C
:1074F000000000000000000000000000000000008C
:10750000000000000000000000000000000000007B
:10751000000000000000000000000000000000006B
:10752000000000000000000000000000000000005B
:10753000000000000000000000000000000000004B
:10754000000000000000000000000000000000003B
:10755000000000000000000000000000000000002B
:10756000000000000000000000000000000000001B
:10757000000000000000000000000000000000000B
:1075800000000000000000000000000000000000FB
:1075900000000000000000000000000000000000EB
:1075A00000000000000000000000000000000000DB
:1075B00000000000000000000000000000000000CB
:1075C00000000000000000000000000000000000BB
:1075D00000000000000000000000000000000000AB
:1075E000000000000000000000000000000000009B
:1075F000000000000000000000000000000000008B
:10760000000000000000000000000000000000007A
:10761000000000000000000000000000000000006A
:10762000000000000000000000000000000000005A
:10763000000000000000000000000000000000004A
:10764000000000000000000000000000000000003A
:10765000000000000000000000000000000000002A
:10766000000000000000000000000000000000001A
:10767000000000000000000000000000000000000A
:1076800000000000000000000000000000000000FA
:1076900000000000000000000000000000000000EA
:1076A00000000000000000000000000000000000DA
:1076B00000000000000000000000000000000000CA
:1076C00000000000000000000000000000000000BA
:1076D00000000000000000000000000000000000AA
:1076E000000000000000000000000000000000009A
:1076F000000000000000000000000000000000008A
:107700000000000000000000000000000000000079
:107710000000000000000000000000000000000069
:107720000000000000000000000000000000000059
:107730000000000000000000000000000000000049
:107740000000000000000000000000000000000039
:107750000000000000000000000000000000000029
:107760000000000000000000000000000000000019
:107770000000000000000000000000000000000009
:1077800000000000000000000000000000000000F9
:1077900000000000000000000000000000000000E9
:1077A00000000000000000000000000000000000D9
:1077B00000000000000000000000000000000000C9
:1077C00000000000000000000000000000000000B9
:1077D00000000000000000000000000000000000A9
:1077E0000000000000000000000000000000000099
:1077F0000000000000000000000000000000000089
:107800000000000000000000000000000000000078
:107810000000000000000000000000000000000068
:107820000000000000000000000000000000000058
:107830000000000000000000000000000000000048
:107840000000000000000000000000000000000038
:107850000000000000000000000000000000000028
:107860000000000000000000000000000000000018
:107870000000000000000000000000000000000008
:1078800000000000000000000000000000000000F8
:1078900000000000000000000000000000000000E8
:1078A00000000000000000000000000000000000D8
:1078B00000000000000000000000000000000000C8
:1078C00000000000000000000000000000000000B8
:1078D00000000000000000000000000000000000A8
:1078E0000000000000000000000000000000000098
:1078F0000000000000000000000000000000000088
:107900000000000000000000000000000000000077
:107910000000000000000000000000000000000067
:107920000000000000000000000000000000000057
:107930000000000000000000000000000000000047
:107940000000000000000000000000000000000037
:107950000000000000000000000000000000000027
:107960000000000000000000000000000000000017
:107970000000000000000000000000000000000007
:1079800000000000000000000000000000000000F7
:1079900000000000000000000000000000000000E7
:1079A00000000000000000000000000000000000D7
:1079B00000000000000000000000000000000000C7
:1079C00000000000000000000000000000000000B7
:1079D00000000000000000000000000000000000A7
:1079E0000000000000000000000000000000000097
:1079F0000000000000000000000000000000000087
:107A00000000000000000000000000000000000076
:107A10000000000000000000000000000000000066
:107A20000000000000000000000000000000000056
:107A30000000000000000000000000000000000046
:107A40000000000000000000000000000000000036
:107A50000000000000000000000000000000000026
:107A60000000000000000000000000000000000016
:107A70000000000000000000000000000000000006
:107A800000000000000000000000000000000000F6
:107A900000000000000000000000000000000000E6
:107AA00000000000000000000000000000000000D6
:107AB00000000000000000000000000000000000C6
:107AC00000000000000000000000000000000000B6
:107AD00000000000000000000000000000000000A6
:107AE0000000000000000000000000000000000096
:107AF0000000000000000000000000000000000086
:107B00000000000000000000000000000000000075
:107B10000000000000000000000000000000000065
:107B20000000000000000000000000000000000055
:107B30000000000000000000000000000000000045
:107B40000000000000000000000000000000000035
:107B50000000000000000000000000000000000025
:107B60000000000000000000000000000000000015
:107B70000000000000000000000000000000000005
:107B800000000000000000000000000000000000F5
:107B900000000000000000000000000000000000E5
:107BA00000000000000000000000000000000000D5
:107BB00000000000000000000000000000000000C5
:107BC00000000000000000000000000000000000B5
:107BD00000000000000000000000000000000000A5
:107BE0000000000000000000000000000000000095
:107BF0000000000000000000000000000000000085
:107C00000000000000000000000000000000000074
:107C10000000000000000000000000000000000064
:107C20000000000000000000000000000000000054
:107C30000000000000000000000000000000000044
:107C40000000000000000000000000000000000034
:107C50000000000000000000000000000000000024
:107C60000000000000000000000000000000000014
:107C70000000000000000000000000000000000004
:107C800000000000000000000000000000000000F4
:107C900000000000000000000000000000000000E4
:107CA00000000000000000000000000000000000D4
:107CB00000000000000000000000000000000000C4
:107CC00000000000000000000000000000000000B4
:107CD00000000000000000000000000000000000A4
:107CE0000000000000000000000000000000000094
:107CF0000000000000000000000000000000000084
:107D00000000000000000000000000000000000073
:107D10000000000000000000000000000000000063
:107D20000000000000000000000000000000000053
:107D30000000000000000000000000000000000043
:107D40000000000000000000000000000000000033
:107D50000000000000000000000000000000000023
:107D60000000000000000000000000000000000013
:107D70000000000000000000000000000000000003
:107D800000000000000000000000000000000000F3
:107D900000000000000000000000000000000000E3
:107DA00000000000000000000000000000000000D3
:107DB00000000000000000000000000000000000C3
:107DC00000000000000000000000000000000000B3
:107DD00000000000000000000000000000000000A3
:107DE0000000000000000000000000000000000093
:107DF0000000000000000000000000000000000083
:107E00000000000000000000000000000000000072
:107E10000000000000000000000000000000000062
:107E20000000000000000000000000000000000052
:107E30000000000000000000000000000000000042
:107E40000000000000000000000000000000000032
:107E50000000000000000000000000000000000022
:107E60000000000000000000000000000000000012
:107E70000000000000000000000000000000000002
:107E800000000000000000000000000000000000F2
:107E900000000000000000000000000000000000E2
:107EA00000000000000000000000000000000000D2
:107EB00000000000000000000000000000000000C2
:107EC00000000000000000000000000000000000B2
:107ED00000000000000000000000000000000000A2
:107EE0000000000000000000000000000000000092
:107EF0000000000000000000000000000000000082
:107F00000000000000000000000000000000000071
:107F10000000000000000000000000000000000061
:107F20000000000000000000000000000000000051
:107F30000000000000000000000000000000000041
:107F40000000000000000000000000000000000031
:107F50000000000000000000000000000000000021
:107F60000000000000000000000000000000000011
:107F70000000000000000000000000000000000001
:107F800000000000000000000000000000000000F1
:107F900000000000000000000000000000000000E1
:107FA00000000000000000000000000000000000D1
:107FB00000000000000000000000000000000000C1
:107FC00000000000000000000000000000000000B1
:107FD00000000000000000000000000000000000A1
:107FE0000000000000000000000000000000000091
:107FF0000000000000000000000000000000000081
:108000000000000000000000000000000000000070
:108010000000000000000000000000000000000060
:108020000000000000000000000000000000000050
:108030000000000000000000000000000000000040
:108040000000000000000000000000000000000030
:108050000000000000000000000000000000000020
:108060000000000000000000000000000000000010
:108070000000000000000000000000000000000000
:1080800000000000000000000000000000000000F0
:1080900000000000000000000000000000000000E0
:1080A00000000000000000000000000000000000D0
:1080B00000000000000000000000000000000000C0
:1080C00000000000000000000000000000000000B0
:1080D00000000000000000000000000000000000A0
:1080E0000000000000000000000000000000000090
:1080F0000000000000000000000000000000000080
:10810000000000000000000000000000000000006F
:10811000000000000000000000000000000000005F
:10812000000000000000000000000000000000004F
:10813000000000000000000000000000000000003F
:10814000000000000000000000000000000000002F
:10815000000000000000000000000000000000001F
:10816000000000000000000000000000000000000F
:1081700000000000000000000000000000000000FF
:1081800000000000000000000000000000000000EF
:1081900000000000000000000000000000000000DF
:1081A00000000000000000000000000000000000CF
:1081B00000000000000000000000000000000000BF
:1081C00000000000000000000000000000000000AF
:1081D000000000000000000000000000000000009F
:1081E000000000000000000000000000000000008F
:1081F000000000000000000000000000000000007F
:10820000000000000000000000000000000000006E
:10821000000000000000000000000000000000005E
:10822000000000000000000000000000000000004E
:10823000000000000000000000000000000000003E
:10824000000000000000000000000000000000002E
:10825000000000000000000000000000000000001E
:10826000000000000000000000000000000000000E
:1082700000000000000000000000000000000000FE
:1082800000000000000000000000000000000000EE
:1082900000000000000000000000000000000000DE
:1082A00000000000000000000000000000000000CE
:1082B00000000000000000000000000000000000BE
:1082C00000000000000000000000000000000000AE
:1082D000000000000000000000000000000000009E
:1082E000000000000000000000000000000000008E
:1082F000000000000000000000000000000000007E
:10830000000000000000000000000000000000006D
:10831000000000000000000000000000000000005D
:10832000000000000000000000000000000000004D
:10833000000000000000000000000000000000003D
:10834000000000000000000000000000000000002D
:10835000000000000000000000000000000000001D
:10836000000000000000000000000000000000000D
:1083700000000000000000000000000000000000FD
:1083800000000000000000000000000000000000ED
:1083900000000000000000000000000000000000DD
:1083A00000000000000000000000000000000000CD
:1083B00000000000000000000000000000000000BD
:1083C00000000000000000000000000000000000AD
:1083D000000000000000000000000000000000009D
:1083E000000000000000000000000000000000008D
:1083F000000000000000000000000000000000007D
:10840000000000000000000000000000000000006C
:10841000000000000000000000000000000000005C
:10842000000000000000000000000000000000004C
:10843000000000000000000000000000000000003C
:10844000000000000000000000000000000000002C
:10845000000000000000000000000000000000001C
:10846000000000000000000000000000000000000C
:1084700000000000000000000000000000000000FC
:1084800000000000000000000000000000000000EC
:1084900000000000000000000000000000000000DC
:1084A00000000000000000000000000000000000CC
:1084B00000000000000000000000000000000000BC
:1084C00000000000000000000000000000000000AC
:1084D000000000000000000000000000000000009C
:1084E000000000000000000000000000000000008C
:1084F000000000000000000000000000000000007C
:10850000000000000000000000000000000000006B
:10851000000000000000000000000000000000005B
:10852000000000000000000000000000000000004B
:10853000000000000000000000000000000000003B
:10854000000000000000000000000000000000002B
:10855000000000000000000000000000000000001B
:10856000000000000000000000000000000000000B
:1085700000000000000000000000000000000000FB
:1085800000000000000000000000000000000000EB
:1085900000000000000000000000000000000000DB
:1085A00000000000000000000000000000000000CB
:1085B00000000000000000000000000000000000BB
:1085C00000000000000000000000000000000000AB
:1085D000000000000000000000000000000000009B
:1085E000000000000000000000000000000000008B
:1085F000000000000000000000000000000000007B
:10860000000000000000000000000000000000006A
:10861000000000000000000000000000000000005A
:10862000000000000000000000000000000000004A
:10863000000000000000000000000000000000003A
:10864000000000000000000000000000000000002A
:10865000000000000000000000000000000000001A
:10866000000000000000000000000000000000000A
:1086700000000000000000000000000000000000FA
:1086800000000000000000000000000000000000EA
:1086900000000000000000000000000000000000DA
:1086A00000000000000000000000000000000000CA
:1086B00000000000000000000000000000000000BA
:1086C00000000000000000000000000000000000AA
:1086D000000000000000000000000000000000009A
:1086E000000000000000000000000000000000008A
:1086F000000000000000000000000000000000007A
:108700000000000000000000000000000000000069
:108710000000000000000000000000000000000059
:108720000000000000000000000000000000000049
:108730000000000000000000000000000000000039
:108740000000000000000000000000000000000029
:108750000000000000000000000000000000000019
:108760000000000000000000000000000000000009
:1087700000000000000000000000000000000000F9
:1087800000000000000000000000000000000000E9
:1087900000000000000000000000000000000000D9
:1087A00000000000000000000000000000000000C9
:1087B00000000000000000000000000000000000B9
:1087C00000000000000000000000000000000000A9
:1087D0000000000000000000000000000000000099
:1087E0000000000000000000000000000000000089
:1087F0000000000000000000000000000000000079
:108800000000000000000000000000000000000068
:108810000000000000000000000000000000000058
:108820000000000000000000000000000000000048
:108830000000000000000000000000000000000038
:108840000000000000000000000000000000000028
:108850000000000000000000000000000000000018
:108860000000000000000000000000000000000008
:1088700000000000000000000000000000000000F8
:1088800000000000000000000000000000000000E8
:1088900000000000000000000000000000000000D8
:1088A00000000000000000000000000000000000C8
:1088B00000000000000000000000000000000000B8
:1088C00000000000000000000000000000000000A8
:1088D0000000000000000000000000000000000098
:1088E0000000000000000000000000000000000088
:1088F0000000000000000000000000000000000078
:108900000000000000000000000000000000000067
:108910000000000000000000000000000000000057
:108920000000000000000000000000000000000047
:108930000000000000000000000000000000000037
:108940000000000000000000000000000000000027
:108950000000000000000000000000000000000017
:108960000000000000000000000000000000000007
:1089700000000000000000000000000000000000F7
:1089800000000000000000000000000000000000E7
:1089900000000000000000000000000000000000D7
:1089A00000000000000000000000000000000000C7
:1089B00000000000000000000000000000000000B7
:1089C00000000000000000000000000000000000A7
:1089D0000000000000000000000000000000000097
:1089E0000000000000000000000000000000000087
:1089F0000000000000000000000000000000000077
:108A00000000000000000000000000000000000066
:108A10000000000000000000000000000000000056
:108A20000000000000000000000000000000000046
:108A30000000000000000000000000000000000036
:108A40000000000000000000000000000000000026
:108A50000000000000000000000000000000000016
:108A60000000000000000000000000000000000006
:108A700000000000000000000000000000000000F6
:108A800000000000000000000000000000000000E6
:108A900000000000000000000000000000000000D6
:108AA00000000000000000000000000000000000C6
:108AB00000000000000000000000000000000000B6
:108AC00000000000000000000000000000000000A6
:108AD0000000000000000000000000000000000096
:108AE0000000000000000000000000000000000086
:108AF0000000000000000000000000000000000076
:108B00000000000000000000000000000000000065
:108B10000000000000000000000000000000000055
:108B20000000000000000000000000000000000045
:108B30000000000000000000000000000000000035
:108B40000000000000000000000000000000000025
:108B50000000000000000000000000000000000015
:108B60000000000000000000000000000000000005
:108B700000000000000000000000000000000000F5
:108B800000000000000000000000000000000000E5
:108B900000000000000000000000000000000000D5
:108BA00000000000000000000000000000000000C5
:108BB00000000000000000000000000000000000B5
:108BC00000000000000000000000000000000000A5
:108BD0000000000000000000000000000000000095
:108BE0000000000000000000000000000000000085
:108BF0000000000000000000000000000000000075
:108C00000000000000000000000000000000000064
:108C10000000000000000000000000000000000054
:108C20000000000000000000000000000000000044
:108C30000000000000000000000000000000000034
:108C40000000000000000000000000000000000024
:108C50000000000000000000000000000000000014
:108C60000000000000000000000000000000000004
:108C700000000000000000000000000000000000F4
:108C800000000000000000000000000000000000E4
:108C900000000000000000000000000000000000D4
:108CA00000000000000000000000000000000000C4
:108CB00000000000000000000000000000000000B4
:108CC00000000000000000000000000000000000A4
:108CD0000000000000000000000000000000000094
:108CE0000000000000000000000000000000000084
:108CF0000000000000000000000000000000000074
:108D00000000000000000000000000000000000063
:108D10000000000000000000000000000000000053
:108D20000000000000000000000000000000000043
:108D30000000000000000000000000000000000033
:108D40000000000000000000000000000000000023
:108D50000000000000000000000000000000000013
:108D60000000000000000000000000000000000003
:108D700000000000000000000000000000000000F3
:108D800000000000000000000000000000000000E3
:108D900000000000000000000000000000000000D3
:108DA00000000000000000000000000000000000C3
:108DB00000000000000000000000000000000000B3
:108DC00000000000000000000000000000000000A3
:108DD0000000000000000000000000000000000093
:108DE0000000000000000000000000000000000083
:108DF0000000000000000000000000000000000073
:108E00000000000000000000000000000000000062
:108E10000000000000000000000000000000000052
:108E20000000000000000000000000000000000042
:108E30000000000000000000000000000000000032
:108E40000000000000000000000000000000000022
:108E50000000000000000000000000000000000012
:108E60000000000000000000000000000000000002
:108E700000000000000000000000000000000000F2
:108E800000000000000000000000000000000000E2
:108E900000000000000000000000000000000000D2
:108EA00000000000000000000000000000000000C2
:108EB00000000000000000000000000000000000B2
:108EC00000000000000000000000000000000000A2
:108ED0000000000000000000000000000000000092
:108EE0000000000000000000000000000000000082
:108EF0000000000000000000000000000000000072
:108F00000000000000000000000000000000000061
:108F10000000000000000000000000000000000051
:108F20000000000000000000000000000000000041
:108F30000000000000000000000000000000000031
:108F40000000000000000000000000000000000021
:108F50000000000000000000000000000000000011
:108F60000000000000000000000000000000000001
:108F700000000000000000000000000000000000F1
:108F800000000000000000000000000000000000E1
:108F900000000000000000000000000000000000D1
:108FA00000000000000000000000000000000000C1
:108FB00000000000000000000000000000000000B1
:108FC00000000000000000000000000000000000A1
:108FD0000000000000000000000000000000000091
:108FE0000000000000000000000000000000000081
:108FF0000000000000000000000000000000000071
:109000000000000000000000000000000000000060
:109010000000000000000000000000000000000050
:109020000000000000000000000000000000000040
:109030000000000000000000000000000000000030
:109040000000000000000000000000000000000020
:109050000000000000000000000000000000000010
:109060000000000000000000000000000000000000
:1090700000000000000000000000000000000000F0
:1090800000000000000000000000000000000000E0
:1090900000000000000000000000000000000000D0
:1090A00000000000000000000000000000000000C0
:1090B00000000000000000000000000000000000B0
:1090C00000000000000000000000000000000000A0
:1090D0000000000000000000000000000000000090
:1090E0000000000000000000000000000000000080
:1090F0000000000000000000000000000000000070
:10910000000000000000000000000000000000005F
:10911000000000000000000000000000000000004F
:10912000000000000000000000000000000000003F
:10913000000000000000000000000000000000002F
:10914000000000000000000000000000000000001F
:10915000000000000000000000000000000000000F
:1091600000000000000000000000000000000000FF
:1091700000000000000000000000000000000000EF
:1091800000000000000000000000000000000000DF
:1091900000000000000000000000000000000000CF
:1091A00000000000000000000000000000000000BF
:1091B00000000000000000000000000000000000AF
:1091C000000000000000000000000000000000009F
:1091D000000000000000000000000000000000008F
:1091E000000000000000000000000000000000007F
:1091F000000000000000000000000000000000006F
:10920000000000000000000000000000000000005E
:10921000000000000000000000000000000000004E
:10922000000000000000000000000000000000003E
:10923000000000000000000000000000000000002E
:10924000000000000000000000000000000000001E
:10925000000000000000000000000000000000000E
:1092600000000000000000000000000000000000FE
:1092700000000000000000000000000000000000EE
:1092800000000000000000000000000000000000DE
:1092900000000000000000000000000000000000CE
:1092A00000000000000000000000000000000000BE
:1092B00000000000000000000000000000000000AE
:1092C000000000000000000000000000000000009E
:1092D000000000000000000000000000000000008E
:1092E000000000000000000000000000000000007E
:1092F000000000000000000000000000000000006E
:10930000000000000000000000000000000000005D
:10931000000000000000000000000000000000004D
:10932000000000000000000000000000000000003D
:10933000000000000000000000000000000000002D
:10934000000000000000000000000000000000001D
:10935000000000000000000000000000000000000D
:1093600000000000000000000000000000000000FD
:1093700000000000000000000000000000000000ED
:1093800000000000000000000000000000000000DD
:1093900000000000000000000000000000000000CD
:1093A00000000000000000000000000000000000BD
:1093B00000000000000000000000000000000000AD
:1093C000000000000000000000000000000000009D
:1093D000000000000000000000000000000000008D
:1093E000000000000000000000000000000000007D
:1093F000000000000000000000000000000000006D
:10940000000000000000000000000000000000005C
:10941000000000000000000000000000000000004C
:10942000000000000000000000000000000000003C
:10943000000000000000000000000000000000002C
:10944000000000000000000000000000000000001C
:10945000000000000000000000000000000000000C
:1094600000000000000000000000000000000000FC
:1094700000000000000000000000000000000000EC
:1094800000000000000000000000000000000000DC
:1094900000000000000000000000000000000000CC
:1094A00000000000000000000000000000000000BC
:1094B00000000000000000000000000000000000AC
:1094C000000000000000000000000000000000009C
:1094D000000000000000000000000000000000008C
:1094E000000000000000000000000000000000007C
:1094F000000000000000000000000000000000006C
:10950000000000000000000000000000000000005B
:10951000000000000000000000000000000000004B
:10952000000000000000000000000000000000003B
:10953000000000000000000000000000000000002B
:10954000000000000000000000000000000000001B
:10955000000000000000000000000000000000000B
:1095600000000000000000000000000000000000FB
:1095700000000000000000000000000000000000EB
:1095800000000000000000000000000000000000DB
:1095900000000000000000000000000000000000CB
:1095A00000000000000000000000000000000000BB
:1095B00000000000000000000000000000000000AB
:1095C000000000000000000000000000000000009B
:1095D000000000000000000000000000000000008B
:1095E000000000000000000000000000000000007B
:1095F000000000000000000000000000000000006B
:10960000000000000000000000000000000000005A
:10961000000000000000000000000000000000004A
:10962000000000000000000000000000000000003A
:10963000000000000000000000000000000000002A
:10964000000000000000000000000000000000001A
:10965000000000000000000000000000000000000A
:1096600000000000000000000000000000000000FA
:1096700000000000000000000000000000000000EA
:1096800000000000000000000000000000000000DA
:1096900000000000000000000000000000000000CA
:1096A00000000000000000000000000000000000BA
:1096B00000000000000000000000000000000000AA
:1096C000000000000000000000000000000000009A
:1096D000000000000000000000000000000000008A
:1096E000000000000000000000000000000000007A
:1096F000000000000000000000000000000000006A
:109700000000000000000000000000000000000059
:109710000000000000000000000000000000000049
:109720000000000000000000000000000000000039
:109730000000000000000000000000000000000029
:109740000000000000000000000000000000000019
:109750000000000000000000000000000000000009
:1097600000000000000000000000000000000000F9
:1097700000000000000000000000000000000000E9
:1097800000000000000000000000000000000000D9
:1097900000000000000000000000000000000000C9
:1097A00000000000000000000000000000000000B9
:1097B00000000000000000000000000000000000A9
:1097C0000000000000000000000000000000000099
:1097D0000000000000000000000000000000000089
:1097E0000000000000000000000000000000000079
:1097F0000000000000000000000000000000000069
:109800000000000000000000000000000000000058
:109810000000000000000000000000000000000048
:109820000000000000000000000000000000000038
:109830000000000000000000000000000000000028
:109840000000000000000000000000000000000018
:109850000000000000000000000000000000000008
:1098600000000000000000000000000000000000F8
:1098700000000000000000000000000000000000E8
:1098800000000000000000000000000000000000D8
:1098900000000000000000000000000000000000C8
:1098A00000000000000000000000000000000000B8
:1098B00000000000000000000000000000000000A8
:1098C0000000000000000000000000000000000098
:1098D0000000000000000000000000000000000088
:1098E0000000000000000000000000000000000078
:1098F0000000000000000000000000000000000068
:109900000000000000000000000000000000000057
:109910000000000000000000000000000000000047
:109920000000000000000000000000000000000037
:109930000000000000000000000000000000000027
:109940000000000000000000000000000000000017
:109950000000000000000000000000000000000007
:1099600000000000000000000000000000000000F7
:1099700000000000000000000000000000000000E7
:1099800000000000000000000000000000000000D7
:1099900000000000000000000000000000000000C7
:1099A00000000000000000000000000000000000B7
:1099B00000000000000000000000000000000000A7
:1099C0000000000000000000000000000000000097
:1099D0000000000000000000000000000000000087
:1099E0000000000000000000000000000000000077
:1099F0000000000000000000000000000000000067
:109A00000000000000000000000000000000000056
:109A10000000000000000000000000000000000046
:109A20000000000000000000000000000000000036
:109A30000000000000000000000000000000000026
:109A40000000000000000000000000000000000016
:109A50000000000000000000000000000000000006
:109A600000000000000000000000000000000000F6
:109A700000000000000000000000000000000000E6
:109A800000000000000000000000000000000000D6
:109A900000000000000000000000000000000000C6
:109AA00000000000000000000000000000000000B6
:109AB00000000000000000000000000000000000A6
:109AC0000000000000000000000000000000000096
:109AD0000000000000000000000000000000000086
:109AE0000000000000000000000000000000000076
:109AF0000000000000000000000000000000000066
:109B00000000000000000000000000000000000055
:109B10000000000000000000000000000000000045
:109B20000000000000000000000000000000000035
:109B30000000000000000000000000000000000025
:109B40000000000000000000000000000000000015
:109B50000000000000000000000000000000000005
:109B600000000000000000000000000000000000F5
:109B700000000000000000000000000000000000E5
:109B800000000000000000000000000000000000D5
:109B900000000000000000000000000000000000C5
:109BA00000000000000000000000000000000000B5
:109BB00000000000000000000000000000000000A5
:109BC0000000000000000000000000000000000095
:109BD0000000000000000000000000000000000085
:109BE0000000000000000000000000000000000075
:109BF0000000000000000000000000000000000065
:109C00000000000000000000000000000000000054
:109C10000000000000000000000000000000000044
:109C20000000000000000000000000000000000034
:109C30000000000000000000000000000000000024
:109C40000000000000000000000000000000000014
:109C50000000000000000000000000000000000004
:109C600000000000000000000000000000000000F4
:109C700000000000000000000000000000000000E4
:109C800000000000000000000000000000000000D4
:109C900000000000000000000000000000000000C4
:109CA00000000000000000000000000000000000B4
:109CB00000000000000000000000000000000000A4
:109CC0000000000000000000000000000000000094
:109CD0000000000000000000000000000000000084
:109CE0000000000000000000000000000000000074
:109CF0000000000000000000000000000000000064
:109D00000000000000000000000000000000000053
:109D10000000000000000000000000000000000043
:109D20000000000000000000000000000000000033
:109D30000000000000000000000000000000000023
:109D40000000000000000000000000000000000013
:109D50000000000000000000000000000000000003
:109D600000000000000000000000000000000000F3
:109D700000000000000000000000000000000000E3
:109D800000000000000000000000000000000000D3
:109D900000000000000000000000000000000000C3
:109DA00000000000000000000000000000000000B3
:109DB00000000000000000000000000000000000A3
:109DC0000000000000000000000000000000000093
:109DD0000000000000000000000000000000000083
:109DE0000000000000000000000000000000000073
:109DF0000000000000000000000000000000000063
:109E00000000000000000000000000000000000052
:109E10000000000000000000000000000000000042
:109E20000000000000000000000000000000000032
:109E30000000000000000000000000000000000022
:109E40000000000000000000000000000000000012
:109E50000000000000000000000000000000000002
:109E600000000000000000000000000000000000F2
:109E700000000000000000000000000000000000E2
:109E800000000000000000000000000000000000D2
:109E900000000000000000000000000000000000C2
:109EA00000000000000000000000000000000000B2
:109EB00000000000000000000000000000000000A2
:109EC0000000000000000000000000000000000092
:109ED0000000000000000000000000000000000082
:109EE0000000000000000000000000000000000072
:109EF0000000000000000000000000000000000062
:109F00000000000000000000000000000000000051
:109F10000000000000000000000000000000000041
:109F20000000000000000000000000000000000031
:109F30000000000000000000000000000000000021
:109F40000000000000000000000000000000000011
:109F50000000000000000000000000000000000001
:109F600000000000000000000000000000000000F1
:109F700000000000000000000000000000000000E1
:109F800000000000000000000000000000000000D1
:109F900000000000000000000000000000000000C1
:109FA00000000000000000000000000000000000B1
:109FB00000000000000000000000000000000000A1
:109FC0000000000000000000000000000000000091
:109FD0000000000000000000000000000000000081
:109FE0000000000000000000000000000000000071
:109FF0000000000000000000000000000000000061
:10A000000000000000000000000000000000000050
:10A010000000000000000000000000000000000040
:10A020000000000000000000000000000000000030
:10A030000000000000000000000000000000000020
:10A040000000000000000000000000000000000010
:10A050000000000000000000000000000000000000
:10A0600000000000000000000000000000000000F0
:10A0700000000000000000000000000000000000E0
:10A0800000000000000000000000000000000000D0
:10A0900000000000000000000000000000000000C0
:10A0A00000000000000000000000000000000000B0
:10A0B00000000000000000000000000000000000A0
:10A0C0000000000000000000000000000000000090
:10A0D0000000000000000000000000000000000080
:10A0E0000000000000000000000000000000000070
:10A0F0000000000000000000000000000000000060
:10A10000000000000000000000000000000000004F
:10A11000000000000000000000000000000000003F
:10A12000000000000000000000000000000000002F
:10A13000000000000000000000000000000000001F
:10A14000000000000000000000000000000000000F
:10A1500000000000000000000000000000000000FF
:10A1600000000000000000000000000000000000EF
:10A1700000000000000000000000000000000000DF
:10A1800000000000000000000000000000000000CF
:10A1900000000000000000000000000000000000BF
:10A1A00000000000000000000000000000000000AF
:10A1B000000000000000000000000000000000009F
:10A1C000000000000000000000000000000000008F
:10A1D000000000000000000000000000000000007F
:10A1E000000000000000000000000000000000006F
:10A1F000000000000000000000000000000000005F
:10A20000000000000000000000000000000000004E
:10A21000000000000000000000000000000000003E
:10A22000000000000000000000000000000000002E
:10A23000000000000000000000000000000000001E
:10A24000000000000000000000000000000000000E
:10A2500000000000000000000000000000000000FE
:10A2600000000000000000000000000000000000EE
:10A2700000000000000000000000000000000000DE
:10A2800000000000000000000000000000000000CE
:10A2900000000000000000000000000000000000BE
:10A2A00000000000000000000000000000000000AE
:10A2B000000000000000000000000000000000009E
:10A2C000000000000000000000000000000000008E
:10A2D000000000000000000000000000000000007E
:10A2E000000000000000000000000000000000006E
:10A2F000000000000000000000000000000000005E
:10A30000000000000000000000000000000000004D
:10A31000000000000000000000000000000000003D
:10A32000000000000000000000000000000000002D
:10A33000000000000000000000000000000000001D
:10A34000000000000000000000000000000000000D
:10A3500000000000000000000000000000000000FD
:10A3600000000000000000000000000000000000ED
:10A3700000000000000000000000000000000000DD
:10A3800000000000000000000000000000000000CD
:10A3900000000000000000000000000000000000BD
:10A3A00000000000000000000000000000000000AD
:10A3B000000000000000000000000000000000009D
:10A3C000000000000000000000000000000000008D
:10A3D000000000000000000000000000000000007D
:10A3E000000000000000000000000000000000006D
:10A3F000000000000000000000000000000000005D
:10A40000000000000000000000000000000000004C
:10A41000000000000000000000000000000000003C
:10A42000000000000000000000000000000000002C
:10A43000000000000000000000000000000000001C
:10A44000000000000000000000000000000000000C
:10A4500000000000000000000000000000000000FC
:10A4600000000000000000000000000000000000EC
:10A4700000000000000000000000000000000000DC
:10A4800000000000000000000000000000000000CC
:10A4900000000000000000000000000000000000BC
:10A4A00000000000000000000000000000000000AC
:10A4B000000000000000000000000000000000009C
:10A4C000000000000000000000000000000000008C
:10A4D000000000000000000000000000000000007C
:10A4E000000000000000000000000000000000006C
:10A4F000000000000000000000000000000000005C
:10A50000000000000000000000000000000000004B
:10A51000000000000000000000000000000000003B
:10A52000000000000000000000000000000000002B
:10A53000000000000000000000000000000000001B
:10A54000000000000000000000000000000000000B
:10A5500000000000000000000000000000000000FB
:10A5600000000000000000000000000000000000EB
:10A5700000000000000000000000000000000000DB
:10A5800000000000000000000000000000000000CB
:10A5900000000000000000000000000000000000BB
:10A5A00000000000000000000000000000000000AB
:10A5B000000000000000000000000000000000009B
:10A5C000000000000000000000000000000000008B
:10A5D000000000000000000000000000000000007B
:10A5E000000000000000000000000000000000006B
:10A5F000000000000000000000000000000000005B
:10A60000000000000000000000000000000000004A
:10A61000000000000000000000000000000000003A
:10A62000000000000000000000000000000000002A
:10A63000000000000000000000000000000000001A
:10A64000000000000000000000000000000000000A
:10A6500000000000000000000000000000000000FA
:10A6600000000000000000000000000000000000EA
:10A6700000000000000000000000000000000000DA
:10A6800000000000000000000000000000000000CA
:10A6900000000000000000000000000000000000BA
:10A6A00000000000000000000000000000000000AA
:10A6B000000000000000000000000000000000009A
:10A6C000000000000000000000000000000000008A
:10A6D000000000000000000000000000000000007A
:10A6E000000000000000000000000000000000006A
:10A6F000000000000000000000000000000000005A
:10A700000000000000000000000000000000000049
:10A710000000000000000000000000000000000039
:10A720000000000000000000000000000000000029
:10A730000000000000000000000000000000000019
:10A740000000000000000000000000000000000009
:10A7500000000000000000000000000000000000F9
:10A7600000000000000000000000000000000000E9
:10A7700000000000000000000000000000000000D9
:10A7800000000000000000000000000000000000C9
:10A7900000000000000000000000000000000000B9
:10A7A00000000000000000000000000000000000A9
:10A7B0000000000000000000000000000000000099
:10A7C0000000000000000000000000000000000089
:10A7D0000000000000000000000000000000000079
:10A7E0000000000000000000000000000000000069
:10A7F0000000000000000000000000000000000059
:10A800000000000000000000000000000000000048
:10A810000000000000000000000000000000000038
:10A820000000000000000000000000000000000028
:10A830000000000000000000000000000000000018
:10A840000000000000000000000000000000000008
:10A8500000000000000000000000000000000000F8
:10A8600000000000000000000000000000000000E8
:10A8700000000000000000000000000000000000D8
:10A8800000000000000000000000000000000000C8
:10A8900000000000000000000000000000000000B8
:10A8A00000000000000000000000000000000000A8
:10A8B0000000000000000000000000000000000098
:10A8C0000000000000000000000000000000000088
:10A8D0000000000000000000000000000000000078
:10A8E0000000000000000000000000000000000068
:10A8F0000000000000000000000000000000000058
:10A900000000000000000000000000000000000047
:10A910000000000000000000000000000000000037
:10A920000000000000000000000000000000000027
:10A930000000000000000000000000000000000017
:10A940000000000000000000000000000000000007
:10A9500000000000000000000000000000000000F7
:10A9600000000000000000000000000000000000E7
:10A9700000000000000000000000000000000000D7
:10A9800000000000000000000000000000000000C7
:10A9900000000000000000000000000000000000B7
:10A9A00000000000000000000000000000000000A7
:10A9B0000000000000000000000000000000000097
:10A9C0000000000000000000000000000000000087
:10A9D0000000000000000000000000000000000077
:10A9E0000000000000000000000000000000000067
:10A9F0000000000000000000000000000000000057
:10AA00000000000000000000000000000000000046
:10AA10000000000000000000000000000000000036
:10AA20000000000000000000000000000000000026
:10AA30000000000000000000000000000000000016
:10AA40000000000000000000000000000000000006
:10AA500000000000000000000000000000000000F6
:10AA600000000000000000000000000000000000E6
:10AA700000000000000000000000000000000000D6
:10AA800000000000000000000000000000000000C6
:10AA900000000000000000000000000000000000B6
:10AAA00000000000000000000000000000000000A6
:10AAB0000000000000000000000000000000000096
:10AAC0000000000000000000000000000000000086
:10AAD0000000000000000000000000000000000076
:10AAE0000000000000000000000000000000000066
:10AAF0000000000000000000000000000000000056
:10AB00000000000000000000000000000000000045
:10AB10000000000000000000000000000000000035
:10AB20000000000000000000000000000000000025
:10AB30000000000000000000000000000000000015
:10AB40000000000000000000000000000000000005
:10AB500000000000000000000000000000000000F5
:10AB600000000000000000000000000000000000E5
:10AB700000000000000000000000000000000000D5
:10AB800000000000000000000000000000000000C5
:10AB900000000000000000000000000000000000B5
:10ABA00000000000000000000000000000000000A5
:10ABB0000000000000000000000000000000000095
:10ABC0000000000000000000000000000000000085
:10ABD0000000000000000000000000000000000075
:10ABE0000000000000000000000000000000000065
:10ABF0000000000000000000000000000000000055
:10AC00000000000000000000000000000000000044
:10AC10000000000000000000000000000000000034
:10AC20000000000000000000000000000000000024
:10AC30000000000000000000000000000000000014
:10AC40000000000000000000000000000000000004
:10AC500000000000000000000000000000000000F4
:10AC600000000000000000000000000000000000E4
:10AC700000000000000000000000000000000000D4
:10AC800000000000000000000000000000000000C4
:10AC900000000000000000000000000000000000B4
:10ACA00000000000000000000000000000000000A4
:10ACB0000000000000000000000000000000000094
:10ACC0000000000000000000000000000000000084
:10ACD0000000000000000000000000000000000074
:10ACE0000000000000000000000000000000000064
:10ACF0000000000000000000000000000000000054
:10AD00000000000000000000000000000000000043
:10AD10000000000000000000000000000000000033
:10AD20000000000000000000000000000000000023
:10AD30000000000000000000000000000000000013
:10AD40000000000000000000000000000000000003
:10AD500000000000000000000000000000000000F3
:10AD600000000000000000000000000000000000E3
:10AD700000000000000000000000000000000000D3
:10AD800000000000000000000000000000000000C3
:10AD900000000000000000000000000000000000B3
:10ADA00000000000000000000000000000000000A3
:10ADB0000000000000000000000000000000000093
:10ADC0000000000000000000000000000000000083
:10ADD0000000000000000000000000000000000073
:10ADE0000000000000000000000000000000000063
:10ADF0000000000000000000000000000000000053
:10AE00000000000000000000000000000000000042
:10AE10000000000000000000000000000000000032
:10AE20000000000000000000000000000000000022
:10AE30000000000000000000000000000000000012
:10AE40000000000000000000000000000000000002
:10AE500000000000000000000000000000000000F2
:10AE600000000000000000000000000000000000E2
:10AE700000000000000000000000000000000000D2
:10AE800000000000000000000000000000000000C2
:10AE900000000000000000000000000000000000B2
:10AEA00000000000000000000000000000000000A2
:10AEB0000000000000000000000000000000000092
:10AEC0000000000000000000000000000000000082
:10AED0000000000000000000000000000000000072
:10AEE0000000000000000000000000000000000062
:10AEF0000000000000000000000000000000000052
:10AF00000000000000000000000000000000000041
:10AF10000000000000000000000000000000000031
:10AF20000000000000000000000000000000000021
:10AF30000000000000000000000000000000000011
:10AF40000000000000000000000000000000000001
:10AF500000000000000000000000000000000000F1
:10AF600000000000000000000000000000000000E1
:10AF700000000000000000000000000000000000D1
:10AF800000000000000000000000000000000000C1
:10AF900000000000000000000000000000000000B1
:10AFA00000000000000000000000000000000000A1
:10AFB0000000000000000000000000000000000091
:10AFC0000000000000000000000000000000000081
:10AFD0000000000000000000000000000000000071
:10AFE0000000000000000000000000000000000061
:10AFF0000000000000000000000000000000000051
:10B000000000000000000000000000000000000040
:10B010000000000000000000000000000000000030
:10B020000000000000000000000000000000000020
:10B030000000000000000000000000000000000010
:10B040000000000000000000000000000000000000
:10B0500000000000000000000000000000000000F0
:10B0600000000000000000000000000000000000E0
:10B0700000000000000000000000000000000000D0
:10B0800000000000000000000000000000000000C0
:10B0900000000000000000000000000000000000B0
:10B0A00000000000000000000000000000000000A0
:10B0B0000000000000000000000000000000000090
:10B0C0000000000000000000000000000000000080
:10B0D0000000000000000000000000000000000070
:10B0E0000000000000000000000000000000000060
:10B0F0000000000000000000000000000000000050
:10B10000000000000000000000000000000000003F
:10B11000000000000000000000000000000000002F
:10B12000000000000000000000000000000000001F
:10B13000000000000000000000000000000000000F
:10B1400000000000000000000000000000000000FF
:10B1500000000000000000000000000000000000EF
:10B1600000000000000000000000000000000000DF
:10B1700000000000000000000000000000000000CF
:10B1800000000000000000000000000000000000BF
:10B1900000000000000000000000000000000000AF
:10B1A000000000000000000000000000000000009F
:10B1B000000000000000000000000000000000008F
:10B1C000000000000000000000000000000000007F
:10B1D000000000000000000000000000000000006F
:10B1E000000000000000000000000000000000005F
:10B1F000000000000000000000000000000000004F
:10B20000000000000000000000000000000000003E
:10B21000000000000000000000000000000000002E
:10B22000000000000000000000000000000000001E
:10B23000000000000000000000000000000000000E
:10B2400000000000000000000000000000000000FE
:10B2500000000000000000000000000000000000EE
:10B2600000000000000000000000000000000000DE
:10B2700000000000000000000000000000000000CE
:10B2800000000000000000000000000000000000BE
:10B2900000000000000000000000000000000000AE
:10B2A000000000000000000000000000000000009E
:10B2B000000000000000000000000000000000008E
:10B2C000000000000000000000000000000000007E
:10B2D000000000000000000000000000000000006E
:10B2E000000000000000000000000000000000005E
:10B2F000000000000000000000000000000000004E
:10B30000000000000000000000000000000000003D
:10B31000000000000000000000000000000000002D
:10B32000000000000000000000000000000000001D
:10B33000000000000000000000000000000000000D
:10B3400000000000000000000000000000000000FD
:10B3500000000000000000000000000000000000ED
:10B3600000000000000000000000000000000000DD
:10B3700000000000000000000000000000000000CD
:10B3800000000000000000000000000000000000BD
:10B3900000000000000000000000000000000000AD
:10B3A000000000000000000000000000000000009D
:10B3B000000000000000000000000000000000008D
:10B3C000000000000000000000000000000000007D
:10B3D000000000000000000000000000000000006D
:10B3E000000000000000000000000000000000005D
:10B3F000000000000000000000000000000000004D
:10B40000000000000000000000000000000000003C
:10B41000000000000000000000000000000000002C
:10B42000000000000000000000000000000000001C
:10B43000000000000000000000000000000000000C
:10B4400000000000000000000000000000000000FC
:10B4500000000000000000000000000000000000EC
:10B4600000000000000000000000000000000000DC
:10B4700000000000000000000000000000000000CC
:10B4800000000000000000000000000000000000BC
:10B4900000000000000000000000000000000000AC
:10B4A000000000000000000000000000000000009C
:10B4B000000000000000000000000000000000008C
:10B4C000000000000000000000000000000000007C
:10B4D000000000000000000000000000000000006C
:10B4E000000000000000000000000000000000005C
:10B4F000000000000000000000000000000000004C
:10B50000000000000000000000000000000000003B
:10B51000000000000000000000000000000000002B
:10B52000000000000000000000000000000000001B
:10B53000000000000000000000000000000000000B
:10B5400000000000000000000000000000000000FB
:10B5500000000000000000000000000000000000EB
:10B5600000000000000000000000000000000000DB
:10B5700000000000000000000000000000000000CB
:10B5800000000000000000000000000000000000BB
:10B5900000000000000000000000000000000000AB
:10B5A000000000000000000000000000000000009B
:10B5B000000000000000000000000000000000008B
:10B5C000000000000000000000000000000000007B
:10B5D000000000000000000000000000000000006B
:10B5E000000000000000000000000000000000005B
:10B5F000000000000000000000000000000000004B
:10B60000000000000000000000000000000000003A
:10B61000000000000000000000000000000000002A
:10B62000000000000000000000000000000000001A
:10B63000000000000000000000000000000000000A
:10B6400000000000000000000000000000000000FA
:10B6500000000000000000000000000000000000EA
:10B6600000000000000000000000000000000000DA
:10B6700000000000000000000000000000000000CA
:10B6800000000000000000000000000000000000BA
:10B6900000000000000000000000000000000000AA
:10B6A000000000000000000000000000000000009A
:10B6B000000000000000000000000000000000008A
:10B6C000000000000000000000000000000000007A
:10B6D000000000000000000000000000000000006A
:10B6E000000000000000000000000000000000005A
:10B6F000000000000000000000000000000000004A
:10B700000000000000000000000000000000000039
:10B710000000000000000000000000000000000029
:10B720000000000000000000000000000000000019
:10B730000000000000000000000000000000000009
:10B7400000000000000000000000000000000000F9
:10B7500000000000000000000000000000000000E9
:10B7600000000000000000000000000000000000D9
:10B7700000000000000000000000000000000000C9
:10B7800000000000000000000000000000000000B9
:10B7900000000000000000000000000000000000A9
:10B7A0000000000000000000000000000000000099
:10B7B0000000000000000000000000000000000089
:10B7C0000000000000000000000000000000000079
:10B7D0000000000000000000000000000000000069
:10B7E0000000000000000000000000000000000059
:10B7F0000000000000000000000000000000000049
:10B800000000000000000000000000000000000038
:10B810000000000000000000000000000000000028
:10B820000000000000000000000000000000000018
:10B830000000000000000000000000000000000008
:10B8400000000000000000000000000000000000F8
:10B8500000000000000000000000000000000000E8
:10B8600000000000000000000000000000000000D8
:10B8700000000000000000000000000000000000C8
:10B8800000000000000000000000000000000000B8
:10B8900000000000000000000000000000000000A8
:10B8A0000000000000000000000000000000000098
:10B8B0000000000000000000000000000000000088
:10B8C0000000000000000000000000000000000078
:10B8D0000000000000000000000000000000000068
:10B8E0000000000000000000000000000000000058
:10B8F0000000000000000000000000000000000048
:10B900000000000000000000000000000000000037
:10B910000000000000000000000000000000000027
:10B920000000000000000000000000000000000017
:10B930000000000000000000000000000000000007
:10B9400000000000000000000000000000000000F7
:10B9500000000000000000000000000000000000E7
:10B9600000000000000000000000000000000000D7
:10B9700000000000000000000000000000000000C7
:10B9800000000000000000000000000000000000B7
:10B9900000000000000000000000000000000000A7
:10B9A0000000000000000000000000000000000097
:10B9B0000000000000000000000000000000000087
:10B9C0000000000000000000000000000000000077
:10B9D0000000000000000000000000000000000067
:10B9E0000000000000000000000000000000000057
:10B9F0000000000000000000000000000000000047
:10BA00000000000000000000000000000000000036
:10BA10000000000000000000000000000000000026
:10BA20000000000000000000000000000000000016
:10BA30000000000000000000000000000000000006
:10BA400000000000000000000000000000000000F6
:10BA500000000000000000000000000000000000E6
:10BA600000000000000000000000000000000000D6
:10BA700000000000000000000000000000000000C6
:10BA800000000000000000000000000000000000B6
:10BA900000000000000000000000000000000000A6
:10BAA0000000000000000000000000000000000096
:10BAB0000000000000000000000000000000000086
:10BAC0000000000000000000000000000000000076
:10BAD0000000000000000000000000000000000066
:10BAE0000000000000000000000000000000000056
:10BAF0000000000000000000000000000000000046
:10BB00000000000000000000000000000000000035
:10BB10000000000000000000000000000000000025
:10BB20000000000000000000000000000000000015
:10BB30000000000000000000000000000000000005
:10BB400000000000000000000000000000000000F5
:10BB500000000000000000000000000000000000E5
:10BB600000000000000000000000000000000000D5
:10BB700000000000000000000000000000000000C5
:10BB800000000000000000000000000000000000B5
:10BB900000000000000000000000000000000000A5
:10BBA0000000000000000000000000000000000095
:10BBB0000000000000000000000000000000000085
:10BBC0000000000000000000000000000000000075
:10BBD0000000000000000000000000000000000065
:10BBE0000000000000000000000000000000000055
:10BBF0000000000000000000000000000000000045
:10BC00000000000000000000000000000000000034
:10BC10000000000000000000000000000000000024
:10BC20000000000000000000000000000000000014
:10BC30000000000000000000000000000000000004
:10BC400000000000000000000000000000000000F4
:10BC500000000000000000000000000000000000E4
:10BC600000000000000000000000000000000000D4
:10BC700000000000000000000000000000000000C4
:10BC800000000000000000000000000000000000B4
:10BC900000000000000000000000000000000000A4
:10BCA0000000000000000000000000000000000094
:10BCB0000000000000000000000000000000000084
:10BCC0000000000000000000000000000000000074
:10BCD0000000000000000000000000000000000064
:10BCE0000000000000000000000000000000000054
:10BCF0000000000000000000000000000000000044
:10BD00000000000000000000000000000000000033
:10BD10000000000000000000000000000000000023
:10BD20000000000000000000000000000000000013
:10BD30000000000000000000000000000000000003
:10BD400000000000000000000000000000000000F3
:10BD500000000000000000000000000000000000E3
:10BD600000000000000000000000000000000000D3
:10BD700000000000000000000000000000000000C3
:10BD800000000000000000000000000000000000B3
:10BD900000000000000000000000000000000000A3
:10BDA0000000000000000000000000000000000093
:10BDB0000000000000000000000000000000000083
:10BDC0000000000000000000000000000000000073
:10BDD0000000000000000000000000000000000063
:10BDE0000000000000000000000000000000000053
:10BDF0000000000000000000000000000000000043
:10BE00000000000000000000000000000000000032
:10BE10000000000000000000000000000000000022
:10BE20000000000000000000000000000000000012
:10BE30000000000000000000000000000000000002
:10BE400000000000000000000000000000000000F2
:10BE500000000000000000000000000000000000E2
:10BE600000000000000000000000000000000000D2
:10BE700000000000000000000000000000000000C2
:10BE800000000000000000000000000000000000B2
:10BE900000000000000000000000000000000000A2
:10BEA0000000000000000000000000000000000092
:10BEB0000000000000000000000000000000000082
:10BEC0000000000000000000000000000000000072
:10BED0000000000000000000000000000000000062
:10BEE0000000000000000000000000000000000052
:10BEF0000000000000000000000000000000000042
:10BF00000000000000000000000000000000000031
:10BF10000000000000000000000000000000000021
:10BF20000000000000000000000000000000000011
:10BF30000000000000000000000000000000000001
:10BF400000000000000000000000000000000000F1
:10BF500000000000000000000000000000000000E1
:10BF600000000000000000000000000000000000D1
:10BF700000000000000000000000000000000000C1
:10BF800000000000000000000000000000000000B1
:10BF900000000000000000000000000000000000A1
:10BFA0000000000000000000000000000000000091
:10BFB0000000000000000000000000000000000081
:10BFC0000000000000000000000000000000000071
:10BFD0000000000000000000000000000000000061
:10BFE0000000000000000000000000000000000051
:10BFF0000000000000000000000000000000000041
:10C00000555555555555220206060000006CDC02B8
:10C010000000000000000000000000000000000020
:10C020000000000000000000000000000000000010
:10C030000000000000000000000000000000000000
:10C0400000000000000000000000000003000000ED
:10C0500000000000000000000000000000000000E0
:10C0600000000000000000000000000000000000D0
:10C0700000000000000000000000000000000000C0
:10C0800000000000000000000000000000000000B0
:10C0900000000000000000000000000000000000A0
:10C0A0000000000000000000000000000000000090
:04000005080080BDB2
:00000001FF
