:020000040802F0
:10000000985E002081020208F9230208E922020812
:10001000DD230208850E0208D52F0208000000002B
:10002000000000000000000000000000FD270208A2
:10003000051C020800000000A92402085528020837
:100040009B0202089B0202089B0202089B02020814
:100050009B0202089B0202089B0202089B02020804
:100060009B0202089B0202089B0202089B020208F4
:100070009B0202089B0202089B0202089B020208E4
:100080009B0202089B0202089B0202081110020850
:10009000A10E02089B020208010F02089B0202083F
:1000A0009B0202089B0202089B0202089B020208B4
:1000B0009B0202089B0202089B0202089B020208A4
:1000C0009B0202089B0202089B0202089B02020894
:1000D0009B0202089B0202089B020208392D0208BB
:1000E0001D1C02089B0202089B0202089B020208D8
:1000F0009B0202089B0202089B0202089B02020864
:100100009B0202089B0202089B0202089B02020853
:100110009B0202089B0202089B0202089B02020843
:10012000551902089B0202089B0202089B02020862
:100130009B0202080000000000000000B511020848
:100140009B02020845100208A51002089B02020843
:100150009B0202089B0202089B0202089B02020803
:100160009B0202089B0202089B0202089B020208F3
:100170009B0202089B020208000000000000000031
:100180009B02020800F002F800F06AF80AA090E86A
:10019000000C82448344AAF10107DA4501D100F042
:1001A0005FF8AFF2090EBAE80F0013F0010F18BFA5
:1001B000FB1A43F00103184738AB010058AB0100AC
:1001C0000A444FF0000C10F8013B13F0070408BF7D
:1001D00010F8014B1D1108BF10F8015B641E05D01B
:1001E00010F8016B641E01F8016BF9D113F0080FD0
:1001F0001EBF10F8014BAD1C0C1B09D16D1E58BF62
:1002000001F801CBFAD505E014F8016B01F8016B98
:100210006D1EF9D59142D6D370470000002300240B
:1002200000250026103A28BF78C1FBD8520728BF06
:1002300030C148BF0B607047642900F0BF8075294A
:1002400000F0BC80782900F0F580732900F063830A
:10025000002070471FB500F0BBFA1FBD10B510BDE0
:1002600000F05DFB1146FFF7F5FF16F089FB00F08B
:100270007BFB03B4FFF7F2FF03BC00F083FB00003D
:100280000948804709480047FEE7FEE7FEE7FEE72A
:10029000FEE7FEE7FEE7FEE7FEE7FEE70448054966
:1002A000054A064B704700005529020885010208DF
:1002B000984C0020985E0020984E0020984E002018
:1002C0000FB41CB5074B06AA7B44694600900598FD
:1002D00000F0EFFA0020694600F0FEFA1CBC5DF861
:1002E00014FB00000D0600000FB41CB50C0007AA9B
:1002F000009001D02044401E074B7B44694601908A
:10030000069800F0D6FA002C03D06946002000F0D1
:10031000E3FA1CBC5DF814FBE505000070B504466B
:1003200085690068C10601D5302600E02026C00797
:1003300007D070BDD4E9012130469047206A401CA7
:1003400020626D1EF6D570BD70B5044685690078D3
:10035000C00707D170BDD4E9012120209047206A51
:10036000401C20626D1EF6D570BD70B50C4605466A
:10037000012A05D02878800600D5EA69002302E02A
:10038000012305E05B1C934202D2E05C0028F9D116
:10039000A869E618C01AA861286A18442862284685
:1003A000FFF7BCFF04E0D5E9012114F8010B9047E9
:1003B000B442F8D32846FFF7C7FF70BD2DE9F041DE
:1003C0000646002410687529314616A510D0AFF3F3
:1003D0000080002802DA404213A507E031688A074E
:1003E00001D512A502E0490704D511A5012401E0B9
:1003F000AFF3008000210A2206F1240709E0B0FBD8
:10040000F2FCB0FBF2F302FB1C00303078541846CB
:10041000491C0028F3D123462A463046BDE8F04166
:1004200000F0E8B9000000002D0000002B000000E3
:100430002000000070B504460D4621461068AFF359
:1004400000802188090502D50F4A7A4402E00E4A4D
:100450007A440E32002104F1240305E000F00F0677
:100460000009965D5E54491C0028F7D120780023CE
:10047000000704D5702D02D009B1022311322046A5
:10048000BDE8704000F0B6B9D48101002DE9F05FFD
:10049000894604464FF0000ADFF824B1FB44C0F857
:1004A00020A02046E168884700287DD0252806D076
:1004B000D4E901219047206A401C2062F1E7002521
:1004C0005F462046E16888472028064607DB312E34
:1004D00005D2B81910F8200C08B10543F1E7A807B8
:1004E00001D525F00405C4F81CA00027C4F818A005
:1004F0002A2E09D0304615F07BFD38B304EB87086F
:10050000303EC8F8186019E059F8041B204604EB87
:1005100087029161E1688847012F064618D1E0699A
:10052000002820DA25F020051DE0D8F8180000EB9F
:10053000800006EB40003038C8F818002046E1681B
:100540008847064615F054FD0028EED1012F0AD049
:100550002E2E08D12046E16888477F1C0646022FD0
:1005600045F02005C4DBA069002803DA404245F0CD
:100570000105A061E80701D025F01005A6B1A6F19C
:100580004100192802D8203645F400654A46314614
:10059000204625604D46FFF74FFE60B1012807D089
:1005A000ED1D25F0070000E007E000F1080978E7FD
:1005B00005F1040975E730467AE7206ABDE8F09F47
:1005C000AA81010010B5431C02E010F8011B71B1B3
:1005D0008107FAD14FF0013202C88C1A8C4314EA19
:1005E000C211F9D0C01A0A0603D0C01E10BDC01A2D
:1005F00010BD0A0401D0801E10BD0902FCD0401EAF
:1006000010BD421E12F8013F002BFBD111F8013B37
:10061000002B02F8013BF9D17047032A40F23080E9
:1006200010F0030C00F0158011F8013BBCF1020F33
:10063000624498BF11F801CB00F8013B38BF11F8B4
:10064000013BA2F1040298BF00F801CB38BF00F8CB
:10065000013B11F0030300F02980083AC0F0088044
:1006600051F8043B083A51F804CBA0E80810F5E72C
:10067000121D5CBF51F8043B40F8043BAFF300800F
:10068000D20724BF11F8013B11F801CB48BF11F884
:10069000012B24BF00F8013B00F801CB48BF00F854
:1006A000012B704701B5FFF7B8FF01BD10B5203A27
:1006B000C0F00B80B1E81850203AA0E81850B1E81B
:1006C0001850A0E81850BFF4F5AF5FEA027C24BFD1
:1006D000B1E81850A0E8185044BF18C918C0BDE8C8
:1006E00010405FEA827C24BF51F8043B40F8043B91
:1006F00008BF7047D20728BF31F8023B48BF11F846
:10070000012B28BF20F8023B48BF00F8012B70479F
:1007100001F0FF03114601B543EA032242EA024217
:1007200000F00BF801BD02F0FF0343EA032242EAA6
:10073000024200F002B84FF000020429C0F012801B
:1007400010F0030C00F01B80CCF1040CBCF1020F84
:1007500018BF00F8012BA8BF20F8022BA1EB0C0159
:1007600000F00DB85FEAC17C24BF00F8012B00F84F
:10077000012B48BF00F8012B70474FF0000200B575
:10078000134694469646203922BFA0E80C50A0E8B4
:100790000C50B1F12001BFF4F7AF090728BFA0E862
:1007A0000C5048BF0CC05DF804EB890028BF40F82E
:1007B000042B08BF704748BF20F8022B11F0804F70
:1007C00018BF00F8012B7047704770477047000052
:1007D00070B5064C7C44064D7D4403E020682044FF
:1007E0008047241DAC42F9D170BD000038A501003E
:1007F00090A501002DE9F0470D4699469246044622
:1008000000F124080168880604D5E06921F0100190
:10081000216000E00120A84201DD471B00E0002725
:10082000A1697A1902EB0900081AA0612078C006B4
:1008300002D42046FFF772FD002608E0D4E901212A
:100840001AF806009047206A401C761C20624E452C
:10085000F4DB2078C0060AD52046FFF75FFD06E0EE
:10086000D4E9012130209047206A401C2062381EC4
:10087000A7F10107F4DC07E0D4E9012118F805002D
:100880009047206A401C2062281EA5F10105F3DC78
:100890002046FFF759FD2078000602D50220BDE86A
:1008A000F0870120FBE7000001694A1C026108781B
:1008B000704700B58FB0CDE90131002105910549A0
:1008C0007944CDE9031011466846FFF7DFFD0FB00C
:1008D00000BD0000E5FFFFFF0A6802F8010B0A6097
:1008E0007047D1E900239A4202D2531C0B6010706A
:1008F000704710B5436913B1AFF3008001E0FFF713
:1009000034FD012010BD127800F124010A7000228C
:100910004A700122EDE711684FF0FF32E9E77546B2
:1009200000F02CF8AE4605006946534620F007005B
:10093000854618B020B5FFF7B1FCBDE820404FF068
:1009400000064FF000074FF000084FF0000B21F0B9
:100950000701AC46ACE8C009ACE8C009ACE8C00986
:10096000ACE8C0098D46704710B50446AFF300806F
:100970002046BDE81040FFF77CBC000000487047EF
:10098000344C002001491820ABBEFEE726000200CF
:10099000704721B1826842F00102826003E0826800
:1009A00022F00102826070470021084A1168084A5B
:1009B0001140D0E900231A4383681A43C3681A43DD
:1009C0001143044AC2F80413704700000423014095
:1009D000E030FCFF002001400021016041608160A7
:1009E000C160704721B1826842F48072826003E086
:1009F000826822F480728260704721B1826842F47A
:100A00000072826003E0826822F4007282607047A4
:100A100030B50246002000235068104C20400D796C
:100A20000C6844EA05242043506090680C4C204038
:100A3000D1E903542C438D682C434D7944EA450495
:100A400020439060D06A20F470000C7D641EE4B2F4
:100A5000234340EA0350D06230BD0000FFFEFFFC9C
:100A6000FDF7FFC0F0B504460D4600200021092D1A
:100A700011DDE068A5F10A0606EB4607072606FA2F
:100A800007F18843A5F10A0606EB460603FA06F1CC
:100A90000843E0600CE0206905EB4507072606FAED
:100AA00007F1884305EB450603FA06F10843206188
:100AB000072A0FDA606B561E06EB86071F2606FA1A
:100AC00007F18843561E06EB860605FA06F1084331
:100AD000606322E00D2A0FDA206BD61F06EB860733
:100AE0001F2606FA07F18843D61F06EB860605FA8D
:100AF00006F10843206310E0E06AA2F10D0606EB60
:100B000086071F2606FA07F18843A2F10D0606EBB9
:100B1000860605FA06F10843E062F0BD816841F0FF
:100B200080418160704700210160017141718160E5
:100B3000C1600161012101757047000038B10849A9
:100B4000096841F40001074AC2F8041306E00449A9
:100B5000096821F40001034AC2F804137047000039
:100B6000042301400020014038B10849096841F4DC
:100B70008001074AC2F8041306E00449096821F419
:100B80008001034AC2F804137047000004230140A7
:100B90000020014010B592B026A2D2E901311068C0
:100BA000D268CDE90F3111920E9026A3D3E900202F
:100BB000D3E902130BAC0BC40A9226A30FCB06ACED
:100BC0000FC42848072301220EA90090022015F027
:100BD000CDFB044604B12BE0234801211022002361
:100BE000CDE90232CDE90023CDE9041014230AAA8D
:100BF00002211C48008815F049FB044604B117E0A7
:100C00001A4801211022CDE90212CDE9041000207A
:100C10000C21142306AACDE90010022111480088F6
:100C200015F034FB044604B102E0002012B010BD00
:100C30004720FBE7669A0C200008969EE2119EB1C1
:100C4000E0F273D9669A0C200008969EE2119EB1DC
:100C5000E1F273D9669A0C200008969EE2119EB1CB
:100C6000E2F273D9A8170020AA170020AC170020C1
:100C700070B504460E4615460A480088401C84425A
:100C800004D13146284615F09DFF0AE00648008849
:100C9000801C844205D12878012802D1034981F8BB
:100CA000EE0070BDAC170020AA1700209847002066
:100CB00010B5064AB2F80C11D2F8040101F0A5F9FA
:100CC000012800D110BD0020FCE70000984700205B
:100CD00010B50B4AB2F80811D2F8FC0001F09EF9E9
:100CE000052108480EF0ACFA054AB2F80811D2F80E
:100CF000FC0001F095F9052102480EF0A1FA10BDA3
:100D000098470020C01B0020F0B587B007460E466C
:100D10000025FF20069023A103C9CDE90301234A42
:100D2000B2F80A11D2F8000101F078F90F2005237A
:100D300001AA03A900901E4802F0ACFF9DF8040030
:100D400002281BD19DF807009DF8081040EA0124F5
:100D5000002C13DDB44200DD344600250CE00F20EA
:100D6000012305AA06A90090114802F093FF9DF8FF
:100D700014007855681CC5B2A542F0DB0B4AB2F8E6
:100D80000A11D2F8000101F04BF90020009003E0B5
:100D900000BF0098401C009000980228F8DB28460D
:100DA00007B0F0BD0B0000000000000098470020D5
:100DB000144900202DE9F043C5B006468846144684
:100DC0001D464FF00009002728A103C94491439014
:100DD00028A103C94291419002F016FD1FB102F013
:100DE0001DFF02F0F7F9254AB2F80A11D2F8000106
:100DF00001F014F90F20052341AA43A900902048CF
:100E000002F048FF0FB102F025FE9DF80401022810
:100E10001CD19DF805016119884214DB002C07DD07
:100E20000F20234601AA31460090154802F032FFF8
:100E3000002D0DDD0F202B4601AA414600901048E1
:100E400002F028FF04E06FF0010901E04FF0FF39E4
:100E50000A4AB2F80A11D2F8000101F0E1F802F0F2
:100E600061FC484645B0BDE8F08300000A00000080
:100E700000000000AA0000000000000098470020C9
:100E80001449002005480068D0F86002401C03495E
:100E90000968C1F8600200BFFEE700008804002076
:100EA00010B51D2113480EF08FF90221124800F0F1
:100EB000ABFA60B1114A00210F4800F01FFC0F4847
:100EC00020380DF0AEFF02210B4800F0A9F91021E7
:100ED000094800F099FA60B1084A0121064800F07B
:100EE0000DFC064820380DF09CFF1021024800F050
:100EF00097F910BDC01B002000640040002E0020A8
:100F000010B51F213D480EF05FF94FF400413C48F9
:100F100000F07AFA012851D1C103394800F080F974
:100F20004FF48071364800F06FFA01280AD10102AF
:100F3000334800F075F93348B0F89409401C314942
:100F4000A1F894094FF400712D4800F05DFA0128D2
:100F50000BD141022A4800F063F92A48B0F89609FB
:100F6000401C81B22748A0F896194FF480612448AC
:100F700000F04AFA01280BD18102214800F050F913
:100F80002048B0F89809401C81B21E48A0F8981972
:100F90004FF400611A4800F037FA01282DD1C10240
:100FA000174800F03DF9164800F0BEFA1549A1F8BF
:100FB0009A091549124800F017F91EE04FF48031E4
:100FC0000F4800F021FA012807D101040C4800F075
:100FD00027F90E490A4800F007F94FF40031084894
:100FE00000F012FA012808D14104054800F018F970
:100FF00006490A31024800F0F7F810BDC01B002076
:1010000000640040E02D00207000F0300800003146
:1010100010B51C2108480EF0D7F80121074800F050
:10102000F3F9012806D10121044800F0F9F8012064
:101030000349087210BD0000C01B0020006400407E
:10104000E02D002010B5482113480EF0BDF8022114
:10105000124800F0D9F960B1114A00210F4800F0A0
:101060004DFB0F481C380EF0A1FA02210B4800F08E
:10107000D7F81021094800F0C7F960B1084A0121EA
:10108000064800F03BFB06481C380EF08FFA102192
:10109000024800F0C5F810BDC01B002000680040E9
:1010A0005424002010B549213D480EF08DF84FF42E
:1010B00000413C4800F0A8F9012851D1C10339484A
:1010C00000F0AEF84FF48071364800F09DF9012829
:1010D0000AD10102334800F0A3F83348B0F8900970
:1010E000401C3149A1F890094FF400712D4800F0DF
:1010F0008BF901280BD141022A4800F091F82A48C7
:10110000B0F89209401C81B22748A0F892194FF418
:101110008061244800F078F901280BD18102214830
:1011200000F07EF82048B0F89409401C81B21E48B7
:10113000A0F894194FF400611A4800F065F90128ED
:101140002DD1C102174800F06BF8164800F0ECF9F9
:101150001549A1F896091549124800F045F81EE016
:101160004FF480310F4800F04FF9012807D10104F6
:101170000C4800F055F80E490A4800F035F84FF4D5
:101180000031084800F040F9012808D14104054821
:1011900000F046F806490A31024800F025F810BD73
:1011A000C01B002000680040382400207000F03090
:1011B0000800003110B5462108480EF005F801215D
:1011C000074800F021F9012806D10121044800F068
:1011D00027F801200349487110BD0000C01B002002
:1011E000006800403824002000220C4B994202D1B4
:1011F0000023836111E0C1F3130201F000730BB10E
:10120000C2600AE001F080630BB1026105E001F009
:1012100000630BB1826000E0426070477000F03004
:10122000B1F5007F3AD00FDC202928D006DC012957
:101230001CD004291DD0082940D11DE0402921D00F
:10124000B1F5807F3AD126E0B1F5004F31D006DC10
:10125000B1F5806F25D0B1F5006F2FD124E0B1F545
:10126000803F12D0B1F5003F28D111E0154A8260CD
:1012700025E00822C26022E01022C2601FE008229E
:1012800002611CE01022026119E00822426016E0AF
:101290001022426013E00422426010E00422426007
:1012A0000DE0042242600AE00022826104224260D2
:1012B00005E0002282610422426000E000BF00BF1E
:1012C000704700000101010010B504460B4884423C
:1012D00009D10121480601F013F900214FF00070F7
:1012E00001F00EF908E00121880601F009F900215A
:1012F0004FF0806001F004F910BD00000064004070
:1013000010B50021837A012202FA03F13D4A1268E6
:1013100042F001023B4B1A603A4A1C3212688A437F
:10132000384B1C331A60027BCAB9364A0C32126839
:101330008A43344B0C331A604288C38842EA034321
:10134000304A4032847A42F834300288838842EA54
:1013500003432C4A4032847A02EBC4025360027B7E
:10136000012A19D1274A0C3212680A43254B0C3343
:101370001A604288038842EA0343224A4032847A50
:1013800042F83430C288838842EA03431D4A40321F
:10139000847A02EBC4025360C27A3AB9194A121D28
:1013A00012688A43174B1B1D1A6006E0154A121D6E
:1013B00012680A43134B1B1D1A60028932B9114A85
:1013C000143212688A430F4B14331A600289012ABF
:1013D00006D10C4A143212680A430A4B14331A60BD
:1013E000427B012A06D1074A1C3212680A43054B88
:1013F0001C331A60034A126822F00102014B1A6082
:1014000010BD00000066004070B504460D46002681
:1014100060692840002871D0B5F5807F5CD010DC71
:10142000082D35D006DC012D20D0022D24D0042D2E
:1014300072D127E0102D31D0202D35D0402D6BD129
:1014400038E0B5F5004F60D009DCB5F5007F49D034
:10145000B5F5806F4CD0B5F5006F5DD14FE0B5F5B7
:10146000803F2DD0B5F5003F56D12FE0A0682D4923
:1014700002F010F9064651E0E068032102F00AF993
:1014800006464BE0E068082102F004F9064645E014
:10149000E068102102F0FEF806463FE020690321D3
:1014A00002F0F8F8064639E02069082102F0F2F867
:1014B000064633E02069102102F0ECF806462DE0E4
:1014C0006068082102F0E6F8064627E0606810210F
:1014D00002F0E0F8064621E0A069012102F0DAF806
:1014E00006461BE0A069022102F0D4F8064615E08A
:1014F000A069042102F0CEF806460FE00FE0A069D3
:10150000702102F0C7F8064608E06068042102F086
:10151000C1F8064602E0FFE7002600BF00E0002613
:10152000304670BD01010100014600208A6902F0C9
:10153000700070471AB143690B43436102E043698D
:101540008B434361704730B5024600200023146886
:1015500024F002041460146844F00104146000E0F4
:101560005B1C546804F001041CB94FF6FF74A342DD
:10157000F6D1546804F001040CB900206CE08C79B9
:10158000012C04D1146844F08004146003E0146852
:1015900024F080041460CC79012C04D1146844F048
:1015A0004004146003E0146824F0400414600C7AD2
:1015B000012C04D1146844F02004146003E0146882
:1015C00024F0200414604C7A012C04D1146844F0F7
:1015D0001004146003E0146824F0100414608C7A82
:1015E000012C04D1146844F00804146003E014686A
:1015F00024F008041460CC7A012C04D1146844F05F
:101600000404146003E0146824F0040414608C786B
:10161000A407CD7844EA05640D7944EA05444D7980
:1016200044EA05540D886D1E2C43D461146824F0DF
:1016300001041460002300E05B1C546804F0010402
:101640001CB14FF6FF74A342F6D1546804F00104B4
:101650000CB1002000E0012030BD10B502460B4661
:1016600000204FF6FF71BBB9146824F0020444F067
:101670000104146000E0491E546804F00304012CC6
:1016800001D00029F7D1546804F00304012C01D0E3
:10169000002032E0012030E0012B13D1146824F047
:1016A0000304146000E0491E546804F003040CB104
:1016B0000029F8D1546804F003040CB100201CE0A8
:1016C00001201AE0022B17D1146824F0010444F021
:1016D0000204146000E0491E546804F00304022C64
:1016E00001D00029F7D1546804F00304022C01D082
:1016F000002002E0012000E0002010BD10B500F540
:10170000D87303EB01131B6803F004031372137AFD
:1017100053B900F5D87303EB01131B6840F2FF7453
:1017200004EA5353136009E000F5D87303EB011387
:101730001B686FF0604404EAD303536000F5D8736C
:1017400003EB01131B6803F00203537200F5D87317
:1017500003EB01135B6803F00F03937200F5D8737A
:1017600003EB01135B681B0AD37400F5D87303EB1A
:1017700001139B68D37200F5D87303EB01139B68C8
:101780001C0A147300F5D87303EB01139B681C0C3F
:10179000547300F5D87303EB01139B681B0E93730E
:1017A00000F5D87303EB0113DB68D37300F5D8732E
:1017B00003EB0113DB681C0A147400F5D87303EB08
:1017C0000113DB681C0C547400F5D87303EB011390
:1017D000DB681B0E937421B9C36843F02003C36018
:1017E00003E0036943F02003036110BD0021817110
:1017F000C171017241728172C1728170C170032125
:1018000001710221417101210180704710B502462A
:101810000020936803F08063B3F1806F00D110E083
:10182000936803F00063B3F1006F01D1012008E079
:10183000936803F08053B3F1805F01D1022000E090
:101840000420042874D002F5C07303EB00131B6856
:1018500003F0010402F5C07303EB00131C600B7A64
:101860007BB94B7A0C8843EA445302F5C07404EB0D
:1018700000142468234302F5C07404EB00142360B1
:1018800010E00B7A4C6843EAC4034C7A234302F518
:10189000C07404EB00142468234302F5C07404EB05
:1018A000001423608B7A03F00F038B7202F5C07370
:1018B00003EB00135B6823F00F0402F5C07303EB26
:1018C00000135C6002F5C07303EB00135B688C7A55
:1018D000234302F5C07404EB001463608B7B1C0689
:1018E0004B7B44EA03440B7B44EA0323CC7A234337
:1018F00002F5C07404EB0014A3608B7C1C064B7CC7
:1019000044EA03440B7C44EA0323CC7B234302F5E3
:10191000C07404EB0014E36002F5C07303EB001322
:101920001B6843F0010402F5C07303EB00131C6055
:1019300010BD000029B1064A92680243044B9A6028
:1019400004E0034A92688243014B9A6070470000AA
:10195000002004E010B5412106480DF035FC064991
:10196000064800F0DFF818B10349044800F008F811
:1019700010BD0000C01B0020208000101064024039
:101980000246094B9A4201D2084801E00648103845
:1019900001F000531BB1064B0B40C36002E0044B47
:1019A0000B408360704700001064024000600240FA
:1019B0007D0F7D0F21B1026842F00102026003E059
:1019C000026822F00102026070470000016821F005
:1019D000010101600021016041608160C16001611D
:1019E000212141614A49884204D13D21484A103AA7
:1019F00091608CE046491831884205D14FF47461FA
:101A0000434A103A916082E041493031884205D121
:101A10004FF474113E4A103A916078E03C494831E5
:101A2000884205D14FF07461394A103A91606EE0F6
:101A300037496031884204D13649354A103AD1607D
:101A400065E033497831884204D13349304A103A4D
:101A5000D1605CE02E499031884204D12F492C4A54
:101A6000103AD16053E02A49A831884205D14FF09D
:101A70003D51274A103AD16049E02949884204D1B2
:101A80003D21274A083A116041E025491831884232
:101A900005D14FF47461224A083A116037E02049B9
:101AA0003031884205D14FF474111D4A083A116053
:101AB0002DE01B494831884205D14FF07461184A26
:101AC000083A116023E016496031884204D1114977
:101AD000134A121F11601AE011497831884204D16B
:101AE0000D490F4A121F116011E00D4990318842D3
:101AF00004D10A490A4A121F116008E00849A831B6
:101B0000884204D14FF03D51054A121F11607047C1
:101B1000106002403D000020400F002000003D20EA
:101B20001064024070B50246002000240025124EC9
:101B3000B24201D2114B01E00F4B103B104E0E4050
:101B400036B11E2606EAD124166806EA040502E02C
:101B5000566906F0800501F000560EB15C6800E0A1
:101B60001C68084E344004EA010616B10DB101208C
:101B700000E0002070BD00001064024000600240E0
:101B80003C0F3C0F7D0F7D0F10B500220268134BF8
:101B90001A40CC680B6823434C6923438C69234368
:101BA000CC6923430C6A23434C6A23438C6A234346
:101BB0004C6B23438C6B23431A430260426922F02F
:101BC0000702D1E90B3423431A4342610B69436096
:101BD0004B6883608B68C36010BD00003F801CF0C1
:101BE0000021016041608160C160016141618161EA
:101BF000C161016241628162C162016341638163CB
:101C00007047000004480068D0F86C02401C02498C
:101C10000968C1F86C0270478804002010B53121B2
:101C200003480DF0D1FA034812F065F810BD00002A
:101C3000C01B002098470020014908607047000041
:101C4000143C0140014600200022074B1B6803EAB8
:101C50000102054B14331B680B4013B10AB101207C
:101C600000E0002070470000003C014000212349B3
:101C70008279002A3AD00A46126803689A430B46D2
:101C80001A600A1D126803689A430B1D1A600279D4
:101C900011440A6803681A430A60184A0832126835
:101CA00003689A43154B08331A601A1D12680368BB
:101CB0009A43124B0C331A604279102A0ED11A1F24
:101CC000126803681A430D4B08331A601A1D126814
:101CD00003681A43094B0C331A600DE00749427937
:101CE00011440A6803681A430A6005E00279114446
:101CF0000A6803689A430A6070470000003C01408C
:101D00000021016001710C21417100218171704736
:101D100001490860704700000C3C024070B5044661
:101D20000A460026082502B909E0012A01D1160257
:101D300005E0022A01D1160201E04FF4407600F0DE
:101D4000B1F80546082D28D11548006820F44070E8
:101D50001349086008460068304308600846006878
:101D600020F0F80008600846006844F002010843CB
:101D70000B4908600846006840F48030086000F0B5
:101D800091F805460648006820F002000449086002
:101D90000846006820F0F8000860284670BD000082
:101DA000103C024008201049096801F48031B1F567
:101DB000803F01D1012015E00B49096801F01001B5
:101DC00009B105200EE00849096801F0EF0109B1E9
:101DD000062007E00449096801F0020109B1072063
:101DE00000E00820704700000C3C024003480068F7
:101DF00040F000400149086070470000103C02407C
:101E000030B10749096841F48071054A116005E065
:101E10000349096821F48071014A1160704700008C
:101E2000003C024030B502460C46082500F03AF866
:101E30000546082D19D10E48006820F440700C4961
:101E400008600846006840F40070086008460068B2
:101E500040F001000860146000F024F805460448D2
:101E6000006820F0010002490860284630BD0000EB
:101E7000103C0240014A107070470000003C0240D4
:101E80000548006800F0004028B1044802490C39B8
:101E90000860034808607047103C02402301674512
:101EA000AB89EFCD08B508200090FFF77BFF0090CD
:101EB00002E0FFF777FF00909DF800000128F8D0BE
:101EC0009DF8000008BD000002460120054BC3F844
:101ED000E8001846A0F8EC10052000E0401E00289D
:101EE000FCDC70479847002000200949C1F8E80051
:101EF000012081F8E400002081F8EE0081F8EF0075
:101F000081F8F00081F8F10081F8F20070470000DC
:101F10009847002070B504460E46154604480088D0
:101F2000401C844203D13146284614F04BFE70BD5C
:101F3000A4170020F0B50A4600210023002400BFAA
:101F40003DE0012505FA01F3156805EA03049C420A
:101F500034D105684F000326BE40B54305601579AE
:101F60004E00B5400668354305601579012D02D055
:101F70001579022D16D185684F000326BE40B54362
:101F8000856055794E00B540866835438560456863
:101F900001268E40B5434560456896798E40B6B2BD
:101FA00035434560C5684F000326BE40B543C56054
:101FB000D5794E00B540C6683543C560491C102927
:101FC000BFD3F0BDF0B5002300244D07ED0E02FA9B
:101FD00005F3CE1000F1200555F826504E07F70EF8
:101FE0000F26BE40B543CF1000F1200646F827501B
:101FF000CE1000F1200555F8265045EA0304CE1016
:1020000000F1200545F82640F0BD02460020136986
:102010000B400BB1012000E0002070474183704766
:10202000018370474FF6FF7101600021017141711A
:102030008171C171704742694A40426170470AB17B
:10204000018300E0418370472DE9F0410546A84631
:1020500008F1010698F80000042801D0BDE8F081DD
:102060003078052804D03E2805D0FF287AD10FE02B
:10207000FFF73AFF76E0B41C2078012806D1671CF0
:10208000B7F80110781DFFF71FFF00BF00BF69E020
:10209000B41C2088A0F6014030B10E2818D00F28BB
:1020A00040D011285CD11DE0304890F8DB000128B9
:1020B00006D1A71C39797888FA1DFEF7D9FD06E00C
:1020C000A71C397978887A1DFEF7D2FD00BF47E05A
:1020D000A71CBA78921ED1B2B7F803007A1DFFF799
:1020E00019FF3DE0214890F8DC00D0B9A01C1F4941
:1020F00091F8EF1041B11D4991F8F11021B9B0F8F4
:1021000003101B4A11800BE0184991F8F01039B107
:10211000164991F8F21019B9B0F80310154A118058
:1021200000BF1DE0114890F8DC00C0B90F4890F8DE
:10213000EF0040B10D4890F8F10020B901200B49A3
:1021400081F8F1000BE0094890F8F00038B1074839
:1021500090F8F20018B90120044981F8F20000BF9C
:1021600000BF00BF00BF00BF78E700009847002015
:10217000A4170020A617002010B50B4801F041FB62
:102180000A4801F03EFB00240BE0C4EBC40000EB66
:102190008000074A02EB8001034801F010FC601C3C
:1021A000C4B2052CF1DB10BDBC170020C417002001
:1021B0007849002038B50020009001F04FFD2AE05A
:1021C000184801F08AFA08BB6946164801F008FC75
:1021D000802100980830FEF797FDC4B2002C10DD76
:1021E000009880F88840009800F06CF820B90E48FC
:1021F000009901F0E4FB0CE00A48009901F0CEFBE5
:1022000007E00848009901F0C9FB02E001F026FD53
:1022100038BD01F023FDFEF74BFD0028D0D100BFF3
:10222000F6E70000BC170020C4170020F8B5002016
:10223000009001F0E9FA1C4801F04FFA06462CE044
:102240006946194801F0CCFB01F06CFA009808309F
:10225000FFF7FAFE01F0D8FA1448009901F0AFFB3D
:10226000114801F03AFA0646009890F888001728BD
:1022700013DB0098457C002408E00098083004F146
:102280000C01415C0A480155601CC4B2AC42F4DB4D
:102290000749A1F1580011F011FD002ED0D0FFF731
:1022A00089FF01F03FFAF8BDC4170020BC170020D9
:1022B000F047002010B5024801F00FFA10BD0000F1
:1022C000C4170020014601F108021078042801D04B
:1022D00001207047937891F88800C01E834201D096
:1022E0000220F6E70020F4E700BFEFF30880044681
:1022F0001448006814490968C1F8F0001148001F2B
:10230000006811490968C1F8F4000F49606909685B
:10231000C1F8D0000C4800688068401C0A49096870
:10232000886009490968D1F8CC2007490968483113
:1023300001EB82000168491C016001E001F006FB2D
:10234000FCE700002CED00E0880400204CF6CC40B7
:102350000149086070470000003000404AF6AA209A
:1023600001490860704700000030004001494860A2
:10237000704700000030004001498860704700004D
:102380000030004001490860704700000030004004
:1023900000B58BB00DA30FCBCDE90923CDE9070123
:1023A0000021084614F0ABF900200390049005903A
:1023B000069007A80D2100221346CDE900210290C6
:1023C0001146104613F0DCFE0BB000BD0954696DD8
:1023D0006265726C696E6520320000000548006815
:1023E000D0F85C02401C03490968C1F85C0200BFD8
:1023F000FEE700008804002006480068D0F8540278
:10240000401C04490968C1F8540201E001F09EFA39
:10241000FCE700008804002070B5002100230F2293
:10242000C4781CB3174C246804F4E064C4F5E06479
:10243000C4F30721C1F10404E3B20A4144789C408B
:10244000E1B28478144021430C07210E0E4C05782C
:102450006155047804F01F050124AC4005786D1126
:10246000AD0005F1E025C5F8004109E0047804F06D
:102470001F050124AC40054D0678761145F826402D
:1024800070BD00000CED00E000E400E080E100E041
:10249000014908627047000000000E4201490860CF
:1024A00070470000A4000E4204480068D0F8700293
:1024B000401C02490968C1F8700270478804002076
:1024C00029B1064A12680243044B1A6004E0034A29
:1024D00012688243014B1A60704700003038024096
:1024E00029B1064A12680243044B1A6004E0034A09
:1024F00012688243014B1A60704700004038024066
:1025000029B1064A12680243044B1A6004E0034AE8
:1025100012688243014B1A60704700002038024065
:1025200029B1064A12680243044B1A6004E0034AC8
:1025300012688243014B1A60704700004438024021
:102540000E48006840F001000C49086000200B496B
:1025500008310860094800680949084007490860CF
:102560000848091D0860081F006820F48020091F22
:102570000860002001490C310860704700380240B3
:10258000FFFFF6FE10300024F0B5002100220024E9
:10259000022500260223324F3F6807F00C0121B1CB
:1025A000042905D0082937D105E02E4F076036E011
:1025B0002C4F076033E02A4F3F1F3F68C7F3805618
:1025C000274F3F1F3F6807F03F036EB1254FB7FB12
:1025D000F3F7DFF88CC0ACF1040CDCF800C0CCF3EE
:1025E000881C07FB0CF40CE01E4FB7FBF3F7DFF879
:1025F00070C0ACF1040CDCF800C0CCF3881C07FB05
:102600000CF4174F3F1F3F68C7F301477F1C7D0045
:10261000B4FBF5F7076002E0124F076000BF00BF90
:102620000F4F3F6807F0F00109090F4F7A5C076808
:10263000D74047600A4F3F6807F4E051890A0A4FC4
:102640007A5C4768D7408760054F3F6807F4604170
:10265000490B054F7A5C4768D740C760F0BD000062
:10266000083802400024F4001804002010B5014688
:102670000022002300204A11012A02D10A4C2368BB
:1026800008E0022A03D1084C7034236802E0064CAB
:102690007434236801F01F02012494401C400CB1E3
:1026A000012000E0002010BD00380240014600205B
:1026B000034A106820F0F0000843106070470000E3
:1026C000083802400021024A117011460870704714
:1026D000023802400149086070470000800E4742FE
:1026E00001460020034A106820F4E05008431060BF
:1026F000704700000838024001460020034A106875
:1027000020F4604040EAC100106070470838024081
:1027100001490866704700000000474270B5049CFC
:1027200041EA82150126C6EB530645EA06450543F4
:1027300045EA0465014E356070BD00000438024072
:1027400001460020034A106820F00300084310608F
:10275000704700000838024038B50020009000247F
:10276000002500BF3120FFF781FF05460098401C7F
:1027700000900098B0F5A06F01D0002DF2D031206C
:10278000FFF774FF08B1012400E00024204638BDA3
:1027900021B1028842F04002028004E002884FF634
:1027A000BF731A400280704710B50022028802F4FD
:1027B00041520B884C8823438C882343CC88234385
:1027C0000C8923434C8923438C892343CC8923439D
:1027D0001A430280838B4FF2FF74234083830B8A5A
:1027E000038210BD0021018041808180C180018170
:1027F00041818181C18107210182704704480068BD
:10280000D0F86802401C02490968C1F868027047A4
:102810008804002030B500228B071C0F0F2303FA19
:1028200004F20B4B8C1053F824309343084C8D105A
:1028300044F8253023468C1053F824308C07240F9D
:1028400000FA04F42343024C8D1044F8253030BDC7
:102850000838014010B50D484068B0F57A7F11D9AD
:102860000A48007870B901200849087000BFEFF3EA
:1028700008800749086008460068406905490968FA
:10288000C1F8F80001480CF0F3FC10BDC01B00209B
:10289000000400208804002070B5002000220223DC
:1028A00000240221274D2D6805F00C0020B10428DA
:1028B00006D0082834D107E0234D244E356033E09C
:1028C000214D224E35602FE01E4D2D1F2D68C5F382
:1028D00080541C4D2D1F2D6805F03F0154B11A4D39
:1028E000B5FBF1F5174E361F3668C6F3881605FBA3
:1028F00006F209E0144DB5FBF1F5124E361F3668AD
:10290000C6F3881605FB06F20E4D2D1F2D68C5F384
:1029100001456D1C6B00B2FBF3F50C4E356003E016
:10292000094D0A4E356000BF00BF064D2D68C5F346
:102930000315074E705D054D2D68C540034E35608B
:1029400070BD0000083802400024F4000404002098
:102950000804002010B51248006840F0010010493A
:10296000086000200E49083108600D4800680D49D4
:1029700008400B4908600C48091D0860081F0068E2
:1029800020F48020091F0860002005490C310860F0
:1029900000F042FC4FF000600449086010BD0000E8
:1029A00000380240FFFFF6FE1030002408ED00E082
:1029B00021B1828842F00102828004E082884FF6D1
:1029C000FE731A4082807047CA430282704721B169
:1029D000028842F00102028004E002884FF6FE7392
:1029E0001A400280704731B1B0F8442042F40042EE
:1029F000A0F8442005E0B0F84420C2F30E02A0F88D
:102A0000442070471AB183890B43838102E0838994
:102A10008B4383817047000070B50024002200239F
:102A2000058C4FF6FE7635400584028C8388048B36
:102A30004FF68F752C40B51E2C400D882C43751E0B
:102A40002A408D892A434D882A43104DA84202D03E
:102A50000F4DA84213D14FF6F7752A40CD892A436E
:102A60004FF6FB752A408D882A434FF6FF652B40B1
:102A70004FF6FF552B400D8A2B434D8A2B43838005
:102A800004838D684563028470BD0000000001402E
:102A90000004014070B5002400220023058C4FF68D
:102AA000EF7635400584028C8388048B48F6FF75E9
:102AB0002C404FF6FF452C400D884FF6FF7606EA76
:102AC00005252C434FF6DF752A408D8906EA05154A
:102AD0002A434D8806EA05152A43154DA84202D01F
:102AE000144DA8421DD14FF67F752A40CD894FF66F
:102AF000FF7606EA05152A434FF6BF752A408D88F2
:102B000006EA05152A434FF6FF352B404FF2FF75B5
:102B10002B400D8A06EA85052B434D8A06EA85057A
:102B20002B43838004838D688563028470BD00001D
:102B3000000001400004014070B500240022002381
:102B4000058C4FF6FF6635400584028C8388848BA4
:102B50004FF68F752C404FF6FC752C400D882C439A
:102B60004FF6FF552A408D894FF6FF7606EA052578
:102B70002A434D8806EA05252A43154DA84202D06E
:102B8000144DA8421DD14FF2FF752A40CD894FF652
:102B9000FF7606EA05252A434FF6FF352A408D8841
:102BA00006EA05252A434EF6FF752B404DF6FF75C4
:102BB0002B400D8A06EA05152B434D8A06EA0515BA
:102BC0002B43838084838D68C563028470BD0000BD
:102BD000000001400004014070B5002200230024E1
:102BE000058C4EF6FF7635400584038C8488828BF5
:102BF00048F6FF752A404FF6FF452A400D884FF6EC
:102C0000FF7606EA05252A434DF6FF752B408D8990
:102C100006EA05352B434D8806EA05352B430A4D58
:102C2000A84202D0094DA84208D14BF6FF752C40AE
:102C30000D8A4FF6FF7606EA85152C438480828341
:102C40008D680564038470BD0000014000040140EC
:102C5000002101804180818081608181C181018268
:102C60004182704700220288184B98420ED0184BC0
:102C700098420BD0B0F1804F08D0164B984205D047
:102C8000154B984202D0154B984204D14FF68F73E2
:102C90001A404B881A43124B984207D0114B984266
:102CA00004D04FF6FF431A400B891A4302804B6849
:102CB000C3620B880385054B984202D0044B9842AF
:102CC00001D18B7A03860123838270470000014083
:102CD000000401400004004000080040000C0040D7
:102CE00000100040001400404FF0FF31416000210F
:102CF00001800181418081727047000070B50446F7
:102D000006480CF0B1FA2168401A451C6068A842D8
:102D100001D2012070BD0020FCE70000C01B002094
:102D200070B504460D46656002480CF09DFA2060BF
:102D300070BD0000C01B00201FB530212C480CF0D6
:102D400043FA40F225512B4800F075F888B140F263
:102D50002551284800F054F8264800F025F9C4B25F
:102D60002146254803F0AAFF2146244811F06BFCB8
:102D700000BF40F224411F4800F05DF850B11D48EB
:102D8000008800901B48001D008800901B4812F02E
:102D9000ABF900BF40F22661164800F04CF870B164
:102DA00040F22661134800F02BF81448007818B15F
:102DB000124811F027FA02E00F4803F0D5FE40F266
:102DC00027710C4800F037F828B1002240F2277133
:102DD000084800F05AF80748001D0088039005488D
:102DE00000880290DDE90201084401901FBD000047
:102DF000C01B0020004800409C38002058440020A0
:102E000010B50022002340F66A14A14200D100BF91
:102E10000A1201249440A3B2DC43048010BD21B106
:102E2000828942F40052828104E082894DF6FF7368
:102E30001A408281704770B50246002400230025A5
:102E4000002040F66A16B14200D100BFC1F342151E
:102E500001F01F03012606FA03F3012D02D1968922
:102E6000334006E0022D02D1168A334001E0968AF3
:102E700033400C12012606FA04F41688344013B1CC
:102E80000CB1012000E0002070BDF0B50346002425
:102E900000260025002040F66A17B94200D100BF85
:102EA0001846C1F3421401F01F06012707FA06F580
:102EB000012C01D10C3004E0022C01D1103000E0D3
:102EC00014301AB107682F43076002E00768AF4368
:102ED0000760F0BD2DE9FF4705460E460024A146D8
:102EE00000BFA046B08900B100BF2C8A24F4405432
:102EF000F08804432C82AC8941F20C608443B08892
:102F000031890843718908430443AC81AC8A24F4B5
:102F10004074B0890443AC826846FFF735FB204813
:102F2000854202D01F48854202D1DDF80C9001E0B5
:102F3000DDF80890A88900F4004040B109EBC90011
:102F400000EB091031684900B0FBF1F707E009EB2D
:102F5000C90000EB091031688900B0FBF1F764206B
:102F6000B7FBF0F004012009642101FB1078A88967
:102F700000F4004040B1322000EBC800B0FBF1F09B
:102F800000F00700044308E0322000EB0810642141
:102F9000B0FBF1F000F00F0004432C81BDE8FF8787
:102FA000001001400014014001468888C0F3080069
:102FB0007047C1F30802828070474FF416510160D8
:102FC00000218180C18001810C214181002181810A
:102FD0007047000005480068D0F86402401C0349AF
:102FE0000968C1F8640200BFFEE700008804002001
:102FF00000F07F01014A116070470000002C004082
:1030000010B51E48006840F080501C4908601B48FD
:103010001038006840F480201849103908600120F9
:10302000FFF736FA0120FFF739FA00BF144840686D
:1030300000F008000028F9D012480068D0F80C050C
:1030400010490968C1F810050E480068D0F8C8009A
:103050000C490968C1F8CC000A480068D0F814058A
:1030600008490968C1F81C0506480068D0F8180529
:1030700004490968C1F8200510BD0000403802402D
:10308000007000408804002010B54A4800680068BD
:103090004949884203D000204649096848604748AA
:1030A000407820B1464843490968486103E0002060
:1030B0004049096848614148007820B140483D498D
:1030C0000968086103E000203A49096808613B4843
:1030D000407810B93948407830B13848D0F8A40069
:1030E00034490968086403E000203249096808642B
:1030F0003448407820B132482E490968886103E09D
:1031000000202C49096888612F48407850B12C482C
:1031100028490968C8612948D0F8A80025490968E4
:10312000486406E000202349096848642149096889
:10313000C86100202DE02549095C01290ED1244AEF
:103140001C490968203141F8202020490A390A5CCD
:1031500018490968343121F8102019E01B49095C2D
:1031600002290FD11A4A521C12490968203141F82C
:10317000202016490A390A5C0E490968343121F8C1
:10318000102005E000220B490968203141F8202079
:10319000401C0528CFDB0848064909680860054837
:1031A0000068406802B241F2FC01044809F0D6FB15
:1031B00010BD000088040020EFBEADDE604300209B
:1031C000EAEBFFC0D41E0020E21E0020581D0020A4
:1031D000E1FFC00008B50020009003E000BF0098A8
:1031E000401C00900098B0F5D27FF7DB08BD70B5A9
:1031F00004460D461646324629462046FDF752FA49
:1032000070BD70B504460D46164632462946204626
:10321000FDF77EFA70BD00000CB500200190009013
:103220002D48006840F480302B49086000BF2A48D0
:10323000006800F4003000900198401C0190009854
:1032400018B90198B0F5A06FF1D12348006800F4D7
:10325000003010B10120009001E0002000900098A3
:10326000012838D11C48083000681B490831086023
:103270000846006840F4004008600846006840F4D2
:10328000A05008601548091F0860081F006840F03A
:103290008070091F086000BF0F48006800F00070D0
:1032A0000028F9D040F207700D4908600A4808303C
:1032B000006820F0030008490831086008460068EB
:1032C00040F00200086000BF03480830006800F0CA
:1032D0000C000828F8D10CBD003802401030410520
:1032E000003C024010B560480BF0BEFF5F49096822
:1032F000401A642807D95E48007820B15A480BF07C
:10330000B3FF5A49086058480BF0AEFF40F6B83199
:10331000B0FBF1F000F00100564981F87400564806
:1033200090F89F0210B154480CF012FB462051490E
:10333000A1F848005148486351494E4881635149BA
:10334000C163514901645149416408464949C1F882
:10335000EC004B494748C0F8F0104A49C0F8F41057
:103360004949C0F8F8104949C0F8FC104349C0F871
:103370000011C0F80411C0F80811C0F80C11C0F811
:1033800010114249C0F8141141483A490865052016
:1033900081F8E6003F484049086140493E484161A4
:1033A0004FF0834181613E49C16101203A49087073
:1033B0002C213C4881612D2141616421C1610121A1
:1033C0000172417280F84810374901613749C16084
:1033D0001721C17100214171172180F82E100021A1
:1033E00080F82F10032180F8301080F831105A2116
:1033F000C0F83811C0F834110021C0F83C11032185
:1034000080F82811372180F82911012180F86811EE
:103410002749C0F830112749C0F82C112B2180F81A
:103420002711012180F825110021C0F8C811C0F82A
:10343000C411C0F8CC11012180F8B811002180F826
:10344000B911012180F8F8111B49C0F8C0111B49BE
:10345000C0F8BC11062180F8B711002180F8B51121
:103460000D2180F8BA1110BDC01B00204C040020B3
:10347000AC480020101C0020EC2000200000A041DF
:103480000000B0410000B8410000C0410000C84148
:10349000000020C100004041A42300200000604142
:1034A00000009041F01E0020A470CA423333534103
:1034B000A470B84200007041A470DE4200002041B8
:1034C0002DE9F04188B004460D4640F6FF774FF4F1
:1034D0007848E6028DF80A5000208DF80B00012094
:1034E0008DF80C004FF6FF7000EA1640ADF80000B2
:1034F000B0B2ADF80200ADF80470ADF8068001205E
:10350000ADF808008DF80D006846FDF7F9FE04A837
:10351000FDF7F6FE08B0BDE8F081000010B50446E6
:103520000B480BF0A1FE0B490968401A0A490B4AE7
:10353000127841F822000948047009480068C0F870
:10354000CC4003480BF090FE0249086010BD00001B
:10355000C01B002040040020D01B00204404002099
:10356000880400202DE9F04105460B461646294601
:1035700000226CE00878802806DA0F781046541C88
:10358000A2B21F54491C62E0087800F0E000C02895
:103590003CD1487800F0C000802837D10C784878BA
:1035A0003F27D02C03D1812801D1A82725E0D02C9A
:1035B00008D1902806DBAF2804DC00F1300C0CF0B9
:1035C000FF071AE0D02C08D1B02806DBBF2804DCA6
:1035D00000F1300C0CF0FF070FE0D12C08D180284F
:1035E00006DB8F2804DC00F1700C0CF0FF0704E010
:1035F000D12C02D1912800D1B827944602F10108BC
:103600001FFA88F203F80C70891C20E00878E22881
:103610000CD14878842809D18878962806D1B92712
:103620001046541CA2B21F54C91C10E03F2710467C
:10363000541CA2B21F540878E02801DA022005E0E9
:103640000878F02801DA032000E00420014408781B
:1036500010B1701E90428DDC002098541046BDE8D9
:10366000F081000010B509480BF0FEFD084909681B
:10367000401A40F6B831884206D904480BF0F4FDF0
:1036800003490860FFF700FD10BD0000C01B0020CB
:103690008C0400200246002002EA01030BB1012045
:1036A00000E000207047EFF31080704780F310882F
:1036B00070472DE9F04104460025FFF7F4FF074667
:1036C00072B6266801E06D1C3668A642FBD138460A
:1036D000FFF7ECFF2846BDE8F08170B50446FFF720
:1036E000E2FF064672B62068A04201D1012500E043
:1036F00000253046FFF7DAFF284670BD01468029D5
:1037000001DA0120704701F0E000C02801D1022059
:10371000F8E701F0F000E02801D10320F2E70420EF
:10372000F0E70000074991F90E0100F01F020121A6
:1037300091404209920002F1E022C2F8001100BF5C
:1037400070470000984700201CB56846FEF76AFCE9
:103750004FF44070009001208DF804006946114834
:10376000FEF7E8FB6846FEF75DFC40F604000090BB
:1037700001208DF8040069460B48FEF7DBFB4FF48F
:1037800000610948FEF74CFC6846FEF74BFC4FF41D
:103790000070009001208DF8040069460348FEF790
:1037A000C9FB1CBD000002400004024000080240AA
:1037B00000F01F02012191404209920002F1E02233
:1037C000C2F80011704700F01F0201219140420928
:1037D000920002F1E022C2F800117047024609B9D6
:1037E000002070475018282801DC0120F9E7FF2A43
:1037F00005DD5018B0F59D6F01DC0120F1E70020D8
:10380000EFE7006040607047064991F90E0100F053
:103810001F0201219140044A430942F8231000BFCE
:10382000704700009847002080E100E02DE9F0415A
:103830000446A06914F038F90746E16914F094F9D8
:103840000546216A13F0C4FF06460021304614F0F5
:1038500057FA02D84FF07C5001E04FF03F40074646
:103860003946304613F0B4FF054614F0E1F8BDE8E0
:10387000F0812DE9F0410446606914F015F907461E
:10388000E16914F071F90546216A13F0A1FF0646BB
:103890000021304614F034FA02D84FF07C5001E099
:1038A0004FF03F4007463946304613F091FF05463A
:1038B00014F0BEF8BDE8F08108B5FFF7A5FF09E0F8
:1038C0006946084800F08CF80748009900F077F83E
:1038D000FEF770FC0448FFF7ECFE0228F0DBFFF770
:1038E00021FF08BDC4170020BC1700202DE9FC41B2
:1038F00006460F4614461D4664216846FFF710FA37
:103900000CE0EBB2E2B239463046FDF753FA00B9AB
:1039100005E06846FFF7F2F900B100E0F1E700BF0B
:10392000BDE8FC8110B5002807DA0A07140E054A25
:1039300000F00F031B1FD45403E00A07130E024AC2
:10394000135410BD18ED00E000E400E0BFF34F8F0A
:103950000648006800F4E06005490843001D03497B
:103960000860BFF34F8F00BFFEE700000CED00E0E2
:103970000000FA05BFF34F8F0648006800F4E060CE
:1039800005490843001D03490860BFF34F8F00BF7E
:10399000FEE700000CED00E00000FA0570B50546FA
:1039A0000C46FFF780FE064672B628682060656008
:1039B0002C60206844603046FFF778FE70BD70B51B
:1039C00005460C46FFF76FFE064672B6256068682E
:1039D00060606C60606804603046FFF767FE70BD31
:1039E00070B505460C46FFF75EFE064672B62868BF
:1039F0002060286800F009F800202168086021682C
:103A000048603046FFF752FE70BD70B50446FFF7C0
:103A10004AFE054672B6D4E900010860D4E90010F8
:103A200048602846FFF742FE70BD70B505460C465B
:103A3000FFF739FE064672B6686820606868FFF7CF
:103A4000E4FF002021680860216848603046FFF7E5
:103A50002DFE70BD1CB51148B0F80C01009000207F
:103A60008DF8040002208DF8050000208DF8060076
:103A700002208DF807000949D1F804016946FEF7D4
:103A800059FA00208DF804008DF807000349D1F899
:103A900004016946FEF74EFA1CBD0000984700205D
:103AA00010B5554800680068544988427ED1524894
:103AB000006840695249884207D101205149487045
:103AC0004D480068006CC1F8A4004B4800680069CC
:103AD0004B49884207D101204A490870464800688E
:103AE000006CC1F8A40044480068806944498842D9
:103AF00002D10120444948703F480068C0694049EC
:103B0000884208D10120414948703B480068406C18
:103B10003C49C1F8A80000204BE037490968203132
:103B200051F820103A4A91421BD1012239490A54D6
:103B300031490968343131F81010642911DC2E49FB
:103B40000968343131F81010CAB232490F390A54B9
:103B500029490968343131F81010CAB22D490A399F
:103B60000A5425490968203151F82010284A521C6E
:103B700091421DD1022227490A541F490968343154
:103B800031F81010642913DC1B490968343131F80D
:103B90001010CAB21F490F390A5417490968343145
:103BA00031F81010CAB21B490A3900E01DE00A546E
:103BB000401C0528B1DB104800684068401C0E49D5
:103BC000096848600C480068D0F8CC00102811D271
:103BD00009490968D1F8CC2007490968883101EB07
:103BE00082000168491C016004E040F224510A4847
:103BF000FCF7C3FD10BD000088040020EFBEADDE61
:103C0000EAEBFFC060430020D41E0020E21E00202B
:103C1000E1FFC000581D0020004002401CB50E48C6
:103C2000B0F80C01009001208DF8040002208DF8FE
:103C3000050000208DF806008DF807000649D1F830
:103C400004016946FEF776F9034AB2F80C11D2F87E
:103C50000401FEF7E5F91CBD984700200248B0F8C2
:103C60000C0102490860704798470020143C01404D
:103C700070B504460D462B4600228021204600F0F8
:103C800079F928B1206E40F020002066032070BD35
:103C90000020FCE72DE9F84F04460F4690461D46EC
:103CA0000A9EB2480BF0E0FA81464FF0000A00BFCE
:103CB00094F85C00012802D10220BDE8F88F0120B1
:103CC00084F85C0000BF94F85D00012802D04FF03A
:103CD000020A40E11FB1B8F1000F00D015B94FF052
:103CE000010A38E1052084F85D0000202066C4F850
:103CF0004080A4F84650A4F84450A763E587A58700
:103D0000A06AB0F5005F10D19948006B00884DF6AD
:103D1000FF7108409649096B08809548006B008840
:103D200040F400509249096B0880E068B0F5E06FFC
:103D300008D98F48006B008840F400608C49096BFB
:103D4000088007E08A48006B008820F400608849FA
:103D5000096B08808648006B008800F0400040280E
:103D600005D02068008840F0400021680880E068A5
:103D7000B0F5E06F4ED945E0E08F00281FDD7C48AC
:103D8000006B008900F00200022818D1A06B0088A7
:103D90007749096B8881A06B801CA063E08F401E6F
:103DA000E087E08F58B9A06AB0F5005F07D170488E
:103DB000006B008840F480506D49096B0880B4F8AE
:103DC0004600002812DD6A48006B008900F00100FF
:103DD00060B16748006B8089216C0880206C801C72
:103DE0002064B4F84600401EA4F84600701C48B198
:103DF0005E480BF039FAA0EB0900B04202D34FF055
:103E0000030AA8E0E08F0028B6DCB4F846000028DA
:103E1000B2DC4BE043E0E08F00281EDD5448006B2D
:103E2000008900F00200022817D1A16B481CA06392
:103E300008784F49096B0873E08F401EE087E08FD8
:103E400058B9A06AB0F5005F07D14948006B0088F7
:103E500040F480504649096B0880B4F846000028B9
:103E600011DD4348006B008900F0010058B1404863
:103E7000006B017B226C501C20641170B4F846006A
:103E8000401EA4F84600701C48B138480BF0ECF90D
:103E9000A0EB0900B04202D34FF0030A5BE0E08FD1
:103EA0000028B8DCB4F846000028B4DCA06AB0F5FD
:103EB000005F35D1334601221146204600F05AF802
:103EC00030B1206E40F0020020664FF0030A42E05D
:103ED000E068B0F5706F06D12548006B80890090CE
:103EE000BDF800001CE02248006B007B0090BDF88C
:103EF0000000206B022813D13346012211462046D0
:103F000000F038F830B1206E40F0020020664FF02B
:103F1000030A20E01648006B007B0090BDF800000B
:103F200020680089C0F3001048B1206E40F0020004
:103F300020664FF6EF70216808814FF0010A314684
:103F40002046FFF795FE08B120202066206E08B1BC
:103F50004FF0010A00BF012084F85D0000BF00207F
:103F600084F85C0000BF5046A7E60000C01B00209C
:103F7000984700202DE9F04104460E4617461D469D
:103F800026480BF071F9804640E0681CE8B335B173
:103F900022480BF069F9A0EB0800A84236D320684C
:103FA000808820F0E000216888806068B0F5827F1A
:103FB0000DD1A068B0F5004F03D0A068B0F5806FB8
:103FC00005D12068008820F0400021680880A06AA0
:103FD000B0F5005F0ED100BF206800884DF6FF717C
:103FE0000840216808802068008840F4005021685B
:103FF000088000BF012084F85D0000BF002084F825
:104000005C0000BF0320BDE8F081FFE70448006BBF
:1040100000893040B842B8D10020F4E7C01B00202E
:104020009847002010B50120FEF754FB00BF612027
:10403000FEF71CFB0028FAD045F25550FEF7A2F916
:104040000420FEF793F940F6FF70FEF795F9FEF7AE
:1040500085F9FEF77BF901210803FDF76BFC10BD24
:104060002DE9FC5F04468A464FF0000800200190CD
:104070008146002545E0665D3046FFF73FFB009036
:10408000202E02D1D14500DAA846202E00D056BB02
:10409000D14528DD2046FCF795FA8346584603E0D3
:1040A000225C411C6254401E4045F9DA0A2004F8A3
:1040B00008000D2108F101002154A84500DC6D1C09
:1040C00008F1020701974FF00009019F05E009F18F
:1040D0000109E05DFFF712FB0744AF4202DAE05D41
:1040E0000028F4D100BF0A2E01D00D2E04D1681C87
:1040F00001904FF0000901E009F101090098054421
:1041000000BF605D0028B6D12046BDE8FC9F38B5F1
:1041100005460C4607E069462046FFF786FC284620
:104120000099FFF73BFC2046FFF7D7FA0028F2D0B2
:1041300038BD000010B5044694F88000C01EA07081
:1041400094F880202146024802F0D4FB10BD000004
:104150009C38002010B5002200F8802F5A230478E4
:10416000621C00F880290355A52310F8804F0278BF
:10417000521C00F880290355002310F8804F027864
:10418000521C00F88029035510F8803F0278521C19
:1041900000F88029C15410BD90F88020521C802A5C
:1041A00000DD704710F8803F0278521C00F880292B
:1041B000C15400BFF5E710B590F88020921C802A0A
:1041C00000DD10BDC1F3072310F8804F0278521CA8
:1041D00000F88029035510F8804F0278521C00F82F
:1041E0008029015500BFECE7002180F8801070475E
:1041F00010B58AB0044601210846FEF761F9012195
:104200000220FEF75DF901210420FEF759F908A804
:10421000FDF708FF4FF4E070089001208DF82400AE
:1042200002208DF8250008A97048FDF783FE08A834
:10423000FDF7F8FE4FF48060089001208DF824000F
:1042400002208DF8250008A96948FDF773FE0121B9
:104250000846FEF765F901210420FEF741F9012126
:104260000820FEF73DF908A8FDF7DCFE4FF470705A
:10427000089002208DF824008DF8250008A95C48DC
:10428000FDF758FE022206215948FDF79BFE022247
:1042900007215748FDF796FE022208215448FDF7F2
:1042A00091FE022209215248FDF78CFE08A8FDF775
:1042B000B9FE0120089002208DF824008DF8250019
:1042C00008A94C48FDF736FE022200214948FDF7B7
:1042D00079FE05A8FEF708FD1D20ADF81400642046
:1042E00006900020ADF81C00ADF8160005A9424864
:1042F000FEF7B8FC6846FEF7ABFC6020ADF80000A6
:104300000120ADF8020000200290ADF80C006946D3
:104310003948FEF781FB69463748FEF7BBFB694623
:104320003548FEF709FC69463348FEF755FC05A8F9
:10433000FEF7DAFC1D20ADF8140064200690002082
:10434000ADF81C00ADF8160005A92C48FEF78AFC54
:104350006846FEF77DFC6020ADF800000120ADF856
:10436000020000200290ADF80C0069462348FEF7D9
:1043700053FB05A8FEF7B8FC1D20ADF8140064201F
:1043800006900020ADF81C00ADF8160005A91C48E9
:10439000FEF768FC6846FEF75BFC6020ADF80000A5
:1043A0000120ADF80200002002900220ADF80C00C0
:1043B00069461348FEF730FB69461148FEF76AFB71
:1043C00001210D48FEF703FB01210C48FEF7FFFA1F
:1043D00001210948FEF707FB01210848FEF703FB0E
:1043E00000210548FEF7E4FA0AB010BD00080240BB
:1043F000000402400000024000080040000C0040A1
:104400000000014030B50246052915DA002011E010
:1044100002F14A04645C451C04FB05F3DC1703EB62
:104420005474C4F3C70502F14F0404EBC1042554CE
:10443000431CD8B20828EBDB30BD000070B5024643
:104440001A48405C022803D11948B0F92E0070BD0B
:104450001848C07808B10A20F9E7164890F8C460F7
:1044600090F8C300C0EB001006EB8004114890F8F0
:10447000C66090F8C500C0EB001006EB80050D4843
:1044800090F8C16090F8C000C0EB001006EB80030C
:10449000A34206DBAB4204DA02F11E0030F9110040
:1044A000D5E702F1280030F91100D0E7441D0020C3
:1044B000301E0020604300202DE9FF5F83468A46BE
:1044C0000BF10F0111F80A20394931F9120012F0ED
:1044D000C2FE80460022374B12F036FDCDE90201C4
:1044E00051465846FFF7AAFF804612F0B4FECDE9C8
:1044F0000001DDE9022313F055F804460D462E496C
:1045000051F82A0013F038F9064622462B4612F0DD
:10451000CDFE0FD80BF10F0010F80A00072809DABA
:104520000BF10F0010F80A00401CC1B20BF10F0094
:1045300000F80A100BF10F0111F80A201C4910397C
:1045400031F9120012F087FE06460022194B12F0D4
:10455000FBFCCDE9020151465846FFF76FFF0646C6
:1045600012F079FECDE90001DDE9022313F01AF81B
:1045700004460D46104951F82A0013F0FDF8804614
:1045800022462B4612F0CCFF0FD80BF10F0010F88B
:104590000A00002809DD0BF10F0010F80A00401E88
:1045A000C1B20BF10F0000F80A10BDE8FF9F000038
:1045B000DC1D002000002440441C00202DE9FC5F8D
:1045C00082468B461F4810F80B0002280AD11E496C
:1045D000B1F92E101C4AB2F93020881A13F064FA8F
:1045E000BDE8FC9F1948C07888B1BAF9A80012F05C
:1045F00032FE80460022164B12F0A6FC0646002230
:10460000134B12F0C3FF044612F0B8FBE8E7BAF907
:10461000840012F020FE044600220D4B12F094FCA0
:10462000CDE9000159460748FFF708FF044612F09C
:1046300012FE0646DDE9002312F0B4FF804612F0B8
:104640009DFBCDE7441D0020301E0020604300206C
:10465000000024402DE9FF5F82464FF0000BC2E1CD
:104660001AF80B00022804D101210AF1140000F805
:104670000B100AF17F0010F80B0088B10BF0FF015E
:104680005046FFF79BFF0446FE4850F82B1020468B
:1046900013F036FB04D800210AF17F0000F80B105C
:1046A0000AF17F0010F80B00A0B90BF0FF01F648EB
:1046B000FFF7C4FE054613F0F7F90446F14850F839
:1046C0002B10204613F01CFA04D801210AF17F00B8
:1046D00000F80B101AF80B0003281EDA0AF17F000D
:1046E00010F80B00A0B9E848143010F80B000128AE
:1046F0000ED1E648407828B9E448007810B9E3487C
:10470000C07828B101210AF1370000F80B1004E04D
:1047100000210AF1370000F80B101AF80B000328EB
:104720007ED10AF1140010F80B00012879D1D74886
:10473000407830B9D5480078D449C9780843002872
:104740006FD00BF0FF015046FFF778FE9AF8B810D3
:10475000451A284613F0A8F90446CA4850F82B1009
:10476000204613F0CDFA11D201210AF1E40000F83D
:104770000B10C7480AF078FD0AF1BC0141F82B0084
:1047800000210AF1D00040F82B10B1E00BF0FF013E
:104790005046FFF753FE054613F086F90446B94824
:1047A00050F82B10204613F0ABF911D200210AF17A
:1047B000E40000F80B10B6480AF056FD0AF1BC01FF
:1047C00041F82B0000210AF1D00040F82B108FE0B7
:1047D0009AF8B80012F056FD064600224FF08043CA
:1047E00012F0B2FBCDE902010BF0FF015046FFF7DA
:1047F00025FE064612F02FFDCDE90001DDE902237A
:1048000012F0D0FE04460D469E4951F82B0012F0DE
:10481000B3FF804622462B4612F048FD43D201E00A
:1048200086E060E09A480AF01FFD0AF1BC0151F8E9
:104830002B10411A0AF1D00050F82B00814257D9B1
:1048400093480AF011FD0AF1BC0141F82B000AF16E
:10485000E40010F80B0008B9012100E000210AF182
:10486000E40000F80B1010F80B00B0B185483438A4
:10487000016D884813F080FA0646874913F016F850
:10488000054613F0D5F804460122214680480AF077
:10489000C9FC47F23051484300E014200AF1D0012E
:1048A00041F82B0024E07A480AF0DEFC0AF1BC0152
:1048B00051F82B10411A0AF1D00050F82B00814218
:1048C00016D900210AF1E40000F80B1070480AF034
:1048D000CBFC0AF1BC0141F82B0014210AF1D000F5
:1048E00040F82B1004E000210AF1E40000F80B105E
:1048F0000AF1E40010F80B0008B1012100E00021EA
:104900000AF1370000F80B1010F80B0040B16421D9
:104910000AF1050000F80B10401D00F80B1007E02D
:1049200000210AF1050000F80B10401D00F80B10E3
:104930001AF80B00012854D10AF1140010F80B00EA
:10494000012832D10AF17F0010F80B0068BB4F48F4
:10495000407828B94D48007810B94C48C07820B349
:104960004848343890F8740018B14C4890F89400D6
:10497000D8B90BF0FF015046FFF79EFD0AF17A000F
:1049800010F80B0020B10AF1320010F80B0007E01C
:104990000AF14F0000EBCB01403810F80B00085C27
:1049A0000AF1050101F80B0004E000210AF10500FD
:1049B00000F80B100AF1140010F80B00022806D1C1
:1049C0000AF1320010F80B102D3800F80B100AF124
:1049D000140010F80B0020B900210AF1050000F8BE
:1049E0000B100BF1010BBBF1050FFFF639AE284898
:1049F0000AF03AFC2A490968401ABAF87810884245
:104A00007DD923480AF030FC2549086000201FE0CA
:104A10000AF10A010A5C491F095C8A4207DA0AF1B5
:104A20000A01095C491CCAB20AF10A010A540AF1D6
:104A30000A010A5C491F095C8A4207DD0AF10A0182
:104A4000095C491ECAB20AF10A010A54411CC8B2E3
:104A50000528DDDB114890F88E0038B19AF8B400D3
:104A600020B164218AF80E108AF809100B4890F8DA
:104A70008E00C8B99AF8B400B0B100218AF80E10BF
:104A800010E00000441C0020441D00206043002072
:104A9000C01B00200000F04100002041301E00201B
:104AA0006C0400208AF809103D4890F88F0038B156
:104AB0009AF8B50020B164218AF80D108AF8081020
:104AC000374890F88F0038B99AF8B50020B1002126
:104AD0008AF80D108AF8081000200EE03149095CB0
:104AE00019B93049491D095C29B100220AF10501B3
:104AF0000A54491D0A54411CC8B20528EEDB9AF835
:104B00000000012806D19AF80A20632126480AF0FD
:104B100090FB01E09AF80A00244908609AF8010025
:104B2000012806D19AF80B2063211F480AF081FB67
:104B300001E09AF80B001D49091D08609AF802006F
:104B4000012806D19AF80C20632117480AF071FB5E
:104B500001E09AF80C001549083108609AF8030042
:104B6000012806D19AF80D2063210F480AF061FB55
:104B700001E09AF80D000D490C3108609AF8040024
:104B8000012806D19AF80E20632107480AF051FB4C
:104B900001E09AF80E0006490860BDE8FF9F00009A
:104BA000301E0020AC1C0020C01B00203408004038
:104BB000340C004070B50446EC212046FBF7DDFDC7
:104BC000002518E0162104F11E0020F8151014210C
:104BD0000A3020F815100A210A30415550211830AA
:104BE000415529462046FFF70DFC082104F14400F9
:104BF0004155681CC5B2052DE4DB012020704FF43F
:104C00009670A4F878000A20A4F898000F219A2042
:104C1000015314219C20015319219E2001531E2170
:104C2000A02001532321A22001532821A4200153B5
:104C300005218A2001530A218C2001530F218E2047
:104C400001531421902001531921922001531E2158
:104C5000942001532321962001533220A4F8A80068
:104C6000204670BD2DE9F04104460E4684F82460CC
:104C7000FE480AF0F9FA2065082E6ED006DC012EF7
:104C80000BD0022E6AD0032E69D121E1092E67D004
:104C90000F2E78D0102EF7D17EE2002534E0F448B4
:104CA000405D00F0010020B1F1481E3030F91500E0
:104CB00000E0FF20C2B2681C04F124010A54EC4851
:104CC000405D00F0010020B1E948283030F91500BE
:104CD00000E0FF20C2B2A81D04F124010A54E448F8
:104CE000405D30B1E34951F82500E34912F070FD11
:104CF00000E0E248074612F0B7FEC2B205F10B0031
:104D000004F124010A546D1C052DC8DBFF21342059
:104D10000155DB48007808B1012100E00021352071
:104D20000155005DD649497809B1012100E0002113
:104D300040EA410135200155005DD249497809B169
:104D4000012100E0002140EA411135200155005DBC
:104D5000CD49497829B1012104E009E114E05BE281
:104D6000A7E1002140EA811135200155C1493439BC
:104D7000086DC14912F02CFD054612F075FEC1B256
:104D8000362001554AE2C7E1B94890F87A008021FF
:104D900001EAC01125200155005DB54991F8321096
:104DA00001F07F01084325210855B14890F87B00A8
:104DB000802101EAC01126200155005DAC4991F81F
:104DC000331001F07F01084326210855A84890F8C8
:104DD0007C00802101EAC01127200155005DA44913
:104DE00091F8341001F07F01084327210855A048AD
:104DF00090F87D00802101EAC01128200155005D56
:104E00009B4991F8351001F07F010843282108558E
:104E1000974890F87E00802101EAC01129200155B1
:104E2000005D934991F8361001F07F010843292174
:104E30000855FF212A200155944890F86D122B2027
:104E40000155924890F86E122C2001558F4890F829
:104E50006F122D2001558D4890F870122E200155AB
:104E60008A4890F871122F200155814800788049B6
:104E7000497840EA0110C1B2302001557C48807861
:104E80007B49C97840EA0110C1B231200155784808
:104E90000179322001557648407D00F003017448C5
:104EA000007D61F39F007249897D01F0030140EAB2
:104EB00001116F48C07D00F0030041EA80113320EA
:104EC00001556B48007E00F0030134200155A5E137
:104ED000FF21252001556A4890F8C310262001556E
:104EE000674890F8C41027200155654890F8C51010
:104EF00028200155624890F8C61029200155FF214D
:104F00002A2001552B2001555D48B0F86200010AA6
:104F10002C2001555A4890F862102D200155584810
:104F200090F86F102E200155554890F86D102F20E5
:104F30000155544800785449097840EA4100C1B20B
:104F4000312001554F488179322001554E488179F1
:104F5000332001554C4800890112342001554A483C
:104F6000017A352001554748817A3620015555E1AF
:104F70004748C07800EBC0014548001D00EBC10068
:104F800090F82A10252001554148C07800EBC00157
:104F90003F48001D00EBC10090F82B102620015562
:104FA0003B48C07800EBC0013948001D00EBC10050
:104FB00090F82C10272001553548C07800EBC0012F
:104FC0003348001D00EBC10090F82D10282001553A
:104FD0002B4890F88C1029200155294890F88D1005
:104FE0002A200155264890F88E102B200155244880
:104FF00090F88F102C200155264801782D2001555E
:105000002448401C01782E2001552248801C01783C
:105010002F2001551F48C01C0178302001551C4825
:10502000C07800EBC0011A48001D00EBC100808E63
:10503000C0F30721312001551548C07800EBC001AD
:105040001348001D00EBC10090F8341032200155C8
:105050000F48C07800EBC0010D48001D00EBC100F7
:10506000008FC0F307213320015515E0C01B00203D
:10507000441D0020441C00200000204200007F430B
:1050800060430020D41E0020E21E0020EC200020FF
:10509000F01E0020C6FF03086448C07800EBC00182
:1050A0006248001D00EBC10090F838103420015513
:1050B000B4E02178252001556178262001555C480F
:1050C0000178272001555A48401C017828200155B5
:1050D0005748801C0178292001555548C01C01788B
:1050E0002A20015500212B2001552C2001552D206F
:1050F00001552E2001552F200155A078012804D1FB
:105100004C4A06CAC4E90C1205E0FF22082104F14A
:105110003000FBF708FB81E04748017C807D41EAD5
:105120000010C1B2252001554348017F90F82200AC
:1051300041EA0010C1B2262001553F4890F82810DE
:1051400090F82E0041EA0010C1B2272001553A48DC
:1051500090F8341090F83A0041EA0010C1B22820CB
:105160000155354890F8401090F8460041EA00108B
:10517000C1B22920015500200BE000EB40022E496E
:10518000103101EB42010B79811D04F124025354CB
:10519000401C0A28F1DB41E000200BE000EB40025C
:1051A0002549103101EB42014B78411C04F12402E6
:1051B0005354401C0A28F1DB002008E01E49083146
:1051C0000B5C00F10B0104F124025354401C042831
:1051D000F4DB1948017B407B41EA0010C1B2332067
:1051E00001551548817BC07B41EA0010C1B23420D3
:1051F00001550E49C97801EBC1020C49091D01EBAB
:10520000C20188680D4912F0AFFC054612F02CFC73
:10521000C1B23520015501E0BDE8F08100BF04F1C5
:10522000240107480EF018FF00BFF5E7F01E00202C
:10523000C6FF030808800008E82300200000204182
:105240009847002002465820B1F1006F04D32E4B3E
:10525000994201D2002056E02B4B994204D32B4BAC
:10526000994201D208204EE0284B994204D3284BA2
:10527000994201D2102046E0254B994204D3254B98
:10528000994201D218203EE0224B994204D3224B8E
:10529000994201D2202036E01F4B994204D31F4B84
:1052A000994201D228202EE01C4B994204D31C4B7A
:1052B000994201D2302026E0194B994204D3194B70
:1052C000994201D238201EE0164B994204D3164B66
:1052D000994201D2402016E0134B994204D3134B5C
:1052E000994201D248200EE0104B994204D3104B52
:1052F000994201D2502006E00D4B994203D3B1F1FF
:10530000016F00D25820704700400008008000085C
:1053100000C00008000001080000020800000408A6
:10532000000006080000080800000A0800000C0839
:1053300000000E0870B504463E4890F87E000E2826
:1053400016D13D4809F090FF6169401A42F2107190
:1053500088420DD9384809F087FF6061092120464D
:10536000FFF780FC334890F89A1002F03FFD70BDC3
:10537000304890F87900012829D120700020607011
:105380002D4809F071FF6061211D204600F0CAFA26
:105390000120A0700020274981F87900084690F884
:1053A0009A1002F023FD09212046FFF75BFC00253F
:1053B0000BE0214809F058FF08B1012100E000216D
:1053C00004F13C004155681CC5B2142DF1DB1948AD
:1053D00090F8790002281DD1002020700120607013
:1053E00016490870144809F03FFF00F6B830144918
:1053F0000860114809F038FF606100200D4981F80C
:105400007900084690F89A1002F0F0FC0921204635
:10541000FFF728FC0948007850B1074809F024FF3D
:1054200007490968884203D9002004490870607060
:1054300000BF9CE760430020C01B00209C17002099
:10544000A017002010B5044654212046FBF795F91B
:10545000204600F00DFB204600F0B8FB10BD000018
:10546000FEB50446F84809F0FFFEF8490968401AFD
:10547000B0F57A7F04D9F44809F0F6FEF3490860E4
:105480002046FFF757FFF2480EF044FCF04890F832
:10549000350038B9002020706070A0700120E061F4
:1054A000A061FEBDEA4890F83600002872D00020C6
:1054B000E74981F83600084690F8387014223831F0
:1054C00004F12400FBF7F2F82078012801D0072F1F
:1054D0007ED1052F7DD006DC012F0BD0022F5AD0B4
:1054E000032F56D191E0072F74D0092F73D0102FBE
:1054F000F7D168E1002013E0411C04F12402515C63
:1055000009290CDD411C515C212908DAD149095CCB
:1055100029B1411C525CCF491E3121F81020401C9A
:105520000528E9DB002013E0811D04F12402515C11
:1055300009290CDD811D515C212908DAC549095C66
:1055400029B1811D525CC349283121F81020401C2B
:105550000528E9DB3520005D00F00100BE49087038
:105560003520005DC0F3400048703520005DC0F379
:105570004010BA4948703520005DC0F38010B8492A
:1055800048703520005D00F0100010B1B5480AF0F9
:10559000DFF92BE1A0E1002012E0411C04F124021C
:1055A000515CCA09AB497A310A54411C04F1240206
:1055B000515C01F07F02A74932310A54411CC8B244
:1055C0000528EADB3320005D00F00300A14903E079
:1055D0000DE195E0B6E0ECE008753320005DC0F326
:1055E00081019C4841753320005DC0F30111994849
:1055F00081753320005D81099648C1753420005DB6
:1056000000F0030193480176F0E02620005D1828A1
:1056100004DA2620015D904880F8C3102720005D41
:105620003C2804DA2720015D8B4880F8C41028202C
:10563000005D182804DA2820015D874880F8C5102D
:105640002920005D3C2804DA2920015D824880F889
:10565000C6102C20005DFF2803D12D20005DFF28FF
:1056600008D02D20015D2C20005D01EB00207A493F
:10567000A1F862002F20005D032806DA2F20005DCC
:1056800000F00300744981F86D003220005D33287A
:1056900007DA3220005D032803DD3220005D6F4908
:1056A000C8803320005D512803DA3320005D6C4947
:1056B000C8803520015D3420005D01EB0020092801
:1056C00011DD3520015D3420005D01EB002040F24A
:1056D000AB51884207DA3520015D3420005D01EBD3
:1056E00000205F4908813620005D012807DD362053
:1056F000005D0B2803DA3620005D5849488175E0CB
:10570000534890F8390001281BD0514890F83900CF
:10571000022816D04E4890F83900AA2804D100205B
:1057200051490860FEF726F9494890F83900A52844
:1057300007D1494806F0E0F94C484B490860FEF7AC
:1057400019F953E02520015D4348C0F8B810262020
:10575000015D4148C0F8B4102720005D3E49C1F802
:10576000B0002820015D3C48C0F8BC102920015D34
:10577000394880F8C0102A20015D374880F8C110F0
:105780002B20015D344880F8C21090F8C21090F8C8
:10579000C100314A92F8C020CDE9002002912E4884
:1057A00090F8B83090F8B42090F8B01007F096F860
:1057B0001CE02520005D28B92620005D012801D1CC
:1057C0000020207012E000260DE0701C04F124017E
:1057D000085CFF2806D0701C0B461A5CF1B2244806
:1057E0000BF078FB761C0A2EEFDB00BF00BF2078A1
:1057F000002871D1052F6FD1134809F035FD61697B
:10580000401A42F6F821884266D9102210493931EF
:10581000201DFAF702FF104890F87E000E285BD09A
:1058200000202BE0002600250AE0211D495D114AD9
:1058300002EB0012525D914200D00126691CCDB2EC
:10584000082DF2DBC6B91BE0C01B00209817002012
:1058500098470020441D002060430020D41E0020F3
:10586000E21E0020EC200020FC03002055AA1600B8
:10587000E823002010800008411CC8B21028D1DBAA
:105880007EB900250BE005F10800211D085C2149C7
:105890002944097A884200D00126681CC5B2082D27
:1058A000F1DB012E09D11C4809F0DEFC606100200B
:1058B00060701A4806F08AFA0DE00120207000207E
:1058C000A07000BF05E0012204F13C010A54411C14
:1058D000C8B21428F7DB00BF002616E004F13C0034
:1058E000805D88B10C4809F0BFFC0D490968401A79
:1058F000322809D9207838B1002104F13C008155C3
:10590000F1B22046FFF7AEF9761C142EE6DB00BF9D
:10591000C7E5000000800008C01B00206043002095
:10592000941700202DE9F04FC9B082460F46FCF7CE
:10593000A7FA00BF4C48006800F480300028F9D175
:105940004948D0F80090B9F1000F02D04846FCF762
:10595000DFF9002637E04FF0010B4FF000080CE0B4
:10596000424800EB061010F80800FF2801D04FF065
:10597000000B08F1010000F0FF08B8F1100FEFDB99
:10598000BBF1010F1DD1002414E03D5D601C385CAB
:1059900005EB0025A01C385C05EB0045E01C385CDD
:1059A00005EB0065314901EB061108192946FCF7A2
:1059B00039FA241D082CE8D3FCF718FA49B0BDE8E1
:1059C000F08F701CC6B2102EC5DB002405E02748FE
:1059D0002038205C01A90855641CB4F5907FF6D3EB
:1059E000224920395046FFF72DFC02210090FCF798
:1059F00095F900BF1C48006800F480300028F9D1F8
:105A0000202405E001A904F11000085C0855641C7D
:105A1000B4F5887FF6D3002405E0395D04F588707D
:105A200001AA1154641C082CF7D3002415E001A826
:105A3000055D601C01A9085C05EB0025A01C085C45
:105A400005EB0045E01C085C05EB006507492039C3
:105A500060182946FCF7E6F9241DB4F5907FE6D3DB
:105A6000FCF7C4F900BFA9E70C3C02402080000805
:105A70002DE9F047C8B0814651480078FF287DD114
:105A80004F484078FF28FAD1FCF7FAF900BF4D489B
:105A9000006800F480300028F9D14A48D0F800802E
:105AA000B8F1000F02D04046FCF732F9002404E0C0
:105AB0004348205C0DF80400641CB4F5907FF7D3D4
:105AC0003F494846FFF7BEFB82460221FCF726F914
:105AD0003C48D0F80080B8F1000F02D04046FCF7F7
:105AE00017F900BF3748006800F480300028F9D16A
:105AF00041208DF8000042208DF8010020208DF813
:105B000002008DF803008DF80400002418E0002541
:105B100000260BE006EB44012B4810F8110000F0C2
:105B20000F0005432807050E701CC6B2022EF1DBDC
:105B300005F1200000F03F05601D0DF80050641CC9
:105B4000032CE4D3002415E0002500260BE006EB2F
:105B500044011D4810F8110000F003000543A80699
:105B6000050E701CC6B2042EF1DB04F110000DF816
:105B70000050641C082CE7D3002417E01CE01DF83B
:105B80000470601C1DF8000007EB0027A01C1DF826
:105B9000000007EB0047E01C1DF8000007EB006762
:105BA000074960183946FCF73DF9241DB4F5907F8C
:105BB000E5D3FCF71BF900BF48B0BDE8F087000053
:105BC000008000080C3C0240641C00202DE9F041DC
:105BD0008046002407E01D482044007AFF2801D0B9
:105BE000BDE8F081641C082CF5D3FCF749F900BF2F
:105BF0001748006800F480300028F9D1144807687D
:105C000017B13846FCF784F8002419E00025002677
:105C10000CE004EB440006EB40010E4810F81100C4
:105C200000F0010005436D00701CC6B2202EF0DBB1
:105C30000649083101EB84002946FCF7F3F8641C9F
:105C4000022CE3D3FCF7D2F800BFC9E700800008BC
:105C50000C3C0240641C002070B586B005460C4622
:105C6000052C01DB06B070BD1148005DF0B1652365
:105C7000104A0621284600F04DF80646FF20029003
:105C800003900490014605900948401D005D4006C0
:105C9000000ECDE9000106487A30005D40F0FC03BB
:105CA000601CC2B23146044809F0A8FC00BFD9E725
:105CB000441D0020E4FF01003824002030B587B0E7
:105CC00004466523104A0621204600F023F80546C5
:105CD0000E4890F893000D4991F892100B4A92F8F3
:105CE00091200A4B93F89030CDE90232CDE90410AF
:105CF000FF2000900346A62229460190044809F09F
:105D00007DFC07B030BD000065EF0100604300205E
:105D10003824002030B50446C2F3100043EA0020C6
:105D200001F0070540EA856030BD000030B587B05E
:105D300004466523104A06212046FFF7EBFF05467F
:105D40000E4890F88F000D4991F88E100B4A92F88A
:105D50008D200A4B93F88C30CDE90232CDE9041046
:105D6000FF2000900346A52229460190044809F02F
:105D700045FC07B030BD000065EF01006043002026
:105D80003824002030B587B0044665230E4A06212A
:105D90002046FFF7BFFF0546FF220C4800790B495C
:105DA000C978CDE903020948059202918078074934
:105DB0004978CDE9001005480378AA22294604480D
:105DC00009F01CFC07B030BD65EF0100441D002048
:105DD000382400202DE9F04186B004463348C078CD
:105DE00000EBC0013148001D00EBC100406B3C21BD
:105DF000B0FBF1F0C0F307452C48C07800EBC001C0
:105E00002A48001D00EBC100406B3C21B0FBF1F0C3
:105E1000C0F307262548C07800EBC0012348001DC9
:105E200000EBC100406B3C21B0FBF1F0C7B2652331
:105E30001F4A06212046FFF76DFF80461B48C078A9
:105E400000EBC0011948001D00EBC10090F82D00C7
:105E50001649C97801EBC1021449091D01EBC201C1
:105E600091F82C10114AD27802EBC2030F4A121D8E
:105E700002EBC30292F82B200C4BDB7803EBC30C34
:105E80000A4B1B1D03EBCC0393F82A30CDE90065C8
:105E9000CDE90232CDE904103B46A4224146054833
:105EA00009F0ACFB06B0BDE8F0810000F01E002058
:105EB00065EF0100382400202DE9F04186B0064648
:105EC0001D484078402141EA80001B49897840EA1A
:105ED0000110C7B21848B0F9040000F211104FF6D3
:105EE000FF7101EA40141448B0F9060000F21110E5
:105EF00001EA40156523114A06213046FFF70AFFE3
:105F00008046FF230C48807A00EB80004006000E9C
:105F10002912EAB2CDE90403CDE902212012E1B24F
:105F20003B460122CDE900104146054809F066FBD9
:105F300006B0BDE8F0810000D41E0020FCFE010088
:105F4000382400202DE9F04186B006460C46092C85
:105F500002DD06B0BDE8F081052C25D14149086D70
:105F6000414911F035FC80464FF0844111F0FCFDB1
:105F7000074611F079FD85B265233C4A062130467B
:105F8000FFF7C8FE0746FF200290039004900146E9
:105F900005902812EBB2CDE90001601CC2B239466F
:105FA000334809F02BFB00BF052C2ADA3148005D8D
:105FB00038B32C49343151F824002B4911F008FC36
:105FC00080464FF0844111F0CFFD074611F04CFDA3
:105FD00085B26523254A06213046FFF79BFE07461A
:105FE000FF20029003900490014605902812EBB226
:105FF000CDE90001601CC2B239461D4809F0FEFA25
:1060000000BF052C2BDD1C48007840B3A11F1A4AA5
:10601000103252F82100144911F0DAFB80464FF09B
:10602000844111F0A1FD074611F01EFD85B26523E4
:106030000E4A06213046FFF76DFE0746FF2002900C
:1060400003900490014605902812EBB2CDE90001BF
:10605000601CC2B23946064809F0D0FA00BF00BF42
:1060600077E70000101C0020008088439CFF01009F
:1060700038240020441D0020A4230020F0B587B060
:1060800006464FF0FF341E48007810B11D48D0F886
:10609000A8401D4801F064FC1C4991F8741009B136
:1060A000012100E0002141EA8000C0B240F0F0058B
:1060B0006523174A06213046FFF72CFE0746FF23CB
:1060C000C4F30740C4F30721E2B2CDE90403CDE9EC
:1060D00002210E4890F8E6000E49C97801EBC10292
:1060E0000C49091D01EBC20191F83C102B46A92275
:1060F000CDE900103946084809F080FA07B0F0BD34
:10610000E21E002060430020301E0020101C0020F2
:1061100065EF0100F01E00203824002030B587B064
:1061200004466523154A06212046FFF7F3FD054680
:10613000FF231348B0F84C00C0F30720104991F832
:106140004C100F4AB2F84020C2F30722CDE90403F5
:10615000CDE902210A4890F840000949898FC1F32E
:106160000721CDE90010064890F83C30A2222946CC
:10617000044809F043FA07B030BD000065EF0100A4
:10618000301E00203824002030B587B00446652337
:10619000154A06212046FFF7BDFD0546FF2313489B
:1061A000B0F85800C0F30720104991F858100F4A72
:1061B000B2F85420C2F30722CDE90403CDE902214D
:1061C0000A4890F854000949B1F85010C1F307216A
:1061D000CDE90010054890F85030A3222946044824
:1061E00009F00CFA07B030BD65EF0100301E002049
:1061F0003824002030B587B004466523104A0621B4
:106200002046FFF787FD0546FF200290039004908B
:1062100005900C48D0F8A400C0F307400949B1F834
:10622000A410C1F30721CDE90010064890F8A4306E
:10623000A1222946044809F0E1F907B030BD000069
:1062400065EF010060430020382400202DE9F04173
:1062500086B007460C46052C02DB06B0BDE8F0818F
:1062600040251D48005D012801D145F002051A486E
:10627000005D022801D145F0040517481438005D7F
:1062800038B3214614481438FEF7D8F800F211103C
:106290004FF6FF7101EA40166523104A0621384681
:1062A000FFF738FD8046FF213012CDE9020104914D
:1062B000F0B2059108490F39095D4906090ECDE98B
:1062C0000010601CC2B22B464146054809F096F901
:1062D00000BF00BFC1E70000581D0020E2FF010021
:1062E00038240020F0B587B005460C46052C01DBAC
:1062F00007B0F0BD1248005D00B30026114806F05B
:1063000049FB00B101260F48C07800B1FA26652389
:106310000D4A06212846FFF7FDFC0746FF200290A4
:106320000390049003210590CDE90010601CC2B2D7
:1063300033463946054809F061F900BF00BFD7E789
:10634000441D002060430020FAFE01003824002094
:106350002DE9F04387B00746234800782249497861
:1063600040EA410000F0FF08C324204801F01AFB76
:1063700000F211104FF6FF7101EA40151C48B0F908
:10638000480000F2111001EA40161A48C07800EBEC
:10639000C0011848001D00EBC10090F83C0008B196
:1063A00044F00404114801F0DBFA44EA0010C4B2DE
:1063B0006523114A06213846FFF7ACFC8146FF22CF
:1063C0003012F1B2CDE90442CDE902102812E9B24F
:1063D00043460122CDE900104946084809F00EF96C
:1063E00007B0BDE8F083000060430020301E0020AD
:1063F000101C0020F01E0020F7FF010038240020B0
:10640000F0B587B006461448007810B112484478B9
:1064100000E00F24114890F8B30004EB001010497D
:1064200091F8941000EB8110C5B265230D4A062146
:106430003046FFF76FFC0746FF2002900390049060
:106440000590034601223946CDE90050064809F07F
:10645000D5F807B0F0BD0000E21E0020101C00209F
:10646000301E002099FE01003824002030B587B08E
:10647000044665231E4A06212046FFF74BFC0546CD
:106480001C4890F836004006000E1A4991F8351065
:106490004906090E174A92F834205206120E154B7F
:1064A00093F833305B061B0ECDE90232CDE90410C0
:1064B000104890F832004006000E0F49C97801EBF1
:1064C000C1020D49091D01EBC20191F824102831C8
:1064D000C9B2CDE90010094890F848002830C3B28D
:1064E000A0222946064809F089F807B030BD00000F
:1064F00065EF0100441D0020F01E0020101C00204C
:10650000382400202DE9F14F8EB0FF200B900A9027
:1065100009900020089000BF05E03349095C09B1EB
:1065200001210891401C0528F7DB304890F89F02B4
:1065300008B9012000E000200D902D48C07800EB44
:10654000C0012B48001D00EBC10090F83C0028B9A9
:10655000284801F005FA08B9089808B1012000E0C0
:1065600000200C900025214890F89F0208B10124DA
:1065700000E00024FF274FF07F084FF001091B487F
:1065800090F89F0220B1194800780B9001200A90E2
:1065900065264FF0FF0AD3466523174A06210E9859
:1065A000FFF7B8FB079048EAC910C0B2099901F09B
:1065B000070147EA4111CDE904ABCDE90210DDE95D
:1065C0000A10CDE90001DDE90C1040EA810040EA43
:1065D000051040EA8410C2B233460848079909F012
:1065E0000DF80FB0BDE8F08F4E1D0020EC2000200C
:1065F000F01E0020301E0020CAFE010038240020BA
:1066000070B586B005466523134A06212846FFF774
:1066100081FB0646FF2211480489E01704EB106055
:10662000C0F307200D49097ACDE903020B48059212
:10663000029180792830C0B2094991F87C10CDE9E7
:106640000010074890F86230A8223146054808F04B
:10665000D5FF06B070BD000065EF0100E21E00200E
:1066600060430020382400202DE9F04F87B0824697
:106670000C461546052C02DB07B0BDE8F08F022D55
:1066800000DDF9E74FF000092248005D00283ED008
:1066900015B1012D14D109E01E48283030F91490AD
:1066A0001D4890F8C56090F8C6700FE019481E307C
:1066B00030F91490184890F8C36090F8C47005E061
:1066C000FA25FF26FF274FF00A0900BF00BF09F295
:1066D00011104FF6FF7101EA401865230F4A062199
:1066E0005046FFF717FB8346FF224FEA282008F0A9
:1066F000FF01CDE90302601CCDE90067059202911C
:10670000C2B22B465946064808F078FF00BF00BFCA
:10671000B2E70000441D002060430020F7FE0100A6
:1067200038240020F0B587B006460C461546052CE7
:1067300001DB07B0F0BD022D00DDFAE7022D00D12C
:10674000FA250E48005DB0B165230D4A062130469A
:10675000FFF7E0FA0746FF200290039004900590AF
:1067600015205521CDE90010601CC2B22B463946D8
:10677000044808F043FF00BFDBE70000441D002091
:10678000F6FE010038240020F0B587B005460C461F
:10679000072C01DD07B0F0BD00260F48065D593813
:1067A000005D00B1052665230C4A06212846FFF747
:1067B000B1FA0746FF2002900390049005900090E4
:1067C000019006F1F000C3B2601CC2B23946044821
:1067D00008F014FF00BFDDE7BC1E002097FE01009B
:1067E0003824002070B588B006460025002003E05C
:1067F000FF2106AA1154401C0728F9DB002412E0EF
:10680000E1B21C4809F0BEF848B1E1B2194809F0FC
:10681000B9F8C2B22846691CCDB206A90A54062DA1
:1068200000DD05E0641C134809F022FAA042E7DC11
:106830006523114A06213046FFF76CFA04469DF89D
:106840001E009DF81D109DF81C209DF81B30CDE901
:106850000232CDE904109DF81A009DF81910CDE917
:1068600000109DF8183080222146044808F0C6FE2A
:1068700008B070BDEC20002065EF01003824002036
:1068800000210170704770B506460C46154630462B
:1068900000F006F829462046FBF7C4FA70BD000058
:1068A00070B5054600BF0648006800F48030002837
:1068B000F9D10348046814B12046FBF729FA70BDEA
:1068C0000C3C024070B505460C46FBF7D9FA284649
:1068D000FFF7E6FF02212046FBF720FAFBF786FAD6
:1068E000FBF7E0FA70BD02460868704700210170AE
:1068F000704700002DE9F047814688461746344826
:106900000FF094FA08B9BDE8F087324800883149A1
:106910004988884203D100202E49088048802D48AC
:106920000088642800DBEEE72A4805880DB90024BA
:1069300009E0681E2749091D31F81020C83131F8D7
:106940001000104484B2E019B0F5806F33DA2148AA
:10695000001D20F81540B81C81B21E48CC3020F82C
:106960001510002698F80200801C88F8020000BF6D
:1069700006E018F80610A21917488154701C86B258
:10698000BE42F6DBFB1E0322414614480AF071FAB0
:1069900012480AF051FAA2190F4988540F480AF018
:1069A00047FAA119491C0C4A50540A480088401C57
:1069B0000849088000BF0A4890F8130528B999F8DB
:1069C000100510B9064800F0ABF900BF9BE70000C6
:1069D00058440020CC4100209C3900206405002050
:1069E0009C38002010B586B0044601218804FBF7CE
:1069F00077FD01210420FBF763FD6846FBF712FBDE
:106A00004FF48060009002208DF805008DF804009E
:106A100069462948FBF78EFA6846FBF703FB4FF4FB
:106A20000060009002208DF805008DF80400694692
:106A30002148FBF77FFA07220A211F48FBF7C2FA19
:106A400007220B211C48FBF7BDFA02A8FCF7B5FA98
:106A50001A48D0F80C0502900020ADF80C00ADF8F3
:106A60000E00ADF810000C20ADF812000020ADF8BB
:106A7000140002A91248FCF72DFA012240F2255118
:106A80000F48FCF702FA272000F01F020121914075
:106A90004209920002F1E022C2F8001100BF012178
:106AA0000748FCF7BCF9002084F8100505480DF0F4
:106AB00081FB06B010BD0000000802409C38002099
:106AC0000048004058440020052900DA0521024A08
:106AD000A2F81415704700009C3800200021074AD6
:106AE000118051800121064A82F812150021A0F878
:106AF0002019A0F81E19A0F824197047CC410020D5
:106B00009C38002090F82E1991B9B0F82619FA296E
:106B100004DAB0F82619491CA0F82619B0F826198D
:106B20000A2905D1012180F82E190021A0F8261983
:106B30000B49B1F80415491C094AA2F8041511467D
:106B4000B1F80415B1F5FA6F09DD012182F81115CC
:106B50000021044A82F88610014AA2F80415704701
:106B60009C3800206043002070B50446B4F8280922
:106B7000401CA4F82809B4F82809B4F82A19884256
:106B80000EDA13484188001D30F81150B4F8280976
:106B9000421904F58070815C0E48FCF70AFA15E092
:106BA000002240F226610B48FCF76FF90848408844
:106BB000401C07494880084808F056FBC4F81805EF
:106BC000012084F81305002084F8100570BD000032
:106BD000CC41002000480040C01B002070B5044696
:106BE00094F8130500B970BD002594F808058328B2
:106BF00009D194F8090530B10125002084F81C055D
:106C000084F81D0547E094F80805822809D194F816
:106C1000120530B10125002084F81C0584F81D05FB
:106C200039E0244808F020FBD4F81815401AB4F8CD
:106C3000141588422FD31F4808F016FBC4F8180516
:106C400094F81C05401C84F81C0594F81C050328C6
:106C50000EDC19484088002806DD17484088401E91
:106C600015494880012516E0002084F8130512E03C
:106C7000002084F81C0594F81D05401C84F81D05AF
:106C800094F81D05032805DD002084F81D0584F80F
:106C9000130500E001255DB1002084F813050648C6
:106CA000408805490988884202DA204600F038F811
:106CB00000BF98E7C01B0020CC41002010B50A4659
:106CC000B0F81E4900F21E531A55B0F81E395B1C6D
:106CD000A0F81E39B0F81E39B3F5806F02DB00232F
:106CE000A0F81E390023A0F82639B0F81E1990F834
:106CF0001235A3B9B0F81E39052B10DDCB1E00F2FA
:106D00001E54E35C822B0AD18B1EE35C4F2B06D111
:106D10004B1EE35C4B2B02D1012380F8123510BDD2
:106D200070B50446012084F8100525484188CC3010
:106D300030F81100F52805DDF52121484288CC30D6
:106D400020F812101E484188CC3030F81100A4F809
:106D50002A090020A4F8280919484188001D30F8A4
:106D6000115004F58070415D1648FCF722F90122AC
:106D700040F226611348FCF788F804F58070E91C9E
:106D8000405C114981F80805084690F808058228FA
:106D900003D1002081F8120511E001200A4981F891
:106DA000120504F58070691D425C291D405C02EBF0
:106DB00000200549A1F80605002081F8090570BDED
:106DC000CC410020004800409C3800202DE9F041D3
:106DD000044694F8020508B1BDE8F0816DE0B4F80E
:106DE000201904F21E50455CB4F82009401E04F23C
:106DF0001E51085C05EB002086B2B4F82009401C47
:106E0000A4F82009B4F82009B0F5806F02DB002057
:106E1000A4F8200994F82E09D8BBB4F82409255405
:106E2000B4F8240908B9A4F82259B4F82409B4F82C
:106E3000221988422EDB012084F82E09B4F820099B
:106E4000401E04F21E510A5CB4F82009801E085C42
:106E500002EB002087B2B4F82029B4F82209121AF4
:106E600008461118B4F82209831E002217480AF0B8
:106E700000F8164809F0D3FF8046B84508D1012034
:106E800084F8020500201249A1F8040581F81105D3
:106E900019E005E0B4F82409401CA4F824090CE02A
:106EA00045F6A520864208D1002084F82E09A4F8D2
:106EB00024094FF48070A4F82209B4F82009B4F82A
:106EC0001E1988428BD100BF00BF85E760050020F6
:106ED0009C38002010B504461348007800F00100EB
:106EE00058B911480EF0BFFF38B1104808F0BCF98E
:106EF0000F4908600C48AFF300800C4808F0B4F963
:106F00000B490968401A052807D3084808F0ACF96E
:106F1000074908602046FFF7F5FD2046FFF75EFEB3
:106F20002046FFF753FF10BDF8040020C01B0020CF
:106F3000FC04002010B504464FF413612046F9F715
:106F40001CFC00200B490880488001200A4981F878
:106F50001205002081F81105A1F80405A1F8060525
:106F60001420A1F814054FF4E130C1F80C052046B7
:106F700010BD0000CC4100209C38002010B5044614
:106F8000E27A0F4951F8220010F052FD00B2A080C1
:106F9000B4F90400B4F90610884202DB0020A070A6
:106FA0006070B4F90400B4F90610884203DA60781E
:106FB00008B10120A070607808B90020A07010BD51
:106FC000FC1C002070B50546002408E004EBC40258
:106FD000291D01EBC20006F07BFA601CC4B2072C2D
:106FE000F4DB70BD0246172902D14FF08140704793
:106FF0001B2901D10A48FAE7222901D10948F6E7FD
:10700000232902D14FF08140F1E72B2901D1044817
:10701000EDE72C2902D14FF08140E8E70020E6E7B8
:10702000CDCC8C409A99D94010B50146002007E09C
:10703000012300EBC0040A1D02EBC4029370401C44
:107040000728F5DB10BD70B504460026002511E0C9
:1070500005EBC501201D00EBC10090F8440040B1D4
:1070600005EBC502211D01EBC20006F041FA701CC0
:10707000C6B26D1C072DEBDBA67070BD10B50446C3
:10708000072348220549201D0EF0DBFE041F4FF4A4
:10709000FE712046F9F771FB204610BDC5D50208E8
:1070A0002DE9F05F81468A461546681C08B9BDE89F
:1070B000F09F5146484600F091F8044604B9F6E7BF
:1070C000284610F0F1FC8346E16910F04DFD804642
:1070D000216A10F07DFB06460021304610F010FEBC
:1070E00002D84FF07C5001E04FF03F4083465946B4
:1070F000304610F06DFB804610F09AFC07463A4689
:107100002146484600F022F900BFD0E72DE9F047BC
:10711000074688464146384600F060F804461CB9E8
:107120004FF0FF30BDE8F0872146384600F089F97E
:10713000824610F0B9FC8146216A10F01DFE064619
:10714000E16910F0B3FB05460021284610F0D8FD98
:1071500002D84FF07C5001E04FF03F408146494655
:10716000284610F035FB064610F062FCDAE7000016
:107170002DE9F047804600252AE005EBC5001649B9
:1071800001EB8004206910F08FFC8246E16910F069
:10719000EBFC0746216A10F01BFB814600214846A4
:1071A00010F0AEFD02D84FF07C5001E04FF03F40B0
:1071B00082465146484610F00BFB074610F038FC5B
:1071C000064632462146404600F0C0F8681C85B2AB
:1071D000812DD2DBBDE8F0876C05002010B5034699
:1071E0000A4600210DE001EBC100084C34F82000F4
:1071F000904204D101EBC10004EB800010BD481C9B
:1072000081B28129EFDB0020F8E700006C05002047
:107210002DE9F05F0446294808F026F82061284946
:10722000E068884202D9204600F09CF9204600F030
:10723000A7F900262FE006EBC600224901EB8005E6
:107240002946204600F0FDF88246504610F02CFCFE
:107250008346296A10F090FD8046E96910F026FB0C
:1072600081460021484610F04BFD02D84FF07C507B
:1072700001E04FF03F4083465946484610F0A8FAD7
:10728000804610F0D5FB074629883A46204600F094
:1072900021F9701C86B2812ECDDB204600F05CF90E
:1072A000064807F0E1FF2169401A6061D4E9050151
:1072B000884201D96069A061BDE8F09FC01B002031
:1072C000E8FB00086C0500202DE9F05F8146484688
:1072D000FFF74EFF002532E005EBC5001A4901EB30
:1072E00080042188484600F0D9F80646701C20B377
:1072F000304610F0D9FB8346E16910F035FC80463A
:10730000216A10F065FA82460021504610F0F8FC20
:1073100002D84FF07C5001E04FF03F408346594681
:10732000504610F055FA804610F082FB07463A4668
:107330002146484600F00AF800BF681C85B2812D3E
:10734000CADBBDE8F09F00006C0500202DE9F05F6E
:1073500082460C461546E06808B9BDE8F09F00BFBC
:10736000606910F0A1FB8346E16910F0FDFB8046E7
:10737000216A10F02DFA81460021484610F0C0FC29
:1073800002D84FF07C5001E04FF03F408346594611
:10739000484610F01DFA804610F04AFB064600BF32
:1073A000A06910F081FB8346E16910F0DDFB8046A7
:1073B000216A10F00DFA81460021484610F0A0FC29
:1073C00002D84FF07C5001E04FF03F4083465946D1
:1073D000484610F0FDF9804610F02AFB0746B542FA
:1073E00000DA3546BD4200DD3D46207A062825D22A
:1073F000DFE800F003060A0D1017E1680D701DE0CC
:1074000028B2E168088019E0E1680D8016E0E068C4
:10741000056013E00DB1012000E00020E168087074
:107420000CE03C2095FBF0F0E16808703C2095FBF7
:10743000F0F100FB1150E168487000BF00BF00BFD1
:107440008BE70246C86808B900207047087A06280A
:1074500021D2DFE800F003060A0D1017C868007893
:10746000F3E7C868B0F90000EFE7C8680088ECE708
:10747000C8680068E9E7C868007808B10120E4E757
:107480000020E2E7C8684078CB681B78C3EB0313A1
:1074900000EB8300D9E70020D7E7000070B5054670
:1074A0000E46EC680BE021460848FFF71CFAB04294
:1074B00004D1211D0548FFF716FA70BD083C0448A9
:1074C0008442F0D24FF0FF30F7E70000680500205B
:1074D00000C0000870B504460D4616460C49E06829
:1074E000884213D30B49E06888420FD82A460A48DD
:1074F000E168FFF7C8F9E068001DE0603246064821
:10750000E168FFF7C0F9E068001DE06070BD0000B1
:1075100000C00008E8FF00086805002070B50546B7
:107520000A4C0BE021460A48FFF7DDF9401C20B960
:10753000EC602846FFF7C8FE70BD08340548844259
:10754000F0D3284600F00EF800BFF5E700C00008B1
:1075500068050020F0FF000810B50446FAF746FC65
:1075600010BD000010B5044618210348FFF7AAF922
:107570000248E06010BD00006805002000C000085F
:1075800010B50446FAF77CFC0148FFF789F910BDF5
:107590006805002010B504461C212046F9F7EDF8D7
:1075A000204610BD10B50446204600F0D9F910B1B0
:1075B00004480CF07AF900224FF480710248FAF77F
:1075C0003EFD10BD901700200008024010B5044693
:1075D00004F180000021C160016130212438F9F7F5
:1075E000CCF8204600F052FA0020844981F8B5001A
:1075F00081F8B40081F8B60081F8B70000BF43E01D
:107600007E493F31095C19B17C494431095C31B98B
:107610007A49095C19B10121784A82F8B610774994
:107620003F31095C012904D074494431095C0129C6
:1076300006D17249095C19B10121704A82F8B7106C
:107640006E493F31095C022904D06C494431095C20
:10765000022906D16949095C19B10121674A82F8FA
:10766000B41066493F31095C032904D063494431B1
:10767000095C032906D16149095C19B101215F4AFE
:1076800082F8B510411CC8B20528B9DB5C48007A05
:10769000022803D05B48807A022803D10120574991
:1076A00081F8B4005648007A032803D05548807A00
:1076B000032803D10120514981F8B5004F48C07813
:1076C00018B14E4890F8B50030B94C48007938B13F
:1076D0004A4890F8B40018B1012084F8A10002E0F3
:1076E000002084F8A100002008E004F133010A5CC6
:1076F00000EB4003293101F81320401C0828F4DB7B
:10770000002021E03D49095CE9B13C493731095C81
:10771000C9B1012239493F31095C01EB410304F150
:107720005C0101EB43014A7034494431095C08298A
:1077300009DA32494431095C01EB410304F15C018F
:1077400001EB43014A70401C0528DBDB2C488078A4
:1077500048B101212A48007A00EB400204F15C00A4
:1077600000EB420081702748807848B1012125480C
:10777000807A00EB400204F15C0000EB4200C17033
:107780002048807828B11F48C07810B1012184F8C2
:1077900077101D4890F8740010B1012184F878101A
:1077A0001A4800F0DDF828B11948007810B101211D
:1077B00084F87910002011E000210CE000EB400378
:1077C00004F15C0202EB4302525C1AB1012304F1A2
:1077D0008C021354491C0629F0DB401C0828EBDB03
:1077E00094F88C204FF480610A48FAF728FC8D2029
:1077F000025D80210848FAF722FC10BD441D0020DC
:10780000D41E0020E21E0020101C0020301E00208C
:10781000F01E00200004024000080240054991F8D3
:10782000901019B9034991F8921011B10021024A40
:1078300011707047101C00206043002010B50446F2
:1078400094F8320030B10020414948702046FFF7DB
:10785000A9FE10BD3E48407830B93D48C07818B9FF
:107860002046FFF79FFEF4E73A48C07800EBC001DE
:107870003848001D10F83100F0B9374890F8B300CF
:10788000D0B9354890F8B500B0B9334890F8B60093
:1078900090B9314890F8900070B92F4890F8920054
:1078A00050B92C48C07800EBC0012A48001D00EBFD
:1078B000C10090F8450018B1002025494870C8E77C
:1078C000254890F8900018B9234890F8920018B114
:1078D00000201F494870BCE7204800F0B3F81E495B
:1078E000B1F9481088420EDD1C4800F0ABF8194988
:1078F000C97801EBC1021749091D01EBC201B1F9B9
:107900002410884203DC2046FFF74CFEA1E7124812
:1079100090F8740010B994F8960058B10E48B0F978
:1079200048000E49B1F9041088420EDA204600F0F2
:1079300025F90AE0094800F079F80749B1F948103B
:10794000884202DD204600F019F900BF81E70000FF
:1079500060430020F01E0020101C0020301E00207C
:1079600010B504464FF480710348FAF74EFB012826
:1079700000D110BD0020FCE70008024010B504460D
:107980000748C07810B1B4F9280010BD044805F0CC
:1079900001F810B1B4F90E00F7E7B4F91000F4E7FC
:1079A0006043002001460448C07810B1B1F92600B8
:1079B0007047B1F90C00FBE7604300200146044822
:1079C000C07810B1B1F908007047B1F90800FBE7C1
:1079D0006043002001460448C07810B1B1F90600A8
:1079E0007047B1F90600FBE76043002010B504467C
:1079F0000748C07810B1B4F9280010BD044804F05D
:107A0000C9FF10B1B4F91C00F7E7B4F91E00F4E7A0
:107A10006043002001460448C07810B1B1F9260047
:107A20007047B1F91A00FBE76043002001460448A3
:107A3000C07810B1B1F924007047B1F90200FBE73A
:107A40006043002001460448C07810B1B1F922001B
:107A50007047B1F90000FBE760430020014604488D
:107A6000C07810B1B1F908007047B1F91600FBE712
:107A70006043002001460448C07810B1B1F9060007
:107A80007047B1F91400FBE76043002010B50446CD
:107A9000184807F0E9FB18490968401AB0F57A7FE1
:107AA00026D91548006800F57A701349086000204F
:107AB0001CE004F13C0151F82010B1B104F13C018B
:107AC00051F82010012907D1002204F133010A5492
:107AD000093141F8202008E004F13C0151F8201060
:107AE000491E04F13C0242F82010401C0828E0DB4B
:107AF00010BD0000C01B00207404002010B5044617
:107B00001A4807F0B1FB1A490968401AB0F57A7FA4
:107B100022D3164807F0A8FB154908601548D0F88D
:107B20008800401C1349C1F888002046FFF718FF61
:107B300020B111480068401C0F490860D4F8980033
:107B400050B154F8980F401E206054F8980901284D
:107B500002D1002084F896002046FFF76FFE2046F1
:107B6000FFF75CFE2046FFF731FD10BDC01B002073
:107B700070040020604300209017002010B50446D8
:107B8000012211020148FAF75AFA10BD000802401A
:107B900010B50446A4212046F8F7EFFD204610BD9D
:107BA00070B503460020642491FBF4F4303414547F
:107BB000145C302C01D0441CE0B2642491FBF4F539
:107BC00004FB1514E1B20A2491FBF4F4303414548C
:107BD000145C302C01D1002801DD441CE0B20A24E1
:107BE00091FBF4F504FB1514E1B201F13004E6B2A7
:107BF0000446451CE8B2165570BD00002DE9F04161
:107C000005460C465648005D032801D1012000E0DE
:107C1000002006465248005D00F0010008B9BDE8AA
:107C2000F0814F4890F84900A04201D0052C00DBBC
:107C3000F5E74B481E3030F81400800002B241F2E4
:107C40000501284604F08AFE4548283030F8140023
:107C5000800002B241F20601284604F07FFE40484F
:107C60001430005D06EB4601421841F2C601284679
:107C700004F074FE05F14C0030F81400012815D111
:107C800005F11A0030F8140002B241F2260128462C
:107C900004F064FEA81D30F8140002B205F14200A1
:107CA00030F81410284604F059FE32E005F14C007B
:107CB00030F81400022816D105F1380030F814000D
:107CC00002B241F22601284604F048FE05F12E00DA
:107CD00030F8140002B205F1420030F814102846C2
:107CE00004F03CFE15E005F1240030F8140002B267
:107CF00041F22601284604F031FE05F1100030F86B
:107D0000140002B205F1420030F81410284604F0C5
:107D100025FE134880F8494090F84900421C41F282
:107D20005001284604F01AFE0D491E3131F91400A5
:107D30000FF0BAFE07463946284601F03DF90849DA
:107D4000283131F914000FF0AFFE074639462846B6
:107D500003F0E6F82146284601F09AF900BF5EE7F5
:107D6000441D00202DE9F04FA5B0044694F878009A
:107D700008B9022000E00120054604A8FCF734FA07
:107D8000822104A8FCF7E6F941F247010190FCF7D3
:107D900012FA029094F87010FCF70DFA83467120E5
:107DA000015D5846FCF707FA82467220015D504695
:107DB000FCF701FA81467320015D4846FCF7FBF9A8
:107DC00080467420015D4046FCF7F5F9039075206C
:107DD000015D0398FCF7EFF907462946FCF7EBF93C
:107DE0000646FCF7A7F925B0BDE8F08F2DE9F0476E
:107DF000A2B082460C4601A8FCF7F6F9822101A840
:107E0000FCF7A8F981468421FCF7D5F980465A2170
:107E1000FCF7C2F907460121FCF7BEF9064621B27C
:107E2000FCF7C9F90546FCF785F922B0BDE8F087F3
:107E300070B50546002429E004EB44011F4810F802
:107E40001100A0B104EB44031C4800EB4300808800
:107E500002B204F58B5081B2284604F07FFD04F590
:107E60008D5081B20022284604F078FD0DE004F523
:107E70008B5081B22122284604F070FD04F58D500C
:107E800081B22122284604F069FD641C0A2CD3DB50
:107E90000B48007830B940F2622242F28201284653
:107EA00003F084F90748007830B940F2622242F2C8
:107EB0009201284603F07AF970BD0000F8230020F3
:107EC000D41E0020E21E002001B5ADF5247D4FF444
:107ED000FA7127A8F8F751FCA49890F886005A2860
:107EE00076D01FDC3C2874D00DDC1E2874D005DC55
:107EF000A0B30A284CD0142849D157E028286AD0CA
:107F00003228F9D1EDE050286FD006DC3E286DD044
:107F100040286CD04628EFD189E1522868D05528F6
:107F2000EAD1BCE17F2872D00EDC782870D006DC64
:107F30005F286ED064286DD06E28DDD1FCE37A28EE
:107F400069D07D28D8D1F6E3813805281FD2DFE833
:107F500010F02C054B0579068B06C806FE48FEF787
:107F600041FDFD48FEF7BAFDA49800F0A4FFFA48D1
:107F7000FEF7B4FD0A21A49880F88610F74807F0B0
:107F800073F9F7490860C821F348FEF79DFD05E342
:107F9000F24807F069F9F2490968401AB0F5966F9E
:107FA00003D91421A49880F88610F0E70020EA494C
:107FB00081F812050121A498FFF718FFE74807F0A0
:107FC00053F9E74908601E21A49880F88610DEE77F
:107FD00093E193E000E01FE0DF4890F8120540B124
:107FE0002821A49880F8861010E02DE108E114E122
:107FF00048E1DA4807F038F9D9490968401AB0F57C
:108000007A7F03D92821A49880F88610BFE7FDE382
:10801000DFE37FE1C3E2E9E31421CF48FEF754FD3B
:108020000021A49880F8E3100121A49880F87E1024
:108030000020C94981F81105269008E00022A49883
:108040007030269942542698401CC0B2269026983B
:108050000628F3DB0021A49880F87F104FF47A7390
:1080600000221146A49800F04BFFFF224FF48051EC
:10807000A49804F073FCFF2241F20101A49804F0DB
:108080006DFC012241F22101A49804F067FC00225A
:1080900041F22201A49804F061FCB248B0F91E003C
:1080A000024641F205012690A49804F057FCAD4821
:1080B000B0F92800024641F206012690A49804F087
:1080C0004DFC012241F22501A49804F047FCA3488D
:1080D00007F0CAF8A24908603221A49880F88610F7
:1080E00055E79E4807F0C0F89D490968401A642882
:1080F00003D93C21A49880F8861048E700202690F8
:1081000071E098492698085C00F0010030BBA49803
:108110004230269930F81100002201462590A4989B
:1081200004F01CFC269800280CDD41F23901269849
:108130000844401E80B2002201462590A49804F015
:108140000DFC05E0002241F20F11A49804F006FC9A
:1081500001222699A49804F0D7F940E02698002837
:1081600010DDA49890F86F00259041F2390126980F
:108170000844401E80B224900146259AA49804F039
:10818000EDFB09E0A49890F86F00024641F20F1150
:108190002590A49804F0E2FB724814302699405CC4
:1081A000022805D1A4982E30269930F8110004E059
:1081B000A4981030269930F8110000B22590A498A8
:1081C0004230269930F8110024900146259AA4984F
:1081D00004F0C4FB00222699A49804F095F926988F
:1081E000401CC0B22690269805288ADB3E21A49820
:1081F00080F88610594807F037F859490860C6E6F4
:10820000564807F031F856490968401A642803D9DE
:108210004021A49880F88610B9E64621A49880F8F9
:1082200086104E4807F020F84D490860AFE64B48ED
:1082300007F01AF84A490968401A642803D95021FE
:10824000A49880F88610A2E60021A49800F096FE7B
:1082500045F2501244A1A49802F07EFF45F230127C
:1082600041A1A49802F078FF41A1A49802F085FFF3
:108270005221A49880F88610384806F0F5FF384956
:10828000086084E6354806F0EFFF35490968401A72
:10829000642803D95521A49880F8861077E63548DC
:1082A000B0F9060001462690A49802F0C5FC3248B9
:1082B000B0F9060001462690A49802F061FD002066
:1082C00026900DE02748AA30269930F91100024681
:1082D0002590A49803F004FB2698401CC0B2269079
:1082E00026980528EEDB5A21A49880F886101B48B2
:1082F00006F0BAFF1A49086049E6184806F0B4FFCC
:1083000017490968401A322803D95F21A49880F8D8
:1083100086103CE6A498B0F8600000B2024641F234
:1083200015012690A49804F019FBA498B0F86600F3
:1083300000B2024641F216012690A49804F00EFB0A
:10834000A49890F86F00024641F231012690A4985B
:1083500004F004FBA49811E09C380020C01B00200E
:1083600000050020441D00202D2E2D2E2D2E2D0029
:1083700020000000D41E0020E21E002090F86F00B4
:1083800001462690A49803F04BFDFE4890F8491052
:108390007A30405CD0B9A49890F86F00024641F260
:1083A00030012690A49804F0D9FAA49890F86F00B0
:1083B000024641F236012690A49804F0CFFA012239
:1083C00041F22A11A49804F0C9FA05E0FF2241F213
:1083D0002A11A49804F0C2FA032241F22301A498BE
:1083E00004F0BCFAE74890F849103230405C02468D
:1083F00041F224012690A49804F0B0FA002242F23F
:108400001D01A49804F0AAFA4FF4AE7242F24201A0
:10841000A49802F0CBFE012241F22901A49804F0B5
:108420009DFA012241F22701A49804F097FAA4983A
:1084300090F86D00024641F233012690A49804F0B2
:108440008DFAA498B0F8620000B2024641F23401FD
:108450002690A49804F082FAA498B0F8620001462D
:108460002690A49802F0D0FCA49890F8C4000A21A9
:1084700090FBF1F1A49890F8C30000EB400001EBF1
:10848000400000B2024641F237012690A49804F061
:1084900065FAA49890F8C6000A2190FBF1F1A4981F
:1084A00090F8C50000EB400001EB400000B202462E
:1084B00041F238012690A49804F050FAA49890F85C
:1084C000C41090F8C30000EBC00202EB001001EBF7
:1084D000800000B2024641F24E012690A49804F0BA
:1084E0003DFAA49890F8C61090F8C50000EBC002C1
:1084F00002EB001001EB800000B2024641F24F0196
:108500002690A49804F02AFAA498808C00B202461F
:1085100041F226012690A49804F020FA0021A498A4
:1085200080F8E210A498B0F8840000B2024641F24C
:108530002D012690A49804F011FAA498B0F88200B6
:1085400000B2024641F22C012690A49804F006FAEB
:10855000002241F25401A49804F000FA002241F2F2
:108560005501A49804F0FAF9002241F25601A498AA
:1085700004F0F4F9A498B0F87C0000B2024641F28D
:1085800044012690A49804F0E9F96421A49880F8A5
:1085900086107D4806F068FE7C490860B1E37A48A1
:1085A00006F062FE79490968401A462872D96E21A0
:1085B000A49880F88610002026904CE071492698F7
:1085C000085C00F0010080B3A4984C30269930F884
:1085D0001100012811D1A498801D269930F81100AE
:1085E00000B22590A498423030F811002490014642
:1085F000259AA49804F0B2F929E0A4984C30269961
:1086000030F81100022811D1A4982E30269930F8A4
:10861000110000B22590A498423030F81100249047
:108620000146259AA49804F099F910E0A498103016
:10863000269930F8110000B22590A498423030F805
:10864000110024900146259AA49804F087F92698F1
:10865000401CC0B2269026980528AFDB052049496A
:1086600081F84900002026900EE046492698085CD3
:1086700000F0010020B12699A498FFF7BFFA06E0A8
:108680002698401CC0B2269026980528EDDB0020D5
:10869000269029E04DE03B492698085C08B9002067
:1086A00000E00220259041F2C80126980844249059
:1086B0000146259AA49804F051F932492698085C9D
:1086C000012801D0002000E00220259041F2D001D5
:1086D0002698084424900146259AA49804F03EF96F
:1086E0002698401CC0B2269026980528D3DB02208D
:1086F00026900FE041F2D50126980844401E80B232
:10870000002201462590A49804F028F92698401CE0
:10871000C0B2269026980328ECDBA498C07840B11C
:10872000A498C078024641F203012690A49804F070
:1087300015F9E6E200E0EAE0134806F095FD13497A
:108740000968401A642843D9A498B0F89C00B0F591
:10875000AF7F01DB002000E00220024641F26C0105
:108760002690A49804F0FAF8A498B0F89C003C2154
:1087700090FBF1F000B2024641F26B012690A49802
:1087800006E00000441D0020C01B00200005002062
:1087900004F0E4F8A49890F884002690A49890F847
:1087A00082004FF47A7325900146269AA49800F02F
:1087B000A7FB7821A49880F88610082245F2701152
:1087C000A49803F0C5FEF94806F04EFDF84908608C
:1087D00097E2F64806F048FDF5490968401A642812
:1087E00003D97A21A49880F886108AE2F1480068BB
:1087F0000068022302464FF4A8412690A49803F093
:1088000093FAEC4800684068022300E08CE00246DE
:1088100045F210412690A49803F086FAE5480068D6
:1088200000690223024645F220412690A49803F0F5
:108830007BFAE048006840690223024645F2304175
:108840002690A49803F070FADA4800688069022341
:10885000024645F290412690A49803F065FAD54867
:108860000068C0690223024645F2A0412690A49800
:1088700003F05AFACF480068406800B202464FF44D
:1088800088512690A49804F069F8CA4800680069E5
:1088900008B1012000E00020024641F201112690BB
:1088A000A49804F05BF8C3480068406908B101204F
:1088B00000E00020024641F202112690A49804F044
:1088C0004DF8BC480068806908B1012000E0002034
:1088D000024641F203112690A49804F03FF8B548EF
:1088E0000068C06908B1012000E00020024641F2A2
:1088F00004112690A49804F031F8AC4806F0B4FCBA
:10890000AB4908607D21A49880F88610F9E1A7485A
:1089100006F0AAFCA6490968401A322803D97F212B
:10892000A49880F88610ECE1A2480068006A02234F
:10893000024645F240412690A49803F0F5F99D487F
:108940000068406A0223024645F250412690A498EE
:1089500003F0EAF997480068806A0223024645F26C
:1089600060412690A49803F0DFF992480068C06A3D
:108970000223024645F270412690A49803F0D4F9F0
:108980008C480068006B022302464FF4A9412690F0
:10899000A49803F0C9F98121A49880F8861083482F
:1089A00006F062FC82490860ABE1804806F05CFC9E
:1089B0007F490968401A322815D97F480088014646
:1089C00026907E48FEF7A2FBA499C1F8F400A49873
:1089D00002F08CFB8221A49880F88610734806F080
:1089E00043FC734908608CE172480068808E012363
:1089F000024645F2A0210690A49803F095F96D482F
:108A00000068C08E0123024645F2B0210690A4986A
:108A100003F08AF967480068008F0123024645F297
:108A2000C0210690A49803F07FF962480068408F47
:108A30000123024645F2D0210690A49803F074F970
:108A40005C480068808F0123024645F2E0210690D1
:108A5000A49803F069F95A4890F8F90020B159A197
:108A600027A8F7F7CEFD03E058A127A8F7F7C9FD1F
:108A700050480068D0F8D00000904E480068D0F808
:108A8000F00006904B48006880680590024651A1AE
:108A900007A8069BF7F714FC07A927A8F7F7B1FD6D
:108AA00044480068D0F86C0442490968D1F844147D
:108AB000404A1268D2F828243E4B1B68D3F824346D
:108AC000CDE90032CDE902103A480068D0F8200420
:108AD000069038480068D0F81C040590024645A16D
:108AE00007A8069BF7F7ECFB07A927A8F7F789FD6E
:108AF00030480068D0F8D0042E490968D1F8CC2459
:108B00002C490968D1F8C8142A4B1B68D3F8C4341F
:108B1000CDE90031CDE9022026480068D0F8B00444
:108B2000069024480068D0F870040590024636A1EB
:108B300007A8069BF7F7C4FB07A927A8F7F761FD6D
:108B40001C480068D0F820251A480068D0F81C0599
:108B500018490968D1F8CC10164B1B68D3F81035AA
:108B6000CDE90031CDE9020212480068D0F80805CD
:108B7000069010480068D0F804050590024627A129
:108B800007A8069BF7F79CFB07A927A8F7F739FD6D
:108B900027A9A49800F064FA8321A49880F886108D
:108BA000024806F061FB02490860AAE0C01B0020F1
:108BB00000050020880400206C050020704700207C
:108BC00098470020424C452B20000000424C452D88
:108BD00020000000484620636E743A25752C4846F4
:108BE00053523A253038782C50433A253038780A99
:108BF0000D00000025642D25642D25642D25642D90
:108C000025642D25642D000025642D25642D256403
:108C10002D25642D25642D25640A0D0057493A251C
:108C2000642D2564204C493A2564204C483A25643B
:108C30002043523A253038782053523A253038783C
:108C40000A0D0000314806F00FFB31490968401A4F
:108C5000322808D98421A49880F886102B4806F081
:108C600003FB2B4908604CE0284806F0FDFA284930
:108C7000086028480078024641F230112690A498F6
:108C800003F06CFE23484078024641F231112690F1
:108C9000A49803F063FE1F488078024641F2321127
:108CA0002690A49803F05AFE1A48C078024641F272
:108CB00033112690A49803F051FE1648007902461D
:108CC00041F234112690A49803F048FEA498FFF7CF
:108CD000AFF8A49803F0E6F98521A49880F88610EF
:108CE0000FE00A4806F0C0FA09490968401A32281C
:108CF00006D9A49802F06AFFDE21A49880F88610B5
:108D000000BF00BF0DF5257D00BD0000C01B002089
:108D100000050020441D002010B504460B4600212C
:108D200010E00A4810F8310098420AD1074800EBD9
:108D3000C1004078904204D1044800EBC100406873
:108D400010BD491C5229ECD301A0F9E700830308A8
:108D5000556E6B6E6F776E206D6F6465000000005E
:108D60002DE9F041A2B005460E461746984695F803
:108D70008600502802DA22B0BDE8F08101A8FBF796
:108D800033FA822101A8FBF7E5F9044631B2FBF77B
:108D900012FA002405E0395D01A8FBF7FDF9601C1B
:108DA000C4B24445F7DB002101A8FBF7F5F901A89F
:108DB000FBF7C0F900BFDEE770B506460C4622B2ED
:108DC00041F23101304603F0C9FD2146304603F03F
:108DD00027F8002518E02948405D00F0010088B11F
:108DE000002D09DD41F239002844401E81B222B233
:108DF000304603F0B3FD05E022B241F20F113046D8
:108E000003F0ACFD681CC5B2052DE4DB86F86F40AD
:108E10001A4991F849201E3131F912000EF044FE32
:108E200005462946304600F0C7F8144991F8492014
:108E3000283131F912000EF037FE0546294630463A
:108E400002F06EF80E48B0F90610304601F0F4FE5C
:108E50000C48B0F90610304601F092FF002509E0F9
:108E60000648AA3030F915202946304602F038FD70
:108E7000681CC5B2052DF3DB70BD0000441D002049
:108E8000D41E0020E21E0020F0B5A1B007466846BF
:108E9000FBF7AAF983216846FBF75CF90646162121
:108EA000FBF789F905460321FBF776F90446FBF742
:108EB00041F921B0F0BD2DE9F047A2B0824601A8EA
:108EC000FBF792F9822101A8FBF744F981460421BE
:108ED000FBF771F980465521FBF75EF90746AA2199
:108EE000FBF75AF906465A21FBF756F90546A52124
:108EF000FBF752F90446FBF71DF922B0BDE8F087F5
:108F00002DE9F04FA5B004460E4615461F46642EC7
:108F100000DD6426642D00DD642594F8870000B12F
:108F20002E4604A8FBF760F994F8AC00684364216E
:108F300090FBF1F000F0FF0994F8AC00704390FB57
:108F4000F1F000F0FF0B822104A8FBF703F9822166
:108F50000190FBF730F959460290FBF71DF9824664
:108F60004946FBF719F939B20390FBF724F980461B
:108F7000FBF7E0F825B0BDE8F08F000070B50546BE
:108F80000C4695F88600502800DA70BD0948007834
:108F9000A04200D1F9E7074804700CB1012000E0BD
:108FA0000020024641F25101284603F0D7FC00BFE1
:108FB000EBE700004C05002070B504460D4694F820
:108FC0006F00012804D129460A4806F06FF90546CA
:108FD00028460EF049FD06B2324641F242012046D3
:108FE00003F0BCFC94F86F2041F23001204603F0FE
:108FF000B5FC70BDC01B002010B588B0044620220F
:109000001D216846F7F78FFB00208DF81D001348DF
:10901000C07800EBC0021148001D00EBC20000F157
:109020002A016A46204602F063FE45F23012694684
:10903000204602F091F820221D216846F7F773FBC5
:109040006A4604F19001204602F052FE45F25012A9
:109050006946204602F080F808B010BDF01E0020DE
:1090600070B505460C460026002005E0215C09B9D4
:10907000064604E0411C88B2B0F5FA7FF6DBF3B295
:1090800022464FF4A6412846FFF76AFE70BD000055
:1090900070B505460C4695F88600642800DA70BD68
:1090A000204890F84900A04200D0F8E71D487A30E7
:1090B000005D08B9012000E0002006461948005D67
:1090C000032808D01748005D012805D11548143041
:1090D000005D022800D1FF2632B241F20D01284680
:1090E00003F03CFC0F487A30005D18B10D48005D7C
:1090F000032806D1012241F22A11284603F02EFC52
:109100000DE008483230025D41F22401284603F0A8
:1091100025FCFF2241F22A11284603F01FFC00BF64
:10912000BDE70000441D002001B58CB0FD4890F85B
:10913000020508B90DB000BD0020FA4981F802050A
:10914000F9480BF062FEF7484078832800D0F1E739
:10915000F448C178807801EB002080B20B90F14890
:10916000B0F806150B98814203D10120ED4981F832
:10917000090541F2F2010B98884211D10C98C07890
:1091800070B9E848807902280AD10C98007808B9AB
:10919000012100E000210C9801700C9802F0AAFF58
:1091A00041F250110B98884217D1E048FEF730F891
:1091B0000020DF490968086000BFBFF34F8FDD481A
:1091C000006800F4E060DC490843001DD9490860EC
:1091D000BFF34F8F00BF00BFFEE741F251110B9864
:1091E000884277D1CF488079192819D2DFE800F07A
:1091F000180D1926323E4A5662738495A6B7C4D01C
:10920000DDF1EFEEEDECEBEAE900CC480078401C34
:10921000CA49087008460078032801DD002008705C
:1092200056E2C6484078401CC44948700846407819
:10923000032802DD0021C148417049E2BF4880781F
:10924000401CBE49887008468078032801DD002054
:1092500088703DE2B948C078401CB849C8700846DB
:10926000C078032801DD0020C87031E2B3480079DE
:10927000401CB249087108460079032801DD00202E
:10928000087125E2AE48007808B9012000E000200E
:10929000AB4908700C9802F0B5FF19E2A9480078B4
:1092A00008B9012000E00020A64908700C9802F0DF
:1092B000A9FF0DE2A14890F83F00401C9F4981F8AA
:1092C0003F00084690F83F00072802DD002081F8A3
:1092D0003F00FDE100E2994890F84000401CC1B217
:1092E000964880F8401090F84000072803DD0021E0
:1092F000924880F84010EBE1904890F84100401C03
:10930000C1B28E4880F8411090F84100072803DD73
:1093100000218A4880F84110DAE1884890F842003C
:10932000401CC1B2854880F8421090F842000728DE
:1093300003DD0021814880F84210C9E17F4890F8A0
:109340004300401CC1B27D4880F8431090F84300B0
:10935000072803DD0021794880F84310B8E17848F8
:10936000007A401C764908720846007A072802DD18
:10937000002173480172ABE17248807A401C714948
:1093800088720846807A072801DD002088729FE1F4
:109390006B48007B401C6A4908730846007B0A281A
:1093A00002DD00216648017392E16648C07A401CE4
:1093B0006449C8720846C07A0A2801DD0020C872D4
:1093C00086E16BE13BE10DE1C2E07EE043E01FE0BE
:1093D000FFE70C98D0F8F00030B10C98D0F8F0000E
:1093E000401E0C99C1F8F0000C98D0F8F00000EB8A
:1093F000C000554931F82000014608904B48FDF760
:1094000085FE0C99C1F8F4000C9801F06FFE5FE145
:109410000C98D0F8F0104D480088401E814206D2CA
:109420000C98D0F8F000401C0C99C1F8F0000C9892
:10943000D0F8F00000EBC000434931F820000146AD
:1094400008903A48FDF762FE0C99C1F8F4000C98B8
:1094500001F04CFE3CE10C98D0F8F00000EBC000AD
:10946000394901EB80000890FAF703FA09300C99AA
:10947000D1F8F410884204D20C98D0F8F4000A38DD
:109480000AE00C98D0F8F00000EBC0002E4901EB88
:1094900080000890FAF7EDF90C99C1F8F4000C98E7
:1094A000D0F8F40008900C98D0F8F00000EBC00160
:1094B000254830F82100079001461C48089AFDF71E
:1094C000EFFD0C9801F012FE02E10C98D0F8F000CC
:1094D00000EBC0001C4901EB80000890FAF7C9F9C5
:1094E0000C99D1F8F410884206D20C98D0F8F40008
:1094F000401E0C99C1F8F4000C98D0F8F4000890C4
:109500000C98D0F8F00000EBC0010F4830F82100B3
:10951000079001460548089AFDF7C2FD0C9801F036
:10952000E5FDD5E09C38002058440020704700201D
:10953000880400200CED00E00000FA05441D002026
:10954000D41E0020E21E00206C05002020860308A7
:109550000C98D0F8F00000EBC000FE4901EB800051
:1095600008900898006904900EF09EFA05900898FB
:10957000C0690146049005980EF0F6FA0690089826
:10958000006A0146059006980EF022F90790002126
:1095900007980EF0B5FB02D84FF07C5001E04FF079
:1095A0003F400146059007980EF012F906900EF024
:1095B0003FFA0C99C1F8F4000C98D0F8F400089028
:1095C0000C98D0F8F00000EBC000E24931F8200020
:1095D00007900146E048089AFDF762FD0C9801F0FB
:1095E00085FD75E00C98D0F8F00000EBC000D9497B
:1095F00001EB80000890FAF719F90C99D1F8F410F2
:10960000884206D90C98D0F8F400401C0C99C1F897
:10961000F4000C98D0F8F40008900C98D0F8F00002
:1096200000EBC000CB4931F8200007900146CA4842
:10963000089AFDF735FD0C9801F058FD48E00C98AC
:10964000D0F8F00000EBC000C24901EB80000790A9
:10965000FAF7ECF808900C98D0F8F4000A3007906C
:109660000146BE48089A05F0E4FD0C99C1F8F400E3
:109670000C98D0F8F40008900C98D0F8F00000EBAB
:10968000C000B44931F8200007900146B248089A5A
:10969000FDF706FD0C9801F029FD19E0AE48FDF735
:1096A00061FFAD48FDF710FE0C98D0F8F00000EB1C
:1096B000C000A84931F8200001460890A648FDF7EF
:1096C00025FD0C99C1F8F4000C9801F00FFD00BFC6
:1096D00000BF0C9802F07AFA41F2D0110B98884240
:1096E00070D19F48807909282DD2DFE800F02C0541
:1096F0002D555F7AA7C6FC000C9890F8D800401E44
:1097000008901DE0089800EBC001964800EBC100EE
:1097100090F8440088B10898C1B20C9880F8D8102D
:109720000C9801F05BFF0C9801F0A8FD0C9801F07B
:109730008BFF0C9802F01CFB05E00898401E089077
:1097400008980028DEDA53E10C9890F8D800401C05
:1097500008901DE0089800EBC001824800EBC100B2
:1097600090F8440088B10898C1B20C9880F8D810DD
:109770000C9801F033FF0C9801F080FD0C9801F07B
:1097800063FF0C9802F0F4FA05E00898401C08907A
:1097900008980628DEDD2BE10C9890F8D800714976
:1097A000091FC8700C9801F069FD21E10C9890F830
:1097B000D80000EBC0016B4800EBC100807810B905
:1097C000012101E015E100210C9890F8D80000EB90
:1097D000C002644800EBC20081700C9801F04EFD9D
:1097E00006E10C9890F8D80008900C9890F8D800F2
:1097F00000EBC0015B4800EBC100C0780523079077
:1098000001465948089A06F09BFA00210C9890F8F6
:10981000D80000EBC002534800EBC20081710C98E5
:1098200090F8D80000EBC0024E4800F832100C98B7
:1098300001F024FD0C9801F0D1FED9E04B480078EE
:10984000401CC0B2494908700A2815DD0020087084
:109850000C9890F8D80008900C9890F8D80000EB7D
:10986000C001404800EBC100C078142307900146B6
:109870003D48089A06F064FABAE03D480078401C7A
:10988000C0B23B4908700A2876DB002008700C98AB
:1098900090F8D800401C062801DD002003E00C9859
:1098A00090F8D800401CC0B208900021089802919E
:1098B0000391CDE904101220CDE900100C9890F826
:1098C000D80000EBC001274800EBC100C1784FF47D
:1098D000E00000EB41310C9890F8D80001EB8020BB
:1098E0002449097800E075E000EBC100214949787E
:1098F000084400230122014607901E4805F0B6FAED
:109900001E21164805F09CFC002002900390049054
:109910000590009001900C9890F8D80000EBC001E1
:10992000104800EBC100C0784FF4E00101EB40317A
:109930000C9890F8D80001EB80200E49097800EBD4
:10994000C1000C49497808440023022201460790CF
:10995000084812E06C05002070470020C01B002062
:109960009C380020F41E0020C404002014050020B0
:1099700015050020E02D00202BE005F077FA1E21D0
:10998000F74805F05DFC00200290039004900590DC
:10999000009001900C9890F8D80000EBC001F148BD
:1099A00000EBC100C0784FF4E00101EB40310898B2
:1099B00001EB8020EC49097800EBC100EA494978C5
:1099C00008440023022201460790E74805F04EFABA
:1099D00000BF0DE0E348001F407808B9012000E017
:1099E0000020E049091F48700C9801F047FC00BFB7
:1099F00000BF41F270110B9888422BD1DB4880796F
:109A0000012802D0022824D111E0D948007828B9D1
:109A1000D848007810B9D848007808B1172000E07D
:109A20000A20014608900C98FEF7E0F911E0D048B2
:109A3000007828B9CF48007810B9CF48007808B12D
:109A4000172000E00920014608900C98FEF7CEF997
:109A500000BF00BF41F26B110B9888420BD1C34885
:109A600080790890C54890F84C0007900146C3489B
:109A7000089A07F02FFA41F253110B98884273D1DC
:109A8000BA488079032804D0042817D005286DD15E
:109A900028E0B748007808B9FFF74CBBB4484078D5
:109AA00008B9012000E00020B1494870084640781C
:109AB000014608900C9802F095FBA0E0AD480078B4
:109AC00000B9E9E7AB48407808B9012000E0002080
:109AD000A849487008464078014608900C9802F062
:109AE0004FFA8CE0A54890F84C0000EB4001A348E9
:109AF000103010F8110000B9CEE7A04890F84C00E3
:109B000000EB40019D48103000EB4100407808BB5D
:109B10009A4890F84C0000EB40019848103010F83B
:109B20001100012801D1642009E0944890F84C000C
:109B300000EB40019148103000EB41008078089024
:109B40008E4890F84C00079001468C48089A07F020
:109B5000C1F908E0894890F84C00002201460890BD
:109B6000864807F0B7F94AE04AE0FFE77F48807986
:109B7000801FC0B208900898092807DC089800EBFD
:109B800040017E48103010F8110000B984E70898B1
:109B900000EB40017948103000EB41000790079836
:109BA000007801280ED10798407808B9012000E01C
:109BB000002064214843024606907048089907F047
:109BC00089F91BE007980078022817D16B4890F8B4
:109BD0004C100898814204D06849089881F84C00DC
:109BE0000CE00798407810B90798807800E00020D2
:109BF000024606906148089907F06CF900BF00BF63
:109C000041F256110B98884218D1584880790128A2
:109C100002D0022811D10BE05848007808B1022088
:109C200000E00B20014608900C98FEF7DFF804E0F6
:109C30000B210C98FEF7DAF800BF00BF41F2F301E8
:109C40000B98884215D10C98C07890B94C4890F880
:109C5000320070B94548807903280AD10C984078C1
:109C600008B9012100E000210C9841700C9802F025
:109C700041FA41F205010B9888421DD10C98C07839
:109C8000D0B93A488179407901EB002006900DF077
:109C90000BFF4FF0814107900DF008FE08900DF08A
:109CA000C7FE01B2374890F849201E3020F8121044
:109CB00001210C9880F8AE1041F206010B98884201
:109CC0001DD10C98C078D0B928488179407901EB32
:109CD000002006900DF0E8FE4FF0814107900DF056
:109CE000E5FD08900DF0A4FE01B2264890F8492049
:109CF000283020F8121001210C9880F8AE1041F2A3
:109D0000C6010B98884209D10C98C07830B9174821
:109D10008079014608900C9801F006FD41F2F601A9
:109D20000B98884256D10C98C07868BB0F48807950
:109D300001284FD1134890F849001249085C0128C6
:109D400048D1084690F849101430405C022841D0B0
:109D50000C4890F849107A30405CB0B9012115E008
:109D6000C01B0020F41E0020E02D00209C380020A5
:109D7000D41E0020E21E0020A4230020E82300209F
:109D8000301E0020441D002024E00021FE4890F8F1
:109D900049207A3081547A3890F849107A30405C02
:109DA00060B1002241F20D010C9802F0D7FDFF22B4
:109DB00041F22A110C9802F0D1FD0BE0012241F290
:109DC0000D010C9802F0CAFD012241F22A110C98F3
:109DD00002F0C4FD41F244010B98884208D1EB48DF
:109DE0008179407901EB002081B20C98A0F87C10B9
:109DF00041F231010B98884213D10C9890F86F0012
:109E0000E249897988420CD0E04881790C9880F841
:109E10006F100C9890F86F00014608900C98FEF7B0
:109E2000CBFF41F230010B98884213D10C9890F887
:109E30006F00D649097A88420CD0D448017A0C9830
:109E400080F86F100C9890F86F00014608900C98FD
:109E5000FEF7B2FF0B9810283CD10C9890F8D9006F
:109E6000C0BBCA4841790C98C0F8B010C748817986
:109E70000C98C0F8B410C548C1790C98C0F8B81057
:109E8000C248017A0C98C0F8BC10C048417A0C98BE
:109E900080F8C010BD48817A0C9880F8C110BB488A
:109EA000C17A0C9880F8C2100C9890F8C11080F814
:109EB0006C100C9890F8C01080F86B100C9890F80B
:109EC0006D00022819D10C9890F8C0000C2802DB14
:109ED000022101E094E001210C9880F86A100C98AE
:109EE00090F8C0000C280CDD0C9890F8C0000C38DD
:109EF000C1B20C9880F86B1003E000210C9880F838
:109F00006A100C9800F022FF0C9890F8C41090F89A
:109F1000C300C0EB001001EB800008900C9890F893
:109F2000C61090F8C500C0EB001001EB800107914E
:109F30000C9890F8C11090F8C000C0EB001001EB35
:109F4000800006900C9890F88700059001210C98ED
:109F500080F88710DDE9071088420BDA0899069827
:109F6000884207DBDDE90601884203DA00210C980C
:109F700080F88710DDE9071088420BDD0899069804
:109F8000884203DADDE90601884203DA00210C98F1
:109F900080F887100C9890F88710059881422ED091
:109FA0000C9890F8E30070B90C9890F88400049035
:109FB0000C9890F882004FF47A7303900146049A4B
:109FC0000C98FEF79DFF0C9890F8870008B90120C7
:109FD00000E00020024641F2210104900C9802F0BA
:109FE000BDFC0C9890F8870008B1012000E000202B
:109FF000024641F2220104900C9802F0AFFC00BF2F
:10A0000041F223010B98884211D16048817A407A4D
:10A0100001EB0020401E81B20C98A0F868100C984B
:10A0200090F86800014608900C98FDF7E7FD41F2B2
:10A0300024010B98884213D10C98C07880B95248FB
:10A0400090F849107A30405C50B15048817940799D
:10A0500001EB0020C1B24C4890F8492032308154C5
:10A0600041F246010B98884204D1484881790C9806
:10A0700080F8791041F22C010B9888421AD10C9883
:10A08000B0F8820041498979884213D03F488179EC
:10A090000C98A0F882100C9890F8840008900C9806
:10A0A00090F882004FF47A7307900146089A0C9852
:10A0B000FEF726FF41F22D010B9888421AD10C9829
:10A0C000B0F8840031498979884213D02F488179CA
:10A0D0000C98A0F884100C9890F8840008900C98C4
:10A0E00090F882004FF47A7307900146089A0C9812
:10A0F000FEF706FF41F233010B9888420BD10C9812
:10A1000090F86D0021498979884204D01F488179EF
:10A110000C9880F86D100B9814287DD11B4880791D
:10A1200008900C9890F87E100898814275D00C9891
:10A1300090F87E00072815D1052241F230010C98D5
:10A1400002F006FA1248B0F90600014607900C9892
:10A1500001F0F6FC0F48B0F90600014607900C9894
:10A1600001F078FB0C9890F87E00032805D10122BD
:10A1700041F233010C9802F0EBF90898092847D115
:10A180000020079041E00000441D00209C38002082
:10A19000E21E0020D41E0020079800EBC001F94801
:10A1A00000EBC10090F8440058B3FF200090F54840
:10A1B000001FC0780690F348001FC07800EBC00174
:10A1C000F04800EBC100C078122305900146EE482C
:10A1D000069A05F0E1FDFF200090EA48001FC078D4
:10A1E0000690E848001FC07800EBC001E54800EB8E
:10A1F000C100C0781C2305900146E348069A05F08B
:10A20000CBFD0798401CC0B2079007980728C3DB16
:10A2100008980C2806D101E04AE025E0DB49DC483B
:10A2200000F0ABFF0898032818D10C9890F8C110E3
:10A2300090F8C000CDE900010C9890F8B8000790A4
:10A240000C9890F8B40006900C9890F8B000059027
:10A250000146DDE906230C9801F042F9CC4890F85C
:10A260007E00CB4981F89A000C99089881F87E000D
:10A27000C74890F87E00C64991F89A10884203D1E9
:10A280000120C34981F89A000C9890F87E0018B913
:10A2900014210C9880F886100C9890F87E00012804
:10A2A00001DD012100E000210C9880F87F1000BF43
:10A2B00041F237010B9888421ED1B6488179407926
:10A2C00001EB002080B20A9006210A9890FBF1F081
:10A2D000C1B20C9880F8C31006210A9890FBF1F2E5
:10A2E00001FB120000EB80004006010E0C9880F884
:10A2F000C4100C9801F02AFB41F238010B988842F7
:10A300001ED1A4488179407901EB002080B20990E8
:10A310000621099890FBF1F0C1B20C9880F8C510A5
:10A320000621099890FBF1F201FB120000EB80007E
:10A330004006010E0C9880F8C6100C9801F0F2FD52
:10A3400041F234010B98884214D1924881794079C6
:10A3500001EB00208E49B1F8621088420AD08D4886
:10A360008179407901EB002080B2014608900C9879
:10A3700000F04AFD45F270110B98884206D1844ADC
:10A380008C328449491D0C9800F037FE41F254018B
:10A390000B9888421CD1804890F837007D49897914
:10A3A000884215D07B48807908B1012100E0002166
:10A3B000794880F8371090F8370030B17448B0F819
:10A3C0007C00C0EB0010800000E000207249C864EF
:10A3D00041F255010B98884230D100206F49086046
:10A3E0006F480068401C6E490860142808D9002195
:10A3F0006B4801606B48007880F00101694801708A
:10A40000654890F8330063498979884216D06148DD
:10A41000807908B1012000E000205F4981F8330015
:10A42000084690F8330030B15948B0F87C00C0EBD2
:10A430000010800000E000205749C86341F2560137
:10A440000B98884228D1002055490860534800687D
:10A45000401C52490860142801D900BFFEE74E484D
:10A4600090F834004B498979884215D04948807961
:10A4700008B1012100E00021474880F8341090F82D
:10A48000340030B14248B0F87C00C0EB00108000CE
:10A4900000E000204049086443480078F0B341F2EE
:10A4A00013110B9888422AD13B4890F8380039495B
:10A4B0008979884223D03748807908B1012100E0AA
:10A4C0000021354880F8381090F8380030B1304815
:10A4D000B0F87C00C0EB0010800000E000202E49A6
:10A4E0000865084690F8380008B1012000E0002017
:10A4F000024641F2101108900C9802F02FFA41F236
:10A5000014110B9888422CD1234890F83900214926
:10A510008979884225D01F48807900E065E008B13C
:10A52000012100E000211C4880F8391090F8390022
:10A5300030B11748B0F87C00C0EB0010800000E09C
:10A54000002015494865084690F8390008B10120F7
:10A5500000E00020024641F2111108900C9802F030
:10A56000FDF941F215110B9888423ED10A4890F846
:10A570003A0008498979884237D006488079A8B1DD
:10A58000012114E0F41E0020C4040020EE2000206D
:10A59000604300209C380020301E00200C05002065
:10A5A000100500203C040020A42300200021F748CF
:10A5B00080F83A1090F83A0030B1F548B0F87C00D5
:10A5C000C0EB0010800000E00020F04988650846DC
:10A5D00090F83A0008B1012000E00020024641F264
:10A5E000121108900C9802F0B9F941F2B5010B98DC
:10A5F000884217D1E7488179407901EB0020A0F526
:10A60000FA600C99C1F8C8000C98B0F8C80000F5C1
:10A61000FA6000B2024641F2B00108900C9802F0D4
:10A620009DF930E041F2B6010B9888422BD1D94810
:10A6300081790C98C0F8CC100C98D0F8CC000C287C
:10A640000ED90C210C98C0F8CC100C98B0F8CC00A6
:10A6500000B2024641F2B60108900C9802F07EF971
:10A660000C98B0F8CC0000B2024641F2B10108905B
:10A670000C9802F073F90C9890F8D000C5498871D5
:10A6800041F2B7000B9041F2B7010B9888422CD1F0
:10A69000C04881790C98C0F8D0100C98D0F8D01030
:10A6A000D0F8CC00BC4A105C814212D90C98D0F88A
:10A6B000CC001146095C0C98C0F8D0100C98B0F88A
:10A6C000D00000B2024641F2B70108900C9802F0A7
:10A6D00045F90C98B0F8D00000B2024641F2B20140
:10A6E00008900C9802F03AF99BE241F2B8010B98FD
:10A6F000884222D1A74881790C9880F8D4100C9810
:10A7000090F8D40017280DDD17210C9880F8D4108C
:10A710000C9890F8D400024641F2B80108900C98C9
:10A7200002F01CF90C9890F8D400024641F2B301F3
:10A7300008900C9802F012F973E241F2B9010B98FB
:10A74000884222D1934881790C9880F8D5100C98D2
:10A7500090F8D5003B280DDD3B210C9880F8D510F2
:10A760000C9890F8D500024641F2B90108900C9877
:10A7700002F0F4F80C9890F8D500024641F2B401CA
:10A7800008900C9802F0EAF84BE241F2BA010B98FB
:10A7900088421AD100220C9890F8D51090F8D40075
:10A7A0008DE807000C9890F8D00008900C9890F86D
:10A7B000CC0007900C9890F8C80006900146DDE99F
:10A7C00007230C9802F08AF82BE20B9816282AD15E
:10A7D0007048017AC07901EB00210C98B0F8E400D0
:10A7E000814209D16B48817A407A01EB00210C98B3
:10A7F000B0F8E600814203D000210C98A0F8E010E8
:10A800006448017AC07901EB002081B20C98A0F86D
:10A81000E4106048817A407A01EB002081B20C9804
:10A82000A0F8E610FDE141F26B010B98884220D1BF
:10A830000C98B0F89C0057498979C1EB0111B0EB35
:10A84000810F16D053488079C0EB001081000C981E
:10A85000A0F89C104F488079062801D1002000E024
:10A860000220024641F26C0108900C9802F076F842
:10A87000D7E141F203010B98884208D1454880791D
:10A8800008B1012100E000210C98C170C9E141F23A
:10A890006A010B9888420FD13D4890F89A0015281C
:10A8A00003D101203A4981F89A000C9801F0FEFC8E
:10A8B0000C9800F0E5FAB4E141F2F1010B988842FE
:10A8C0000CD1344880790C2808D10C9890F89A0063
:10A8D000014608900C98FDF789FAA2E141F2F001D7
:10A8E0000B98884222D12B48807913281ED12B48FF
:10A8F00005F02EF82A48C07808902948C07800EB67
:10A90000C0012748001D00EBC100C0780523079057
:10A9100001462448089A05F013FA23A10C9800F088
:10A920002CFC00210C98FEF729FB7AE141F2F4019E
:10A930000B98884229D10C98C07830BB1548807993
:10A94000032813D101210C984171104890F895000B
:10A9500090BB012241F23A110C9801F0FFFF13481D
:10A9600004F082FC0C99C1F8EC006CE0104800780F
:10A97000B0B31048007898B306488079042826D1EF
:10A980000B484078C8B9012018E060E0301E002074
:10A99000604300209C380020F0820308EC20002057
:10A9A000F01E0020C404002020000000C01B002076
:10A9B000D41E0020E21E002016E000209A494870B4
:10A9C00008464078014608900C9801F00BFC974827
:10A9D0008079052837D19648407810B9012001E0E8
:10A9E00003E00020924948702DE08F48007880B144
:10A9F0008E488079042803D08C488079052808D1B6
:10AA00008948407808B9012000E000208649487054
:10AA100019E087480078B0B184488079042803D0D1
:10AA20008248807905280ED18148407808B90120F4
:10AA300000E000207E4948700846407801460890B2
:10AA40000C9801F09DFA002078498871E9E041F204
:10AA5000F5010B9888424ED10C98C078E8BB73483A
:10AA6000807908900898302813D1724890F84900EE
:10AA70007049085C00F0010058B1084690F8491090
:10AA80001430405C28B100216A4890F84920143005
:10AA900081540898312814D1664890F849006549D6
:10AAA000085C00F0010060B1084690F849101430CD
:10AAB000405C012805D001215E4890F849201430FF
:10AAC00081540898322815D15A4890F849005949BC
:10AAD000085C01280ED1084600E00CE090F849100F
:10AAE0001430405C022805D00221524890F84920D9
:10AAF0001430815495E041F26D010B9888420BD1DE
:10AB00004A488179407901EB002080B201460890E3
:10AB10000C9800F0A3FA84E041F26E010B98884291
:10AB20000BD142488179407901EB002080B2014687
:10AB300008900C9800F056FB73E041F269010B9805
:10AB4000884215D100210C9880F8A01037488179EF
:10AB5000407901EB00200A2863D116210C98FDF7FB
:10AB600045F9002241F269010C9801F0F7FE58E026
:10AB700041F27C010B9888420CD12C4881794079B4
:10AB800001EB002080B20246002108900C9801F0F1
:10AB90007DF946E041F27D010B9888420CD12348B3
:10ABA0008179407901EB002080B2024601210890B2
:10ABB0000C9801F06BF934E041F27E010B98884269
:10ABC0000CD11A488179407901EB002080B202460D
:10ABD000022108900C9801F059F922E041F27F011E
:10ABE0000B9888420CD111488179407901EB002003
:10ABF00080B20246032108900C9801F047F910E05A
:10AC000041F281010B9888420BD108488179407943
:10AC100001EB002080B20246042108900C9801F05C
:10AC200035F900BFFEF786BAD41E00209C380020FC
:10AC3000E21E0020441D00202DE9F04104460D468F
:10AC40001E48007808B3052241F25B01204601F05E
:10AC500085FE94F86F00012808D128460CF024FFE7
:10AC600007463946204600F08DF900E028460646A2
:10AC7000324641F27A01204601F070FE0F48B0F9E9
:10AC80000610204600F0E6FD11E0012241F25B01D2
:10AC9000204601F063FE052241F26701204601F0E3
:10ACA0005DFEFF2241F26501204601F057FE034898
:10ACB0004178204601F096FABDE8F081D41E0020CC
:10ACC00070B5044694F8AE0018B1002084F8AE00C8
:10ACD00070BD94F88600DE2800D0F9E71A4890F895
:10ACE00049101E3030F81100800002B241F2050117
:10ACF000204601F033FE144890F84910283030F80F
:10AD00001100800002B241F20601204601F026FE49
:10AD10000D4991F849201E3131F912000CF0C4FEA2
:10AD2000054629462046FEF747F9074991F849208C
:10AD3000283131F912000CF0B7FE054629462046AD
:10AD400000F0EEF800BFC3E7441D002010B5044634
:10AD500094F86A2041F23E01204601F0FFFD94F88C
:10AD60006C0094F86B1001EBC10303EB011100EBD5
:10AD7000810002B24FF48251204601F0EFFD10BD78
:10AD80002DE9F04104460D461E48007808B305221F
:10AD900041F25C01204601F0E1FD94F86F000128CA
:10ADA00008D128460CF080FE07463946204600F0C0
:10ADB000E9F800E028460646324641F27B0120468B
:10ADC00001F0CCFD0F48B0F90610204600F0B8FEA7
:10ADD00011E0012241F25C01204601F0BFFD052295
:10ADE00041F26801204601F0B9FDFF2241F26601FF
:10ADF000204601F0B3FD03484178204601F0C0F839
:10AE0000BDE8F081E21E002070B505460C461B48E7
:10AE1000A0F86240182C0CDA22B241F22E0128462A
:10AE200001F09CFD002241F22F01284601F096FD21
:10AE30000FE0182094FBF0F006B2324641F22E01EA
:10AE4000284601F08BFD012241F22F01284601F036
:10AE500085FD602C07DD002085F86400642007492B
:10AE6000A1F8620002E0022085F8640095F86420F1
:10AE700041F23501284601F071FD70BD60430020AC
:10AE800010B5044634F8E00F401C208034F8E00987
:10AE9000B0F5AF7F03DB4FF4AF70A4F8E0001E48BD
:10AEA00090F87E000E2802D10020A4F8E0001B4894
:10AEB000008810B10020A4F8E000B4F8E000B4F875
:10AEC0009C10884211DD94F8E30018BB4FF47A73AC
:10AED000002211462046FEF713F8012084F8E30013
:10AEE00015212046FCF782FF14E094F8E30088B1B6
:10AEF00094F8842094F882104FF47A732046FDF77A
:10AF0000FFFF002084F8E300034890F89A102046E1
:10AF1000FCF76CFF10BD000060430020EC20002017
:10AF200070B504460D4694F86F00012804D12946F7
:10AF30000A4804F0BBF9054628460CF095FD06B218
:10AF4000324641F24301204601F008FD94F86F209B
:10AF500041F23601204601F001FD70BDC01B00200A
:10AF600070B504460D4694F86F00022801D12846BA
:10AF700070BD28460CF098FD06463146204600F08C
:10AF800001F8F5E72DE9F04180460C4608492046D6
:10AF90000CF0EAFD074607490CF088FC0646064916
:10AFA0000CF016FC05460CF043FD00B2BDE8F08144
:10AFB000000010410000A0400000024270B50446AD
:10AFC0000D46164694F88600DE2804D132462946FE
:10AFD000204601F0C3FC70BD70B505460C4695F8DF
:10AFE0008600502800DA70BD6423224645F2505195
:10AFF000284600F047FA00BFF5E7F0B507460D46D2
:10B00000002101260323102423E0A4F1010C15F8EC
:10B010000C0030280EDB39280CDCA0F1300C06FBCC
:10B020000C1C0CF0FF0106EB860C4FEA4C6C4FEA4F
:10B030001C660CE02E280AD10126D1540021002BD9
:10B0400004DDA3F1010C0CF0FF0300E003E0601E3F
:10B0500044B2002CD9D11170F0BD00002DE9F047A9
:10B0600006460C461D48007808B1642C0ADD1B48D2
:10B07000007828B9012241F25B01304601F06EFCF4
:10B08000BDE8F08720460CF027FD814614490CF0FE
:10B090006BFD804613490CF009FC074612490CF081
:10B0A00097FB054628460CF0C3FC00B20B49C8804C
:10B0B00096F86F00012804D129463046FFF762FF59
:10B0C00003E028460CF0B4FC00B207463A4641F2D1
:10B0D0007A01304601F042FC00BFD1E7D41E0020C7
:10B0E0000000E8410000C8420000404010B5C2B076
:10B0F0000446B4F8F40002B241F25211204601F0C5
:10B100002DFCD4F8F00000EBC0000B4901EB8000EF
:10B1100040680090D4F8F00000EBC00031F8203017
:10B1200006A24FF4807102A8F5F7DEF802A92046C6
:10B13000FFF752FF42B010BD6C0500202564202DA2
:10B140002025730070B505460C46224641F20201E7
:10B15000284601F003FC70BD70B506460C46154646
:10B1600096F88600502800DA70BD1423224629463E
:10B17000304600F087F900BFF6E730B5C1B00546AC
:10B180000C4695F88600502801DA41B030BD4FF4E6
:10B19000807201A92046F8F7E5F9C82301AA4FF407
:10B1A000A041284600F06EF900BFEEE72DE9F0431C
:10B1B000A1B081460C4615466846F9F715F882217C
:10B1C0006846F8F7C7FF804621B2F8F7F4FF074654
:10B1D00029B2F8F7F0FF0646F8F7ACFF21B0BDE85A
:10B1E000F08300002DE9F04706460C462048007821
:10B1F00008B1642C0ADD1E48007828B9012241F20A
:10B200005C01304601F0AAFBBDE8F08720460CF057
:10B2100063FC824617490CF0A7FC814616490CF0E6
:10B2200045FB804600210CF0D3FA054628460CF079
:10B23000FFFB00B20E49C88096F86F00012804D1C8
:10B2400029463046FFF79EFE03E028460CF0F0FB4F
:10B2500000B207463A4641F27B01304601F07EFBE0
:10B2600022B241F26E01304601F078FB00BFCBE71D
:10B27000E21E00200000A0420000C8422DE9F04F6D
:10B28000B9B0054695F8D80000EBC001794800EB4D
:10B29000C1040020389000BF0DE0E178764A12F832
:10B2A0001020914205D1744901EB40014978389151
:10B2B00003E0411CC8B20828EFD300BF17A8F8F775
:10B2C00093FF4FF46161A06BB0FBF1F000B21690F8
:10B2D000606BB0FBF1F000B215906849E0680CF0CB
:10B2E00043FC82460CF0A4FB00B20F906349A068B7
:10B2F0000CF03AFC82460CF09BFB00B20D906049CA
:10B30000206A0CF031FC82460CF092FB00B20B90EC
:10B31000B4F928102846FFF723FE0990B4F9261047
:10B320002846FFF71DFE0890B4F924102846FFF7C1
:10B3300017FE06905249E0690CF016FC03900CF0E1
:10B3400077FB00B28221059017A8F8F703FF41F2BE
:10B35000B0110090F8F72FFF0190207808B102207B
:10B3600000E0607801460198F8F725FF0290A08A76
:10B3700001B20298F8F71FFF0390208B01B20398E7
:10B38000F8F719FF04900599F8F715FF8346069919
:10B39000F8F711FF07900899F8F70DFF8246099911
:10B3A000F8F709FF0A900B99F8F705FF0C900D9933
:10B3B000F8F701FF0E900F99F8F7FDFE109095F841
:10B3C000D810F8F7F8FE1190A07808B9012000E035
:10B3D0000020284A121F9278022A01DA012200E096
:10B3E000002202EB820200EB42011198F8F7E3FE23
:10B3F00012902048001FC07895F8D820904201D1C3
:10B40000012000E000201B4A121F9278022A01DA74
:10B41000012200E0002202EB820200EB42011298BE
:10B42000F8F7C9FE13903899F8F7C5FE14901599EE
:10B43000F8F7C1FE81461699F8F7BDFE80460D4823
:10B44000001F41784046F8F7B6FE07460948001F3E
:10B450008078012801DD012000E0002000EB800061
:10B4600041003846F8F7A7FE0646F8F763FE39B004
:10B47000BDE8F08FF41E0020108603080000204174
:10B480000000C8422DE9F043A1B081460F461546A1
:10B490001E466846F8F7A8FE82216846F8F75AFE6D
:10B4A000804639B2F8F787FE002406E02046621C89
:10B4B000D4B2295C6846F8F76FFE285D08B1B44243
:10B4C000F4DB05E020216846F8F766FE601CC4B294
:10B4D000B442F7DB6846F8F72DFE21B0BDE8F083F3
:10B4E0002DE9F04FC7B004460F4615461E46DDF85D
:10B4F0004491DDF8408194F88600DE2802D047B000
:10B50000BDE8F08F012D01DB0C2D00DD0125012EA2
:10B5100001DB1F2E00DD0126B8F1170F01DD4FF012
:10B520000C08B9F13B0F01DD4FF01E09C4F8C870DB
:10B53000CC200551D020065184F8D48084F8D590D1
:10B540000021D620015526A8F8F74EFE822126A814
:10B55000F8F700FE41F2B0010090F8F72CFE0190E0
:10B5600007F5FA6001B20198F8F725FE83462946EF
:10B57000F8F721FE82463146F8F71DFE414602905B
:10B58000F8F719FE49460390F8F715FE0490F8F70E
:10B59000D1FD05A8F8F728FE822105A8F8F7DAFD05
:10B5A00041F2B5010090F8F706FE83463946F8F7F8
:10B5B00002FE29460190F8F7FEFD31460290F8F7A9
:10B5C000FAFD82464146F8F7F6FD49460390F8F742
:10B5D000F2FD0490F8F7AEFD00BF90E770B5B0B093
:10B5E0000546202240216846F5F79DF800208DF899
:10B5F0003F0095F8D80000EBC0010F4800EBC104F4
:10B60000A07978B1A1790D4804F002F90646A27933
:10B6100033460BA110A8F4F753FE4022694610A848
:10B62000F7F7A0FF20236A4645F650012846FDF7AC
:10B6300097FB30B070BD0000F41E0020EC2000200D
:10B640002564202D2025730070B58AB00446202281
:10B65000222101A8F5F767F894F8D80000EBC001A3
:10B660000B4800EBC1056A7929792046FDF754FBA8
:10B670000646324607A101A8F4F722FE202301AABC
:10B6800045F250712046FDF76BFB0AB070BD00001B
:10B69000F41E00202573000070B504461F4890F882
:10B6A000950060BB6079002837D01D4803F0DCFDB1
:10B6B000D4F8EC10401AB0F5967F2ED9184803F054
:10B6C000D3FD42F210710844C4F8EC000020607110
:10B6D000002508E00121134841552946204600F085
:10B6E00063F9681CC5B2052DF4DB607818B92078C1
:10B6F00008B901202070204600F0D4FC0DE06079EC
:10B7000058B100206071054890F8960008B90120F2
:10B7100000E00020014981F8960070BD301E002035
:10B72000C01B0020581D002070B504460E4641483D
:10B7300090F8491004F14C0020F8116035463D485E
:10B7400090F849101430405CA84200D170BD3948CF
:10B7500090F849003749085C012802D0022D00D139
:10B760000025344890F8491014304554012D1ED15D
:10B77000143890F8491004F11A0030F8110002B2A0
:10B7800041F22601204601F0E9F82A4890F84930B4
:10B79000A01D30F8130002B2264890F8493004F199
:10B7A000420030F81310204601F0D8F840E0022D96
:10B7B0001FD1204890F8491004F1380030F81100EA
:10B7C00002B241F22601204601F0C8F8194890F86B
:10B7D000493004F12E0030F8130002B2154890F8F9
:10B7E000493004F1420030F81310204601F0B6F859
:10B7F0001EE0104890F8491004F1240030F81100C0
:10B8000002B241F22601204601F0A8F8094890F85A
:10B81000493004F1100030F8130002B2054890F8E6
:10B82000493004F1420030F81310204601F096F838
:10B8300000BF8BE7441D002070B50446204600F091
:10B84000D1FB05B22A464FF48051204601F086F81C
:10B8500070BD00002DE9F04705460C461D480078F4
:10B8600038B9012241F25B01284601F077F8BDE8C2
:10B87000F087032C01DB202C00DDF8E7E01E0CF044
:10B8800013F9814614490CF011F8804613490CF065
:10B890006BF907460CF0E8F886B295F86F000128BE
:10B8A00008D120460CF000F9804641462846FFF7B3
:10B8B00069FB00E0204607463A4641F27A012846F5
:10B8C00001F04CF832B241F26D01284601F046F821
:10B8D00000BFCCE7D41E00200000E8410000C842B1
:10B8E0002DE9F05F06460C46154696F86F000128D4
:10B8F00006D105EBC500052190FBF1F000B200E098
:10B900002846804605F10A000CF0CEF883460D4922
:10B910000BF0CCFF82460C490CF026F981460CF066
:10B92000A3F887B241F2820021184246304601F066
:10B9300015F841F27C0021183AB2304601F00EF8B9
:10B94000BDE8F09F0000A0410000204270B5044611
:10B95000C320055D94F86D0002280FD10C2D00DB8B
:10B9600000E00120024641F23D01204600F0F6FFD2
:10B970000C2D09DDA5F10C0085B205E0002241F295
:10B980003D01204600F0EAFF94F8C40005EBC50134
:10B9900001EB051100EB810002B241F24E0120469D
:10B9A00000F0DCFF70BD000070B505460C46514844
:10B9B000005D032801D1012000E00020064695F833
:10B9C0008600DE2800D070BD4A48005D00F001000E
:10B9D00000B9F8E705F14C0030F814104548143070
:10B9E000005D814200D1EEE742481430015D05F16F
:10B9F0004C0020F814103F481430005D012825D178
:10BA00003C4890F84900A04214D105F11A0030F8E2
:10BA1000140002B241F22601284600F09FFF35488B
:10BA20001430005D06EB4601421841F2C60128467B
:10BA300000F094FFA81D30F8140002B205F1420096
:10BA400030F81410284600F089FF51E029481430DE
:10BA5000005D022826D1274890F84900A04214D161
:10BA600005F1380030F8140002B241F226012846F0
:10BA700000F074FF1F481430005D06EB46014218C9
:10BA800041F2C601284600F069FF05F12E0030F8AA
:10BA9000140002B205F1420030F81410284600F0FC
:10BAA0005DFF25E0134890F84900A04214D105F14C
:10BAB000240030F8140002B241F22601284600F0BA
:10BAC0004DFF0C481430005D06EB4601421841F270
:10BAD000C601284600F042FF05F1100030F81400BE
:10BAE00002B205F1420030F81410284600F036FF8B
:10BAF00000BF68E7441D002010B504460121084836
:10BB0000FDF73CFA07A10648FFF737FB0C21044874
:10BB1000FCF76CF94FF4FA71084803F091FB10BD83
:10BB20006043002055706461746520696E207072F6
:10BB30006F67726573732E2E2E000000C01B0020ED
:10BB40002DE9F04705460C461D48007838B901221A
:10BB500041F25C01284600F001FFBDE8F087002CAF
:10BB600001DB502C00DDF8E720460BF09DFF8146FD
:10BB700014490BF09BFE804613490BF0F5FF074676
:10BB80000BF072FF86B295F86F00012808D12046AD
:10BB90000BF08AFF804641462846FFF7F3F900E0A4
:10BBA000204607463A4641F27B01284600F0D6FE81
:10BBB00032B241F26E01284600F0D0FE00BFCCE761
:10BBC000E21E00200000A0420000C84210B504465A
:10BBD000444802784FF48A51204600F0BFFE4148A5
:10BBE000427841F24111204600F0B8FE3D4882788B
:10BBF00041F24211204600F0B1FE3A48C27841F2CB
:10BC00004311204600F0AAFE3648027941F2441161
:10BC1000204600F0A3FE34480078C0EBC00101EBE1
:10BC2000001241F24511204600F098FE2F4800789E
:10BC3000C0EBC00101EB001241F24611204600F0BA
:10BC40008DFE284890F83F00021D41F24711204622
:10BC500000F084FE234890F84000021D41F2481194
:10BC6000204600F07BFE1F4890F84100021D41F283
:10BC70004911204600F072FE1A4890F84200021D59
:10BC800041F24A11204600F069FE164890F8430040
:10BC9000021D41F24B11204600F060FE1248007A6E
:10BCA000021D41F24C11204600F058FE0F48807AE8
:10BCB000021D41F24D11204600F050FE0A48007B63
:10BCC00000F10C0241F24E11204600F047FE0748F9
:10BCD000C07A00F10C0241F24F11204600F03EFE06
:10BCE00010BD0000441D0020D41E0020E21E0020D4
:10BCF0002DE9F04180460F461546002600240FE04E
:10BD0000AA19395D4046FBF74BFF3044C6B2032CFD
:10BD100004DA2E223046711CCEB22A54601CC4B202
:10BD2000042CEDDBBDE8F0812DE9FF4105460E4610
:10BD300017461C46022C05D13A460BA16846F4F77B
:10BD4000BFFA04E03A4609A16846F4F7B9FA684632
:10BD5000F4F738FC00F0FF0843466A4631462846AF
:10BD6000FCF7FEFFBDE8FF81257800002564000098
:10BD700030B58BB005462022222102A8F4F7D3FC6F
:10BD800095F8D80000EBC0010C4800EBC1042D2051
:10BD9000005D2C21095DCDE900102B20035D94F896
:10BDA0002A2007A102A8F4F78BFA202302AA45F65D
:10BDB00020012846FCF7D4FF0BB030BDF41E002054
:10BDC00025642E25642E25642E25640010B50446B6
:10BDD00094F88600DE2800D010BD00200F49A1F89D
:10BDE000E000084690F87E00152802D1012081F875
:10BDF0009A000E212046FBF7F9FF002004F8780F87
:10BE00006070227BA17A783C4FF47A732046FDF76C
:10BE100077F8002084F8E30000BFDDE760430020EE
:10BE200070B504460D46074890F8E80008B10020B8
:10BE300000E0284602B241F21611204600F08EFDC5
:10BE400070BD0000101C00202DE9F04104460D4695
:10BE50000D48007870B194F86F00012808D1284689
:10BE60000BF022FE074639462046FFF78BF802E02A
:10BE7000284600E0FF200646324641F26501204692
:10BE800000F06CFDBDE8F081D41E00202DE9F047E4
:10BE900006460C461546282D01DDBDE8F0872846EC
:10BEA0000BF01AFE824619490BF05EFE81461849D6
:10BEB0000BF0FCFC804617490BF08AFC074638461D
:10BEC0000BF0B6FD01B2144820F8141096F86F007C
:10BED00001280CD1114938460BF046FE8246104924
:10BEE0000BF0E4FC81460BF0A3FD00B203E0384602
:10BEF0000BF09EFD00B2804641F2820021184246BE
:10BF0000304600F02BFD00BFC7E700000000A04155
:10BF100000002042000020C1EE1D00200000104162
:10BF20000000A04070B50446C520055D94F86D0082
:10BF300002280FD10C2D00DB00E00120024641F267
:10BF40003F01204600F00AFD0C2D09DDA5F10C0093
:10BF500085B205E0002241F23F01204600F0FEFCE0
:10BF600094F8C60005EBC50101EB051100EB81005B
:10BF700002B241F24F01204600F0F0FC70BD00001B
:10BF800070B505460C460CB1012000E000200349C5
:10BF90004870284600F036F970BD0000E21E00200F
:10BFA0002DE9F04104460D460D48007870B194F833
:10BFB0006F00012808D128460BF076FD0746394668
:10BFC0002046FEF7DFFF02E0284600E0FF2006469D
:10BFD000324641F26601204600F0C0FCBDE8F08127
:10BFE000E21E002001462248007810B92048C0789F
:10BFF00020B32048C07800EBC0021E48001D00EBB3
:10C00000C2000079012804D0022811D0032813D1DE
:10C0100010E01848C07800EBC0021648001D00EB85
:10C02000C2004079042801D1012070470420FCE7B8
:10C030000220FAE70320F8E70420F6E70D48C0786D
:10C0400000EBC0020B48001D00EBC200007950B1AC
:10C050000848C07800EBC0020648001D00EBC20093
:10C060000079012801D10020DFE70520DDE700008D
:10C0700060430020F01E002070B50546002405E056
:10C0800021462846FFF790FC601CC4B2052CF7DB64
:10C09000034890F849102846FCF7FAFF70BD0000ED
:10C0A000441D002070B50446104890F8950048B132
:10C0B0000E4890F89600821C41F23A11204600F09A
:10C0C0004DFC12E00A4803F0CFF8D4F8EC10401A07
:10C0D000B0F5967F01D2012000E0002005462A46F7
:10C0E00041F23A11204600F039FC70BD301E0020AC
:10C0F000C01B002070B504461148FFF773FF05B25E
:10C100002A464FF48051204600F028FC607808B1A0
:10C11000012000E00020024641F20101204600F02B
:10C120001DFC607808B9207808B1012000E00020EB
:10C13000024641F20A11204600F010FC70BD0000DA
:10C140006043002010B504462048007800F001004C
:10C1500048B91E4809F087FE28B160781C4908706C
:10C160001A48AFF300801B48007800F0010048B97E
:10C17000184809F078FE28B120781749087015484A
:10C18000AFF3008060781249097888420ED1207898
:10C1900011490978884209D1104803F065F810491F
:10C1A0000968401A40F6B83188420DD90B4803F0AF
:10C1B0005BF80B49086060780549087020780649EB
:10C1C00008702046FFF796FF10BD000054050020C0
:10C1D000580500205005002059050020C01B0020F4
:10C1E0005C05002070B505460C460CB1012000E04E
:10C1F000002003494870284600F004F870BD000094
:10C20000D41E002070B505462648007850B1264857
:10C21000007838B1244841782248407801EB40004A
:10C22000C4B216E01F48007838B11E48407808B103
:10C23000072000E0062004460BE01B48007838B1D8
:10C240001948407808B1052000E00420044600E0C9
:10C25000FF24224641F26401284600F07FFB11488A
:10C2600040781049097809B9012100E0002101EB6B
:10C27000810100EB410241F27C11284600F06EFB87
:10C28000094840780849097809B9012100E00021EE
:10C2900001EB810100EB410241F27D11284600F0E3
:10C2A0005DFB70BDD41E0020E21E00200021024A6A
:10C2B000A2F8E010704700006043002010B504466B
:10C2C0008648007800F0010058B9844809F0CBFD99
:10C2D00038B1834802F0C8FF824908607F48AFF355
:10C2E00000807F4802F0C0FFD4F8DC10401A41F211
:10C2F0008831884202D9002084F8D90094F8860059
:10C30000DE287DD12046FCF70FFF204600F03CF9E7
:10C31000204600F067FB2046FFF7BEF92046FFF7F6
:10C3200011FF6F4802F0A0FF6E490968401AB0F58E
:10C330007A7F66D36A4802F097FF6A490860B4F8CA
:10C340009E0000280BDDB4F89E00012802D166484B
:10C35000FAF75EFFB4F89E00401EA4F89E00634802
:10C3600090F8E600672801D1002000E00A2002468C
:10C3700041F2CD01204600F0F1FA5D48FBF7F2FCF6
:10C380005B48FFF759FA5A48FEF77AFD5848FFF71D
:10C3900073FE2046FEF772FF2046FFF755F9D4F8EA
:10C3A000A400E8B1D4F8A400012814D10020207022
:10C3B000607000224FF480512046FEF7FFFD0022FE
:10C3C00041F201012046FEF7F9FD002241F20A1177
:10C3D0002046FEF7F3FDD4F8A400401EC4F8A400E4
:10C3E000207820B9607810B90020C4F8A400D4F8EF
:10C3F000A80090B1D4F8A800012809D1002001E0DC
:10C400005BE059E03B49487000212046FFF7B8FD4A
:10C41000D4F8A800401EC4F8A8003648407810B9E7
:10C420000020C4F8A80014F8A00F401C207014F8D5
:10C43000A00905284BDD002084F8A000002241F26D
:10C440006901204600F08AFA2B48007810B12A488A
:10C45000807800E00520024641F26701204600F0A6
:10C460007DFA2448007810B12248807800E0052049
:10C47000024641F26801204600F070FA1E48B0F909
:10C4800004102046FFF7E0FC1A48B0F904102046DB
:10C49000FFF786FD1948007808B1FF2000E0002072
:10C4A000024641F22711204600F058FA2046FFF7D5
:10C4B0005FFC2046FFF792F809E0114809F0B6FC4E
:10C4C00010B994F8860010B92046FBF7FDFC0D4822
:10C4D000FAF700FD0A4808F04FFE10BD04050020E1
:10C4E000C01B00200805002070470020101C002001
:10C4F00060430020E21E0020D41E0020A423002060
:10C50000584400209C3800202DE9F04107460D4694
:10C510001646062D01D3BDE8F0810C4800EBC5049A
:10C5200016B14FF4707000E0A088024621883846AA
:10C53000FEF73CFE16B140F2AE2000E0E088024675
:10C5400061883846FEF732FE00BFE4E790850308B5
:10C550002DE9F043A1B081460C4615466846F7F731
:10C5600043FE83216846F7F7F5FD804621B2F7F7D1
:10C5700022FE07462946F7F70FFE0646F7F7DAFDD3
:10C5800021B0BDE8F083000010B50446C64800782D
:10C5900000F0010068B9C44809F065FC48B1C3481F
:10C5A00002F062FE00F21A40C1490860BE48AFF3D3
:10C5B0000080C048007800F0010068B9BD4809F06B
:10C5C00052FC48B1B94802F04FFE00F5FA60BA4992
:10C5D0000860B848AFF30080B848007800F0010068
:10C5E00068B9B64809F03FFC48B1B04802F03CFEDB
:10C5F00000F21310B2490860B048AFF30080B148B0
:10C60000007800F0010068B9AE4809F02CFC48B190
:10C61000A64802F029FE00F20D20AB490860A948A7
:10C62000AFF30080A948007800F0010068B9A7487E
:10C6300009F019FC48B19D4802F016FE00F64D00C5
:10C64000A3490860A148AFF3008094F87E00012858
:10C6500013D1964802F008FE97490968401AC82885
:10C660000BD3924802F000FE93490860032241F286
:10C6700023012046FFF76CFF10BD8C4802F0F4FD4B
:10C680008B490968401AB0F5967F2DD3874802F090
:10C69000EBFD874908608F48007828B907224FF4DE
:10C6A00080512046FFF754FF8A480078012811D1B5
:10C6B000012241F254012046FFF74AFF012241F2D4
:10C6C00055012046FFF744FF012241F25601204662
:10C6D000FFF73EFF80480078401CC0B27E490870DA
:10C6E000012801DD00200870704802F0BDFD74498A
:10C6F0000968401AB0F57A7F0DD36C4802F0B4FD9A
:10C700006F490860042210212046FFF721FF2046D0
:10C71000FCF7BAFBB0E794F87E00052822D1634805
:10C7200002F0A2FD68490968401AC8281AD35F4878
:10C7300002F09AFD644908606748007810B941F238
:10C74000370001E041F23800014601222046FFF7A0
:10C75000FFFE6148007808B9012000E000205E4932
:10C76000087089E794F87E00062834D14F4802F01B
:10C770007BFD55490968401AC8282CD94B4802F05E
:10C7800073FD514908605448007828B9012241F2EC
:10C7900034012046FFF7DCFE4F480078012805D120
:10C7A000012241F203012046FFF7D2FE4A480078F9
:10C7B000052805D1012241F244012046FFF7C8FEB9
:10C7C00045480078401CC0B243490870052801DD87
:10C7D0000020087050E7354802F046FD3C490968E2
:10C7E000401AB0F5FA7F0AD9304802F03DFD3849C9
:10C7F0000860012214212046FFF7AAFE3CE794F8C6
:10C800007E00072814D1294802F02EFD2E49096820
:10C81000401AB0F5FA7F0BD9244802F025FD2A49C9
:10C820000860012241F231012046FFF791FE23E723
:10C8300094F87E00082834D11C4802F015FD2249E6
:10C840000968401AC8282CD9184802F00DFD1E4965
:10C8500008602148007828B9012241F26B01204686
:10C86000FFF776FE1C480078012805D1012241F22D
:10C870002C012046FFF76CFE17480078022805D1EE
:10C88000012241F22D012046FFF762FE1248007896
:10C89000401CC0B210490870022801DD0020087059
:10C8A000EAE600BFE8E6000028050020C01B0020E3
:10C8B0002C05002024050020300500202005002044
:10C8C000340500201C050020380500201805002034
:10C8D0003C05002041050020400500202DE9F04FD7
:10C8E000A9B004460F4615461E46DDF8C88094F8E8
:10C8F0008600DE2802D029B0BDE8F08F08A8F7F73F
:10C9000073FC822108A8F7F725FC9C210190F7F71A
:10C9100052FC5A210290F7F73FFCA5210390F7F74C
:10C920003BFC39460490F7F737FC29460590F7F7AA
:10C9300033FC83463146F7F72FFC41460690F7F764
:10C940002BFC07903399F7F727FC82463499F7F7C9
:10C9500023FC8146F7F7EEFB00BFCCE72DE9F0435F
:10C96000A1B081460C4615466846F7F73DFC82218A
:10C970006846F7F7EFFB804621B2F7F71CFC074645
:10C980002946F7F718FC0646F7F7D4FB21B0BDE8B7
:10C99000F083000030B50446114890F8C45090F878
:10C9A000C300C0EB001005EB80020D4890F8C650A4
:10C9B00090F8C500C0EB001005EB8003084890F824
:10C9C000C15090F8C000C0EB001005EB800191420F
:10C9D00003D3994201D2012030BD0020FCE70000C2
:10C9E000604300202DE9F04FF1B00446F94800788B
:10C9F00000F0010058B9F74809F035FA38B1F648A7
:10CA000002F032FCF5490860F248AFF30080F248CA
:10CA100002F02AFCF1490968401AB0F5FA7F02D207
:10CA200071B0BDE8F08FEC4802F01EFCEB490860E5
:10CA3000002568E094F86F00022803D1E84850F818
:10CA400025000DE0E64850F82510E34802F02EFCE2
:10CA500083460AF0EDFF0FFA80FA50460BF024F8F7
:10CA600081460AF0E5FF00B26EA921F815006EA814
:10CA700030F815006BA921F81500D9484830405D01
:10CA8000F0B9D7485230405DD0B9D648405D00F08B
:10CA9000010078B304F17000405D01282AD1D0492B
:10CAA00051F82500D0490BF02BF823D2002104F1D6
:10CAB00070004155002229462046FFF725FD19E068
:10CAC000FF206BA921F81500C648405D00F0010069
:10CAD00080B1FF206EA921F8150004F17000405DBF
:10CAE00020B9012229462046FFF70EFD012104F15D
:10CAF00070004155BB48405D18B9FF206BA921F873
:10CB00001500681CC5B2052D94DB94F86F0002284F
:10CB100004D1B3483438B0F948000EE0B049343994
:10CB2000B1F948000AF0C0FF81464946AA4802F020
:10CB3000BDFB05460AF07CFF00B26590A84834387A
:10CB400090F8900090B9A648343890F8920068B9EF
:10CB50007620005D01280ED1A1483438B0F9480094
:10CB6000732808DA00217620015504E0FF20659043
:10CB700001217620015594F86F00022803D19848CE
:10CB80003438006D0DE096483438016D924802F05B
:10CB90008DFB82460AF04CFF0FFA80F948460AF0F6
:10CBA00083FF05460AF044FF0FFA80F88C483438BA
:10CBB00090F89400C0B98A48343890F8960098B933
:10CBC0007520005D01281CD185493439086D8649DE
:10CBD0000AF096FF15D2002175200155002205218B
:10CBE0002046FFF791FC0CE04FF0FF087520005D38
:10CBF00020B9012205212046FFF786FC012175207E
:10CC0000015594F86F00022804D175483438B0F902
:10CC10004A000EE072493439B1F94A000AF044FF83
:10CC2000814649466C4802F041FB05460AF000FF88
:10CC300000B264906A48343890F88C0090B9684823
:10CC4000343890F88E0068B97720005D01280ED145
:10CC500063483438B0F94A00732808DA0021772095
:10CC6000015504E0FF2064900121772001555C48C4
:10CC7000343890F8E80088B100206490002241F236
:10CC800016112046FFF76AFE5548343890F8742094
:10CC900041F217112046FFF761FE05E00A2241F23A
:10CCA00017112046FFF75AFE5048C07800EBC0012C
:10CCB0004E48001D00EBC10090F8450008B1FF2070
:10CCC00023E094F86F0002280AD14848C07800EBAE
:10CCD000C0014648001D00EBC100B0F9240014E07B
:10CCE0004249C97801EBC1024049091D01EBC2016B
:10CCF000B1F924000AF0D8FE81464946364802F0D0
:10CD0000D5FA05460AF094FE00B2639000200FE0C9
:10CD100033497431095C19B931497631095C09B17B
:10CD2000022101E03249095C68AA1154411CC8B2D1
:10CD30000228EDDB2E488C38FAF712FE67902D485A
:10CD4000007810B92B48C07808B1012000E000201D
:10CD500066902648C07800EBC0012448001D00EB17
:10CD6000C100807950B92148C07800EBC0011F484C
:10CD7000001D00EBC10090F8450008B1022066904C
:10CD80001A48C07800EBC0011848001D00EBC10034
:10CD900047781648C07800EBC0011448001D10F811
:10CDA000310050B91148C07800EBC0010F48001D98
:10CDB00000EBC10090F8450000B10227002026E0FA
:10CDC00007496831095C19B905496D31095C99B1A8
:10CDD000022118E044050020C01B00204805002067
:10CDE000441C0020441D00200000E642F01E0020EC
:10CDF000BC1E002060430020C649095C002901DDFB
:10CE0000012100E0002169AA1154411CC8B2052883
:10CE1000D6DBC148C07800EBC001BF48001D00EB65
:10CE2000C100406B4FF46161B0FBF1F0A4F8660003
:10CE3000B948C07800EBC001B748001D00EBC10045
:10CE4000806B4FF46161B0FBF1F0A4F86000204604
:10CE5000FCF7D2F842A8F7F7C7F9822142A8F7F702
:10CE600079F941F20E011190F7F7A5F91290BDF989
:10CE7000B811F7F7A0F91390BDF9BA11F7F79BF9BC
:10CE80001490BDF9BC11F7F796F91590BDF9BE11D4
:10CE9000F7F791F91690BDF9C011F7F78CF91790D3
:10CEA0006599F7F788F941461890F7F784F91990D2
:10CEB000B4F8600001B21998F7F77DF91A90B4F848
:10CEC000660001B21A98F7F776F91B909DF8A41145
:10CED000F7F771F91C909DF8A511F7F76CF91D9003
:10CEE0009DF8A611F7F767F91E909DF8A711F7F7BF
:10CEF00062F983469DF8A811F7F75DF91F909DF838
:10CF0000A011F7F758F920909DF8A111F7F753F900
:10CF100082466799F7F74FF981466699F7F74BF91B
:10CF20000546F7F707F941F204012046639AFFF737
:10CF300015FD3A4641F257012046FFF70FFD7748AD
:10CF400000684FF46161B0FBF1F005B22A464FF47E
:10CF500083512046FFF702FD714890F8E60007284C
:10CF600003DA6F4890F8E60000E0002006466C48BF
:10CF700090F8B60018B96A4890F8B50030B10022B0
:10CF800041F2CE012046FFF7E9FC17E0032E06DA56
:10CF9000012241F2CE012046FFF7E0FC0EE0052E13
:10CFA00006DD032241F2CE012046FFF7D7FC05E063
:10CFB000022241F2CE012046FFF7D0FC2046FFF7C7
:10CFC00011F8584981F8E900084690F8E92041F243
:10CFD000C1012046FFF7C2FC4F49C97801EBC102ED
:10CFE0004D49091D01EBC20188684F490AF0BCFD9B
:10CFF00081460AF039FD05B22A4641F25801204621
:10D00000FFF7ACFC21A8F7F7EFF8822121A8F7F78A
:10D01000A1F841F2A1011C90F7F7CDF81D90BDF9E0
:10D02000AC11F7F7C8F88346BDF9AE11F7F7C3F8AE
:10D030001E90BDF9B011F7F7BEF88246BDF9B211E6
:10D04000F7F7B9F88146BDF9B411F7F7B4F81F90B6
:10D050006499F7F7B0F831462090F7F7ACF8054639
:10D06000F7F768F894F87E00172850D12F48007819
:10D0700088B3FF2241F227112046FFF76FFC684674
:10D08000F7F7B2F882216846F7F764F805464FF4DF
:10D090008951F7F790F8002519E094F86F000128FE
:10D0A00007D12248103050F825102046FDF76AFFBE
:10D0B00006E01E49103151F825000AF0B9FC00B213
:10D0C000814649466846F7F776F8681CC5B2042DD4
:10D0D000E3DB00250FE014E01448083030F81500B9
:10D0E0000A2190FBF1F00FFA80F949466846F7F7FC
:10D0F00062F8681CC5B2032DEEDB6846F7F71AF834
:10D1000005E0002241F227112046FFF727FC00BF6F
:10D1100086E400004E1D0020F01E00209017002025
:10D12000101C00206043002000002041A4230020A8
:10D1300010B50446F8212046F3F71FFB012084F8C0
:10D14000E2000020607020707D2084F890000021B3
:10D150009120015592200155112193200155002065
:10D160006234207684F82400A087A4F87E0084F836
:10D170008100334981F87900A0800220607301208A
:10D18000E072182020800220A070623C0921C32098
:10D1900001551621C520015550207C34E08019200E
:10D1A0002081322084F83000052020803C2020841B
:10D1B0000120A077002020677C3C00BF3CE0214993
:10D1C00031F81020A11D21F810201F4931F810203E
:10D1D00004F1100121F810201C4931F8102004F14D
:10D1E000420121F810201A4931F8102004F12E01D3
:10D1F00021F81020174931F8102004F1240121F8FA
:10D200001020154931F8102004F11A0121F81020DE
:10D21000124931F8102004F1380121F8102010498A
:10D2200031F8102004F1560121F8102000220A39AB
:10D2300021F81020411CC8B20528C0DB204610BDD3
:10D2400060430020C0850308CA850308D48503080D
:10D25000DE850308E8850308F2850308FC850308DA
:10D260000686030800210FE0002300F1300253542A
:10D27000121D5354121D5354121D5354002280F892
:10D28000402080F84120491C0429EDDB7047000054
:10D2900010B50446207858B9002020610021616152
:10D2A000A161E16120816181A1816080A180E18033
:10D2B00000200DE00022A11C21F810207A49421D17
:10D2C000895C21B14FF47A72A11C21F81020401C16
:10D2D0000328EFDB754801F0C7FFE16A401AB0F59B
:10D2E0007A7F7DD9714801F0BFFFE06294F8410078
:10D2F000002869D100BF65E06D49CA7AC11D8A4224
:10D3000002D16B49097839B96A490A7BC11D8A4241
:10D3100057D168490978E9B367490978D1BB04F165
:10D32000200131F91010FF290CDC04F13401095CF3
:10D330000F2907DA04F13401095C491CCAB204F16F
:10D3400034010A5404F1200131F91010FF2903DDE2
:10D35000002204F134010A5404F13401095C0E295D
:10D3600003DD012204F13C010A5404F1200131F9EA
:10D37000101040F6AC5291420EDD04F13001095C10
:10D380000F2909DA04F13001095C491CCAB204F121
:10D39000300100E015E00A5404F1200131F91010C9
:10D3A00040F6AC52914203DC002204F130010A54F1
:10D3B00004F13001095C0E2903DD012204F138017A
:10D3C0000A54401C042897DB207880B994F8280080
:10D3D00068B194F840000A2809DA3748007800E07C
:10D3E0000CE020B994F84000401C84F8400094F808
:10D3F00040000A2802DB012084F841002C48007814
:10D4000058B12B48807A052848DA2948C07A07287D
:10D4100003DB2748C07A0A2840DD2648007858B147
:10D420002448007A052839DA2248007B072803DBE4
:10D430002048007B0A2831DD204890F83F0005286D
:10D4400004DB1E4890F83F00072827DD1B4890F8B2
:10D450004000052804DB194890F8400007281DDD2E
:10D46000164890F84100052804DB144890F8410064
:10D47000072813DD114890F84200052804DB0F4807
:10D4800090F84200072809DD0C4890F84300052871
:10D4900006DB0A4890F84300072801DC012000E081
:10D4A000002084F8280010BDBC1E0020C01B0020F6
:10D4B000E21E0020D41E00203C040020441D002059
:10D4C00010B5044644212046F3F757F9204610BD15
:10D4D00010B5044694F8440018B1044801F0C4FEA5
:10D4E00020640020A07184F8450010BDC01B0020FE
:10D4F00070B504462D48007800F0010058B92B485B
:10D5000008F0B1FC38B12A4801F0AEFE29490860A4
:10D510002648AFF3008094F8440090B1244801F00D
:10D52000A3FE216C401A44F62061884206D92248A5
:10D53000007818B9012084F8450002E0002084F842
:10D540004500012084F83C00207918B9002084F8B7
:10D550003C001CE0207901280AD16079042803D11D
:10D56000002084F83C0012E0012084F83C000EE02A
:10D570002079022802D184F83C0008E020790328B1
:10D5800002D184F83C0002E0012084F83C00E178FC
:10D590000A48F9F727FD0646E1690AF0E5FA05466B
:10D5A00007490AF0E1FA206270BD0000780400200B
:10D5B000C01B00207C0400203C040020F01E002042
:10D5C000BC74133D10B5044648212046F3F7D5F846
:10D5D0000120A070092084F83D00204610BD000005
:10D5E00010B50446227B184951F822000AF020FAAF
:10D5F00000B2A080B4F90600B4F90A10401AB4F9D8
:10D60000041088420CDB607850B11048007828B9CB
:10D610000E48407810B90D48C07808B10120A070BC
:10D62000607870B10948007828B90848407810B986
:10D630000648C07828B1B4F90400B4F9061088424D
:10D6400001DB0020A07010BDFC1C00206043002006
:10D650000146002007E0652301F15E021354052313
:10D66000121D1354401C0428F5DB704701B588B027
:10D67000FE48408808B1012100E00021089880F8A8
:10D68000BD10FA48808808B1012100E00021089807
:10D6900080F8BE10F548C08808B1012100E00021E3
:10D6A000089880F8BF10002007902FE0F0480799F5
:10D6B00010F8112008989C304254ED480A30079920
:10D6C00010F811200898A1304254E9480A38079907
:10D6D000425C0898A6304254E5485C300799425CA9
:10D6E0000898B0304254E24814300799425C0898D8
:10D6F000B5304254DE488C30079910F8110042B220
:10D700000898AB3042540798401C079007980528AA
:10D71000CCDBD8484178089880F88D10D54801783E
:10D72000089880F88C10D44890F89610089880F8E3
:10D730008E10D048C178089880F88F10CF48417873
:10D74000089880F89410CD488179089880F8951051
:10D75000CA4801890898A0F89610C74890F8371071
:10D76000089880F89810C44890F89010089880F8AD
:10D770009910C348C07800EBC001C148001D00EB00
:10D78000C1004178089880F8BA10BB4890F833106F
:10D79000089880F89A10B84890F83410089880F8E3
:10D7A0009B10B54890F88C10089880F8BB10B248D0
:10D7B00090F88D10089880F8BC10B248417808980D
:10D7C00080F89110AF488179089880F89210AD48A0
:10D7D000817A089880F89310A74890F83810089834
:10D7E00080F8C110A44890F83910089880F8C21049
:10D7F000A14890F83A10089880F8C310A24890F811
:10D80000E610089880F8C4109D48C07800EBC0016D
:10D810009B48001D00EBC10090F83C10089880F870
:10D82000C5109548FAF79CF808B1012100E00021E5
:10D83000089880F890108F4890F8C310089880F8E6
:10D84000C7108C4890F8C410089880F8C610894812
:10D8500090F8C510089880F8C910864890F8C6104E
:10D86000089880F8C810834890F88210089880F8CB
:10D87000CC10804890F88410089880F8CD107D482E
:10D88000B0F89C100898A0F8CA107A4890F8621076
:10D89000089880F8CE10774890F87C10089880F8A7
:10D8A000CF10744890F86F10089880F8D010714825
:10D8B00090F86D10089880F8D110744890F84C10CA
:10D8C000089880F8D210714890F84C0000EB4001A5
:10D8D0006E48103000EB41004178089880F8D41071
:10D8E000089890F8D40008B1012100E000210898C0
:10D8F00080F8D3106248C178089880F81511604804
:10D900004178089880F816110020079010E05F48D1
:10D9100008300799425C0898EA3042545B480C3062
:10D920000799425C0898EE3042540798401C0790D3
:10D9300007980428EBDB544890F87410089880F896
:10D94000C010002007900EE0079800EB40014F4800
:10D95000103000EB410042780898DF3007994254BC
:10D960000798401C079007980A28EDDB00200790D5
:10D9700012E0079800EB40014448103000EB4100F2
:10D98000407808B1012200E000220898D5300799BC
:10D9900042540798401C079007980A28E9DB0020AA
:10D9A000079049E0079800EBC0013548001D00EBE7
:10D9B000C10090F8440000B93BE0079800EBC001BB
:10D9C0002F48001D00EBC1000179079800EB800291
:10D9D0000898F2308154079800EBC0012848001DD8
:10D9E00000EBC1004179079800EB80020898F23003
:10D9F00010444170079800EBC0012148001D00EB66
:10DA0000C1008179079800EB80020898F230104439
:10DA10008170079800EBC0011948001D00EBC100A0
:10DA20004178079800EB80020898F2301044C170EA
:10DA300000BF0798401C079007980728B2DB08989A
:10DA4000417890F88D0081423CD0089890F88D0084
:10DA500000B30848B0F8620061281CDA0548B0F845
:10DA600062004FF461614843024911E0A4230020A1
:10DA7000621D002060430020301E0020E21E0020B6
:10DA8000F01E0020D41E0020101C0020E8230020DF
:10DA9000C1F8A40003E00020FE49C1F8A4000898E2
:10DAA00090F88D104170FF20162307227F210090EF
:10DAB000F94802F02DFBF948F8F74AFC0121F84833
:10DAC00080F83D100898017890F88C00814229D0A8
:10DAD000089890F88C0090B1EE48B0F86200612888
:10DAE00009DAEC48B0F862004FF461614843E94953
:10DAF000C1F8A40003E00020E649C1F8A40008989A
:10DB000090F88C100170FF20162307227F210090CF
:10DB1000E14802F0FDFAE148F8F71AFC0121E0487B
:10DB200080F83D100898C17890F88F00814234D079
:10DB3000089890F88F10C170089890F88F00D54918
:10DB40000870089890F88F004870002007900DE04A
:10DB5000D4490798085C30B1089890F88F2001F1FB
:10DB60001400079942540798401C0790079805280D
:10DB7000EEDB089890F88F00024641F2030107900F
:10DB8000C448FDF71BFA089890F88F00024641F24E
:10DB90000C010790BF48FEF7E1FE0898017A90F863
:10DBA000940081422BD0089890F894100172FF20C5
:10DBB000162307227F210090B74802F0A9FAB74840
:10DBC000F8F71EFC089890F8940001460790B148B9
:10DBD000FEF7D6F90121B24880F83D10089890F878
:10DBE000940060B1B0480089B0F5B46F07DCAE486E
:10DBF0000089C0EB00108000A649C1F8A800089871
:10DC0000417990F8910081421AD0089890F89110CB
:10DC10004171FF20162307227F2100909E4802F0C9
:10DC200077FA9E48F8F748F9089890F8910001466D
:10DC300007909848FEF7D6FA0121994880F83D10E0
:10DC40000898017B90F89800814229D0089890F8B4
:10DC500098100173089890F8980040B18D48B0F87A
:10DC60007C00C0EB001081009048C16402E00021FC
:10DC70008E48C164FF202A2307227F210090864816
:10DC800002F046FA04218548F8F77EFD089890F8DE
:10DC90009800024641F2540107907E48FDF78EF944
:10DCA0000898817B90F89A00814229D0089890F8D2
:10DCB0009A108173089890F89A0040B17548B0F8AE
:10DCC0007C00C0EB001080007849C86302E00020AF
:10DCD0007649C863FF202A2307227F2100906E48DF
:10DCE00002F016FA00216D48F8F74EFD089890F8FA
:10DCF0009A00024641F2550107906648FDF75EF929
:10DD00000898C17B90F89B00814229D0089890F830
:10DD10009B10C173089890F89B0040B15D48B0F823
:10DD20007C00C0EB001081006048016402E000212B
:10DD30005E480164FF202A2307227F210090564875
:10DD400002F0E6F901215548F8F71EFD089890F811
:10DD50009B00024641F2560107904E48FDF72EF90E
:10DD6000089890F8381090F8C40081420FD00898B5
:10DD700090F8C41080F83810FF20152307227F2167
:10DD80000090454802F0C4F94448F8F777F908983C
:10DD900090F8391090F8C50081420FD0089890F89B
:10DDA000C51080F83910FF20152307227F2100902D
:10DDB000394802F0ADF93948F8F760F90898017967
:10DDC00090F8900081420ED0089890F89010017160
:10DDD000FF20152307227F2100902F4802F098F999
:10DDE0002E48F8F74BF9089890F8341090F8C000D6
:10DDF000814213D0089890F8C01080F834100021A8
:10DE0000254801F0F5FF2548F8F738F9089890F80B
:10DE1000C000014607901F48FDF794F9089890F854
:10DE20003B1090F8C700814245D0089890F8C71081
:10DE300080F83B10089890F8C61080F83A10FF2040
:10DE4000292307227F210090134802F061F9012263
:10DE500000211248F8F708FC089890F8C6000A213B
:10DE600090FBF1F1089890F8C70000EB400001EB3F
:10DE7000400000B2024641F2370107900548FEF724
:10DE80006DFD0448FDF762FDB4200249A1F89E0033
:10DE900001210DE060430020C4040020F3040020B1
:10DEA000AC480020441D0020E21E0020301E00204F
:10DEB000FE4880F83F10089890F83A1090F8C60095
:10DEC000814236D0089890F8C71080F83B10089827
:10DED00090F8C61080F83A10FF20292307227F21EE
:10DEE0000090F34802F014F901220021F148F8F7FC
:10DEF000BBFB089890F8C6000A2190FBF1F1089846
:10DF000090F8C70000EB400001EB400000B2024671
:10DF100041F237010790E848FEF720FDE648FDF79B
:10DF200015FDB420E449A1F89E000121DF4880F8E6
:10DF30003F10089890F83D1090F8C900814236D003
:10DF4000089890F8C91080F83D10089890F8C8100B
:10DF500080F83C10FF20292307227F210090D4481D
:10DF600002F0D6F800221146D248F8F77DFB089857
:10DF700090F8C8000A2190FBF1F1089890F8C900C8
:10DF800000EB400001EB400000B2024641F23801D4
:10DF90000790C948FEF7E2FCC748FDF7C3FFB4206D
:10DFA000C549A1F89E000121C04880F83F1008989B
:10DFB00090F83C1090F8C800814236D0089890F84C
:10DFC000C91080F83D10089890F8C81080F83C10EF
:10DFD000FF20292307227F210090B54802F098F8FE
:10DFE00000221146B348F8F73FFB089890F8C800A4
:10DFF0000A2190FBF1F1089890F8C90000EB40006D
:10E0000001EB400000B2024641F238010790AA48F5
:10E01000FEF7A4FCA848FDF785FFB420A649A1F8A7
:10E020009E000121A14880F83F10089890F8401008
:10E0300090F8CC00814230D0089890F8CC1080F84D
:10E040004010FF20292307227F210090984802F0EA
:10E050005FF89948B0F8820000B2024641F22C0104
:10E0600007909548FEF77AFC9348FEF793FC70B151
:10E07000914890F8840007908F4890F882004FF400
:10E080007A73069001468C48079AFAF739FFB42054
:10E090008949A1F89E00A1F89E00089890F84110C7
:10E0A00090F8CD00814230D0089890F8CD1080F8DB
:10E0B0004110FF20292307227F2100907C4802F095
:10E0C00027F87D48B0F8840000B2024641F22D01E5
:10E0D00007907948FEF742FC7748FEF75BFC70B981
:10E0E000754890F884000790734890F882004FF4C8
:10E0F0007A73069001467048079AFAF701FFB42038
:10E100006D49A1F89E00A1F89E000898C18FB0F853
:10E11000CA0081420FD00898B0F8CA10C187FF200A
:10E12000292307227F210090614801F0F1FFB420EC
:10E130006149A1F89E000898417A90F895008142C3
:10E140001ED0089890F895104172032013230722DF
:10E150007F210090564801F0DBFF5648F8F750FA4F
:10E16000089890F89500014607905348FDF7E8FCA1
:10E17000B4205149A1F89E0001214C4880F83F107D
:10E1800008984189B0F89600814216D00898B0F8F6
:10E19000961041810320132307227F2100904448D9
:10E1A00001F0B6FF4348F8F72BFAB4204249A1F832
:10E1B0009E0001213D4880F83F100898817990F831
:10E1C000920081421ED0089890F89210817103202D
:10E1D000132307227F210090354801F099FF35482D
:10E1E000F7F76AFE089890F89200014607903248C7
:10E1F000FDF730FBB4203049A1F89E0001212B48E7
:10E2000080F83F10089890F8421090F8CE008142B4
:10E210003CD0089890F8CE1080F84210089890F8FA
:10E220004200602804DD00202349C1F8A40008E072
:10E23000089890F8CE004FF4616148431E49C1F838
:10E24000A4001C48F8F7DCF90320132307227F21E0
:10E250000090174801F05CFF089890F8CE00014646
:10E2600007901548FCF7D0FD089890F8CE000246BC
:10E2700041F2340107901048FEF770FBB4200E49BC
:10E28000A1F89E000121094880F83F10089890F8F5
:10E29000431090F8CF0081422CD0089890F8CF100E
:10E2A00080F843100348F8F7ABF907E0AC480020CA
:10E2B000C4040020F3040020604300200320132343
:10E2C00007227F210090FC4801F022FF089890F877
:10E2D000CF00024641F244010790F848FEF73EFBAA
:10E2E000089890F8CF00024641F244010790F348A5
:10E2F000FEF734FB0898C17990F89300814216D05C
:10E30000089890F89310C171ED48F7F7D5FD0320F8
:10E31000132307227F210090E74801F0F9FEB42083
:10E32000E649A1F89E000121E64880F83F10002050
:10E33000079049E0089835300799425C0898C13049
:10E34000405C82423DD00898C1300799425C0898F1
:10E3500035304254FF202A2307227F210090D648DF
:10E3600001F0D6FE0898C1300799405C58B1D348F7
:10E37000B0F87C00C0EB001082000798401DD24925
:10E3800041F8202005E000220798401DCE4941F8C1
:10E3900020200798401DC0B201460690C848F8F7F3
:10E3A000F3F90898C1300799405C0690084641F29D
:10E3B0001011084480B205900146C048069AFEF745
:10E3C000CDFA0798401C079007980328B2DB00207D
:10E3D00007902AE0089831300799425C0898BD30D0
:10E3E000405C82421ED00898BD300799425C089874
:10E3F00031304254FF202A2307227F210090AE486B
:10E4000001F086FEFF202B23072225210090AA4839
:10E4100001F07EFE0798401DC0B201460690A84854
:10E42000F8F7B2F90798401C079007980328D1DB4A
:10E430000020079041E0089810300799425C089846
:10E440009C30405C824235D008989C300799425CF1
:10E45000089810304254FF20192307227F21009092
:10E46000954801F055FE0798C0B20122014606907A
:10E470009348F8F7F9F8954890F8491007988142C1
:10E4800010D1924890F849101E3030F911000590D3
:10E4900009F00AFB014606908848FAF78DFD874887
:10E4A000FCF70EFCB4208549A1F89E0001218548A7
:10E4B00080F83D100798401C079007980528BADBA4
:10E4C0000020079041E0089815300799425C0898B1
:10E4D000A130405C824235D00898A1300799425C57
:10E4E000089815304254FF201A2307227F210090FC
:10E4F000714801F00DFE0798C0B200220146069057
:10E500006F48F8F7B1F8714890F8491007988142C0
:10E5100010D16E4890F84910283030F9110005905C
:10E5200009F0C2FA014606906448FCF7F9FC63481A
:10E53000FCF7C6FBB4206149A1F89E0001216148A7
:10E5400080F83D100798401C079007980528BADB13
:10E550000020079033E008981A300799425C089829
:10E56000A630405C824227D00898A6300799405CCC
:10E57000022804D1012255487A300799425408985C
:10E58000A6300799425C08981A304254FF2016239F
:10E5900007227F210090484801F0BAFD0798C0B2D9
:10E5A000014606904648F7F751FE0121089880F889
:10E5B0001911444880F83E100798401C07900798AE
:10E5C0000528C8DB002007902DE008982430079923
:10E5D000425C0898B030405C824221D00898B0304C
:10E5E0000799425C089824304254FF201B230722DD
:10E5F0007F210090304801F08BFD0798C0B20146A2
:10E6000006902F48F7F728FB0121089880F8181189
:10E61000B4202A49A1F89E0001212A4880F83E1022
:10E620000798401C079007980528CEDB002007902C
:10E630003BE0089829300799425C0898B530405C67
:10E6400082422FD00898B5300799425C089829304B
:10E650004254FF201B2307227F210090164801F01F
:10E6600057FD1748F7F702FF184890F84910079828
:10E6700081420FD115487A300799405C50B1134858
:10E6800032300799405C024641F2240106900B4863
:10E69000FEF764F9B4200949A1F89E000121094858
:10E6A00080F83E100798401C079007980528C0DBAB
:10E6B000002007906AE00000C404002060430020AE
:10E6C000F3040020AC4800206C1E0020441D0020F4
:10E6D00008981F30079942560898AB30405682423E
:10E6E00051D00898AB300799425C08981F304254CB
:10E6F0000620132307227F210090FE4801F008FD29
:10E70000FD48079930F81100142101EB400000B2D8
:10E71000069041F27C010798084480B205900146BA
:10E72000F648069AFEF71AF9F44890F86F000128A7
:10E730000DD1F148079930F91100019008F08BFDD7
:10E74000EF4AF04BCDE9020108F0ECFD06E0EA48A3
:10E75000079930F91100039008F07DFDCDE904011F
:10E7600008F04AFD00B2069041F282010798084481
:10E7700080B205900146E148069AFEF7EFF8B42012
:10E78000DE49A1F89E000798401C079007980528CD
:10E790009EDB089890F8441090F8D000814210D089
:10E7A000089890F8D01080F84410D44890F86F0082
:10E7B00001460790D148FAF7FFFAB420CF49A1F8F3
:10E7C0009E000898817890F88E00814213D00898B6
:10E7D00090F88E1081700021C64801F009FBC748EF
:10E7E000FDF760FC089890F88E0020B14FF4E160CE
:10E7F000C549C1F89800089890F8451090F8D100E4
:10E80000814212D0089890F8D11080F84510BB488A
:10E8100090F86D00024641F233010790B748FCF7CB
:10E82000CDFBB420B549A1F89E00089890F8461099
:10E8300090F8D20081422CD0089890F8D21080F83D
:10E840004610089890F8D20000EB4001AF4810F84D
:10E850001100022817D1089890F8D20000EB40016F
:10E86000AA4800EB4100808800B2024641F26A11DA
:10E870000790A248FEF772F8012241F27A119F48F0
:10E88000FEF76CF805E0002241F27A119B48FEF792
:10E8900065F8089890F8481090F8D40081420ED09E
:10E8A000089890F8D41080F84810089890F8D40090
:10E8B000024641F26B1107909048FEF74FF8089816
:10E8C000417B90F89900814207D0089890F8991000
:10E8D00041730021874801F08BFA0020079029E05E
:10E8E000089853300799425C0898DF30405C8242B8
:10E8F0001DD00898DF300799425C08985330425485
:10E900000898DF300799405C0A2190FBF1F000B2D3
:10E910000690079800F58D5080B205900146774823
:10E92000069AFEF71BF80121794880F84C100798E9
:10E93000401C079007980A28D2DB002007906CE063
:10E9400008985E300799425C0898EA30405C824241
:10E9500008D1089862300799425C0898EE30405C14
:10E96000824257D00898EA300799425C08985E3096
:10E9700042540898EE300799425C0898623042543D
:10E980000898EA300799405C0690084641F28411E5
:10E9900001EB800080B2059001465848069AFDF7C9
:10E9A000DDFF0898EA300799405C112190FBF1F2F5
:10E9B000089800F1EE010798085C401E00EB40004B
:10E9C00002EB400000B20690079800F58C5080B230
:10E9D000059001464948069AFDF7C0FF0898EE30B9
:10E9E0000799405C10B14FF4C57001E040F262201D
:10E9F000069042F2A2011022079802FB001080B29A
:10EA0000059001463D48069AFCF7D0FB012140489D
:10EA100080F84C100798401C0790079804288FDB5B
:10EA20000020079090E0079800EB80010898F230F2
:10EA3000415C079800EB800208986630805C814258
:10EA40000FD1079800EB80010898F2300844417814
:10EA5000079800EB800208986630104440788142A5
:10EA60001CD0079800EB80010898F230415C0798B1
:10EA700000EB8002089866308154079800EB800113
:10EA80000898F23008444178079800EB8002089813
:10EA90006630104441701948FCF7D6FD079800EB2A
:10EAA00080010898F23008448178079800EB8002D2
:10EAB0000898663010448078814210D0079800EBA7
:10EAC00080010898F23008448178079800EB8002B2
:10EAD00008986630104481700848FCF77FFD07985D
:10EAE00000EB80010898F2300844C178079800EBE9
:10EAF00080020FE0C4040020EE1D002060430020CF
:10EB0000CDCCCCCCCCCCFC3F301E0020F823002058
:10EB1000AC480020089866301044C078814210D07C
:10EB2000079800EB80010898F2300844C1780798F4
:10EB300000EB8002089866301044C1703048FCF742
:10EB40009DFB0798401C079007980728FFF66BAFBE
:10EB5000089890F8891090F81501814210D0089813
:10EB600090F8151180F889100720132302467F21A1
:10EB70000090244801F0CCFAB4202149A1F89E006D
:10EB8000089890F88A1090F8160181420CD00898E5
:10EB900090F8161180F88A10B4201949A1F89E0047
:10EBA0000021184801F024F9089890F81801C8B11C
:10EBB000154800F059FB15490968401AB0F57A7FED
:10EBC00010D9114800F050FB10490860104890F827
:10EBD0004900014607900A48FAF75AFA00210898B6
:10EBE00080F81811089890F8190130B100210898A0
:10EBF00080F819110248FDF73FFA09B000BD000086
:10EC000060430020C4040020C01B0020F404002046
:10EC1000441D002010B58AB0044601210846F3F7D0
:10EC20004FFC01210420F3F74BFC01218803F3F78B
:10EC300077FC01214806F3F753FC09220C217548A3
:10EC4000F3F7C0F909220B217248F3F7BBF908A8C2
:10EC5000F3F7E8F94FF40060089002208DF82400E3
:10EC60008DF8250000208DF8260001208DF8270062
:10EC700008A96848F3F75EF908A8F3F7D3F94FF449
:10EC80008050089002208DF824008DF82500002087
:10EC90008DF8260001208DF8270008A95D48F3F7BC
:10ECA00049F908A8F3F7BEF94FF480500890022004
:10ECB0008DF824008DF8250000208DF82600012015
:10ECC0008DF8270008A95448F3F734F94FF4805120
:10ECD0005148F3F7A3F95148F2F7F6FA05A8F2F70D
:10ECE00085FD01208DF81B0000208DF81D000120FE
:10ECF0008DF81F0000208DF816008DF817000B20EE
:10ED00008DF8180001208DF819000820ADF81400C6
:10ED100005A94248F2F717FC01A8F2F7F1FA012021
:10ED20008DF80E0000208DF80F0001208DF81000E6
:10ED30000020ADF80400ADF80600ADF80800ADF80D
:10ED40000A00ADF80C0001208DF8110001A8F2F7BF
:10ED5000D7FA012202213148F2F7ECFB2F48143098
:10ED6000006840F002002D4914310860012211466C
:10ED70002A48F2F7DFFB012211022848F2F7DAFBFA
:10ED8000012251022548F2F7D5FB012291022348C6
:10ED9000F2F7D0FB0122D1022048F2F7CBFB01228F
:10EDA000D1031E48F2F7C6FB14208DF800000020A6
:10EDB0008DF801008DF8020001208DF803006846EF
:10EDC000F3F72AFB1420F4F7FEFC13208DF8000063
:10EDD00000208DF801008DF8020001208DF803005D
:10EDE0006846F3F719FB1320F4F7EDFC16208DF8B5
:10EDF000000000208DF801008DF8020001208DF840
:10EE000003006846F3F708FB1620F4F7DCFC0AB0B1
:10EE100010BD0000000002400008024000640040F5
:10EE2000704770B5044600251CE005EB450104F170
:10EE3000340010F8310098B905EB450204F13401B3
:10EE400001EBC201081D142204F12001F1F72EFC90
:10EE5000012105EB450204F1340000F8321070BDC9
:10EE6000681CC5B2322DE0DB00BFF8E72DE9F04F9A
:10EE7000044609AD95E8E010DDE90D89002065E064
:10EE800000EB400B04F2E44A1AF83BA0BAF1000F81
:10EE900058D04FF0000A00EB400B04F2E44E0EF89D
:10EEA0003BA000EB400AF3460BEBCA0ACAF8081075
:10EEB0004FF0000A00EB400B0EEBCB0B8BF80DA0D4
:10EEC0004FF0040A00EB400B0EEBCB0B8BF80CA0C1
:10EED0004FF0080A00EB400B0EEBCB0B8BF80EA0AB
:10EEE00000EB400AF3460BEBCA0A8AF80F2000EB4E
:10EEF000400A0BEBCA0A8AF8103000EB400A0BEB11
:10EF0000CA0A8AF8115000EB400A0BEBCA0A8AF8C9
:10EF1000126000EB400A0BEBCA0A8AF8137000EB90
:10EF2000400A0BEBCA0A8AF814C000EB400A0BEB4C
:10EF3000CA0A8AF8158000EB400A0BEBCA0A8AF865
:10EF4000169005E000F1010A0AF0FF00322897DB75
:10EF5000BDE8F08F70B504463148007800F001003C
:10EF600058B92F4806F07FFF38B12E4800F07CF9E1
:10EF70002D4908602A48AFF300802C48006800F053
:10EF8000040616BB207A00B300251CE005EB450102
:10EF900004F2E44010F8310098B90020207205EB2B
:10EFA000450204F2E44000EBC200011D1F4818387E
:10EFB000F2F72CFC012105EB450204F2E44000F8D5
:10EFC0003210681CC5B2322DE0DB164800F04CF957
:10EFD00015490968401AB0F57A7F1ED3114800F030
:10EFE00043F911490860C6B194F89C09022808D079
:10EFF000022084F89C0900210C481838F2F72DFBF8
:10F0000070BD002084F89C09012108481838F2F7E7
:10F0100024FB012006490872F2E700BFF0E7000078
:10F02000BC040020C01B0020C00400201864004065
:10F03000E02D002010B504464FF41A612046F1F788
:10F040009CFB00200FE0002200EB400304F13401A0
:10F0500001F83320012200EB400304F2E44101F8FF
:10F060003320411CC8B23228EDDB7D202070012006
:10F0700060702072002084F89C09204610BD0000BA
:10F080001FB504460021481EF4F74CFC0121102056
:10F09000F3F726FA01212648F3F799FC2548006882
:10F0A0002549B0FBF1F0401E2149088501212020AF
:10F0B000F3F716FA01212148F3F789FC1D4800688F
:10F0C0004FF47A71B0FBF1F0401E1C4928310880E2
:10F0D00001A8F3F709FE1748006840084FF47A7159
:10F0E000B0FBF1F0401E80B2ADF80400481E029063
:10F0F00001A94FF08040F3F7B5FD012211469007BA
:10F10000F3F780FC01218807F3F761FC1C208DF8E0
:10F11000000001208DF803006846F3F77DF9012116
:10F120008807F3F751FC0020207060601FBD0000CD
:10F13000001000400404002040420F000014004072
:10F1400038B50546002000900AE01C49009851F8A7
:10F150002010800000F1005001600098401C0090D9
:10F160000098F028F1D372B64FF0005014490860AF
:10F17000BFF34F8F62B6284600F0B4F8F3F78CFB6C
:10F18000104800684FF47A71B0FBF1F4B4F1807F5D
:10F1900000D311E024F07F40401E4FF0E021486191
:10F1A0000F214FF0FF30F4F7BDFB00204FF0E021BE
:10F1B00088610720086100BF38BD00000000020818
:10F1C00008ED00E004040020154A126802F51572EB
:10F1D00052F82120521C124B1B6803F5157343F89B
:10F1E00021200F4A1268C2F80C150D4A126802F568
:10F1F000157252F821200A4B1B68D3F808359A4241
:10F200000DD9074A1268C2F80415054A126802F5BA
:10F21000157252F82120024B1B68C3F8082570476D
:10F22000880400200346914201DD084670471046DD
:10F23000FCE70346914201DD104670470846FCE7B3
:10F2400070B506460C46074800F00EF8054602E089
:10F250007F20F3F7CDFE034800F006F8401BA042E4
:10F26000F6D370BDC01B00200146886870470000BF
:10F270004168491C41608168491C8160084A816875
:10F280001268891AB1F57A7F09D9054A8168116037
:10F2900004490968044A11600021024A116070475C
:10F2A0003004002034040020380400202DE9F05FF1
:10F2B00083468A46504608F05FFA8046064A074B66
:10F2C00008F030F806460022054B07F089FD044699
:10F2D00007F054FDBDE8F09FCDCCCCCCCCCCFC3FAE
:10F2E0000040404030B585B00546F3F729F90120CC
:10F2F000F3F7E8F9F3F730FA0446012C22D1F2F7DC
:10F300007FFD0320F2F7B6FD0020F3F7CFF94FF4AD
:10F31000A050F3F7E5F92003F3F7EEF904200223F8
:10F32000F022102100900005F3F7F8F90120F3F71F
:10F33000EFF900BF3920F3F799F90028FAD002203D
:10F34000F3F7FEF901A8F3F71FF901210846F3F7D7
:10F35000B7F801210220F3F7B3F801210420F3F7F5
:10F36000AFF805B030BD704710B586B00446012136
:10F370000220F3F7A5F801210420F3F7A1F80121F9
:10F380008803F3F7CDF801218806F3F7A9F80922DD
:10F390000C218048F2F716FE09220D217D48F2F774
:10F3A00011FE04A8F2F73EFE4FF4805004900220B4
:10F3B0008DF814008DF8150000208DF8160001203E
:10F3C0008DF8170004A97348F2F7B4FD04A8F2F70A
:10F3D00029FE4FF40050049002208DF814008DF89F
:10F3E000150000208DF8160001208DF8170004A9E3
:10F3F0006848F2F79FFD04A8F2F714FE4FF400509E
:10F40000049002208DF814008DF8150000208DF86E
:10F41000160001208DF8170004A95F48F2F78AFD55
:10F420004FF400515C48F2F7F9FD5C48F1F74CFFEE
:10F4300001A8F2F7DBF901208DF80B0000208DF810
:10F440000D0001208DF80F0000208DF806008DF8CA
:10F4500007000B208DF8080001208DF80900082016
:10F46000ADF8040001A94D48F2F76DF80E214C48A3
:10F47000F4F726F80F214A481338F4F721F8102141
:10F480004748FD38F4F71CF8112145485A38F4F77D
:10F4900017F812214348F4F713F813214248F4F700
:10F4A0000FF814213F485F38F4F70AF815213D485A
:10F4B000801DF4F705F816213A485D38F4F700F896
:10F4C00017213848C01CF3F7FBFF182134480930D6
:10F4D000F3F7F6FF012210213048F2F72BF82F48FE
:10F4E0001430006840F010002C49143108600122EB
:10F4F00011462A48F2F71EF8012211022748F2F7B6
:10F5000019F8012251022548F2F714F8012291025C
:10F510002248F2F70FF80122D1022048F2F70AF848
:10F520000122D1031D48F2F705F841208DF80000B3
:10F5300000208DF801008DF8020001208DF80300F5
:10F540006846F2F769FF4120F4F732F93F208DF861
:10F55000000000208DF801008DF8020001208DF8D8
:10F5600003006846F2F758FF3F20F4F721F94220E4
:10F570008DF8000000208DF801008DF802000120B8
:10F580008DF803006846F2F747FF4220F4F710F9C0
:10F5900006B010BD000402400008024000680040B0
:10F5A000F6FF0100F5FE010065EF010070B50446AD
:10F5B000002084F8980900251CE005EB450104F1C2
:10F5C000300010F8310098B905EB450204F1300124
:10F5D00001EBC201081D142204F11C01F1F766F8C9
:10F5E000012105EB450204F1300000F8321070BD36
:10F5F000681CC5B2322DE0DB00BFF8E72DE9F04F03
:10F60000044609AD95E8E010DDE90D89002065E0CC
:10F6100000EB400B04F59C6A1AF83BA0BAF1000F0E
:10F6200058D04FF0000A00EB400B04F59C6E0EF82A
:10F630003BA000EB400AF3460BEBCA0ACAF80810DD
:10F640004FF0000A00EB400B0EEBCB0B8BF80DA03C
:10F650004FF0040A00EB400B0EEBCB0B8BF80CA029
:10F660004FF0080A00EB400B0EEBCB0B8BF80EA013
:10F6700000EB400AF3460BEBCA0A8AF80F2000EBB6
:10F68000400A0BEBCA0A8AF8103000EB400A0BEB79
:10F69000CA0A8AF8115000EB400A0BEBCA0A8AF832
:10F6A000126000EB400A0BEBCA0A8AF8137000EBF9
:10F6B000400A0BEBCA0A8AF814C000EB400A0BEBB5
:10F6C000CA0A8AF8158000EB400A0BEBCA0A8AF8CE
:10F6D000169005E000F1010A0AF0FF00322897DBDE
:10F6E000BDE8F08F70B504463148007800F00100A5
:10F6F00058B92F4806F0B7FB38B12E48FFF7B4FDD4
:10F700002D4908602A48AFF300802C48006800F0BB
:10F71000040616BB607900B300251CE005EB45012B
:10F7200004F59C6010F8310098B90020607105EB79
:10F73000450204F59C6000EBC200011D1F4818380B
:10F74000F2F764F8012105EB450204F59C6000F82E
:10F750003210681CC5B2322DE0DB1648FFF784FD7D
:10F7600015490968401AB0F57A7F1ED31148FFF792
:10F770007BFD11490860C6B194F89909022808D0A8
:10F78000022084F8990900210C481838F1F765FF28
:10F7900070BD002084F89909012108481838F1F754
:10F7A0005CFF012006494871F2E700BFF0E7000066
:10F7B0009C040020C01B0020A0040020186800400A
:10F7C0003824002010B5044640F69C112046F0F77E
:10F7D000D4FF00200FE0002200EB400304F13001D1
:10F7E00001F83320012200EB400304F59C6101F88D
:10F7F0003320411CC8B23228EDDB0020207184F890
:10F80000980901206071002084F89909204610BDF4
:10F8100070B506460C464425002115E0144810F842
:10F820003100A0420ED1134890F88D00022804D177
:10F83000114800EBC100406870BD0D4800EBC100ED
:10F840004068F9E7481C81B2A942E7DB094890F813
:10F850008D00022805D1224608A10D48F0F730FDA1
:10F8600004E022460BA10A48F0F72AFD0848E3E726
:10F87000B07E030860430020D0800308D09ED1886A
:10F88000D0B8D0B1D0BAD0B020E2849625640000C0
:10F890008C2300204661756C7420232564000000D1
:10F8A0002DE9F041A8B004460025002600270020DD
:10F8B000A07000BF1FE004F26D20465D06B918E09D
:10F8C000052F00DB1BE0781CC7B231462046FFF74E
:10F8D0009FFF8046434632460BA16846F0F7F0FC96
:10F8E00021216846F4F7BCFB6946A01CF0F789FEAD
:10F8F00000BF681CC5B294F89F02A842DBDC00BFC1
:10F9000028B0BDE8F0810000232532642D25730D59
:10F910000A0000000021018080F85A1200BF06E0B2
:10F92000002300F5177222F811304A1CD1B20829C1
:10F93000F6DB002105E0002300F26D2253544A1C3F
:10F94000D1B23229F7DB002180F89F128170704715
:10F9500010B50446074803F0F8FA0748FFF760FAC5
:10F960002046FFF7D7FF0548F7F72CFB0448FDF7C3
:10F9700079FC10BD101C0020E02D0020F01E00209E
:10F98000A4230020024602F26D20405C7047000074
:10F9900070B50446AE48007800F0010058B9AC4894
:10F9A00006F061FA38B1AB48FFF75EFCAA4908607F
:10F9B000A748AFF30080A748FFF756FCA64909689F
:10F9C000401AB0F57A7F7DD3A248FFF74DFCA249DB
:10F9D00008600020A4F85C02002140F25E20015380
:10F9E000801C0153801C015394F86C0208B1002064
:10F9F00020809A48C07800EBC0019848001D00EBB9
:10FA0000C100807958B19548C07800EBC002934896
:10FA1000001D00EBC2008179204600F02DF9002581
:10FA200030E08F48405D38B1392000EB4500208040
:10FA30000146204600F020F989480A38405D38B177
:10FA40003A2000EB450020800146204600F014F9E2
:10FA500083481B30405D38B14F2000EB45002080CB
:10FA60000146204600F008F97D481630405D38B167
:10FA7000502000EB450020800146204600F0FCF8B5
:10FA8000681CC5B2052DCCDB002519E07448243074
:10FA9000405D38B1452000EB4500208001462046FE
:10FAA00000F0EAF86E482230405D38B1462000EBA5
:10FAB000450020800146204600F0DEF8681CC5B2F3
:10FAC000022D00E0C3E0E1DB6548863890F88C0049
:10FAD00028B1352020800146204600F0CDF860484E
:10FAE000863890F88E0028B13620208001462046C6
:10FAF00000F0C2F85A48863890F8900028B12D20BE
:10FB000020800146204600F0B7F85548863890F826
:10FB1000920028B12E2020800146204600F0ACF84B
:10FB20004F48863890F8940028B13720208001464D
:10FB3000204600F0A1F84A48863890F8960028B18F
:10FB4000382020800146204600F096F84448863848
:10FB500090F8B30028B15B2020800146204600F0D9
:10FB60008BF83F48863890F8B50028B15E20208099
:10FB70000146204600F080F83948863890F8B600F3
:10FB800028B15D2020800146204600F075F83348FA
:10FB9000C07800EBC0013148001D00EBC10090F8B7
:10FBA000450028B1282020800146204600F064F856
:10FBB0002C4890F8410028B167202080014620465B
:10FBC00000F05AF8284890F8A10028B16820208059
:10FBD0000146204600F050F800250DE0214838305D
:10FBE000405D40B15F2000EB450080B220800146BF
:10FBF000204600F041F86D1C042DEFDB00250DE0E0
:10FC000018483C30405D40B1602000EB450080B2B8
:10FC100020800146204600F02FF86D1C042DEFDBFC
:10FC2000208848B90D48C07800EBC0010B48001D82
:10FC300000EBC100807920B101210C48F9F79EF951
:10FC400005E000210948F9F799F90020A07070BD7E
:10FC500080040020C01B002084040020F01E00202F
:10FC6000961C0020A4230020301E002060430020AA
:10FC7000014691F89F02704770B504460D46002674
:10FC800005B970BD144803F0B9FE002607E004F280
:10FC90006D20805DA84200D1F3E7701CC6B294F8D5
:10FCA0009F02B042F3DC94F89F22501C84F89F021C
:10FCB00004F26D20855494F89F02322802DB312033
:10FCC00084F89F022046FFF7EBFD0121034880F8EE
:10FCD0003E1000BFD5E700008C470020AC48002054
:10FCE00010B504464FF428712046F0F724FD00209B
:10FCF00084F86C02204610BD10B586B00446FF2083
:10FD00000290039004900590009003460246034938
:10FD100001900348FFF7AAF806B010BDF0FF1F00DE
:10FD2000E02D0020024611F14B0F01DA0020704750
:10FD3000B32901DDFE20FAE701F14B00C0B2F6E77E
:10FD4000F0B587B007460D4616461C4600BFFF209B
:10FD50000290039004900590009001904FF4801061
:10FD600000EB453000EB8620DFF828C09CF800C08F
:10FD700000EBCC00DFF81CC09CF801C000EB0C01CC
:10FD8000E3B222120348FFF771F800BF00BF07B0CB
:10FD9000F0BD0000E02D00202DE9F04186B0804646
:10FDA0000D4616461C460C9FFF20029003900490BF
:10FDB0000590CDE900704FF4C00000EB453000EB3A
:10FDC0008620DFF828C09CF800C000EBCC00DFF8EC
:10FDD0001CC09CF801C000EB0C01E3B222120348E6
:10FDE000FFF744F806B0BDE8F0810000E02D0020E8
:10FDF00070B588B005460C4601208DF818005548AE
:10FE0000C07810B95348007840B104EBC40152489F
:10FE100000EBC100807808B1012100E000214F48CB
:10FE200090F8900001EB8000F030C0B28DF819001E
:10FE30004B48B0F948102846FFF774FF8DF81A00B8
:10FE4000FF208DF81B004448001F4078C02141EA84
:10FE50000010424991F8961040EA8100404991F81B
:10FE600074100843C0B28DF81C003E4800783E492B
:10FE70000978F02242EA81010843C0B28DF81D00E2
:10FE80003A484088002801DD012100E00021374880
:10FE90008088002801DD012000E0002041EA800187
:10FEA0003248C088002801DD012000E0002041EA3E
:10FEB00000112A4890F88F0041EA8010C0B28DF8F6
:10FEC0001E002548001FC07800EBC001224800EB4F
:10FED000C1004078214991F88C1040EA81011F4807
:10FEE00090F88D0041EA00111C4890F88E0041EA1C
:10FEF0008010C0B28DF81F009DF81F009DF81E10E5
:10FF00009DF81D209DF81C30CDE90232CDE904108A
:10FF10009DF81B009DF81A1004EBC406CDE90010F3
:10FF20000D4800EBC600C0784FF0987606EB4030E5
:10FF300000EB84200E4E367800EBC6000C4E76782F
:10FF400081199DF819309DF818200948FEF78EFF99
:10FF500008B070BD60430020F41E0020301E002059
:10FF6000101C0020D41E0020E21E0020A42300202C
:10FF7000E02D00202DE9F04F87B005460C46614882
:10FF8000C078A04260D16048B0F912102846FFF74F
:10FF9000C9FE06465C48F7F7F1FC01460690284684
:10FFA000FFF7C0FE07465848F7F7FCFC01460690ED
:10FFB0002846FFF7B7FE80465348B0F90A10284696
:10FFC000FFF7B0FE81465048F7F7F8FC014606906F
:10FFD0002846FFF7A7FE82464B48F7F7FBFC014691
:10FFE00006902846FFF79EFE83464648407840B17B
:10FFF00004EBC4014348001D00EBC10090F83D0034
:020000040803EF
:1000000000E0092040F0F00004EBC402CDE900A9B3
:10001000CDE90287CDE904603A48001D00EBC2003B
:10002000C0784FF0987202EB403000EB8420374AE2
:10003000127800EBC200354A527881185B460222E2
:100040003248FEF713FF5AE02F48B0F92010284637
:10005000FFF768FE06462C48F7F7C8FC01460690F5
:100060002846FFF75FFE07462748F7F7D3FC01460F
:1000700006902846FFF756FE80462348B0F9181030
:100080002846FFF74FFE81461F48F7F7E7FC014679
:1000900006902846FFF746FE82461B48F7F7EAFC23
:1000A000014606902846FFF73DFE834604EBC40157
:1000B0001448001D00EBC10090F83D0040F0F00036
:1000C00004EBC402CDE900A9CDE90287CDE90460C3
:1000D0000C48001D00EBC200C0784FF0987202EB94
:1000E000403000EB8420094A127800EBC200074A36
:1000F000527881185B4602220448FEF7B7FE07B02B
:10010000BDE8F08FF01E0020301E0020E02D002002
:100110001FB598B0FF20179016901998FF2801D1AD
:100120001CB010BD1B980F3820285BD2DFE810F000
:1001300020005B009500C300E6005A0026029E02E4
:1001400017035C03C9034304AA045A005A005A0067
:100150005A005A005A005A005A005A005A005A00CF
:100160005A0041057A05A505CE055A005A00360603
:10017000FA4890F85A00F949B1F85A100912F74AAA
:1001800092F85820F54BB3F858301B12CDE90232E3
:10019000CDE90410F14890F85600F049B1F8561036
:1001A0000912CDE900101B980105199801EB4031A7
:1001B0001A9801EB8020EA49097800EBC100E84970
:1001C000497808440D90E54890F854000F90E348B2
:1001D000B0F8540000120E900246E1480F9B0D99B2
:1001E000FEF744FE41E2DD4890F86210B0F862008C
:1001F0000212DA4890F86000D84BB3F860301B1256
:10020000CDE90230CDE90421D44890F85E00D3490D
:10021000B1F85E100912CDE900101B98010519987C
:1002200001EB40311A9801EB8020CD49097800EBB1
:10023000C100CB49497808440D90C84890F85C004B
:100240000F90C648B0F85C0000120E900246C448F9
:100250000F9B0D99FEF70AFEC4E7FF200290039062
:1002600004900590BD4890F86600BC49B1F866104E
:100270000912CDE900101B980105199801EB4031D6
:100280001A9801EB8020B649097800EBC100B44907
:10029000497808440D90B14890F864000F90AF4839
:1002A000B0F8640000120E900246AD480F9B0D9905
:1002B000FEF7DCFD96E71A2008211E22FF23CDE978
:1002C0000232CDE9041011200021CDE900101B9865
:1002D0000105199801EB40311A9801EB8020A049E3
:1002E000097800EBC1009E494978084400237D222B
:1002F00001460F909A48FEF7B9FD73E71E98032850
:1003000035D1984890F87C2090F862009649097A97
:10031000954B1B89DC170F9303EB1463C3F307237F
:10032000CDE90231CDE904028F4880794B30C0B26B
:100330008E49897ACDE900104FF09871199801EB38
:1003400040311A9801EB80208549097800EBC10003
:100350008349497808440D90844880794B30C0B275
:1003600003460E907E481E9A0D99FEF77FFD1E985B
:10037000042827D1FF227E4800797D49C978CDE93C
:1003800003027B4805920291807879494978CDE94A
:1003900000104FF09871199801EB40311A9801EB59
:1003A00080206F49097800EBC1006D494978084405
:1003B0000E906F48007803460F9069481E9A0E9978
:1003C000FEF754FD1E98052843D1FF23684890F896
:1003D000B600674991F8B71040EA8100644991F886
:1003E000B41040EA0110624991F8B51040EA81105A
:1003F000C1B25E4880785C4A927840EA8200C0B21E
:100400005C4A127803AC0BC402925A480088C0F3CD
:10041000072058490968C1F30741CDE900104FF0A2
:100420009871199801EB40311A9801EB80204C49E2
:10043000097800EBC1004A49497808440E904D48BC
:100440000068000E03460F9045481E9A0E99FEF76D
:100450000DFD1E9806283DD1454890F8B2004B305E
:10046000C1B2434890F8B0004B30C0B2404A92F855
:10047000AE204B32D2B23E4B93F8AC304B33DBB2B2
:10048000CDE90232CDE90401394890F8AA004B3099
:10049000C0B2354909794B31C9B2CDE900104FF0EE
:1004A0009871199801EB40311A9801EB80202C4982
:1004B000097800EBC1002A49497808440E902B487E
:1004C00000794B30C0B203460F9025481E9A0E9912
:1004D000FEF7CCFC1E9807283ED1FF200290039027
:1004E000049001460590244890F8262190F86E016A
:1004F00042EA8002204890F8B60142EA0010C0B2F9
:1005000040F0C000CDE900011B48817990F84E0011
:1005100041EA8001184890F8960041EA0011164817
:1005200090F8DE0041EA8010C0B20F904FF0987151
:10053000199801EB40311A9801EB8020084909789D
:1005400000EBC1000649497808440E900146044872
:100550000F9B1E9AFEF78AFC44E60000101C002048
:10056000E02D002060430020E21E0020D41E002069
:10057000441D002090170020F01E0020FE48006857
:10058000FE490E9007F0F0FA0F9007F06DFAC0B236
:100590008DF85000FA48F7F7E3F9FA49C97841F0C5
:1005A000C00141EA8000F64991F8321040EA01109A
:1005B000C0B20F90F048006D0A9007F039FA00B20F
:1005C00001460B901898FFF7ADFB0E90EA48B0F982
:1005D0004A0010F1280F0DDDE748B0F94A005A280B
:1005E00008DCE548B0F94A0001460B901898FFF77F
:1005F00099FB00E0FF200D90DF48B0F9480001466C
:100600000B901898FFF78EFB0C90DB4991F8E610E1
:10061000DD4AD27802EBC203DB4A121D02EBC302B1
:1006200092F83C20DDE90E30CDE90232CDE904102C
:10063000DDE90C01CDE900014FF0A871199801EB3B
:1006400040311A9801EB8020D049097800EBC101B4
:10065000CE48407808440A909DF85000FF23024697
:100660000B90CA480A99FEF701FCCDE300200F90D9
:1006700027E0C7490F98085CC0B101F114000F9939
:10068000415C12AA0F981154BB4834300F9950F8AE
:1006900021000D9007F0CCF900B201460E90189899
:1006A000FFF740FB10AA0F99505407E0032112AA4C
:1006B0000F981154FF2110AA0F9811540F98401C45
:1006C0000F900F980528D4DBAE480078AD494978E3
:1006D00000EB8100AF49497840EA0110AE49497802
:1006E00040EA8110C1B29DF844009DF843209DF876
:1006F0004230CDE90232CDE904019DF841009DF878
:100700004010CDE900109DF848009DF8491000EB1D
:1007100081009DF84A1000EB01109DF84B1000EB92
:100720008110C0B20E904FF0B071199801EB4031BA
:100730001A9801EB80209549097800EBC100934994
:10074000497808440D909DF84C00001FC0B2034644
:100750000F908E48DDE90D12FEF788FB54E3FF2170
:100760000A460B468A48007910B18948407A00E071
:10077000FF20CDE90332059102908548C07810B181
:100780008348007A00E0FF208149897811B18049CF
:10079000C97900E0FF21CDE900104FF0B871199838
:1007A00001EB40311A9801EB80207849097800EB81
:1007B000C1007649497808440D907548407810B1D9
:1007C0007348807900E0FF200F907148007810B1E5
:1007D0006F48407900E0FF200E9002466B480F9B67
:1007E0000D99FEF743FB0FE36948007910B16848A3
:1007F000807B00E0FF206649C97811B164494A7BDB
:1008000000E0FF226249897811B16149097B00E06B
:10081000FF215F4B5B7813B15D4BDB7A00E0FF2378
:10082000CDE90231CDE904205948007810B158488B
:10083000817A00E0FF215648007910B15448C07C0D
:1008400000E00F200F30C0B2CDE9000150488078A1
:1008500010B14F48407C00E00F204D49C97819B1D4
:100860004B49897C090100E00F210844C0B20F9078
:100870004748007810B14648C07B00E00F2044494B
:10088000497819B14249097C090100E00F21084467
:10089000C0B20E904FF0C071199801EB40311A9818
:1008A00001EB80203949097800EBC10037494978CC
:1008B00008440D9001463548DDE90E23FEF7D6FACF
:1008C000A2E23348007940B13148B0F92600014630
:1008D0000A901898FFF726FA00E0FF200F902C48A6
:1008E000C07840B12A48B0F9240001460A9018980F
:1008F000FFF718FA00E0FF200E902548807840B1FD
:100900002348B0F9220001460A901898FFF70AFA26
:1009100000E0FF200D901E48407840B11C48B0F91F
:10092000200001460A901898FFF7FCF900E0FF202C
:100930000C901748007840B11548B0F91E000146E8
:100940000A901898FFF7EEF900E0FF20FF210B90C6
:100950000F98CDE9020104910591DDE90D01CDE982
:1009600000014FF0C871199801EB40311A9801EB62
:1009700080210648007811E0101C00200000204172
:10098000301E002060430020F01E0020E02D0020DB
:10099000441D0020D41E0020E21E002001EBC001F7
:1009A000F748407808440A900146F548DDE90B23F2
:1009B000FEF75CFA28E2F348007940B1F148B0F95B
:1009C000300001460A901898FFF7ACF900E0FF20CC
:1009D0000F90EC48C07840B1EA48B0F92E000146CB
:1009E0000A901898FFF79EF900E0FF200E90E54866
:1009F000807840B1E348B0F92C0001460A9018987D
:100A0000FFF790F900E0FF200D90DE48407840B1FC
:100A1000DC48B0F92A0001460A901898FFF782F9DD
:100A200000E0FF200C90D748007840B1D548B0F9DD
:100A3000280001460A901898FFF774F900E0FF209B
:100A4000FF210B900F98CDE9020104910591DDE99A
:100A50000D01CDE900014FF0D071199801EB403143
:100A60001A9801EB8021C648007801EBC001C44808
:100A7000407808440A900146C148DDE90B23FEF79F
:100A8000F5F9C1E1FF2017901690BE48007828B113
:100A9000BC4890F87A0000F0030000E0032040F02A
:100AA000FC00179908401790B648407828B1B5481F
:100AB00090F87B008007000F00E0032040F0F30077
:100AC000179908401790AF48807828B1AD4890F842
:100AD0007C008007800E00E0032040F0CF001799D3
:100AE00008401790A748C07820B1A64890F87D002C
:100AF000800100E0032040F03F0017990840179064
:100B0000A048007928B19F4890F87E0000F00300CB
:100B100000E0032040F0FC00169908401690FF23E7
:100B2000984A1279DDE916011AB1964A92F83620F0
:100B300000E0FF22CDE90403CDE902219148C0780D
:100B400018B1904890F8350000E0FF208D49897871
:100B500019B18C4991F8341000E0FF21CDE9001063
:100B60004FF0D871199801EB40311A9801EB8020B1
:100B70008349097800EBC1008149497808440D9008
:100B80008048407818B17F4890F8330000E0FF209B
:100B90000F907C48007818B17A4890F8320000E055
:100BA000FF200E90024676480F9B0D99FEF75EF9E6
:100BB0002AE17548D0F8B0004FF4FA61B0FBF1F2C9
:100BC00001FB1200C0B2FF220F906F4890F8C200E4
:100BD0006D4991F8C110CDE903026B48059202916D
:100BE00090F8C000684991F8B810CDE900104FF0B6
:100BF0002071199801EB40311A9801EB802060496F
:100C0000097800EBC1005E49497808440D905E48C0
:100C100090F8B40003460E9059480F9A0D99FEF7CC
:100C200025F9F1E0FF22584890F88400564991F8E0
:100C30008210CDE9030254480592029190F8C60053
:100C4000514991F8C510CDE900104D4800784F4941
:100C500001EBC0004A49497808440D904A4890F891
:100C6000C4000F90484890F8C3000E9002464448D4
:100C70000F9B0D99FEF7FAF8C6E0FF23444890F861
:100C80003A1090F83900424A92F8382003AC0BC46D
:100C900002923F4890F83400CDE9000338480078CC
:100CA0003C4901EBC0003649497808440D9038486A
:100CB00090F833000F90364890F837000E900246B7
:100CC0002F480F9B0D99FEF7D1F89DE0FF221346A8
:100CD0003148C088C1170F9000EB116001120F98C6
:100CE000A0EB0120C0B22C49C988CC170E9101EBB2
:100CF0001461C1F30721CDE90432CDE90210264881
:100D00008088C1170D9000EB116001120D98A0EBC7
:100D10000120C0B220498988CA170C9101EB1261E9
:100D2000C1F30721CDE900101B484088C1170B9083
:100D300000EB116001120B98A0EB0120C0B20990EA
:100D400015484088C1170A9000EB1160C0F30720D6
:100D500008904FF02C71199801EB40311A9801EB73
:100D600080200749097800EBC10105484078084414
:100D7000079001460248DDE90823FEF777F843E0D3
:100D8000E02D0020441D00206043002000FC9F0255
:100D9000301E002000FCAF02A42300201C4890F865
:100DA000742290F873021A4991F87212184B93F852
:100DB0007132CDE90231CDE90402154890F8700294
:100DC000134991F86F12CDE900104FF0387119985E
:100DD00001EB40311A9801EB80200E49097800EBB5
:100DE000C1000C49497808440D90094890F86E02FA
:100DF0000F90074890F86D020E90024605480F9B31
:100E00000D99FEF733F800BF00BF00BFFFF788B9A8
:100E1000EC200020E02D00200021017070470146E9
:100E20000888000A0A7840EA02200880088870478B
:100E3000014608880012704701460878704710B5CF
:100E400002884A400280082210E0037803F0010380
:100E50003BB103885B1003800388448863400380B0
:100E600002E003885B100380531EDAB2002AECD143
:100E700010BD2DE9F04106460F46144698464FF640
:100E8000FF703080A5B205E0795D3046FFF7D7FFEF
:100E9000681C85B204EB0800A842F5DCBDE8F081CF
:100EA000002101604AF2010141804FF6FF7101808B
:100EB000704710B504462A2904D1032000FB0230F4
:100EC000C0B210BD292903D102F11500C0B2F8E764
:100ED000FF20F6E72DE9F04387B006460C4615469D
:100EE00004EB4402214800EB4200C178304600F098
:100EF00043F8074604EB44021C4800EB4200C1786B
:100F0000304600F054F8804604EB4402174800EBEA
:100F10004200C178304600F03AF8814614A00068DB
:100F2000069006A800F80950FF2002900390049054
:100F300005909DF81A009DF81910CDE900104FF0AA
:100F4000447000EB473000EB88200A4A127800EB2F
:100F5000C200084A527881189DF81830FF220548CF
:100F6000FDF784FF07B0BDE8F0830000F823002000
:100F7000FFFFFF00E02D00200246152901DA2A209C
:100F800070471C2901DA2920FAE7FF20F8E702461A
:100F9000152906DA032091FBF0F300FB1310C0B211
:100FA00070471C2901DA0120FAE7FF20F8E7024622
:100FB000152904DA032091FBF0F0C0B270471C2918
:100FC00003DAA1F11400C0B2F8E7FF20F6E770479A
:100FD00010B504460948FEF747F943F698218842C0
:100FE0000AD90648FEF740F96168401A43F698218D
:100FF000884201D90020207010BD0000C01B0020D5
:1010000010B5044650212046EFF7B7FBFF2084F8C7
:101010004C0000201DE0642200EB400304F11001AD
:1010200001EB43018A70411C8AB200EB400304F1DA
:10103000100101EB43018A80022200EB400304F11E
:10104000100101F8132000EB400301EB4301C870CD
:10105000401C0A28DFDB204610BD0000024618298C
:1010600002D13948008870471A2903D13648B0F8B0
:101070005C02F8E71B2903D13348B0F85E02F2E7BF
:101080001C2903D13048B0F86002ECE71D2903D1D8
:101090002D48B0F86202E6E71E2903D12A48B0F8CD
:1010A0006402E0E71F2903D12748B0F86602DAE7B7
:1010B000202903D12448B0F86802D4E7212903D1BC
:1010C0002148B0F86A02CEE7312903D11F48B0F8B1
:1010D0005400C8E7322903D11C48B0F85600C2E7D3
:1010E000332903D11948B0F85800BCE7342903D19B
:1010F0001648B0F85A00B6E7352903D11348B0F8BE
:101100005C00B0E7362903D11048B0F85E00AAE7CA
:10111000372903D10D48B0F86000A4E7382903D17E
:101120000A48B0F862009EE7392903D10748B0F8B1
:10113000640098E73A2903D10448B0F8660092E7C2
:101140004FF0FF308FE70000EC200020101C002043
:1011500003B59DB01E9800EB4001FC4800EBC100B8
:101160008068C0F346301C901E9800EB4001F748A1
:1011700000EBC1000089C0F382201B90FF201A9071
:1011800019901890F148343801781C98814207D0A2
:101190001C987E2804D01C987F2801D01FB000BD69
:1011A000EA48343841781B98814203D01B980728BD
:1011B00000D0F3E7E548343801781C98814207D124
:1011C000E248343841781B98814201D1012000E087
:1011D000002017901E9800EB4001DC4800EBC10096
:1011E0008068000D14901E9800EB4001D74800EB7A
:1011F000C1000089C0F3C60013901E9800EB4001A7
:10120000D24800EBC100007A00F00700129012985B
:10121000072800D1C2E700200C900B900FE01E9829
:1012200000EB4001C94800EBC1000F300B99415C55
:101230000EAA0B9811540B98401CC0B20B900B983F
:101240000828ECDB14980105139801EB4031129843
:1012500001EB8020BD493439097800EBC100BB495E
:1012600034394978084411901398062814D01398FB
:101270000A2811D0139817280ED013981B280BD0CA
:101280001398222808D01398232805D013982B28C8
:1012900002D013982C281AD1AD48FDF7E5FF12991A
:1012A00001EBC102AB4901EBC201086401211298B4
:1012B00000EBC002A74800EBC20080F84410DDE953
:1012C000121001EBC102A34901EBC201C8701498CE
:1012D000382881F06A82DFE810F001083800010840
:1012E000C2000001010102011701C10101086B02E6
:1012F000A702C20222030108670301080108B30321
:10130000CA0301080108FF0401080108C305020619
:101310004106C106EC06010801080F070108340761
:10132000010801080108010801089B070208630879
:101330000108A608E208010801080108650901087A
:101340000108010801080108390A80483438017889
:101350001C98814200D021E74FF40011139801EB53
:101360004031129801EB802078493439097800EB3C
:10137000C101764834384078084411909DF839000E
:101380009DF8381000EB0120042825D005DC48B179
:1013900001281FD0032838D11DE005281DD01628AC
:1013A00033D11EE0FF2011220023CDE903207D214F
:1013B0000293CDE9001305909DF839000B909DF83C
:1013C00038000A900246614834380B9B1199FDF7AA
:1013D0004DFD41E040E03FE03EE05F48FEF7B8FAF7
:1013E0003AE05E485E49086000BFBFF34F8F5D483A
:1013F000006800F4E0605C490843001D594908603A
:10140000BFF34F8F00BF00BFFEE7FF2102910391A2
:1014100004910591009101914FF40011139801EB93
:101420004031129801EB802048493439097800EBAB
:10143000C100464934394978084409909DF839007B
:101440000B909DF838000A900246404834380B9BB8
:101450000999FDF70BFD00BF00BF01F0A6B9179871
:1014600000B99BE69DF839009DF8381000EB01208B
:1014700080B201460B901D98FFF7F0FD1590FF22FA
:101480001598C1B2C0F3072002AB07C305921598A7
:10149000C0F30741000ECDE900014FF4800113981D
:1014A00001EB4031129801EB80202849343909784A
:1014B00000EBC100254934394978084409909DF86A
:1014C00039000B909DF838000A9002461F483438C6
:1014D0000B9B0999FDF7CAFCBFE7BEE7BDE79DF886
:1014E00039009DF8381000EB012080B216909DF86D
:1014F0003A0000901698C0B2034607227F210B9055
:101500001A48FEF705FEA8E79DF8380030B101281B
:1015100030D0022865D0032817D176E01448F6F7BA
:1015200021F81348F5F7D0FEFF20029003900490B5
:101530000590009001909DF83800034604220B901E
:10154000024834381199FDF791FC85E0142E0020F3
:10155000C01B0020F41E0020EC20002055AA16001D
:10156000FC0300200CED00E00000FA05C40400209C
:10157000704700209DF83C0000069DF83D1000EBF0
:1015800001409DF83E1000EB01209DF83F100844FB
:101590000B909DF83B009DF83A1000EB01200A905B
:1015A0000146F8480B9AF5F77BFD9DF83F009DF842
:1015B0003E209DF83D109DF83C30CDE90231CDE94B
:1015C00004209DF83B009DF83A10CDE900109DF8ED
:1015D0003800034604220B90EB481199FDF746FCB6
:1015E0003AE0E848F5F714FEFF20029003900490DB
:1015F0000590009001909DF83800034604220B905E
:10160000E1481199FDF732FC26E09DF83B009DF87A
:101610003A1000EB012001460B90DA48F5F776FD11
:1016200010901098C1B2C0F30722C0F30743000E18
:10163000CDE90332059102909DF83B009DF83A10E8
:10164000CDE900109DF83800034604220B90CE48E7
:101650001199FDF70BFC00BF00BFFEE69DF83800B6
:1016600000F0F000A0BB9DF8380000F00F0010B1B2
:1016700006282BD106E0C54802F0A8F9C34802F0BD
:1016800006F923E09DF83D009DF83C1000EB012099
:1016900080B20B90BD480B9902F028F90A900A9885
:1016A000C1B2C0F30722C0F30743000ECDE90332F5
:1016B000059102900B98C1B20012FF230422CDE9DC
:1016C0000001B1481199FDF7D1FB00BF00BFC4E68E
:1016D000FFE79DF8380000F03000102867D19DF832
:1016E000380000F00F0010B103285FD10EE0002099
:1016F000099007E0A648099902F002FA0998401CEF
:10170000C0B2099009980128F4DB4FE09DF83D0034
:101710009DF83C1000EB012080B20B909DF83F003B
:101720009DF83E1000EB012080B20A900020099045
:1017300037E0974801680B9801EBC001099801EB6D
:10174000C00008909248406808380899884200D242
:101750002BE090480899F5F7C6F807900899091DFD
:101760008C48F5F7C0F806900698C1B2C0F307227E
:10177000C0F30743000ECDE90332059102900798AC
:10178000C1B2C0F30720CDE900010798C0F30743B9
:1017900004227D481199FDF769FB0998401C80B22D
:1017A0000990DDE909018842C3DB00BF00BF54E6B0
:1017B0009DF83810129800EBC002774800EBC20089
:1017C00001719DF83910129800EBC002724800EBCD
:1017D000C20041719DF83A10129800EBC0026E48A9
:1017E00000EBC20081719DF83B0000F0030001286E
:1017F00001D1012100E00021129800EBC0026648EF
:1018000000F83210129800EBC001634800EBC100F1
:1018100090F82A0038B90020122300905F48DDE9D3
:101820001221FEF7B9FA18E69DF839009DF8381034
:1018300000EB0120079005F00EFD0022584BCDE98A
:10184000080105F081FBCDE90A0105F097FA12992C
:1018500001EBC102504901EBC2018860FDE59DF832
:101860003800FF2808D09DF83810129800EBC0020D
:10187000494800EBC20001619DF83900FF2808D0FB
:101880009DF83910129800EBC002434800EBC200EB
:1018900041619DF83A00FF2803D19DF83B00FF28E5
:1018A00019D09DF83B109DF83A0001EB00200790FD
:1018B00005F0D1FC00223B4BCDE9080105F044FBCB
:1018C000CDE90A0105F05AFA129901EBC102324939
:1018D00001EBC201C8619DF83E00FF2808D09DF8C9
:1018E0003E10129800EBC0022B4800EBC200816151
:1018F0009DF83F0000F0030002280FDA9DF83F003A
:1019000000F00300012801D1012100E0002112981C
:1019100000EBC002204800EBC20041709DE59DF83D
:101920003800FF2803D19DF83900FF280DD09DF81D
:1019300039109DF8380001EB002001B2129800EB3D
:10194000C002154800EBC20001859DF83B00FF284E
:1019500009D09DF83B004B38129901EBC1020E49AA
:1019600001EBC20188849DF83C00FF2809D09DF856
:101970003C004B38129901EBC102074901EBC2014F
:10198000C8846AE570470020E02D002090170020F1
:101990008C47002068050020F41E0020C4040020AD
:1019A00000002440000059401398252847D1129880
:1019B000E8BB9DF83800FF2803D19DF83900FF28C7
:1019C00008D09DF839109DF8380001EB002000B2D6
:1019D000FE4908849DF83A00FF2803D19DF83B009A
:1019E000FF2808D09DF83B109DF83A0001EB00203D
:1019F00001B2F64841849DF83C00FF2803D19DF8D0
:101A00003D00FF2808D09DF83D109DF83C0001EBFB
:101A1000002001B2ED4881849DF83E00FF2803D1EB
:101A20009DF83F00FF280AD09DF83F1000E006E037
:101A30009DF83E0001EB002001B2E448C1840CE5B2
:101A400000200B900FE00EA90B980A5C129800EB97
:101A5000C001DF4800EBC1002A300B9942540B98BB
:101A6000401CC0B20B900B980828ECDBF5E49DF805
:101A70003800012827D1179828B39DF83C00C0F3FF
:101A8000810002280EDAD34890F8950050B19DF8F5
:101A90003C00C0F3810008B1012100E00021CD48E5
:101AA00080F896109DF83C00C0F3011002280ADA75
:101AB0009DF83C00C0F3011008B1012000E00020B7
:101AC000C349091F48709DF83800032848D117986A
:101AD000F0B39DF83900FF2804D09DF839004B3849
:101AE000BD49C8809DF83A00FF2803D09DF83A0010
:101AF000B94948819DF83B00FF2804D09DF83B0080
:101B00004B38B649C8809DF83C00FF2803D19DF8AA
:101B10003D00FF2808D09DF83D109DF83C0001EBEA
:101B2000002081B2AD4801819DF83E00002808DD0B
:101B30009DF83E00642804DC9DF83E00A849A1F809
:101B400062009DF83F0001280ADD9DF83F0000E09B
:101B500006E03C2804DC9DF83F10A148A0F87C106A
:101B60009DF83800062833D1179888B39DF83B00BC
:101B7000FF2805D09DF83B004B389A49A1F8AA00F0
:101B80009DF83C00FF2805D09DF83C004B38954956
:101B9000A1F8AC009DF83D00FF2805D09DF83D0060
:101BA0004B389049A1F8AE009DF83E00FF2805D0C3
:101BB0009DF83E004B388B49A1F8B0009DF83F00DE
:101BC000FF2805D09DF83F004B388649A1F8B200A8
:101BD0009DF8380007287ED1179878B39DF8390012
:101BE00000F0030002280ADA9DF8390000F0030033
:101BF00008B1012100E000217548001F81719DF8A6
:101C00003900C0F3810002280BDA9DF83900C0F3D7
:101C1000810008B1012100E000216D48001F80F81B
:101C20004E109DF83900C0F3011002280CDA9DF81F
:101C30003900C0F3011010B1012101E04BE0002197
:101C40006348001F80F896109DF839000221B1EB1F
:101C5000901F0ADD9DF83900800908B1012100E0DC
:101C600000215B48001F80F8DE109DF83A0000F06C
:101C7000030002280BDA9DF83A0000F0030008B1D7
:101C8000012100E000215248001F80F826119DF834
:101C90003A00C0F3810002280BDA9DF83A00C0F345
:101CA000810008B1012100E000214948001F80F8AF
:101CB0006E119DF83A00C0F3011002280BDA9DF86E
:101CC0003A00C0F3011008B1012100E000214048B2
:101CD000001F80F8B61116E4179800B913E49DF8B8
:101CE000380000F003000C900C9803280ED03D48FB
:101CF000017D0C98814209D03A48007830B13948CA
:101D00000078022802D037490C9808759DF83800F1
:101D1000C0F381000C900C9803280ED03148417D0F
:101D20000C98814209D02F48407830B12D48407836
:101D3000022802D02B490C9848759DF83800C0F352
:101D400001100C900C9803280ED02648817D0C9829
:101D5000814209D02348807830B122488078022817
:101D600002D020490C9888759DF8380080090C90A5
:101D70000C9803280ED01B48C17D0C98814209D0D5
:101D80001848C07830B11748C078022802D01549E9
:101D90000C98C8759DF8390000F003000C900C9861
:101DA00003280ED00F48017E0C98814209D00D48BF
:101DB000007930B10B480079022802D009490C980B
:101DC00008769DF83F0000F003000DE0A4230020FA
:101DD000F41E0020301E0020D41E0020E21E002031
:101DE00060430020441D00200C900C98032806D06E
:101DF0000C9808B1012000E00020FC4908709DF813
:101E00003F00C0F381000C900C9803280AD00C9876
:101E100028B1F74890F8320008B9012000E000200E
:101E2000F24948709DF83F00C0F301100C900C98E7
:101E3000032806D00C9808B1012000E00020ED49ED
:101E400048709DF83F0080090C900C98032806D03C
:101E50000C9808B1012000E00020E74948703DE2FD
:101E6000179800B93AE29DF83800FF2804D09DF891
:101E700038004B38E149C8839DF83900FF2804D069
:101E80009DF839004B38DD4908849DF83A00FF2859
:101E900004D09DF83A004B38D84948849DF83B005F
:101EA000FF2804D09DF83B004B38D44988849DF826
:101EB0003C00FF2804D09DF83C004B38CF49C88433
:101EC000CE4890F849101E3030F911000A9005F004
:101ED000EBFD01460B90C548F7F76EF8FEE1179849
:101EE00000B9FBE19DF83800FF2804D09DF83800C8
:101EF0004B38C24908859DF83900FF2804D09DF869
:101F000039004B38BD4948859DF83A00FF2804D078
:101F10009DF83A004B38B94988859DF83B00FF2869
:101F200004D09DF83B004B38B449C8859DF83C006F
:101F3000FF2804D09DF83C004B38B0490886AF48D4
:101F400090F849101E3030F911000A9005F0ACFDF0
:101F500001460B90A548F8F7E3FFBFE1179800B9D9
:101F6000BCE19DF83800FF2804D09DF83800A34953
:101F700081F832009DF83900FF2804D09DF839100F
:101F80009E4880F833109DF83A00FF2804D09DF851
:101F90003A109A4880F834109DF83B00FF2804D08E
:101FA0009DF83B10954880F835109DF83C00FF28BF
:101FB00004D09DF83C10914880F836109DF83D0003
:101FC00000F003000C900C98032807D00C9808B17F
:101FD000012000E00020894981F87A009DF83D0049
:101FE000C0F381000C900C98032807D00C9808B11E
:101FF000012100E00021814880F87B109DF83D0020
:10200000C0F301100C900C98032807D00C9808B16D
:10201000012100E00021794880F87C109DF83D0006
:1020200080090C900C98032807D00C9808B1012166
:1020300000E00021714880F87D109DF83E0000F01E
:1020400003000C900C98032807D00C9808B10121CC
:1020500000E00021694880F87E10A6E39DF8380072
:1020600000069DF8391000EB01409DF83A1000EB96
:1020700001209DF83B100144129800EBC00260481B
:1020800000EBC20041639DF83C0000069DF83D1046
:1020900000EB01409DF83E1000EB01209DF83F1041
:1020A0000144129800EBC002554800EBC200816366
:1020B0007BE39DF8380002281DD19DF83C00010407
:1020C0009DF83D0001EB00209DF83E10084407906C
:1020D00005F0C1F800224B4BCDE9080104F034FFB4
:1020E000CDE90A0104F04AFE129901EBC10244490C
:1020F00001EBC201C86058E39DF83A0000F00F0000
:1021000004281DD0FF200423CDE90230049005905F
:102110000020009001909904139801EB403112982F
:1021200001EB80203849097800EBC1003649497835
:1021300008440623002201460B903348FCF796FE24
:1021400033E34FF00C71139801EB4031129801EB1F
:1021500080202D49097800EBC1002B4949780844BB
:1021600011909DF8380000069DF8391000EB0140F1
:102170009DF83A1000EB01209DF83B1008440D90AB
:1021800000200B9028E021480D99F4F7ACFB10904B
:102190001098C1B2C0F30722C0F30743000ECDE987
:1021A0000332059102900D98C0B20D99C1F3072139
:1021B000CDE900100D98000E0A900D98C0F307436A
:1021C00011480A9A1199FCF751FE0D98001D0D90C7
:1021D0000B98401C80B20B909DF83D009DF83C1080
:1021E00000EB01210B988142CDDCDEE26043002050
:1021F000301E0020D41E0020E21E0020441D0020BE
:10220000F41E002000408F40E02D002068050020D3
:102210009DF83800FF2804D09DF83800FE49C1F829
:10222000B0009DF839000D2808DA9DF83900002823
:1022300004DD9DF83910F848C0F8B4109DF83A0054
:10224000202808DA9DF83A00002804DD9DF83A10AD
:10225000F148C0F8B8109DF83B00182804DA9DF842
:102260003B10ED4880F8C0109DF83C003C2804DA93
:102270009DF83C10E84880F8C1109DF83D003C28CE
:1022800004DA9DF83D10E44880F8C210E24890F866
:10229000C200E14991F8C110DF4A92F8C020CDE9AF
:1022A00000210290DC4890F8B8000B90DA4890F8D2
:1022B000B4000A90D84890F8B00009900146D6487A
:1022C000DDE90A23FAF70AFB0120D34981F8D90096
:1022D000D248FCF7C9FFD049C1F8DC0065E29DF89F
:1022E000380018280BDACC4890F8C3009DF8381055
:1022F000884204D09DF83810C74880F8C3109DF874
:1023000039003C280BDAC44890F8C4009DF8391015
:10231000884204D09DF83910BF4880F8C4109DF859
:102320003A0018280BDABC4890F8C5009DF83A101E
:10233000884204D09DF83A10B74880F8C5109DF83F
:102340003B003C280BDAB44890F8C6009DF83B10DF
:10235000884204D09DF83B10AF4880F8C6109DF825
:102360003C0065280BDAAC48B0F882009DF83C10C0
:10237000884204D09DF83C00A749A1F882009DF84E
:102380003D0065280BDAA448B0F884009DF83D10A4
:10239000884204D09DF83D009F49A1F8840004E2E2
:1023A0009DF83800022808DA9DF8380008B10121AC
:1023B00000E000219A4880F837109DF83900022883
:1023C00008DA9DF8390008B1012000E000209449A6
:1023D00081F833009DF83A00022808DA9DF83A00A7
:1023E00008B1012100E000218D4880F83410002060
:1023F0000B9014E00B98001D0EA9085C02280BDA64
:102400000B98001D085C08B1012200E000220B9827
:10241000401D834933310A540B98401C0B900B9894
:102420000328E7DBC1E101207E49087000211D98E7
:1024300001729DF839109DF8380001EB0020B0F5CD
:102440007A7F07DC9DF839109DF8380001EB0020F9
:10245000744908819DF83B109DF83A0001EB00207B
:10246000B0F57A7F08DC9DF83B109DF83A0001EB4F
:10247000002081B26B4841819DF83D109DF83C00E1
:1024800001EB0020B0F57A7F08DC9DF83D109DF847
:102490003C0001EB002081B26248818185E101208E
:1024A0006049087000211D9801729DF839109DF84F
:1024B000380001EB00204FF6FF71884214D09DF8E0
:1024C00039109DF8380001EB0020079004F0C3FE9E
:1024D0000022554BCDE9080104F036FDCDE90A0193
:1024E00004F04CFC4F4908619DF83B109DF83A0000
:1024F00001EB00204FF6FF71884214D09DF83B108D
:102500009DF83A0001EB0020079004F0A4FE0022A1
:10251000454BCDE9080104F017FDCDE90A0104F0AF
:102520002DFC404948619DF83D109DF83C0001EBB1
:1025300000204FF6FF71884214D09DF83D109DF8A1
:102540003C0001EB0020079004F085FE0022364B92
:10255000CDE9080104F0F8FCCDE90A0104F00EFC15
:10256000304988619DF83F109DF83E0001EB002046
:102570004FF6FF71884214D09DF83F109DF83E0041
:1025800001EB0020079004F066FE0022264BCDE907
:10259000080104F0D9FCCDE90A0104F0EFFB214960
:1025A000C86102E10120214908701C48FCF75CFE6B
:1025B0001E4948609DF83900FF2802D09DF8390077
:1025C0001A909DF83A00FF2802D09DF83A00199021
:1025D0009DF83B00FF2802D09DF83B0018901A9808
:1025E000FF2842D000231148DDE91221FEF761FCEB
:1025F0000B9000200A9034E00A9800EB40010B4851
:10260000103000EB4100C1780B98814226D10A9826
:1026100000EB400105480BE060430020C01B002098
:10262000301E0020A423002000002440E8230020C6
:10263000103010F8110088B10A9901EB410262498B
:1026400001EB42011A9848701A9838B10A9901EBC7
:1026500041025D4901EB42011A9888700A98401CBA
:102660000A900A980A28C7DB00BF1998FF2834D0BF
:10267000012355481038DDE91221FEF71AFC0B90B2
:1026800000200A9025E00A9800EB40014E4800EB3C
:102690004100C1780B98814218D10A9800EB4001A3
:1026A000494810F8110088B10A9901EB41024649E6
:1026B00001EB420119984870199838B10A9901EB59
:1026C0004102414901EB4201199888700A98401C67
:1026D0000A900A980A28D6DB00BF1898FF2834D041
:1026E000022339481038DDE91221FEF7E2FB0B9096
:1026F00000200A9025E00A9800EB4001324800EBE8
:102700004100C1780B98814218D10A9800EB400132
:102710002D4810F8110088B10A9901EB41022A49AD
:1027200001EB420118984870189838B10A9901EBEA
:102730004102254901EB4201189888700A98401C13
:102740000A900A980A28D6DB00BF2EE000200B90E2
:102750000DE00EA90B98085CFF2805D00B980A5CC9
:10276000194808380B9942540B98401C0B900B9851
:102770000428EEDB00200B9013E00EA90B98001D3F
:10278000085C00F00F000F2808D00B98001D085CB3
:1027900000F00F020C48001F0B9942540B98401C8C
:1027A0000B900B980428E8DB00BF00BF1398782833
:1027B00007DB01211D9801700448FCF755FD1D99A8
:1027C000486000BFFEF7EABCF8230020C01B0020D1
:1027D00010B586B00446A948007800F0010058B949
:1027E000A64803F040FB38B1A548FCF73DFDA549DC
:1027F0000860A248AFF30080A348007800F0010011
:1028000058B9A14803F02FFB38B19D48FCF72CFDC7
:102810009E4908609C48AFF300809948FCF724FD6E
:102820009A490968401A41F28831884218D394487D
:10283000FCF71AFD95490860FF2002900390049070
:1028400005900090019092480078924A02EBC000F7
:102850008F4A5278811800231A468D48FCF706FBF0
:102860008748FCF701FD87490968401A972876D305
:102870008348FCF7F9FC8349086087480078401CCE
:102880008549087008460078212869D2DFE800F001
:10289000E6111213141516172A2B2C2D2E2F304348
:1028A0004C555E69727B848D969FACB5BEC7D0D9FE
:1028B000DD0000BF00BF00BF00BF00BF00BF764803
:1028C0000078401E00EBC001744800EBC10090F896
:1028D000440030B170480078401EC1B27048FDF726
:1028E00087FAC7E000BF00BF00BF00BF00BF00BF46
:1028F00069480078083800EBC001684800EBC10067
:1029000090F8440030B1644800780838C1B2644897
:10291000FDF730FBAEE00120132307227F2100905A
:102920005F48FDF7F5FBA5E00320132307227F2175
:1029300000905B48FDF7ECFB9CE00420132307228A
:102940007F2100905648FDF7E3FB93E0FF2015231D
:1029500007227F2100905248FDF7DAFB8AE08AE0E7
:102960007CE0FF20162307227F2100904C48FDF7D2
:10297000CFFB7FE0FF20172307227F2100904848EC
:10298000FDF7C6FB76E0FF20182307227F21009089
:102990004348FDF7BDFB6DE0FF20192307227F218F
:1029A00000903F48FDF7B4FB64E0FF201A230722A4
:1029B0007F2100903A48FDF7ABFB5BE0FF201B2333
:1029C00007227F2100903648FDF7A2FB52E03548F0
:1029D00090F8D90038B9FF20282307227F210090E2
:1029E0002F48FDF795FB45E0FF20292307227F2193
:1029F00000902B48FDF78CFB3CE0FF202A230022AF
:102A00007F2100902648FDF783FB33E0FF202B2336
:102A10000022252100902248FDF77AFB2AE00520BC
:102A2000132307227F2100901D48FDF771FB21E051
:102A30000620132307227F2100901948FDF768FB29
:102A400018E01748FDF758F914E007201323024651
:102A50007F2100901248FDF75BFB0BE0FF202E2347
:102A600007227F2100900E48FDF752FB00200A4903
:102A7000087000BF00BF06B010BD0000AC0400200D
:102A8000C01B0020B0040020A8040020B4040020D3
:102A9000E02D002000FC1F00B8040020F41E0020E0
:102AA000C40400206043002070B504461E48FCF7B3
:102AB000DBFB6168401A44F62061884201D900209E
:102AC00020702046FFF784FE002511E005EB45014C
:102AD000164810F8310048B129462046FEF738FB69
:102AE000002105EB4502114800F83210681CC5B200
:102AF000322DEBDB0C48FCF7B7FB0D490968401A97
:102B0000B0F57A7F0ED30848FCF7AEFB08490860A1
:102B1000207A401C2072207A0F2803DB00202072CC
:102B20000449087070BD0000C01B0020142E002056
:102B3000A4040020A42300200021016041608160E2
:102B40007047000070B50446544890F8950028B1CD
:102B5000524890F8960084F8740070BD5048007890
:102B6000A8B95048FCF780FBB0F5967F0FD901203B
:102B70004B4908705E20005B3C2805DB5E20005B53
:102B800040F6AC51884202DD012084F8E80094F858
:102B9000E800002874D194F88C0010B994F88E00E5
:102BA00018B1002084F87400D7E794F81801401C8D
:102BB00084F8180194F818010A2802DB002084F830
:102BC0001801B4F84A1094F8182104F58D7020F813
:102BD000121094F81801092802D1B4F91A5106E02C
:102BE00094F81801401C04F58D7131F9105094F8D7
:102BF000740070BBB4F94A00281A042805DD94F863
:102C00002E01401C84F82E0102E0002084F82E01E1
:102C100094F82E01022808DD204890F8A00084F8DE
:102C20007500B4F84A00A4F84C0094F87500FF2829
:102C300031D094F8750028B194F87500401E84F8DE
:102C4000750028E0012084F87400FF2084F87500E6
:102C500021E0FFE7B4F94A00B4F94C10884203DAE6
:102C6000B4F84A00A4F84C00B4F94A10B4F94C0086
:102C7000801C81420FDD002084F874000BE0FFE728
:102C80000948B0F85E00B0F57A7F01DA012000E073
:102C9000002084F8740000BF5FE70000301E0020B1
:102CA00068040020C01B0020101C002010B59CB040
:102CB000044601210846EFF703FC01210220EFF74B
:102CC000FFFB01210420EFF7FBFB01A8EFF7AAF9B6
:102CD000FE20019003208DF8080000208DF80B00E5
:102CE00001A98148EFF726F901A8EFF79BF93F20EA
:102CF000019003208DF8080000208DF80B0001A939
:102D00007A48EFF717F901A8EFF78CF90320019043
:102D10008DF8080000208DF80B0001A97448EFF72A
:102D200009F901218805EFF7CBFB01210802EFF734
:102D3000F7FB7048EEF74AFE03A8EEF751FF0020BC
:102D400003906D4804906D48059000200690102077
:102D50000790002008904FF48060099040000A908E
:102D600080000B9040110C9040020D9000200E90BE
:102D700001200F9000201090119003A95D48EEF7FC
:102D800003FF01215B48EEF715FE12A8EDF724FEC4
:102D90000020129013904FF4804014900020159062
:102DA00012A8EDF701FE16A8EDF7BDFE0020169063
:102DB00001208DF85C008DF85D00002018901990BE
:102DC0001A9010208DF86C0016A94B484C38EDF77E
:102DD0001FFE07230122114647484C38EDF742FEFB
:102DE00007230222114644484C38EDF73BFE0723E7
:102DF0000322114640484C38EDF734FE07230422E5
:102E000011463D484C38EDF72DFE072305221146AB
:102E100039484C38EDF726FE07230622114636487E
:102E20004C38EDF71FFE07231A46194632484C3836
:102E3000EDF718FE0723082211212F484C38EDF733
:102E400011FE0723092208212B484C38EDF70AFE12
:102E500007230A22092128484C38EDF703FE0723EF
:102E60000B220A2124484C38EDF7FCFD07230C22E5
:102E70000B2121484C38EDF7F5FD07230D220C21DD
:102E80001D484C38EDF7EEFD07230E220D211A48A0
:102E90004C38EDF7E7FD07230F220E2116484C387A
:102EA000EDF7E0FD072310220F2113484C38EDF712
:102EB000D9FD0120EDF758FE0120EDF73FFE01217D
:102EC0000D484C38EDF799FD01210B484C38EDF7D2
:102ED00089FD012108484C38EDF75BFD06484C3868
:102EE000EDF71CFE1CB010BD0000024000080240BF
:102EF00000040240106402404C200140641C002089
:102F000010B5044669B140F2DC50824207DD187802
:102F1000401C187018780A2803DD012010BD00201D
:102F2000187081B9B2F57A7F0BDA40F20230824232
:102F300007DD1878401C187018780A2803DD022075
:102F4000ECE7002018700020E8E700210DE00023E6
:102F500000F17C0253540A32535416325354521D1A
:102F600053540A3A53544A1CD1B20529EFDB0021CD
:102F700009E0002300F1A8025354921C5354121F7D
:102F800053544A1CD1B20229F3DB00228B30427029
:102F90000270C270827042710271C271827142729B
:102FA0000272C272827280F8282080F8A42080F811
:102FB0002A2080F8A52080F82B2080F8A6208B38C6
:102FC000704700002DE9F04FA1B006460F4692462B
:102FD000142261A11CA8EDF769FB4C22634909A8E2
:102FE000EDF764FB40F6AC50874203DD604821B04A
:102FF000BDE8F08F384604F06FFD0390316804F0AF
:10300000B3FD044604F0B8FB00225A4BCDE904019D
:1030100003F09AFFCDE9060103F0B0FE8046414679
:10302000306804F0A9FE044604F0A6FBCDE90401D3
:10303000404604F0A1FB00224F4BCDE9000104F013
:1030400071F9CDE90201DDE9042303F07DFFCDE94B
:10305000060103F093FE0546A946099804F03CFDDD
:103060000446494604F04CFE01D24448BFE71B9891
:1030700004F032FD0446494604F042FD01D24048C6
:10308000B5E7002464E009A951F8240004F024FD08
:103090004946079004F034FD58D809AA611C52F83B
:1030A000210004F019FD4946079004F029FE4DD88F
:1030B00009A951F8240004F00FFD4946039004F0DB
:1030C00050FE1CAA611C059051561257881A04F034
:1030D000EBFC0490059904F047FD069004F0C4FC55
:1030E00080B2079004F0F8FC834609AA611C32F80C
:1030F000211032F82420891A88B204F0EDFC0890DF
:103100005846089904F0D2FB1CA90790085704F010
:10311000CBFC0690079904F05BFB0546504604F093
:10312000C3FC2946069004F053FB1649079004F0AF
:10313000E7FD01D2134D07E0504604F0B5FC2946E7
:10314000079004F045FB0546284650E7601CC4B2D2
:10315000122C98DB0A484AE7CED8E2ECF6000A14B3
:10316000191E28323C46505A646E7800647E03086B
:103170000000F04200FEAF400000994000004CC249
:103180000000F2420000F4422DE9F05F0446FE48E0
:10319000007800F0010058B9FB4802F064FE38B135
:1031A000FA48FCF761F8FA490860F748AFF3008085
:1031B000F848007800F0010058B9F64802F053FED4
:1031C00038B1F248FCF750F8F3490860F148AFF322
:1031D0000080F248007800F0010058B9EF4802F092
:1031E00042FE38B1E948FCF73FF8ED490860EB488A
:1031F000AFF30080E548FCF737F8E9490968401A61
:10320000B0F57A7F07D3E148FCF72EF8E44908606F
:103210002046FFF797FCDD48FCF726F8DC490968F3
:10322000884241D0D948FCF71FF8D9490860DD48E9
:10323000B0F8E400401CDB49A1F8E4000846D0F8EF
:10324000D410B0F872000844D649C1F8D40008463A
:10325000D0F8CC10B0F860000844D249C1F8CC00D6
:103260000846D0F8D010B0F85E000844CD49C1F847
:10327000D0000846D0F8D810B0F86E000844C9490C
:10328000C1F8D80000200DE0C649B83151F820201F
:10329000643931F810100A44C249B83141F820208D
:1032A000411CC8B20528EFDBB848FBF7DDFFBA497F
:1032B0000968401AC8287DD3B448FBF7D5FFB64942
:1032C00008606220005B40F6E441484340F6FF712D
:1032D00090FBF1FB584603F0BEFF07460022B24BBD
:1032E00003F032FE054603F049FD2060002532E080
:1032F000A648FBF7B9FF04F10C0151F82510401A5C
:1033000042F21071884202D90021201D415504F17A
:10331000B80050F82500B4F8E41090FBF1F00FFA73
:1033200080FA201D405D68B9A04810F8150042B22F
:103330001FFA8AF12046FFF745FE04F1340141F8F7
:10334000250006E004F1200050F82510143040F864
:103350002510681CC5B2052DCADBB4F8E410D4F8FA
:10336000D00090FBF1F086B2002231462046FFF7F4
:1033700029FE054604F05CFB00B2A4F84A00B4F84C
:10338000E410D4F8CC0090FBF1F086B20022314674
:103390002046FFF717FE054604F04AFB00B2A4F8EA
:1033A0004800B4F8E410D4F8D40090FBF1F085B2F2
:1033B000002200E010E229462046FFF703FE2065C8
:1033C000A834A18F206B90FBF1F060630020A087F0
:1033D000E0626062A0622063A83C00BF06E00022B9
:1033E0007049B83141F82020411CC8B20528F6DBED
:1033F0006648FBF739FF42F2107188425CD9002021
:1034000058E06A49AA39095C11B1211D095C69B10A
:103410006749097819B16649097B814206D0654937
:103420000978A9B36349C97A814237D104F15401BB
:1034300031F8101040F6AC5291420FDD04F17701E3
:10344000095C491CCAB204F177010A54095C0529D8
:1034500008DD012204F17C010A5403E0002204F19A
:1034600077010A5404F1540131F81010322910DAAE
:1034700004F18101095C491CCAB204F181010A54BA
:10348000095C052914DD012204F186010A540FE0CC
:1034900004E0002204F181010A5409E0002204F151
:1034A00077010A540A310A54491F0A540A310A544E
:1034B000411CC8B20528A4DB6020005B40F6AC517B
:1034C00088420BDD14F88F0F401C207014F88F0910
:1034D000052806DD012084F8900002E0002084F831
:1034E0008F006020005B32280BDA14F8910F401C2B
:1034F000207014F89109052806DD012084F8920057
:1035000002E0002084F891007220005B40F6AC518C
:1035100088420BDD14F8930F401C207014F89309B7
:10352000052806DD012084F8940002E0002084F8DC
:1035300093007220005B32280BDA14F8950F401CC0
:10354000207014F89509052806DD012084F89600FE
:1035500002E0002084F8950094F8760060B300251E
:103560003FE01248AA38405D012838D10F48A03802
:10357000405DA0BB04F1970043191530465D5838F3
:1035800030F81620094818E058040020C01B00201D
:103590005C0400205404002060040020500400203B
:1035A00064040020101C002000408F40EE1D00200D
:1035B000D41E0020E21E002015E0A038405D08B1B6
:1035C000012000E0002001462046FFF799FC8146DB
:1035D000B9F1020F03D1012104F19C004155681C8F
:1035E000C5B2052DBDDB924890F8B70058B17020E8
:1035F000025B904890F88D1004F1A7032046FFF776
:103600007FFC814601E04FF00009B9F1010F02D1C2
:103610000121AB200155B9F1020F02D10121A920EE
:103620000155A920005D10B9AB20005D68B181484B
:1036300090F8340048B1002241F256017E48F7F775
:10364000BDFC00217B4880F83410D4F8DC0032281F
:1036500017DA94F8E70000280FDD652084F8E6000B
:1036600094F83101401C84F8310194F83101142898
:103670000FDD012084F8B6000BE0672084F8E60037
:1036800007E094F8310120B194F83101401E84F82C
:103690003101D4F8DC00322806DBD4F8DC00C8287D
:1036A00002DA062084F8E600D4F8DC00C82807DB3C
:1036B000D4F8DC00B0F5847F02DC052084F8E60055
:1036C000D4F8DC00B0F5847F07DDD4F8DC00B0F579
:1036D000987F02DC042084F8E600D4F8DC00B0F522
:1036E000987F07DDD4F8DC00B0F5AF7F02DA032065
:1036F00084F8E600D4F8DC00B0F5AF7F07DBD4F83F
:10370000DC00B0F5D27F02DA022084F8E600D4F8BB
:10371000DC00B0F5D27F07DBD4F8DC00B0F5167F13
:1037200002DA012084F8E600D4F8DC00B0F5167F58
:1037300008DB40F2DC51D4F8DC00884202DA0020D9
:1037400084F8E60040F2DC51D4F8DC0088421BDB50
:1037500094F8E700002813DD662084F8E60094F86A
:103760003001322804DA94F83001401C84F830012A
:1037700094F8300114280FDD012084F8B5000BE027
:10378000672084F8E60007E094F8300120B194F84F
:103790003001401E84F8300194F8E60094F8E710F8
:1037A000884210DA94F82F01322804DA94F82F01B5
:1037B000401C84F82F0194F82F0114280BDD012000
:1037C00084F8B30007E094F82F0120B194F82F019A
:1037D000401E84F82F0100BF606BC4F8EC00F0209D
:1037E000A16B0151F420E16B0151F820216C0151D2
:1037F000FC20616C01510021001D0151001D216D53
:1038000001510E4801694FF4847001510B48416920
:103810004FF486700151094881694FF48870015155
:103820000648C1694FF48A700151BDE8F09F00005D
:10383000441D0020301E002060430020A4230020EF
:1038400010B504464FF49A712046ECF796FF2046D7
:10385000FFF77BFB002084F87600FF2084F87500DA
:10386000032084F8E700082084F8AC000921AD208B
:1038700001550A21AE2001550B21AF2001550C2125
:10388000B02001550E21B2200155204610BD70B563
:1038900004461A21204600F029F80546681C10B994
:1038A0000020206000E0256070BD10B504461A219C
:1038B0002046226800F05CF810BD000070B5054697
:1038C000074C08E021460748F3F70DF8401C08B9FB
:1038D000204670BD083404488442F3D30020F8E742
:1038E00000000108680500207FFF01082DE9F04174
:1038F00080460D464FF0FF370C4C11E021460C4836
:10390000F2F7F1FF0646701C10B93846BDE8F081A9
:10391000AE4204D1211D0648F2F7E5FF0746083400
:1039200004488442EAD33846F0E70000000001086A
:1039300068050020FFFF010870B504462046FFF728
:10394000BDFF054615B10948854202D9204600F061
:103950003DF8204600F044F81A212046226800F085
:1039600007F8204600F02CF870BD0000F7FF0108B2
:103970002DE9F04106460D4617463046FFF79EFFFB
:10398000044694B1304600F02BF82A4621460B48F5
:10399000F2F779FF241D3A4621460848F2F773FFF3
:1039A000304600F00DF8BDE8F081304600F00EF82A
:1039B0003046FFF7C1FF00BFF5E7000068050020B3
:1039C00010B50446EEF712FA10BD000010B504461B
:1039D00020210248F2F776FF10BD000068050020A4
:1039E00010B50446EEF74CFA0148F2F759FF10BD46
:1039F0006805002000210160704700002DE9F041BA
:103A000006462F48008808B9BDE8F081307A00B139
:103A1000FAE701203072002449E056F824503FE0D4
:103A200029462848F2F75FFF0746781C98BB301DEF
:103A300050F8241005F1180081422FD9304600F0CB
:103A40006BF800239A1F2946304600F03FF80835EE
:103A50001B48038818222946304600F037F80835FD
:103A60001948B0F948303D222946304600F02EF87A
:103A70000835304600F03EF8301D50F8241005F1AE
:103A80001800814209D8601C012805DAC1B230460D
:103A900000F036F8B8E702E007E0B5E705E00835E2
:103AA000301D50F82400A842BAD8601CC4B2012CC2
:103AB000B3DB0021304600F023F800BFA4E700008C
:103AC000EC20002068050020101C00202DE9F041AA
:103AD00007460C4616461D46324621460448F2F774
:103AE000D2FE2A46211D0248F2F7CDFEBDE8F08144
:103AF0006805002010B50446EEF778F910BD000007
:103B000070B505460C461CB938210248F2F7DAFEBA
:103B100070BD00006805002010B50446EEF7B0F94E
:103B20000148F2F7BDFE10BD6805002000210160CC
:103B30004160816003490160034A016811444160AA
:103B40007047000000000608FFFF010070B59EB03E
:103B5000044600201C901D9000BF04E05249415CC7
:103B600013AA1154401C0828F8DB002015E000219E
:103B700010E013AA125C203A20230B411A400AB12C
:103B8000012200E0002200EB400301EB430307AEFB
:103B9000F254491C0629ECDB401C0828E7DB002016
:103BA00010E00022002108E001EBC00307AEF35C47
:103BB00013B180230B411A44491C0829F4DB1CABC8
:103BC0001A54401C0628ECDB204600F0C9F8EEF73A
:103BD000D3FAEDF77DF815A916A802F020FD84F8B8
:103BE000120194F8120120B1002084F8F9001EB0EF
:103BF00070BDEDF76DF89DF85800302804DD012008
:103C000084F8DB0084F8F90006221CA91AA8EFF753
:103C1000EEFA1AAA0621002002F0C8FC054602F0BE
:103C2000F5FB054694F8DB0001280BD117A818A96D
:103C300019AB0722CDE900100021012002F018FA8B
:103C4000054606E017AB18AA19A9012002F0D7F91A
:103C5000054616A207CA04AB07C304A80C2300221A
:103C60000090BDF86010BDF8640002F0EDFB054661
:103C70000120114900221023CDE90032CDE90210C4
:103C80000723114602F038FA054694F8DC000128B3
:103C900002D1ECF77FFF05460721012002F05FFC0F
:103CA000054600BFA3E700000080000854696D626C
:103CB00065726C696E65203240E2010010B5024603
:103CC000002004E00C5C02F138031C54401C142852
:103CD000F8DB0120014B83F8360010BD9847002027
:103CE00010B5044694F8E40020B1EEF751FB002033
:103CF00084F8E40010BD10B50446B4F81001EDF7E7
:103D0000A1FF28B1B4F81001EDF796FFEEF752FAD3
:103D100010BD000010B50446EEF788FA2046FFF704
:103D2000DFFFD4F8E80030B194F8EE0018B10120BC
:103D300084F8350002E0002084F835000648007859
:103D400020B194F8350008B1012000E000200349BB
:103D500081F8780010BD0000AC48002060430020CE
:103D600070B58AB00446052601210846EEF7A8FB87
:103D700001210220EEF7A4FB01210420EEF7A0FBB5
:103D800001210820EEF79CFB01218803EEF7C8FB18
:103D900001210807EEF7A4FBA849206B884204D153
:103DA00001218014EEF7BCFB12E0A549206B88428C
:103DB00005D101210014EEF793FB052608E0A14987
:103DC000206B884204D10121C013EEF789FB06263F
:103DD00008A8EEF727F921790120884080B20890E1
:103DE00002208DF824008DF8250000208DF8260093
:103DF00001208DF8270008A92068EEF79BF82179AB
:103E000032462068EEF7DEF808A8EEF70BF9217BC2
:103E10000120884080B2089002208DF824008DF89F
:103E2000250000208DF8260001208DF8270008A924
:103E3000A068EEF77FF8217B3246A068EEF7C2F863
:103E400008A8EEF7EFF8217D0120884080B20890A5
:103E500002208DF824008DF8250000208DF8260022
:103E600001208DF8270008A92069EEF763F8217D6D
:103E700032462069EEF7A6F8A069C4F8FC00217F5D
:103E800001208840A4F8080108A8EEF7CBF8217FAC
:103E90000120884080B2089001208DF82400002085
:103EA0008DF825008DF826008DF8270008A9A06957
:103EB000EEF740F8206AC4F800012420015D0120DB
:103EC0008840A4F80A0108A8EEF7ACF82420015DA8
:103ED0000120884080B2089001208DF82400002045
:103EE0008DF825008DF826008DF8270008A9206A96
:103EF000EEF720F808A8EEF795F84FF40040089088
:103F000001208DF8240002208DF8250008A94E48D4
:103F1000EEF710F84FF400414B48EEF781F8A06A35
:103F2000C4F804012C20015D01208840A4F80C0194
:103F300008A8EEF777F82C20015D0120884080B2B8
:103F4000089000208DF8240002208DF82500002024
:103F50008DF8270008A9A06AEDF7ECFF03A8EEF79B
:103F600041FC0020ADF80C00ADF81000ADF81200D7
:103F7000ADF814004FF40070ADF816002020ADF835
:103F800018000020ADF81A004FF48270ADF80E0052
:103F900003A9206BEEF708FC0121206BEEF7F8FB7C
:103FA00000252A49A06A884201D101250AE0284952
:103FB000A06A884201D1022504E02649A06A88420D
:103FC00000D103252C20015D2846EEF723FC2C2090
:103FD000015D01208840A4F8100101A8EDF790FED2
:103FE0002C20015D0120884080B2019000208DF8D6
:103FF000080008208DF8090001208DF80A0001A8AA
:10400000EDF734FE282084F80E0194F80E018DF8A7
:10401000000000208DF8010003208DF8020001202F
:104020008DF803006846EEF7F7F92C210A5D0121AF
:10403000914088B2EDF700FE0AB070BD003001403B
:1040400000380040003C00400000024000040240F4
:1040500000080240000C024070B505460C461421D1
:10406000204602F0B7FD70BD002180F8DB10012171
:1040700080F8DC1080F8E410AA2180F813110F49B1
:1040800001630F490160032101710D49816005221F
:10409000027301610422027581610E2202770949CF
:1040A0000162022224210A54054981620F222C2137
:1040B0000A54002180F8F91070470000003C0040CD
:1040C00000040240000C024010B504463448FBF7DF
:1040D000CBF834490968401A64285FD93048FBF7A7
:1040E000C3F8304908602078401E2F49085C00283A
:1040F00054D12078401E2D4931F81000C82805DA27
:1041000060680A2802D26068401C60602078401E07
:10411000264931F81000C82804DB606810B16068D7
:10412000401E6060A07818BB60680A2820D101207A
:10413000A0701F4908704870002013E01A49095CFC
:1041400019B10122184914310A54162216491E3198
:1041500021F810200A3121F81020002252310A548F
:10416000411CC8B20528E9DB64201149A1F86200AE
:10417000A07898B1606888B90020A0700C490870D8
:10418000487000BF08E00849095C19B100220649DF
:1041900014310A54411CC8B20528F4DB10BD0000DC
:1041A000C01B002098040020441D0020641C002037
:1041B0006043002010B50446012240F224410F481C
:1041C000EEF763FEA07808B9022000E001206070DD
:1041D0006078012802D0022806D102E00220E070B7
:1041E0000AE00320E07007E00020E0700448FBF7DD
:1041F0003BF8C4F8100300BF00BF10BD00480040EA
:10420000C01B002070B50446B4F80E03B4F80C13BC
:1042100088420BDAB4F80E53681CA4F80E0304F2BB
:104220000B20415D0748EEF7C4FE09E0002240F292
:1042300026610448EEF729FE0020207001F084F882
:1042400070BD0000004800402DE9F04180460C465A
:104250001546042D02DA0020BDE8F081A81E215C7D
:10426000681E205C41EA0027A81E81B2204600F0AB
:1042700066FFB84201D00020EEE76678052E1ED01A
:1042800006DC012E09D0032E0DD0042E29D110E01A
:10429000062E1AD0102E24D11DE02A462146404673
:1042A00000F05AFB23E02A462146404600F0B1FDCB
:1042B0001DE02A462146404600F0F4FC17E02A465D
:1042C0002146404600F013FE11E02A4621464046B2
:1042D00000F055FD0BE02A462146404600F054FE12
:1042E00005E001223146404600F084F900BF00BFDE
:1042F0000120B1E72DE9F04781460D46242D73DA00
:1043000073D2DFE805F0121314151628333E3F4030
:1043100041424E525354555657585F606162637321
:104320007E828B98A3A8A9AAABBF00BF00BF00BF25
:1043300000BFA548405D18B94FF6FF70BDE8F08793
:10434000A24951F82500A24903F00EFC044603F0EF
:104350006FFB80B2F2E79D493439086D9C4903F048
:1043600003FC044603F064FB80B2E7E79748343867
:10437000B0F9480000EB80004FF6FF7101EA400001
:10438000DCE700BF00BF00BF00BFE81F8E49085C2C
:1043900010B94FF6FF70D1E7E81F8B490A31085C6E
:1043A000CCE78C48FBF764FCC8E700BF00BF00BF48
:1043B00000BF00BF00BFA5F10D00C1B28548FBF7EB
:1043C000E1FABBE700BF00BF00BF00BFA5F11400CA
:1043D0007D49085C10B94FF6FF70AFE7A5F11400F6
:1043E00079491431085CA9E75AE056E07A48C07868
:1043F00000EBC0017848001D00EBC10090F83C00C4
:104400009CE77648F3F7ACFA98E77048343890F8B0
:10441000740008B1012091E700208FE77048007810
:1044200010B94FF6FF7089E76D48808800EB800077
:104430004004000C82E76B48007810B94FF6FF701B
:104440007CE76948B0F8A80080B277E75F48343865
:1044500090F8E60072E700BF00BF00BF6348007835
:1044600010B94FF6FF7069E7A5F11F015F4A1032DE
:1044700052F82100564903F077FB044603F0D8FABE
:1044800080B25BE7514934390868594903F06CFB45
:10449000044603F0E9FA80B250E74FF6FF704DE7AB
:1044A000632D6FDBA5F163001FFA80F8162098FBDF
:1044B000F0F0C6B2162098FBF0F100FB1180C7B2F5
:1044C000072E03DA44488078B04202DC4FF6FF70D2
:1044D00034E706EBC6014048001D00EBC1040A2F7B
:1044E00006D194F8440008B1012027E7002025E711
:1044F00094F8440010B94FF6FF701FE7142F5DD2F7
:10450000DFE807F00A0C0E1416191C1F22255C2880
:10451000313A3D414A50565920790FE760790DE70D
:10452000A08C00EB80004004000C07E7A07905E7B1
:10453000A08E80B202E7606B000CFFE694F82A00C0
:10454000FCE62B20005DF9E62C20005DF6E62D2030
:10455000005DF3E62649A06803F006FB824603F0FF
:1045600083FA80B2EAE62249E06803F0FDFA824667
:1045700003F07AFA80B2E1E6208A80B2DEE6A08A11
:1045800080B2DBE61DE01A49E06903F0EDFA8246ED
:1045900003F06AFA80B2D1E6E08C00EB80004004C0
:1045A000000CCBE6208D00EB80004004000CC5E63B
:1045B000208F80B2C2E6A06B000CBFE64FF6FF7002
:1045C000BCE64FF6FF70B9E6441D0020441C0020F5
:1045D00000002041EC200020F01E0020301E0020B2
:1045E000D41E0020E21E002060430020A4230020EF
:1045F0000000C8422DE9FC4104460D4616462079CC
:104600008DF8000045F080008DF801008DF8026003
:104610000321684600F093FD0746F8B28DF80300C9
:1046200038128DF8040040F20F200099C4F80B12E4
:104630009DF8041001550520A4F80C03204600F055
:104640000FFEBDE8FC81B0F80621FF2A06DCB0F8B9
:104650000621531CA0F80631431D995470470000F1
:1046600070B505460C46FF2C07DDA4F58076314673
:104670008148F2F74BFD80B270BD282C74D2DFE880
:1046800004F014151617181B26313C47525D687448
:104690007F8A8B8C8D8E949BA5AFB6C0C3C7CBCFC2
:1046A000D3D5DFE0E1E2E3EBF1F500BF00BF00BFEF
:1046B00000BF7248005DDFE770481438B0F91E0093
:1046C00000EB80004FF6FF7101EA4000D4E76B4831
:1046D0001438B0F9280000EB80004FF6FF7101EAB2
:1046E0004000C9E765481438B0F9200000EB8000AD
:1046F0004FF6FF7101EA4000BEE760481438B0F998
:104700002A0000EB80004FF6FF7101EA4000B3E79A
:104710005A481438B0F9220000EB80004FF6FF71C0
:1047200001EA4000A8E755481438B0F92C0000EB26
:1047300080004FF6FF7101EA40009DE74F481438B2
:10474000B0F9240000EB80004FF6FF7101EA400051
:1047500092E74A481438B0F92E0000EB80004FF67B
:10476000FF7101EA400087E783E044481438B0F95C
:10477000260000EB80004FF6FF7101EA40007BE766
:104780003E481438B0F9300000EB80004FF6FF715E
:1047900001EA400070E700BF00BF00BF00BFA4F106
:1047A0000F0036491E31085C66E73548007808B1CD
:1047B000012061E700205FE73148B0F9060000EB17
:1047C00080004FF6FF7101EA400055E72C48B0F930
:1047D0000A0000EB80004FF6FF7101EA40004BE752
:1047E0002848007808B1012046E7002044E7254822
:1047F000B0F9060000EB80004FF6FF7101EA4000BF
:104800003AE72048008937E71F4890F8C30033E7AC
:104810001D4890F8C4002FE71B4890F8C5002BE70F
:10482000194890F8C60027E7287925E71748B0F916
:104830000C0000EB80004FF6FF7101EA40001BE71F
:1048400000BF00BF00BF00BFA4F120000B4996319C
:1048500031F8100080B20FE70B48B0F862000BE7A8
:1048600004E0FFE70848B0F87C0005E70848C07896
:1048700002E74FF6FF70FFE670470020581D00204A
:10488000D41E0020E21E002060430020301E0020C5
:10489000F01E00202DE9FE4F07460C461546112D4F
:1048A00001DABDE8FE8F20783979884200D0F8E738
:1048B0006078102800D0F4E7E078A17840EA012879
:1048C000B8F1FE0F00D0ECE76079217940EA0129C8
:1048D000B9F1040F00D0E4E7A079082800D0E0E7A0
:1048E000A81E215C681E205C41EA002AA81E81B235
:1048F000204600F024FC0646B24500D0D1E7207ADD
:10490000E17940EA012BA07A617A40EA0120029025
:10491000207BE17A40EA01200190A07B617B40EAA4
:10492000012000904DF6AD6083450ED14BF6EF614E
:104930000298884209D14CF2DE010198884204D1E4
:104940004FF6CE210098884200D0AAE7214638468B
:1049500000F090FB00BFA4E72DE9F04F8BB080463C
:104960000D46E878A97840EA012B6879297940EA70
:10497000012616B1B6F5FA6F07DD03220121404684
:10498000FFF738FE0BB0BDE8F08F0BEB06001328E5
:1049900005DD022201214046FFF72CFEF2E7F01D63
:1049A000C11700EB5171C1F3C70998F804008DF8E5
:1049B000040001208DF805008DF8069049460DF1A0
:1049C0000700EBF7B8FE002425E00BEB040081B2F2
:1049D000404600F069FCE0B1E21704EB5272D210DD
:1049E000D21C01AB9A5C2146E31704EB5373DB1036
:1049F000A4EBC30C012303FA0CF3DBB21A432046E9
:104A0000E31704EB5373DB10DB1C0DF1040C0CF803
:104A10000320601C84B2B442D7DB09F10307394696
:104A200001A800F08CFB82463846791C8FB201A9A0
:104A300001F800A04FEA2A223846791C8FB201A95A
:104A40000A543A4608F20B20EBF7E7FDA8F80C737E
:104A5000404600F005FC00BF94E700002DE9F0415E
:104A600080460E461446FF2E0FDDA6F580770C2FEC
:104A700004D30E2F02D80020BDE8F08122B23946BF
:104A80008148F2F70DFB0120F6E725B2282E74D2FB
:104A9000DFE806F01415161718232B333B434B534E
:104AA0005B636B7475767778828990979EA5A8B0C2
:104AB000B8C0C8D1D8D9DADBDCE3E7EB00BF00BF70
:104AC00000BF00BF022C01DD0020D5E76F488455F0
:104AD000F1B21438EFF7F0FCD2E00A2095FBF0F0C9
:104AE00000B26A491439C883CAE00A2095FBF0F085
:104AF00000B2664914390885C2E00A2095FBF0F03F
:104B000001B2624814380184BAE00A2095FBF0F043
:104B100001B25E4814384185B2E00A2095FBF0F0FE
:104B200001B25A4814384184AAE00A2095FBF0F0FB
:104B300001B2564814388185A2E00A2095FBF0F0B6
:104B400001B25248143881849AE00A2095FBF0F0B3
:104B500001B24E481438C18592E00A2095FBF0F06E
:104B600001B24A481438C1848AE00A2095FBF0F06B
:104B700001B246481438018682E07FE000BF00BFE2
:104B800000BF00BF642C01DD002075E7A6F10F0017
:104B90003E491E310C5473E00CB1012000E00020AE
:104BA0003B4908706CE00A2095FBF0F000B23849F0
:104BB000C88065E00A2095FBF0F000B234494881D6
:104BC0005EE00CB1012000E000203249087057E09F
:104BD0000A2095FBF0F000B22E49C88050E02D4825
:104BE00004814DE0172C01DD002045E72A4880F8BC
:104BF000C34045E03B2C01DD00203DE7264880F81E
:104C0000C4403DE0172C01DD002035E7224880F844
:104C1000C54035E03B2C01DD00202DE71E4880F823
:104C2000C6402DE0012C01DBF72C01DD002023E73D
:104C300088F8044024E00A2095FBF0F000B2174900
:104C400088811DE000BF00BF00BF00BFA6F12000AB
:104C50000E49963121F8105012E00F48A0F862403A
:104C60000EE00D48A0F87C400AE00D488078A04294
:104C700001DC002000E70A49CC7001E00020FBE6DF
:104C800000BF0120F8E6000070470020581D0020FA
:104C9000D41E0020E21E002060430020301E0020B1
:104CA000F01E00202DE9F04FC1B080460D46E87897
:104CB000A97840EA012040906879297940EA0126E4
:104CC0000EB17D2E07DD032204214046FFF792FC42
:104CD00041B0BDE8F08F40983044FD2805DD022248
:104CE00004214046FFF786FCF2E770064FEA1069A0
:104CF00098F804008DF8000004208DF801008DF86C
:104D00000290002417E04098204481B24046FFF70B
:104D1000F1FA83464FEA2B20032101EB44010DF801
:104D200001000BF0FF01032000EB4400401C0DF8D4
:104D30000010601C84B2B442E5DB09F10307394678
:104D4000684600F0FCF982460AF0FF023846791CFA
:104D50008FB20DF800204FEA2A223846791C8FB214
:104D60000DF800203A46694608F20B20EBF755FC97
:104D7000A8F80C73404600F073FA00BFA8E72DE9CD
:104D8000FC4705460C469146E078A17840EA0127A9
:104D90006079217940EA012801213846EEF71EFDAD
:104DA00030B9022206212846FFF724FCBDE8FC8723
:104DB000424639462846FFF751FE28B9032206210C
:104DC0002846FFF717FCF1E720680090A088ADF8AF
:104DD000040028798DF800000621684600F0AFF93C
:104DE0000646F0B28DF8060030128DF807000099E3
:104DF000C5F80B120199C5F80F120820A5F80C038D
:104E0000284600F02DFA00BFD0E7012180F81413E6
:104E100070472DE9F04FC1B080460D46E878A9787B
:104E200040EA012040906879297940EA01260EB1D4
:104E30007D2E07DD032211464046FFF7DBFB41B024
:104E4000BDE8F08F31464098EEF7C8FC28B9022241
:104E500003214046FFF7CEFBF1E770064FEA1069E9
:104E600098F804008DF8000003208DF801008DF8FB
:104E70000290002417E04098204481B24046FFF79A
:104E8000EFFB83464FEA2B20032101EB44010DF891
:104E900001000BF0FF01032000EB4400401C0DF863
:104EA0000010601C84B2B442E5DB09F10307394607
:104EB000684600F044F982460AF0FF023846791C41
:104EC0008FB20DF800204FEA2A223846791C8FB2A3
:104ED0000DF800203A46694608F20B20EBF79DFBDF
:104EE000A8F80C73404600F0BBF900BFA7E72DE916
:104EF000FC4705460C469146E078A17840EA012837
:104F00006079217940EA0126B8F1130F06DB02220D
:104F100005212846FFF76EFBBDE8FC8746B1B6F5D4
:104F20007F4F05D0032205212846FFF763FBF3E7F7
:104F3000B6F57F4F01D1012000E000200246414636
:104F4000284600F003FA20680090A088ADF804001D
:104F500028798DF800000621684600F0F0F8074631
:104F6000F8B28DF8060038128DF807000099C5F8E0
:104F70000B120199C5F80F120820A5F80C0328465A
:104F800000F06EF900BFC7E72DE9FE4F07460C465B
:104F90009146E078A17840EA012A6079217940EAD7
:104FA000012694F806B00EB17B2E06DD03221021F7
:104FB0003846FFF71FFBBDE8FE8F31465046EEF73F
:104FC0000DFC28B9022210213846FFF713FBF2E747
:104FD000BBEB460F03D10BF10900484505DD032269
:104FE00010213846FFF706FBE5E7002513E008200F
:104FF00000EB4500205C072101EB4501615C40EAC4
:10500000012000900AEB050081B23846009AFFF7B4
:1050100025FD681C85B2B542E9DB38798DF80400BE
:1050200010208DF80500A0788DF80600E0788DF846
:10503000070020798DF8080060798DF809000621B5
:1050400001A800F07CF8804608F0FF008DF80A0007
:105050004FEA28208DF80B000199C7F80B1202992E
:10506000C7F80F120820A7F80C03384600F0F8F82C
:1050700000BFA0E770B504460D460120A070607027
:105080000220E070012240F24E211648F2F708F8A3
:105090001448F2F7BDF8287884F80B0210214FF479
:1050A00003700155A978401C0155E978401C015551
:1050B0002979401C01556979401C0155062104F2EB
:1050C0000B2000F03CF8064640F211200655311244
:1050D000401C01550820A4F80C03204600F0C0F83D
:1050E00070BD00007047002070B50446B4F806514A
:1050F0000020A4F80601042D00DA70BD60795A285A
:1051000005D1E078012801D184F81403F5E760792E
:105110002179884202D0607900B1EEE794F80A0262
:1051200000B1EAE72A46611D04F58470EBF775FAD1
:10513000A4F80852012084F80A0200BFDDE710B588
:1051400002464FF6FF7010E012F8013B5840002372
:1051500009E000F0010424B14AF2010484EA60008D
:1051600000E040105B1C082BF3DB0B1EA1F10104D7
:10517000A1B2E9D110BD000070B504463648FAF777
:1051800073F80546E07830B101282AD002283CD0D7
:1051900003285ED14FE094F80A02A0B12F4890F89E
:1051A0001005E8B92078D8B9B4F8082204F584715C
:1051B0002046FFF749F80646002084F80A020EB19F
:1051C0000220E0700CE0D4F81003281AB0F5FA6F52
:1051D00006D30120E070C4F81053002084F81403B3
:1051E00037E094F8140310B10320E07009E0D4F81C
:1051F0001003281AB0F5967F03D30020E070C4F89E
:105200001053002084F80A0223E094F80A0200B93F
:1052100070BD124890F8100508B9207800B1F7E782
:10522000B4F8082204F584712046FFF70DF8002039
:1052300084F80A020DE094F80A0248B1002084F8CC
:105240000A02B4F8082204F584712046FFF722FB15
:1052500000BF00BF00BFDBE7C01B00209C38002060
:1052600070B50446B4F80C0300B970BD00F01AF82C
:105270000020A4F80E0301202070B4F80E53681C1F
:10528000A4F80E0304F20B20415D0548EDF791FEF2
:10529000012240F226610248EDF7F7FD00BFE4E786
:1052A00000480040704700000246132940D2DFE862
:1052B00001F00A0D1013161718191A1E22262A2E8D
:1052C0003236383B3D001B4800787047194840781B
:1052D000FBE719480078F8E718480078F5E700BFC1
:1052E00000BF00BF00BF081F154B185CEDE7154855
:1052F00090F83300E9E7134890F83400E5E71148E7
:1053000090F83700E1E70F4890F83800DDE70D48E6
:1053100090F83900D9E70B4890F83A00D5E700201B
:10532000D3E70448C078D0E70020CEE70020CCE7E0
:105330000020CAE760430020D41E0020E21E0020A7
:10534000BE1D0020301E00207047000070B50646CC
:105350000D461446132D57D2DFE805F00A0D101341
:10536000161718191A1E22262A2E32363B3E5100D5
:105370002748047049E02648447046E025480470F8
:1053800043E02548047040E000BF00BF00BF00BFFD
:10539000281F22490C5438E0214880F8334034E07B
:1053A0001F4880F8344030E01D4880F837402CE03A
:1053B0001B4880F8384028E0194880F8394024E03C
:1053C000174880F83A4020E014B11648FAF7C0FABE
:1053D0001BE00F48C47018E084B100BFBFF34F8FCB
:1053E0001148006800F4E06010490843001D0E49B0
:1053F0000860BFF34F8F00BF00BFFEE705E014B1A8
:105400000B48F1F705FF00E000BF00BF70BD0000D2
:1054100060430020D41E0020E21E0020BE1D00209C
:10542000301E0020EC2000200CED00E00000FA050A
:105430007047002010B504464FF446712046EBF744
:105440009CF90120207160700020207084F80A020D
:10545000A4F80601E070C4F8100384F81403204691
:1054600010BD00002DE9F04F87B082468B460BEB54
:105470004B01FB4800EBC1008068C0F31020069090
:105480000BEB4B01F64800EBC10000F10F040020CC
:105490000590F44A0698811A90427DD013DCF24AB6
:1054A000A0EB0201904278D008DCF04908440028C3
:1054B00074D0A0F63170002871D1B4E15D296FD0AD
:1054C0006029F9D1E2E1EA296BD004DC022969D034
:1054D000A329F1D12AE1FD297ED0B1F5837FEBD15B
:1054E0002078FF280BD0E248D0F8B000217888421D
:1054F00005D02078DE49C1F8B00001200590607821
:10550000FF280BD0DA48D0F8B4006178884205D083
:105510006178D748C0F8B41001200590A078FF2822
:105520000BD0D348D0F8B800A178884205D0A17834
:10553000CF48C0F8B81001200590E078FF280BD0C4
:10554000CB48D0F8BC00E178884205D0E178C84863
:10555000C0F8BC10012005902079FF280BD0C4486A
:1055600090F8C0002179884205D02179C04880F8A0
:10557000C010012005906079FF280BD0BC4890F83E
:10558000C1006179884205D06179B94880F8C110BD
:1055900001200590A07906E076E0C5E1D9E125E299
:1055A000F6E045E082E1FF2809D0B14890F8C2005A
:1055B000A179884203D0A179AD4880F8C2109DF846
:1055C0001400C8B1AA4890F8C200A94991F8C110C6
:1055D000A74A92F8C02000E00FE0CDE90021029038
:1055E000A34890F8B83090F8B42090F8B010F7F7CE
:1055F00075F99F48F5F7AAFBF8E12078022816DA3A
:10560000607800F00F00042811DA607800F00100E3
:1056100097490870607800F0020028B1954890F82A
:10562000320008B9012000E0002091494870DDE116
:105630002078401EC5B2052D25DA8F48405D01282F
:1056400021D1607800F00309B9F1020F08DAB9F14D
:10565000000F01D0012100E0002187487A30415538
:10566000A17801EBD1725210642A0CDCA07800EB17
:10567000D07252100A2A06DBA07800EBD0714910D4
:105680007D4A32325155B1E12078401EC5B2052D18
:105690004BDA617801F00F09B9F1020F02D0B9F1CC
:1056A000030F04D10122744914314A5512E0B9F1B3
:1056B000040F08D17049495D012904D102226E49C5
:1056C00014314A5506E0B9F1000F03D100226A49AE
:1056D00014314A55E378227903EB0221CA1701EB12
:1056E000D2625211A2F211100A281DDB20281BDC05
:1056F0005F4991F8871049B15F49283131F9151098
:10570000814203D05C49283121F81500584991F8AD
:10571000871049B958491E3131F91510814203D01B
:1057200055491E3121F8150000BF5FE12078401E69
:10573000C5B2052D2BDA6078FF2802D1A078FF28AA
:1057400025D06178A27801EB022001F084FD0746A4
:1057500000224A4B01F0F8FB0022494BCDE9000141
:1057600001F020FFCDE9020101F008FB049045495A
:10577000049841F82500012142481C38415542480F
:10578000F9F772FD3F49143941F8250000BF2DE1BA
:105790002078401EC5B2052D44DA2079617900EBEE
:1057A000012006B23046F11706EBD1614911A1F292
:1057B00011166078C8B92079617900EB01204FF6A5
:1057C000FF71884203D02C48283020F81560A0785B
:1057D000182803DAA178264880F8C510E0783C281C
:1057E00003DAE178224880F8C6106078012819D1E0
:1057F0002079617900EB01204FF6FF71884203D0D8
:105800001D481E3020F81560A078182803DAA1780A
:10581000174880F8C310E0783C2803DAE178144890
:1058200080F8C410E2E02078002817DD20780828EE
:1058300014DC607800F00700052805D101222078EB
:10584000401E0C4933310A54607800F0070028B933
:1058500000222078401E074933310A54C6E0000078
:1058600068240020F9FE010098FE01009B10FEFF55
:1058700060430020301E0020441D002000004040F6
:1058800000107140301C0020C01B0020207806282A
:1058900005DA6078FA2802D101205A49C870607888
:1058A000FB2802D100205749C8709FE05648007875
:1058B00010B12078022802DD07B0BDE8F08F6078D3
:1058C000C0F38100022808DA6078C0F3810008B1D3
:1058D000012000E000204C494870A078FF2802D148
:1058E000E078FF280FD0A278E17802EB0120C11701
:1058F00000EBD1614911A1F21116032E03DB322E08
:1059000001DC4148C6802079FF280CD0207914287A
:1059100009DB2079642806DC20790A2190FBF1F06C
:1059200000B23949488161E03848007880B1207878
:1059300002280DDA607800F00F00022808DA60789B
:1059400000F00F0008B1012000E000202F4948704E
:105950004CE02078812802D0A72845D103E02C48CC
:10596000F9F7F6FF40E06078FF280AD06078012858
:1059700000DA0120642800DD64202249A1F86200D9
:1059800000BFA078FF280AD0A078012800DA012003
:10599000642800DD64201B49A1F87C0000BFE0788A
:1059A000FF280BD0E178A1F12800002800DA0020C0
:1059B000502800DD50201549C88000BF2079FF28FD
:1059C00002D16079FF280FD02279617902EB0121A1
:1059D00088B20A2800DA0A2040F2AA51884200DD83
:1059E00008460A49088100BF00BF00BF00BF094840
:1059F000F9F73AFCCAF8040001208AF8000000BF59
:105A00005AE7000060430020D41E0020E21E002060
:105A1000EC200020C01B002070B50646DE48007850
:105A200000F0010058B9DC4800F01DFA38B1DB483D
:105A3000F9F71AFCDA490860D748AFF30080D94873
:105A4000007800F0010060B9D64800F00CFA40B1CF
:105A5000D248F9F709FC0A30D3490860D148AFF3BE
:105A60000080D248007800F0010060B9CF4800F013
:105A7000FAF940B1C948F9F7F7FB1430CC4908608E
:105A8000CA48AFF30080CB48007800F0010060B94D
:105A9000C84800F0E8F940B1C048F9F7E5FB1E300E
:105AA000C5490860C348AFF30080BC48F9F7DCFB88
:105AB000BB490968401A742873D3B848F9F7D4FB76
:105AC000B7490860BD480078401CBC4908700846CA
:105AD00000782B2870D2DFE800F0DC161B20252A86
:105AE0002F33373C41464B50555A5F656A70757984
:105AF0007E83888D8E92979CA1A6ABB0B5BABFC4A9
:105B0000C8CCD0D4D8000021AD48F0F7A5F8C7E044
:105B10000121AB48F0F7A0F8C2E00221A848F0F755
:105B20009BF8BDE00321A648F0F796F8B8E0042101
:105B3000A348F0F791F8B3E0A148F0F7E3FCAFE039
:105B40009F48F0F705FCABE000219D48F0F77EFB95
:105B5000A6E001219A48F0F779FBA1E002219848DC
:105B6000F0F774FB9CE003219548F0F76FFB97E09A
:105B700004219348F0F76AFB92E000219048F0F787
:105B8000B1FB8DE001218E48F0F7ACFB88E00221EB
:105B90008B48F0F7A7FB83E003218948F0F7A2FBCD
:105BA0007EE07EE004218648F0F79CFB78E000214F
:105BB0008348F0F7E9FD73E06BE001218048F0F7DE
:105BC000E3FD6DE07E48F0F71BFC69E002217C48B4
:105BD000F0F7DAFD64E005217948F0F7D5FD5FE0E4
:105BE00006217748F0F7D0FD5AE007217448F0F716
:105BF000CBFD55E054E07248F0F75EF950E000212B
:105C00006F48F0F79FF94BE001216D48F0F79AF9E2
:105C100046E002216A48F0F795F941E0032168481F
:105C2000F0F790F93CE004216548F0F78BF937E094
:105C300005216348F0F786F932E006216048F0F765
:105C400081F92DE007215E48F0F77CF928E0082172
:105C50005B48F0F777F923E009215948F0F772F92A
:105C60001EE05748F0F702FC1AE05548F0F756FAE4
:105C700016E05348F0F788FA12E05148F0F7FEF9C1
:105C80000EE04F48F0F7BCFC0AE04D48F0F77AF818
:105C900006E04B48F0F7A6FD00204849087000BF19
:105CA00000BF3E48F9F7E0FA3F490968401AB0F5ED
:105CB000A67F33D93948F9F7D7FA3B4908604148FC
:105CC0000078401C3F490870084600780E2801DB28
:105CD000002008703B480078032190FBF1F201FBA3
:105CE0001200C4B23748007890FBF1F0C5B22246EA
:105CF00029463348F0F7B8FC32480078032190FB7E
:105D0000F1F201FB1200C4B22E48007890FBF1F0D2
:105D1000C5B2224629462A48F0F704FD1F48F9F784
:105D2000A3FA23490968401A40F60551884220D356
:105D30001A48F9F799FA1E49086023480078401C70
:105D40002149087008460078012802D0022808D1AD
:105D500003E01B48F0F73EF80AE01948EFF7E6FFCA
:105D600006E01748EFF7AAFF00201749087000BFA8
:105D700000BF0A48F9F778FA0F490968401AB0F5E8
:105D80007A7F07D90548F9F76FFA0B4908600C4884
:105D9000F0F730FA70BD0000DC040020C01B0020CA
:105DA000E0040020D8040020E4040020D4040020F3
:105DB000E8040020D0040020EC040020F0040020BF
:105DC000F3040020F1040020F204002070B5054621
:105DD0002846FFF721FE002411E004EB44010F48A0
:105DE00010F8310048B121462846FFF73BFB00215F
:105DF00004EB4402094800F83210601CC4B2322C93
:105E0000EBDB0748F9F730FA6968401A42F2107183
:105E1000884201D90020287070BD0000682400204D
:105E2000C01B002000210160416070470146C87816
:105E3000012802D0C878032801D101207047002032
:105E4000FCE72DE9F0411C4617460E00804607D0BE
:105E5000054602E02846B0473D442046641EF9D27C
:105E60004046BDE8F081016809B10020704701217A
:105E7000016008467047000010B50248F9F7A2FC1F
:105E800010BD00003824002010B50248F1F782FB55
:105E900010BD00007047002010B50248F9F720FF40
:105EA00010BD0000EC20002010B50248F1F7E6F824
:105EB00010BD0000F01E002010B50248FBF7A0F84E
:105EC00010BD0000E823002010B50248F1F760FE85
:105ED00010BD0000301E002000B50348FAF7E0FFB7
:105EE0000248FAF7DDFF00BD6005002064050020D0
:105EF00010B50248F7F71CF910BD00006043002000
:105F000000B50248F0F7BCFC00BD0000F30400201F
:105F100000B50248FCF710FE00BD0000D42D0020A3
:105F200000B50248FDF766FD00BD00009017002097
:105F300000B50248FDF7FAFD00BD00008C470020C7
:105F400000B50248FEF790F800BD00009847002019
:105F500010B50248FFF76EFA10BD0000584400204B
:105F600000B50248F0F7C2FC00BD00006805002043
:105F700010B50248F7F7A4FA10BD0000A4230020D2
:105F800010B50248FDF75CFC10BD0000101C00209D
:105F900010B50248F9F74EF810BD0000E02D0020C2
:105FA00000B50248FAF738FF00BD0000C404002025
:105FB00000B50248FFF736FF00BD0000C80400200E
:105FC00000B50248F9F7CFF900BD0000C01B002062
:105FD00010B50248EEF7EEFD10BD0000441D002094
:105FE00010B50248F0F7A6FF10BD00009C38002055
:105FF00030380A2801D20120704700207047F0B5E0
:1060000089B004460D4616461F4602940722002119
:106010006846EDF7F6F81822002103A8EDF7F1F82D
:106020003F20ADF80C008A20ADF80E0002A80590C4
:1060300001200690CDF81CD007200890002103A86D
:1060400000F0B0FB002802DAFF2009B0F0BD9DF897
:10605000000010B19DF80000F7E7BDF801002880AE
:10606000BDF803003080BDF8050038800020ECE763
:106070002DE9F04389B004460D4616461F46DDE97A
:1060800010898DF808408DF809508DF80A600722B4
:1060900000216846EDF7B5F81822002103A8EDF7B6
:1060A000B0F83F20ADF80C008A20ADF80E0002A831
:1060B000059003200690CDF81CD007200890002101
:1060C00003A800F06FFB002803DAFF2009B0BDE849
:1060D000F0839DF8000010B19DF80000F6E7BDF8D0
:1060E00001003880BDF80300A8F80000BDF80500E5
:1060F000A9F800000020E9E72DE9F04F8FB0044631
:106100000D4616461F46DDE91AABDDE918898DF804
:1061100008408DF80950102231460DF10A00EDF7C4
:1061200066F88DF81A708DF81B808DF81C90CDF8EC
:106130001DA08DF821B01822002109A8EDF761F803
:106140003F20ADF824008620ADF8260002A80B9071
:106150001A200C9001A80D9001200E90002109A892
:1061600000F020FB002803DAFF200FB0BDE8F08F1D
:106170009DF8040010B19DF80400F6E70020F4E754
:106180002DE9FF4F91B007469846DDE9216BDDE927
:106190001F5ADDF878900024A8190E30282803D95A
:1061A000422015B0BDE8F08F0DF80470601CC4B239
:1061B000BDF8480012900DEB0400022212A9EDF781
:1061C00016F8A01CC4B2BDF84C0013900DEB0400EF
:1061D000022213A9EDF70BF8A01CC4B20DF804803D
:1061E000601CC4B20DF80490601CC4B20DF80450D9
:1061F000601CC4B20DEB04002A465146ECF7F7FFD1
:106200006019C4B20DF80460601CC4B20DEB040048
:1062100032465946ECF7EBFFA019C4B2BDF88C002A
:1062200023900DEB0400022223A9ECF7E0FFA01C51
:10623000C4B2BDF8900024900DEB0400022224A902
:10624000ECF7D5FFA01CC4B2182200210BA8ECF774
:10625000D8FF3F20ADF82C008320ADF82E00CDF8FC
:1062600034D00E940AA80F900120109000210BA8A2
:1062700000F098FA002801DAFF2092E79DF8280044
:1062800010B19DF828008CE700208AE72DE9FF4F28
:106290008FB00E4617469846DDE91DABDDF87090CD
:1062A0000024BDF83C000F9001A9081902220FA993
:1062B000ECF79DFFA41C01A80655641C012E01D11A
:1062C000022500E0102501A908192A463946ECF7F5
:1062D0008EFF6019C4B201A800F80480601CC4B22B
:1062E00001A800F80490601CC4B201A800F804A042
:1062F000601CC4B201A800F804B0601CC4B201A9BB
:106300001F980855601CC4B220980855601CC4B280
:106310000322002108A8ECF774FF1822002109A825
:10632000ECF76FFF3F20ADF824004FF48270ADF81A
:10633000260001A80B900C9408A80D9003200E9045
:10634000002109A800F02EFA002803DAFF2013B07C
:10635000BDE8F08F9DF8200010B19DF82000F6E711
:10636000BDF82110219801800020F0E72DE9F047C9
:106370008CB00646894617469846DDF850A00024A2
:106380000DF80460641C012E01D1022500E01025E7
:106390000DEB04002A464946ECF729FF6019C4B208
:1063A0000DF80470601CC4B20DF80480601CC4B207
:1063B0000322002105A8ECF724FF1822002106A8DB
:1063C000ECF71FFF3F20ADF818004FF48170ADF8D7
:1063D0001A00CDF820D0099405A80A9003200B904C
:1063E000002106A800F0DEF9002803DAFF200CB037
:1063F000BDE8F0879DF8140010B19DF81400F6E791
:10640000BDF81500AAF800000020F0E700B587B03D
:106410001822002101A8ECF7F4FE3F20ADF804009B
:1064200040F20110ADF80600CDF814D0012006901E
:10643000002101A800F0B6F9002802DAFF2007B019
:1064400000BD9DF80000FAE7FFB5A7B016461D464F
:10645000309F0024A81D802802DD42202BB0F0BD13
:10646000BDF89C0027900DEB0400022227A9ECF751
:10647000BEFEA01CC4B2BDF8A00028900DEB040025
:10648000022228A9ECF7B3FEA01CC4B20DF80460E8
:10649000601CC4B20DF80450601CC4B20DEB0400C3
:1064A0002A463946ECF7A3FE6019C4B2182200212F
:1064B00021A8ECF7A6FE3F20ADF884004FF48370CE
:1064C000ADF88600CDF88CD0249420A8259001202A
:1064D0002690002121A800F065F9002801DAFF20AC
:1064E000BCE79DF8800010B19DF88000B6E7002061
:1064F000B4E7F0B58FB005460E4614461F46142C7F
:1065000002D942200FB0F0BDADF80450ADF80660DE
:106510008DF80840224639460DF10900ECF767FE78
:106520001822002109A8ECF76CFE3F20ADF82400EA
:1065300040F22310ADF8260001A80B90601D0C90CE
:1065400008A80D9001200E90002109A800F02AF95A
:10655000002801DAFF20D5E79DF82000D2E730B50A
:1065600089B004460D468DF808408DF80950182270
:10657000002103A8ECF745FE3F20ADF80C000F20EA
:10658000ADF80E0002A805900220069001A8079021
:1065900001200890002103A800F004F9002802DA85
:1065A000FF2009B030BD9DF80400FAE7F0B5A7B0B0
:1065B00006460D4617460024A81C802802DD42200E
:1065C00027B0F0BD0DF80460601CC4B20DF8045093
:1065D000601CC4B20DEB04002A463946ECF707FEF6
:1065E0006019C4B21822002121A8ECF70AFE3F204E
:1065F000ADF884000C20ADF88600CDF88CD0249442
:1066000020A8259001202690002121A800F0CAF89A
:10661000002801DAFF20D3E79DF88000D0E770B5AD
:1066200086B005460C4601A802AB04AA03A9009057
:1066300005A800F022F8C6B2C6B9BDF80C000012D9
:106640002870BDF80C000006000C20802088BDF8E2
:106650000410C1F3031140EA011020802088BDF826
:10666000041001F00F010843208002E0304606B01C
:1066700070BDEBF7DBFD3046F9E72DE9F0418AB05C
:1066800004460D4616461F46DDF8408009220021CB
:1066900001A8ECF7B6FD1822002104A8ECF7B1FD23
:1066A0000420ADF810000120ADF812000020069083
:1066B000079001A8089009200990002104A800F083
:1066C00071F8002803DAFF200AB0BDE8F0819DF8D8
:1066D000040010B19DF80400F6E79DF80500207055
:1066E000BDF8060028809DF808003070BDF809004C
:1066F0003880BDF80B00A8F800000020E4E730B5B2
:106700008FB004460D462022002101A8ECF779FD48
:106710008DF804401F2C01DD1F2000E020460246BA
:1067200029460DF10500ECF762FD1822002109A8A9
:10673000ECF767FD0820ADF824000920ADF826002D
:1067400001A80B9020200C90CDF834D001200E90A1
:10675000002109A800F026F8002802DAFF200FB077
:1067600030BD9DF80000FAE72DE9FC4105460F46D3
:1067700014461E46384665F39F2080B2ADF80400EB
:106780008DF8064001208DF80000032201A9C81EE3
:10679000ECF72DFD234604223146684600F0E2F86E
:1067A000BDE8FC812DE9F04F89B004468A46218876
:1067B000608861F39F2080B20890642006900020DA
:1067C000039001A8EDF71DF8EDF776F8227B6188BC
:1067D00026883046A368FFF7C7FFBAF1000F03D041
:1067E000002009B0BDE8F08F069808B90120069096
:1067F00004A80699ECF794FA93E008E004A8ECF7F3
:106800007DFA00B18EE0EBF755FD00B900E0F5E749
:1068100000BFECF7F9FF03A95048EDF7E1F8039842
:1068200000F108073878042861D1781C0790039894
:1068300000F10B05039890F88800C61E07980078B1
:106840000E2823D00F2804D010284DD03E284CD13C
:1068500033E0A8464546B8F802100898814200D0B7
:1068600060E060680F2804D098F8000000B159E09B
:106870003CE06069B04201DD304600E06069606183
:106880002946D4E90402ECF7B2FC5AE0AB465D4677
:10689000BBF801100898814200D043E0ED1CF61EC1
:1068A0006069B04201DD304600E060696061294600
:1068B000D4E90402ECF79BFC43E0A9464D4699F865
:1068C00000006168884200D010E0761E6069B04226
:1068D00001DD304600E06069606109F10101D4E941
:1068E0000402ECF784FC2CE01CE000BF00BF1C4855
:1068F000ECF7F3FE50B11948ECF7EFFE30B1184851
:106900000399EDF75CF80020039005E001A80399D6
:10691000EDF755F800200390EBF74CFCECF702FF85
:1069200000BF6AE7039818B10D480399EDF736F8F0
:1069300001A90A48EDF7EBFBECF7F4FE4FF0FF304E
:106940004FE707480399EDF729F801A90348EDF748
:10695000DEFBECF7E7FE002043E70000C417002051
:10696000BC1700202DE9F04104460D4616461F468F
:106970003B46324629462046ECF7B8FFBDE8F08199
:1069800072B6ECF73DFBEBF7E5FFEDF74BFBECF7F1
:10699000DBFE7248F8F7D4FB7048F8F771FB7048DB
:1069A000FCF784F96F48EDF723FC6F48F8F732F9EC
:1069B0006E48F8F7D9FC6E48F0F7B0FD6D48FAF76D
:1069C00006FB6D48F0F730FB6C48F6F741FE6C486B
:1069D000FCF75DFFEDF764F862B66A48FDF7B6F8BC
:1069E0006948EEF72FFDB7E000205C494860EBF7FF
:1069F000B5FC6648007810B1ECF774FC05E00020A7
:106A0000ECF78CFD5648FCF7BFFB0120ECF786FD48
:106A10005F48F8F7BDFF0220ECF780FD5148EDF725
:106A200019FE0320ECF77AFD4F48F8F793FA04209B
:106A3000ECF774FD4D48F8F755FE0520ECF76EFDB8
:106A40005448FCF731F80620ECF768FD5248F5F79A
:106A500035FC0720ECF762FD5048F1F74FF850483D
:106A6000F0F78CFA4F48F6F7BBFD0820ECF756FD1F
:106A70004D48F6F70DFC0920ECF750FD3F48F6F7BE
:106A8000F5FD0A20ECF74AFD3B48F0F7DCFA0B2055
:106A9000ECF744FD4548FFF799F90C20ECF73EFD73
:106AA000ECF7E0FD0E20ECF739FD3248FAF790FAEA
:106AB0000F20ECF733FD3E48FDF706FB314890F818
:106AC000F90028B10D20ECF729FD2F48EEF7C8FC9E
:106AD00038480068401C374908602048F8F7C4FB74
:106AE00035490968401AB0F57A7F30D332480068DA
:106AF00000F57A7030490860002426E02F480068CD
:106B000000F5157050F824102C480068FC3040F84F
:106B1000241000212948006800F5157040F8241061
:106B200026480068FC3050F824202448006800F50E
:106B30006B7050F824100948F8F774FB1F49096876
:106B400001F56B7141F82400641C562CD6DB4FF420
:106B500000711B48EBF76FFA46E70000C01B0020EE
:106B6000101C0020441D0020E02D002038240020AF
:106B700070470020E8230020F01E0020803700200E
:106B80009017002098470020AC4800203C040020CB
:106B9000EC200020D42D002060430020301E002077
:106BA000E21E0020D41E0020A4230020C8040020E0
:106BB00090040020340400204804002088040020B1
:106BC000000002400246002000E0401C8842FCDB3E
:106BD000704700002DE9F04188B004460D465A4840
:106BE00090F8DC0001286ED1574890F8DA000028B0
:106BF0006BD000BF142255A103A8E9F757FD5848F0
:106C000000788DF81C0056480088010A8DF81D1088
:106C100053480068010C8DF81E1051480068010EA1
:106C20008DF81F104E48006820B94E48F8F71CFB3D
:106C30004D49086042F2107101A8ECF771F804E0C8
:106C400001A8ECF75BF800B10BE003A814230022C5
:106C500000904648018846480088FFF7F5FB642805
:106C6000EED000BF01A8ECF749F820B10120364969
:106C700081F8F80003E00020334981F8F800384833
:106C80000068401C3649086008460068D0B10846D4
:106C900000684FF4FA71B0FBF1F201FB120088B901
:106CA0003048F8F7E1FA33490860084600682E4991
:106CB0000968401A2449C1F8F4002A48F8F7D4FAC0
:106CC0002949086096E731E0FFE72648F8F7CCFA53
:106CD000074642F2107106A8ECF722F84FF00108BF
:106CE00006E006A8ECF70AF810B14FF000080AE039
:106CF0002B4600221D48009401881D480088FFF79C
:106D0000A3FB6428EDD000BFB8F1000F01D1012032
:106D100000E000200C4981F8F8001248F8F7A4FAC6
:106D20000646F01B0849C1F8F4000AE0124A12882E
:106D3000521C91B2044AB2F8EC0023462A46FFF7EF
:106D4000D8FB08B0BDE8F0819847002030313233DD
:106D50003435363738394142434445460000000057
:106D6000B0170020C01B0020B4170020AA17002075
:106D7000A8170020B8170020A617002021F0004215
:106D8000A2F16052B2F5801F01F0004328BFD2F19A
:106D90007F6C0BD95FEA001C43EAC20242EB5070E1
:106DA00018BF704728BF20F001007047B2F5801F60
:106DB000BCBF184670474FEA410C1CF5001F02D2B9
:106DC000084600F098BF70B500F056FB000000893F
:106DD000FFF7F6BF4FF00040A0F5800070470000BD
:106DE00010B591EA030F48BF83F0004300F1E2833E
:106DF000841A71EB030C05D2121943EB0C03001B30
:106E000061EB0C01DFF824E14FEA1154A4EB135CB1
:106E10001EEA430F18BF9EEA445F73D023EA0E03B5
:106E2000DCF1200E21EA045143F4801332D322FA1C
:106E30000CFE10EB0E0023FA0CFE41EB0E01CCF120
:106E4000200E03FA0EFE10EB0E0051F10001B1F519
:106E5000801FCCF1200E32D201EB045112FA0EF257
:106E6000BDE8104058BF7047401C38BF5FEA42027F
:106E700018BF7047002814BF20F0010041F1000145
:106E80004FEA410313F5001F38BF7047A1F1C0411D
:106E900000F040BB012A43EB0302ACF1200CDCF113
:106EA0001F0E32BF4FF0000E23FA0CF310EB03005D
:106EB00041EB0451B4EB115FD0D0A1EB045101F5CB
:106EC000801149085FEA300001EB04510ED350F104
:106ED000000038BF12FA0EFE08D1BDE81040C9E725
:106EE000401C38BF5FEA4202CAD1C3E7BDE8104088
:106EF0004FEA410313F5001F38BF7047A1F1C041AD
:106F000000F008BB9EEA445F08D011EA5E0FBDE8BE
:106F1000104004BF01F0004100207047BDE8104060
:106F200070B500F0A9FA00BF64FBBE3E0000E0FFB0
:106F3000491058BFC1F140415B1058BFC3F14043F5
:106F40008B42EFF3008070472DE9C04130B4DFF889
:106F5000A0C23CEA111418BF3CEA131400F0EC8004
:106F600081EA03051CEA111444EAD57418BF1CEA2F
:106F7000131500F0C780A4EB05044FF0004545EA67
:106F8000C12145EAC32341EA505143EA525304F177
:106F90007F74994204F500344FEAC0204FEAC222C0
:106FA00008BF904200F09C804FEA13650FF2401634
:106FB000765D4FEA134506FB05F7C7F1807706FBC0
:106FC00007F74FEAD737A7FB03687642C8F5803842
:106FD000A7FB06CE38BFA8F1010807FB08E64FF073
:106FE000000EA6FB028CE6FB03CEDCF1000CCEF11A
:106FF000004E38BFAEF1010EA6FB0C584FF0000753
:107000004FF00005E6FB0E87A1FB08C6A0FB07CEEC
:1070100016EB0E0645F10005E1FB076515F1E04EA4
:107020007EBFA4F580345FEA46066D4116F1800705
:1070300045F100054FEA17274FEA066647EA05675C
:10704000A6F1DE46B6F1805F4FEA15251FD9384616
:1070500024F0010C05EBC471BCF1FE6F01EB0C11C7
:1070600002D8F0BCBDE8008124425CBF01F5801E5F
:107070009EEAC47F02D4F0BCBDE80081244238D42B
:10708000F0BCA1F1C041BDE8004100F043BA4FEAB5
:10709000D22242EA43524FEAD323A7FB02864FEAA9
:1070A000D02040EA415007FB03661EEA0E0F4FEA6C
:1070B000D12105FB026658BFA6EB0056B6EB005681
:1070C0004FEA520E4EEAC37E18EB0E0E56EB530EED
:1070D000BDD518EB02085E417F1C55F10005B6E7EF
:1070E0004FF480154FF000074FF000064FF00008F6
:1070F000ADE7F0BC4FF0000001F1C04101F00041EC
:10710000BDE8008111EA0C1F0CEA131500D00CE059
:1071100013EA0C1F00F025804FF00000F0BC81EA5C
:10712000030101F00041BDE80081F0BCBDE8004171
:1071300081EA030100F0EEB9F0BCBDE8004170B592
:1071400000F09AF9097EFC3E00F007B881EA0301DD
:107150004FF0000001F00041704781EA030100F0A8
:10716000D9B9F0BCBDE800414FF00000214970479B
:10717000FFFDFBF9F7F5F4F2F0EEEDEBE9E8E6E4FC
:10718000E3E1E0DEDDDBDAD8D7D5D4D3D1D0CFCD83
:10719000CCCBCAC8C7C6C5C4C2C1C0BFBEBDBCBBBC
:1071A000BAB9B8B7B6B5B4B3B2B1B0AFAEADACABB7
:1071B000AAA9A8A8A7A6A5A4A3A3A2A1A09F9F9E91
:1071C0009D9C9C9B9A999998979796959594939343
:1071D000929191908F8F8E8E8D8C8C8B8B8A8989DA
:1071E000888887878685858484838382828181805D
:1071F0000000FF070000F87F4FEA41034FEA5353B6
:10720000A3F58063D3F11E03C8BFD3F1210C0CDDBD
:107210004FF0004242EAC12242EA505232FA03FCE5
:107220008CEAE17CACEBE1707047102BC4BF00200E
:10723000704703F5787CBCF1FF3F04D06FF000424B
:1072400082EA2100704770B500F016F94992248057
:1072500000207047F2E710F0004248BF4042B0FA09
:1072600080F310FA03F10AD0C3F11D0303F5806324
:107270004FEA415002EB035202EBD12170474FF02D
:1072800000007047B0FA80F310FA03F10AD0C3F19E
:107290001D0303F580634FEA41504FEA035202EBAE
:1072A000D12170474FF000007047000051EA030CF5
:1072B00017D41CF5801F58BFBCF5801F00F1068055
:1072C000994218BF704708BF9042704707D711F521
:1072D000801F58BF13F5801F19D499427047894207
:1072E00070471CF5801F08D5BCF5801FF7D58B4271
:1072F00018BF704708BF824270474FF4001C1CEB58
:10730000410F38BF1CEB430F01D28B42704770B561
:1073100000F0B2F8922449004FF000514FF0805332
:10732000FFF706BEDFF848C170B51CEA111E1EBF8C
:107330001CEA13159EEA0C0F95EA0C0F00F06F8003
:1073400081EA030423EA4C134EEAD47E21EA4C116D
:1073500041F4801143F48013AE44A1FB024CA0FB26
:107360000365AEF17F7E361955EB0C05A1FB034C8E
:107370004CF10003A0FB021C16EB0C06654153F117
:107380000003094218BF46F0010613F4007F0BD139
:107390004FEA03314FEA0530340341EA155140EA20
:1073A00016506FF003020AE04FEAC3214FEAC520EE
:1073B000F40241EA555140EA56506FF0020202EBE6
:1073C0002E4201EB025585EACE710AD05FEA440CE9
:1073D00018BF24F0004450F1000041F1000120EA00
:1073E000D47040F2FE7C624500D270BDA84214BF4A
:1073F0004FF080444FF04044002E08BF0024BEF1FF
:10740000806FA8BFA1F1C041BDE8704080F28280CA
:107410004FF0000001F1C04101F0004170479EEAC9
:107420000C0F0CEA131518BF95EA0C0F06D04FF09D
:10743000000081EA030E0EF0004170BD00F01CF860
:107440008900013E00F007B800F009B84FEA430C8C
:107450005FEA5C5C08D081EA030100F05BB84FEAA8
:10746000410C5FEA5C5CF6D14FF0000001497047C7
:107470000000FF070000F87F0EF1020E2EF0030E51
:107480005EF8046B364205D4012A43EB030515F57B
:10749000001F12D8012841EB010C1CF5001F0CD86D
:1074A0000ED14FEAD17C15F5001F0CEB4C0C0CF102
:1074B000020C08BF4CEBD37C04E04FF0080C01E059
:1074C0004FEAD37C0CEB4C0526FA05F606F00706CE
:1074D000B6F1040C06D20EEB860CBDE870404CF001
:1074E000010C6047DFE80CF0090B02024FF000418D
:1074F0004FF00000A1F5002170BD1946104601288B
:1075000051EB010418BFD4F5001484BF002001F032
:10751000004170BD0808A0F500114FEA3101704725
:1075200053EA010C17D41CF5801F58BFBCF5801F0F
:1075300000F106808B4218BF704708BF8242704737
:1075400007D713F5801F58BF11F5801F19D48B4240
:1075500070479B4270471CF5801F08D5BCF5801F03
:10756000F7D5994218BF704708BF904270474FF453
:10757000001C1CEB430F38BF1CEB410F01D299429A
:1075800070470FB40CBC03BCFFF7C1BE91EA030FF8
:1075900010B581F000413FF52BAC83F0004300F0C3
:1075A00009B8000010B591EA030F48BF83F000430B
:1075B0003FF51EAC841A71EB030C07D212198CF044
:1075C000004C43EB0C03001B61EB0C01DFF8A4E162
:1075D0004FEA1154A4EB135C1EEA430F18BF9EEA56
:1075E000445F00F0B08023EA6E03524221EA045166
:1075F000C3EB6E0338BF5B1EDCF1200E25D322FAED
:107600000CFE10EB0E0043FA0CFE41EB0E01CCF128
:10761000200E03FA0EFE10EB0E0051F10001CCF12A
:10762000200E29D412FA0EF201EB0451BDE81040ED
:1076300058BF7047401C1CBFB2F1004F7047002874
:107640000CBF491C20F00100704712EB020E43EB07
:10765000030218BF4FF0010E4EEA4202ACF1200CBB
:10766000DCF11E0E54D943FA0CFE10EB0E0051F162
:10767000FF31CCF11E0ED5D50EF1010E12FA0EFE21
:10768000404141EB010101EB445C5FEA5C5C10D9D5
:1076900010EBDE7001EB045138BFBEF1004FBDE8C6
:1076A000104018BF704700280CBF491C20F0010093
:1076B000704730D24FEAD42C11F5001124F4006445
:1076C0001BD0B1FA81F20B3AA41AA41ED2F1200306
:1076D000914030FA03F31943904001EBCC71002C38
:1076E00001EB0451BDE81040A8BF704701F1C04153
:1076F0004FF0000001F000417047B0FA80F310FA3B
:1077000003F100D110BDE41A173C4805C90AE4E7AB
:1077100001EB045110BD491001EB0451BDE81040CC
:107720004FEA300002E04FF0000170474A0008BF06
:107730000042F8D0B2F5001F28BF704701F00041A9
:107740004FF0000070479EEA445F07D011EA5E0FD9
:10775000BDE8104004BF002100207047BDE8104084
:1077600070B5FFF789FE00BF40DFF63E83F00041B1
:10777000104670470000E0FF43004FEAD30C4FEA89
:107780003C0C43401FBF40070CF1605113F0FE4F0B
:1077900070471CF0006F03D100200CF000417047CF
:1077A0000CF0004343EA507010B540EACC0000F002
:1077B0005CFA00BF000000924FEA0001FFF7AABE8A
:1077C0004FF000414FF00000A1F50021704700008C
:1077D00090EA010F48BF81F0004100F1D482421AC3
:1077E0003CBF801A89184FEAD0524FF07F4C1CEAF8
:1077F000410FA2EBD15318BF9CEA026F00F03B800F
:107800004FF0004C4CEA00204CEA012121FA03FC25
:1078100010EB0C0C1ED202F1FF325FEA1C2040EB91
:10782000C25038BF70471CF07F0F4FEA400C18BFA2
:10783000BCF17F4F38BF7047C3F12003994008BFA8
:1078400020F00100BCF17F4F38BF7047A0F1C0406D
:1078500000F051BA4FEA3C00000A40EBC25028BF8A
:107860001CF0FF0F4FEA400CE6D018BFBCF17F4F71
:1078700038BF7047EAE79CEA026F05D010EA5C0F58
:1078800008BF00F00040704710B500F0EEF900BFEF
:1078900064FBBE3E401058BFC0F14040491058BF85
:1078A000C1F140418142EFF3008070474FF47F0CFB
:1078B0001CEAD0121EBF1CEAD11392EA0C0F93EA05
:1078C0000C0F00F0858090EA010F48BF42F48072EF
:1078D00040F4000C41F400002CF07F4120F07F4088
:1078E00000B58142A2EB03020FF2081CACEB504E34
:1078F000C0F100009EF800E04FEA4E0E00FB0EFCC7
:1079000038BF49004FEA2C1C02F5FA020CFB0EF3BB
:107910004FEACE1E4FEA112C4FEAC1210EEB635EF7
:1079200042EB22420EFB0CFC4FEA1C5300FB0311FE
:107930004FEA112C4FEA01310EFB0CFC4FEADC4CF4
:1079400000FB0C11C14228BF09184CEB03335DF852
:1079500004EB10EB410143EBC250B2F57C0F38BF92
:10796000704729D512F0F00F1CBF00F1C04000F0A5
:1079700000407047008182838485868788898B8C4C
:107980008D8E8F919293959697999A9C9D9FA0A288
:10799000A3A5A7A8AAACAEB0B2B3B5B7B9BCBEC0D8
:1079A000C2C5C7C9CCCED1D4D7D9DCDFE2E6E9EC79
:1079B000F0F3F7FAFE0000004FEA400C0CF1807C77
:1079C000BCF17E4F28BF7047B0F1C04000F093B9C2
:1079D00090EA010F0CEAD11348BF42F4807262456D
:1079E00038BF634507D213F47F0F16D080EA010039
:1079F00000F00040704710B500F037F9097EFC3EFA
:107A000000F005B880EA010000F00040704780EA0D
:107A1000010000F0004000F06EB912F47F0F04BFC7
:107A20000248704780EA010000F065B90000C07F9D
:107A300041000B0ED3F19E0208D950F400034FEA27
:107A4000032323FA02F048BF4042704710B500F00C
:107A50000CF900BF49922480002070476FF000426B
:107A600082EA200070470000C10DD1F19E0206DBC2
:107A70004FEA002343F0004323FA02F0704700422C
:107A800007D54FEA4001B1F1FE4F02D24FF000009E
:107A9000704710B500F0E9F8499224800020704743
:107AA0006FEA20007047000010F0004148BF4042DC
:107AB000B0FA80F310FA03F2C3F19D030BD051EA40
:107AC000C35101EB1220530638BF704700F101008B
:107AD00008BF20F001007047B0FA80F310FA03F2FB
:107AE000C3F19D030AD0D90501EB1220530638BF1C
:107AF000704700F1010008BF20F00100704700004E
:107B000050EA010C00F113801CF5000F58BFBCF5C2
:107B1000000F01D48842704707D710F5000F58BFF7
:107B200011F5000F15D488427047894270471CF543
:107B3000000F04D5BCF5000FF7D5814270474FF018
:107B4000807C1CEB400F38BF1CEB410F01D28142FF
:107B5000704710B500F089F8922449004FF00050AA
:107B60004FF08051FFF796BE4FF47F0C1CEAD01205
:107B70001EBF1CEAD11392EA0C0F93EA0C0F00F01F
:107B8000478090EA010F48BF42F480724FF0004CEA
:107B90004CEA00204CEA012102EB0302A0FB011396
:107BA000A2F50002002918BF43F001035B0028BFC3
:107BB0004FEA330342EB22425FEA132C4CEBC250F4
:107BC0002EBFBCEB436FB2F57C0F70474FEA036CDE
:107BD000BCF1004F08BF20F00100B2F57C0F38BFA8
:107BE00070470BD582F0FF0212F5803FC8BF704787
:107BF00000F1C040D8BF00F00040704700F5000C15
:107C00005FEA4C0C48BF7047B0F1C04000F073B859
:107C100090EA010F0CEAD11348BF42F4807262452A
:107C200038BF634504D280EA010000F0004070478D
:107C300010B500F01AF800BF8900013E00F007B847
:107C400000F009B85FEA410C5FEA1C6C08D080EADA
:107C5000010000F050B85FEA400C5FEA1C6CF6D1FE
:107C60004FF00040A0F5800070470EF1020E2EF09C
:107C7000030E5EF8044B244204D44FEA4102B2F1F1
:107C80007F4F11D84FEA4003B3F17F4F0CD80ED18C
:107C90004FEAD07CB2F17F4F0CEB4C0C0CF1020C94
:107CA00008BF4CEBD17C04E04FF0080C01E04FEA38
:107CB000D17C0CEB4C0324FA03F404F00704B4F178
:107CC000040C06D20EEB840CBDE810404CF0010C05
:107CD0006047DFE80CF0070802024FF00040A0F513
:107CE000800010BD0846420018BFD2F1807288BFE4
:107CF00000F0004010BDFF2141EAD050C0057047A0
:107D000051EA000C00F113801CF5000F58BFBCF5C0
:107D1000000F01D48142704707D711F5000F58BFFB
:107D200010F5000F15D481427047894270471CF549
:107D3000000F04D5BCF5000FF7D5884270474FF00F
:107D4000807C1CEB410F38BF1CEB400F01D28842F6
:107D5000704780EA010081EA000180EA0100FFF734
:107D6000F8BE80F0004090EA010F7FF538AD81F059
:107D7000004100F008B8000090EA010F48BF81F010
:107D800000413FF52CAD421A04D882F00042A0EB2E
:107D9000020011444FEAD0524FF07F4C1CEA410FD1
:107DA000A2EBD15318BF9CEA026F4AD04FF0004CAF
:107DB0004CEA00204CEA012121FA03FCB0EB0C0C48
:107DC0000FD412F0FE0F36D05FEA4C001DD5001222
:107DD00040EBC25038BF70471CF03F0F18BF7047D0
:107DE0000BE0A2F101025FEA1C2040EBC25038BF59
:107DF00070471CF07F0F18BF7047C3F120039940F4
:107E000014BF401E20F00100704780084FEA122383
:107E100008BF7047B0FA80FCA2EB0C02CCF1280C32
:107E200060FA0CF093EA122F04BF00EBC2507047C7
:107E30004FEAC3707047130A5FEADC1008BF70474F
:107E4000F6E79CEA026F04D010EA5C0F08BF00203E
:107E5000704710B5FFF709FF40DFF63E81F00040A4
:107E600070470000060400006F040000DF040000FB
:107E700057050000D70500005E060000EC06000074
:107E800082070000D007000020080000C50800009D
:107E900071090000250A0000E10A0000A40B00009F
:107EA0006E0C0000400D0000170E0000E90E0000EF
:107EB00039000000708E03083B000000C48E0308E8
:107EC0003D000000188F03083F0000006C8F03087E
:107ED00041000000C08F03083A000000488E0308EC
:107EE0003C0000009C8E03083E000000F08E03085A
:107EF00040000000448F030842000000988F0308F0
:107F00004F000000A88603085100000024880308E1
:107F100053000000A0890308550000001C8B0308D3
:107F200057000000688C0308500000008C8603088E
:107F300052000000088803085400000084890308E8
:107F400056000000008B0308580000004C8C03080A
:107F50005B000000F89103085D00000098910308A1
:107F60005E0000007C91030845000000E0860308E5
:107F7000470000005C88030849000000D889030816
:107F80004B000000548B03084D000000A08C030838
:107F900046000000C486030848000000408803082B
:107FA0004A000000BC8903084C000000388B03081D
:107FB0004E000000848C030835000000F490030894
:107FC00036000000149103082D00000038900308CB
:107FD0002E0000006090030837000000AC900308FA
:107FE00038000000D090030828000000048E030829
:107FF000010000005C910308020000005C9103088E
:108000000D000000948D03081D000000D0910308AE
:1080100010000000A08D0308240000003891030820
:108020001B0000006C8D03081C000000808D0308FD
:108030000A000000148D030811000000E48D0308FD
:1080400016000000C48D030809000000248E0308F8
:1080500004000000EC8F0308030000008890030870
:1080600005000000109003080F000000588D030861
:108070000C000000448D03080E000000348E03083D
:108080005F000000FC8603086000000018870308FA
:1080900061000000788803086200000094880308EB
:1080A00063000000F489030864000000108A0308DC
:1080B00065000000708B0308660000008C8B0308CD
:1080C00067000000B491030868000000689103088D
:1080D00039000000089303083B00000028940308BF
:1080E0003D000000489503083F0000006896030823
:1080F00041000000889703083A00000060930308DD
:108100003C000000809403083E000000A095030896
:1081100040000000C096030842000000E0970308FA
:108120004F000000C492030851000000E4930308CC
:10813000530000000495030855000000249603082E
:10814000570000004497030850000000A89303085C
:1081500052000000C894030854000000E89503088A
:1081600056000000089703085800000028980308EC
:108170005B000000109D03085D000000409D0308A7
:108180005E000000949D0308450000003887030846
:1081900047000000B488030849000000308A030843
:1081A0004B000000AC8B03084D000000BC8C0308A2
:1081B000460000006C87030848000000E8880308B8
:1081C0004A000000648A03084C000000E08B0308AA
:1081D0004E000000F08C030835000000689C030886
:1081E000360000009C9C03082D000000209C030822
:1081F0002E000000CC9B03083700000010920308FB
:10820000380000005C92030828000000049F030867
:1082100001000000009A0308020000002C9A0308E5
:108220000D000000FC9803081D000000709E03086C
:1082300010000000A498030824000000D89D030843
:108240001B000000649803081C0000005C9B0308EE
:108250000A000000AC9E030811000000089B030800
:1082600016000000CC9A030809000000E89C0308EF
:10827000040000006C9A0308030000009C9B0308A4
:10828000050000003C9E03080F00000058990308F9
:108290000C0000001C9903080E000000CC99030894
:1082A0005F0000005C860308600000009087030800
:1082B00061000000D8870308620000000C890308F1
:1082C000630000005489030864000000888A0308E2
:1082D00065000000D08A030866000000048C0308D3
:1082E000670000009499030868000000389F0308A5
:1082F000171F1C1F1E1F1E1F1F1E1F1E1F000000FA
:10830000000100006CA103080003000028A203087C
:108310000005000060A1030801000000D0A20308CE
:1083200001010000CCA10308010200008CA2030897
:1083300001030000F8A2030801040000ACA1030837
:108340000200000098A1030802010000B09F03088A
:1083500002020000E8A1030802030000CC9F03080A
:108360000204000090A1030802050000F0A1030828
:1083700002060000B4A103080207000064A203087B
:1083800002080000709F030802090000909F030884
:1083900003000000FC9F03080301000030A0030855
:1083A0000302000054A003080303000078A00308A0
:1083B000030400009CA0030803050000C0A00308FC
:1083C00003060000E4A003080307000008A1030857
:1083D000030800002CA103080309000050A10308B2
:1083E000030A00000CA00308030B000030A00308E0
:1083F000030C000054A00308030D000078A003083C
:10840000030E00009CA00308030F0000C0A0030897
:1084100003100000E4A003080311000008A10308F2
:10842000031200002CA103080313000050A103084D
:10843000031400000CA0030803150000E8A10308C2
:1084400003160000F0A1030803170000E4A20308CC
:10845000031800000CA3030803190000C4A20308BA
:10846000031A0000A8A20308031B0000B8A2030817
:10847000031C0000B4A10308031D0000ACA1030805
:10848000031E00000CA30308031F000084A10308BF
:108490000320000008A203080322000044A20308EE
:1084A0000323000038A2030803280000E89F030804
:1084B000032900001CA00308032A000040A00308B1
:1084C000032B000064A00308032C000088A003080D
:1084D000032D0000ACA00308032E0000D0A0030869
:1084E000032F0000F4A003080330000018A10308C4
:1084F000033100003CA1030803320000FC9F030885
:108500000333000030A003080334000054A0030824
:108510000335000078A00308033600009CA0030880
:1085200003370000C0A0030803380000E4A00308DC
:108530000339000008A10308033A00002CA1030836
:10854000033B000050A10308040000007CA20308C4
:10855000040100007CA20308040200007CA20308BE
:10856000040300007CA20308040400007CA20308AA
:10857000040500007CA2030805000000DCA103083C
:108580000501000050A203080600000078A10308BE
:10859000772078206F01100265206620F401100218
:1085A0005C205D207F021002532054200A03100239
:1085B0004A204B20950310026E206F20DC0214002D
:1085C00002000400060008000A0001000300050084
:1085D000070009000710081009100A100B100B0003
:1085E0000C000D000E000F00060007000800090037
:1085F0000A00010002000300040005000B000C004B
:108600000D000E000F000501050205030504050518
:1086100017011B01220223022B032C0306040A0468
:1086200081003031323334353637383941424344B2
:1086300045464030580030313233343536373839DA
:1086400061626364656640307800040000080000E1
:10865000000000000002000100001000D09ED0B118
:10866000D180D18BD0B220D0B4D0BED0BF2ED0B468
:10867000D0B0D182D187D0B8D0BAD0B020D182D0FA
:10868000B5D0BCD0BF2E2031000000006F70656EE9
:108690002063697263756974206F66207468652051
:1086A00066616E203100000073686F727420636928
:1086B0007263756974206F66207468652066616EE8
:1086C000203100006F70656E206369726375697494
:1086D000206F66207468652070756D702031000011
:1086E00073686F72742063697263756974206F6652
:1086F000207468652070756D702031006F70656E34
:1087000020636972632E206175782074656D702E08
:108710002073656E7320310073686F727420636913
:1087200072632E206175782074656D702E207365DC
:108730006E73203100000000D09AD0BED180D0BE30
:10874000D182D0BAD0BED0B520D0B7D0B0D0BCD1B5
:108750008BD0BAD0B0D0BDD0B8D0B520D0BFD0BEAD
:10876000D0BCD0BFD18B203100000000D09ED0B152
:10877000D180D18BD0B220D0B220D186D0B5D0BF9D
:10878000D0B820D0BFD0BED0BCD0BFD18B2031005C
:10879000D0BAD0BED180D0BED182D0BAD0BED0B5F2
:1087A00020D0B7D0B0D0BCD18BD0BAD0B0D0BDD053
:1087B000B8D0B520D0B4D0BED0BF2ED0B4D0B0D1B8
:1087C00082D187D0B8D0BAD0B020D182D0B5D0BCB9
:1087D000D0BF2E3100000000D09ED0B1D180D18B0F
:1087E000D0B220D0B4D0BED0BF2ED0B4D0B0D182C1
:1087F000D187D0B8D0BAD0B020D182D0B5D0BCD03B
:10880000BF2E2032000000006F70656E2063697219
:1088100063756974206F66207468652066616E20D8
:108820003200000073686F72742063697263756947
:1088300074206F66207468652066616E20320000C7
:108840006F70656E2063697263756974206F66204E
:108850007468652070756D702032000073686F72E7
:10886000742063697263756974206F66207468652B
:108870002070756D702032006F70656E20636972B4
:10888000632E206175782074656D702E2073656E7F
:108890007320320073686F727420636972632E20D4
:1088A0006175782074656D702E2073656E7320324B
:1088B00000000000D09AD0BED180D0BED182D0BA04
:1088C000D0BED0B520D0B7D0B0D0BCD18BD0BAD02C
:1088D000B0D0BDD0B8D0B520D0BFD0BED0BCD0BFF6
:1088E000D18B203200000000D09ED0B1D180D18B3E
:1088F000D0B220D0B220D186D0B5D0BFD0B820D051
:10890000BFD0BED0BCD0BFD18B203200D0BAD0BE39
:10891000D180D0BED182D0BAD0BED0B520D0B7D011
:10892000B0D0BCD18BD0BAD0B0D0BDD0B8D0B520EB
:10893000D0B4D0BED0BF2ED0B4D0B0D182D187D0E9
:10894000B8D0BAD0B020D182D0B5D0BCD0BF2E32F2
:1089500000000000D09ED0B1D180D18BD0B220D009
:10896000B4D0BED0BF2ED0B4D0B0D182D187D0B8D1
:10897000D0BAD0B020D182D0B5D0BCD0BF2E203359
:10898000000000006F70656E206369726375697422
:10899000206F66207468652066616E2033000000D9
:1089A00073686F72742063697263756974206F668F
:1089B000207468652066616E203300006F70656EFC
:1089C0002063697263756974206F6620746865201E
:1089D00070756D702033000073686F727420636966
:1089E0007263756974206F66207468652070756D98
:1089F000702033006F70656E20636972632E206192
:108A000075782074656D702E2073656E7320330049
:108A100073686F727420636972632E2061757820A9
:108A200074656D702E2073656E7320330000000036
:108A3000D09AD0BED180D0BED182D0BAD0BED0B56F
:108A400020D0B7D0B0D0BCD18BD0BAD0B0D0BDD0B0
:108A5000B8D0B520D0BFD0BED0BCD0BFD18B2033D2
:108A600000000000D09ED0B1D180D18BD0B220D0F8
:108A7000B220D186D0B5D0BFD0B820D0BFD0BED024
:108A8000BCD0BFD18B203300D0BAD0BED180D0BEF5
:108A9000D182D0BAD0BED0B520D0B7D0B0D0BCD162
:108AA0008BD0BAD0B0D0BDD0B8D0B520D0B4D0BE65
:108AB000D0BF2ED0B4D0B0D182D187D0B8D0BAD068
:108AC000B020D182D0B5D0BCD0BF2E330000000082
:108AD000D09ED0B1D180D18BD0B220D0B4D0BED076
:108AE000BF2ED0B4D0B0D182D187D0B8D0BAD0B058
:108AF00020D182D0B5D0BCD0BF2E203400000000E1
:108B00006F70656E2063697263756974206F66208B
:108B10007468652066616E203400000073686F72AF
:108B2000742063697263756974206F662074686568
:108B30002066616E203400006F70656E206369727C
:108B400063756974206F66207468652070756D7038
:108B50002034000073686F727420636972637569F2
:108B600074206F66207468652070756D7020340005
:108B70006F70656E20636972632E20617578207452
:108B8000656D702E2073656E7320340073686F728C
:108B90007420636972632E206175782074656D702E
:108BA0002E2073656E73203400000000D09AD0BE72
:108BB000D180D0BED182D0BAD0BED0B520D0B7D06F
:108BC000B0D0BCD18BD0BAD0B0D0BDD0B8D0B52049
:108BD000D0BFD0BED0BCD0BFD18B203400000000AD
:108BE000D09ED0B1D180D18BD0B220D0B220D1864E
:108BF000D0B5D0BFD0B820D0BFD0BED0BCD0BFD1B0
:108C00008B203400D0BAD0BED180D0BED182D0BAB1
:108C1000D0BED0B520D0B7D0B0D0BCD18BD0BAD0D8
:108C2000B0D0BDD0B8D0B520D0B4D0BED0BF2ED03B
:108C3000B4D0B0D182D187D0B8D0BAD0B020D18250
:108C4000D0B5D0BCD0BF2E34000000006F70656E70
:108C50002063697263756974206F6620746865208B
:108C600066616E203500000073686F72742063695E
:108C70007263756974206F66207468652066616E22
:108C8000203500006F70656E2063697263756974CA
:108C9000206F66207468652070756D702035000047
:108CA00073686F72742063697263756974206F668C
:108CB000207468652070756D70203500D09AD0BE24
:108CC000D180D0BED182D0BAD0BED0B520D0B7D05E
:108CD000B0D0BCD18BD0BAD0B0D0BDD0B8D0B52038
:108CE000D0BFD0BED0BCD0BFD18B2035000000009B
:108CF000D09ED0B1D180D18BD0B220D0B220D1863D
:108D0000D0B5D0BFD0B820D0BFD0BED0BCD0BFD19E
:108D10008B20350066616E20737065656420646F1A
:108D20006573206E6F7420636F72726573706F6EFF
:108D30006420746F2074686520646566696E65647C
:108D4000000000006869676820737570706C792096
:108D5000766F6C74616765006C6F772073757070E7
:108D60006C7920766F6C74616765000066616E20B7
:108D7000646F6573206E6F7420726F746174650028
:108D800066616E2073656C662D726F746174696FB5
:108D90006E0000006E6F2069676E6974696F6E0007
:108DA000626F64792074656D702E73656E736F7277
:108DB00020646F6573206E6F7420636F6F6C206426
:108DC0006F776E006F70656E20636972637569748A
:108DD000206F6620746865206675656C2070756DFF
:108DE0007000000073686F72742063697263756944
:108DF00074206F6620746865206675656C207075D8
:108E00006D7000006E6F20636F6E6E656374696FC6
:108E10006E20776974682074686520686561746580
:108E200072000000676C6F7720706C756720657248
:108E3000726F720077617465722070756D70206555
:108E400072726F72000000006F70656E206369724D
:108E500063756974206F6620746865207A6F6E652B
:108E600020312074656D702E2073656E736F7200F3
:108E700073686F72742063697263756974206F66BA
:108E800020746865207A6F6E6520312074656D707E
:108E90002E2073656E736F72000000006F70656E38
:108EA0002063697263756974206F66207468652039
:108EB0007A6F6E6520322074656D702E2073656E3A
:108EC000736F720073686F7274206369726375697F
:108ED00074206F6620746865207A6F6E652032207A
:108EE00074656D702E2073656E736F7200000000E4
:108EF0006F70656E2063697263756974206F662098
:108F0000746865207A6F6E6520332074656D702EED
:108F10002073656E736F720073686F72742063697B
:108F20007263756974206F6620746865207A6F6E4D
:108F30006520332074656D702E2073656E736F72BB
:108F4000000000006F70656E20636972637569745C
:108F5000206F6620746865207A6F6E6520342074F7
:108F6000656D702E2073656E736F720073686F721B
:108F7000742063697263756974206F662074686514
:108F8000207A6F6E6520342074656D702E207365B5
:108F90006E736F72000000006F70656E20636972FF
:108FA00063756974206F6620746865207A6F6E65DA
:108FB00020352074656D702E2073656E736F72009E
:108FC00073686F72742063697263756974206F6669
:108FD00020746865207A6F6E6520352074656D7029
:108FE0002E2073656E736F72000000006572726FE1
:108FF00072206F6620746865206C697175696420E1
:1090000074656D702E2073656E736F7200000000C2
:109010006F70656E2063697263756974206F662076
:1090200074686520666C616D652074656D702E20B6
:1090300073656E736F7200006F70656E2063697286
:1090400063756974206F66207468652074616E6B47
:109050002074656D702E2073656E736F7200000052
:1090600073686F72742063697263756974206F66C8
:10907000207468652074616E6B2074656D702E209D
:1090800073656E736F7200006572726F72206F6627
:1090900020746865206F76657268656174207465F8
:1090A0006D702E2073656E736F7200006F70656E49
:1090B0002063697263756974206F66207468652027
:1090C0006F7574646F6F722073656E736F720000DA
:1090D00073686F72742063697263756974206F6658
:1090E00020746865206F7574646F6F722073656E8D
:1090F000736F72006F70656E206369726375697457
:10910000206F662074686520666C6F772073656ECB
:10911000736F720073686F7274206369726375692C
:1091200074206F662074686520666C6F77207365A5
:109130006E736F72000000006F766572686561740F
:10914000696E67206F662074686520666C616D6566
:1091500020696E64696361746F7200006F76657276
:1091600068656174000000005A6F6E652D70756D42
:109170007020636F6E666C69637400006C65766561
:109180006C2073656E736F72206F70656E206369FB
:1091900072637569740000006C6576656C20736598
:1091A0006E736F722073686F727420636972637577
:1091B00069740000457874656E73696F6E20626F24
:1091C000617264206C696E6B206661756C7400005E
:1091D000657863656564696E6720746865206C698D
:1091E0006D6974206F6620666C616D6520626C6FBE
:1091F000776F7574000000006C6971756964206C8C
:109200006576656C20746F6F206C6F7700000000CE
:10921000D09ED0B1D180D18BD0B220D0B220D18617
:10922000D0B5D0BFD0B820D0B4D0B0D182D187D003
:10923000B8D0BAD0B020D0B2D0BDD0B5D188D0BDD2
:10924000D0B5D0B920D182D0B5D0BCD0BFD0B5D1A7
:1092500080D0B0D182D183D180D18B00D09AD0BEC2
:10926000D180D0BED182D0BAD0BED0B520D0B7D0B8
:10927000B0D0BCD18BD0BAD0B0D0BDD0B8D0B52092
:10928000D0B220D186D0B5D0BFD0B820D0B4D0B025
:10929000D182D187D0B8D0BAD0B020D0B2D0BDD092
:1092A000B5D188D0BDD0B5D0B920D182D0B5D0BC91
:1092B000D0BFD0B5D180D0B0D182D183D180D18B75
:1092C00000000000D09AD0BED180D0BED182D0BAEA
:1092D000D0BED0B520D0B7D0B0D0BCD18BD0BAD012
:1092E000B0D0BDD0B8D0B520D0B2D0B5D0BDD1822D
:1092F000D0B8D0BBD18FD182D0BED180203120D088
:10930000B7D0BED0BDD18B00D09AD0BED180D0BE58
:10931000D182D0BAD0BED0B520D0B7D0B0D0BCD1D9
:109320008BD0BAD0B0D0BDD0B8D0B520D0B4D0B0EA
:10933000D182D187D0B8D0BAD0B020D182D0B5D028
:10934000BCD0BFD0B5D180D0B0D182D183D180D1B3
:109350008B203120D0B7D0BED0BDD18B0000000013
:10936000D09ED0B1D180D18BD0B220D0B220D186C6
:10937000D0B5D0BFD0B820D0B4D0B0D182D187D0B2
:10938000B8D0BAD0B020D182D0B5D0BCD0BFD0B583
:10939000D180D0B0D182D183D180D18B203120D067
:1093A000B7D0BED0BDD18B00D09ED0B1D180D18BF3
:1093B000D0B220D0B220D186D0B5D0BFD0B820D086
:1093C000B2D0B5D0BDD182D0B8D0BBD18FD182D0F0
:1093D000BED180D0B0203120D0B7D0BED0BDD18B8F
:1093E00000000000D09AD0BED180D0BED182D0BAC9
:1093F000D0BED0B520D0B7D0B0D0BCD18BD0BAD0F1
:10940000B0D0BDD0B8D0B520D0B2D0B5D0BDD1820B
:10941000D0B8D0BBD18FD182D0BED180203220D065
:10942000B7D0BED0BDD18B00D09AD0BED180D0BE37
:10943000D182D0BAD0BED0B520D0B7D0B0D0BCD1B8
:109440008BD0BAD0B0D0BDD0B8D0B520D0B4D0B0C9
:10945000D182D187D0B8D0BAD0B020D182D0B5D007
:10946000BCD0BFD0B5D180D0B0D182D183D180D192
:109470008B203220D0B7D0BED0BDD18B00000000F1
:10948000D09ED0B1D180D18BD0B220D0B220D186A5
:10949000D0B5D0BFD0B820D0B4D0B0D182D187D091
:1094A000B8D0BAD0B020D182D0B5D0BCD0BFD0B562
:1094B000D180D0B0D182D183D180D18B203220D045
:1094C000B7D0BED0BDD18B00D09ED0B1D180D18BD2
:1094D000D0B220D0B220D186D0B5D0BFD0B820D065
:1094E000B2D0B5D0BDD182D0B8D0BBD18FD182D0CF
:1094F000BED180D0B0203220D0B7D0BED0BDD18B6D
:1095000000000000D09AD0BED180D0BED182D0BAA7
:10951000D0BED0B520D0B7D0B0D0BCD18BD0BAD0CF
:10952000B0D0BDD0B8D0B520D0B2D0B5D0BDD182EA
:10953000D0B8D0BBD18FD182D0BED180203320D043
:10954000B7D0BED0BDD18B00D09AD0BED180D0BE16
:10955000D182D0BAD0BED0B520D0B7D0B0D0BCD197
:109560008BD0BAD0B0D0BDD0B8D0B520D0B4D0B0A8
:10957000D182D187D0B8D0BAD0B020D182D0B5D0E6
:10958000BCD0BFD0B5D180D0B0D182D183D180D171
:109590008B203320D0B7D0BED0BDD18B00000000CF
:1095A000D09ED0B1D180D18BD0B220D0B220D18684
:1095B000D0B5D0BFD0B820D0B4D0B0D182D187D070
:1095C000B8D0BAD0B020D182D0B5D0BCD0BFD0B541
:1095D000D180D0B0D182D183D180D18B203320D023
:1095E000B7D0BED0BDD18B00D09ED0B1D180D18BB1
:1095F000D0B220D0B220D186D0B5D0BFD0B820D044
:10960000B2D0B5D0BDD182D0B8D0BBD18FD182D0AD
:10961000BED180D0B0203320D0B7D0BED0BDD18B4A
:1096200000000000D09AD0BED180D0BED182D0BA86
:10963000D0BED0B520D0B7D0B0D0BCD18BD0BAD0AE
:10964000B0D0BDD0B8D0B520D0B2D0B5D0BDD182C9
:10965000D0B8D0BBD18FD182D0BED180203420D021
:10966000B7D0BED0BDD18B00D09AD0BED180D0BEF5
:10967000D182D0BAD0BED0B520D0B7D0B0D0BCD176
:109680008BD0BAD0B0D0BDD0B8D0B520D0B4D0B087
:10969000D182D187D0B8D0BAD0B020D182D0B5D0C5
:1096A000BCD0BFD0B5D180D0B0D182D183D180D150
:1096B0008B203420D0B7D0BED0BDD18B00000000AD
:1096C000D09ED0B1D180D18BD0B220D0B220D18663
:1096D000D0B5D0BFD0B820D0B4D0B0D182D187D04F
:1096E000B8D0BAD0B020D182D0B5D0BCD0BFD0B520
:1096F000D180D0B0D182D183D180D18B203420D001
:10970000B7D0BED0BDD18B00D09ED0B1D180D18B8F
:10971000D0B220D0B220D186D0B5D0BFD0B820D022
:10972000B2D0B5D0BDD182D0B8D0BBD18FD182D08C
:10973000BED180D0B0203420D0B7D0BED0BDD18B28
:1097400000000000D09AD0BED180D0BED182D0BA65
:10975000D0BED0B520D0B7D0B0D0BCD18BD0BAD08D
:10976000B0D0BDD0B8D0B520D0B2D0B5D0BDD182A8
:10977000D0B8D0BBD18FD182D0BED180203520D0FF
:10978000B7D0BED0BDD18B00D09AD0BED180D0BED4
:10979000D182D0BAD0BED0B520D0B7D0B0D0BCD155
:1097A0008BD0BAD0B0D0BDD0B8D0B520D0B4D0B066
:1097B000D182D187D0B8D0BAD0B020D182D0B5D0A4
:1097C000BCD0BFD0B5D180D0B0D182D183D180D12F
:1097D0008B203520D0B7D0BED0BDD18B000000008B
:1097E000D09ED0B1D180D18BD0B220D0B220D18642
:1097F000D0B5D0BFD0B820D0B4D0B0D182D187D02E
:10980000B8D0BAD0B020D182D0B5D0BCD0BFD0B5FE
:10981000D180D0B0D182D183D180D18B203520D0DE
:10982000B7D0BED0BDD18B00D09ED0B1D180D18B6E
:10983000D0B220D0B220D186D0B5D0BFD0B820D001
:10984000B2D0B5D0BDD182D0B8D0BBD18FD182D06B
:10985000BED180D0B0203520D0B7D0BED0BDD18B06
:1098600000000000D09DD0B0D0B3D0BDD0B5D18223
:10987000D0B0D182D0B5D0BBD18C20D0B2D0BED0A8
:10988000B7D0B4D183D185D0B020D0BDD0B520D051
:10989000B2D180D0B0D189D0B0D0B5D182D181D170
:1098A0008F000000D094D0B0D182D187D0B8D0BA88
:1098B00020D182D0B5D0BCD0BFD0B5D180D0B0D16E
:1098C00082D183D180D18B20D0BAD0BED180D0BFFD
:1098D000D183D181D0B020D0BDD0B520D0BCD0BEF6
:1098E000D0B6D0B5D18220D0BED185D0BBD0B0D03B
:1098F000B4D0B8D182D18CD181D18F00D0A0D0BECC
:10990000D0B7D0B6D0B8D0B320D0BDD0B520D18399
:10991000D0B4D0B0D0BBD181D18F0000D09FD0BE09
:10992000D0B2D18BD188D0B5D0BDD0BDD0BED0B54E
:1099300020D0BDD0B0D0BFD180D18FD0B6D0B5D0DF
:10994000BDD0B8D0B520D0BFD0B8D182D0B0D0BDB6
:10995000D0B8D18F00000000D09FD0BED0BDD0B80D
:10996000D0B6D0B5D0BDD0BDD0BED0B520D0BDD042
:10997000B0D0BFD180D18FD0B6D0B5D0BDD0B8D007
:10998000B520D0BFD0B8D182D0B0D0BDD0B8D18FA3
:1099900000000000D09DD0B5D18220D181D0B2D1BD
:1099A0008FD0B7D0B820D18120D0BFD0BBD0B0D11C
:1099B00082D0BED0B920D180D0B0D181D188D0B8EA
:1099C000D180D0B5D0BDD0B8D18F0000D09ED18885
:1099D000D0B8D0B1D0BAD0B020D0BFD0BED0BCD0DB
:1099E000BFD18B20D0BFD0BED0B4D0BED0B3D18039
:1099F000D0B5D0B2D0B0D182D0B5D0BBD18F00001D
:109A0000D09FD0B5D180D0B5D0B3D180D0B5D0B2B1
:109A100020D0BFD0BED0B4D0BED0B3D180D0B5D0CE
:109A2000B2D0B0D182D0B5D0BBD18F00D092D0BE51
:109A3000D0B7D0BCD0BED0B6D0BDD18BD0B920D09D
:109A4000BFD0B5D180D0B5D0B3D180D0B5D0B22001
:109A5000D0BFD0BED0B4D0BED0B3D180D0B5D0B2FC
:109A6000D0B0D182D0B5D0BBD18F0000D09ED188EC
:109A7000D0B8D0B1D0BAD0B020D0B4D0B0D182D18B
:109A800087D0B8D0BAD0B020D182D0B5D0BCD0BFAA
:109A9000D0B5D180D0B0D182D183D180D18B20D02C
:109AA000B6D0B8D0B4D0BAD0BED181D182D0B8208F
:109AB000D0BFD0BED0B4D0BED0B3D180D0B5D0B29C
:109AC000D0B0D182D0B5D0BBD18F0000D09ED0B164
:109AD000D180D18BD0B220D0B220D186D0B5D0BF2A
:109AE000D0B820D182D0BED0BFD0BBD0B8D0B2D0F9
:109AF000BDD0BED0B3D0BE20D0BDD0B0D181D0BEFD
:109B0000D181D0B000000000D09AD0BED180D0BEAC
:109B1000D182D0BAD0BED0B520D0B7D0B0D0BCD1D1
:109B20008BD0BAD0B0D0BDD0B8D0B520D0B220D173
:109B300086D0B5D0BFD0B820D182D0BED0BFD0BBE8
:109B4000D0B8D0B2D0BDD0BED0B3D0BE20D0BDD062
:109B5000B0D181D0BED181D0B0000000D0A1D0B0B2
:109B6000D0BCD0BED0B2D180D0B0D189D0B5D0BD1C
:109B7000D0B8D0B520D0BDD0B0D0B3D0BDD0B5D145
:109B800082D0B0D182D0B5D0BBD18F20D0B2D0BEE0
:109B9000D0B7D0B4D183D185D0B00000D09ED188C9
:109BA000D0B8D0B1D0BAD0B020D0B4D0B0D182D15A
:109BB00087D0B8D0BAD0B020D0BFD0B5D180D0B582
:109BC000D0B3D180D0B5D0B2D0B00000D09AD0BE42
:109BD000D180D0BED182D0BAD0BED0B520D0B7D03F
:109BE000B0D0BCD18BD0BAD0B0D0BDD0B8D0B52019
:109BF000D0B4D0B0D182D187D0B8D0BAD0B020D133
:109C000082D0B5D0BCD0BFD0B5D180D0B0D182D1B8
:109C100083D180D18B20D0B1D0B0D0BAD0B00000E9
:109C2000D09ED0B1D180D18BD0B220D0B220D186FD
:109C3000D0B5D0BFD0B820D0B4D0B0D182D187D0E9
:109C4000B8D0BAD0B020D182D0B5D0BCD0BFD0B5BA
:109C5000D180D0B0D182D183D180D18B20D0B1D06E
:109C6000B0D0BAD0B0000000D09ED0B1D180D18B9E
:109C7000D0B220D0B220D186D0B5D0BFD0B820D0BD
:109C8000B4D0B0D182D187D0B8D0BAD0B020D0BFB4
:109C9000D0BED182D0BED0BAD0B00000D09AD0BE53
:109CA000D180D0BED182D0BAD0BED0B520D0B7D06E
:109CB000B0D0BCD18BD0BAD0B0D0BDD0B8D0B52048
:109CC000D0B220D186D0B5D0BFD0B820D0B4D0B0DB
:109CD000D182D187D0B8D0BAD0B020D0BFD0BED139
:109CE00082D0BED0BAD0B000D09ED188D0B8D0B289
:109CF000D0BAD0B020D181D0B2D0B5D187D0B820E1
:109D0000D0BDD0B0D0BAD0B0D0BBD0B00000000031
:109D1000D09DD0B8D0B7D0BAD0B8D0B920D183D1E7
:109D200080D0BED0B2D0B5D0BDD18C20D0B6D0B806
:109D3000D0B4D0BAD0BED181D182D0B8000000005A
:109D4000D09AD0BED180D0BED182D0BAD0BED0B54C
:109D500020D0B7D0B0D0BCD18BD0BAD0B0D0BDD08D
:109D6000B8D0B520D0B4D0B0D182D187D0B8D0BAD5
:109D7000D0B020D183D180D0BED0B2D0BDD18F2081
:109D8000D0B6D0B8D0B4D0BAD0BED181D182D0B8FC
:109D900000000000D09ED0B1D180D18BD0B220D0B5
:109DA000B220D186D0B5D0BFD0B820D0B4D0B0D1F9
:109DB00082D187D0B8D0BAD0B020D183D180D0BEE4
:109DC000D0B2D0BDD18F20D0B6D0B8D0B4D0BAD018
:109DD000BED181D182D0B800D09FD0B5D180D0B5CE
:109DE000D0B3D180D0B5D0B220D0BFD0BE20D0B0BB
:109DF000D0B1D181D0BED0BBD18ED0B8D0BDD0BE75
:109E0000D0BCD18320D0B7D0BDD0B0D187D0B5D011
:109E1000BDD0B8D18E20D0B8D0BDD0B4D0B8D0BAD3
:109E2000D0B0D182D0BED180D0B020D0BFD0BBD0F6
:109E3000B0D0BCD0B5D0BDD0B8000000D09ED0B15D
:109E4000D180D0BED18BD0B220D0B8D0BDD0B4D0CC
:109E5000B8D0BAD0B0D182D0BED180D0B020D0BFDF
:109E6000D0BBD0B0D0BCD0B5D0BDD0B800000000C1
:109E7000D09FD180D0B5D0B2D18BD188D0B5D0BD54
:109E8000D0BE20D187D0B8D181D0BBD0BE20D18167
:109E9000D180D18BD0B2D0BED0B220D0BFD0BBD079
:109EA000B0D0BCD0B5D0BDD0B8000000D09ED0B1ED
:109EB000D0BED180D0BED182D18B20D0BDD0B0D089
:109EC000B3D0BDD0B5D182D0B0D182D0B5D0BBD1C6
:109ED0008F20D0BDD0B520D181D0BED0BED182D010
:109EE000B2D0B5D182D181D182D0B2D183D18ED13D
:109EF0008220D0B7D0B0D0B4D0B0D0BDD0BDD18B3F
:109F0000D0BC0000D09DD0B5D18220D181D0B2D1BB
:109F10008FD0B7D0B820D18120D0BFD0BED0B4D0A0
:109F2000BED0B3D180D0B5D0B2D0B0D182D0B5D070
:109F3000BBD0B5D0BC000000D09AD0BED0BDD1847B
:109F4000D0BBD0B8D0BAD18220D0BDD0B0D181D1D1
:109F500082D180D0BED0B9D0BAD0B820D0B7D0BED0
:109F6000D0BD20D0B820D0BFD0BED0BCD0BF000064
:109F700049676E6974696F6E20312028616C746561
:109F8000726E2E206379636C6F6772616D290000B9
:109F900049676E6974696F6E20322028616C746540
:109FA000726E2E206379636C6F6772616D29000099
:109FB00049676E6974696F6E203120286D61696E22
:109FC000206379636C6F6772616D290049676E6900
:109FD00074696F6E203220286D61696E2063796329
:109FE0006C6F6772616D290056656E74696C61747F
:109FF000696F6E206C6576656C203000506F7765F8
:10A0000072206C6576656C2030000000506F7765BB
:10A0100072206C6576656C203130000056656E7478
:10A02000696C6174696F6E206C6576656C203100B7
:10A03000506F776572206C6576656C20310000008A
:10A0400056656E74696C6174696F6E206C657665B7
:10A050006C203200506F776572206C6576656C20DD
:10A060003200000056656E74696C6174696F6E2011
:10A070006C6576656C203300506F776572206C6577
:10A0800076656C203300000056656E74696C6174EF
:10A09000696F6E206C6576656C203400506F776553
:10A0A00072206C6576656C203400000056656E7415
:10A0B000696C6174696F6E206C6576656C20350023
:10A0C000506F776572206C6576656C2035000000F6
:10A0D00056656E74696C6174696F6E206C65766527
:10A0E0006C203600506F776572206C6576656C2049
:10A0F0003600000056656E74696C6174696F6E207D
:10A100006C6576656C203700506F776572206C65E2
:10A1100076656C203700000056656E74696C61745A
:10A12000696F6E206C6576656C203800506F7765BE
:10A1300072206C6576656C203800000056656E7480
:10A14000696C6174696F6E206C6576656C2039008E
:10A15000506F776572206C6576656C203900000061
:10A16000536176696E672064617461005761697438
:10A17000696E6720636D64004D616E75616C206D62
:10A180006F646500426F6F7374206D6F64650000CB
:10A1900048656174696E6700476C6F7720706C75F5
:10A1A000672068656174696E6700000057616974B3
:10A1B000696E6700426C6F77696E67206265666FD3
:10A1C00072652077616974696E67000046616E2070
:10A1D0007374617274696E6700000000504342201E
:10A1E00074657374696E6700426C6F77696E67009F
:10A1F000426C6F77696E67206F6E20666C616D656B
:10A2000020627265616B000049676E2E20627920C2
:10A21000707265732E20616674657220666C616D64
:10A220006520627265616B00426C6F77206F6E20F3
:10A23000707772206F6E000056656E74696C617481
:10A24000696F6E0043616C6962726174696F6E0060
:10A250004D6F746F722063616C6962726174696FB3
:10A260006E000000507265706172696E6720666FE3
:10A27000722069676E6974696F6E00005368757447
:10A2800074696E6720646F776E00000057616974AF
:10A29000696E6720666F72207468652074656D70E2
:10A2A0002E2064726F7000004D6964646C652070CC
:10A2B0006F776572000000004869676820706F77EB
:10A2C000657200004C6F7720706F77657200000038
:10A2D000496E697469616C20646961676E6F73743B
:10A2E00069637300426C6F77696E67206F6E206FD1
:10A2F0007665726865617400426C6F77696E67207D
:10A300006F6E207374617274000000005761746591
:10A31000722070756D70206F6E6C7900545530002E
:10A3200049443100544431004843555F54454D5031
:10A330005F53484946543100545531004944320076
:10A34000544432004843555F54454D505F5348498B
:10A3500046543200545532004944330054443300CB
:10A360004843555F54454D505F5348494654330068
:10A3700054553300544434004843555F54454D50C0
:10A380005F53484946543400545534005444350012
:10A390004843555F54454D505F5348494654350036
:10A3A0005455350054443600545536005444370053
:10A3B0004843555F554E444552464C4F4F525F48B7
:10A3C000454154494E475F434F4E4E4543544544E3
:10A3D000000000004843555F454E47494E455F50D9
:10A3E0005245484541545F434F4E4E4543544544C2
:10A3F00000000000444953504C41595F5359535495
:10A40000454D5F53544F524147455F4D4F444500C2
:10A4100046414E5F4D414E55414C5F4D4F444500C6
:10A4200045434F5F4D4F44450000000050524F548C
:10A430004F5F4D4F444500004843555F54414E4BDC
:10A440005F49474E4954494F4E5F53544F5241471D
:10A45000450000004843555F454C454D454E545F0F
:10A4600049474E4954494F4E5F53544F5241474517
:10A47000000000004843555F54414E4B5F53455424
:10A48000504F494E545F53544F52414745000000CE
:10A490004843555F454C454D454E545F53455450D8
:10A4A0004F494E545F53544F5241474500000000FE
:10A4B0005A4F4E45315F454E41424C450000000029
:10A4C0005A4F4E45325F454E41424C450000000018
:10A4D0005A4F4E45335F454E41424C450000000007
:10A4E0005A4F4E45345F454E41424C4500000000F6
:10A4F0005A4F4E45355F454E41424C4500000000E5
:10A50000444953504C41595F53595354454D5F4C46
:10A51000494D49545F574F524B54494D4500000037
:10A5200046414E535F50574D5F434F52524543543F
:10A530005F54494D450000004457415445525F5017
:10A540004155534500000000444953504C41595F68
:10A550005A4F4E45315F46414E5F4D414E55414C3D
:10A560005F56414C55450000444953504C41595F9A
:10A570005A4F4E45325F46414E5F4D414E55414C1C
:10A580005F56414C55450000444953504C41595F7A
:10A590005A4F4E45335F46414E5F4D414E55414CFB
:10A5A0005F56414C55450000444953504C41595F5A
:10A5B0005A4F4E45345F46414E5F4D414E55414CDA
:10A5C0005F56414C55450000444953504C41595F3A
:10A5D0005A4F4E45355F46414E5F4D414E55414CB9
:10A5E0005F56414C55450000454C454D454E545F26
:10A5F00044495341424C494E47000000444953509E
:10A600004C41595F5A4F4E45315F46414E5F4D4177
:10A610004E55414C00000000444953504C41595F95
:10A620005A4F4E45325F46414E5F4D414E55414C6B
:10A6300000000000444953504C41595F5A4F4E4569
:10A64000335F46414E5F4D414E55414C0000000086
:10A65000444953504C41595F5A4F4E45345F46412F
:10A660004E5F4D414E55414C00000000444953504F
:10A670004C41595F5A4F4E45355F46414E5F4D4103
:10A680004E55414C00000000454D454752454E4354
:10A69000595F5357495443485F4348414E4E454CD8
:10A6A000000000004D494E5F4C49515549445F4CF4
:10A6B0004556454C0000000046414E315F50574D15
:10A6C0005F4C494D0000000046414E325F50574DEF
:10A6D0005F4C494D0000000046414E335F50574DDE
:10A6E0005F4C494D0000000046414E345F50574DCD
:10A6F0005F4C494D0000000046414E355F50574DBC
:10A700005F4C494D0000000044415954494D455F9C
:10A7100046524F4D000000005A4F4E45315F505594
:10A720004D505F4E554D00005A4F4E45325F5055CB
:10A730004D505F4E554D00005A4F4E45335F5055BA
:10A740004D505F4E554D00005A4F4E45345F5055A9
:10A750004D505F4E554D00005A4F4E45355F505598
:10A760004D505F4E554D00005A4F4E45315F455894
:10A770005452415F50554D505F4E554D0000000002
:10A780005A4F4E45325F45585452415F50554D50D7
:10A790005F4E554D000000005A4F4E45335F4558FF
:10A7A0005452415F50554D505F4E554D00000000D2
:10A7B0005A4F4E45345F45585452415F50554D50A5
:10A7C0005F4E554D000000005A4F4E45355F4558CD
:10A7D0005452415F50554D505F4E554D00000000A2
:10A7E0004D41494E5F4255524E45525F4E554D00C8
:10A7F0004843555F454E47494E455F505245484591
:10A8000041545F4455524154494F4E0048454154CC
:10A8100045525F4C49515549445F49474E49544957
:10A820004F4E00004843555F54414E4B5F49474EE1
:10A830004954494F4E0000004843555F454C454D33
:10A84000454E545F4F4E000044415954494D455FB9
:10A85000544F0000464C4F4F525F50554D50000032
:10A86000454E47494E455F505245484541545F501B
:10A87000554D50004D4F444255535F4144520000E6
:10A880004D414E55414C5F484F545F5741544552DE
:10A8900000000000464C4F4F525F54454D505F53EF
:10A8A000454E534F52000000454E47494E455F50BC
:10A8B0005245484541545F54454D505F53454E53B2
:10A8C0004F5200004843555F554E444552464C4F49
:10A8D0004F525F48454154494E475F48595354458C
:10A8E00052455349530000004843555F4445465282
:10A8F0004F5354494E475F48595354455245534965
:10A9000053000000434845434B494E475F5A4F4E62
:10A91000455F46414E53000043414E5F414444521F
:10A9200045535300545F554E4954530048454154D4
:10A9300045525F4C49515549445F49474E49544936
:10A940004F4E5F53000000004843555F54414E4B4B
:10A950005F49474E4954494F4E5F53004843555F46
:10A9600054414E4B5F49474E5F4E494748545F53F1
:10A97000000000004845415445525F4C495155493B
:10A98000445F534554504F494E545F5300000000FC
:10A990004843555F54414E4B5F534554504F494EC9
:10A9A000545F53004845415445525F4C4951554905
:10A9B000445F49474E4954494F4E5F44575F5300E7
:10A9C0004843555F54414E4B5F49474E4954494FA8
:10A9D0004E5F44575F5300004845415445525F5015
:10A9E000554D505F5748494C455F454E47494E4588
:10A9F0005F4845415400000054494D455F464F5261
:10AA00004D4154004D41585F4241434B4C494748EA
:10AA1000540000004843555F54414E4B5F49474E38
:10AA20005F4E4947485400004252494748544E45FA
:10AA300053535F4E49474854000000004845415475
:10AA400045525F315F504F5745525F4C494D495415
:10AA5000000000004845415445525F325F504F5757
:10AA600045525F4C494D495400000000484541544F
:10AA700045525F335F504F5745525F4C494D4954E3
:10AA8000000000004845415445525F345F504F5725
:10AA900045525F4C494D495400000000484541541F
:10AAA00045525F355F504F5745525F4C494D4954B1
:10AAB000000000004845415445525F365F504F57F3
:10AAC00045525F4C494D49540000000048454154EF
:10AAD00045525F375F504F5745525F4C494D49547F
:10AAE0000000000050554D505F4F4E5F454C454DA6
:10AAF000454E54004845415445525F4C49515549D3
:10AB0000445F534554504F494E5400004843555FED
:10AB1000554E444552464C4F4F525F48454154496B
:10AB20004E475F534554504F494E54004843555F7C
:10AB3000444546524F5354494E475F534554504F36
:10AB4000494E54004843555F54414E4B5F53455462
:10AB5000504F494E540000004843555F454E474909
:10AB60004E455F505245484541545F534554504F00
:10AB7000494E54004843555F454C454D454E545F42
:10AB8000534554504F494E540000000046414E5327
:10AB90005F44545F535441525400000044495350A1
:10ABA0004C41595F54494D454F5554004449535009
:10ABB0004C41595F5A4F4E45315F4E494748545FAB
:10ABC00054000000444953504C41595F5A4F4E4580
:10ABD000325F4E494748545F540000004449535087
:10ABE0004C41595F5A4F4E45335F4E494748545F79
:10ABF00054000000444953504C41595F5A4F4E4550
:10AC0000345F4E494748545F540000004449535054
:10AC10004C41595F5A4F4E45355F4E494748545F46
:10AC200054000000444953504C41595F5A4F4E451F
:10AC3000315F4441595F5400444953504C41595F7E
:10AC40005A4F4E45325F4441595F54004449535076
:10AC50004C41595F5A4F4E45335F4441595F540050
:10AC6000444953504C41595F5A4F4E45345F44411B
:10AC7000595F5400444953504C41595F5A4F4E4517
:10AC8000355F4441595F54004845415445525F4C3B
:10AC900049515549445F49474E4954494F4E5F44D5
:10ACA000570000004843555F54414E4B5F49474EA3
:10ACB0004954494F4E5F4457000000004843555FD8
:10ACC000454C454D454E545F4F4E5F445700000084
:10ACD0004252494748544E4553535F44415900003E
:10ACE0004457415445525F5052494F5249545900BC
:10ACF0006CAD030800040020D0130000C00102085E
:10AD0000F8B30308D0170020C84600001C02020850
:10AD1000B1B2FFFF6DB2FFFFB9B2FFFFADB1FFFFF0
:10AD200089B1FFFF75B1FFFF49B2FFFF8DB1FFFF92
:10AD300049B1FFFFDDB1FFFF59B2FFFF65B2FFFF71
:10AD400071B2FFFFBDB1FFFF99B2FFFFA5B1FFFFD9
:10AD500089B1FFFFFDB1FFFF09B2FFFF2DB1FFFF7A
:10AD6000C1B1FFFFCDB1FFFFD9B1FFFF5184D8B80A
:10AD700005680901020304060708090CA910015D12
:10AD800004C0400240021F05320C3620A303080312
:10AD900013704782201AFF012143803F320D5A3C35
:10ADA000240A157424320E5A58240A1578243212B3
:10ADB0004518A903088BE12D245206492432154B6E
:10ADC000B0A42413441D33200129042958692432D6
:10ADD000165AC0241A45247202A92432175AD024C4
:10ADE0005A4648E92432185AE0241A472481A924F3
:10ADF00032195AF0240A154824321C2D74AB03086A
:10AE00006413301E33205532059A5A24321D4B38B4
:10AE1000A8241A32240A114D24321E4BBCAC241A29
:10AE200034240A115024321F4BF4AA241A36242940
:10AE30001CE92429A55A0C6C1A38240A114624321C
:10AE4000215A886C1A3A240A11522432225A44D8C0
:10AE50005A3C6CDA142432235A246C5A3E6CE9248E
:10AE600032245AA46C5A426CE92432251AE0243266
:10AE7000041AC42481293469242A26D044A503084D
:10AE80009AD0249AFF2432274B1CA36C13DC1D7329
:10AE9000200A9AC8242A284859241ADE240A110FA5
:10AEA0002432295A54241AE02429B0E924322A5A97
:10AEB00070241AE22472199AFA24322B5A88241A1E
:10AEC000E424721E3A2CD94924322C5AA0241AE6C2
:10AED0002472239A5E24322D5AA8241AE82429C405
:10AEE000419A902432325A24241ACE240A1105B4ED
:10AEF00032335A40241AD0240A110A2432345A5CBC
:10AF0000241AD2240A110F2432355A74241AD42454
:10AF10000A1114FC32365A8C241AD6240A1119FC50
:10AF200032375AA4241AD8240A111EFC32385AACDB
:10AF3000241ADA240A1123FC323B4518A703081A05
:10AF40008324819A0790323C5A28241A8424393F5A
:10AF5000D9242A3D7059240A158524323E5A4824A2
:10AF60000A15862429055A58240A15872432404B8D
:10AF7000B8A6241A8E2472509A642432415AC824E6
:10AF80000A158F2432425AD8240A15902432435A83
:10AF9000E8240A15912432445AF8240A15922432DE
:10AFA000453620A50308021ABC245A2CD98B8813D5
:10AFB000242A46484AA94813CD432A202C29272968
:10AFC00008692432475A24240A15CF243248360807
:10AFD000A70308051323444B201C1D112A9F115958
:10AFE000242A49284AA8241A25240B10B004243204
:10AFF0004A4BD0ACB41AE26C29D8DA0AD8324B4B9F
:10B0000028AA241AE4240A111424325F4B10A4B491
:10B010001ACAFC8129B8692432632D8CAB03081449
:10B020001AC8245A0F489AC82429541AE46C29AB28
:10B0300013F01E4A2040C94832824B04A9240B1445
:10B04000861C2432874B68A7901A886C39093149CD
:10B050000849242A880A59240A15892432895A98C9
:10B06000240A158A24328A5AB0240A158B242A8B82
:10B07000E859240A158C24328C1A14FC411A40FC1D
:10B08000323C32059A5A24328D1A5CFC411A4E2405
:10B090000A113724328E36E8A50308041A62248187
:10B0A0009A0124328F5A3C6C13311F7320039A0982
:10B0B0002432905A54240A15792432915A6C240A65
:10B0C00015C12432925A84240B1409202432935A35
:10B0D0009C240A15512432945AB4240A1599243216
:10B0E000955ACC240A15E12423F5011D24AC03084C
:10B0F000071113621D332016320A9A20241AF61DF6
:10B100005A38240A1564241AF71D5A4C240A156665
:10B11000241AF81D5A60240A1568241AF91D5A7455
:10B12000240A156A241AFA1D4BACAB241A6C240AA3
:10B130001114241AFB1D5AC4240A156E241AFC1D6E
:10B140005ADC240A1570241AFD1D5AF4240A1572BB
:10B15000241AFE1D5A0CB40A15742423080245480B
:10B16000A503081A762472329A64241A09245A68AC
:10B17000240A1577241A0A245A88240A1578241ACE
:10B180000B245AA8240A1579241A0C245AC8240A14
:10B19000157A241A0D241AFC2432041ABE2481299B
:10B1A000E869241A0E244B18A6240A15BF241A0F86
:10B1B000245A34240A15C0241A10245A50240A157B
:10B1C000C1241A11245A6C240A15C2241A122411FB
:10B1D00019B4290713C2430B11200CD81A131D4BA5
:10B1E0009CAB241AFC244A2C41113A680849241AC1
:10B1F000141D4BF4A36C1A632409126C1A1C242D21
:10B2000090A403081413521E7320379A5A241A1D4F
:10B21000245A54241A54240A112D241A1E245A7410
:10B22000240A1556481A1F245A38241A58240A1179
:10B230001E241A20245AB0B41AD4240912B41A2194
:10B24000241A0CFC29145ADA482A033C99241A229D
:10B25000244BC4A8241ADE2432051913119A0A2497
:10B260001A23115AD46C0A15E26C1A24241A586C49
:10B27000293C1AE8247250490849241A251D4BF02C
:10B28000A7241AEA245A3C682AAA7559241A261DAA
:10B290005A2CB41A5E24292029B429BC69241A27FF
:10B2A000245AE8B40A1560B41A28111A28B42924BB
:10B2B00013EE1D7320197A32241CC8C129245A4464
:10B2C000240A15F0241A2A245A60240A15F2241A92
:10B2D0002B245A78240A15F4241A2C245A90240A70
:10B2E00015F6241A2D241A54D8415ADCD8419A074D
:10B2F000D81A2E245A94241AE024491CC9FC2A2F57
:10B30000B459241AEC240A1106481A30245AA824E5
:10B310001AED243909D9481A32244BA4A62413F76C
:10B320001C732003495049241A332436D8A9030832
:10B33000041AE54829E041490849241A34244B04F9
:10B34000AA48130C442A20F429689A64241A352444
:10B350001A744829381A4448325532059A5A241A20
:10B3600036245A2C241A46240A1141242A37B45967
:10B37000241A48240A114C241A38245A90245A4A70
:10B380006CDA14241A39245A48245A4C6CE9241AC9
:10B390003A245AC0245A506CE9241A3B243680A817
:10B3A0000308041AC52481293469241A3C244588D9
:10B3B000A603081390042A20B02920290869241A1A
:10B3C0003E244BE0A7249AF3489A06241A4D244BB6
:10B3D00020A46C0A15F16C1A4E241A2C24410B146B
:10B3E0005A44241A4F241A74B4411A5C24291C2983
:08B3F000049AF724014000005B
:020000040803EF
:0CFFC0005555555555557D0000110000A9
:040000050802018567
:00000001FF
