:020000040802F0
:10000000985E002081020208F9230208E922020812
:10001000DD230208850E0208D52F0208000000002B
:10002000000000000000000000000000FD270208A2
:10003000051C020800000000A92402085528020837
:100040009B0202089B0202089B0202089B02020814
:100050009B0202089B0202089B0202089B02020804
:100060009B0202089B0202089B0202089B020208F4
:100070009B0202089B0202089B0202089B020208E4
:100080009B0202089B0202089B0202081110020850
:10009000A10E02089B020208010F02089B0202083F
:1000A0009B0202089B0202089B0202089B020208B4
:1000B0009B0202089B0202089B0202089B020208A4
:1000C0009B0202089B0202089B0202089B02020894
:1000D0009B0202089B0202089B020208392D0208BB
:1000E0001D1C02089B0202089B0202089B020208D8
:1000F0009B0202089B0202089B0202089B02020864
:100100009B0202089B0202089B0202089B02020853
:100110009B0202089B0202089B0202089B02020843
:10012000551902089B0202089B0202089B02020862
:100130009B0202080000000000000000B511020848
:100140009B02020845100208A51002089B02020843
:100150009B0202089B0202089B0202089B02020803
:100160009B0202089B0202089B0202089B020208F3
:100170009B0202089B020208000000000000000031
:100180009B02020800F002F800F06AF80AA090E86A
:10019000000C82448344AAF10107DA4501D100F042
:1001A0005FF8AFF2090EBAE80F0013F0010F18BFA5
:1001B000FB1A43F001031847DCAA0100FCAA010066
:1001C0000A444FF0000C10F8013B13F0070408BF7D
:1001D00010F8014B1D1108BF10F8015B641E05D01B
:1001E00010F8016B641E01F8016BF9D113F0080FD0
:1001F0001EBF10F8014BAD1C0C1B09D16D1E58BF62
:1002000001F801CBFAD505E014F8016B01F8016B98
:100210006D1EF9D59142D6D370470000002300240B
:1002200000250026103A28BF78C1FBD8520728BF06
:1002300030C148BF0B607047642900F0BF8075294A
:1002400000F0BC80782900F0F580732900F063830A
:10025000002070471FB500F0BBFA1FBD10B510BDE0
:1002600000F05DFB1146FFF7F5FF16F05BFB00F0B9
:100270007BFB03B4FFF7F2FF03BC00F083FB00003D
:100280000948804709480047FEE7FEE7FEE7FEE72A
:10029000FEE7FEE7FEE7FEE7FEE7FEE70448054966
:1002A000054A064B704700005529020885010208DF
:1002B000984C0020985E0020984E0020984E002018
:1002C0000FB41CB5074B06AA7B44694600900598FD
:1002D00000F0EFFA0020694600F0FEFA1CBC5DF861
:1002E00014FB00000D0600000FB41CB50C0007AA9B
:1002F000009001D02044401E074B7B44694601908A
:10030000069800F0D6FA002C03D06946002000F0D1
:10031000E3FA1CBC5DF814FBE505000070B504466B
:1003200085690068C10601D5302600E02026C00797
:1003300007D070BDD4E9012130469047206A401CA7
:1003400020626D1EF6D570BD70B5044685690078D3
:10035000C00707D170BDD4E9012120209047206A51
:10036000401C20626D1EF6D570BD70B50C4605466A
:10037000012A05D02878800600D5EA69002302E02A
:10038000012305E05B1C934202D2E05C0028F9D116
:10039000A869E618C01AA861286A18442862284685
:1003A000FFF7BCFF04E0D5E9012114F8010B9047E9
:1003B000B442F8D32846FFF7C7FF70BD2DE9F041DE
:1003C0000646002410687529314616A510D0AFF3F3
:1003D0000080002802DA404213A507E031688A074E
:1003E00001D512A502E0490704D511A5012401E0B9
:1003F000AFF3008000210A2206F1240709E0B0FBD8
:10040000F2FCB0FBF2F302FB1C00303078541846CB
:10041000491C0028F3D123462A463046BDE8F04166
:1004200000F0E8B9000000002D0000002B000000E3
:100430002000000070B504460D4621461068AFF359
:1004400000802188090502D50F4A7A4402E00E4A4D
:100450007A440E32002104F1240305E000F00F0677
:100460000009965D5E54491C0028F7D120780023CE
:10047000000704D5702D02D009B1022311322046A5
:10048000BDE8704000F0B6B9788101002DE9F05F59
:10049000894604464FF0000ADFF824B1FB44C0F857
:1004A00020A02046E168884700287DD0252806D076
:1004B000D4E901219047206A401C2062F1E7002521
:1004C0005F462046E16888472028064607DB312E34
:1004D00005D2B81910F8200C08B10543F1E7A807B8
:1004E00001D525F00405C4F81CA00027C4F818A005
:1004F0002A2E09D0304615F04DFD38B304EB87089D
:10050000303EC8F8186019E059F8041B204604EB87
:1005100087029161E1688847012F064618D1E0699A
:10052000002820DA25F020051DE0D8F8180000EB9F
:10053000800006EB40003038C8F818002046E1681B
:100540008847064615F026FD0028EED1012F0AD077
:100550002E2E08D12046E16888477F1C0646022FD0
:1005600045F02005C4DBA069002803DA404245F0CD
:100570000105A061E80701D025F01005A6B1A6F19C
:100580004100192802D8203645F400654A46314614
:10059000204625604D46FFF74FFE60B1012807D089
:1005A000ED1D25F0070000E007E000F1080978E7FD
:1005B00005F1040975E730467AE7206ABDE8F09F47
:1005C0004E81010010B5431C02E010F8011B71B10F
:1005D0008107FAD14FF0013202C88C1A8C4314EA19
:1005E000C211F9D0C01A0A0603D0C01E10BDC01A2D
:1005F00010BD0A0401D0801E10BD0902FCD0401EAF
:1006000010BD421E12F8013F002BFBD111F8013B37
:10061000002B02F8013BF9D17047032A40F23080E9
:1006200010F0030C00F0158011F8013BBCF1020F33
:10063000624498BF11F801CB00F8013B38BF11F8B4
:10064000013BA2F1040298BF00F801CB38BF00F8CB
:10065000013B11F0030300F02980083AC0F0088044
:1006600051F8043B083A51F804CBA0E80810F5E72C
:10067000121D5CBF51F8043B40F8043BAFF300800F
:10068000D20724BF11F8013B11F801CB48BF11F884
:10069000012B24BF00F8013B00F801CB48BF00F854
:1006A000012B704701B5FFF7B8FF01BD10B5203A27
:1006B000C0F00B80B1E81850203AA0E81850B1E81B
:1006C0001850A0E81850BFF4F5AF5FEA027C24BFD1
:1006D000B1E81850A0E8185044BF18C918C0BDE8C8
:1006E00010405FEA827C24BF51F8043B40F8043B91
:1006F00008BF7047D20728BF31F8023B48BF11F846
:10070000012B28BF20F8023B48BF00F8012B70479F
:1007100001F0FF03114601B543EA032242EA024217
:1007200000F00BF801BD02F0FF0343EA032242EAA6
:10073000024200F002B84FF000020429C0F012801B
:1007400010F0030C00F01B80CCF1040CBCF1020F84
:1007500018BF00F8012BA8BF20F8022BA1EB0C0159
:1007600000F00DB85FEAC17C24BF00F8012B00F84F
:10077000012B48BF00F8012B70474FF0000200B575
:10078000134694469646203922BFA0E80C50A0E8B4
:100790000C50B1F12001BFF4F7AF090728BFA0E862
:1007A0000C5048BF0CC05DF804EB890028BF40F82E
:1007B000042B08BF704748BF20F8022B11F0804F70
:1007C00018BF00F8012B7047704770477047000052
:1007D00070B5064C7C44064D7D4403E020682044FF
:1007E0008047241DAC42F9D170BD0000DCA401009B
:1007F00034A501002DE9F0470D469946924604467E
:1008000000F124080168880604D5E06921F0100190
:10081000216000E00120A84201DD471B00E0002725
:10082000A1697A1902EB0900081AA0612078C006B4
:1008300002D42046FFF772FD002608E0D4E901212A
:100840001AF806009047206A401C761C20624E452C
:10085000F4DB2078C0060AD52046FFF75FFD06E0EE
:10086000D4E9012130209047206A401C2062381EC4
:10087000A7F10107F4DC07E0D4E9012118F805002D
:100880009047206A401C2062281EA5F10105F3DC78
:100890002046FFF759FD2078000602D50220BDE86A
:1008A000F0870120FBE7000001694A1C026108781B
:1008B000704700B58FB0CDE90131002105910549A0
:1008C0007944CDE9031011466846FFF7DFFD0FB00C
:1008D00000BD0000E5FFFFFF0A6802F8010B0A6097
:1008E0007047D1E900239A4202D2531C0B6010706A
:1008F000704710B5436913B1AFF3008001E0FFF713
:1009000034FD012010BD127800F124010A7000228C
:100910004A700122EDE711684FF0FF32E9E77546B2
:1009200000F02CF8AE4605006946534620F007005B
:10093000854618B020B5FFF7B1FCBDE820404FF068
:1009400000064FF000074FF000084FF0000B21F0B9
:100950000701AC46ACE8C009ACE8C009ACE8C00986
:10096000ACE8C0098D46704710B50446AFF300806F
:100970002046BDE81040FFF77CBC000000487047EF
:10098000344C002001491820ABBEFEE726000200CF
:10099000704721B1826842F00102826003E0826800
:1009A00022F00102826070470021084A1168084A5B
:1009B0001140D0E900231A4383681A43C3681A43DD
:1009C0001143044AC2F80413704700000423014095
:1009D000E030FCFF002001400021016041608160A7
:1009E000C160704721B1826842F48072826003E086
:1009F000826822F480728260704721B1826842F47A
:100A00000072826003E0826822F4007282607047A4
:100A100030B50246002000235068104C20400D796C
:100A20000C6844EA05242043506090680C4C204038
:100A3000D1E903542C438D682C434D7944EA450495
:100A400020439060D06A20F470000C7D641EE4B2F4
:100A5000234340EA0350D06230BD0000FFFEFFFC9C
:100A6000FDF7FFC0F0B504460D4600200021092D1A
:100A700011DDE068A5F10A0606EB4607072606FA2F
:100A800007F18843A5F10A0606EB460603FA06F1CC
:100A90000843E0600CE0206905EB4507072606FAED
:100AA00007F1884305EB450603FA06F10843206188
:100AB000072A0FDA606B561E06EB86071F2606FA1A
:100AC00007F18843561E06EB860605FA06F1084331
:100AD000606322E00D2A0FDA206BD61F06EB860733
:100AE0001F2606FA07F18843D61F06EB860605FA8D
:100AF00006F10843206310E0E06AA2F10D0606EB60
:100B000086071F2606FA07F18843A2F10D0606EBB9
:100B1000860605FA06F10843E062F0BD816841F0FF
:100B200080418160704700210160017141718160E5
:100B3000C1600161012101757047000038B10849A9
:100B4000096841F40001074AC2F8041306E00449A9
:100B5000096821F40001034AC2F804137047000039
:100B6000042301400020014038B10849096841F4DC
:100B70008001074AC2F8041306E00449096821F419
:100B80008001034AC2F804137047000004230140A7
:100B90000020014010B592B026A2D2E901311068C0
:100BA000D268CDE90F3111920E9026A3D3E900202F
:100BB000D3E902130BAC0BC40A9226A30FCB06ACED
:100BC0000FC42848072301220EA90090022015F027
:100BD0009FFB044604B12BE023480121102200238F
:100BE000CDE90232CDE90023CDE9041014230AAA8D
:100BF00002211C48008815F01BFB044604B117E0D5
:100C00001A4801211022CDE90212CDE9041000207A
:100C10000C21142306AACDE90010022111480088F6
:100C200015F006FB044604B102E0002012B010BD2E
:100C30004720FBE7669A0C200008969EE2119EB1C1
:100C4000E0F273D9669A0C200008969EE2119EB1DC
:100C5000E1F273D9669A0C200008969EE2119EB1CB
:100C6000E2F273D9A8170020AA170020AC170020C1
:100C700070B504460E4615460A480088401C84425A
:100C800004D13146284615F06FFF0AE00648008877
:100C9000801C844205D12878012802D1034981F8BB
:100CA000EE0070BDAC170020AA1700209847002066
:100CB00010B5064AB2F80C11D2F8040101F0A5F9FA
:100CC000012800D110BD0020FCE70000984700205B
:100CD00010B50B4AB2F80811D2F8FC0001F09EF9E9
:100CE000052108480EF092F9054AB2F80811D2F829
:100CF000FC0001F095F9052102480EF087F910BDBE
:100D000098470020C01B0020F0B587B007460E466C
:100D10000025FF20069023A103C9CDE90301234A42
:100D2000B2F80A11D2F8000101F078F90F2005237A
:100D300001AA03A900901E4802F05AFF9DF8040082
:100D400002281BD19DF807009DF8081040EA0124F5
:100D5000002C13DDB44200DD344600250CE00F20EA
:100D6000012305AA06A90090114802F041FF9DF851
:100D700014007855681CC5B2A542F0DB0B4AB2F8E6
:100D80000A11D2F8000101F04BF90020009003E0B5
:100D900000BF0098401C009000980228F8DB28460D
:100DA00007B0F0BD0B0000000000000098470020D5
:100DB000144900202DE9F043C5B006468846144684
:100DC0001D464FF00009002728A103C94491439014
:100DD00028A103C94291419002F00AFD1FB102F01F
:100DE000CBFE02F0F7F9254AB2F80A11D2F8000159
:100DF00001F014F90F20052341AA43A900902048CF
:100E000002F0F6FE0FB102F0D3FD9DF804010228B6
:100E10001CD19DF805016119884214DB002C07DD07
:100E20000F20234601AA31460090154802F0E0FE4B
:100E3000002D0DDD0F202B4601AA414600901048E1
:100E400002F0D6FE04E06FF0010901E04FF0FF3937
:100E50000A4AB2F80A11D2F8000101F0E1F802F0F2
:100E600055FC484645B0BDE8F08300000A0000008C
:100E700000000000AA0000000000000098470020C9
:100E80001449002005480068D0F86002401C03495E
:100E90000968C1F8600200BFFEE700008804002076
:100EA00010B51D2113480EF075F80221124800F00C
:100EB000ABFA60B1114A00210F4800F01FFC0F4847
:100EC00020380DF094FE02210B4800F0A9F9102102
:100ED000094800F099FA60B1084A0121064800F07B
:100EE0000DFC064820380DF082FE1021024800F06B
:100EF00097F910BDC01B002000640040002E0020A8
:100F000010B51F213D480EF045F84FF400413C4814
:100F100000F07AFA012851D1C103394800F080F974
:100F20004FF48071364800F06FFA01280AD10102AF
:100F3000334800F075F93348B0F89409401C314942
:100F4000A1F894094FF400712D4800F05DFA0128D2
:100F50000BD141022A4800F063F92A48B0F89609FB
:100F6000401C81B22748A0F896194FF480612448AC
:100F700000F04AFA01280BD18102214800F050F913
:100F80002048B0F89809401C81B21E48A0F8981972
:100F90004FF400611A4800F037FA01282DD1C10240
:100FA000174800F03DF9164800F0BEFA1549A1F8BF
:100FB0009A091549124800F017F91EE04FF48031E4
:100FC0000F4800F021FA012807D101040C4800F075
:100FD00027F90E490A4800F007F94FF40031084894
:100FE00000F012FA012808D14104054800F018F970
:100FF00006490A31024800F0F7F810BDC01B002076
:1010000000640040E02D00207000F0300800003146
:1010100010B51C2108480DF0BDFF0121074800F064
:10102000F3F9012806D10121044800F0F9F8012064
:101030000349087210BD0000C01B0020006400407E
:10104000E02D002010B5482113480DF0A3FF022128
:10105000124800F0D9F960B1114A00210F4800F0A0
:101060004DFB0F481C380EF087F902210B4800F0A9
:10107000D7F81021094800F0C7F960B1084A0121EA
:10108000064800F03BFB06481C380EF075F91021AD
:10109000024800F0C5F810BDC01B002000680040E9
:1010A0005424002010B549213D480DF073FF4FF442
:1010B00000413C4800F0A8F9012851D1C10339484A
:1010C00000F0AEF84FF48071364800F09DF9012829
:1010D0000AD10102334800F0A3F83348B0F8900970
:1010E000401C3149A1F890094FF400712D4800F0DF
:1010F0008BF901280BD141022A4800F091F82A48C7
:10110000B0F89209401C81B22748A0F892194FF418
:101110008061244800F078F901280BD18102214830
:1011200000F07EF82048B0F89409401C81B21E48B7
:10113000A0F894194FF400611A4800F065F90128ED
:101140002DD1C102174800F06BF8164800F0ECF9F9
:101150001549A1F896091549124800F045F81EE016
:101160004FF480310F4800F04FF9012807D10104F6
:101170000C4800F055F80E490A4800F035F84FF4D5
:101180000031084800F040F9012808D14104054821
:1011900000F046F806490A31024800F025F810BD73
:1011A000C01B002000680040382400207000F03090
:1011B0000800003110B5462108480DF0EBFE012172
:1011C000074800F021F9012806D10121044800F068
:1011D00027F801200349487110BD0000C01B002002
:1011E000006800403824002000220C4B994202D1B4
:1011F0000023836111E0C1F3130201F000730BB10E
:10120000C2600AE001F080630BB1026105E001F009
:1012100000630BB1826000E0426070477000F03004
:10122000B1F5007F3AD00FDC202928D006DC012957
:101230001CD004291DD0082940D11DE0402921D00F
:10124000B1F5807F3AD126E0B1F5004F31D006DC10
:10125000B1F5806F25D0B1F5006F2FD124E0B1F545
:10126000803F12D0B1F5003F28D111E0154A8260CD
:1012700025E00822C26022E01022C2601FE008229E
:1012800002611CE01022026119E00822426016E0AF
:101290001022426013E00422426010E00422426007
:1012A0000DE0042242600AE00022826104224260D2
:1012B00005E0002282610422426000E000BF00BF1E
:1012C000704700000101010010B504460B4884423C
:1012D00009D10121480601F013F900214FF00070F7
:1012E00001F00EF908E00121880601F009F900215A
:1012F0004FF0806001F004F910BD00000064004070
:1013000010B50021837A012202FA03F13D4A1268E6
:1013100042F001023B4B1A603A4A1C3212688A437F
:10132000384B1C331A60027BCAB9364A0C32126839
:101330008A43344B0C331A604288C38842EA034321
:10134000304A4032847A42F834300288838842EA54
:1013500003432C4A4032847A02EBC4025360027B7E
:10136000012A19D1274A0C3212680A43254B0C3343
:101370001A604288038842EA0343224A4032847A50
:1013800042F83430C288838842EA03431D4A40321F
:10139000847A02EBC4025360C27A3AB9194A121D28
:1013A00012688A43174B1B1D1A6006E0154A121D6E
:1013B00012680A43134B1B1D1A60028932B9114A85
:1013C000143212688A430F4B14331A600289012ABF
:1013D00006D10C4A143212680A430A4B14331A60BD
:1013E000427B012A06D1074A1C3212680A43054B88
:1013F0001C331A60034A126822F00102014B1A6082
:1014000010BD00000066004070B504460D46002681
:1014100060692840002871D0B5F5807F5CD010DC71
:10142000082D35D006DC012D20D0022D24D0042D2E
:1014300072D127E0102D31D0202D35D0402D6BD129
:1014400038E0B5F5004F60D009DCB5F5007F49D034
:10145000B5F5806F4CD0B5F5006F5DD14FE0B5F5B7
:10146000803F2DD0B5F5003F56D12FE0A0682D4923
:1014700002F004F9064651E0E068032102F0FEF8AC
:1014800006464BE0E068082102F0F8F8064645E021
:10149000E068102102F0F2F806463FE020690321DF
:1014A00002F0ECF8064639E02069082102F0E6F87F
:1014B000064633E02069102102F0E0F806462DE0F0
:1014C0006068082102F0DAF8064627E0606810211B
:1014D00002F0D4F8064621E0A069012102F0CEF81E
:1014E00006461BE0A069022102F0C8F8064615E096
:1014F000A069042102F0C2F806460FE00FE0A069DF
:10150000702102F0BBF8064608E06068042102F092
:10151000B5F8064602E0FFE7002600BF00E000261F
:10152000304670BD01010100014600208A6902F0C9
:10153000700070471AB143690B43436102E043698D
:101540008B434361704730B5024600200023146886
:1015500024F002041460146844F00104146000E0F4
:101560005B1C546804F001041CB94FF6FF74A342DD
:10157000F6D1546804F001040CB900206CE08C79B9
:10158000012C04D1146844F08004146003E0146852
:1015900024F080041460CC79012C04D1146844F048
:1015A0004004146003E0146824F0400414600C7AD2
:1015B000012C04D1146844F02004146003E0146882
:1015C00024F0200414604C7A012C04D1146844F0F7
:1015D0001004146003E0146824F0100414608C7A82
:1015E000012C04D1146844F00804146003E014686A
:1015F00024F008041460CC7A012C04D1146844F05F
:101600000404146003E0146824F0040414608C786B
:10161000A407CD7844EA05640D7944EA05444D7980
:1016200044EA05540D886D1E2C43D461146824F0DF
:1016300001041460002300E05B1C546804F0010402
:101640001CB14FF6FF74A342F6D1546804F00104B4
:101650000CB1002000E0012030BD10B502460B4661
:1016600000204FF6FF71BBB9146824F0020444F067
:101670000104146000E0491E546804F00304012CC6
:1016800001D00029F7D1546804F00304012C01D0E3
:10169000002032E0012030E0012B13D1146824F047
:1016A0000304146000E0491E546804F003040CB104
:1016B0000029F8D1546804F003040CB100201CE0A8
:1016C00001201AE0022B17D1146824F0010444F021
:1016D0000204146000E0491E546804F00304022C64
:1016E00001D00029F7D1546804F00304022C01D082
:1016F000002002E0012000E0002010BD10B500F540
:10170000D87303EB01131B6803F004031372137AFD
:1017100053B900F5D87303EB01131B6840F2FF7453
:1017200004EA5353136009E000F5D87303EB011387
:101730001B686FF0604404EAD303536000F5D8736C
:1017400003EB01131B6803F00203537200F5D87317
:1017500003EB01135B6803F00F03937200F5D8737A
:1017600003EB01135B681B0AD37400F5D87303EB1A
:1017700001139B68D37200F5D87303EB01139B68C8
:101780001C0A147300F5D87303EB01139B681C0C3F
:10179000547300F5D87303EB01139B681B0E93730E
:1017A00000F5D87303EB0113DB68D37300F5D8732E
:1017B00003EB0113DB681C0A147400F5D87303EB08
:1017C0000113DB681C0C547400F5D87303EB011390
:1017D000DB681B0E937421B9C36843F02003C36018
:1017E00003E0036943F02003036110BD0021817110
:1017F000C171017241728172C1728170C170032125
:1018000001710221417101210180704710B502462A
:101810000020936803F08063B3F1806F00D110E083
:10182000936803F00063B3F1006F01D1012008E079
:10183000936803F08053B3F1805F01D1022000E090
:101840000420042874D002F5C07303EB00131B6856
:1018500003F0010402F5C07303EB00131C600B7A64
:101860007BB94B7A0C8843EA445302F5C07404EB0D
:1018700000142468234302F5C07404EB00142360B1
:1018800010E00B7A4C6843EAC4034C7A234302F518
:10189000C07404EB00142468234302F5C07404EB05
:1018A000001423608B7A03F00F038B7202F5C07370
:1018B00003EB00135B6823F00F0402F5C07303EB26
:1018C00000135C6002F5C07303EB00135B688C7A55
:1018D000234302F5C07404EB001463608B7B1C0689
:1018E0004B7B44EA03440B7B44EA0323CC7A234337
:1018F00002F5C07404EB0014A3608B7C1C064B7CC7
:1019000044EA03440B7C44EA0323CC7B234302F5E3
:10191000C07404EB0014E36002F5C07303EB001322
:101920001B6843F0010402F5C07303EB00131C6055
:1019300010BD000029B1064A92680243044B9A6028
:1019400004E0034A92688243014B9A6070470000AA
:10195000002004E010B5412106480DF01BFB0649AC
:10196000064800F0DFF818B10349044800F008F811
:1019700010BD0000C01B0020208000101064024039
:101980000246094B9A4201D2084801E00648103845
:1019900001F000531BB1064B0B40C36002E0044B47
:1019A0000B408360704700001064024000600240FA
:1019B0007D0F7D0F21B1026842F00102026003E059
:1019C000026822F00102026070470000016821F005
:1019D000010101600021016041608160C16001611D
:1019E000212141614A49884204D13D21484A103AA7
:1019F00091608CE046491831884205D14FF47461FA
:101A0000434A103A916082E041493031884205D121
:101A10004FF474113E4A103A916078E03C494831E5
:101A2000884205D14FF07461394A103A91606EE0F6
:101A300037496031884204D13649354A103AD1607D
:101A400065E033497831884204D13349304A103A4D
:101A5000D1605CE02E499031884204D12F492C4A54
:101A6000103AD16053E02A49A831884205D14FF09D
:101A70003D51274A103AD16049E02949884204D1B2
:101A80003D21274A083A116041E025491831884232
:101A900005D14FF47461224A083A116037E02049B9
:101AA0003031884205D14FF474111D4A083A116053
:101AB0002DE01B494831884205D14FF07461184A26
:101AC000083A116023E016496031884204D1114977
:101AD000134A121F11601AE011497831884204D16B
:101AE0000D490F4A121F116011E00D4990318842D3
:101AF00004D10A490A4A121F116008E00849A831B6
:101B0000884204D14FF03D51054A121F11607047C1
:101B1000106002403D000020400F002000003D20EA
:101B20001064024070B50246002000240025124EC9
:101B3000B24201D2114B01E00F4B103B104E0E4050
:101B400036B11E2606EAD124166806EA040502E02C
:101B5000566906F0800501F000560EB15C6800E0A1
:101B60001C68084E344004EA010616B10DB101208C
:101B700000E0002070BD00001064024000600240E0
:101B80003C0F3C0F7D0F7D0F10B500220268134BF8
:101B90001A40CC680B6823434C6923438C69234368
:101BA000CC6923430C6A23434C6A23438C6A234346
:101BB0004C6B23438C6B23431A430260426922F02F
:101BC0000702D1E90B3423431A4342610B69436096
:101BD0004B6883608B68C36010BD00003F801CF0C1
:101BE0000021016041608160C160016141618161EA
:101BF000C161016241628162C162016341638163CB
:101C00007047000004480068D0F86C02401C02498C
:101C10000968C1F86C0270478804002010B53121B2
:101C200003480DF0B7F9034812F037F810BD000073
:101C3000C01B002098470020014908607047000041
:101C4000143C0140014600200022074B1B6803EAB8
:101C50000102054B14331B680B4013B10AB101207C
:101C600000E0002070470000003C014000212349B3
:101C70008279002A3AD00A46126803689A430B46D2
:101C80001A600A1D126803689A430B1D1A600279D4
:101C900011440A6803681A430A60184A0832126835
:101CA00003689A43154B08331A601A1D12680368BB
:101CB0009A43124B0C331A604279102A0ED11A1F24
:101CC000126803681A430D4B08331A601A1D126814
:101CD00003681A43094B0C331A600DE00749427937
:101CE00011440A6803681A430A6005E00279114446
:101CF0000A6803689A430A6070470000003C01408C
:101D00000021016001710C21417100218171704736
:101D100001490860704700000C3C024070B5044661
:101D20000A460026082502B909E0012A01D1160257
:101D300005E0022A01D1160201E04FF4407600F0DE
:101D4000B1F80546082D28D11548006820F44070E8
:101D50001349086008460068304308600846006878
:101D600020F0F80008600846006844F002010843CB
:101D70000B4908600846006840F48030086000F0B5
:101D800091F805460648006820F002000449086002
:101D90000846006820F0F8000860284670BD000082
:101DA000103C024008201049096801F48031B1F567
:101DB000803F01D1012015E00B49096801F01001B5
:101DC00009B105200EE00849096801F0EF0109B1E9
:101DD000062007E00449096801F0020109B1072063
:101DE00000E00820704700000C3C024003480068F7
:101DF00040F000400149086070470000103C02407C
:101E000030B10749096841F48071054A116005E065
:101E10000349096821F48071014A1160704700008C
:101E2000003C024030B502460C46082500F03AF866
:101E30000546082D19D10E48006820F440700C4961
:101E400008600846006840F40070086008460068B2
:101E500040F001000860146000F024F805460448D2
:101E6000006820F0010002490860284630BD0000EB
:101E7000103C0240014A107070470000003C0240D4
:101E80000548006800F0004028B1044802490C39B8
:101E90000860034808607047103C02402301674512
:101EA000AB89EFCD08B508200090FFF77BFF0090CD
:101EB00002E0FFF777FF00909DF800000128F8D0BE
:101EC0009DF8000008BD000002460120054BC3F844
:101ED000E8001846A0F8EC10052000E0401E00289D
:101EE000FCDC70479847002000200949C1F8E80051
:101EF000012081F8E400002081F8EE0081F8EF0075
:101F000081F8F00081F8F10081F8F20070470000DC
:101F10009847002070B504460E46154604480088D0
:101F2000401C844203D13146284614F01DFE70BD8A
:101F3000A4170020F0B50A4600210023002400BFAA
:101F40003DE0012505FA01F3156805EA03049C420A
:101F500034D105684F000326BE40B54305601579AE
:101F60004E00B5400668354305601579012D02D055
:101F70001579022D16D185684F000326BE40B54362
:101F8000856055794E00B540866835438560456863
:101F900001268E40B5434560456896798E40B6B2BD
:101FA00035434560C5684F000326BE40B543C56054
:101FB000D5794E00B540C6683543C560491C102927
:101FC000BFD3F0BDF0B5002300244D07ED0E02FA9B
:101FD00005F3CE1000F1200555F826504E07F70EF8
:101FE0000F26BE40B543CF1000F1200646F827501B
:101FF000CE1000F1200555F8265045EA0304CE1016
:1020000000F1200545F82640F0BD02460020136986
:102010000B400BB1012000E0002070474183704766
:10202000018370474FF6FF7101600021017141711A
:102030008171C171704742694A40426170470AB17B
:10204000018300E0418370472DE9F0410546A84631
:1020500008F1010698F80000042801D0BDE8F081DD
:102060003078052804D03E2805D0FF287AD10FE02B
:10207000FFF73AFF76E0B41C2078012806D1671CF0
:10208000B7F80110781DFFF71FFF00BF00BF69E020
:10209000B41C2088A0F6014030B10E2818D00F28BB
:1020A00040D011285CD11DE0304890F8DB000128B9
:1020B00006D1A71C39797888FA1DFEF7D9FD06E00C
:1020C000A71C397978887A1DFEF7D2FD00BF47E05A
:1020D000A71CBA78921ED1B2B7F803007A1DFFF799
:1020E00019FF3DE0214890F8DC00D0B9A01C1F4941
:1020F00091F8EF1041B11D4991F8F11021B9B0F8F4
:1021000003101B4A11800BE0184991F8F01039B107
:10211000164991F8F21019B9B0F80310154A118058
:1021200000BF1DE0114890F8DC00C0B90F4890F8DE
:10213000EF0040B10D4890F8F10020B901200B49A3
:1021400081F8F1000BE0094890F8F00038B1074839
:1021500090F8F20018B90120044981F8F20000BF9C
:1021600000BF00BF00BF00BF78E700009847002015
:10217000A4170020A617002010B50B4801F035FB6E
:102180000A4801F032FB00240BE0C4EBC40000EB72
:102190008000074A02EB8001034801F0BEFB601C8F
:1021A000C4B2052CF1DB10BDBC170020C417002001
:1021B0007849002038B50020009001F0FDFC2AE0AD
:1021C000184801F07EFA08BB6946164801F0B6FBD4
:1021D000802100980830FEF797FDC4B2002C10DD76
:1021E000009880F88840009800F06CF820B90E48FC
:1021F000009901F092FB0CE00A48009901F07CFB89
:1022000007E00848009901F077FB02E001F0D4FCF8
:1022100038BD01F0D1FCFEF74BFD0028D0D100BF46
:10222000F6E70000BC170020C4170020F8B5002016
:10223000009001F0DDFA1C4801F043FA06462CE05C
:102240006946194801F07AFB01F060FA00980830FD
:10225000FFF7FAFE01F0CCFA1448009901F05DFB9B
:10226000114801F02EFA0646009890F888001728C9
:1022700013DB0098457C002408E00098083004F146
:102280000C01415C0A480155601CC4B2AC42F4DB4D
:102290000749A1F1580011F0E3FC002ED0D0FFF760
:1022A00089FF01F033FAF8BDC4170020BC170020E5
:1022B000F047002010B5024801F003FA10BD0000FD
:1022C000C4170020014601F108021078042801D04B
:1022D00001207047937891F88800C01E834201D096
:1022E0000220F6E70020F4E700BFEFF30880044681
:1022F0001448006814490968C1F8F0001148001F2B
:10230000006811490968C1F8F4000F49606909685B
:10231000C1F8D0000C4800688068401C0A49096870
:10232000886009490968D1F8CC2007490968483113
:1023300001EB82000168491C016001E001F0B4FA80
:10234000FCE700002CED00E0880400204CF6CC40B7
:102350000149086070470000003000404AF6AA209A
:1023600001490860704700000030004001494860A2
:10237000704700000030004001498860704700004D
:102380000030004001490860704700000030004004
:1023900000B58BB00DA30FCBCDE90923CDE9070123
:1023A0000021084614F07DF9002003900490059068
:1023B000069007A80D2100221346CDE900210290C6
:1023C0001146104613F0AEFE0BB000BD0954696D06
:1023D0006265726C696E6520320000000548006815
:1023E000D0F85C02401C03490968C1F85C0200BFD8
:1023F000FEE700008804002006480068D0F8540278
:10240000401C04490968C1F8540201E001F04CFA8B
:10241000FCE700008804002070B5002100230F2293
:10242000C4781CB3174C246804F4E064C4F5E06479
:10243000C4F30721C1F10404E3B20A4144789C408B
:10244000E1B28478144021430C07210E0E4C05782C
:102450006155047804F01F050124AC4005786D1126
:10246000AD0005F1E025C5F8004109E0047804F06D
:102470001F050124AC40054D0678761145F826402D
:1024800070BD00000CED00E000E400E080E100E041
:10249000014908627047000000000E4201490860CF
:1024A00070470000A4000E4204480068D0F8700293
:1024B000401C02490968C1F8700270478804002076
:1024C00029B1064A12680243044B1A6004E0034A29
:1024D00012688243014B1A60704700003038024096
:1024E00029B1064A12680243044B1A6004E0034A09
:1024F00012688243014B1A60704700004038024066
:1025000029B1064A12680243044B1A6004E0034AE8
:1025100012688243014B1A60704700002038024065
:1025200029B1064A12680243044B1A6004E0034AC8
:1025300012688243014B1A60704700004438024021
:102540000E48006840F001000C49086000200B496B
:1025500008310860094800680949084007490860CF
:102560000848091D0860081F006820F48020091F22
:102570000860002001490C310860704700380240B3
:10258000FFFFF6FE10300024F0B5002100220024E9
:10259000022500260223324F3F6807F00C0121B1CB
:1025A000042905D0082937D105E02E4F076036E011
:1025B0002C4F076033E02A4F3F1F3F68C7F3805618
:1025C000274F3F1F3F6807F03F036EB1254FB7FB12
:1025D000F3F7DFF88CC0ACF1040CDCF800C0CCF3EE
:1025E000881C07FB0CF40CE01E4FB7FBF3F7DFF879
:1025F00070C0ACF1040CDCF800C0CCF3881C07FB05
:102600000CF4174F3F1F3F68C7F301477F1C7D0045
:10261000B4FBF5F7076002E0124F076000BF00BF90
:102620000F4F3F6807F0F00109090F4F7A5C076808
:10263000D74047600A4F3F6807F4E051890A0A4FC4
:102640007A5C4768D7408760054F3F6807F4604170
:10265000490B054F7A5C4768D740C760F0BD000062
:10266000083802400024F4001804002010B5014688
:102670000022002300204A11012A02D10A4C2368BB
:1026800008E0022A03D1084C7034236802E0064CAB
:102690007434236801F01F02012494401C400CB1E3
:1026A000012000E0002010BD00380240014600205B
:1026B000034A106820F0F0000843106070470000E3
:1026C000083802400021024A117011460870704714
:1026D000023802400149086070470000800E4742FE
:1026E00001460020034A106820F4E05008431060BF
:1026F000704700000838024001460020034A106875
:1027000020F4604040EAC100106070470838024081
:1027100001490866704700000000474270B5049CFC
:1027200041EA82150126C6EB530645EA06450543F4
:1027300045EA0465014E356070BD00000438024072
:1027400001460020034A106820F00300084310608F
:10275000704700000838024038B50020009000247F
:10276000002500BF3120FFF781FF05460098401C7F
:1027700000900098B0F5A06F01D0002DF2D031206C
:10278000FFF774FF08B1012400E00024204638BDA3
:1027900021B1028842F04002028004E002884FF634
:1027A000BF731A400280704710B50022028802F4FD
:1027B00041520B884C8823438C882343CC88234385
:1027C0000C8923434C8923438C892343CC8923439D
:1027D0001A430280838B4FF2FF74234083830B8A5A
:1027E000038210BD0021018041808180C180018170
:1027F00041818181C18107210182704704480068BD
:10280000D0F86802401C02490968C1F868027047A4
:102810008804002030B500228B071C0F0F2303FA19
:1028200004F20B4B8C1053F824309343084C8D105A
:1028300044F8253023468C1053F824308C07240F9D
:1028400000FA04F42343024C8D1044F8253030BDC7
:102850000838014010B50D484068B0F57A7F11D9AD
:102860000A48007870B901200849087000BFEFF3EA
:1028700008800749086008460068406905490968FA
:10288000C1F8F80001480CF0D9FB10BDC01B0020B6
:10289000000400208804002070B5002000220223DC
:1028A00000240221274D2D6805F00C0020B10428DA
:1028B00006D0082834D107E0234D244E356033E09C
:1028C000214D224E35602FE01E4D2D1F2D68C5F382
:1028D00080541C4D2D1F2D6805F03F0154B11A4D39
:1028E000B5FBF1F5174E361F3668C6F3881605FBA3
:1028F00006F209E0144DB5FBF1F5124E361F3668AD
:10290000C6F3881605FB06F20E4D2D1F2D68C5F384
:1029100001456D1C6B00B2FBF3F50C4E356003E016
:10292000094D0A4E356000BF00BF064D2D68C5F346
:102930000315074E705D054D2D68C540034E35608B
:1029400070BD0000083802400024F4000404002098
:102950000804002010B51248006840F0010010493A
:10296000086000200E49083108600D4800680D49D4
:1029700008400B4908600C48091D0860081F0068E2
:1029800020F48020091F0860002005490C310860F0
:1029900000F042FC4FF000600449086010BD0000E8
:1029A00000380240FFFFF6FE1030002408ED00E082
:1029B00021B1828842F00102828004E082884FF6D1
:1029C000FE731A4082807047CA430282704721B169
:1029D000028842F00102028004E002884FF6FE7392
:1029E0001A400280704731B1B0F8442042F40042EE
:1029F000A0F8442005E0B0F84420C2F30E02A0F88D
:102A0000442070471AB183890B43838102E0838994
:102A10008B4383817047000070B50024002200239F
:102A2000058C4FF6FE7635400584028C8388048B36
:102A30004FF68F752C40B51E2C400D882C43751E0B
:102A40002A408D892A434D882A43104DA84202D03E
:102A50000F4DA84213D14FF6F7752A40CD892A436E
:102A60004FF6FB752A408D882A434FF6FF652B40B1
:102A70004FF6FF552B400D8A2B434D8A2B43838005
:102A800004838D684563028470BD0000000001402E
:102A90000004014070B5002400220023058C4FF68D
:102AA000EF7635400584028C8388048B48F6FF75E9
:102AB0002C404FF6FF452C400D884FF6FF7606EA76
:102AC00005252C434FF6DF752A408D8906EA05154A
:102AD0002A434D8806EA05152A43154DA84202D01F
:102AE000144DA8421DD14FF67F752A40CD894FF66F
:102AF000FF7606EA05152A434FF6BF752A408D88F2
:102B000006EA05152A434FF6FF352B404FF2FF75B5
:102B10002B400D8A06EA85052B434D8A06EA85057A
:102B20002B43838004838D688563028470BD00001D
:102B3000000001400004014070B500240022002381
:102B4000058C4FF6FF6635400584028C8388848BA4
:102B50004FF68F752C404FF6FC752C400D882C439A
:102B60004FF6FF552A408D894FF6FF7606EA052578
:102B70002A434D8806EA05252A43154DA84202D06E
:102B8000144DA8421DD14FF2FF752A40CD894FF652
:102B9000FF7606EA05252A434FF6FF352A408D8841
:102BA00006EA05252A434EF6FF752B404DF6FF75C4
:102BB0002B400D8A06EA05152B434D8A06EA0515BA
:102BC0002B43838084838D68C563028470BD0000BD
:102BD000000001400004014070B5002200230024E1
:102BE000058C4EF6FF7635400584038C8488828BF5
:102BF00048F6FF752A404FF6FF452A400D884FF6EC
:102C0000FF7606EA05252A434DF6FF752B408D8990
:102C100006EA05352B434D8806EA05352B430A4D58
:102C2000A84202D0094DA84208D14BF6FF752C40AE
:102C30000D8A4FF6FF7606EA85152C438480828341
:102C40008D680564038470BD0000014000040140EC
:102C5000002101804180818081608181C181018268
:102C60004182704700220288184B98420ED0184BC0
:102C700098420BD0B0F1804F08D0164B984205D047
:102C8000154B984202D0154B984204D14FF68F73E2
:102C90001A404B881A43124B984207D0114B984266
:102CA00004D04FF6FF431A400B891A4302804B6849
:102CB000C3620B880385054B984202D0044B9842AF
:102CC00001D18B7A03860123838270470000014083
:102CD000000401400004004000080040000C0040D7
:102CE00000100040001400404FF0FF31416000210F
:102CF00001800181418081727047000070B50446F7
:102D000006480CF097F92168401A451C6068A842F3
:102D100001D2012070BD0020FCE70000C01B002094
:102D200070B504460D46656002480CF083F92060DA
:102D300070BD0000C01B00201FB530212C480CF0D6
:102D400029F940F225512B4800F075F888B140F27E
:102D50002551284800F054F8264800F025F9C4B25F
:102D60002146254803F058FF2146244811F03DFC38
:102D700000BF40F224411F4800F05DF850B11D48EB
:102D8000008800901B48001D008800901B4812F02E
:102D90007DF900BF40F22661164800F04CF870B192
:102DA00040F22661134800F02BF81448007818B15F
:102DB000124811F0F9F902E00F4803F083FE40F2E7
:102DC00027710C4800F037F828B1002240F2277133
:102DD000084800F05AF80748001D0088039005488D
:102DE00000880290DDE90201084401901FBD000047
:102DF000C01B0020004800409C38002058440020A0
:102E000010B50022002340F66A14A14200D100BF91
:102E10000A1201249440A3B2DC43048010BD21B106
:102E2000828942F40052828104E082894DF6FF7368
:102E30001A408281704770B50246002400230025A5
:102E4000002040F66A16B14200D100BFC1F342151E
:102E500001F01F03012606FA03F3012D02D1968922
:102E6000334006E0022D02D1168A334001E0968AF3
:102E700033400C12012606FA04F41688344013B1CC
:102E80000CB1012000E0002070BDF0B50346002425
:102E900000260025002040F66A17B94200D100BF85
:102EA0001846C1F3421401F01F06012707FA06F580
:102EB000012C01D10C3004E0022C01D1103000E0D3
:102EC00014301AB107682F43076002E00768AF4368
:102ED0000760F0BD2DE9FF4705460E460024A146D8
:102EE00000BFA046B08900B100BF2C8A24F4405432
:102EF000F08804432C82AC8941F20C608443B08892
:102F000031890843718908430443AC81AC8A24F4B5
:102F10004074B0890443AC826846FFF735FB204813
:102F2000854202D01F48854202D1DDF80C9001E0B5
:102F3000DDF80890A88900F4004040B109EBC90011
:102F400000EB091031684900B0FBF1F707E009EB2D
:102F5000C90000EB091031688900B0FBF1F764206B
:102F6000B7FBF0F004012009642101FB1078A88967
:102F700000F4004040B1322000EBC800B0FBF1F09B
:102F800000F00700044308E0322000EB0810642141
:102F9000B0FBF1F000F00F0004432C81BDE8FF8787
:102FA000001001400014014001468888C0F3080069
:102FB0007047C1F30802828070474FF416510160D8
:102FC00000218180C18001810C214181002181810A
:102FD0007047000005480068D0F86402401C0349AF
:102FE0000968C1F8640200BFFEE700008804002001
:102FF00000F07F01014A116070470000002C004082
:1030000010B51E48006840F080501C4908601B48FD
:103010001038006840F480201849103908600120F9
:10302000FFF736FA0120FFF739FA00BF144840686D
:1030300000F008000028F9D012480068D0F80C050C
:1030400010490968C1F810050E480068D0F8C8009A
:103050000C490968C1F8CC000A480068D0F814058A
:1030600008490968C1F81C0506480068D0F8180529
:1030700004490968C1F8200510BD0000403802402D
:10308000007000408804002010B54A4800680068BD
:103090004949884203D000204649096848604748AA
:1030A000407820B1464843490968486103E0002060
:1030B0004049096848614148007820B140483D498D
:1030C0000968086103E000203A49096808613B4843
:1030D000407810B93948407830B13848D0F8A40069
:1030E00034490968086403E000203249096808642B
:1030F0003448407820B132482E490968886103E09D
:1031000000202C49096888612F48407850B12C482C
:1031100028490968C8612948D0F8A80025490968E4
:10312000486406E000202349096848642149096889
:10313000C86100202DE02549095C01290ED1244AEF
:103140001C490968203141F8202020490A390A5CCD
:1031500018490968343121F8102019E01B49095C2D
:1031600002290FD11A4A521C12490968203141F82C
:10317000202016490A390A5C0E490968343121F8C1
:10318000102005E000220B490968203141F8202079
:10319000401C0528CFDB0848064909680860054837
:1031A0000068406802B241F2FC01044809F0BCFA30
:1031B00010BD000088040020EFBEADDE604300209B
:1031C000EAEBFFC0D41E0020E21E0020581D0020A4
:1031D000E1FFC00008B50020009003E000BF0098A8
:1031E000401C00900098B0F5D27FF7DB08BD70B5A9
:1031F00004460D461646324629462046FDF752FA49
:1032000070BD70B504460D46164632462946204626
:10321000FDF77EFA70BD00000CB500200190009013
:103220002D48006840F480302B49086000BF2A48D0
:10323000006800F4003000900198401C0190009854
:1032400018B90198B0F5A06FF1D12348006800F4D7
:10325000003010B10120009001E0002000900098A3
:10326000012838D11C48083000681B490831086023
:103270000846006840F4004008600846006840F4D2
:10328000A05008601548091F0860081F006840F03A
:103290008070091F086000BF0F48006800F00070D0
:1032A0000028F9D040F207700D4908600A4808303C
:1032B000006820F0030008490831086008460068EB
:1032C00040F00200086000BF03480830006800F0CA
:1032D0000C000828F8D10CBD003802401030410520
:1032E000003C024010B55A480BF0A4FE5949096849
:1032F000401A642807D95848007820B154480BF088
:1033000099FE54490860554890F89F0210B15348FF
:103310000CF004FA46205249A1F84800514848638D
:1033200051494F4881635149C16351490164514931
:10333000416408464A49C1F8EC004B494848C0F886
:10334000F0104A49C0F8F4104949C0F8F81049494A
:10335000C0F8FC104349C0F80011C0F80411C0F8CF
:103360000811C0F80C11C0F810114249C0F814112E
:1033700041483B490865052081F8E6003F4840493F
:10338000086140493E4841614FF0834181613E49B7
:10339000C16101203A4908702C213C4881612D21EE
:1033A00041616421C16101210172417280F84810BC
:1033B000374901613749C1601721C171002141714D
:1033C000172180F82E10002180F82F10032180F89B
:1033D000301080F831105A21C0F83811C0F834117B
:1033E0000021C0F83C11032180F82811372180F812
:1033F0002911012180F868112749C0F830112749A7
:10340000C0F82C112B2180F82711012180F82511FB
:103410000021C0F8C811C0F8C411C0F8CC110121B6
:1034200080F8B811002180F8B911012180F8F81155
:103430001B49C0F8C0111B49C0F8BC11062180F817
:10344000B711002180F8B5110D2180F8BA1110BD17
:10345000C01B00204C040020AC480020EC200020C1
:10346000101C00200000A0410000B0410000B84145
:103470000000C0410000C841000020C100004041E0
:10348000A42300200000604100009041F01E0020B5
:10349000A470CA4233335341A470B8420000704153
:1034A000A470DE42000020412DE9F04188B00446BE
:1034B0000D4640F6FF774FF47848E6028DF80A5043
:1034C00000208DF80B0001208DF80C004FF6FF70E6
:1034D00000EA1640ADF80000B0B2ADF80200ADF859
:1034E0000470ADF806800120ADF808008DF80D00DD
:1034F0006846FDF705FF04A8FDF702FF08B0BDE828
:10350000F081000010B504460B480BF093FD0B4909
:103510000968401A0A490B4A127841F82200094802
:10352000047009480068C0F8CC4003480BF082FDE5
:103530000249086010BD0000C01B002040040020AC
:10354000D01B002044040020880400202DE9F04115
:1035500005460B461646294600226CE0087880286E
:1035600006DA0F781046541CA2B21F54491C62E0C0
:10357000087800F0E000C0283CD1487800F0C00096
:10358000802837D10C7848783F27D02C03D1812868
:1035900001D1A82725E0D02C08D1902806DBAF2840
:1035A00004DC00F1300C0CF0FF071AE0D02C08D13D
:1035B000B02806DBBF2804DC00F1300C0CF0FF075C
:1035C0000FE0D12C08D1802806DB8F2804DC00F125
:1035D000700C0CF0FF0704E0D12C02D1912800D12F
:1035E000B827944602F101081FFA88F203F80C701C
:1035F000891C20E00878E2280CD14878842809D179
:103600008878962806D1B9271046541CA2B21F54B8
:10361000C91C10E03F271046541CA2B21F54087862
:10362000E02801DA022005E00878F02801DA03201A
:1036300000E004200144087810B1701E90428DDC37
:10364000002098541046BDE8F081000010B50948EC
:103650000BF0F0FC08490968401A40F6B83188427E
:1036600006D904480BF0E6FC03490860FFF70CFD9F
:1036700010BD0000C01B00208C040020024600206A
:1036800002EA01030BB1012000E000207047EFF3D4
:103690001080704780F3108870472DE9F041044690
:1036A0000025FFF7F4FF074672B6266801E06D1C9F
:1036B0003668A642FBD13846FFF7ECFF2846BDE846
:1036C000F08170B50446FFF7E2FF064672B6206847
:1036D000A04201D1012500E000253046FFF7DAFFC6
:1036E000284670BD0146802901DA0120704701F0AB
:1036F000E000C02801D10220F8E701F0F000E02846
:1037000001D10320F2E70420F0E70000074991F916
:103710000E0100F01F02012191404209920002F1C6
:10372000E022C2F8001100BF704700009847002057
:103730001CB56846FEF776FC4FF4407000900120FF
:103740008DF8040069461148FEF7F4FB6846FEF761
:1037500069FC40F60400009001208DF804006946E1
:103760000B48FEF7E7FB4FF400610948FEF758FCF1
:103770006846FEF757FC4FF40070009001208DF86A
:10378000040069460348FEF7D5FB1CBD000002405B
:10379000000402400008024000F01F020121914095
:1037A0004209920002F1E022C2F80011704700F0D5
:1037B0001F02012191404209920002F1E022C2F869
:1037C00000117047024609B9002070475018282898
:1037D00001DC0120F9E7FF2A05DD5018B0F59D6FE7
:1037E00001DC0120F1E70020EFE700604060704756
:1037F000064991F90E0100F01F0201219140044A8F
:10380000430942F8231000BF70470000984700208A
:1038100080E100E008B5FFF7EBFF09E069460848E2
:1038200000F08CF80748009900F077F8FEF7C2FC2A
:103830000448FFF732FF0228F0DBFFF767FF08BDFF
:10384000C4170020BC1700202DE9FC4106460F4696
:1038500014461D4664216846FFF762FA0CE0EBB29D
:10386000E2B239463046FDF7A5FA00B905E06846F0
:10387000FFF744FA00B100E0F1E700BFBDE8FC81CA
:1038800010B5002807DA0A07140E054A00F00F03E6
:103890001B1FD45403E00A07130E024A135410BD31
:1038A00018ED00E000E400E0BFF34F8F0648006829
:1038B00000F4E06005490843001D03490860BFF3B8
:1038C0004F8F00BFFEE700000CED00E00000FA059E
:1038D000BFF34F8F0648006800F4E06005490843D5
:1038E000001D03490860BFF34F8F00BFFEE70000D3
:1038F0000CED00E00000FA0570B505460C46FFF738
:10390000C6FE064672B62868206065602C60206896
:1039100044603046FFF7BEFE70BD70B505460C46EC
:10392000FFF7B5FE064672B62560686860606C6099
:10393000606804603046FFF7ADFE70BD70B50546A7
:103940000C46FFF7A4FE064672B628682060286879
:1039500000F009F8002021680860216848603046BE
:10396000FFF798FE70BD70B50446FFF790FE054660
:1039700072B6D4E900010860D4E900104860284616
:10398000FFF788FE70BD70B505460C46FFF77FFE59
:10399000064672B6686820606868FFF7E4FF00209A
:1039A00021680860216848603046FFF773FE70BDEB
:1039B0001CB51148B0F80C01009000208DF80400EF
:1039C00002208DF8050000208DF8060002208DF8F9
:1039D00007000949D1F804016946FEF7ABFA002057
:1039E0008DF804008DF807000349D1F804016946F9
:1039F000FEF7A0FA1CBD00009847002010B55548FE
:103A000000680068544988427ED152480068406985
:103A10005249884207D10120514948704D480068F9
:103A2000006CC1F8A4004B48006800694B4988420B
:103A300007D101204A49087046480068006CC1F867
:103A4000A4004448006880694449884202D10120AA
:103A5000444948703F480068C0694049884208D1DD
:103A60000120414948703B480068406C3C49C1F81E
:103A7000A80000204BE037490968203151F8201098
:103A80003A4A91421BD1012239490A543149096805
:103A9000343131F81010642911DC2E4909683431B1
:103AA00031F81010CAB232490F390A54294909684D
:103AB000343131F81010CAB22D490A390A54254957
:103AC0000968203151F82010284A521C91421DD11A
:103AD000022227490A541F490968343131F810106D
:103AE000642913DC1B490968343131F81010CAB25B
:103AF0001F490F390A5417490968343131F8101039
:103B0000CAB21B490A3900E01DE00A54401C0528CE
:103B1000B1DB104800684068401C0E4909684860E5
:103B20000C480068D0F8CC00102811D20949096867
:103B3000D1F8CC2007490968883101EB820001687F
:103B4000491C016004E040F224510A48FCF715FECC
:103B500010BD000088040020EFBEADDEEAEBFFC020
:103B600060430020D41E0020E21E0020E1FFC000C0
:103B7000581D0020004002401CB50E48B0F80C0152
:103B8000009001208DF8040002208DF8050000202F
:103B90008DF806008DF807000649D1F80401694642
:103BA000FEF7C8F9034AB2F80C11D2F80401FEF787
:103BB00037FA1CBD984700200248B0F80C010249B2
:103BC0000860704798470020143C014070B50446D7
:103BD0000D462B4600228021204600F079F928B1BD
:103BE000206E40F020002066032070BD0020FCE71E
:103BF0002DE9F84F04460F4690461D460A9EB248EE
:103C00000BF018FA81464FF0000A00BF94F85C00F0
:103C1000012802D10220BDE8F88F012084F85C0061
:103C200000BF94F85D00012802D04FF0020A40E185
:103C30001FB1B8F1000F00D015B94FF0010A38E1FB
:103C4000052084F85D0000202066C4F84080A4F8B8
:103C50004650A4F84450A763E587A587A06AB0F54D
:103C6000005F10D19948006B00884DF6FF71084045
:103C70009649096B08809548006B008840F4005015
:103C80009249096B0880E068B0F5E06F08D98F4869
:103C9000006B008840F400608C49096B088007E0E5
:103CA0008A48006B008820F400608849096B08800E
:103CB0008648006B008800F04000402805D020684E
:103CC000008840F0400021680880E068B0F5E06FAF
:103CD0004ED945E0E08F00281FDD7C48006B00894D
:103CE00000F00200022818D1A06B00887749096B08
:103CF0008881A06B801CA063E08F401EE087E08F6E
:103D000058B9A06AB0F5005F07D17048006B008811
:103D100040F480506D49096B0880B4F846000028D3
:103D200012DD6A48006B008900F0010060B167484D
:103D3000006B8089216C0880206C801C2064B4F8A2
:103D40004600401EA4F84600701C48B15E480BF0C7
:103D500071F9A0EB0900B04202D34FF0030AA8E0CA
:103D6000E08F0028B6DCB4F846000028B2DC4BE057
:103D700043E0E08F00281EDD5448006B008900F00E
:103D80000200022817D1A16B481CA06308784F4994
:103D9000096B0873E08F401EE087E08F58B9A06A76
:103DA000B0F5005F07D14948006B008840F48050AF
:103DB0004649096B0880B4F84600002811DD4348E5
:103DC000006B008900F0010058B14048006B017B96
:103DD000226C501C20641170B4F84600401EA4F8F8
:103DE0004600701C48B138480BF024F9A0EB0900DC
:103DF000B04202D34FF0030A5BE0E08F0028B8DC4A
:103E0000B4F846000028B4DCA06AB0F5005F35D1F4
:103E1000334601221146204600F05AF830B1206E98
:103E200040F0020020664FF0030A42E0E068B0F57F
:103E3000706F06D12548006B80890090BDF80000A6
:103E40001CE02248006B007B0090BDF80000206B56
:103E5000022813D1334601221146204600F038F8DB
:103E600030B1206E40F0020020664FF0030A20E0DF
:103E70001648006B007B0090BDF8000020680089A8
:103E8000C0F3001048B1206E40F0020020664FF6EB
:103E9000EF70216808814FF0010A31462046FFF794
:103EA00095FE08B120202066206E08B14FF0010A6F
:103EB00000BF012084F85D0000BF002084F85C0092
:103EC00000BF5046A7E60000C01B00209847002016
:103ED0002DE9F04104460E4617461D4626480BF0D4
:103EE000A9F8804640E0681CE8B335B122480BF0E1
:103EF000A1F8A0EB0800A84236D32068808820F003
:103F0000E000216888806068B0F5827F0DD1A068EC
:103F1000B0F5004F03D0A068B0F5806F05D12068E0
:103F2000008820F0400021680880A06AB0F5005F9A
:103F30000ED100BF206800884DF6FF71084021684F
:103F400008802068008840F400502168088000BF85
:103F5000012084F85D0000BF002084F85C0000BFF1
:103F60000320BDE8F081FFE70448006B0089304082
:103F7000B842B8D10020F4E7C01B002098470020C9
:103F800010B50120FEF7A6FB00BF6120FEF76EFB17
:103F90000028FAD045F25550FEF7F4F90420FEF758
:103FA000E5F940F6FF70FEF7E7F9FEF7D7F9FEF7FF
:103FB000CDF901210803FDF7BDFC10BD2DE9FC5F23
:103FC00004468A464FF000080020019081460025F3
:103FD00045E0665D3046FFF785FB0090202E02D15C
:103FE000D14500DAA846202E00D056BBD14528DDA9
:103FF0002046FCF7E7FA8346584603E0225C411C62
:104000006254401E4045F9DA0A2004F808000D21E8
:1040100008F101002154A84500DC6D1C08F10207DD
:1040200001974FF00009019F05E009F10109E05DEA
:10403000FFF758FB0744AF4202DAE05D0028F4D1F5
:1040400000BF0A2E01D00D2E04D1681C01904FF044
:10405000000901E009F101090098054400BF605D15
:104060000028B6D12046BDE8FC9F38B505460C4671
:1040700007E069462046FFF786FC28460099FFF7CF
:104080003BFC2046FFF71DFB0028F2D038BD0000A6
:1040900010B5044694F88000C01EA07094F88020EB
:1040A0002146024802F0D4FB10BD00009C380020DD
:1040B00010B5002200F8802F5A230478621C00F803
:1040C00080290355A52310F8804F0278521C00F870
:1040D00080290355002310F8804F0278521C00F805
:1040E0008029035510F8803F0278521C00F880297F
:1040F000C15410BD90F88020521C802A00DD70470A
:1041000010F8803F0278521C00F88029C15400BF8B
:10411000F5E710B590F88020921C802A00DD10BDD4
:10412000C1F3072310F8804F0278521C00F8802951
:10413000035510F8804F0278521C00F88029015571
:1041400000BFECE7002180F88010704710B58AB0FE
:10415000044601210846FEF7B3F901210220FEF7CB
:10416000AFF901210420FEF7ABF908A8FDF75AFFCB
:104170004FF4E070089001208DF8240002208DF8A3
:10418000250008A97048FDF7D5FE08A8FDF74AFFED
:104190004FF48060089001208DF8240002208DF8F3
:1041A000250008A96948FDF7C5FE01210846FEF76C
:1041B000B7F901210420FEF793F901210820FEF749
:1041C0008FF908A8FDF72EFF4FF4707008900220B9
:1041D0008DF824008DF8250008A95C48FDF7AAFE9B
:1041E000022206215948FDF7EDFE02220721574819
:1041F000FDF7E8FE022208215448FDF7E3FE022203
:1042000009215248FDF7DEFE08A8FDF70BFF01204B
:10421000089002208DF824008DF8250008A94C484C
:10422000FDF788FE022200214948FDF7CBFE05A8D4
:10423000FEF75AFD1D20ADF8140064200690002002
:10424000ADF81C00ADF8160005A94248FEF70AFDBE
:104250006846FEF7FDFC6020ADF800000120ADF8D7
:10426000020000200290ADF80C0069463948FEF7C4
:10427000D3FB69463748FEF70DFC69463548FEF723
:104280005BFC69463348FEF7A7FC05A8FEF72CFD4A
:104290001D20ADF81400642006900020ADF81C002D
:1042A000ADF8160005A92C48FEF7DCFC6846FEF7C1
:1042B000CFFC6020ADF800000120ADF80200002026
:1042C0000290ADF80C0069462348FEF7A5FB05A84F
:1042D000FEF70AFD1D20ADF81400642006900020B2
:1042E000ADF81C00ADF8160005A91C48FEF7BAFC95
:1042F0006846FEF7ADFC6020ADF800000120ADF887
:104300000200002002900220ADF80C00694613481C
:10431000FEF782FB69461148FEF7BCFB01210D4800
:10432000FEF755FB01210C48FEF751FB012109481E
:10433000FEF759FB01210848FEF755FB002105480F
:10434000FEF736FB0AB010BD000802400004024030
:104350000000024000080040000C00400000014046
:1043600030B50246052915DA002011E002F14A04B1
:10437000645C451C04FB05F3DC1703EB5474C4F3C5
:10438000C70502F14F0404EBC1042554431CD8B205
:104390000828EBDB30BD000070B502461A48405CCF
:1043A000022803D11948B0F92E0070BD1848C07812
:1043B00008B10A20F9E7164890F8C46090F8C300E5
:1043C000C0EB001006EB8004114890F8C66090F82E
:1043D000C500C0EB001006EB80050D4890F8C160E9
:1043E00090F8C000C0EB001006EB8003A34206DB90
:1043F000AB4204DA02F11E0030F91100D5E702F1F8
:10440000280030F91100D0E7441D0020301E0020A4
:10441000604300202DE9FF5F83468A460BF10F01C0
:1044200011F80A20394931F9120012F0E6FE8046EF
:104430000022374B12F05AFDCDE902015146584691
:10444000FFF7AAFF804612F0D8FECDE90001DDE9B2
:10445000022313F079F804460D462E4951F82A003C
:1044600013F05CF9064622462B4612F0F1FE0FD8F7
:104470000BF10F0010F80A00072809DA0BF10F0002
:1044800010F80A00401CC1B20BF10F0000F80A102E
:104490000BF10F0111F80A201C49103931F91200F3
:1044A00012F0ABFE06460022194B12F01FFDCDE9BB
:1044B000020151465846FFF76FFF064612F09DFE77
:1044C000CDE90001DDE9022313F03EF804460D4674
:1044D000104951F82A0013F021F9804622462B4654
:1044E00012F0F0FF0FD80BF10F0010F80A000028AF
:1044F00009DD0BF10F0010F80A00401EC1B20BF1EC
:104500000F0000F80A10BDE8FF9F0000DC1D00202E
:1045100000002440441C00202DE9FC5F82468B46AD
:104520001F4810F80B0002280AD11E49B1F92E10BD
:104530001C4AB2F93020881A13F088FABDE8FC9FB3
:104540001948C07888B1BAF9A80012F056FE804622
:104550000022164B12F0CAFC06460022134B12F042
:10456000E7FF044612F0DCFBE8E7BAF9840012F03A
:1045700044FE044600220D4B12F0B8FCCDE90001C8
:1045800059460748FFF708FF044612F036FE064674
:10459000DDE9002312F0D8FF804612F0C1FBCDE721
:1045A000441D0020301E00206043002000002440F5
:1045B0002DE9FF5F82464FF0000BC2E11AF80B00B5
:1045C000022804D101210AF1140000F80B100AF1AD
:1045D0007F0010F80B0088B10BF0FF015046FFF789
:1045E0009BFF0446FE4850F82B10204613F05AFB60
:1045F00004D800210AF17F0000F80B100AF17F00B7
:1046000010F80B00A0B90BF0FF01F648FFF7C4FE4D
:10461000054613F01BFA0446F14850F82B102046CB
:1046200013F040FA04D801210AF17F0000F80B10C2
:104630001AF80B0003281EDA0AF17F0010F80B00AD
:10464000A0B9E848143010F80B0001280ED1E64854
:10465000407828B9E448007810B9E348C07828B118
:1046600001210AF1370000F80B1004E000210AF1E3
:10467000370000F80B101AF80B0003287ED10AF15E
:10468000140010F80B00012879D1D748407830B9D0
:10469000D5480078D449C978084300286FD00BF07A
:1046A000FF015046FFF778FE9AF8B810451A2846E1
:1046B00013F0CCF90446CA4850F82B10204613F0EA
:1046C000F1FA11D201210AF1E40000F80B10C748F9
:1046D0000AF0B0FC0AF1BC0141F82B0000210AF1FC
:1046E000D00040F82B10B1E00BF0FF015046FFF76F
:1046F00053FE054613F0AAF90446B94850F82B10AA
:10470000204613F0CFF911D200210AF1E40000F89D
:104710000B10B6480AF08EFC0AF1BC0141F82B00E0
:1047200000210AF1D00040F82B108FE09AF8B80071
:1047300012F07AFD064600224FF0804312F0D6FBBD
:10474000CDE902010BF0FF015046FFF725FE0646BA
:1047500012F053FDCDE90001DDE9022312F0F4FE71
:1047600004460D469E4951F82B0012F0D7FF8046B3
:1047700022462B4612F06CFD43D201E086E060E059
:104780009A480AF057FC0AF1BC0151F82B10411A63
:104790000AF1D00050F82B00814257D993480AF013
:1047A00049FC0AF1BC0141F82B000AF1E40010F8C1
:1047B0000B0008B9012100E000210AF1E40000F833
:1047C0000B1010F80B00B0B185483438016D8848E3
:1047D00013F0A4FA0646874913F03AF8054613F099
:1047E000F9F804460122214680480AF001FC47F20C
:1047F0003051484300E014200AF1D00141F82B0069
:1048000024E07A480AF016FC0AF1BC0151F82B109A
:10481000411A0AF1D00050F82B00814216D900212C
:104820000AF1E40000F80B1070480AF003FC0AF1EA
:10483000BC0141F82B0014210AF1D00040F82B10E4
:1048400004E000210AF1E40000F80B100AF1E40092
:1048500010F80B0008B1012100E000210AF1370037
:1048600000F80B1010F80B0040B164210AF10500AC
:1048700000F80B10401D00F80B1007E000210AF1B2
:10488000050000F80B10401D00F80B101AF80B0083
:10489000012854D10AF1140010F80B00012832D17C
:1048A0000AF17F0010F80B0068BB4F48407828B928
:1048B0004D48007810B94C48C07820B34848343887
:1048C00090F8740018B14C4890F89400D8B90BF0E7
:1048D000FF015046FFF79EFD0AF17A0010F80B0029
:1048E00020B10AF1320010F80B0007E00AF14F0086
:1048F00000EBCB01403810F80B00085C0AF1050111
:1049000001F80B0004E000210AF1050000F80B108B
:104910000AF1140010F80B00022806D10AF1320047
:1049200010F80B102D3800F80B100AF1140010F8D5
:104930000B0020B900210AF1050000F80B100BF163
:10494000010BBBF1050FFFF639AE28480AF072FBE8
:104950002A490968401ABAF8781088427DD9234854
:104960000AF068FB2549086000201FE00AF10A01EF
:104970000A5C491F095C8A4207DA0AF10A01095CEC
:10498000491CCAB20AF10A010A540AF10A010A5C76
:10499000491F095C8A4207DD0AF10A01095C491EC8
:1049A000CAB20AF10A010A54411CC8B20528DDDB6B
:1049B000114890F88E0038B19AF8B40020B1642103
:1049C0008AF80E108AF809100B4890F88E00C8B9C2
:1049D0009AF8B400B0B100218AF80E1010E000007F
:1049E000441C0020441D002060430020C01B002008
:1049F0000000F04100002041301E00206C04002027
:104A00008AF809103D4890F88F0038B19AF8B5003F
:104A100020B164218AF80D108AF80810374890F800
:104A20008F0038B99AF8B50020B100218AF80D102E
:104A30008AF8081000200EE03149095C19B93049A4
:104A4000491D095C29B100220AF105010A54491DDA
:104A50000A54411CC8B20528EEDB9AF80000012870
:104A600006D19AF80A20632126480AF0C8FA01E024
:104A70009AF80A00244908609AF80100012806D132
:104A80009AF80B2063211F480AF0B9FA01E09AF85E
:104A90000B001D49091D08609AF80200012806D183
:104AA0009AF80C20632117480AF0A9FA01E09AF855
:104AB0000C001549083108609AF80300012806D156
:104AC0009AF80D2063210F480AF099FA01E09AF84C
:104AD0000D000D490C3108609AF80400012806D138
:104AE0009AF80E20632107480AF089FA01E09AF843
:104AF0000E0006490860BDE8FF9F0000301E002040
:104B0000AC1C0020C01B002034080040340C0040C6
:104B100070B50446EC212046FBF72FFE002518E077
:104B2000162104F11E0020F8151014210A3020F877
:104B300015100A210A304155502118304155294697
:104B40002046FFF70DFC082104F144004155681C84
:104B5000C5B2052DE4DB012020704FF49670A4F857
:104B600078000A20A4F898000F219A2001531421FC
:104B70009C20015319219E2001531E21A020015386
:104B80002321A22001532821A420015305218A209A
:104B900001530A218C2001530F218E20015314212F
:104BA000902001531921922001531E21942001537A
:104BB0002321962001533220A4F8A800204670BD7E
:104BC0002DE9F04104460E4684F82460FE480AF0C0
:104BD00031FA2065082E6ED006DC012E0BD0022E95
:104BE0006AD0032E69D121E1092E67D00F2E78D02B
:104BF000102EF7D17EE2002534E0F448405D00F04D
:104C0000010020B1F1481E3030F9150000E0FF200E
:104C1000C2B2681C04F124010A54EC48405D00F063
:104C2000010020B1E948283030F9150000E0FF20EC
:104C3000C2B2A81D04F124010A54E448405D30B119
:104C4000E34951F82500E34912F094FD00E0E24801
:104C5000074612F0DBFEC2B205F10B0004F124019D
:104C60000A546D1C052DC8DBFF2134200155DB489B
:104C7000007808B1012100E0002135200155005DD8
:104C8000D649497809B1012100E0002140EA4101FB
:104C900035200155005DD249497809B1012100E074
:104CA000002140EA411135200155005DCD49497888
:104CB00029B1012104E009E114E05BE2A7E1002150
:104CC00040EA811135200155C1493439086DC14987
:104CD00012F050FD054612F099FEC1B23620015582
:104CE0004AE2C7E1B94890F87A00802101EAC01190
:104CF00025200155005DB54991F8321001F07F0182
:104D0000084325210855B14890F87B00802101EA2D
:104D1000C01126200155005DAC4991F8331001F017
:104D20007F01084326210855A84890F87C0080217F
:104D300001EAC01127200155005DA44991F8341003
:104D400001F07F01084327210855A04890F87D0015
:104D5000802101EAC01128200155005D9B4991F88E
:104D6000351001F07F01084328210855974890F835
:104D70007E00802101EAC01129200155005D934980
:104D800091F8361001F07F01084329210855FF21D1
:104D90002A200155944890F86D122B200155924815
:104DA00090F86E122C2001558F4890F86F122D202C
:104DB00001558D4890F870122E2001558A4890F8C0
:104DC00071122F200155814800788049497840EAC6
:104DD0000110C1B2302001557C4880787B49C978E8
:104DE00040EA0110C1B231200155784801793220E2
:104DF00001557648407D00F003017448007D61F361
:104E00009F007249897D01F0030140EA01116F485A
:104E1000C07D00F0030041EA8011332001556B484A
:104E2000007E00F0030134200155A5E1FF2125207B
:104E300001556A4890F8C31026200155674890F83C
:104E4000C41027200155654890F8C5102820015549
:104E5000624890F8C61029200155FF212A200155EB
:104E60002B2001555D48B0F86200010A2C20015545
:104E70005A4890F862102D200155584890F86F104C
:104E80002E200155554890F86D102F20015554489B
:104E900000785449097840EA4100C1B231200155F7
:104EA0004F488179322001554E4881793320015590
:104EB0004C4800890112342001554A48017A3520B6
:104EC00001554748817A3620015555E14748C07859
:104ED00000EBC0014548001D00EBC10090F82A100E
:104EE000252001554148C07800EBC0013F48001D16
:104EF00000EBC10090F82B10262001553B48C078EC
:104F000000EBC0013948001D00EBC10090F82C10E7
:104F1000272001553548C07800EBC0013348001DFB
:104F200000EBC10090F82D10282001552B4890F877
:104F30008C1029200155294890F88D102A20015500
:104F4000264890F88E102B200155244890F88F1099
:104F50002C200155264801782D2001552448401C5D
:104F600001782E2001552248801C01782F20015500
:104F70001F48C01C0178302001551C48C07800EB48
:104F8000C0011A48001D00EBC100808EC0F307214C
:104F9000312001551548C07800EBC0011348001DB1
:104FA00000EBC10090F83410322001550F48C07852
:104FB00000EBC0010D48001D00EBC100008FC0F3E5
:104FC00007213320015515E0C01B0020441D00209F
:104FD000441C00200000204200007F43604300206A
:104FE000D41E0020E21E0020EC200020F01E002035
:104FF000C6FF03086448C07800EBC0016248001D8A
:1050000000EBC10090F8381034200155B4E021784D
:10501000252001556178262001555C48017827201C
:1050200001555A48401C0178282001555748801CDA
:105030000178292001555548C01C01782A200155C6
:1050400000212B2001552C2001552D2001552E200B
:1050500001552F200155A078012804D14C4A06CAD9
:10506000C4E90C1205E0FF22082104F13000FBF72F
:105070005AFB81E04748017C807D41EA0010C1B2C3
:10508000252001554348017F90F8220041EA001095
:10509000C1B2262001553F4890F8281090F82E0004
:1050A00041EA0010C1B2272001553A4890F8341067
:1050B00090F83A0041EA0010C1B228200155354865
:1050C00090F8401090F8460041EA0010C1B2292043
:1050D000015500200BE000EB40022E49103101EB9E
:1050E00042010B79811D04F124025354401C0A280B
:1050F000F1DB41E000200BE000EB400225491031DC
:1051000001EB42014B78411C04F124025354401C32
:105110000A28F1DB002008E01E4908310B5C00F191
:105120000B0104F124025354401C0428F4DB1948F9
:10513000017B407B41EA0010C1B233200155154884
:10514000817BC07B41EA0010C1B2342001550E4979
:10515000C97801EBC1020C49091D01EBC201886845
:105160000D4912F0D3FC054612F050FCC1B23520B7
:10517000015501E0BDE8F08100BF04F124010748BA
:105180000EF03CFF00BFF5E7F01E0020C6FF03084D
:1051900008800008E82300200000204198470020F4
:1051A00002465820B1F1006F04D32E4B994201D230
:1051B000002056E02B4B994204D32B4B994201D24D
:1051C00008204EE0284B994204D3284B994201D243
:1051D000102046E0254B994204D3254B994201D239
:1051E00018203EE0224B994204D3224B994201D22F
:1051F000202036E01F4B994204D31F4B994201D225
:1052000028202EE01C4B994204D31C4B994201D21A
:10521000302026E0194B994204D3194B994201D210
:1052200038201EE0164B994204D3164B994201D206
:10523000402016E0134B994204D3134B994201D2FC
:1052400048200EE0104B994204D3104B994201D2F2
:10525000502006E00D4B994203D3B1F1016F00D20B
:1052600058207047004000080080000800C0000877
:105270000000010800000208000004080000060801
:105280000000080800000A0800000C0800000E08D2
:1052900070B504463E4890F87E000E2816D13D4871
:1052A00009F0C8FE6169401A42F2107188420DD9B6
:1052B000384809F0BFFE606109212046FFF780FCF5
:1052C000334890F89A1002F0B9FC70BD304890F85D
:1052D0007900012829D12070002060702D4809F044
:1052E000A9FE6061211D204600F0CAFA0120A070CD
:1052F0000020274981F87900084690F89A1002F0BA
:105300009DFC09212046FFF75BFC00250BE02148AE
:1053100009F090FE08B1012100E0002104F13C00F9
:105320004155681CC5B2142DF1DB194890F879007D
:1053300002281DD1002020700120607016490870DD
:10534000144809F077FE00F6B83014490860114897
:1053500009F070FE606100200D4981F8790008466F
:1053600090F89A1002F06AFC09212046FFF728FC09
:105370000948007850B1074809F05CFE0749096800
:10538000884203D9002004490870607000BF9CE780
:1053900060430020C01B00209C170020A0170020A5
:1053A00010B5044654212046FBF7E7F9204600F0EB
:1053B0000DFB204600F0B8FB10BD0000FEB5044612
:1053C000F84809F037FEF8490968401AB0F57A7FC5
:1053D00004D9F44809F02EFEF34908602046FFF78F
:1053E00057FFF2480EF068FCF04890F8350038B9E5
:1053F000002020706070A0700120E061A061FEBDFF
:10540000EA4890F83600002872D00020E74981F879
:105410003600084690F838701422383104F1240020
:10542000FBF744F92078012801D0072F7ED1052F02
:105430007DD006DC012F0BD0022F5AD0032F56D17E
:1054400091E0072F74D0092F73D0102FF7D168E1A6
:10545000002013E0411C04F12402515C09290CDDF9
:10546000411C515C212908DAD149095C29B1411C50
:10547000525CCF491E3121F81020401C0528E9DB81
:10548000002013E0811D04F12402515C09290CDD88
:10549000811D515C212908DAC549095C29B1811DAA
:1054A000525CC349283121F81020401C0528E9DB53
:1054B0003520005D00F00100BE4908703520005D18
:1054C000C0F3400048703520005DC0F34010BA4979
:1054D00048703520005DC0F38010B8494870352011
:1054E000005D00F0100010B1B5480AF017F92BE18B
:1054F000A0E1002012E0411C04F12402515CCA0921
:10550000AB497A310A54411C04F12402515C01F088
:105510007F02A74932310A54411CC8B20528EADB90
:105520003320005D00F00300A14903E00DE195E0A8
:10553000B6E0ECE008753320005DC0F381019C48C3
:1055400041753320005DC0F3011199488175332006
:10555000005D81099648C1753420005D00F00301AB
:1055600093480176F0E02620005D182804DA262012
:10557000015D904880F8C3102720005D3C2804DAC4
:105580002720015D8B4880F8C4102820005D182872
:1055900004DA2820015D874880F8C5102920005DC5
:1055A0003C2804DA2920015D824880F8C6102C20AE
:1055B000005DFF2803D12D20005DFF2808D02D209D
:1055C000015D2C20005D01EB00207A49A1F862000A
:1055D0002F20005D032806DA2F20005D00F0030075
:1055E000744981F86D003220005D332807DA3220DB
:1055F000005D032803DD3220005D6F49C880332041
:10560000005D512803DA3320005D6C49C8803520E5
:10561000015D3420005D01EB0020092811DD3520FB
:10562000015D3420005D01EB002040F2AB51884267
:1056300007DA3520015D3420005D01EB00205F4971
:1056400008813620005D012807DD3620005D0B282B
:1056500003DA3620005D5849488175E0534890F8D8
:10566000390001281BD0514890F83900022816D083
:105670004E4890F83900AA2804D10020514908600A
:10568000FEF726F9494890F83900A52807D149487E
:1056900006F018F94C484B490860FEF719F953E039
:1056A0002520015D4348C0F8B8102620015D41481F
:1056B000C0F8B4102720005D3E49C1F8B000282092
:1056C000015D3C48C0F8BC102920015D394880F8D4
:1056D000C0102A20015D374880F8C1102B20015DE1
:1056E000344880F8C21090F8C21090F8C100314AD6
:1056F00092F8C020CDE9002002912E4890F8B830F1
:1057000090F8B42090F8B01006F0CEFF1CE02520F1
:10571000005D28B92620005D012801D100202070FD
:1057200012E000260DE0701C04F12401085CFF2843
:1057300006D0701C0B461A5CF1B224480BF0A2FB99
:10574000761C0A2EEFDB00BF00BF2078002871D145
:10575000052F6FD1134809F06DFC6169401A42F6BC
:10576000F821884266D9102210493931201DFAF7F4
:1057700054FF104890F87E000E285BD000202BE0EC
:10578000002600250AE0211D495D114A02EB0012A6
:10579000525D914200D00126691CCDB2082DF2DB8A
:1057A000C6B91BE0C01B00209817002098470020B6
:1057B000441D002060430020D41E0020E21E002073
:1057C000EC200020FC03002055AA1600E82300204E
:1057D00010800008411CC8B21028D1DB7EB900251A
:1057E0000BE005F10800211D085C21492944097AD4
:1057F000884200D00126681CC5B2082DF1DB012EBD
:1058000009D11C4809F016FC6061002060701A483C
:1058100006F0C2F90DE0012020700020A07000BF4A
:1058200005E0012204F13C010A54411CC8B21428CD
:10583000F7DB00BF002616E004F13C00805D88B174
:105840000C4809F0F7FB0D490968401A322809D9BC
:10585000207838B1002104F13C008155F1B2204696
:10586000FFF7AEF9761C142EE6DB00BFC7E500009B
:1058700000800008C01B0020604300209417002017
:105880002DE9F04FC9B082460F46FCF7F9FA00BF88
:105890004C48006800F480300028F9D14948D0F81D
:1058A0000090B9F1000F02D04846FCF731FA00260B
:1058B00037E04FF0010B4FF000080CE0424800EBDE
:1058C000061010F80800FF2801D04FF0000B08F177
:1058D000010000F0FF08B8F1100FEFDBBBF1010F82
:1058E0001DD1002414E03D5D601C385C05EB0025F3
:1058F000A01C385C05EB0045E01C385C05EB00653E
:10590000314901EB061108192946FCF78BFA241DD1
:10591000082CE8D3FCF76AFA49B0BDE8F08F701C98
:10592000C6B2102EC5DB002405E027482038205CD5
:1059300001A90855641CB4F5907FF6D3224920399B
:105940005046FFF72DFC02210090FCF7E7F900BF5D
:105950001C48006800F480300028F9D1202405E0BC
:1059600001A904F11000085C0855641CB4F5887F97
:10597000F6D3002405E0395D04F5887001AA1154BE
:10598000641C082CF7D3002415E001A8055D601CF9
:1059900001A9085C05EB0025A01C085C05EB00458F
:1059A000E01C085C05EB00650749203960182946B2
:1059B000FCF738FA241DB4F5907FE6D3FCF716FA0D
:1059C00000BFA9E70C3C0240208000082DE9F04709
:1059D000C8B0814651480078FF287DD14F484078B3
:1059E000FF28FAD1FCF74CFA00BF4D48006800F4DC
:1059F00080300028F9D14A48D0F80080B8F1000F73
:105A000002D04046FCF784F9002404E04348205CBF
:105A10000DF80400641CB4F5907FF7D33F49484665
:105A2000FFF7BEFB82460221FCF778F93C48D0F82C
:105A30000080B8F1000F02D04046FCF769F900BFC2
:105A40003748006800F480300028F9D141208DF8F3
:105A5000000042208DF8010020208DF802008DF812
:105A600003008DF80400002418E0002500260BE058
:105A700006EB44012B4810F8110000F00F0005431D
:105A80002807050E701CC6B2022EF1DB05F12000BE
:105A900000F03F05601D0DF80050641C032CE4D39A
:105AA000002415E0002500260BE006EB44011D480C
:105AB00010F8110000F003000543A806050E701C45
:105AC000C6B2042EF1DB04F110000DF80050641C86
:105AD000082CE7D3002417E01CE01DF80470601CBC
:105AE0001DF8000007EB0027A01C1DF8000007EBC5
:105AF0000047E01C1DF8000007EB0067074960182D
:105B00003946FCF78FF9241DB4F5907FE5D3FCF7F7
:105B10006DF900BF48B0BDE8F087000000800008C4
:105B20000C3C0240641C00202DE9F041804600241A
:105B300007E01D482044007AFF2801D0BDE8F0812D
:105B4000641C082CF5D3FCF79BF900BF17480068CC
:105B500000F480300028F9D11448076817B138469E
:105B6000FCF7D6F8002419E0002500260CE004EB31
:105B7000440006EB40010E4810F8110000F001004F
:105B800005436D00701CC6B2202EF0DB06490831BB
:105B900001EB84002946FCF745F9641C022CE3D391
:105BA000FCF724F900BFC9E7008000080C3C024064
:105BB000641C002070B586B005460C46052C01DB40
:105BC00006B070BD1148005DF0B16523104A062192
:105BD000284600F04DF80646FF20029003900490FE
:105BE000014605900948401D005D4006000ECDE9C4
:105BF000000106487A30005D40F0FC03601CC2B230
:105C00003146044809F0E0FB00BFD9E7441D0020FD
:105C1000E4FF01003824002030B587B00446652336
:105C2000104A0621204600F023F805460E4890F859
:105C300093000D4991F892100B4A92F891200A4B6B
:105C400093F89030CDE90232CDE90410FF200090A6
:105C50000346A62229460190044809F0B5FB07B087
:105C600030BD000065EF01006043002038240020B3
:105C700030B50446C2F3100043EA002001F00705E6
:105C800040EA856030BD000030B587B0044665232A
:105C9000104A06212046FFF7EBFF05460E4890F814
:105CA0008F000D4991F88E100B4A92F88D200A4B07
:105CB00093F88C30CDE90232CDE90410FF2000903A
:105CC0000346A52229460190044809F07DFB07B050
:105CD00030BD000065EF0100604300203824002043
:105CE00030B587B0044665230E4A06212046FFF7EB
:105CF000BFFF0546FF220C4800790B49C978CDE962
:105D00000302094805920291807807494978CDE954
:105D1000001005480378AA222946044809F054FBDC
:105D200007B030BD65EF0100441D0020382400207D
:105D30002DE9F04186B004463348C07800EBC0013D
:105D40003148001D00EBC100406B3C21B0FBF1F07D
:105D5000C0F307452C48C07800EBC0012A48001D5D
:105D600000EBC100406B3C21B0FBF1F0C0F3072613
:105D70002548C07800EBC0012348001D00EBC1009E
:105D8000406B3C21B0FBF1F0C7B265231F4A0621EE
:105D90002046FFF76DFF80461B48C07800EBC0012E
:105DA0001948001D00EBC10090F82D001649C97874
:105DB00001EBC1021449091D01EBC20191F82C103D
:105DC000114AD27802EBC2030F4A121D02EBC30242
:105DD00092F82B200C4BDB7803EBC30C0A4B1B1DFA
:105DE00003EBCC0393F82A30CDE90065CDE902320C
:105DF000CDE904103B46A4224146054809F0E4FAE7
:105E000006B0BDE8F0810000F01E002065EF010043
:105E1000382400202DE9F04186B006461D48407820
:105E2000402141EA80001B49897840EA0110C7B24D
:105E30001848B0F9040000F211104FF6FF7101EAA2
:105E400040141448B0F9060000F2111001EA4015A0
:105E50006523114A06213046FFF70AFF8046FF23DB
:105E60000C48807A00EB80004006000E2912EAB24E
:105E7000CDE90403CDE902212012E1B23B46012223
:105E8000CDE900104146054809F09EFA06B0BDE88C
:105E9000F0810000D41E0020FCFE01003824002008
:105EA0002DE9F04186B006460C46092C02DD06B00D
:105EB000BDE8F081052C25D14149086D414911F01B
:105EC00059FC80464FF0844111F020FE074611F046
:105ED0009DFD85B265233C4A06213046FFF7C8FE8A
:105EE0000746FF2002900390049001460590281277
:105EF000EBB2CDE90001601CC2B23946334809F06B
:105F000063FA00BF052C2ADA3148005D38B32C490A
:105F1000343151F824002B4911F02CFC80464FF00D
:105F2000844111F0F3FD074611F070FD85B2652341
:105F3000254A06213046FFF79BFE0746FF200290C8
:105F400003900490014605902812EBB2CDE90001C0
:105F5000601CC2B239461D4809F036FA00BF052C54
:105F60002BDD1C48007840B3A11F1A4A103252F8AA
:105F70002100144911F0FEFB80464FF0844111F0DE
:105F8000C5FD074611F042FD85B265230E4A062184
:105F90003046FFF76DFE0746FF2002900390049005
:105FA000014605902812EBB2CDE90001601CC2B297
:105FB0003946064809F008FA00BF00BF77E700003D
:105FC000101C0020008088439CFF01003824002022
:105FD000441D0020A4230020F0B587B006464FF0F2
:105FE000FF341E48007810B11D48D0F8A8401D4865
:105FF00001F0DEFB1C4991F8741009B1012100E0A9
:10600000002141EA8000C0B240F0F0056523174A44
:1060100006213046FFF72CFE0746FF23C4F3074056
:10602000C4F30721E2B2CDE90403CDE902210E4811
:1060300090F8E6000E49C97801EBC1020C49091D30
:1060400001EBC20191F83C102B46A922CDE90010CA
:106050003946084809F0B8F907B0F0BDE21E002043
:1060600060430020301E0020101C002065EF01005E
:10607000F01E00203824002030B587B00446652388
:10608000154A06212046FFF7F3FD0546FF23134876
:10609000B0F84C00C0F30720104991F84C100F4A9B
:1060A000B2F84020C2F30722CDE90403CDE9022172
:1060B0000A4890F840000949898FC1F30721CDE9CA
:1060C0000010064890F83C30A2222946044809F006
:1060D0007BF907B030BD000065EF0100301E0020E5
:1060E0003824002030B587B004466523154A0621C0
:1060F0002046FFF7BDFD0546FF231348B0F85800C2
:10610000C0F30720104991F858100F4AB2F85420F4
:10611000C2F30722CDE90403CDE902210A4890F831
:1061200054000949B1F85010C1F30721CDE900101E
:10613000054890F85030A3222946044809F044F954
:1061400007B030BD65EF0100301E0020382400206C
:1061500030B587B004466523104A06212046FFF774
:1061600087FD0546FF2002900390049005900C489F
:10617000D0F8A400C0F307400949B1F8A410C1F356
:106180000721CDE90010064890F8A430A122294645
:10619000044809F019F907B030BD000065EF0100AF
:1061A00060430020382400202DE9F04186B00746E6
:1061B0000C46052C02DB06B0BDE8F08140251D48E9
:1061C000005D012801D145F002051A48005D022852
:1061D00001D145F0040517481438005D38B3214655
:1061E00014481438FEF7D8F800F211104FF6FF717A
:1061F00001EA40166523104A06213846FFF738FDAC
:106200008046FF213012CDE902010491F0B20591E0
:1062100008490F39095D4906090ECDE90010601CD7
:10622000C2B22B464146054809F0CEF800BF00BF78
:10623000C1E70000581D0020E2FF010038240020C3
:10624000F0B587B005460C46052C01DB07B0F0BD64
:106250001248005D00B30026114806F081FA00B133
:1062600001260F48C07800B1FA2665230D4A0621A1
:106270002846FFF7FDFC0746FF200290039004909C
:1062800003210590CDE90010601CC2B233463946A7
:10629000054809F099F800BF00BFD7E7441D00206A
:1062A00060430020FAFE0100382400202DE9F0436D
:1062B00087B00746234800782249497840EA4100E0
:1062C00000F0FF08C324204801F094FA00F21110F6
:1062D0004FF6FF7101EA40151C48B0F9480000F282
:1062E000111001EA40161A48C07800EBC0011848A6
:1062F000001D00EBC10090F83C0008B144F004041C
:10630000114801F055FA44EA0010C4B26523114A5D
:1063100006213846FFF7ACFC8146FF223012F1B26D
:10632000CDE90442CDE902102812E9B24346012228
:10633000CDE900104946084809F046F807B0BDE825
:10634000F083000060430020301E0020101C00205D
:10635000F01E0020F7FF010038240020F0B587B0C0
:1063600006461448007810B11248447800E00F2423
:10637000114890F8B30004EB0010104991F8941004
:1063800000EB8110C5B265230D4A06213046FFF7A8
:106390006FFC0746FF20029003900490059003468F
:1063A00001223946CDE90050064809F00DF807B042
:1063B000F0BD0000E21E0020101C0020301E002056
:1063C00099FE01003824002030B587B004466523CB
:1063D0001E4A06212046FFF74BFC05461C4890F854
:1063E00036004006000E1A4991F835104906090E8C
:1063F000174A92F834205206120E154B93F8333098
:106400005B061B0ECDE90232CDE90410104890F86E
:1064100032004006000E0F49C97801EBC1020D4958
:10642000091D01EBC20191F824102831C9B2CDE950
:106430000010094890F848002830C3B2A02229462D
:10644000064808F0C1FF07B030BD000065EF01004D
:10645000441D0020F01E0020101C002038240020C5
:106460002DE9F14F8EB0FF200B900A90099000208B
:10647000089000BF05E03349095C09B1012108918A
:10648000401C0528F7DB304890F89F0208B901202E
:1064900000E000200D902D48C07800EBC0012B4893
:1064A000001D00EBC10090F83C0028B9284801F01D
:1064B0007FF908B9089808B1012000E000200C908D
:1064C0000025214890F89F0208B1012400E0002433
:1064D000FF274FF07F084FF001091B4890F89F02FB
:1064E00020B1194800780B9001200A9065264FF0E2
:1064F000FF0AD3466523174A06210E98FFF7B8FB1B
:10650000079048EAC910C0B2099901F0070147EAAB
:106510004111CDE904ABCDE90210DDE90A10CDE966
:106520000001DDE90C1040EA810040EA051040EA74
:106530008410C2B233460848079908F045FF0FB0EF
:10654000BDE8F08F4E1D0020EC200020F01E002042
:10655000301E0020CAFE01003824002070B586B02D
:1065600005466523134A06212846FFF781FB0646A8
:10657000FF2211480489E01704EB1060C0F30720E4
:106580000D49097ACDE903020B4805920291807901
:106590002830C0B2094991F87C10CDE900100748B5
:1065A00090F86230A8223146054808F00DFF06B089
:1065B00070BD000065EF0100E21E00206043002076
:1065C000382400202DE9F04F87B082460C4615464E
:1065D000052C02DB07B0BDE8F08F022D00DDF9E7E6
:1065E0004FF000092248005D00283ED015B1012D72
:1065F00014D109E01E48283030F914901D4890F855
:10660000C56090F8C6700FE019481E3030F914903C
:10661000184890F8C36090F8C47005E0FA25FF268A
:10662000FF274FF00A0900BF00BF09F211104FF613
:10663000FF7101EA401865230F4A06215046FFF713
:1066400017FB8346FF224FEA282008F0FF01CDE91F
:106650000302601CCDE9006705920291C2B22B468D
:106660005946064808F0B0FE00BF00BFB2E7000080
:10667000441D002060430020F7FE01003824002064
:10668000F0B587B006460C461546052C01DB07B071
:10669000F0BD022D00DDFAE7022D00D1FA250E48EB
:1066A000005DB0B165230D4A06213046FFF7E0FAE0
:1066B0000746FF2002900390049005901520552175
:1066C000CDE90010601CC2B22B463946044808F0E0
:1066D0007BFE00BFDBE70000441D0020F6FE01004A
:1066E00038240020F0B587B005460C46072C01DDA4
:1066F00007B0F0BD00260F48065D5938005D00B1B7
:10670000052665230C4A06212846FFF7B1FA0746FD
:10671000FF2002900390049005900090019006F1F4
:10672000F000C3B2601CC2B23946044808F04CFE07
:1067300000BFDDE7BC1E002097FE010038240020CA
:1067400070B588B006460025002003E0FF2106AAA8
:106750001154401C0728F9DB002412E0E1B21C4868
:1067600008F0F6FF48B1E1B2194808F0F1FFC2B2F3
:106770002846691CCDB206A90A54062D00DD05E0A5
:10678000641C134809F05AF9A042E7DC6523114A5A
:1067900006213046FFF76CFA04469DF81E009DF86E
:1067A0001D109DF81C209DF81B30CDE90232CDE96B
:1067B00004109DF81A009DF81910CDE900109DF8FD
:1067C000183080222146044808F0FEFD08B070BD54
:1067D000EC20002065EF010038240020002101702A
:1067E000704770B506460C461546304600F006F870
:1067F00029462046FBF716FB70BD000070B5054624
:1068000000BF0648006800F480300028F9D1034832
:10681000046814B12046FBF77BFA70BD0C3C0240C3
:1068200070B505460C46FBF72BFB2846FFF7E6FF45
:1068300002212046FBF772FAFBF7D8FAFBF732FB8E
:1068400070BD024608687047002101707047000063
:106850002DE9F04781468846174634480FF0B8FACC
:1068600008B9BDE8F0873248008831494988884234
:1068700003D100202E49088048802D4800886428D4
:1068800000DBEEE72A4805880DB9002409E0681E00
:106890002749091D31F81020C83131F81000104483
:1068A00084B2E019B0F5806F33DA2148001D20F87A
:1068B0001540B81C81B21E48CC3020F815100026B7
:1068C00098F80200801C88F8020000BF06E018F863
:1068D0000610A21917488154701C86B2BE42F6DB1E
:1068E000FB1E0322414614480AF09BFA12480AF0A4
:1068F0007BFAA2190F4988540F480AF071FAA119BE
:10690000491C0C4A50540A480088401C0849088019
:1069100000BF0A4890F8130528B999F8100510B976
:10692000064800F0ABF900BF9BE700005844002088
:10693000CC4100209C390020640500209C380020B8
:1069400010B586B0044601218804FBF7C9FD01217A
:106950000420FBF7B5FD6846FBF764FB4FF480604D
:10696000009002208DF805008DF804006946294842
:10697000FBF7E0FA6846FBF755FB4FF40060009028
:1069800002208DF805008DF8040069462148FBF7C8
:10699000D1FA07220A211F48FBF714FB07220B211B
:1069A0001C48FBF70FFB02A8FCF707FB1A48D0F8BE
:1069B0000C0502900020ADF80C00ADF80E00ADF80B
:1069C00010000C20ADF812000020ADF8140002A950
:1069D0001248FCF77FFA012240F225510F48FCF7DC
:1069E00054FA272000F01F02012191404209920031
:1069F00002F1E022C2F8001100BF01210748FCF7B4
:106A00000EFA002084F8100505480DF0A5FB06B02D
:106A100010BD0000000802409C38002000480040E3
:106A200058440020052900DA0521024AA2F814156D
:106A3000704700009C3800200021074A11805180D7
:106A40000121064A82F812150021A0F82019A0F8A9
:106A50001E19A0F824197047CC4100209C38002052
:106A600090F82E1991B9B0F82619FA2904DAB0F87D
:106A70002619491CA0F82619B0F826190A2905D1AB
:106A8000012180F82E190021A0F826190B49B1F830
:106A90000415491C094AA2F804151146B1F8041559
:106AA000B1F5FA6F09DD012182F811150021044AC0
:106AB00082F88610014AA2F8041570479C3800201D
:106AC0006043002070B50446B4F82809401CA4F8BF
:106AD0002809B4F82809B4F82A1988420EDA1348AC
:106AE0004188001D30F81150B4F82809421904F506
:106AF0008070815C0E48FCF75CFA15E0002240F2E1
:106B000026610B48FCF7C1F908484088401C07493A
:106B10004880084808F08EFAC4F81805012084F867
:106B20001305002084F8100570BD0000CC41002042
:106B300000480040C01B002070B5044694F81305BF
:106B400000B970BD002594F80805832809D194F890
:106B5000090530B10125002084F81C0584F81D05C5
:106B600047E094F80805822809D194F8120530B15D
:106B70000125002084F81C0584F81D0539E024480F
:106B800008F058FAD4F81815401AB4F814158842C9
:106B90002FD31F4808F04EFAC4F8180594F81C05C6
:106BA000401C84F81C0594F81C0503280EDC1948C9
:106BB0004088002806DD17484088401E1549488057
:106BC000012516E0002084F8130512E0002084F867
:106BD0001C0594F81D05401C84F81D0594F81D053E
:106BE000032805DD002084F81D0584F8130500E066
:106BF00001255DB1002084F8130506484088054949
:106C00000988884202DA204600F038F800BF98E789
:106C1000C01B0020CC41002010B50A46B0F81E4928
:106C200000F21E531A55B0F81E395B1CA0F81E392D
:106C3000B0F81E39B3F5806F02DB0023A0F81E39CF
:106C40000023A0F82639B0F81E1990F81235A3B920
:106C5000B0F81E39052B10DDCB1E00F21E54E35C8C
:106C6000822B0AD18B1EE35C4F2B06D14B1EE35CBB
:106C70004B2B02D1012380F8123510BD70B50446AC
:106C8000012084F8100525484188CC3030F81100E7
:106C9000F52805DDF52121484288CC3020F8121076
:106CA0001E484188CC3030F81100A4F82A09002091
:106CB000A4F8280919484188001D30F8115004F53E
:106CC0008070415D1648FCF774F9012240F226619C
:106CD0001348FCF7DAF804F58070E91C405C1149B0
:106CE00081F80805084690F80805822803D100209D
:106CF00081F8120511E001200A4981F8120504F516
:106D00008070691D425C291D405C02EB0020054932
:106D1000A1F80605002081F8090570BDCC410020CE
:106D2000004800409C3800202DE9F041044694F8CA
:106D3000020508B1BDE8F0816DE0B4F8201904F255
:106D40001E50455CB4F82009401E04F21E51085C38
:106D500005EB002086B2B4F82009401CA4F82009F5
:106D6000B4F82009B0F5806F02DB0020A4F82009F8
:106D700094F82E09D8BBB4F824092554B4F8240992
:106D800008B9A4F82259B4F82409B4F822198842A1
:106D90002EDB012084F82E09B4F82009401E04F2ED
:106DA0001E510A5CB4F82009801E085C02EB00202A
:106DB00087B2B4F82029B4F82209121A084611182B
:106DC000B4F82209831E002217480AF02AF8164850
:106DD00009F0FDFF8046B84508D1012084F802057E
:106DE00000201249A1F8040581F8110519E005E019
:106DF000B4F82409401CA4F824090CE045F6A520A9
:106E0000864208D1002084F82E09A4F824094FF402
:106E10008070A4F82209B4F82009B4F81E19884239
:106E20008BD100BF00BF85E7600500209C380020A3
:106E300010B504461348007800F0010058B9114815
:106E40000EF0E3FF38B1104808F0F4F80F4908607D
:106E50000C48AFF300800C4808F0ECF80B490968C7
:106E6000401A052807D3084808F0E4F807490860E5
:106E70002046FFF7F5FD2046FFF75EFE2046FFF7B0
:106E800053FF10BDF8040020C01B0020FC040020AC
:106E900010B504464FF413612046F9F76EFC00204C
:106EA0000B490880488001200A4981F8120500201A
:106EB00081F81105A1F80405A1F806051420A1F830
:106EC00014054FF4E130C1F80C05204610BD000058
:106ED000CC4100209C38002010B50446E27A0F49CE
:106EE00051F8220010F076FD00B2A080B4F9040041
:106EF000B4F90610884202DB0020A0706070B4F97B
:106F00000400B4F90610884203DA607808B1012061
:106F1000A070607808B90020A07010BDFC1C002093
:106F200070B50546002408E004EBC402291D01EBFE
:106F3000C20006F0B3F9601CC4B2072CF4DB70BDCC
:106F40000246172902D14FF0814070471B2901D119
:106F50000A48FAE7222901D10948F6E7232902D194
:106F60004FF08140F1E72B2901D10448EDE72C29AE
:106F700002D14FF08140E8E70020E6E7CDCC8C401D
:106F80009A99D94010B50146002007E0012300EB93
:106F9000C0040A1D02EBC4029370401C0728F5DBF5
:106FA00010BD70B504460026002511E005EBC501B3
:106FB000201D00EBC10090F8440040B105EBC50274
:106FC000211D01EBC20006F079F9701CC6B26D1CE0
:106FD000072DEBDBA67070BD10B5044607234822D1
:106FE0000549201D0EF0FFFE041F4FF4FE712046E0
:106FF000F9F7C3FB204610BD91D30208F0B5064651
:107000000F461546681C00B9F0BD3946304600F001
:1070100051F8044624B12A462146304600F002F9D0
:1070200000BFF1E770B505460E463146284600F030
:1070300041F8044624B12146284600F02BF970BDE2
:107040004FF0FF30FBE700002DE9F04780460025B8
:107050002AE005EBC500164901EB8004206910F019
:10706000F5FC8246E16910F051FD0746216A10F0F7
:1070700081FB81460021484610F014FE02D84FF0F3
:107080007C5001E04FF03F4082465146484610F0A8
:1070900071FB074610F09EFC0646324621464046EC
:1070A00000F0C0F8681C85B2812DD2DBBDE8F08706
:1070B0006C05002010B503460A4600210DE001EBE7
:1070C000C100084C34F82000904204D101EBC1000B
:1070D00004EB800010BD481C81B28129EFDB002049
:1070E000F8E700006C0500202DE9F05F0446294810
:1070F00007F0A0FF20612849E068884202D92046B5
:1071000000F058F9204600F063F900262FE006EB66
:10711000C600224901EB80052946204600F0BAF856
:107120008246504610F092FC8346296A10F0F6FD24
:107130008046E96910F08CFB81460021484610F03A
:10714000B1FD02D84FF07C5001E04FF03F40834644
:107150005946484610F00EFB804610F03BFC0746AF
:1071600029883A46204600F0DDF8701C86B2812E50
:10717000CDDB204600F018F9064807F05BFF2169D7
:10718000401A6061D4E90501884201D96069A061B3
:10719000BDE8F09FC01B0020E8FB00086C05002044
:1071A0002DE9F05F81464846FFF74EFF002532E0AB
:1071B00005EBC5001A4901EB80042188484600F020
:1071C00095F80646701C20B3304610F03FFC83460D
:1071D000E16910F09BFC8046216A10F0CBFA8246F0
:1071E0000021504610F05EFD02D84FF07C5001E0C7
:1071F0004FF03F4083465946504610F0BBFA804658
:1072000010F0E8FB07463A462146484600F00AF8E7
:1072100000BF681C85B2812DCADBBDE8F09F00006D
:107220006C05002010B5CB6803B910BD4B699342C3
:1072300000DD4A698B69934200DA8A690B7A062B72
:1072400025D2DFE803F003060A0D1017CC68227080
:107250001DE013B2CC68238019E0CC68228016E0D0
:10726000CB681A6013E00AB1012300E00023CC6868
:1072700023700CE03C2392FBF3F3CC6823703C2397
:1072800092FBF3F403FB1423CC68637000BF00BFD0
:1072900000BFCAE70246C86808B900207047087AEC
:1072A000062821D2DFE800F003060A0D1017C8688F
:1072B0000078F3E7C868B0F90000EFE7C868008815
:1072C000ECE7C8680068E9E7C868007808B1012001
:1072D000E4E70020E2E7C8684078CB681B78C3EB9E
:1072E000031300EB8300D9E70020D7E770B505460C
:1072F0000E46EC680BE021460848FFF7A2FAB042C0
:1073000004D1211D0548FFF79CFA70BD083C0448D4
:107310008442F0D24FF0FF30F7E70000680500200C
:1073200000C0000870B504460D4616460C49E068DA
:10733000884213D30B49E06888420FD82A460A488E
:10734000E168FFF74EFAE068001DE060324606484B
:10735000E168FFF746FAE068001DE06070BD0000DC
:1073600000C00008E8FF00086805002070B5054669
:107370000A4C0BE021460A48FFF763FA401C20B98B
:10738000EC602846FFF70CFF70BD083405488442C6
:10739000F0D3284600F00EF800BFF5E700C0000863
:1073A00068050020F0FF000810B50446FAF71EFD3E
:1073B00010BD000010B5044618210348FFF730FA4D
:1073C0000248E06010BD00006805002000C0000811
:1073D00010B50446FAF754FD0148FFF70FFA10BD47
:1073E0006805002010B504461C212046F9F7C5F9B0
:1073F000204610BD10B50446204600F0D9F910B162
:1074000004480CF024FA00224FF480710248FAF785
:1074100016FE10BD901700200008024010B504466B
:1074200004F180000021C160016130212438F9F7A6
:10743000A4F9204600F052FA0020844981F8B500F2
:1074400081F8B40081F8B60081F8B70000BF43E0CE
:107450007E493F31095C19B17C494431095C31B93D
:107460007A49095C19B10121784A82F8B610774946
:107470003F31095C012904D074494431095C012978
:1074800006D17249095C19B10121704A82F8B7101E
:107490006E493F31095C022904D06C494431095CD2
:1074A000022906D16949095C19B10121674A82F8AC
:1074B000B41066493F31095C032904D06349443163
:1074C000095C032906D16149095C19B101215F4AB0
:1074D00082F8B510411CC8B20528B9DB5C48007AB7
:1074E000022803D05B48807A022803D10120574943
:1074F00081F8B4005648007A032803D05548807AB2
:10750000032803D10120514981F8B5004F48C078C4
:1075100018B14E4890F8B50030B94C48007938B1F0
:107520004A4890F8B40018B1012084F8A10002E0A4
:10753000002084F8A100002008E004F133010A5C77
:1075400000EB4003293101F81320401C0828F4DB2C
:10755000002021E03D49095CE9B13C493731095C33
:10756000C9B1012239493F31095C01EB410304F102
:107570005C0101EB43014A7034494431095C08293C
:1075800009DA32494431095C01EB410304F15C0141
:1075900001EB43014A70401C0528DBDB2C48807856
:1075A00048B101212A48007A00EB400204F15C0056
:1075B00000EB420081702748807848B101212548BE
:1075C000807A00EB400204F15C0000EB4200C170E5
:1075D0002048807828B11F48C07810B1012184F874
:1075E00077101D4890F8740010B1012184F87810CC
:1075F0001A4800F0DDF828B11948007810B10121CF
:1076000084F87910002011E000210CE000EB400329
:1076100004F15C0202EB4302525C1AB1012304F153
:107620008C021354491C0629F0DB401C0828EBDBB4
:1076300094F88C204FF480610A48FAF700FD8D2001
:10764000025D80210848FAF7FAFC10BD441D0020B5
:10765000D41E0020E21E0020101C0020301E00203E
:10766000F01E00200004024000080240054991F885
:10767000901019B9034991F8921011B10021024AF2
:1076800011707047101C00206043002010B50446A4
:1076900094F8320030B10020414948702046FFF78D
:1076A000A9FE10BD3E48407830B93D48C07818B9B1
:1076B0002046FFF79FFEF4E73A48C07800EBC00190
:1076C0003848001D10F83100F0B9374890F8B30081
:1076D000D0B9354890F8B500B0B9334890F8B60045
:1076E00090B9314890F8900070B92F4890F8920006
:1076F00050B92C48C07800EBC0012A48001D00EBAF
:10770000C10090F8450018B1002025494870C8E72D
:10771000254890F8900018B9234890F8920018B1C5
:1077200000201F494870BCE7204800F0B3F81E490C
:10773000B1F9481088420EDD1C4800F0ABF8194939
:10774000C97801EBC1021749091D01EBC201B1F96A
:107750002410884203DC2046FFF74CFEA1E71248C4
:1077600090F8740010B994F8960058B10E48B0F92A
:1077700048000E49B1F9041088420EDA204600F0A4
:1077800025F90AE0094800F079F80749B1F94810ED
:10779000884202DD204600F019F900BF81E70000B1
:1077A00060430020F01E0020101C0020301E00202E
:1077B00010B504464FF480710348FAF726FC0128FF
:1077C00000D110BD0020FCE70008024010B50446BF
:1077D0000748C07810B1B4F9280010BD044804F07F
:1077E000BFFF10B1B4F90E00F7E7B4F91000F4E7E9
:1077F0006043002001460448C07810B1B1F926006A
:107800007047B1F90C00FBE76043002001460448D3
:10781000C07810B1B1F908007047B1F90800FBE772
:107820006043002001460448C07810B1B1F9060059
:107830007047B1F90600FBE76043002010B504462D
:107840000748C07810B1B4F9280010BD044804F00E
:1078500087FF10B1B4F91C00F7E7B4F91E00F4E794
:107860006043002001460448C07810B1B1F92600F9
:107870007047B1F91A00FBE7604300200146044855
:10788000C07810B1B1F924007047B1F90200FBE7EC
:107890006043002001460448C07810B1B1F92200CD
:1078A0007047B1F90000FBE760430020014604483F
:1078B000C07810B1B1F908007047B1F91600FBE7C4
:1078C0006043002001460448C07810B1B1F90600B9
:1078D0007047B1F91400FBE76043002010B504467F
:1078E000184807F0A7FB18490968401AB0F57A7FD5
:1078F00026D91548006800F57A7013490860002001
:107900001CE004F13C0151F82010B1B104F13C013C
:1079100051F82010012907D1002204F133010A5443
:10792000093141F8202008E004F13C0151F8201011
:10793000491E04F13C0242F82010401C0828E0DBFC
:1079400010BD0000C01B00207404002010B50446C8
:107950001A4807F06FFB1A490968401AB0F57A7F98
:1079600022D3164807F066FB154908601548D0F881
:107970008800401C1349C1F888002046FFF718FF13
:1079800020B111480068401C0F490860D4F89800E5
:1079900050B154F8980F401E206054F898090128FF
:1079A00002D1002084F896002046FFF76FFE2046A3
:1079B000FFF75CFE2046FFF731FD10BDC01B002025
:1079C00070040020604300209017002010B504468A
:1079D000012211020148FAF732FB10BD00080240F3
:1079E00010B50446A4212046F8F7C7FE204610BD76
:1079F00070B503460020642491FBF4F43034145431
:107A0000145C302C01D0441CE0B2642491FBF4F5EA
:107A100004FB1514E1B20A2491FBF4F4303414543D
:107A2000145C302C01D1002801DD441CE0B20A2492
:107A300091FBF4F504FB1514E1B201F13004E6B258
:107A40000446451CE8B2165570BD00002DE9F04112
:107A500005460C465648005D032801D1012000E090
:107A6000002006465248005D00F0010008B9BDE85C
:107A7000F0814F4890F84900A04201D0052C00DB6E
:107A8000F5E74B481E3030F81400800002B241F296
:107A90000501284604F048FE4548283030F8140017
:107AA000800002B241F20601284604F03DFE404843
:107AB0001430005D06EB4601421841F2C60128462B
:107AC00004F032FE05F14C0030F81400012815D105
:107AD00005F11A0030F8140002B241F226012846DE
:107AE00004F022FEA81D30F8140002B205F1420095
:107AF00030F81410284604F017FE32E005F14C006F
:107B000030F81400022816D105F1380030F81400BE
:107B100002B241F22601284604F006FE05F12E00CD
:107B200030F8140002B205F1420030F81410284673
:107B300004F0FAFD15E005F1240030F8140002B25B
:107B400041F22601284604F0EFFD05F1100030F85F
:107B5000140002B205F1420030F81410284604F077
:107B6000E3FD134880F8494090F84900421C41F277
:107B70005001284604F0D8FD0D491E3131F914009A
:107B80000FF064FF07463946284601F03DF90849E1
:107B9000283131F914000FF059FF074639462846BD
:107BA00003F0A4F82146284601F09AF900BF5EE7E9
:107BB000441D00202DE9F04FA5B0044694F878004C
:107BC00008B9022000E00120054604A8FCF7BAFA33
:107BD000822104A8FCF76CFA41F247010190FCF7FE
:107BE00098FA029094F87010FCF793FA834671208B
:107BF000015D5846FCF78DFA82467220015D5046C1
:107C0000FCF787FA81467320015D4846FCF781FA4C
:107C100080467420015D4046FCF77BFA0390752096
:107C2000015D0398FCF775FA07462946FCF771FADF
:107C30000646FCF72DFA25B0BDE8F08F2DE9F04798
:107C4000A2B082460C4601A8FCF77CFA822101A86A
:107C5000FCF72EFA81468421FCF75BFA80465A2114
:107C6000FCF748FA07460121FCF744FA064621B220
:107C7000FCF74FFA0546FCF70BFA22B0BDE8F08797
:107C800070B50546002429E004EB44011F4810F8B4
:107C90001100A0B104EB44031C4800EB43008088B2
:107CA00002B204F58B5081B2284604F03DFD04F584
:107CB0008D5081B20022284604F036FD0DE004F517
:107CC0008B5081B22122284604F02EFD04F58D5000
:107CD00081B22122284604F027FD641C0A2CD3DB44
:107CE0000B48007830B940F2622242F28201284605
:107CF00003F042F90748007830B940F2622242F2BC
:107D00009201284603F038F970BD0000F8230020E6
:107D1000D41E0020E21E002001B5ADF5247D4FF4F5
:107D2000FA7127A8F8F729FDA49890F886005A2838
:107D300076D01FDC3C2874D00DDC1E2874D005DC06
:107D4000A0B30A284CD0142849D157E028286AD07B
:107D50003228F9D1EDE050286FD006DC3E286DD0F6
:107D600040286CD04628EFD189E1522868D05528A8
:107D7000EAD1BCE17F2872D00EDC782870D006DC16
:107D80005F286ED064286DD06E28DDD1FCE37A28A0
:107D900069D07D28D8D1F6E3813805281FD2DFE8E5
:107DA00010F02C054B0579068B06C806FE48FEF739
:107DB000C7FDFD48FEF740FEA49800F0A4FFFA4876
:107DC000FEF73AFE0A21A49880F88610F74807F0DB
:107DD00031F9F7490860C821F348FEF723FE05E3AF
:107DE000F24807F027F9F2490968401AB0F5966F92
:107DF00003D91421A49880F88610F0E70020EA49FE
:107E000081F812050121A498FFF718FFE74807F051
:107E100011F9E74908601E21A49880F88610DEE772
:107E200093E193E000E01FE0DF4890F8120540B1D5
:107E30002821A49880F8861010E02DE108E114E1D3
:107E400048E1DA4807F0F6F8D9490968401AB0F570
:107E50007A7F03D92821A49880F88610BFE7FDE334
:107E6000DFE37FE1C3E2E9E31421CF48FEF7DAFD67
:107E70000021A49880F8E3100121A49880F87E10D6
:107E80000020C94981F81105269008E00022A49835
:107E90007030269942542698401CC0B226902698ED
:107EA0000628F3DB0021A49880F87F104FF47A7342
:107EB00000221146A49800F04BFFFF224FF480519E
:107EC000A49804F031FCFF2241F20101A49804F0CF
:107ED0002BFC012241F22101A49804F025FC002290
:107EE00041F22201A49804F01FFCB248B0F91E0030
:107EF000024641F205012690A49804F015FCAD4815
:107F0000B0F92800024641F206012690A49804F038
:107F10000BFC012241F22501A49804F005FCA348C2
:107F200007F088F8A24908603221A49880F88610EA
:107F300055E79E4807F07EF89D490968401A642875
:107F400003D93C21A49880F8861048E700202690A9
:107F500071E098492698085C00F0010030BBA498B5
:107F60004230269930F81100002201462590A4984D
:107F700004F0DAFB269800280CDD41F2390126983E
:107F80000844401E80B2002201462590A49804F0C7
:107F9000CBFB05E0002241F20F11A49804F0C4FBD2
:107FA00001222699A49804F095F940E0269800282B
:107FB00010DDA49890F86F00259041F239012698C1
:107FC0000844401E80B224900146259AA49804F0EB
:107FD000ABFB09E0A49890F86F00024641F20F1144
:107FE0002590A49804F0A0FB724814302699405CB8
:107FF000022805D1A4982E30269930F8110004E00B
:10800000A4981030269930F8110000B22590A49859
:108010004230269930F8110024900146259AA49800
:1080200004F082FB00222699A49804F053F92698C4
:10803000401CC0B22690269805288ADB3E21A498D1
:1080400080F88610594806F0F5FF59490860C6E6E1
:10805000564806F0EFFF56490968401A642803D9CC
:108060004021A49880F88610B9E64621A49880F8AB
:1080700086104E4806F0DEFF4D490860AFE64B48DB
:1080800006F0D8FF4A490968401A642803D95021EC
:10809000A49880F88610A2E60021A49800F096FE2D
:1080A00045F2501244A1A49802F03CFF45F2301270
:1080B00041A1A49802F036FF41A1A49802F043FF29
:1080C0005221A49880F88610384806F0B3FF38494A
:1080D000086084E6354806F0ADFF35490968401A66
:1080E000642803D95521A49880F8861077E635488E
:1080F000B0F9060001462690A49802F083FC3248AD
:10810000B0F9060001462690A49802F01FFD002059
:1081100026900DE02748AA30269930F91100024632
:108120002590A49803F0C2FA2698401CC0B226906D
:1081300026980528EEDB5A21A49880F886101B4863
:1081400006F078FF1A49086049E6184806F072FF01
:1081500017490968401A322803D95F21A49880F88A
:1081600086103CE6A498B0F8600000B2024641F2E6
:1081700015012690A49804F0D7FAA498B0F86600E8
:1081800000B2024641F216012690A49804F0CCFAFF
:10819000A49890F86F00024641F231012690A4980D
:1081A00004F0C2FAA49811E09C380020C01B002003
:1081B00000050020441D00202D2E2D2E2D2E2D00DB
:1081C00020000000D41E0020E21E002090F86F0066
:1081D00001462690A49803F009FDFE4890F8491046
:1081E0007A30405CD0B9A49890F86F00024641F212
:1081F00030012690A49804F097FAA49890F86F00A4
:10820000024641F236012690A49804F08DFA01222C
:1082100041F22A11A49804F087FA05E0FF2241F206
:108220002A11A49804F080FA032241F22301A498B1
:1082300004F07AFAE74890F849103230405C024680
:1082400041F224012690A49804F06EFA002242F232
:108250001D01A49804F068FA4FF4AE7242F2420194
:10826000A49802F089FE012241F22901A49804F0A9
:108270005BFA012241F22701A49804F055FAA49870
:1082800090F86D00024641F233012690A49804F064
:108290004BFAA498B0F8620000B2024641F23401F1
:1082A0002690A49804F040FAA498B0F86200014621
:1082B0002690A49802F08EFCA49890F8C4000A219D
:1082C00090FBF1F1A49890F8C30000EB400001EBA3
:1082D000400000B2024641F237012690A49804F013
:1082E00023FAA49890F8C6000A2190FBF1F1A49813
:1082F00090F8C50000EB400001EB400000B20246E0
:1083000041F238012690A49804F00EFAA49890F84F
:10831000C41090F8C30000EBC00202EB001001EBA8
:10832000800000B2024641F24E012690A49804F06B
:10833000FBF9A49890F8C61090F8C50000EBC002B5
:1083400002EB001001EB800000B2024641F24F0147
:108350002690A49804F0E8F9A498808C00B2024614
:1083600041F226012690A49804F0DEF90021A49899
:1083700080F8E210A498B0F8840000B2024641F2FE
:108380002D012690A49804F0CFF9A498B0F88200AB
:1083900000B2024641F22C012690A49804F0C4F9E0
:1083A000002241F25401A49804F0BEF9002241F2E7
:1083B0005501A49804F0B8F9002241F25601A4989E
:1083C00004F0B2F9A498B0F87C0000B2024641F281
:1083D00044012690A49804F0A7F96421A49880F899
:1083E00086107D4806F026FE7C490860B1E37A4895
:1083F00006F020FE79490968401A462872D96E2194
:10840000A49880F88610002026904CE071492698A8
:10841000085C00F0010080B3A4984C30269930F835
:108420001100012811D1A498801D269930F811005F
:1084300000B22590A498423030F8110024900146F3
:10844000259AA49804F070F929E0A4984C30269954
:1084500030F81100022811D1A4982E30269930F856
:10846000110000B22590A498423030F811002490F9
:108470000146259AA49804F057F910E0A49810300A
:10848000269930F8110000B22590A498423030F8B7
:10849000110024900146259AA49804F045F92698E5
:1084A000401CC0B2269026980528AFDB052049491C
:1084B00081F84900002026900EE046492698085C85
:1084C00000F0010020B12699A498FFF7BFFA06E05A
:1084D0002698401CC0B2269026980528EDDB002087
:1084E000269029E04DE03B492698085C08B9002019
:1084F00000E00220259041F2C8012698084424900B
:108500000146259AA49804F00FF932492698085C90
:10851000012801D0002000E00220259041F2D00186
:108520002698084424900146259AA49804F0FCF863
:108530002698401CC0B2269026980528D3DB02203E
:1085400026900FE041F2D50126980844401E80B2E3
:10855000002201462590A49804F0E6F82698401CD5
:10856000C0B2269026980328ECDBA498C07840B1CE
:10857000A498C078024641F203012690A49804F022
:10858000D3F8E6E200E0EAE0134806F053FD1349B1
:108590000968401A642843D9A498B0F89C00B0F543
:1085A000AF7F01DB002000E00220024641F26C01B7
:1085B0002690A49804F0B8F8A498B0F89C003C2148
:1085C00090FBF1F000B2024641F26B012690A498B4
:1085D00006E00000441D0020C01B00200005002014
:1085E00004F0A2F8A49890F884002690A49890F83B
:1085F00082004FF47A7325900146269AA49800F0E1
:10860000A7FB7821A49880F88610082245F2701103
:10861000A49803F083FEF94806F00CFDF8490860C1
:1086200097E2F64806F006FDF5490968401A642805
:1086300003D97A21A49880F886108AE2F14800686C
:108640000068022302464FF4A8412690A49803F044
:1086500051FAEC4800684068022300E08CE00246D2
:1086600045F210412690A49803F044FAE5480068CA
:1086700000690223024645F220412690A49803F0A7
:1086800039FAE048006840690223024645F2304169
:108690002690A49803F02EFADA4800688069022335
:1086A000024645F290412690A49803F023FAD5485B
:1086B0000068C0690223024645F2A0412690A498B2
:1086C00003F018FACF480068406800B202464FF441
:1086D00088512690A49804F027F8CA4800680069D9
:1086E00008B1012000E00020024641F2011126906D
:1086F000A49804F019F8C3480068406908B1012043
:1087000000E00020024641F202112690A49804F0F5
:108710000BF8BC480068806908B1012000E0002027
:10872000024641F203112690A49803F0FDFFB548DC
:108730000068C06908B1012000E00020024641F253
:1087400004112690A49803F0EFFFAC4806F072FCE9
:10875000AB4908607D21A49880F88610F9E1A7480C
:1087600006F068FCA6490968401A322803D97F211F
:10877000A49880F88610ECE1A2480068006A022301
:10878000024645F240412690A49803F0B3F99D4873
:108790000068406A0223024645F250412690A498A0
:1087A00003F0A8F997480068806A0223024645F260
:1087B00060412690A49803F09DF992480068C06A31
:1087C0000223024645F270412690A49803F092F9E4
:1087D0008C480068006B022302464FF4A9412690A2
:1087E000A49803F087F98121A49880F88610834823
:1087F00006F020FC82490860ABE1804806F01AFCD4
:108800007F490968401A322815D97F4800880146F7
:1088100026907E48FEF706FCA499C1F8F400A498BF
:1088200002F04AFB8221A49880F88610734806F073
:1088300001FC734908608CE172480068808E012356
:10884000024645F2A0210690A49803F053F96D4822
:108850000068C08E0123024645F2B0210690A4981C
:1088600003F048F967480068008F0123024645F28B
:10887000C0210690A49803F03DF962480068408F3B
:108880000123024645F2D0210690A49803F032F964
:108890005C480068808F0123024645F2E021069083
:1088A000A49803F027F95A4890F8F90020B159A18B
:1088B00027A8F7F7A6FE03E058A127A8F7F7A1FE1F
:1088C00050480068D0F8D00000904E480068D0F8BA
:1088D000F00006904B48006880680590024651A160
:1088E00007A8069BF7F7ECFC07A927A8F7F789FE6E
:1088F00044480068D0F86C0442490968D1F844142F
:10890000404A1268D2F828243E4B1B68D3F824341E
:10891000CDE90032CDE902103A480068D0F82004D1
:10892000069038480068D0F81C040590024645A11E
:1089300007A8069BF7F7C4FC07A927A8F7F761FE6D
:1089400030480068D0F8D0042E490968D1F8CC240A
:108950002C490968D1F8C8142A4B1B68D3F8C434D1
:10896000CDE90031CDE9022026480068D0F8B004F6
:10897000069024480068D0F870040590024636A19D
:1089800007A8069BF7F79CFC07A927A8F7F739FE6D
:108990001C480068D0F820251A480068D0F81C054B
:1089A00018490968D1F8CC10164B1B68D3F810355C
:1089B000CDE90031CDE9020212480068D0F808057F
:1089C000069010480068D0F804050590024627A1DB
:1089D00007A8069BF7F774FC07A927A8F7F711FE6D
:1089E00027A9A49800F064FA8321A49880F886103F
:1089F000024806F01FFB02490860AAE0C01B0020E5
:108A000000050020880400206C050020704700202D
:108A100098470020424C452B20000000424C452D39
:108A200020000000484620636E743A25752C4846A5
:108A300053523A253038782C50433A253038780A4A
:108A40000D00000025642D25642D25642D25642D41
:108A500025642D25642D000025642D25642D2564B5
:108A60002D25642D25642D25640A0D0057493A25CE
:108A7000642D2564204C493A2564204C483A2564ED
:108A80002043523A253038782053523A25303878EE
:108A90000A0D0000314806F0CDFA31490968401A44
:108AA000322808D98421A49880F886102B4806F033
:108AB000C1FA2B4908604CE0284806F0BBFA284967
:108AC000086028480078024641F230112690A498A8
:108AD00003F02AFE23484078024641F231112690E5
:108AE000A49803F021FE1F488078024641F232111B
:108AF0002690A49803F018FE1A48C078024641F266
:108B000033112690A49803F00FFE16480079024610
:108B100041F234112690A49803F006FEA498FFF7C2
:108B2000AFF8A49803F0A4F98521A49880F88610E2
:108B30000FE00A4806F07EFA09490968401A32280F
:108B400006D9A49802F028FFDE21A49880F88610A8
:108B500000BF00BF0DF5257D00BD0000C01B00203B
:108B600000050020441D002010B504460B460021DE
:108B700010E00A4810F8310098420AD1074800EB8B
:108B8000C1004078904204D1044800EBC100406825
:108B900010BD491C5229ECD301A0F9E7A4820308B7
:108BA000556E6B6E6F776E206D6F64650000000010
:108BB0002DE9F041A2B005460E461746984695F8B5
:108BC0008600502802DA22B0BDE8F08101A8FBF748
:108BD000B9FA822101A8FBF76BFA044631B2FBF720
:108BE00098FA002405E0395D01A8FBF783FA601CC0
:108BF000C4B24445F7DB002101A8FBF77BFA01A8CA
:108C0000FBF746FA00BFDEE770B506460C4622B217
:108C100041F23101304603F087FD2146304602F033
:108C2000E5FF002518E02948405D00F0010088B10B
:108C3000002D09DD41F239002844401E81B222B2E4
:108C4000304603F071FD05E022B241F20F113046CB
:108C500003F06AFD681CC5B2052DE4DB86F86F40A1
:108C60001A4991F849201E3131F912000EF0EEFE3A
:108C700005462946304600F0C7F8144991F84920C6
:108C8000283131F912000EF0E1FE05462946304642
:108C900002F02CF80E48B0F90610304601F0B2FE92
:108CA0000C48B0F90610304601F050FF002509E0ED
:108CB0000648AA3030F915202946304602F0F6FC65
:108CC000681CC5B2052DF3DB70BD0000441D0020FB
:108CD000D41E0020E21E0020F0B5A1B00746684671
:108CE000FBF730FA83216846FBF7E2F906461621C6
:108CF000FBF70FFA05460321FBF7FCF90446FBF7E7
:108D0000C7F921B0F0BD2DE9F047A2B0824601A815
:108D1000FBF718FA822101A8FBF7CAF98146042162
:108D2000FBF7F7F980465521FBF7E4F90746AA213E
:108D3000FBF7E0F906465A21FBF7DCF90546A521C9
:108D4000FBF7D8F90446FBF7A3F922B0BDE8F0879A
:108D50002DE9F04FA5B004460E4615461F46642E79
:108D600000DD6426642D00DD642594F8870000B1E1
:108D70002E4604A8FBF7E6F994F8AC00684364219A
:108D800090FBF1F000F0FF0994F8AC00704390FB09
:108D9000F1F000F0FF0B822104A8FBF789F9822192
:108DA0000190FBF7B6F959460290FBF7A3F982460A
:108DB0004946FBF79FF939B20390FBF7AAF98046C1
:108DC000FBF766F925B0BDE8F08F000070B50546E9
:108DD0000C4695F88600502800DA70BD09480078E6
:108DE000A04200D1F9E7074804700CB1012000E06F
:108DF0000020024641F25101284603F095FC00BFD5
:108E0000EBE700004C05002070B504460D4694F8D1
:108E10006F00012804D129460A4806F02DF90546BD
:108E200028460EF0F3FD06B2324641F242012046DA
:108E300003F07AFC94F86F2041F23001204603F0F1
:108E400073FC70BDC01B002010B588B00446202202
:108E50001D216846F7F767FC00208DF81D001348B8
:108E6000C07800EBC0021148001D00EBC20000F109
:108E70002A016A46204602F021FE45F23012694678
:108E8000204602F04FF820221D216846F7F74BFCE0
:108E90006A4604F19001204602F010FE45F250129D
:108EA0006946204602F03EF808B010BDF01E0020D2
:108EB00070B505460C460026002005E0215C09B986
:108EC000064604E0411C88B2B0F5FA7FF6DBF3B247
:108ED00022464FF4A6412846FFF76AFE70BD000007
:108EE00070B505460C4695F88600642800DA70BD1A
:108EF000204890F84900A04200D0F8E71D487A3099
:108F0000005D08B9012000E0002006461948005D18
:108F1000032808D01748005D012805D115481430F2
:108F2000005D022800D1FF2632B241F20D01284631
:108F300003F0FAFB0F487A30005D18B10D48005D70
:108F4000032806D1012241F22A11284603F0ECFB46
:108F50000DE008483230025D41F22401284603F05A
:108F6000E3FBFF2241F22A11284603F0DDFB00BF9C
:108F7000BDE70000441D002001B58CB0F94890F811
:108F8000020508B90DB000BD0020F64981F80205C0
:108F9000F5480BF00CFFF3484078832800D0F1E748
:108FA000F048C178807801EB002080B20B90ED484A
:108FB000B0F806150B98814203D10120E94981F8E8
:108FC000090541F2F2010B98884211D10C98C07842
:108FD00070B9E448807902280AD10C98007808B961
:108FE000012100E000210C9801700C9802F068FF4C
:108FF00041F250110B98884217D1DC48FEF774F803
:109000000020DB490968086000BFBFF34F8FD948D3
:10901000006800F4E060D8490843001DD5490860A5
:10902000BFF34F8F00BF00BFFEE741F251110B9815
:10903000884279D1CB48807919281AD2DFE800F02C
:10904000190D1A2733404C5864758697A8B9C5D1B5
:10905000DDF1EFEEEDECEBEAE900C8480078401CEA
:10906000C649087008460078032802DD0021C3487D
:10907000017020E2C1484078401CC0494870084651
:109080004078032802DD0021BC48417013E2BB4850
:109090008078401CB949887008468078032801DD33
:1090A0000020887007E2B548C078401CC1B2B348C0
:1090B000C170C078032802DD0020B049C870FAE111
:1090C000AE480079401CAD49087108460079032874
:1090D00001DD00200871EEE1A948007808B90121FE
:1090E00000E00021A64801700C9802F071FFE2E157
:1090F000A448007808B9012000E00020A1490870C8
:109100000C9802F065FFD6E19C4890F83F00401CA7
:109110009A4981F83F00084690F83F00072802DD91
:10912000002081F83F00C6E1C9E1944890F8400072
:10913000401CC1B2914880F8401090F840000728C8
:1091400003DD00218D4880F84010B4E18B4890F891
:109150004100401CC1B2894880F8411090F841009C
:10916000072803DD0021854880F84110A3E18348EA
:1091700090F84200401CC1B2804880F8421090F83C
:109180004200072803DD00217C4880F8421092E16C
:109190007A4890F84300401CC1B2784880F84310E8
:1091A00090F84300072803DD0021744880F843103D
:1091B00081E17348007A401C714908720846007AC0
:1091C000072801DD0020087275E16E48807A401C96
:1091D0006C4988720846807A072801DD0020887271
:1091E00069E16748007B401C654908730846007BBD
:1091F0000A2801DD002008735DE16248C07A401C46
:109200006049C8720846C07A0A2801DD0020C87289
:1092100051E136E108E1DDE0BAE079E043E01FE04A
:10922000FFE70C98D0F8F00030B10C98D0F8F000BF
:10923000401E0C99C1F8F0000C98D0F8F00000EB3B
:10924000C000514931F82000014608904748FDF719
:10925000E9FE0C99C1F8F4000C9801F02DFE2AE10A
:109260000C98D0F8F01049480088401E814206D280
:109270000C98D0F8F000401C0C99C1F8F0000C9844
:10928000D0F8F00000EBC0003F4931F82000014663
:1092900008903648FDF7C6FE0C99C1F8F4000C980A
:1092A00001F00AFE07E10C98D0F8F410D0F8F000B5
:1092B00000EBC000344A02EB800040690930814273
:1092C00004D90C98D0F8F4000A3808E00C98D0F8CB
:1092D000F00000EBC0002C4901EB800040690C99C4
:1092E000C1F8F4000C98D0F8F40008900C98D0F86D
:1092F000F00000EBC000244931F82000079001463F
:109300001A48089AFDF77AFE0C9801F0D5FDD2E0D4
:109310000C98D0F8F410D0F8F00000EBC0001A4A16
:1093200002EB80004069814206D90C98D0F8F40025
:10933000401E0C99C1F8F4000C98D0F8F400089085
:109340000C98D0F8F00000EBC0000F4931F8200075
:10935000079001460548089AFDF750FE0C9801F069
:10936000ABFDA8E09C380020584400207047002046
:10937000880400200CED00E00000FA05441D0020E8
:10938000D41E0020E21E00206C050020C4850308C6
:109390000C98D0F8F00000EBC000FE4901EB800013
:1093A00001690C98C0F8F4100C98D0F8F4000890FB
:1093B0000C98D0F8F00000EBC001F64830F821001E
:1093C00007900146F448089AFDF718FE0C9801F042
:1093D00073FD70E00C98D0F8F410D0F8F00000EBBA
:1093E000C000EC4A02EB80008069814206D20C98F2
:1093F000D0F8F400401C0C99C1F8F4000C98D0F897
:10940000F40008900C98D0F8F00000EBC000E1499F
:1094100031F8200007900146DF48089AFDF7EEFD7D
:109420000C9801F049FD46E00C98D0F8F00000EBF4
:10943000C000D84901EB8000806908900C98D0F8F2
:10944000F4000A3007900146D448089A05F0D7FD89
:109450000C99C1F8F4000C98D0F8F40008900C981E
:10946000D0F8F00000EBC000CA4931F820000790A6
:109470000146C948089AFDF7C1FD0C9801F01CFD92
:1094800019E0C548FDF796FFC348FDF789FE0C9823
:10949000D0F8F00000EBC000BE4931F820000146D2
:1094A0000890BD48FDF7BEFD0C99C1F8F4000C987A
:1094B00001F002FD00BF00BF0C9802F06DFA41F20E
:1094C000D0110B98884270D1B548807909282DD2E7
:1094D000DFE800F02C052D555F7AA7C6FE000C983A
:1094E00090F8D800401E08901DE0089800EBC001DD
:1094F000AC4800EBC10090F8440088B10898C1B2B4
:109500000C9880F8D8100C9801F04EFF0C9801F0E0
:109510009BFD0C9801F07EFF0C9802F00FFB05E01C
:109520000898401E089008980028DEDA52E10C984E
:1095300090F8D800401C08901DE0089800EBC0018E
:10954000984800EBC10090F8440088B10898C1B277
:109550000C9880F8D8100C9801F026FF0C9801F0B8
:1095600073FD0C9801F056FF0C9802F0E7FA05E045
:109570000898401C089008980628DEDD2AE10C981F
:1095800090F8D8008749091FC8700C9801F05CFD5D
:1095900020E10C9890F8D80000EBC001814800EB66
:1095A000C100807810B9012101E014E100210C987C
:1095B00090F8D80000EBC0027A4800EBC20081703E
:1095C0000C9801F041FD05E10C9890F8D800089046
:1095D0000C9890F8D80000EBC001724800EBC10075
:1095E000C0780523079001466F48089A06F08EFA66
:1095F00000210C9890F8D80000EBC002694800EBFD
:10960000C20081710C9890F8D80000EBC002654848
:1096100000F832100C9801F017FD0C9801F0C4FE10
:10962000D8E062480078401CC0B2604908700A283F
:1096300015DD002008700C9890F8D80008900C9860
:1096400090F8D80000EBC001564800EBC100C0788C
:109650001423079001465448089A06F057FAB9E0D7
:1096600053480078401CC0B2514908700A287CDB7E
:10967000002008700C9890F8D800401C062801DDE6
:10968000002003E00C9890F8D800401CC0B208906D
:109690000021089802910391CDE904101220CDE930
:1096A00000100C9890F8D80000EBC0013D4800EB8A
:1096B000C100C0784FF4E00101EB40310C9890F804
:1096C000D80001EB80203B49097800EBC10100E0A4
:1096D00074E038484078084400230122014607908E
:1096E000344805F0A9FA1E212C4805F08FFC002013
:1096F0000290039004900590009001900C9890F8CF
:10970000D80000EBC001274800EBC100C0784FF43F
:10971000E00101EB40310C9890F8D80001EB80207B
:109720002449097800EBC100224949780844002304
:109730000222014607901F4805F07EFA1E211748B5
:1097400005F064FC002002900390049005900090C6
:1097500001900C9890F8D80000EBC001114800EB84
:10976000C100C0784FF4E00100E026E001EB403199
:10977000089801EB80200F49097800EBC1000D49E2
:10978000497808440023022201460790094805F061
:1097900053FA11E06C05002070470020C01B002028
:1097A0009C380020F41E0020C40400201405002072
:1097B00015050020E02D002000BF0BE0FE4840789A
:1097C00008B9012000E00020FB4948700C9801F026
:1097D0003BFC00BF00BF41F270110B9888422BD1B7
:1097E000F6488079012802D0022824D111E0F448FB
:1097F000007828B9F348007810B9F348007808B128
:10980000172000E00A20014608900C98FEF716FA8F
:1098100011E0EB48007828B9EA48007810B9EA4826
:10982000007808B1172000E00920014608900C9844
:10983000FEF704FA00BF00BF41F26B110B9888429B
:109840000BD1DE4880790890E04890F84C000790F2
:109850000146DE48089A07F015FB41F253110B98B8
:10986000884271D1D5488079032804D0042816D0C5
:1098700005286BD126E0D248007808B9FFF782BBF3
:10988000CF48407808B9012100E00021CC48417060
:109890004078014608900C9802F08AFB9FE0C94886
:1098A000007800B9EAE7C748407808B9012100E02C
:1098B0000021C44841704078014608900C9802F09D
:1098C00045FA8CE0C14890F84C0000EB4001BF48DD
:1098D000103010F8110000B9D0E7BC4890F84C00E7
:1098E00000EB4001B948103000EB4100407808BB64
:1098F000B64890F84C0000EB4001B448103010F826
:109900001100012801D1642009E0B04890F84C0012
:1099100000EB4001AD48103000EB4100807808902A
:10992000AA4890F84C0007900146A848089A07F00A
:10993000A9FA08E0A54890F84C00002201460890DA
:10994000A24807F09FFA4AE04AE0FFE79B48807987
:10995000801FC0B208900898092807DC089800EB1F
:1099600040019A48103010F8110000B986E70898B5
:1099700000EB40019548103000EB4100079007983C
:10998000007801280ED10798407808B9012000E03E
:10999000002064214843024606908C48089907F04D
:1099A00071FA1BE007980078022817D1874890F8D1
:1099B0004C100898814204D08449089881F84C00E2
:1099C0000CE00798407810B90798807800E00020F4
:1099D000024606907D48089907F054FA00BF00BF80
:1099E00041F256110B98884218D1744880790128A9
:1099F00002D0022811D10BE07448007808B102208F
:109A000000E00B20014608900C98FEF717F904E0DF
:109A10000B210C98FEF712F900BF00BF41F2F301D1
:109A20000B98884215D10C98C07890B9684890F886
:109A3000320070B96148807903280AD10C984078C7
:109A400008B9012100E000210C9841700C9802F047
:109A500037FA41F205010B9888421DD10C98C07865
:109A6000D0B956488179407901EB002006900DF07D
:109A7000EDFF4FF0814107900DF0EAFE08900DF0E8
:109A8000A9FF01B2534890F849201E3020F8121067
:109A900001210C9880F8AE1041F206010B98884223
:109AA0001DD10C98C078D0B944488179407901EB38
:109AB000002006900DF0CAFF4FF0814107900DF095
:109AC000C7FE08900DF086FF01B2424890F8492089
:109AD000283020F8121001210C9880F8AE1041F2C5
:109AE000C6010B98884209D10C98C07830B9334828
:109AF0008079014608900C9801F0FCFC41F2F601D7
:109B00000B98884240D10C98C07880BB2B48807954
:109B1000012839D12F4890F84910405C012833D1F1
:109B20002C4890F849101430405C02282CD0294869
:109B300090F849107A30405C08B9012100E000211A
:109B4000244890F849207A3081547A3890F84910A6
:109B50007A30405C60B1002241F20D010C9802F0B5
:109B6000E3FDFF2241F22A110C9802F0DDFD0BE02B
:109B7000012241F20D010C9802F0D6FD012241F2C2
:109B80002A110C9802F0D0FD41F244010B98884252
:109B900008D10A488179407901EB002081B20C9804
:109BA000A0F87C1041F231010B98884224D10C9826
:109BB00090F86F0001490FE0F01E00209C38002053
:109BC000D41E0020E21E0020A4230020E823002051
:109BD000301E0020441D0020897988420CD0FE48A8
:109BE00081790C9880F86F100C9890F86F000146FE
:109BF00008900C98FFF708F841F230010B98884262
:109C000013D10C9890F86F00F349097A88420CD070
:109C1000F148017A0C9880F86F100C9890F86F005A
:109C2000014608900C98FEF7EFFF0B9810283CD1E6
:109C30000C9890F8D900C0BBE74841790C98C0F85F
:109C4000B010E54881790C98C0F8B410E248C179A9
:109C50000C98C0F8B810E048017A0C98C0F8BC1015
:109C6000DD48417A0C9880F8C010DB48817A0C9866
:109C700080F8C110D848C17A0C9880F8C2100C98AE
:109C800090F8C11080F86C100C9890F8C01080F813
:109C90006B100C9890F86D00022819D10C9890F870
:109CA000C0000C2802DB022101E094E001210C98A5
:109CB00080F86A100C9890F8C0000C280CDD0C9805
:109CC00090F8C0000C38C1B20C9880F86B1003E01B
:109CD00000210C9880F86A100C9800F01DFF0C9879
:109CE00090F8C41090F8C300C0EB001001EB8000A6
:109CF00008900C9890F8C61090F8C500C0EB0010C2
:109D000001EB800107910C9890F8C11090F8C00009
:109D1000C0EB001001EB800006900C9890F88700D3
:109D2000059001210C9880F88710DDE90710884222
:109D30000BDA08990698884207DBDDE906018842BC
:109D400003DA00210C9880F88710DDE907108842BB
:109D50000BDD08990698884203DADDE9060188429E
:109D600003DA00210C9880F887100C9890F887107F
:109D7000059881422ED00C9890F8E30070B90C98A9
:109D800090F8840004900C9890F882004FF47A7355
:109D900003900146049A0C98FEF7DAFF0C9890F8AD
:109DA000870008B9012000E00020024641F22101AD
:109DB00004900C9802F0B8FC0C9890F8870008B159
:109DC000012000E00020024641F2220104900C989C
:109DD00002F0AAFC00BF41F223010B98884211D186
:109DE0007D48817A407A01EB0020401E81B20C98B8
:109DF000A0F868100C9890F86800014608900C983C
:109E0000FDF724FE41F224010B98884213D10C98EF
:109E1000C07880B9714890F849107A30405C50B1F0
:109E20006D488179407901EB0020C1B26B4890F810
:109E300049203230815441F246010B98884204D1C6
:109E4000654881790C9880F8791041F22C010B98C3
:109E500088421AD10C98B0F882005F49897988420B
:109E600013D05D4881790C98A0F882100C9890F876
:109E7000840008900C9890F882004FF47A73079051
:109E80000146089A0C98FEF763FF41F22D010B98EA
:109E900088421AD10C98B0F884004F4989798842D9
:109EA00013D04D4881790C98A0F884100C9890F844
:109EB000840008900C9890F882004FF47A73079011
:109EC0000146089A0C98FEF743FF41F233010B98C4
:109ED00088420BD10C9890F86D003F4989798842EF
:109EE00004D03D4881790C9880F86D100B981428A7
:109EF0007ED13948807908900C9890F87E100898A7
:109F0000814276D00C9890F87E00072815D1052262
:109F100041F230010C9802F001FA3148B0F9060024
:109F2000014607900C9801F0F1FC2E48B0F90600AC
:109F3000014607900C9801F073FB0C9890F87E0096
:109F4000032805D1012241F233010C9802F0E6F911
:109F5000089809283ED10020079038E0079800EBC8
:109F6000C001214800EBC10090F8440058B3FF2025
:109F700000901D48001FC07806901B48001FC07845
:109F800000EBC001184800EBC100C0781223059017
:109F900001461648069A05F0E5FDFF20009012489C
:109FA000001FC07806901048001FC07800EBC00169
:109FB0000D4800EBC100C0781C23059001460B48FA
:109FC000069A05F0CFFD0798401CC0B2079007988D
:109FD0000728C3DB08980DE09C380020441D0020B2
:109FE000E21E0020D41E0020F41E0020C404002025
:109FF0004BE026E00C2803D1F749F84800F0A3FF16
:10A000000898032818D10C9890F8C11090F8C00057
:10A01000CDE900010C9890F8B80007900C9890F8E2
:10A02000B40006900C9890F8B00005900146DDE968
:10A0300006230C9801F03AF9E84890F87E1080F871
:10A040009A100C99089881F87E00E44890F87E00F8
:10A05000E24991F89A10884203D10120DF4981F842
:10A060009A000C9890F87E0018B914210C9880F88A
:10A0700086100C9890F87E00012801DD012100E097
:10A0800000210C9880F87F1000BF41F237010B9837
:10A0900088421ED1D2488179407901EB002080B2FC
:10A0A0000A9006210A9890FBF1F0C1B20C9880F852
:10A0B000C31006210A9890FBF1F201FB120000EB9D
:10A0C00080004006010E0C9880F8C4100C9801F036
:10A0D00023FB41F238010B9888421ED1C048817998
:10A0E000407901EB002080B209900621099890FB8D
:10A0F000F1F0C1B20C9880F8C5100621099890FBC8
:10A10000F1F201FB120000EB80004006010E0C98FA
:10A1100080F8C6100C9801F0EBFD41F234010B9869
:10A12000884214D1AE488179407901EB0021AB48D7
:10A13000B0F8620081420AD0A9488179407901EBE8
:10A14000002080B2014608900C9800F043FD45F2D3
:10A1500070110B98884206D1A04A8C32A049491D43
:10A160000C9800F030FE41F254010B9888421CD14B
:10A170009C4890F837009A498979884215D09848C8
:10A18000807908B1012100E00021964880F837105D
:10A1900090F8370030B19148B0F87C00C0EB001067
:10A1A000800000E000208F49C86441F255010B98FF
:10A1B000884230D100208C4908608C480068401CDF
:10A1C0008A490860142808D9002188480160884815
:10A1D000007880F0010086490870824890F83300CA
:10A1E0007F498979884216D07D48807908B101205D
:10A1F00000E000207B4981F83300084690F83300E6
:10A2000030B17648B0F87C00C0EB0010800000E070
:10A2100000207449C86341F256010B98884228D146
:10A2200000217248016070480068401C6E49086057
:10A23000142801D900BFFEE76A4890F83400684945
:10A240008979884215D06648807908B1012100E0FB
:10A250000021644880F8341090F8340030B15F4831
:10A26000B0F87C00C0EB0010800000E000205D49E9
:10A27000086460480078E8B341F213110B988842F3
:10A280002AD1584890F8380055498979884223D016
:10A290005348807908B1012100E00021514880F83D
:10A2A000381090F8380030B14C48B0F87C00C0EB62
:10A2B0000010800000E000204A490865084690F838
:10A2C000380008B1012000E00020024641F21011E0
:10A2D00008900C9802F028FA41F214110B98884269
:10A2E0002CD1404890F839003D498979884225D0E1
:10A2F0003B4800E052E0807908B1012100E00021F4
:10A30000384880F8391090F8390030B13348B0F847
:10A310007C00C0EB0010800000E00020314948655F
:10A32000084690F8390008B1012000E000200246FC
:10A3300041F2111108900C9802F0F6F941F2151152
:10A340000B9888422AD1274890F83A002449897905
:10A35000884223D02248807908B1012100E0002101
:10A36000204880F83A1090F83A0030B11B48B0F815
:10A370007C00C0EB0010800000E0002019498865D7
:10A38000084690F83A0008B1012000E0002002469B
:10A3900041F2121108900C9802F0C6F941F2B50191
:10A3A0000B98884228D10E488179407901EB002032
:10A3B000A0F5FA600C99C1F8C8000C98B0F8C80074
:10A3C00000F5FA6000B2024641F2B00108900C9824
:10A3D00002F0AAF941E00000EE20002060430020D6
:10A3E0009C380020301E00200C05002010050020A5
:10A3F0003C040020A423002041F2B6010B988842BF
:10A400002BD1FC4881790C98C0F8CC100C98D0F86E
:10A41000CC000C280ED90C210C98C0F8CC100C984C
:10A42000B0F8CC0000B2024641F2B60108900C9898
:10A4300002F07AF90C98B0F8CC0000B2024641F272
:10A44000B10108900C9802F06FF90C9890F8D000C8
:10A45000E849887141F2B7000B9041F2B7010B98BF
:10A4600088422CD1E34881790C98C0F8D0100C9820
:10A47000D0F8D010D0F8CC00DF4A105C814212D95D
:10A480000C98D0F8CC001146095C0C98C0F8D0109C
:10A490000C98B0F8D00000B2024641F2B701089023
:10A4A0000C9802F041F90C98B0F8D00000B20246C6
:10A4B00041F2B20108900C9802F036F99AE241F2AA
:10A4C000B8010B98884222D1CA4881790C9880F84B
:10A4D000D4100C9890F8D40017280DDD17210C9893
:10A4E00080F8D4100C9890F8D400024641F2B801DC
:10A4F00008900C9802F018F90C9890F8D4000246D5
:10A5000041F2B30108900C9802F00EF972E241F2A8
:10A51000B9010B98884222D1B64881790C9880F80D
:10A52000D5100C9890F8D5003B280DDD3B210C98F8
:10A5300080F8D5100C9890F8D500024641F2B90188
:10A5400008900C9802F0F0F80C9890F8D5000246AC
:10A5500041F2B40108900C9802F0E6F84AE241F2A8
:10A56000BA010B9888421AD100220C9890F8D510A5
:10A5700090F8D4008DE807000C9890F8D00008906F
:10A580000C9890F8CC0007900C9890F8C8000690B2
:10A590000146DDE907230C9802F086F82AE20B98C1
:10A5A00016282AD19348017AC07901EB00210C9832
:10A5B000B0F8E400814209D18E48817A407A01EBFB
:10A5C00000210C98B0F8E600814203D000210C98DD
:10A5D000A0F8E0108748017AC07901EB002081B231
:10A5E0000C98A0F8E4108348817A407A01EB0020AF
:10A5F00081B20C98A0F8E610FCE141F26B010B98D7
:10A60000884220D10C98B0F89C007A498979C1EB36
:10A610000111B0EB810F16D076488079C0EB0010A5
:10A6200081000C98A0F89C1072488079062801D10E
:10A63000002000E00220024641F26C0108900C98D4
:10A6400002F072F8D6E141F203010B98884208D17A
:10A650006848807908B1012100E000210C98C170A0
:10A66000C8E141F26A010B9888420FD1634890F823
:10A670009A00152803D10120604981F89A000C98AE
:10A6800001F0FAFC0C9800F0E1FAB3E141F2F101BB
:10A690000B9888420CD1574880790C2808D10C9827
:10A6A00090F89A00014608900C98FDF7C7FAA1E1CE
:10A6B00041F2F0010B98884222D14E48807913284C
:10A6C0001ED14F4805F02AF84E48C07808904D48F2
:10A6D000C07800EBC0014B48001D00EBC100C07802
:10A6E0000523079001464848089A05F00FFA47A14C
:10A6F0000C9800F028FC00210C98FEF767FB79E12C
:10A7000041F2F4010B9888423CD10C98C078C8BB48
:10A7100038488079032813D101210C9841713C48B5
:10A7200090F8950078BB012241F23A110C9801F0A3
:10A73000FBFF384804F07EFC0C99C1F8EC0055E0B2
:10A740003548007820B33548007808B32948807927
:10A7500004280ED13048407808B9012000E00020DC
:10A760002D49487008464078014608900C9801F041
:10A770001FFC20488079052838D12848407818B92E
:10A78000012002E04CE031E00020244948702DE037
:10A790002148007880B117488079042803D01548F3
:10A7A0008079052808D11C48407808B9012000E0CC
:10A7B00000201949487019E018480078B0B10D48D8
:10A7C0008079042803D00B48807905280ED11348DE
:10A7D000407808B9012000E0002010494870084680
:10A7E0004078014608900C9801F0B0FA0020014929
:10A7F0008871FFE09C3800209482030860430020A9
:10A80000EC200020F01E0020C404002020000000E6
:10A81000301E0020C01B0020D41E0020E21E00209D
:10A8200041F2F5010B9888424ED10C98C078E8BBF4
:10A830007248807908900898302813D1704890F8B1
:10A8400049006F49085C00F0010058B1084690F8D3
:10A8500049101430405C28B10021694890F8492023
:10A86000143081540898312814D1654890F8490073
:10A870006349085C00F0010060B1084690F8491097
:10A880001430405C012805D001215D4890F8492032
:10A89000143081540898322815D1594890F849004D
:10A8A0005749085C01280ED1084600E00CE090F8FA
:10A8B00049101430405C022805D00221504890F81D
:10A8C00049201430815495E041F26D010B98884283
:10A8D0000BD14A488179407901EB002080B20146D2
:10A8E00008900C9800F0A0FA84E041F26E010B98F9
:10A8F00088420BD141488179407901EB002080B238
:10A90000014608900C9800F053FB73E041F2690196
:10A910000B98884215D100210C9880F8A010374878
:10A920008179407901EB00200A2863D116210C9827
:10A93000FDF784F9002241F269010C9801F0F4FE60
:10A9400058E041F27C010B9888420CD12B48817968
:10A95000407901EB002080B20246002108900C985B
:10A9600001F07AF946E041F27D010B9888420CD162
:10A9700022488179407901EB002080B20246012112
:10A9800008900C9801F068F934E041F27E010B98D0
:10A9900088420CD119488179407901EB002080B2BE
:10A9A0000246022108900C9801F056F922E041F28B
:10A9B0007F010B9888420CD110488179407901EBD6
:10A9C000002080B20246032108900C9801F044F95F
:10A9D00010E041F281010B9888420BD10748817940
:10A9E000407901EB002080B20246042108900C98C7
:10A9F00001F032F900BFFEF7C5BA00009C38002014
:10AA0000441D00202DE9F04104460D461E48007803
:10AA100008B3052241F25B01204601F085FE94F85F
:10AA20006F00012808D128460DF010F80746394676
:10AA3000204600F08DF900E028460646324641F2F5
:10AA40007A01204601F070FE0F48B0F9061020464A
:10AA500000F0E6FD11E0012241F25B01204601F029
:10AA600063FE052241F26701204601F05DFEFF22F0
:10AA700041F26501204601F057FE03484178204627
:10AA800001F096FABDE8F081D41E002070B50446AE
:10AA900094F8AE0018B1002084F8AE0070BD94F8B0
:10AAA0008600DE2800D0F9E71A4890F849101E30D9
:10AAB00030F81100800002B241F20501204601F099
:10AAC00033FE144890F84910283030F81100800007
:10AAD00002B241F20601204601F026FE0D4991F82E
:10AAE00049201E3131F912000CF0B0FF054629460D
:10AAF0002046FEF789F9074991F84920283131F9B4
:10AB000012000CF0A3FF05462946204600F0EEF89F
:10AB100000BFC3E7441D002010B5044694F86A2026
:10AB200041F23E01204601F0FFFD94F86C0094F8DC
:10AB30006B1001EBC10303EB011100EB810002B2CA
:10AB40004FF48251204601F0EFFD10BD2DE9F04198
:10AB500004460D461E48007808B3052241F25C0108
:10AB6000204601F0E1FD94F86F00012808D1284645
:10AB70000CF06CFF07463946204600F0E9F800E08B
:10AB800028460646324641F27B01204601F0CCFDC4
:10AB90000F48B0F90610204600F0B8FE11E001227F
:10ABA00041F25C01204601F0BFFD052241F268013F
:10ABB000204601F0B9FDFF2241F26601204601F076
:10ABC000B3FD03484178204601F0C0F8BDE8F081AC
:10ABD000E21E002070B505460C461B48A0F86240F6
:10ABE000182C0CDA22B241F22E01284601F09CFD0D
:10ABF000002241F22F01284601F096FD0FE01820B7
:10AC000094FBF0F006B2324641F22E01284601F0E4
:10AC10008BFD012241F22F01284601F085FD602CB9
:10AC200007DD002085F8640064200749A1F8620070
:10AC300002E0022085F8640095F8642041F23501B5
:10AC4000284601F071FD70BD6043002010B5044638
:10AC500034F8E00F401C208034F8E009B0F5AF7FF5
:10AC600003DB4FF4AF70A4F8E0001E4890F87E00BC
:10AC70000E2802D10020A4F8E0001B48008810B183
:10AC80000020A4F8E000B4F8E000B4F89C1088427A
:10AC900011DD94F8E30018BB4FF47A7300221146DB
:10ACA0002046FEF755F8012084F8E30015212046E0
:10ACB000FCF7C4FF14E094F8E30088B194F8842012
:10ACC00094F882104FF47A732046FEF741F8002082
:10ACD00084F8E300034890F89A102046FCF7AEFF92
:10ACE00010BD000060430020EC20002070B5044639
:10ACF0000D4694F86F00012804D129460A4804F053
:10AD0000BBF9054628460CF081FE06B2324641F2F8
:10AD10004301204601F008FD94F86F2041F236010E
:10AD2000204601F001FD70BDC01B002070B5044637
:10AD30000D4694F86F00022801D1284670BD2846C0
:10AD40000CF084FE06463146204600F001F8F5E797
:10AD50002DE9F04180460C46084920460CF0D6FE0D
:10AD6000074607490CF074FD064606490CF002FD43
:10AD700005460CF02FFE00B2BDE8F0810000104146
:10AD80000000A0400000024270B504460D46164681
:10AD900094F88600DE2804D132462946204601F088
:10ADA000C3FC70BD70B505460C4695F8860050286A
:10ADB00000DA70BD6423224645F25051284600F067
:10ADC00047FA00BFF5E7F0B507460D46002101261A
:10ADD0000323102423E0A4F1010C15F80C00302803
:10ADE0000EDB39280CDCA0F1300C06FB0C1C0CF03F
:10ADF000FF0106EB860C4FEA4C6C4FEA1C660CE038
:10AE00002E280AD10126D1540021002B04DDA3F104
:10AE1000010C0CF0FF0300E003E0601E44B2002CC4
:10AE2000D9D11170F0BD00002DE9F04706460C465F
:10AE30001D48007808B1642C0ADD1B48007828B949
:10AE4000012241F25B01304601F06EFCBDE8F08763
:10AE500020460CF013FE814614490CF057FE804644
:10AE600013490CF0F5FC074612490CF083FC05462B
:10AE700028460CF0AFFD00B20B49C88096F86F0071
:10AE8000012804D129463046FFF762FF03E0284637
:10AE90000CF0A0FD00B207463A4641F27A01304676
:10AEA00001F042FC00BFD1E7D41E00200000E841C1
:10AEB0000000C8420000404010B5C2B00446B4F8DB
:10AEC000F40002B241F25211204601F02DFCD4F8F8
:10AED000F00000EBC0000B4901EB800040680090DF
:10AEE000D4F8F00000EBC00031F8203006A24FF497
:10AEF000807102A8F5F7F8F902A92046FFF752FF82
:10AF000042B010BD6C0500202564202D2025730063
:10AF100070B505460C46224641F20201284601F072
:10AF200003FC70BD70B506460C46154696F88600C3
:10AF3000502800DA70BD142322462946304600F01E
:10AF400087F900BFF6E730B5C1B005460C4695F865
:10AF50008600502801DA41B030BD4FF4807201A95B
:10AF60002046F8F7F3FAC82301AA4FF4A041284677
:10AF700000F06EF900BFEEE72DE9F043A1B0814685
:10AF80000C4615466846F9F7DDF882216846F9F760
:10AF90008FF8804621B2F9F7BCF8074629B2F9F7D5
:10AFA000B8F80646F9F774F821B0BDE8F083000060
:10AFB0002DE9F04706460C462048007808B1642C7D
:10AFC0000ADD1E48007828B9012241F25C013046B2
:10AFD00001F0AAFBBDE8F08720460CF04FFD824649
:10AFE00017490CF093FD814616490CF031FC804660
:10AFF00000210CF0BFFB054628460CF0EBFC00B22C
:10B000000E49C88096F86F00012804D129463046C1
:10B01000FFF79EFE03E028460CF0DCFC00B207467A
:10B020003A4641F27B01304601F07EFB22B241F20A
:10B030006E01304601F078FB00BFCBE7E21E002036
:10B040000000A0420000C8422DE9F04FB9B005460B
:10B0500095F8D80000EBC001794800EBC10400204E
:10B06000389000BF0DE0E178764A12F81020914246
:10B0700005D1744901EB40014978389103E0411C46
:10B08000C8B20828EFD300BF17A8F9F75BF84FF450
:10B090006161A06BB0FBF1F000B21690606BB0FB89
:10B0A000F1F000B215906849E0680CF02FFD82467F
:10B0B0000CF090FC00B20F906349A0680CF026FDE4
:10B0C00082460CF087FC00B20D906049206A0CF0BB
:10B0D0001DFD82460CF07EFC00B20B90B4F92810E6
:10B0E0002846FFF723FE0990B4F926102846FFF7FB
:10B0F0001DFE0890B4F924102846FFF717FE0690AD
:10B100005249E0690CF002FD03900CF063FC00B2C0
:10B110008221059017A8F8F7CBFF41F2B0110090FB
:10B12000F8F7F7FF0190207808B1022000E060787E
:10B1300001460198F8F7EDFF0290A08A01B202984B
:10B14000F8F7E7FF0390208B01B20398F8F7E1FFCF
:10B1500004900599F8F7DDFF83460699F8F7D9FFC3
:10B1600007900899F8F7D5FF82460999F8F7D1FFBB
:10B170000A900B99F8F7CDFF0C900D99F8F7C9FFDD
:10B180000E900F99F8F7C5FF109095F8D810F8F7C2
:10B19000C0FF1190A07808B9012000E00020284AE3
:10B1A000121F9278022A01DA012200E0002202EB4B
:10B1B000820200EB42011198F8F7ABFF1290204891
:10B1C000001FC07895F8D820904201D1012000E0FE
:10B1D00000201B4A121F9278022A01DA012200E0A5
:10B1E000002202EB820200EB42011298F8F791FF75
:10B1F00013903899F8F78DFF14901599F8F789FF97
:10B2000081461699F8F785FF80460D48001F417862
:10B210004046F8F77EFF07460948001F807801285E
:10B2200001DD012000E0002000EB800041003846F5
:10B23000F8F76FFF0646F8F72BFF39B0BDE8F08F3F
:10B24000F41E0020B4850308000020410000C8421D
:10B250002DE9F043A1B081460F4615461E466846CB
:10B26000F8F770FF82216846F8F722FF804639B26E
:10B27000F8F74FFF002406E02046621CD4B2295C98
:10B280006846F8F737FF285D08B1B442F4DB05E003
:10B2900020216846F8F72EFF601CC4B2B442F7DBE9
:10B2A0006846F8F7F5FE21B0BDE8F0832DE9F04FD0
:10B2B000C7B004460F4615461E46DDF84491DDF83A
:10B2C000408194F88600DE2802D047B0BDE8F08FB8
:10B2D000012D01DB0C2D00DD0125012E01DB1F2ED0
:10B2E00000DD0126B8F1170F01DD4FF00C08B9F1B0
:10B2F0003B0F01DD4FF01E09C4F8C870CC2005518A
:10B30000D020065184F8D48084F8D5900021D6202E
:10B31000015526A8F8F716FF822126A8F8F7C8FEDF
:10B3200041F2B0010090F8F7F4FE019007F5FA60E1
:10B3300001B20198F8F7EDFE83462946F8F7E9FED9
:10B3400082463146F8F7E5FE41460290F8F7E1FE05
:10B3500049460390F8F7DDFE0490F8F799FE05A83A
:10B36000F8F7F0FE822105A8F8F7A2FE41F2B50138
:10B370000090F8F7CEFE83463946F8F7CAFE294614
:10B380000190F8F7C6FE31460290F8F7C2FE8246F9
:10B390004146F8F7BEFE49460390F8F7BAFE04901E
:10B3A000F8F776FE00BF90E770B5B0B005462022F2
:10B3B00040216846F5F7B7F900208DF83F0095F871
:10B3C000D80000EBC0010F4800EBC104A07978B1B0
:10B3D000A1790D4804F002F90646A27933460BA183
:10B3E00010A8F4F76DFF4022694610A8F8F7AEF8F0
:10B3F00020236A4645F650012846FDF7D9FB30B0B8
:10B4000070BD0000F41E0020EC2000202564202DDB
:10B410002025730070B58AB004462022222101A89D
:10B42000F5F781F994F8D80000EBC0010B4800EB68
:10B43000C1056A7929792046FDF796FB0646324612
:10B4400007A101A8F4F73CFF202301AA45F250719F
:10B450002046FDF7ADFB0AB070BD0000F41E0020D1
:10B460002573000070B504461F4890F8950060BB36
:10B470006079002837D01D4803F0DCFDD4F8EC10CB
:10B48000401AB0F5967F2ED9184803F0D3FD42F24A
:10B4900010710844C4F8EC0000206071002508E039
:10B4A0000121134841552946204600F063F9681CE4
:10B4B000C5B2052DF4DB607818B9207808B90120F1
:10B4C0002070204600F0D4FC0DE0607958B10020D7
:10B4D0006071054890F8960008B9012000E000204E
:10B4E000014981F8960070BD301E0020C01B00206D
:10B4F000581D002070B504460E46414890F849108A
:10B5000004F14C0020F8116035463D4890F8491090
:10B510001430405CA84200D170BD394890F8490011
:10B520003749085C012802D0022D00D1002534489B
:10B5300090F8491014304554012D1ED1143890F85C
:10B54000491004F11A0030F8110002B241F226014C
:10B55000204601F0E9F82A4890F84930A01D30F85B
:10B56000130002B2264890F8493004F1420030F846
:10B570001310204601F0D8F840E0022D1FD12048DA
:10B5800090F8491004F1380030F8110002B241F28D
:10B590002601204601F0C8F8194890F8493004F116
:10B5A0002E0030F8130002B2154890F8493004F12B
:10B5B000420030F81310204601F0B6F81EE01048A3
:10B5C00090F8491004F1240030F8110002B241F261
:10B5D0002601204601F0A8F8094890F8493004F106
:10B5E000100030F8130002B2054890F8493004F119
:10B5F000420030F81310204601F096F800BF8BE7A8
:10B60000441D002070B50446204600F0D1FB05B271
:10B610002A464FF48051204601F086F870BD0000A4
:10B620002DE9F04705460C461D48007838B901223F
:10B6300041F25B01284601F077F8BDE8F087032C62
:10B6400001DB202C00DDF8E7E01E0CF0FFF981465D
:10B6500014490CF0FDF8804613490CF057FA0746E0
:10B660000CF0D4F986B295F86F00012808D1204675
:10B670000CF0ECF9804641462846FFF769FB00E0F4
:10B68000204607463A4641F27A01284601F04CF836
:10B6900032B241F26D01284601F046F800BFCCE716
:10B6A000D41E00200000E8410000C8422DE9F05FF0
:10B6B00006460C46154696F86F00012806D105EBA4
:10B6C000C500052190FBF1F000B200E0284680465D
:10B6D00005F10A000CF0BAF983460D490CF0B8F8F0
:10B6E00082460C490CF012FA81460CF08FF987B2B1
:10B6F00041F2820021184246304601F015F841F22D
:10B700007C0021183AB2304601F00EF8BDE8F09FF7
:10B710000000A0410000204270B50446C320055D32
:10B7200094F86D0002280FD10C2D00DB00E0012001
:10B73000024641F23D01204600F0F6FF0C2D09DDE6
:10B74000A5F10C0085B205E0002241F23D01204642
:10B7500000F0EAFF94F8C40005EBC50101EB051108
:10B7600000EB810002B241F24E01204600F0DCFF06
:10B7700070BD000070B505460C465148005D0328B9
:10B7800001D1012000E00020064695F88600DE2861
:10B7900000D070BD4A48005D00F0010000B9F8E734
:10B7A00005F14C0030F8141045481430005D81421A
:10B7B00000D1EEE742481430015D05F14C0020F85D
:10B7C00014103F481430005D012825D13C4890F802
:10B7D0004900A04214D105F11A0030F8140002B259
:10B7E00041F22601284600F09FFF35481430005DE5
:10B7F00006EB4601421841F2C601284600F094FFCC
:10B80000A81D30F8140002B205F1420030F81410FF
:10B81000284600F089FF51E029481430005D0228D5
:10B8200026D1274890F84900A04214D105F13800EC
:10B8300030F8140002B241F22601284600F074FFED
:10B840001F481430005D06EB4601421841F2C60164
:10B85000284600F069FF05F12E0030F8140002B20E
:10B8600005F1420030F81410284600F05DFF25E095
:10B87000134890F84900A04214D105F1240030F893
:10B88000140002B241F22601284600F04DFF0C4898
:10B890001430005D06EB4601421841F2C60128460D
:10B8A00000F042FF05F1100030F8140002B205F17B
:10B8B000420030F81410284600F036FF00BF68E759
:10B8C000441D002010B5044601210848FDF77EFA0A
:10B8D00007A10648FFF737FB0C210448FCF7AEF937
:10B8E0004FF4FA71084803F091FB10BD604300204B
:10B8F00055706461746520696E2070726F6772653F
:10B9000073732E2E2E000000C01B00202DE9F0477F
:10B9100005460C461D48007838B9012241F25C0109
:10B92000284600F001FFBDE8F087002C01DB502C19
:10B9300000DDF8E720460CF089F8814614490BF049
:10B9400087FF804613490CF0E1F807460CF05EF8DB
:10B9500086B295F86F00012808D120460CF076F8E1
:10B96000804641462846FFF7F3F900E020460746A7
:10B970003A4641F27B01284600F0D6FE32B241F24F
:10B980006E01284600F0D0FE00BFCCE7E21E00208A
:10B990000000A0420000C84210B5044644480278A6
:10B9A0004FF48A51204600F0BFFE4148427841F2F0
:10B9B0004111204600F0B8FE3D48827841F2421124
:10B9C000204600F0B1FE3A48C27841F243112046C9
:10B9D00000F0AAFE3648027941F24411204600F0F8
:10B9E000A3FE34480078C0EBC00101EB001241F225
:10B9F0004511204600F098FE2F480078C0EBC001AA
:10BA000001EB001241F24611204600F08DFE28485D
:10BA100090F83F00021D41F24711204600F084FEDD
:10BA2000234890F84000021D41F24811204600F0E2
:10BA30007BFE1F4890F84100021D41F2491120464B
:10BA400000F072FE1A4890F84200021D41F24A11BD
:10BA5000204600F069FE164890F84300021D41F2AE
:10BA60004B11204600F060FE1248007A021D41F2A0
:10BA70004C11204600F058FE0F48807A021D41F21A
:10BA80004D11204600F050FE0A48007B00F10C02E8
:10BA900041F24E11204600F047FE0748C07A00F1FF
:10BAA0000C0241F24F11204600F03EFE10BD000096
:10BAB000441D0020D41E0020E21E00202DE9F0418C
:10BAC00080460F461546002600240FE0AA19395D6E
:10BAD0004046FBF78DFF3044C6B2032C04DA2E2219
:10BAE0003046711CCEB22A54601CC4B2042CEDDB6B
:10BAF000BDE8F0812DE9FF4105460E4617461C467C
:10BB0000022C05D13A460BA16846F4F7D9FB04E0B4
:10BB10003A4609A16846F4F7D3FB6846F4F752FDAC
:10BB200000F0FF0843466A4631462846FDF740F8D4
:10BB3000BDE8FF81257800002564000030B58BB09A
:10BB400005462022222102A8F4F7EDFD95F8D80041
:10BB500000EBC0010C4800EBC1042D20005D2C213E
:10BB6000095DCDE900102B20035D94F82A2007A180
:10BB700002A8F4F7A5FB202302AA45F620012846D7
:10BB8000FDF716F80BB030BDF41E002025642E25FD
:10BB9000642E25642E25640010B5044694F88600B2
:10BBA000DE2800D010BD00200F49A1F8E0000846B3
:10BBB00090F87E00152802D1012081F89A000E210C
:10BBC0002046FCF73BF8002004F8780F6070227BD9
:10BBD000A17A783C4FF47A732046FDF7B9F800203B
:10BBE00084F8E30000BFDDE76043002070B5044641
:10BBF0000D46074890F8E80008B1002000E028460C
:10BC000002B241F21611204600F08EFD70BD000018
:10BC1000101C00202DE9F04104460D460D48007827
:10BC200070B194F86F00012808D128460BF00EFF80
:10BC3000074639462046FFF78BF802E0284600E029
:10BC4000FF200646324641F26501204600F06CFDB9
:10BC5000BDE8F081D41E00202DE9F04706460C46D1
:10BC60001546282D01DDBDE8F08728460BF006FFBC
:10BC7000824619490BF04AFF814618490BF0E8FD4E
:10BC8000804617490BF076FD074638460BF0A2FEBA
:10BC900001B2144820F8141096F86F0001280CD156
:10BCA000114938460BF032FF824610490BF0D0FDA7
:10BCB00081460BF08FFE00B203E038460BF08AFE9F
:10BCC00000B2804641F2820021184246304600F020
:10BCD0002BFD00BFC7E700000000A041000020428C
:10BCE000000020C1EE1D0020000010410000A04017
:10BCF00070B50446C520055D94F86D0002280FD18B
:10BD00000C2D00DB00E00120024641F23F012046FD
:10BD100000F00AFD0C2D09DDA5F10C0085B205E04F
:10BD2000002241F23F01204600F0FEFC94F8C600DC
:10BD300005EBC50101EB051100EB810002B241F2F8
:10BD40004F01204600F0F0FC70BD000070B50546C4
:10BD50000C460CB1012000E0002003494870284641
:10BD600000F036F970BD0000E21E00202DE9F04120
:10BD700004460D460D48007870B194F86F00012814
:10BD800008D128460BF062FE074639462046FEF7EA
:10BD9000DFFF02E0284600E0FF200646324641F27F
:10BDA0006601204600F0C0FCBDE8F081E21E0020E4
:10BDB00001462248007810B92048C07820B32048B6
:10BDC000C07800EBC0021E48001D00EBC2000079E5
:10BDD000012804D0022811D0032813D110E01848FC
:10BDE000C07800EBC0021648001D00EBC20040798D
:10BDF000042801D1012070470420FCE70220FAE763
:10BE00000320F8E70420F6E70D48C07800EBC002F5
:10BE10000B48001D00EBC200007950B10848C07803
:10BE200000EBC0020648001D00EBC20000790128AB
:10BE300001D10020DFE70520DDE70000604300209E
:10BE4000F01E002070B50546002405E02146284676
:10BE5000FFF790FC601CC4B2052CF7DB034890F898
:10BE600049102846FDF73CF870BD0000441D002035
:10BE700070B50446104890F8950048B10E4890F807
:10BE80009600821C41F23A11204600F04DFC12E06F
:10BE90000A4803F0CFF8D4F8EC10401AB0F5967FBA
:10BEA00001D2012000E0002005462A4641F23A1165
:10BEB000204600F039FC70BD301E0020C01B002061
:10BEC00070B504461148FFF773FF05B22A464FF4D8
:10BED0008051204600F028FC607808B1012000E085
:10BEE0000020024641F20101204600F01DFC60786E
:10BEF00008B9207808B1012000E00020024641F294
:10BF00000A11204600F010FC70BD000060430020C4
:10BF100010B504462048007800F0010048B91E48DA
:10BF200009F073FF28B160781C4908701A48AFF314
:10BF300000801B48007800F0010048B9184809F05B
:10BF400064FF28B12078174908701548AFF30080C6
:10BF500060781249097888420ED120781149097811
:10BF6000884209D1104803F065F810490968401A61
:10BF700040F6B83188420DD90B4803F05BF80B4905
:10BF800008606078054908702078064908702046E6
:10BF9000FFF796FF10BD0000540500205805002053
:10BFA0005005002059050020C01B00205C05002022
:10BFB00070B505460C460CB1012000E00020034995
:10BFC0004870284600F004F870BD0000D41E002020
:10BFD00070B505462648007850B12648007838B13B
:10BFE000244841782248407801EB4000C4B216E072
:10BFF0001F48007838B11E48407808B1072000E09B
:10C00000062004460BE01B48007838B119484078F8
:10C0100008B1052000E00420044600E0FF24224689
:10C0200041F26401284600F07FFB11484078104936
:10C03000097809B9012100E0002101EB810100EB41
:10C04000410241F27C11284600F06EFB094840781D
:10C050000849097809B9012100E0002101EB8101BB
:10C0600000EB410241F27D11284600F05DFB70BDFE
:10C07000D41E0020E21E00200021024AA2F8E01097
:10C08000704700006043002010B5044686480078E1
:10C0900000F0010058B9844809F0B7FE38B1834870
:10C0A00002F0C8FF824908607F48AFF300807F48F4
:10C0B00002F0C0FFD4F8DC10401A41F28831884207
:10C0C00002D9002084F8D90094F88600DE287DD1BA
:10C0D0002046FCF751FF204600F03CF9204600F0D6
:10C0E00067FB2046FFF7BEF92046FFF711FF6F48B8
:10C0F00002F0A0FF6E490968401AB0F57A7F66D356
:10C100006A4802F097FF6A490860B4F89E00002868
:10C110000BDDB4F89E00012802D16648FAF7E4FF6F
:10C12000B4F89E00401EA4F89E00634890F8E60014
:10C13000672801D1002000E00A20024641F2CD012B
:10C14000204600F0F1FA5D48FBF734FD5B48FFF74D
:10C1500059FA5A48FEF77AFD5848FFF773FE204611
:10C16000FEF772FF2046FFF755F9D4F8A400E8B1B6
:10C17000D4F8A400012814D100202070607000229F
:10C180004FF480512046FEF7FFFD002241F20101ED
:10C190002046FEF7F9FD002241F20A112046FEF783
:10C1A000F3FDD4F8A400401EC4F8A400207820B900
:10C1B000607810B90020C4F8A400D4F8A80090B1A9
:10C1C000D4F8A800012809D1002001E05BE059E083
:10C1D0003B49487000212046FFF7B8FDD4F8A8007D
:10C1E000401EC4F8A8003648407810B90020C4F8B2
:10C1F000A80014F8A00F401C207014F8A00905280E
:10C200004BDD002084F8A000002241F269012046A5
:10C2100000F08AFA2B48007810B12A48807800E0B4
:10C220000520024641F26701204600F07DFA2448CD
:10C23000007810B12248807800E00520024641F2E3
:10C240006801204600F070FA1E48B0F9041020463C
:10C25000FFF7E0FC1A48B0F904102046FFF786FD0E
:10C260001948007808B1FF2000E00020024641F2A2
:10C270002711204600F058FA2046FFF75FFC2046C1
:10C28000FFF792F809E0114809F0A2FD10B994F8FF
:10C29000860010B92046FBF73FFD0D48FAF7C8FDB0
:10C2A0000A4808F03BFF10BD04050020C01B002019
:10C2B0000805002070470020101C0020604300206B
:10C2C000E21E0020D41E0020A42300205844002099
:10C2D0009C3800202DE9F04107460D461646062DF4
:10C2E00001D3BDE8F0810C4800EBC50416B14FF452
:10C2F000707000E0A088024621883846FEF73CFEB8
:10C3000016B140F2AE2000E0E0880246618838466F
:10C31000FEF732FE00BFE4E7348503082DE9F04361
:10C32000A1B081460C4615466846F7F70BFF8321FE
:10C330006846F7F7BDFE804621B2F7F7EAFE0746EA
:10C340002946F7F7D7FE0646F7F7A2FE21B0BDE86B
:10C35000F083000010B50446C648007800F00100E4
:10C3600068B9C44809F051FD48B1C34802F062FE03
:10C3700000F21A40C1490860BE48AFF30080C048CF
:10C38000007800F0010068B9BD4809F03EFD48B1F1
:10C39000B94802F04FFE00F5FA60BA490860B848A3
:10C3A000AFF30080B848007800F0010068B9B648E3
:10C3B00009F02BFD48B1B04802F03CFE00F213102A
:10C3C000B2490860B048AFF30080B148007800F08F
:10C3D000010068B9AE4809F018FD48B1A64802F05E
:10C3E00029FE00F20D20AB490860A948AFF3008098
:10C3F000A948007800F0010068B9A74809F005FDD8
:10C4000048B19D4802F016FE00F64D00A3490860B1
:10C41000A148AFF3008094F87E00012813D196481C
:10C4200002F008FE97490968401AC8280BD39248C1
:10C4300002F000FE93490860032241F223012046E6
:10C44000FFF76CFF10BD8C4802F0F4FD8B490968C2
:10C45000401AB0F5967F2DD3874802F0EBFD87494F
:10C4600008608F48007828B907224FF48051204691
:10C47000FFF754FF8A480078012811D1012241F2C8
:10C4800054012046FFF74AFF012241F255012046A0
:10C49000FFF744FF012241F256012046FFF73EFF1D
:10C4A00080480078401CC0B27E490870012801DD38
:10C4B00000200870704802F0BDFD74490968401AF8
:10C4C000B0F57A7F0DD36C4802F0B4FD6F49086077
:10C4D000042210212046FFF721FF2046FCF7FCFB39
:10C4E000B0E794F87E00052822D1634802F0A2FD4F
:10C4F00068490968401AC8281AD35F4802F09AFDB3
:10C50000644908606748007810B941F2370001E0DB
:10C5100041F23800014601222046FFF7FFFE614844
:10C52000007808B9012000E000205E49087089E722
:10C5300094F87E00062834D14F4802F07BFD55491F
:10C540000968401AC8282CD94B4802F073FD51499C
:10C5500008605448007828B9012241F2340120468D
:10C56000FFF7DCFE4F480078012805D1012241F297
:10C5700003012046FFF7D2FE4A480078052805D17E
:10C58000012241F244012046FFF7C8FE45480078E9
:10C59000401CC0B243490870052801DD0020087026
:10C5A00050E7354802F046FD3C490968401AB0F5AD
:10C5B000FA7F0AD9304802F03DFD3849086001226F
:10C5C00014212046FFF7AAFE3CE794F87E000728D6
:10C5D00014D1294802F02EFD2E490968401AB0F501
:10C5E000FA7F0BD9244802F025FD2A490860012270
:10C5F00041F231012046FFF791FE23E794F87E00D7
:10C60000082834D11C4802F015FD22490968401A57
:10C61000C8282CD9184802F00DFD1E490860214891
:10C62000007828B9012241F26B012046FFF776FE1F
:10C630001C480078012805D1012241F22C01204636
:10C64000FFF76CFE17480078022805D1012241F25D
:10C650002D012046FFF762FE12480078401CC0B250
:10C6600010490870022801DD00200870EAE600BFCA
:10C67000E8E6000028050020C01B00202C05002053
:10C68000240500203005002020050020340500206E
:10C690001C05002038050020180500203C0500205E
:10C6A00041050020400500202DE9F04FA9B00446C7
:10C6B0000F4615461E46DDF8C88094F88600DE2831
:10C6C00002D029B0BDE8F08F08A8F7F73BFD822122
:10C6D00008A8F7F7EDFC9C210190F7F71AFD5A2105
:10C6E0000290F7F707FDA5210390F7F703FD394600
:10C6F0000490F7F7FFFC29460590F7F7FBFC83460B
:10C700003146F7F7F7FC41460690F7F7F3FC079040
:10C710003399F7F7EFFC82463499F7F7EBFC814643
:10C72000F7F7B6FC00BFCCE72DE9F043A1B0814696
:10C730000C4615466846F7F705FD82216846F7F76F
:10C74000B7FC804621B2F7F7E4FC07462946F7F725
:10C75000E0FC0646F7F79CFC21B0BDE8F083000042
:10C7600030B50446114890F8C45090F8C300C0EBAF
:10C77000001005EB80020D4890F8C65090F8C500F7
:10C78000C0EB001005EB8003084890F8C15090F80A
:10C79000C000C0EB001005EB8001914203D3994229
:10C7A00001D2012030BD0020FCE7000060430020E2
:10C7B0002DE9F04FF1B00446F948007800F001008F
:10C7C00058B9F74809F021FB38B1F64802F032FCBD
:10C7D000F5490860F248AFF30080F24802F02AFC05
:10C7E000F1490968401AB0F5FA7F02D271B0BDE88C
:10C7F000F08FEC4802F01EFCEB490860002568E071
:10C8000094F86F00022803D1E84850F825000DE0A5
:10C81000E64850F82510E34802F02EFC83460BF062
:10C82000D9F80FFA80FA50460BF010F981460BF058
:10C83000D1F800B26EA921F815006EA830F81500E5
:10C840006BA921F81500D9484830405DF0B9D748A8
:10C850005230405DD0B9D648405D00F0010078B359
:10C8600004F17000405D01282AD1D04951F825001B
:10C87000D0490BF017F923D2002104F17000415583
:10C88000002229462046FFF725FD19E0FF206BA96D
:10C8900021F81500C648405D00F0010080B1FF207E
:10C8A0006EA921F8150004F17000405D20B9012245
:10C8B00029462046FFF70EFD012104F17000415585
:10C8C000BB48405D18B9FF206BA921F81500681C12
:10C8D000C5B2052D94DB94F86F00022804D1B3484B
:10C8E0003438B0F948000EE0B0493439B1F94800A5
:10C8F0000BF0ACF881464946AA4802F0BDFB05465C
:10C900000BF068F800B26590A848343890F89000B1
:10C9100090B9A648343890F8920068B97620005D46
:10C9200001280ED1A1483438B0F94800732808DA3C
:10C9300000217620015504E0FF206590012176203A
:10C94000015594F86F00022803D198483438006DDF
:10C950000DE096483438016D924802F08DFB824616
:10C960000BF038F80FFA80F948460BF06FF80546DF
:10C970000BF030F80FFA80F88C48343890F89400B7
:10C98000C0B98A48343890F8960098B97520005D8F
:10C9900001281CD185493439086D86490BF082F88D
:10C9A00015D2002175200155002205212046FFF7F0
:10C9B00091FC0CE04FF0FF087520005D20B90122CA
:10C9C00005212046FFF786FC01217520015594F8CA
:10C9D0006F00022804D175483438B0F94A000EE0DF
:10C9E00072493439B1F94A000BF030F881464946B2
:10C9F0006C4802F041FB05460AF0ECFF00B264907F
:10CA00006A48343890F88C0090B96848343890F807
:10CA10008E0068B97720005D01280ED16348343854
:10CA2000B0F94A00732808DA00217720015504E0A4
:10CA3000FF2064900121772001555C48343890F83C
:10CA4000E80088B100206490002241F216112046CF
:10CA5000FFF76AFE5548343890F8742041F21711F8
:10CA60002046FFF761FE05E00A2241F21711204639
:10CA7000FFF75AFE5048C07800EBC0014E48001D39
:10CA800000EBC10090F8450008B1FF2023E094F8C6
:10CA90006F0002280AD14848C07800EBC001464820
:10CAA000001D00EBC100B0F9240014E04249C97830
:10CAB00001EBC1024049091D01EBC201B1F924009B
:10CAC0000AF0C4FF81464946364802F0D5FA0546C9
:10CAD0000AF080FF00B2639000200FE03349743108
:10CAE000095C19B931497631095C09B1022101E0CB
:10CAF0003249095C68AA1154411CC8B20228EDDB16
:10CB00002E488C38FAF754FE67902D48007810B9FB
:10CB10002B48C07808B1012000E00020669026482C
:10CB2000C07800EBC0012448001D00EBC1008079F3
:10CB300050B92148C07800EBC0011F48001D00EB30
:10CB4000C10090F8450008B1022066901A48C078EC
:10CB500000EBC0011848001D00EBC10047781648E3
:10CB6000C07800EBC0011448001D10F8310050B926
:10CB70001148C07800EBC0010F48001D00EBC10058
:10CB800090F8450000B10227002026E007496831EF
:10CB9000095C19B905496D31095C99B1022118E0A8
:10CBA00044050020C01B002048050020441C002034
:10CBB000441D00200000E642F01E0020BC1E0020A4
:10CBC00060430020C649095C002901DD012100E025
:10CBD000002169AA1154411CC8B20528D6DBC148FE
:10CBE000C07800EBC001BF48001D00EBC100406BE6
:10CBF0004FF46161B0FBF1F0A4F86600B948C07869
:10CC000000EBC001B748001D00EBC100806B4FF482
:10CC10006161B0FBF1F0A4F860002046FCF714F964
:10CC200042A8F7F78FFA822142A8F7F741FA41F2BA
:10CC30000E011190F7F76DFA1290BDF9B811F7F7E0
:10CC400068FA1390BDF9BA11F7F763FA1490BDF9B9
:10CC5000BC11F7F75EFA1590BDF9BE11F7F759FA56
:10CC60001690BDF9C011F7F754FA17906599F7F7C8
:10CC700050FA41461890F7F74CFA1990B4F8600052
:10CC800001B21998F7F745FA1A90B4F8660001B2A4
:10CC90001A98F7F73EFA1B909DF8A411F7F739FAA6
:10CCA0001C909DF8A511F7F734FA1D909DF8A61178
:10CCB000F7F72FFA1E909DF8A711F7F72AFA834687
:10CCC0009DF8A811F7F725FA1F909DF8A011F7F726
:10CCD00020FA20909DF8A111F7F71BFA8246679978
:10CCE000F7F717FA81466699F7F713FA0546F7F74B
:10CCF000CFF941F204012046639AFFF715FD3A4649
:10CD000041F257012046FFF70FFD774800684FF4C6
:10CD10006161B0FBF1F005B22A464FF48351204621
:10CD2000FFF702FD714890F8E600072803DA6F4824
:10CD300090F8E60000E0002006466C4890F8B60047
:10CD400018B96A4890F8B50030B1002241F2CE011E
:10CD50002046FFF7E9FC17E0032E06DA012241F234
:10CD6000CE012046FFF7E0FC0EE0052E06DD032293
:10CD700041F2CE012046FFF7D7FC05E0022241F246
:10CD8000CE012046FFF7D0FC2046FFF711F85849A6
:10CD900081F8E900084690F8E92041F2C1012046F7
:10CDA000FFF7C2FC4F49C97801EBC1024D49091D8B
:10CDB00001EBC20188684F490AF0A8FE81460AF0DB
:10CDC00025FE05B22A4641F258012046FFF7ACFC89
:10CDD00021A8F7F7B7F9822121A8F7F769F941F2FD
:10CDE000A1011C90F7F795F91D90BDF9AC11F7F76B
:10CDF00090F98346BDF9AE11F7F78BF91E90BDF996
:10CE0000B011F7F786F98246BDF9B211F7F781F94B
:10CE10008146BDF9B411F7F77CF91F906499F7F7D3
:10CE200078F931462090F7F774F90546F7F730F9AD
:10CE300094F87E00172850D12F48007888B3FF223D
:10CE400041F227112046FFF76FFC6846F7F77AF9A1
:10CE500082216846F7F72CF905464FF48951F7F718
:10CE600058F9002519E094F86F00012807D12248ED
:10CE7000103050F825102046FDF76AFF06E01E49E5
:10CE8000103151F825000AF0A5FD00B2814649464F
:10CE90006846F7F73EF9681CC5B2042DE3DB0025B0
:10CEA0000FE014E01448083030F815000A2190FB18
:10CEB000F1F00FFA80F949466846F7F72AF9681C3D
:10CEC000C5B2032DEEDB6846F7F7E2F805E0002275
:10CED00041F227112046FFF727FC00BF86E400003F
:10CEE0004E1D0020F01E002090170020101C002076
:10CEF0006043002000002041A423002010B5044618
:10CF0000F8212046F3F739FC012084F8E2000020E4
:10CF1000607020707D2084F89000002191200155E0
:10CF20009220015510219320015500206234207673
:10CF300084F82400A087A4F87E0084F88100334997
:10CF400081F87900A080022060730120E07218202F
:10CF500020800220A070623C0921C32001551621C7
:10CF6000C520015550207C34E080192020813220DA
:10CF700084F83000052020803C2020840120A07708
:10CF8000002020677C3C00BF3CE0214931F81020A4
:10CF9000A11D21F810201F4931F8102004F11001C3
:10CFA00021F810201C4931F8102004F1420121F829
:10CFB00010201A4931F8102004F12E0121F8102018
:10CFC000174931F8102004F1240121F810201549E7
:10CFD00031F8102004F11A0121F81020124931F81B
:10CFE000102004F1380121F81020104931F81020E8
:10CFF00004F1560121F8102000220A3921F81020EE
:10D00000411CC8B20528C0DB204610BD604300208B
:10D01000648503086E850308788503088285030804
:10D020008C85030896850308A0850308AA85030854
:10D0300000210FE0002300F130025354121D53541D
:10D04000121D5354121D5354002280F8402080F8C2
:10D050004120491C0429EDDB7047000010B504464F
:10D06000207858B90020206100216161A161E1614F
:10D0700020816181A1816080A180E18000200DE09C
:10D080000022A11C21F810207A49421D895C21B19F
:10D090004FF47A72A11C21F81020401C0328EFDB0A
:10D0A000754801F0C7FFE16A401AB0F57A7F7DD973
:10D0B000714801F0BFFFE06294F84100002869D197
:10D0C00000BF65E06D49CA7AC11D8A4202D16B4931
:10D0D000097839B96A490A7BC11D8A4257D1684922
:10D0E0000978E9B367490978D1BB04F1200131F926
:10D0F0001010FF290CDC04F13401095C0F2907DA58
:10D1000004F13401095C491CCAB204F134010A5427
:10D1100004F1200131F91010FF2903DD002204F190
:10D1200034010A5404F13401095C0E2903DD0122A3
:10D1300004F13C010A5404F1200131F9101040F6C9
:10D14000AC5291420EDD04F13001095C0F2909DA7D
:10D1500004F13001095C491CCAB204F1300100E05D
:10D1600015E00A5404F1200131F9101040F6AC52D8
:10D17000914203DC002204F130010A5404F1300131
:10D18000095C0E2903DD012204F138010A54401C18
:10D19000042897DB207880B994F8280068B194F8C7
:10D1A00040000A2809DA3748007800E00CE020B98E
:10D1B00094F84000401C84F8400094F840000A288D
:10D1C00002DB012084F841002C48007858B12B483C
:10D1D000807A052848DA2948C07A072803DB2748DF
:10D1E000C07A0A2840DD2648007858B12448007AE1
:10D1F000052839DA2248007B072803DB2048007B1A
:10D200000A2831DD204890F83F00052804DB1E483D
:10D2100090F83F00072827DD1B4890F840000528BC
:10D2200004DB194890F8400007281DDD164890F8E7
:10D230004100052804DB144890F84100072813DD5D
:10D24000114890F84200052804DB0F4890F842008E
:10D25000072809DD0C4890F84300052806DB0A483A
:10D2600090F84300072801DC012000E0002084F84A
:10D27000280010BDBC1E0020C01B0020E21E0020A4
:10D28000D41E00203C040020441D002010B504469C
:10D2900044212046F3F771FA204610BD10B504462C
:10D2A00094F8440018B1044801F0C4FE2064002042
:10D2B000A07184F8450010BDC01B002070B5044665
:10D2C0002D48007800F0010058B92B4808F09DFD6A
:10D2D00038B12A4801F0AEFE294908602648AFF36C
:10D2E000008094F8440090B1244801F0A3FE216C22
:10D2F000401A44F62061884206D92248007818B9BD
:10D30000012084F8450002E0002084F84500012057
:10D3100084F83C00207918B9002084F83C001CE017
:10D32000207901280AD16079042803D1002084F8EB
:10D330003C0012E0012084F83C000EE02079022835
:10D3400002D184F83C0008E02079032802D184F857
:10D350003C0002E0012084F83C00E1780A48F9F73B
:10D36000EFFD0646E1690AF0D1FB054607490AF0E0
:10D37000CDFB206270BD000078040020C01B00209F
:10D380007C0400203C040020F01E0020BC74133DEF
:10D3900010B5044648212046F3F7EFF90120A070AC
:10D3A000092084F83D00204610BD000010B5044659
:10D3B000227B184951F822000AF00CFB00B2A08031
:10D3C000B4F90600B4F90A10401AB4F904108842FE
:10D3D0000CDB607850B11048007828B90E484078CE
:10D3E00010B90D48C07808B10120A070607870B104
:10D3F0000948007828B90848407810B90648C0782C
:10D4000028B1B4F90400B4F90610884201DB002009
:10D41000A07010BDFC1C00206043002001460020CD
:10D4200007E0652301F15E0213540523121D135416
:10D43000401C0428F5DB704701B588B0FE484088E1
:10D4400008B1012100E00021089880F8BD10FA48D9
:10D45000808808B1012100E00021089880F8BE1002
:10D46000F548C08808B1012100E00021089880F843
:10D47000BF10002007902FE0F048079910F8112006
:10D4800008989C304254ED480A30079910F8112052
:10D490000898A1304254E9480A380799425C089834
:10D4A000A6304254E5485C300799425C0898B03099
:10D4B0004254E24814300799425C0898B53042540F
:10D4C000DE488C30079910F8110042B20898AB3052
:10D4D00042540798401C079007980528CCDBD84891
:10D4E0004178089880F88D10D5480178089880F820
:10D4F0008C10D44890F89610089880F88E10D04878
:10D50000C178089880F88F10CF484178089880F843
:10D510009410CD488179089880F89510CA480189FF
:10D520000898A0F89610C74890F83710089880F827
:10D530009810C44890F89010089880F89910C34843
:10D54000C07800EBC001C148001D00EBC10041786C
:10D55000089880F8BA10BB4890F83310089880F803
:10D560009A10B84890F83410089880F89B10B54885
:10D5700090F88C10089880F8BB10B24890F88D1085
:10D58000089880F8BC10B2484178089880F891104B
:10D59000AF488179089880F89210AD48817A089850
:10D5A00080F89310A74890F83810089880F8C110B8
:10D5B000A44890F83910089880F8C210A14890F853
:10D5C0003A10089880F8C310A24890F8E61008981E
:10D5D00080F8C4109D48C07800EBC0019B48001D36
:10D5E00000EBC10090F83C10089880F8C5109548F1
:10D5F000FAF7DEF808B1012100E00021089880F870
:10D6000090108F4890F8C310089880F8C7108C4885
:10D6100090F8C410089880F8C610894890F8C51092
:10D62000089880F8C910864890F8C610089880F8C5
:10D63000C810834890F88210089880F8CC10804871
:10D6400090F88410089880F8CD107D48B0F89C10B0
:10D650000898A0F8CA107A4890F86210089880F8E4
:10D66000CE10774890F87C10089880F8CF10744856
:10D6700090F86F10089880F8D010714890F86D10ED
:10D68000089880F8D110744890F84C10089880F8E9
:10D69000D210714890F84C0000EB40016E481030F9
:10D6A00000EB41004178089880F8D410089890F871
:10D6B000D40008B1012100E00021089880F8D310BF
:10D6C0006248C178089880F8151160484178089838
:10D6D00080F816110020079010E05F480830079985
:10D6E000425C0898EA3042545B480C300799425C2F
:10D6F0000898EE3042540798401C07900798042879
:10D70000EBDB544890F87410089880F8C0100020A3
:10D7100007900EE0079800EB40014F48103000EBF7
:10D72000410042780898DF30079942540798401C1E
:10D73000079007980A28EDDB0020079012E0079871
:10D7400000EB40014448103000EB4100407808B144
:10D75000012200E000220898D5300799425407982A
:10D76000401C079007980A28E9DB0020079049E051
:10D77000079800EBC0013548001D00EBC10090F890
:10D78000440000B93BE0079800EBC0012F48001DA2
:10D7900000EBC1000179079800EB80020898F23095
:10D7A0008154079800EBC0012848001D00EBC10020
:10D7B0004179079800EB80020898F23010444170DC
:10D7C000079800EBC0012148001D00EBC1008179E2
:10D7D000079800EB80020898F23010448170079897
:10D7E00000EBC0011948001D00EBC100417807980B
:10D7F00000EB80020898F2301044C17000BF079817
:10D80000401C079007980728B2DB0898417890F8E9
:10D810008D0081423CD0089890F88D0000B30848F4
:10D82000B0F8620061281CDA0548B0F862004FF4D5
:10D8300061614843024911E0A4230020621D0020D9
:10D8400060430020301E0020E21E0020F01E002059
:10D85000D41E0020101C0020E8230020C1F8A400E2
:10D8600003E00020FE49C1F8A400089890F88D104C
:10D870004170FF20162307227F210090F94802F013
:10D880002DFBF948F8F712FD0121F84880F83D100A
:10D890000898017890F88C00814229D0089890F877
:10D8A0008C0090B1EE48B0F86200612809DAEC48CB
:10D8B000B0F862004FF461614843E949C1F8A4003F
:10D8C00003E00020E649C1F8A400089890F88C1005
:10D8D0000170FF20162307227F210090E14802F00B
:10D8E000FDFAE148F8F7E2FC0121E04880F83D103C
:10D8F0000898C17890F88F00814234D0089890F849
:10D900008F10C170089890F88F00D549087008985A
:10D9100090F88F004870002007900DE0D4490798D8
:10D92000085C30B1089890F88F2001F11400079935
:10D9300042540798401C079007980528EEDB08988A
:10D9400090F88F00024641F203010790C448FDF7AA
:10D950001BFA089890F88F00024641F20C010790DC
:10D96000BF48FEF7E1FE0898017A90F894008142E2
:10D970002BD0089890F894100172FF2016230722EC
:10D980007F210090B74802F0A9FAB748F8F7E6FC03
:10D99000089890F8940001460790B148FEF7D6F930
:10D9A0000121B24880F83D10089890F8940060B1C9
:10D9B000B0480089B0F5B46F07DCAE480089C0EB11
:10D9C00000108000A649C1F8A8000898417990F895
:10D9D000910081421AD0089890F891104171FF206F
:10D9E000162307227F2100909E4802F077FA9E4876
:10D9F000F8F710FA089890F89100014607909848B7
:10DA0000FEF7D6FA0121994880F83D100898017B6D
:10DA100090F89800814229D0089890F898100173E6
:10DA2000089890F8980040B18D48B0F87C00C0EBA1
:10DA3000001081009048C16402E000218E48C1645A
:10DA4000FF202A2307227F210090864802F046FA11
:10DA500004218548F8F746FE089890F89800024699
:10DA600041F2540107907E48FDF78EF90898817BBA
:10DA700090F89A00814229D0089890F89A10817302
:10DA8000089890F89A0040B17548B0F87C00C0EB57
:10DA9000001080007849C86302E000207649C8631E
:10DAA000FF202A2307227F2100906E4802F016FAF9
:10DAB00000216D48F8F716FE089890F89A00024683
:10DAC00041F2550107906648FDF75EF90898C17B61
:10DAD00090F89B00814229D0089890F89B10C17360
:10DAE000089890F89B0040B15D48B0F87C00C0EB0E
:10DAF000001081006048016402E000215E4801647A
:10DB0000FF202A2307227F210090564802F0E6F9E1
:10DB100001215548F8F7E6FD089890F89B00024669
:10DB200041F2560107904E48FDF72EF9089890F8FB
:10DB3000381090F8C40081420FD0089890F8C410B3
:10DB400080F83810FF20152307227F2100904548D8
:10DB500002F0C4F94448F8F73FFA089890F83910F1
:10DB600090F8C50081420FD0089890F8C51080F851
:10DB70003910FF20152307227F210090394802F039
:10DB8000ADF93948F8F728FA0898017990F890002B
:10DB900081420ED0089890F890100171FF20152353
:10DBA00007227F2100902F4802F098F92E48F8F7BD
:10DBB00013FA089890F8341090F8C000814213D0FE
:10DBC000089890F8C01080F834100021254801F022
:10DBD000F5FF2548F8F700FA089890F8C0000146CC
:10DBE00007901F48FDF794F9089890F83B1090F8BB
:10DBF000C700814245D0089890F8C71080F83B10C4
:10DC0000089890F8C61080F83A10FF2029230722C0
:10DC10007F210090134802F061F90122002112488F
:10DC2000F8F7D0FC089890F8C6000A2190FBF1F1B3
:10DC3000089890F8C70000EB400001EB400000B2EC
:10DC4000024641F2370107900548FEF76DFD044892
:10DC5000FDF762FDB4200249A1F89E0001210DE00C
:10DC600060430020C4040020F3040020AC480020DE
:10DC7000441D0020E21E0020301E0020FE4880F8D7
:10DC80003F10089890F83A1090F8C600814236D0BC
:10DC9000089890F8C71080F83B10089890F8C610C4
:10DCA00080F83A10FF20292307227F210090F348B3
:10DCB00002F014F901220021F148F8F783FC0898DA
:10DCC00090F8C6000A2190FBF1F1089890F8C7007F
:10DCD00000EB400001EB400000B2024641F2370188
:10DCE0000790E848FEF720FDE648FDF715FDB42053
:10DCF000E449A1F89E000121DF4880F83F10089810
:10DD000090F83D1090F8C900814236D0089890F8FC
:10DD1000C91080F83D10089890F8C81080F83C10A1
:10DD2000FF20292307227F210090D44802F0D6F853
:10DD300000221146D248F8F745FC089890F8C80030
:10DD40000A2190FBF1F1089890F8C90000EB40001F
:10DD500001EB400000B2024641F238010790C94889
:10DD6000FEF7E2FCC748FDF7C3FFB420C549A1F8A0
:10DD70009E000121C04880F83F10089890F83C10A0
:10DD800090F8C800814236D0089890F8C91080F801
:10DD90003D10089890F8C81080F83C10FF20292307
:10DDA00007227F210090B54802F098F80022114622
:10DDB000B348F8F707FC089890F8C8000A2190FBD0
:10DDC000F1F1089890F8C90000EB400001EB400029
:10DDD00000B2024641F238010790AA48FEF7A4FCBF
:10DDE000A848FDF785FFB420A649A1F89E000121AF
:10DDF000A14880F83F10089890F8401090F8CC00A7
:10DE0000814230D0089890F8CC1080F84010FF2064
:10DE1000292307227F210090984802F05FF8994853
:10DE2000B0F8820000B2024641F22C0107909548FA
:10DE3000FEF77AFC9348FEF793FC70B1914890F896
:10DE4000840007908F4890F882004FF47A73069010
:10DE500001468C48079AFAF77BFFB4208949A1F85C
:10DE60009E00A1F89E00089890F8411090F8CD000F
:10DE7000814230D0089890F8CD1080F84110FF20F2
:10DE8000292307227F2100907C4802F027F87D4853
:10DE9000B0F8840000B2024641F22D0107907948A3
:10DEA000FEF742FC7748FEF75BFC70B9754890F8C6
:10DEB00084000790734890F882004FF47A730690BC
:10DEC00001467048079AFAF743FFB4206D49A1F85C
:10DED0009E00A1F89E000898C18FB0F8CA00814248
:10DEE0000FD00898B0F8CA10C187FF202923072255
:10DEF0007F210090614801F0F1FFB4206149A1F851
:10DF00009E000898417A90F8950081421ED00898AA
:10DF100090F8951041720320132307227F2100906F
:10DF2000564801F0DBFF5648F8F718FB089890F8C0
:10DF30009500014607905348FDF7E8FCB42051498D
:10DF4000A1F89E0001214C4880F83F1008984189B3
:10DF5000B0F89600814216D00898B0F8961041812A
:10DF60000320132307227F210090444801F0B6FFCD
:10DF70004348F8F7F3FAB4204249A1F89E00012182
:10DF80003D4880F83F100898817990F892008142CE
:10DF90001ED0089890F89210817103201323072255
:10DFA0007F210090354801F099FF3548F7F732FF9F
:10DFB000089890F89200014607903248FDF730FB30
:10DFC000B4203049A1F89E0001212B4880F83F1071
:10DFD000089890F8421090F8CE0081423CD0089802
:10DFE00090F8CE1080F84210089890F8420060280F
:10DFF00004DD00202349C1F8A40008E0089890F847
:10E00000CE004FF4616148431E49C1F8A4001C488A
:10E01000F8F7A4FA0320132307227F210090174862
:10E0200001F05CFF089890F8CE0001460790154873
:10E03000FCF7D0FD089890F8CE00024641F234017A
:10E0400007901048FEF770FBB4200E49A1F89E001F
:10E050000121094880F83F10089890F8431090F883
:10E06000CF0081422CD0089890F8CF1080F8431050
:10E070000348F8F773FA07E0AC480020C404002016
:10E08000F3040020604300200320132307227F2194
:10E090000090FC4801F022FF089890F8CF0002465B
:10E0A00041F244010790F848FEF73EFB089890F8CB
:10E0B000CF00024641F244010790F348FEF734FBDB
:10E0C0000898C17990F89300814216D0089890F88A
:10E0D0009310C171ED48F7F79DFE0320132307222B
:10E0E0007F210090E74801F0F9FEB420E649A1F84D
:10E0F0009E000121E64880F83F100020079049E08B
:10E10000089835300799425C0898C130405C8242DB
:10E110003DD00898C1300799425C08983530425488
:10E12000FF202A2307227F210090D64801F0D6FE47
:10E130000898C1300799405C58B1D348B0F87C00CA
:10E14000C0EB001082000798401DD24941F8202002
:10E1500005E000220798401DCE4941F8202007988D
:10E16000401DC0B201460690C848F8F7BBFA0898AF
:10E17000C1300799405C0690084641F210110844EE
:10E1800080B205900146C048069AFEF7CDFA07987E
:10E19000401C079007980328B2DB002007902AE074
:10E1A000089831300799425C0898BD30405C824243
:10E1B0001ED00898BD300799425C0898313042540F
:10E1C000FF202A2307227F210090AE4801F086FE1F
:10E1D000FF202B23072225210090AA4801F07EFE74
:10E1E0000798401DC0B201460690A848F8F77AFA91
:10E1F0000798401C079007980328D1DB0020079060
:10E2000041E0089810300799425C08989C30405CC7
:10E21000824235D008989C300799425C08981030AB
:10E220004254FF20192307227F210090954801F0D6
:10E2300055FE0798C0B20122014606909348F8F7B0
:10E24000C1F9954890F849100798814210D1924839
:10E2500090F849101E3030F91100059009F0F6FBD6
:10E26000014606908848FAF7CFFD8748FCF70EFC78
:10E27000B4208549A1F89E000121854880F83D1011
:10E280000798401C079007980528BADB00200790E4
:10E2900041E0089815300799425C0898A130405C2D
:10E2A000824235D00898A1300799425C0898153011
:10E2B0004254FF201A2307227F210090714801F069
:10E2C0000DFE0798C0B20022014606906F48F8F78D
:10E2D00079F9714890F849100798814210D16E4839
:10E2E00090F84910283030F91100059009F0AEFB84
:10E2F000014606906448FCF7F9FC6348FCF7C6FB4E
:10E30000B4206149A1F89E000121614880F83D10C8
:10E310000798401C079007980528BADB0020079053
:10E3200033E008981A300799425C0898A630405CA0
:10E33000824227D00898A6300799405C022804D171
:10E34000012255487A30079942540898A630079917
:10E35000425C08981A304254FF20162307227F217E
:10E360000090484801F0BAFD0798C0B201460690F7
:10E370004648F7F719FF0121089880F81911444819
:10E3800080F83E100798401C079007980528C8DBC6
:10E39000002007902DE0089824300799425C0898E7
:10E3A000B030405C824221D00898B0300799425C7E
:10E3B000089824304254FF201B2307227F2100901D
:10E3C000304801F08BFD0798C0B2014606902F48F7
:10E3D000F7F7F0FB0121089880F81811B4202A49BA
:10E3E000A1F89E0001212A4880F83E100798401CA1
:10E3F000079007980528CEDB002007903BE008989F
:10E4000029300799425C0898B530405C82422FD091
:10E410000898B5300799425C089829304254FF208B
:10E420001B2307227F210090164801F057FD174853
:10E43000F7F7CAFF184890F84910079881420FD1A2
:10E4400015487A300799405C50B11348323007992B
:10E45000405C024641F2240106900B48FEF764F945
:10E46000B4200949A1F89E000121094880F83E1016
:10E470000798401C079007980528C0DB00200790EC
:10E480006AE00000C404002060430020F304002080
:10E49000AC4800206C1E0020441D002008981F304E
:10E4A000079942560898AB304056824251D008989E
:10E4B000AB300799425C08981F3042540620132362
:10E4C00007227F210090FE4801F008FDFD480799D2
:10E4D00030F81100142101EB400000B2069041F227
:10E4E0007C010798084480B205900146F648069AD8
:10E4F000FEF71AF9F44890F86F0001280DD1F148A1
:10E50000079930F91100019008F077FEEF4AF04BBF
:10E51000CDE9020108F0D8FE06E0EA48079930F993
:10E520001100039008F069FECDE9040108F036FE01
:10E5300000B2069041F282010798084480B205902B
:10E540000146E148069AFEF7EFF8B420DE49A1F84B
:10E550009E000798401C0790079805289EDB0898A6
:10E5600090F8441090F8D000814210D0089890F8AC
:10E57000D01080F84410D44890F86F0001460790FE
:10E58000D148FAF741FBB420CF49A1F89E00089882
:10E59000817890F88E00814213D0089890F88E1000
:10E5A00081700021C64801F009FBC748FDF760FCF7
:10E5B000089890F88E0020B14FF4E160C549C1F889
:10E5C0009800089890F8451090F8D100814212D038
:10E5D000089890F8D11080F84510BB4890F86D006D
:10E5E000024641F233010790B748FCF7CDFBB42057
:10E5F000B549A1F89E00089890F8461090F8D2000E
:10E6000081422CD0089890F8D21080F846100898D3
:10E6100090F8D20000EB4001AF4810F8110002283A
:10E6200017D1089890F8D20000EB4001AA4800EBFF
:10E630004100808800B2024641F26A110790A24868
:10E64000FEF772F8012241F27A119F48FEF76CF84A
:10E6500005E0002241F27A119B48FEF765F8089820
:10E6600090F8481090F8D40081420ED0089890F8A5
:10E67000D41080F84810089890F8D400024641F26F
:10E680006B1107909048FEF74FF80898417B90F87F
:10E690009900814207D0089890F8991041730021A1
:10E6A000874801F08BFA0020079029E00898533042
:10E6B0000799425C0898DF30405C82421DD0089880
:10E6C000DF300799425C0898533042540898DF3095
:10E6D0000799405C0A2190FBF1F000B20690079880
:10E6E00000F58D5080B2059001467748069AFEF7F6
:10E6F0001BF80121794880F84C100798401C0790BE
:10E7000007980A28D2DB002007906CE008985E305A
:10E710000799425C0898EA30405C824208D1089828
:10E7200062300799425C0898EE30405C824257D0D4
:10E730000898EA300799425C08985E30425408987D
:10E74000EE300799425C0898623042540898EA30EB
:10E750000799405C0690084641F2841101EB800065
:10E7600080B2059001465848069AFDF7DDFF0898EB
:10E77000EA300799405C112190FBF1F2089800F112
:10E78000EE010798085C401E00EB400002EB4000E1
:10E7900000B20690079800F58C5080B205900146B3
:10E7A0004948069AFDF7C0FF0898EE300799405C8B
:10E7B00010B14FF4C57001E040F26220069042F2C1
:10E7C000A2011022079802FB001080B205900146BA
:10E7D0003D48069AFCF7D0FB0121404880F84C10D8
:10E7E0000798401C0790079804288FDB00200790AB
:10E7F00090E0079800EB80010898F230415C0798A0
:10E8000000EB800208986630805C81420FD1079847
:10E8100000EB80010898F23008444178079800EB3B
:10E820008002089866301044407881421CD00798D6
:10E8300000EB80010898F230415C079800EB800201
:10E84000089866308154079800EB80010898F230F0
:10E8500008444178079800EB80020898663010441D
:10E8600041701948FCF7D6FD079800EB8001089825
:10E87000F23008448178079800EB800208986630EF
:10E8800010448078814210D0079800EB80010898EE
:10E89000F23008448178079800EB800208986630CF
:10E8A000104481700848FCF77FFD079800EB800159
:10E8B0000898F2300844C178079800EB80020FE016
:10E8C000C4040020EE1D002060430020CDCCCCCC41
:10E8D000CCCCFC3F301E0020F8230020AC480020A8
:10E8E000089866301044C078814210D0079800EB39
:10E8F00080010898F2300844C178079800EB800244
:10E90000089866301044C1703048FCF79DFB0798AA
:10E91000401C079007980728FFF66BAF089890F8FF
:10E92000891090F81501814210D0089890F81511BF
:10E9300080F889100720132302467F210090244885
:10E9400001F0CCFAB4202149A1F89E00089890F873
:10E950008A1090F8160181420CD0089890F8161190
:10E9600080F88A10B4201949A1F89E0000211848A7
:10E9700001F024F9089890F81801C8B1154800F082
:10E9800059FB15490968401AB0F57A7F10D911482A
:10E9900000F050FB10490860104890F8490001460B
:10E9A00007900A48FAF79CFA0021089880F8181195
:10E9B000089890F8190130B10021089880F81911D1
:10E9C0000248FDF73FFA09B000BD00006043002097
:10E9D000C4040020C01B0020F4040020441D0020BB
:10E9E00010B58AB0044601210846F3F769FD0121FC
:10E9F0000420F3F765FD01218803F3F791FD012160
:10EA00004806F3F76DFD09220C217548F3F7DAFA91
:10EA100009220B217248F3F7D5FA08A8F3F702FB95
:10EA20004FF40060089002208DF824008DF8250036
:10EA300000208DF8260001208DF8270008A96848DD
:10EA4000F3F778FA08A8F3F7EDFA4FF4805008903E
:10EA500002208DF824008DF8250000208DF8260076
:10EA600001208DF8270008A95D48F3F763FA08A88C
:10EA7000F3F7D8FA4FF48050089002208DF8240064
:10EA80008DF8250000208DF8260001208DF8270044
:10EA900008A95448F3F74EFA4FF480515148F3F760
:10EAA000BDFA5148F2F710FC05A8F2F79FFE0120CD
:10EAB0008DF81B0000208DF81D0001208DF81F002F
:10EAC00000208DF816008DF817000B208DF8180027
:10EAD00001208DF819000820ADF8140005A942485E
:10EAE000F2F731FD01A8F2F70BFC01208DF80E00C2
:10EAF00000208DF80F0001208DF810000020ADF8E7
:10EB00000400ADF80600ADF80800ADF80A00ADF855
:10EB10000C0001208DF8110001A8F2F7F1FB012291
:10EB200002213148F2F706FD2F481430006840F00A
:10EB300002002D4914310860012211462A48F2F7DB
:10EB4000F9FC012211022848F2F7F4FC01225102DB
:10EB50002548F2F7EFFC012291022348F2F7EAFC84
:10EB60000122D1022048F2F7E5FC0122D1031E4820
:10EB7000F2F7E0FC14208DF8000000208DF8010071
:10EB80008DF8020001208DF803006846F3F744FC7D
:10EB90001420F4F70CFE13208DF8000000208DF8EF
:10EBA00001008DF8020001208DF803006846F3F79C
:10EBB00033FC1320F4F7FBFD16208DF80000002035
:10EBC0008DF801008DF8020001208DF803006846E1
:10EBD000F3F722FC1620F4F7EAFD0AB010BD00009E
:10EBE000000002400008024000640040704770B519
:10EBF000044600251CE005EB450104F1340010F843
:10EC0000310098B905EB450204F1340101EBC20172
:10EC1000081D142204F12001F1F748FD012105EB44
:10EC2000450204F1340000F8321070BD681CC5B212
:10EC3000322DE0DB00BFF8E72DE9F04F044609ADC7
:10EC400095E8E010DDE90D89002065E000EB400B60
:10EC500004F2E44A1AF83BA0BAF1000F58D04FF082
:10EC6000000A00EB400B04F2E44E0EF83BA000EB70
:10EC7000400AF3460BEBCA0ACAF808104FF0000A24
:10EC800000EB400B0EEBCB0B8BF80DA04FF0040A02
:10EC900000EB400B0EEBCB0B8BF80CA04FF0080AEF
:10ECA00000EB400B0EEBCB0B8BF80EA000EB400AF9
:10ECB000F3460BEBCA0A8AF80F2000EB400A0BEB75
:10ECC000CA0A8AF8103000EB400A0BEBCA0A8AF82D
:10ECD000115000EB400A0BEBCA0A8AF8126000EBF5
:10ECE000400A0BEBCA0A8AF8137000EB400A0BEBE0
:10ECF000CA0A8AF814C000EB400A0BEBCA0A8AF869
:10ED0000158000EB400A0BEBCA0A8AF8169005E062
:10ED100000F1010A0AF0FF00322897DBBDE8F08F0E
:10ED200070B504463148007800F0010058B92F480A
:10ED300007F06BF838B12E4800F07CF92D490860D7
:10ED40002A48AFF300802C48006800F0040616BB88
:10ED5000207A00B300251CE005EB450104F2E440F5
:10ED600010F8310098B90020207205EB450204F23A
:10ED7000E44000EBC200011D1F481838F2F746FDC1
:10ED8000012105EB450204F2E44000F83210681C52
:10ED9000C5B2322DE0DB164800F04CF91549096880
:10EDA000401AB0F57A7F1ED3114800F043F911499B
:10EDB0000860C6B194F89C09022808D0022084F8A3
:10EDC0009C0900210C481838F2F747FC70BD002060
:10EDD00084F89C09012108481838F2F73EFC01200C
:10EDE00006490872F2E700BFF0E70000BC0400200B
:10EDF000C01B0020C004002018640040E02D00204B
:10EE000010B504464FF41A612046F1F7B6FC002015
:10EE10000FE0002200EB400304F1340101F833203D
:10EE2000012200EB400304F2E44101F83320411CCD
:10EE3000C8B23228EDDB7D20207001206070207286
:10EE4000002084F89C09204610BD00001FB5044630
:10EE50000021481EF4F714FD01211020F3F740FBB8
:10EE600001212648F3F7B3FD254800682549B0FB8A
:10EE7000F1F0401E2149088501212020F3F730FBE5
:10EE800001212148F3F7A3FD1D4800684FF47A7172
:10EE9000B0FBF1F0401E1C492831088001A8F3F7AF
:10EEA00023FF1748006840084FF47A71B0FBF1F077
:10EEB000401E80B2ADF80400481E029001A94FF038
:10EEC0008040F3F7CFFE012211469007F3F79AFD39
:10EED00001218807F3F77BFD1C208DF8000001203D
:10EEE0008DF803006846F3F797FA01218807F3F7D6
:10EEF0006BFD0020207060601FBD0000001000400E
:10EF00000404002040420F000014004038B50546BC
:10EF1000002000900AE01C49009851F82010800061
:10EF200000F1005001600098401C00900098F0280B
:10EF3000F1D372B64FF0005014490860BFF34F8F01
:10EF400062B6284600F0B4F8F3F7A6FC1048006853
:10EF50004FF47A71B0FBF1F4B4F1807F00D311E08B
:10EF600024F07F40401E4FF0E02148610F214FF018
:10EF7000FF30F4F785FC00204FF0E0218861072086
:10EF8000086100BF38BD00000000020808ED00E085
:10EF900004040020154A126802F5157252F8212067
:10EFA000521C124B1B6803F5157343F821200F4ABE
:10EFB0001268C2F80C150D4A126802F5157252F863
:10EFC00021200A4B1B68D3F808359A420DD9074A0D
:10EFD0001268C2F80415054A126802F5157252F853
:10EFE0002120024B1B68C3F80825704788040020C5
:10EFF0000346914201DD084670471046FCE7034690
:10F00000914201DD104670470846FCE770B50646A0
:10F010000C46074800F00EF8054602E07F20F3F7A3
:10F02000E7FF034800F006F8401BA042F6D370BD8E
:10F03000C01B002001468868704700004168491CD9
:10F0400041608168491C8160084A81681268891A98
:10F05000B1F57A7F09D9054A8168116004490968C8
:10F06000044A11600021024A1160704730040020F8
:10F0700034040020380400202DE9F05F83468A46DE
:10F08000504608F04BFB8046064A074B08F01CF937
:10F0900006460022054B07F075FE044607F040FEC9
:10F0A000BDE8F09FCDCCCCCCCCCCFC3F0040404068
:10F0B00030B585B00546F3F743FA0120F3F702FBBC
:10F0C000F3F74AFB0446012C22D1F2F799FE032004
:10F0D000F2F7D0FE0020F3F7E9FA4FF4A050F3F76F
:10F0E000FFFA2003F3F708FB04200223F02210218B
:10F0F00000900005F3F712FB0120F3F709FB00BFB6
:10F100003920F3F7B3FA0028FAD00220F3F718FBFE
:10F1100001A8F3F739FA01210846F3F7D1F90121E3
:10F120000220F3F7CDF901210420F3F7C9F905B066
:10F1300030BD704710B586B0044601210220F3F7B8
:10F14000BFF901210420F3F7BBF901218803F3F78C
:10F15000E7F901218806F3F7C3F909220C21804859
:10F16000F2F730FF09220D217D48F2F72BFF04A8AA
:10F17000F2F758FF4FF48050049002208DF81400ED
:10F180008DF8150000208DF8160001208DF817006D
:10F1900004A97348F2F7CEFE04A8F2F743FF4FF438
:10F1A0000050049002208DF814008DF81500002006
:10F1B0008DF8160001208DF8170004A96848F2F7B1
:10F1C000B9FE04A8F2F72EFF4FF40050049002207D
:10F1D0008DF814008DF8150000208DF81600012020
:10F1E0008DF8170004A95F48F2F7A4FE4FF4005110
:10F1F0005C48F2F713FF5C48F2F766F801A8F2F7F3
:10F20000F5FA01208DF80B0000208DF80D0001208B
:10F210008DF80F0000208DF806008DF807000B20F8
:10F220008DF8080001208DF809000820ADF80400D1
:10F2300001A94D48F2F787F90E214C48F4F734F94B
:10F240000F214A481338F4F72FF910214748FD38A9
:10F25000F4F72AF9112145485A38F4F725F9122113
:10F260004348F4F721F913214248F4F71DF914211A
:10F270003F485F38F4F718F915213D48801DF4F731
:10F2800013F916213A485D38F4F70EF9172138487A
:10F29000C01CF4F709F9182134480930F4F704F9CF
:10F2A000012210213048F2F745F92F481430006848
:10F2B00040F010002C4914310860012211462A4800
:10F2C000F2F738F9012211022748F2F733F9012247
:10F2D00051022548F2F72EF9012291022248F2F755
:10F2E00029F90122D1022048F2F724F90122D103A1
:10F2F0001D48F2F71FF941208DF8000000208DF81D
:10F3000001008DF8020001208DF803006846F3F734
:10F3100083F84120F4F740FA3F208DF800000020E8
:10F320008DF801008DF8020001208DF80300684679
:10F33000F3F772F83F20F4F72FFA42208DF800001F
:10F3400000208DF801008DF8020001208DF80300E7
:10F350006846F3F761F84220F4F71EFA06B010BDD4
:10F36000000402400008024000680040F6FF01006F
:10F37000F5FE010065EF010070B50446002084F839
:10F38000980900251CE005EB450104F1300010F858
:10F39000310098B905EB450204F1300101EBC201DF
:10F3A000081D142204F11C01F1F780F9012105EB7D
:10F3B000450204F1300000F8321070BD681CC5B27F
:10F3C000322DE0DB00BFF8E72DE9F04F044609AD30
:10F3D00095E8E010DDE90D89002065E000EB400BC9
:10F3E00004F59C6A1AF83BA0BAF1000F58D04FF010
:10F3F000000A00EB400B04F59C6E0EF83BA000EBFE
:10F40000400AF3460BEBCA0ACAF808104FF0000A8C
:10F4100000EB400B0EEBCB0B8BF80DA04FF0040A6A
:10F4200000EB400B0EEBCB0B8BF80CA04FF0080A57
:10F4300000EB400B0EEBCB0B8BF80EA000EB400A61
:10F44000F3460BEBCA0A8AF80F2000EB400A0BEBDD
:10F45000CA0A8AF8103000EB400A0BEBCA0A8AF895
:10F46000115000EB400A0BEBCA0A8AF8126000EB5D
:10F47000400A0BEBCA0A8AF8137000EB400A0BEB48
:10F48000CA0A8AF814C000EB400A0BEBCA0A8AF8D1
:10F49000158000EB400A0BEBCA0A8AF8169005E0CB
:10F4A00000F1010A0AF0FF00322897DBBDE8F08F77
:10F4B00070B504463148007800F0010058B92F4873
:10F4C00006F0A3FC38B12E48FFF7B4FD2D490860C3
:10F4D0002A48AFF300802C48006800F0040616BBF1
:10F4E000607900B300251CE005EB450104F59C6044
:10F4F00010F8310098B90020607105EB450204F561
:10F500009C6000EBC200011D1F481838F2F77EF91D
:10F51000012105EB450204F59C6000F83210681CDF
:10F52000C5B2322DE0DB1648FFF784FD15490968A6
:10F53000401AB0F57A7F1ED31148FFF77BFD1149C1
:10F540000860C6B194F89909022808D0022084F80E
:10F55000990900210C481838F2F77FF870BD002097
:10F5600084F89909012108481838F2F776F8012043
:10F5700006494871F2E700BFF0E700009C04002054
:10F58000C01B0020A0040020186800403824002080
:10F5900010B5044640F69C112046F1F7EEF8002025
:10F5A0000FE0002200EB400304F1300101F83320AA
:10F5B000012200EB400304F59C6101F83320411C5B
:10F5C000C8B23228EDDB0020207184F898090120B0
:10F5D0006071002084F89909204610BD70B5064678
:10F5E0000C464425002115E0144810F83100A042D3
:10F5F0000ED1134890F88D00022804D1114800EB79
:10F60000C100406870BD0D4800EBC1004068F9E7DB
:10F61000481C81B2A942E7DB094890F88D00022816
:10F6200005D1224608A10D48F0F74AFE04E0224623
:10F630000BA10A48F0F744FE0848E3E7547E0308AC
:10F640006043002074800308D09ED188D0B8D0B128
:10F65000D0BAD0B020E28496256400008C2300202C
:10F660004661756C74202325640000002DE9F0418B
:10F67000A8B004460025002600270020A07000BF87
:10F680001FE004F26D20465D06B918E0052F00DB8F
:10F690001BE0781CC7B231462046FFF79FFF80462B
:10F6A000434632460BA16846F0F70AFE2121684620
:10F6B000F4F784FC6946A01CF0F7A3FF00BF681CA8
:10F6C000C5B294F89F02A842DBDC00BF28B0BDE8B9
:10F6D000F0810000232532642D25730D0A000000FF
:10F6E0000021018080F85A1200BF06E0002300F5D7
:10F6F000177222F811304A1CD1B20829F6DB00211A
:10F7000005E0002300F26D2253544A1CD1B2322985
:10F71000F7DB002180F89F128170704710B5044616
:10F72000074803F0E4FB0748FFF760FA2046FFF7BD
:10F73000D7FF0548F7F7F4FB0448FDF779FC10BD47
:10F74000101C0020E02D0020F01E0020A42300202B
:10F75000024602F26D20405C7047000070B504461E
:10F76000AE48007800F0010058B9AC4806F04DFBF7
:10F7700038B1AB48FFF75EFCAA490860A748AFF371
:10F780000080A748FFF756FCA6490968401AB0F563
:10F790007A7F7DD3A248FFF74DFCA2490860002084
:10F7A000A4F85C02002140F25E200153801C01534A
:10F7B000801C015394F86C0208B1002020809A4804
:10F7C000C07800EBC0019848001D00EBC1008079B3
:10F7D00058B19548C07800EBC0029348001D00EB7B
:10F7E000C2008179204600F02DF9002530E08F48D5
:10F7F000405D38B1392000EB4500208001462046AD
:10F8000000F020F989480A38405D38B13A2000EB11
:10F81000450020800146204600F014F983481B3043
:10F82000405D38B14F2000EB450020800146204666
:10F8300000F008F97D481630405D38B1502000EBEB
:10F84000450020800146204600F0FCF8681CC5B247
:10F85000052DCCDB002519E074482430405D38B11B
:10F86000452000EB450020800146204600F0EAF8E4
:10F870006E482230405D38B1462000EB45002080C4
:10F880000146204600F0DEF8681CC5B2022D00E0FB
:10F89000C3E0E1DB6548863890F88C0028B135205C
:10F8A00020800146204600F0CDF86048863890F868
:10F8B0008E0028B1362020800146204600F0C2F894
:10F8C0005A48863890F8900028B12D2020800146B3
:10F8D000204600F0B7F85548863890F8920028B1D5
:10F8E0002E2020800146204600F0ACF84F48863894
:10F8F00090F8940028B1372020800146204600F07F
:10F90000A1F84A48863890F8960028B1382020801F
:10F910000146204600F096F84448863890F8B30037
:10F9200028B15B2020800146204600F08BF83F483C
:10F93000863890F8B50028B15E2020800146204628
:10F9400000F080F83948863890F8B60028B15D207C
:10F9500020800146204600F075F83348C07800EB5F
:10F96000C0013148001D00EBC10090F8450028B1EE
:10F97000282020800146204600F064F82C4890F8AA
:10F98000410028B1672020800146204600F05AF847
:10F99000284890F8A10028B1682020800146204620
:10F9A00000F050F800250DE021483830405D40B1AE
:10F9B0005F2000EB450080B220800146204600F029
:10F9C00041F86D1C042DEFDB00250DE018483C309C
:10F9D000405D40B1602000EB450080B220800146D0
:10F9E000204600F02FF86D1C042DEFDB208848B96D
:10F9F0000D48C07800EBC0010B48001D00EBC100B2
:10FA0000807920B101210C48F9F7E0F905E00021E7
:10FA10000948F9F7DBF90020A07070BD80040020D0
:10FA2000C01B002084040020F01E0020961C002033
:10FA3000A4230020301E002060430020014691F8DE
:10FA40009F02704770B504460D46002605B970BD8B
:10FA5000144803F0A5FF002607E004F26D20805D46
:10FA6000A84200D1F3E7701CC6B294F89F02B042DE
:10FA7000F3DC94F89F22501C84F89F0204F26D205E
:10FA8000855494F89F02322802DB312084F89F02CB
:10FA90002046FFF7EBFD0121034880F83E1000BF30
:10FAA000D5E700008C470020AC48002010B5044684
:10FAB0004FF428712046F0F73EFE002084F86C02D7
:10FAC000204610BD10B586B00446FF20029003907A
:10FAD00004900590009003460246034901900348B4
:10FAE000FFF7AAF806B010BDF0FF1F00E02D0020C0
:10FAF000024611F14B0F01DA00207047B32901DDF6
:10FB0000FE20FAE701F14B00C0B2F6E7F0B587B08E
:10FB100007460D4616461C4600BFFF200290039084
:10FB200004900590009001904FF4801000EB453058
:10FB300000EB8620DFF828C09CF800C000EBCC006A
:10FB4000DFF81CC09CF801C000EB0C01E3B22212EC
:10FB50000348FFF771F800BF00BF07B0F0BD000019
:10FB6000E02D00202DE9F04186B080460D46164676
:10FB70001C460C9FFF200290039004900590CDE955
:10FB800000704FF4C00000EB453000EB8620DFF83A
:10FB900028C09CF800C000EBCC00DFF81CC09CF82B
:10FBA00001C000EB0C01E3B222120348FFF744F856
:10FBB00006B0BDE8F0810000E02D002070B588B0EF
:10FBC00005460C4601208DF818005548C07810B93C
:10FBD0005348007840B104EBC401524800EBC10027
:10FBE000807808B1012100E000214F4890F8900092
:10FBF00001EB8000F030C0B28DF819004B48B0F92D
:10FC000048102846FFF774FF8DF81A00FF208DF882
:10FC10001B004448001F4078C02141EA00104249BF
:10FC200091F8961040EA8100404991F87410084319
:10FC3000C0B28DF81C003E4800783E490978F02299
:10FC400042EA81010843C0B28DF81D003A4840885D
:10FC5000002801DD012100E00021374880880028CC
:10FC600001DD012000E0002041EA80013248C08827
:10FC7000002801DD012000E0002041EA00112A48AF
:10FC800090F88F0041EA8010C0B28DF81E00254820
:10FC9000001FC07800EBC001224800EBC100407893
:10FCA000214991F88C1040EA81011F4890F88D009D
:10FCB00041EA00111C4890F88E0041EA8010C0B261
:10FCC0008DF81F009DF81F009DF81E109DF81D2047
:10FCD0009DF81C30CDE90232CDE904109DF81B00DF
:10FCE0009DF81A1004EBC406CDE900100D4800EB96
:10FCF000C600C0784FF0987606EB403000EB8420C9
:10FD00000E4E367800EBC6000C4E767881199DF8C1
:10FD100019309DF818200948FEF78EFF08B070BD15
:10FD200060430020F41E0020301E0020101C002024
:10FD3000D41E0020E21E0020A4230020E02D00207D
:10FD40002DE9F04F87B005460C466148C078A042C7
:10FD500060D16048B0F912102846FFF7C9FE064688
:10FD60005C48F7F733FD014606902846FFF7C0FED2
:10FD700007465848F7F73EFD014606902846FFF72C
:10FD8000B7FE80465348B0F90A102846FFF7B0FE88
:10FD900081465048F7F73AFD014606902846FFF79E
:10FDA000A7FE82464B48F7F73DFD014606902846E0
:10FDB000FFF79EFE83464648407840B104EBC401FD
:10FDC0004348001D00EBC10090F83D0000E0092011
:10FDD00040F0F00004EBC402CDE900A9CDE90287B0
:10FDE000CDE904603A48001D00EBC200C0784FF036
:10FDF000987202EB403000EB8420374A127800EB17
:10FE0000C200354A527881185B4602223248FEF71A
:10FE100013FF5AE02F48B0F920102846FFF768FE7C
:10FE200006462C48F7F70AFD014606902846FFF7DC
:10FE30005FFE07462748F7F715FD0146069028465E
:10FE4000FFF756FE80462348B0F918102846FFF702
:10FE50004FFE81461F48F7F729FD014606902846C8
:10FE6000FFF746FE82461B48F7F72CFD0146069039
:10FE70002846FFF73DFE834604EBC4011448001DED
:10FE800000EBC10090F83D0040F0F00004EBC4022C
:10FE9000CDE900A9CDE90287CDE904600C48001D39
:10FEA00000EBC200C0784FF0987202EB403000EBDC
:10FEB0008420094A127800EBC200074A5278811860
:10FEC0005B4602220448FEF7B7FE07B0BDE8F08F9C
:10FED000F01E0020301E0020E02D00201FB598B03D
:10FEE000FF20179016901998FF2801D11CB010BD63
:10FEF0001B980F3820285BD2DFE810F020005B0051
:10FF00009600C400E7005A0013038B0304045E0448
:10FF1000CB04320599055A005A005A005A005A007B
:10FF20005A005A005A005A005A005A005A00300625
:10FF300070069B06C6065A005A001F07FE4890F836
:10FF40005A00FD49B1F85A100912FB4A92F858209C
:10FF5000F94BB3F858301B12CDE90232CDE9041049
:10FF6000F54890F85600F449B1F856100912CDE959
:10FF700000101B980105199801EB40311A9801EB0C
:10FF80008020EE49097800EBC100EC49497808442B
:10FF90000D90E94890F854000F90E748B0F85400ED
:10FFA00000120E900246E5480F9B0D99FEF744FEA5
:10FFB0002EE3E14890F86200DF49B1F862100A12BE
:10FFC000DD4991F86010DC4BB3F860301B12CDE9CD
:10FFD0000231CDE90420D84890F85E00D649B1F846
:10FFE0005E100912CDE900101B980105199801EB6C
:10FFF00040311A9801EB8020D049097800EBC1000C
:020000040803EF
:10000000CE49497808440D90CB4890F85C000F9099
:10001000C948B0F85C0000120E900246C7480F9B1A
:100020000D99FEF709FEC3E7FF20029003900490AC
:100030000590C14890F86600BF49B1F866100912F2
:10004000CDE900101B980105199801EB40311A9871
:1000500001EB8020B949097800EBC100B749497824
:1000600008440D90B44890F864000F90B248B0F87E
:10007000640000120E900246B0480F9B0D99FEF7E7
:10008000DBFD95E71A2007210222FF23CDE902328A
:10009000CDE9041010200021CDE900101B980105C6
:1000A000199801EB40311A9801EB8020A349097897
:1000B00000EBC100A1494978084400237D22014694
:1000C0000F909E48FEF7B8FD72E71E9801287DD17B
:1000D0008DF85000FF208DF851009748B0F9480086
:1000E00001460F901898FFF703FD8DF85200FF208E
:1000F0008DF85300924890F89600F02141EA800074
:100100008D4991F874100843C0B28DF854008D48A1
:1001100000788D490978F02242EA81010843C0B293
:100120008DF8550089484088002801DD012100E054
:10013000002186488088002801DD012000E00020A1
:1001400041EA80018148C088002801DD012000E0EB
:10015000002041EA00117A4890F88F0041EA8010AF
:10016000C0B28DF856007A48C07800EBC0017848DC
:10017000001D00EBC1004078714991F88C1040EAF5
:1001800081016F4890F88D0041EA00116C4890F8A9
:100190008E0041EA8010C0B28DF857009DF85720BC
:1001A0009DF856009DF855109DF85430CDE9023168
:1001B000CDE904029DF853009DF85210CDE90010DE
:1001C0005E480078634901EBC00000E00FE05B4946
:1001D000497808440D909DF851000F909DF850000B
:1001E0000E90024655480F9B0D99FEF725FD1E986F
:1001F000022850D15248B0F91200014609901898CF
:10020000FFF776FC0F904E48F7F7E0FA01460990A9
:100210001898FFF76DFC0E904948F7F7EBFA014686
:1002200009901898FFF764FC0D904548B0F90A0052
:10023000014609901898FFF75BFC0C904048F7F7CF
:10024000E5FA014609901898FFF752FC0B903C48DC
:10025000F7F7E8FA014609901898FFF749FCFF23E1
:100260000A90DDE90D120F98CDE90403CDE90212E1
:10027000DDE90B01CDE9000130480078354901EB9B
:10028000C0002E4949780844099001462B480A9B32
:100290001E9AFEF7D1FC1E98032836D12E4890F8FE
:1002A0007C002D4991F86210274A127A264B1B894F
:1002B000DC170F9303EB1463C3F30723CDE902327A
:1002C000CDE90410204880794B30C0B21D49897AAD
:1002D000CDE900104FF09871199801EB40311A9850
:1002E00001EB80201549097800EBC10013494978DA
:1002F00008440D90134880794B30C0B203460E90ED
:100300000E481E9A0D99FEF797FC1E9804283DD1C1
:10031000FF22124800791149C978CDE903020F483C
:100320000592029180780D494978CDE900104FF08F
:100330009871199814E00000101C0020E02D002096
:10034000301E0020D41E0020E21E0020A423002026
:10035000F01E002000FC3F0160430020441D0020EF
:1003600001EB40311A9801EB8020FE49097800EB3F
:10037000C100FC49497808440E90FB4800780346C8
:100380000F90F8481E9A0E99FEF756FC1E98052805
:1003900043D1FF23F44890F8B600F34991F8B71021
:1003A00040EA8100F04991F8B41040EA0110EE49AA
:1003B00091F8B51040EA8110C1B2EC488078EC4A5F
:1003C000927840EA8200C0B2EA4A127803AC0BC4C9
:1003D0000292E8480088C0F30720E6490968C1F3A3
:1003E0000741CDE900104FF09871199801EB4031A9
:1003F0001A9801EB8020DB49097800EBC100D9494C
:10040000497808440E90DB480068000E03460F90C0
:10041000D4481E9A0E99FEF70FFC1E9806283DD16F
:10042000D14890F8B2004B30C2B2CF4890F8B0003B
:100430004B30C1B2CC4890F8AE004B30C0B2CA4B82
:1004400093F8AC304B33DBB2CDE90230CDE9041286
:10045000C54890F8AA004B30C0B2C54909794B3164
:10046000C9B2CDE900104FF09871199801EB4031F5
:100470001A9801EB8020BB49097800EBC100B9490B
:10048000497808440E90B94800794B30C0B2034611
:100490000F90B4481E9A0E99FEF7CEFB1E980728BF
:1004A0003ED1FF2002900390049001460590B2488F
:1004B00090F8262190F86E0142EA8002AE4890F84A
:1004C000B60142EA0010C0B240F0C000CDE9000120
:1004D000A948817990F84E0041EA8001A64890F839
:1004E000960041EA0011A44890F8DE0041EA80102D
:1004F000C0B20F904FF09871199801EB40311A98E3
:1005000001EB80219748007801EBC00095494978BC
:1005100008440E90014693480F9B1E9AFEF78CFBF1
:1005200046E59648006896490E9007F0EFFA0F905E
:1005300007F06CFAC0B28DF850009248F7F738F91E
:100540009149C97841F0C00141EA80008D4991F894
:10055000321040EA0110C0B20F908848006D0A9036
:1005600007F038FA00B201460B901898FFF7C0FA6E
:100570000E908248B0F94A0010F1280F0DDD7F4837
:10058000B0F94A005A2808DC7C48B0F94A00014614
:100590000B901898FFF7ACFA00E0FF200D90774819
:1005A000B0F9480001460B901898FFF7A1FA0C909B
:1005B000724890F8E600704AD27802EBC2036E4AA5
:1005C000121D02EBC30292F83C20DDE90E31CDE9A9
:1005D0000232CDE90401DDE90C01CDE900014FF063
:1005E000A871199801EB40311A9801EB80205D4900
:1005F000097800EBC1015B48407808440A909DF8F7
:100600005000FF2302460B9056480A99FEF714FB50
:10061000C8E300200F9027E053490F98085CC0B151
:1006200001F114000F99415C12AA0F98115453481C
:1006300034300F9950F821000D9007F0CBF900B23B
:1006400001460E901898FFF753FA10AA0F995054CC
:1006500007E0032112AA0F981154FF2110AA0F9846
:1006600011540F98401C0F900F980528D4DB464872
:1006700000784549497800EB81003C49497840EAD7
:1006800001103B49497840EA8110C1B29DF844000D
:100690009DF843209DF84230CDE90232CDE90401B6
:1006A0009DF841009DF84010CDE900109DF84800EC
:1006B0009DF8491000EB81009DF84A1000EB0110F5
:1006C0009DF84B1000EB8110C0B20E904FF0B0714E
:1006D000199801EB40311A9801EB802021490978E3
:1006E00000EBC1001F49497808440D909DF84C006B
:1006F000001FC0B203460F901A48DDE90D12FEF745
:100700009BFA4FE3FF210A460B461748007910B1C8
:100710001548407A00E0FF20CDE9033205910290B0
:100720001148C07810B11048007A00E0FF200E494F
:10073000897811B10C49C97900E0FF21CDE9001099
:100740004FF0B871199801EB40311A9801EB8020F5
:100750000449097800EBC1000249497808440D902A
:10076000014813E0E02D0020441D0020D41E00208D
:10077000E21E002090170020F01E0020101C002018
:1007800000002041301E002060430020407810B15E
:10079000FE48807900E0FF200F90FC48007810B1FF
:1007A000FA48407900E0FF200E900246F8480F9B7F
:1007B0000D99FEF741FAF5E2F448007910B1F348DB
:1007C000827B00E0FF22F148C07810B1EF48407B07
:1007D00000E0FF20ED49897811B1EC49097B00E088
:1007E000FF21EA4B5B7813B1E84BDB7A00E0FF2393
:1007F000CDE90231CDE90402E448007810B1E348C4
:10080000817A00E0FF21E148007910B1DF48C07C27
:1008100000E00F200F30C0B2CDE90001DB48807846
:1008200010B1DA48407C00E00F20D849C97819B1EE
:10083000D649897C090100E00F210844C0B20F901D
:10084000D248007810B1D148C07B00E00F20CF49DA
:10085000497819B1CD49097C090100E00F2108440C
:10086000C0B20E904FF0C071199801EB40311A9848
:1008700001EB8020C649097800EBC100C4494978E2
:1008800008440D900146C248DDE90E23FEF7D4F975
:1008900088E2BE48007940B1BC48B0F92600014664
:1008A0000A901898FFF724F900E0FF200F90B7484E
:1008B000C07840B1B548B0F9240001460A901898B4
:1008C000FFF716F900E0FF200E90B048807840B1A5
:1008D000AE48B0F9220001460A901898FFF708F9CF
:1008E00000E0FF200D90A948407840B1A748B0F93A
:1008F000200001460A901898FFF7FAF800E0FF2060
:100900000C90A248007840B1A048B0F91E00014602
:100910000A901898FFF7ECF800E0FF20FF210B90F9
:100920000F98CDE9020104910591DDE90D01CDE9B2
:1009300000014FF0C871199801EB40311A9801EB92
:1009400080209349097800EBC10091494978084417
:100950000A9001468E48DDE90B23FEF76DF921E28E
:100960008A48007940B18948B0F9300001460A90C0
:100970001898FFF7BDF800E0FF200F908348C0787B
:1009800040B18248B0F92E0001460A901898FFF74E
:10099000AFF800E0FF200E907C48807840B17B48A3
:1009A000B0F92C0001460A901898FFF7A1F800E072
:1009B000FF200D907548407840B17448B0F92A0086
:1009C00001460A901898FFF793F800E0FF200C907A
:1009D0006E48007840B16D48B0F9280001460A9091
:1009E0001898FFF785F800E0FF20FF210B900F9883
:1009F000CDE9020104910591DDE90D01CDE9000188
:100A00004FF0D071199801EB40311A9801EB802119
:100A10005F48007801EBC0015D48407808440A90C7
:100A200001465B48DDE90B23FEF706F9BAE1FF203A
:100A3000179016905548007828B1544890F87A00DD
:100A400000F0030000E0032040F0FC00179908408C
:100A500017904E48407828B14C4890F87B008007AA
:100A6000000F00E0032040F0F300179908401790B2
:100A70004648807828B1454890F87C008007800E71
:100A800000E0032040F0CF001799084017903F483E
:100A9000C07820B13D4890F87D00800100E003203F
:100AA00040F03F001799084017903848007928B166
:100AB000364890F87E0000F0030000E0032040F08C
:100AC000FC00169908401690FF23304A1279DDE9A0
:100AD00016011AB12D4A92F8362000E0FF22CDE926
:100AE0000403CDE902212948C07818B1274890F8BD
:100AF000350000E0FF202549897819B1234991F894
:100B0000341000E0FF21CDE900104FF0D8711998A2
:100B100001EB40311A9801EB80201D49097800EB68
:100B2000C1001B49497808440D901848407818B115
:100B3000164890F8330000E0FF200F90134800782B
:100B400018B1124890F8320000E0FF200E900246E3
:100B50000F480F9B0D99FEF76FF823E10D48D0F871
:100B6000B0004FF4FA61B0FBF1F201FB1200C0B229
:100B7000FF220F90074890F8C200064991F8C11073
:100B8000CDE9030203480592029105E0441D0020CF
:100B9000E02D00206043002090F8C000834991F8C8
:100BA000B810CDE900104FF02071199801EB4031D9
:100BB0001A9801EB80217E48007801EBC0007C4947
:100BC000497808440D90794890F8B40003460E9097
:100BD00077480F9A0D99FEF72FF8E3E0FF2373484B
:100BE00090F88400714991F88210CDE903036F48B1
:100BF0000593029190F8C6006C4991F8C510CDE9B3
:100C000000106B4800786B4901EBC00068494978D7
:100C100008440D90654890F8C4000F90634890F820
:100C2000C3000E90024662480F9B0D99FEF704F830
:100C3000B8E0FF23604890F83A005F4991F8391016
:100C40005D4A92F83820CDE90403CDE902215A48E3
:100C500090F83400CDE9000355480078574901EB7E
:100C6000C0005349497808440D90534890F8330028
:100C70000F90514890F837000E9002464C480F9B59
:100C80000D99FDF7D9FF8DE0FF2213464C48C0882F
:100C9000C1170F9000EB116001120F98A0EB01201B
:100CA000C1B24748C088C4170E9000EB1460C0F36F
:100CB000072002AC0BC4059241488088C1170D90F3
:100CC00000EB116001120D98A0EB0120C0B23C496D
:100CD0008988CA170C9101EB1261C1F30721CDE994
:100CE000001037484088C1170B9000EB11600112CB
:100CF0000B98A0EB0120C0B2099031484088C11781
:100D00000A9000EB1160C0F3072008904FF02C719F
:100D1000199801EB40311A9801EB802124480078A2
:100D200001EBC00122484078084407900146204862
:100D3000DDE90823FDF780FF34E0224890F87422B3
:100D400090F8731290F872021E4B93F87132CDE94D
:100D50000230CDE904121B4890F87002194991F84D
:100D60006F12CDE900104FF03871199801EB403146
:100D70001A9801EB80200E49097800EBC1000C495C
:100D8000497808440D900F4890F86E020F900D4876
:100D900090F86D020E90024605480F9B0D99FDF7E5
:100DA0004BFF00BF00BF00BFFFF7A0B860430020AB
:100DB000E02D002000FC9F02301E002000FCAF024E
:100DC000A4230020EC200020002101707047014680
:100DD0000888000A0A7840EA0220088008887047DC
:100DE000014608880012704701460878704710B520
:100DF00002884A400280082210E0037803F00103D1
:100E00003BB103885B100380038844886340038000
:100E100002E003885B100380531EDAB2002AECD193
:100E200010BD2DE9F04106460F46144698464FF690
:100E3000FF703080A5B205E0795D3046FFF7D7FF3F
:100E4000681C85B204EB0800A842F5DCBDE8F0811F
:100E5000002101604AF2010141804FF6FF710180DB
:100E6000704710B504462A2904D1032000FB023044
:100E7000C0B210BD292903D102F11500C0B2F8E7B4
:100E8000FF20F6E72DE9F04387B006460C461546ED
:100E900004EB4402214800EB4200C178304600F0E8
:100EA00043F8074604EB44021C4800EB4200C178BB
:100EB000304600F054F8804604EB4402174800EB3B
:100EC0004200C178304600F03AF8814614A000682C
:100ED000069006A800F80950FF20029003900490A5
:100EE00005909DF81A009DF81910CDE900104FF0FB
:100EF000447000EB473000EB88200A4A127800EB80
:100F0000C200084A527881189DF81830FF2205481F
:100F1000FDF792FE07B0BDE8F0830000F823002043
:100F2000FFFFFF00E02D00200246152901DA2A20EC
:100F300070471C2901DA2920FAE7FF20F8E702466A
:100F4000152906DA032091FBF0F300FB1310C0B261
:100F500070471C2901DA0120FAE7FF20F8E7024672
:100F6000152904DA032091FBF0F0C0B270471C2968
:100F700003DAA1F11400C0B2F8E7FF20F6E77047EA
:100F800010B504460948FEF755F843F69821884203
:100F90000AD90648FEF74EF86168401A43F69821D0
:100FA000884201D90020207010BD0000C01B002025
:100FB00010B5044650212046EFF7DFFBFF2084F8F0
:100FC0004C0000201DE0642200EB400304F11001FE
:100FD00001EB43018A70411C8AB200EB400304F12B
:100FE000100101EB43018A80022200EB400304F16F
:100FF000100101F8132000EB400301EB4301C8701E
:10100000401C0A28DFDB204610BD000002461829DC
:1010100002D13948008870471A2903D13648B0F800
:101020005C02F8E71B2903D13348B0F85E02F2E70F
:101030001C2903D13048B0F86002ECE71D2903D128
:101040002D48B0F86202E6E71E2903D12A48B0F81D
:101050006402E0E71F2903D12748B0F86602DAE707
:10106000202903D12448B0F86802D4E7212903D10C
:101070002148B0F86A02CEE7312903D11F48B0F801
:101080005400C8E7322903D11C48B0F85600C2E723
:10109000332903D11948B0F85800BCE7342903D1EB
:1010A0001648B0F85A00B6E7352903D11348B0F80E
:1010B0005C00B0E7362903D11048B0F85E00AAE71B
:1010C000372903D10D48B0F86000A4E7382903D1CF
:1010D0000A48B0F862009EE7392903D10748B0F802
:1010E000640098E73A2903D10448B0F8660092E713
:1010F0004FF0FF308FE70000EC200020101C002094
:1011000003B59DB01E9800EB4001F94800EBC1000B
:101110008068C0F346301C901E9800EB4001F448F4
:1011200000EBC1000089C0F382201B90FF201A90C1
:1011300019901890EE48343801781C98814207D0F5
:101140001C987E2804D01C987F2801D01FB000BDB9
:10115000E748343841781B98814203D01B98072810
:1011600000D0F3E7E248343801781C98814207D177
:10117000DF48343841781B98814201D1012000E0DA
:10118000002017901E9800EB4001D94800EBC100E9
:101190008068000D14901E9800EB4001D44800EBCD
:1011A000C1000089C0F3C60013901E9800EB4001F7
:1011B000CF4800EBC100007A00F0070012901298AF
:1011C000072800D1C2E700200C900B900FE01E987A
:1011D00000EB4001C64800EBC1000F300B99415CA9
:1011E0000EAA0B9811540B98401CC0B20B900B9890
:1011F0000828ECDB14980105139801EB4031129894
:1012000001EB8020BA493439097800EBC100B849B4
:1012100034394978084411901398062814D013984B
:101220000A2811D0139817280ED013981B280BD01A
:101230001398222808D01398232805D013982B2818
:1012400002D013982C281AD1AA48FDF7F3FE129960
:1012500001EBC102A84901EBC20108640121129807
:1012600000EBC002A44800EBC20080F84410DDE9A6
:10127000121001EBC102A04901EBC201C870149821
:10128000382881F06382DFE810F0FA073800FA07A7
:10129000BB00F900FA00FB001001BB01FA07650270
:1012A000A102BC021C03FA076103FA07FA07AD03A7
:1012B000C403FA07FA07F804FA07FA07BC05FB05A6
:1012C0003A06BA06E506FA07FA070807FA072D07ED
:1012D000FA07FA07FA07FA07FA079507FB075C0807
:1012E000FA079F08DB08FA07FA07FA075E09FA0708
:1012F000FA07FA07FA07FA07320A4FF400111398AF
:1013000001EB4031129801EB8021794834380078A4
:1013100001EBC000764934394978084411909DF8B2
:1013200039009DF8381000EB0120042825D005DC99
:1013300048B101281FD0032838D11DE005281DD051
:10134000162833D11EE0FF2010220023CDE9032010
:101350007D210293CDE9001305909DF839000B9093
:101360009DF838000A900246614834380B9B119969
:10137000FDF762FC41E040E03FE03EE05F48FEF701
:10138000CDF93AE05E485F49086000BFBFF34F8F78
:101390005D48006800F4E0605C490843001D5A495C
:1013A0000860BFF34F8F00BF00BFFEE7FF20029031
:1013B000039004900590009001904FF40011139851
:1013C00001EB4031129801EB802149483438007814
:1013D00001EBC000464934394978084409909DF82A
:1013E00039000B909DF838000A9002464048343886
:1013F0000B9B0999FDF720FC00BF00BF01F0A6B9C7
:10140000179800B9A2E69DF839009DF8381000EB56
:10141000012080B201460B901D98FFF7F7FD159053
:10142000FF221598C1B2C0F3072002AB07C3059293
:101430001598C0F30741000ECDE900014FF480017B
:10144000139801EB4031129801EB80202849343980
:10145000097800EBC10026493439497808440990DD
:101460009DF839000B909DF838000A9002462048FC
:1014700034380B9B0999FDF7DFFBBFE7BEE7BDE7FB
:101480009DF839009DF8381000EB012080B21690CD
:101490009DF83A0000901698C0B2034607227F21BB
:1014A0000B901B48FEF71AFDA8E79DF8380030B1F5
:1014B000012831D0022866D0032817D177E01548DB
:1014C000F5F778FF1348F5F76BFEFF2002900390C5
:1014D00004900590009001909DF838000346042286
:1014E0000B90034834381199FDF7A6FB86E0000005
:1014F000142E0020C01B0020F41E0020EC20002031
:1015000055AA1600FC0300200CED00E00000FA05CF
:10151000C4040020704700209DF83C0000069DF8A0
:101520003D1000EB01409DF83E1000EB01209DF8BE
:101530003F1008440B909DF83B009DF83A1000EBDB
:1015400001200A900146F8480B9AF5F757FD9DF8DF
:101550003F109DF83E009DF83D209DF83C30CDE9C0
:101560000232CDE904019DF83B009DF83A10CDE927
:1015700000109DF83800034604220B90EB481199A7
:10158000FDF75AFB3AE0E848F5F7AEFDFF20029080
:10159000039004900590009001909DF83800034658
:1015A00004220B90E1481199FDF746FB26E09DF8D7
:1015B0003B009DF83A1000EB012001460B90DA4801
:1015C000F5F730FD10901098C1B2C0F30722C0F3B8
:1015D0000743000ECDE90332059102909DF83B00D0
:1015E0009DF83A10CDE900109DF83800034604221A
:1015F0000B90CE481199FDF71FFB00BF00BFFDE621
:101600009DF8380000F0F000A0BB9DF8380000F015
:101610000F0010B106282BD106E0C54802F0A8F94A
:10162000C34802F006F923E09DF83D009DF83C1008
:1016300000EB012080B20B90BD480B9902F028F915
:101640000A900A98C1B2C0F30722C0F30743000E04
:10165000CDE90332059102900B98C1B20012FF232D
:101660000422CDE90001B1481199FDF7E5FA00BF68
:1016700000BFC3E6FFE79DF8380000F030001028F7
:1016800067D19DF8380000F00F0010B103285FD13A
:101690000EE00020099007E0A648099902F002FA3E
:1016A0000998401CC0B2099009980128F4DB4FE06A
:1016B0009DF83D009DF83C1000EB012080B20B909E
:1016C0009DF83F009DF83E1000EB012080B20A908B
:1016D0000020099037E0974801680B9801EBC001A2
:1016E000099801EBC00008909248406808380899B2
:1016F000884200D22BE090480899F5F7A2F80790AD
:101700000899091D8C48F5F79CF806900698C1B217
:10171000C0F30722C0F30743000ECDE90332059161
:1017200002900798C1B2C0F30720CDE900010798E5
:10173000C0F3074304227D481199FDF77DFA09980B
:10174000401C80B20990DDE909018842C3DB00BF7B
:1017500000BF53E69DF83810129800EBC00277489E
:1017600000EBC20001719DF83910129800EBC00225
:10177000724800EBC20041719DF83A10129800EBDC
:10178000C0026E4800EBC20081719DF83B0000F082
:101790000300012801D1012100E00021129800EB93
:1017A000C002664800F83210129800EBC00163488E
:1017B00000EBC10090F82A0038B9002012230090F5
:1017C0005F48DDE91221FEF7CDF917E69DF83900F3
:1017D0009DF8381000EB0120079005F00EFD002267
:1017E000584BCDE9080105F081FBCDE90A0105F070
:1017F00097FA129901EBC102504901EBC2018860CE
:10180000FCE59DF83800FF2808D09DF838101298A4
:1018100000EBC002494800EBC20001619DF83900AD
:10182000FF2808D09DF83910129800EBC0024348F9
:1018300000EBC20041619DF83A00FF2803D19DF8FA
:101840003B00FF2819D09DF83B109DF83A0001EBB2
:101850000020079005F0D1FC00223B4BCDE90801A8
:1018600005F044FBCDE90A0105F05AFA129901EBA3
:10187000C102324901EBC201C8619DF83E00FF2858
:1018800008D09DF83E10129800EBC0022B4800EBE8
:10189000C20081619DF83F0000F0030002280FDACA
:1018A0009DF83F0000F00300012801D1012100E074
:1018B0000021129800EBC002204800EBC2004170EA
:1018C0009CE59DF83800FF2803D19DF83900FF28DA
:1018D0000DD09DF839109DF8380001EB002001B2C1
:1018E000129800EBC002154800EBC20001859DF87C
:1018F0003B00FF2809D09DF83B004B38129901EBC3
:10190000C1020E4901EBC20188849DF83C00FF280A
:1019100009D09DF83C004B38129901EBC1020749F0
:1019200001EBC201C88469E570470020E02D00206A
:10193000901700208C47002068050020F41E00202E
:10194000C4040020000024400000594013982528BA
:1019500047D11298E8BB9DF83800FF2803D19DF8C5
:101960003900FF2808D09DF839109DF8380001EBA8
:10197000002000B2FE4908849DF83A00FF2803D1F8
:101980009DF83B00FF2808D09DF83B109DF83A00D9
:1019900001EB002001B2F64841849DF83C00FF288D
:1019A00003D19DF83D00FF2808D09DF83D109DF81B
:1019B0003C0001EB002001B2ED4881849DF83E001F
:1019C000FF2803D19DF83F00FF280AD09DF83F1063
:1019D00000E006E09DF83E0001EB002001B2E44883
:1019E000C1840BE500200B900FE00EA90B980A5C58
:1019F000129800EBC001DF4800EBC1002A300B99C0
:101A000042540B98401CC0B20B900B980828ECDB9A
:101A1000F4E49DF83800012827D1179828B39DF8E1
:101A20003C00C0F3810002280EDAD34890F89500FC
:101A300050B19DF83C00C0F3810008B1012000E0E6
:101A40000020CD4981F896009DF83C00C0F30110BC
:101A500002280ADA9DF83C00C0F3011008B1012108
:101A600000E00021C348001F41709DF838000328A2
:101A700047D11798F0B39DF83900FF2804D09DF89E
:101A800039004B38BD49C8809DF83A00FF2803D083
:101A90009DF83A10B94841819DF83B00FF2804D0D9
:101AA0009DF83B004B38B649C8809DF83C00FF28A4
:101AB00003D19DF83D00FF2807D09DF83D109DF80B
:101AC0003C0001EB0020AE4908819DF83E00002853
:101AD00008DD9DF83E00642804DC9DF83E10A9480E
:101AE000A0F862109DF83F0001280ADD9DF83F0034
:101AF0003C2800E005E004DC9DF83F10A148A0F878
:101B00007C109DF83800062833D1179888B39DF8CB
:101B10003B00FF2805D09DF83B004B389A49A1F8BF
:101B2000AA009DF83C00FF2805D09DF83C004B38EA
:101B30009549A1F8AC009DF83D00FF2805D09DF81F
:101B40003D004B389049A1F8AE009DF83E00FF28BB
:101B500005D09DF83E004B388B49A1F8B0009DF8A8
:101B60003F00FF2805D09DF83F004B388649A1F87B
:101B7000B2009DF8380007287ED1179878B39DF8F9
:101B8000390000F0030002280ADA9DF8390000F05D
:101B9000030008B1012100E000217648001F817197
:101BA0009DF83900C0F3810002280BDA9DF8390056
:101BB000C0F3810008B1012100E000216D48001F41
:101BC00080F84E109DF83900C0F3011002280CDA9D
:101BD0009DF83900C0F3011010B1012101E04BE084
:101BE00000216448001F80F896109DF839000221FA
:101BF000B1EB901F0ADD9DF83900800908B1012181
:101C000000E000215B48001F80F8DE109DF83A00DC
:101C100000F0030002280BDA9DF83A0000F0030000
:101C200008B1012100E000215248001F80F8261170
:101C30009DF83A00C0F3810002280BDA9DF83A00C3
:101C4000C0F3810008B1012100E000214948001FD4
:101C500080F86E119DF83A00C0F3011002280BDAEB
:101C60009DF83A00C0F3011008B1012100E0002105
:101C70004048001F80F8B61116E4179800B913E425
:101C80009DF8380000F003000C900C9803280ED04B
:101C90003D48017D0C98814209D03B48007830B125
:101CA00039480078022802D037490C9808759DF809
:101CB0003800C0F381000C900C9803280ED03248F5
:101CC000417D0C98814209D02F48407830B12E4890
:101CD0004078022802D02C490C9848759DF83800AD
:101CE000C0F301100C900C9803280ED02648817D7B
:101CF0000C98814209D02448807830B122488078FD
:101D0000022802D020490C9888759DF83800800977
:101D10000C900C9803280ED01B48C17D0C98814272
:101D200009D01948C07830B11748C078022802D0CD
:101D300015490C98C8759DF8390000F003000C9007
:101D40000C9803280ED01048017E0C98814209D0CF
:101D50000D48007930B10C480079022802D00A49B8
:101D60000C9808769DF83F0000F003000C900DE001
:101D7000A4230020F41E0020301E0020D41E0020CA
:101D8000E21E002060430020441D00200C98032820
:101D900006D00C9808B1012000E00020FC49087032
:101DA0009DF83F00C0F381000C900C9803280AD0E6
:101DB0000C9828B1F74890F8320008B9012000E0EB
:101DC0000020F34948709DF83F00C0F301100C90CB
:101DD0000C98032806D00C9808B1012000E00020E0
:101DE000ED4948709DF83F0080090C900C9803283D
:101DF00006D00C9808B1012000E00020E7494870A7
:101E00003DE2179800B93AE29DF83800FF2804D067
:101E10009DF838004B38E249C8839DF83900FF2807
:101E200004D09DF839004B38DD4908849DF83A000C
:101E3000FF2804D09DF83A004B38D94948849DF8D2
:101E40003B00FF2804D09DF83B004B38D4498884E0
:101E50009DF83C00FF2804D09DF83C004B38D04949
:101E6000C884CF4890F849101E3030F911000A900C
:101E700005F0ECFD01460B90C548F6F7C5FFFEE105
:101E8000179800B9FBE19DF83800FF2804D09DF8B1
:101E900038004B38C24908859DF83900FF2804D026
:101EA0009DF839004B38BE4948859DF83A00FF2817
:101EB00004D09DF83A004B38B94988859DF83B001D
:101EC000FF2804D09DF83B004B38B549C8859DF8E4
:101ED0003C00FF2804D09DF83C004B38B0490886F0
:101EE000AF4890F849101E3030F911000A9005F003
:101EF000ADFD01460B90A648F8F7F8FEBFE1179834
:101F000000B9BCE19DF83800FF2804D09DF83800E6
:101F1000A34981F832009DF83900FF2804D09DF8CC
:101F200039109F4880F833109DF83A00FF2804D0FC
:101F30009DF83A109A4880F834109DF83B00FF282D
:101F400004D09DF83B10964880F835109DF83C0071
:101F5000FF2804D09DF83C10914880F836109DF879
:101F60003D0000F003000C900C98032807D00C985B
:101F700008B1012000E00020894981F87A009DF82D
:101F80003D00C0F381000C900C98032807D00C98FA
:101F900008B1012100E00021814880F87B109DF804
:101FA0003D00C0F301100C900C98032807D00C984A
:101FB00008B1012100E00021794880F87C109DF8EB
:101FC0003D0080090C900C98032807D00C9808B1AC
:101FD000012100E00021724880F87D109DF83E004C
:101FE00000F003000C900C98032807D00C9808B15F
:101FF000012100E000216A4880F87E10A6E39DF8E8
:10200000380000069DF8391000EB01409DF83A10A9
:1020100000EB01209DF83B100144129800EBC00238
:10202000604800EBC20041639DF83C0000069DF84B
:102030003D1000EB01409DF83E1000EB01209DF8A3
:102040003F100144129800EBC002564800EBC2005A
:1020500081637BE39DF8380002281DD19DF83C0088
:1020600001049DF83D0001EB00209DF83E1008445E
:10207000079005F0C2F800224B4BCDE9080104F0AF
:1020800035FFCDE90A0104F04BFE129901EBC102C4
:10209000444901EBC201C86058E39DF83A0000F0E2
:1020A0000F0004281DD0FF200423CDE90230049046
:1020B00005900020009001909904139801EB4031A5
:1020C000129801EB80203949097800EBC1003749AB
:1020D000497808440623002201460B903348FCF758
:1020E000ABFD33E34FF00C71139801EB40311298C4
:1020F00001EB80202D49097800EBC1002B4949787C
:10210000084411909DF8380000069DF8391000EB46
:1021100001409DF83A1000EB01209DF83B10084467
:102120000D9000200B9028E021480D99F4F789FBD1
:1021300010901098C1B2C0F30722C0F30743000EFD
:10214000CDE90332059102900D98C0B20D99C1F30B
:102150000721CDE900100D98000E0A900D98C0F3EC
:10216000074312480A9A1199FCF766FD0D98001D65
:102170000D900B98401C80B20B909DF83D009DF88F
:102180003C1000EB01210B988142CDDCDEE2000027
:1021900060430020301E0020D41E0020E21E0020DC
:1021A000441D0020F41E002000408F40E02D002040
:1021B000680500209DF83800FF2804D09DF83800FD
:1021C000FE49C1F8B0009DF839000D2808DA9DF8E5
:1021D0003900002804DD9DF83910F848C0F8B41023
:1021E0009DF83A00202808DA9DF83A00002804DD1E
:1021F0009DF83A10F148C0F8B8109DF83B00182837
:1022000004DA9DF83B10ED4880F8C0109DF83C00C2
:102210003C2804DA9DF83C10E84880F8C1109DF88D
:102220003D003C2804DA9DF83D10E44880F8C210D7
:10223000E24890F8C21090F8C100E04A92F8C0203D
:10224000CDE900200291DD4890F8B8000B90DB4802
:1022500090F8B4000A90D94890F8B000099001466F
:10226000D648DDE90A23FAF71FFA0120D34981F89D
:10227000D900D348FCF7DEFED049C1F8DC0065E2A6
:102280009DF8380018280BDACC4890F8C3009DF868
:102290003810884204D09DF83810C84880F8C31020
:1022A0009DF839003C280BDAC44890F8C4009DF82A
:1022B0003910884204D09DF83910C04880F8C41005
:1022C0009DF83A0018280BDABC4890F8C5009DF834
:1022D0003A10884204D09DF83A10B84880F8C510EA
:1022E0009DF83B003C280BDAB44890F8C6009DF8F6
:1022F0003B10884204D09DF83B10B04880F8C610CF
:102300009DF83C0065280BDAAC48B0F882009DF8D7
:102310003C10884204D09DF83C00A849A1F88200F6
:102320009DF83D0065280BDAA448B0F884009DF8BC
:102330003D10884204D09DF83D00A049A1F88400DA
:1023400004E29DF83800022808DA9DF8380008B148
:10235000012100E000219B4880F837109DF83900EA
:10236000022808DA9DF8390008B1012000E00020B9
:10237000944981F833009DF83A00022808DA9DF864
:102380003A0008B1012100E000218E4880F83410A5
:1023900000200B9014E00B98001D0EA9085C022889
:1023A0000BDA0B98001D085C08B1012200E0002246
:1023B0000B98401D834933310A540B98401C0B90F5
:1023C0000B980328E7DBC1E101207F490870002159
:1023D0001D9801729DF839109DF8380001EB00201E
:1023E000B0F57A7F07DC9DF839109DF8380001EBD5
:1023F0000020754908819DF83B109DF83A0001EBDB
:102400000020B0F57A7F08DC9DF83B109DF83A007B
:1024100001EB002081B26C4841819DF83D109DF890
:102420003C0001EB0020B0F57A7F08DC9DF83D1000
:102430009DF83C0001EB002081B26348818185E179
:1024400001206149087000211D9801729DF8391022
:102450009DF8380001EB00204FF6FF71884214D040
:102460009DF839109DF8380001EB0020079004F02A
:10247000C4FE0022554BCDE9080104F037FDCDE93B
:102480000A0104F04DFC504908619DF83B109DF88D
:102490003A0001EB00204FF6FF71884214D09DF8FE
:1024A0003B109DF83A0001EB0020079004F0A5FED8
:1024B0000022464BCDE9080104F018FDCDE90A01E0
:1024C00004F02EFC404948619DF83D109DF83C0009
:1024D00001EB00204FF6FF71884214D09DF83D10AB
:1024E0009DF83C0001EB0020079004F086FE0022DE
:1024F000364BCDE9080104F0F9FCCDE90A0104F0FE
:102500000FFC314988619DF83F109DF83E0001EBBA
:1025100000204FF6FF71884214D09DF83F109DF8BF
:102520003E0001EB0020079004F067FE0022274BDD
:10253000CDE9080104F0DAFCCDE90A0104F0F0FB72
:102540002149C86102E10120214908701C48FCF7BB
:1025500071FD1F4948609DF83900FF2802D09DF8A1
:1025600039001A909DF83A00FF2802D09DF83A00F1
:1025700019909DF83B00FF2802D09DF83B00189071
:102580001A98FF2842D000231148DDE91221FEF7F6
:1025900068FC0B9000200A9034E00A9800EB4001A0
:1025A0000B48103000EB4100C1780B98814226D1D6
:1025B0000A9800EB4001064810300BE06043002011
:1025C000C01B0020301E0020A42300200000244057
:1025D000E823002010F8110088B10A9901EB4102AC
:1025E000624901EB42011A9848701A9838B10A9969
:1025F00001EB41025D4901EB42011A9888700A988B
:10260000401C0A900A980A28C7DB00BF1998FF28C7
:1026100034D0012355481038DDE91221FEF721FCA2
:102620000B9000200A9025E00A9800EB40014F48EB
:1026300000EB4100C1780B98814218D10A9800EB59
:1026400040014A4810F8110088B10A9901EB410293
:10265000464901EB420119984870199838B10A9916
:1026600001EB4102414901EB4201199888700A9837
:10267000401C0A900A980A28D6DB00BF1898FF2849
:1026800034D0022339481038DDE91221FEF7E9FB86
:102690000B9000200A9025E00A9800EB4001334897
:1026A00000EB4100C1780B98814218D10A9800EBE9
:1026B00040012E4810F8110088B10A9901EB41023F
:1026C0002A4901EB420118984870189838B10A99C4
:1026D00001EB4102254901EB4201189888700A98E4
:1026E000401C0A900A980A28D6DB00BF2EE0002082
:1026F0000B900DE00EA90B98085CFF2805D00B98F5
:102700000A5C1A4808380B9942540B98401C0B90ED
:102710000B980428EEDB00200B9013E00EA90B9819
:10272000001D085C00F00F000F2808D00B98001D5A
:10273000085C00F00F020D48001F0B9942540B98E3
:10274000401C0B900B980428E8DB00BF00BF1398D7
:10275000782807DB01211D9801700548FCF76AFC09
:102760001D99486000BFFEF7F1BC0000F82300206F
:10277000C01B002010B586B00446A948007800F0C0
:10278000010058B9A64803F040FB38B1A548FCF752
:1027900051FCA5490860A248AFF30080A348007827
:1027A00000F0010058B9A14803F02FFB38B19D4853
:1027B000FCF740FC9E4908609C48AFF300809948B4
:1027C000FCF738FC9A490968401A41F2883188427E
:1027D00018D39448FCF72EFC95490860FF2002901E
:1027E0000390049005900090019092480078924ADE
:1027F00002EBC0008F4A5278811800231A468D4898
:10280000FCF71AFA8748FCF715FC87490968401A53
:10281000972876D38348FCF70DFC834908608748E6
:102820000078401C8549087008460078212869D244
:10283000DFE800F0E6111213141516172A2B2C2DC1
:102840002E2F30434C555E69727B848D969FACB5BC
:10285000BEC7D0D9DD0000BF00BF00BF00BF00BFB2
:1028600000BF76480078401E00EBC001744800EBC2
:10287000C10090F8440030B170480078401EC1B2E9
:102880007048FDF79BF9C7E000BF00BF00BF00BF65
:1028900000BF00BF69480078083800EBC0016848F5
:1028A00000EBC10090F8440030B16448007808386B
:1028B000C1B26448FDF744FAAEE0012013230722B9
:1028C0007F2100905F48FDF709FBA5E0032013235B
:1028D00007227F2100905B48FDF700FB9CE004206D
:1028E000132307227F2100905648FDF7F7FA93E063
:1028F000FF20152307227F2100905248FDF7EEFAB2
:102900008AE08AE07CE0FF20162307227F210090E6
:102910004C48FDF7E3FA7FE0FF20172307227F21D1
:1029200000904848FDF7DAFA76E0FF2018230722E6
:102930007F2100904348FDF7D1FA6DE0FF20192375
:1029400007227F2100903F48FDF7C8FA64E0FF208E
:102950001A2307227F2100903A48FDF7BFFA5BE077
:10296000FF201B2307227F2100903648FDF7B6FA8F
:1029700052E0354890F8D90038B9FF2028230722C3
:102980007F2100902F48FDF7A9FA45E0FF20292379
:1029900007227F2100902B48FDF7A0FA3CE0FF20A2
:1029A0002A2300227F2100902648FDF797FA33E082
:1029B000FF202B230022252100902248FDF78EFACC
:1029C0002AE00520132307227F2100901D48FDF7F0
:1029D00085FA21E00620132307227F210090194861
:1029E000FDF77CFA18E01748FDF76CF814E00720B3
:1029F000132302467F2100901248FDF76FFA0BE087
:102A0000FF202E2307227F2100900E48FDF766FA53
:102A100000200A49087000BF00BF06B010BD0000CA
:102A2000AC040020C01B0020B0040020A80400203B
:102A3000B4040020E02D002000FC1F00B80400209A
:102A4000F41E0020C40400206043002070B504463A
:102A50001E48FCF7EFFA6168401A44F6206188428C
:102A600001D9002020702046FFF784FE002511E0E8
:102A700005EB4501164810F8310048B129462046BB
:102A8000FEF73EFB002105EB4502114800F832102D
:102A9000681CC5B2322DEBDB0C48FCF7CBFA0D49B4
:102AA0000968401AB0F57A7F0ED30848FCF7C2FADD
:102AB00008490860207A401C2072207A0F2803DB26
:102AC000002020720449087070BD0000C01B002067
:102AD000142E0020A4040020A42300200021016063
:102AE000416081607047000070B50446544890F81A
:102AF000950028B1524890F8960084F8740070BD93
:102B000050480078A8B95048FCF794FAB0F5967F81
:102B10000FD901204B4908705E20005B3C2805DB83
:102B20005E20005B40F6AC51884202DD012084F853
:102B3000E80094F8E800002874D194F88C0010B9EB
:102B400094F88E0018B1002084F87400D7E794F848
:102B50001801401C84F8180194F818010A2802DBB7
:102B6000002084F81801B4F84A1094F8182104F5EC
:102B70008D7020F8121094F81801092802D1B4F9C8
:102B80001A5106E094F81801401C04F58D7131F9D2
:102B9000105094F8740070BBB4F94A00281A042845
:102BA00005DD94F82E01401C84F82E0102E000207F
:102BB00084F82E0194F82E01022808DD204890F8B0
:102BC000A00084F87500B4F84A00A4F84C0094F80A
:102BD0007500FF2831D094F8750028B194F875007D
:102BE000401E84F8750028E0012084F87400FF205E
:102BF00084F8750021E0FFE7B4F94A00B4F94C10FD
:102C0000884203DAB4F84A00A4F84C00B4F94A1038
:102C1000B4F94C00801C81420FDD002084F8740060
:102C20000BE0FFE70948B0F85E00B0F57A7F01DA03
:102C3000012000E0002084F8740000BF5FE700007E
:102C4000301E002068040020C01B0020101C002043
:102C500010B59CB0044601210846EFF731FC012174
:102C60000220EFF72DFC01210420EFF729FC01A839
:102C7000EFF7D8F9FE20019003208DF8080000201E
:102C80008DF80B0001A98148EFF754F901A8EFF77F
:102C9000C9F93F20019003208DF8080000208DF82D
:102CA0000B0001A97A48EFF745F901A8EFF7BAF947
:102CB000032001908DF8080000208DF80B0001A979
:102CC0007448EFF737F901218805EFF7F9FB012187
:102CD0000802EFF725FC7048EEF778FE03A8EEF740
:102CE0007FFF002003906D4804906D480590002000
:102CF000069010200790002008904FF48060099003
:102D000040000A9080000B9040110C9040020D9002
:102D100000200E9001200F9000201090119003A928
:102D20005D48EEF731FF01215B48EEF743FE12A844
:102D3000EDF752FE0020129013904FF48040149053
:102D40000020159012A8EDF72FFE16A8EDF7EBFE68
:102D50000020169001208DF85C008DF85D000020A9
:102D6000189019901A9010208DF86C0016A94B48F5
:102D70004C38EDF74DFE07230122114647484C38E9
:102D8000EDF770FE07230222114644484C38EDF758
:102D900069FE07230322114640484C38EDF762FED6
:102DA0000723042211463D484C38EDF75BFE07230C
:102DB0000522114639484C38EDF754FE0723062208
:102DC000114636484C38EDF74DFE07231A46194692
:102DD00032484C38EDF746FE0723082211212F48D0
:102DE0004C38EDF73FFE0723092208212B484C38C9
:102DF000EDF738FE07230A22092128484C38EDF761
:102E000031FE07230B220A2124484C38EDF72AFE15
:102E100007230C220B2121484C38EDF723FE072312
:102E20000D220C211D484C38EDF71CFE07230E2205
:102E30000D211A484C38EDF715FE07230F220E21FD
:102E400016484C38EDF70EFE072310220F211348C9
:102E50004C38EDF707FE0120EDF786FE0120EDF777
:102E60006DFE01210D484C38EDF7C7FD01210B48DF
:102E70004C38EDF7B7FD012108484C38EDF789FDD6
:102E800006484C38EDF74AFE1CB010BD0000024069
:102E90000008024000040240106402404C2001403F
:102EA000641C002010B5044669B140F2DC50824237
:102EB00007DD1878401C187018780A2803DD0120F7
:102EC00010BD0020187081B9B2F57A7F0BDA40F29C
:102ED0000230824207DD1878401C187018780A28E2
:102EE00003DD0220ECE7002018700020E8E7002155
:102EF0000DE0002300F17C0253540A325354163281
:102F00005354521D53540A3A53544A1CD1B2052902
:102F1000EFDB002109E0002300F1A8025354921CCA
:102F20005354121F53544A1CD1B20229F3DB00221E
:102F30008B3042700270C270827042710271C27135
:102F4000827142720272C272827280F8282080F806
:102F5000A42080F82A2080F8A52080F82B2080F873
:102F6000A6208B38704700002DE9F04FA1B006462F
:102F70000F469246142261A11CA8EDF797FB4C2244
:102F8000634909A8EDF792FB40F6AC50874203DD98
:102F9000604821B0BDE8F08F384604F06FFD039023
:102FA000316804F0B3FD044604F0B8FB00225A4B2C
:102FB000CDE9040103F09AFFCDE9060103F0B0FE6C
:102FC00080464146306804F0A9FE044604F0A6FBA2
:102FD000CDE90401404604F0A1FB00224F4BCDE9AE
:102FE000000104F071F9CDE90201DDE9042303F0E9
:102FF0007DFFCDE9060103F093FE0546A946099839
:1030000004F03CFD0446494604F04CFE01D244481D
:10301000BFE71B9804F032FD0446494604F042FD28
:1030200001D24048B5E7002464E009A951F8240022
:1030300004F024FD4946079004F034FD58D809AA4D
:10304000611C52F8210004F019FD4946079004F074
:1030500029FE4DD809A951F8240004F00FFD494676
:10306000039004F050FE1CAA611C059051561257A3
:10307000881A04F0EBFC0490059904F047FD0690D3
:1030800004F0C4FC80B2079004F0F8FC834609AA5F
:10309000611C32F8211032F82420891A88B204F019
:1030A000EDFC08905846089904F0D2FB1CA9079043
:1030B000085704F0CBFC0690079904F05BFB05462B
:1030C000504604F0C3FC2946069004F053FB164911
:1030D000079004F0E7FD01D2134D07E0504604F0DD
:1030E000B5FC2946079004F045FB0546284650E705
:1030F000601CC4B2122C98DB0A484AE7CED8E2EC36
:10310000F6000A14191E28323C46505A646E7800A4
:10311000087E03080000F04200FEAF400000994026
:1031200000004CC20000F2420000F4422DE9F05FC2
:103130000446FE48007800F0010058B9FB4802F050
:1031400064FE38B1FA48FBF775FFFA490860F748A2
:10315000AFF30080F848007800F0010058B9F64855
:1031600002F053FE38B1F248FBF764FFF349086000
:10317000F148AFF30080F248007800F0010058B940
:10318000EF4802F042FE38B1E948FBF753FFED4942
:103190000860EB48AFF30080E548FBF74BFFE949D7
:1031A0000968401AB0F57A7F07D3E148FBF742FF80
:1031B000E44908602046FFF797FCDD48FBF73AFF3B
:1031C000DC490968884241D0D948FBF733FFD94927
:1031D0000860DD48B0F8E400401CDB49A1F8E400D9
:1031E0000846D0F8D410B0F872000844D649C1F8A7
:1031F000D4000846D0F8CC10B0F860000844D2499A
:10320000C1F8CC000846D0F8D010B0F85E000844F1
:10321000CD49C1F8D0000846D0F8D810B0F86E00FB
:103220000844C949C1F8D80000200DE0C649B831AA
:1032300051F82020643931F810100A44C249B831DD
:1032400041F82020411CC8B20528EFDBB848FBF745
:10325000F1FEBA490968401AC8287DD3B448FBF783
:10326000E9FEB64908606220005B40F6E44148434D
:1032700040F6FF7190FBF1FB584603F0BEFF074696
:103280000022B24B03F032FE054603F049FD2060F8
:10329000002532E0A648FBF7CDFE04F10C0151F801
:1032A0002510401A42F21071884202D90021201DD7
:1032B000415504F1B80050F82500B4F8E41090FB33
:1032C000F1F00FFA80FA201D405D68B9A04810F8AF
:1032D000150042B21FFA8AF12046FFF745FE04F1BD
:1032E000340141F8250006E004F1200050F82510D3
:1032F000143040F82510681CC5B2052DCADBB4F89F
:10330000E410D4F8D00090FBF1F086B200223146F0
:103310002046FFF729FE054604F05CFB00B2A4F846
:103320004A00B4F8E410D4F8CC0090FBF1F086B277
:10333000002231462046FFF717FE054604F04AFBFF
:1033400000B2A4F84800B4F8E410D4F8D40090FB1C
:10335000F1F085B2002200E010E229462046FFF796
:1033600003FE2065A834A18F206B90FBF1F0606311
:103370000020A087E0626062A0622063A83C00BFDA
:1033800006E000227049B83141F82020411CC8B243
:103390000528F6DB6648FBF74DFE42F210718842C5
:1033A0005CD9002058E06A49AA39095C11B1211D95
:1033B000095C69B16749097819B16649097B81429D
:1033C00006D065490978A9B36349C97A814237D1E2
:1033D00004F1540131F8101040F6AC5291420FDD67
:1033E00004F17701095C491CCAB204F177010A545F
:1033F000095C052908DD012204F17C010A5403E07F
:10340000002204F177010A5404F1540131F810103C
:10341000322910DA04F18101095C491CCAB204F1B5
:1034200081010A54095C052914DD012204F1860199
:103430000A540FE004E0002204F181010A5409E07B
:10344000002204F177010A540A310A54491F0A5430
:103450000A310A54411CC8B20528A4DB6020005B75
:1034600040F6AC5188420BDD14F88F0F401C2070E1
:1034700014F88F09052806DD012084F8900002E089
:10348000002084F88F006020005B32280BDA14F8EB
:10349000910F401C207014F89109052806DD0120C9
:1034A00084F8920002E0002084F891007220005B12
:1034B00040F6AC5188420BDD14F8930F401C20708D
:1034C00014F89309052806DD012084F8940002E031
:1034D000002084F893007220005B32280BDA14F885
:1034E000950F401C207014F89509052806DD012071
:1034F00084F8960002E0002084F8950094F87600A5
:1035000060B300253FE01248AA38405D012838D159
:103510000F48A038405DA0BB04F197004319153057
:10352000465D583830F81620094818E05804002045
:10353000C01B00205C040020540400206004002014
:103540005004002064040020101C002000408F4024
:10355000EE1D0020D41E0020E21E002015E0A03841
:10356000405D08B1012000E0002001462046FFF741
:1035700099FC8146B9F1020F03D1012104F19C00AD
:103580004155681CC5B2052DBDDB924890F8B700C7
:1035900058B17020025B904890F88D1004F1A70399
:1035A0002046FFF77FFC814601E04FF00009B9F1AA
:1035B000010F02D10121AB200155B9F1020F02D157
:1035C0000121A9200155A920005D10B9AB20005DA3
:1035D00068B1814890F8340048B1002241F25601A8
:1035E0007E48F7F7D1FB00217B4880F83410D4F8EF
:1035F000DC00322817DA94F8E70000280FDD652098
:1036000084F8E60094F83101401C84F8310194F804
:10361000310114280FDD012084F8B6000BE067208B
:1036200084F8E60007E094F8310120B194F8310104
:10363000401E84F83101D4F8DC00322806DBD4F8CF
:10364000DC00C82802DA062084F8E600D4F8DC00A2
:10365000C82807DBD4F8DC00B0F5847F02DC052045
:1036600084F8E600D4F8DC00B0F5847F07DDD4F8F8
:10367000DC00B0F5987F02DC042084F8E600D4F882
:10368000DC00B0F5987F07DDD4F8DC00B0F5AF7F43
:1036900002DA032084F8E600D4F8DC00B0F5AF7F4E
:1036A00007DBD4F8DC00B0F5D27F02DA022084F820
:1036B000E600D4F8DC00B0F5D27F07DBD4F8DC00FC
:1036C000B0F5167F02DA012084F8E600D4F8DC00B9
:1036D000B0F5167F08DB40F2DC51D4F8DC008842FC
:1036E00002DA002084F8E60040F2DC51D4F8DC0075
:1036F00088421BDB94F8E700002813DD662084F87D
:10370000E60094F83001322804DA94F83001401CC5
:1037100084F8300194F8300114280FDD012084F87A
:10372000B5000BE0672084F8E60007E094F830016C
:1037300020B194F83001401E84F8300194F8E6007E
:1037400094F8E710884210DA94F82F01322804DA4E
:1037500094F82F01401C84F82F0194F82F011428AD
:103760000BDD012084F8B30007E094F82F0120B1AD
:1037700094F82F01401E84F82F0100BF606BC4F83D
:10378000EC00F020A16B0151F420E16B0151F82015
:10379000216C0151FC20616C01510021001D01517F
:1037A000001D216D01510E4801694FF484700151D3
:1037B0000B4841694FF486700151094881694FF403
:1037C000887001510648C1694FF48A700151BDE803
:1037D000F09F0000441D0020301E002060430020A8
:1037E000A423002010B504464FF49A712046ECF74C
:1037F000C4FF2046FFF77BFB002084F87600FF2003
:1038000084F87500032084F8E700082084F8AC00F1
:103810000921AD2001550A21AE2001550B21AF2011
:1038200001550C21B02001550E21B2200155204632
:1038300010BD70B504461A21204600F029F805464F
:10384000681C10B90020206000E0256070BD10B534
:1038500004461A212046226800F05CF810BD0000E2
:1038600070B50546074C08E021460748F2F7E9FF26
:10387000401C08B9204670BD083404488442F3D384
:103880000020F8E700000108680500207FFF01081C
:103890002DE9F04180460D464FF0FF370C4C11E00A
:1038A00021460C48F2F7CDFF0646701C10B9384689
:1038B000BDE8F081AE4204D1211D0648F2F7C1FFF8
:1038C0000746083404488442EAD33846F0E700004B
:1038D0000000010868050020FFFF010870B50446DC
:1038E0002046FFF7BDFF054615B10948854202D9BC
:1038F000204600F03DF8204600F044F81A2120460A
:10390000226800F007F8204600F02CF870BD000097
:10391000F7FF01082DE9F04106460D4617463046EF
:10392000FFF79EFF044694B1304600F02BF82A467C
:1039300021460B48F2F755FF241D3A462146084818
:10394000F2F74FFF304600F00DF8BDE8F081304649
:1039500000F00EF83046FFF7C1FF00BFF5E70000AA
:103960006805002010B50446EEF740FA10BD0000CF
:1039700010B5044620210248F2F752FF10BD0000A6
:103980006805002010B50446EEF77AFA0148F2F710
:1039900035FF10BD68050020002101607047000060
:1039A0002DE9F04106462F48008808B9BDE8F081AE
:1039B000307A00B1FAE701203072002449E056F86D
:1039C00024503FE029462848F2F73BFF0746781C81
:1039D00098BB301D50F8241005F1180081422FD9F2
:1039E000304600F06BF800239A1F2946304600F05D
:1039F0003FF808351B48038818222946304600F056
:103A000037F808351948B0F948303D222946304684
:103A100000F02EF80835304600F03EF8301D50F822
:103A2000241005F11800814209D8601C012805DA2C
:103A3000C1B2304600F036F8B8E702E007E0B5E77B
:103A400005E00835301D50F82400A842BAD8601CA3
:103A5000C4B2012CB3DB0021304600F023F800BFD4
:103A6000A4E70000EC20002068050020101C0020C6
:103A70002DE9F04107460C4616461D4632462146C2
:103A80000448F2F7AEFE2A46211D0248F2F7A9FECD
:103A9000BDE8F0816805002010B50446EEF7A6F9F0
:103AA00010BD000070B505460C461CB9382102480F
:103AB000F2F7B6FE70BD00006805002010B50446A0
:103AC000EEF7DEF90148F2F799FE10BD6805002017
:103AD000002101604160816003490160034A01687F
:103AE000114441607047000000000608FFFF01001C
:103AF00070B59EB0044600201C901D9000BF04E0ED
:103B00005249415C13AA1154401C0828F8DB0020DC
:103B100015E0002110E013AA125C203A20230B418B
:103B20001A400AB1012200E0002200EB400301EB41
:103B3000430307AEF254491C0629ECDB401C08285D
:103B4000E7DB002010E00022002108E001EBC003C9
:103B500007AEF35C13B180230B411A44491C0829BA
:103B6000F4DB1CAB1A54401C0628ECDB204600F0AA
:103B7000C9F8EEF701FBEDF7ABF815A916A802F0AE
:103B800020FD84F8120194F8120120B1002084F87D
:103B9000F9001EB070BDEDF79BF89DF85800302875
:103BA00004DD012084F8DB0084F8F90006221CA95A
:103BB0001AA8EFF71CFB1AAA0621002002F0C8FC85
:103BC000054602F0F5FB054694F8DB0001280BD111
:103BD00017A818A919AB0722CDE900100021012070
:103BE00002F018FA054606E017AB18AA19A9012039
:103BF00002F0D7F9054616A207CA04AB07C304A80A
:103C00000C2300220090BDF86010BDF8640002F0A3
:103C1000EDFB05460120114900221023CDE90032B9
:103C2000CDE902100723114602F038FA054694F850
:103C3000DC00012802D1ECF7ADFF05460721012089
:103C400002F05FFC054600BFA3E70000008000080B
:103C500054696D6265726C696E65203240E20100E4
:103C600010B50246002004E00C5C02F138031C543D
:103C7000401C1428F8DB0120014B83F8360010BDEE
:103C80009847002010B5044694F8E40020B1EEF700
:103C90007FFB002084F8E40010BD10B50446B4F8A2
:103CA0001001EDF7CFFF28B1B4F81001EDF7C4FF14
:103CB000EEF780FA10BD000010B50446EEF7B6FA34
:103CC0002046FFF7DFFFD4F8E80030B194F8EE00AB
:103CD00018B1012084F8350002E0002084F8350096
:103CE0000648007820B194F8350008B1012000E0C2
:103CF0000020034981F8780010BD0000AC48002086
:103D00006043002070B58AB00446052601210846AC
:103D1000EEF7D6FB01210220EEF7D2FB01210420B1
:103D2000EEF7CEFB01210820EEF7CAFB0121880344
:103D3000EEF7F6FB01210807EEF7D2FBA849206B4E
:103D4000884204D101218014EEF7EAFB12E0A54974
:103D5000206B884205D101210014EEF7C1FB052636
:103D600008E0A149206B884204D10121C013EEF77D
:103D7000B7FB062608A8EEF755F9217901208840FF
:103D800080B2089002208DF824008DF825000020D4
:103D90008DF8260001208DF8270008A92068EEF78D
:103DA000C9F8217932462068EEF70CF908A8EEF739
:103DB00039F9217B0120884080B2089002208DF8DB
:103DC00024008DF8250000208DF8260001208DF8B4
:103DD000270008A9A068EEF7ADF8217B3246A0685D
:103DE000EEF7F0F808A8EEF71DF9217D01208840D4
:103DF00080B2089002208DF824008DF82500002064
:103E00008DF8260001208DF8270008A92069EEF71B
:103E100091F8217D32462069EEF7D4F8A069C4F804
:103E2000FC00217F01208840A4F8080108A8EEF7D3
:103E3000F9F8217F0120884080B2089001208DF898
:103E4000240000208DF825008DF826008DF827002D
:103E500008A9A069EEF76EF8206AC4F800012420D2
:103E6000015D01208840A4F80A0108A8EEF7DAF8FD
:103E70002420015D0120884080B2089001208DF847
:103E8000240000208DF825008DF826008DF82700ED
:103E900008A9206AEEF74EF808A8EEF7C3F84FF429
:103EA0000040089001208DF8240002208DF82500A4
:103EB00008A94E48EEF73EF84FF400414B48EEF7A4
:103EC000AFF8A06AC4F804012C20015D01208840ED
:103ED000A4F80C0108A8EEF7A5F82C20015D01203C
:103EE000884080B2089000208DF8240002208DF8D0
:103EF000250000208DF8270008A9A06AEEF71AF81F
:103F000003A8EEF76FFC0020ADF80C00ADF8100030
:103F1000ADF81200ADF814004FF40070ADF81600C3
:103F20002020ADF818000020ADF81A004FF4827080
:103F3000ADF80E0003A9206BEEF736FC0121206BD3
:103F4000EEF726FC00252A49A06A884201D1012506
:103F50000AE02849A06A884201D1022504E02649E6
:103F6000A06A884200D103252C20015D2846EEF787
:103F700051FC2C20015D01208840A4F8100101A80B
:103F8000EDF7BEFE2C20015D0120884080B201903B
:103F900000208DF8080008208DF8090001208DF818
:103FA0000A0001A8EDF762FE282084F80E0194F8BB
:103FB0000E018DF8000000208DF8010003208DF81F
:103FC000020001208DF803006846EEF725FA2C2147
:103FD0000A5D0121914088B2EDF72EFE0AB070BD56
:103FE0000030014000380040003C0040000002402A
:103FF0000004024000080240000C024070B5054673
:104000000C461421204602F0B7FD70BD002180F857
:10401000DB10012180F8DC1080F8E410AA2180F880
:1040200013110F4901630F490160032101710D490B
:1040300081600522027301610422027581610E22F2
:10404000027709490162022224210A54054981624A
:104050000F222C210A54002180F8F910704700002B
:10406000003C004000040240000C024010B5044631
:104070003448FAF7DFFF34490968401A64285FD9E9
:104080003048FAF7D7FF304908602078401E2F49A2
:10409000085C002854D12078401E2D4931F81000CA
:1040A000C82805DA60680A2802D26068401C60608F
:1040B0002078401E264931F81000C82804DB6068CB
:1040C00010B16068401E6060A07818BB60680A2864
:1040D00020D10120A0701F4908704870002013E013
:1040E0001A49095C19B10122184914310A541622DF
:1040F00016491E3121F810200A3121F81020002223
:1041000052310A54411CC8B20528E9DB6420114928
:10411000A1F86200A07898B1606888B90020A0700A
:104120000C490870487000BF08E00849095C19B1E3
:104130000022064914310A54411CC8B20528F4DB98
:1041400010BD0000C01B002098040020441D00206A
:10415000641C00206043002010B50446012240F298
:1041600024410F48EEF791FEA07808B9022000E044
:10417000012060706078012802D0022806D102E098
:104180000220E0700AE00320E07007E00020E07009
:104190000448FAF74FFFC4F8100300BF00BF10BD7A
:1041A00000480040C01B002070B50446B4F80E0360
:1041B000B4F80C1388420BDAB4F80E53681CA4F858
:1041C0000E0304F20B20415D0748EEF7F2FE09E012
:1041D000002240F226610448EEF757FE00202070CE
:1041E00001F084F870BD0000004800402DE9F04166
:1041F00080460C461546042D02DA0020BDE8F08109
:10420000A81E215C681E205C41EA0027A81E81B21E
:10421000204600F066FFB84201D00020EEE7667845
:10422000052E1ED006DC012E09D0032E0DD0042E43
:1042300029D110E0062E1AD0102E24D11DE02A46D6
:104240002146404600F05AFB23E02A4621464046DC
:1042500000F0B1FD1DE02A462146404600F0F4FC86
:1042600017E02A462146404600F013FE11E02A4698
:104270002146404600F055FD0BE02A4621464046C7
:1042800000F054FE05E001223146404600F084F97A
:1042900000BF00BF0120B1E72DE9F04781460D4680
:1042A000242D73DA73D2DFE805F0121314151628E3
:1042B000333E3F4041424E525354555657585F602B
:1042C000616263737E828B98A3A8A9AAABBF00BF6B
:1042D00000BF00BF00BFA548405D18B94FF6FF7092
:1042E000BDE8F087A24951F82500A24903F00EFC71
:1042F000044603F06FFB80B2F2E79D493439086D44
:104300009C4903F003FC044603F064FB80B2E7E73A
:1043100097483438B0F9480000EB80004FF6FF7141
:1043200001EA4000DCE700BF00BF00BF00BFE81F9C
:104330008E49085C10B94FF6FF70D1E7E81F8B4932
:104340000A31085CCCE78C48FBF778FBC8E700BF74
:1043500000BF00BF00BF00BF00BFA5F10D00C1B28C
:104360008548FBF7F5F9BBE700BF00BF00BF00BF02
:10437000A5F114007D49085C10B94FF6FF70AFE756
:10438000A5F1140079491431085CA9E75AE056E018
:104390007A48C07800EBC0017848001D00EBC100EE
:1043A00090F83C009CE77648F3F702FA98E77048EB
:1043B000343890F8740008B1012091E700208FE7AD
:1043C0007048007810B94FF6FF7089E76D48808813
:1043D00000EB80004004000C82E76B48007810B9C5
:1043E0004FF6FF707CE76948B0F8A80080B277E725
:1043F0005F48343890F8E60072E700BF00BF00BFA6
:104400006348007810B94FF6FF7069E7A5F11F0106
:104410005F4A103252F82100564903F077FB0446F8
:1044200003F0D8FA80B25BE751493439086859493A
:1044300003F06CFB044603F0E9FA80B250E74FF654
:10444000FF704DE7632D6FDBA5F163001FFA80F865
:10445000162098FBF0F0C6B2162098FBF0F100FB96
:104460001180C7B2072E03DA44488078B04202DCDC
:104470004FF6FF7034E706EBC6014048001D00EB25
:10448000C1040A2F06D194F8440008B1012027E79F
:10449000002025E794F8440010B94FF6FF701FE79D
:1044A000142F5DD2DFE807F00A0C0E1416191C1F3A
:1044B00022255C28313A3D414A50565920790FE770
:1044C00060790DE7A08C00EB80004004000C07E74A
:1044D000A07905E7A08E80B202E7606B000CFFE6D2
:1044E00094F82A00FCE62B20005DF9E62C20005D04
:1044F000F6E62D20005DF3E62649A06803F006FBF2
:10450000824603F083FA80B2EAE62249E06803F0CB
:10451000FDFA824603F07AFA80B2E1E6208A80B2A0
:10452000DEE6A08A80B2DBE61DE01A49E06903F00E
:10453000EDFA824603F06AFA80B2D1E6E08C00EB35
:1045400080004004000CCBE6208D00EB800040048E
:10455000000CC5E6208F80B2C2E6A06B000CBFE65F
:104560004FF6FF70BCE64FF6FF70B9E6441D002021
:10457000441C002000002041EC200020F01E002000
:10458000301E0020D41E0020E21E002060430020C8
:10459000A42300200000C8422DE9FC4104460D463A
:1045A000164620798DF8000045F080008DF8010056
:1045B0008DF802600321684600F093FD0746F8B2CB
:1045C0008DF8030038128DF8040040F20F20009996
:1045D000C4F80B129DF8041001550520A4F80C0333
:1045E000204600F00FFEBDE8FC81B0F80621FF2A4E
:1045F00006DCB0F80621531CA0F80631431D99547F
:104600007047000070B505460C46FF2C07DDA4F589
:10461000807631468148F2F705FD80B270BD282CC6
:1046200074D2DFE804F014151617181B26313C4726
:10463000525D68747F8A8B8C8D8E949BA5AFB6C0BB
:10464000C3C7CBCFD3D5DFE0E1E2E3EBF1F500BFA9
:1046500000BF00BF00BF7248005DDFE7704814383C
:10466000B0F91E0000EB80004FF6FF7101EA400038
:10467000D4E76B481438B0F9280000EB80004FF6FF
:10468000FF7101EA4000C9E765481438B0F920001D
:1046900000EB80004FF6FF7101EA4000BEE7604882
:1046A0001438B0F92A0000EB80004FF6FF7101EAE0
:1046B0004000B3E75A481438B0F9220000EB8000FC
:1046C0004FF6FF7101EA4000A8E755481438B0F9E9
:1046D0002C0000EB80004FF6FF7101EA40009DE7DF
:1046E0004F481438B0F9240000EB80004FF6FF71FA
:1046F00001EA400092E74A481438B0F92E0000EB76
:1047000080004FF6FF7101EA400087E783E04448EC
:104710001438B0F9260000EB80004FF6FF7101EA73
:1047200040007BE73E481438B0F9300000EB8000D1
:104730004FF6FF7101EA400070E700BF00BF00BF05
:1047400000BFA4F10F0036491E31085C66E735480A
:10475000007808B1012061E700205FE73148B0F937
:10476000060000EB80004FF6FF7101EA400055E7BC
:104770002C48B0F90A0000EB80004FF6FF7101EA07
:1047800040004BE72848007808B1012046E70020A8
:1047900044E72548B0F9060000EB80004FF6FF71B2
:1047A00001EA40003AE72048008937E71F4890F8BF
:1047B000C30033E71D4890F8C4002FE71B4890F86A
:1047C000C5002BE7194890F8C60027E7287925E7A8
:1047D0001748B0F90C0000EB80004FF6FF7101EABA
:1047E00040001BE700BF00BF00BF00BFA4F12000D6
:1047F0000B49963131F8100080B20FE70B48B0F842
:1048000062000BE704E0FFE70848B0F87C0005E72A
:104810000848C07802E74FF6FF70FFE670470020B7
:10482000581D0020D41E0020E21E002060430020FE
:10483000301E0020F01E00202DE9FE4F07460C46DA
:104840001546112D01DABDE8FE8F207839798842AE
:1048500000D0F8E76078102800D0F4E7E078A1787D
:1048600040EA0128B8F1FE0F00D0ECE76079217929
:1048700040EA0129B9F1040F00D0E4E7A079082843
:1048800000D0E0E7A81E215C681E205C41EA002AF7
:10489000A81E81B2204600F024FC0646B24500D096
:1048A000D1E7207AE17940EA012BA07A617A40EAE7
:1048B00001200290207BE17A40EA01200190A07B58
:1048C000617B40EA012000904DF6AD6083450ED13A
:1048D0004BF6EF610298884209D14CF2DE01019853
:1048E000884204D14FF6CE210098884200D0AAE732
:1048F0002146384600F090FB00BFA4E72DE9F04FB9
:104900008BB080460D46E878A97840EA012B68799B
:10491000297940EA012616B1B6F5FA6F07DD0322C0
:1049200001214046FFF738FE0BB0BDE8F08F0BEBDE
:104930000600132805DD022201214046FFF72CFE68
:10494000F2E7F01DC11700EB5171C1F3C70998F8E8
:1049500004008DF8040001208DF805008DF8069004
:1049600049460DF10700EBF7E6FE002425E00BEBCE
:10497000040081B2404600F069FCE0B1E21704EBAC
:104980005272D210D21C01AB9A5C2146E31704EBA1
:104990005373DB10A4EBC30C012303FA0CF3DBB25B
:1049A0001A432046E31704EB5373DB10DB1C0DF1B5
:1049B000040C0CF80320601C84B2B442D7DB09F16C
:1049C0000307394601A800F08CFB82463846791C63
:1049D0008FB201A901F800A04FEA2A223846791CBB
:1049E0008FB201A90A543A4608F20B20EBF715FEE4
:1049F000A8F80C73404600F005FC00BF94E70000E7
:104A00002DE9F04180460E461446FF2E0FDDA6F537
:104A100080770C2F04D30E2F02D80020BDE8F08140
:104A200022B239468148F2F7E9FA0120F6E725B2C9
:104A3000282E74D2DFE806F01415161718232B332E
:104A40003B434B535B636B747576777882899097A1
:104A50009EA5A8B0B8C0C8D1D8D9DADBDCE3E7EBB3
:104A600000BF00BF00BF00BF022C01DD0020D5E762
:104A70006F488455F1B21438EFF7CCFCD2E00A202D
:104A800095FBF0F000B26A491439C883CAE00A20E5
:104A900095FBF0F000B2664914390885C2E00A209F
:104AA00095FBF0F001B2624814380184BAE00A20A4
:104AB00095FBF0F001B25E4814384185B2E00A205F
:104AC00095FBF0F001B25A4814384184AAE00A205C
:104AD00095FBF0F001B2564814388185A2E00A2017
:104AE00095FBF0F001B25248143881849AE00A2014
:104AF00095FBF0F001B24E481438C18592E00A20CF
:104B000095FBF0F001B24A481438C1848AE00A20CB
:104B100095FBF0F001B246481438018682E07FE050
:104B200000BF00BF00BF00BF642C01DD002075E79F
:104B3000A6F10F003E491E310C5473E00CB1012068
:104B400000E000203B4908706CE00A2095FBF0F083
:104B500000B23849C88065E00A2095FBF0F000B249
:104B6000344948815EE00CB1012000E00020324968
:104B7000087057E00A2095FBF0F000B22E49C8807B
:104B800050E02D4804814DE0172C01DD002045E761
:104B90002A4880F8C34045E03B2C01DD00203DE77A
:104BA000264880F8C4403DE0172C01DD002035E7A1
:104BB000224880F8C54035E03B2C01DD00202DE780
:104BC0001E4880F8C6402DE0012C01DBF72C01DDEA
:104BD000002023E788F8044024E00A2095FBF0F049
:104BE00000B2174988811DE000BF00BF00BF00BFB1
:104BF000A6F120000E49963121F8105012E00F481E
:104C0000A0F862400EE00D48A0F87C400AE00D4894
:104C10008078A04201DC002000E70A49CC7001E066
:104C20000020FBE600BF0120F8E6000070470020EE
:104C3000581D0020D41E0020E21E002060430020EA
:104C4000301E0020F01E00202DE9F04FC1B080463C
:104C50000D46E878A97840EA0120409068792979E2
:104C600040EA01260EB17D2E07DD032204214046D5
:104C7000FFF792FC41B0BDE8F08F40983044FD282A
:104C800005DD022204214046FFF786FCF2E77006AC
:104C90004FEA106998F804008DF8000004208DF8A0
:104CA00001008DF80290002417E04098204481B262
:104CB0004046FFF7F1FA83464FEA2B20032101EB30
:104CC00044010DF801000BF0FF01032000EB44004C
:104CD000401C0DF80010601C84B2B442E5DB09F101
:104CE00003073946684600F0FCF982460AF0FF02E5
:104CF0003846791C8FB20DF800204FEA2A22384638
:104D0000791C8FB20DF800203A46694608F20B2054
:104D1000EBF783FCA8F80C73404600F073FA00BF71
:104D2000A8E72DE9FC4705460C469146E078A178B6
:104D300040EA01276079217940EA012801213846BB
:104D4000EEF740FD30B9022206212846FFF724FC89
:104D5000BDE8FC87424639462846FFF751FE28B990
:104D6000032206212846FFF717FCF1E72068009090
:104D7000A088ADF8040028798DF800000621684667
:104D800000F0AFF90646F0B28DF8060030128DF84B
:104D900007000099C5F80B120199C5F80F120820F9
:104DA000A5F80C03284600F02DFA00BFD0E701213A
:104DB00080F8141370472DE9F04FC1B080460D46BE
:104DC000E878A97840EA012040906879297940EA9A
:104DD00001260EB17D2E07DD032211464046FFF766
:104DE000DBFB41B0BDE8F08F31464098EEF7EAFCBE
:104DF00028B9022203214046FFF7CEFBF1E77006F7
:104E00004FEA106998F804008DF8000003208DF82F
:104E100001008DF80290002417E04098204481B2F0
:104E20004046FFF7EFFB83464FEA2B20032101EBBF
:104E300044010DF801000BF0FF01032000EB4400DA
:104E4000401C0DF80010601C84B2B442E5DB09F18F
:104E500003073946684600F044F982460AF0FF022B
:104E60003846791C8FB20DF800204FEA2A223846C6
:104E7000791C8FB20DF800203A46694608F20B20E3
:104E8000EBF7CBFBA8F80C73404600F0BBF900BF72
:104E9000A7E72DE9FC4705460C469146E078A17846
:104EA00040EA01286079217940EA0126B8F1130F20
:104EB00006DB022205212846FFF76EFBBDE8FC87D2
:104EC00046B1B6F57F4F05D0032205212846FFF7EE
:104ED00063FBF3E7B6F57F4F01D1012000E000202E
:104EE00002464146284600F003FA20680090A08858
:104EF000ADF8040028798DF800000621684600F01E
:104F0000F0F80746F8B28DF8060038128DF8070061
:104F10000099C5F80B120199C5F80F120820A5F8E1
:104F20000C03284600F06EF900BFC7E72DE9FE4FDD
:104F300007460C469146E078A17840EA012A60795C
:104F4000217940EA012694F806B00EB17B2E06DDE9
:104F5000032210213846FFF71FFBBDE8FE8F3146C4
:104F60005046EEF72FFC28B9022210213846FFF7F1
:104F700013FBF2E7BBEB460F03D10BF109004845E9
:104F800005DD032210213846FFF706FBE5E7002583
:104F900013E0082000EB4500205C072101EB4501F0
:104FA000615C40EA012000900AEB050081B23846BE
:104FB000009AFFF725FD681C85B2B542E9DB387918
:104FC0008DF8040010208DF80500A0788DF80600FB
:104FD000E0788DF8070020798DF8080060798DF869
:104FE0000900062101A800F07CF8804608F0FF00C7
:104FF0008DF80A004FEA28208DF80B000199C7F8B8
:105000000B120299C7F80F120820A7F80C033846B4
:1050100000F0F8F800BFA0E770B504460D46012087
:10502000A07060700220E070012240F24E2116480C
:10503000F1F7E4FF1448F2F757F8287884F80B02E8
:1050400010214FF403700155A978401C0155E978EF
:10505000401C01552979401C01556979401C0155B6
:10506000062104F20B2000F03CF8064640F2112025
:1050700006553112401C01550820A4F80C032046A7
:1050800000F0C0F870BD00007047002070B5044605
:10509000B4F806510020A4F80601042D00DA70BD12
:1050A00060795A2805D1E078012801D184F81403E9
:1050B000F5E760792179884202D0607900B1EEE7A6
:1050C00094F80A0200B1EAE72A46611D04F58470EB
:1050D000EBF7A3FAA4F80852012084F80A0200BFF3
:1050E000DDE710B502464FF6FF7010E012F8013B05
:1050F0005840002309E000F0010424B14AF2010401
:1051000084EA600000E040105B1C082BF3DB0B1E00
:10511000A1F10104A1B2E9D110BD000070B50446AF
:105120003648F9F787FF0546E07830B101282AD0E4
:1051300002283CD003285ED14FE094F80A02A0B1C7
:105140002F4890F81005E8B92078D8B9B4F80822AB
:1051500004F584712046FFF749F80646002084F8DC
:105160000A020EB10220E0700CE0D4F81003281AF5
:10517000B0F5FA6F06D30120E070C4F81053002098
:1051800084F8140337E094F8140310B10320E0709E
:1051900009E0D4F81003281AB0F5967F03D3002055
:1051A000E070C4F81053002084F80A0223E094F859
:1051B0000A0200B970BD124890F8100508B92078AD
:1051C00000B1F7E7B4F8082204F584712046FFF730
:1051D0000DF8002084F80A020DE094F80A0248B1A4
:1051E000002084F80A02B4F8082204F584712046ED
:1051F000FFF722FB00BF00BF00BFDBE7C01B0020A2
:105200009C38002070B50446B4F80C0300B970BD9A
:1052100000F01AF80020A4F80E0301202070B4F862
:105220000E53681CA4F80E0304F20B20415D0548E0
:10523000EDF7BFFE012240F226610248EDF725FEA0
:1052400000BFE4E700480040704700000246132911
:1052500040D2DFE801F00A0D1013161718191A1EB4
:1052600022262A2E3236383B3D001B4800787047F4
:1052700019484078FBE719480078F8E718480078A3
:10528000F5E700BF00BF00BF00BF081F154B185C4B
:10529000EDE7154890F83300E9E7134890F834003B
:1052A000E5E7114890F83700E1E70F4890F838003B
:1052B000DDE70D4890F83900D9E70B4890F83A003F
:1052C000D5E70020D3E70448C078D0E70020CEE738
:1052D0000020CCE70020CAE760430020D41E002055
:1052E000E21E0020BE1D0020301E0020704700007E
:1052F00070B506460D461446132D57D2DFE805F06B
:105300000A0D1013161718191A1E22262A2E3236C5
:105310003B3E51002748047049E02648447046E06F
:105320002548047043E02548047040E000BF00BFFA
:1053300000BF00BF281F22490C5438E0214880F8E4
:10534000334034E01F4880F8344030E01D4880F896
:1053500037402CE01B4880F8384028E0194880F896
:10536000394024E0174880F83A4020E014B116484C
:10537000FAF7D4F91BE00F48C47018E084B100BFFD
:10538000BFF34F8F1148006800F4E06010490843F4
:10539000001D0E490860BFF34F8F00BF00BFFEE73E
:1053A00005E014B10B48F1F79FFE00E000BF00BF1D
:1053B00070BD000060430020D41E0020E21E0020CB
:1053C000BE1D0020301E0020EC2000200CED00E06F
:1053D0000000FA057047002010B504464FF44671EE
:1053E0002046EBF7CAF90120207160700020207080
:1053F00084F80A02A4F80601E070C4F8100384F8E7
:105400001403204610BD00002DE9F04F87B08246FE
:105410008B460BEB4B01FB4800EBC1008068C0F3EF
:10542000102006900BEB4B01F64800EBC10000F199
:105430000F0400200590F44A0698811A90427DD00E
:1054400013DCF24AA0EB0201904278D008DCF0496C
:105450000844002874D0A0F63170002871D1B4E15E
:105460005D296FD06029F9D1E2E1EA296BD004DC33
:10547000022969D0A329F1D12AE1FD297ED0B1F515
:10548000837FEBD12078FF280BD0E248D0F8B00022
:105490002178884205D02078DE49C1F8B00001208B
:1054A00005906078FF280BD0DA48D0F8B400617816
:1054B000884205D06178D748C0F8B4100120059023
:1054C000A078FF280BD0D348D0F8B800A178884244
:1054D00005D0A178CF48C0F8B81001200590E07839
:1054E000FF280BD0CB48D0F8BC00E178884205D02B
:1054F000E178C848C0F8BC10012005902079FF2849
:105500000BD0C44890F8C0002179884205D0217999
:10551000C04880F8C010012005906079FF280BD0AA
:10552000BC4890F8C1006179884205D06179B948DA
:1055300080F8C11001200590A07906E076E0C5E171
:10554000D9E125E2F6E045E082E1FF2809D0B14843
:1055500090F8C200A179884203D0A179AD4880F8C3
:10556000C2109DF81400C8B1AA4890F8C200A94919
:1055700091F8C110A74A92F8C02000E00FE0CDE9F1
:1055800000210290A34890F8B83090F8B42090F829
:10559000B010F7F789F89F48F5F7BEFAF8E12078E0
:1055A000022816DA607800F00F00042811DA60781B
:1055B00000F0010097490870607800F0020028B1FF
:1055C000954890F8320008B9012000E00020914988
:1055D0004870DDE12078401EC5B2052D25DA8F48E0
:1055E000405D012821D1607800F00309B9F1020F74
:1055F00008DAB9F1000F01D0012100E0002187484D
:105600007A304155A17801EBD1725210642A0CDC3A
:10561000A07800EBD07252100A2A06DBA07800EBCB
:10562000D07149107D4A32325155B1E12078401E87
:10563000C5B2052D4BDA617801F00F09B9F1020FFF
:1056400002D0B9F1030F04D10122744914314A5533
:1056500012E0B9F1040F08D17049495D012904D164
:1056600002226E4914314A5506E0B9F1000F03D108
:1056700000226A4914314A55E378227903EB02216A
:10568000CA1701EBD2625211A2F211100A281DDBD7
:1056900020281BDC5F4991F8871049B15F49283108
:1056A00031F91510814203D05C49283121F81500E9
:1056B000584991F8871049B958491E3131F91510E8
:1056C000814203D055491E3121F8150000BF5FE12A
:1056D0002078401EC5B2052D2BDA6078FF2802D154
:1056E000A078FF2825D06178A27801EB022001F094
:1056F00084FD074600224A4B01F0F8FB0022494B8B
:10570000CDE9000101F020FFCDE9020101F008FB25
:1057100004904549049841F82500012142481C386D
:1057200041554248F9F786FC3F49143941F82500B4
:1057300000BF2DE12078401EC5B2052D44DA207946
:10574000617900EB012006B23046F11706EBD1611A
:105750004911A1F211166078C8B92079617900EB7E
:1057600001204FF6FF71884203D02C48283020F8E2
:105770001560A078182803DAA178264880F8C510AB
:10578000E0783C2803DAE178224880F8C610607897
:10579000012819D12079617900EB01204FF6FF71C2
:1057A000884203D01D481E3020F81560A0781828C4
:1057B00003DAA178174880F8C310E0783C2803DAB0
:1057C000E178144880F8C410E2E02078002817DD62
:1057D0002078082814DC607800F00700052805D13F
:1057E00001222078401E0C4933310A54607800F0C1
:1057F000070028B900222078401E074933310A5497
:10580000C6E0000068240020F9FE010098FE0100B7
:105810009B10FEFF60430020301E0020441D00202E
:105820000000404000107140301C0020C01B0020D0
:105830002078062805DA6078FA2802D101205A4932
:10584000C8706078FB2802D100205749C8709FE0DB
:105850005648007810B12078022802DD07B0BDE874
:10586000F08F6078C0F38100022808DA6078C0F316
:10587000810008B1012000E000204C494870A07868
:10588000FF2802D1E078FF280FD0A278E17802EB60
:105890000120C11700EBD1614911A1F21116032EAD
:1058A00003DB322E01DC4148C6802079FF280CD072
:1058B0002079142809DB2079642806DC20790A2164
:1058C00090FBF1F000B23949488161E03848007836
:1058D00080B1207802280DDA607800F00F000228ED
:1058E00008DA607800F00F0008B1012000E0002025
:1058F0002F4948704CE02078812802D0A72845D154
:1059000003E02C48F9F70AFF40E06078FF280AD04E
:105910006078012800DA0120642800DD6420224933
:10592000A1F8620000BFA078FF280AD0A078012863
:1059300000DA0120642800DD64201B49A1F87C0006
:1059400000BFE078FF280BD0E178A1F12800002803
:1059500000DA0020502800DD50201549C88000BF23
:105960002079FF2802D16079FF280FD02279617950
:1059700002EB012188B20A2800DA0A2040F2AA517B
:10598000884200DD08460A49088100BF00BF00BF09
:1059900000BF0948F9F74EFBCAF8040001208AF855
:1059A000000000BF5AE7000060430020D41E002022
:1059B000E21E0020EC200020C01B002070B506462F
:1059C000DE48007800F0010058B9DC4800F01DFA0C
:1059D00038B1DB48F9F72EFBDA490860D748AFF356
:1059E0000080D948007800F0010060B9D64800F086
:1059F0000CFA40B1D248F9F71DFB0A30D3490860D0
:105A0000D148AFF30080D248007800F0010060B9BF
:105A1000CF4800F0FAF940B1C948F9F70BFB143050
:105A2000CC490860CA48AFF30080CB48007800F04A
:105A3000010060B9C84800F0E8F940B1C048F9F782
:105A4000F9FA1E30C5490860C348AFF30080BC486E
:105A5000F9F7F0FABB490968401A742873D3B848BB
:105A6000F9F7E8FAB7490860BD480078401CBC491E
:105A70000870084600782B2870D2DFE800F0DC16AA
:105A80001B20252A2F33373C41464B50555A5F6522
:105A90006A7075797E83888D8E92979CA1A6ABB033
:105AA000B5BABFC4C8CCD0D4D8000021AD48F0F7F7
:105AB00081F8C7E00121AB48F0F77CF8C2E0022191
:105AC000A848F0F777F8BDE00321A648F0F772F890
:105AD000B8E00421A348F0F76DF8B3E0A148F0F76F
:105AE000BFFCAFE09F48F0F7E1FBABE000219D4831
:105AF000F0F75AFBA6E001219A48F0F755FBA1E028
:105B000002219848F0F750FB9CE003219548F0F7FC
:105B10004BFB97E004219348F0F746FB92E000210D
:105B20009048F0F78DFB8DE001218E48F0F788FB5F
:105B300088E002218B48F0F783FB83E0032189484A
:105B4000F0F77EFB7EE07EE004218648F0F778FBEC
:105B500078E000218348F0F7C5FD73E06BE0012198
:105B60008048F0F7BFFD6DE07E48F0F7F7FB69E095
:105B700002217C48F0F7B6FD64E005217948F0F792
:105B8000B1FD5FE006217748F0F7ACFD5AE0072150
:105B90007448F0F7A7FD55E054E07248F0F73AF981
:105BA00050E000216F48F0F77BF94BE001216D4890
:105BB000F0F776F946E002216A48F0F771F941E022
:105BC00003216848F0F76CF93CE004216548F0F7E0
:105BD00067F937E005216348F0F762F932E0062102
:105BE0006048F0F75DF92DE007215E48F0F758F9BD
:105BF00028E008215B48F0F753F923E009215948D0
:105C0000F0F74EF91EE05748F0F7DEFB1AE0554872
:105C1000F0F732FA16E05348F0F764FA12E0514810
:105C2000F0F7DAF90EE04F48F0F798FC0AE04D483B
:105C3000F0F756F806E04B48F0F782FD002048499F
:105C4000087000BF00BF3E48F9F7F4F93F49096802
:105C5000401AB0F5A67F33D93948F9F7EBF93B493B
:105C6000086041480078401C3F49087008460078A9
:105C70000E2801DB002008703B480078032190FBD0
:105C8000F1F201FB1200C4B23748007890FBF1F04A
:105C9000C5B2224629463348F0F794FC32480078D2
:105CA000032190FBF1F201FB1200C4B22E480078F0
:105CB00090FBF1F0C5B2224629462A48F0F7E0FCF5
:105CC0001F48F9F7B7F923490968401A40F605510A
:105CD000884220D31A48F9F7ADF91E4908602348D5
:105CE0000078401C2149087008460078012802D03D
:105CF000022808D103E01B48F0F71AF80AE0194817
:105D0000EFF7C2FF06E01748EFF786FF00201749BC
:105D1000087000BF00BF0A48F9F78CF90F490968FD
:105D2000401AB0F57A7F07D90548F9F783F90B498E
:105D300008600C48F0F70CFA70BD0000DC0400208D
:105D4000C01B0020E0040020D8040020E404002050
:105D5000D4040020E8040020D0040020EC0400203B
:105D6000F0040020F3040020F1040020F2040020DD
:105D700070B505462846FFF721FE002411E004EB2C
:105D800044010F4810F8310048B121462846FFF77A
:105D90003BFB002104EB4402094800F83210601C70
:105DA000C4B2322CEBDB0748F9F744F96968401AB2
:105DB00042F21071884201D90020287070BD0000A5
:105DC00068240020C01B0020002101604160704752
:105DD0000146C878012802D0C878032801D10120E3
:105DE00070470020FCE72DE9F0411C4617460E00E5
:105DF000804607D0054602E02846B0473D4420468D
:105E0000641EF9D24046BDE8F081016809B1002066
:105E100070470121016008467047000010B5024834
:105E2000F9F7B6FB10BD00003824002010B5024879
:105E3000F1F7D8FA10BD00007047002010B50248F5
:105E4000F9F734FE10BD0000EC20002010B5024828
:105E5000F1F7C2F810BD0000F01E002010B5024896
:105E6000FBF7A6F810BD0000E823002010B502489B
:105E7000F1F7B6FD10BD0000301E002000B503484C
:105E8000FAF7E6FF0248FAF7E3FF00BD60050020DD
:105E90006405002010B50248F7F730F810BD000087
:105EA0006043002000B50248F0F798FC00BD0000F8
:105EB000F304002000B50248FCF710FE00BD00000E
:105EC000D42D002000B50248FDF766FD00BD00009E
:105ED0009017002000B50248FDF7FAFD00BD000054
:105EE0008C47002000B50248FEF790F800BD000086
:105EF0009847002010B50248FFF76EFA10BD000069
:105F00005844002000B50248F0F79EFC00BD000098
:105F10006805002010B50248F7F7B8F910BD000079
:105F2000A423002010B50248FDF75CFC10BD000062
:105F3000101C002010B50248F8F762FF10BD0000E9
:105F4000E02D002000B50248FAF73EFF00BD00003A
:105F5000C404002000B50248FFF736FF00BD000072
:105F6000C804002000B50248F9F7E3F800BD0000BE
:105F7000C01B002010B50248EEF7CAFD10BD00009E
:105F8000441D002010B50248F0F782FF10BD00004C
:105F90009C38002030380A2801D2012070470020A8
:105FA0007047F0B589B004460D4616461F46029468
:105FB000072200216846EDF724F91822002103A8E2
:105FC000EDF71FF93F20ADF80C008A20ADF80E0068
:105FD00002A8059001200690CDF81CD0072008905B
:105FE000002103A800F0B0FB002802DAFF2009B06E
:105FF000F0BD9DF8000010B19DF80000F7E7BDF876
:1060000001002880BDF803003080BDF8050038800D
:106010000020ECE72DE9F04389B004460D46164612
:106020001F46DDE910898DF808408DF809508DF87C
:106030000A60072200216846EDF7E3F818220021E4
:1060400003A8EDF7DEF83F20ADF80C008A20ADF88C
:106050000E0002A8059003200690CDF81CD0072062
:106060000890002103A800F06FFB002803DAFF204E
:1060700009B0BDE8F0839DF8000010B19DF8000064
:10608000F6E7BDF801003880BDF80300A8F800006D
:10609000BDF80500A9F800000020E9E72DE9F04F60
:1060A0008FB004460D4616461F46DDE91AABDDE902
:1060B00018898DF808408DF80950102231460DF1ED
:1060C0000A00EDF794F88DF81A708DF81B808DF8A2
:1060D0001C90CDF81DA08DF821B01822002109A830
:1060E000EDF78FF83F20ADF824008620ADF82600AC
:1060F00002A80B901A200C9001A80D9001200E9080
:10610000002109A800F020FB002803DAFF200FB0CF
:10611000BDE8F08F9DF8040010B19DF80400F6E78B
:106120000020F4E72DE9FF4F91B007469846DDE9DE
:10613000216BDDE91F5ADDF878900024A8190E3094
:10614000282803D9422015B0BDE8F08F0DF804705F
:10615000601CC4B2BDF8480012900DEB040002228E
:1061600012A9EDF744F8A01CC4B2BDF84C0013907E
:106170000DEB0400022213A9EDF739F8A01CC4B2FC
:106180000DF80480601CC4B20DF80490601CC4B209
:106190000DF80450601CC4B20DEB04002A465146B1
:1061A000EDF725F86019C4B20DF80460601CC4B2A4
:1061B0000DEB040032465946EDF719F8A019C4B2A8
:1061C000BDF88C0023900DEB0400022223A9EDF70B
:1061D0000EF8A01CC4B2BDF8900024900DEB040092
:1061E000022224A9EDF703F8A01CC4B21822002152
:1061F0000BA8EDF706F83F20ADF82C008320ADF892
:106200002E00CDF834D00E940AA80F9001201090E3
:1062100000210BA800F098FA002801DAFF2092E78D
:106220009DF8280010B19DF828008CE700208AE72F
:106230002DE9FF4F8FB00E4617469846DDE91DAB9E
:10624000DDF870900024BDF83C000F9001A90819FA
:1062500002220FA9ECF7CBFFA41C01A80655641C71
:10626000012E01D1022500E0102501A908192A46B6
:106270003946ECF7BCFF6019C4B201A800F80480ED
:10628000601CC4B201A800F80490601CC4B201A84C
:1062900000F804A0601CC4B201A800F804B0601C9F
:1062A000C4B201A91F980855601CC4B220980855B3
:1062B000601CC4B20322002108A8ECF7A2FF182238
:1062C000002109A8ECF79DFF3F20ADF824004FF412
:1062D0008270ADF8260001A80B900C9408A80D90D0
:1062E00003200E90002109A800F02EFA002803DAFE
:1062F000FF2013B0BDE8F08F9DF8200010B19DF88D
:106300002000F6E7BDF82110219801800020F0E779
:106310002DE9F0478CB00646894617469846DDF8C9
:1063200050A000240DF80460641C012E01D1022548
:1063300000E010250DEB04002A464946ECF757FF14
:106340006019C4B20DF80470601CC4B20DF804806A
:10635000601CC4B20322002105A8ECF752FF1822EA
:10636000002106A8ECF74DFF3F20ADF818004FF4D0
:106370008170ADF81A00CDF820D0099405A80A90D4
:1063800003200B90002106A800F0DEF9002803DAB4
:10639000FF200CB0BDE8F0879DF8140010B19DF807
:1063A0001400F6E7BDF81500AAF800000020F0E799
:1063B00000B587B01822002101A8ECF722FF3F208A
:1063C000ADF8040040F20110ADF80600CDF814D08D
:1063D00001200690002101A800F0B6F9002802DA99
:1063E000FF2007B000BD9DF80000FAE7FFB5A7B099
:1063F00016461D46309F0024A81D802802DD42203D
:106400002BB0F0BDBDF89C0027900DEB04000222DC
:1064100027A9ECF7ECFEA01CC4B2BDF8A0002890A0
:106420000DEB0400022228A9ECF7E1FEA01CC4B287
:106430000DF80460601CC4B20DF80450601CC4B2B6
:106440000DEB04002A463946ECF7D1FE6019C4B2C0
:106450001822002121A8ECF7D4FE3F20ADF88400DB
:106460004FF48370ADF88600CDF88CD0249420A82A
:10647000259001202690002121A800F065F9002830
:1064800001DAFF20BCE79DF8800010B19DF8800084
:10649000B6E70020B4E7F0B58FB005460E461446C7
:1064A0001F46142C02D942200FB0F0BDADF80450A5
:1064B000ADF806608DF80840224639460DF1090016
:1064C000ECF795FE1822002109A8ECF79AFE3F2070
:1064D000ADF8240040F22310ADF8260001A80B907F
:1064E000601D0C9008A80D9001200E90002109A8B5
:1064F00000F02AF9002801DAFF20D5E79DF82000F6
:10650000D2E730B589B004460D468DF808408DF8C5
:1065100009501822002103A8ECF773FE3F20ADF8C4
:106520000C000F20ADF80E0002A805900220069086
:1065300001A8079001200890002103A800F004F9A9
:10654000002802DAFF2009B030BD9DF80400FAE708
:10655000F0B5A7B006460D4617460024A81C8028B3
:1065600002DD422027B0F0BD0DF80460601CC4B20B
:106570000DF80450601CC4B20DEB04002A463946E5
:10658000ECF735FE6019C4B21822002121A8ECF7FF
:1065900038FE3F20ADF884000C20ADF88600CDF821
:1065A0008CD0249420A8259001202690002121A899
:1065B00000F0CAF8002801DAFF20D3E79DF8800038
:1065C000D0E770B586B005460C4601A802AB04AA18
:1065D00003A9009005A800F022F8C6B2C6B9BDF81C
:1065E0000C0000122870BDF80C000006000C208082
:1065F0002088BDF80410C1F3031140EA0110208087
:106600002088BDF8041001F00F010843208002E04B
:10661000304606B070BDEBF709FE3046F9E72DE9CC
:10662000F0418AB004460D4616461F46DDF840800C
:106630000922002101A8ECF7E4FD1822002104A89A
:10664000ECF7DFFD0420ADF810000120ADF81200DA
:1066500000200690079001A80890092009900021C9
:1066600004A800F071F8002803DAFF200AB0BDE8A2
:10667000F0819DF8040010B19DF80400F6E79DF844
:1066800005002070BDF8060028809DF808003070D5
:10669000BDF809003880BDF80B00A8F80000002004
:1066A000E4E730B58FB004460D462022002101A852
:1066B000ECF7A7FD8DF804401F2C01DD1F2000E042
:1066C0002046024629460DF10500ECF790FD182200
:1066D000002109A8ECF795FD0820ADF82400092059
:1066E000ADF8260001A80B9020200C90CDF834D0F6
:1066F00001200E90002109A800F026F8002802DAF7
:10670000FF200FB030BD9DF80000FAE72DE9FC41F5
:1067100005460F4614461E46384665F39F2080B254
:10672000ADF804008DF8064001208DF8000003222A
:1067300001A9C81EECF75BFD2346042231466846DA
:1067400000F0E2F8BDE8FC812DE9F04F89B0044685
:106750008A462188608861F39F2080B20890642077
:1067600006900020039001A8EDF73FF8EDF752F8EE
:10677000227B618826883046A368FFF7C7FFBAF1FD
:10678000000F03D0002009B0BDE8F08F069808B9CB
:106790000120069004A80699ECF7C2FA93E008E0FD
:1067A00004A8ECF7ABFA00B18EE0EBF783FD00B97B
:1067B00000E0F5E700BFEDF71BF803A95048EDF73F
:1067C000BDF8039800F108073878042861D1781CD7
:1067D0000790039800F10B05039890F88800C61EF7
:1067E000079800780E2823D00F2804D010284DD009
:1067F0003E284CD133E0A8464546B8F80210089828
:10680000814200D060E060680F2804D098F8000052
:1068100000B159E03CE06069B04201DD304600E083
:10682000606960612946D4E90402ECF7E0FC5AE0B3
:10683000AB465D46BBF801100898814200D043E0AA
:10684000ED1CF61E6069B04201DD304600E0606973
:1068500060612946D4E90402ECF7C9FC43E0A9468B
:106860004D4699F800006168884200D010E0761E1D
:106870006069B04201DD304600E06069606109F1A5
:106880000101D4E90402ECF7B2FC2CE01CE000BFEB
:1068900000BF1C48ECF715FF50B11948ECF711FF89
:1068A00030B118480399EDF738F80020039005E05F
:1068B00001A80399EDF731F800200390EBF77AFC7B
:1068C000ECF724FF00BF6AE7039818B10D4803995D
:1068D000EDF712F801A90A48EDF7C7FBECF716FF30
:1068E0004FF0FF304FE707480399EDF705F801A98E
:1068F0000348EDF7BAFBECF709FF002043E700007F
:10690000C4170020BC1700202DE9F04104460D46B5
:1069100016461F463B46324629462046ECF794FF72
:10692000BDE8F08172B6ECF76BFBECF713F8EDF70E
:1069300027FBECF7FDFE7248F8F7E8FA7048F8F725
:1069400085FA7048FCF784F96F48EDF7FFFB6F4854
:10695000F8F746F86E48F8F7EDFB6E48F0F706FDDD
:106960006D48FAF70CFB6D48F0F70CFB6C48F6F736
:1069700055FD6C48FCF75DFFEDF740F862B66A48DC
:10698000FDF7B6F86948EEF70BFDB7E000205C496B
:106990004860EBF7E3FC6648007810B1ECF7A2FC26
:1069A00005E00020ECF7AEFD5648FCF7BFFB0120E8
:1069B000ECF7A8FD5F48F8F7D1FE0220ECF7A2FD46
:1069C0005148EDF7F5FD0320ECF79CFD4F48F8F733
:1069D000A7F90420ECF796FD4D48F8F769FD05206E
:1069E000ECF790FD5448FCF731F80620ECF78AFDEF
:1069F0005248F5F749FB0720ECF784FD5048F0F7C3
:106A0000A5FF5048F0F768FA4F48F6F7CFFC08208A
:106A1000ECF778FD4D48F6F721FB0920ECF772FD05
:106A20003F48F6F709FD0A20ECF76CFD3B48F0F70C
:106A3000B8FA0B20ECF766FD4548FFF799F90C20F2
:106A4000ECF760FDECF702FE0E20ECF75BFD324840
:106A5000FAF796FA0F20ECF755FD3E48FDF706FBD6
:106A6000314890F8F90028B10D20ECF74BFD2F4884
:106A7000EEF7A4FC38480068401C374908602048FD
:106A8000F8F7D8FA35490968401AB0F57A7F30D35B
:106A90003248006800F57A7030490860002426E02A
:106AA0002F48006800F5157050F824102C48006835
:106AB000FC3040F8241000212948006800F51570CA
:106AC00040F8241026480068FC3050F82420244860
:106AD000006800F56B7050F824100948F8F788FA40
:106AE0001F49096801F56B7141F82400641C562C9C
:106AF000D6DB4FF400711B48EBF79DFA46E7000028
:106B0000C01B0020101C0020441D0020E02D002090
:106B10003824002070470020E8230020F01E0020C9
:106B2000803700209017002098470020AC480020B4
:106B30003C040020EC200020D42D002060430020E5
:106B4000301E0020E21E0020D41E0020A4230020BE
:106B5000C8040020900400203404002048040020D1
:106B600088040020000002400246002000E0401C93
:106B70008842FCDB704700002DE9F04188B00446F4
:106B80000D465A4890F8DC0001286ED1574890F81D
:106B9000DA0000286BD000BF142255A103A8E9F742
:106BA00085FD584800788DF81C0056480088010A79
:106BB0008DF81D1053480068010C8DF81E105148C7
:106BC0000068010E8DF81F104E48006820B94E482D
:106BD000F8F730FA4D49086042F2107101A8ECF75D
:106BE0009FF804E001A8ECF789F800B10BE003A8D6
:106BF0001423002200904648018846480088FFF789
:106C0000F5FB6428EED000BF01A8ECF777F820B1BF
:106C10000120364981F8F80003E00020334981F86B
:106C2000F80038480068401C36490860084600688B
:106C3000D0B1084600684FF4FA71B0FBF1F201FBE5
:106C4000120088B93048F8F7F5F93349086008466A
:106C500000682E490968401A2449C1F8F4002A48FE
:106C6000F8F7E8F92949086096E731E0FFE7264898
:106C7000F8F7E0F9074642F2107106A8ECF750F871
:106C80004FF0010806E006A8ECF738F810B14FF015
:106C900000080AE02B4600221D48009401881D4888
:106CA0000088FFF7A3FB6428EDD000BFB8F1000F08
:106CB00001D1012000E000200C4981F8F8001248C1
:106CC000F8F7B8F90646F01B0849C1F8F4000AE0E5
:106CD000124A1288521C91B2044AB2F8EC002346C0
:106CE0002A46FFF7D8FB08B0BDE8F081984700209E
:106CF00030313233343536373839414243444546F2
:106D000000000000B0170020C01B0020B4170020B6
:106D1000AA170020A8170020B8170020A6170020E7
:106D200021F00042A2F16052B2F5801F01F0004351
:106D300028BFD2F17F6C0BD95FEA001C43EAC20284
:106D400042EB507018BF704728BF20F00100704719
:106D5000B2F5801FBCBF184670474FEA410C1CF5C6
:106D6000001F02D2084600F098BF70B500F056FB35
:106D700000000089FFF7F6BF4FF00040A0F580004B
:106D80007047000010B591EA030F48BF83F000433D
:106D900000F1E283841A71EB030C05D2121943EB64
:106DA0000C03001B61EB0C01DFF824E14FEA1154E6
:106DB000A4EB135C1EEA430F18BF9EEA445F73D036
:106DC00023EA0E03DCF1200E21EA045143F4801380
:106DD00032D322FA0CFE10EB0E0023FA0CFE41EB2C
:106DE0000E01CCF1200E03FA0EFE10EB0E0051F155
:106DF0000001B1F5801FCCF1200E32D201EB04511D
:106E000012FA0EF2BDE8104058BF7047401C38BF60
:106E10005FEA420218BF7047002814BF20F001004B
:106E200041F100014FEA410313F5001F38BF7047DD
:106E3000A1F1C04100F040BB012A43EB0302ACF1D9
:106E4000200CDCF11F0E32BF4FF0000E23FA0CF3C2
:106E500010EB030041EB0451B4EB115FD0D0A1EB78
:106E6000045101F5801149085FEA300001EB04513B
:106E70000ED350F1000038BF12FA0EFE08D1BDE863
:106E80001040C9E7401C38BF5FEA4202CAD1C3E7DD
:106E9000BDE810404FEA410313F5001F38BF7047AB
:106EA000A1F1C04100F008BB9EEA445F08D011EA9E
:106EB0005E0FBDE8104004BF01F0004100207047A4
:106EC000BDE8104070B500F0A9FA00BF64FBBE3EFB
:106ED0000000E0FF491058BFC1F140415B1058BFAE
:106EE000C3F140438B42EFF3008070472DE9C0416E
:106EF00030B4DFF8A0C23CEA111418BF3CEA131406
:106F000000F0EC8081EA03051CEA111444EAD57410
:106F100018BF1CEA131500F0C780A4EB05044FF05E
:106F2000004545EAC12145EAC32341EA505143EAFD
:106F3000525304F17F74994204F500344FEAC020A3
:106F40004FEAC22208BF904200F09C804FEA1365CE
:106F50000FF24016765D4FEA134506FB05F7C7F1C1
:106F6000807706FB07F74FEAD737A7FB036876421F
:106F7000C8F58038A7FB06CE38BFA8F1010807FB8B
:106F800008E64FF0000EA6FB028CE6FB03CEDCF118
:106F9000000CCEF1004E38BFAEF1010EA6FB0C582E
:106FA0004FF000074FF00005E6FB0E87A1FB08C677
:106FB000A0FB07CE16EB0E0645F10005E1FB0765C9
:106FC00015F1E04E7EBFA4F580345FEA46066D41C0
:106FD00016F1800745F100054FEA17274FEA0666CC
:106FE00047EA0567A6F1DE46B6F1805F4FEA152550
:106FF0001FD9384624F0010C05EBC471BCF1FE6FBB
:1070000001EB0C1102D8F0BCBDE8008124425CBF4A
:1070100001F5801E9EEAC47F02D4F0BCBDE8008169
:10702000244238D4F0BCA1F1C041BDE8004100F0D9
:1070300043BA4FEAD22242EA43524FEAD323A7FB94
:1070400002864FEAD02040EA415007FB03661EEA61
:107050000E0F4FEAD12105FB026658BFA6EB005682
:10706000B6EB00564FEA520E4EEAC37E18EB0E0EF8
:1070700056EB530EBDD518EB02085E417F1C55F14F
:107080000005B6E74FF480154FF000074FF00006FB
:107090004FF00008ADE7F0BC4FF0000001F1C04137
:1070A00001F00041BDE8008111EA0C1F0CEA131544
:1070B00000D00CE013EA0C1F00F025804FF0000018
:1070C000F0BC81EA030101F00041BDE80081F0BCA1
:1070D000BDE8004181EA030100F0EEB9F0BCBDE873
:1070E000004170B500F09AF9097EFC3E00F007B847
:1070F00081EA03014FF0000001F00041704781EA8E
:10710000030100F0D9B9F0BCBDE800414FF0000028
:1071100021497047FFFDFBF9F7F5F4F2F0EEEDEBD6
:10712000E9E8E6E4E3E1E0DEDDDBDAD8D7D5D4D385
:10713000D1D0CFCDCCCBCAC8C7C6C5C4C2C1C0BFD1
:10714000BEBDBCBBBAB9B8B7B6B5B4B3B2B1B0AFD7
:10715000AEADACABAAA9A8A8A7A6A5A4A3A3A2A1BB
:10716000A09F9F9E9D9C9C9B9A9999989797969576
:1071700095949393929191908F8F8E8E8D8C8C8B12
:107180008B8A89898888878786858584848383829A
:10719000828181800000FF070000F87F4FEA4103F1
:1071A0004FEA5353A3F58063D3F11E03C8BFD3F155
:1071B000210C0CDD4FF0004242EAC12242EA50525B
:1071C00032FA03FC8CEAE17CACEBE1707047102BE7
:1071D000C4BF0020704703F5787CBCF1FF3F04D0AA
:1071E0006FF0004282EA2100704770B500F016F996
:1071F0004992248000207047F2E710F0004248BF17
:107200004042B0FA80F310FA03F10AD0C3F11D0333
:1072100003F580634FEA415002EB035202EBD121A8
:1072200070474FF000007047B0FA80F310FA03F196
:107230000AD0C3F11D0303F580634FEA41504FEAC2
:10724000035202EBD12170474FF00000704700005D
:1072500051EA030C17D41CF5801F58BFBCF5801FE2
:1072600000F10680994218BF704708BF90427047EE
:1072700007D711F5801F58BF13F5801F19D4994205
:107280007047894270471CF5801F08D5BCF5801FE8
:10729000F7D58B4218BF704708BF824270474FF442
:1072A000001C1CEB410F38BF1CEB430F01D28B427B
:1072B000704770B500F0B2F8922449004FF00051C9
:1072C0004FF08053FFF706BEDFF848C170B51CEAE7
:1072D000111E1EBF1CEA13159EEA0C0F95EA0C0F37
:1072E00000F06F8081EA030423EA4C134EEAD47E57
:1072F00021EA4C1141F4801143F48013AE44A1FB08
:10730000024CA0FB0365AEF17F7E361955EB0C05F0
:10731000A1FB034C4CF10003A0FB021C16EB0C0676
:10732000654153F10003094218BF46F0010613F40A
:10733000007F0BD14FEA03314FEA0530340341EAB5
:10734000155140EA16506FF003020AE04FEAC321DC
:107350004FEAC520F40241EA555140EA56506FF019
:10736000020202EB2E4201EB025585EACE710AD0F1
:107370005FEA440C18BF24F0004450F1000041F1D2
:10738000000120EAD47040F2FE7C624500D270BD5C
:10739000A84214BF4FF080444FF04044002E08BF75
:1073A0000024BEF1806FA8BFA1F1C041BDE87040CC
:1073B00080F282804FF0000001F1C04101F00041F5
:1073C00070479EEA0C0F0CEA131518BF95EA0C0FD4
:1073D00006D04FF0000081EA030E0EF0004170BDB0
:1073E00000F01CF88900013E00F007B800F009B871
:1073F0004FEA430C5FEA5C5C08D081EA030100F0CD
:107400005BB84FEA410C5FEA5C5CF6D14FF00000DC
:10741000014970470000FF070000F87F0EF1020EDF
:107420002EF0030E5EF8046B364205D4012A43EBBE
:10743000030515F5001F12D8012841EB010C1CF5BE
:10744000001F0CD80ED14FEAD17C15F5001F0CEBB4
:107450004C0C0CF1020C08BF4CEBD37C04E04FF059
:10746000080C01E04FEAD37C0CEB4C0526FA05F63C
:1074700006F00706B6F1040C06D20EEB860CBDE84A
:1074800070404CF0010C6047DFE80CF0090B020281
:107490004FF000414FF00000A1F5002170BD1946EA
:1074A0001046012851EB010418BFD4F5001484BF25
:1074B000002001F0004170BD0808A0F500114FEA5E
:1074C0003101704753EA010C17D41CF5801F58BFD7
:1074D000BCF5801F00F106808B4218BF704708BFC3
:1074E0008242704707D713F5801F58BF11F5801FE0
:1074F00019D48B4270479B4270471CF5801F08D5FA
:10750000BCF5801FF7D5994218BF704708BF90425D
:1075100070474FF4001C1CEB430F38BF1CEB410FAE
:1075200001D2994270470FB40CBC03BCFFF7C1BE37
:1075300091EA030F10B581F000413FF52BAC83F0C9
:10754000004300F009B8000010B591EA030F48BFEE
:1075500083F000433FF51EAC841A71EB030C07D295
:1075600012198CF0004C43EB0C03001B61EB0C0177
:10757000DFF8A4E14FEA1154A4EB135C1EEA430FB9
:1075800018BF9EEA445F00F0B08023EA6E035242C7
:1075900021EA0451C3EB6E0338BF5B1EDCF1200E01
:1075A00025D322FA0CFE10EB0E0043FA0CFE41EB41
:1075B0000E01CCF1200E03FA0EFE10EB0E0051F17D
:1075C0000001CCF1200E29D412FA0EF201EB045185
:1075D000BDE8104058BF7047401C1CBFB2F1004FBF
:1075E000704700280CBF491C20F00100704712EBC7
:1075F000020E43EB030218BF4FF0010E4EEA4202A7
:10760000ACF1200CDCF11E0E54D943FA0CFE10EB49
:107610000E0051F1FF31CCF11E0ED5D50EF1010E49
:1076200012FA0EFE404141EB010101EB445C5FEABE
:107630005C5C10D910EBDE7001EB045138BFBEF179
:10764000004FBDE8104018BF704700280CBF491C10
:1076500020F00100704730D24FEAD42C11F5001110
:1076600024F400641BD0B1FA81F20B3AA41AA41ED0
:10767000D2F12003914030FA03F31943904001EB1B
:10768000CC71002C01EB0451BDE81040A8BF70473D
:1076900001F1C0414FF0000001F000417047B0FA25
:1076A00080F310FA03F100D110BDE41A173C48052D
:1076B000C90AE4E701EB045110BD491001EB045184
:1076C000BDE810404FEA300002E04FF00001704783
:1076D0004A0008BF0042F8D0B2F5001F28BF70472B
:1076E00001F000414FF0000070479EEA445F07D070
:1076F00011EA5E0FBDE8104004BF00210020704772
:10770000BDE8104070B5FFF789FE00BF40DFF63ED0
:1077100083F00041104670470000E0FF43004FEA4D
:10772000D30C4FEA3C0C43401FBF40070CF16051A3
:1077300013F0FE4F70471CF0006F03D100200CF0D7
:10774000004170470CF0004343EA507010B540EA26
:10775000CC0000F05CFA00BF000000924FEA00018C
:10776000FFF7AABE4FF000414FF00000A1F5002145
:107770007047000090EA010F48BF81F0004100F11E
:10778000D482421A3CBF801A89184FEAD0524FF077
:107790007F4C1CEA410FA2EBD15318BF9CEA026F49
:1077A00000F03B804FF0004C4CEA00204CEA0121F5
:1077B00021FA03FC10EB0C0C1ED202F1FF325FEA3F
:1077C0001C2040EBC25038BF70471CF07F0F4FEABF
:1077D000400C18BFBCF17F4F38BF7047C3F1200386
:1077E000994008BF20F00100BCF17F4F38BF7047BF
:1077F000A0F1C04000F051BA4FEA3C00000A40EB53
:10780000C25028BF1CF0FF0F4FEA400CE6D018BF53
:10781000BCF17F4F38BF7047EAE79CEA026F05D0A2
:1078200010EA5C0F08BF00F00040704710B500F090
:10783000EEF900BF64FBBE3E401058BFC0F14040AF
:10784000491058BFC1F140418142EFF300807047B9
:107850004FF47F0C1CEAD0121EBF1CEAD11392EA2F
:107860000C0F93EA0C0F00F0858090EA010F48BFDF
:1078700042F4807240F4000C41F400002CF07F418F
:1078800020F07F4000B58142A2EB03020FF2081CFA
:10789000ACEB504EC0F100009EF800E04FEA4E0EF7
:1078A00000FB0EFC38BF49004FEA2C1C02F5FA021F
:1078B0000CFB0EF34FEACE1E4FEA112C4FEAC1210A
:1078C0000EEB635E42EB22420EFB0CFC4FEA1C53B4
:1078D00000FB03114FEA112C4FEA01310EFB0CFCA7
:1078E0004FEADC4C00FB0C11C14228BF09184CEBDD
:1078F00003335DF804EB10EB410143EBC250B2F5EA
:107900007C0F38BF704729D512F0F00F1CBF00F173
:10791000C04000F0004070470081828384858687E4
:1079200088898B8C8D8E8F919293959697999A9C3E
:107930009D9FA0A2A3A5A7A8AAACAEB0B2B3B5B7AD
:10794000B9BCBEC0C2C5C7C9CCCED1D4D7D9DCDF83
:10795000E2E6E9ECF0F3F7FAFE0000004FEA400C33
:107960000CF1807CBCF17E4F28BF7047B0F1C04065
:1079700000F093B990EA010F0CEAD11348BF42F42A
:107980008072624538BF634507D213F47F0F16D06B
:1079900080EA010000F00040704710B500F037F9B0
:1079A000097EFC3E00F005B880EA010000F00040CE
:1079B000704780EA010000F0004000F06EB912F458
:1079C0007F0F04BF0248704780EA010000F065B9EC
:1079D0000000C07F41000B0ED3F19E0208D950F485
:1079E00000034FEA032323FA02F048BF40427047E6
:1079F00010B500F00CF900BF4992248000207047B8
:107A00006FF0004282EA200070470000C10DD1F102
:107A10009E0206DB4FEA002343F0004323FA02F004
:107A20007047004207D54FEA4001B1F1FE4F02D244
:107A30004FF00000704710B500F0E9F8499224803B
:107A4000002070476FEA20007047000010F00041EE
:107A500048BF4042B0FA80F310FA03F2C3F19D032D
:107A60000BD051EAC35101EB1220530638BF7047C7
:107A700000F1010008BF20F001007047B0FA80F368
:107A800010FA03F2C3F19D030AD0D90501EB1220CD
:107A9000530638BF704700F1010008BF20F0010015
:107AA0007047000050EA010C00F113801CF5000F34
:107AB00058BFBCF5000F01D48842704707D710F5B6
:107AC000000F58BF11F5000F15D488427047894246
:107AD00070471CF5000F04D5BCF5000FF7D58142A7
:107AE00070474FF0807C1CEB400F38BF1CEB410F00
:107AF00001D28142704710B500F089F89224490004
:107B00004FF000504FF08051FFF796BE4FF47F0CBE
:107B10001CEAD0121EBF1CEAD11392EA0C0F93EAA2
:107B20000C0F00F0478090EA010F48BF42F48072CA
:107B30004FF0004C4CEA00204CEA012102EB03021A
:107B4000A0FB0113A2F50002002918BF43F00103B6
:107B50005B0028BF4FEA330342EB22425FEA132C5B
:107B60004CEBC2502EBFBCEB436FB2F57C0F70479D
:107B70004FEA036CBCF1004F08BF20F00100B2F5E2
:107B80007C0F38BF70470BD582F0FF0212F5803FA3
:107B9000C8BF704700F1C040D8BF00F00040704738
:107BA00000F5000C5FEA4C0C48BF7047B0F1C040D4
:107BB00000F073B890EA010F0CEAD11348BF42F409
:107BC0008072624538BF634504D280EA010000F04C
:107BD0000040704710B500F01AF800BF8900013E60
:107BE00000F007B800F009B85FEA410C5FEA1C6CCE
:107BF00008D080EA010000F050B85FEA400C5FEA6C
:107C00001C6CF6D14FF00040A0F5800070470EF1DB
:107C1000020E2EF0030E5EF8044B244204D44FEA09
:107C20004102B2F17F4F11D84FEA4003B3F17F4FC9
:107C30000CD80ED14FEAD07CB2F17F4F0CEB4C0C3C
:107C40000CF1020C08BF4CEBD17C04E04FF0080CA7
:107C500001E04FEAD17C0CEB4C0324FA03F404F06E
:107C60000704B4F1040C06D20EEB840CBDE81040FE
:107C70004CF0010C6047DFE80CF0070802024FF0FF
:107C80000040A0F5800010BD0846420018BFD2F1A8
:107C9000807288BF00F0004010BDFF2141EAD05043
:107CA000C005704751EA000C00F113801CF5000F6D
:107CB00058BFBCF5000F01D48142704707D711F5BA
:107CC000000F58BF10F5000F15D48142704789424C
:107CD00070471CF5000F04D5BCF5000FF7D588429E
:107CE00070474FF0807C1CEB410F38BF1CEB400FFE
:107CF00001D28842704780EA010081EA000180EAEF
:107D00000100FFF7F8BE80F0004090EA010F7FF518
:107D100038AD81F0004100F008B8000090EA010F92
:107D200048BF81F000413FF52CAD421A04D882F0E3
:107D30000042A0EB020011444FEAD0524FF07F4CBA
:107D40001CEA410FA2EBD15318BF9CEA026F4AD044
:107D50004FF0004C4CEA00204CEA012121FA03FCD0
:107D6000B0EB0C0C0FD412F0FE0F36D05FEA4C00D3
:107D70001DD5001240EBC25038BF70471CF03F0FBA
:107D800018BF70470BE0A2F101025FEA1C2040EB34
:107D9000C25038BF70471CF07F0F18BF7047C3F147
:107DA0002003994014BF401E20F001007047800856
:107DB0004FEA122308BF7047B0FA80FCA2EB0C0216
:107DC000CCF1280C60FA0CF093EA122F04BF00EB00
:107DD000C25070474FEAC3707047130A5FEADC1065
:107DE00008BF7047F6E79CEA026F04D010EA5C0F08
:107DF00008BF0020704710B5FFF709FF40DFF63ECF
:107E000081F0004070470000060400006F0400008D
:107E1000DF04000057050000D70500005E060000E3
:107E2000EC06000082070000D007000020080000D8
:107E3000C508000071090000250A0000E10A0000E1
:107E4000A40B00006E0C0000400D0000170E000097
:107E5000E90E000039000000148E03083B0000000A
:107E6000688E03083D000000BC8E03083F00000040
:107E7000108F030841000000648F03083A000000DF
:107E8000EC8D03083C000000408E03083E0000001B
:107E9000948E030840000000E88E030842000000B2
:107EA0003C8F03084F0000004C860308510000007F
:107EB000C8870308530000004489030855000000E8
:107EC000C08A0308570000000C8C03085000000013
:107ED0003086030852000000AC87030854000000FD
:107EE0002889030856000000A48A030858000000EF
:107EF000F08B03085B0000009C9103085D0000000C
:107F00003C9103085E00000020910308450000003A
:107F10008486030847000000008803084900000029
:107F20007C8903084B000000F88A03084D0000001C
:107F3000448C0308460000006886030848000000DF
:107F4000E48703084A000000608903084C00000031
:107F5000DC8A03084E000000288C0308350000006E
:107F60009890030836000000B89003082D00000028
:107F7000DC8F03082E000000049003083700000087
:107F80005090030838000000749003082800000097
:107F9000A88D030801000000009103080200000002
:107FA000009103080D000000388D03081D0000003B
:107FB0007491030810000000448D030824000000A1
:107FC000DC9003081B000000108D03081C0000005B
:107FD000248D03080A000000B88C0308110000007B
:107FE000888D030816000000688D03080900000052
:107FF000C88D030804000000908F030803000000F0
:108000002C90030805000000B48F03080F00000047
:10801000FC8C03080C000000E88C03080E00000034
:10802000D88D03085F000000A086030860000000F0
:10803000BC860308610000001C8803086200000081
:108040003888030863000000988903086400000072
:10805000B489030865000000148B03086600000063
:10806000308B030867000000589103086800000087
:108070000C91030839000000AC9203083B0000009B
:10808000CC9303083D000000EC9403083F0000007F
:108090000C960308410000002C9703083A000000EA
:1080A000049303083C000000249403083E000000F1
:1080B0004495030840000000649603084200000055
:1080C000849703084F0000006892030851000000E5
:1080D0008893030853000000A8940308550000008B
:1080E000C895030857000000E896030850000000F8
:1080F0004C930308520000006C94030854000000E5
:108100008C95030856000000AC9603085800000048
:10811000CC9703085B000000B49C03085D000000DE
:10812000E49C03085E000000389D03084500000041
:10813000DC86030847000000588803084900000057
:10814000D48903084B000000508B03084D00000049
:10815000608C0308460000001087030848000000F8
:108160008C8803084A000000088A03084C000000BD
:10817000848B03084E000000948C03083500000037
:108180000C9C030836000000409C03082D000000F2
:10819000C49B03082E000000709B030837000000FA
:1081A000B491030838000000009203082800000082
:1081B000A89E030801000000A49903080200000023
:1081C000D09903080D000000A09803081D000000CE
:1081D000149E0308100000004898030824000000C3
:1081E0007C9D03081B000000089803081C00000089
:1081F000009B03080A000000509E030811000000C5
:10820000AC9A030816000000709A030809000000E9
:108210008C9C030804000000109A0308030000006F
:10822000409B030805000000E09D03080F000000CC
:10823000FC9803080C000000C09803080E00000022
:10824000709903085F0000000086030860000000CA
:1082500034870308610000007C8703086200000087
:10826000B088030863000000F88803086400000079
:108270002C8A030865000000748A03086600000069
:10828000A88B030867000000389903086800000005
:10829000DC9E0308171F1C1F1E1F1E1F1F1E1F1EF4
:1082A0001F0000000001000010A1030800030000EF
:1082B000CCA103080005000004A103080100000090
:1082C00074A203080101000070A10308010200006C
:1082D00030A20308010300009CA20308010400006F
:1082E00050A10308020000003CA1030802010000A5
:1082F000549F0308020200008CA10308020300003F
:10830000709F03080204000034A103080205000066
:1083100094A103080206000058A103080207000008
:1083200008A2030802080000149F030802090000C5
:10833000349F030803000000A09F0308030100000E
:10834000D49F030803020000F89F03080303000002
:108350001CA003080304000040A00308030500005C
:1083600064A003080306000088A0030803070000B8
:10837000ACA0030803080000D0A003080309000014
:10838000F4A00308030A0000B09F0308030B0000D9
:10839000D49F0308030C0000F89F0308030D00009E
:1083A0001CA00308030E000040A00308030F0000F8
:1083B00064A003080310000088A003080311000054
:1083C000ACA0030803120000D0A0030803130000B0
:1083D000F4A0030803140000B09F03080315000075
:1083E0008CA103080316000094A1030803170000E2
:1083F00088A2030803180000B0A2030803190000B4
:1084000068A20308031A00004CA20308031B000023
:108410005CA20308031C000058A10308031D000010
:1084200050A10308031E0000B0A20308031F0000B0
:1084300028A1030803200000ACA1030803220000C8
:10844000E8A1030803230000DCA1030803280000BF
:108450008C9F030803290000C09F0308032A000023
:10846000E49F0308032B000008A00308032C00006E
:108470002CA00308032D000050A00308032E0000C9
:1084800074A00308032F000098A003080330000025
:10849000BCA0030803310000E0A003080332000081
:1084A000A09F030803330000D49F03080334000097
:1084B000F89F0308033500001CA0030803360000E2
:1084C00040A003080337000064A00308033800003D
:1084D00088A0030803390000ACA00308033A000099
:1084E000D0A00308033B0000F4A003080400000030
:1084F00020A203080401000020A2030804020000D7
:1085000020A203080403000020A2030804040000C2
:1085100020A203080405000020A2030805000000B3
:1085200080A1030805010000F4A103080600000073
:108530001CA10308772078206F01100265206620B7
:10854000F40110025C205D207F02100253205420B1
:108550000A0310024A204B20950310026E206F2060
:10856000DC02140002000400060008000A000100FA
:1085700003000500070009000710081009100A1081
:108580000B100B000C000D000E000F000600070082
:10859000080009000A0001000200030004000500B1
:1085A0000B000C000D000E000F0005010502050375
:1085B0000504050517011B01220223022B032C03CE
:1085C00006040A0481003031323334353637383905
:1085D000414243444546403058003031323334350F
:1085E000363738396162636465664030780004006C
:1085F0000008000000000000000200010000100060
:10860000D09ED0B1D180D18BD0B220D0B4D0BED04A
:10861000BF2ED0B4D0B0D182D187D0B8D0BAD0B02C
:1086200020D182D0B5D0BCD0BF2E203100000000B8
:108630006F70656E2063697263756974206F662060
:108640007468652066616E203100000073686F7287
:10865000742063697263756974206F66207468653D
:108660002066616E203100006F70656E2063697254
:1086700063756974206F66207468652070756D700D
:108680002031000073686F727420636972637569CA
:1086900074206F66207468652070756D70203100DD
:1086A0006F70656E20636972632E20617578207427
:1086B000656D702E2073656E7320310073686F7264
:1086C0007420636972632E206175782074656D7003
:1086D0002E2073656E73203100000000D09AD0BE4A
:1086E000D180D0BED182D0BAD0BED0B520D0B7D044
:1086F000B0D0BCD18BD0BAD0B0D0BDD0B8D0B5201E
:10870000D0BFD0BED0BCD0BFD18B20310000000084
:10871000D09ED0B1D180D18BD0B220D0B220D18622
:10872000D0B5D0BFD0B820D0BFD0BED0BCD0BFD184
:108730008B203100D0BAD0BED180D0BED182D0BA89
:10874000D0BED0B520D0B7D0B0D0BCD18BD0BAD0AD
:10875000B0D0BDD0B8D0B520D0B4D0BED0BF2ED010
:10876000B4D0B0D182D187D0B8D0BAD0B020D18225
:10877000D0B5D0BCD0BF2E3100000000D09ED0B10B
:10878000D180D18BD0B220D0B4D0BED0BF2ED0B447
:10879000D0B0D182D187D0B8D0BAD0B020D182D0D9
:1087A000B5D0BCD0BF2E2032000000006F70656EC7
:1087B0002063697263756974206F66207468652030
:1087C00066616E203200000073686F727420636906
:1087D0007263756974206F66207468652066616EC7
:1087E000203200006F70656E206369726375697472
:1087F000206F66207468652070756D7020320000EF
:1088000073686F72742063697263756974206F6630
:10881000207468652070756D702032006F70656E11
:1088200020636972632E206175782074656D702EE7
:108830002073656E7320320073686F7274206369F1
:1088400072632E206175782074656D702E207365BB
:108850006E73203200000000D09AD0BED180D0BE0E
:10886000D182D0BAD0BED0B520D0B7D0B0D0BCD194
:108870008BD0BAD0B0D0BDD0B8D0B520D0BFD0BE8C
:10888000D0BCD0BFD18B203200000000D09ED0B130
:10889000D180D18BD0B220D0B220D186D0B5D0BF7C
:1088A000D0B820D0BFD0BED0BCD0BFD18B2032003A
:1088B000D0BAD0BED180D0BED182D0BAD0BED0B5D1
:1088C00020D0B7D0B0D0BCD18BD0BAD0B0D0BDD032
:1088D000B8D0B520D0B4D0BED0BF2ED0B4D0B0D197
:1088E00082D187D0B8D0BAD0B020D182D0B5D0BC98
:1088F000D0BF2E3200000000D09ED0B1D180D18BED
:10890000D0B220D0B4D0BED0BF2ED0B4D0B0D1829F
:10891000D187D0B8D0BAD0B020D182D0B5D0BCD019
:10892000BF2E2033000000006F70656E20636972F7
:1089300063756974206F66207468652066616E20B7
:108940003300000073686F72742063697263756925
:1089500074206F66207468652066616E20330000A5
:108960006F70656E2063697263756974206F66202D
:108970007468652070756D702033000073686F72C5
:10898000742063697263756974206F66207468650A
:108990002070756D702033006F70656E2063697292
:1089A000632E206175782074656D702E2073656E5E
:1089B0007320330073686F727420636972632E20B2
:1089C0006175782074656D702E2073656E73203329
:1089D00000000000D09AD0BED180D0BED182D0BAE3
:1089E000D0BED0B520D0B7D0B0D0BCD18BD0BAD00B
:1089F000B0D0BDD0B8D0B520D0BFD0BED0BCD0BFD5
:108A0000D18B203300000000D09ED0B1D180D18B1B
:108A1000D0B220D0B220D186D0B5D0BFD0B820D02F
:108A2000BFD0BED0BCD0BFD18B203300D0BAD0BE17
:108A3000D180D0BED182D0BAD0BED0B520D0B7D0F0
:108A4000B0D0BCD18BD0BAD0B0D0BDD0B8D0B520CA
:108A5000D0B4D0BED0BF2ED0B4D0B0D182D187D0C8
:108A6000B8D0BAD0B020D182D0B5D0BCD0BF2E33D0
:108A700000000000D09ED0B1D180D18BD0B220D0E8
:108A8000B4D0BED0BF2ED0B4D0B0D182D187D0B8B0
:108A9000D0BAD0B020D182D0B5D0BCD0BF2E203437
:108AA000000000006F70656E206369726375697401
:108AB000206F66207468652066616E2034000000B7
:108AC00073686F72742063697263756974206F666E
:108AD000207468652066616E203400006F70656EDA
:108AE0002063697263756974206F662074686520FD
:108AF00070756D702034000073686F727420636944
:108B00007263756974206F66207468652070756D76
:108B1000702034006F70656E20636972632E20616F
:108B200075782074656D702E2073656E7320340027
:108B300073686F727420636972632E206175782088
:108B400074656D702E2073656E7320340000000014
:108B5000D09AD0BED180D0BED182D0BAD0BED0B54E
:108B600020D0B7D0B0D0BCD18BD0BAD0B0D0BDD08F
:108B7000B8D0B520D0BFD0BED0BCD0BFD18B2034B0
:108B800000000000D09ED0B1D180D18BD0B220D0D7
:108B9000B220D186D0B5D0BFD0B820D0BFD0BED003
:108BA000BCD0BFD18B203400D0BAD0BED180D0BED3
:108BB000D182D0BAD0BED0B520D0B7D0B0D0BCD141
:108BC0008BD0BAD0B0D0BDD0B8D0B520D0B4D0BE44
:108BD000D0BF2ED0B4D0B0D182D187D0B8D0BAD047
:108BE000B020D182D0B5D0BCD0BF2E340000000060
:108BF0006F70656E2063697263756974206F66209B
:108C00007468652066616E203500000073686F72BD
:108C1000742063697263756974206F662074686577
:108C20002066616E203500006F70656E206369728A
:108C300063756974206F66207468652070756D7047
:108C40002035000073686F72742063697263756900
:108C500074206F66207468652070756D7020350013
:108C6000D09AD0BED180D0BED182D0BAD0BED0B53D
:108C700020D0B7D0B0D0BCD18BD0BAD0B0D0BDD07E
:108C8000B8D0B520D0BFD0BED0BCD0BFD18B20359E
:108C900000000000D09ED0B1D180D18BD0B220D0C6
:108CA000B220D186D0B5D0BFD0B820D0BFD0BED0F2
:108CB000BCD0BFD18B20350066616E2073706565B6
:108CC0006420646F6573206E6F7420636F727265C9
:108CD00073706F6E6420746F2074686520646566BD
:108CE000696E6564000000006869676820737570CC
:108CF000706C7920766F6C74616765006C6F77209B
:108D0000737570706C7920766F6C746167650000A4
:108D100066616E20646F6573206E6F7420726F746D
:108D20006174650066616E2073656C662D726F7488
:108D30006174696F6E0000006E6F2069676E697400
:108D4000696F6E00626F64792074656D702E736553
:108D50006E736F7220646F6573206E6F7420636F23
:108D60006F6C20646F776E006F70656E2063697240
:108D700063756974206F6620746865206675656C1C
:108D80002070756D7000000073686F7274206369E5
:108D90007263756974206F662074686520667565F6
:108DA0006C2070756D7000006E6F20636F6E6E6565
:108DB0006374696F6E2077697468207468652068D1
:108DC0006561746572000000676C6F7720706C7568
:108DD00067206572726F72007761746572207075BA
:108DE0006D70206572726F72000000006F70656EAA
:108DF0002063697263756974206F662074686520EA
:108E00007A6F6E6520312074656D702E2073656EEB
:108E1000736F720073686F7274206369726375692F
:108E200074206F6620746865207A6F6E652031202B
:108E300074656D702E2073656E736F720000000094
:108E40006F70656E2063697263756974206F662048
:108E5000746865207A6F6E6520322074656D702E9F
:108E60002073656E736F720073686F72742063692C
:108E70007263756974206F6620746865207A6F6EFE
:108E80006520322074656D702E2073656E736F726D
:108E9000000000006F70656E20636972637569740D
:108EA000206F6620746865207A6F6E6520332074A9
:108EB000656D702E2073656E736F720073686F72CC
:108EC000742063697263756974206F6620746865C5
:108ED000207A6F6E6520332074656D702E20736567
:108EE0006E736F72000000006F70656E20636972B0
:108EF00063756974206F6620746865207A6F6E658B
:108F000020342074656D702E2073656E736F72004F
:108F100073686F72742063697263756974206F6619
:108F200020746865207A6F6E6520342074656D70DA
:108F30002E2073656E736F72000000006F70656E97
:108F40002063697263756974206F66207468652098
:108F50007A6F6E6520352074656D702E2073656E96
:108F6000736F720073686F727420636972637569DE
:108F700074206F6620746865207A6F6E65203520D6
:108F800074656D702E2073656E736F720000000043
:108F90006572726F72206F6620746865206C6971EB
:108FA0007569642074656D702E2073656E736F72C1
:108FB000000000006F70656E2063697263756974EC
:108FC000206F662074686520666C616D652074652D
:108FD0006D702E2073656E736F7200006F70656E1A
:108FE0002063697263756974206F662074686520F8
:108FF00074616E6B2074656D702E2073656E736F77
:109000007200000073686F7274206369726375691F
:1090100074206F66207468652074616E6B207465BF
:109020006D702E2073656E736F7200006572726FC3
:1090300072206F6620746865206F7665726865615E
:10904000742074656D702E2073656E736F720000EE
:109050006F70656E2063697263756974206F662036
:10906000746865206F7574646F6F722073656E73BA
:109070006F72000073686F72742063697263756940
:1090800074206F6620746865206F7574646F6F72EA
:109090002073656E736F72006F70656E2063697206
:1090A00063756974206F662074686520666C6F77DD
:1090B0002073656E736F720073686F7274206369DA
:1090C0007263756974206F662074686520666C6FC2
:1090D000772073656E736F72000000006F766572A3
:1090E00068656174696E67206F66207468652066C4
:1090F0006C616D6520696E64696361746F720000F4
:109100006F76657268656174000000005A6F6E6565
:109110002D70756D7020636F6E666C6963740000EE
:109120006C6576656C2073656E736F72206F706509
:109130006E20636972637569740000006C65766502
:109140006C2073656E736F722073686F7274206326
:109150006972637569740000457874656E73696F30
:109160006E20626F617264206C696E6B206661753F
:109170006C740000657863656564696E6720746867
:1091800065206C696D6974206F6620666C616D6521
:1091900020626C6F776F7574000000006C697175E8
:1091A0006964206C6576656C20746F6F206C6F77D6
:1091B00000000000D09ED0B1D180D18BD0B220D0A1
:1091C000B220D186D0B5D0BFD0B820D0B4D0B0D1E5
:1091D00082D187D0B8D0BAD0B020D0B2D0BDD0B56F
:1091E000D188D0BDD0B5D0B920D182D0B5D0BCD037
:1091F000BFD0B5D180D0B0D182D183D180D18B0006
:10920000D09AD0BED180D0BED182D0BAD0BED0B597
:1092100020D0B7D0B0D0BCD18BD0BAD0B0D0BDD0D8
:10922000B8D0B520D0B220D186D0B5D0BFD0B8202C
:10923000D0B4D0B0D182D187D0B8D0BAD0B020D0FD
:10924000B2D0BDD0B5D188D0BDD0B5D0B920D182F3
:10925000D0B5D0BCD0BFD0B5D180D0B0D182D18371
:10926000D180D18B00000000D09AD0BED180D0BE7A
:10927000D182D0BAD0BED0B520D0B7D0B0D0BCD17A
:109280008BD0BAD0B0D0BDD0B8D0B520D0B2D0B588
:10929000D0BDD182D0B8D0BBD18FD182D0BED18049
:1092A000203120D0B7D0BED0BDD18B00D09AD0BE57
:1092B000D180D0BED182D0BAD0BED0B520D0B7D068
:1092C000B0D0BCD18BD0BAD0B0D0BDD0B8D0B52042
:1092D000D0B4D0B0D182D187D0B8D0BAD0B020D15C
:1092E00082D0B5D0BCD0BFD0B5D180D0B0D182D1E2
:1092F00083D180D18B203120D0B7D0BED0BDD18BCF
:1093000000000000D09ED0B1D180D18BD0B220D04F
:10931000B220D186D0B5D0BFD0B820D0B4D0B0D193
:1093200082D187D0B8D0BAD0B020D182D0B5D0BC4D
:10933000D0BFD0B5D180D0B0D182D183D180D18BF4
:10934000203120D0B7D0BED0BDD18B00D09ED0B1BF
:10935000D180D18BD0B220D0B220D186D0B5D0BFB1
:10936000D0B820D0B2D0B5D0BDD182D0B8D0BBD18A
:109370008FD182D0BED180D0B0203120D0B7D0BE26
:10938000D0BDD18B00000000D09AD0BED180D0BE1D
:10939000D182D0BAD0BED0B520D0B7D0B0D0BCD159
:1093A0008BD0BAD0B0D0BDD0B8D0B520D0B2D0B567
:1093B000D0BDD182D0B8D0BBD18FD182D0BED18028
:1093C000203220D0B7D0BED0BDD18B00D09AD0BE35
:1093D000D180D0BED182D0BAD0BED0B520D0B7D047
:1093E000B0D0BCD18BD0BAD0B0D0BDD0B8D0B52021
:1093F000D0B4D0B0D182D187D0B8D0BAD0B020D13B
:1094000082D0B5D0BCD0BFD0B5D180D0B0D182D1C0
:1094100083D180D18B203220D0B7D0BED0BDD18BAC
:1094200000000000D09ED0B1D180D18BD0B220D02E
:10943000B220D186D0B5D0BFD0B820D0B4D0B0D172
:1094400082D187D0B8D0BAD0B020D182D0B5D0BC2C
:10945000D0BFD0B5D180D0B0D182D183D180D18BD3
:10946000203220D0B7D0BED0BDD18B00D09ED0B19D
:10947000D180D18BD0B220D0B220D186D0B5D0BF90
:10948000D0B820D0B2D0B5D0BDD182D0B8D0BBD169
:109490008FD182D0BED180D0B0203220D0B7D0BE04
:1094A000D0BDD18B00000000D09AD0BED180D0BEFC
:1094B000D182D0BAD0BED0B520D0B7D0B0D0BCD138
:1094C0008BD0BAD0B0D0BDD0B8D0B520D0B2D0B546
:1094D000D0BDD182D0B8D0BBD18FD182D0BED18007
:1094E000203320D0B7D0BED0BDD18B00D09AD0BE13
:1094F000D180D0BED182D0BAD0BED0B520D0B7D026
:10950000B0D0BCD18BD0BAD0B0D0BDD0B8D0B520FF
:10951000D0B4D0B0D182D187D0B8D0BAD0B020D119
:1095200082D0B5D0BCD0BFD0B5D180D0B0D182D19F
:1095300083D180D18B203320D0B7D0BED0BDD18B8A
:1095400000000000D09ED0B1D180D18BD0B220D00D
:10955000B220D186D0B5D0BFD0B820D0B4D0B0D151
:1095600082D187D0B8D0BAD0B020D182D0B5D0BC0B
:10957000D0BFD0B5D180D0B0D182D183D180D18BB2
:10958000203320D0B7D0BED0BDD18B00D09ED0B17B
:10959000D180D18BD0B220D0B220D186D0B5D0BF6F
:1095A000D0B820D0B2D0B5D0BDD182D0B8D0BBD148
:1095B0008FD182D0BED180D0B0203320D0B7D0BEE2
:1095C000D0BDD18B00000000D09AD0BED180D0BEDB
:1095D000D182D0BAD0BED0B520D0B7D0B0D0BCD117
:1095E0008BD0BAD0B0D0BDD0B8D0B520D0B2D0B525
:1095F000D0BDD182D0B8D0BBD18FD182D0BED180E6
:10960000203420D0B7D0BED0BDD18B00D09AD0BEF0
:10961000D180D0BED182D0BAD0BED0B520D0B7D004
:10962000B0D0BCD18BD0BAD0B0D0BDD0B8D0B520DE
:10963000D0B4D0B0D182D187D0B8D0BAD0B020D1F8
:1096400082D0B5D0BCD0BFD0B5D180D0B0D182D17E
:1096500083D180D18B203420D0B7D0BED0BDD18B68
:1096600000000000D09ED0B1D180D18BD0B220D0EC
:10967000B220D186D0B5D0BFD0B820D0B4D0B0D130
:1096800082D187D0B8D0BAD0B020D182D0B5D0BCEA
:10969000D0BFD0B5D180D0B0D182D183D180D18B91
:1096A000203420D0B7D0BED0BDD18B00D09ED0B159
:1096B000D180D18BD0B220D0B220D186D0B5D0BF4E
:1096C000D0B820D0B2D0B5D0BDD182D0B8D0BBD127
:1096D0008FD182D0BED180D0B0203420D0B7D0BEC0
:1096E000D0BDD18B00000000D09AD0BED180D0BEBA
:1096F000D182D0BAD0BED0B520D0B7D0B0D0BCD1F6
:109700008BD0BAD0B0D0BDD0B8D0B520D0B2D0B503
:10971000D0BDD182D0B8D0BBD18FD182D0BED180C4
:10972000203520D0B7D0BED0BDD18B00D09AD0BECE
:10973000D180D0BED182D0BAD0BED0B520D0B7D0E3
:10974000B0D0BCD18BD0BAD0B0D0BDD0B8D0B520BD
:10975000D0B4D0B0D182D187D0B8D0BAD0B020D1D7
:1097600082D0B5D0BCD0BFD0B5D180D0B0D182D15D
:1097700083D180D18B203520D0B7D0BED0BDD18B46
:1097800000000000D09ED0B1D180D18BD0B220D0CB
:10979000B220D186D0B5D0BFD0B820D0B4D0B0D10F
:1097A00082D187D0B8D0BAD0B020D182D0B5D0BCC9
:1097B000D0BFD0B5D180D0B0D182D183D180D18B70
:1097C000203520D0B7D0BED0BDD18B00D09ED0B137
:1097D000D180D18BD0B220D0B220D186D0B5D0BF2D
:1097E000D0B820D0B2D0B5D0BDD182D0B8D0BBD106
:1097F0008FD182D0BED180D0B0203520D0B7D0BE9E
:10980000D0BDD18B00000000D09DD0B0D0B3D0BD72
:10981000D0B5D182D0B0D182D0B5D0BBD18C20D040
:10982000B2D0BED0B7D0B4D183D185D0B020D0BD16
:10983000D0B520D0B2D180D0B0D189D0B0D0B5D100
:1098400082D181D18F000000D094D0B0D182D18755
:10985000D0B8D0BA20D182D0B5D0BCD0BFD0B5D18D
:1098600080D0B0D182D183D180D18B20D0BAD0BE6C
:10987000D180D0BFD183D181D0B020D0BDD0B52090
:10988000D0BCD0BED0B6D0B5D18220D0BED185D08C
:10989000BBD0B0D0B4D0B8D182D18CD181D18F001F
:1098A000D0A0D0BED0B7D0B6D0B8D0B320D0BDD025
:1098B000B520D183D0B4D0B0D0BBD181D18F00003E
:1098C000D09FD0BED0B2D18BD188D0B5D0BDD0BDC5
:1098D000D0BED0B520D0BDD0B0D0BFD180D18FD038
:1098E000B6D0B5D0BDD0B8D0B520D0BFD0B8D18219
:1098F000D0B0D0BDD0B8D18F00000000D09FD0BE76
:10990000D0BDD0B8D0B6D0B5D0BDD0BDD0BED0B50A
:1099100020D0BDD0B0D0BFD180D18FD0B6D0B5D0FF
:10992000BDD0B8D0B520D0BFD0B8D182D0B0D0BDD6
:10993000D0B8D18F00000000D09DD0B5D18220D109
:1099400081D0B2D18FD0B7D0B820D18120D0BFD0B4
:10995000BBD0B0D182D0BED0B920D180D0B0D1811F
:10996000D188D0B8D180D0B5D0BDD0B8D18F0000CB
:10997000D09ED188D0B8D0B1D0BAD0B020D0BFD08E
:10998000BED0BCD0BFD18B20D0BFD0BED0B4D0BE53
:10999000D0B3D180D0B5D0B2D0B0D182D0B5D0BB09
:1099A000D18F0000D09FD0B5D180D0B5D0B3D180B9
:1099B000D0B5D0B220D0BFD0BED0B4D0BED0B3D1FD
:1099C00080D0B5D0B2D0B0D182D0B5D0BBD18F00CD
:1099D000D092D0BED0B7D0BCD0BED0B6D0BDD18B87
:1099E000D0B920D0BFD0B5D180D0B5D0B3D180D040
:1099F000B5D0B220D0BFD0BED0B4D0BED0B3D1800D
:109A0000D0B5D0B2D0B0D182D0B5D0BBD18F00000C
:109A1000D09ED188D0B8D0B1D0BAD0B020D0B4D0F8
:109A2000B0D182D187D0B8D0BAD0B020D182D0B551
:109A3000D0BCD0BFD0B5D180D0B0D182D183D180BD
:109A4000D18B20D0B6D0B8D0B4D0BAD0BED181D1CD
:109A500082D0B820D0BFD0BED0B4D0BED0B3D180D9
:109A6000D0B5D0B2D0B0D182D0B5D0BBD18F0000AC
:109A7000D09ED0B1D180D18BD0B220D0B220D186AF
:109A8000D0B5D0BFD0B820D182D0BED0BFD0BBD04F
:109A9000B8D0B2D0BDD0BED0B3D0BE20D0BDD0B033
:109AA000D181D0BED181D0B000000000D09AD0BE0C
:109AB000D180D0BED182D0BAD0BED0B520D0B7D060
:109AC000B0D0BCD18BD0BAD0B0D0BDD0B8D0B5203A
:109AD000D0B220D186D0B5D0BFD0B820D182D0BEF0
:109AE000D0BFD0BBD0B8D0B2D0BDD0BED0B3D0BE26
:109AF00020D0BDD0B0D181D0BED181D0B000000087
:109B0000D0A1D0B0D0BCD0BED0B2D180D0B0D1899D
:109B1000D0B5D0BDD0B8D0B520D0BDD0B0D0B3D0A6
:109B2000BDD0B5D182D0B0D182D0B5D0BBD18F203D
:109B3000D0B2D0BED0B7D0B4D183D185D0B00000E0
:109B4000D09ED188D0B8D0B1D0BAD0B020D0B4D0C7
:109B5000B0D182D187D0B8D0BAD0B020D0BFD0B5E4
:109B6000D180D0B5D0B3D180D0B5D0B2D0B00000C4
:109B7000D09AD0BED180D0BED182D0BAD0BED0B51E
:109B800020D0B7D0B0D0BCD18BD0BAD0B0D0BDD05F
:109B9000B8D0B520D0B4D0B0D182D187D0B8D0BAA7
:109BA000D0B020D182D0B5D0BCD0BFD0B5D180D07C
:109BB000B0D182D183D180D18B20D0B1D0B0D0BAF6
:109BC000D0B00000D09ED0B1D180D18BD0B220D007
:109BD000B220D186D0B5D0BFD0B820D0B4D0B0D1CB
:109BE00082D187D0B8D0BAD0B020D182D0B5D0BC85
:109BF000D0BFD0B5D180D0B0D182D183D180D18B2C
:109C000020D0B1D0B0D0BAD0B0000000D09ED0B13A
:109C1000D180D18BD0B220D0B220D186D0B5D0BFE8
:109C2000D0B820D0B4D0B0D182D187D0B8D0BAD0FB
:109C3000B020D0BFD0BED182D0BED0BAD0B000004C
:109C4000D09AD0BED180D0BED182D0BAD0BED0B54D
:109C500020D0B7D0B0D0BCD18BD0BAD0B0D0BDD08E
:109C6000B8D0B520D0B220D186D0B5D0BFD0B820E2
:109C7000D0B4D0B0D182D187D0B8D0BAD0B020D0B3
:109C8000BFD0BED182D0BED0BAD0B000D09ED188D5
:109C9000D0B8D0B2D0BAD0B020D181D0B2D0B5D166
:109CA00087D0B820D0BDD0B0D0BAD0B0D0BBD0B063
:109CB00000000000D09DD0B8D0B7D0BAD0B8D0B98D
:109CC00020D183D180D0BED0B2D0B5D0BDD18C2030
:109CD000D0B6D0B8D0B4D0BAD0BED181D182D0B8AD
:109CE00000000000D09AD0BED180D0BED182D0BAC0
:109CF000D0BED0B520D0B7D0B0D0BCD18BD0BAD0E8
:109D0000B0D0BDD0B8D0B520D0B4D0B0D182D1873A
:109D1000D0B8D0BAD0B020D183D180D0BED0B2D00C
:109D2000BDD18F20D0B6D0B8D0B4D0BAD0BED181FA
:109D3000D182D0B800000000D09ED0B1D180D18BAC
:109D4000D0B220D0B220D186D0B5D0BFD0B820D0EC
:109D5000B4D0B0D182D187D0B8D0BAD0B020D1831E
:109D6000D180D0BED0B2D0BDD18F20D0B6D0B8D0A7
:109D7000B4D0BAD0BED181D182D0B800D09FD0B5F6
:109D8000D180D0B5D0B3D180D0B5D0B220D0BFD0A3
:109D9000BE20D0B0D0B1D181D0BED0BBD18ED0B892
:109DA000D0BDD0BED0BCD18320D0B7D0BDD0B0D133
:109DB00087D0B5D0BDD0B8D18E20D0B8D0BDD0B46A
:109DC000D0B8D0BAD0B0D182D0BED180D0B020D05F
:109DD000BFD0BBD0B0D0BCD0B5D0BDD0B800000093
:109DE000D09ED0B1D180D0BED18BD0B220D0B8D04F
:109DF000BDD0B4D0B8D0BAD0B0D182D0BED180D08E
:109E0000B020D0BFD0BBD0B0D0BCD0B5D0BDD0B8C2
:109E100000000000D09FD180D0B5D0B2D18BD188C6
:109E2000D0B5D0BDD0BE20D187D0B8D181D0BBD0E5
:109E3000BE20D181D180D18BD0B2D0BED0B220D0C3
:109E4000BFD0BBD0B0D0BCD0B5D0BDD0B800000022
:109E5000D09ED0B1D0BED180D0BED182D18B20D007
:109E6000BDD0B0D0B3D0BDD0B5D182D0B0D182D02A
:109E7000B5D0BBD18F20D0BDD0B520D181D0BED040
:109E8000BED182D0B2D0B5D182D181D182D0B2D16F
:109E900083D18ED18220D0B7D0B0D0B4D0B0D0BDD5
:109EA000D0BDD18BD0BC0000D09DD0B5D18220D107
:109EB00081D0B2D18FD0B7D0B820D18120D0BFD03F
:109EC000BED0B4D0BED0B3D180D0B5D0B2D0B0D196
:109ED00082D0B5D0BBD0B5D0BC000000D09AD0BEE7
:109EE000D0BDD184D0BBD0B8D0BAD18220D0BDD023
:109EF000B0D181D182D180D0BED0B9D0BAD0B82073
:109F0000D0B7D0BED0BD20D0B820D0BFD0BED0BC3E
:109F1000D0BF000049676E6974696F6E20312028D8
:109F2000616C7465726E2E206379636C6F67726109
:109F30006D29000049676E6974696F6E20322028B0
:109F4000616C7465726E2E206379636C6F677261E9
:109F50006D29000049676E6974696F6E2031202891
:109F60006D61696E206379636C6F6772616D290042
:109F700049676E6974696F6E203220286D61696E61
:109F8000206379636C6F6772616D290056656E742A
:109F9000696C6174696F6E206C6576656C20300049
:109FA000506F776572206C6576656C20300000001C
:109FB000506F776572206C6576656C2031300000DB
:109FC00056656E74696C6174696F6E206C65766538
:109FD0006C203100506F776572206C6576656C205F
:109FE0003100000056656E74696C6174696F6E2093
:109FF0006C6576656C203200506F776572206C65F9
:10A0000076656C203200000056656E74696C617470
:10A01000696F6E206C6576656C203300506F7765D4
:10A0200072206C6576656C203300000056656E7496
:10A03000696C6174696F6E206C6576656C203400A4
:10A04000506F776572206C6576656C203400000077
:10A0500056656E74696C6174696F6E206C657665A7
:10A060006C203500506F776572206C6576656C20CA
:10A070003500000056656E74696C6174696F6E20FE
:10A080006C6576656C203600506F776572206C6564
:10A0900076656C203600000056656E74696C6174DC
:10A0A000696F6E206C6576656C203700506F776540
:10A0B00072206C6576656C203700000056656E7402
:10A0C000696C6174696F6E206C6576656C20380010
:10A0D000506F776572206C6576656C2038000000E3
:10A0E00056656E74696C6174696F6E206C65766517
:10A0F0006C203900506F776572206C6576656C2036
:10A1000039000000536176696E67206461746100F4
:10A1100057616974696E6720636D64004D616E7587
:10A12000616C206D6F646500426F6F7374206D6F9A
:10A130006465000048656174696E6700476C6F77FD
:10A1400020706C75672068656174696E6700000037
:10A1500057616974696E6700426C6F77696E67203A
:10A160006265666F72652077616974696E67000069
:10A1700046616E207374617274696E67000000003E
:10A180005043422074657374696E6700426C6F7748
:10A19000696E6700426C6F77696E67206F6E20662C
:10A1A0006C616D6520627265616B000049676E2E9F
:10A1B00020627920707265732E206166746572204A
:10A1C000666C616D6520627265616B00426C6F77D1
:10A1D000206F6E20707772206F6E000056656E746F
:10A1E000696C6174696F6E0043616C69627261745D
:10A1F000696F6E004D6F746F722063616C6962727B
:10A200006174696F6E000000507265706172696EF2
:10A210006720666F722069676E6974696F6E0000EF
:10A220005368757474696E6720646F776E00000000
:10A2300057616974696E6720666F72207468652063
:10A2400074656D702E2064726F7000004D696464D7
:10A250006C6520706F776572000000004869676860
:10A2600020706F77657200004C6F7720706F776594
:10A2700072000000496E697469616C2064696167ED
:10A280006E6F737469637300426C6F77696E6720D9
:10A290006F6E206F7665726865617400426C6F77CF
:10A2A000696E67206F6E2073746172740000000025
:10A2B00057617465722070756D70206F6E6C7900D7
:10A2C0005455300049443100544431004843555FEF
:10A2D00054454D505F534849465431005455310060
:10A2E00049443200544432004843555F54454D5070
:10A2F0005F534849465432005455320049443300B4
:10A30000544433004843555F54454D505F534849CA
:10A310004654330054553300544434004843555F89
:10A3200054454D505F534849465434005455340009
:10A33000544435004843555F54454D505F53484998
:10A3400046543500545535005444360054553600B3
:10A35000544437004843555F554E444552464C4F90
:10A360004F525F48454154494E475F434F4E4E451B
:10A3700043544544000000004843555F454E47495B
:10A380004E455F505245484541545F434F4E4E4500
:10A390004354454400000000444953504C41595F28
:10A3A00053595354454D5F53544F524147455F4DA8
:10A3B0004F44450046414E5F4D414E55414C5F4D27
:10A3C0004F44450045434F5F4D4F4445000000005A
:10A3D00050524F544F5F4D4F444500004843555F26
:10A3E00054414E4B5F49474E4954494F4E5F535479
:10A3F0004F524147450000004843555F454C454D8D
:10A40000454E545F49474E4954494F4E5F53544F50
:10A4100052414745000000004843555F54414E4BB0
:10A420005F534554504F494E545F53544F52414728
:10A43000450000004843555F454C454D454E545F2F
:10A44000534554504F494E545F53544F5241474522
:10A45000000000005A4F4E45315F454E41424C4589
:10A46000000000005A4F4E45325F454E41424C4578
:10A47000000000005A4F4E45335F454E41424C4567
:10A48000000000005A4F4E45345F454E41424C4556
:10A49000000000005A4F4E45355F454E41424C4545
:10A4A00000000000444953504C41595F53595354E4
:10A4B000454D5F4C494D49545F574F524B54494DA0
:10A4C0004500000046414E535F50574D5F434F5289
:10A4D000524543545F54494D450000004457415490
:10A4E00045525F50415553450000000044495350C8
:10A4F0004C41595F5A4F4E45315F46414E5F4D4189
:10A500004E55414C5F56414C55450000444953500F
:10A510004C41595F5A4F4E45325F46414E5F4D4167
:10A520004E55414C5F56414C5545000044495350EF
:10A530004C41595F5A4F4E45335F46414E5F4D4146
:10A540004E55414C5F56414C5545000044495350CF
:10A550004C41595F5A4F4E45345F46414E5F4D4125
:10A560004E55414C5F56414C5545000044495350AF
:10A570004C41595F5A4F4E45355F46414E5F4D4104
:10A580004E55414C5F56414C55450000454C454D9C
:10A59000454E545F44495341424C494E47000000E8
:10A5A000444953504C41595F5A4F4E45315F4641E3
:10A5B0004E5F4D414E55414C000000004449535000
:10A5C0004C41595F5A4F4E45325F46414E5F4D41B7
:10A5D0004E55414C00000000444953504C41595FD6
:10A5E0005A4F4E45335F46414E5F4D414E55414CAB
:10A5F00000000000444953504C41595F5A4F4E45AA
:10A60000345F46414E5F4D414E55414C00000000C5
:10A61000444953504C41595F5A4F4E45355F46416E
:10A620004E5F4D414E55414C00000000454D4547A1
:10A6300052454E43595F5357495443485F4348413D
:10A640004E4E454C000000004D494E5F4C4951555F
:10A6500049445F4C4556454C0000000046414E3190
:10A660005F50574D5F4C494D0000000046414E324F
:10A670005F50574D5F4C494D0000000046414E333E
:10A680005F50574D5F4C494D0000000046414E342D
:10A690005F50574D5F4C494D0000000046414E351C
:10A6A0005F50574D5F4C494D0000000044415954E4
:10A6B000494D455F46524F4D000000005A4F4E45F0
:10A6C000315F50554D505F4E554D00005A4F4E452D
:10A6D000325F50554D505F4E554D00005A4F4E451C
:10A6E000335F50554D505F4E554D00005A4F4E450B
:10A6F000345F50554D505F4E554D00005A4F4E45FA
:10A70000355F50554D505F4E554D00005A4F4E45E8
:10A71000315F45585452415F50554D505F4E554D35
:10A72000000000005A4F4E45325F45585452415F79
:10A7300050554D505F4E554D000000005A4F4E454C
:10A74000335F45585452415F50554D505F4E554D03
:10A75000000000005A4F4E45345F45585452415F47
:10A7600050554D505F4E554D000000005A4F4E451C
:10A77000355F45585452415F50554D505F4E554DD1
:10A78000000000004D41494E5F4255524E45525F18
:10A790004E554D004843555F454E47494E455F5025
:10A7A0005245484541545F4455524154494F4E002B
:10A7B0004845415445525F4C49515549445F4947CA
:10A7C0004E4954494F4E00004843555F54414E4B4B
:10A7D0005F49474E4954494F4E0000004843555F7A
:10A7E000454C454D454E545F4F4E00004441595431
:10A7F000494D455F544F0000464C4F4F525F5055F6
:10A800004D500000454E47494E455F505245484522
:10A8100041545F50554D50004D4F444255535F4198
:10A82000445200004D414E55414C5F484F545F57D4
:10A830004154455200000000464C4F4F525F544572
:10A840004D505F53454E534F52000000454E47490F
:10A850004E455F505245484541545F54454D505F09
:10A8600053454E534F5200004843555F554E4445A3
:10A8700052464C4F4F525F48454154494E475F48FE
:10A880005953544552455349530000004843555FBE
:10A89000444546524F5354494E475F4859535445D7
:10A8A0005245534953000000434845434B494E47E6
:10A8B0005F5A4F4E455F46414E53000043414E5F45
:10A8C0004144445245535300545F554E495453003C
:10A8D0004845415445525F4C49515549445F4947A9
:10A8E0004E4954494F4E5F53000000004843555FA6
:10A8F00054414E4B5F49474E4954494F4E5F5300B8
:10A900004843555F54414E4B5F49474E5F4E494760
:10A9100048545F53000000004845415445525F4C85
:10A9200049515549445F534554504F494E545F5324
:10A93000000000004843555F54414E4B5F5345545F
:10A94000504F494E545F53004845415445525F4C67
:10A9500049515549445F49474E4954494F4E5F4418
:10A96000575F53004843555F54414E4B5F49474E34
:10A970004954494F4E5F44575F5300004845415486
:10A9800045525F50554D505F5748494C455F454EC5
:10A9900047494E455F4845415400000054494D45E4
:10A9A0005F464F524D4154004D41585F4241434B29
:10A9B0004C494748540000004843555F54414E4BB2
:10A9C0005F49474E5F4E494748540000425249474D
:10A9D00048544E4553535F4E4947485400000000C9
:10A9E0004845415445525F315F504F5745525F4C87
:10A9F000494D4954000000004845415445525F32DA
:10AA00005F504F5745525F4C494D4954000000007C
:10AA10004845415445525F335F504F5745525F4C54
:10AA2000494D4954000000004845415445525F34A7
:10AA30005F504F5745525F4C494D4954000000004C
:10AA40004845415445525F355F504F5745525F4C22
:10AA5000494D4954000000004845415445525F3675
:10AA60005F504F5745525F4C494D4954000000001C
:10AA70004845415445525F375F504F5745525F4CF0
:10AA8000494D49540000000050554D505F4F4E5FF6
:10AA9000454C454D454E54004845415445525F4C48
:10AAA00049515549445F534554504F494E54000055
:10AAB0004843555F554E444552464C4F4F525F48B0
:10AAC000454154494E475F534554504F494E5400F9
:10AAD0004843555F444546524F5354494E475F5390
:10AAE0004554504F494E54004843555F54414E4BD6
:10AAF0005F534554504F494E540000004843555F42
:10AB0000454E47494E455F505245484541545F5375
:10AB10004554504F494E54004843555F454C454DB0
:10AB2000454E545F534554504F494E540000000069
:10AB300046414E535F44545F535441525400000009
:10AB4000444953504C41595F54494D454F55540069
:10AB5000444953504C41595F5A4F4E45315F4E491D
:10AB60004748545F54000000444953504C41595FDA
:10AB70005A4F4E45325F4E494748545F54000000DB
:10AB8000444953504C41595F5A4F4E45335F4E49EB
:10AB90004748545F54000000444953504C41595FAA
:10ABA0005A4F4E45345F4E494748545F54000000A9
:10ABB000444953504C41595F5A4F4E45355F4E49B9
:10ABC0004748545F54000000444953504C41595F7A
:10ABD0005A4F4E45315F4441595F540044495350E8
:10ABE0004C41595F5A4F4E45325F4441595F5400C2
:10ABF000444953504C41595F5A4F4E45335F44418D
:10AC0000595F5400444953504C41595F5A4F4E4587
:10AC1000345F4441595F5400444953504C41595F9B
:10AC20005A4F4E45355F4441595F540048454154A1
:10AC300045525F4C49515549445F49474E49544933
:10AC40004F4E5F44570000004843555F54414E4B00
:10AC50005F49474E4954494F4E5F4457000000003A
:10AC60004843555F454C454D454E545F4F4E5F44FC
:10AC7000570000004252494748544E4553535F44E1
:10AC8000415900004457415445525F5052494F5278
:10AC90004954590010AD030800040020D0130000EF
:10ACA000C0010208A4B30308D0170020C846000062
:10ACB0001C020208B1B2FFFF6DB2FFFFB9B2FFFF85
:10ACC000ADB1FFFF89B1FFFF75B1FFFF49B2FFFFD3
:10ACD0008DB1FFFF49B1FFFFDDB1FFFF59B2FFFFAB
:10ACE00065B2FFFF71B2FFFFBDB1FFFF99B2FFFF79
:10ACF000A5B1FFFF89B1FFFFFDB1FFFF09B2FFFF63
:10AD00002DB1FFFFC1B1FFFFCDB1FFFFD9B1FFFFF3
:10AD10005184D8B805680901020304060708090C24
:10AD2000A910015D04C0400240021F05320C36C468
:10AD3000A203080313704782201AFF012143803FBA
:10AD4000320D5AE0240A157424320E5AFC240A15D6
:10AD50007824321245BCA803088BE12D2452064901
:10AD60002432154B54A42413441D332001290429F3
:10AD700058692432165A64241A45247202A9242AD6
:10AD800017AC59245A4648E92432185A84241A47E1
:10AD90002481A92432195A94240A1548242A1C4CC7
:10ADA0002CAB03086413301E33205532059A5A2405
:10ADB000321D4BDCA7241A32240A114D24321E4BBB
:10ADC00060AC241A34240A115024321F4B98AA2450
:10ADD0001A3624291CE92429A55AB06C1A38240AE9
:10ADE00011462432215A2C6C1A3A240A1152243268
:10ADF000225AE86C5A3C6CDA142432235AC86C5A32
:10AE00003E6CE92432245A486C5A426CE9243225BB
:10AE10001A842432041AC424812934692432264530
:10AE2000DCA403089AD0249AFF2432274BC0A26CDA
:10AE300013DC1D73200A9AC8242A281C59241ADE00
:10AE4000240A110F2432295AF8241AE02429B0E9DF
:10AE5000242A2AC84AA3241AE22472199AFA24320C
:10AE60002B5A2C241AE424721E3A2CD94924322C51
:10AE70005A44241AE62472239A5E24322D5A4C2412
:10AE80001AE82429C4419A90242A32A059B41ACE2F
:10AE9000240A1105B42A338859241AD0240A110A25
:10AEA000244234596C1AD2240A110F2432355A180C
:10AEB000241AD4240A1114FC32365A30241AD62407
:10AEC0000A1119FC32375A48241AD8240A111EFCD8
:10AED00032385A50241ADA240A1123FC323B45BC7A
:10AEE000A603081A8324819A0790323C5ACC241A6C
:10AEF0008424393FD924323D5ADC240A1585243272
:10AF00003E5AEC240A15862429055AFC240A158782
:10AF10002432405A5C241A8E2472509A642432419E
:10AF20005A6C240A158F2432425A7C240A15902424
:10AF300032435A8C240A15912432445A9C240A150F
:10AF40009224324536C4A40308021ABC245A2CD9D0
:10AF50008B8813242A46484AA94813CD432A202C1B
:10AF600029272908692432474BC8A8240A15CF2469
:10AF700032481AAC9032051323444B201C1D112A71
:10AF80009F11592432494BECA7241A25240B10B0E9
:10AF90000424324A4B74ACB41AE26C29D8DA0AD8C9
:10AFA000324B1ACCB429241AE4240A111424325F37
:10AFB0004BB4A3B41ACAFC8129B8692432632D307A
:10AFC000AB0308141AC8245A0F489AC82429542DD0
:10AFD00088AA0308AB13F01E4A2040C94832824BAE
:10AFE000A8A8240B14861C2432871A0CFC411A884A
:10AFF0006C3909314908492432885A24240A1589B0
:10B000002432895A3C240A158A24328A5A54240A42
:10B01000158B24328B5A6C240A158C24328C4BB835
:10B02000A9241A40FC323C32059A5A24428D5924F4
:10B030001A4E240A1137242A8E4C35A50308041A07
:10B040006224819A0124328F5AE04813311F732001
:10B05000039A092432905AF8240A15792432914B24
:10B0600010AA240A15C12432925A28240B1409204C
:10B07000242A93F459240A15512432945A58240A44
:10B0800015992432955A70240A15E12423F5011DDF
:10B09000C8AB0308071113621D332016320A9A2029
:10B0A000241AF61D5ADC240A1564241AF71D5AF0D6
:10B0B000240A1566241AF81D4B04AC240A156824CA
:10B0C0001AF91D5A18240A156A241AFA1D5A506CC6
:10B0D0001A6C240A1114241AFB1D5A68240A156ECE
:10B0E000241AFC1D5A80240A1570241AFD1D5A9832
:10B0F000240A1572241AFE1D5AB0240A157424233A
:10B10000080245ECA403081A762472329A64241AC1
:10B1100009244B0CA5240A1577241A0A245A2C2436
:10B120000A1578241A0B245A4C240A1579241A0C6F
:10B13000245A6C240A157A241A0D241AA0243204E5
:10B140001ABE248129E869241A0E245ABC240A153F
:10B15000BF241A0F245AD8240A15C0241A10245ABE
:10B16000F4240A15C1241A11244B10A6240A15C26E
:10B17000241A12241DA4A40308071113C2430B119F
:10B18000200CD81A131D4B40AB241AFC244A2C4126
:10B19000113A680849241A141D4B98A36C1A6324A9
:10B1A00009126C1A1C241A346C291413521E7320B1
:10B1B000379A5A241A1D241AF84829241A54240AA2
:10B1C000112D241A1E245A18480A1556481A1F24ED
:10B1D0005ADC481A58240A111E241A20245A54B43E
:10B1E0001AD4240912B41A21244BB0AA485ADA48B6
:10B1F0002A033C99241A22244B68A8241ADE2432FC
:10B20000051913119A0A241A23115A786C0A15E2A7
:10B210006C1A24241AFC6C293C1AE8247250490840
:10B2200049241A251D4B94A7241AEA245A3C682A5B
:10B23000AA7559241A261D5AD0B41A5E2429202929
:10B24000B429BC69241A27245A8CB40A1560B41A8C
:10B2500028114BCCA22413EE1D7320197A32241C22
:10B26000C8C129245AE8240A15F0241A2A241A04E9
:10B27000FC29240A15F2241A2B245A1C240A15F43A
:10B28000241A2C245A34240A15F6241A2D2445F89D
:10B29000A703085ADCD8419A07D81A2E241A38FC7A
:10B2A000411AE024491CC9FC2A2FB459241AEC2461
:10B2B0000A1106481A30245A4C241AED243909D9A7
:10B2C000481A32244B48A62413F71C732003495014
:10B2D00049241A3324367CA90308041AE54829E0D6
:10B2E00041490849241A34241AA82441130C442A39
:10B2F00020F429689A64241A35241A182429381A43
:10B300004448325532059A5A241A36241AD0B429A0
:10B31000241A46240A1141242A37B459481A4824C9
:10B320000A114C241A38245A34245A4A6CDA142448
:10B330001A39245AEC6C5A4C6CE9241A3A245A648F
:10B34000485A506CE9241A3B241A244832041AC57E
:10B350002481293469241A3C24452CA6030813901F
:10B36000042A20B02920290869241A3E244B84A7E6
:10B37000249AF3489A06241A4D244BC4A36C0A1548
:10B38000F16C1A4E241AD024410B145A44241A4F3B
:10B39000241A18B4411A5C24291C29049AF72401A0
:04B3A0004000000069
:020000040803EF
:0CFFC0005555555555557D0000100000AA
:040000050802018567
:00000001FF
