:020000040800F2
:108000004142202020202020FFFFFFFFFFFFFFFF35
:10801000FFFFFFFFFFFFFFFFFFFFFFFFFFFFFFFF70
:10802000FFFFFFFFFFFFFFFFFFFFFFFFFFFFFFFF60
:10803000FFFFFFFFFFFFFFFFFFFFFFFFFFFFFFFF50
:10804000FFFFFFFFFFFFFFFFFFFFFFFFFFFFFFFF40
:10805000FFFFFFFFFFFFFFFFFFFFFFFFFFFFFFFF30
:10806000FFFFFFFFFFFFFFFFFFFFFFFFFFFFFFFF20
:10807000FFFFFFFFFFFFFFFFFFFFFFFFFFFFFFFF10
:10808000FFFFFFFFFFFFFFFFFFFFFFFFFFFFFFFF00
:10809000FFFFFFFFFFFFFFFFFFFFFFFFFFFFFFFFF0
:1080A000FFFFFFFFFFFFFFFFFFFFFFFFFFFFFFFFE0
:1080B000FFFFFFFFFFFFFFFFFFFFFFFFFFFFFFFFD0
:1080C000FFFFFFFFFFFFFFFFFFFFFFFFFFFFFFFFC0
:1080D000FFFFFFFFFFFFFFFFFFFFFFFFFFFFFFFFB0
:1080E000FFFFFFFFFFFFFFFFFFFFFFFFFFFFFFFFA0
:1080F000FFFFFFFFFFFFFFFFFFFFFFFFFFFFFFFF90
:020000040802F0
:10000000F054002081020208F1230208E1220208D4
:10001000D5230208850E02089D3102080000000069
:10002000000000000000000000000000F5270208AA
:10003000051C020800000000A12402084D28020847
:100040009B0202089B0202089B0202089B02020814
:100050009B0202089B0202089B0202089B02020804
:100060009B0202089B0202089B0202089B020208F4
:100070009B0202089B0202089B0202089B020208E4
:100080009B0202089B0202089B0202081110020850
:10009000A10E02089B020208010F02089B0202083F
:1000A0009B0202089B0202089B0202089B020208B4
:1000B0009B020208A92902089B0202089B0202086F
:1000C0009B0202089B0202089B0202089B02020894
:1000D0009B0202089B0202089B020208552E02089E
:1000E0001D1C02089B0202089B0202089B020208D8
:1000F0009B0202089B0202089B0202089B02020864
:100100009B0202089B0202089B0202089B02020853
:100110009B0202089B0202089B0202089B02020843
:10012000551902089B0202089B0202089B02020862
:100130009B0202080000000000000000B511020848
:100140009B02020845100208A51002089B02020843
:100150009B0202089B0202089B0202089B02020803
:100160009B0202089B0202089B0202089B020208F3
:100170009B0202089B020208000000000000000031
:100180009B02020800F002F800F06AF80AA090E86A
:10019000000C82448344AAF10107DA4501D100F042
:1001A0005FF8AFF2090EBAE80F0013F0010F18BFA5
:1001B000FB1A43F001031847188A0100388A01002E
:1001C0000A444FF0000C10F8013B13F0070408BF7D
:1001D00010F8014B1D1108BF10F8015B641E05D01B
:1001E00010F8016B641E01F8016BF9D113F0080FD0
:1001F0001EBF10F8014BAD1C0C1B09D16D1E58BF62
:1002000001F801CBFAD505E014F8016B01F8016B98
:100210006D1EF9D59142D6D370470000002300240B
:1002200000250026103A28BF78C1FBD8520728BF06
:1002300030C148BF0B607047642900F0BF8075294A
:1002400000F0BC80782900F0F580732900F063830A
:10025000002070471FB500F0BBFA1FBD10B510BDE0
:1002600000F05DFB1146FFF7F5FF15F047F800F0D1
:100270007BFB03B4FFF7F2FF03BC00F083FB00003D
:100280000948804709480047FEE7FEE7FEE7FEE72A
:10029000FEE7FEE7FEE7FEE7FEE7FEE70448054966
:1002A000054A064B704700004D29020885010208E7
:1002B000F0420020F0540020F0440020F0440020E0
:1002C0000FB41CB5074B06AA7B44694600900598FD
:1002D00000F0EFFA0020694600F0FEFA1CBC5DF861
:1002E00014FB00000D0600000FB41CB50C0007AA9B
:1002F000009001D02044401E074B7B44694601908A
:10030000069800F0D6FA002C03D06946002000F0D1
:10031000E3FA1CBC5DF814FBE505000070B504466B
:1003200085690068C10601D5302600E02026C00797
:1003300007D070BDD4E9012130469047206A401CA7
:1003400020626D1EF6D570BD70B5044685690078D3
:10035000C00707D170BDD4E9012120209047206A51
:10036000401C20626D1EF6D570BD70B50C4605466A
:10037000012A05D02878800600D5EA69002302E02A
:10038000012305E05B1C934202D2E05C0028F9D116
:10039000A869E618C01AA861286A18442862284685
:1003A000FFF7BCFF04E0D5E9012114F8010B9047E9
:1003B000B442F8D32846FFF7C7FF70BD2DE9F041DE
:1003C0000646002410687529314616A510D0AFF3F3
:1003D0000080002802DA404213A507E031688A074E
:1003E00001D512A502E0490704D511A5012401E0B9
:1003F000AFF3008000210A2206F1240709E0B0FBD8
:10040000F2FCB0FBF2F302FB1C00303078541846CB
:10041000491C0028F3D123462A463046BDE8F04166
:1004200000F0E8B9000000002D0000002B000000E3
:100430002000000070B504460D4621461068AFF359
:1004400000802188090502D50F4A7A4402E00E4A4D
:100450007A440E32002104F1240305E000F00F0677
:100460000009965D5E54491C0028F7D120780023CE
:10047000000704D5702D02D009B1022311322046A5
:10048000BDE8704000F0B6B9406B01002DE9F05FA7
:10049000894604464FF0000ADFF824B1FB44C0F857
:1004A00020A02046E168884700287DD0252806D076
:1004B000D4E901219047206A401C2062F1E7002521
:1004C0005F462046E16888472028064607DB312E34
:1004D00005D2B81910F8200C08B10543F1E7A807B8
:1004E00001D525F00405C4F81CA00027C4F818A005
:1004F0002A2E09D0304614F039FA38B304EB8708B5
:10050000303EC8F8186019E059F8041B204604EB87
:1005100087029161E1688847012F064618D1E0699A
:10052000002820DA25F020051DE0D8F8180000EB9F
:10053000800006EB40003038C8F818002046E1681B
:100540008847064614F012FA0028EED1012F0AD08F
:100550002E2E08D12046E16888477F1C0646022FD0
:1005600045F02005C4DBA069002803DA404245F0CD
:100570000105A061E80701D025F01005A6B1A6F19C
:100580004100192802D8203645F400654A46314614
:10059000204625604D46FFF74FFE60B1012807D089
:1005A000ED1D25F0070000E007E000F1080978E7FD
:1005B00005F1040975E730467AE7206ABDE8F09F47
:1005C000166B010010B5431C02E010F8011B71B15D
:1005D0008107FAD14FF0013202C88C1A8C4314EA19
:1005E000C211F9D0C01A0A0603D0C01E10BDC01A2D
:1005F00010BD0A0401D0801E10BD0902FCD0401EAF
:1006000010BD421E12F8013F002BFBD111F8013B37
:10061000002B02F8013BF9D17047032A40F23080E9
:1006200010F0030C00F0158011F8013BBCF1020F33
:10063000624498BF11F801CB00F8013B38BF11F8B4
:10064000013BA2F1040298BF00F801CB38BF00F8CB
:10065000013B11F0030300F02980083AC0F0088044
:1006600051F8043B083A51F804CBA0E80810F5E72C
:10067000121D5CBF51F8043B40F8043BAFF300800F
:10068000D20724BF11F8013B11F801CB48BF11F884
:10069000012B24BF00F8013B00F801CB48BF00F854
:1006A000012B704701B5FFF7B8FF01BD10B5203A27
:1006B000C0F00B80B1E81850203AA0E81850B1E81B
:1006C0001850A0E81850BFF4F5AF5FEA027C24BFD1
:1006D000B1E81850A0E8185044BF18C918C0BDE8C8
:1006E00010405FEA827C24BF51F8043B40F8043B91
:1006F00008BF7047D20728BF31F8023B48BF11F846
:10070000012B28BF20F8023B48BF00F8012B70479F
:1007100001F0FF03114601B543EA032242EA024217
:1007200000F00BF801BD02F0FF0343EA032242EAA6
:10073000024200F002B84FF000020429C0F012801B
:1007400010F0030C00F01B80CCF1040CBCF1020F84
:1007500018BF00F8012BA8BF20F8022BA1EB0C0159
:1007600000F00DB85FEAC17C24BF00F8012B00F84F
:10077000012B48BF00F8012B70474FF0000200B575
:10078000134694469646203922BFA0E80C50A0E8B4
:100790000C50B1F12001BFF4F7AF090728BFA0E862
:1007A0000C5048BF0CC05DF804EB890028BF40F82E
:1007B000042B08BF704748BF20F8022B11F0804F70
:1007C00018BF00F8012B7047704770477047000052
:1007D00070B5064C7C44064D7D4403E020682044FF
:1007E0008047241DAC42F9D170BD0000188401007F
:1007F0006C8401002DE9F0470D4699469246044667
:1008000000F124080168880604D5E06921F0100190
:10081000216000E00120A84201DD471B00E0002725
:10082000A1697A1902EB0900081AA0612078C006B4
:1008300002D42046FFF772FD002608E0D4E901212A
:100840001AF806009047206A401C761C20624E452C
:10085000F4DB2078C0060AD52046FFF75FFD06E0EE
:10086000D4E9012130209047206A401C2062381EC4
:10087000A7F10107F4DC07E0D4E9012118F805002D
:100880009047206A401C2062281EA5F10105F3DC78
:100890002046FFF759FD2078000602D50220BDE86A
:1008A000F0870120FBE7000001694A1C026108781B
:1008B000704700B58FB0CDE90131002105910549A0
:1008C0007944CDE9031011466846FFF7DFFD0FB00C
:1008D00000BD0000E5FFFFFF0A6802F8010B0A6097
:1008E0007047D1E900239A4202D2531C0B6010706A
:1008F000704710B5436913B1AFF3008001E0FFF713
:1009000034FD012010BD127800F124010A7000228C
:100910004A700122EDE711684FF0FF32E9E77546B2
:1009200000F02CF8AE4605006946534620F007005B
:10093000854618B020B5FFF7B1FCBDE820404FF068
:1009400000064FF000074FF000084FF0000B21F0B9
:100950000701AC46ACE8C009ACE8C009ACE8C00986
:10096000ACE8C0098D46704710B50446AFF300806F
:100970002046BDE81040FFF77CBC000000487047EF
:100980008C42002001491820ABBEFEE72600020081
:10099000704721B1826842F00102826003E0826800
:1009A00022F00102826070470021084A1168084A5B
:1009B0001140D0E900231A4383681A43C3681A43DD
:1009C0001143044AC2F80413704700000423014095
:1009D000E030FCFF002001400021016041608160A7
:1009E000C160704721B1826842F48072826003E086
:1009F000826822F480728260704721B1826842F47A
:100A00000072826003E0826822F4007282607047A4
:100A100030B50246002000235068104C20400D796C
:100A20000C6844EA05242043506090680C4C204038
:100A3000D1E903542C438D682C434D7944EA450495
:100A400020439060D06A20F470000C7D641EE4B2F4
:100A5000234340EA0350D06230BD0000FFFEFFFC9C
:100A6000FDF7FFC0F0B504460D4600200021092D1A
:100A700011DDE068A5F10A0606EB4607072606FA2F
:100A800007F18843A5F10A0606EB460603FA06F1CC
:100A90000843E0600CE0206905EB4507072606FAED
:100AA00007F1884305EB450603FA06F10843206188
:100AB000072A0FDA606B561E06EB86071F2606FA1A
:100AC00007F18843561E06EB860605FA06F1084331
:100AD000606322E00D2A0FDA206BD61F06EB860733
:100AE0001F2606FA07F18843D61F06EB860605FA8D
:100AF00006F10843206310E0E06AA2F10D0606EB60
:100B000086071F2606FA07F18843A2F10D0606EBB9
:100B1000860605FA06F10843E062F0BD816841F0FF
:100B200080418160704700210160017141718160E5
:100B3000C1600161012101757047000038B10849A9
:100B4000096841F40001074AC2F8041306E00449A9
:100B5000096821F40001034AC2F804137047000039
:100B6000042301400020014038B10849096841F4DC
:100B70008001074AC2F8041306E00449096821F419
:100B80008001034AC2F804137047000004230140A7
:100B90000020014010B592B026A2D2E901311068C0
:100BA000D268CDE90F3111920E9026A3D3E900202F
:100BB000D3E902130BAC0BC40A9226A30FCB06ACED
:100BC0000FC42848072301220EA90090022014F028
:100BD0008BF8044604B12BE02348012110220023A6
:100BE000CDE90232CDE90023CDE9041014230AAA8D
:100BF00002211C48008814F007F8044604B117E0ED
:100C00001A4801211022CDE90212CDE9041000207A
:100C10000C21142306AACDE90010022111480088F6
:100C200013F0F2FF044604B102E0002012B010BD40
:100C30004720FBE7669A0C200008969EE2119EB1C1
:100C4000E0F273D9669A0C200008969EE2119EB1DC
:100C5000E1F273D9669A0C200008969EE2119EB1CB
:100C6000E2F273D9C8120020CA120020CC12002070
:100C700070B504460E4615460A480088401C84425A
:100C800004D13146284614F053FC0AE00648008897
:100C9000801C844205D12878012802D1034981F8BB
:100CA000EE0070BDCC120020CA120020F03D0020E2
:100CB00010B5064AB2F80C11D2F8040101F0A5F9FA
:100CC000012800D110BD0020FCE70000F03D00200D
:100CD00010B50B4AB2F80811D2F8FC0001F09EF9E9
:100CE000052108480EF014F9054AB2F80811D2F8A7
:100CF000FC0001F095F9052102480EF009F910BD3C
:100D0000F03D0020C0160020F0B587B007460E4623
:100D10000025FF20069023A103C9CDE90301234A42
:100D2000B2F80A11D2F8000101F078F90F2005237A
:100D300001AA03A900901E4802F0D2FF9DF804000A
:100D400002281BD19DF807009DF8081040EA0124F5
:100D5000002C13DDB44200DD344600250CE00F20EA
:100D6000012305AA06A90090114802F0B9FF9DF8D9
:100D700014007855681CC5B2A542F0DB0B4AB2F8E6
:100D80000A11D2F8000101F04BF90020009003E0B5
:100D900000BF0098401C009000980228F8DB28460D
:100DA00007B0F0BD0B00000000000000F03D002087
:100DB0006C3F00202DE9F043C5B006468846144636
:100DC0001D464FF00009002728A103C94491439014
:100DD00028A103C94291419002F044FD1FB102F0E5
:100DE00043FF02F0DBFA254AB2F80A11D2F80001FB
:100DF00001F014F90F20052341AA43A900902048CF
:100E000002F06EFF0FB102F04BFE9DF804010228C4
:100E10001CD19DF805016119884214DB002C07DD07
:100E20000F20234601AA31460090154802F058FFD2
:100E3000002D0DDD0F202B4601AA414600901048E1
:100E400002F04EFF04E06FF0010901E04FF0FF39BE
:100E50000A4AB2F80A11D2F8000101F0E1F802F0F2
:100E6000A5FC484645B0BDE8F08300000A0000003C
:100E700000000000AA00000000000000F03D00207B
:100E80006C3F002005480068D0F86002401C034910
:100E90000968C1F8600200BFFEE700008804002076
:100EA00010B51D2113480DF0F7FF0221124800F084
:100EB000ABFA60B1114A00210F4800F01FFC0F4847
:100EC00020380DF016FE02210B4800F0A9F9102180
:100ED000094800F099FA60B1084A0121064800F07B
:100EE0000DFC064820380DF004FE1021024800F0E9
:100EF00097F910BDC016002000640040782700203C
:100F000010B51F213D480DF0C7FF4FF400413C488C
:100F100000F07AFA012851D1C103394800F080F974
:100F20004FF48071364800F06FFA01280AD10102AF
:100F3000334800F075F93348B0F89409401C314942
:100F4000A1F894094FF400712D4800F05DFA0128D2
:100F50000BD141022A4800F063F92A48B0F89609FB
:100F6000401C81B22748A0F896194FF480612448AC
:100F700000F04AFA01280BD18102214800F050F913
:100F80002048B0F89809401C81B21E48A0F8981972
:100F90004FF400611A4800F037FA01282DD1C10240
:100FA000174800F03DF9164800F0BEFA1549A1F8BF
:100FB0009A091549124800F017F91EE04FF48031E4
:100FC0000F4800F021FA012807D101040C4800F075
:100FD00027F90E490A4800F007F94FF40031084894
:100FE00000F012FA012808D14104054800F018F970
:100FF00006490A31024800F0F7F810BDC01600207B
:1010000000640040582700207000F03008000031D4
:1010100010B51C2108480DF03FFF0121074800F0E2
:10102000F3F9012806D10121044800F0F9F8012064
:101030000349087210BD0000C01600200064004083
:101040005827002010B5482113480DF025FF022134
:10105000124800F0D9F960B1114A00210F4800F0A0
:101060004DFB0F481C380EF009F902210B4800F027
:10107000D7F81021094800F0C7F960B1084A0121EA
:10108000064800F03BFB06481C380EF0F7F810212C
:10109000024800F0C5F810BDC016002000680040EE
:1010A000CC1D002010B549213D480DF0F5FE4FF450
:1010B00000413C4800F0A8F9012851D1C10339484A
:1010C00000F0AEF84FF48071364800F09DF9012829
:1010D0000AD10102334800F0A3F83348B0F8900970
:1010E000401C3149A1F890094FF400712D4800F0DF
:1010F0008BF901280BD141022A4800F091F82A48C7
:10110000B0F89209401C81B22748A0F892194FF418
:101110008061244800F078F901280BD18102214830
:1011200000F07EF82048B0F89409401C81B21E48B7
:10113000A0F894194FF400611A4800F065F90128ED
:101140002DD1C102174800F06BF8164800F0ECF9F9
:101150001549A1F896091549124800F045F81EE016
:101160004FF480310F4800F04FF9012807D10104F6
:101170000C4800F055F80E490A4800F035F84FF4D5
:101180000031084800F040F9012808D14104054821
:1011900000F046F806490A31024800F025F810BD73
:1011A000C016002000680040B01D00207000F03024
:1011B0000800003110B5462108480DF06DFE0121F0
:1011C000074800F021F9012806D10121044800F068
:1011D00027F801200349487110BD0000C016002007
:1011E00000680040B01D002000220C4B994202D143
:1011F0000023836111E0C1F3130201F000730BB10E
:10120000C2600AE001F080630BB1026105E001F009
:1012100000630BB1826000E0426070477000F03004
:10122000B1F5007F3AD00FDC202928D006DC012957
:101230001CD004291DD0082940D11DE0402921D00F
:10124000B1F5807F3AD126E0B1F5004F31D006DC10
:10125000B1F5806F25D0B1F5006F2FD124E0B1F545
:10126000803F12D0B1F5003F28D111E0154A8260CD
:1012700025E00822C26022E01022C2601FE008229E
:1012800002611CE01022026119E00822426016E0AF
:101290001022426013E00422426010E00422426007
:1012A0000DE0042242600AE00022826104224260D2
:1012B00005E0002282610422426000E000BF00BF1E
:1012C000704700000101010010B504460B4884423C
:1012D00009D10121480601F00FF900214FF00070FB
:1012E00001F00AF908E00121880601F005F9002162
:1012F0004FF0806001F000F910BD00000064004074
:1013000010B50021837A012202FA03F13D4A1268E6
:1013100042F001023B4B1A603A4A1C3212688A437F
:10132000384B1C331A60027BCAB9364A0C32126839
:101330008A43344B0C331A604288C38842EA034321
:10134000304A4032847A42F834300288838842EA54
:1013500003432C4A4032847A02EBC4025360027B7E
:10136000012A19D1274A0C3212680A43254B0C3343
:101370001A604288038842EA0343224A4032847A50
:1013800042F83430C288838842EA03431D4A40321F
:10139000847A02EBC4025360C27A3AB9194A121D28
:1013A00012688A43174B1B1D1A6006E0154A121D6E
:1013B00012680A43134B1B1D1A60028932B9114A85
:1013C000143212688A430F4B14331A600289012ABF
:1013D00006D10C4A143212680A430A4B14331A60BD
:1013E000427B012A06D1074A1C3212680A43054B88
:1013F0001C331A60034A126822F00102014B1A6082
:1014000010BD00000066004070B504460D46002681
:1014100060692840002871D0B5F5807F5CD010DC71
:10142000082D35D006DC012D20D0022D24D0042D2E
:1014300072D127E0102D31D0202D35D0402D6BD129
:1014400038E0B5F5004F60D009DCB5F5007F49D034
:10145000B5F5806F4CD0B5F5006F5DD14FE0B5F5B7
:10146000803F2DD0B5F5003F56D12FE0A0682D4923
:1014700002F068F9064651E0E068032102F062F9E3
:1014800006464BE0E068082102F05CF9064645E0BC
:10149000E068102102F056F906463FE0206903217A
:1014A00002F050F9064639E02069082102F04AF9B5
:1014B000064633E02069102102F044F906462DE08B
:1014C0006068082102F03EF9064627E060681021B6
:1014D00002F038F9064621E0A069012102F032F954
:1014E00006461BE0A069022102F02CF9064615E031
:1014F000A069042102F026F906460FE00FE0A0697A
:10150000702102F01FF9064608E06068042102F02D
:1015100019F9064602E0FFE7002600BF00E00026BA
:10152000304670BD01010100014600208A6902F0C9
:10153000700070471AB143690B43436102E043698D
:101540008B434361704730B5024600200023146886
:1015500024F002041460146844F00104146000E0F4
:101560005B1C546804F001041CB94FF6FF74A342DD
:10157000F6D1546804F001040CB900206CE08C79B9
:10158000012C04D1146844F08004146003E0146852
:1015900024F080041460CC79012C04D1146844F048
:1015A0004004146003E0146824F0400414600C7AD2
:1015B000012C04D1146844F02004146003E0146882
:1015C00024F0200414604C7A012C04D1146844F0F7
:1015D0001004146003E0146824F0100414608C7A82
:1015E000012C04D1146844F00804146003E014686A
:1015F00024F008041460CC7A012C04D1146844F05F
:101600000404146003E0146824F0040414608C786B
:10161000A407CD7844EA05640D7944EA05444D7980
:1016200044EA05540D886D1E2C43D461146824F0DF
:1016300001041460002300E05B1C546804F0010402
:101640001CB14FF6FF74A342F6D1546804F00104B4
:101650000CB1002000E0012030BD10B502460B4661
:1016600000204FF6FF71BBB9146824F0020444F067
:101670000104146000E0491E546804F00304012CC6
:1016800001D00029F7D1546804F00304012C01D0E3
:10169000002032E0012030E0012B13D1146824F047
:1016A0000304146000E0491E546804F003040CB104
:1016B0000029F8D1546804F003040CB100201CE0A8
:1016C00001201AE0022B17D1146824F0010444F021
:1016D0000204146000E0491E546804F00304022C64
:1016E00001D00029F7D1546804F00304022C01D082
:1016F000002002E0012000E0002010BD10B500F540
:10170000D87303EB01131B6803F004031372137AFD
:1017100053B900F5D87303EB01131B6840F2FF7453
:1017200004EA5353136009E000F5D87303EB011387
:101730001B686FF0604404EAD303536000F5D8736C
:1017400003EB01131B6803F00203537200F5D87317
:1017500003EB01135B6803F00F03937200F5D8737A
:1017600003EB01135B681B0AD37400F5D87303EB1A
:1017700001139B68D37200F5D87303EB01139B68C8
:101780001C0A147300F5D87303EB01139B681C0C3F
:10179000547300F5D87303EB01139B681B0E93730E
:1017A00000F5D87303EB0113DB68D37300F5D8732E
:1017B00003EB0113DB681C0A147400F5D87303EB08
:1017C0000113DB681C0C547400F5D87303EB011390
:1017D000DB681B0E937421B9C36843F02003C36018
:1017E00003E0036943F02003036110BD0021817110
:1017F000C171017241728172C1728170C170032125
:1018000001710221417101210180704710B502462A
:101810000020936803F08063B3F1806F00D110E083
:10182000936803F00063B3F1006F01D1012008E079
:10183000936803F08053B3F1805F01D1022000E090
:101840000420042874D002F5C07303EB00131B6856
:1018500003F0010402F5C07303EB00131C600B7A64
:101860007BB94B7A0C8843EA445302F5C07404EB0D
:1018700000142468234302F5C07404EB00142360B1
:1018800010E00B7A4C6843EAC4034C7A234302F518
:10189000C07404EB00142468234302F5C07404EB05
:1018A000001423608B7A03F00F038B7202F5C07370
:1018B00003EB00135B6823F00F0402F5C07303EB26
:1018C00000135C6002F5C07303EB00135B688C7A55
:1018D000234302F5C07404EB001463608B7B1C0689
:1018E0004B7B44EA03440B7B44EA0323CC7A234337
:1018F00002F5C07404EB0014A3608B7C1C064B7CC7
:1019000044EA03440B7C44EA0323CC7B234302F5E3
:10191000C07404EB0014E36002F5C07303EB001322
:101920001B6843F0010402F5C07303EB00131C6055
:1019300010BD000029B1064A92680243044B9A6028
:1019400004E0034A92688243014B9A6070470000AA
:10195000002004E010B5412106480DF09DFA06492B
:10196000064800F0DFF818B10349044800F008F811
:1019700010BD0000C016002020800010106402403E
:101980000246094B9A4201D2084801E00648103845
:1019900001F000531BB1064B0B40C36002E0044B47
:1019A0000B408360704700001064024000600240FA
:1019B0007D0F7D0F21B1026842F00102026003E059
:1019C000026822F00102026070470000016821F005
:1019D000010101600021016041608160C16001611D
:1019E000212141614A49884204D13D21484A103AA7
:1019F00091608CE046491831884205D14FF47461FA
:101A0000434A103A916082E041493031884205D121
:101A10004FF474113E4A103A916078E03C494831E5
:101A2000884205D14FF07461394A103A91606EE0F6
:101A300037496031884204D13649354A103AD1607D
:101A400065E033497831884204D13349304A103A4D
:101A5000D1605CE02E499031884204D12F492C4A54
:101A6000103AD16053E02A49A831884205D14FF09D
:101A70003D51274A103AD16049E02949884204D1B2
:101A80003D21274A083A116041E025491831884232
:101A900005D14FF47461224A083A116037E02049B9
:101AA0003031884205D14FF474111D4A083A116053
:101AB0002DE01B494831884205D14FF07461184A26
:101AC000083A116023E016496031884204D1114977
:101AD000134A121F11601AE011497831884204D16B
:101AE0000D490F4A121F116011E00D4990318842D3
:101AF00004D10A490A4A121F116008E00849A831B6
:101B0000884204D14FF03D51054A121F11607047C1
:101B1000106002403D000020400F002000003D20EA
:101B20001064024070B50246002000240025124EC9
:101B3000B24201D2114B01E00F4B103B104E0E4050
:101B400036B11E2606EAD124166806EA040502E02C
:101B5000566906F0800501F000560EB15C6800E0A1
:101B60001C68084E344004EA010616B10DB101208C
:101B700000E0002070BD00001064024000600240E0
:101B80003C0F3C0F7D0F7D0F10B500220268134BF8
:101B90001A40CC680B6823434C6923438C69234368
:101BA000CC6923430C6A23434C6A23438C6A234346
:101BB0004C6B23438C6B23431A430260426922F02F
:101BC0000702D1E90B3423431A4342610B69436096
:101BD0004B6883608B68C36010BD00003F801CF0C1
:101BE0000021016041608160C160016141618161EA
:101BF000C161016241628162C162016341638163CB
:101C00007047000004480068D0F86C02401C02498C
:101C10000968C1F86C0270478804002010B53121B2
:101C200003480DF039F9034811F08BFE10BD000098
:101C3000C0160020F03D00200149086070470000F8
:101C4000143C0140014600200022074B1B6803EAB8
:101C50000102054B14331B680B4013B10AB101207C
:101C600000E0002070470000003C014000212349B3
:101C70008279002A3AD00A46126803689A430B46D2
:101C80001A600A1D126803689A430B1D1A600279D4
:101C900011440A6803681A430A60184A0832126835
:101CA00003689A43154B08331A601A1D12680368BB
:101CB0009A43124B0C331A604279102A0ED11A1F24
:101CC000126803681A430D4B08331A601A1D126814
:101CD00003681A43094B0C331A600DE00749427937
:101CE00011440A6803681A430A6005E00279114446
:101CF0000A6803689A430A6070470000003C01408C
:101D00000021016001710C21417100218171704736
:101D100001490860704700000C3C024070B5044661
:101D20000A460026082502B909E0012A01D1160257
:101D300005E0022A01D1160201E04FF4407600F0DE
:101D4000B1F80546082D28D11548006820F44070E8
:101D50001349086008460068304308600846006878
:101D600020F0F80008600846006844F002010843CB
:101D70000B4908600846006840F48030086000F0B5
:101D800091F805460648006820F002000449086002
:101D90000846006820F0F8000860284670BD000082
:101DA000103C024008201049096801F48031B1F567
:101DB000803F01D1012015E00B49096801F01001B5
:101DC00009B105200EE00849096801F0EF0109B1E9
:101DD000062007E00449096801F0020109B1072063
:101DE00000E00820704700000C3C024003480068F7
:101DF00040F000400149086070470000103C02407C
:101E000030B10749096841F48071054A116005E065
:101E10000349096821F48071014A1160704700008C
:101E2000003C024030B502460C46082500F03AF866
:101E30000546082D19D10E48006820F440700C4961
:101E400008600846006840F40070086008460068B2
:101E500040F001000860146000F024F805460448D2
:101E6000006820F0010002490860284630BD0000EB
:101E7000103C0240014A107070470000003C0240D4
:101E80000548006800F0004028B1044802490C39B8
:101E90000860034808607047103C02402301674512
:101EA000AB89EFCD08B508200090FFF77BFF0090CD
:101EB00002E0FFF777FF00909DF800000128F8D0BE
:101EC0009DF8000008BD000002460120054BC3F844
:101ED000E8001846A0F8EC10052000E0401E00289D
:101EE000FCDC7047F03D002000200949C1F8E80003
:101EF000012081F8E400002081F8EE0081F8EF0075
:101F000081F8F00081F8F10081F8F20070470000DC
:101F1000F03D002070B504460E4615460448008882
:101F2000401C844203D13146284613F001FB70BDAA
:101F3000C4120020F0B50A4600210023002400BF8F
:101F40003DE0012505FA01F3156805EA03049C420A
:101F500034D105684F000326BE40B54305601579AE
:101F60004E00B5400668354305601579012D02D055
:101F70001579022D16D185684F000326BE40B54362
:101F8000856055794E00B540866835438560456863
:101F900001268E40B5434560456896798E40B6B2BD
:101FA00035434560C5684F000326BE40B543C56054
:101FB000D5794E00B540C6683543C560491C102927
:101FC000BFD3F0BDF0B5002300244D07ED0E02FA9B
:101FD00005F3CE1000F1200555F826504E07F70EF8
:101FE0000F26BE40B543CF1000F1200646F827501B
:101FF000CE1000F1200555F8265045EA0304CE1016
:1020000000F1200545F82640F0BD02460020136986
:102010000B400BB1012000E0002070474183704766
:10202000018370474FF6FF7101600021017141711A
:102030008171C17170470AB1018300E0418370472B
:102040002DE9F0410546A84608F1010698F8000080
:10205000042801D0BDE8F0813078052804D03E285E
:1020600005D0FF287AD10FE0FFF73EFF76E0B41CE1
:102070002078012806D1671CB7F80110781DFFF7FA
:1020800023FF00BF00BF69E0B41C2088A0F6014018
:1020900030B10E2818D00F2840D011285CD11DE097
:1020A000304890F8DB00012806D1A71C39797888E0
:1020B000FA1DFEF7DDFD06E0A71C397978887A1D48
:1020C000FEF7D6FD00BF47E0A71CBA78921ED1B23A
:1020D000B7F803007A1DFFF71DFF3DE0214890F897
:1020E000DC00D0B9A01C1F4991F8EF1041B11D4987
:1020F00091F8F11021B9B0F803101B4A11800BE0E0
:10210000184991F8F01039B1164991F8F21019B93F
:10211000B0F80310154A118000BF1DE0114890F877
:10212000DC00C0B90F4890F8EF0040B10D4890F8BE
:10213000F10020B901200B4981F8F1000BE00948BA
:1021400090F8F00038B1074890F8F20018B9012073
:10215000044981F8F20000BF00BF00BF00BF00BF0C
:1021600078E70000F03D0020C4120020C6120020D5
:1021700010B50B4801F072FB0A4801F06FFB002418
:102180000BE0C4EBC40000EB8000074A02EB8001C7
:10219000034801F03AFC601CC4B2052CF1DB10BD11
:1021A000DC120020E4120020D03F002038B50020CF
:1021B000009001F079FD2AE0184801F0E6FA08BB2A
:1021C0006946164801F032FC802100980830FEF77D
:1021D0009BFDC4B2002C10DD009880F88840009868
:1021E00000F06CF820B90E48009901F00EFC0CE0EC
:1021F0000A48009901F0F8FB07E00848009901F04F
:10220000F3FB02E001F050FD38BD01F04DFDFEF79B
:102210004FFD0028D0D100BFF6E70000DC120020FF
:10222000E4120020F8B50020009001F01BFB1C48D0
:1022300001F0ABFA06462CE06946194801F0F6FBBE
:1022400001F0B4FA00980830FFF7FAFE01F00AFB3B
:102250001448009901F0D9FB114801F096FA06469E
:10226000009890F88800172813DB0098457C00241C
:1022700008E00098083004F10C01415C0A4801555F
:10228000601CC4B2AC42F4DB0749A1F1580011F064
:102290003BFB002ED0D0FFF789FF01F087FAF8BD95
:1022A000E4120020DC120020483E002010B5024855
:1022B00001F06BFA10BD0000E4120020014601F1AC
:1022C00008021078042801D001207047937891F813
:1022D0008800C01E834201D00220F6E70020F4E708
:1022E00000BFEFF3088004461448006814490968E9
:1022F000C1F8F0001148001F006811490968C1F8D1
:10230000F4000F4960690968C1F8D0000C48006802
:102310008068401C0A490968886009490968D1F841
:10232000CC2007490968483101EB82000168491C4B
:10233000016001E001F0F2FAFCE700002CED00E0A2
:10234000880400204CF6CC4001490860704700002A
:10235000003000404AF6AA2001490860704700009A
:1023600000300040014948607047000000300040E4
:102370000149886070470000003000400149086052
:10238000704700000030004000B58BB00DA30FCBAC
:10239000CDE90923CDE907010021084612F06DFEC1
:1023A0000020039004900590069007A80D210022BC
:1023B0001346CDE9002102901146104612F09EFB13
:1023C0000BB000BD0954696D6265726C696E652061
:1023D0003200000005480068D0F85C02401C034948
:1023E0000968C1F85C0200BFFEE700008804002015
:1023F00006480068D0F85402401C04490968C1F836
:10240000540201E001F08AFAFCE700008804002091
:1024100070B5002100230F22C4781CB3174C246828
:1024200004F4E064C4F5E064C4F30721C1F10404DA
:10243000E3B20A4144789C40E1B2847814402143DD
:102440000C07210E0E4C05786155047804F01F0529
:102450000124AC4005786D11AD0005F1E025C5F80B
:10246000004109E0047804F01F050124AC40054D4B
:102470000678761145F8264070BD00000CED00E0AE
:1024800000E400E080E100E00149086270470000DC
:1024900000000E420149086070470000A4000E428F
:1024A00004480068D0F87002401C02490968C1F86D
:1024B000700270478804002029B1064A126802435E
:1024C000044B1A6004E0034A12688243014B1A600D
:1024D000704700003038024029B1064A12680243B2
:1024E000044B1A6004E0034A12688243014B1A60ED
:1024F000704700004038024029B1064A1268024382
:10250000044B1A6004E0034A12688243014B1A60CC
:10251000704700002038024029B1064A1268024381
:10252000044B1A6004E0034A12688243014B1A60AC
:1025300070470000443802400E48006840F0010037
:102540000C49086000200B49083108600948006800
:1025500009490840074908600848091D0860081F24
:10256000006820F48020091F0860002001490C3118
:102570000860704700380240FFFFF6FE103000246C
:10258000F0B5002100220024022500260223324F4C
:102590003F6807F00C0121B1042905D0082937D183
:1025A00005E02E4F076036E02C4F076033E02A4FDE
:1025B0003F1F3F68C7F38056274F3F1F3F6807F014
:1025C0003F036EB1254FB7FBF3F7DFF88CC0ACF1DA
:1025D000040CDCF800C0CCF3881C07FB0CF40CE006
:1025E0001E4FB7FBF3F7DFF870C0ACF1040CDCF85A
:1025F00000C0CCF3881C07FB0CF4174F3F1F3F684B
:10260000C7F301477F1C7D00B4FBF5F7076002E0CC
:10261000124F076000BF00BF0F4F3F6807F0F00187
:1026200009090F4F7A5C0768D74047600A4F3F6837
:1026300007F4E051890A0A4F7A5C4768D7408760FF
:10264000054F3F6807F46041490B054F7A5C4768C6
:10265000D740C760F0BD0000083802400024F400F5
:102660001804002010B501460022002300204A1162
:10267000012A02D10A4C236808E0022A03D1084C3F
:102680007034236802E0064C7434236801F01F02A2
:10269000012494401C400CB1012000E0002010BD3A
:1026A0000038024001460020034A106820F0F00084
:1026B0000843106070470000083802400021024AB9
:1026C00011701146087070470238024001490860D5
:1026D00070470000800E474201460020034A106800
:1026E00020F4E050084310607047000008380240B2
:1026F00001460020034A106820F4604040EAC1000F
:1027000010607047083802400149086670470000B1
:102710000000474270B5049C41EA82150126C6EBD1
:10272000530645EA0645054345EA0465014E356012
:1027300070BD00000438024001460020034A1068C2
:1027400020F0030008431060704700000838024082
:1027500038B5002000900024002500BF3120FFF78D
:1027600081FF05460098401C00900098B0F5A06FCE
:1027700001D0002DF2D03120FFF774FF08B1012401
:1027800000E00024204638BD21B1028842F040021A
:10279000028004E002884FF6BF731A40028070473F
:1027A00010B50022028802F441520B884C88234362
:1027B0008C882343CC8823430C8923434C892343AF
:1027C0008C892343CC8923431A430280838B4FF2A5
:1027D000FF74234083830B8A038210BD0021018094
:1027E00041808180C180018141818181C181072136
:1027F0000182704704480068D0F86802401C024912
:102800000968C1F8680270478804002030B50022CA
:102810008B071C0F0F2303FA04F20B4B8C1053F899
:1028200024309343084C8D1044F8253023468C10F7
:1028300053F824308C07240F00FA04F42343024C8D
:102840008D1044F8253030BD0838014010B50D48D2
:102850004068B0F57A7F11D90A48007870B9012034
:102860000849087000BFEFF3088007490860084670
:102870000068406905490968C1F8F80001480CF092
:102880005FFB10BDC016002000040020880400205B
:1028900070B500200022022300240221274D2D685C
:1028A00005F00C0020B1042806D0082834D107E038
:1028B000234D244E356033E0214D224E35602FE00C
:1028C0001E4D2D1F2D68C5F380541C4D2D1F2D68E6
:1028D00005F03F0154B11A4DB5FBF1F5174E361F07
:1028E0003668C6F3881605FB06F209E0144DB5FB01
:1028F000F1F5124E361F3668C6F3881605FB06F250
:102900000E4D2D1F2D68C5F301456D1C6B00B2FBEC
:10291000F3F50C4E356003E0094D0A4E356000BFFB
:1029200000BF064D2D68C5F30315074E705D054DBC
:102930002D68C540034E356070BD00000838024068
:102940000024F400040400200804002010B51248FC
:10295000006840F001001049086000200E4908316D
:1029600008600D4800680D4908400B4908600C4894
:10297000091D0860081F006820F48020091F0860F6
:10298000002005490C31086000F02AFD4FF000607E
:102990000449086010BD000000380240FFFFF6FE49
:1029A0001030002408ED00E010B5262140480CF05E
:1029B00073FA002401213F4800F094F83E4890F853
:1029C000080583280CD13C4890F8090540B1012442
:1029D00000203A4908803A4908703A49087054E0A2
:1029E000354890F8080582280CD1334890F8120534
:1029F00040B1012400203149088031490870314933
:102A0000087042E02D480088401C2C4908802A4864
:102A1000B0F814050988884237DA00202749088071
:102A200027480078401C264908700846007803288B
:102A300013DC25484088002806DD23484088401ED6
:102A400021494880012420E000211A4800F04DF877
:102A50000020194981F8130517E000201849087073
:102A600018480078401C1749087008460078032869
:102A70000ADD0020087000210E4800F036F8002022
:102A80000D4981F8130500E0012484B10E48408807
:102A90000D49098888420ADA074804F0BDF8002188
:102AA000044800F022F80020034981F8130510BD06
:102AB000C01600200004004014320020F80400205A
:102AC000FA040020FB0400203C3B002021B1828856
:102AD00042F00102828004E082884FF6FE731A40C1
:102AE00082807047CA430282704721B1028842F057
:102AF0000102028004E002884FF6FE731A40028051
:102B0000704731B1B0F8442042F40042A0F84420AC
:102B100005E0B0F84420C2F30E02A0F8442070474C
:102B20001AB183890B43838102E083898B438381BC
:102B30007047000070B5002400220023058C4FF67A
:102B4000FE7635400584028C8388048B4FF68F75A2
:102B50002C40B51E2C400D882C43751E2A408D89B3
:102B60002A434D882A43104DA84202D00F4DA84257
:102B700013D14FF6F7752A40CD892A434FF6FB75DE
:102B80002A408D882A434FF6FF652B404FF6FF55AC
:102B90002B400D8A2B434D8A2B43838004838D6801
:102BA0004563028470BD0000000001400004014044
:102BB00070B5002400220023058C4FF6EF763540D7
:102BC0000584028C8388048B48F6FF752C404FF6F1
:102BD000FF452C400D884FF6FF7606EA05252C436D
:102BE0004FF6DF752A408D8906EA05152A434D8880
:102BF00006EA05152A43154DA84202D0144DA842F5
:102C00001DD14FF67F752A40CD894FF6FF7606EA33
:102C100005152A434FF6BF752A408D8806EA05152B
:102C20002A434FF6FF352B404FF2FF752B400D8A9C
:102C300006EA85052B434D8A06EA85052B438380EA
:102C400004838D688563028470BD0000000001402C
:102C50000004014070B5002400220023058C4FF6CB
:102C6000FF6635400584028C8388848B4FF68F7510
:102C70002C404FF6FC752C400D882C434FF6FF5529
:102C80002A408D894FF6FF7606EA05252A434D88AE
:102C900006EA05252A43154DA84202D0144DA84244
:102CA0001DD14FF2FF752A40CD894FF6FF7606EA17
:102CB00005252A434FF6FF352A408D8806EA05256B
:102CC0002A434EF6FF752B404DF6FF752B400D8ABB
:102CD00006EA05152B434D8A06EA05152B4383802A
:102CE00084838D68C563028470BD000000000140CC
:102CF0000004014070B5002200230024058C4EF62C
:102D0000FF7635400584038C8488828B48F6FF75F6
:102D10002A404FF6FF452A400D884FF6FF7606EA17
:102D200005252A434DF6FF752B408D8906EA0535AA
:102D30002B434D8806EA05352B430A4DA84202D0A5
:102D4000094DA84208D14BF6FF752C400D8A4FF66D
:102D5000FF7606EA85152C43848082838D6805649E
:102D6000038470BD00000140000401400021018087
:102D70004180818081608181C1810182418270476F
:102D800000220288184B98420ED0184B98420BD064
:102D9000B0F1804F08D0164B984205D0154B9842A1
:102DA00002D0154B984204D14FF68F731A404B88CE
:102DB0001A43124B984207D0114B984204D04FF659
:102DC000FF431A400B891A4302804B68C3620B8889
:102DD0000385054B984202D0044B984201D18B7A6F
:102DE00003860123838270470000014000040140F4
:102DF0000004004000080040000C004000100040AB
:102E0000001400404FF0FF3141600021018001813A
:102E1000418081727047000070B5044606480CF08E
:102E20008BF82168401A451C6068A84201D2012035
:102E300070BD0020FCE70000C016002070B50446FD
:102E40000D46656002480CF077F8206070BD000008
:102E5000C01600203EB5302157480CF01DF840F256
:102E60002551564800F0CBF860B140F22551534847
:102E700000F0AAF8514800F07BF9C4B2214650484E
:102E800003F098FE40F226614C4800F0B8F838B1E3
:102E900040F22661494800F097F8494803F04EFE99
:102EA00040F22771454800F0AAF828B1002240F20C
:102EB0002771424800F0CDF842480068D0F814036A
:102EC00041F2883188420CD13C480C3000883D49A1
:102ED0000968C1F81405394800883A490968C1F8F9
:102EE000180538480068D0F8140341F28831884248
:102EF00020D940F66A11314800F066F840F64601E4
:102F00002E4800F061F840F226612C4800F05CF891
:102F100040F22551294800F057F828480C30008825
:102F200028490968C1F8140524480088254909681A
:102F3000C1F8180523480068D0F8140341F27071F5
:102F400088422DD9002240F66A111C4800F081F811
:102F5000002240F64601194800F07BF8002240F2BA
:102F60002771164800F075F8002240F226611348D8
:102F700000F06FF8012240F22551104800F069F886
:102F8000002240F224410D4800F063F8002228217D
:102F90000A4800F05EF800226021084800F059F865
:102FA0000648001D00880290044800880190DDE971
:102FB0000101084400903EBDC016002000480040BA
:102FC000143200208804002010B50022002340F6AF
:102FD0006A14A14200D100BF0A1201249440A3B296
:102FE000DC43048010BD21B1828942F40052828109
:102FF00004E082894DF6FF731A408281704770B5F4
:103000000246002400230025002040F66A16B14243
:1030100000D100BFC1F3421501F01F03012606FADB
:1030200003F3012D02D19689334006E0022D02D12F
:10303000168A334001E0968A33400C12012606FAC4
:1030400004F41688344013B10CB1012000E00020D4
:1030500070BDF0B50346002400260025002040F690
:103060006A17B94200D100BF1846C1F3421401F0FB
:103070001F06012707FA06F5012C01D10C3004E0E8
:10308000022C01D1103000E014301AB107682F4330
:10309000076002E00768AF430760F0BD2DE9FF4716
:1030A00005460E460024A14600BFA046B08900B1E7
:1030B00000BF2C8A24F44054F08804432C82AC894D
:1030C00041F20C608443B088318908437189084318
:1030D0000443AC81AC8A24F44074B0890443AC82CC
:1030E0006846FFF74DFA2048854202D01F488542C6
:1030F00002D1DDF80C9001E0DDF80890A88900F419
:10310000004040B109EBC90000EB091031684900EB
:10311000B0FBF1F707E009EBC90000EB09103168DB
:103120008900B0FBF1F76420B7FBF0F0040120093F
:10313000642101FB1078A88900F4004040B13220DE
:1031400000EBC800B0FBF1F000F00700044308E01A
:10315000322000EB08106421B0FBF1F000F00F000A
:1031600004432C81BDE8FF8700100140001401409A
:1031700001468888C0F308007047C1F308028280C6
:1031800070474FF41651016000218180C180018198
:103190000C214181002181817047000005480068B1
:1031A000D0F86402401C03490968C1F8640200BFFA
:1031B000FEE700008804002000F07F01014A116052
:1031C00070470000002C004010B51E48006840F019
:1031D00080501C4908601B481038006840F480206B
:1031E0001849103908600120FFF74EF90120FFF758
:1031F00051F900BF1448406800F008000028F9D0D9
:1032000012480068D0F80C0510490968C1F810058B
:103210000E480068D0F8C8000C490968C1F8CC0015
:103220000A480068D0F8140508490968C1F81C0567
:1032300006480068D0F8180504490968C1F8200557
:1032400010BD00004038024000700040880400209B
:1032500010B54A48006800684949884203D00020F8
:103260004649096848604748407820B14648434984
:103270000968486103E00020404909684861414805
:10328000007820B140483D490968086103E000200A
:103290003A49096808613B48407810B93948407894
:1032A00030B13848D0F8A40034490968086403E014
:1032B00000203249096808643448407820B1324817
:1032C0002E490968886103E000202C49096888615B
:1032D0002F48407850B12C4828490968C8612948CE
:1032E000D0F8A80025490968486406E00020234971
:1032F0000968486421490968C86100202DE0254912
:10330000095C01290ED1244A1C490968203141F881
:10331000202020490A390A5C18490968343121F80B
:10332000102019E01B49095C02290FD11A4A521CCE
:1033300012490968203141F8202016490A390A5CEF
:103340000E490968343121F8102005E000220B49AC
:103350000968203141F82020401C0528CFDB0848AF
:1033600006490968086005480068406802B241F2F1
:10337000FC01044809F062F910BD00008804002037
:10338000EFBEADDED03C0020EAEBFFC0D419002038
:10339000E219002058180020E1FFC00008B5002005
:1033A000009003E000BF0098401C00900098B0F52A
:1033B000D27FF7DB08BD70B504460D46164632468F
:1033C00029462046FDF76EF970BD70B504460D46DE
:1033D0001646324629462046FDF79AF970BD000090
:1033E0000CB50020019000902D48006840F480301A
:1033F0002B49086000BF2A48006800F400300090A4
:103400000198401C0190009818B90198B0F5A06F80
:10341000F1D12348006800F4003010B10120009081
:1034200001E0002000900098012838D11C480830A5
:1034300000681B49083108600846006840F40040F5
:1034400008600846006840F4A05008601548091F4D
:103450000860081F006840F08070091F086000BF06
:103460000F48006800F000700028F9D040F20770A3
:103470000D4908600A480830006820F00300084938
:10348000083108600846006840F00200086000BF8C
:1034900003480830006800F00C000828F8D10CBD83
:1034A0000038024010304105003C024010B55A4837
:1034B0000BF042FD59490968401A642807D9584859
:1034C000007820B154480BF037FD54490860554846
:1034D00090F82D0110B153480CF080F84620524965
:1034E000A1F848005148486351494F488163514908
:1034F000C163514901645149416408464A49C1F8D0
:10350000EC004B494848C0F8F0104A49C0F8F410A4
:103510004949C0F8F8104949C0F8FC104349C0F8BF
:103520000011C0F80411C0F80811C0F80C11C0F85F
:1035300010114249C0F8141141483B490865052063
:1035400081F8E6003F484049086140493E484161F2
:103550004FF0834181613E49C16101203A490870C1
:103560002C213C4881612D2141616421C1610121EF
:103570000172417280F84810374901613749C160D2
:103580001721C17101214171172180F82E100021EE
:1035900080F82F10032180F8301080F831105A2164
:1035A000C0F83811C0F834110021C0F83C110321D3
:1035B00080F82811372180F82911012180F868113D
:1035C0002749C0F830112749C0F82C112B2180F869
:1035D0002711012180F825110021C0F8C811C0F879
:1035E000C411C0F8CC11012180F8B811002180F875
:1035F000B911012180F8F8111B49C0F8C0111B490D
:10360000C0F8BC11062180F8B711002180F8B5116F
:103610000D2180F8BA1110BDC01600204C04002006
:10362000043F0020EC1B0020101700200000A041E8
:103630000000B0410000B8410000C0410000C84196
:10364000000020C1000040411C1D0020000060411E
:1036500000009041F0190020A470CA423333534156
:10366000A470B84200007041A470DE420000204106
:103670002DE9F04188B004460D4640F6FF774FF43F
:103680007848E6028DF80A5000208DF80B000120E2
:103690008DF80C004FF6FF7000EA1640ADF8000000
:1036A000B0B2ADF80200ADF80470ADF806800120AC
:1036B000ADF808008DF80D006846FDF721FE04A85E
:1036C000FDF71EFE08B0BDE8F081000010B504460D
:1036D0000B480BF031FC0B490968401A0A490B4AA8
:1036E000127841F822000948047009480068C0F8BF
:1036F000CC4003480BF020FC0249086010BD0000DC
:10370000C016002040040020D016002044040020F1
:103710008804002010B509480BF00EFC0849096820
:10372000401A40F6B831884206D904480BF004FC30
:1037300003490860FFF78CFD10BD0000C016002093
:103740008C0400200246002002EA01030BB1012094
:1037500000E000207047EFF31080704780F310887E
:1037600070472DE9F04104460025FFF7F4FF0746B6
:1037700072B6266801E06D1C3668A642FBD1384659
:10378000FFF7ECFF2846BDE8F08170B50446FFF76F
:10379000E2FF064672B62068A04201D1012500E092
:1037A00000253046FFF7DAFF284670BD074991F93A
:1037B0000E0100F01F02012191404209920002F126
:1037C000E022C2F8001100BF70470000F03D002069
:1037D0001CB56846FEF726FC4FF48070009001206F
:1037E0008DF8040069460F48FEF7A4FB6846FEF713
:1037F00019FC40F60400009001208DF80400694691
:103800000948FEF797FB6846FEF70CFC4FF4007082
:10381000009001208DF8040069460448FEF78AFBF9
:103820001CBD0000000002400004024000080240ED
:1038300000F01F02012191404209920002F1E022B2
:10384000C2F80011704700F01F02012191404209A7
:10385000920002F1E022C2F800117047006040605F
:1038600070470000064991F90E0100F01F02012186
:103870009140044A430942F8231000BF70470000FA
:10388000F03D002080E100E008B5FFF7EBFF09E024
:103890006946084800F0CAF80748009900F0B5F8F2
:1038A000FEF784FC0448FFF75CFF0228F0DBFFF71B
:1038B0007DFF08BDE4120020DC1200202DE9FC4150
:1038C00006460F4614461D4664216846FFF7B6FAC1
:1038D0000CE0EBB2E2B239463046FDF76BFA00B9C4
:1038E00005E06846FFF798FA00B100E0F1E700BF95
:1038F000BDE8FC8110B5002807DA0A07140E054A56
:1039000000F00F031B1FD45403E00A07130E024AF2
:10391000135410BD18ED00E000E400E0BFF34F8F3A
:103920000648006800F4E06005490843001D0349AB
:103930000860BFF34F8F00BFFEE700000CED00E012
:103940000000FA05BFF34F8F0648006800F4E060FE
:1039500005490843001D03490860BFF34F8F00BFAE
:10396000FEE700000CED00E00000FA051FB50121A4
:103970000220FEF7B1FD01A8FFF744FA16480068DF
:1039800040081649B0FBF1F0401E80B2ADF80400CB
:1039900040F2E730029001A91148FFF7F1F9012246
:1039A00011460F48FFF7BCF800200E4981F81305B7
:1039B00001210B48FFF796F81D208DF8000002202A
:1039C0008DF801008DF8020001208DF80300684693
:1039D000FEF71EFD1FBD00000404002040420F0042
:1039E000000400401432002070B505460C46FFF775
:1039F000B2FE064672B62868206065602C602068BA
:103A000044603046FFF7AAFE70BD70B505460C460F
:103A1000FFF7A1FE064672B62560686860606C60BC
:103A2000606804603046FFF799FE70BD70B50546CA
:103A30000C46FFF790FE064672B62868206028689C
:103A400000F009F8002021680860216848603046CD
:103A5000FFF784FE70BD70B50446FFF77CFE054697
:103A600072B6D4E900010860D4E900104860284625
:103A7000FFF774FE70BD70B505460C46FFF76BFE90
:103A8000064672B6686820606868FFF7E4FF0020A9
:103A900021680860216848603046FFF75FFE70BD0E
:103AA0001CB51148B0F80C01009000208DF80400FE
:103AB00002208DF8050000208DF8060002208DF808
:103AC00007000949D1F804016946FEF733FA0020DE
:103AD0008DF804008DF807000349D1F80401694608
:103AE000FEF728FA1CBD0000F03D002010B5554837
:103AF00000680068544988427ED152480068406995
:103B00005249884207D10120514948704D48006808
:103B1000006CC1F8A4004B48006800694B4988421A
:103B200007D101204A49087046480068006CC1F876
:103B3000A4004448006880694449884202D10120B9
:103B4000444948703F480068C0694049884208D1EC
:103B50000120414948703B480068406C3C49C1F82D
:103B6000A80000204BE037490968203151F82010A7
:103B70003A4A91421BD1012239490A543149096814
:103B8000343131F81010642911DC2E4909683431C0
:103B900031F81010CAB232490F390A54294909685C
:103BA000343131F81010CAB22D490A390A54254966
:103BB0000968203151F82010284A521C91421DD129
:103BC000022227490A541F490968343131F810107C
:103BD000642913DC1B490968343131F81010CAB26A
:103BE0001F490F390A5417490968343131F8101048
:103BF000CAB21B490A3900E01DE00A54401C0528DE
:103C0000B1DB104800684068401C0E4909684860F4
:103C10000C480068D0F8CC00102811D20949096876
:103C2000D1F8CC2007490968883101EB820001688E
:103C3000491C016004E040F224510A48FCF79DFD54
:103C400010BD000088040020EFBEADDEEAEBFFC02F
:103C5000D03C0020D4190020E2190020E1FFC00070
:103C600058180020004002401CB50E48B0F80C0166
:103C7000009001208DF8040002208DF8050000203E
:103C80008DF806008DF807000649D1F80401694651
:103C9000FEF750F9034AB2F80C11D2F80401FEF70E
:103CA000BFF91CBDF03D00200248B0F80C010249EC
:103CB00008607047F03D0020143C014070B5044698
:103CC0000D462B4600228021204600F079F928B1CC
:103CD000206E40F020002066032070BD0020FCE72D
:103CE0002DE9F84F04460F4690461D460A9EB248FD
:103CF0000BF022F981464FF0000A00BF94F85C00F7
:103D0000012802D10220BDE8F88F012084F85C0070
:103D100000BF94F85D00012802D04FF0020A40E194
:103D20001FB1B8F1000F00D015B94FF0010A38E10A
:103D3000052084F85D0000202066C4F84080A4F8C7
:103D40004650A4F84450A763E587A587A06AB0F55C
:103D5000005F10D19948006B00884DF6FF71084054
:103D60009649096B08809548006B008840F4005024
:103D70009249096B0880E068B0F5E06F08D98F4878
:103D8000006B008840F400608C49096B088007E0F4
:103D90008A48006B008820F400608849096B08801D
:103DA0008648006B008800F04000402805D020685D
:103DB000008840F0400021680880E068B0F5E06FBE
:103DC0004ED945E0E08F00281FDD7C48006B00895C
:103DD00000F00200022818D1A06B00887749096B17
:103DE0008881A06B801CA063E08F401EE087E08F7D
:103DF00058B9A06AB0F5005F07D17048006B008821
:103E000040F480506D49096B0880B4F846000028E2
:103E100012DD6A48006B008900F0010060B167485C
:103E2000006B8089216C0880206C801C2064B4F8B1
:103E30004600401EA4F84600701C48B15E480BF0D6
:103E40007BF8A0EB0900B04202D34FF0030AA8E0D0
:103E5000E08F0028B6DCB4F846000028B2DC4BE066
:103E600043E0E08F00281EDD5448006B008900F01D
:103E70000200022817D1A16B481CA06308784F49A3
:103E8000096B0873E08F401EE087E08F58B9A06A85
:103E9000B0F5005F07D14948006B008840F48050BE
:103EA0004649096B0880B4F84600002811DD4348F4
:103EB000006B008900F0010058B14048006B017BA5
:103EC000226C501C20641170B4F84600401EA4F807
:103ED0004600701C48B138480BF02EF8A0EB0900E2
:103EE000B04202D34FF0030A5BE0E08F0028B8DC59
:103EF000B4F846000028B4DCA06AB0F5005F35D104
:103F0000334601221146204600F05AF830B1206EA7
:103F100040F0020020664FF0030A42E0E068B0F58E
:103F2000706F06D12548006B80890090BDF80000B5
:103F30001CE02248006B007B0090BDF80000206B65
:103F4000022813D1334601221146204600F038F8EA
:103F500030B1206E40F0020020664FF0030A20E0EE
:103F60001648006B007B0090BDF8000020680089B7
:103F7000C0F3001048B1206E40F0020020664FF6FA
:103F8000EF70216808814FF0010A31462046FFF7A3
:103F900095FE08B120202066206E08B14FF0010A7E
:103FA00000BF012084F85D0000BF002084F85C00A1
:103FB00000BF5046A7E60000C0160020F03D0020DC
:103FC0002DE9F04104460E4617461D4626480AF0E4
:103FD000B3FF804640E0681CE8B335B122480AF0E0
:103FE000ABFFA0EB0800A84236D32068808820F001
:103FF000E000216888806068B0F5827F0DD1A068FC
:10400000B0F5004F03D0A068B0F5806F05D12068EF
:10401000008820F0400021680880A06AB0F5005FA9
:104020000ED100BF206800884DF6FF71084021685E
:1040300008802068008840F400502168088000BF94
:10404000012084F85D0000BF002084F85C0000BF00
:104050000320BDE8F081FFE70448006B0089304091
:10406000B842B8D10020F4E7C0160020F03D00208F
:1040700010B50120FEF72AFB00BF6120FEF7F2FA1F
:104080000028FAD045F25550FEF778F90420FEF7E3
:1040900069F940F6FF70FEF76BF9FEF75BF9FEF782
:1040A00051F901210803FDF745FC10BD2DE9F0474A
:1040B000044688460026B146002523E0605D20289E
:1040C00004D1A5EB0900404500DAEEB2605D20287E
:1040D00001D0605DA8B9A5EB0900404511DD20467F
:1040E000FCF770FA074603E0E15D781C21547F1E5F
:1040F000B742F9DA0A20A0550D21701C215400F0B6
:10410000FF096D1C2046FCF75DFA401CA842D5D87B
:104110002046BDE8F08738B505460C4607E06946FD
:104120002046FFF7A8FC28460099FFF75DFC2046D3
:10413000FFF72BFB0028F2D038BD000010B5044675
:1041400094F88000C01EA07094F880202146024898
:1041500002F0C6FB10BD00001432002010B5002292
:1041600000F8802F5A230478621C00F88029035538
:10417000A52310F8804F0278521C00F880290355BF
:10418000002310F8804F0278521C00F88029035554
:1041900010F8803F0278521C00F88029C15410BDED
:1041A00090F88020521C802A00DD704710F8803F74
:1041B0000278521C00F88029C15400BFF5E710B501
:1041C00090F88020921C802A00DD10BDC1F30723E7
:1041D00010F8804F0278521C00F88029035510F81F
:1041E000804F0278521C00F88029015500BFECE78F
:1041F000002180F88010704710B58AB00446012174
:104200000846FEF759F901210220FEF755F9012170
:104210000420FEF751F908A8FDF704FF4FF4E07001
:10422000089001208DF8240002208DF8250008A9AF
:104230007048FDF77FFE08A8FDF7F4FE4FF480609C
:10424000089001208DF8240002208DF8250008A98F
:104250006948FDF76FFE01210846FEF75DF901216F
:104260000420FEF739F901210820FEF735F908A8E6
:10427000FDF7D8FE4FF47070089002208DF82400EE
:104280008DF8250008A95C48FDF754FE022206219E
:104290005948FDF797FE022207215748FDF792FE85
:1042A000022208215448FDF78DFE022209215248BE
:1042B000FDF788FE08A8FDF7B5FE01200890022052
:1042C0008DF824008DF8250008A94C48FDF732FE32
:1042D000022200214948FDF775FE05A8FEF792FD70
:1042E0001D20ADF81400642006900020ADF81C00DD
:1042F000ADF8160005A94248FEF742FD6846FEF7F4
:1043000035FD6020ADF800000120ADF8020000206E
:104310000290ADF80C0069463948FEF70BFC69467F
:104320003748FEF745FC69463548FEF793FC694679
:104330003348FEF7DFFC05A8FEF764FD1D20ADF84D
:104340001400642006900020ADF81C00ADF81600A3
:1043500005A92C48FEF714FD6846FEF707FD60200E
:10436000ADF800000120ADF8020000200290ADF889
:104370000C0069462348FEF7DDFB05A8FEF742FD69
:104380001D20ADF81400642006900020ADF81C003C
:10439000ADF8160005A91C48FEF7F2FC6846FEF7CA
:1043A000E5FC6020ADF800000120ADF8020000201F
:1043B00002900220ADF80C0069461348FEF7BAFBE4
:1043C00069461148FEF7F4FB01210D48FEF78DFB0D
:1043D00001210C48FEF789FB01210948FEF791FBFA
:1043E00001210848FEF78DFB00210548FEF76EFB12
:1043F0000AB010BD00080240000402400000024064
:1044000000080040000C00400000014030B50246AA
:10441000052915DA002011E002F14A04645C451C0C
:1044200004FB05F3DC1703EB5474C4F3C70502F176
:104430004F0404EBC1042554431CD8B20828EBDB1D
:1044400030BD000070B502461A48405C022803D116
:104450001948B0F92E0070BD1848C07808B10A207C
:10446000F9E7164890F8C46090F8C300C0EB00105C
:1044700006EB8004114890F8C66090F8C500C0EBC8
:10448000001006EB80050D4890F8C16090F8C00060
:10449000C0EB001006EB8003A34206DBAB4204DA5C
:1044A00002F11E0030F91100D5E702F1280030F9C1
:1044B0001100D0E74418002030190020D03C002023
:1044C0002DE9FF5F83468A460BF10F0111F80A20A0
:1044D000394931F9120011F074FB80460022374B44
:1044E00011F0E8F9CDE9020151465846FFF7AAFF5D
:1044F000804611F066FBCDE90001DDE9022311F0F1
:1045000007FD04460D462E4951F82A0011F0EAFD38
:10451000064622462B4611F07FFB0FD80BF10F0009
:1045200010F80A00072809DA0BF10F0010F80A004A
:10453000401CC1B20BF10F0000F80A100BF10F0183
:1045400011F80A201C49103931F9120011F039FB19
:1045500006460022194B11F0ADF9CDE90201514692
:104560005846FFF76FFF064611F02BFBCDE900011F
:10457000DDE9022311F0CCFC04460D46104951F848
:104580002A0011F0AFFD804622462B4611F07EFC3A
:104590000FD80BF10F0010F80A00002809DD0BF10D
:1045A0000F0010F80A00401EC1B20BF10F0000F816
:1045B0000A10BDE8FF9F0000DC1800200000244026
:1045C000441700202DE9FC5F82468B461F4810F8F7
:1045D0000B0002280AD11E49B1F92E101C4AB2F96B
:1045E0003020881A11F016FFBDE8FC9F1948C078EA
:1045F00088B1BAF9A80011F0E4FA80460022164BFF
:1046000011F058F906460022134B11F075FC0446D0
:1046100011F06AF8E8E7BAF9840011F0D2FA04461A
:1046200000220D4B11F046F9CDE90001594607482B
:10463000FFF708FF044611F0C4FA0646DDE900233F
:1046400011F066FC804611F04FF8CDE744180020C9
:1046500030190020D03C0020000024402DE9FF5FED
:1046600082464FF0000BC2E11AF80B00022804D179
:1046700001210AF1140000F80B100AF17F0010F874
:104680000B0088B10BF0FF015046FFF79BFF04467B
:10469000FE4850F82B10204611F0E8FF04D8002106
:1046A0000AF17F0000F80B100AF17F0010F80B00F0
:1046B000A0B90BF0FF01F648FFF7C4FE054611F064
:1046C000A9FE0446F14850F82B10204611F0CEFE0A
:1046D00004D801210AF17F0000F80B101AF80B0032
:1046E00003281EDA0AF17F0010F80B00A0B9E84891
:1046F000143010F80B0001280ED1E648407828B994
:10470000E448007810B9E348C07828B101210AF1E3
:10471000370000F80B1004E000210AF1370000F820
:104720000B101AF80B0003287ED10AF1140010F8C0
:104730000B00012879D1D748407830B9D5480078A6
:10474000D449C978084300286FD00BF0FF015046C8
:10475000FFF778FE9AF8B810451A284611F05AFE6D
:104760000446CA4850F82B10204611F07FFF11D2A2
:1047700001210AF1E40000F80B10C7480AF0DCFB45
:104780000AF1BC0141F82B0000210AF1D00040F8E9
:104790002B10B1E00BF0FF015046FFF753FE05462A
:1047A00011F038FE0446B94850F82B10204611F09D
:1047B0005DFE11D200210AF1E40000F80B10B648AA
:1047C0000AF0BAFB0AF1BC0141F82B0000210AF102
:1047D000D00040F82B108FE09AF8B80011F008FADA
:1047E000064600224FF0804311F064F8CDE9020143
:1047F0000BF0FF015046FFF725FE064611F0E1F9E8
:10480000CDE90001DDE9022311F082FB04460D46EB
:104810009E4951F82B0011F065FC804622462B463C
:1048200011F0FAF943D201E086E060E09A480AF01C
:1048300083FB0AF1BC0151F82B10411A0AF1D00098
:1048400050F82B00814257D993480AF075FB0AF1C2
:10485000BC0141F82B000AF1E40010F80B0008B984
:10486000012100E000210AF1E40000F80B1010F82B
:104870000B00B0B185483438016D884811F032FF23
:104880000646874911F0C8FC054611F087FD04462D
:104890000122214680480AF02DFB47F2305148435F
:1048A00000E014200AF1D00141F82B0024E07A48FE
:1048B0000AF042FB0AF1BC0151F82B10411A0AF12F
:1048C000D00050F82B00814216D900210AF1E400F3
:1048D00000F80B1070480AF02FFB0AF1BC0141F8F8
:1048E0002B0014210AF1D00040F82B1004E0002125
:1048F0000AF1E40000F80B100AF1E40010F80B00D4
:1049000008B1012100E000210AF1370000F80B1086
:1049100010F80B0040B164210AF1050000F80B10FB
:10492000401D00F80B1007E000210AF1050000F817
:104930000B10401D00F80B101AF80B00012854D181
:104940000AF1140010F80B00012832D10AF17F009F
:1049500010F80B0068BB4F48407828B94D480078E4
:1049600010B94C48C07820B34848343890F87400E7
:1049700018B14C4890F89400D8B90BF0FF0150469C
:10498000FFF79EFD0AF17A0010F80B0020B10AF142
:10499000320010F80B0007E00AF14F0000EBCB01EA
:1049A000403810F80B00085C0AF1050101F80B0013
:1049B00004E000210AF1050000F80B100AF11400D0
:1049C00010F80B00022806D10AF1320010F80B1083
:1049D0002D3800F80B100AF1140010F80B0020B964
:1049E00000210AF1050000F80B100BF1010BBBF1DF
:1049F000050FFFF639AE28480AF09EFA2A490968E1
:104A0000401ABAF8781088427DD923480AF094FAFF
:104A10002549086000201FE00AF10A010A5C491FCD
:104A2000095C8A4207DA0AF10A01095C491CCAB228
:104A30000AF10A010A540AF10A010A5C491F095CD9
:104A40008A4207DD0AF10A01095C491ECAB20AF16D
:104A50000A010A54411CC8B20528DDDB114890F850
:104A60008E0038B19AF8B40020B164218AF80E1093
:104A70008AF809100B4890F88E00C8B99AF8B4006B
:104A8000B0B100218AF80E1010E000004417002099
:104A900044180020D03C0020C01600200000F04147
:104AA00000002041301900206C0400208AF8091011
:104AB0003D4890F88F0038B19AF8B50020B16421D4
:104AC0008AF80D108AF80810374890F88F0038B926
:104AD0009AF8B50020B100218AF80D108AF8081064
:104AE00000200EE03149095C19B93049491D095CC3
:104AF00029B100220AF105010A54491D0A54411C3A
:104B0000C8B20528EEDB9AF80000012806D19AF811
:104B10000A20632126480AF0F4F901E09AF80A0015
:104B2000244908609AF80100012806D19AF80B2060
:104B300063211F480AF0E5F901E09AF80B001D49CE
:104B4000091D08609AF80200012806D19AF80C2085
:104B5000632117480AF0D5F901E09AF80C001549CD
:104B6000083108609AF80300012806D19AF80D2050
:104B700063210F480AF0C5F901E09AF80D000D49CC
:104B80000C3108609AF80400012806D19AF80E202A
:104B9000632107480AF0B5F901E09AF80E000649CA
:104BA0000860BDE8FF9F000030190020AC1700200E
:104BB000C016002034080040340C004070B5044694
:104BC000EC212046FBF7D9FD002518E0162104F161
:104BD0001E0020F8151014210A3020F815100A21A3
:104BE0000A30415550211830415529462046FFF7DB
:104BF0000DFC082104F144004155681CC5B2052D87
:104C0000E4DB012020704FF49670A4F878000A20AD
:104C1000A4F898000F219A20015314219C200153DD
:104C200019219E2001531E21A02001532321A220DF
:104C300001532821A420015305218A2001530A2170
:104C40008C2001530F218E200153142190200153F9
:104C50001921922001531E219420015323219620D3
:104C600001533220A4F8A800204670BD2DE9F04180
:104C700004460E4684F82460FE480AF05DF920657B
:104C8000082E6ED006DC012E0BD0022E6AD0032E29
:104C900069D121E1092E67D00F2E78D0102EF7D1DF
:104CA0007EE2002534E0F448405D00F0010020B1D0
:104CB000F1481E3030F9150000E0FF20C2B2681C38
:104CC00004F124010A54EC48405D00F0010020B1D9
:104CD000E948283030F9150000E0FF20C2B2A81DD5
:104CE00004F124010A54E448405D30B1E34951F82D
:104CF0002500E34911F022FA00E0E248074611F0EE
:104D000069FBC2B205F10B0004F124010A546D1CC9
:104D1000052DC8DBFF2134200155DB48007808B1A0
:104D2000012100E0002135200155005DD649497878
:104D300009B1012100E0002140EA4101352001557F
:104D4000005DD249497809B1012100E0002140EA23
:104D5000411135200155005DCD49497829B1012126
:104D600004E009E114E05BE2A7E1002140EA8111DF
:104D700035200155C1493439086DC14911F0DEF9BA
:104D8000054611F027FBC1B2362001554AE2C7E1C2
:104D9000B94890F87A00802101EAC0112520015518
:104DA000005DB54991F8321001F07F0108432521DB
:104DB0000855B14890F87B00802101EAC0112620F7
:104DC0000155005DAC4991F8331001F07F010843B3
:104DD00026210855A84890F87C00802101EAC011DE
:104DE00027200155005DA44991F8341001F07F019E
:104DF000084327210855A04890F87D00802101EA4A
:104E0000C01128200155005D9B4991F8351001F033
:104E10007F01084328210855974890F87E0080219B
:104E200001EAC01129200155005D934991F836101F
:104E300001F07F01084329210855FF212A2001554F
:104E4000944890F8FB102B200155924890F8FC10E4
:104E50002C2001558F4890F8FD102D2001558D48CC
:104E600090F8FE102E2001558A4890F8FF102F2050
:104E70000155814800788049497840EA0110C1B263
:104E8000302001557C4880787B49C97840EA011080
:104E9000C1B2312001557848017932200155764858
:104EA000407D00F003017448007D61F39F0072496A
:104EB000897D01F0030140EA01116F48C07D00F0D7
:104EC000030041EA8011332001556B48007E00F059
:104ED000030134200155A5E1FF21252001556A4831
:104EE00090F8C31026200155674890F8C410272079
:104EF0000155654890F8C51028200155624890F882
:104F0000C61029200155FF212A2001552B200155CB
:104F10005D48B0F86200010A2C2001555A4890F80B
:104F200062102D200155584890F86F102E20015521
:104F3000554890F86D102F20015554480078544979
:104F4000097840EA4100C1B2312001554F488179CA
:104F5000322001554E488179332001554C48008953
:104F60000112342001554A48017A3520015547483D
:104F7000817A3620015555E14748C07800EBC001E1
:104F80004548001D00EBC10090F82A10252001556E
:104F90004148C07800EBC0013F48001D00EBC10054
:104FA00090F82B10262001553B48C07800EBC0013B
:104FB0003948001D00EBC10090F82C102720015546
:104FC0003548C07800EBC0013348001D00EBC1003C
:104FD00090F82D10282001552B4890F88C1029208E
:104FE0000155294890F88D102A200155264890F83F
:104FF0008E102B200155244890F88F102C2001553D
:10500000264801782D2001552448401C01782E2087
:1050100001552248801C01782F2001551F48C01CD3
:105020000178302001551C48C07800EBC0011A48B7
:10503000001D00EBC100808EC0F307213120015517
:105040001548C07800EBC0011348001D00EBC100FB
:1050500090F83410322001550F48C07800EBC001A1
:105060000D48001D00EBC100008FC0F30721332065
:10507000015515E0C01600204418002044170020F8
:105080000000204200007F43D03C0020D4190020C3
:10509000E2190020EC1B0020F0190020C6FF0308D5
:1050A0006448C07800EBC0016248001D00EBC100FD
:1050B00090F8381034200155B4E0217825200155AE
:1050C0006178262001555C480178272001555A480F
:1050D000401C0178282001555748801C0178292060
:1050E00001555548C01C01782A20015500212B206C
:1050F00001552C2001552D2001552E2001552F2022
:105100000155A078012804D14C4A06CAC4E90C1202
:1051100005E0FF22082104F13000FBF704FB81E0E9
:105120004748017C807D41EA0010C1B2252001552D
:105130004348017F90F8220041EA0010C1B22620C6
:1051400001553F4890F8281090F82E0041EA0010D1
:10515000C1B2272001553A4890F8341090F83A002F
:1051600041EA0010C1B228200155354890F840109E
:1051700090F8460041EA0010C1B2292001550020F4
:105180000BE000EB40022E49103101EB42010B799C
:10519000811D04F124025354401C0A28F1DB41E034
:1051A00000200BE000EB40022549103101EB4201E9
:1051B0004B78411C04F124025354401C0A28F1DBB3
:1051C000002008E01E4908310B5C00F10B0104F1DE
:1051D00024025354401C0428F4DB1948017B407B13
:1051E00041EA0010C1B2332001551548817BC07BD4
:1051F00041EA0010C1B2342001550E49C97801EBD3
:10520000C1020C49091D01EBC20188680D4911F06A
:1052100061F9054611F0DEF8C1B23520015501E013
:10522000BDE8F08100BF04F1240107480EF03AFD0B
:1052300000BFF5E7F0190020C6FF0308088000084A
:10524000601D002000002041F03D00200246582053
:10525000B1F1006F04D32E4B994201D2002056E0E9
:105260002B4B994204D32B4B994201D208204EE09C
:10527000284B994204D3284B994201D2102046E092
:10528000254B994204D3254B994201D218203EE088
:10529000224B994204D3224B994201D2202036E07E
:1052A0001F4B994204D31F4B994201D228202EE074
:1052B0001C4B994204D31C4B994201D2302026E06A
:1052C000194B994204D3194B994201D238201EE060
:1052D000164B994204D3164B994201D2402016E056
:1052E000134B994204D3134B994201D248200EE04C
:1052F000104B994204D3104B994201D2502006E042
:105300000D4B994203D3B1F1016F00D25820704781
:10531000004000080080000800C0000800000108EC
:105320000000020800000408000006080000080849
:1053300000000A0800000C0800000E0870B50446C2
:105340003E4890F87E000E2816D13D4809F0F4FD45
:105350006169401A42F2107188420DD9384809F04B
:10536000EBFD606109212046FFF780FC334890F88F
:105370009A1002F00DFC70BD304890F879000128B9
:1053800029D12070002060702D4809F0D5FD6061A2
:10539000211D204600F0CAFA0120A07000202749F4
:1053A00081F87900084690F89A1002F0F1FB092183
:1053B0002046FFF75BFC00250BE0214809F0BCFD0F
:1053C00008B1012100E0002104F13C004155681CB6
:1053D000C5B2142DF1DB194890F8790002281DD1CF
:1053E000002020700120607016490870144809F0F0
:1053F000A3FD00F6B83014490860114809F09CFD7F
:10540000606100200D4981F87900084690F89A10F3
:1054100002F0BEFB09212046FFF728FC094800786E
:1054200050B1074809F088FD07490968884203D947
:10543000002004490870607000BF9CE7D03C002049
:10544000C0160020BC120020C012002010B5044677
:1054500054212046FBF791F9204600F00DFB204631
:1054600000F0AEFB10BD0000FEB50446F84809F0A0
:1054700063FDF8490968401AB0F57A7F04D9F44809
:1054800009F05AFDF34908602046FFF757FFF2483C
:105490000EF066FAF04890F8350038B90020207018
:1054A0006070A0700120E061A061FEBDEA4890F844
:1054B0003600002872D00020E74981F836000846FF
:1054C00090F838701422383104F12400FBF7EEF81C
:1054D0002078012801D0072F7ED1052F7DD006DC52
:1054E000012F0BD0022F5AD0032F56D191E0072F56
:1054F00074D0092F73D0102FF7D168E1002013E08A
:10550000411C04F12402515C09290CDD411C515C51
:10551000212908DAD149095C29B1411C525CCF49E3
:105520001E3121F81020401C0528E9DB002013E083
:10553000811D04F12402515C09290CDD811D515C9F
:10554000212908DAC549095C29B1811D525CC3498A
:10555000283121F81020401C0528E9DB3520005DAA
:1055600000F00100BE4908703520005DC0F3400026
:1055700048703520005DC0F34010BA4948703520AE
:10558000005DC0F38010B84948703520005D00F020
:10559000100010B1B5480AF021F82BE1A0E100207D
:1055A00012E0411C04F12402515CCA09AB497A3172
:1055B0000A54411C04F12402515C01F07F02A74906
:1055C00032310A54411CC8B20528EADB3320005DA1
:1055D00000F00300A14903E00DE195E0B6E0ECE046
:1055E00008753320005DC0F381019C48417533206C
:1055F000005DC0F30111994881753320005D810978
:105600009648C1753420005D00F00301934801768F
:10561000F0E02620005D182804DA2620015D90487D
:1056200080F8C3102720005D3C2804DA2720015DA4
:105630008B4880F8C4102820005D182804DA282040
:10564000015D874880F8C5102920005D3C2804DAF8
:105650002920015D824880F8C6102C20005DFF28BB
:1056600003D12D20005DFF2808D02D20015D2C20C6
:10567000005D01EB00207A49A1F862002F20005D57
:10568000032806DA2F20005D00F00300744981F83A
:105690006D003220005D332807DA3220005D0328D8
:1056A00003DD3220005D6F49C8803320005D512842
:1056B00003DA3320005D6C49C8803520015D342059
:1056C000005D01EB0020092811DD3520015D34204B
:1056D000005D01EB002040F2AB51884207DA352033
:1056E000015D3420005D01EB00205F490881362018
:1056F000005D012807DD3620005D0B2803DA362027
:10570000005D5849488175E0534890F839000128F8
:105710001BD0514890F83900022816D04E4890F816
:105720003900AA2804D1002051490860FEF70AF97F
:10573000494890F83900A52807D1494806F058F89B
:105740004C484B490860FEF7FDF853E02520015D09
:105750004348C0F8B8102620015D4148C0F8B41095
:105760002720005D3E49C1F8B0002820015D3C487B
:10577000C0F8BC102920015D394880F8C0102A20EB
:10578000015D374880F8C1102B20015D344880F856
:10579000C21090F8C21090F8C100314A92F8C020AF
:1057A000CDE9002002912E4890F8B83090F8B4204E
:1057B00090F8B01006F002FF1CE02520005D28B92B
:1057C0002620005D012801D10020207012E0002673
:1057D0000DE0701C04F12401085CFF2806D0701C49
:1057E0000B461A5CF1B224480BF0ACF9761C0A2E79
:1057F000EFDB00BF00BF2078002871D1052F6FD1EB
:10580000134809F099FB6169401A42F6F821884271
:1058100066D9102210493931201DFAF7FEFE1048D2
:1058200090F87E000E285BD000202BE0002600259B
:105830000AE0211D495D114A02EB0012525D9142BE
:1058400000D00126691CCDB2082DF2DBC6B91BE0E1
:10585000C0160020B8120020F03D0020441800209F
:10586000D03C0020D4190020E2190020EC1B0020BD
:10587000FC03002055AA1600601D002010800008BF
:10588000411CC8B21028D1DB7EB900250BE005F120
:105890000800211D085C21492944097A884200D06A
:1058A0000126681CC5B2082DF1DB012E09D11C4868
:1058B00009F042FB6061002060701A4806F002F9AE
:1058C0000DE0012020700020A07000BF05E0012243
:1058D00004F13C010A54411CC8B21428F7DB00BF94
:1058E000002616E004F13C00805D88B10C4809F008
:1058F00023FB0D490968401A322809D9207838B1AC
:10590000002104F13C008155F1B22046FFF7AEF9C9
:10591000761C142EE6DB00BFC7E5000000800008FF
:10592000C0160020D03C0020B41200202DE9F04F1A
:10593000C9B082460F46FCF7A3FA00BF4C48006886
:1059400000F480300028F9D14948D0F80090B9F12E
:10595000000F02D04846FCF7DBF9002637E04FF095
:10596000010B4FF000080CE0424800EB061010F865
:105970000800FF2801D04FF0000B08F1010000F0F3
:10598000FF08B8F1100FEFDBBBF1010F1DD10024B0
:1059900014E03D5D601C385C05EB0025A01C385C04
:1059A00005EB0045E01C385C05EB0065314901EB77
:1059B000061108192946FCF735FA241D082CE8D3EE
:1059C000FCF714FA49B0BDE8F08F701CC6B2102E77
:1059D000C5DB002405E027482038205C01A90855D4
:1059E000641CB4F5907FF6D3224920395046FFF766
:1059F0002DFC02210090FCF791F900BF1C480068C3
:105A000000F480300028F9D1202405E001A904F138
:105A10001000085C0855641CB4F5887FF6D3002498
:105A200005E0395D04F5887001AA1154641C082C46
:105A3000F7D3002415E001A8055D601C01A9085CEE
:105A400005EB0025A01C085C05EB0045E01C085C8C
:105A500005EB00650749203960182946FCF7E2F993
:105A6000241DB4F5907FE6D3FCF7C0F900BFA9E789
:105A70000C3C0240208000082DE9F047C8B0814668
:105A80004C484079202874D14A4880792028FAD19E
:105A90004848C0792028F6D1FCF7F2F900BF464803
:105AA000006800F480300028F9D14348D0F8008025
:105AB000B8F1000F02D04046FCF72AF9002404E0B8
:105AC0003C48205C0DF80400641CB4F5907FF7D3CB
:105AD00038494846FFF7BAFB82460221FCF71EF917
:105AE0003548D0F80080B8F1000F02D04046FCF7EE
:105AF0000FF900BF3048006800F480300028F9D169
:105B0000002418E0002500260BE006EB44012B489A
:105B100010F8110000F00F0005432807050E701C57
:105B2000C6B2022EF1DB05F1200000F03F05601D3A
:105B30000DF80050641C032CE4D3002415E000256C
:105B400000260BE006EB44011C4810F8110000F0A1
:105B500003000543A806050E701CC6B2042EF1DB37
:105B600004F110000DF80050641C082CE7D3002449
:105B700017E01CE01DF80470601C1DF8000007EB26
:105B80000027A01C1DF8000007EB0047E01C1DF8D3
:105B9000000007EB0067074960183946FCF742F937
:105BA000241DB4F5907FE5D3FCF720F900BF48B081
:105BB000BDE8F087008000080C3C0240641700201C
:105BC0002DE9F0418046002407E01D482044007A7A
:105BD000FF2801D0BDE8F081641C082CF5D3FCF748
:105BE0004FF900BF1748006800F480300028F9D151
:105BF0001448076817B13846FCF78AF8002419E002
:105C0000002500260CE004EB440006EB40010E48A2
:105C100010F8110000F0010005436D00701CC6B2C1
:105C2000202EF0DB0649083101EB84002946FCF701
:105C3000F9F8641C022CE3D3FCF7D8F800BFC9E7DD
:105C4000008000080C3C02406417002070B586B04C
:105C500005460C46052C01DB06B070BD1148005D01
:105C6000F0B16523104A0621284600F04DF806469B
:105C7000FF20029003900490014605900948401DC2
:105C8000005D4006000ECDE9000106487A30005D57
:105C900040F0FC03601CC2B23146044809F016FB18
:105CA00000BFD9E744180020E4FF0100B01D002028
:105CB00030B587B004466523104A0621204600F01F
:105CC00023F805460E4890F893000D4991F892107C
:105CD0000B4A92F891200A4B93F89030CDE90232AA
:105CE000CDE90410FF2000900346A622294601902A
:105CF000044809F0EBFA07B030BD000065EF010081
:105D0000D03C0020B01D002030B50446C2F3100086
:105D100043EA002001F0070540EA856030BD00003D
:105D200030B587B004466523104A06212046FFF7A8
:105D3000EBFF05460E4890F88F000D4991F88E1044
:105D40000B4A92F88D200A4B93F88C30CDE9023241
:105D5000CDE90410FF2000900346A52229460190BA
:105D6000044809F0B3FA07B030BD000065EF010048
:105D7000D03C0020B01D002030B587B0044665231C
:105D80000E4A06212046FFF7BFFF0546FF220C48BA
:105D900000790B49C978CDE90302094805920291BF
:105DA000807807494978CDE9001005480378AA2290
:105DB0002946044809F08AFA07B030BD65EF0100B2
:105DC00044180020B01D00202DE9F04186B00446A3
:105DD0003348C07800EBC0013148001D00EBC10022
:105DE000406B3C21B0FBF1F0C0F307452C48C07874
:105DF00000EBC0012A48001D00EBC100406B3C21B4
:105E0000B0FBF1F0C0F307262548C07800EBC001D5
:105E10002348001D00EBC100406B3C21B0FBF1F0BA
:105E2000C7B265231F4A06212046FFF76DFF804653
:105E30001B48C07800EBC0011948001D00EBC100F1
:105E400090F82D001649C97801EBC1021449091DCB
:105E500001EBC20191F82C10114AD27802EBC20377
:105E60000F4A121D02EBC30292F82B200C4BDB7879
:105E700003EBC30C0A4B1B1D03EBCC0393F82A3036
:105E8000CDE90065CDE90232CDE904103B46A422FC
:105E90004146054809F01AFA06B0BDE8F081000055
:105EA000F019002065EF0100B01D00202DE9F04140
:105EB00086B006461D484078402141EA80001B49D3
:105EC000897840EA0110C7B21848B0F9040000F21E
:105ED00011104FF6FF7101EA40141448B0F90600A2
:105EE00000F2111001EA40156523114A06213046DF
:105EF000FFF70AFF8046FF230C48807A00EB800002
:105F00004006000E2912EAB2CDE90403CDE90221D0
:105F10002012E1B23B460122CDE90010414605487E
:105F200009F0D4F906B0BDE8F0810000D4190020D2
:105F3000FCFE0100B01D00202DE9F04186B00646B0
:105F40000C46092C02DD06B0BDE8F081052C25D1F8
:105F50004149086D414910F0F1F880464FF0844105
:105F600010F0B8FA074610F035FA85B265233C4ABE
:105F700006213046FFF7C8FE0746FF200290039037
:105F80000490014605902812EBB2CDE90001601C97
:105F9000C2B23946334809F099F900BF052C2ADA14
:105FA0003148005D38B32C49343151F824002B4975
:105FB00010F0C4F880464FF0844110F08BFA074689
:105FC00010F008FA85B26523254A06213046FFF70E
:105FD0009BFE0746FF200290039004900146059027
:105FE0002812EBB2CDE90001601CC2B239461D484F
:105FF00009F06CF900BF052C2BDD1C48007840B37C
:10600000A11F1A4A103252F82100144910F096F8D4
:1060100080464FF0844110F05DFA074610F0DAF93F
:1060200085B265230E4A06213046FFF76DFE07460E
:10603000FF20029003900490014605902812EBB2D5
:10604000CDE90001601CC2B23946064809F03EF9AC
:1060500000BF00BF77E700001017002000808843D2
:106060009CFF0100B01D0020441800201C1D0020D2
:10607000F0B587B006464FF0FF341E48007810B1E7
:106080001D48D0F8A8401D4801F03CFB1C4991F880
:10609000741009B1012100E0002141EA8000C0B282
:1060A00040F0F0056523174A06213046FFF72CFE25
:1060B0000746FF23C4F30740C4F30721E2B2CDE94A
:1060C0000403CDE902210E4890F8E6000E49C97894
:1060D00001EBC1020C49091D01EBC20191F83C1012
:1060E0002B46A922CDE900103946084809F0EEF800
:1060F00007B0F0BDE2190020D03C0020301900208C
:106100001017002065EF0100F0190020B01D0020DD
:1061100030B587B004466523154A06212046FFF7AF
:10612000F3FD0546FF231348B0F84C00C0F30720E9
:10613000104991F84C100F4AB2F84020C2F30722E0
:10614000CDE90403CDE902210A4890F8400009494D
:10615000898FC1F30721CDE90010064890F83C3043
:10616000A2222946044809F0B1F807B030BD00006A
:1061700065EF010030190020B01D002030B587B058
:1061800004466523154A06212046FFF7BDFD054656
:10619000FF231348B0F85800C0F30720104991F8C6
:1061A00058100F4AB2F85420C2F30722CDE9040375
:1061B000CDE902210A4890F854000949B1F850107D
:1061C000C1F30721CDE90010054890F85030A32213
:1061D0002946044809F07AF807B030BD65EF0100A0
:1061E00030190020B01D002030B587B0044665236B
:1061F000104A06212046FFF787FD0546FF20029042
:106200000390049005900C48D0F8A400C0F3074018
:106210000949B1F8A410C1F30721CDE900100648DF
:1062200090F8A430A1222946044809F04FF807B09D
:1062300030BD000065EF0100D03C0020B01D002003
:106240002DE9F04186B007460C46052C02DB06B06E
:10625000BDE8F08140251D48005D012801D145F0D1
:1062600002051A48005D022801D145F004051748CF
:106270001438005D38B3214614481438FEF7E2F8AC
:1062800000F211104FF6FF7101EA40166523104A23
:1062900006213846FFF738FD8046FF213012CDE950
:1062A00002010491F0B2059108490F39095D4906D0
:1062B000090ECDE90010601CC2B22B4641460548CC
:1062C00009F004F800BF00BFC1E700005818002023
:1062D000E2FF0100B01D0020F0B587B005460C4676
:1062E000052C01DB07B0F0BD1248005D00B30026AD
:1062F000114806F0BFF900B101260F48C07800B17F
:10630000FA2665230D4A06212846FFF7FDFC0746BD
:10631000FF2002900390049003210590CDE9001026
:10632000601CC2B233463946054808F0CFFF00BFB3
:1063300000BFD7E744180020D03C0020FAFE01003F
:10634000B01D00202DE9F04387B0074623480078B0
:106350002249497840EA410000F0FF08C324204860
:1063600001F0F2F900F211104FF6FF7101EA401549
:106370001C48B0F9480000F2111001EA40161A4812
:10638000C07800EBC0011848001D00EBC10090F878
:106390003C0008B144F00404114801F0B3F944EAA8
:1063A0000010C4B26523114A06213846FFF7ACFC41
:1063B0008146FF223012F1B2CDE90442CDE902104C
:1063C0002812E9B243460122CDE9001049460848A7
:1063D00008F07CFF07B0BDE8F0830000D03C00204F
:1063E0003019002010170020F0190020F7FF0100DD
:1063F000B01D0020F0B587B006461448007810B1F3
:106400001248447800E00F24114890F8B30004EBE0
:106410000010104991F8941000EB8110C5B265236B
:106420000D4A06213046FFF76FFC0746FF20029019
:10643000039004900590034601223946CDE90050AF
:10644000064808F043FF07B0F0BD0000E219002045
:10645000101700203019002099FE0100B01D002007
:1064600030B587B0044665231E4A06212046FFF753
:106470004BFC05461C4890F836004006000E1A49B1
:1064800091F835104906090E174A92F83420520641
:10649000120E154B93F833305B061B0ECDE902321A
:1064A000CDE90410104890F832004006000E0F4964
:1064B000C97801EBC1020D49091D01EBC20191F838
:1064C00024102831C9B2CDE90010094890F84800DD
:1064D0002830C3B2A0222946064808F0F7FE07B0CC
:1064E00030BD000065EF010044180020F0190020C5
:1064F00010170020B01D00202DE9F14F8EB0FF20B5
:106500000B900A9009900020089000BF05E03349E5
:10651000095C09B101210891401C0528F7DB3048CE
:1065200090F82D0108B9012000E000200D902D48C1
:10653000C07800EBC0012B48001D00EBC10090F8B3
:106540003C0028B9284801F0DDF808B9089808B1DE
:10655000012000E000200C900025214890F82D013A
:1065600008B1012400E00024FF274FF07F084FF01E
:1065700001091B4890F82D0120B1194800780B90B3
:1065800001200A9065264FF0FF0AD3466523174A7B
:1065900006210E98FFF7B8FB079048EAC910C0B271
:1065A000099901F0070147EA4111CDE904ABCDE9B2
:1065B0000210DDE90A10CDE90001DDE90C1040EA26
:1065C000810040EA051040EA8410C2B23346084810
:1065D000079908F07BFE0FB0BDE8F08F4E18002041
:1065E000EC1B0020F019002030190020CAFE010029
:1065F000B01D002070B586B005466523134A0621FC
:106600002846FFF781FB0646FF2211480489E01760
:1066100004EB1060C0F307200D49097ACDE90302AD
:106620000B480592029180792830C0B2094991F84F
:106630007C10CDE90010074890F86230A82231465E
:10664000054808F043FE06B070BD000065EF01008C
:10665000E2190020D03C0020B01D00202DE9F04FB1
:1066600087B082460C461546052C02DB07B0BDE814
:10667000F08F022D00DDF9E74FF000092248005DA0
:1066800000283ED015B1012D14D109E01E48283054
:1066900030F914901D4890F8C56090F8C6700FE06E
:1066A00019481E3030F91490184890F8C36090F8DB
:1066B000C47005E0FA25FF26FF274FF00A0900BF46
:1066C00000BF09F211104FF6FF7101EA401865236F
:1066D0000F4A06215046FFF717FB8346FF224FEA79
:1066E000282008F0FF01CDE90302601CCDE9006716
:1066F00005920291C2B22B465946064808F0E6FDC3
:1067000000BF00BFB2E7000044180020D03C0020CA
:10671000F7FE0100B01D0020F0B587B006460C461C
:106720001546052C01DB07B0F0BD022D00DDFAE7B0
:10673000022D00D1FA250E48005DB0B165230D4A47
:1067400006213046FFF7E0FA0746FF20029003904B
:106750000490059015205521CDE90010601CC2B2AF
:106760002B463946044808F0B1FD00BFDBE70000C6
:1067700044180020F6FE0100B01D0020F0B587B0DF
:1067800005460C4600260F48065D5938005D00B1ED
:10679000052665230C4A06212846FFF7B5FA074669
:1067A000FF2002900390049005900090019006F164
:1067B000F000C3B2601CC2B23946044808F086FD3E
:1067C00007B0F0BDBC19002097FE0100B01D0020ED
:1067D00070B588B006460025002003E0FF2106AA18
:1067E0001154401C0728F9DB002412E0E1B21C48D8
:1067F00008F00EFF48B1E1B2194808F009FFC2B233
:106800002846691CCDB206A90A54062D00DD05E014
:10681000641C134809F072F8A042E7DC6523114AB2
:1068200006213046FFF770FA04469DF81E009DF8D9
:106830001D109DF81C209DF81B30CDE90232CDE9DA
:1068400004109DF81A009DF81910CDE900109DF86C
:10685000183080222146044808F038FD08B070BD89
:10686000EC1B002065EF0100B01D0020002101702D
:10687000704770B506460C461546304600F006F8DF
:1068800029462046FBF7CEFA70BD000070B50546DC
:1068900000BF0648006800F480300028F9D10348A2
:1068A000046814B12046FBF733FA70BD0C3C02407B
:1068B00070B505460C46FBF7E3FA2846FFF7E6FFFE
:1068C00002212046FBF72AFAFBF790FAFBF7EAFAD7
:1068D00070BD0246086870470021017070470000D3
:1068E0002DE9F047814688461746314800883049EF
:1068F0004988884203D100202D49088048802C48CF
:106900000088642801DBBDE8F087294805880DB9B7
:10691000002409E0681E2649091D31F81020C831FD
:1069200031F81000104484B2E019B0F5806F33DA0A
:106930001F48001D20F81540B81C81B21C48CC30FF
:1069400020F81510002698F80200801C88F8020034
:1069500000BF06E018F80610A21916488154701CF2
:1069600086B2BE42F6DBFB1E0322414612480AF005
:10697000B8F811480AF098F8A2190E4988540E4840
:106980000AF08EF8A119491C0A4A50540848008898
:10699000401C0749088000BF084890F8130528B933
:1069A00099F8100510B9054800F036F900BFAAE7BC
:1069B0003C3B0020143300207005002014320020DE
:1069C00010B586B0044601218804FBF785FD01213E
:1069D0000420FBF771FD6846FBF724FB4FF4806051
:1069E000009002208DF805008DF8040069462848C3
:1069F000FBF7A0FA6846FBF715FB4FF40060009028
:106A000002208DF805008DF8040069462048FBF748
:106A100091FA07220A211E48FBF7D4FA07220B211C
:106A20001B48FBF7CFFA02A8FCF7ABFB1948D0F8DC
:106A30000C0502900020ADF80C00ADF80E00ADF88A
:106A400010000C20ADF812000020ADF8140002A9CF
:106A50001148FCF723FB012240F225510E48FCF7B8
:106A6000F8FA272000F01F0201219140420992000C
:106A700002F1E022C2F8001100BF01210648FCF734
:106A8000B2FA002084F81005FCF770FF06B010BDC4
:106A9000000802401432002000480040052900DAB6
:106AA0000521024AA2F81415704700001432002094
:106AB0000021074A118051800121064A82F81215EF
:106AC0000021A0F81819A0F81619A0F81C19704791
:106AD0003C3B00201432002090F8261991B9B0F800
:106AE0001E19FA2904DAB0F81E19491CA0F81E195B
:106AF000B0F81E190A2905D1012180F826190021B4
:106B0000A0F81E190B49B1F80415491C094AA2F84E
:106B100004151146B1F80415B1F5FA6F09DD01212C
:106B200082F811150021044A82F88610014AA2F861
:106B30000415704714320020D03C002070B5044684
:106B4000B4F82009401CA4F82009B4F82009B4F8CE
:106B5000221988420EDA13484188001D30F811507E
:106B6000B4F82009421904F58070815C0E48FCF7E6
:106B700004FB15E0002240F226610B48FCF769FA9D
:106B800008484088401C0749488001210748FBF716
:106B9000ACFF0120064981F81305002081F810059B
:106BA00070BD00003C3B0020004800400004004055
:106BB0001432002010B50A46B0F8164900F21653F8
:106BC0001A55B0F816395B1CA0F81639B0F816390A
:106BD000B3F5806F02DB0023A0F816390023A0F87C
:106BE0001E39B0F8161990F81235A3B9B0F8163955
:106BF000052B10DDCB1E00F21654E35C822B0AD16C
:106C00008B1EE35C4F2B06D14B1EE35C4B2B02D15A
:106C1000012380F8123510BD70B50446012084F8B8
:106C2000100525484188CC3030F81100F52805DDE5
:106C3000F52121484288CC3020F812101E484188A6
:106C4000CC3030F81100A4F822090020A4F8200963
:106C500019484188001D30F8115004F58070415DDD
:106C60001648FCF78AFA012240F226611348FCF725
:106C7000F0F904F58070E91C405C114981F80805C1
:106C8000084690F80805822803D1002081F81205F3
:106C900011E001200A4981F8120504F58070691D90
:106CA000425C291D405C02EB00200549A1F8060565
:106CB000002081F8090570BD3C3B002000480040E1
:106CC000143200202DE9F041044694F8020508B181
:106CD000BDE8F0816DE0B4F8181904F21650455C77
:106CE000B4F81809401E04F21651085C05EB0020A8
:106CF00086B2B4F81809401CA4F81809B4F81809A9
:106D0000B0F5806F02DB0020A4F8180994F826097A
:106D1000D8BBB4F81C092554B4F81C0908B9A4F868
:106D20001A59B4F81C09B4F81A1988422EDB01204C
:106D300084F82609B4F81809401E04F216510A5CBA
:106D4000B4F81809801E085C02EB002087B2B4F882
:106D50001829B4F81A09121A08461118B4F81A09B1
:106D6000831E0022174809F0BCFE164809F08FFE6A
:106D70008046B84508D1012084F802050020124958
:106D8000A1F8040581F8110519E005E0B4F81C0923
:106D9000401CA4F81C090CE045F6A520864208D149
:106DA000002084F82609A4F81C094FF48070A4F888
:106DB0001A09B4F81809B4F8161988428BD100BF23
:106DC00000BF85E76C0500201432002010B5044692
:106DD0001A48007800F0010058B918480DF00AFD73
:106DE00038B1174808F0A8F8164908601348AFF3FF
:106DF00000801548007800F0010058B912480DF0E5
:106E0000F9FC38B10E4808F097F8104908600E48B0
:106E1000AFF300800A4808F08FF80A490968401A61
:106E2000052807D3064808F087F806490860204679
:106E3000FFF752FE2046FFF745FF10BD000500207A
:106E4000C016002004050020FC04002008050020D6
:106E500010B5044640F628112046F9F78EFC0020B4
:106E60000B490880488001200A4981F8120500205A
:106E700081F81105A1F80405A1F806051420A1F870
:106E800014054FF4E130C1F80C05204610BD000098
:106E90003C3B00201432002010B50446E27A0F4932
:106EA00051F822000FF07AFA00B2A080B4F9040081
:106EB000B4F90610884202DB0020A0706070B4F9BB
:106EC0000400B4F90610884203DA607808B10120A2
:106ED000A070607808B90020A07010BDFC170020D9
:106EE00070B50546002408E004EBC402291D01EB3F
:106EF000C20006F055F9601CC4B2072CF4DB70BD6B
:106F00000246172902D14FF0814070471B2901D159
:106F10000A48FAE7222901D10948F6E7232902D1D4
:106F20004FF08140F1E72B2901D10448EDE72C29EE
:106F300002D14FF08140E8E70020E6E7CDCC8C405D
:106F40009A99D94010B50146002007E0012300EBD3
:106F5000C0040A1D02EBC4029370401C0728F5DB35
:106F600010BD70B504460026002511E005EBC501F3
:106F7000201D00EBC10090F8440040B105EBC502B4
:106F8000211D01EBC20006F01BF9701CC6B26D1C7E
:106F9000072DEBDBA67070BD10B504460723482211
:106FA0000549201D0DF014FC041F4FF4FE7120460E
:106FB000F9F7E3FB204610BD81D20208F0B5064682
:106FC0000F461546681C00B9F0BD3946304600F042
:106FD00047F8044624B12A462146304600F0E4F83A
:106FE00000BFF1E770B505460E463146284600F071
:106FF00037F8044624B12146284600F000F970BD58
:107000004FF0FF30FBE700002DE9F0470646002572
:1070100020E005EBC500114901EB800420690FF069
:10702000F9F98246E1690FF055FA8146216A0FF0BD
:1070300085F807464FF07C5138460FF07FF88146BF
:107040000FF0ACF9804642462146304600F0ACF8DD
:10705000681C85B25E2DDCDBBDE8F087780500207A
:1070600010B503460A4600210DE001EBC100084CB3
:1070700034F82000904204D101EBC10004EB800001
:1070800010BD481C81B25E29EFDB0020F8E700004C
:10709000780500202DE9F84F0446244807F04CFFFE
:1070A00020612349E068884202D9204600F02EF989
:1070B000204600F039F9002624E006EBC6001D4901
:1070C00001EB80052946204600F099F800900098D1
:1070D0000FF0A0F98346296A0FF004FB8246E969A4
:1070E0000FF09AF881464FF07C510FF027F8804658
:1070F0000FF054F9074629883A46204600F0BEF8BA
:10710000701C86B25E2ED8DB204600F0F9F80748E6
:1071100007F012FF2169401A6061D4E90501884235
:1071200001D96069A061BDE8F88F0000C016002099
:1071300000FD0008780500202DE9F05F074638467D
:10714000FFF762FF002528E005EBC500154901EBBC
:1071500080042188384600F075F80646701CD0B1CE
:1071600030460FF057F98346E1690FF0B3F98246D4
:10717000216A0EF0E3FF80464FF07C5140460EF04E
:10718000DDFF82460FF00AF981464A46214638461D
:1071900000F00AF800BF681C85B25E2DD4DBBDE8A4
:1071A000F09F00007805002010B5CB6803B910BD32
:1071B0004B69934200DD4A698B69934200DA8A6920
:1071C0000B7A052B18D2DFE803F003060A0D100036
:1071D000CC68227010E013B2CC6823800CE0CC683D
:1071E000228009E0CB681A6006E00AB1012300E0C2
:1071F0000023CC68237000BF00BF00BFD7E7024662
:10720000C86808B900207047087A052818D2DFE856
:1072100000F003060A0D1000C8680078F3E7C8689C
:10722000B0F90000EFE7C8680088ECE7C8680068BC
:10723000E9E7C868007808B10120E4E70020E2E748
:107240000020E0E770B505460E46EC680BE02146ED
:107250000848FFF73EFBB04204D1211D0548FFF767
:1072600038FB70BD083C04488442F0D24FF0FF3038
:10727000F7E700007405002000C0000870B5044660
:107280000D4616460C49E068884213D30B49E06866
:1072900088420FD82A460A48E168FFF7EAFAE06810
:1072A000001DE06032460648E168FFF7E2FAE06858
:1072B000001DE06070BD000000C00008E8FF00088D
:1072C0007405002070B505460A4C0BE021460A48BB
:1072D000FFF7FFFA401C20B9EC602846FFF72CFFAF
:1072E00070BD083405488442F0D3284600F00EF8FB
:1072F00000BFF5E700C0000874050020F0FF00089B
:1073000010B50446FAF772FD10BD000010B5044632
:1073100018210348FFF7CCFA0248E06010BD0000D6
:107320007405002000C0000810B50446FAF7A8FD57
:107330000148FFF7ABFA10BD7405002010B50446F4
:107340001C212046F9F719FA204610BD10B5044655
:10735000204600F0D7F910B104480CF0CCF8002218
:107360004FF480710248FAF766FE10BDB01200209B
:107370000008024010B5044604F180000021C160FD
:10738000016130212438F9F7F8F9204600F050FA6D
:107390000020844981F8B50081F8B40081F8B60076
:1073A00081F8B70000BF43E07E493F31095C19B165
:1073B0007C494431095C31B97A49095C19B1012130
:1073C000784A82F8B61077493F31095C012904D028
:1073D00074494431095C012906D17249095C19B12B
:1073E0000121704A82F8B7106E493F31095C0229C9
:1073F00004D06C494431095C022906D16949095C11
:1074000019B10121674A82F8B41066493F31095C1D
:10741000032904D063494431095C032906D1614939
:10742000095C19B101215F4A82F8B510411CC8B24C
:107430000528B9DB5C48007A022803D05B48807AD3
:10744000022803D10120574981F8B4005648007A38
:10745000032803D05548807A032803D101205149DD
:1074600081F8B5004F48C07818B14E4890F8B50083
:1074700030B94C48007938B14A4890F8B40018B196
:10748000012084F8A10002E0002084F8A10000207F
:1074900008E004F133010A5C00EB4003293101F8F4
:1074A0001320401C0828F4DB002021E03D49095C42
:1074B000E9B13C493731095CC9B1012239493F3151
:1074C000095C01EB410304F15C0101EB43014A70EB
:1074D00034494431095C082909DA32494431095CEC
:1074E00001EB410304F15C0101EB43014A70401CD4
:1074F0000528DBDB2C48807848B101212A48007A36
:1075000000EB400204F15C0000EB42008170274870
:10751000807848B101212548807A00EB400204F1CF
:107520005C0000EB4200C1702048807828B11F4801
:10753000C07810B1012184F877101D4890F87400CC
:1075400010B1012184F878101A4800F0DBF828B156
:107550001948007810B1012184F87910002011E059
:1075600000210CE000EB400304F15C0202EB43025B
:10757000525C1AB1012304F18C021354491C0629F0
:10758000F0DB401C0828EBDB94F88C204FF4806182
:107590000A48FAF750FD8D20025D80210848FAF76D
:1075A0004AFD10BD44180020D4190020E219002023
:1075B0001017002030190020F019002000040240AC
:1075C00000080240054991F8901019B9034991F853
:1075D000921011B10021024A11707047101700205B
:1075E000D03C002010B5044694F8320030B10020A1
:1075F000404948702046FFF7A9FE10BD3D4840783D
:1076000030B93C48C07818B92046FFF79FFEF4E730
:107610003948C07800EBC0013748001D10F8310030
:10762000F0B9364890F8B300D0B9344890F8B500B6
:10763000B0B9324890F8B60090B9304890F8900050
:1076400070B92E4890F8920050B92B48C07800EBE2
:10765000C0012948001D00EBC10090F8450018B199
:10766000002024494870C8E7244890F8900018B9D1
:10767000224890F8920018B100201E494870BCE7DB
:107680001F4800F0B1F81D49B1F9481088420EDDDD
:107690001B4800F0A9F81849C97801EBC102164946
:1076A000091D01EBC201B1F92410884202DC204619
:1076B000FFF74CFE114890F8740010B994F896004A
:1076C00058B10E48B0F948000D49B1F9041088428C
:1076D0000EDA204600F024F90AE0094800F078F8B4
:1076E0000649B1F94810884202DD204600F018F939
:1076F00000BF82E7D03C0020F019002010170020C6
:107700003019002010B504464FF480710348FAF791
:107710007CFC012800D110BD0020FCE700080240DD
:1077200010B504460748C07810B1B4F9280010BD60
:10773000044804F09FFF10B1B4F90E00F7E7B4F964
:107740001000F4E7D03C002001460448C07810B196
:10775000B1F926007047B1F90C00FBE7D03C0020DE
:1077600001460448C07810B1B1F908007047B1F97A
:107770000800FBE7D03C002001460448C07810B167
:10778000B1F906007047B1F90600FBE7D03C0020D4
:1077900010B504460748C07810B1B4F9280010BDF0
:1077A000044804F067FF10B1B4F91C00F7E7B4F91E
:1077B0001E00F4E7D03C002001460448C07810B118
:1077C000B1F926007047B1F91A00FBE7D03C002060
:1077D00001460448C07810B1B1F924007047B1F9EE
:1077E0000200FBE7D03C002001460448C07810B1FD
:1077F000B1F922007047B1F90000FBE7D03C00204E
:1078000001460448C07810B1B1F908007047B1F9D9
:107810001600FBE7D03C002001460448C07810B1B8
:10782000B1F906007047B1F91400FBE7D03C002025
:1078300010B50446184807F07FFB18490968401A3C
:10784000B0F57A7F26D91548006800F57A7013499B
:10785000086000201CE004F13C0151F82010B1B197
:1078600004F13C0151F82010012907D1002204F154
:1078700033010A54093141F8202008E004F13C01A9
:1078800051F82010491E04F13C0242F82010401C1F
:107890000828E0DB10BD0000C016002074040020A2
:1078A00010B504461A4807F047FB1A490968401A00
:1078B000B0F57A7F22D3164807F03EFB15490860E1
:1078C0001548D0F88800401C1349C1F888002046AC
:1078D000FFF718FF20B111480068401C0F490860ED
:1078E000D4F8980050B154F8980F401E206054F816
:1078F0009809012802D1002084F896002046FFF75D
:1079000071FE2046FFF75EFE2046FFF733FD10BDF7
:10791000C016002070040020D03C0020B0120020CF
:1079200010B50446012211020148FAF784FB10BD8C
:107930000008024010B50446A4212046F8F71DFFB8
:10794000204610BD70B503460020642491FBF4F47A
:1079500030341454145C302C01D0441CE0B2642444
:1079600091FBF4F504FB1514E1B20A2491FBF4F445
:1079700030341454145C302C01D1002801DD441C37
:10798000E0B20A2491FBF4F504FB1514E1B201F115
:107990003004E6B20446451CE8B2165570BD00003E
:1079A0002DE9F04105460C465648005D032801D1FB
:1079B000012000E0002006465248005D00F0010072
:1079C00008B9BDE8F0814F4890F84900A04201D0C5
:1079D000052C00DBF5E74B481E3030F81400800022
:1079E00002B241F20501284604F028FE454828303D
:1079F00030F81400800002B241F20601284604F07B
:107A00001DFE40481430005D06EB4601421841F26D
:107A1000C601284604F012FE05F14C0030F81400AF
:107A2000012815D105F11A0030F8140002B241F214
:107A30002601284604F002FEA81D30F8140002B208
:107A400005F1420030F81410284604F0F7FD32E04A
:107A500005F14C0030F81400022816D105F1380069
:107A600030F8140002B241F22601284604F0E6FD87
:107A700005F12E0030F8140002B205F1420030F892
:107A80001410284604F0DAFD15E005F1240030F862
:107A9000140002B241F22601284604F0CFFD05F1A0
:107AA000100030F8140002B205F1420030F8141052
:107AB000284604F0C3FD134880F8494090F8490077
:107AC000421C41F25001284604F0B8FD0D491E3118
:107AD00031F914000EF09EFC07463946284601F0A5
:107AE0003DF90849283131F914000EF093FC07469E
:107AF0003946284603F0A0F82146284601F09AF9B5
:107B000000BF5EE7441800202DE9F04FA5B0044601
:107B100094F8780008B9022000E00120054604A886
:107B2000FCF766FB822104A8FCF718FB41F2470131
:107B30000190FCF744FB029094F87010FCF73FFBB7
:107B400083467120015D5846FCF739FB824672205E
:107B5000015D5046FCF733FB81467320015D4846CA
:107B6000FCF72DFB80467420015D4046FCF727FBA7
:107B700003907520015D0398FCF721FB0746294619
:107B8000FCF71DFB0646FCF7D9FA25B0BDE8F08FDF
:107B90002DE9F047A2B082460C4601A8FCF728FB6D
:107BA000822101A8FCF7DAFA81468421FCF707FB61
:107BB00080465A21FCF7F4FA07460121FCF7F0FA57
:107BC000064621B2FCF7FBFA0546FCF7B7FA22B0ED
:107BD000BDE8F08770B50546002429E004EB4401B8
:107BE0001F4810F81100A0B104EB44031C4800EB3F
:107BF0004300808802B204F58B5081B2284604F01D
:107C00001DFD04F58D5081B20022284604F016FDBA
:107C10000DE004F58B5081B22122284604F00EFDC0
:107C200004F58D5081B22122284604F007FD641C22
:107C30000A2CD3DB0B48007830B940F2622242F2C2
:107C40008201284603F036F90748007830B940F23F
:107C5000622242F29201284603F02CF970BD000026
:107C6000701D0020D4190020E219002001B5ADF5E7
:107C7000247D4FF4FA7127A8F8F77FFDA49890F8B7
:107C800086005A2876D01FDC3C2874D00DDC1E28D4
:107C900074D005DCA0B30A284CD0142849D157E091
:107CA00028286AD03228F9D1EDE050286FD006DCC0
:107CB0003E286DD040286CD04628EFD189E152286B
:107CC00068D05528EAD1BCE17F2872D00EDC782834
:107CD00070D006DC5F286ED064286DD06E28DDD1B0
:107CE000FCE37A2869D07D28D8D1F6E381380528CD
:107CF0001FD2DFE810F02C054B0579068B06C8066D
:107D0000FE48FEF75DFEFD48FEF7D2FEA49800F0A7
:107D1000A4FFFA48FEF7CCFE0A21A49880F886104A
:107D2000F74807F009F9F7490860C821F348FEF75A
:107D3000B5FE05E3F24807F0FFF8F2490968401A7A
:107D4000B0F5966F03D91421A49880F88610F0E757
:107D50000020EA4981F812050121A498FFF718FFD5
:107D6000E74807F0E9F8E74908601E21A49880F881
:107D70008610DEE793E193E000E01FE0DF4890F833
:107D8000120540B12821A49880F8861010E02DE15A
:107D900008E114E148E1DA4807F0CEF8D94909686A
:107DA000401AB0F57A7F03D92821A49880F886106C
:107DB000BFE7FDE3DFE37FE1C3E2E9E31421CF485E
:107DC000FEF76CFE0021A49880F8E3100121A4982E
:107DD00080F87E100020C94981F81105269008E03E
:107DE0000022A4987030269942542698401CC0B2B4
:107DF000269026980628F3DB0021A49880F87F10AF
:107E00004FF47A7300221146A49800F04BFFFF2232
:107E10004FF48051A49804F011FCFF2241F20101BB
:107E2000A49804F00BFC012241F22101A49804F073
:107E300005FC002241F22201A49804F0FFFBB248A5
:107E4000B0F91E00024641F205012690A49804F004
:107E5000F5FBAD48B0F92800024641F20601269034
:107E6000A49804F0EBFB012241F22501A49804F050
:107E7000E5FBA34807F060F8A24908603221A49806
:107E800080F8861055E79E4807F056F89D49096826
:107E9000401A642803D93C21A49880F8861048E74A
:107EA0000020269071E098492698085C00F00100B7
:107EB00030BBA4984230269930F8110000220146C8
:107EC0002590A49804F0BAFB269800280CDD41F216
:107ED000390126980844401E80B2002201462590B0
:107EE000A49804F0ABFB05E0002241F20F11A49826
:107EF00004F0A4FB01222699A49804F075F940E04F
:107F00002698002810DDA49890F86F00259041F283
:107F1000390126980844401E80B224900146259AD3
:107F2000A49804F08BFB09E0A49890F86F00024637
:107F300041F20F112590A49804F080FB7248143090
:107F40002699405C022805D1A4982E30269930F855
:107F5000110004E0A4981030269930F8110000B206
:107F60002590A4984230269930F8110024900146BB
:107F7000259AA49804F062FB00222699A49804F0A4
:107F800033F92698401CC0B22690269805288ADB33
:107F90003E21A49880F88610594806F0CDFF594933
:107FA0000860C6E6564806F0C7FF56490968401AF9
:107FB000642803D94021A49880F88610B9E64621A8
:107FC000A49880F886104E4806F0B6FF4D49086028
:107FD000AFE64B4806F0B0FF4A490968401A6428EA
:107FE00003D95021A49880F88610A2E60021A49815
:107FF00000F096FE45F2501244A1A49802F038FF1A
:1080000045F2301241A1A49802F032FF41A1A49898
:1080100002F03FFF5221A49880F88610384806F0FD
:108020008BFF3849086084E6354806F085FF3549FE
:108030000968401A642803D95521A49880F886104D
:1080400077E63548B0F9060001462690A49802F07C
:108050007FFC3248B0F9060001462690A49802F051
:108060001BFD002026900DE02748AA30269930F904
:10807000110002462590A49803F0AEFA2698401C01
:10808000C0B2269026980528EEDB5A21A49880F8E5
:1080900086101B4806F050FF1A49086049E6184848
:1080A00006F04AFF17490968401A322803D95F21B0
:1080B000A49880F886103CE6A498B0F8600000B25E
:1080C000024641F215012690A49804F0B7FAA4984C
:1080D000B0F8660000B2024641F216012690A4985C
:1080E00004F0ACFAA49890F86F00024641F2310116
:1080F0002690A49804F0A2FAA49811E0143200206B
:10810000C01600200C050020441800202D2E2D2E16
:108110002D2E2D0020000000D4190020E21900208F
:1081200090F86F0001462690A49803F0F5FCFE48F5
:1081300090F849107A30405CD0B9A49890F86F005C
:10814000024641F230012690A49804F077FAA498F0
:1081500090F86F00024641F236012690A49804F090
:108160006DFA012241F22A11A49804F067FA05E0A1
:10817000FF2241F22A11A49804F060FA032241F28E
:108180002301A49804F05AFAE74890F849103230D5
:10819000405C024641F224012690A49804F04EFA75
:1081A000002242F21D01A49804F048FA4FF4AE7286
:1081B00042F24201A49802F07DFE012241F229011F
:1081C000A49804F03BFA012241F22701A49804F09C
:1081D00035FAA49890F86D00024641F233012690DA
:1081E000A49804F02BFAA498B0F8620000B20246FA
:1081F00041F234012690A49804F020FAA498B0F833
:10820000620001462690A49802F08AFCA49890F897
:10821000C4000A2190FBF1F1A49890F8C30000EB90
:10822000400001EB400000B2024641F237012690C7
:10823000A49804F003FAA49890F8C6000A2190FBD1
:10824000F1F1A49890F8C50000EB400001EB40006C
:1082500000B2024641F238012690A49804F0EEF9EB
:10826000A49890F8C41090F8C30000EBC00202EB91
:10827000001001EB800000B2024641F24E01269050
:10828000A49804F0DBF9A49890F8C61090F8C50003
:1082900000EBC00202EB001001EB800000B20246CE
:1082A00041F24F012690A49804F0C8F9A498808C5C
:1082B00000B2024641F226012690A49804F0BEF9CD
:1082C0000021A49880F8E210A498B0F8840000B2CD
:1082D000024641F22D012690A49804F0AFF9A4982B
:1082E000B0F8820000B2024641F22C012690A49818
:1082F00004F0A4F9002241F25401A49804F09EF97C
:10830000002241F25501A49804F098F9002241F2AC
:108310005601A49804F092F9A498B0F87C0000B239
:10832000024641F244012690A49804F087F96421A2
:10833000A49880F886107D4806F0FEFD7C49086010
:10834000B1E37A4806F0F8FD79490968401A4628F1
:1083500072D96E21A49880F88610002026904CE0F7
:1083600071492698085C00F0010080B3A4984C3055
:10837000269930F81100012811D1A498801D269962
:1083800030F8110000B22590A498423030F8110066
:1083900024900146259AA49804F050F929E0A49865
:1083A0004C30269930F81100022811D1A4982E30B3
:1083B000269930F8110000B22590A498423030F888
:1083C000110024900146259AA49804F037F910E092
:1083D000A4981030269930F8110000B22590A49886
:1083E000423030F8110024900146259AA49804F0F8
:1083F00025F92698401CC0B2269026980528AFDBA8
:108400000520494981F84900002026900EE04649A0
:108410002698085C00F0010020B12699A498FFF787
:10842000BFFA06E02698401CC0B226902698052880
:10843000EDDB0020269029E04DE03B492698085CC2
:1084400008B9002000E00220259041F2C8012698DA
:10845000084424900146259AA49804F0EFF8324984
:108460002698085C012801D0002000E00220259019
:1084700041F2D0012698084424900146259AA498F8
:1084800004F0DCF82698401CC0B2269026980528F7
:10849000D3DB022026900FE041F2D5012698084454
:1084A000401E80B2002201462590A49804F0C6F830
:1084B0002698401CC0B2269026980328ECDBA4988E
:1084C000C07840B1A498C078024641F203012690DA
:1084D000A49804F0B3F8E6E200E0EAE0134806F0FE
:1084E0002BFD13490968401A642843D9A498B0F8B1
:1084F0009C00B0F5AF7F01DB002000E002200246C7
:1085000041F26C012690A49804F098F8A498B0F871
:108510009C003C2190FBF1F000B2024641F26B015D
:108520002690A49806E0000044180020C016002001
:108530000C05002004F082F8A49890F8840026909E
:10854000A49890F882004FF47A7325900146269AF9
:10855000A49800F0A7FB7821A49880F88610082240
:1085600045F27011A49803F063FEF94806F0E4FCAC
:10857000F849086097E2F64806F0DEFCF54909681C
:10858000401A642803D97A21A49880F886108AE2D8
:10859000F14800680068022302464FF4A841269083
:1085A000A49803F03DFAEC4800684068022300E01C
:1085B0008CE0024645F210412690A49803F030FA70
:1085C000E548006800690223024645F220412690F2
:1085D000A49803F025FAE0480068406902230246A7
:1085E00045F230412690A49803F01AFADA48006860
:1085F00080690223024645F290412690A49803F038
:108600000FFAD5480068C0690223024645F2A0412E
:108610002690A49803F004FACF480068406800B29E
:1086200002464FF488512690A49804F007F8CA48EF
:108630000068006908B1012000E00020024641F214
:1086400001112690A49803F0F9FFC348006840691F
:1086500008B1012000E00020024641F202112690FC
:10866000A49803F0EBFFBC480068806908B10120C2
:1086700000E00020024641F203112690A49803F086
:10868000DDFFB5480068C06908B1012000E00020A6
:10869000024641F204112690A49803F0CFFFAC48A3
:1086A00006F04AFCAB4908607D21A49880F886104A
:1086B000F9E1A74806F040FCA6490968401A3228AB
:1086C00003D97F21A49880F88610ECE1A2480068C5
:1086D000006A0223024645F240412690A49803F026
:1086E0009FF99D480068406A0223024645F25041C6
:1086F0002690A49803F094F997480068806A0223B2
:10870000024645F260412690A49803F089F9924808
:108710000068C06A0223024645F270412690A49880
:1087200003F07EF98C480068006B022302464FF488
:10873000A9412690A49803F073F98121A49880F8A8
:108740008610834806F0F8FB82490860ABE1804858
:1087500006F0F2FB7F490968401A322815D97F4894
:108760000088014626907E48FEF73CFCA499C1F89B
:10877000F400A49802F046FB8221A49880F88610A9
:10878000734806F0D9FB734908608CE172480068B1
:10879000808E0123024645F2A0210690A49803F0A2
:1087A0003FF96D480068C08E0123024645F2B021B2
:1087B0000690A49803F034F967480068008F0123FD
:1087C000024645F2C0210690A49803F029F96248B8
:1087D0000068408F0123024645F2D0210690A498FC
:1087E00003F01EF95C480068808F0123024645F2C1
:1087F000E0210690A49803F013F95A4890F8F90084
:1088000020B159A127A8F7F7FCFE03E058A127A83B
:10881000F7F7F7FE50480068D0F8D00000904E48B7
:108820000068D0F8F00006904B480068806805901A
:10883000024651A107A8069BF7F742FD07A927A802
:10884000F7F7DFFE44480068D0F86C044249096835
:10885000D1F84414404A1268D2F828243E4B1B68D1
:10886000D3F82434CDE90032CDE902103A4800684B
:10887000D0F82004069038480068D0F81C04059011
:10888000024645A107A8069BF7F71AFD07A927A8E6
:10889000F7F7B7FE30480068D0F8D0042E490968D1
:1088A000D1F8CC242C490968D1F8C8142A4B1B688C
:1088B000D3F8C434CDE90031CDE902202648006860
:1088C000D0F8B004069024480068D0F870040590F1
:1088D000024636A107A8069BF7F7F2FC07A927A8CE
:1088E000F7F78FFE1C480068D0F820251A4800686A
:1088F000D0F81C0518490968D1F8CC10164B1B6834
:10890000D3F81035CDE90031CDE9020212480068F4
:10891000D0F80805069010480068D0F804050590C6
:10892000024627A107A8069BF7F7CAFC07A927A8B4
:10893000F7F767FE27A9A49800F064FA8321A498AA
:1089400080F88610024806F0F7FA02490860AAE0AB
:10895000C01600200C0500208804002078050020A7
:10896000C83D0020F03D0020424C452B2000000077
:10897000424C452D20000000484620636E743A2585
:10898000752C484653523A253038782C50433A25B6
:108990003038780A0D00000025642D25642D2564EB
:1089A0002D25642D25642D25642D000025642D259D
:1089B000642D25642D25642D25642D25640A0D0064
:1089C00057493A25642D2564204C493A2564204CAA
:1089D000483A25642043523A253038782053523A99
:1089E000253038780A0D0000314806F0A5FA3149E3
:1089F0000968401A322808D98421A49880F8861082
:108A00002B4806F099FA2B4908604CE0284806F0FC
:108A100093FA2849086028480078024641F230114C
:108A20002690A49803F00AFE23484078024641F2BB
:108A300031112690A49803F001FE1F488078024669
:108A400041F232112690A49803F0F8FD1A48C0783C
:108A5000024641F233112690A49803F0EFFD164828
:108A60000079024641F234112690A49803F0E6FD05
:108A7000A498FFF7AFF8A49803F090F98521A49883
:108A800080F886100FE00A4806F056FA094909688E
:108A9000401A322806D9A49802F014FFDE21A498C7
:108AA00080F8861000BF00BF0DF5257D00BD0000D9
:108AB000C01600200C0500204418002010B5044604
:108AC0000B46002110E00A4810F8310098420AD104
:108AD000074800EBC1004078904204D1044800EB05
:108AE000C100406810BD491C5229ECD301A0F9E730
:108AF0006C6C0308556E6B6E6F776E206D6F6465DE
:108B0000000000002DE9F041A2B005460E461746D0
:108B1000984695F88600502802DA22B0BDE8F08128
:108B200001A8FBF765FB822101A8FBF717FB0446B0
:108B300031B2FBF744FB002405E0395D01A8FBF7E7
:108B40002FFB601CC4B24445F7DB002101A8FBF7F2
:108B500027FB01A8FBF7F2FA00BFDEE770B5064677
:108B60000C4622B241F23101304603F067FD214646
:108B7000304602F0D1FF002518E02948405D00F0A2
:108B8000010088B1002D09DD41F239002844401E62
:108B900081B222B2304603F051FD05E022B241F22B
:108BA0000F11304603F04AFD681CC5B2052DE4DB09
:108BB00086F86F401A4991F849201E3131F91200A8
:108BC0000DF028FC05462946304600F0C7F8144948
:108BD00091F84920283131F912000DF01BFC0546AF
:108BE0002946304602F028F80E48B0F90610304603
:108BF00001F0AEFE0C48B0F90610304601F04CFF13
:108C0000002509E00648AA3030F9152029463046EB
:108C100002F0E2FC681CC5B2052DF3DB70BD00005C
:108C200044180020D4190020E2190020F0B5A1B0AA
:108C300007466846FBF7DCFA83216846FBF78EFAA5
:108C400006461621FBF7BBFA05460321FBF7A8FAF7
:108C50000446FBF773FA21B0F0BD2DE9F047A2B04E
:108C6000824601A8FBF7C4FA822101A8FBF776FA35
:108C700081460421FBF7A3FA80465521FBF790FAC1
:108C80000746AA21FBF78CFA06465A21FBF788FA19
:108C90000546A521FBF784FA0446FBF74FFA22B0FC
:108CA000BDE8F0872DE9F04FA5B004460E46154605
:108CB0001F46642E00DD6426642D00DD642594F8D3
:108CC000870000B12E4604A8FBF792FA94F8AC0096
:108CD0006843642190FBF1F000F0FF0994F8AC00C8
:108CE000704390FBF1F000F0FF0B822104A8FBF72A
:108CF00035FA82210190FBF762FA59460290FBF7A0
:108D00004FFA82464946FBF74BFA39B20390FBF71C
:108D100056FA8046FBF712FA25B0BDE8F08F000046
:108D200070B505460C4695F88600502800DA70BDEF
:108D300009480078A04200D1F9E7074804700CB157
:108D4000012000E00020024641F25101284603F0D4
:108D500075FC00BFEBE700005805002070B5044625
:108D60000D4694F86F00012804D129460A4806F000
:108D700005F9054628460DF02DFB06B2324641F2B4
:108D80004201204603F05AFC94F86F2041F2300172
:108D9000204603F053FC70BDC016002010B588B00B
:108DA000044620221D216846F7F7BDFC00208DF8FF
:108DB0001D001348C07800EBC0021148001D00EBF5
:108DC000C20000F12A016A46204602F00DFE45F27B
:108DD00030126946204602F04BF820221D216846D9
:108DE000F7F7A1FC6A4604F19001204602F0FCFD71
:108DF00045F250126946204602F03AF808B010BD1C
:108E0000F019002070B505460C460026002005E04C
:108E1000215C09B9064604E0411C88B2B0F5FA7F2E
:108E2000F6DBF3B222464FF4A6412846FFF76AFE6E
:108E300070BD000070B505460C4695F886006428A4
:108E400000DA70BD204890F84900A04200D0F8E751
:108E50001D487A30005D08B9012000E00020064678
:108E60001948005D032808D01748005D012805D186
:108E700015481430005D022800D1FF2632B241F2BD
:108E80000D01284603F0DAFB0F487A30005D18B177
:108E90000D48005D032806D1012241F22A1128461F
:108EA00003F0CCFB0DE008483230025D41F22401B2
:108EB000284603F0C3FBFF2241F22A11284603F0A3
:108EC000BDFB00BFBDE700004418002001B58CB019
:108ED000F84890F8020508B90DB000BD0020F5492A
:108EE00081F8020508464078832800D0F4E7F1486D
:108EF000C178807801EB002080B20B90ED48B0F88B
:108F000006150B98814203D10120EA4981F8090531
:108F100041F2F2010B98884211D10C98C07870B9D7
:108F2000E448807902280AD10C98007808B9012118
:108F300000E000210C9801700C9802F057FF41F2FC
:108F400050110B98884217D1DB48FEF7A3F8002098
:108F5000DA490968086000BFBFF34F8FD84800683E
:108F600000F4E060D7490843001DD5490860BFF30D
:108F70004F8F00BF00BFFEE741F251110B988842AE
:108F800079D1CC48807919281AD2DFE800F0190D80
:108F90001A2733404C5864758697A8B9C5D1DDF1BE
:108FA000EFEEEDECEBEAE900C7480078401CC6495B
:108FB000087008460078032802DD0021C2480170CD
:108FC0001FE2C1484078401CBF49487008464078BD
:108FD000032802DD0021BC48417012E2BA488078C3
:108FE000401CB949887008468078032801DD0020BC
:108FF000887006E2B448C078401CC1B2B248C17063
:10900000C078032802DD0020AF49C870F9E1AE48FE
:109010000079401CAC49087108460079032801DD3D
:1090200000200871EDE1A948007808B9012100E0AD
:109030000021A64801700C9802F060FFE1E1A4480D
:10904000007808B9012000E00020A14908700C98C0
:1090500002F054FFD5E19C4890F83F00401C9A492B
:1090600081F83F00084690F83F00072802DD002005
:1090700081F83F00C5E1C8E1934890F84000401CEA
:10908000C1B2914880F8401090F84000072803DDF5
:1090900000218D4880F84010B3E18B4890F84100E2
:1090A000401CC1B2884880F8411090F84100072860
:1090B00003DD0021844880F84110A2E1824890F845
:1090C0004200401CC1B2804880F8421090F8420033
:1090D000072803DD00217C4880F8421091E17A489E
:1090E00090F84300401CC1B2774880F8431090F8D4
:1090F0004300072803DD0021734880F8431080E116
:109100007248007A401C714908720846007A0728A4
:1091100001DD0020087274E16D48807A401C6C49C2
:1091200088720846807A072801DD0020887268E18D
:109130006648007B401C654908730846007B0A2886
:1091400001DD002008735CE16148C07A401C604981
:10915000C8720846C07A0A2801DD0020C87250E1B2
:1091600035E107E1DCE0B9E079E043E01FE0FFE74B
:109170000C98D0F8F00030B10C98D0F8F000401EF8
:109180000C99C1F8F0000C98D0F8F00000EBC0008A
:10919000504931F82000014608904748FDF722FF6A
:1091A0000C99C1F8F4000C9801F02CFE29E10C9800
:1091B000D0F8F01048480088401E814206D20C9832
:1091C000D0F8F000401C0C99C1F8F0000C98D0F8D1
:1091D000F00000EBC0003F4931F820000146089044
:1091E0003548FDF7FFFE0C99C1F8F4000C9801F02A
:1091F00009FE06E10C98D0F8F410D0F8F00000EB6E
:10920000C000344A02EB800040690930814204D931
:109210000C98D0F8F4000A3808E00C98D0F8F00068
:1092200000EBC0002B4901EB800040690C99C1F8AC
:10923000F4000C98D0F8F40008900C98D0F8F000E6
:1092400000EBC000234931F82000079001461A487E
:10925000089AFDF7B3FE0C9801F0D4FDD1E00C980C
:10926000D0F8F410D0F8F00000EBC000194A02EB7F
:1092700080004069814206D90C98D0F8F400401E65
:109280000C99C1F8F4000C98D0F8F40008900C98F0
:10929000D0F8F00000EBC0000E4931F82000079034
:1092A00001460548089AFDF789FE0C9801F0AAFDD1
:1092B000A7E0000014320020C83D002088040020F0
:1092C0000CED00E00000FA0544180020D41900203D
:1092D000E2190020780500208C6F03080C98D0F864
:1092E000F00000EBC000FE4901EB800001690C9822
:1092F000C0F8F4100C98D0F8F40008900C98D0F84E
:10930000F00000EBC001F64830F82100079001465C
:10931000F448089AFDF752FE0C9801F073FD70E0D6
:109320000C98D0F8F410D0F8F00000EBC000EC4A34
:1093300002EB80008069814206D20C98D0F8F400DC
:10934000401C0C99C1F8F4000C98D0F8F400089077
:109350000C98D0F8F00000EBC000E14931F8200093
:1093600007900146DF48089AFDF728FE0C9801F0A7
:1093700049FD46E00C98D0F8F00000EBC000D84959
:1093800001EB8000806908900C98D0F8F4000A3056
:1093900007900146D448089A05F0B3FD0C99C1F82E
:1093A000F4000C98D0F8F40008900C98D0F8F00075
:1093B00000EBC000CA4931F8200007900146C948B7
:1093C000089AFDF7FBFD0C9801F01CFD19E0C5485B
:1093D000FDF79CFFC348FDF7AFFE0C98D0F8F000F6
:1093E00000EBC000BE4931F8200001460890BD489E
:1093F000FDF7F8FD0C99C1F8F4000C9801F002FD9E
:1094000000BF00BF0C9802F05DFA41F2D0110B983A
:10941000884270D1B548807909282DD2DFE800F064
:109420002C052D555F7AA7C6FE000C9890F8D80041
:10943000401E08901DE0089800EBC001AC4800EB0E
:10944000C10090F8440088B10898C1B20C9880F827
:10945000D8100C9801F046FF0C9801F093FD0C9881
:1094600001F06EFF0C9802F0FFFA05E00898401E2C
:10947000089008980028DEDA52E10C9890F8D8009D
:10948000401C08901DE0089800EBC001984800EBD4
:10949000C10090F8440088B10898C1B20C9880F8D7
:1094A000D8100C9801F01EFF0C9801F06BFD0C9881
:1094B00001F046FF0C9802F0D7FA05E00898401C2E
:1094C000089008980628DEDD2AE10C9890F8D8006C
:1094D0008749091FC8700C9801F054FD20E10C98D1
:1094E00090F8D80000EBC001814800EBC100807803
:1094F00010B9012101E014E100210C9890F8D80086
:1095000000EBC0027A4800EBC20081700C9801F0B9
:1095100039FD05E10C9890F8D80008900C9890F867
:10952000D80000EBC001724800EBC100C0780523F1
:10953000079001466F48089A06F048FA00210C98F7
:1095400090F8D80000EBC002694800EBC2008171BE
:109550000C9890F8D80000EBC002654800F8321073
:109560000C9801F00FFD0C9801F0BCFED8E06248A9
:109570000078401CC0B2604908700A2815DD002040
:1095800008700C9890F8D80008900C9890F8D800C3
:1095900000EBC001564800EBC100C07814230790CF
:1095A00001465448089A06F011FAB9E05348007889
:1095B000401CC0B2514908700A287CDB00200870AA
:1095C0000C9890F8D800401C062801DD002003E02C
:1095D0000C9890F8D800401CC0B208900021089860
:1095E00002910391CDE904101220CDE900100C98EE
:1095F00090F8D80000EBC0013D4800EBC100C078F6
:109600004FF4E00101EB40310C9890F8D80001EBE9
:1096100080203B49097800EBC10100E074E0384844
:10962000407808440023012201460790344805F0A1
:1096300085FA1E212C4805F06BFC00200290039057
:1096400004900590009001900C9890F8D80000EBE1
:10965000C001274800EBC100C0784FF4E00101EBE6
:1096600040310C9890F8D80001EB8020244909780B
:1096700000EBC10022494978084400230222014638
:1096800007901F4805F05AFA1E21174805F040FCC4
:1096900000200290039004900590009001900C9897
:1096A00090F8D80000EBC001114800EBC100C07871
:1096B0004FF4E00100E026E001EB4031089801EBB7
:1096C00080200F49097800EBC1000D494978084412
:1096D0000023022201460790094805F02FFA11E005
:1096E00078050020C83D0020C0160020143200205C
:1096F000F4190020C40400202005002021050020CA
:109700005827002000BF0BE0FE48407808B9012030
:1097100000E00020FB4948700C9801F033FC00BFCA
:1097200000BF41F270110B9888422BD1F648807926
:10973000012802D0022824D111E0F448007828B989
:10974000F348007810B9F348007808B1172000E01A
:109750000A20014608900C98FEF71AFA11E0EB482F
:10976000007828B9EA48007810B9EA48007808B1CA
:10977000172000E00920014608900C98FEF708FA2F
:1097800000BF00BF41F26B110B9888420BD1DE483D
:1097900080790890E04890F84C0007900146DE4838
:1097A000089A07F0CFF941F253110B98884271D112
:1097B000D5488079032804D0042816D005286BD119
:1097C00026E0D248007808B9FFF786BBCF4840783A
:1097D00008B9012100E00021CC48417040780146E1
:1097E00008900C9802F07AFB9FE0C948007800B915
:1097F000EAE7C748407808B9012100E00021C448E1
:1098000041704078014608900C9802F035FA8CE0DF
:10981000C14890F84C0000EB4001BF48103010F8F0
:10982000110000B9D0E7BC4890F84C0000EB4001B3
:10983000B948103000EB4100407808BBB64890F8BA
:109840004C0000EB4001B448103010F81100012822
:1098500001D1642009E0B04890F84C0000EB4001D1
:10986000AD48103000EB410080780890AA4890F88D
:109870004C0007900146A848089A07F063F908E0F1
:10988000A54890F84C00002201460890A24807F035
:1098900059F94AE04AE0FFE79B488079801FC0B24F
:1098A00008900898092807DC089800EB40019A48BE
:1098B000103010F8110000B986E7089800EB40015D
:1098C0009548103000EB4100079007980078012878
:1098D0000ED10798407808B9012000E000206421EB
:1098E0004843024606908C48089907F02BF91BE084
:1098F00007980078022817D1874890F84C100898EC
:10990000814204D08449089881F84C000CE0079803
:10991000407810B90798807800E000200246069051
:109920007D48089907F00EF900BF00BF41F25611BB
:109930000B98884218D174488079012802D00228F7
:1099400011D10BE07448007808B1022000E00B2030
:10995000014608900C98FEF71BF904E00B210C98C7
:10996000FEF716F900BF00BF41F2F3010B988842E1
:1099700015D10C98C07890B9684890F8320070B949
:109980006148807903280AD10C98407808B90121F0
:1099900000E000210C9841700C9802F027FA41F287
:1099A00005010B9888421DD10C98C078D0B9564853
:1099B0008179407901EB002006900CF02BFD4FF0EF
:1099C000814107900CF028FC08900CF0E7FC01B2F4
:1099D000534890F849201E3020F8121001210C98AD
:1099E00080F8AE1041F206010B9888421DD10C9808
:1099F000C078D0B944488179407901EB00200690C5
:109A00000CF008FD4FF0814107900CF005FC089028
:109A10000CF0C4FC01B2424890F84920283020F8EC
:109A2000121001210C9880F8AE1041F2C6010B987B
:109A3000884209D10C98C07830B933488079014602
:109A400008900C9801F0ECFC41F2F6010B9888426A
:109A500040D10C98C07880BB2B488079012839D13F
:109A60002F4890F84910405C012833D12C4890F8D9
:109A700049101430405C02282CD0294890F8491035
:109A80007A30405C08B9012100E00021244890F8B8
:109A900049207A3081547A3890F849107A30405C05
:109AA00060B1002241F20D010C9802F0C7FDFF22C7
:109AB00041F22A110C9802F0C1FD0BE0012241F2A3
:109AC0000D010C9802F0BAFD012241F22A110C9806
:109AD00002F0B4FD41F244010B98884208D10A48D3
:109AE0008179407901EB002081B20C98A0F87C10BC
:109AF00041F231010B98884224D10C9890F86F0004
:109B000001490FE0F019002014320020D419002080
:109B1000E21900201C1D0020601D002030190020CB
:109B200044180020897988420CD0FE4881790C982D
:109B300080F86F100C9890F86F00014608900C9810
:109B4000FFF70CF841F230010B98884213D10C98C2
:109B500090F86F00F349097A88420CD0F148017AF5
:109B60000C9880F86F100C9890F86F0001460890E0
:109B70000C98FEF7F3FF0B9810283CD10C9890F846
:109B8000D900C0BBE74841790C98C0F8B010E5484F
:109B900081790C98C0F8B410E248C1790C98C0F8EB
:109BA000B810E048017A0C98C0F8BC10DD48417A42
:109BB0000C9880F8C010DB48817A0C9880F8C110AE
:109BC000D848C17A0C9880F8C2100C9890F8C1104F
:109BD00080F86C100C9890F8C01080F86B100C98FE
:109BE00090F86D00022819D10C9890F8C0000C284C
:109BF00002DB022101E094E001210C9880F86A1058
:109C00000C9890F8C0000C280CDD0C9890F8C0005F
:109C10000C38C1B20C9880F86B1003E000210C984E
:109C200080F86A100C9800F01DFF0C9890F8C41092
:109C300090F8C300C0EB001001EB800008900C9876
:109C400090F8C61090F8C500C0EB001001EB800141
:109C500007910C9890F8C11090F8C000C0EB00106C
:109C600001EB800006900C9890F887000590012188
:109C70000C9880F88710DDE9071088420BDA089904
:109C80000698884207DBDDE90601884203DA0021F5
:109C90000C9880F88710DDE9071088420BDD0899E1
:109CA0000698884203DADDE90601884203DA0021DA
:109CB0000C9880F887100C9890F8871005988142CE
:109CC0002ED00C9890F8E30070B90C9890F88400AE
:109CD00004900C9890F882004FF47A730390014638
:109CE000049A0C98FEF7DEFF0C9890F8870008B9EC
:109CF000012000E00020024641F2210104900C986E
:109D000002F09CFC0C9890F8870008B1012000E05C
:109D10000020024641F2220104900C9802F08EFCD1
:109D200000BF41F223010B98884211D17D48817A0E
:109D3000407A01EB0020401E81B20C98A0F8681018
:109D40000C9890F86800014608900C98FDF728FEE2
:109D500041F224010B98884213D10C98C07880B945
:109D6000714890F849107A30405C50B16D48817963
:109D7000407901EB0020C1B26B4890F849203230A5
:109D8000815441F246010B98884204D1654881799B
:109D90000C9880F8791041F22C010B9888421AD166
:109DA0000C98B0F882005F498979884213D05D48E9
:109DB00081790C98A0F882100C9890F88400089093
:109DC0000C9890F882004FF47A7307900146089A35
:109DD0000C98FEF767FF41F22D010B9888421AD1CB
:109DE0000C98B0F884004F498979884213D04D48C7
:109DF00081790C98A0F884100C9890F88400089051
:109E00000C9890F882004FF47A7307900146089AF4
:109E10000C98FEF747FF41F233010B9888420BD1B3
:109E20000C9890F86D003F498979884204D03D48EC
:109E300081790C9880F86D100B9814287ED13948E0
:109E4000807908900C9890F87E100898814276D01E
:109E50000C9890F87E00072815D1052241F23001B8
:109E60000C9802F0E5F93148B0F906000146079078
:109E70000C9801F0E1FC2E48B0F90600014607906D
:109E80000C9801F063FB0C9890F87E00032805D134
:109E9000012241F233010C9802F0CAF9089809280E
:109EA0003ED10020079038E0079800EBC001214820
:109EB00000EBC10090F8440058B3FF2000901D480B
:109EC000001FC07806901B48001FC07800EBC0013F
:109ED000184800EBC100C0781223059001461648CF
:109EE000069A05F09FFDFF2000901248001FC078E1
:109EF00006901048001FC07800EBC0010D4800EB31
:109F0000C100C0781C23059001460B48069A05F055
:109F100089FD0798401CC0B2079007980728C3DB4B
:109F200008980DE01432002044180020E2190020A7
:109F3000D4190020F4190020C40400204BE026E0CE
:109F40000C2803D1F749F84800F0A3FF089803282C
:109F500018D10C9890F8C11090F8C000CDE900011C
:109F60000C9890F8B80007900C9890F8B400069000
:109F70000C9890F8B00005900146DDE906230C9896
:109F800001F032F9E84890F87E1080F89A100C99A8
:109F9000089881F87E00E44890F87E00E24991F844
:109FA0009A10884203D10120DF4981F89A000C9869
:109FB00090F87E0018B914210C9880F886100C983F
:109FC00090F87E00012801DD012100E000210C98BD
:109FD00080F87F1000BF41F237010B9888421ED1F4
:109FE000D2488179407901EB002080B20A900621A5
:109FF0000A9890FBF1F0C1B20C9880F8C3100621CA
:10A000000A9890FBF1F201FB120000EB8000400681
:10A01000010E0C9880F8C4100C9801F013FB41F26B
:10A0200038010B9888421ED1C0488179407901EBF4
:10A03000002080B209900621099890FBF1F0C1B28E
:10A040000C9880F8C5100621099890FBF1F201FBED
:10A05000120000EB80004006010E0C9880F8C6103C
:10A060000C9801F0DBFD41F234010B98884214D1C9
:10A07000AE488179407901EB0021AB48B0F862002D
:10A0800081420AD0A9488179407901EB002080B251
:10A09000014608900C9800F043FD45F270110B98B2
:10A0A000884206D1A04A8C32A049491D0C9800F084
:10A0B00030FE41F254010B9888421CD19C4890F824
:10A0C00037009A498979884215D09848807908B133
:10A0D000012100E00021964880F8371090F8370001
:10A0E00030B19148B0F87C00C0EB0010800000E077
:10A0F00000208F49C86441F255010B98884230D145
:10A1000000208C4908608C480068401C8A4908601F
:10A11000142808D90021884801608848007880F018
:10A12000010086490870824890F833007F49897998
:10A13000884216D07D48807908B1012000E00020D7
:10A140007B4981F83300084690F8330030B17648F7
:10A15000B0F87C00C0EB0010800000E000207449E3
:10A16000C86341F256010B98884228D100217248F9
:10A17000016070480068401C6E490860142801D9CD
:10A1800000BFFEE76A4890F8340068498979884240
:10A1900015D06648807908B1012100E000216448AB
:10A1A00080F8341090F8340030B15F48B0F87C008B
:10A1B000C0EB0010800000E000205D4908646048AA
:10A1C0000078E8B341F213110B9888422AD158481D
:10A1D00090F8380055498979884223D053488079CE
:10A1E00008B1012100E00021514880F8381090F8B2
:10A1F000380030B14C48B0F87C00C0EB0010800053
:10A2000000E000204A490865084690F8380008B187
:10A21000012000E00020024641F2101108900C9845
:10A2200002F00CFA41F214110B9888422CD14048EC
:10A2300090F839003D498979884225D03B4800E0B3
:10A2400052E0807908B1012100E00021384880F80F
:10A25000391090F8390030B13348B0F87C00C0EBC9
:10A260000010800000E0002031494865084690F861
:10A27000390008B1012000E00020024641F211112E
:10A2800008900C9802F0DAF941F215110B98884207
:10A290002AD1274890F83A0024498979884223D066
:10A2A0002248807908B1012100E00021204880F88F
:10A2B0003A1090F83A0030B11B48B0F87C00C0EB7F
:10A2C0000010800000E0002019498865084690F8D9
:10A2D0003A0008B1012000E00020024641F21211CC
:10A2E00008900C9802F0AAF941F2B5010B98884247
:10A2F00028D10E488179407901EB0020A0F5FA6061
:10A300000C99C1F8C8000C98B0F8C80000F5FA60C4
:10A3100000B2024641F2B00108900C9802F08EF9AA
:10A3200041E00000EE1B0020D03C00201432002051
:10A3300030190020180500201C0500203C040020D6
:10A340001C1D002041F2B6010B9888422BD1FC481D
:10A3500081790C98C0F8CC100C98D0F8CC000C285F
:10A360000ED90C210C98C0F8CC100C98B0F8CC0089
:10A3700000B2024641F2B60108900C9802F05EF974
:10A380000C98B0F8CC0000B2024641F2B10108903E
:10A390000C9802F053F90C9890F8D000E8498871B5
:10A3A00041F2B7000B9041F2B7010B9888422CD1D3
:10A3B000E34881790C98C0F8D0100C98D0F8D010F0
:10A3C000D0F8CC00DF4A105C814212D90C98D0F84A
:10A3D000CC001146095C0C98C0F8D0100C98B0F86D
:10A3E000D00000B2024641F2B70108900C9802F08A
:10A3F00025F90C98B0F8D00000B2024641F2B20143
:10A4000008900C9802F01AF99AE241F2B8010B9800
:10A41000884222D1CA4881790C9880F8D4100C98CF
:10A4200090F8D40017280DDD17210C9880F8D4106F
:10A430000C9890F8D400024641F2B80108900C98AC
:10A4400002F0FCF80C9890F8D400024641F2B301F7
:10A4500008900C9802F0F2F872E241F2B9010B9800
:10A46000884222D1B64881790C9880F8D5100C9892
:10A4700090F8D5003B280DDD3B210C9880F8D510D5
:10A480000C9890F8D500024641F2B90108900C985A
:10A4900002F0D4F80C9890F8D500024641F2B401CD
:10A4A00008900C9802F0CAF84AE241F2BA010B98FF
:10A4B00088421AD100220C9890F8D51090F8D40058
:10A4C0008DE807000C9890F8D00008900C9890F850
:10A4D000CC0007900C9890F8C80006900146DDE982
:10A4E00007230C9802F06AF82AE20B9816282AD162
:10A4F0009348017AC07901EB00210C98B0F8E40090
:10A50000814209D18E48817A407A01EB00210C9872
:10A51000B0F8E600814203D000210C98A0F8E010CA
:10A520008748017AC07901EB002081B20C98A0F82D
:10A53000E4108348817A407A01EB002081B20C98C4
:10A54000A0F8E610FCE141F26B010B98884220D1A3
:10A550000C98B0F89C007A498979C1EB0111B0EBF5
:10A56000810F16D076488079C0EB001081000C98DE
:10A57000A0F89C1072488079062801D1002000E0E4
:10A580000220024641F26C0108900C9802F056F845
:10A59000D6E141F203010B98884208D168488079DE
:10A5A00008B1012100E000210C98C170C8E141F21E
:10A5B0006A010B9888420FD1634890F89A001528D9
:10A5C00003D10120604981F89A000C9801F0EAFC5F
:10A5D0000C9800F0E1FAB3E141F2F1010B988842E6
:10A5E0000CD1574880790C2808D10C9890F89A0023
:10A5F000014608900C98FDF7CBFAA1E141F2F00179
:10A600000B98884222D14E48807913281ED14F489A
:10A6100004F0E4FF4E48C07808904D48C07800EB45
:10A62000C0014B48001D00EBC100C0780523079016
:10A6300001464848089A05F0C9F947A10C9800F06E
:10A6400028FC00210C98FEF76BFB79E141F2F40144
:10A650000B9888423CD10C98C078C8BB38488079A8
:10A66000032813D101210C9841713C4890F89500C2
:10A6700078BB012241F23A110C9801F0DFFF384813
:10A6800004F05AFC0C99C1F8EC0055E0354800780C
:10A6900020B33548007808B32948807904280ED1C2
:10A6A0003048407808B9012000E000202D4948706A
:10A6B00008464078014608900C9801F00FFC2048AD
:10A6C0008079052838D12848407818B9012002E05F
:10A6D0004CE031E00020244948702DE0214800780A
:10A6E00080B117488079042803D01548807905285F
:10A6F00008D11C48407808B9012000E00020194921
:10A70000487019E018480078B0B10D4880790428E5
:10A7100003D00B48807905280ED11348407808B93A
:10A72000012000E0002010494870084640780146AA
:10A7300008900C9801F0A0FA002001498871FFE010
:10A74000143200205C6C0308D03C0020EC1B00207D
:10A75000F0190020C404002020000000301900205F
:10A76000C0160020D4190020E219002041F2F501A2
:10A770000B9888424ED10C98C078E8BB724880791B
:10A7800008900898302813D1704890F849006F4914
:10A79000085C00F0010058B1084690F849101430E8
:10A7A000405C28B10021694890F849201430815458
:10A7B0000898312814D1654890F849006349085C2D
:10A7C00000F0010060B1084690F849101430405C78
:10A7D000012805D001215D4890F8492014308154AA
:10A7E0000898322815D1594890F849005749085C13
:10A7F00001280ED1084600E00CE090F84910143012
:10A80000405C022805D00221504890F849201430BD
:10A81000815495E041F26D010B9888420BD14A4872
:10A820008179407901EB002080B2014608900C98B4
:10A8300000F0A0FA84E041F26E010B9888420BD13F
:10A8400041488179407901EB002080B201460890AF
:10A850000C9800F04BFB73E041F269010B988842C1
:10A8600015D100210C9880F8A010374881794079E3
:10A8700001EB00200A2863D116210C98FDF788F916
:10A88000002241F269010C9801F0D8FE58E041F233
:10A890007C010B9888420CD12B488179407901EBDF
:10A8A000002080B20246002108900C9801F06AF95D
:10A8B00046E041F27D010B9888420CD12248817913
:10A8C000407901EB002080B20246012108900C98EB
:10A8D00001F058F934E041F27E010B9888420CD126
:10A8E00019488179407901EB002080B202460221AB
:10A8F00008900C9801F046F922E041F27F010B9894
:10A9000088420CD110488179407901EB002080B257
:10A910000246032108900C9801F034F910E041F24E
:10A9200081010B9888420BD107488179407901EB6E
:10A93000002080B20246042108900C9801F022F910
:10A9400000BFFEF7C9BA00001432002044180020EE
:10A950002DE9F04104460D461E48007808B3052253
:10A9600041F25B01204601F069FE94F86F00012876
:10A9700008D128460BF04EFD07463946204600F028
:10A980008DF900E028460646324641F27A0120461B
:10A9900001F054FE0F48B0F90610204600F0D6FD35
:10A9A00011E0012241F25B01204601F047FE052241
:10A9B00041F26701204601F041FEFF2241F26501AC
:10A9C000204601F03BFE03484178204601F086FA1C
:10A9D000BDE8F081D419002070B5044694F8AE00AB
:10A9E00018B1002084F8AE0070BD94F88600DE280F
:10A9F00000D0F9E71A4890F849101E3030F81100DD
:10AA0000800002B241F20501204601F017FE144811
:10AA100090F84910283030F81100800002B241F25D
:10AA20000601204601F00AFE0D4991F849201E3129
:10AA300031F912000BF0EEFC054629462046FEF7E0
:10AA40008DF9074991F84920283131F912000BF0AE
:10AA5000E1FC05462946204600F0EEF800BFC3E7BA
:10AA60004418002010B5044694F86A2041F23E01D3
:10AA7000204601F0E3FD94F86C0094F86B1001EBB4
:10AA8000C10303EB011100EB810002B24FF48251CC
:10AA9000204601F0D3FD10BD2DE9F04104460D46DE
:10AAA0001E48007808B3052241F25C01204601F0FF
:10AAB000C5FD94F86F00012808D128460BF0AAFCC8
:10AAC00007463946204600F0E9F800E028460646E9
:10AAD000324641F27B01204601F0B0FD0F48B0F94B
:10AAE0000610204600F0A8FE11E0012241F25C01B0
:10AAF000204601F0A3FD052241F26801204601F045
:10AB00009DFDFF2241F26601204601F097FD0348BA
:10AB10004178204601F0B0F8BDE8F081E21900204C
:10AB200070B505460C461B48A0F86240182C0CDA9C
:10AB300022B241F22E01284601F080FD002241F2AE
:10AB40002F01284601F07AFD0FE0182094FBF0F069
:10AB500006B2324641F22E01284601F06FFD012275
:10AB600041F22F01284601F069FD602C07DD00202D
:10AB700085F8640064200749A1F8620002E0022021
:10AB800085F8640095F8642041F23501284601F00B
:10AB900055FD70BDD03C002010B5044634F8E00FE0
:10ABA000401C208034F8E009B0F5AF7F03DB4FF4A0
:10ABB000AF70A4F8E0001E4890F87E000E2802D185
:10ABC0000020A4F8E0001B48008810B10020A4F881
:10ABD000E000B4F8E000B4F89C10884211DD94F86D
:10ABE000E30018BB4FF47A73002211462046FEF7AB
:10ABF00059F8012084F8E30015212046FCF7C8FF2E
:10AC000014E094F8E30088B194F8842094F882105A
:10AC10004FF47A732046FEF745F8002084F8E300ED
:10AC2000034890F89A102046FCF7B2FF10BD0000D0
:10AC3000D03C0020EC1B002070B504460D4694F873
:10AC40006F00012804D129460A4804F097F9054607
:10AC500028460BF0BFFB06B2324641F243012046C4
:10AC600001F0ECFC94F86F2041F23601204601F02F
:10AC7000E5FC70BDC016002070B504460D4694F882
:10AC80006F00022801D1284670BD28460BF0C2FB98
:10AC900006463146204600F001F8F5E72DE9F0417F
:10ACA00080460C46084920460BF014FC074607492D
:10ACB0000BF0B2FA064606490BF040FA05460BF0D7
:10ACC0006DFB00B2BDE8F081000010410000A04023
:10ACD0000000024270B504460D46164694F8860000
:10ACE000DE2804D132462946204601F0A7FC70BD7B
:10ACF00070B505460C4695F88600502800DA70BD00
:10AD00006423224645F25051284600F03FFA00BF26
:10AD1000F5E7F0B507460D46002101260323102470
:10AD200023E0A4F1010C15F80C0030280EDB3928C3
:10AD30000CDCA0F1300C06FB0C1C0CF0FF0106EB48
:10AD4000860C4FEA4C6C4FEA1C660CE02E280AD1A8
:10AD50000126D1540021002B04DDA3F1010C0CF0DD
:10AD6000FF0300E003E0601E44B2002CD9D1117053
:10AD7000F0BD00002DE9F04706460C461D4800785E
:10AD800008B1642C0ADD1B48007828B9012241F281
:10AD90005B01304601F052FCBDE8F08720460BF025
:10ADA00051FB814614490BF095FB804613490BF08B
:10ADB00033FA074612490BF0C1F9054628460BF055
:10ADC000EDFA00B20B49C88096F86F00012804D153
:10ADD00029463046FFF762FF03E028460BF0DEFA13
:10ADE00000B207463A4641F27A01304601F026FCAD
:10ADF00000BFD1E7D41900200000E8410000C8429C
:10AE00000000404010B5C2B00446B4F8F40002B2ED
:10AE100041F25211204601F011FCD4F8F00000EB91
:10AE2000C0000B4901EB800040680090D4F8F000AE
:10AE300000EBC00031F8203006A24FF4807102A868
:10AE4000F5F752FA02A92046FFF752FF42B010BDB3
:10AE5000780500202564202D2025730070B5054657
:10AE60000C46224641F20201284601F0E7FB70BD84
:10AE700070B506460C46154696F88600502800DA4E
:10AE800070BD142322462946304600F07FF900BFEA
:10AE9000F6E770B505460C4695F88600502800DAAE
:10AEA00070BDC82322464FF4A041284600F06EF939
:10AEB00000BFF5E72DE9F043A1B081460C461546E9
:10AEC0006846F9F795F982216846F9F747F980460F
:10AED00021B2F9F774F9074629B2F9F770F9064675
:10AEE000F9F72CF921B0BDE8F08300002DE9F04717
:10AEF00006460C462048007808B1642C0ADD1E483E
:10AF0000007828B9012241F25C01304601F096FB3D
:10AF1000BDE8F08720460BF095FA824617490BF002
:10AF2000D9FA814616490BF077F9804600210BF0DB
:10AF300005F9054628460BF031FA00B20E49C880E3
:10AF400096F86F00012804D129463046FFF7A6FE87
:10AF500003E028460BF022FA00B207463A4641F2D7
:10AF60007B01304601F06AFB22B241F26E013046AD
:10AF700001F064FB00BFCBE7E21900200000A04213
:10AF80000000C8422DE9F04FB9B0054695F8D80049
:10AF900000EBC001794800EBC1040020389000BFED
:10AFA0000DE0E178764A12F81020914205D17449FB
:10AFB00001EB40014978389103E0411CC8B20828F0
:10AFC000EFD300BF17A8F9F713F94FF46161A06B35
:10AFD000B0FBF1F000B21690606BB0FBF1F000B284
:10AFE00015906849E0680BF075FA82460BF0D6F9C7
:10AFF00000B20F906349A0680BF06CFA82460BF028
:10B00000CDF900B20D906049206A0BF063FA8246D8
:10B010000BF0C4F900B20B90B4F928102846FFF7E2
:10B020002BFE0990B4F926102846FFF725FE08905C
:10B03000B4F924102846FFF71FFE06905249E06934
:10B040000BF048FA03900BF0A9F900B282210590A9
:10B0500017A8F9F783F841F2B0110090F9F7AFF8AB
:10B060000190207808B1022000E060780146019844
:10B07000F9F7A5F80290A08A01B20298F9F79FF8B3
:10B080000390208B01B20398F9F799F80490059981
:10B09000F9F795F883460699F9F791F8079008991A
:10B0A000F9F78DF882460999F9F789F80A900B9912
:10B0B000F9F785F80C900D99F9F781F80E900F9932
:10B0C000F9F77DF8109095F8D810F9F778F8119005
:10B0D000A07808B9012000E00020284A121F9278C9
:10B0E000022A01DA012200E0002202EB820200EBD8
:10B0F00042011198F9F763F812902048001FC078B8
:10B1000095F8D820904201D1012000E000201B4A90
:10B11000121F9278022A01DA012200E0002202EBDB
:10B12000820200EB42011298F9F749F8139038991E
:10B13000F9F745F814901599F9F741F881461699F1
:10B14000F9F73DF880460D48001F41784046F9F771
:10B1500036F807460948001F8078012801DD0120E4
:10B1600000E0002000EB800041003846F9F727F8A6
:10B170000646F8F7E3FF39B0BDE8F08FF419002078
:10B180007C6F0308000020410000C8422DE9F04315
:10B19000A1B081460F4615461E466846F9F728F8C5
:10B1A00082216846F8F7DAFF804639B2F9F707F8E6
:10B1B000002406E02046621CD4B2295C6846F8F7F9
:10B1C000EFFF285D08B1B442F4DB05E020216846BA
:10B1D000F8F7E6FF601CC4B2B442F7DB6846F8F744
:10B1E000ADFF21B0BDE8F0832DE9F04FC7B00446B4
:10B1F0000F4615461E46DDF84491DDF8408194F86F
:10B200008600DE2802D047B0BDE8F08F012D01DBBB
:10B210000C2D00DD0125012E01DB1F2E00DD012696
:10B22000B8F1170F01DD4FF00C08B9F13B0F01DD4C
:10B230004FF01E09C4F8C870CC200551D02006512B
:10B2400084F8D48084F8D5900021D620015526A812
:10B25000F8F7CEFF822126A8F8F780FF41F2B0016F
:10B260000090F8F7ACFF019007F5FA6001B2019881
:10B27000F8F7A5FF83462946F8F7A1FF8246314635
:10B28000F8F79DFF41460290F8F799FF4946039071
:10B29000F8F795FF0490F8F751FF05A8F8F7A8FF15
:10B2A000822105A8F8F75AFF41F2B5010090F8F79E
:10B2B00086FF83463946F8F782FF29460190F8F762
:10B2C0007EFF31460290F8F77AFF82464146F8F752
:10B2D00076FF49460390F8F772FF0490F8F72EFFC7
:10B2E00000BF90E770B58AB005462022222101A850
:10B2F000F5F719FA95F8D80000EBC0010C4800EBFF
:10B30000C104A07950B1A1790A4804F0E9F80646D1
:10B31000A279334608A101A8F4F7D2FF202301AA9D
:10B3200045F650012846FDF7EDFB0AB070BD000060
:10B33000F4190020EC1B00202564202D202573002B
:10B3400070B58AB004462022222101A8F5F7EBF956
:10B3500094F8D80000EBC0010B4800EBC1056A79F6
:10B3600029792046FDF7AAFB0646324607A101A827
:10B37000F4F7A6FF202301AA45F250712046FDF7FD
:10B38000C1FB0AB070BD0000F41900202573000055
:10B3900070B504461F4890F8950060BB607900289E
:10B3A00037D01D4803F0C8FDD4F8EC10401AB0F5B2
:10B3B000967F2ED9184803F0BFFD42F21071084461
:10B3C000C4F8EC0000206071002508E0012113485A
:10B3D00041552946204600F063F9681CC5B2052D89
:10B3E000F4DB607818B9207808B901202070204675
:10B3F00000F0D4FC0DE0607958B100206071054880
:10B4000090F8960008B9012000E00020014981F879
:10B41000960070BD30190020C0160020581800207A
:10B4200070B504460E46414890F8491004F14C00AE
:10B4300020F8116035463D4890F849101430405CC2
:10B44000A84200D170BD394890F849003749085CDE
:10B45000012802D0022D00D10025344890F849106F
:10B4600014304554012D1ED1143890F8491004F1C0
:10B470001A0030F8110002B241F22601204601F014
:10B48000DDF82A4890F84930A01D30F8130002B2C8
:10B49000264890F8493004F1420030F81310204655
:10B4A00001F0CCF840E0022D1FD1204890F849105F
:10B4B00004F1380030F8110002B241F226012046B2
:10B4C00001F0BCF8194890F8493004F12E0030F82A
:10B4D000130002B2154890F8493004F1420030F8E8
:10B4E0001310204601F0AAF81EE0104890F8491009
:10B4F00004F1240030F8110002B241F22601204686
:10B5000001F09CF8094890F8493004F1100030F837
:10B51000130002B2054890F8493004F1420030F8B7
:10B520001310204601F08AF800BF8BE74418002072
:10B5300070B50446204600F0D1FB05B22A464FF410
:10B540008051204601F07AF870BD00002DE9F047E7
:10B5500005460C461D48007838B9012241F25B01CE
:10B56000284601F06BF8BDE8F087032C01DB202CA6
:10B5700000DDF8E7E01E0AF04DFF814614490AF0AD
:10B580004BFE804613490AF0A5FF07460AF022FF4A
:10B5900086B295F86F00012808D120460AF03AFFDC
:10B5A000804641462846FFF779FB00E020460746E3
:10B5B0003A4641F27A01284601F040F832B241F2AF
:10B5C0006D01284601F03AF800BFCCE7D4190020FD
:10B5D0000000E8410000C8422DE9F05F06460C4635
:10B5E000154696F86F00012806D105EBC500052128
:10B5F00090FBF1F000B200E02846804605F10A0019
:10B600000AF008FF83460D490AF006FE82460C49FF
:10B610000AF060FF81460AF0DDFE87B241F2820047
:10B6200021184246304601F009F841F27C00211809
:10B630003AB2304601F002F8BDE8F09F0000A041A8
:10B640000000204270B50446C320055D94F86D00EB
:10B6500002280FD10C2D00DB00E00120024641F250
:10B660003D01204600F0EAFF0C2D09DDA5F10C009C
:10B6700085B205E0002241F23D01204600F0DEFFE8
:10B6800094F8C40005EBC50101EB051100EB810046
:10B6900002B241F24E01204600F0D0FF70BD000022
:10B6A00070B505460C465148005D032801D10120C4
:10B6B00000E00020064695F88600DE2800D070BD28
:10B6C0004A48005D00F0010000B9F8E705F14C00C0
:10B6D00030F8141045481430005D814200D1EEE787
:10B6E00042481430015D05F14C0020F814103F4829
:10B6F0001430005D012825D13C4890F84900A04253
:10B7000014D105F11A0030F8140002B241F22601FA
:10B71000284600F093FF35481430005D06EB4601E3
:10B72000421841F2C601284600F088FFA81D30F8F3
:10B73000140002B205F1420030F81410284600F05F
:10B740007DFF51E029481430005D022826D12748AA
:10B7500090F84900A04214D105F1380030F81400E7
:10B7600002B241F22601284600F068FF1F4814305B
:10B77000005D06EB4601421841F2C601284600F082
:10B780005DFF05F12E0030F8140002B205F1420011
:10B7900030F81410284600F051FF25E0134890F8C7
:10B7A0004900A04214D105F1240030F8140002B27F
:10B7B00041F22601284600F041FF0C481430005D9C
:10B7C00006EB4601421841F2C601284600F036FF5A
:10B7D00005F1100030F8140002B205F1420030F813
:10B7E0001410284600F02AFF00BF68E74418002024
:10B7F00010B5044601210848FDF792FA07A1064852
:10B80000FFF747FB0C210448FCF7C2F94FF4FA712B
:10B81000084803F07DFB10BDD03C002055706461EA
:10B82000746520696E2070726F67726573732E2E57
:10B830002E000000C01600202DE9F04705460C46FA
:10B840001D48007838B9012241F25C01284600F019
:10B85000F5FEBDE8F087002C01DB502C00DDF8E799
:10B8600020460AF0D7FD814614490AF0D5FC8046EF
:10B8700013490AF02FFE07460AF0ACFD86B295F890
:10B880006F00012808D120460AF0C4FD80464146D9
:10B890002846FFF703FA00E0204607463A4641F201
:10B8A0007B01284600F0CAFE32B241F26E01284602
:10B8B00000F0C4FE00BFCCE7E21900200000A04267
:10B8C0000000C84210B50446444802784FF48A513B
:10B8D000204600F0B3FE4148427841F24111204633
:10B8E00000F0ACFE3D48827841F24211204600F063
:10B8F000A5FE3A48C27841F24311204600F09EFE70
:10B900003648027941F24411204600F097FE34484F
:10B910000078C0EBC00101EB001241F24511204656
:10B9200000F08CFE2F480078C0EBC00101EB001244
:10B9300041F24611204600F081FE284890F83F0071
:10B94000021D41F24711204600F078FE234890F88E
:10B950004000021D41F24811204600F06FFE1F48D2
:10B9600090F84100021D41F24911204600F066FEA8
:10B970001A4890F84200021D41F24A11204600F098
:10B980005DFE164890F84300021D41F24B1120461F
:10B9900000F054FE1248007A021D41F24C1120467C
:10B9A00000F04CFE0F48807A021D41F24D112046F6
:10B9B00000F044FE0A48007B00F10C0241F24E11F7
:10B9C000204600F03BFE0748C07A00F10C0241F22D
:10B9D0004F11204600F032FE10BD00004418002038
:10B9E000D4190020E21900202DE9F04180460F46CD
:10B9F0001546002600240FE0AA19395D4046FBF7E2
:10BA0000A1FF3044C6B2032C04DA2E223046711C4A
:10BA1000CEB22A54601CC4B2042CEDDBBDE8F08128
:10BA20002DE9FF4105460E4617461C46022C05D15E
:10BA30003A460BA16846F4F743FC04E03A4609A1F4
:10BA40006846F4F73DFC6846F4F7BCFD00F0FF08DB
:10BA500043466A4631462846FDF754F8BDE8FF8163
:10BA6000257800002564000030B58BB00546202203
:10BA7000222102A8F4F757FE95F8D80000EBC00188
:10BA80000C4800EBC1042D20005D2C21095DCDE99F
:10BA900000102B20035D94F82A2007A102A8F4F7D8
:10BAA0000FFC202302AA45F620012846FDF72AF8BC
:10BAB0000BB030BDF419002025642E25642E2564BA
:10BAC0002E25640010B5044694F88600DE2800D0C8
:10BAD00010BD00200F49A1F8E000084690F87E0054
:10BAE000152802D1012081F89A000E212046FCF78A
:10BAF0004FF8002004F8780F6070227BA17A783C20
:10BB00004FF47A732046FDF7CDF8002084F8E30067
:10BB100000BFDDE7D03C002070B504460D46074865
:10BB200090F8E80008B1002000E0284602B241F297
:10BB30001611204600F082FD70BD00001017002095
:10BB40002DE9F04104460D460D48007870B194F897
:10BB50006F00012808D128460AF05CFC07463946E8
:10BB60002046FFF79BF802E0284600E0FF2006464B
:10BB7000324641F26501204600F060FDBDE8F081EB
:10BB8000D41900202DE9F04706460C461546282D0D
:10BB900001DDBDE8F08728460AF054FC82461949C9
:10BBA0000AF098FC814618490AF036FB804617498E
:10BBB0000AF0C4FA074638460AF0F0FB01B214480E
:10BBC00020F8141096F86F0001280CD1114938465E
:10BBD0000AF080FC824610490AF01EFB81460AF0FA
:10BBE000DDFB00B203E038460AF0D8FB00B2804625
:10BBF00041F2820021184246304600F01FFD00BF8E
:10BC0000C7E700000000A04100002042000020C162
:10BC1000EE180020000010410000A04070B504465E
:10BC2000C520055D94F86D0002280FD10C2D00DBB6
:10BC300000E00120024641F23F01204600F0FEFCF8
:10BC40000C2D09DDA5F10C0085B205E0002241F2C2
:10BC50003F01204600F0F2FC94F8C60005EBC50158
:10BC600001EB051100EB810002B241F24F012046C9
:10BC700000F0E4FC70BD000070B505460C460CB148
:10BC8000012000E0002003494870284600F036F902
:10BC900070BD0000E21900202DE9F04104460D4678
:10BCA0000D48007870B194F86F00012808D128463B
:10BCB0000AF0B0FB074639462046FEF7EFFF02E0E8
:10BCC000284600E0FF200646324641F26601204643
:10BCD00000F0B4FCBDE8F081E219002001462248E2
:10BCE000007810B92048C07820B32048C07800EB15
:10BCF000C0021E48001D00EBC2000079012804D0DC
:10BD0000022811D0032813D110E01848C07800EBA6
:10BD1000C0021648001D00EBC2004079042801D182
:10BD2000012070470420FCE70220FAE70320F8E72F
:10BD30000420F6E70D48C07800EBC0020B48001D58
:10BD400000EBC200007950B10848C07800EBC00297
:10BD50000648001D00EBC2000079012801D1002037
:10BD6000DFE70520DDE70000D03C0020F0190020CF
:10BD700070B50546002405E021462846FFF790FCF3
:10BD8000601CC4B2052CF7DB034890F84910284624
:10BD9000FDF750F870BD00004418002070B504464F
:10BDA000104890F8950048B10E4890F89600821C13
:10BDB00041F23A11204600F041FC12E00A4803F03B
:10BDC000BBF8D4F8EC10401AB0F5967F01D20120F0
:10BDD00000E0002005462A4641F23A11204600F0D4
:10BDE0002DFC70BD30190020C016002070B504462F
:10BDF0001148FFF773FF05B22A464FF480512046E1
:10BE000000F01CFC607808B1012000E00020024630
:10BE100041F20101204600F011FC607808B9207859
:10BE200008B1012000E00020024641F20A1120463C
:10BE300000F004FC70BD0000D03C002010B50446AA
:10BE40002048007800F0010048B91E4808F0D2FCF4
:10BE500028B160781C4908701A48AFF300801B486D
:10BE6000007800F0010048B9184808F0C3FC28B178
:10BE70002078174908701548AFF3008060781249A0
:10BE8000097888420ED1207811490978884209D171
:10BE9000104803F051F810490968401A40F6B831CB
:10BEA00088420DD90B4803F047F80B4908606078C9
:10BEB000054908702078064908702046FFF796FF6C
:10BEC00010BD000060050020640500205C05002016
:10BED00065050020C01600206805002070B50546E5
:10BEE0000C460CB1012000E00020034948702846B0
:10BEF00000F004F870BD0000D419002070B50546AC
:10BF00002648007850B12648007838B12448417856
:10BF10002248407801EB4000C4B216E01F48007888
:10BF200038B11E48407808B1072000E006200446DA
:10BF30000BE01B48007838B11948407808B105205B
:10BF400000E00420044600E0FF24224641F26401A0
:10BF5000284600F073FB114840781049097809B968
:10BF6000012100E0002101EB810100EB410241F2DF
:10BF70007C11284600F062FB09484078084909789E
:10BF800009B9012100E0002101EB810100EB410230
:10BF900041F27D11284600F051FB70BDD4190020FC
:10BFA000E21900200021024AA2F8E01070470000C8
:10BFB000D03C002010B504468148007800F0010014
:10BFC00058B97F4808F016FC38B17E4802F0B4FF3B
:10BFD0007D4908607A48AFF300807A4802F0ACFFF0
:10BFE000D4F8DC10401A41F28831884202D900208E
:10BFF00084F8D90094F88600DE287DD12046FCF72D
:10C0000065FF204600F030F9204600F05BFB20463B
:10C01000FFF7BEF92046FFF711FF6A4802F08CFFD8
:10C0200069490968401AB0F57A7F66D3654802F01D
:10C0300083FF65490860B4F89E0000280BDDB4F862
:10C040009E00012802D16148FBF724F8B4F89E0055
:10C05000401EA4F89E005E4890F8E600672801D1D3
:10C06000002000E00A20024641F2CD01204600F007
:10C07000E5FA5848FBF748FD5648FFF759FA554886
:10C08000FEF78AFD5348FFF773FE2046FEF77AFF5E
:10C090002046FFF755F9D4F8A400E8B1D4F8A4007D
:10C0A000012814D100202070607000224FF48051CC
:10C0B0002046FEF70FFE002241F201012046FEF766
:10C0C00009FE002241F20A112046FEF703FED4F8D1
:10C0D000A400401EC4F8A400207820B9607810B9EC
:10C0E0000020C4F8A400D4F8A80090B1D4F8A800A7
:10C0F000012809D1002001E05BE059E03649487091
:10C1000000212046FFF7B8FDD4F8A800401EC4F86F
:10C11000A8003148407810B90020C4F8A80014F8ED
:10C12000A00F401C207014F8A009052844DD002051
:10C1300084F8A000002241F26901204600F07EFA56
:10C140002648007810B12548807800E00520024696
:10C1500041F26701204600F071FA1F48007810B1E3
:10C160001D48807800E00520024641F26801204623
:10C1700000F064FA1948B0F904102046FFF7E0FC1B
:10C180001548B0F904102046FFF786FD14480078E2
:10C1900008B1FF2000E00020024641F227112046AE
:10C1A00000F04CFA2046FFF75FFC2046FFF79AF8B4
:10C1B00002E02046FBF75AFD0A48FAF707FE10BDD9
:10C1C00010050020C016002014050020C83D0020E6
:10C1D00010170020D03C0020E2190020D4190020C4
:10C1E0001C1D0020143200202DE9F04107460D46A9
:10C1F0001646062D01D3BDE8F0810C4800EBC504BE
:10C2000016B14FF4707000E0A088024621883846CD
:10C21000FEF750FE16B140F2AE2000E0E088024684
:10C2200061883846FEF746FE00BFE4E7FC6E03086F
:10C230002DE9F043A1B081460C4615466846F7F754
:10C24000D7FF83216846F7F789FF804621B2F7F7C9
:10C25000B6FF07462946F7F7A3FF0646F7F76EFF36
:10C2600021B0BDE8F083000010B50446C648007850
:10C2700000F0010068B9C44808F0BCFA48B1C348EE
:10C2800002F05AFE00F21A40C1490860BE48AFF3FE
:10C290000080C048007800F0010068B9BD4808F08F
:10C2A000A9FA48B1B94802F047FE00F5FA60BA4968
:10C2B0000860B848AFF30080B848007800F001008B
:10C2C00068B9B64808F096FA48B1B04802F034FEB2
:10C2D00000F21310B2490860B048AFF30080B148D3
:10C2E000007800F0010068B9AE4808F083FA48B160
:10C2F000A64802F021FE00F20D20AB490860A948D3
:10C30000AFF30080A948007800F0010068B9A748A1
:10C3100008F070FA48B19D4802F00EFE00F64D009C
:10C32000A3490860A148AFF3008094F87E0001287B
:10C3300013D1964802F000FE97490968401AC828B0
:10C340000BD3924802F0F8FD93490860032241F2B2
:10C3500023012046FFF76CFF10BD8C4802F0ECFD76
:10C360008B490968401AB0F5967F2DD3874802F0B3
:10C37000E3FD874908608F48007828B907224FF409
:10C3800080512046FFF754FF8A480078012811D1D8
:10C39000012241F254012046FFF74AFF012241F2F7
:10C3A00055012046FFF744FF012241F25601204685
:10C3B000FFF73EFF80480078401CC0B27E490870FD
:10C3C000012801DD00200870704802F0B5FD7449B5
:10C3D0000968401AB0F57A7F0DD36C4802F0ACFDC5
:10C3E0006F490860042210212046FFF721FF2046F4
:10C3F000FCF71CFCB0E794F87E00052822D16348C6
:10C4000002F09AFD68490968401AC8281AD35F48A3
:10C4100002F092FD644908606748007810B941F263
:10C42000370001E041F23800014601222046FFF7C3
:10C43000FFFE6148007808B9012000E000205E4955
:10C44000087089E794F87E00062834D14F4802F03E
:10C4500073FD55490968401AC8282CD94B4802F089
:10C460006BFD514908605448007828B9012241F217
:10C4700034012046FFF7DCFE4F480078012805D143
:10C48000012241F203012046FFF7D2FE4A4800781C
:10C49000052805D1012241F244012046FFF7C8FEDC
:10C4A00045480078401CC0B243490870052801DDAA
:10C4B0000020087050E7354802F03EFD3C4909680D
:10C4C000401AB0F5FA7F0AD9304802F035FD3849F4
:10C4D0000860012214212046FFF7AAFE3CE794F8E9
:10C4E0007E00072814D1294802F026FD2E4909684C
:10C4F000401AB0F5FA7F0BD9244802F01DFD2A49F5
:10C500000860012241F231012046FFF791FE23E746
:10C5100094F87E00082834D11C4802F00DFD224911
:10C520000968401AC8282CD9184802F005FD1E4990
:10C5300008602148007828B9012241F26B012046A9
:10C54000FFF776FE1C480078012805D1012241F250
:10C550002C012046FFF76CFE17480078022805D111
:10C56000012241F22D012046FFF762FE12480078B9
:10C57000401CC0B210490870022801DD002008707C
:10C58000EAE600BFE8E6000034050020C0160020FF
:10C5900038050020300500203C0500202C05002037
:10C5A0004005002028050020440500202405002027
:10C5B000480500204D0500204C0500202DE9F04FD6
:10C5C000A9B004460F4615461E46DDF8C88094F80B
:10C5D0008600DE2802D029B0BDE8F08F08A8F7F762
:10C5E00007FE822108A8F7F7B9FD9C210190F7F713
:10C5F000E6FD5A210290F7F7D3FDA5210390F7F746
:10C60000CFFD39460490F7F7CBFD29460590F7F7A3
:10C61000C7FD83463146F7F7C3FD41460690F7F75D
:10C62000BFFD07903399F7F7BBFD82463499F7F7C2
:10C63000B7FD8146F7F782FD00BFCCE72DE9F04357
:10C64000A1B081460C4615466846F7F7D1FD822118
:10C650006846F7F783FD804621B2F7F7B0FD07463D
:10C660002946F7F7ACFD0646F7F768FD21B0BDE8AF
:10C67000F083000030B50446114890F8C45090F89B
:10C68000C300C0EB001005EB80020D4890F8C650C7
:10C6900090F8C500C0EB001005EB8003084890F847
:10C6A000C15090F8C000C0EB001005EB8001914232
:10C6B00003D3994201D2012030BD0020FCE70000E5
:10C6C000D03C00202DE9F04FF1B00446F948007845
:10C6D00000F0010058B9F74808F08CF838B1F64876
:10C6E00002F02AFCF5490860F248AFF30080F248F6
:10C6F00002F022FCF1490968401AB0F5FA7F02D233
:10C7000071B0BDE8F08FEC4802F016FCEB49086010
:10C71000002568E094F86F00022803D1E84850F83B
:10C7200025000DE0E64850F82510E34802F026FC0D
:10C73000834609F033FE0FFA80FA504609F06AFE8C
:10C74000814609F02BFE00B26EA921F815006EA8F3
:10C7500030F815006BA921F81500D9484830405D24
:10C76000F0B9D7485230405DD0B9D648405D00F0AE
:10C77000010078B304F17000405D01282AD1D0494E
:10C7800051F82500D04909F071FE23D2002104F1AF
:10C7900070004155002229462046FFF725FD19E08B
:10C7A000FF206BA921F81500C648405D00F001008C
:10C7B00080B1FF206EA921F8150004F17000405DE2
:10C7C00020B9012229462046FFF70EFD012104F180
:10C7D00070004155BB48405D18B9FF206BA921F896
:10C7E0001500681CC5B2052D94DB94F86F00022873
:10C7F00004D1B3483438B0F948000EE0B0493439B8
:10C80000B1F9480009F006FE81464946AA4802F0FF
:10C81000B5FB054609F0C2FD00B26590A848343862
:10C8200090F8900090B9A648343890F8920068B912
:10C830007620005D01280ED1A1483438B0F94800B7
:10C84000732808DA00217620015504E0FF20659066
:10C8500001217620015594F86F00022803D19848F1
:10C860003438006D0DE096483438016D924802F07E
:10C8700085FB824609F092FD0FFA80F9484609F0DF
:10C88000C9FD054609F08AFD0FFA80F88C48343856
:10C8900090F89400C0B98A48343890F8960098B956
:10C8A0007520005D01281CD185493439086D864901
:10C8B00009F0DCFD15D2002175200155002205216B
:10C8C0002046FFF791FC0CE04FF0FF087520005D5B
:10C8D00020B9012205212046FFF786FC01217520A1
:10C8E000015594F86F00022804D175483438B0F926
:10C8F0004A000EE072493439B1F94A0009F08AFD64
:10C90000814649466C4802F039FB054609F046FD70
:10C9100000B264906A48343890F88C0090B9684846
:10C92000343890F88E0068B97720005D01280ED168
:10C9300063483438B0F94A00732808DA00217720B8
:10C94000015504E0FF2064900121772001555C48E7
:10C95000343890F8E80088B100206490002241F259
:10C9600016112046FFF76AFE5548343890F87420B7
:10C9700041F217112046FFF761FE05E00A2241F25D
:10C9800017112046FFF75AFE5048C07800EBC0014F
:10C990004E48001D00EBC10090F8450008B1FF2093
:10C9A00023E094F86F0002280AD14848C07800EBD1
:10C9B000C0014648001D00EBC100B0F9240014E09E
:10C9C0004249C97801EBC1024049091D01EBC2018E
:10C9D000B1F9240009F01EFD81464946364802F0AF
:10C9E000CDFA054609F0DAFC00B2639000200FE0B2
:10C9F00033497431095C19B931497631095C09B19F
:10CA0000022101E03249095C68AA1154411CC8B2F4
:10CA10000228EDDB2E488C38FAF774FE67902D481B
:10CA2000007810B92B48C07808B1012000E0002040
:10CA300066902648C07800EBC0012448001D00EB3A
:10CA4000C100807950B92148C07800EBC0011F486F
:10CA5000001D00EBC10090F8450008B1022066906F
:10CA60001A48C07800EBC0011848001D00EBC10057
:10CA700047781648C07800EBC0011448001D10F834
:10CA8000310050B91148C07800EBC0010F48001DBB
:10CA900000EBC10090F8450000B10227002026E01D
:10CAA00007496831095C19B905496D31095C99B1CB
:10CAB000022118E050050020C01600205405002077
:10CAC00044170020441800200000E642F01900201E
:10CAD000BC190020D03C0020C649095C002901DDBA
:10CAE000012100E0002169AA1154411CC8B20528A7
:10CAF000D6DBC148C07800EBC001BF48001D00EB89
:10CB0000C100406B4FF46161B0FBF1F0A4F8660026
:10CB1000B948C07800EBC001B748001D00EBC10068
:10CB2000806B4FF46161B0FBF1F0A4F86000204627
:10CB3000FCF734F942A8F7F75BFB822142A8F7F72C
:10CB40000DFB41F20E011190F7F739FB1290BDF980
:10CB5000B811F7F734FB1390BDF9BA11F7F72FFBB3
:10CB60001490BDF9BC11F7F72AFB1590BDF9BE1161
:10CB7000F7F725FB1690BDF9C011F7F720FB1790CA
:10CB80006599F7F71CFB41461890F7F718FB1990C9
:10CB9000B4F8600001B21998F7F711FB1A90B4F8D5
:10CBA000660001B21A98F7F70AFB1B909DF8A411D2
:10CBB000F7F705FB1C909DF8A511F7F700FB1D90FA
:10CBC0009DF8A611F7F7FBFA1E909DF8A711F7F74D
:10CBD000F6FA83469DF8A811F7F7F1FA1F909DF831
:10CBE000A011F7F7ECFA20909DF8A111F7F7E7FAFA
:10CBF00082466799F7F7E3FA81466699F7F7DFFA15
:10CC00000546F7F79BFA41F204012046639AFFF7C5
:10CC100015FD3A4641F257012046FFF70FFD7748D0
:10CC200000684FF46161B0FBF1F005B22A464FF4A1
:10CC300083512046FFF702FD714890F8E60007286F
:10CC400003DA6F4890F8E60000E0002006466C48E2
:10CC500090F8B60018B96A4890F8B50030B10022D3
:10CC600041F2CE012046FFF7E9FC17E0032E06DA79
:10CC7000012241F2CE012046FFF7E0FC0EE0052E36
:10CC800006DD032241F2CE012046FFF7D7FC05E086
:10CC9000022241F2CE012046FFF7D0FC2046FFF7EA
:10CCA0001DF8584981F8E900084690F8E92041F25A
:10CCB000C1012046FFF7C2FC4F49C97801EBC10210
:10CCC0004D49091D01EBC20188684F4909F002FC7A
:10CCD000814609F07FFB05B22A4641F25801204601
:10CCE000FFF7ACFC21A8F7F783FA822121A8F7F718
:10CCF00035FA41F2A1011C90F7F761FA1D90BDF9D8
:10CD0000AC11F7F75CFA8346BDF9AE11F7F757FAA5
:10CD10001E90BDF9B011F7F752FA8246BDF9B21173
:10CD2000F7F74DFA8146BDF9B411F7F748FA1F90AD
:10CD30006499F7F744FA31462090F7F740FA054630
:10CD4000F7F7FCF994F87E00172850D12F480078A7
:10CD500088B3FF2241F227112046FFF76FFC684697
:10CD6000F7F746FA82216846F7F7F8F905464FF4D7
:10CD70008951F7F724FA002519E094F86F0001288B
:10CD800007D12248103050F825102046FDF786FFC5
:10CD900006E01E49103151F8250009F0FFFA00B2F3
:10CDA000814649466846F7F70AFA681CC5B2042D61
:10CDB000E3DB00250FE014E01448083030F81500DC
:10CDC0000A2190FBF1F00FFA80F949466846F7F71F
:10CDD000F6F9681CC5B2032DEEDB6846F7F7AEF92D
:10CDE00005E0012241F227112046FFF727FC00BF92
:10CDF00086E400004E180020F0190020B012002038
:10CE000010170020D03C0020000020411C1D0020F5
:10CE100010B50446F8212046F3F7AFFC012084F852
:10CE2000E2000020607020707D2084F890000021D6
:10CE300091200155922001550B219320015500208E
:10CE40006234207684F82400A087A4F87E0084F859
:10CE50008100334981F87900A080022060730120AD
:10CE6000E072182020800220A070623C0921C320BB
:10CE700001551621C520015550207C34E080192031
:10CE80002081322084F83000052020803C2020843E
:10CE90000120A077002020677C3C00BF3CE02149B6
:10CEA00031F81020A11D21F810201F4931F8102061
:10CEB00004F1100121F810201C4931F8102004F170
:10CEC000420121F810201A4931F8102004F12E01F6
:10CED00021F81020174931F8102004F1240121F81D
:10CEE0001020154931F8102004F11A0121F8102002
:10CEF000124931F8102004F1380121F810201049AE
:10CF000031F8102004F1560121F8102000220A39CE
:10CF100021F81020411CC8B20528C0DB204610BDF6
:10CF2000D03C00202C6F0308366F0308406F0308C5
:10CF30004A6F0308546F03085E6F0308686F0308A5
:10CF4000726F030800210FE0002300F130025354F8
:10CF5000121D5354121D5354121D5354002280F8B5
:10CF6000402080F84120491C0429EDDB7047000077
:10CF700010B50446207858B9002020610021616175
:10CF8000A161E16120816181A1816080A180E18056
:10CF900000200DE00022A11C21F810207749421D3D
:10CFA000895C21B14FF47A72A11C21F81020401C39
:10CFB0000328EFDB724801F0BFFFE16A401AB0F5C9
:10CFC0007A7F7DD96E4801F0B7FFE06294F84100A6
:10CFD000002866D100BF62E06A49CA7AC11D8A4250
:10CFE00002D16849097839B967490A7BC11D8A426B
:10CFF00054D165490978E9B304F1200131F91010E1
:10D00000FF290CDC04F13401095C0F2907DA04F173
:10D010003401095C491CCAB204F134010A5404F118
:10D02000200131F91010FF2903DD002204F1340141
:10D030000A5404F13401095C0E2903DD012204F1D4
:10D040003C010A5404F1200131F9101040F6AC52B1
:10D0500091420CDD04F13001095C0F2907DA04F17B
:10D060003001095C491CCAB204F130010A5404F1D0
:10D07000200100E012E031F9101040F6AC5291426C
:10D0800003DC002204F130010A5404F13001095C90
:10D090000E2903DD012204F138010A54401C042842
:10D0A0009ADB207858B994F8280040B194F84000F1
:10D0B0000A2804DA94F84000401C84F8400000E09C
:10D0C00006E094F840000A2802DB012084F84100C1
:10D0D0002C48007858B12B48807A052848DA29482E
:10D0E000C07A072803DB2748C07A0A2840DD264893
:10D0F000007858B12448007A052839DA2248007BA4
:10D10000072803DB2048007B0A2831DD1F4890F800
:10D110003F00052804DB1D4890F83F00072827DD65
:10D120001A4890F84000052804DB184890F84000A1
:10D1300007281DDD154890F84100052804DB134839
:10D1400090F84100072813DD104890F842000528A8
:10D1500004DB0E4890F84200072809DD0B4890F8E0
:10D160004300052806DB094890F84300072801DC46
:10D17000012000E0002084F8280010BDBC19002028
:10D18000C0160020E2190020D41900204418002005
:10D1900010B5044644212046F3F7EFFA204610BDAF
:10D1A00010B5044694F8440018B1044801F0C4FED8
:10D1B00020640020A07184F8450010BDC016002036
:10D1C00070B504462948007800F0010058B9274896
:10D1D00007F010FB38B1264801F0AEFE2549086083
:10D1E0002248AFF30080224801F0A6FE216C401ACD
:10D1F00044F62061884205D994F8440010B101201A
:10D2000084F84500012084F83C00207918B90020FA
:10D2100084F83C001CE0207901280AD160790428B8
:10D2200003D1002084F83C0012E0012084F83C0087
:10D230000EE02079022802D184F83C0008E0207931
:10D24000032802D184F83C0002E0012084F83C006D
:10D25000E1780948F9F754FE0646E16909F03AF920
:10D260000546064909F036F9206270BD78040020B1
:10D27000C01600207C040020F0190020BC74133D6F
:10D2800010B5044648212046F3F777FA0120A07034
:10D29000092084F83D00204610BD000010B504466A
:10D2A000227B184951F8220009F078F800B2A080DA
:10D2B000B4F90600B4F90A10401AB4F9041088420F
:10D2C0000CDB607850B11048007828B90E484078DF
:10D2D00010B90D48C07808B10120A070607870B115
:10D2E0000948007828B90848407810B90648C0783D
:10D2F00028B1B4F90400B4F90610884201DB00201B
:10D30000A07010BDFC170020D03C0020014600207A
:10D3100007E0652301F15E0213540523121D135427
:10D32000401C0428F5DB704701B588B0FE484088F2
:10D3300008B1012100E00021089880F8BD10FA48EA
:10D34000808808B1012100E00021089880F8BE1013
:10D35000F548C08808B1012100E00021089880F854
:10D36000BF10002007902FE0F048079910F8112017
:10D3700008989C304254ED480A30079910F8112063
:10D380000898A1304254E9480A380799425C089845
:10D39000A6304254E5485C300799425C0898B030AA
:10D3A0004254E24814300799425C0898B530425420
:10D3B000DE488C30079910F8110042B20898AB3063
:10D3C00042540798401C079007980528CCDBD848A2
:10D3D0004178089880F88D10D5480178089880F831
:10D3E0008C10D44890F89610089880F88E10D04889
:10D3F000C178089880F88F10CF484178089880F855
:10D400009410CD488179089880F89510CA48018910
:10D410000898A0F89610C74890F83710089880F838
:10D420009810C44890F89010089880F89910C34854
:10D43000C07800EBC001C148001D00EBC10041787D
:10D44000089880F8BA10BB4890F83310089880F814
:10D450009A10B84890F83410089880F89B10B54896
:10D4600090F88C10089880F8BB10B24890F88D1096
:10D47000089880F8BC10B2484178089880F891105C
:10D48000AF488179089880F89210AD48817A089861
:10D4900080F89310A74890F83810089880F8C110C9
:10D4A000A44890F83910089880F8C210A14890F864
:10D4B0003A10089880F8C310A24890F8E61008982F
:10D4C00080F8C4109D48C07800EBC0019B48001D47
:10D4D00000EBC10090F83C10089880F8C510954802
:10D4E000FAF710F908B1012100E00021089880F84E
:10D4F00090108F4890F8C310089880F8C7108C4897
:10D5000090F8C410089880F8C610894890F8C510A3
:10D51000089880F8C910864890F8C610089880F8D6
:10D52000C810834890F88210089880F8CC10804882
:10D5300090F88410089880F8CD107D48B0F89C10C1
:10D540000898A0F8CA107A4890F86210089880F8F5
:10D55000CE10774890F87C10089880F8CF10744867
:10D5600090F86F10089880F8D010714890F86D10FE
:10D57000089880F8D110744890F84C10089880F8FA
:10D58000D210714890F84C0000EB40016E4810300A
:10D5900000EB41004178089880F8D410089890F882
:10D5A000D40008B1012100E00021089880F8D310D0
:10D5B0006248C178089880F8151160484178089849
:10D5C00080F816110020079010E05F480830079996
:10D5D000425C0898EA3042545B480C300799425C40
:10D5E0000898EE3042540798401C0790079804288A
:10D5F000EBDB544890F87410089880F8C0100020B5
:10D6000007900EE0079800EB40014F48103000EB08
:10D61000410042780898DF30079942540798401C2F
:10D62000079007980A28EDDB0020079012E0079882
:10D6300000EB40014448103000EB4100407808B155
:10D64000012200E000220898D5300799425407983B
:10D65000401C079007980A28E9DB0020079049E062
:10D66000079800EBC0013548001D00EBC10090F8A1
:10D67000440000B93BE0079800EBC0012F48001DB3
:10D6800000EBC1000179079800EB80020898F230A6
:10D690008154079800EBC0012848001D00EBC10031
:10D6A0004179079800EB80020898F23010444170ED
:10D6B000079800EBC0012148001D00EBC1008179F3
:10D6C000079800EB80020898F230104481700798A8
:10D6D00000EBC0011948001D00EBC100417807981C
:10D6E00000EB80020898F2301044C17000BF079828
:10D6F000401C079007980728B2DB0898417890F8FB
:10D700008D0081423CD0089890F88D0000B3084805
:10D71000B0F8620061281CDA0548B0F862004FF4E6
:10D7200061614843024911E01C1D0020621800207D
:10D73000D03C002030190020E2190020F019002010
:10D74000D419002010170020601D0020C1F8A4008B
:10D7500003E00020FE49C1F8A400089890F88D105D
:10D760004170FF20162307227F210090F94802F024
:10D7700015FBF948F8F7E6FD0121F84880F83D105F
:10D780000898017890F88C00814229D0089890F888
:10D790008C0090B1EE48B0F86200612809DAEC48DC
:10D7A000B0F862004FF461614843E949C1F8A40050
:10D7B00003E00020E649C1F8A400089890F88C1016
:10D7C0000170FF20162307227F210090E14802F01C
:10D7D000E5FAE148F8F7B6FD0121E04880F83D1090
:10D7E0000898C17890F88F00814234D0089890F85A
:10D7F0008F10C170089890F88F00D549087008986C
:10D8000090F88F004870002007900DE0D4490798E9
:10D81000085C30B1089890F88F2001F11400079946
:10D8200042540798401C079007980528EEDB08989B
:10D8300090F88F00024641F203010790C448FDF7BB
:10D8400049FA089890F88F00024641F20C010790BF
:10D85000BF48FEF7F3FE0898017A90F894008142E1
:10D860002BD0089890F894100172FF2016230722FD
:10D870007F210090B74802F091FAB748F8F7BAFD57
:10D88000089890F8940001460790B148FEF7F4F923
:10D890000121B24880F83D10089890F8940060B1DA
:10D8A000B0480089B0F5B46F07DCAE480089C0EB22
:10D8B00000108000A649C1F8A8000898417990F8A6
:10D8C000910081421AD0089890F891104171FF2080
:10D8D000162307227F2100909E4802F05FFA9E489F
:10D8E000F8F7E4FA089890F89100014607909848F4
:10D8F000FEF7F4FA0121994880F83D100898017B61
:10D9000090F89800814229D0089890F898100173F7
:10D91000089890F8980040B18D48B0F87C00C0EBB2
:10D92000001081009048C16402E000218E48C1646B
:10D93000FF202A2307227F210090864802F02EFA3A
:10D9400004218548F8F71AFF089890F898000246D5
:10D9500041F2540107907E48FDF7BCF90898817B9D
:10D9600090F89A00814229D0089890F89A10817313
:10D97000089890F89A0040B17548B0F87C00C0EB68
:10D98000001080007849C86302E000207649C8632F
:10D99000FF202A2307227F2100906E4802F0FEF923
:10D9A00000216D48F8F7EAFE089890F89A000246C0
:10D9B00041F2550107906648FDF78CF90898C17B44
:10D9C00090F89B00814229D0089890F89B10C17371
:10D9D000089890F89B0040B15D48B0F87C00C0EB1F
:10D9E000001081006048016402E000215E4801648B
:10D9F000FF202A2307227F210090564802F0CEF90B
:10DA000001215548F8F7BAFE089890F89B000246A5
:10DA100041F2560107904E48FDF75CF9089890F8DE
:10DA2000381090F8C40081420FD0089890F8C410C4
:10DA300080F83810FF20152307227F2100904548E9
:10DA400002F0ACF94448F8F713FB089890F8391045
:10DA500090F8C50081420FD0089890F8C51080F862
:10DA60003910FF20152307227F210090394802F04A
:10DA700095F93948F8F7FCFA0898017990F8900080
:10DA800081420ED0089890F890100171FF20152364
:10DA900007227F2100902F4802F080F92E48F8F7E6
:10DAA000E7FA089890F8341090F8C000814217D037
:10DAB000089890F8C01080F83410FF201323072234
:10DAC0007F210090234802F069F92348F8F7D0FA43
:10DAD000089890F8C000014607901D48FDF7BEF970
:10DAE000089890F83B1090F8C700814245D00898FC
:10DAF00090F8C71080F83B10089890F8C61080F88E
:10DB00003A10FF20292307227F210090114802F0BC
:10DB100045F9012200211048F8F7A0FD089890F877
:10DB2000C6000A2190FBF1F1089890F8C70000EBBD
:10DB3000400001EB400000B2024641F2370107907D
:10DB40000348FEF77BFD0248FDF77CFDB4200DE0A5
:10DB5000D03C0020C4040020F3040020043F002037
:10DB600044180020E219002030190020FE49A1F8D5
:10DB70009E000121FD4880F83F10089890F83A1067
:10DB800090F8C600814236D0089890F8C71080F807
:10DB90003B10089890F8C61080F83A10FF2029230F
:10DBA00007227F210090F24802F0F8F801220021BC
:10DBB000F048F8F753FD089890F8C6000A2190FB4A
:10DBC000F1F1089890F8C70000EB400001EB40002D
:10DBD00000B2024641F237010790E348FEF72EFDFE
:10DBE000E148FDF72FFDB420DF49A1F89E00012197
:10DBF000DE4880F83F10089890F83D1090F8C90072
:10DC0000814236D0089890F8C91080F83D100898E5
:10DC100090F8C81080F83C10FF20292307227F21AC
:10DC20000090D34802F0BAF800221146D148F8F724
:10DC300015FD089890F8C8000A2190FBF1F10898AA
:10DC400090F8C90000EB400001EB400000B2024632
:10DC500041F238010790C448FEF7F0FCC248FDF7D6
:10DC6000DDFFB420C049A1F89E000121BF4880F823
:10DC70003F10089890F83C1090F8C800814236D0C8
:10DC8000089890F8C91080F83D10089890F8C810CE
:10DC900080F83C10FF20292307227F210090B44800
:10DCA00002F07CF800221146B248F8F7D7FC089839
:10DCB00090F8C8000A2190FBF1F1089890F8C9008B
:10DCC00000EB400001EB400000B2024641F2380197
:10DCD0000790A548FEF7B2FCA348FDF79FFFB420CC
:10DCE000A149A1F89E000121A04880F83F100898A2
:10DCF00090F8401090F8CC00814230D0089890F80D
:10DD0000CC1080F84010FF20292307227F210090AB
:10DD1000974802F043F89448B0F8820000B20246F7
:10DD200041F22C0107909048FEF788FC8E48FEF7E0
:10DD3000A1FC70B18C4890F8840007908A4890F854
:10DD400082004FF47A73069001468748079AFAF7E3
:10DD5000A9FFB4208449A1F89E00A1F89E0008986C
:10DD600090F8411090F8CD00814230D0089890F89A
:10DD7000CD1080F84110FF20292307227F21009039
:10DD80007B4802F00BF87848B0F8840000B20246F5
:10DD900041F22D0107907448FEF750FC7248FEF7DF
:10DDA00069FC70B9704890F8840007906E4890F84C
:10DDB00082004FF47A73069001466B48079AFAF78F
:10DDC00071FFB4206849A1F89E00A1F89E00089850
:10DDD000C18FB0F8CA0081420FD00898B0F8CA10BD
:10DDE000C187FF20292307227F210090604801F08E
:10DDF000D5FFB4205C49A1F89E000898417A90F8BC
:10DE0000950081421ED0089890F895104172032029
:10DE1000132307227F210090554801F0BFFF55488A
:10DE2000F8F7E8FB089890F89500014607904E48EF
:10DE3000FDF702FDB4204C49A1F89E0001214B489A
:10DE400080F83F1008984189B0F89600814216D0BA
:10DE50000898B0F8961041810320132307227F21F0
:10DE60000090434801F09AFF4248F8F7C3FBB42002
:10DE70003D49A1F89E0001213C4880F83F100898D8
:10DE8000817990F8920081421ED0089890F8921003
:10DE900081710320132307227F210090344801F071
:10DEA0007DFF3448F8F702F8089890F89200014690
:10DEB00007902D48FDF74AFBB4202B49A1F89E009E
:10DEC00001212A4880F83F10089890F8421090F8F5
:10DED000CE0081423CD0089890F8CE1080F84210D5
:10DEE000089890F84200602804DD00201E49C1F81F
:10DEF000A40008E0089890F8CE004FF46161484310
:10DF00001949C1F8A4001B48F8F774FB0320132338
:10DF100007227F210090164801F040FF089890F8F2
:10DF2000CE00014607901048FCF7FAFD089890F8DB
:10DF3000CE00024641F2340107900B48FEF77EFB0B
:10DF4000B4200949A1F89E000121084880F83F103B
:10DF5000089890F8431090F8CF0081422DD008988F
:10DF600090F8CF1008E00000D03C0020043F0020D3
:10DF7000C4040020F304002080F84310FE48F8F7A2
:10DF800039FB0320132307227F210090FB4801F077
:10DF900005FF089890F8CF00024641F2440107902F
:10DFA000F748FEF74BFB089890F8CF00024641F285
:10DFB00044010790F248FEF741FB0898C17990F8B8
:10DFC0009300814216D0089890F89310C171EA48E6
:10DFD000F7F76CFF0320132307227F210090E74807
:10DFE00001F0DCFEB420E649A1F89E000121E548DD
:10DFF00080F83F100020079048E0089835300799D6
:10E00000425C0898C130405C82423CD00898C130E4
:10E010000799425C089835304254FF202A23072292
:10E020007F210090D54801F0B9FE089890F8C10012
:10E0300058B1D348B0F87C00C0EB001082000798BC
:10E04000401DD14941F8202005E000220798401DDD
:10E05000CD4941F820200798401DC0B201460690E6
:10E06000C548F8F78BFB0898C1300799405C0690CB
:10E07000084641F21011084480B205900146C0489C
:10E08000069AFEF7DBFA0798401C079007980328CA
:10E09000B3DB002007902AE0089831300799425CF2
:10E0A0000898BD30405C82421ED00898BD30079968
:10E0B000425C089831304254FF202A2307227F21F6
:10E0C0000090AE4801F06AFEFF202B230722252195
:10E0D0000090AA4801F062FE0798401DC0B20146B8
:10E0E0000690A548F8F74AFB0798401C0790079848
:10E0F0000328D1DB0020079041E0089810300799F1
:10E10000425C08989C30405C824235D008989C3034
:10E110000799425C089810304254FF2019230722C7
:10E120007F210090954801F039FE0798C0B2012286
:10E13000014606909048F8F791FA944890F84910F3
:10E140000798814210D1914890F849101E3030F95B
:10E150001100059008F05EF9014606908848FAF72C
:10E16000FDFD8748FCF738FCB4208549A1F89E00E6
:10E170000121844880F83D100798401C07900798BB
:10E180000528BADB0020079041E008981530079970
:10E19000425C0898A130405C824235D00898A1309A
:10E1A0000799425C089815304254FF201A23072231
:10E1B0007F210090714801F0F1FD0798C0B2002264
:10E1C000014606906C48F8F749FA704890F84910F3
:10E1D0000798814210D16D4890F84910283030F9E5
:10E1E0001100059008F016F9014606906448FCF706
:10E1F00023FD6348FCF7F0FBB4206149A1F89E00C1
:10E200000121604880F83D100798401C079007984E
:10E210000528BADB0020079033E008981A300799E8
:10E22000425C0898A630405C824227D00898A6300D
:10E230000799405C022804D1012254487A3007999A
:10E2400042540898A6300799425C08981A30425404
:10E25000FF20162307227F210090484801F09EFDF1
:10E260000798C0B2014606904348F7F7E9FF01213D
:10E27000089880F81911434880F83E100798401C10
:10E28000079007980528C8DB002007902DE0089824
:10E2900024300799425C0898B030405C824221D01B
:10E2A0000898B0300799425C089824304254FF2007
:10E2B0001B2307227F210090304801F06FFD079853
:10E2C000C0B2014606902C48F7F7C0FC012108981F
:10E2D00080F81811B4202A49A1F89E00012129488C
:10E2E00080F83E100798401C079007980528CEDB61
:10E2F000002007903BE0089829300799425C089875
:10E30000B530405C82422FD00898B5300799425C06
:10E31000089829304254FF201B2307227F210090B8
:10E32000164801F03BFD1448F8F79AF8174890F8A2
:10E330004910079881420FD114487A300799405C00
:10E3400050B1124832300799405C024641F2240134
:10E3500006900B48FEF772F9B4200949A1F89E0017
:10E360000121084880F83E100798401C0790079844
:10E370000528C0DB00200BE0F3040020C4040020CB
:10E38000D03C0020043F00206C19002044180020DD
:10E3900007905DE008981F30079942560898AB3007
:10E3A0004056824251D00898AB300799425C089899
:10E3B0001F3042540620132307227F210090FE487D
:10E3C00001F0ECFCFD48079930F81100142101EB35
:10E3D000400000B2069041F27C010798084480B2E8
:10E3E00005900146F648069AFEF728F9F44890F899
:10E3F0006F0001280DD1F148079930F91100019003
:10E4000007F0DFFBEF4AF04BCDE9020107F040FCDB
:10E4100006E0EA48079930F91100039007F0D1FBB4
:10E42000CDE9040107F09EFB00B2069041F28201A3
:10E430000798084480B205900146E148069AFEF725
:10E44000FDF8B420DE49A1F89E000798401C079013
:10E45000079805289EDB089890F8441090F8D000A3
:10E46000814210D0089890F8D01080F84410D44819
:10E4700090F86F0001460790D148FAF76FFBB4207F
:10E48000CF49A1F89E000898817890F88E008142CB
:10E4900017D0089890F88E1081700120132307225E
:10E4A0007F210090C44801F079FCC548FDF776FC57
:10E4B000089890F88E0020B14FF4E160C349C1F88C
:10E4C0009800089890F8451090F8D100814212D039
:10E4D000089890F8D11080F84510B94890F86D0070
:10E4E000024641F233010790B548FCF7F3FBB42034
:10E4F000B349A1F89E00089890F8461090F8D20011
:10E5000081422CD0089890F8D21080F846100898D4
:10E5100090F8D20000EB4001AD4810F8110002283D
:10E5200017D1089890F8D20000EB4001A84800EB02
:10E530004100808800B2024641F26A110790A0486B
:10E54000FEF77CF8012241F27A119D48FEF776F839
:10E5500005E0002241F27A119948FEF76FF8089819
:10E5600090F8481090F8D40081420ED0089890F8A6
:10E57000D41080F84810089890F8D400024641F270
:10E580006B1107908E48FEF759F80898417B90F878
:10E59000990081420BD0089890F89910417301209E
:10E5A000132307227F210090834801F0F7FB00200E
:10E5B000079029E0089853300799425C0898DF30AB
:10E5C000405C82421DD00898DF300799425C089871
:10E5D000533042540898DF300799405C0A2190FB81
:10E5E000F1F000B20690079800F58D5080B20590CA
:10E5F00001467348069AFEF721F80121754880F814
:10E600004C100798401C079007980A28D2DB00207E
:10E6100007906AE008985E300799425C0898EA30F3
:10E62000405C824208D1089862300799425C0898A1
:10E63000EE30405C824255D00898EA300799425C3F
:10E6400008985E3042540898EE300799425C08986A
:10E65000623042540898EA300799405C06900846B8
:10E6600041F2841101EB800080B2059001465448CC
:10E67000069AFDF7E3FF0898EA300799405C1121FC
:10E6800090FBF1F20898EE300799405C401E00EBD9
:10E69000400002EB400000B2069001F58C5080B2C1
:10E6A000059001464648069AFDF7C8FF0898EE30E7
:10E6B0000799405C10B14FF4C57001E040F2622050
:10E6C000069042F2A2011022079802FB001080B2CD
:10E6D000059001463A48069AFCF7ECFB01213D48BB
:10E6E00080F84C100798401C07900798042891DB8D
:10E6F0000020079090E0079800EB80010898F23026
:10E70000415C079800EB800208986630805C81428B
:10E710000FD1079800EB80010898F2300844417847
:10E72000079800EB800208986630104440788142D8
:10E730001CD0079800EB80010898F230415C0798E4
:10E7400000EB8002089866308154079800EB800146
:10E750000898F23008444178079800EB8002089846
:10E760006630104441701648FCF7EAFD079800EB4C
:10E7700080010898F23008448178079800EB800205
:10E780000898663010448078814210D0079800EBDA
:10E7900080010898F23008448178079800EB8002E5
:10E7A00008986630104481700548FCF79BFD079877
:10E7B00000EB800108980FE0C4040020EE18002050
:10E7C000D03C0020CDCCCCCCCCCCFC3F30190020B0
:10E7D000701D0020043F0020F2300844C1780798E3
:10E7E00000EB8002089866301044C078814210D057
:10E7F000079800EB80010898F2300844C178079828
:10E8000000EB8002089866301044C1703048FCF775
:10E81000B9FB0798401C079007980728FFF66BAFD5
:10E82000089890F8891090F81501814210D0089846
:10E8300090F8151180F889100720132302467F21D4
:10E840000090244801F0AAFAB4202149A1F89E00C2
:10E85000089890F88A1090F8160181420CD0089818
:10E8600090F8161180F88A10B4201949A1F89E007A
:10E870000021184801F002F9089890F81801C8B171
:10E88000154800F059FB15490968401AB0F57A7F20
:10E8900010D9114800F050FB10490860104890F85A
:10E8A0004900014607900A48FAF7C4FA002108987F
:10E8B00080F81811089890F8190130B100210898D3
:10E8C00080F819110248FDF753FA09B000BD0000A5
:10E8D000D03C0020C4040020C0160020F404002016
:10E8E0004418002010B58AB0044601210846F3F709
:10E8F000E3FD01210420F3F7DFFD01218803F3F795
:10E900000BFE01214806F3F7E7FD09220C217548AB
:10E91000F3F758FB09220B217248F3F753FB08A8C1
:10E92000F3F780FB4FF40060089002208DF824007C
:10E930008DF8250000208DF8260001208DF8270095
:10E9400008A96848F3F7F6FA08A8F3F76BFB4FF449
:10E950008050089002208DF824008DF825000020BA
:10E960008DF8260001208DF8270008A95D48F3F7EF
:10E97000E1FA08A8F3F756FB4FF480500890022004
:10E980008DF824008DF8250000208DF82600012048
:10E990008DF8270008A95448F3F7CCFA4FF48051BA
:10E9A0005148F3F73BFB5148F2F78EFC05A8F2F70C
:10E9B0001DFF01208DF81B0000208DF81D00012097
:10E9C0008DF81F0000208DF816008DF817000B2021
:10E9D0008DF8180001208DF819000820ADF81400FA
:10E9E00005A94248F2F7AFFD01A8F2F789FC012022
:10E9F0008DF80E0000208DF80F0001208DF810001A
:10EA00000020ADF80400ADF80600ADF80800ADF840
:10EA10000A00ADF80C0001208DF8110001A8F2F7F2
:10EA20006FFC012202213148F2F784FD2F48143097
:10EA3000006840F002002D4914310860012211469F
:10EA40002A48F2F777FD012211022848F2F772FDF9
:10EA5000012251022548F2F76DFD0122910223485F
:10EA6000F2F768FD0122D1022048F2F763FD01228E
:10EA7000D1031E48F2F75EFD14208DF8000000203F
:10EA80008DF801008DF8020001208DF80300684622
:10EA9000F3F7BEFC1420F4F7D6FE13208DF8000027
:10EAA00000208DF801008DF8020001208DF8030090
:10EAB0006846F3F7ADFC1320F4F7C5FE16208DF879
:10EAC000000000208DF801008DF8020001208DF873
:10EAD00003006846F3F79CFC1620F4F7B4FE0AB076
:10EAE00010BD000000000240000802400064004029
:10EAF000704770B5044600251CE005EB450104F1A4
:10EB0000340010F8310098B905EB450204F13401E6
:10EB100001EBC201081D142204F12001F1F7C6FD2A
:10EB2000012105EB450204F1340000F8321070BDFC
:10EB3000681CC5B2322DE0DB00BFF8E72DE9F04FCD
:10EB4000044609AD95E8E010DDE90D89002065E097
:10EB500000EB400B04F2E44A1AF83BA0BAF1000FB4
:10EB600058D04FF0000A00EB400B04F2E44E0EF8D0
:10EB70003BA000EB400AF3460BEBCA0ACAF80810A8
:10EB80004FF0000A00EB400B0EEBCB0B8BF80DA007
:10EB90004FF0040A00EB400B0EEBCB0B8BF80CA0F4
:10EBA0004FF0080A00EB400B0EEBCB0B8BF80EA0DE
:10EBB00000EB400AF3460BEBCA0A8AF80F2000EB81
:10EBC000400A0BEBCA0A8AF8103000EB400A0BEB44
:10EBD000CA0A8AF8115000EB400A0BEBCA0A8AF8FD
:10EBE000126000EB400A0BEBCA0A8AF8137000EBC4
:10EBF000400A0BEBCA0A8AF814C000EB400A0BEB80
:10EC0000CA0A8AF8158000EB400A0BEBCA0A8AF898
:10EC1000169005E000F1010A0AF0FF00322897DBA8
:10EC2000BDE8F08F70B504463148007800F001006F
:10EC300058B92F4805F0DEFD38B12E4800F07CF9B8
:10EC40002D4908602A48AFF300802C48006800F086
:10EC5000040616BB207A00B300251CE005EB450135
:10EC600004F2E44010F8310098B90020207205EB5E
:10EC7000450204F2E44000EBC200011D1F481838B1
:10EC8000F2F7C4FD012105EB450204F2E44000F86F
:10EC90003210681CC5B2322DE0DB164800F04CF98A
:10ECA00015490968401AB0F57A7F1ED3114800F063
:10ECB00043F911490860C6B194F89C09022808D0AC
:10ECC000022084F89C0900210C481838F2F7C5FC92
:10ECD00070BD002084F89C09012108481838F2F71B
:10ECE000BCFC012006490872F2E700BFF0E7000013
:10ECF000BC040020C0160020C0040020186400409E
:10ED00005827002010B504464FF41A612046F1F749
:10ED100034FD00200FE0002200EB400304F1340139
:10ED200001F83320012200EB400304F2E44101F832
:10ED30003320411CC8B23228EDDB7D202070012039
:10ED400060702072002084F89C09204610BD0000ED
:10ED50001FB504460021481EF4F7CCFD0121102008
:10ED6000F3F7BAFB01212648F3F7BFFE25480068F8
:10ED70002549B0FBF1F0401E2149088501212020E2
:10ED8000F3F7AAFB01212148F3F7AFFE1D48006805
:10ED90004FF47A71B0FBF1F0401E1C492831088015
:10EDA00001A8F4F72FF81748006840084FF47A716B
:10EDB000B0FBF1F0401E80B2ADF80400481E029096
:10EDC00001A94FF08040F3F7DBFF012211469007C5
:10EDD000F3F7A6FE01218807F3F787FE1C208DF8C4
:10EDE000000001208DF803006846F3F711FB0121B4
:10EDF0008807F3F777FE0020207060601FBD0000D9
:10EE0000001000400404002040420F0000140040A5
:10EE100038B50546002000900AE01C49009851F8DA
:10EE20002010800000F1005001600098401C00900C
:10EE30000098F028F1D372B64FF0005014490860E2
:10EE4000BFF34F8F62B6284600F0B4F8F3F720FD09
:10EE5000104800684FF47A71B0FBF1F4B4F1807F90
:10EE600000D311E024F07F40401E4FF0E0214861C4
:10EE70000F214FF0FF30F4F73DFD00204FF0E0216F
:10EE800088610720086100BF38BD0000000002084B
:10EE900008ED00E004040020154A126802F515721E
:10EEA00052F82120521C124B1B6803F5157343F8CE
:10EEB00021200F4A1268C2F80C150D4A126802F59B
:10EEC000157252F821200A4B1B68D3F808359A4274
:10EED0000DD9074A1268C2F80415054A126802F5EE
:10EEE000157252F82120024B1B68C3F808257047A1
:10EEF000880400200346914201DD08467047104611
:10EF0000FCE70346914201DD104670470846FCE7E6
:10EF100070B506460C46074800F00EF8054602E0BC
:10EF20007F20F4F749F9034800F006F8401BA0429F
:10EF3000F6D370BDC01600200146886870470000F7
:10EF40004168491C41608168491C8160084A8168A8
:10EF50001268891AB1F57A7F09D9054A816811606A
:10EF600004490968044A11600021024A116070478F
:10EF70003004002034040020380400202DE9F05F24
:10EF800083468A46504607F0ADF88046064A074B4E
:10EF900006F07EFE06460022054B06F0D7FB04462F
:10EFA00006F0A2FBBDE8F09FCDCCCCCCCCCCFC3F96
:10EFB0000040404030B585B00546F3F7BDFA01206A
:10EFC000F3F77CFBF3F7C4FB0446012C22D1F2F7E4
:10EFD00017FF0320F2F74EFF0020F3F763FB4FF417
:10EFE000A050F3F779FB2003F3F782FB0420022300
:10EFF000F022102100900005F3F78CFB0120F3F7BD
:10F0000083FB00BF3920F3F72DFB0028FAD0022044
:10F01000F3F792FB01A8F3F7B3FA01210846F3F7DF
:10F020004BFA01210220F3F747FA01210420F3F7FC
:10F0300043FA05B030BD704710B586B004460121D3
:10F040000220F3F739FA01210420F3F735FA012100
:10F050008803F3F761FA01218806F3F73DFA0922E4
:10F060000C218048F2F7AEFF09220D217D48F2F70E
:10F07000A9FF04A8F2F7D6FF4FF4805004900220B5
:10F080008DF814008DF8150000208DF81600012071
:10F090008DF8170004A97348F2F74CFF04A8F2F7A3
:10F0A000C1FF4FF40050049002208DF814008DF839
:10F0B000150000208DF8160001208DF8170004A916
:10F0C0006848F2F737FF04A8F2F7ACFF4FF400509E
:10F0D000049002208DF814008DF8150000208DF8A2
:10F0E000160001208DF8170004A95F48F2F722FFEF
:10F0F0004FF400515C48F2F791FF5C48F2F7E4F8F6
:10F1000001A8F2F773FB01208DF80B0000208DF8A9
:10F110000D0001208DF80F0000208DF806008DF8FD
:10F1200007000B208DF8080001208DF80900082049
:10F13000ADF8040001A94D48F2F705FA0E214C483C
:10F14000F4F796FA0F214A481338F4F791FA102190
:10F150004748FD38F4F78CFA112145485A38F4F73E
:10F1600087FA12214348F4F783FA13214248F4F74F
:10F170007FFA14213F485F38F4F77AFA15213D48A9
:10F18000801DF4F775FA16213A485D38F4F770FAE5
:10F1900017213848C01CF4F76BFA1821344809309D
:10F1A000F4F766FA012210213048F2F7C3F92F482C
:10F1B0001430006840F010002C491431086001221E
:10F1C00011462A48F2F7B6F9012211022748F2F750
:10F1D000B1F9012251022548F2F7ACF9012291025E
:10F1E0002248F2F7A7F90122D1022048F2F7A2F94A
:10F1F0000122D1031D48F2F79DF941208DF800004E
:10F2000000208DF801008DF8020001208DF8030028
:10F210006846F3F7FDF84120F4F70AFB3F208DF82C
:10F22000000000208DF801008DF8020001208DF80B
:10F2300003006846F3F7ECF83F20F4F7F9FA4220B0
:10F240008DF8000000208DF801008DF802000120EB
:10F250008DF803006846F3F7DBF84220F4F7E8FA8C
:10F2600006B010BD000402400008024000680040E3
:10F27000F6FF0100F5FE010065EF010070B50446E0
:10F28000002084F8980900251CE005EB450104F1F5
:10F29000300010F8310098B905EB450204F1300157
:10F2A00001EBC201081D142204F11C01F1F7FEF963
:10F2B000012105EB450204F1300000F8321070BD69
:10F2C000681CC5B2322DE0DB00BFF8E72DE9F04F36
:10F2D000044609AD95E8E010DDE90D89002065E000
:10F2E00000EB400B04F59C6A1AF83BA0BAF1000F42
:10F2F00058D04FF0000A00EB400B04F59C6E0EF85E
:10F300003BA000EB400AF3460BEBCA0ACAF8081010
:10F310004FF0000A00EB400B0EEBCB0B8BF80DA06F
:10F320004FF0040A00EB400B0EEBCB0B8BF80CA05C
:10F330004FF0080A00EB400B0EEBCB0B8BF80EA046
:10F3400000EB400AF3460BEBCA0A8AF80F2000EBE9
:10F35000400A0BEBCA0A8AF8103000EB400A0BEBAC
:10F36000CA0A8AF8115000EB400A0BEBCA0A8AF865
:10F37000126000EB400A0BEBCA0A8AF8137000EB2C
:10F38000400A0BEBCA0A8AF814C000EB400A0BEBE8
:10F39000CA0A8AF8158000EB400A0BEBCA0A8AF801
:10F3A000169005E000F1010A0AF0FF00322897DB11
:10F3B000BDE8F08F70B504463148007800F00100D8
:10F3C00058B92F4805F016FA38B12E48FFF7B4FDAA
:10F3D0002D4908602A48AFF300802C48006800F0EF
:10F3E000040616BB607900B300251CE005EB45015F
:10F3F00004F59C6010F8310098B90020607105EBAD
:10F40000450204F59C6000EBC200011D1F4818383E
:10F41000F2F7FCF9012105EB450204F59C6000F8C8
:10F420003210681CC5B2322DE0DB1648FFF784FDB0
:10F4300015490968401AB0F57A7F1ED31148FFF7C5
:10F440007BFD11490860C6B194F89909022808D0DB
:10F45000022084F8990900210C481838F2F7FDF8C9
:10F4600070BD002084F89909012108481838F2F786
:10F47000F4F8012006494871F2E700BFF0E7000008
:10F480009C040020C0160020A00400201868004042
:10F49000B01D002010B5044640F69C112046F1F73F
:10F4A0006CF900200FE0002200EB400304F1300172
:10F4B00001F83320012200EB400304F59C6101F8C0
:10F4C0003320411CC8B23228EDDB0020207184F8C3
:10F4D000980901206071002084F89909204610BD28
:10F4E00010B504460A464423002115E00C4810F8E4
:10F4F000310090420ED10B4890F88D00022804D1C3
:10F50000094800EBC100406810BD054800EBC10090
:10F510004068F9E7481C81B29942E7DB0020F3E735
:10F520001C680308D03C00203C6A03082DE9F04128
:10F5300090B004460025002600270020A07000BFE0
:10F540001FE004F1FB00465D06B918E0052F00DB63
:10F550001BE0781CC7B231462046FFF7C1FF80464A
:10F56000434632460BA16846F0F7AAFE21216846C1
:10F57000F4F79CFD6946A01CF1F743F800BF681C36
:10F58000C5B294F82D01A842DBDC00BF10B0BDE885
:10F59000F0810000232532642D25730D0A00000040
:10F5A0000021018080F8E81000BF06E0002300F190
:10F5B000EA0222F811304A1CD1B20829F6DB0021F8
:10F5C00005E0002300F1FB0253544A1CD1B232295A
:10F5D000F7DB002180F82D118170704710B50446CB
:10F5E000074803F0D8FA0748FFF782FA2046FFF7EA
:10F5F000D7FF0548F7F774FC0448FDF7A3FC10BDDE
:10F600001017002058270020F01900201C1D002092
:10F61000024602F1FB00405C7047000070B50446F2
:10F62000AE48007800F0010058B9AC4805F0E2F8A7
:10F6300038B1AB48FFF780FCAA490860A748AFF390
:10F640000080A748FFF778FCA6490968401AB0F582
:10F650007A7F7DD3A248FFF76FFCA24908600020A3
:10F66000A4F8EA000021EC200153EE200153F02021
:10F67000015394F8FA0008B1002020809A48C0781D
:10F6800000EBC0019848001D00EBC100807958B123
:10F690009548C07800EBC0029348001D00EBC20003
:10F6A0008179204600F02EF9002530E08F48405D3A
:10F6B00038B1392000EB450020800146204600F09B
:10F6C00021F98A480A38405D38B13A2000EB4500FC
:10F6D00020800146204600F015F984481B30405D2B
:10F6E00038B14F2000EB450020800146204600F055
:10F6F00009F97E481630405D38B1502000EB4500D6
:10F7000020800146204600F0FDF8681CC5B2052D9A
:10F71000CCDB002519E075482430405D38B1452028
:10F7200000EB450020800146204600F0EBF86F48D2
:10F730002230405D38B1462000EB45002080014674
:10F74000204600F0DFF8681CC5B2022DE3DB00E0C4
:10F75000C2E06648863890F88C0028B135202080B9
:10F760000146204600F0CEF86048863890F88E00BA
:10F7700028B1362020800146204600F0C3F85B48BF
:10F78000863890F8900028B12D2020800146204630
:10F7900000F0B8F85548863890F8920028B12E202D
:10F7A00020800146204600F0ADF85048863890F899
:10F7B000940028B1372020800146204600F0A2F8AE
:10F7C0004A48863890F8960028B1382020800146B3
:10F7D000204600F097F84548863890F8B30028B1E5
:10F7E0005B2020800146204600F08CF83F48863898
:10F7F00090F8B50028B15E2020800146204600F038
:10F8000081F83A48863890F8B60028B15D2020800B
:10F810000146204600F076F83348C07800EBC0017E
:10F820003148001D00EBC10090F8450028B12820A8
:10F8300020800146204600F065F82D4890F84100F0
:10F8400028B1672020800146204600F05BF8294857
:10F8500090F8A10028B1682020800146204600F0E1
:10F8600051F800250DE022483830405D40B15F205E
:10F8700000EB450080B220800146204600F042F8AF
:10F880006D1C042DEFDB00250DE019483C30405D78
:10F8900040B1602000EB450080B220800146204648
:10F8A00000F030F86D1C042DEFDB208848B90E48BD
:10F8B000C07800EBC0010C48001D00EBC10080794E
:10F8C00020B101210C48F9F72BFA05E000210A4884
:10F8D000F9F726FA0020A07070BD00008004002017
:10F8E000C016002084040020F01900209617002084
:10F8F0001C1D002030190020D03C0020014691F84A
:10F900002D01704770B504460D46002605B970BD3F
:10F91000144803F099FE002607E004F1FB00805D27
:10F92000A84200D1F3E7701CC6B294F82D01B04292
:10F93000F3DC94F82D21501C84F82D0104F1FB0018
:10F94000855494F82D01322802DB312084F82D01F2
:10F950002046FFF7EBFD0121034880F83E1000BF71
:10F96000D5E70000E43D0020043F002010B5044628
:10F970004FF497712046F0F7DEFE002084F8FA007D
:10F98000204610BD10B586B00446FF2002900390BB
:10F9900004900590009003460246034901900348F5
:10F9A000FFF7CCF806B010BDF0FF1F00582700206D
:10F9B000024611F14B0F01DA00207047B32901DD37
:10F9C000FE20FAE701F14B00C0B2F6E7F0B587B0D0
:10F9D00007460D4616461C4600BFFF2002900390C6
:10F9E00004900590009001904FF4801000EB45309A
:10F9F00000EB8620DFF828C09CF800C000EBCC00AC
:10FA0000DFF81CC09CF801C000EB0C01E3B222122D
:10FA10000348FFF793F800BF00BF07B0F0BD000038
:10FA2000582700202DE9F04186B080460D46164645
:10FA30001C460C9FFF200290039004900590CDE996
:10FA400000704FF4C00000EB453000EB8620DFF87B
:10FA500028C09CF800C000EBCC00DFF81CC09CF86C
:10FA600001C000EB0C01E3B222120348FFF766F875
:10FA700006B0BDE8F08100005827002070B588B0BE
:10FA800005460C4601208DF818005548C07810B97D
:10FA90005348007840B104EBC401524800EBC10068
:10FAA000807808B1012100E000214F4890F89000D3
:10FAB00001EB8000F030C0B28DF819004B48B0F96E
:10FAC00048102846FFF774FF8DF81A00FF208DF8C4
:10FAD0001B004448001F4078C02141EA0010424901
:10FAE00091F8961040EA8100404991F8741008435B
:10FAF000C0B28DF81C003E4800783E490978F022DB
:10FB000042EA81010843C0B28DF81D003A4840889E
:10FB1000002801DD012100E000213748808800280D
:10FB200001DD012000E0002041EA80013248C08868
:10FB3000002801DD012000E0002041EA00112A48F0
:10FB400090F88F0041EA8010C0B28DF81E00254861
:10FB5000001FC07800EBC001224800EBC1004078D4
:10FB6000214991F88C1040EA81011F4890F88D00DE
:10FB700041EA00111C4890F88E0041EA8010C0B2A2
:10FB80008DF81F009DF81F009DF81E109DF81D2088
:10FB90009DF81C30CDE90232CDE904109DF81B0020
:10FBA0009DF81A1004EBC406CDE900100D4800EBD7
:10FBB000C600C0784FF0987606EB403000EB84200A
:10FBC0000E4E367800EBC6000C4E767881199DF803
:10FBD00019309DF818200948FEF7B0FF08B070BD35
:10FBE000D03C0020F419002030190020101700200C
:10FBF000D4190020E21900201C1D002058270020E5
:10FC00002DE9F04F87B005460C466148C078A04208
:10FC100060D16048B0F912102846FFF7C9FE0646C9
:10FC20005C48F7F77DFD014606902846FFF7C0FEC9
:10FC300007465848F7F788FD014606902846FFF723
:10FC4000B7FE80465348B0F90A102846FFF7B0FEC9
:10FC500081465048F7F784FD014606902846FFF795
:10FC6000A7FE82464B48F7F787FD014606902846D7
:10FC7000FFF79EFE83464648407840B104EBC4013E
:10FC80004348001D00EBC10090F83D0000E0092052
:10FC900040F0F00004EBC402CDE900A9CDE90287F1
:10FCA000CDE904603A48001D00EBC200C0784FF077
:10FCB000987202EB403000EB8420374A127800EB58
:10FCC000C200354A527881185B4602223248FEF75C
:10FCD00035FF5AE02F48B0F920102846FFF768FE9C
:10FCE00006462C48F7F754FD014606902846FFF7D4
:10FCF0005FFE07462748F7F75FFD01460690284656
:10FD0000FFF756FE80462348B0F918102846FFF743
:10FD10004FFE81461F48F7F773FD014606902846BF
:10FD2000FFF746FE82461B48F7F776FD0146069030
:10FD30002846FFF73DFE834604EBC4011448001D2E
:10FD400000EBC10090F83D0040F0F00004EBC4026D
:10FD5000CDE900A9CDE90287CDE904600C48001D7A
:10FD600000EBC200C0784FF0987202EB403000EB1D
:10FD70008420094A127800EBC200074A52788118A1
:10FD80005B4602220448FEF7D9FE07B0BDE8F08FBB
:10FD9000F019002030190020582700201FB598B016
:10FDA000FF20179016901998FF2801D11CB010BDA4
:10FDB0001B980F3820285BD2DFE810F020005B0092
:10FDC0009500C300E6005A000302900209034E03A7
:10FDD000BB03220497045A005A005A005A005A00E2
:10FDE0005A005A005A005A005A005A005A002D056B
:10FDF00066059105BC055A005A001606FE4890F8A3
:10FE00005A00FD49B1F85A100912FB4A92F85820DD
:10FE1000F94BB3F858301B12CDE90232CDE904108A
:10FE2000F54890F85600F449B1F856100912CDE99A
:10FE300000101B980105199801EB40311A9801EB4D
:10FE40008020EE49097800EBC100EC49497808446C
:10FE50000D90E94890F854000F90E748B0F854002E
:10FE600000120E900246E5480F9B0D99FEF766FEC4
:10FE700033E2E14890F86210B0F862000212DE4806
:10FE800090F86000DC4BB3F860301B12CDE9023013
:10FE9000CDE90421D84890F85E00D749B1F85E104A
:10FEA0000912CDE900101B980105199801EB4031AA
:10FEB0001A9801EB8020D149097800EBC100CF49A5
:10FEC000497808440D90CC4890F85C000F90CA48DF
:10FED000B0F85C0000120E900246C8480F9B0D99C6
:10FEE000FEF72CFEC4E7FF200290039004900590DB
:10FEF000C14890F86600C049B1F866100912CDE912
:10FF000000101B980105199801EB40311A9801EB7C
:10FF10008020BA49097800EBC100B8494978084403
:10FF20000D90B54890F864000F90B348B0F86400A5
:10FF300000120E900246B1480F9B0D99FEF7FEFD90
:10FF400096E71A2005210C22FF23CDE90232CDE9E4
:10FF500004100B200021CDE900101B980105199811
:10FF600001EB40311A9801EB8020A449097800EB9D
:10FF7000C100A2494978084400237D2201460F9020
:10FF80009E48FEF7DBFD73E71E98032835D19C4899
:10FF900090F87C2090F862109A48007A994B1B895F
:10FFA000DC170F9303EB1463C3F30723CDE902308F
:10FFB000CDE90412934880794B30C0B29249897AD6
:10FFC000CDE900104FF09871199801EB40311A9863
:10FFD00001EB80208949097800EBC1008749497805
:10FFE00008440D90884880794B30C0B203460E908B
:10FFF00082481E9A0D99FEF7A1FD1E98042827D16C
:020000040803EF
:10000000FF22824800798149C978CDE903027F48FF
:100010000592029180787D494978CDE900104FF032
:100020009871199801EB40311A9801EB80207349BF
:10003000097800EBC1007149497808440E90734873
:10004000007803460F906D481E9A0E99FEF776FDD4
:100050001E98052831D1FF226B488078694989783C
:1000600040EA8100C0B26A490978CDE903026848D4
:10007000059202910088C0F3072065490968C1F321
:100080000741CDE900104FF09871199801EB40310C
:100090001A9801EB80205949097800EBC1005749B3
:1000A000497808440E905A480068000E03460F90A5
:1000B00052481E9A0E99FEF741FD1E9806283DD122
:1000C000524890F8B2004B30C0B2504991F8B0108D
:1000D0004B31CAB24D4991F8AE104B31C9B24B4BBE
:1000E00093F8AC304B33DBB2CDE90231CDE90420DB
:1000F000464890F8AA004B30C0B2424909794B31CA
:10010000C9B2CDE900104FF09871199801EB403158
:100110001A9801EB80203949097800EBC100374972
:10012000497808440E90384800794B30C0B20346F5
:100130000F9032481E9A0E99FEF700FD1E98072870
:100140003ED1FF2002900390049001460590314873
:1001500090F8262190F86E0142EA80022D4890F82E
:10016000B60142EA0010C0B240F0C000CDE9000183
:100170002848817990F84E0041EA8001254890F89E
:10018000960041EA0011234890F8DE0041EA801011
:10019000C0B20F904FF09871199801EB40311A9846
:1001A00001EB80201549097800EBC100134949781B
:1001B00008440E90014611480F9B1E9AFEF7BEFCA4
:1001C00056E60D48006814490E9006F083F90F902A
:1001D00006F000F9C0B28DF850001048F7F792FA17
:1001E0000749C97841F0C00141EA80000B4991F804
:1001F000321040EA011013E01017002058270020A9
:10020000D03C0020E2190020D4190020441800201E
:10021000B0120020F0190020000020413019002009
:10022000C0B20F90FC48006D0A9006F0B7F800B21B
:1002300001460B901898FFF7BBFB0E90F648B0F9FB
:100240004A0010F1280F0DDDF348B0F94A005A2892
:1002500008DCF148B0F94A0001460B901898FFF706
:10026000A7FB00E0FF200D90EB48B0F948000146E5
:100270000B901898FFF79CFB0C90E74890F8E6006D
:10028000E64AD27802EBC203E44A121D02EBC30233
:1002900092F83C20DDE90E31CDE90232CDE90401CE
:1002A000DDE90C01CDE900014FF0A871199801EBCF
:1002B00040311A9801EB8021D948007801EBC00049
:1002C000D749497808440A909DF85000FF23024618
:1002D0000B90D3480A99FEF731FCCCE300200F9035
:1002E00027E0D0490F98085CC0B101F114000F99C4
:1002F000415C12AA0F981154C74834300F9950F836
:1003000021000D9006F04AF800B201460E901898B0
:10031000FFF74EFB10AA0F99505407E0032112AAD1
:100320000F981154FF2110AA0F9811540F98401CD8
:100330000F900F980528D4DBBB480078BA4949785C
:1003400000EB8100B949497840EA0110B849497881
:1003500040EA8110C1B29DF844009DF843209DF809
:100360004230CDE90232CDE904019DF841009DF80B
:100370004010CDE900109DF848009DF8491000EBB1
:1003800081009DF84A1000EB01109DF84B1000EB26
:100390008110C0B20E904FF0B071199801EB40314E
:1003A0001A9801EB80209E49097800EBC1009C4916
:1003B000497808440D909DF84C00001FC0B20346D8
:1003C0000F909748DDE90D12FEF7B8FB53E3FF21CC
:1003D0000A460B469348007910B19248407A00E0F3
:1003E000FF20CDE90332059102908E48C07810B10C
:1003F0008C48007A00E0FF208A49897811B1894948
:10040000C97900E0FF21CDE900104FF0B8711998CB
:1004100001EB40311A9801EB80208149097800EB0B
:10042000C1007F49497808440D907E48407810B15A
:100430007C48807900E0FF200F907A48007810B166
:100440007848407900E0FF200E90024674480F9BE8
:100450000D99FEF773FB0EE37248007910B17148F5
:10046000817B00E0FF216F48C07810B16D48407B70
:1004700000E0FF206B4A927812B16A4A127B00E0DA
:10048000FF22684B5B7813B1664BDB7A00E0FF23F9
:10049000CDE90232CDE904016248007810B161482B
:1004A000817A00E0FF215F48007910B15D48C07C8F
:1004B00000E00F200F30C0B2CDE90001594880782C
:1004C00010B15848407C00E00F205649C97819B156
:1004D0005449897C090100E00F210844C0B20F9003
:1004E0005048007810B14F48C07B00E00F204D49C4
:1004F000497819B14B49097C090100E00F210844F2
:10050000C0B20E904FF0C071199801EB40311A98AB
:1005100001EB80214248007801EBC0004049497856
:1005200008440D9001463E48DDE90E23FEF706FB28
:10053000A1E23C48007940B13A48B0F926000146B2
:100540000A901898FFF734FA00E0FF200F90354822
:10055000C07840B13348B0F9240001460A90189899
:10056000FFF726FA00E0FF200E902E48807840B179
:100570002C48B0F9220001460A901898FFF718FAA3
:1005800000E0FF200D902748407840B12548B0F9A1
:10059000200001460A901898FFF70AFA00E0FF20B1
:1005A0000C902048007840B11E48B0F91E0001466A
:1005B0000A901898FFF7FCF900E0FF20FF210B904C
:1005C0000F98CDE9020104910591DDE90D01CDE916
:1005D00000014FF0C871199801EB40311A9801EBF6
:1005E00080210F48007801EBC0010D484078084495
:1005F0000A9001460A48DDE90B23FEF79FFA3AE22A
:1006000008480079B0B10748B0F9300001460A90B7
:100610001898FFF7CDF90EE010170020F019002010
:100620005827002044180020D03C0020D419002076
:10063000E2190020FF200F90FE48C07840B1FD482D
:10064000B0F92E0001460A901898FFF7B1F900E0C2
:10065000FF200E90F748807840B1F648B0F92C00A2
:1006600001460A901898FFF7A3F900E0FF200D90CB
:10067000F048407840B1EF48B0F92A0001460A90AE
:100680001898FFF795F900E0FF200C90E9480078F2
:1006900040B1E848B0F9280001460A901898FFF7E1
:1006A00087F900E0FF20FF210B900F98CDE90201B0
:1006B00004910591DDE90D01CDE900014FF0D07104
:1006C000199801EB40311A9801EB8021DA48007843
:1006D00001EBC000D849497808440A900146D64841
:1006E000DDE90B23FEF72AFAC5E1FF2017901690EB
:1006F000D048007828B1CF4890F87A0000F0030085
:1007000000E0032040F0FC00179908401790C9480A
:10071000407828B1C74890F87B008007000F00E0C0
:10072000032040F0F300179908401790C1488078E3
:1007300028B1C04890F87C008007800E00E00320BC
:1007400040F0CF00179908401790BA48C07820B100
:10075000B84890F87D00800100E0032040F03F00A1
:10076000179908401790B348007928B1B14890F81C
:100770007E0000F0030000E0032040F0FC0016992A
:1007800008401690FF23AB4A1279DDE916101AB122
:10079000A84A92F8362000E0FF2203AC0BC4029274
:1007A000A448C07818B1A34890F8350000E0FF20B5
:1007B000A049897819B19F4991F8341000E0FF21D0
:1007C000CDE900104FF0D871199801EB40311A981B
:1007D00001EB80209849097800EBC10096494978DF
:1007E00008440D909348407818B1924890F833002F
:1007F00000E0FF200F908F48007818B18D4890F8E6
:10080000320000E0FF200E9002468B480F9B0D99AE
:10081000FEF794F92FE18948D0F8B0004FF4FA615F
:10082000B0FBF1F201FB1200C0B2FF220F9083482F
:1008300090F8C200814991F8C110CDE903027F48C8
:100840000592029190F8C0007C4991F8B810CDE96A
:1008500000104FF02071199801EB40311A9801EB0C
:1008600080207549097800EBC10073494978084434
:100870000D90724890F8B40003460E906E480F9A9F
:100880000D99FEF75BF9F6E0FF226C4890F88400C2
:100890006A4991F88210CDE90302684805920291F5
:1008A00090F8C600654991F8C510CDE9001062487E
:1008B0000078634901EBC0005F49497808440D9016
:1008C0005E4890F8C4000F905C4890F8C3000E900A
:1008D000024659480F9B0D99FEF730F9CBE0FF23F4
:1008E000584890F83A00574991F83910554A92F80B
:1008F0003820CDE90403CDE90221524890F83400B4
:10090000CDE900034C4800784F4901EBC0004A494B
:10091000497808440D904B4890F833000F904948AF
:1009200090F837000E90024643480F9B0D99FEF752
:1009300005F9A0E0FF2213464448C088C1170F9074
:1009400000EB116001120F98A0EB0120C0B23F49EB
:10095000C988CC170E9101EB1461C1F30721CDE9D1
:100960000432CDE9021039488088C1170D9000EBA0
:10097000116001120D98A0EB0120C0B233498988A3
:10098000CA170C9101EB1261C1F30721CDE90010E8
:100990002E484088C1170B9000EB116001120B9894
:1009A000A0EB0120C0B2099028484088C1170A90E6
:1009B00000EB1160C0F3072008904FF02C711998DC
:1009C00001EB40311A9801EB80201B49097800EBBC
:1009D000C100194949780844079001461648DDE9E5
:1009E0000823FEF7ABF846E0194890F8022190F88A
:1009F0000101174991F80011154B93F8FF30CDE92B
:100A00000231CDE90402124890F8FE00104991F835
:100A1000FD10CDE900104FF03871199801EB40310D
:100A20001A9801EB80200449097800EBC1000249C3
:100A300049780FE04418002058270020D03C0020BF
:100A400000FC9F023019002000FCAF021C1D00209A
:100A5000EC1B002008440D90094890F8FC000F9012
:100A6000074890F8FB000E90024606480F9B0D9930
:100A7000FEF764F800BF00BF00BFFFF797B90000A2
:100A8000EC1B002058270020002101707047014610
:100A90000888000A0A7840EA02200880088870471F
:100AA000014608880012704701460878704710B563
:100AB00002884A400280082210E0037803F0010314
:100AC0003BB103885B100380038844886340038044
:100AD00002E003885B100380531EDAB2002AECD1D7
:100AE00010BD2DE9F04106460F46144698464FF6D4
:100AF000FF703080A5B205E0795D3046FFF7D7FF83
:100B0000681C85B204EB0800A842F5DCBDE8F08162
:100B1000002101604AF2010141804FF6FF7101801E
:100B2000704710B504462A2904D1032000FB023087
:100B3000C0B210BD292903D102F11500C0B2F8E7F7
:100B4000FF20F6E72DE9F04387B006460C46154630
:100B500004EB4402214800EB4200C178304600F02B
:100B600043F8074604EB44021C4800EB4200C178FE
:100B7000304600F054F8804604EB4402174800EB7E
:100B80004200C178304600F03AF8814614A000686F
:100B9000069006A800F80950FF20029003900490E8
:100BA00005909DF81A009DF81910CDE900104FF03E
:100BB000447000EB473000EB88200A4A127800EBC3
:100BC000C200084A527881189DF81830FF22054863
:100BD000FDF7B4FF07B0BDE8F0830000701D0020F2
:100BE000FFFFFF00582700200246152901DA2A20BE
:100BF00070471C2901DA2920FAE7FF20F8E70246AE
:100C0000152906DA032091FBF0F300FB1310C0B2A4
:100C100070471C2901DA0120FAE7FF20F8E70246B5
:100C2000152904DA032091FBF0F0C0B270471C29AB
:100C300003DAA1F11400C0B2F8E7FF20F6E770472D
:100C400010B504460948FEF777F943F69821884223
:100C50000AD90648FEF770F96168401A43F69821F0
:100C6000884201D90020207010BD0000C01600206D
:100C700010B5044650212046EFF77FFDFF2084F891
:100C80004C0000201DE0642200EB400304F1100141
:100C900001EB43018A70411C8AB200EB400304F16E
:100CA000100101EB43018A80022200EB400304F1B2
:100CB000100101F8132000EB400301EB4301C87061
:100CC000401C0A28DFDB204610BD00000246182920
:100CD00002D13948008870471A2903D13648B0F844
:100CE000EA00F8E71B2903D13348B0F8EC00F2E73B
:100CF0001C2903D13048B0F8EE00ECE71D2903D1E0
:100D00002D48B0F8F000E6E71E2903D12A48B0F8D4
:100D1000F200E0E71F2903D12748B0F8F400DAE732
:100D2000202903D12448B0F8F600D4E7212903D1C3
:100D30002148B0F8F800CEE7312903D11F48B0F8B8
:100D40005400C8E7322903D11C48B0F85600C2E766
:100D5000332903D11948B0F85800BCE7342903D12E
:100D60001648B0F85A00B6E7352903D11348B0F851
:100D70005C00B0E7362903D11048B0F85E00AAE75E
:100D8000372903D10D48B0F86000A4E7382903D112
:100D90000A48B0F862009EE7392903D10748B0F845
:100DA000640098E73A2903D10448B0F8660092E756
:100DB0004FF0FF308FE70000EC1B002010170020E1
:100DC00003B59DB01E9800EB4001FE4800EBC1004A
:100DD0008068C0F346301C901E9800EB4001F94833
:100DE00000EBC1000089C0F382201B90FF201A9005
:100DF00019901890F348343801781C98814207D034
:100E00001C987E2804D01C987F2801D01FB000BDFC
:100E1000EC48343841781B98814203D01B9807284E
:100E200000D0F3E7E748343801781C98814207D1B5
:100E3000E448343841781B98814201D1012000E018
:100E4000002017901E9800EB4001DE4800EBC10027
:100E50008068000D14901E9800EB4001D94800EB0B
:100E6000C1000089C0F3C60013901E9800EB40013A
:100E7000D44800EBC100007A00F007001290002077
:100E80000C900B900FE01E9800EB4001CD4800EB5A
:100E9000C1000F300B99415C0EAA0B9811540B98AE
:100EA000401CC0B20B900B980828ECDB149801058D
:100EB000139801EB4031129801EB8021C14834387E
:100EC000007801EBC001BF483438407808441190E5
:100ED0001398062814D013980A2811D013981728AD
:100EE0000ED013981B280BD01398222808D01398E3
:100EF000232805D013982B2802D013982C281AD118
:100F0000B148FEF719F8129901EBC102AF4901EBA4
:100F1000C20108640121129800EBC002AB4800EB4B
:100F2000C20080F84410DDE9121001EBC102A749AC
:100F300001EBC201C8701498382881F06482DFE8A0
:100F400010F0FB073800FB07BB00F800F900FA00BF
:100F50000F01BA01FB076402A002BB021B03FB07DF
:100F60006103FB07FB07AD03C403FB07FB07F804A2
:100F7000FB07FB07BC05FB053A06BA06E506FB07BF
:100F8000FB070807FB072D07FB07FB07FB07FB0712
:100F9000FB079507FC075D08FB07A008DC08FB07BB
:100FA000FB07FB075F09FB07FB07FB07FB07FB07CB
:100FB000330A4FF40011139801EB4031129801EB02
:100FC000802180483438007801EBC0017D483438F6
:100FD0004078084411909DF839009DF8381000EBD6
:100FE0000120042825D005DC48B101281FD00328A2
:100FF00038D11DE005281DD0162833D11EE0FF2072
:101000000B220023CDE903207D210293CDE90013BB
:1010100005909DF839000B909DF838000A90024623
:10102000684834380B9B1199FDF788FD41E040E09A
:101030003FE03EE06648FEF7D1FA3AE0654866498F
:10104000086000BFBFF34F8F6448006800F4E060A1
:1010500063490843001D61490860BFF34F8F00BF1B
:1010600000BFFEE7FF2002900390049005900090DF
:1010700001904FF40011139801EB4031129801EBED
:10108000802150483438007801EBC0014D48343895
:101090004078084409909DF839000B909DF838007D
:1010A0000A900246474834380B9B0999FDF746FDE4
:1010B00000BF00BF01F0A7B9179800B9A6E69DF8D8
:1010C00039009DF8381000EB012080B201460B90EA
:1010D0001D98FFF7FBFD80B21590FF221598C1B255
:1010E000001202AB07C30592159801140016CDE952
:1010F00000014FF48001139801EB4031129801EB8D
:10110000802030493439097800EBC1002D49343949
:101110004978084409909DF839000B909DF83800F3
:101120000A900246274834380B9B0999FDF706FDC3
:10113000C0E7BFE7BEE79DF839009DF8381000EB27
:10114000012080B216909DF83A0000901698C0B227
:10115000034607227F210B902248FEF71FFEA9E7D6
:101160009DF8380030B101281CD0022866D0032831
:1011700017D177E01C48F6F7C9F81B48F5F7DCFFF4
:10118000FF200290039004900590009001909DF83C
:101190003800034604220B900A4834381199FDF7B1
:1011A000CDFC86E09DF83C0000069DF83D1000EB6C
:1011B00001409DF83E1000EB01209DF83F100844CF
:1011C0000B9013E08C270020C0160020F41900209B
:1011D000EC1B002055AA1600FC0300200CED00E0DB
:1011E0000000FA05C4040020C83D00209DF83B0023
:1011F0009DF83A1000EB01200A900146F8480B9A3E
:10120000F5F7DCFE9DF83F109DF83E209DF83D006F
:101210009DF83C30CDE90230CDE904219DF83B003A
:101220009DF83A10CDE900109DF8380003460422DD
:101230000B90EC481199FDF781FC3AE0E848F5F78E
:1012400029FFFF20029003900490059000900190E8
:101250009DF83800034604220B90E2481199FDF7EF
:101260006DFC26E09DF83B009DF83A1000EB012054
:1012700001460B90DA48F5F7B5FE10901098C1B210
:10128000C0F30722C0F30743000ECDE903320591F6
:1012900002909DF83B009DF83A10CDE900109DF8B2
:1012A0003800034604220B90CE481199FDF746FC06
:1012B00000BF00BFFEE69DF8380000F0F000A0BBC4
:1012C0009DF8380000F00F0010B106282BD106E081
:1012D000C54802F0A1F9C44802F0FFF823E09DF8E8
:1012E0003D009DF83C1000EB012080B20B90BE4801
:1012F0000B9902F021F90A900A98C1B2C0F30722B3
:10130000C0F30743000ECDE90332059102900B981C
:10131000C1B20012FF230422CDE90001B1481199A6
:10132000FDF70CFC00BF00BFC4E6FFE79DF83800E6
:1013300000F03000102867D19DF8380000F00F0051
:1013400010B103285FD10EE00020099007E0A74804
:10135000099902F0FBF90998401CC0B2099009985C
:101360000128F4DB4FE09DF83D009DF83C1000EBB8
:10137000012080B20B909DF83F009DF83E1000EBDD
:10138000012080B20A900020099037E09748016858
:101390000B9801EBC001099801EBC000089093483D
:1013A000406808380899884200D22BE09048089994
:1013B000F5F78FFA07900899091D8D48F5F789FA16
:1013C00006900698C1B2C0F30722C0F30743000E8F
:1013D000CDE90332059102900798C1B2C0F307200E
:1013E000CDE900010798C0F3074304227D48119915
:1013F000FDF7A4FB0998401C80B20990DDE90901C2
:101400008842C3DB00BF00BF54E69DF83810129835
:1014100000EBC002774800EBC20001719DF8391063
:10142000129800EBC002734800EBC20041719DF8B6
:101430003A10129800EBC0026E4800EBC2008171B6
:101440009DF83B0000F00300012801D1012100E0DC
:101450000021129800EBC002664800F83210129882
:1014600000EBC001634800EBC10090F82A0038B9D6
:101470000020122300906048DDE91221FEF7D2FA25
:1014800018E69DF839009DF8381000EB0120079010
:1014900004F097FB0022594BCDE9080104F00AFA49
:1014A000CDE90A0104F020F9129901EBC10251497A
:1014B00001EBC2018860FDE59DF83800FF2808D0E7
:1014C0009DF83810129800EBC0024A4800EBC200A9
:1014D00001619DF83900FF2808D09DF83910129855
:1014E00000EBC002434800EBC20041619DF83A00A6
:1014F000FF2803D19DF83B00FF2819D09DF83B1031
:101500009DF83A0001EB0020079004F05AFB0022FE
:101510003B4BCDE9080104F0CDF9CDE90A0104F017
:10152000E3F8129901EBC102324901EBC201C86133
:101530009DF83E00FF2808D09DF83E10129800EB61
:10154000C0022C4800EBC20081619DF83F0000F012
:10155000030002280FDA9DF83F0000F00300012885
:1015600001D1012100E00021129800EBC0022148C6
:1015700000EBC20041709DE59DF83800FF2803D1C3
:101580009DF83900FF280DD09DF839109DF83800DE
:1015900001EB002001B2129800EBC002154800EBED
:1015A000C20001859DF83B00FF2809D09DF83B0053
:1015B0004B38129901EBC1020E4901EBC20188843C
:1015C0009DF83C00FF2809D09DF83C004B3812994B
:1015D00001EBC102074901EBC201C8846AE50000C2
:1015E000C83D002058270020B0120020E43D002014
:1015F00074050020F4190020C404002000002440D9
:10160000000059401398252847D11298E8BB9DF84F
:101610003800FF2803D19DF83900FF2808D09DF835
:1016200039109DF8380001EB002000B2FE49088413
:101630009DF83A00FF2803D19DF83B00FF2808D011
:101640009DF83B109DF83A0001EB002001B2F648EE
:1016500041849DF83C00FF2803D19DF83D00FF2800
:1016600008D09DF83D109DF83C0001EB002001B230
:10167000ED4881849DF83E00FF2803D19DF83F008E
:10168000FF280AD09DF83F1000E006E09DF83E00DC
:1016900001EB002001B2E448C1840BE500200B906F
:1016A0000FE00EA90B980A5C129800EBC001DF480E
:1016B00000EBC1002A300B9942540B98401CC0B279
:1016C0000B900B980828ECDBF4E49DF83800012817
:1016D00027D1179828B39DF83C00C0F38100022859
:1016E0000EDAD34890F8950050B19DF83C00C0F355
:1016F000810008B1012000E00020CD4981F896006A
:101700009DF83C00C0F3011002280ADA9DF83C0065
:10171000C0F3011008B1012100E00021C348001FFF
:1017200041709DF83800032847D11798F0B39DF811
:101730003900FF2804D09DF839004B38BD49C880D6
:101740009DF83A00FF2803D09DF83A10B94841812E
:101750009DF83B00FF2804D09DF83B004B38B6496C
:10176000C8809DF83C00FF2803D19DF83D00FF286C
:1017700007D09DF83D109DF83C0001EB0020AE49DC
:1017800008819DF83E00002808DD9DF83E00642891
:1017900004DC9DF83E10A948A0F862109DF83F00B7
:1017A00001280ADD9DF83F003C2800E005E004DC4C
:1017B0009DF83F10A148A0F87C109DF8380006283D
:1017C00033D1179888B39DF83B00FF2805D09DF8CA
:1017D0003B004B389A49A1F8AA009DF83C00FF282D
:1017E00005D09DF83C004B389549A1F8AC009DF818
:1017F0003D00FF2805D09DF83D004B389049A1F8E9
:10180000AE009DF83E00FF2805D09DF83E004B3805
:101810008B49A1F8B0009DF83F00FF2805D09DF846
:101820003F004B388649A1F8B2009DF838000728E0
:101830007ED1179878B39DF8390000F00300022894
:101840000ADA9DF8390000F0030008B1012100E038
:1018500000217648001F81719DF83900C0F3810096
:1018600002280BDA9DF83900C0F3810008B101218C
:1018700000E000216D48001F80F84E109DF83900EF
:10188000C0F3011002280CDA9DF83900C0F30110F2
:1018900010B1012101E04BE000216448001F80F8F5
:1018A00096109DF839000221B1EB901F0ADD9DF8DA
:1018B0003900800908B1012100E000215B48001FC8
:1018C00080F8DE109DF83A0000F0030002280BDAE1
:1018D0009DF83A0000F0030008B1012100E000216A
:1018E0005248001F80F826119DF83A00C0F381008D
:1018F00002280BDA9DF83A00C0F3810008B10121FB
:1019000000E000214948001F80F86E119DF83A0060
:10191000C0F3011002280BDA9DF83A00C0F3011061
:1019200008B1012100E000214048001F80F8B611F5
:1019300015E4179800B912E49DF8380000F0030090
:101940000C900C9803280ED03D48017D0C988142E4
:1019500009D03B48007830B139480078022802D0DD
:1019600037490C9808759DF83800C0F381000C9039
:101970000C9803280ED03248417D0C98814209D042
:101980002F48407830B12E484078022802D02C49A8
:101990000C9848759DF83800C0F301100C900C9815
:1019A00003280ED02648817D0C98814209D0244816
:1019B000807830B122488078022802D020490C98E3
:1019C00088759DF8380080090C900C9803280ED07B
:1019D0001B48C17D0C98814209D01948C07830B1AC
:1019E0001748C078022802D015490C98C8759DF890
:1019F000390000F003000C900C9803280ED010481A
:101A0000017E0C98814209D00D48007930B10C4814
:101A10000079022802D00A490C9808769DF83F0008
:101A200000F003000C900DE01C1D0020F4190020B4
:101A300030190020D4190020E2190020D03C0020E9
:101A4000441800200C98032806D00C9808B10120F7
:101A500000E00020FC4908709DF83F00C0F38100C1
:101A60000C900C9803280AD00C9828B1F74890F8ED
:101A7000320008B9012000E00020F34948709DF8C9
:101A80003F00C0F301100C900C98032806D00C986E
:101A900008B1012000E00020ED4948709DF83F00AA
:101AA00080090C900C98032806D00C9808B10120EE
:101AB00000E00020E74948703EE2179800B93BE299
:101AC0009DF83800FF2804D09DF838004B38E249D3
:101AD000C8839DF83900FF2804D09DF839004B38A1
:101AE000DD4908849DF83A00FF2804D09DF83A00AB
:101AF0004B38D94948849DF83B00FF2804D09DF815
:101B00003B004B38D44988849DF83C00FF2804D022
:101B10009DF83C004B38D049C884CF4890F8491014
:101B20001E3030F911000A9004F074FC01460B904D
:101B3000C548F7F713F9FFE1179800B9FCE19DF8E4
:101B40003800FF2804D09DF838004B38C24908857A
:101B50009DF83900FF2804D09DF839004B38BE4964
:101B600048859DF83A00FF2804D09DF83A004B388C
:101B7000B94988859DF83B00FF2804D09DF83B00BB
:101B80004B38B549C8859DF83C00FF2804D09DF826
:101B90003C004B38B0490886AF4890F849101E30D9
:101BA00030F911000A9004F035FC01460B90A6486C
:101BB000F9F742F8C0E1179800B9BDE19DF8380087
:101BC000FF2804D09DF83800A34981F832009DF821
:101BD0003900FF2804D09DF839109F4880F8331051
:101BE0009DF83A00FF2804D09DF83A109A4880F8F2
:101BF00034109DF83B00FF2804D09DF83B10964818
:101C000080F835109DF83C00FF2804D09DF83C106A
:101C1000914880F836109DF83D0000F003000C90CC
:101C20000C98032807D00C9808B1012000E0002090
:101C3000894981F87A009DF83D00C0F381000C903D
:101C40000C98032807D00C9808B1012100E000216E
:101C5000814880F87B109DF83D00C0F301100C9086
:101C60000C98032807D00C9808B1012100E000214E
:101C7000794880F87C109DF83D0080090C900C9804
:101C8000032807D00C9808B1012100E00021724818
:101C900080F87D109DF83E0000F003000C900C9839
:101CA000032807D00C9808B1012100E000216A4800
:101CB00080F87E10A7E39DF8380000069DF83910E3
:101CC00000EB01409DF83A1000EB01209DF83B101D
:101CD0000144129800EBC002604800EBC20041636F
:101CE0009DF83C0000069DF83D1000EB01409DF87A
:101CF0003E1000EB01209DF83F100144129800EBCC
:101D0000C002564800EBC20081637CE39DF83800B6
:101D100002281DD19DF83C0001049DF83D0001EB17
:101D200000209DF83E100844079003F04AFF00226F
:101D30004B4BCDE9080103F0BDFDCDE90A0103F0ED
:101D4000D3FC129901EBC102444901EBC201C86006
:101D500059E39DF83A0000F00F0004281DD0FF2041
:101D60000423CDE9023004900590002000900190FA
:101D70009904139801EB4031129801EB8020394906
:101D8000097800EBC100374949780844062300224E
:101D900001460B903348FCF7D1FE34E34FF00C7151
:101DA000139801EB4031129801EB80202D490978FE
:101DB00000EBC1002B494978084411909DF8380088
:101DC00000069DF8391000EB01409DF83A1000EB39
:101DD00001209DF83B1008440D9000200B9028E056
:101DE00021480D99F4F775FD10901098C1B2C0F319
:101DF0000722C0F30743000ECDE90332059102909C
:101E00000D98C0B20D99C1F30721CDE900100D98CE
:101E1000000E0A900D98C0F3074312480A9A1199D0
:101E2000FCF78CFE0D98001D0D900B98401C80B2A5
:101E30000B909DF83D009DF83C1000EB01210B98A4
:101E40008142CDDCDFE20000D03C002030190020D0
:101E5000D4190020E219002044180020F4190020B1
:101E600000408F4058270020740500209DF838005E
:101E7000FF2804D09DF83800FE49C1F8B0009DF855
:101E800039000D2808DA9DF83900002804DD9DF896
:101E90003910F848C0F8B4109DF83A00202808DA44
:101EA0009DF83A00002804DD9DF83A10F148C0F88A
:101EB000B8109DF83B00182804DA9DF83B10ED4857
:101EC00080F8C0109DF83C003C2804DA9DF83C10D6
:101ED000E84880F8C1109DF83D003C2804DA9DF8E0
:101EE0003D10E44880F8C210E24890F8C200E14991
:101EF00091F8C110DF4A92F8C020CDE9002102908C
:101F0000DC4890F8B8000B90DA4890F8B4000A90DA
:101F1000D84890F8B00009900146D648DDE90A2378
:101F2000FAF74CFB0120D34981F8D900D248FDF7DC
:101F300003F8D049C1F8DC0065E29DF838001828A4
:101F40000BDACC4890F8C3009DF83810884204D0D2
:101F50009DF83810C74880F8C3109DF839003C2818
:101F60000BDAC44890F8C4009DF83910884204D0B8
:101F70009DF83910BF4880F8C4109DF83A00182821
:101F80000BDABC4890F8C5009DF83A10884204D09E
:101F90009DF83A10B74880F8C5109DF83B003C28E2
:101FA0000BDAB44890F8C6009DF83B10884204D084
:101FB0009DF83B10AF4880F8C6109DF83C0065289E
:101FC0000BDAAC48B0F882009DF83C10884204D08F
:101FD0009DF83C00A749A1F882009DF83D006528C6
:101FE0000BDAA448B0F884009DF83D10884204D074
:101FF0009DF83D009F49A1F8840004E29DF8380057
:10200000022808DA9DF8380008B1012100E000211B
:102010009A4880F837109DF83900022808DA9DF8B0
:10202000390008B1012000E00020944981F8330014
:102030009DF83A00022808DA9DF83A0008B101211B
:1020400000E000218D4880F8341000200B9014E04F
:102050000B98001D0EA9085C02280BDA0B98001DD6
:10206000085C08B1012200E000220B98401D834962
:1020700033310A540B98401C0B900B980328E7DB74
:10208000C1E101207E49087000211D9801729DF870
:1020900039109DF8380001EB0020B0F57A7F07DC9D
:1020A0009DF839109DF8380001EB00207449088133
:1020B0009DF83B109DF83A0001EB0020B0F57A7FC7
:1020C00008DC9DF83B109DF83A0001EB002081B23E
:1020D0006B4841819DF83D109DF83C0001EB0020CC
:1020E000B0F57A7F08DC9DF83D109DF83C0001EBCF
:1020F000002081B26248818185E101206049087039
:1021000000211D9801729DF839109DF8380001EBEF
:1021100000204FF6FF71884214D09DF839109DF8C9
:10212000380001EB0020079003F04BFD0022554BD7
:10213000CDE9080103F0BEFBCDE90A0103F0D4FAB2
:102140004F4908619DF83B109DF83A0001EB0020D3
:102150004FF6FF71884214D09DF83B109DF83A006D
:1021600001EB0020079003F02CFD0022454BCDE948
:10217000080103F09FFBCDE90A0103F0B5FA4049DD
:1021800048619DF83D109DF83C0001EB00204FF6A2
:10219000FF71884214D09DF83D109DF83C0001EB82
:1021A0000020079003F00DFD0022364BCDE9080119
:1021B00003F080FBCDE90A0103F096FA304988610B
:1021C0009DF83F109DF83E0001EB00204FF6FF7197
:1021D000884214D09DF83F109DF83E0001EB00208E
:1021E000079003F0EEFC0022264BCDE9080103F036
:1021F00061FBCDE90A0103F077FA2149C86102E1E8
:102200000120214908701C48FCF796FE1E494860D1
:102210009DF83900FF2802D09DF839001A909DF8EA
:102220003A00FF2802D09DF83A0019909DF83B0033
:10223000FF2802D09DF83B0018901A98FF2842D042
:1022400000231148DDE91221FEF76BFC0B90002002
:102250000A9034E00A9800EB40010B48103000EB84
:102260004100C1780B98814226D10A9800EB4001C9
:1022700005480BE0D03C0020C0160020301900209B
:102280001C1D002000002440601D0020103010F8AC
:10229000110088B10A9901EB4102624901EB420148
:1022A0001A9848701A9838B10A9901EB41025D49B1
:1022B00001EB42011A9888700A98401C0A900A980B
:1022C0000A28C7DB00BF1998FF2834D001235548DE
:1022D0001038DDE91221FEF724FC0B9000200A9053
:1022E00025E00A9800EB40014E4800EB4100C17820
:1022F0000B98814218D10A9800EB4001494810F828
:10230000110088B10A9901EB4102464901EB4201F3
:1023100019984870199838B10A9901EB410241495E
:1023200001EB4201199888700A98401C0A900A989B
:102330000A28D6DB00BF1898FF2834D0022339487A
:102340001038DDE91221FEF7ECFB0B9000200A901B
:1023500025E00A9800EB4001324800EB4100C178CB
:102360000B98814218D10A9800EB40012D4810F8D3
:10237000110088B10A9901EB41022A4901EB42019F
:1023800018984870189838B10A9901EB410225490C
:1023900001EB4201189888700A98401C0A900A982C
:1023A0000A28D6DB00BF2EE000200B900DE00EA91E
:1023B0000B98085CFF2805D00B980A5C1948083870
:1023C0000B9942540B98401C0B900B980428EEDBA1
:1023D00000200B9013E00EA90B98001D085C00F084
:1023E0000F000F2808D00B98001D085C00F00F02AA
:1023F0000C48001F0B9942540B98401C0B900B98F3
:102400000428E8DB00BF00BF1398782807DB012110
:102410001D9801700448FCF78FFD1D99486000BFAE
:10242000FEF7F4BC701D0020C016002010B586B069
:102430000446A548007800F0010058B9A24802F00F
:10244000D9F938B1A148FCF777FDA14908609E4849
:10245000AFF300809F48007800F0010058B99D4814
:1024600002F0C8F938B19948FCF766FD9A4908604E
:102470009848AFF300809548FCF75EFD96490968DF
:10248000401A41F28831884218D39048FCF754FD35
:1024900091490860FF2002900390049005900090FD
:1024A00001908E4800788E4A02EBC0008B4A527829
:1024B000811800231A468948FCF740FB8348FCF743
:1024C0003BFD83490968401A97286ED37F48FCF783
:1024D00033FD7F49086083480078401C81490870BB
:1024E00008460078212873D2DFE800F0DE111213CD
:1024F000141516172A2B2C2D2E2F3043444D5660C1
:1025000069737C858E97A4ADB6BFC8D1D50000BFD6
:1025100000BF00BF00BF00BF00BF72480078401E70
:1025200000EBC001704800EBC10090F8440030B1EE
:102530006C480078401EC1B26C48FDF79FFABFE0BE
:1025400000BF00BF00BF00BF00BF00BF65480078EC
:10255000083800EBC001644800EBC10090F844006B
:1025600030B1604800780838C1B26048FDF748FBD8
:10257000A6E0A5E00320132307227F2100905B48FB
:10258000FDF70CFC9CE00420132307227F21009020
:102590005648FDF703FC93E0FF20152307227F2117
:1025A00000905248FDF7FAFB8AE08AE0FF201623EC
:1025B00007227F2100904D48FDF7F0FB80E0FF20CF
:1025C000172307227F2100904848FDF7E7FB77E0BB
:1025D0006AE0FF20182307227F2100904348FDF77F
:1025E000DDFB6DE0FF20192307227F2100903F488B
:1025F000FDF7D4FB64E0FF201A2307227F2100901F
:102600003A48FDF7CBFB5BE0FF201B2307227F212D
:1026100000903648FDF7C2FB52E0354890F8D900EB
:1026200038B9FF20282307227F2100902F48FDF78B
:10263000B5FB45E0FF20292307227F2100902B488E
:10264000FDF7ACFB3CE0FF202A2300227F21009015
:102650002648FDF7A3FB33E0FF202B230022252192
:1026600000902248FDF79AFB2AE005201323072259
:102670007F2100901D48FDF791FB21E006201323E8
:1026800007227F2100901948FDF788FB18E01748C2
:10269000FDF778F914E00720132302467F2100900C
:1026A0001248FDF77BFB0BE0FF202E2307227F2142
:1026B00000900E48FDF772FB00200A49087000BF29
:1026C00000BF06B010BD0000AC040020C016002002
:1026D000B0040020A8040020B404002058270020E3
:1026E00000FC1F00B8040020F4190020C4040020DE
:1026F000D03C002070B504461E48FCF71DFC616804
:10270000401A44F62061884201D9002020702046FA
:10271000FFF78CFE002511E005EB4501164810F887
:10272000310048B129462046FEF74AFB002105EB5F
:102730004502114800F83210681CC5B2322DEBDB9F
:102740000C48FCF7F9FB0D490968401AB0F57A7F8F
:102750000ED30848FCF7F0FB08490860207A401CBB
:102760002072207A0F2803DB0020207204490870B1
:1027700070BD0000C01600208C270020A40400209B
:102780001C1D002000210160416081607047000035
:1027900070B50446544890F8950028B1524890F816
:1027A000960084F8740070BD50480078A8B950486D
:1027B000FCF7C2FBB0F5967F0FD901204B4908709A
:1027C0005E20005B3C2805DB5E20005B40F6AC51E0
:1027D000884202DD012084F8E80094F8E80000282F
:1027E00074D194F88C0010B994F88E0018B10020C0
:1027F00084F87400D7E794F81801401C84F8180195
:1028000094F818010A2802DB002084F81801B4F8B3
:102810004A1094F8182104F58D7020F8121094F8DD
:102820001801092802D1B4F91A5106E094F81801E8
:10283000401C04F58D7131F9105094F8740070BB90
:10284000B4F94A00281A042805DD94F82E01401C2A
:1028500084F82E0102E0002084F82E0194F82E0165
:10286000022808DD204890F8A00084F87500B4F82C
:102870004A00A4F84C0094F87500FF2831D094F871
:10288000750028B194F87500401E84F8750028E0A2
:10289000012084F87400FF2084F8750021E0FFE730
:1028A000B4F94A00B4F94C10884203DAB4F84A008B
:1028B000A4F84C00B4F94A10B4F94C00801C8142D1
:1028C0000FDD002084F874000BE0FFE70948B0F842
:1028D0005E00B0F57A7F01DA012000E0002084F884
:1028E000740000BF5FE7000030190020680400207A
:1028F000C01600201017002010B59CB0044601211E
:102900000846EFF7D9FD01210220EFF7D5FD01219F
:102910000420EFF7D1FD01A8EFF784FBFE20019022
:1029200003208DF8080000208DF80B0001A98148D4
:10293000EFF700FB01A8EFF775FB3F2001900320A4
:102940008DF8080000208DF80B0001A97A48EFF7F8
:10295000F1FA01A8EFF766FB032001908DF808005B
:1029600000208DF80B0001A97448EFF7E3FA01216C
:102970008805EFF7A1FD01210802EFF7CDFD7048B2
:10298000EFF724F803A8EFF72BF9002003906D4828
:1029900004906D48059000200690102007900020BC
:1029A00008904FF48060099040000A9080000B90DE
:1029B00040110C9040020D9000200E9001200F90CD
:1029C00000201090119003A95D48EFF7DDF8012178
:1029D0005B48EEF7EFFF12A8EDF7FEFF0020129024
:1029E00013904FF4804014900020159012A8EDF73A
:1029F000DBFF16A8EEF797F80020169001208DF85F
:102A00005C008DF85D000020189019901A9010203D
:102A10008DF86C0016A94B484C38EDF7F9FF0723E9
:102A20000122114647484C38EEF71CF807230222D2
:102A3000114644484C38EEF715F807230322114697
:102A400040484C38EEF70EF80723042211463D4863
:102A50004C38EEF707F807230522114639484C3861
:102A6000EEF700F807230622114636484C38EDF7FA
:102A7000F9FF07231A46194632484C38EDF7F2FFA2
:102A80000723082211212F484C38EDF7EBFF0723CD
:102A9000092208212B484C38EDF7E4FF07230A22CE
:102AA000092128484C38EDF7DDFF07230B220A21C6
:102AB00024484C38EDF7D6FF07230C220B21214880
:102AC0004C38EDF7CFFF07230D220C211D484C3861
:102AD000EDF7C8FF07230E220D211A484C38EDF7F9
:102AE000C1FF07230F220E2116484C38EDF7BAFF1D
:102AF000072310220F2113484C38EDF7B3FF0120B4
:102B0000EEF732F80120EEF719F801210D484C38A4
:102B1000EDF773FF01210B484C38EDF763FF0121FE
:102B200008484C38EDF735FF06484C38EDF7F6FF0E
:102B30001CB010BD0000024000080240000402402A
:102B4000106402404C2001406417002010B5044678
:102B500069B140F2DC50824207DD1878401C1870E1
:102B600018780A2803DD012010BD0020187081B9F3
:102B7000B2F57A7F0BDA40F20230824207DD187834
:102B8000401C187018780A2803DD0220ECE70020AA
:102B900018700020E8E700210DE0002300F17C021E
:102BA00053540A32535416325354521D53540A3A52
:102BB00053544A1CD1B20529EFDB002109E0002360
:102BC00000F1A8025354921C5354121F53544A1C30
:102BD000D1B20229F3DB00228B3042700270C27046
:102BE000827042710271C271827142720272C2724B
:102BF000827280F8282080F8A42080F82A2080F8AB
:102C0000A52080F82B2080F8A6208B387047000084
:102C10002DE9F04FA1B006460F469246142261A15D
:102C20001CA8EDF743FD4C22634909A8EDF73EFDD2
:102C300040F6AC50874203DD604821B0BDE8F08F1C
:102C4000384603F0FFFB0390316803F043FC044671
:102C500003F048FA00225A4BCDE9040102F02AFEA3
:102C6000CDE9060102F040FD80464146306803F0A0
:102C700039FD044603F036FACDE90401404603F07D
:102C800031FA00224F4BCDE9000103F001F8CDE904
:102C90000201DDE9042302F00DFECDE9060102F098
:102CA00023FD0546A946099803F0CCFB0446494696
:102CB00003F0DCFC01D24448BFE71B9803F0C2FBE1
:102CC0000446494603F0D2FB01D24048B5E7002450
:102CD00064E009A951F8240003F0B4FB49460790C9
:102CE00003F0C4FB58D809AA611C52F8210003F074
:102CF000A9FB4946079003F0B9FC4DD809A951F842
:102D0000240003F09FFB4946039003F0E0FC1CAA5B
:102D1000611C059051561257881A03F07BFB0490F2
:102D2000059903F0D7FB069003F054FB80B207909F
:102D300003F088FB834609AA611C32F8211032F89F
:102D40002420891A88B203F07DFB08905846089920
:102D500003F062FA1CA90790085703F05BFB06908A
:102D6000079903F0EBF90546504603F053FB29465B
:102D7000069003F0E3F91649079003F077FC01D2BF
:102D8000134D07E0504603F045FB2946079003F03A
:102D9000D5F90546284650E7601CC4B2122C98DBD2
:102DA0000A484AE7CED8E2ECF6000A14191E283287
:102DB0003C46505A646E7800D06703080000F04229
:102DC00000FEAF400000994000004CC20000F242FB
:102DD0000000F4422DE9F05F0446FE48007800F060
:102DE000010058B9FB4801F005FD38B1FA48FCF77D
:102DF000A3F8FA490860F748AFF30080F848007874
:102E000000F0010058B9F64801F0F4FC38B1F2487E
:102E1000FCF792F8F3490860F148AFF30080F248FC
:102E2000007800F0010058B9EF4801F0E3FC38B138
:102E3000E948FCF781F8ED490860EB48AFF3008002
:102E4000E548FCF779F8E9490968401AB0F57A7F56
:102E500007D3E148FCF770F8E44908602046FFF723
:102E600097FCDD48FCF768F8DC490968884241D0E6
:102E7000D948FCF761F8D9490860DD48B0F8E400AA
:102E8000401CDB49A1F8E4000846D0F8D410B0F8A3
:102E900072000844D649C1F8D4000846D0F8CC10D6
:102EA000B0F860000844D249C1F8CC000846D0F818
:102EB000D010B0F85E000844CD49C1F8D0000846F3
:102EC000D0F8D810B0F86E000844C949C1F8D8004D
:102ED00000200DE0C649B83151F82020643931F89E
:102EE00010100A44C249B83141F82020411CC8B230
:102EF0000528EFDBB848FCF71FF8BA490968401A03
:102F0000C8287DD3B448FCF717F8B649086062209A
:102F1000005B40F6E441484340F6FF7190FBF1FB53
:102F2000584602F04EFE07460022B24B02F0C2FCA9
:102F3000054602F0D9FB2060002532E0A648FBF7E9
:102F4000FBFF04F10C0151F82510401A42F21071F8
:102F5000884202D90021201D415504F1B80050F8E3
:102F60002500B4F8E41090FBF1F00FFA80FA201D70
:102F7000405D68B9A04810F8150042B21FFA8AF106
:102F80002046FFF745FE04F1340141F8250006E034
:102F900004F1200050F82510143040F82510681C6A
:102FA000C5B2052DCADBB4F8E410D4F8D00090FB0C
:102FB000F1F086B2002231462046FFF729FE054691
:102FC00003F0ECF900B2A4F84A00B4F8E410D4F825
:102FD000CC0090FBF1F086B2002231462046FFF78C
:102FE00017FE054603F0DAF900B2A4F84800B4F879
:102FF000E410D4F8D40090FBF1F085B2002200E098
:1030000010E229462046FFF703FE2065A834A18F71
:10301000206B90FBF1F060630020A087E0626062AB
:10302000A0622063A83C00BF06E000227049B831CE
:1030300041F82020411CC8B20528F6DB6648FBF7A2
:103040007BFF42F2107188425CD9002058E06A4947
:10305000AA39095C11B1211D095C69B16749097878
:1030600019B16649097B814206D065490978A9B33F
:103070006349C97A814237D104F1540131F8101003
:1030800040F6AC5291420FDD04F17701095C491C16
:10309000CAB204F177010A54095C052908DD01224E
:1030A00004F17C010A5403E0002204F177010A5480
:1030B00004F1540131F81010322910DA04F18101C1
:1030C000095C491CCAB204F181010A54095C052952
:1030D00014DD012204F186010A540FE004E000220D
:1030E00004F181010A5409E0002204F177010A5435
:1030F0000A310A54491F0A540A310A54411CC8B201
:103100000528A4DB6020005B40F6AC5188420BDD53
:1031100014F88F0F401C207014F88F09052806DD65
:10312000012084F8900002E0002084F88F006020E5
:10313000005B32280BDA14F8910F401C207014F851
:103140009109052806DD012084F8920002E00020A4
:1031500084F891007220005B40F6AC5188420BDD90
:1031600014F8930F401C207014F89309052806DD0D
:10317000012084F8940002E0002084F8930072207B
:10318000005B32280BDA14F8950F401C207014F8FD
:103190009509052806DD012084F8960002E000204C
:1031A00084F8950094F8760060B300253FE012485B
:1031B000AA38405D012838D10F48A038405DA0BB37
:1031C00004F1970043191530465D583830F8162041
:1031D000094818E058040020C01600205C040020B4
:1031E00054040020600400205004002064040020E7
:1031F0001017002000408F40EE180020D419002046
:10320000E219002015E0A038405D08B1012000E07F
:10321000002001462046FFF799FC8146B9F1020FD4
:1032200003D1012104F19C004155681CC5B2052D54
:10323000BDDB924890F8B70058B17020025B90480F
:1032400090F88D1004F1A7032046FFF77FFC81461C
:1032500001E04FF00009B9F1010F02D10121AB20CB
:103260000155B9F1020F02D10121A9200155A92070
:10327000005D10B9AB20005D68B1814890F8340062
:1032800048B1002241F256017E48F7F723FD0021A4
:103290007B4880F83410D4F8DC00322817DA94F830
:1032A000E70000280FDD652084F8E60094F831017E
:1032B000401C84F8310194F8310114280FDD0120FD
:1032C00084F8B6000BE0672084F8E60007E094F885
:1032D000310120B194F83101401E84F83101D4F855
:1032E000DC00322806DBD4F8DC00C82802DA06202D
:1032F00084F8E600D4F8DC00C82807DBD4F8DC004A
:10330000B0F5847F02DC052084F8E600D4F8DC0008
:10331000B0F5847F07DDD4F8DC00B0F5987F02DCDF
:10332000042084F8E600D4F8DC00B0F5987F07DDCF
:10333000D4F8DC00B0F5AF7F02DA032084F8E600B1
:10334000D4F8DC00B0F5AF7F07DBD4F8DC00B0F5D3
:10335000D27F02DA022084F8E600D4F8DC00B0F56F
:10336000D27F07DBD4F8DC00B0F5167F02DA01204B
:1033700084F8E600D4F8DC00B0F5167F08DB40F2F4
:10338000DC51D4F8DC00884202DA002084F8E60040
:1033900040F2DC51D4F8DC0088421BDB94F8E700F3
:1033A000002813DD662084F8E60094F83001322806
:1033B00004DA94F83001401C84F8300194F83001AC
:1033C00014280FDD012084F8B5000BE0672084F895
:1033D000E60007E094F8300120B194F83001401E77
:1033E00084F8300194F8E60094F8E710884210DA87
:1033F00094F82F01322804DA94F82F01401C84F845
:103400002F0194F82F0114280BDD012084F8B3005C
:1034100007E094F82F0120B194F82F01401E84F8A2
:103420002F0100BF606BC4F8EC00F020A16B0151CC
:10343000F420E16B0151F820216C0151FC20616CFA
:1034400001510021001D0151001D216D01510E4847
:1034500001694FF4847001510B4841694FF4867043
:103460000151094881694FF4887001510648C169CA
:103470004FF48A700151BDE8F09F0000441800200D
:1034800030190020D03C00201C1D002010B504463F
:103490004FF49A712046EDF770F92046FFF77BFB59
:1034A000002084F87600FF2084F87500032084F85B
:1034B000E700082084F8AC000921AD2001550A215D
:1034C000AE2001550B21AF2001550C21B020015534
:1034D0000E21B2200155204610BD70B504461A21B8
:1034E000204600F029F80546681C10B9002020602D
:1034F00000E0256070BD10B504461A212046226800
:1035000000F05CF810BD000070B50546074C08E0FF
:1035100021460748F3F7DDF9401C08B9204670BD85
:10352000083404488442F3D30020F8E7000001087F
:10353000740500207FFF01082DE9F04180460D460B
:103540004FF0FF370C4C11E021460C48F3F7C1F95E
:103550000646701C10B93846BDE8F081AE4204D171
:10356000211D0648F3F7B5F907460834044884429C
:10357000EAD33846F0E70000000001087405002097
:10358000FFFF010870B504462046FFF7BDFF054662
:1035900015B10948854202D9204600F03DF8204681
:1035A00000F044F81A212046226800F007F820466F
:1035B00000F02CF870BD0000F7FF01082DE9F04184
:1035C00006460D4617463046FFF79EFF044694B167
:1035D000304600F02BF82A4621460B48F3F749F90C
:1035E000241D3A4621460848F3F743F9304600F0D7
:1035F0000DF8BDE8F081304600F00EF83046FFF7D8
:10360000C1FF00BFF5E700007405002010B50446B7
:10361000EEF7ECFB10BD000010B504462021024877
:10362000F3F746F910BD00007405002010B50446FC
:10363000EEF726FC0148F3F729F910BD74050020C8
:1036400000210160704700002DE9F04106462F4837
:10365000008808B9BDE8F081307A00B1FAE70120AE
:103660003072002449E056F824503FE029462848AB
:10367000F3F72FF90746781C98BB301D50F824103B
:1036800005F1180081422FD9304600F06BF8002375
:103690009A1F2946304600F03FF808351B4803883A
:1036A00018222946304600F037F808351948B0F995
:1036B00048303D222946304600F02EF80835304685
:1036C00000F03EF8301D50F8241005F1180081423A
:1036D00009D8601C012805DAC1B2304600F036F87E
:1036E000B8E702E007E0B5E705E00835301D50F81F
:1036F0002400A842BAD8601CC4B2012CB3DB00215C
:10370000304600F023F800BFA4E70000EC1B0020C7
:1037100074050020101700202DE9F04107460C46E3
:1037200016461D46324621460448F3F7A2F82A46BB
:10373000211D0248F3F79DF8BDE8F08174050020D3
:1037400010B50446EEF752FB10BD000070B50546FB
:103750000C461CB938210248F3F7AAF870BD0000E6
:103760007405002010B50446EEF78AFB0148F3F714
:103770008DF810BD7405002000210160416081605A
:1037800003490160034A0168114441607047000029
:1037900000000608FFFF010070B59EB0044600203F
:1037A0001C901D9000BF04E05249415C13AA1154C3
:1037B000401C0828F8DB002015E0002110E013AAC7
:1037C000125C203A20230B411A400AB1012200E08A
:1037D000002200EB400301EB430307AEF254491C07
:1037E0000629ECDB401C0828E7DB002010E0002263
:1037F000002108E001EBC00307AEF35C13B18023A6
:103800000B411A44491C0829F4DB1CAB1A54401C18
:103810000628ECDB204600F0C9F8EEF7A9FCEDF72E
:1038200057FA15A916A801F0B8FB84F8120194F80C
:10383000120120B1002084F8F9001EB070BDEDF730
:1038400047FA9DF85800302804DD012084F8DB0099
:1038500084F8F90006221CA91AA8EFF7ACFD1AAAF1
:103860000621002001F060FB054601F08DFA0546B7
:1038700094F8DB0001280BD117A818A919AB07226F
:10388000CDE900100021012001F0B0F8054606E066
:1038900017AB18AA19A9012001F06FF8054616A266
:1038A00007CA04AB07C304A80C2300220090BDF88C
:1038B0006010BDF8640001F085FA05460120114949
:1038C00000221023CDE90032CDE902100723114672
:1038D00001F0D0F8054694F8DC00012802D1EDF79C
:1038E00059F905460721012001F0F7FA054600BF06
:1038F000A3E700000080000854696D6265726C697E
:103900006E65203240E2010010B50246002004E05E
:103910000C5C02F138031C54401C1428F8DB012015
:10392000014B83F8360010BDF03D002010B5044671
:1039300094F8E40020B1EEF727FD002084F8E400BD
:1039400010BD10B50446B4F81001EEF77BF928B1AC
:10395000B4F81001EEF770F9EEF728FC10BD000086
:1039600010B50446EEF75EFC2046FFF7DFFFD4F803
:10397000E80030B194F8EE0018B1012084F8350069
:1039800002E0002084F835000648007820B194F861
:10399000350008B1012000E00020034981F87800DB
:1039A00010BD0000043F0020D03C002070B58AB05C
:1039B0000446052601210846EEF77EFD012102207E
:1039C000EEF77AFD01210420EEF776FD01210820B3
:1039D000EEF772FD01218803EEF79EFD0121080735
:1039E000EEF77AFDA849206B884204D101218014AA
:1039F000EEF792FD12E0A549206B884205D1012126
:103A00000014EEF769FD052608E0A149206B884205
:103A100004D10121C013EEF75FFD062608A8EEF7DA
:103A200001FB21790120884080B2089002208DF8A6
:103A300024008DF8250000208DF8260001208DF847
:103A4000270008A92068EEF775FA21793246206828
:103A5000EEF7B8FA08A8EEF7E5FA217B01208840D6
:103A600080B2089002208DF824008DF825000020F7
:103A70008DF8260001208DF8270008A9A068EEF730
:103A800059FA217B3246A068EEF79CFA08A8EEF7B7
:103A9000C9FA217D0120884080B2089002208DF86B
:103AA00024008DF8250000208DF8260001208DF8D7
:103AB000270008A92069EEF73DFA217D32462069EA
:103AC000EEF780FAA069C4F8FC00217F012088404D
:103AD000A4F8080108A8EEF7A5FA217F0120884084
:103AE00080B2089001208DF8240000208DF8250078
:103AF0008DF826008DF8270008A9A069EEF71AFABC
:103B0000206AC4F800012420015D01208840A4F847
:103B10000A0108A8EEF786FA2420015D01208840FA
:103B200080B2089001208DF8240000208DF8250037
:103B30008DF826008DF8270008A9206AEEF7FAF91B
:103B400008A8EEF76FFA4FF40040089001208DF8B6
:103B5000240002208DF8250008A94E48EEF7EAF966
:103B60004FF400414B48EEF75BFAA06AC4F8040139
:103B70002C20015D01208840A4F80C0108A8EEF774
:103B800051FA2C20015D0120884080B2089000206D
:103B90008DF8240002208DF8250000208DF82700E4
:103BA00008A9A06AEEF7C6F903A8EEF717FE0020F1
:103BB000ADF80C00ADF81000ADF81200ADF814002F
:103BC0004FF40070ADF816002020ADF8180000206A
:103BD000ADF81A004FF48270ADF80E0003A9206B07
:103BE000EEF7DEFD0121206BEEF7CEFD00252A4920
:103BF000A06A884201D101250AE02849A06A8842CA
:103C000001D1022504E02649A06A884200D103259B
:103C10002C20015D2846EEF7F9FD2C20015D0120E6
:103C20008840A4F8100101A8EEF76AF82C20015D85
:103C30000120884080B2019000208DF80800082003
:103C40008DF8090001208DF80A0001A8EEF70EF8A2
:103C5000282084F80E0194F80E018DF80000002051
:103C60008DF8010003208DF8020001208DF803007B
:103C70006846EEF7CDFB2C210A5D0121914088B208
:103C8000EDF7DAFF0AB070BD0030014000380040A7
:103C9000003C0040000002400004024000080240D6
:103CA000000C024070B505460C461421204601F078
:103CB00047FC70BD002180F8DB10012180F8DC108A
:103CC00080F8E410AA2180F813110F4901630F490D
:103CD0000160032101710D498160052202730161B8
:103CE0000422027581610E220277094901620222D3
:103CF00024210A54054981620F222C210A540021F3
:103D000080F8F91070470000003C004000040240B9
:103D1000000C024010B504463448FBF70DF9344955
:103D20000968401A64285FD93048FBF705F9304923
:103D300008602078401E2F49085C002854D1207864
:103D4000401E2D4931F81000C82805DA60680A289D
:103D500002D26068401C60602078401E264931F81D
:103D60001000C82804DB606810B16068401E606005
:103D7000A07818BB60680A2820D10120A0701F49D4
:103D800008704870002013E01A49095C19B101223B
:103D9000184914310A54162216491E3121F81020F0
:103DA0000A3121F81020002252310A54411CC8B2B5
:103DB0000528E9DB64201149A1F86200A07898B1D8
:103DC000606888B90020A0700C490870487000BF76
:103DD00008E00849095C19B10022064914310A5467
:103DE000411CC8B20528F4DB10BD0000C01600203D
:103DF000980400204418002064170020D03C0020C4
:103E00002DE9F04F87B082468B460BEB4B01FB4808
:103E100000EBC1008068C0F3102006900BEB4B0153
:103E2000F64800EBC10000F10F0400200590F44AB1
:103E30000698811A90427DD013DCF24AA0EB020171
:103E4000904278D008DCF0490844002874D0A0F6ED
:103E50003170002871D1B4E15D296FD06029F9D1AA
:103E6000E2E1EA296BD004DC022969D0A329F1D16F
:103E70002AE1FD297ED0B1F5837FEBD12078FF28A0
:103E80000BD0E248D0F8B0002178884205D02078E5
:103E9000DE49C1F8B000012005906078FF280BD002
:103EA000DA48D0F8B4006178884205D06178D74804
:103EB000C0F8B41001200590A078FF280BD0D3489B
:103EC000D0F8B800A178884205D0A178CF48C0F8D2
:103ED000B81001200590E078FF280BD0CB48D0F82F
:103EE000BC00E178884205D0E178C848C0F8BC1031
:103EF000012005902079FF280BD0C44890F8C0001D
:103F00002179884205D02179C04880F8C01001206D
:103F100005906079FF280BD0BC4890F8C10061790A
:103F2000884205D06179B94880F8C1100120059018
:103F3000A07906E076E0C5E1D9E125E2F6E045E0CA
:103F400082E1FF2809D0B14890F8C200A1798842E7
:103F500003D0A179AD4880F8C2109DF81400C8B113
:103F6000AA4890F8C200A94991F8C110A74A92F84E
:103F7000C02000E00FE0CDE900210290A34890F8B6
:103F8000B83090F8B42090F8B010F8F717FB9F48BD
:103F9000F6F768FDF8E12078022816DA607800F07C
:103FA0000F00042811DA607800F0010097490870CA
:103FB000607800F0020028B1954890F8320008B906
:103FC000012000E0002091494870DDE12078401E8A
:103FD000C5B2052D25DA8F48405D012821D16078D2
:103FE00000F00309B9F1020F08DAB9F1000F01D0AE
:103FF000012100E0002187487A304155A17801EB8A
:10400000D1725210642A0CDCA07800EBD0725210EE
:104010000A2A06DBA07800EBD07149107D4A3232C3
:104020005155B1E12078401EC5B2052D4BDA6178BB
:1040300001F00F09B9F1020F02D0B9F1030F04D159
:104040000122744914314A5512E0B9F1040F08D124
:104050007049495D012904D102226E4914314A5543
:1040600006E0B9F1000F03D100226A4914314A5524
:10407000E378227903EB0221CA1701EBD2625211D5
:10408000A2F211100A281DDB20281BDC5F4991F8E1
:10409000871049B15F49283131F91510814203D0A9
:1040A0005C49283121F81500584991F8871049B921
:1040B00058491E3131F91510814203D055491E313E
:1040C00021F8150000BF5FE12078401EC5B2052D24
:1040D0002BDA6078FF2802D1A078FF2825D06178FC
:1040E000A27801EB022001F06CFD074600224A4B4A
:1040F00001F0E0FB0022494BCDE9000101F008FF8F
:10410000CDE9020101F0F0FA04904549049841F824
:104110002500012142481C3841554248FAF70CFF5E
:104120003F49143941F8250000BF2DE12078401E99
:10413000C5B2052D44DA2079617900EB012006B281
:104140003046F11706EBD1614911A1F211166078E2
:10415000C8B92079617900EB01204FF6FF718842E0
:1041600003D02C48283020F81560A078182803DAEE
:10417000A178264880F8C510E0783C2803DAE17879
:10418000224880F8C6106078012819D12079617919
:1041900000EB01204FF6FF71884203D01D481E300E
:1041A00020F81560A078182803DAA178174880F85D
:1041B000C310E0783C2803DAE178144880F8C41092
:1041C000E2E02078002817DD2078082814DC6078E9
:1041D00000F00700052805D101222078401E0C4977
:1041E00033310A54607800F0070028B900222078A3
:1041F000401E074933310A54C6E00000E01D00208C
:10420000F9FE010098FE01009B10FEFFD03C00204B
:104210003019002044180020000040400010714078
:1042200030170020C01600202078062805DA6078B4
:10423000FA2802D101205A49C8706078FB2802D1BF
:1042400000205749C8709FE05648007810B1207888
:10425000022802DD07B0BDE8F08F6078C0F381006E
:10426000022808DA6078C0F3810008B1012000E07C
:1042700000204C494870A078FF2802D1E078FF2840
:104280000FD0A278E17802EB0120C11700EBD161D9
:104290004911A1F21116032E03DB322E01DC414835
:1042A000C6802079FF280CD02079142809DB2079DA
:1042B000642806DC20790A2190FBF1F000B239492C
:1042C000488161E03848007880B1207802280DDA12
:1042D000607800F00F00022808DA607800F00F0024
:1042E00008B1012000E000202F4948704CE0207800
:1042F000812802D0A72845D103E02C48FBF76EF9AE
:1043000040E06078FF280AD06078012800DA0120B8
:10431000642800DD64202249A1F8620000BFA07873
:10432000FF280AD0A078012800DA0120642800DDE7
:1043300064201B49A1F87C0000BFE078FF280BD067
:10434000E178A1F12800002800DA0020502800DDE3
:1043500050201549C88000BF2079FF2802D160791C
:10436000FF280FD02279617902EB012188B20A2857
:1043700000DA0A2040F2AA51884200DD08460A49C4
:10438000088100BF00BF00BF00BF0948FAF7D4FD95
:10439000CAF8040001208AF8000000BF5AE70000B4
:1043A000D03C0020D4190020E2190020EC1B002092
:1043B000C016002070B50646E048007800F0010005
:1043C00058B9DE4800F016FA38B1DD48FAF7B4FD06
:1043D000DC490860D948AFF30080DB48007800F082
:1043E000010060B9D84800F005FA40B1D448FAF7A6
:1043F000A3FD0A30D5490860D348AFF30080D44804
:10440000007800F0010060B9D14800F0F3F940B144
:10441000CB48FAF791FD1430CE490860CC48AFF391
:104420000080CD48007800F0010060B9CA4800F073
:10443000E1F940B1C248FAF77FFD1E30C749086074
:10444000C548AFF30080BE48FAF776FDBD4909685C
:10445000401A742873D3BA48FAF76EFDB949086058
:10446000BF480078401CBE490870084600782B28D9
:1044700070D2DFE800F0E0161B20252A2F33373CEE
:1044800041464B50555A5F656A7075797E83888DB9
:1044900092969BA0A5AAAFB4B9BEC3C8CCD0D4D8BD
:1044A000DC000021AF48F1F7D1FBCBE00121AD48A2
:1044B000F1F7CCFBC6E00221AA48F1F7C7FBC1E047
:1044C0000321A848F1F7C2FBBCE00421A548F1F79D
:1044D000BDFBB7E0A348F2F70FF8B3E0A148F1F74E
:1044E00031FFAFE000219F48F1F7AAFEAAE00121C9
:1044F0009C48F1F7A5FEA5E002219A48F1F7A0FE3D
:10450000A0E003219748F1F79BFE9BE0042195482A
:10451000F1F796FE96E000219248F1F7DDFE91E07A
:1045200001219048F1F7D8FE8CE002218D48F1F787
:10453000D3FE87E003218B48F1F7CEFE82E082E0D4
:1045400004218848F1F7C8FE7CE000218548F2F795
:1045500015F977E06FE001218248F2F70FF971E079
:104560008048F1F747FF6DE002217E48F2F706F937
:1045700068E005217B48F2F701F963E006217948FC
:10458000F2F7FCF85EE007217648F2F7F7F859E019
:1045900008217448F2F7F2F854E07248F1F786FC0B
:1045A00050E000216F48F1F7C7FC4BE001216D4856
:1045B000F1F7C2FC46E002216A48F1F7BDFC41E098
:1045C00003216848F1F7B8FC3CE004216548F1F7A5
:1045D000B3FC37E005216348F1F7AEFC32E0062179
:1045E0006048F1F7A9FC2DE007215E48F1F7A4FC33
:1045F00028E008215B48F1F79FFC23E00921594896
:10460000F1F79AFC1EE05748F1F72AFF1AE05548E7
:10461000F1F77EFD16E05348F1F7B0FD12E0514886
:10462000F1F726FD0EE04F48F1F7E4FF0AE04D48B0
:10463000F1F7A2FB06E04B48F2F7CAF80020484920
:10464000087000BF00BF3E48FAF776FC3F49096892
:10465000401AB0F5A67F33D93948FAF76DFC3B49CB
:10466000086041480078401C3F49087008460078BF
:104670000E2801DB002008703B480078032190FBE6
:10468000F1F201FB1200C4B23748007890FBF1F060
:10469000C5B2224629463348F1F7E0FF3248007898
:1046A000032190FBF1F201FB1200C4B22E48007806
:1046B00090FBF1F0C5B2224629462A48F2F72CF8C1
:1046C0001F48FAF739FC23490968401A40F605519A
:1046D000884220D31A48FAF72FFC1E490860234865
:1046E0000078401C2149087008460078012802D053
:1046F000022808D103E01B48F1F766FB0AE01948DD
:10470000F1F70EFB06E01748F1F7D2FA002017493F
:10471000087000BF00BF0A48FAF70EFC0F4909688D
:10472000401AB0F57A7F07D90548FAF705FC0B491E
:1047300008600C48F1F758FD70BD0000DC04002053
:10474000C0160020E0040020D8040020E40400206B
:10475000D4040020E8040020D0040020EC04002051
:10476000F0040020F3040020F1040020F2040020F3
:1047700070B505462846FFF71DFE002411E004EB46
:1047800044010F4810F8310048B121462846FFF790
:1047900037FB002104EB4402094800F83210601C8A
:1047A000C4B2322CEBDB0748FAF7C6FB6968401A43
:1047B00042F21071884201D90020287070BD0000BB
:1047C000E01D0020C01600200021016041607047FC
:1047D0002DE9F0411C4617460E00804607D00546DD
:1047E00002E02846B0473D442046641EF9D24046C8
:1047F000BDE8F081016809B1002070470121016026
:104800000846704710B50248FAF744FE10BD000094
:10481000B01D002010B50248F2F790FD10BD000059
:10482000C83D002010B50248FBF7A0F810BD0000FD
:10483000EC1B002010B50248F2F7AEFB10BD0000E3
:10484000F019002010B50248FCF712FA10BD000064
:10485000601D002010B50248F3F76CF810BD000091
:104860003019002000B50348FCF752F90248FCF764
:104870004FF900BD6C0500207005002010B50248FE
:10488000F8F7C6FA10BD0000D03C002000B5024881
:10489000F1F7ECFF00BD0000F304002000B5024872
:1048A000FDF770FF00BD00004C27002000B5024856
:1048B000FEF7C6FE00BD0000B012002000B50248A1
:1048C000FEF75AFF00BD0000E43D002000B502489D
:1048D000FFF7F0F900BD0000F03D002000B50248F0
:1048E000F1F7FAFF00BD00007405002010B5024882
:1048F000F8F74EFC10BD00001C1D002010B502484A
:10490000FEF7C4FD10BD00001017002010B50248CE
:10491000FAF7F8F910BD00005827002000B502484A
:10492000FCF7B2F800BD0000C404002000B5024846
:10493000FFF74AFF00BD0000C804002000B5024890
:10494000FAF779FB00BD0000C016002010B5024840
:10495000F0F734F910BD00004418002010B50248EB
:10496000F2F776FA10BD00001432002030380A2821
:1049700001D20120704700207047F0B589B004468D
:104980000D4616461F460294072200216846EEF7A0
:104990001CFD1822002103A8EEF717FD3F20ADF8FB
:1049A0000C008A20ADF80E0002A8059001200690A8
:1049B000CDF81CD007200890002103A800F0B0FB20
:1049C000002802DAFF2009B0F0BD9DF8000010B108
:1049D0009DF80000F7E7BDF801002880BDF803004E
:1049E0003080BDF8050038800020ECE72DE9F04369
:1049F00089B004460D4616461F46DDE910898DF83C
:104A000008408DF809508DF80A6007220021684699
:104A1000EEF7DBFC1822002103A8EEF7D6FC3F20BE
:104A2000ADF80C008A20ADF80E0002A80590032016
:104A30000690CDF81CD007200890002103A800F0B4
:104A40006FFB002803DAFF2009B0BDE8F0839DF872
:104A5000000010B19DF80000F6E7BDF801003880B5
:104A6000BDF80300A8F80000BDF80500A9F8000093
:104A70000020E9E72DE9F04F8FB004460D461646B9
:104A80001F46DDE91AABDDE918898DF808408DF87D
:104A90000950102231460DF10A00EEF78CFC8DF81A
:104AA0001A708DF81B808DF81C90CDF81DA08DF824
:104AB00021B01822002109A8EEF787FC3F20ADF8AD
:104AC00024008620ADF8260002A80B901A200C9036
:104AD00001A80D9001200E90002109A800F020FBF4
:104AE000002803DAFF200FB0BDE8F08F9DF8040026
:104AF00010B19DF80400F6E70020F4E72DE9FF4F20
:104B000091B007469846DDE9216BDDE91F5ADDF8D3
:104B100078900024A8190E30282803D9422015B017
:104B2000BDE8F08F0DF80470601CC4B2BDF84800F9
:104B300012900DEB0400022212A9EEF73CFCA01C1F
:104B4000C4B2BDF84C0013900DEB0400022213A96F
:104B5000EEF731FCA01CC4B20DF80480601CC4B296
:104B60000DF80490601CC4B20DF80450601CC4B26F
:104B70000DEB04002A465146EEF71DFC6019C4B245
:104B80000DF80460601CC4B20DEB040032465946B7
:104B9000EEF711FCA019C4B2BDF88C0023900DEB08
:104BA0000400022223A9EEF706FCA01CC4B2BDF843
:104BB000900024900DEB0400022224A9EEF7FBFBE9
:104BC000A01CC4B2182200210BA8EEF7FEFB3F2068
:104BD000ADF82C008320ADF82E00CDF834D00E9423
:104BE0000AA80F900120109000210BA800F098FA5D
:104BF000002801DAFF2092E79DF8280010B19DF807
:104C000028008CE700208AE72DE9FF4F8FB00E4681
:104C100017469846DDE91DABDDF870900024BDF81D
:104C20003C000F9001A9081902220FA9EEF7C3FB5F
:104C3000A41C01A80655641C012E01D1022500E028
:104C4000102501A908192A463946EEF7B4FB601968
:104C5000C4B201A800F80480601CC4B201A800F826
:104C60000490601CC4B201A800F804A0601CC4B287
:104C700001A800F804B0601CC4B201A91F9808552F
:104C8000601CC4B220980855601CC4B203220021E5
:104C900008A8EEF79AFB1822002109A8EEF795FB69
:104CA0003F20ADF824004FF48270ADF8260001A833
:104CB0000B900C9408A80D9003200E90002109A8D9
:104CC00000F02EFA002803DAFF2013B0BDE8F08FC1
:104CD0009DF8200010B19DF82000F6E7BDF82110E6
:104CE000219801800020F0E72DE9F0478CB00646BE
:104CF000894617469846DDF850A000240DF8046058
:104D0000641C012E01D1022500E010250DEB0400EA
:104D10002A464946EEF74FFB6019C4B20DF80470FD
:104D2000601CC4B20DF80480601CC4B203220021D0
:104D300005A8EEF74AFB1822002106A8EEF745FB6E
:104D40003F20ADF818004FF48170ADF81A00CDF88F
:104D500020D0099405A80A9003200B90002106A8F2
:104D600000F0DEF9002803DAFF200CB0BDE8F08780
:104D70009DF8140010B19DF81400F6E7BDF8150079
:104D8000AAF800000020F0E700B587B01822002143
:104D900001A8EEF71AFB3F20ADF8040040F2011025
:104DA000ADF80600CDF814D001200690002101A82E
:104DB00000F0B6F9002802DAFF2007B000BD9DF828
:104DC0000000FAE7FFB5A7B016461D46309F002445
:104DD000A81D802802DD42202BB0F0BDBDF89C004C
:104DE00027900DEB0400022227A9EEF7E4FAA01C9D
:104DF000C4B2BDF8A00028900DEB0400022228A93F
:104E0000EEF7D9FAA01CC4B20DF80460601CC4B25D
:104E10000DF80450601CC4B20DEB04002A4639465C
:104E2000EEF7C9FA6019C4B21822002121A8EEF7E2
:104E3000CCFA3F20ADF884004FF48370ADF88600C3
:104E4000CDF88CD0249420A8259001202690002114
:104E500021A800F065F9002801DAFF20BCE79DF8E1
:104E6000800010B19DF88000B6E70020B4E7F0B5EF
:104E70008FB005460E4614461F46142C02D9422018
:104E80000FB0F0BDADF80450ADF806608DF80840E5
:104E9000224639460DF10900EEF78DFA182200215D
:104EA00009A8EEF792FA3F20ADF8240040F2231053
:104EB000ADF8260001A80B90601D0C9008A80D907D
:104EC00001200E90002109A800F02AF9002801DA3B
:104ED000FF20D5E79DF82000D2E730B589B0044621
:104EE0000D468DF808408DF809501822002103A8BE
:104EF000EEF76BFA3F20ADF80C000F20ADF80E0076
:104F000002A805900220069001A8079001200890B1
:104F1000002103A800F004F9002802DAFF2009B0FC
:104F200030BD9DF80400FAE7F0B5A7B006460D467F
:104F300017460024A81C802802DD422027B0F0BDBF
:104F40000DF80460601CC4B20DF80450601CC4B2BB
:104F50000DEB04002A463946EEF72DFA6019C4B26B
:104F60001822002121A8EEF730FA3F20ADF8840086
:104F70000C20ADF88600CDF88CD0249420A8259084
:104F800001202690002121A800F0CAF8002801DAAB
:104F9000FF20D3E79DF88000D0E770B586B00546C6
:104FA0000C4601A802AB04AA03A9009005A800F0D2
:104FB00022F8C6B2C6B9BDF80C0000122870BDF8C0
:104FC0000C000006000C20802088BDF80410C1F3FE
:104FD000031140EA011020802088BDF8041001F080
:104FE0000F010843208002E0304606B070BDEDF7A7
:104FF00019F93046F9E72DE9F0418AB004460D462B
:1050000016461F46DDF840800922002101A8EEF770
:10501000DCF91822002104A8EEF7D7F90420ADF836
:1050200010000120ADF8120000200690079001A8A2
:10503000089009200990002104A800F071F80028C8
:1050400003DAFF200AB0BDE8F0819DF8040010B13A
:105050009DF80400F6E79DF805002070BDF80600F5
:1050600028809DF808003070BDF809003880BDF830
:105070000B00A8F800000020E4E730B58FB004462C
:105080000D462022002101A8EEF79FF98DF804407B
:105090001F2C01DD1F2000E02046024629460DF1AD
:1050A0000500EEF788F91822002109A8EEF78DF91E
:1050B0000820ADF824000920ADF8260001A80B90C7
:1050C00020200C90CDF834D001200E90002109A8AA
:1050D00000F026F8002802DAFF200FB030BD9DF85E
:1050E0000000FAE72DE9FC4105460F4614461E462E
:1050F000384665F39F2080B2ADF804008DF8064075
:1051000001208DF80000032201A9C81EEEF753F913
:10511000234604223146684600F0E2F8BDE8FC81EF
:105120002DE9F04F89B004468A462188608861F3F2
:105130009F2080B20890642006900020039001A870
:10514000EEF78CFBEEF7A0FB227B618826883046C9
:10515000A368FFF7C7FFBAF1000F03D0002009B022
:10516000BDE8F08F069808B90120069004A80699BA
:10517000EDF764FE93E008E004A8EDF74DFE00B102
:105180008EE0EDF793F800B900E0F5E700BFEEF729
:1051900069FB03A95048EEF749FC039800F10807A2
:1051A0003878042861D1781C0790039800F10B052A
:1051B000039890F88800C61E079800780E2823D020
:1051C0000F2804D010284DD03E284CD133E0A846FB
:1051D0004546B8F802100898814200D060E0606847
:1051E0000F2804D098F8000000B159E03CE0606955
:1051F000B04201DD304600E0606960612946D4E9D3
:105200000402EEF7D8F85AE0AB465D46BBF8011051
:105210000898814200D043E0ED1CF61E6069B04260
:1052200001DD304600E0606960612946D4E904028E
:10523000EEF7C1F843E0A9464D4699F800006168D1
:10524000884200D010E0761E6069B04201DD304631
:1052500000E06069606109F10101D4E90402EEF740
:10526000AAF82CE01CE000BF00BF1C48EEF78DFA46
:1052700050B11948EEF789FA30B118480399EEF7A2
:10528000C4FB0020039005E001A80399EEF7BDFBE5
:1052900000200390ECF78AFFEEF788FA00BF6AE778
:1052A000039818B10D480399EEF79EFB01A90A482F
:1052B000EEF731FFEEF77AFA4FF0FF304FE707488D
:1052C0000399EEF791FB01A90348EEF724FFEEF7EF
:1052D0006DFA002043E70000E4120020DC120020F9
:1052E0002DE9F04104460D4616461F463B46324620
:1052F00029462046EEF7E2FABDE8F08172B6EDF7F6
:1053000063FFEDF723FBEEF7B3FEEEF761FA6F48AC
:10531000F9F77EFD6D48F9F71BFD6D48FDF7ECFAD6
:105320006C48EEF769FF6C48F9F7DCFA6B48F9F75F
:1053300083FE6B48F1F7C6FF6A48FBF780FC6A48BA
:10534000F1F700FE6948F7F7E1FF6948FEF7C5F895
:10535000EEF7CCFB62B66748FEF71EFA6648F0F738
:1053600075F8B2E0002059494860ECF7F3FF634854
:10537000007810B1EEF79AF805E00020EEF7A6F9F4
:105380005348FDF727FD0120EEF7A0F95C48FAF736
:1053900045F90220EEF79AF94E48EFF75FF903203E
:1053A000EEF794F94C48F9F73DFC0420EEF78EF93E
:1053B0004A48F9F7FFFF0520EEF788F95148FDF755
:1053C00099F90620EEF782F94F48F6F7F3FD07202A
:1053D000EEF77CF94D48F2F763FA4D48F1F75CFDC2
:1053E0004C48F7F75BFF0820EEF770F94A48F7F7EB
:1053F000BFFD0920EEF76AF93C48F7F795FF0A2050
:10540000EEF764F93848F1F7ACFD0B20EEF75EF9E2
:105410004248FFF7ADF90C20EEF758F9EEF77AF9AC
:105420000E20EEF753F92F48FBF70AFC0F20EEF79A
:105430004DF93B48FEF76EFC2E4890F8F90028B174
:105440000D20EEF743F92C48F0F70EF835480068C8
:10545000401C344908601D48F9F76EFD324909685F
:10546000401AB0F57A7F30D32F48006800F57A7083
:105470002D490860002426E02C48006800F51570CE
:1054800050F8241029480068FC3040F8241000210E
:105490002648006800F5157040F82410234800687D
:1054A000FC3050F824202148006800F56B7050F85B
:1054B00024100648F9F71EFD1C49096801F56B71B7
:1054C00041F82400641C562CD6DB4BE7C0160020A4
:1054D000101700204418002058270020B01D00207D
:1054E000C83D0020601D0020F0190020F830002089
:1054F000B0120020F03D0020043F00203C040020BA
:10550000EC1B00204C270020D03C0020301900204C
:10551000E2190020D41900201C1D0020C80400201E
:105520009004002034040020480400208804002057
:105530000246002000E0401C8842FCDB704700006F
:105540002DE9F04188B004460D465A4890F8DC0039
:1055500001286ED1574890F8DA0000286BD000BFC0
:10556000142255A103A8EBF7A1F8584800788DF84C
:105570001C0056480088010A8DF81D105348006829
:10558000010C8DF81E1051480068010E8DF81F1097
:105590004E48006820B94E48F9F7CEFC4D490860E6
:1055A00042F2107101A8EDF749FC04E001A8EDF703
:1055B00033FC00B10BE003A81423002200904648FE
:1055C000018846480088FFF7FDFB6428EED000BF45
:1055D00001A8EDF721FC20B10120364981F8F8003F
:1055E00003E00020334981F8F80038480068401C87
:1055F0003649086008460068D0B1084600684FF494
:10560000FA71B0FBF1F201FB120088B93048F9F7EA
:1056100093FC33490860084600682E490968401A1F
:105620002449C1F8F4002A48F9F786FC29490860A2
:1056300096E731E0FFE72648F9F77EFC074642F29D
:10564000107106A8EDF7FAFB4FF0010806E006A876
:10565000EDF7E2FB10B14FF000080AE02B46002204
:105660001D48009401881D480088FFF7ABFB6428A3
:10567000EDD000BFB8F1000F01D1012000E0002003
:105680000C4981F8F8001248F9F756FC0646F01B61
:105690000849C1F8F4000AE0124A1288521C91B27B
:1056A000044AB2F8EC0023462A46FFF7E0FB08B0B4
:1056B000BDE8F081F03D00203031323334353637EB
:1056C000383941424344454600000000D0120020D2
:1056D000C0160020D4120020CA120020C8120020D8
:1056E000D8120020C612002021F00042A2F1605220
:1056F000B2F5801F01F0004328BFD2F17F6C0BD9B7
:105700005FEA001C43EAC20242EB507018BF7047C8
:1057100028BF20F001007047B2F5801FBCBF1846BB
:1057200070474FEA410C1CF5001F02D2084600F0FA
:1057300098BF70B500F056FB00000089FFF7F6BF78
:105740004FF00040A0F580007047000010B591EACE
:10575000030F48BF83F0004300F1E283841A71EB2A
:10576000030C05D2121943EB0C03001B61EB0C0177
:10577000DFF824E14FEA1154A4EB135C1EEA430F57
:1057800018BF9EEA445F73D023EA0E03DCF1200EBB
:1057900021EA045143F4801332D322FA0CFE10EBB9
:1057A0000E0023FA0CFE41EB0E01CCF1200E03FAA1
:1057B0000EFE10EB0E0051F10001B1F5801FCCF18F
:1057C000200E32D201EB045112FA0EF2BDE8104065
:1057D00058BF7047401C38BF5FEA420218BF70478D
:1057E000002814BF20F0010041F100014FEA4103FD
:1057F00013F5001F38BF7047A1F1C04100F040BB56
:10580000012A43EB0302ACF1200CDCF11F0E32BF86
:105810004FF0000E23FA0CF310EB030041EB0451A0
:10582000B4EB115FD0D0A1EB045101F58011490810
:105830005FEA300001EB04510ED350F1000038BF95
:1058400012FA0EFE08D1BDE81040C9E7401C38BF6F
:105850005FEA4202CAD1C3E7BDE810404FEA410304
:1058600013F5001F38BF7047A1F1C04100F008BB1D
:105870009EEA445F08D011EA5E0FBDE8104004BF05
:1058800001F0004100207047BDE8104070B500F005
:10589000A9FA00BF64FBBE3E0000E0FF491058BFFC
:1058A000C1F140415B1058BFC3F140438B42EFF35D
:1058B000008070472DE9C04130B4DFF8A0C23CEA57
:1058C000111418BF3CEA131400F0EC8081EA0305C0
:1058D0001CEA111444EAD57418BF1CEA131500F031
:1058E000C780A4EB05044FF0004545EAC12145EA15
:1058F000C32341EA505143EA525304F17F74994261
:1059000004F500344FEAC0204FEAC22208BF90429B
:1059100000F09C804FEA13650FF24016765D4FEA67
:10592000134506FB05F7C7F1807706FB07F74FEA3B
:10593000D737A7FB03687642C8F58038A7FB06CEA9
:1059400038BFA8F1010807FB08E64FF0000EA6FBE0
:10595000028CE6FB03CEDCF1000CCEF1004E38BF2A
:10596000AEF1010EA6FB0C584FF000074FF00005FA
:10597000E6FB0E87A1FB08C6A0FB07CE16EB0E06C2
:1059800045F10005E1FB076515F1E04E7EBFA4F58A
:1059900080345FEA46066D4116F1800745F1000547
:1059A0004FEA17274FEA066647EA0567A6F1DE4683
:1059B000B6F1805F4FEA15251FD9384624F0010C57
:1059C00005EBC471BCF1FE6F01EB0C1102D8F0BC09
:1059D000BDE8008124425CBF01F5801E9EEAC47FC1
:1059E00002D4F0BCBDE80081244238D4F0BCA1F15F
:1059F000C041BDE8004100F043BA4FEAD22242EA7A
:105A000043524FEAD323A7FB02864FEAD02040EA55
:105A1000415007FB03661EEA0E0F4FEAD12105FB3A
:105A2000026658BFA6EB0056B6EB00564FEA520E80
:105A30004EEAC37E18EB0E0E56EB530EBDD518EB97
:105A400002085E417F1C55F10005B6E74FF4801552
:105A50004FF000074FF000064FF00008ADE7F0BC34
:105A60004FF0000001F1C04101F00041BDE80081AC
:105A700011EA0C1F0CEA131500D00CE013EA0C1FFE
:105A800000F025804FF00000F0BC81EA030101F036
:105A90000041BDE80081F0BCBDE8004181EA03019E
:105AA00000F0EEB9F0BCBDE8004170B500F09AF925
:105AB000097EFC3E00F007B881EA03014FF00000C8
:105AC00001F00041704781EA030100F0D9B9F0BC50
:105AD000BDE800414FF0000021497047FFFDFBF990
:105AE000F7F5F4F2F0EEEDEBE9E8E6E4E3E1E0DE11
:105AF000DDDBDAD8D7D5D4D3D1D0CFCDCCCBCAC883
:105B0000C7C6C5C4C2C1C0BFBEBDBCBBBAB9B8B7A9
:105B1000B6B5B4B3B2B1B0AFAEADACABAAA9A8A89C
:105B2000A7A6A5A4A3A3A2A1A09F9F9E9D9C9C9B6A
:105B30009A99999897979695959493939291919015
:105B40008F8F8E8E8D8C8C8B8B8A898988888787A6
:105B50008685858484838382828181800000FF071B
:105B60000000F87F4FEA41034FEA5353A3F58063E7
:105B7000D3F11E03C8BFD3F1210C0CDD4FF000425E
:105B800042EAC12242EA505232FA03FC8CEAE17C3A
:105B9000ACEBE1707047102BC4BF0020704703F5D9
:105BA000787CBCF1FF3F04D06FF0004282EA210014
:105BB000704770B500F016F94992248000207047B4
:105BC000F2E710F0004248BF4042B0FA80F310FA0A
:105BD00003F10AD0C3F11D0303F580634FEA41507E
:105BE00002EB035202EBD12170474FF000007047E7
:105BF000B0FA80F310FA03F10AD0C3F11D0303F5E4
:105C000080634FEA41504FEA035202EBD1217047C3
:105C10004FF000007047000051EA030C17D41CF548
:105C2000801F58BFBCF5801F00F10680994218BF45
:105C3000704708BF9042704707D711F5801F58BFC3
:105C400013F5801F19D499427047894270471CF59B
:105C5000801F08D5BCF5801FF7D58B4218BF704751
:105C600008BF824270474FF4001C1CEB410F38BF45
:105C70001CEB430F01D28B42704770B500F0B2F8B5
:105C8000922449004FF000514FF08053FFF706BEB9
:105C9000DFF848C170B51CEA111E1EBF1CEA1315BF
:105CA0009EEA0C0F95EA0C0F00F06F8081EA030466
:105CB00023EA4C134EEAD47E21EA4C1141F48011C0
:105CC00043F48013AE44A1FB024CA0FB0365AEF18C
:105CD0007F7E361955EB0C05A1FB034C4CF10003FC
:105CE000A0FB021C16EB0C06654153F100030942B0
:105CF00018BF46F0010613F4007F0BD14FEA0331C1
:105D00004FEA0530340341EA155140EA16506FF06E
:105D100003020AE04FEAC3214FEAC520F40241EA38
:105D2000555140EA56506FF0020202EB2E4201EB51
:105D3000025585EACE710AD05FEA440C18BF24F000
:105D4000004450F1000041F1000120EAD47040F21B
:105D5000FE7C624500D270BDA84214BF4FF0804463
:105D60004FF04044002E08BF0024BEF1806FA8BF52
:105D7000A1F1C041BDE8704080F282804FF0000088
:105D800001F1C04101F0004170479EEA0C0F0CEA9E
:105D9000131518BF95EA0C0F06D04FF0000081EAEA
:105DA000030E0EF0004170BD00F01CF88900013EAA
:105DB00000F007B800F009B84FEA430C5FEA5C5CFA
:105DC00008D081EA030100F05BB84FEA410C5FEABA
:105DD0005C5CF6D14FF00000014970470000FF07FE
:105DE0000000F87F0EF1020E2EF0030E5EF8046B39
:105DF000364205D4012A43EB030515F5001F12D8DE
:105E0000012841EB010C1CF5001F0CD80ED14FEA04
:105E1000D17C15F5001F0CEB4C0C0CF1020C08BFEB
:105E20004CEBD37C04E04FF0080C01E04FEAD37C4C
:105E30000CEB4C0526FA05F606F00706B6F1040C45
:105E400006D20EEB860CBDE870404CF0010C6047AA
:105E5000DFE80CF0090B02024FF000414FF00000A8
:105E6000A1F5002170BD19461046012851EB01042F
:105E700018BFD4F5001484BF002001F0004170BDAC
:105E80000808A0F500114FEA3101704753EA010CF0
:105E900017D41CF5801F58BFBCF5801F00F1068089
:105EA0008B4218BF704708BF8242704707D713F56F
:105EB000801F58BF11F5801F19D48B4270479B4239
:105EC00070471CF5801F08D5BCF5801FF7D5994297
:105ED00018BF704708BF904270474FF4001C1CEB7E
:105EE000430F38BF1CEB410F01D2994270470FB4EA
:105EF0000CBC03BCFFF7C1BE91EA030F10B581F0E3
:105F000000413FF52BAC83F0004300F009B80000DE
:105F100010B591EA030F48BF83F000433FF51EAC74
:105F2000841A71EB030C07D212198CF0004C43EB6E
:105F30000C03001B61EB0C01DFF8A4E14FEA1154E4
:105F4000A4EB135C1EEA430F18BF9EEA445F00F007
:105F5000B08023EA6E03524221EA0451C3EB6E0380
:105F600038BF5B1EDCF1200E25D322FA0CFE10EBAD
:105F70000E0043FA0CFE41EB0E01CCF1200E03FAA9
:105F80000EFE10EB0E0051F10001CCF1200E29D4D1
:105F900012FA0EF201EB0451BDE8104058BF7047F1
:105FA000401C1CBFB2F1004F704700280CBF491CB9
:105FB00020F00100704712EB020E43EB030218BF02
:105FC0004FF0010E4EEA4202ACF1200CDCF11E0E45
:105FD00054D943FA0CFE10EB0E0051F1FF31CCF115
:105FE0001E0ED5D50EF1010E12FA0EFE404141EB08
:105FF000010101EB445C5FEA5C5C10D910EBDE70E0
:1060000001EB045138BFBEF1004FBDE8104018BF8E
:10601000704700280CBF491C20F00100704730D2A7
:106020004FEAD42C11F5001124F400641BD0B1FA0E
:1060300081F20B3AA41AA41ED2F12003914030FA47
:1060400003F31943904001EBCC71002C01EB045198
:10605000BDE81040A8BF704701F1C0414FF00000FB
:1060600001F000417047B0FA80F310FA03F100D15B
:1060700010BDE41A173C4805C90AE4E701EB0451D6
:1060800010BD491001EB0451BDE810404FEA30004B
:1060900002E04FF0000170474A0008BF0042F8D00C
:1060A000B2F5001F28BF704701F000414FF000001B
:1060B00070479EEA445F07D011EA5E0FBDE81040CA
:1060C00004BF002100207047BDE8104070B5FFF705
:1060D00089FE00BF40DFF63E83F000411046704766
:1060E0000000E0FF43004FEAD30C4FEA3C0C434072
:1060F0001FBF40070CF1605113F0FE4F70471CF0BA
:10610000006F03D100200CF0004170470CF00043F9
:1061100043EA507010B540EACC0000F05CFA00BFD2
:10612000000000924FEA0001FFF7AABE4FF00041C5
:106130004FF00000A1F500217047000090EA010F28
:1061400048BF81F0004100F1D482421A3CBF801A5E
:1061500089184FEAD0524FF07F4C1CEA410FA2EB56
:10616000D15318BF9CEA026F00F03B804FF0004C07
:106170004CEA00204CEA012121FA03FC10EB0C0C44
:106180001ED202F1FF325FEA1C2040EBC25038BF42
:1061900070471CF07F0F4FEA400C18BFBCF17F4FD7
:1061A00038BF7047C3F12003994008BF20F00100B9
:1061B000BCF17F4F38BF7047A0F1C04000F051BA2A
:1061C0004FEA3C00000A40EBC25028BF1CF0FF0F12
:1061D0004FEA400CE6D018BFBCF17F4F38BF704784
:1061E000EAE79CEA026F05D010EA5C0F08BF00F0F6
:1061F0000040704710B500F0EEF900BF64FBBE3EF2
:10620000401058BFC0F14040491058BFC1F1404153
:106210008142EFF3008070474FF47F0C1CEAD012EC
:106220001EBF1CEAD11392EA0C0F93EA0C0F00F088
:10623000858090EA010F48BF42F4807240F4000C60
:1062400041F400002CF07F4120F07F4000B58142F6
:10625000A2EB03020FF2081CACEB504EC0F10000A1
:106260009EF800E04FEA4E0E00FB0EFC38BF4900DE
:106270004FEA2C1C02F5FA020CFB0EF34FEACE1E7D
:106280004FEA112C4FEAC1210EEB635E42EB224232
:106290000EFB0CFC4FEA1C5300FB03114FEA112CC0
:1062A0004FEA01310EFB0CFC4FEADC4C00FB0C11F9
:1062B000C14228BF09184CEB03335DF804EB10EB27
:1062C000410143EBC250B2F57C0F38BF704729D56E
:1062D00012F0F00F1CBF00F1C04000F0004070470A
:1062E000008182838485868788898B8C8D8E8F91AF
:1062F0009293959697999A9C9D9FA0A2A3A5A7A8D3
:10630000AAACAEB0B2B3B5B7B9BCBEC0C2C5C7C9FE
:10631000CCCED1D4D7D9DCDFE2E6E9ECF0F3F7FA62
:10632000FE0000004FEA400C0CF1807CBCF17E4F77
:1063300028BF7047B0F1C04000F093B990EA010F58
:106340000CEAD11348BF42F48072624538BF6345FE
:1063500007D213F47F0F16D080EA010000F000404E
:10636000704710B500F037F9097EFC3E00F005B823
:1063700080EA010000F00040704780EA010000F070
:10638000004000F06EB912F47F0F04BF024870475E
:1063900080EA010000F065B90000C07F41000B0EEB
:1063A000D3F19E0208D950F400034FEA032323FAE5
:1063B00002F048BF4042704710B500F00CF900BF32
:1063C00049922480002070476FF0004282EA20004A
:1063D00070470000C10DD1F19E0206DB4FEA002399
:1063E00043F0004323FA02F07047004207D54FEA1A
:1063F0004001B1F1FE4F02D24FF00000704710B5DE
:1064000000F0E9F849922480002070476FEA2000EC
:106410007047000010F0004148BF4042B0FA80F3DE
:1064200010FA03F2C3F19D030BD051EAC35101EB03
:106430001220530638BF704700F1010008BF20F05A
:1064400001007047B0FA80F310FA03F2C3F19D0324
:106450000AD0D90501EB1220530638BF704700F16E
:10646000010008BF20F001007047000050EA010C55
:1064700000F113801CF5000F58BFBCF5000F01D4CC
:106480008842704707D710F5000F58BF11F5000F6D
:1064900015D488427047894270471CF5000F04D517
:1064A000BCF5000FF7D5814270474FF0807C1CEBA4
:1064B000400F38BF1CEB410F01D28142704710B52D
:1064C00000F089F8922449004FF000504FF08051BD
:1064D000FFF796BE4FF47F0C1CEAD0121EBF1CEAD9
:1064E000D11392EA0C0F93EA0C0F00F0478090EA68
:1064F000010F48BF42F480724FF0004C4CEA00207C
:106500004CEA012102EB0302A0FB0113A2F50002F9
:10651000002918BF43F001035B0028BF4FEA330393
:1065200042EB22425FEA132C4CEBC2502EBFBCEB75
:10653000436FB2F57C0F70474FEA036CBCF1004F1C
:1065400008BF20F00100B2F57C0F38BF70470BD5B3
:1065500082F0FF0212F5803FC8BF704700F1C040D3
:10656000D8BF00F00040704700F5000C5FEA4C0C0B
:1065700048BF7047B0F1C04000F073B890EA010F17
:106580000CEAD11348BF42F48072624538BF6345BC
:1065900004D280EA010000F00040704710B500F01E
:1065A0001AF800BF8900013E00F007B800F009B8F2
:1065B0005FEA410C5FEA1C6C08D080EA010000F041
:1065C00050B85FEA400C5FEA1C6CF6D14FF0004017
:1065D000A0F5800070470EF1020E2EF0030E5EF85B
:1065E000044B244204D44FEA4102B2F17F4F11D848
:1065F0004FEA4003B3F17F4F0CD80ED14FEAD07C65
:10660000B2F17F4F0CEB4C0C0CF1020C08BF4CEBC1
:10661000D17C04E04FF0080C01E04FEAD17C0CEB98
:106620004C0324FA03F404F00704B4F1040C06D27A
:106630000EEB840CBDE810404CF0010C6047DFE825
:106640000CF0070802024FF00040A0F5800010BDDA
:106650000846420018BFD2F1807288BF00F00040A7
:1066600010BDFF2141EAD050C005704751EA000C2F
:1066700000F113801CF5000F58BFBCF5000F01D4CA
:106680008142704707D711F5000F58BF10F5000F72
:1066900015D481427047894270471CF5000F04D51C
:1066A000BCF5000FF7D5884270474FF0807C1CEB9B
:1066B000410F38BF1CEB400F01D28842704780EA7F
:1066C000010081EA000180EA0100FFF7F8BE80F0D6
:1066D000004090EA010F7FF538AD81F0004100F0F5
:1066E00008B8000090EA010F48BF81F000413FF573
:1066F0002CAD421A04D882F00042A0EB02001144F3
:106700004FEAD0524FF07F4C1CEA410FA2EBD1531D
:1067100018BF9CEA026F4AD04FF0004C4CEA0020B0
:106720004CEA012121FA03FCB0EB0C0C0FD412F05F
:10673000FE0F36D05FEA4C001DD5001240EBC25070
:1067400038BF70471CF03F0F18BF70470BE0A2F135
:1067500001025FEA1C2040EBC25038BF70471CF0BA
:106760007F0F18BF7047C3F12003994014BF401E2C
:1067700020F00100704780084FEA122308BF7047DD
:10678000B0FA80FCA2EB0C02CCF1280C60FA0CF001
:1067900093EA122F04BF00EBC25070474FEAC37058
:1067A0007047130A5FEADC1008BF7047F6E79CEAFF
:1067B000026F04D010EA5C0F08BF0020704710B5CC
:1067C000FFF709FF40DFF63E81F000407047000010
:1067D000060400006F040000DF04000057050000FD
:1067E000D70500005E060000EC06000082070000EE
:1067F000D007000020080000C50800007109000053
:10680000250A0000E10A0000A40B00006E0C000045
:10681000400D0000170E0000E90E000039000000D6
:10682000587603083B000000AC7603083D000000EA
:10683000007703083F000000547703084100000080
:10684000A87703083A000000307603083C000000F7
:10685000847603083E000000D8760308400000005C
:106860002C77030842000000807703084F000000E7
:106870000070030851000000247103085300000059
:1068800048720308550000006C73030857000000AD
:106890007474030850000000E46F03085200000005
:1068A00008710308540000002C7203085600000011
:1068B0005073030858000000587403085B00000080
:1068C000E07903085D000000807903085E000000A5
:1068D0006479030845000000387003084700000091
:1068E0005C71030849000000807203084B0000003F
:1068F000A47303084D000000AC74030846000000B8
:106900001C70030848000000407103084A000000A2
:10691000647203084C000000887303084E000000F6
:106920009074030835000000DC780308360000008E
:10693000FC7803082D000000207803082E000000DA
:1069400048780308370000009478030838000000F6
:10695000B878030828000000EC7503080100000067
:106960004479030802000000447903080D00000088
:106970007C7503081D000000B879030810000000B2
:106980008875030824000000207903081B0000001C
:10699000547503081C000000687503080A00000015
:1069A000FC74030811000000CC75030816000000F9
:1069B000AC750308090000000C7603080400000011
:1069C000D477030803000000707803080500000076
:1069D000F87703080F000000407503080C00000062
:1069E0002C7503080E0000001C7603085F000000F1
:1069F000547003086000000070700308610000001C
:106A000078710308620000009471030863000000BD
:106A10009C72030864000000B8720308650000005F
:106A2000C073030866000000DC7303086700000001
:106A30009C790308680000005079030839000000C1
:106A4000C47C03083B000000647D03083D00000097
:106A5000047E03083F000000A47E030841000000FC
:106A6000447F03083A000000F47C03083C00000067
:106A7000947D03083E000000347E030840000000BF
:106A8000D47E030842000000747F03084F0000001A
:106A90009C7C0308510000003C7D0308530000006B
:106AA000DC7D0308550000007C7E030857000000D1
:106AB0001C7F0308500000007C7C0308520000008B
:106AC0001C7D030854000000BC7D03085600000034
:106AD0005C7E030858000000FC7E03085B00000099
:106AE000A47B03085D000000BC7B03085E0000007F
:106AF000E87B030845000000907003084700000091
:106B0000B471030849000000D87203084B0000006C
:106B1000FC7303084D000000C87403084600000021
:106B2000AC70030848000000D07103084A00000060
:106B3000F47203084C000000187403084E000000B3
:106B4000E474030835000000687A0308360000008A
:106B5000847A03082D000000407A03082E0000000C
:106B6000147A0308370000009C7F030838000000F7
:106B7000C87F030828000000107C03080100000003
:106B80006080030802000000788003080D00000008
:106B9000EC8003081D000000847B03081000000047
:106BA0002481030824000000507B03081B00000020
:106BB000008103081C000000107B03080A0000008D
:106BC0002C7C030811000000E47A03081600000082
:106BD000C47A030809000000B07A0308040000002A
:106BE0009C80030803000000F879030805000000FA
:106BF000347B03080F000000008003080C00000035
:106C0000208003080E000000D08003085F00000011
:106C1000C86F030860000000C47003086100000032
:106C2000EC70030862000000E871030863000000D4
:106C300010720308640000000C7303086500000074
:106C40003473030866000000307403086700000016
:106C500040800308680000005C7C0308171F1C1FAD
:106C60001E1F1E1F1F1E1F1E1F0000000001000010
:106C700050830308000300000C8403080005000093
:106C80004483030801000000B484030801010000EC
:106C9000B0830308010200007084030801030000B0
:106CA000DC84030801040000908303080200000054
:106CB0007C830308020100009481030802020000A3
:106CC000CC83030802030000B08103080204000023
:106CD0007483030802050000D48303080206000041
:106CE0009883030802070000488403080208000094
:106CF00054810308020900007481030803000000A6
:106D0000E08103080301000014820308030200006D
:106D100038820308030300005C82030803040000B8
:106D20008082030803050000A48203080306000014
:106D3000C882030803070000EC8203080308000070
:106D4000108303080309000034830308030A0000CA
:106D5000F0810308030B000014820308030C0000F9
:106D600038820308030D00005C820308030E000054
:106D700080820308030F0000A482030803100000B0
:106D8000C882030803110000EC820308031200000C
:106D90001083030803130000348303080314000066
:106DA000F081030803150000CC83030803160000DC
:106DB000D483030803170000C884030803180000E5
:106DC000F084030803190000A8840308031A0000D4
:106DD0008C840308031B00009C840308031C000030
:106DE00098830308031D000090830308031E00001E
:106DF000F0840308031F00006883030803200000D9
:106E0000EC83030803220000288403080323000006
:106E10001C84030803280000CC8103080329000018
:106E200000820308032A000024820308032B0000C9
:106E300048820308032C00006C820308032D000025
:106E400090820308032E0000B4820308032F000081
:106E5000D882030803300000FC82030803310000DD
:106E60002083030803320000E0810308033300009D
:106E7000148203080334000038820308033500003D
:106E80005C82030803360000808203080337000099
:106E9000A482030803380000C882030803390000F5
:106EA000EC820308033A000010830308033B000050
:106EB0003483030804000000608403080401000018
:106EC00060840308040200006084030804030000D7
:106ED00060840308040400006084030804050000C3
:106EE0006084030805000000C0830308050100005A
:106EF00034840308060000005C83030877207820B0
:106F00006F01100265206620F40110025C205D20F4
:106F10007F021002532054200A0310024A204B2003
:106F2000950310026E206F20DC02140002000400A2
:106F3000060008000A000100030005000700090020
:106F40000710081009100A100B100B000C000D00A0
:106F50000E000F0006000700080009000A000100EB
:106F600002000300040005000B000C000D000E00E1
:106F70000F000501050205030504050517011B01A6
:106F8000220223022B032C0306040A045E00303184
:106F90003233343536373839414243444546403040
:106FA00058003031323334353637383961626364F2
:106FB0006566403078000400000800000000000012
:106FC0000002000100001000CEE1F0FBE220E4EE40
:106FD000EF2EE4E0F2F7E8EAE020F2E5ECEF2E2015
:106FE000310000006F70656E2063697263756974AB
:106FF000206F66207468652066616E203100000095
:1070000073686F72742063697263756974206F6648
:10701000207468652066616E203100006F70656EB7
:107020002063697263756974206F662074686520D7
:1070300070756D702031000073686F727420636921
:107040007263756974206F66207468652070756D51
:10705000702031006F70656E20636972632E20614D
:1070600075782074656D702E2073656E7320310005
:1070700073686F727420636972632E206175782063
:1070800074656D702E2073656E73203100000000F2
:10709000CAEEF0EEF2EAEEE520E7E0ECFBEAE0ED26
:1070A000E8E520EFEEECEFFB20310000CEE1F0FB55
:1070B000E220E220F6E5EFE820EFEEECEFFB2031F6
:1070C00000000000EAEEF0EEF2EAEEE520E7E0EC88
:1070D000FBEAE0EDE8E520E4EEEF2EE4E0F2F7E88D
:1070E000EAE020F2E5ECEF2E31000000CEE1F0FB0B
:1070F000E220E4EEEF2EE4E0F2F7E8EAE020F2E549
:10710000ECEF2E20320000006F70656E2063697214
:1071100063756974206F66207468652066616E20EF
:107120003200000073686F7274206369726375695E
:1071300074206F66207468652066616E20320000DE
:107140006F70656E2063697263756974206F662065
:107150007468652070756D702032000073686F72FE
:10716000742063697263756974206F662074686542
:107170002070756D702032006F70656E20636972CB
:10718000632E206175782074656D702E2073656E96
:107190007320320073686F727420636972632E20EB
:1071A0006175782074656D702E2073656E73203262
:1071B00000000000CAEEF0EEF2EAEEE520E7E0ECB7
:1071C000FBEAE0EDE8E520EFEEECEFFB203200001B
:1071D000CEE1F0FBE220E220F6E5EFE820EFEEEC76
:1071E000EFFB203200000000EAEEF0EEF2EAEEE5FE
:1071F00020E7E0ECFBEAE0EDE8E520E4EEEF2EE44A
:10720000E0F2F7E8EAE020F2E5ECEF2E32000000D1
:10721000CEE1F0FBE220E4EEEF2EE4E0F2F7E8EA64
:10722000E020F2E5ECEF2E20330000006F70656E79
:107230002063697263756974206F662074686520C5
:1072400066616E203300000073686F72742063699A
:107250007263756974206F66207468652066616E5C
:10726000203300006F70656E206369726375697406
:10727000206F66207468652070756D702033000083
:1072800073686F72742063697263756974206F66C6
:10729000207468652070756D702033006F70656EA6
:1072A00020636972632E206175782074656D702E7D
:1072B0002073656E7320330073686F727420636986
:1072C00072632E206175782074656D702E20736551
:1072D0006E73203300000000CAEEF0EEF2EAEEE535
:1072E00020E7E0ECFBEAE0EDE8E520EFEEECEFFB79
:1072F00020330000CEE1F0FBE220E220F6E5EFE8EB
:1073000020EFEEECEFFB203300000000EAEEF0EEA1
:10731000F2EAEEE520E7E0ECFBEAE0EDE8E520E468
:10732000EEEF2EE4E0F2F7E8EAE020F2E5ECEF2EF3
:1073300033000000CEE1F0FBE220E4EEEF2EE4E0CB
:10734000F2F7E8EAE020F2E5ECEF2E20340000004E
:107350006F70656E2063697263756974206F662053
:107360007468652066616E203400000073686F7277
:10737000742063697263756974206F662074686530
:107380002066616E203400006F70656E2063697244
:1073900063756974206F66207468652070756D7000
:1073A0002034000073686F727420636972637569BA
:1073B00074206F66207468652070756D70203400CD
:1073C0006F70656E20636972632E2061757820741A
:1073D000656D702E2073656E7320340073686F7254
:1073E0007420636972632E206175782074656D70F6
:1073F0002E2073656E73203400000000CAEEF0EE9C
:10740000F2EAEEE520E7E0ECFBEAE0EDE8E520EF6C
:10741000EEECEFFB20340000CEE1F0FBE220E220B6
:10742000F6E5EFE820EFEEECEFFB20340000000083
:10743000EAEEF0EEF2EAEEE520E7E0ECFBEAE0ED62
:10744000E8E520E4EEEF2EE4E0F2F7E8EAE020F2EF
:10745000E5ECEF2E340000006F70656E20636972FA
:1074600063756974206F66207468652066616E209C
:107470003500000073686F72742063697263756908
:1074800074206F66207468652066616E2035000088
:107490006F70656E2063697263756974206F662012
:1074A0007468652070756D702035000073686F72A8
:1074B000742063697263756974206F6620746865EF
:1074C0002070756D70203500CAEEF0EEF2EAEEE540
:1074D00020E7E0ECFBEAE0EDE8E520EFEEECEFFB87
:1074E00020350000CEE1F0FBE220E220F6E5EFE8F7
:1074F00020EFEEECEFFB20350000000066616E200F
:10750000737065656420646F6573206E6F742063AB
:107510006F72726573706F6E6420746F207468652B
:1075200020646566696E65640000000068696768CC
:1075300020737570706C7920766F6C74616765006C
:107540006C6F7720737570706C7920766F6C7461D6
:107550006765000066616E20646F6573206E6F74EE
:1075600020726F746174650066616E2073656C666D
:107570002D726F746174696F6E0000006E6F206908
:10758000676E6974696F6E00626F64792074656DEF
:10759000702E73656E736F7220646F6573206E6FEB
:1075A0007420636F6F6C20646F776E006F70656E10
:1075B0002063697263756974206F66207468652042
:1075C0006675656C2070756D7000000073686F7271
:1075D000742063697263756974206F6620746865CE
:1075E000206675656C2070756D7000006E6F20638D
:1075F0006F6E6E656374696F6E207769746820744E
:10760000686520686561746572000000676C6F775B
:1076100020706C7567206572726F72007761746597
:10762000722070756D70206572726F7200000000BC
:107630006F70656E2063697263756974206F662070
:10764000746865207A6F6E6520312074656D702EC8
:107650002073656E736F720073686F727420636954
:107660007263756974206F6620746865207A6F6E26
:107670006520312074656D702E2073656E736F7296
:10768000000000006F70656E206369726375697435
:10769000206F6620746865207A6F6E6520322074D2
:1076A000656D702E2073656E736F720073686F72F4
:1076B000742063697263756974206F6620746865ED
:1076C000207A6F6E6520322074656D702E20736590
:1076D0006E736F72000000006F70656E20636972D8
:1076E00063756974206F6620746865207A6F6E65B3
:1076F00020332074656D702E2073656E736F720079
:1077000073686F72742063697263756974206F6641
:1077100020746865207A6F6E6520332074656D7003
:107720002E2073656E736F72000000006F70656EBF
:107730002063697263756974206F662074686520C0
:107740007A6F6E6520342074656D702E2073656EBF
:10775000736F720073686F72742063697263756906
:1077600074206F6620746865207A6F6E65203420FF
:1077700074656D702E2073656E736F72000000006B
:107780006F70656E2063697263756974206F66201F
:10779000746865207A6F6E6520352074656D702E73
:1077A0002073656E736F720073686F727420636903
:1077B0007263756974206F6620746865207A6F6ED5
:1077C0006520352074656D702E2073656E736F7241
:1077D000000000006572726F72206F662074686529
:1077E000206C69717569642074656D702E207365F5
:1077F0006E736F72000000006F70656E20636972B7
:1078000063756974206F662074686520666C616DAD
:10781000652074656D702E2073656E736F72000045
:107820006F70656E2063697263756974206F66207E
:107830007468652074616E6B2074656D702E2073A2
:10784000656E736F7200000073686F7274206369F5
:107850007263756974206F66207468652074616E48
:107860006B2074656D702E2073656E736F720000EF
:107870006572726F72206F6620746865206F76651E
:1078800072686561742074656D702E2073656E7307
:107890006F7200006F70656E206369726375697442
:1078A000206F6620746865206F7574646F6F722036
:1078B00073656E736F72000073686F727420636912
:1078C0007263756974206F6620746865206F7574C3
:1078D000646F6F722073656E736F72006F70656E88
:1078E0002063697263756974206F6620746865200F
:1078F000666C6F772073656E736F720073686F725A
:10790000742063697263756974206F66207468659A
:1079100020666C6F772073656E736F7200000000D5
:107920006F76657268656174696E67206F66207432
:10793000686520666C616D6520696E646963617459
:107940006F7200006F7665726865617400000000F8
:107950005A6F6E652D70756D7020636F6E666C6901
:10796000637400006C6576656C2073656E736F726E
:10797000206F70656E206369726375697400000022
:107980006C6576656C2073656E736F722073686FBB
:107990007274206369726375697400004578746558
:1079A0006E73696F6E20626F617264206C696E6BBA
:1079B000206661756C740000657863656564696E46
:1079C0006720746865206C696D6974206F66206635
:1079D0006C616D6520626C6F776F757400000000DC
:1079E0006C6971756964206C6576656C20746F6F65
:1079F000206C6F7700000000CEF8E8E1EAE020E4B8
:107A0000E0F2F7E8EAE020EFE5F0E5E3F0E5E2E0B8
:107A100000000000CAEEF0EEF2EAEEE520E7E0EC4E
:107A2000FBEAE0EDE8E520E4E0F2F7E8EAE020F246
:107A3000E5ECEFE5F0E0F2F3F0FB20E1E0EAE00056
:107A4000CEE1F0FBE220E220F6E5EFE820E4E0F210
:107A5000F7E8EAE020F2E5ECEFE5F0E0F2F3F0FB26
:107A600020E1E0EAE0000000CEE1F0FBE220E220CD
:107A7000F6E5EFE820E4E0F2F7E8EAE020EFEEF2E6
:107A8000EEEAE000CAEEF0EEF2EAEEE520E7E0EC26
:107A9000FBEAE0EDE8E520E220F6E5EFE820E4E0AF
:107AA000F2F7E8EAE020EFEEF2EEEAE00000000094
:107AB000CEF8E8E2EAE020F1E2E5F7E820EDE0EADE
:107AC000E0EBE000CEE1F0FBE220E220F6E5EFE8BB
:107AD00020F2EEEFEBE8E2EDEEE3EE20EDE0F1EE8A
:107AE000F1E00000CAEEF0EEF2EAEEE520E7E0ECAD
:107AF000FBEAE0EDE8E520E220F6E5EFE820F2EE33
:107B0000EFEBE8E2EDEEE3EE20EDE0F1EEF1E00088
:107B1000D1E0ECEEE2F0E0F9E5EDE8E520EDE0E3C0
:107B2000EDE5F2E0F2E5EBFF20E2EEE7E4F3F5E06D
:107B300000000000CEE1F0EEFBE220E8EDE4E8EA30
:107B4000E0F2EEF0E020EFEBE0ECE5EDE800000025
:107B5000CFE5F0E5E3F0E5E220EFEE20E0E1F1EE45
:107B6000EBFEE8EDEEECF320E7EDE0F7E5EDE8FE07
:107B700020E8EDE4E8EAE0F2EEF0E020EFEBE0EC04
:107B8000E5EDE800CFF0E5E2FBF8E5EDEE20F7E803
:107B9000F1EBEE20F1F0FBE2EEE220EFEBE0ECE5C2
:107BA000EDE80000CDE8E7EAE8E920F3F0EEE2E5F1
:107BB000EDFC20E6E8E4EAEEF1F2E800CAEEF0EED1
:107BC000F2EAEEE520E7E0ECFBEAE0EDE8E520E4B0
:107BD000E0F2F7E8EAE020F3F0EEE2EDFF20E6E87D
:107BE000E4EAEEF1F2E80000CEE1F0FBE220E22070
:107BF000F6E5EFE820E4E0F2F7E8EAE020F3F0EE63
:107C0000E2EDFF20E6E8E4EAEEF1F2E80000000031
:107C1000CDE5F220F1E2FFE7E820F120EFEEE4EE1F
:107C2000E3F0E5E2E0F2E5EBE5EC0000CEE1EEF0BA
:107C3000EEF2FB20EDE0E3EDE5F2E0F2E5EBFF2014
:107C4000EDE520F1EEEEF2E2E5F2F1F2E2F3FEF222
:107C500020E7E0E4E0EDEDFBEC000000CAEEEDF41F
:107C6000EBE8EAF220EDE0F1F2F0EEE9EAE820E7F5
:107C7000EEED20E820EFEEECEF000000CEE1F0FBAF
:107C8000E220E220F6E5EFE820E2E5EDF2E8EBFFA6
:107C9000F2EEF0E0203120E7EEEDFB00CAEEF0EE70
:107CA000F2EAEEE520E7E0ECFBEAE0EDE8E520E2D1
:107CB000E5EDF2E8EBFFF2EEF0203120E7EEEDFB30
:107CC00000000000CAEEF0EEF2EAEEE520E7E0EC9C
:107CD000FBEAE0EDE8E520E4E0F2F7E8EAE020F294
:107CE000E5ECEFE5F0E0F2F3F0FB203120E7EEED1C
:107CF000FB000000CEE1F0FBE220E220F6E5EFE839
:107D000020E4E0F2F7E8EAE020F2E5ECEFE5F0E06D
:107D1000F2F3F0FB203120E7EEEDFB00CEE1F0FBCB
:107D2000E220E220F6E5EFE820E2E5EDF2E8EBFF05
:107D3000F2EEF0E0203220E7EEEDFB00CAEEF0EECE
:107D4000F2EAEEE520E7E0ECFBEAE0EDE8E520E230
:107D5000E5EDF2E8EBFFF2EEF0203220E7EEEDFB8E
:107D600000000000CAEEF0EEF2EAEEE520E7E0ECFB
:107D7000FBEAE0EDE8E520E4E0F2F7E8EAE020F2F3
:107D8000E5ECEFE5F0E0F2F3F0FB203220E7EEED7A
:107D9000FB000000CEE1F0FBE220E220F6E5EFE898
:107DA00020E4E0F2F7E8EAE020F2E5ECEFE5F0E0CD
:107DB000F2F3F0FB203220E7EEEDFB00CEE1F0FB2A
:107DC000E220E220F6E5EFE820E2E5EDF2E8EBFF65
:107DD000F2EEF0E0203320E7EEEDFB00CAEEF0EE2D
:107DE000F2EAEEE520E7E0ECFBEAE0EDE8E520E290
:107DF000E5EDF2E8EBFFF2EEF0203320E7EEEDFBED
:107E000000000000CAEEF0EEF2EAEEE520E7E0EC5A
:107E1000FBEAE0EDE8E520E4E0F2F7E8EAE020F252
:107E2000E5ECEFE5F0E0F2F3F0FB203320E7EEEDD8
:107E3000FB000000CEE1F0FBE220E220F6E5EFE8F7
:107E400020E4E0F2F7E8EAE020F2E5ECEFE5F0E02C
:107E5000F2F3F0FB203320E7EEEDFB00CEE1F0FB88
:107E6000E220E220F6E5EFE820E2E5EDF2E8EBFFC4
:107E7000F2EEF0E0203420E7EEEDFB00CAEEF0EE8B
:107E8000F2EAEEE520E7E0ECFBEAE0EDE8E520E2EF
:107E9000E5EDF2E8EBFFF2EEF0203420E7EEEDFB4B
:107EA00000000000CAEEF0EEF2EAEEE520E7E0ECBA
:107EB000FBEAE0EDE8E520E4E0F2F7E8EAE020F2B2
:107EC000E5ECEFE5F0E0F2F3F0FB203420E7EEED37
:107ED000FB000000CEE1F0FBE220E220F6E5EFE857
:107EE00020E4E0F2F7E8EAE020F2E5ECEFE5F0E08C
:107EF000F2F3F0FB203420E7EEEDFB00CEE1F0FBE7
:107F0000E220E220F6E5EFE820E2E5EDF2E8EBFF23
:107F1000F2EEF0E0203520E7EEEDFB00CAEEF0EEE9
:107F2000F2EAEEE520E7E0ECFBEAE0EDE8E520E24E
:107F3000E5EDF2E8EBFFF2EEF0203520E7EEEDFBA9
:107F400000000000CAEEF0EEF2EAEEE520E7E0EC19
:107F5000FBEAE0EDE8E520E4E0F2F7E8EAE020F211
:107F6000E5ECEFE5F0E0F2F3F0FB203520E7EEED95
:107F7000FB000000CEE1F0FBE220E220F6E5EFE8B6
:107F800020E4E0F2F7E8EAE020F2E5ECEFE5F0E0EB
:107F9000F2F3F0FB203520E7EEEDFB00CEE1F0FB45
:107FA000E220E220F6E5EFE820E4E0F2F7E8EAE09C
:107FB00020E2EDE5F8EDE5E920F2E5ECEFE5F0E0B3
:107FC000F2F3F0FB00000000CAEEF0EEF2EAEEE59C
:107FD00020E7E0ECFBEAE0EDE8E520E220F6E5EF63
:107FE000E820E4E0F2F7E8EAE020E2EDE5F8EDE58C
:107FF000E920F2E5ECEFE5F0E0F2F3F0FB00000041
:10800000CFEEEDE8E6E5EDEDEEE520EDE0EFF0FF9B
:10801000E6E5EDE8E520EFE8F2E0EDE8FF0000003E
:10802000CFEEE2FBF8E5EDEDEEE520EDE0EFF0FF61
:10803000E6E5EDE8E520EFE8F2E0EDE8FF0000001E
:10804000CDE5F220F1E2FFE7E820F120EFEBE0F2EE
:10805000EEE920F0E0F1F8E8F0E5EDE8FF000000DF
:10806000CFE5F0E5E3F0E5E220EFEEE4EEE3F0E566
:10807000E2E0F2E5EBFF0000C2EEE7ECEEE6EDFB3E
:10808000E920EFE5F0E5E3F0E5E220EFEEE4EEE3F2
:10809000F0E5E2E0F2E5EBFF00000000CEF8E8E1F9
:1080A000EAE020E4E0F2F7E8EAE020F2E5ECEFE5D0
:1080B000F0E0F2F3F0FB20E6E8E4EAEEF1F2E8208B
:1080C000EFEEE4EEE3F0E5E2E0F2E5EBFF000000C6
:1080D000CEF8E8E1EAE020EFEEECEFFB20EFEEE493
:1080E000EEE3F0E5E2E0F2E5EBFF0000D0EEE7E6DC
:1080F000E8E320EDE520F3E4E0EBF1FF0000000011
:10810000CDE0E3EDE5F2E0F2E5EBFC20E2EEE7E4C2
:10811000F3F5E020EDE520E2F0E0F9E0E5F2F1FF33
:1081200000000000C4E0F2F7E8EA20F2E5ECEFE539
:10813000F0E0F2F3F0FB20EAEEF0EFF3F1E020EDF7
:10814000E520ECEEE6E5F220EEF5EBE0E4E8F2FC0B
:10815000F1FF000049676E6974696F6E2031202855
:10816000616C7465726E2E206379636C6F677261E7
:108170006D29000049676E6974696F6E203220288E
:10818000616C7465726E2E206379636C6F677261C7
:108190006D29000049676E6974696F6E203120286F
:1081A0006D61696E206379636C6F6772616D290020
:1081B00049676E6974696F6E203220286D61696E3F
:1081C000206379636C6F6772616D290056656E7408
:1081D000696C6174696F6E206C6576656C20300027
:1081E000506F776572206C6576656C2030000000FA
:1081F000506F776572206C6576656C2031300000B9
:1082000056656E74696C6174696F6E206C65766515
:108210006C203100506F776572206C6576656C203C
:108220003100000056656E74696C6174696F6E2070
:108230006C6576656C203200506F776572206C65D6
:1082400076656C203200000056656E74696C61744E
:10825000696F6E206C6576656C203300506F7765B2
:1082600072206C6576656C203300000056656E7474
:10827000696C6174696F6E206C6576656C20340082
:10828000506F776572206C6576656C203400000055
:1082900056656E74696C6174696F6E206C65766585
:1082A0006C203500506F776572206C6576656C20A8
:1082B0003500000056656E74696C6174696F6E20DC
:1082C0006C6576656C203600506F776572206C6542
:1082D00076656C203600000056656E74696C6174BA
:1082E000696F6E206C6576656C203700506F77651E
:1082F00072206C6576656C203700000056656E74E0
:10830000696C6174696F6E206C6576656C203800ED
:10831000506F776572206C6576656C2038000000C0
:1083200056656E74696C6174696F6E206C657665F4
:108330006C203900506F776572206C6576656C2013
:1083400039000000536176696E67206461746100D2
:1083500057616974696E6720636D64004D616E7565
:10836000616C206D6F646500426F6F7374206D6F78
:108370006465000048656174696E6700476C6F77DB
:1083800020706C75672068656174696E6700000015
:1083900057616974696E6700426C6F77696E672018
:1083A0006265666F72652077616974696E67000047
:1083B00046616E207374617274696E67000000001C
:1083C0005043422074657374696E6700426C6F7726
:1083D000696E6700426C6F77696E67206F6E20660A
:1083E0006C616D6520627265616B000049676E2E7D
:1083F00020627920707265732E2061667465722028
:10840000666C616D6520627265616B00426C6F77AE
:10841000206F6E20707772206F6E000056656E744C
:10842000696C6174696F6E0043616C69627261743A
:10843000696F6E004D6F746F722063616C69627258
:108440006174696F6E000000507265706172696ED0
:108450006720666F722069676E6974696F6E0000CD
:108460005368757474696E6720646F776E000000DE
:1084700057616974696E6720666F72207468652041
:1084800074656D702E2064726F7000004D696464B5
:108490006C6520706F77657200000000486967683E
:1084A00020706F77657200004C6F7720706F776572
:1084B00072000000496E697469616C2064696167CB
:1084C0006E6F737469637300426C6F77696E6720B7
:1084D0006F6E206F7665726865617400426C6F77AD
:1084E000696E67206F6E2073746172740000000003
:1084F00057617465722070756D70206F6E6C7900B5
:108500005455300049443100544431004843555FCC
:1085100054454D505F53484946543100545531003D
:1085200049443200544432004843555F54454D504D
:108530005F53484946543200545532004944330091
:10854000544433004843555F54454D505F534849A8
:108550004654330054553300544434004843555F67
:1085600054454D505F5348494654340054553400E7
:10857000544435004843555F54454D505F53484976
:108580004654350054553500544436005455360091
:10859000544437004843555F554E444552464C4F6E
:1085A0004F525F48454154494E475F434F4E4E45F9
:1085B00043544544000000004843555F454E474939
:1085C0004E455F505245484541545F434F4E4E45DE
:1085D000435445440000000046414E5F4D414E5516
:1085E000414C5F4D4F4445005041525F4845415416
:1085F00045525F45434F5F4D4F4445004843555FEB
:1086000054414E4B5F49474E4954494F4E5F535476
:108610004F524147450000004843555F454C454D8A
:10862000454E545F49474E4954494F4E5F53544F4E
:1086300052414745000000004843555F54414E4BAE
:108640005F534554504F494E545F53544F52414726
:10865000450000004843555F454C454D454E545F2D
:10866000534554504F494E545F53544F5241474520
:10867000000000005A4F4E45315F454E41424C4587
:10868000000000005A4F4E45325F454E41424C4576
:10869000000000005A4F4E45335F454E41424C4565
:1086A000000000005A4F4E45345F454E41424C4554
:1086B000000000005A4F4E45355F454E41424C4543
:1086C0000000000046414E535F50574D5F434F52EC
:1086D000524543545F54494D4500000044574154AE
:1086E00045525F504155534500000000454C454DF3
:1086F000454E545F44495341424C494E47000000A7
:10870000454D454752454E43595F53574954434899
:108710005F4348414E4E454C000000004D494E5FBE
:108720004C49515549445F4C4556454C00000000AA
:1087300046414E315F50574D5F4C494D000000009F
:1087400046414E325F50574D5F4C494D000000008E
:1087500046414E335F50574D5F4C494D000000007D
:1087600046414E345F50574D5F4C494D000000006C
:1087700046414E355F50574D5F4C494D000000005B
:108780005A4F4E45315F50554D505F4E554D00008C
:108790005A4F4E45325F50554D505F4E554D00007B
:1087A0005A4F4E45335F50554D505F4E554D00006A
:1087B0005A4F4E45345F50554D505F4E554D000059
:1087C0005A4F4E45355F50554D505F4E554D000048
:1087D0005A4F4E45315F45585452415F50554D50A8
:1087E0005F4E554D000000005A4F4E45325F4558D0
:1087F0005452415F50554D505F4E554D00000000A2
:108800005A4F4E45335F45585452415F50554D5075
:108810005F4E554D000000005A4F4E45345F45589D
:108820005452415F50554D505F4E554D0000000071
:108830005A4F4E45355F45585452415F50554D5043
:108840005F4E554D000000005041525F4D41494E72
:108850005F4255524E45525F4E554D004843555F5D
:10886000454E47494E455F505245484541545F4447
:1088700055524154494F4E004845415445525F4C72
:1088800049515549445F49474E4954494F4E0000AC
:108890004843555F54414E4B5F49474E4954494FF9
:1088A0004E0000004843555F454C454D454E545FD2
:1088B0004F4E00004D414E55414C5F484F545F575D
:1088C00041544552000000004843555F554E444511
:1088D00052464C4F4F525F48454154494E475F48BE
:1088E0005953544552455349530000004843555F7E
:1088F000444546524F5354494E475F485953544597
:108900005245534953000000434845434B494E47A5
:108910005F5A4F4E455F46414E53000043414E5F04
:1089200041444452455353004845415445525F4CDD
:1089300049515549445F49474E4954494F4E5F5349
:10894000000000004843555F54414E4B5F49474E7D
:108950004954494F4E5F53004843555F54414E4B75
:108960005F49474E5F4E494748545F53000000003F
:108970004845415445525F4C49515549445F534520
:1089800054504F494E545F53000000004843555F18
:1089900054414E4B5F534554504F494E545F530022
:1089A0004845415445525F4C49515549445F4947F8
:1089B0004E4954494F4E5F44575F53004843555FFB
:1089C00054414E4B5F49474E4954494F4E5F4457BF
:1089D0005F5300004845415445525F50554D505F2C
:1089E0005748494C455F454E47494E455F484541CC
:1089F000540000004D41585F4241434B4C494748A9
:108A0000540000004843555F54414E4B5F49474E68
:108A10005F4E4947485400004845415445525F3134
:108A20005F504F5745525F4C494D4954000000007C
:108A30004845415445525F325F504F5745525F4C55
:108A4000494D4954000000004845415445525F33A8
:108A50005F504F5745525F4C494D4954000000004C
:108A60004845415445525F345F504F5745525F4C23
:108A7000494D4954000000004845415445525F3576
:108A80005F504F5745525F4C494D4954000000001C
:108A90004845415445525F365F504F5745525F4CF1
:108AA000494D4954000000004845415445525F3744
:108AB0005F504F5745525F4C494D495400000000EC
:108AC00050554D505F4F4E5F454C454D454E5400FF
:108AD0004845415445525F4C49515549445F5345BF
:108AE00054504F494E5400004843555F554E44453D
:108AF00052464C4F4F525F48454154494E475F5391
:108B00004554504F494E54004843555F44454652E2
:108B10004F5354494E475F534554504F494E5400AC
:108B20004843555F54414E4B5F534554504F494E57
:108B3000540000004843555F454E47494E455F503D
:108B40005245484541545F534554504F494E540097
:108B50004843555F454C454D454E545F5345545031
:108B60004F494E540000000046414E535F44545F4D
:108B700053544152540000004845415445525F4C03
:108B800049515549445F49474E4954494F4E5F4406
:108B9000570000004843555F54414E4B5F49474ED4
:108BA0004954494F4E5F4457000000004843555F09
:108BB000454C454D454E545F4F4E5F4457000000B5
:108BC0004457415445525F5052494F5249545900FD
:108BD000488C030800040020F00E0000C0010208C9
:108BE00014910308F0120020004200001C02020849
:108BF0004DBDFFFF09BDFFFF55BDFFFF59BCFFFF86
:108C000035BCFFFF21BCFFFFE5BCFFFF39BCFFFF08
:108C1000F5BBFFFF89BCFFFFF5BCFFFF01BDFFFFF8
:108C20000DBDFFFF69BCFFFF35BDFFFF51BCFFFF5E
:108C300035BCFFFFA9BCFFFFDDBBFFFF71BCFFFF21
:108C40007DBCFFFF89BCFFFF5184D8B805680901CE
:108C5000020304060708090CA910015D04CC4002B8
:108C600040021F05320C36048503080313C83D82F9
:108C7000201AFF012143803F320D5A20240A15CCCF
:108C800024320E5A3C240A15D0243212451C890382
:108C9000088B5927245206492432154B7486241315
:108CA00044187320012958692432165A84241A451D
:108CB0002481A92432175A94240A15462432185ABA
:108CC000A4240A15472432195AB4240A1548243218
:108CD0001C2D508B0308AC13301933205532059AE4
:108CE0005A242A1D6C4A88241A32240A114D24322F
:108CF0001E5AAC481A34240A115024321F4BD08A11
:108D0000241A3624291CE92429A55A786C1A3824F7
:108D10000A1146242A2124596C1A3A240A11522491
:108D20002A224C59245A3C6CDA142432235A906C6F
:108D30005A3E6CE92432245A94485A426CE924324F
:108D4000251AC02432041AC4248129346924322605
:108D500045DC8603089AD0249AFF2442274A856C72
:108D600013DC1873200A9AC82432285A1C241ADEED
:108D7000240A110F2432295A38241AE02429B0E990
:108D800024322A5A54241AE22472199AFA24322BD1
:108D90005A6C241AE424721E3A2CD94924322C5AD3
:108DA00084241AE62472239A5E24322D5A8C241AC3
:108DB000E82429C4419A902432325A08241ACE2435
:108DC0000A1105B432335A24241AD0240A110A2471
:108DD00032345A40241AD2240A110F2432355A58F8
:108DE000241AD4240A1114FC32365A70241AD624B8
:108DF0000A1119FC32375A88241AD8240A111EFC89
:108E00002A38E859241ADA240A1123FC2A3B0A4496
:108E10008703081A8324819A07902A3C3459241A1C
:108E20008424393FD924323D5AA0240A158524329E
:108E30003E5AB0240A15862429055AC0240A1587EB
:108E40002432405A30241A8E2472509A64242A41C3
:108E50002859240A158F2432425A50240A15902486
:108E600032435A60240A15912432445A70240A1558
:108E70009224324536C4860308021ABC245A2CD9DF
:108E80008B881324325F4BD885481ACA2481492B1A
:108E9000492432632D688B0308141AC824320F2A20
:108EA0000A0C9924297836C08A03080413F0195A49
:108EB000206BB94832824B0889240B148617243260
:108EC000875AD0D81A886C39092938992432885A97
:108ED000E8240A1589243A892949240A158A243262
:108EE0008A5A18240A158B24328B5A30240A158C7E
:108EF00024328C1A04FC411A40FC323C32059A5A46
:108F000024328D1A58FC411A4E240A113724328E0D
:108F100036EC860308041A6224819A01242A8FB44D
:108F2000596C13311A7320039A09242A90B45924D6
:108F30000A15792432915A48240A15C12432925ACA
:108F400060240B14091B2432935A78240A155124E7
:108F50002A949459240A15992432955AA8240A155A
:108F6000E124231C0236548603080113521973208E
:108F7000379A5A241A1D245A18241A54240A112DD7
:108F8000241A1E245A38240A1556481A1F244BFC4A
:108F900085241A58240A111E241A20241A942432D3
:108FA000041AD42481293469241A21241AE8D829DE
:108FB000145ADA4829DC492D49241A22244BC8883E
:108FC000241ADE2432051913119A0A241A23115A7D
:108FD000B86C0A15E26C1A25241A5C48293C1AEA76
:108FE000245A3C442AAA5159241A241D4B348B2458
:108FF0001AE8247250490849241A261D1A082429FF
:109000005C1A5E24294429B429BC69241A27245AED
:10901000ECB40A1560B41A28111A0CB4292413EE02
:10902000187320197A32241CC8C129245A28240A0A
:1090300015F0241A2A245A44240A15F2242A2BFC57
:1090400059240A15F4241A2C245A74240A15F624D7
:109050001A3224451C87030813F7172A20F8419A6F
:1090600006D81A332436D4890308041AE5FC29509B
:1090700041490849241A34241AF42441137C3D2A16
:109080002064320A9A64241A35241A702429381A62
:109090004448325832059A5A241A36245A28241A37
:1090A00046240A1144241A37245AA0241A48240AB0
:1090B000114E241A38245A8C245A4A6CDA14241A71
:1090C00039245A44245A4C6CE9241A3A245ABC24B0
:1090D0005A506CE9241A3B2436B4880308041AC594
:1090E0002481293469241A3C2411448703081390ED
:1090F000042A20B02920290869241A3E241A484845
:10910000419AF348A9241A4D244BE8856C0A15F1BD
:049110006C014000AE
:020000040803EF
:0CFFC0005555555555557D00000B0000AF
:040000050802018567
:00000001FF
