:020000040800F2
:108000004142202020202020FFFFFFFFFFFFFFFF35
:10801000FFFFFFFFFFFFFFFFFFFFFFFFFFFFFFFF70
:10802000FFFFFFFFFFFFFFFFFFFFFFFFFFFFFFFF60
:10803000FFFFFFFFFFFFFFFFFFFFFFFFFFFFFFFF50
:10804000FFFFFFFFFFFFFFFFFFFFFFFFFFFFFFFF40
:10805000FFFFFFFFFFFFFFFFFFFFFFFFFFFFFFFF30
:10806000FFFFFFFFFFFFFFFFFFFFFFFFFFFFFFFF20
:10807000FFFFFFFFFFFFFFFFFFFFFFFFFFFFFFFF10
:10808000FFFFFFFFFFFFFFFFFFFFFFFFFFFFFFFF00
:10809000FFFFFFFFFFFFFFFFFFFFFFFFFFFFFFFFF0
:1080A000FFFFFFFFFFFFFFFFFFFFFFFFFFFFFFFFE0
:1080B000FFFFFFFFFFFFFFFFFFFFFFFFFFFFFFFFD0
:1080C000FFFFFFFFFFFFFFFFFFFFFFFFFFFFFFFFC0
:1080D000FFFFFFFFFFFFFFFFFFFFFFFFFFFFFFFFB0
:1080E000FFFFFFFFFFFFFFFFFFFFFFFFFFFFFFFFA0
:1080F000FFFFFFFFFFFFFFFFFFFFFFFFFFFFFFFF90
:020000040802F0
:10000000985E002081020208F9230208E922020812
:10001000DD230208850E0208D52F0208000000002B
:10002000000000000000000000000000FD270208A2
:10003000051C020800000000A92402085528020837
:100040009B0202089B0202089B0202089B02020814
:100050009B0202089B0202089B0202089B02020804
:100060009B0202089B0202089B0202089B020208F4
:100070009B0202089B0202089B0202089B020208E4
:100080009B0202089B0202089B0202081110020850
:10009000A10E02089B020208010F02089B0202083F
:1000A0009B0202089B0202089B0202089B020208B4
:1000B0009B0202089B0202089B0202089B020208A4
:1000C0009B0202089B0202089B0202089B02020894
:1000D0009B0202089B0202089B020208392D0208BB
:1000E0001D1C02089B0202089B0202089B020208D8
:1000F0009B0202089B0202089B0202089B02020864
:100100009B0202089B0202089B0202089B02020853
:100110009B0202089B0202089B0202089B02020843
:10012000551902089B0202089B0202089B02020862
:100130009B0202080000000000000000B511020848
:100140009B02020845100208A51002089B02020843
:100150009B0202089B0202089B0202089B02020803
:100160009B0202089B0202089B0202089B020208F3
:100170009B0202089B020208000000000000000031
:100180009B02020800F002F800F06AF80AA090E86A
:10019000000C82448344AAF10107DA4501D100F042
:1001A0005FF8AFF2090EBAE80F0013F0010F18BFA5
:1001B000FB1A43F001031847C8AA0100E8AA01008E
:1001C0000A444FF0000C10F8013B13F0070408BF7D
:1001D00010F8014B1D1108BF10F8015B641E05D01B
:1001E00010F8016B641E01F8016BF9D113F0080FD0
:1001F0001EBF10F8014BAD1C0C1B09D16D1E58BF62
:1002000001F801CBFAD505E014F8016B01F8016B98
:100210006D1EF9D59142D6D370470000002300240B
:1002200000250026103A28BF78C1FBD8520728BF06
:1002300030C148BF0B607047642900F0BF8075294A
:1002400000F0BC80782900F0F580732900F063830A
:10025000002070471FB500F0BBFA1FBD10B510BDE0
:1002600000F05DFB1146FFF7F5FF16F051FB00F0C3
:100270007BFB03B4FFF7F2FF03BC00F083FB00003D
:100280000948804709480047FEE7FEE7FEE7FEE72A
:10029000FEE7FEE7FEE7FEE7FEE7FEE70448054966
:1002A000054A064B704700005529020885010208DF
:1002B000984C0020985E0020984E0020984E002018
:1002C0000FB41CB5074B06AA7B44694600900598FD
:1002D00000F0EFFA0020694600F0FEFA1CBC5DF861
:1002E00014FB00000D0600000FB41CB50C0007AA9B
:1002F000009001D02044401E074B7B44694601908A
:10030000069800F0D6FA002C03D06946002000F0D1
:10031000E3FA1CBC5DF814FBE505000070B504466B
:1003200085690068C10601D5302600E02026C00797
:1003300007D070BDD4E9012130469047206A401CA7
:1003400020626D1EF6D570BD70B5044685690078D3
:10035000C00707D170BDD4E9012120209047206A51
:10036000401C20626D1EF6D570BD70B50C4605466A
:10037000012A05D02878800600D5EA69002302E02A
:10038000012305E05B1C934202D2E05C0028F9D116
:10039000A869E618C01AA861286A18442862284685
:1003A000FFF7BCFF04E0D5E9012114F8010B9047E9
:1003B000B442F8D32846FFF7C7FF70BD2DE9F041DE
:1003C0000646002410687529314616A510D0AFF3F3
:1003D0000080002802DA404213A507E031688A074E
:1003E00001D512A502E0490704D511A5012401E0B9
:1003F000AFF3008000210A2206F1240709E0B0FBD8
:10040000F2FCB0FBF2F302FB1C00303078541846CB
:10041000491C0028F3D123462A463046BDE8F04166
:1004200000F0E8B9000000002D0000002B000000E3
:100430002000000070B504460D4621461068AFF359
:1004400000802188090502D50F4A7A4402E00E4A4D
:100450007A440E32002104F1240305E000F00F0677
:100460000009965D5E54491C0028F7D120780023CE
:10047000000704D5702D02D009B1022311322046A5
:10048000BDE8704000F0B6B9648101002DE9F05F6D
:10049000894604464FF0000ADFF824B1FB44C0F857
:1004A00020A02046E168884700287DD0252806D076
:1004B000D4E901219047206A401C2062F1E7002521
:1004C0005F462046E16888472028064607DB312E34
:1004D00005D2B81910F8200C08B10543F1E7A807B8
:1004E00001D525F00405C4F81CA00027C4F818A005
:1004F0002A2E09D0304615F043FD38B304EB8708A7
:10050000303EC8F8186019E059F8041B204604EB87
:1005100087029161E1688847012F064618D1E0699A
:10052000002820DA25F020051DE0D8F8180000EB9F
:10053000800006EB40003038C8F818002046E1681B
:100540008847064615F01CFD0028EED1012F0AD081
:100550002E2E08D12046E16888477F1C0646022FD0
:1005600045F02005C4DBA069002803DA404245F0CD
:100570000105A061E80701D025F01005A6B1A6F19C
:100580004100192802D8203645F400654A46314614
:10059000204625604D46FFF74FFE60B1012807D089
:1005A000ED1D25F0070000E007E000F1080978E7FD
:1005B00005F1040975E730467AE7206ABDE8F09F47
:1005C0003A81010010B5431C02E010F8011B71B123
:1005D0008107FAD14FF0013202C88C1A8C4314EA19
:1005E000C211F9D0C01A0A0603D0C01E10BDC01A2D
:1005F00010BD0A0401D0801E10BD0902FCD0401EAF
:1006000010BD421E12F8013F002BFBD111F8013B37
:10061000002B02F8013BF9D17047032A40F23080E9
:1006200010F0030C00F0158011F8013BBCF1020F33
:10063000624498BF11F801CB00F8013B38BF11F8B4
:10064000013BA2F1040298BF00F801CB38BF00F8CB
:10065000013B11F0030300F02980083AC0F0088044
:1006600051F8043B083A51F804CBA0E80810F5E72C
:10067000121D5CBF51F8043B40F8043BAFF300800F
:10068000D20724BF11F8013B11F801CB48BF11F884
:10069000012B24BF00F8013B00F801CB48BF00F854
:1006A000012B704701B5FFF7B8FF01BD10B5203A27
:1006B000C0F00B80B1E81850203AA0E81850B1E81B
:1006C0001850A0E81850BFF4F5AF5FEA027C24BFD1
:1006D000B1E81850A0E8185044BF18C918C0BDE8C8
:1006E00010405FEA827C24BF51F8043B40F8043B91
:1006F00008BF7047D20728BF31F8023B48BF11F846
:10070000012B28BF20F8023B48BF00F8012B70479F
:1007100001F0FF03114601B543EA032242EA024217
:1007200000F00BF801BD02F0FF0343EA032242EAA6
:10073000024200F002B84FF000020429C0F012801B
:1007400010F0030C00F01B80CCF1040CBCF1020F84
:1007500018BF00F8012BA8BF20F8022BA1EB0C0159
:1007600000F00DB85FEAC17C24BF00F8012B00F84F
:10077000012B48BF00F8012B70474FF0000200B575
:10078000134694469646203922BFA0E80C50A0E8B4
:100790000C50B1F12001BFF4F7AF090728BFA0E862
:1007A0000C5048BF0CC05DF804EB890028BF40F82E
:1007B000042B08BF704748BF20F8022B11F0804F70
:1007C00018BF00F8012B7047704770477047000052
:1007D00070B5064C7C44064D7D4403E020682044FF
:1007E0008047241DAC42F9D170BD0000C8A40100AF
:1007F00020A501002DE9F0470D4699469246044692
:1008000000F124080168880604D5E06921F0100190
:10081000216000E00120A84201DD471B00E0002725
:10082000A1697A1902EB0900081AA0612078C006B4
:1008300002D42046FFF772FD002608E0D4E901212A
:100840001AF806009047206A401C761C20624E452C
:10085000F4DB2078C0060AD52046FFF75FFD06E0EE
:10086000D4E9012130209047206A401C2062381EC4
:10087000A7F10107F4DC07E0D4E9012118F805002D
:100880009047206A401C2062281EA5F10105F3DC78
:100890002046FFF759FD2078000602D50220BDE86A
:1008A000F0870120FBE7000001694A1C026108781B
:1008B000704700B58FB0CDE90131002105910549A0
:1008C0007944CDE9031011466846FFF7DFFD0FB00C
:1008D00000BD0000E5FFFFFF0A6802F8010B0A6097
:1008E0007047D1E900239A4202D2531C0B6010706A
:1008F000704710B5436913B1AFF3008001E0FFF713
:1009000034FD012010BD127800F124010A7000228C
:100910004A700122EDE711684FF0FF32E9E77546B2
:1009200000F02CF8AE4605006946534620F007005B
:10093000854618B020B5FFF7B1FCBDE820404FF068
:1009400000064FF000074FF000084FF0000B21F0B9
:100950000701AC46ACE8C009ACE8C009ACE8C00986
:10096000ACE8C0098D46704710B50446AFF300806F
:100970002046BDE81040FFF77CBC000000487047EF
:10098000344C002001491820ABBEFEE726000200CF
:10099000704721B1826842F00102826003E0826800
:1009A00022F00102826070470021084A1168084A5B
:1009B0001140D0E900231A4383681A43C3681A43DD
:1009C0001143044AC2F80413704700000423014095
:1009D000E030FCFF002001400021016041608160A7
:1009E000C160704721B1826842F48072826003E086
:1009F000826822F480728260704721B1826842F47A
:100A00000072826003E0826822F4007282607047A4
:100A100030B50246002000235068104C20400D796C
:100A20000C6844EA05242043506090680C4C204038
:100A3000D1E903542C438D682C434D7944EA450495
:100A400020439060D06A20F470000C7D641EE4B2F4
:100A5000234340EA0350D06230BD0000FFFEFFFC9C
:100A6000FDF7FFC0F0B504460D4600200021092D1A
:100A700011DDE068A5F10A0606EB4607072606FA2F
:100A800007F18843A5F10A0606EB460603FA06F1CC
:100A90000843E0600CE0206905EB4507072606FAED
:100AA00007F1884305EB450603FA06F10843206188
:100AB000072A0FDA606B561E06EB86071F2606FA1A
:100AC00007F18843561E06EB860605FA06F1084331
:100AD000606322E00D2A0FDA206BD61F06EB860733
:100AE0001F2606FA07F18843D61F06EB860605FA8D
:100AF00006F10843206310E0E06AA2F10D0606EB60
:100B000086071F2606FA07F18843A2F10D0606EBB9
:100B1000860605FA06F10843E062F0BD816841F0FF
:100B200080418160704700210160017141718160E5
:100B3000C1600161012101757047000038B10849A9
:100B4000096841F40001074AC2F8041306E00449A9
:100B5000096821F40001034AC2F804137047000039
:100B6000042301400020014038B10849096841F4DC
:100B70008001074AC2F8041306E00449096821F419
:100B80008001034AC2F804137047000004230140A7
:100B90000020014010B592B026A2D2E901311068C0
:100BA000D268CDE90F3111920E9026A3D3E900202F
:100BB000D3E902130BAC0BC40A9226A30FCB06ACED
:100BC0000FC42848072301220EA90090022015F027
:100BD00095FB044604B12BE0234801211022002399
:100BE000CDE90232CDE90023CDE9041014230AAA8D
:100BF00002211C48008815F011FB044604B117E0DF
:100C00001A4801211022CDE90212CDE9041000207A
:100C10000C21142306AACDE90010022111480088F6
:100C200015F0FCFA044604B102E0002012B010BD39
:100C30004720FBE7669A0C200008969EE2119EB1C1
:100C4000E0F273D9669A0C200008969EE2119EB1DC
:100C5000E1F273D9669A0C200008969EE2119EB1CB
:100C6000E2F273D9A8170020AA170020AC170020C1
:100C700070B504460E4615460A480088401C84425A
:100C800004D13146284615F065FF0AE00648008881
:100C9000801C844205D12878012802D1034981F8BB
:100CA000EE0070BDAC170020AA1700209847002066
:100CB00010B5064AB2F80C11D2F8040101F0A5F9FA
:100CC000012800D110BD0020FCE70000984700205B
:100CD00010B50B4AB2F80811D2F8FC0001F09EF9E9
:100CE000052108480EF088F9054AB2F80811D2F833
:100CF000FC0001F095F9052102480EF07DF910BDC8
:100D000098470020C01B0020F0B587B007460E466C
:100D10000025FF20069023A103C9CDE90301234A42
:100D2000B2F80A11D2F8000101F078F90F2005237A
:100D300001AA03A900901E4802F05AFF9DF8040082
:100D400002281BD19DF807009DF8081040EA0124F5
:100D5000002C13DDB44200DD344600250CE00F20EA
:100D6000012305AA06A90090114802F041FF9DF851
:100D700014007855681CC5B2A542F0DB0B4AB2F8E6
:100D80000A11D2F8000101F04BF90020009003E0B5
:100D900000BF0098401C009000980228F8DB28460D
:100DA00007B0F0BD0B0000000000000098470020D5
:100DB000144900202DE9F043C5B006468846144684
:100DC0001D464FF00009002728A103C94491439014
:100DD00028A103C94291419002F00AFD1FB102F01F
:100DE000CBFE02F0F7F9254AB2F80A11D2F8000159
:100DF00001F014F90F20052341AA43A900902048CF
:100E000002F0F6FE0FB102F0D3FD9DF804010228B6
:100E10001CD19DF805016119884214DB002C07DD07
:100E20000F20234601AA31460090154802F0E0FE4B
:100E3000002D0DDD0F202B4601AA414600901048E1
:100E400002F0D6FE04E06FF0010901E04FF0FF3937
:100E50000A4AB2F80A11D2F8000101F0E1F802F0F2
:100E600055FC484645B0BDE8F08300000A0000008C
:100E700000000000AA0000000000000098470020C9
:100E80001449002005480068D0F86002401C03495E
:100E90000968C1F8600200BFFEE700008804002076
:100EA00010B51D2113480EF06BF80221124800F016
:100EB000ABFA60B1114A00210F4800F01FFC0F4847
:100EC00020380DF08AFE02210B4800F0A9F910210C
:100ED000094800F099FA60B1084A0121064800F07B
:100EE0000DFC064820380DF078FE1021024800F075
:100EF00097F910BDC01B002000640040002E0020A8
:100F000010B51F213D480EF03BF84FF400413C481E
:100F100000F07AFA012851D1C103394800F080F974
:100F20004FF48071364800F06FFA01280AD10102AF
:100F3000334800F075F93348B0F89409401C314942
:100F4000A1F894094FF400712D4800F05DFA0128D2
:100F50000BD141022A4800F063F92A48B0F89609FB
:100F6000401C81B22748A0F896194FF480612448AC
:100F700000F04AFA01280BD18102214800F050F913
:100F80002048B0F89809401C81B21E48A0F8981972
:100F90004FF400611A4800F037FA01282DD1C10240
:100FA000174800F03DF9164800F0BEFA1549A1F8BF
:100FB0009A091549124800F017F91EE04FF48031E4
:100FC0000F4800F021FA012807D101040C4800F075
:100FD00027F90E490A4800F007F94FF40031084894
:100FE00000F012FA012808D14104054800F018F970
:100FF00006490A31024800F0F7F810BDC01B002076
:1010000000640040E02D00207000F0300800003146
:1010100010B51C2108480DF0B3FF0121074800F06E
:10102000F3F9012806D10121044800F0F9F8012064
:101030000349087210BD0000C01B0020006400407E
:10104000E02D002010B5482113480DF099FF022132
:10105000124800F0D9F960B1114A00210F4800F0A0
:101060004DFB0F481C380EF07DF902210B4800F0B3
:10107000D7F81021094800F0C7F960B1084A0121EA
:10108000064800F03BFB06481C380EF06BF91021B7
:10109000024800F0C5F810BDC01B002000680040E9
:1010A0005424002010B549213D480DF069FF4FF44C
:1010B00000413C4800F0A8F9012851D1C10339484A
:1010C00000F0AEF84FF48071364800F09DF9012829
:1010D0000AD10102334800F0A3F83348B0F8900970
:1010E000401C3149A1F890094FF400712D4800F0DF
:1010F0008BF901280BD141022A4800F091F82A48C7
:10110000B0F89209401C81B22748A0F892194FF418
:101110008061244800F078F901280BD18102214830
:1011200000F07EF82048B0F89409401C81B21E48B7
:10113000A0F894194FF400611A4800F065F90128ED
:101140002DD1C102174800F06BF8164800F0ECF9F9
:101150001549A1F896091549124800F045F81EE016
:101160004FF480310F4800F04FF9012807D10104F6
:101170000C4800F055F80E490A4800F035F84FF4D5
:101180000031084800F040F9012808D14104054821
:1011900000F046F806490A31024800F025F810BD73
:1011A000C01B002000680040382400207000F03090
:1011B0000800003110B5462108480DF0E1FE01217C
:1011C000074800F021F9012806D10121044800F068
:1011D00027F801200349487110BD0000C01B002002
:1011E000006800403824002000220C4B994202D1B4
:1011F0000023836111E0C1F3130201F000730BB10E
:10120000C2600AE001F080630BB1026105E001F009
:1012100000630BB1826000E0426070477000F03004
:10122000B1F5007F3AD00FDC202928D006DC012957
:101230001CD004291DD0082940D11DE0402921D00F
:10124000B1F5807F3AD126E0B1F5004F31D006DC10
:10125000B1F5806F25D0B1F5006F2FD124E0B1F545
:10126000803F12D0B1F5003F28D111E0154A8260CD
:1012700025E00822C26022E01022C2601FE008229E
:1012800002611CE01022026119E00822426016E0AF
:101290001022426013E00422426010E00422426007
:1012A0000DE0042242600AE00022826104224260D2
:1012B00005E0002282610422426000E000BF00BF1E
:1012C000704700000101010010B504460B4884423C
:1012D00009D10121480601F013F900214FF00070F7
:1012E00001F00EF908E00121880601F009F900215A
:1012F0004FF0806001F004F910BD00000064004070
:1013000010B50021837A012202FA03F13D4A1268E6
:1013100042F001023B4B1A603A4A1C3212688A437F
:10132000384B1C331A60027BCAB9364A0C32126839
:101330008A43344B0C331A604288C38842EA034321
:10134000304A4032847A42F834300288838842EA54
:1013500003432C4A4032847A02EBC4025360027B7E
:10136000012A19D1274A0C3212680A43254B0C3343
:101370001A604288038842EA0343224A4032847A50
:1013800042F83430C288838842EA03431D4A40321F
:10139000847A02EBC4025360C27A3AB9194A121D28
:1013A00012688A43174B1B1D1A6006E0154A121D6E
:1013B00012680A43134B1B1D1A60028932B9114A85
:1013C000143212688A430F4B14331A600289012ABF
:1013D00006D10C4A143212680A430A4B14331A60BD
:1013E000427B012A06D1074A1C3212680A43054B88
:1013F0001C331A60034A126822F00102014B1A6082
:1014000010BD00000066004070B504460D46002681
:1014100060692840002871D0B5F5807F5CD010DC71
:10142000082D35D006DC012D20D0022D24D0042D2E
:1014300072D127E0102D31D0202D35D0402D6BD129
:1014400038E0B5F5004F60D009DCB5F5007F49D034
:10145000B5F5806F4CD0B5F5006F5DD14FE0B5F5B7
:10146000803F2DD0B5F5003F56D12FE0A0682D4923
:1014700002F004F9064651E0E068032102F0FEF8AC
:1014800006464BE0E068082102F0F8F8064645E021
:10149000E068102102F0F2F806463FE020690321DF
:1014A00002F0ECF8064639E02069082102F0E6F87F
:1014B000064633E02069102102F0E0F806462DE0F0
:1014C0006068082102F0DAF8064627E0606810211B
:1014D00002F0D4F8064621E0A069012102F0CEF81E
:1014E00006461BE0A069022102F0C8F8064615E096
:1014F000A069042102F0C2F806460FE00FE0A069DF
:10150000702102F0BBF8064608E06068042102F092
:10151000B5F8064602E0FFE7002600BF00E000261F
:10152000304670BD01010100014600208A6902F0C9
:10153000700070471AB143690B43436102E043698D
:101540008B434361704730B5024600200023146886
:1015500024F002041460146844F00104146000E0F4
:101560005B1C546804F001041CB94FF6FF74A342DD
:10157000F6D1546804F001040CB900206CE08C79B9
:10158000012C04D1146844F08004146003E0146852
:1015900024F080041460CC79012C04D1146844F048
:1015A0004004146003E0146824F0400414600C7AD2
:1015B000012C04D1146844F02004146003E0146882
:1015C00024F0200414604C7A012C04D1146844F0F7
:1015D0001004146003E0146824F0100414608C7A82
:1015E000012C04D1146844F00804146003E014686A
:1015F00024F008041460CC7A012C04D1146844F05F
:101600000404146003E0146824F0040414608C786B
:10161000A407CD7844EA05640D7944EA05444D7980
:1016200044EA05540D886D1E2C43D461146824F0DF
:1016300001041460002300E05B1C546804F0010402
:101640001CB14FF6FF74A342F6D1546804F00104B4
:101650000CB1002000E0012030BD10B502460B4661
:1016600000204FF6FF71BBB9146824F0020444F067
:101670000104146000E0491E546804F00304012CC6
:1016800001D00029F7D1546804F00304012C01D0E3
:10169000002032E0012030E0012B13D1146824F047
:1016A0000304146000E0491E546804F003040CB104
:1016B0000029F8D1546804F003040CB100201CE0A8
:1016C00001201AE0022B17D1146824F0010444F021
:1016D0000204146000E0491E546804F00304022C64
:1016E00001D00029F7D1546804F00304022C01D082
:1016F000002002E0012000E0002010BD10B500F540
:10170000D87303EB01131B6803F004031372137AFD
:1017100053B900F5D87303EB01131B6840F2FF7453
:1017200004EA5353136009E000F5D87303EB011387
:101730001B686FF0604404EAD303536000F5D8736C
:1017400003EB01131B6803F00203537200F5D87317
:1017500003EB01135B6803F00F03937200F5D8737A
:1017600003EB01135B681B0AD37400F5D87303EB1A
:1017700001139B68D37200F5D87303EB01139B68C8
:101780001C0A147300F5D87303EB01139B681C0C3F
:10179000547300F5D87303EB01139B681B0E93730E
:1017A00000F5D87303EB0113DB68D37300F5D8732E
:1017B00003EB0113DB681C0A147400F5D87303EB08
:1017C0000113DB681C0C547400F5D87303EB011390
:1017D000DB681B0E937421B9C36843F02003C36018
:1017E00003E0036943F02003036110BD0021817110
:1017F000C171017241728172C1728170C170032125
:1018000001710221417101210180704710B502462A
:101810000020936803F08063B3F1806F00D110E083
:10182000936803F00063B3F1006F01D1012008E079
:10183000936803F08053B3F1805F01D1022000E090
:101840000420042874D002F5C07303EB00131B6856
:1018500003F0010402F5C07303EB00131C600B7A64
:101860007BB94B7A0C8843EA445302F5C07404EB0D
:1018700000142468234302F5C07404EB00142360B1
:1018800010E00B7A4C6843EAC4034C7A234302F518
:10189000C07404EB00142468234302F5C07404EB05
:1018A000001423608B7A03F00F038B7202F5C07370
:1018B00003EB00135B6823F00F0402F5C07303EB26
:1018C00000135C6002F5C07303EB00135B688C7A55
:1018D000234302F5C07404EB001463608B7B1C0689
:1018E0004B7B44EA03440B7B44EA0323CC7A234337
:1018F00002F5C07404EB0014A3608B7C1C064B7CC7
:1019000044EA03440B7C44EA0323CC7B234302F5E3
:10191000C07404EB0014E36002F5C07303EB001322
:101920001B6843F0010402F5C07303EB00131C6055
:1019300010BD000029B1064A92680243044B9A6028
:1019400004E0034A92688243014B9A6070470000AA
:10195000002004E010B5412106480DF011FB0649B6
:10196000064800F0DFF818B10349044800F008F811
:1019700010BD0000C01B0020208000101064024039
:101980000246094B9A4201D2084801E00648103845
:1019900001F000531BB1064B0B40C36002E0044B47
:1019A0000B408360704700001064024000600240FA
:1019B0007D0F7D0F21B1026842F00102026003E059
:1019C000026822F00102026070470000016821F005
:1019D000010101600021016041608160C16001611D
:1019E000212141614A49884204D13D21484A103AA7
:1019F00091608CE046491831884205D14FF47461FA
:101A0000434A103A916082E041493031884205D121
:101A10004FF474113E4A103A916078E03C494831E5
:101A2000884205D14FF07461394A103A91606EE0F6
:101A300037496031884204D13649354A103AD1607D
:101A400065E033497831884204D13349304A103A4D
:101A5000D1605CE02E499031884204D12F492C4A54
:101A6000103AD16053E02A49A831884205D14FF09D
:101A70003D51274A103AD16049E02949884204D1B2
:101A80003D21274A083A116041E025491831884232
:101A900005D14FF47461224A083A116037E02049B9
:101AA0003031884205D14FF474111D4A083A116053
:101AB0002DE01B494831884205D14FF07461184A26
:101AC000083A116023E016496031884204D1114977
:101AD000134A121F11601AE011497831884204D16B
:101AE0000D490F4A121F116011E00D4990318842D3
:101AF00004D10A490A4A121F116008E00849A831B6
:101B0000884204D14FF03D51054A121F11607047C1
:101B1000106002403D000020400F002000003D20EA
:101B20001064024070B50246002000240025124EC9
:101B3000B24201D2114B01E00F4B103B104E0E4050
:101B400036B11E2606EAD124166806EA040502E02C
:101B5000566906F0800501F000560EB15C6800E0A1
:101B60001C68084E344004EA010616B10DB101208C
:101B700000E0002070BD00001064024000600240E0
:101B80003C0F3C0F7D0F7D0F10B500220268134BF8
:101B90001A40CC680B6823434C6923438C69234368
:101BA000CC6923430C6A23434C6A23438C6A234346
:101BB0004C6B23438C6B23431A430260426922F02F
:101BC0000702D1E90B3423431A4342610B69436096
:101BD0004B6883608B68C36010BD00003F801CF0C1
:101BE0000021016041608160C160016141618161EA
:101BF000C161016241628162C162016341638163CB
:101C00007047000004480068D0F86C02401C02498C
:101C10000968C1F86C0270478804002010B53121B2
:101C200003480DF0ADF9034812F02DF810BD000087
:101C3000C01B002098470020014908607047000041
:101C4000143C0140014600200022074B1B6803EAB8
:101C50000102054B14331B680B4013B10AB101207C
:101C600000E0002070470000003C014000212349B3
:101C70008279002A3AD00A46126803689A430B46D2
:101C80001A600A1D126803689A430B1D1A600279D4
:101C900011440A6803681A430A60184A0832126835
:101CA00003689A43154B08331A601A1D12680368BB
:101CB0009A43124B0C331A604279102A0ED11A1F24
:101CC000126803681A430D4B08331A601A1D126814
:101CD00003681A43094B0C331A600DE00749427937
:101CE00011440A6803681A430A6005E00279114446
:101CF0000A6803689A430A6070470000003C01408C
:101D00000021016001710C21417100218171704736
:101D100001490860704700000C3C024070B5044661
:101D20000A460026082502B909E0012A01D1160257
:101D300005E0022A01D1160201E04FF4407600F0DE
:101D4000B1F80546082D28D11548006820F44070E8
:101D50001349086008460068304308600846006878
:101D600020F0F80008600846006844F002010843CB
:101D70000B4908600846006840F48030086000F0B5
:101D800091F805460648006820F002000449086002
:101D90000846006820F0F8000860284670BD000082
:101DA000103C024008201049096801F48031B1F567
:101DB000803F01D1012015E00B49096801F01001B5
:101DC00009B105200EE00849096801F0EF0109B1E9
:101DD000062007E00449096801F0020109B1072063
:101DE00000E00820704700000C3C024003480068F7
:101DF00040F000400149086070470000103C02407C
:101E000030B10749096841F48071054A116005E065
:101E10000349096821F48071014A1160704700008C
:101E2000003C024030B502460C46082500F03AF866
:101E30000546082D19D10E48006820F440700C4961
:101E400008600846006840F40070086008460068B2
:101E500040F001000860146000F024F805460448D2
:101E6000006820F0010002490860284630BD0000EB
:101E7000103C0240014A107070470000003C0240D4
:101E80000548006800F0004028B1044802490C39B8
:101E90000860034808607047103C02402301674512
:101EA000AB89EFCD08B508200090FFF77BFF0090CD
:101EB00002E0FFF777FF00909DF800000128F8D0BE
:101EC0009DF8000008BD000002460120054BC3F844
:101ED000E8001846A0F8EC10052000E0401E00289D
:101EE000FCDC70479847002000200949C1F8E80051
:101EF000012081F8E400002081F8EE0081F8EF0075
:101F000081F8F00081F8F10081F8F20070470000DC
:101F10009847002070B504460E46154604480088D0
:101F2000401C844203D13146284614F013FE70BD94
:101F3000A4170020F0B50A4600210023002400BFAA
:101F40003DE0012505FA01F3156805EA03049C420A
:101F500034D105684F000326BE40B54305601579AE
:101F60004E00B5400668354305601579012D02D055
:101F70001579022D16D185684F000326BE40B54362
:101F8000856055794E00B540866835438560456863
:101F900001268E40B5434560456896798E40B6B2BD
:101FA00035434560C5684F000326BE40B543C56054
:101FB000D5794E00B540C6683543C560491C102927
:101FC000BFD3F0BDF0B5002300244D07ED0E02FA9B
:101FD00005F3CE1000F1200555F826504E07F70EF8
:101FE0000F26BE40B543CF1000F1200646F827501B
:101FF000CE1000F1200555F8265045EA0304CE1016
:1020000000F1200545F82640F0BD02460020136986
:102010000B400BB1012000E0002070474183704766
:10202000018370474FF6FF7101600021017141711A
:102030008171C171704742694A40426170470AB17B
:10204000018300E0418370472DE9F0410546A84631
:1020500008F1010698F80000042801D0BDE8F081DD
:102060003078052804D03E2805D0FF287AD10FE02B
:10207000FFF73AFF76E0B41C2078012806D1671CF0
:10208000B7F80110781DFFF71FFF00BF00BF69E020
:10209000B41C2088A0F6014030B10E2818D00F28BB
:1020A00040D011285CD11DE0304890F8DB000128B9
:1020B00006D1A71C39797888FA1DFEF7D9FD06E00C
:1020C000A71C397978887A1DFEF7D2FD00BF47E05A
:1020D000A71CBA78921ED1B2B7F803007A1DFFF799
:1020E00019FF3DE0214890F8DC00D0B9A01C1F4941
:1020F00091F8EF1041B11D4991F8F11021B9B0F8F4
:1021000003101B4A11800BE0184991F8F01039B107
:10211000164991F8F21019B9B0F80310154A118058
:1021200000BF1DE0114890F8DC00C0B90F4890F8DE
:10213000EF0040B10D4890F8F10020B901200B49A3
:1021400081F8F1000BE0094890F8F00038B1074839
:1021500090F8F20018B90120044981F8F20000BF9C
:1021600000BF00BF00BF00BF78E700009847002015
:10217000A4170020A617002010B50B4801F035FB6E
:102180000A4801F032FB00240BE0C4EBC40000EB72
:102190008000074A02EB8001034801F0BEFB601C8F
:1021A000C4B2052CF1DB10BDBC170020C417002001
:1021B0007849002038B50020009001F0FDFC2AE0AD
:1021C000184801F07EFA08BB6946164801F0B6FBD4
:1021D000802100980830FEF797FDC4B2002C10DD76
:1021E000009880F88840009800F06CF820B90E48FC
:1021F000009901F092FB0CE00A48009901F07CFB89
:1022000007E00848009901F077FB02E001F0D4FCF8
:1022100038BD01F0D1FCFEF74BFD0028D0D100BF46
:10222000F6E70000BC170020C4170020F8B5002016
:10223000009001F0DDFA1C4801F043FA06462CE05C
:102240006946194801F07AFB01F060FA00980830FD
:10225000FFF7FAFE01F0CCFA1448009901F05DFB9B
:10226000114801F02EFA0646009890F888001728C9
:1022700013DB0098457C002408E00098083004F146
:102280000C01415C0A480155601CC4B2AC42F4DB4D
:102290000749A1F1580011F0D9FC002ED0D0FFF76A
:1022A00089FF01F033FAF8BDC4170020BC170020E5
:1022B000F047002010B5024801F003FA10BD0000FD
:1022C000C4170020014601F108021078042801D04B
:1022D00001207047937891F88800C01E834201D096
:1022E0000220F6E70020F4E700BFEFF30880044681
:1022F0001448006814490968C1F8F0001148001F2B
:10230000006811490968C1F8F4000F49606909685B
:10231000C1F8D0000C4800688068401C0A49096870
:10232000886009490968D1F8CC2007490968483113
:1023300001EB82000168491C016001E001F0B4FA80
:10234000FCE700002CED00E0880400204CF6CC40B7
:102350000149086070470000003000404AF6AA209A
:1023600001490860704700000030004001494860A2
:10237000704700000030004001498860704700004D
:102380000030004001490860704700000030004004
:1023900000B58BB00DA30FCBCDE90923CDE9070123
:1023A0000021084614F073F9002003900490059072
:1023B000069007A80D2100221346CDE900210290C6
:1023C0001146104613F0A4FE0BB000BD0954696D10
:1023D0006265726C696E6520320000000548006815
:1023E000D0F85C02401C03490968C1F85C0200BFD8
:1023F000FEE700008804002006480068D0F8540278
:10240000401C04490968C1F8540201E001F04CFA8B
:10241000FCE700008804002070B5002100230F2293
:10242000C4781CB3174C246804F4E064C4F5E06479
:10243000C4F30721C1F10404E3B20A4144789C408B
:10244000E1B28478144021430C07210E0E4C05782C
:102450006155047804F01F050124AC4005786D1126
:10246000AD0005F1E025C5F8004109E0047804F06D
:102470001F050124AC40054D0678761145F826402D
:1024800070BD00000CED00E000E400E080E100E041
:10249000014908627047000000000E4201490860CF
:1024A00070470000A4000E4204480068D0F8700293
:1024B000401C02490968C1F8700270478804002076
:1024C00029B1064A12680243044B1A6004E0034A29
:1024D00012688243014B1A60704700003038024096
:1024E00029B1064A12680243044B1A6004E0034A09
:1024F00012688243014B1A60704700004038024066
:1025000029B1064A12680243044B1A6004E0034AE8
:1025100012688243014B1A60704700002038024065
:1025200029B1064A12680243044B1A6004E0034AC8
:1025300012688243014B1A60704700004438024021
:102540000E48006840F001000C49086000200B496B
:1025500008310860094800680949084007490860CF
:102560000848091D0860081F006820F48020091F22
:102570000860002001490C310860704700380240B3
:10258000FFFFF6FE10300024F0B5002100220024E9
:10259000022500260223324F3F6807F00C0121B1CB
:1025A000042905D0082937D105E02E4F076036E011
:1025B0002C4F076033E02A4F3F1F3F68C7F3805618
:1025C000274F3F1F3F6807F03F036EB1254FB7FB12
:1025D000F3F7DFF88CC0ACF1040CDCF800C0CCF3EE
:1025E000881C07FB0CF40CE01E4FB7FBF3F7DFF879
:1025F00070C0ACF1040CDCF800C0CCF3881C07FB05
:102600000CF4174F3F1F3F68C7F301477F1C7D0045
:10261000B4FBF5F7076002E0124F076000BF00BF90
:102620000F4F3F6807F0F00109090F4F7A5C076808
:10263000D74047600A4F3F6807F4E051890A0A4FC4
:102640007A5C4768D7408760054F3F6807F4604170
:10265000490B054F7A5C4768D740C760F0BD000062
:10266000083802400024F4001804002010B5014688
:102670000022002300204A11012A02D10A4C2368BB
:1026800008E0022A03D1084C7034236802E0064CAB
:102690007434236801F01F02012494401C400CB1E3
:1026A000012000E0002010BD00380240014600205B
:1026B000034A106820F0F0000843106070470000E3
:1026C000083802400021024A117011460870704714
:1026D000023802400149086070470000800E4742FE
:1026E00001460020034A106820F4E05008431060BF
:1026F000704700000838024001460020034A106875
:1027000020F4604040EAC100106070470838024081
:1027100001490866704700000000474270B5049CFC
:1027200041EA82150126C6EB530645EA06450543F4
:1027300045EA0465014E356070BD00000438024072
:1027400001460020034A106820F00300084310608F
:10275000704700000838024038B50020009000247F
:10276000002500BF3120FFF781FF05460098401C7F
:1027700000900098B0F5A06F01D0002DF2D031206C
:10278000FFF774FF08B1012400E00024204638BDA3
:1027900021B1028842F04002028004E002884FF634
:1027A000BF731A400280704710B50022028802F4FD
:1027B00041520B884C8823438C882343CC88234385
:1027C0000C8923434C8923438C892343CC8923439D
:1027D0001A430280838B4FF2FF74234083830B8A5A
:1027E000038210BD0021018041808180C180018170
:1027F00041818181C18107210182704704480068BD
:10280000D0F86802401C02490968C1F868027047A4
:102810008804002030B500228B071C0F0F2303FA19
:1028200004F20B4B8C1053F824309343084C8D105A
:1028300044F8253023468C1053F824308C07240F9D
:1028400000FA04F42343024C8D1044F8253030BDC7
:102850000838014010B50D484068B0F57A7F11D9AD
:102860000A48007870B901200849087000BFEFF3EA
:1028700008800749086008460068406905490968FA
:10288000C1F8F80001480CF0CFFB10BDC01B0020C0
:10289000000400208804002070B5002000220223DC
:1028A00000240221274D2D6805F00C0020B10428DA
:1028B00006D0082834D107E0234D244E356033E09C
:1028C000214D224E35602FE01E4D2D1F2D68C5F382
:1028D00080541C4D2D1F2D6805F03F0154B11A4D39
:1028E000B5FBF1F5174E361F3668C6F3881605FBA3
:1028F00006F209E0144DB5FBF1F5124E361F3668AD
:10290000C6F3881605FB06F20E4D2D1F2D68C5F384
:1029100001456D1C6B00B2FBF3F50C4E356003E016
:10292000094D0A4E356000BF00BF064D2D68C5F346
:102930000315074E705D054D2D68C540034E35608B
:1029400070BD0000083802400024F4000404002098
:102950000804002010B51248006840F0010010493A
:10296000086000200E49083108600D4800680D49D4
:1029700008400B4908600C48091D0860081F0068E2
:1029800020F48020091F0860002005490C310860F0
:1029900000F042FC4FF000600449086010BD0000E8
:1029A00000380240FFFFF6FE1030002408ED00E082
:1029B00021B1828842F00102828004E082884FF6D1
:1029C000FE731A4082807047CA430282704721B169
:1029D000028842F00102028004E002884FF6FE7392
:1029E0001A400280704731B1B0F8442042F40042EE
:1029F000A0F8442005E0B0F84420C2F30E02A0F88D
:102A0000442070471AB183890B43838102E0838994
:102A10008B4383817047000070B50024002200239F
:102A2000058C4FF6FE7635400584028C8388048B36
:102A30004FF68F752C40B51E2C400D882C43751E0B
:102A40002A408D892A434D882A43104DA84202D03E
:102A50000F4DA84213D14FF6F7752A40CD892A436E
:102A60004FF6FB752A408D882A434FF6FF652B40B1
:102A70004FF6FF552B400D8A2B434D8A2B43838005
:102A800004838D684563028470BD0000000001402E
:102A90000004014070B5002400220023058C4FF68D
:102AA000EF7635400584028C8388048B48F6FF75E9
:102AB0002C404FF6FF452C400D884FF6FF7606EA76
:102AC00005252C434FF6DF752A408D8906EA05154A
:102AD0002A434D8806EA05152A43154DA84202D01F
:102AE000144DA8421DD14FF67F752A40CD894FF66F
:102AF000FF7606EA05152A434FF6BF752A408D88F2
:102B000006EA05152A434FF6FF352B404FF2FF75B5
:102B10002B400D8A06EA85052B434D8A06EA85057A
:102B20002B43838004838D688563028470BD00001D
:102B3000000001400004014070B500240022002381
:102B4000058C4FF6FF6635400584028C8388848BA4
:102B50004FF68F752C404FF6FC752C400D882C439A
:102B60004FF6FF552A408D894FF6FF7606EA052578
:102B70002A434D8806EA05252A43154DA84202D06E
:102B8000144DA8421DD14FF2FF752A40CD894FF652
:102B9000FF7606EA05252A434FF6FF352A408D8841
:102BA00006EA05252A434EF6FF752B404DF6FF75C4
:102BB0002B400D8A06EA05152B434D8A06EA0515BA
:102BC0002B43838084838D68C563028470BD0000BD
:102BD000000001400004014070B5002200230024E1
:102BE000058C4EF6FF7635400584038C8488828BF5
:102BF00048F6FF752A404FF6FF452A400D884FF6EC
:102C0000FF7606EA05252A434DF6FF752B408D8990
:102C100006EA05352B434D8806EA05352B430A4D58
:102C2000A84202D0094DA84208D14BF6FF752C40AE
:102C30000D8A4FF6FF7606EA85152C438480828341
:102C40008D680564038470BD0000014000040140EC
:102C5000002101804180818081608181C181018268
:102C60004182704700220288184B98420ED0184BC0
:102C700098420BD0B0F1804F08D0164B984205D047
:102C8000154B984202D0154B984204D14FF68F73E2
:102C90001A404B881A43124B984207D0114B984266
:102CA00004D04FF6FF431A400B891A4302804B6849
:102CB000C3620B880385054B984202D0044B9842AF
:102CC00001D18B7A03860123838270470000014083
:102CD000000401400004004000080040000C0040D7
:102CE00000100040001400404FF0FF31416000210F
:102CF00001800181418081727047000070B50446F7
:102D000006480CF08DF92168401A451C6068A842FD
:102D100001D2012070BD0020FCE70000C01B002094
:102D200070B504460D46656002480CF079F92060E4
:102D300070BD0000C01B00201FB530212C480CF0D6
:102D40001FF940F225512B4800F075F888B140F288
:102D50002551284800F054F8264800F025F9C4B25F
:102D60002146254803F04EFF2146244811F033FC4C
:102D700000BF40F224411F4800F05DF850B11D48EB
:102D8000008800901B48001D008800901B4812F02E
:102D900073F900BF40F22661164800F04CF870B19C
:102DA00040F22661134800F02BF81448007818B15F
:102DB000124811F0EFF902E00F4803F079FE40F2FB
:102DC00027710C4800F037F828B1002240F2277133
:102DD000084800F05AF80748001D0088039005488D
:102DE00000880290DDE90201084401901FBD000047
:102DF000C01B0020004800409C38002058440020A0
:102E000010B50022002340F66A14A14200D100BF91
:102E10000A1201249440A3B2DC43048010BD21B106
:102E2000828942F40052828104E082894DF6FF7368
:102E30001A408281704770B50246002400230025A5
:102E4000002040F66A16B14200D100BFC1F342151E
:102E500001F01F03012606FA03F3012D02D1968922
:102E6000334006E0022D02D1168A334001E0968AF3
:102E700033400C12012606FA04F41688344013B1CC
:102E80000CB1012000E0002070BDF0B50346002425
:102E900000260025002040F66A17B94200D100BF85
:102EA0001846C1F3421401F01F06012707FA06F580
:102EB000012C01D10C3004E0022C01D1103000E0D3
:102EC00014301AB107682F43076002E00768AF4368
:102ED0000760F0BD2DE9FF4705460E460024A146D8
:102EE00000BFA046B08900B100BF2C8A24F4405432
:102EF000F08804432C82AC8941F20C608443B08892
:102F000031890843718908430443AC81AC8A24F4B5
:102F10004074B0890443AC826846FFF735FB204813
:102F2000854202D01F48854202D1DDF80C9001E0B5
:102F3000DDF80890A88900F4004040B109EBC90011
:102F400000EB091031684900B0FBF1F707E009EB2D
:102F5000C90000EB091031688900B0FBF1F764206B
:102F6000B7FBF0F004012009642101FB1078A88967
:102F700000F4004040B1322000EBC800B0FBF1F09B
:102F800000F00700044308E0322000EB0810642141
:102F9000B0FBF1F000F00F0004432C81BDE8FF8787
:102FA000001001400014014001468888C0F3080069
:102FB0007047C1F30802828070474FF416510160D8
:102FC00000218180C18001810C214181002181810A
:102FD0007047000005480068D0F86402401C0349AF
:102FE0000968C1F8640200BFFEE700008804002001
:102FF00000F07F01014A116070470000002C004082
:1030000010B51E48006840F080501C4908601B48FD
:103010001038006840F480201849103908600120F9
:10302000FFF736FA0120FFF739FA00BF144840686D
:1030300000F008000028F9D012480068D0F80C050C
:1030400010490968C1F810050E480068D0F8C8009A
:103050000C490968C1F8CC000A480068D0F814058A
:1030600008490968C1F81C0506480068D0F8180529
:1030700004490968C1F8200510BD0000403802402D
:10308000007000408804002010B54A4800680068BD
:103090004949884203D000204649096848604748AA
:1030A000407820B1464843490968486103E0002060
:1030B0004049096848614148007820B140483D498D
:1030C0000968086103E000203A49096808613B4843
:1030D000407810B93948407830B13848D0F8A40069
:1030E00034490968086403E000203249096808642B
:1030F0003448407820B132482E490968886103E09D
:1031000000202C49096888612F48407850B12C482C
:1031100028490968C8612948D0F8A80025490968E4
:10312000486406E000202349096848642149096889
:10313000C86100202DE02549095C01290ED1244AEF
:103140001C490968203141F8202020490A390A5CCD
:1031500018490968343121F8102019E01B49095C2D
:1031600002290FD11A4A521C12490968203141F82C
:10317000202016490A390A5C0E490968343121F8C1
:10318000102005E000220B490968203141F8202079
:10319000401C0528CFDB0848064909680860054837
:1031A0000068406802B241F2FC01044809F0B2FA3A
:1031B00010BD000088040020EFBEADDE604300209B
:1031C000EAEBFFC0D41E0020E21E0020581D0020A4
:1031D000E1FFC00008B50020009003E000BF0098A8
:1031E000401C00900098B0F5D27FF7DB08BD70B5A9
:1031F00004460D461646324629462046FDF752FA49
:1032000070BD70B504460D46164632462946204626
:10321000FDF77EFA70BD00000CB500200190009013
:103220002D48006840F480302B49086000BF2A48D0
:10323000006800F4003000900198401C0190009854
:1032400018B90198B0F5A06FF1D12348006800F4D7
:10325000003010B10120009001E0002000900098A3
:10326000012838D11C48083000681B490831086023
:103270000846006840F4004008600846006840F4D2
:10328000A05008601548091F0860081F006840F03A
:103290008070091F086000BF0F48006800F00070D0
:1032A0000028F9D040F207700D4908600A4808303C
:1032B000006820F0030008490831086008460068EB
:1032C00040F00200086000BF03480830006800F0CA
:1032D0000C000828F8D10CBD003802401030410520
:1032E000003C024010B55A480BF09AFE5949096853
:1032F000401A642807D95848007820B154480BF088
:103300008FFE54490860554890F89F0210B1534809
:103310000CF0FAF946205249A1F848005148486398
:1033200051494F4881635149C16351490164514931
:10333000416408464A49C1F8EC004B494848C0F886
:10334000F0104A49C0F8F4104949C0F8F81049494A
:10335000C0F8FC104349C0F80011C0F80411C0F8CF
:103360000811C0F80C11C0F810114249C0F814112E
:1033700041483B490865052081F8E6003F4840493F
:10338000086140493E4841614FF0834181613E49B7
:10339000C16101203A4908702C213C4881612D21EE
:1033A00041616421C16101210172417280F84810BC
:1033B000374901613749C1601721C171002141714D
:1033C000172180F82E10002180F82F10032180F89B
:1033D000301080F831105A21C0F83811C0F834117B
:1033E0000021C0F83C11032180F82811372180F812
:1033F0002911012180F868112749C0F830112749A7
:10340000C0F82C112B2180F82711012180F82511FB
:103410000021C0F8C811C0F8C411C0F8CC110121B6
:1034200080F8B811002180F8B911012180F8F81155
:103430001B49C0F8C0111B49C0F8BC11062180F817
:10344000B711002180F8B5110D2180F8BA1110BD17
:10345000C01B00204C040020AC480020EC200020C1
:10346000101C00200000A0410000B0410000B84145
:103470000000C0410000C841000020C100004041E0
:10348000A42300200000604100009041F01E0020B5
:10349000A470CA4233335341A470B8420000704153
:1034A000A470DE42000020412DE9F04188B00446BE
:1034B0000D4640F6FF774FF47848E6028DF80A5043
:1034C00000208DF80B0001208DF80C004FF6FF70E6
:1034D00000EA1640ADF80000B0B2ADF80200ADF859
:1034E0000470ADF806800120ADF808008DF80D00DD
:1034F0006846FDF705FF04A8FDF702FF08B0BDE828
:10350000F081000010B504460B480BF089FD0B4913
:103510000968401A0A490B4A127841F82200094802
:10352000047009480068C0F8CC4003480BF078FDEF
:103530000249086010BD0000C01B002040040020AC
:10354000D01B002044040020880400202DE9F04115
:1035500005460B461646294600226CE0087880286E
:1035600006DA0F781046541CA2B21F54491C62E0C0
:10357000087800F0E000C0283CD1487800F0C00096
:10358000802837D10C7848783F27D02C03D1812868
:1035900001D1A82725E0D02C08D1902806DBAF2840
:1035A00004DC00F1300C0CF0FF071AE0D02C08D13D
:1035B000B02806DBBF2804DC00F1300C0CF0FF075C
:1035C0000FE0D12C08D1802806DB8F2804DC00F125
:1035D000700C0CF0FF0704E0D12C02D1912800D12F
:1035E000B827944602F101081FFA88F203F80C701C
:1035F000891C20E00878E2280CD14878842809D179
:103600008878962806D1B9271046541CA2B21F54B8
:10361000C91C10E03F271046541CA2B21F54087862
:10362000E02801DA022005E00878F02801DA03201A
:1036300000E004200144087810B1701E90428DDC37
:10364000002098541046BDE8F081000010B50948EC
:103650000BF0E6FC08490968401A40F6B831884288
:1036600006D904480BF0DCFC03490860FFF70CFDA9
:1036700010BD0000C01B00208C040020024600206A
:1036800002EA01030BB1012000E000207047EFF3D4
:103690001080704780F3108870472DE9F041044690
:1036A0000025FFF7F4FF074672B6266801E06D1C9F
:1036B0003668A642FBD13846FFF7ECFF2846BDE846
:1036C000F08170B50446FFF7E2FF064672B6206847
:1036D000A04201D1012500E000253046FFF7DAFFC6
:1036E000284670BD0146802901DA0120704701F0AB
:1036F000E000C02801D10220F8E701F0F000E02846
:1037000001D10320F2E70420F0E70000074991F916
:103710000E0100F01F02012191404209920002F1C6
:10372000E022C2F8001100BF704700009847002057
:103730001CB56846FEF776FC4FF4407000900120FF
:103740008DF8040069461148FEF7F4FB6846FEF761
:1037500069FC40F60400009001208DF804006946E1
:103760000B48FEF7E7FB4FF400610948FEF758FCF1
:103770006846FEF757FC4FF40070009001208DF86A
:10378000040069460348FEF7D5FB1CBD000002405B
:10379000000402400008024000F01F020121914095
:1037A0004209920002F1E022C2F80011704700F0D5
:1037B0001F02012191404209920002F1E022C2F869
:1037C00000117047024609B9002070475018282898
:1037D00001DC0120F9E7FF2A05DD5018B0F59D6FE7
:1037E00001DC0120F1E70020EFE700604060704756
:1037F000064991F90E0100F01F0201219140044A8F
:10380000430942F8231000BF70470000984700208A
:1038100080E100E008B5FFF7EBFF09E069460848E2
:1038200000F08CF80748009900F077F8FEF7C2FC2A
:103830000448FFF732FF0228F0DBFFF767FF08BDFF
:10384000C4170020BC1700202DE9FC4106460F4696
:1038500014461D4664216846FFF762FA0CE0EBB29D
:10386000E2B239463046FDF7A5FA00B905E06846F0
:10387000FFF744FA00B100E0F1E700BFBDE8FC81CA
:1038800010B5002807DA0A07140E054A00F00F03E6
:103890001B1FD45403E00A07130E024A135410BD31
:1038A00018ED00E000E400E0BFF34F8F0648006829
:1038B00000F4E06005490843001D03490860BFF3B8
:1038C0004F8F00BFFEE700000CED00E00000FA059E
:1038D000BFF34F8F0648006800F4E06005490843D5
:1038E000001D03490860BFF34F8F00BFFEE70000D3
:1038F0000CED00E00000FA0570B505460C46FFF738
:10390000C6FE064672B62868206065602C60206896
:1039100044603046FFF7BEFE70BD70B505460C46EC
:10392000FFF7B5FE064672B62560686860606C6099
:10393000606804603046FFF7ADFE70BD70B50546A7
:103940000C46FFF7A4FE064672B628682060286879
:1039500000F009F8002021680860216848603046BE
:10396000FFF798FE70BD70B50446FFF790FE054660
:1039700072B6D4E900010860D4E900104860284616
:10398000FFF788FE70BD70B505460C46FFF77FFE59
:10399000064672B6686820606868FFF7E4FF00209A
:1039A00021680860216848603046FFF773FE70BDEB
:1039B0001CB51148B0F80C01009000208DF80400EF
:1039C00002208DF8050000208DF8060002208DF8F9
:1039D00007000949D1F804016946FEF7ABFA002057
:1039E0008DF804008DF807000349D1F804016946F9
:1039F000FEF7A0FA1CBD00009847002010B55548FE
:103A000000680068544988427ED152480068406985
:103A10005249884207D10120514948704D480068F9
:103A2000006CC1F8A4004B48006800694B4988420B
:103A300007D101204A49087046480068006CC1F867
:103A4000A4004448006880694449884202D10120AA
:103A5000444948703F480068C0694049884208D1DD
:103A60000120414948703B480068406C3C49C1F81E
:103A7000A80000204BE037490968203151F8201098
:103A80003A4A91421BD1012239490A543149096805
:103A9000343131F81010642911DC2E4909683431B1
:103AA00031F81010CAB232490F390A54294909684D
:103AB000343131F81010CAB22D490A390A54254957
:103AC0000968203151F82010284A521C91421DD11A
:103AD000022227490A541F490968343131F810106D
:103AE000642913DC1B490968343131F81010CAB25B
:103AF0001F490F390A5417490968343131F8101039
:103B0000CAB21B490A3900E01DE00A54401C0528CE
:103B1000B1DB104800684068401C0E4909684860E5
:103B20000C480068D0F8CC00102811D20949096867
:103B3000D1F8CC2007490968883101EB820001687F
:103B4000491C016004E040F224510A48FCF715FECC
:103B500010BD000088040020EFBEADDEEAEBFFC020
:103B600060430020D41E0020E21E0020E1FFC000C0
:103B7000581D0020004002401CB50E48B0F80C0152
:103B8000009001208DF8040002208DF8050000202F
:103B90008DF806008DF807000649D1F80401694642
:103BA000FEF7C8F9034AB2F80C11D2F80401FEF787
:103BB00037FA1CBD984700200248B0F80C010249B2
:103BC0000860704798470020143C014070B50446D7
:103BD0000D462B4600228021204600F079F928B1BD
:103BE000206E40F020002066032070BD0020FCE71E
:103BF0002DE9F84F04460F4690461D460A9EB248EE
:103C00000BF00EFA81464FF0000A00BF94F85C00FA
:103C1000012802D10220BDE8F88F012084F85C0061
:103C200000BF94F85D00012802D04FF0020A40E185
:103C30001FB1B8F1000F00D015B94FF0010A38E1FB
:103C4000052084F85D0000202066C4F84080A4F8B8
:103C50004650A4F84450A763E587A587A06AB0F54D
:103C6000005F10D19948006B00884DF6FF71084045
:103C70009649096B08809548006B008840F4005015
:103C80009249096B0880E068B0F5E06F08D98F4869
:103C9000006B008840F400608C49096B088007E0E5
:103CA0008A48006B008820F400608849096B08800E
:103CB0008648006B008800F04000402805D020684E
:103CC000008840F0400021680880E068B0F5E06FAF
:103CD0004ED945E0E08F00281FDD7C48006B00894D
:103CE00000F00200022818D1A06B00887749096B08
:103CF0008881A06B801CA063E08F401EE087E08F6E
:103D000058B9A06AB0F5005F07D17048006B008811
:103D100040F480506D49096B0880B4F846000028D3
:103D200012DD6A48006B008900F0010060B167484D
:103D3000006B8089216C0880206C801C2064B4F8A2
:103D40004600401EA4F84600701C48B15E480BF0C7
:103D500067F9A0EB0900B04202D34FF0030AA8E0D4
:103D6000E08F0028B6DCB4F846000028B2DC4BE057
:103D700043E0E08F00281EDD5448006B008900F00E
:103D80000200022817D1A16B481CA06308784F4994
:103D9000096B0873E08F401EE087E08F58B9A06A76
:103DA000B0F5005F07D14948006B008840F48050AF
:103DB0004649096B0880B4F84600002811DD4348E5
:103DC000006B008900F0010058B14048006B017B96
:103DD000226C501C20641170B4F84600401EA4F8F8
:103DE0004600701C48B138480BF01AF9A0EB0900E6
:103DF000B04202D34FF0030A5BE0E08F0028B8DC4A
:103E0000B4F846000028B4DCA06AB0F5005F35D1F4
:103E1000334601221146204600F05AF830B1206E98
:103E200040F0020020664FF0030A42E0E068B0F57F
:103E3000706F06D12548006B80890090BDF80000A6
:103E40001CE02248006B007B0090BDF80000206B56
:103E5000022813D1334601221146204600F038F8DB
:103E600030B1206E40F0020020664FF0030A20E0DF
:103E70001648006B007B0090BDF8000020680089A8
:103E8000C0F3001048B1206E40F0020020664FF6EB
:103E9000EF70216808814FF0010A31462046FFF794
:103EA00095FE08B120202066206E08B14FF0010A6F
:103EB00000BF012084F85D0000BF002084F85C0092
:103EC00000BF5046A7E60000C01B00209847002016
:103ED0002DE9F04104460E4617461D4626480BF0D4
:103EE0009FF8804640E0681CE8B335B122480BF0EB
:103EF00097F8A0EB0800A84236D32068808820F00D
:103F0000E000216888806068B0F5827F0DD1A068EC
:103F1000B0F5004F03D0A068B0F5806F05D12068E0
:103F2000008820F0400021680880A06AB0F5005F9A
:103F30000ED100BF206800884DF6FF71084021684F
:103F400008802068008840F400502168088000BF85
:103F5000012084F85D0000BF002084F85C0000BFF1
:103F60000320BDE8F081FFE70448006B0089304082
:103F7000B842B8D10020F4E7C01B002098470020C9
:103F800010B50120FEF7A6FB00BF6120FEF76EFB17
:103F90000028FAD045F25550FEF7F4F90420FEF758
:103FA000E5F940F6FF70FEF7E7F9FEF7D7F9FEF7FF
:103FB000CDF901210803FDF7BDFC10BD2DE9FC5F23
:103FC00004468A464FF000080020019081460025F3
:103FD00045E0665D3046FFF785FB0090202E02D15C
:103FE000D14500DAA846202E00D056BBD14528DDA9
:103FF0002046FCF7E7FA8346584603E0225C411C62
:104000006254401E4045F9DA0A2004F808000D21E8
:1040100008F101002154A84500DC6D1C08F10207DD
:1040200001974FF00009019F05E009F10109E05DEA
:10403000FFF758FB0744AF4202DAE05D0028F4D1F5
:1040400000BF0A2E01D00D2E04D1681C01904FF044
:10405000000901E009F101090098054400BF605D15
:104060000028B6D12046BDE8FC9F38B505460C4671
:1040700007E069462046FFF786FC28460099FFF7CF
:104080003BFC2046FFF71DFB0028F2D038BD0000A6
:1040900010B5044694F88000C01EA07094F88020EB
:1040A0002146024802F0CAFB10BD00009C380020E7
:1040B00010B5002200F8802F5A230478621C00F803
:1040C00080290355A52310F8804F0278521C00F870
:1040D00080290355002310F8804F0278521C00F805
:1040E0008029035510F8803F0278521C00F880297F
:1040F000C15410BD90F88020521C802A00DD70470A
:1041000010F8803F0278521C00F88029C15400BF8B
:10411000F5E710B590F88020921C802A00DD10BDD4
:10412000C1F3072310F8804F0278521C00F8802951
:10413000035510F8804F0278521C00F88029015571
:1041400000BFECE7002180F88010704710B58AB0FE
:10415000044601210846FEF7B3F901210220FEF7CB
:10416000AFF901210420FEF7ABF908A8FDF75AFFCB
:104170004FF4E070089001208DF8240002208DF8A3
:10418000250008A97048FDF7D5FE08A8FDF74AFFED
:104190004FF48060089001208DF8240002208DF8F3
:1041A000250008A96948FDF7C5FE01210846FEF76C
:1041B000B7F901210420FEF793F901210820FEF749
:1041C0008FF908A8FDF72EFF4FF4707008900220B9
:1041D0008DF824008DF8250008A95C48FDF7AAFE9B
:1041E000022206215948FDF7EDFE02220721574819
:1041F000FDF7E8FE022208215448FDF7E3FE022203
:1042000009215248FDF7DEFE08A8FDF70BFF01204B
:10421000089002208DF824008DF8250008A94C484C
:10422000FDF788FE022200214948FDF7CBFE05A8D4
:10423000FEF75AFD1D20ADF8140064200690002002
:10424000ADF81C00ADF8160005A94248FEF70AFDBE
:104250006846FEF7FDFC6020ADF800000120ADF8D7
:10426000020000200290ADF80C0069463948FEF7C4
:10427000D3FB69463748FEF70DFC69463548FEF723
:104280005BFC69463348FEF7A7FC05A8FEF72CFD4A
:104290001D20ADF81400642006900020ADF81C002D
:1042A000ADF8160005A92C48FEF7DCFC6846FEF7C1
:1042B000CFFC6020ADF800000120ADF80200002026
:1042C0000290ADF80C0069462348FEF7A5FB05A84F
:1042D000FEF70AFD1D20ADF81400642006900020B2
:1042E000ADF81C00ADF8160005A91C48FEF7BAFC95
:1042F0006846FEF7ADFC6020ADF800000120ADF887
:104300000200002002900220ADF80C00694613481C
:10431000FEF782FB69461148FEF7BCFB01210D4800
:10432000FEF755FB01210C48FEF751FB012109481E
:10433000FEF759FB01210848FEF755FB002105480F
:10434000FEF736FB0AB010BD000802400004024030
:104350000000024000080040000C00400000014046
:1043600030B50246052915DA002011E002F14A04B1
:10437000645C451C04FB05F3DC1703EB5474C4F3C5
:10438000C70502F14F0404EBC1042554431CD8B205
:104390000828EBDB30BD000070B502461A48405CCF
:1043A000022803D11948B0F92E0070BD1848C07812
:1043B00008B10A20F9E7164890F8C46090F8C300E5
:1043C000C0EB001006EB8004114890F8C66090F82E
:1043D000C500C0EB001006EB80050D4890F8C160E9
:1043E00090F8C000C0EB001006EB8003A34206DB90
:1043F000AB4204DA02F11E0030F91100D5E702F1F8
:10440000280030F91100D0E7441D0020301E0020A4
:10441000604300202DE9FF5F83468A460BF10F01C0
:1044200011F80A20394931F9120012F0DCFE8046F9
:104430000022374B12F050FDCDE90201514658469B
:10444000FFF7AAFF804612F0CEFECDE90001DDE9BC
:10445000022313F06FF804460D462E4951F82A0046
:1044600013F052F9064622462B4612F0E7FE0FD80B
:104470000BF10F0010F80A00072809DA0BF10F0002
:1044800010F80A00401CC1B20BF10F0000F80A102E
:104490000BF10F0111F80A201C49103931F91200F3
:1044A00012F0A1FE06460022194B12F015FDCDE9CF
:1044B000020151465846FFF76FFF064612F093FE81
:1044C000CDE90001DDE9022313F034F804460D467E
:1044D000104951F82A0013F017F9804622462B465E
:1044E00012F0E6FF0FD80BF10F0010F80A000028B9
:1044F00009DD0BF10F0010F80A00401EC1B20BF1EC
:104500000F0000F80A10BDE8FF9F0000DC1D00202E
:1045100000002440441C00202DE9FC5F82468B46AD
:104520001F4810F80B0002280AD11E49B1F92E10BD
:104530001C4AB2F93020881A13F07EFABDE8FC9FBD
:104540001948C07888B1BAF9A80012F04CFE80462C
:104550000022164B12F0C0FC06460022134B12F04C
:10456000DDFF044612F0D2FBE8E7BAF9840012F04E
:104570003AFE044600220D4B12F0AEFCCDE90001DC
:1045800059460748FFF708FF044612F02CFE06467E
:10459000DDE9002312F0CEFF804612F0B7FBCDE735
:1045A000441D0020301E00206043002000002440F5
:1045B0002DE9FF5F82464FF0000BC2E11AF80B00B5
:1045C000022804D101210AF1140000F80B100AF1AD
:1045D0007F0010F80B0088B10BF0FF015046FFF789
:1045E0009BFF0446FE4850F82B10204613F050FB6A
:1045F00004D800210AF17F0000F80B100AF17F00B7
:1046000010F80B00A0B90BF0FF01F648FFF7C4FE4D
:10461000054613F011FA0446F14850F82B102046D5
:1046200013F036FA04D801210AF17F0000F80B10CC
:104630001AF80B0003281EDA0AF17F0010F80B00AD
:10464000A0B9E848143010F80B0001280ED1E64854
:10465000407828B9E448007810B9E348C07828B118
:1046600001210AF1370000F80B1004E000210AF1E3
:10467000370000F80B101AF80B0003287ED10AF15E
:10468000140010F80B00012879D1D748407830B9D0
:10469000D5480078D449C978084300286FD00BF07A
:1046A000FF015046FFF778FE9AF8B810451A2846E1
:1046B00013F0C2F90446CA4850F82B10204613F0F4
:1046C000E7FA11D201210AF1E40000F80B10C74803
:1046D0000AF0A6FC0AF1BC0141F82B0000210AF106
:1046E000D00040F82B10B1E00BF0FF015046FFF76F
:1046F00053FE054613F0A0F90446B94850F82B10B4
:10470000204613F0C5F911D200210AF1E40000F8A7
:104710000B10B6480AF084FC0AF1BC0141F82B00EA
:1047200000210AF1D00040F82B108FE09AF8B80071
:1047300012F070FD064600224FF0804312F0CCFBD1
:10474000CDE902010BF0FF015046FFF725FE0646BA
:1047500012F049FDCDE90001DDE9022312F0EAFE85
:1047600004460D469E4951F82B0012F0CDFF8046BD
:1047700022462B4612F062FD43D201E086E060E063
:104780009A480AF04DFC0AF1BC0151F82B10411A6D
:104790000AF1D00050F82B00814257D993480AF013
:1047A0003FFC0AF1BC0141F82B000AF1E40010F8CB
:1047B0000B0008B9012100E000210AF1E40000F833
:1047C0000B1010F80B00B0B185483438016D8848E3
:1047D00013F09AFA0646874913F030F8054613F0AD
:1047E000EFF804460122214680480AF0F7FB47F221
:1047F0003051484300E014200AF1D00141F82B0069
:1048000024E07A480AF00CFC0AF1BC0151F82B10A4
:10481000411A0AF1D00050F82B00814216D900212C
:104820000AF1E40000F80B1070480AF0F9FB0AF1F5
:10483000BC0141F82B0014210AF1D00040F82B10E4
:1048400004E000210AF1E40000F80B100AF1E40092
:1048500010F80B0008B1012100E000210AF1370037
:1048600000F80B1010F80B0040B164210AF10500AC
:1048700000F80B10401D00F80B1007E000210AF1B2
:10488000050000F80B10401D00F80B101AF80B0083
:10489000012854D10AF1140010F80B00012832D17C
:1048A0000AF17F0010F80B0068BB4F48407828B928
:1048B0004D48007810B94C48C07820B34848343887
:1048C00090F8740018B14C4890F89400D8B90BF0E7
:1048D000FF015046FFF79EFD0AF17A0010F80B0029
:1048E00020B10AF1320010F80B0007E00AF14F0086
:1048F00000EBCB01403810F80B00085C0AF1050111
:1049000001F80B0004E000210AF1050000F80B108B
:104910000AF1140010F80B00022806D10AF1320047
:1049200010F80B102D3800F80B100AF1140010F8D5
:104930000B0020B900210AF1050000F80B100BF163
:10494000010BBBF1050FFFF639AE28480AF068FBF2
:104950002A490968401ABAF8781088427DD9234854
:104960000AF05EFB2549086000201FE00AF10A01F9
:104970000A5C491F095C8A4207DA0AF10A01095CEC
:10498000491CCAB20AF10A010A540AF10A010A5C76
:10499000491F095C8A4207DD0AF10A01095C491EC8
:1049A000CAB20AF10A010A54411CC8B20528DDDB6B
:1049B000114890F88E0038B19AF8B40020B1642103
:1049C0008AF80E108AF809100B4890F88E00C8B9C2
:1049D0009AF8B400B0B100218AF80E1010E000007F
:1049E000441C0020441D002060430020C01B002008
:1049F0000000F04100002041301E00206C04002027
:104A00008AF809103D4890F88F0038B19AF8B5003F
:104A100020B164218AF80D108AF80810374890F800
:104A20008F0038B99AF8B50020B100218AF80D102E
:104A30008AF8081000200EE03149095C19B93049A4
:104A4000491D095C29B100220AF105010A54491DDA
:104A50000A54411CC8B20528EEDB9AF80000012870
:104A600006D19AF80A20632126480AF0BEFA01E02E
:104A70009AF80A00244908609AF80100012806D132
:104A80009AF80B2063211F480AF0AFFA01E09AF868
:104A90000B001D49091D08609AF80200012806D183
:104AA0009AF80C20632117480AF09FFA01E09AF85F
:104AB0000C001549083108609AF80300012806D156
:104AC0009AF80D2063210F480AF08FFA01E09AF856
:104AD0000D000D490C3108609AF80400012806D138
:104AE0009AF80E20632107480AF07FFA01E09AF84D
:104AF0000E0006490860BDE8FF9F0000301E002040
:104B0000AC1C0020C01B002034080040340C0040C6
:104B100070B50446EC212046FBF72FFE002518E077
:104B2000162104F11E0020F8151014210A3020F877
:104B300015100A210A304155502118304155294697
:104B40002046FFF70DFC082104F144004155681C84
:104B5000C5B2052DE4DB012020704FF49670A4F857
:104B600078000A20A4F898000F219A2001531421FC
:104B70009C20015319219E2001531E21A020015386
:104B80002321A22001532821A420015305218A209A
:104B900001530A218C2001530F218E20015314212F
:104BA000902001531921922001531E21942001537A
:104BB0002321962001533220A4F8A800204670BD7E
:104BC0002DE9F04104460E4684F82460FE480AF0C0
:104BD00027FA2065082E6ED006DC012E0BD0022E9F
:104BE0006AD0032E69D121E1092E67D00F2E78D02B
:104BF000102EF7D17EE2002534E0F448405D00F04D
:104C0000010020B1F1481E3030F9150000E0FF200E
:104C1000C2B2681C04F124010A54EC48405D00F063
:104C2000010020B1E948283030F9150000E0FF20EC
:104C3000C2B2A81D04F124010A54E448405D30B119
:104C4000E34951F82500E34912F08AFD00E0E2480B
:104C5000074612F0D1FEC2B205F10B0004F12401A7
:104C60000A546D1C052DC8DBFF2134200155DB489B
:104C7000007808B1012100E0002135200155005DD8
:104C8000D649497809B1012100E0002140EA4101FB
:104C900035200155005DD249497809B1012100E074
:104CA000002140EA411135200155005DCD49497888
:104CB00029B1012104E009E114E05BE2A7E1002150
:104CC00040EA811135200155C1493439086DC14987
:104CD00012F046FD054612F08FFEC1B23620015596
:104CE0004AE2C7E1B94890F87A00802101EAC01190
:104CF00025200155005DB54991F8321001F07F0182
:104D0000084325210855B14890F87B00802101EA2D
:104D1000C01126200155005DAC4991F8331001F017
:104D20007F01084326210855A84890F87C0080217F
:104D300001EAC01127200155005DA44991F8341003
:104D400001F07F01084327210855A04890F87D0015
:104D5000802101EAC01128200155005D9B4991F88E
:104D6000351001F07F01084328210855974890F835
:104D70007E00802101EAC01129200155005D934980
:104D800091F8361001F07F01084329210855FF21D1
:104D90002A200155944890F86D122B200155924815
:104DA00090F86E122C2001558F4890F86F122D202C
:104DB00001558D4890F870122E2001558A4890F8C0
:104DC00071122F200155814800788049497840EAC6
:104DD0000110C1B2302001557C4880787B49C978E8
:104DE00040EA0110C1B231200155784801793220E2
:104DF00001557648407D00F003017448007D61F361
:104E00009F007249897D01F0030140EA01116F485A
:104E1000C07D00F0030041EA8011332001556B484A
:104E2000007E00F0030134200155A5E1FF2125207B
:104E300001556A4890F8C31026200155674890F83C
:104E4000C41027200155654890F8C5102820015549
:104E5000624890F8C61029200155FF212A200155EB
:104E60002B2001555D48B0F86200010A2C20015545
:104E70005A4890F862102D200155584890F86F104C
:104E80002E200155554890F86D102F20015554489B
:104E900000785449097840EA4100C1B231200155F7
:104EA0004F488179322001554E4881793320015590
:104EB0004C4800890112342001554A48017A3520B6
:104EC00001554748817A3620015555E14748C07859
:104ED00000EBC0014548001D00EBC10090F82A100E
:104EE000252001554148C07800EBC0013F48001D16
:104EF00000EBC10090F82B10262001553B48C078EC
:104F000000EBC0013948001D00EBC10090F82C10E7
:104F1000272001553548C07800EBC0013348001DFB
:104F200000EBC10090F82D10282001552B4890F877
:104F30008C1029200155294890F88D102A20015500
:104F4000264890F88E102B200155244890F88F1099
:104F50002C200155264801782D2001552448401C5D
:104F600001782E2001552248801C01782F20015500
:104F70001F48C01C0178302001551C48C07800EB48
:104F8000C0011A48001D00EBC100808EC0F307214C
:104F9000312001551548C07800EBC0011348001DB1
:104FA00000EBC10090F83410322001550F48C07852
:104FB00000EBC0010D48001D00EBC100008FC0F3E5
:104FC00007213320015515E0C01B0020441D00209F
:104FD000441C00200000204200007F43604300206A
:104FE000D41E0020E21E0020EC200020F01E002035
:104FF000C6FF03086448C07800EBC0016248001D8A
:1050000000EBC10090F8381034200155B4E021784D
:10501000252001556178262001555C48017827201C
:1050200001555A48401C0178282001555748801CDA
:105030000178292001555548C01C01782A200155C6
:1050400000212B2001552C2001552D2001552E200B
:1050500001552F200155A078012804D14C4A06CAD9
:10506000C4E90C1205E0FF22082104F13000FBF72F
:105070005AFB81E04748017C807D41EA0010C1B2C3
:10508000252001554348017F90F8220041EA001095
:10509000C1B2262001553F4890F8281090F82E0004
:1050A00041EA0010C1B2272001553A4890F8341067
:1050B00090F83A0041EA0010C1B228200155354865
:1050C00090F8401090F8460041EA0010C1B2292043
:1050D000015500200BE000EB40022E49103101EB9E
:1050E00042010B79811D04F124025354401C0A280B
:1050F000F1DB41E000200BE000EB400225491031DC
:1051000001EB42014B78411C04F124025354401C32
:105110000A28F1DB002008E01E4908310B5C00F191
:105120000B0104F124025354401C0428F4DB1948F9
:10513000017B407B41EA0010C1B233200155154884
:10514000817BC07B41EA0010C1B2342001550E4979
:10515000C97801EBC1020C49091D01EBC201886845
:105160000D4912F0C9FC054612F046FCC1B23520CB
:10517000015501E0BDE8F08100BF04F124010748BA
:105180000EF032FF00BFF5E7F01E0020C6FF030857
:1051900008800008E82300200000204198470020F4
:1051A00002465820B1F1006F04D32E4B994201D230
:1051B000002056E02B4B994204D32B4B994201D24D
:1051C00008204EE0284B994204D3284B994201D243
:1051D000102046E0254B994204D3254B994201D239
:1051E00018203EE0224B994204D3224B994201D22F
:1051F000202036E01F4B994204D31F4B994201D225
:1052000028202EE01C4B994204D31C4B994201D21A
:10521000302026E0194B994204D3194B994201D210
:1052200038201EE0164B994204D3164B994201D206
:10523000402016E0134B994204D3134B994201D2FC
:1052400048200EE0104B994204D3104B994201D2F2
:10525000502006E00D4B994203D3B1F1016F00D20B
:1052600058207047004000080080000800C0000877
:105270000000010800000208000004080000060801
:105280000000080800000A0800000C0800000E08D2
:1052900070B504463E4890F87E000E2816D13D4871
:1052A00009F0BEFE6169401A42F2107188420DD9C0
:1052B000384809F0B5FE606109212046FFF780FCFF
:1052C000334890F89A1002F0AFFC70BD304890F867
:1052D0007900012829D12070002060702D4809F044
:1052E0009FFE6061211D204600F0CAFA0120A070D7
:1052F0000020274981F87900084690F89A1002F0BA
:1053000093FC09212046FFF75BFC00250BE02148B8
:1053100009F086FE08B1012100E0002104F13C0003
:105320004155681CC5B2142DF1DB194890F879007D
:1053300002281DD1002020700120607016490870DD
:10534000144809F06DFE00F6B830144908601148A1
:1053500009F066FE606100200D4981F87900084679
:1053600090F89A1002F060FC09212046FFF728FC13
:105370000948007850B1074809F052FE074909680A
:10538000884203D9002004490870607000BF9CE780
:1053900060430020C01B00209C170020A0170020A5
:1053A00010B5044654212046FBF7E7F9204600F0EB
:1053B0000DFB204600F0AEFB10BD0000FEB504461C
:1053C000F84809F02DFEF8490968401AB0F57A7FCF
:1053D00004D9F44809F024FEF34908602046FFF799
:1053E00057FFF2480EF05EFCF04890F8350038B9EF
:1053F000002020706070A0700120E061A061FEBDFF
:10540000EA4890F83600002872D00020E74981F879
:105410003600084690F838701422383104F1240020
:10542000FBF744F92078012801D0072F7ED1052F02
:105430007DD006DC012F0BD0022F5AD0032F56D17E
:1054400091E0072F74D0092F73D0102FF7D168E1A6
:10545000002013E0411C04F12402515C09290CDDF9
:10546000411C515C212908DAD149095C29B1411C50
:10547000525CCF491E3121F81020401C0528E9DB81
:10548000002013E0811D04F12402515C09290CDD88
:10549000811D515C212908DAC549095C29B1811DAA
:1054A000525CC349283121F81020401C0528E9DB53
:1054B0003520005D00F00100BE4908703520005D18
:1054C000C0F3400048703520005DC0F34010BA4979
:1054D00048703520005DC0F38010B8494870352011
:1054E000005D00F0100010B1B5480AF00DF92BE195
:1054F000A0E1002012E0411C04F12402515CCA0921
:10550000AB497A310A54411C04F12402515C01F088
:105510007F02A74932310A54411CC8B20528EADB90
:105520003320005D00F00300A14903E00DE195E0A8
:10553000B6E0ECE008753320005DC0F381019C48C3
:1055400041753320005DC0F3011199488175332006
:10555000005D81099648C1753420005D00F00301AB
:1055600093480176F0E02620005D182804DA262012
:10557000015D904880F8C3102720005D3C2804DAC4
:105580002720015D8B4880F8C4102820005D182872
:1055900004DA2820015D874880F8C5102920005DC5
:1055A0003C2804DA2920015D824880F8C6102C20AE
:1055B000005DFF2803D12D20005DFF2808D02D209D
:1055C000015D2C20005D01EB00207A49A1F862000A
:1055D0002F20005D032806DA2F20005D00F0030075
:1055E000744981F86D003220005D332807DA3220DB
:1055F000005D032803DD3220005D6F49C880332041
:10560000005D512803DA3320005D6C49C8803520E5
:10561000015D3420005D01EB0020092811DD3520FB
:10562000015D3420005D01EB002040F2AB51884267
:1056300007DA3520015D3420005D01EB00205F4971
:1056400008813620005D012807DD3620005D0B282B
:1056500003DA3620005D5849488175E0534890F8D8
:10566000390001281BD0514890F83900022816D083
:105670004E4890F83900AA2804D10020514908600A
:10568000FEF726F9494890F83900A52807D149487E
:1056900006F00EF94C484B490860FEF719F953E043
:1056A0002520015D4348C0F8B8102620015D41481F
:1056B000C0F8B4102720005D3E49C1F8B000282092
:1056C000015D3C48C0F8BC102920015D394880F8D4
:1056D000C0102A20015D374880F8C1102B20015DE1
:1056E000344880F8C21090F8C21090F8C100314AD6
:1056F00092F8C020CDE9002002912E4890F8B830F1
:1057000090F8B42090F8B01006F0C4FF1CE02520FB
:10571000005D28B92620005D012801D100202070FD
:1057200012E000260DE0701C04F12401085CFF2843
:1057300006D0701C0B461A5CF1B224480BF098FBA3
:10574000761C0A2EEFDB00BF00BF2078002871D145
:10575000052F6FD1134809F063FC6169401A42F6C6
:10576000F821884266D9102210493931201DFAF7F4
:1057700054FF104890F87E000E285BD000202BE0EC
:10578000002600250AE0211D495D114A02EB0012A6
:10579000525D914200D00126691CCDB2082DF2DB8A
:1057A000C6B91BE0C01B00209817002098470020B6
:1057B000441D002060430020D41E0020E21E002073
:1057C000EC200020FC03002055AA1600E82300204E
:1057D00010800008411CC8B21028D1DB7EB900251A
:1057E0000BE005F10800211D085C21492944097AD4
:1057F000884200D00126681CC5B2082DF1DB012EBD
:1058000009D11C4809F00CFC6061002060701A4846
:1058100006F0B8F90DE0012020700020A07000BF54
:1058200005E0012204F13C010A54411CC8B21428CD
:10583000F7DB00BF002616E004F13C00805D88B174
:105840000C4809F0EDFB0D490968401A322809D9C6
:10585000207838B1002104F13C008155F1B2204696
:10586000FFF7AEF9761C142EE6DB00BFC7E500009B
:1058700000800008C01B0020604300209417002017
:105880002DE9F04FC9B082460F46FCF7F9FA00BF88
:105890004C48006800F480300028F9D14948D0F81D
:1058A0000090B9F1000F02D04846FCF731FA00260B
:1058B00037E04FF0010B4FF000080CE0424800EBDE
:1058C000061010F80800FF2801D04FF0000B08F177
:1058D000010000F0FF08B8F1100FEFDBBBF1010F82
:1058E0001DD1002414E03D5D601C385C05EB0025F3
:1058F000A01C385C05EB0045E01C385C05EB00653E
:10590000314901EB061108192946FCF78BFA241DD1
:10591000082CE8D3FCF76AFA49B0BDE8F08F701C98
:10592000C6B2102EC5DB002405E027482038205CD5
:1059300001A90855641CB4F5907FF6D3224920399B
:105940005046FFF72DFC02210090FCF7E7F900BF5D
:105950001C48006800F480300028F9D1202405E0BC
:1059600001A904F11000085C0855641CB4F5887F97
:10597000F6D3002405E0395D04F5887001AA1154BE
:10598000641C082CF7D3002415E001A8055D601CF9
:1059900001A9085C05EB0025A01C085C05EB00458F
:1059A000E01C085C05EB00650749203960182946B2
:1059B000FCF738FA241DB4F5907FE6D3FCF716FA0D
:1059C00000BFA9E70C3C0240208000082DE9F04709
:1059D000C8B081464C484079202874D14A48807923
:1059E0002028FAD14848C0792028F6D1FCF748FA97
:1059F00000BF4648006800F480300028F9D14348D1
:105A0000D0F80080B8F1000F02D04046FCF780F9D2
:105A1000002404E03C48205C0DF80400641CB4F54C
:105A2000907FF7D338494846FFF7BAFB82460221F8
:105A3000FCF774F93548D0F80080B8F1000F02D0B7
:105A40004046FCF765F900BF3048006800F480303C
:105A50000028F9D1002418E0002500260BE006EB11
:105A600044012B4810F8110000F00F0005432807EF
:105A7000050E701CC6B2022EF1DB05F1200000F00D
:105A80003F05601D0DF80050641C032CE4D3002476
:105A900015E0002500260BE006EB44011C4810F839
:105AA000110000F003000543A806050E701CC6B2E5
:105AB000042EF1DB04F110000DF80050641C082CDA
:105AC000E7D3002417E01CE01DF80470601C1DF8EB
:105AD000000007EB0027A01C1DF8000007EB0047A3
:105AE000E01C1DF8000007EB006707496018394605
:105AF000FCF798F9241DB4F5907FE5D3FCF776F90F
:105B000000BF48B0BDE8F087008000080C3C0240B0
:105B1000641C00202DE9F0418046002407E01D4868
:105B20002044007AFF2801D0BDE8F081641C082CD5
:105B3000F5D3FCF7A5F900BF1748006800F48030E2
:105B40000028F9D11448076817B13846FCF7E0F887
:105B5000002419E0002500260CE004EB440006EBCD
:105B600040010E4810F8110000F0010005436D00DF
:105B7000701CC6B2202EF0DB0649083101EB840010
:105B80002946FCF74FF9641C022CE3D3FCF72EF9ED
:105B900000BFC9E7008000080C3C0240641C0020E4
:105BA00070B586B005460C46052C01DB06B070BD0D
:105BB0001148005DF0B16523104A0621284600F027
:105BC0004DF80646FF200290039004900146059090
:105BD0000948401D005D4006000ECDE90001064861
:105BE0007A30005D40F0FC03601CC2B231460448CC
:105BF00009F0E0FB00BFD9E7441D0020E4FF0100ED
:105C00003824002030B587B004466523104A0621A9
:105C1000204600F023F805460E4890F893000D4901
:105C200091F892100B4A92F891200A4B93F8903019
:105C3000CDE90232CDE90410FF2000900346A622F0
:105C400029460190044809F0B5FB07B030BD0000BB
:105C500065EF0100604300203824002030B5044681
:105C6000C2F3100043EA002001F0070540EA856016
:105C700030BD000030B587B004466523104A0621C8
:105C80002046FFF7EBFF05460E4890F88F000D49C0
:105C900091F88E100B4A92F88D200A4B93F88C30B5
:105CA000CDE90232CDE90410FF2000900346A52281
:105CB00029460190044809F07DFB07B030BD000083
:105CC00065EF0100604300203824002030B587B024
:105CD000044665230E4A06212046FFF7BFFF05460E
:105CE000FF220C4800790B49C978CDE90302094825
:105CF00005920291807807494978CDE9001005485E
:105D00000378AA222946044809F054FB07B030BDA5
:105D100065EF0100441D0020382400202DE9F041EA
:105D200086B004463348C07800EBC0013148001DFE
:105D300000EBC100406B3C21B0FBF1F0C0F3074524
:105D40002C48C07800EBC0012A48001D00EBC100C0
:105D5000406B3C21B0FBF1F0C0F307262548C0782A
:105D600000EBC0012348001D00EBC100406B3C214B
:105D7000B0FBF1F0C7B265231F4A06212046FFF7AA
:105D80006DFF80461B48C07800EBC0011948001D1C
:105D900000EBC10090F82D001649C97801EBC10253
:105DA0001449091D01EBC20191F82C10114AD27857
:105DB00002EBC2030F4A121D02EBC30292F82B2022
:105DC0000C4BDB7803EBC30C0A4B1B1D03EBCC0322
:105DD00093F82A30CDE90065CDE90232CDE904100F
:105DE0003B46A4224146054809F0E4FA06B0BDE866
:105DF000F0810000F01E002065EF01003824002033
:105E00002DE9F04186B006461D484078402141EA20
:105E100080001B49897840EA0110C7B21848B0F9E0
:105E2000040000F211104FF6FF7101EA401414480B
:105E3000B0F9060000F2111001EA40156523114A7D
:105E400006213046FFF70AFF8046FF230C48807A80
:105E500000EB80004006000E2912EAB2CDE90403EF
:105E6000CDE902212012E1B23B460122CDE900102A
:105E70004146054809F09EFA06B0BDE8F0810000F1
:105E8000D41E0020FCFE0100382400202DE9F04142
:105E900086B006460C46092C02DD06B0BDE8F0814E
:105EA000052C25D14149086D414911F059FC804626
:105EB0004FF0844111F020FE074611F09DFD85B2A0
:105EC00065233C4A06213046FFF7C8FE0746FF20FF
:105ED000029003900490014605902812EBB2CDE9A0
:105EE0000001601CC2B23946334809F063FA00BFB2
:105EF000052C2ADA3148005D38B32C49343151F889
:105F000024002B4911F02CFC80464FF0844111F005
:105F1000F3FD074611F070FD85B26523254A062181
:105F20003046FFF79BFE0746FF2002900390049047
:105F3000014605902812EBB2CDE90001601CC2B207
:105F400039461D4809F036FA00BF052C2BDD1C48E8
:105F5000007840B3A11F1A4A103252F821001449A8
:105F600011F0FEFB80464FF0844111F0C5FD07465D
:105F700011F042FD85B265230E4A06213046FFF737
:105F80006DFE0746FF2002900390049001460590A5
:105F90002812EBB2CDE90001601CC2B239460648B6
:105FA00009F008FA00BF00BF77E70000101C0020CE
:105FB000008088439CFF010038240020441D0020FD
:105FC000A4230020F0B587B006464FF0FF341E48EA
:105FD000007810B11D48D0F8A8401D4801F0DEFB44
:105FE0001C4991F8741009B1012100E0002141EA37
:105FF0008000C0B240F0F0056523174A0621304604
:10600000FFF72CFE0746FF23C4F30740C4F3072124
:10601000E2B2CDE90403CDE902210E4890F8E60092
:106020000E49C97801EBC1020C49091D01EBC201FF
:1060300091F83C102B46A922CDE9001039460848BA
:1060400009F0B8F907B0F0BDE21E0020604300205F
:10605000301E0020101C002065EF0100F01E002003
:106060003824002030B587B004466523154A062140
:106070002046FFF7F3FD0546FF231348B0F84C0018
:10608000C0F30720104991F84C100F4AB2F8402095
:10609000C2F30722CDE90403CDE902210A4890F8B2
:1060A00040000949898FC1F30721CDE90010064856
:1060B00090F83C30A2222946044809F07BF907B049
:1060C00030BD000065EF0100301E002038240020A4
:1060D00030B587B004466523154A06212046FFF7F0
:1060E000BDFD0546FF231348B0F85800C0F3072054
:1060F000104991F858100F4AB2F85420C2F3072201
:10610000CDE90403CDE902210A4890F85400094979
:10611000B1F85010C1F30721CDE90010054890F8FF
:106120005030A3222946044809F044F907B030BD95
:1061300065EF0100301E00203824002030B587B004
:1061400004466523104A06212046FFF787FD0546D1
:10615000FF2002900390049005900C48D0F8A40012
:10616000C0F307400949B1F8A410C1F30721CDE9F4
:106170000010064890F8A430A1222946044809F0EE
:1061800019F907B030BD000065EF01006043002041
:10619000382400202DE9F04186B007460C46052C36
:1061A00002DB06B0BDE8F08140251D48005D0128F6
:1061B00001D145F002051A48005D022801D145F0E1
:1061C000040517481438005D38B3214614481438C4
:1061D000FEF7E2F800F211104FF6FF7101EA4016E7
:1061E0006523104A06213846FFF738FD8046FF2117
:1061F0003012CDE902010491F0B2059108490F393E
:10620000095D4906090ECDE90010601CC2B22B469B
:106210004146054809F0CEF800BF00BFC1E70000C5
:10622000581D0020E2FF010038240020F0B587B09F
:1062300005460C46052C01DB07B0F0BD1248005D99
:1062400000B30026114806F081FA00B101260F487C
:10625000C07800B1FA2665230D4A06212846FFF7CB
:10626000FDFC0746FF200290039004900321059057
:10627000CDE90010601CC2B233463946054809F02A
:1062800099F800BF00BFD7E7441D002060430020FD
:10629000FAFE0100382400202DE9F04387B00746BC
:1062A000234800782249497840EA410000F0FF087D
:1062B000C324204801F094FA00F211104FF6FF7148
:1062C00001EA40151C48B0F9480000F2111001EA3B
:1062D00040161A48C07800EBC0011848001D00EBBA
:1062E000C10090F83C0008B144F00404114801F0EA
:1062F00055FA44EA0010C4B26523114A0621384613
:10630000FFF7ACFC8146FF223012F1B2CDE9044226
:10631000CDE902102812E9B243460122CDE900106E
:106320004946084809F046F807B0BDE8F083000088
:1063300060430020301E0020101C0020F01E0020B2
:10634000F7FF010038240020F0B587B00646144856
:10635000007810B11248447800E00F24114890F8FA
:10636000B30004EB0010104991F8941000EB811079
:10637000C5B265230D4A06213046FFF76FFC07467C
:10638000FF200290039004900590034601223946B5
:10639000CDE90050064809F00DF807B0F0BD000047
:1063A000E21E0020101C0020301E002099FE01007B
:1063B0003824002030B587B0044665231E4A0621E4
:1063C0002046FFF74BFC05461C4890F83600400677
:1063D000000E1A4991F835104906090E174A92F82D
:1063E00034205206120E154B93F833305B061B0E09
:1063F000CDE90232CDE90410104890F83200400691
:10640000000E0F49C97801EBC1020D49091D01EBCE
:10641000C20191F824102831C9B2CDE90010094811
:1064200090F848002830C3B2A0222946064808F058
:10643000C1FF07B030BD000065EF0100441D002022
:10644000F01E0020101C0020382400202DE9F14F00
:106450008EB0FF200B900A9009900020089000BF9A
:1064600005E03349095C09B101210891401C052868
:10647000F7DB304890F89F0208B9012000E00020C7
:106480000D902D48C07800EBC0012B48001D00EB9B
:10649000C10090F83C0028B9284801F07FF908B9FC
:1064A000089808B1012000E000200C900025214848
:1064B00090F89F0208B1012400E00024FF274FF06C
:1064C0007F084FF001091B4890F89F0220B119483E
:1064D00000780B9001200A9065264FF0FF0AD34602
:1064E0006523174A06210E98FFF7B8FB079048EA84
:1064F000C910C0B2099901F0070147EA4111CDE97D
:1065000004ABCDE90210DDE90A10CDE90001DDE9B7
:106510000C1040EA810040EA051040EA8410C2B243
:1065200033460848079908F045FF0FB0BDE8F08FE3
:106530004E1D0020EC200020F01E0020301E002008
:10654000CAFE01003824002070B586B005466523D8
:10655000134A06212846FFF781FB0646FF22114811
:106560000489E01704EB1060C0F307200D49097A95
:10657000CDE903020B480592029180792830C0B220
:10658000094991F87C10CDE90010074890F8623075
:10659000A8223146054808F00DFF06B070BD000086
:1065A00065EF0100E21E0020604300203824002037
:1065B0002DE9F04F87B082460C461546052C02DBCC
:1065C00007B0BDE8F08F022D00DDF9E74FF00009BC
:1065D0002248005D00283ED015B1012D14D109E0FC
:1065E0001E48283030F914901D4890F8C56090F886
:1065F000C6700FE019481E3030F91490184890F812
:10660000C36090F8C47005E0FA25FF26FF274FF01D
:106610000A0900BF00BF09F211104FF6FF7101EA2D
:10662000401865230F4A06215046FFF717FB8346A3
:10663000FF224FEA282008F0FF01CDE90302601C89
:10664000CDE9006705920291C2B22B465946064831
:1066500008F0B0FE00BF00BFB2E70000441D0020FC
:1066600060430020F7FE010038240020F0B587B019
:1066700006460C461546052C01DB07B0F0BD022D81
:1066800000DDFAE7022D00D1FA250E48005DB0B119
:1066900065230D4A06213046FFF7E0FA0746FF2042
:1066A000029003900490059015205521CDE900102B
:1066B000601CC2B22B463946044808F07BFE00BF7E
:1066C000DBE70000441D0020F6FE01003824002016
:1066D000F0B587B005460C46072C01DD07B0F0BDCC
:1066E00000260F48065D5938005D00B10526652378
:1066F0000C4A06212846FFF7B1FA0746FF20029010
:106700000390049005900090019006F1F000C3B250
:10671000601CC2B23946044808F04CFE00BFDDE7F9
:10672000BC1E002097FE01003824002070B588B000
:1067300006460025002003E0FF2106AA1154401C54
:106740000728F9DB002412E0E1B21C4808F0F6FF4C
:1067500048B1E1B2194808F0F1FFC2B22846691CFD
:10676000CDB206A90A54062D00DD05E0641C1348CD
:1067700009F05AF9A042E7DC6523114A06213046A8
:10678000FFF76CFA04469DF81E009DF81D109DF859
:106790001C209DF81B30CDE90232CDE904109DF894
:1067A0001A009DF81910CDE900109DF818308022CC
:1067B0002146044808F0FEFD08B070BDEC20002022
:1067C00065EF01003824002000210170704770B58A
:1067D00006460C461546304600F006F82946204687
:1067E000FBF720FB70BD000070B5054600BF0648F2
:1067F000006800F480300028F9D10348046814B11F
:106800002046FBF785FA70BD0C3C024070B505468A
:106810000C46FBF735FB2846FFF7E6FF0221204632
:10682000FBF77CFAFBF7E2FAFBF73CFB70BD024694
:106830000868704700210170704700002DE9F0479B
:1068400081468846174634480FF0B8FA08B9BDE8C3
:10685000F0873248008831494988884203D10020B6
:106860002E49088048802D480088642800DBEEE728
:106870002A4805880DB9002409E0681E2749091D2A
:1068800031F81020C83131F81000104484B2E019FA
:10689000B0F5806F33DA2148001D20F81540B81C90
:1068A00081B21E48CC3020F81510002698F802005E
:1068B000801C88F8020000BF06E018F80610A21934
:1068C00017488154701C86B2BE42F6DBFB1E0322C1
:1068D000414614480AF09BFA12480AF07BFAA219C2
:1068E0000F4988540F480AF071FAA119491C0C4A43
:1068F00050540A480088401C0849088000BF0A48D4
:1069000090F8130528B999F8100510B9064800F059
:10691000ABF900BF9BE7000058440020CC410020A9
:106920009C390020640500209C38002010B586B0FA
:10693000044601218804FBF7D3FD01210420FBF765
:10694000BFFD6846FBF76EFB4FF4806000900220AD
:106950008DF805008DF8040069462948FBF7EAFA2E
:106960006846FBF75FFB4FF40060009002208DF853
:1069700005008DF8040069462148FBF7DBFA072281
:106980000A211F48FBF71EFB07220B211C48FBF7BF
:1069900019FB02A8FCF711FB1A48D0F80C0502906D
:1069A0000020ADF80C00ADF80E00ADF810000C2082
:1069B000ADF812000020ADF8140002A91248FCF74F
:1069C00089FA012240F225510F48FCF75EFA272090
:1069D00000F01F02012191404209920002F1E022E1
:1069E000C2F8001100BF01210748FCF718FA002087
:1069F00084F8100505480DF0A5FB06B010BD000099
:106A0000000802409C380020004800405844002004
:106A1000052900DA0521024AA2F814157047000082
:106A20009C3800200021074A118051800121064A2C
:106A300082F812150021A0F82019A0F81E19A0F85C
:106A400024197047CC4100209C38002090F82E1962
:106A500091B9B0F82619FA2904DAB0F82619491CB8
:106A6000A0F82619B0F826190A2905D1012180F8C5
:106A70002E190021A0F826190B49B1F80415491C5C
:106A8000094AA2F804151146B1F80415B1F5FA6FD8
:106A900009DD012182F811150021044A82F88610CF
:106AA000014AA2F8041570479C380020604300207A
:106AB00070B50446B4F82809401CA4F82809B4F8B5
:106AC0002809B4F82A1988420EDA13484188001DB3
:106AD00030F81150B4F82809421904F58070815C2F
:106AE0000E48FCF766FA15E0002240F226610B48DA
:106AF000FCF7CBF908484088401C07494880084803
:106B000008F08EFAC4F81805012084F81305002057
:106B100084F8100570BD0000CC4100200048004002
:106B2000C01B002070B5044694F8130500B970BD71
:106B3000002594F80805832809D194F8090530B197
:106B40000125002084F81C0584F81D0547E094F811
:106B50000805822809D194F8120530B101250020DA
:106B600084F81C0584F81D0539E0244808F058FA1B
:106B7000D4F81815401AB4F8141588422FD31F48BA
:106B800008F04EFAC4F8180594F81C05401C84F867
:106B90001C0594F81C0503280EDC194840880028C1
:106BA00006DD17484088401E15494880012516E03B
:106BB000002084F8130512E0002084F81C0594F8E6
:106BC0001D05401C84F81D0594F81D05032805DDEE
:106BD000002084F81D0584F8130500E001255DB14F
:106BE000002084F813050648408805490988884232
:106BF00002DA204600F038F800BF98E7C01B0020FA
:106C0000CC41002010B50A46B0F81E4900F21E53D0
:106C10001A55B0F81E395B1CA0F81E39B0F81E39A1
:106C2000B3F5806F02DB0023A0F81E390023A0F823
:106C30002639B0F81E1990F81235A3B9B0F81E39EC
:106C4000052B10DDCB1E00F21E54E35C822B0AD113
:106C50008B1EE35C4F2B06D14B1EE35C4B2B02D10A
:106C6000012380F8123510BD70B50446012084F868
:106C7000100525484188CC3030F81100F52805DD95
:106C8000F52121484288CC3020F812101E48418856
:106C9000CC3030F81100A4F82A090020A4F8280903
:106CA00019484188001D30F8115004F58070415D8D
:106CB0001648FCF77EF9012240F226611348FCF7E2
:106CC000E4F804F58070E91C405C114981F808057E
:106CD000084690F80805822803D1002081F81205A3
:106CE00011E001200A4981F8120504F58070691D40
:106CF000425C291D405C02EB00200549A1F8060515
:106D0000002081F8090570BDCC41002000480040FA
:106D10009C3800202DE9F041044694F8020508B1A2
:106D2000BDE8F0816DE0B4F8201904F21E50455C16
:106D3000B4F82009401E04F21E51085C05EB002047
:106D400086B2B4F82009401CA4F82009B4F8200940
:106D5000B0F5806F02DB0020A4F8200994F82E091A
:106D6000D8BBB4F824092554B4F8240908B9A4F808
:106D70002259B4F82409B4F8221988422EDB0120E4
:106D800084F82E09B4F82009401E04F21E510A5C52
:106D9000B4F82009801E085C02EB002087B2B4F82A
:106DA0002029B4F82209121A08461118B4F8220949
:106DB000831E002217480AF02AF8164809F0FDFF42
:106DC0008046B84508D1012084F802050020124908
:106DD000A1F8040581F8110519E005E0B4F82409CB
:106DE000401CA4F824090CE045F6A520864208D1F1
:106DF000002084F82E09A4F824094FF48070A4F828
:106E00002209B4F82009B4F81E1988428BD100BFBA
:106E100000BF85E7600500209C38002010B50446BF
:106E20001348007800F0010058B911480EF0E3FF54
:106E300038B1104808F0F4F80F4908600C48AFF377
:106E400000800C4808F0ECF80B490968401A052846
:106E500007D3084808F0E4F8074908602046FFF720
:106E6000F5FD2046FFF75EFE2046FFF753FF10BDFD
:106E7000F8040020C01B0020FC04002010B50446CC
:106E80004FF413612046F9F778FC00200B49088085
:106E9000488001200A4981F81205002081F8110577
:106EA000A1F80405A1F806051420A1F814054FF473
:106EB000E130C1F80C05204610BD0000CC41002097
:106EC0009C38002010B50446E27A0F4951F82200A0
:106ED00010F076FD00B2A080B4F90400B4F90610F9
:106EE000884202DB0020A0706070B4F90400B4F99D
:106EF0000610884203DA607808B10120A07060783B
:106F000008B90020A07010BDFC1C002070B505461B
:106F1000002408E004EBC402291D01EBC20006F0C6
:106F2000B3F9601CC4B2072CF4DB70BD024617290C
:106F300002D14FF0814070471B2901D10A48FAE77E
:106F4000222901D10948F6E7232902D14FF08140D7
:106F5000F1E72B2901D10448EDE72C2902D14FF0AC
:106F60008140E8E70020E6E7CDCC8C409A99D940F3
:106F700010B50146002007E0012300EBC0040A1D04
:106F800002EBC4029370401C0728F5DB10BD70B5FE
:106F900004460026002511E005EBC501201D00EB8D
:106FA000C10090F8440040B105EBC502211D01EB82
:106FB000C20006F079F9701CC6B26D1C072DEBDB20
:106FC000A67070BD10B50446072348220549201D50
:106FD0000EF0FFFE041F4FF4FE712046F9F7CDFBC3
:106FE000204610BD7DD30208F0B506460F46154673
:106FF000681C00B9F0BD3946304600F051F804462F
:1070000024B12A462146304600F002F900BFF1E7DC
:1070100070B505460E463146284600F041F8044654
:1070200024B12146284600F02BF970BD4FF0FF3007
:10703000FBE700002DE9F047804600252AE005EB3C
:10704000C500164901EB8004206910F0F5FC82466A
:10705000E16910F051FD0746216A10F081FB81467D
:107060000021484610F014FE02D84FF07C5001E099
:107070004FF03F4082465146484610F071FB0746AC
:1070800010F09EFC064632462146404600F0C0F80D
:10709000681C85B2812DD2DBBDE8F0876C0500202D
:1070A00010B503460A4600210DE001EBC100084C73
:1070B00034F82000904204D101EBC10004EB8000C1
:1070C00010BD481C81B28129EFDB0020F8E70000E9
:1070D0006C0500202DE9F05F0446294807F0A0FF69
:1070E00020612849E068884202D9204600F058F91A
:1070F000204600F063F900262FE006EBC600224987
:1071000001EB80052946204600F0BAF88246504639
:1071100010F092FC8346296A10F0F6FD8046E9697A
:1071200010F08CFB81460021484610F0B1FD02D8DA
:107130004FF07C5001E04FF03F40834659464846AF
:1071400010F00EFB804610F03BFC074629883A46BB
:10715000204600F0DDF8701C86B2812ECDDB204683
:1071600000F018F9064807F05BFF2169401A6061DA
:10717000D4E90501884201D96069A061BDE8F09FAA
:10718000C01B0020E8FB00086C0500202DE9F05F23
:1071900081464846FFF74EFF002532E005EBC5006B
:1071A0001A4901EB80042188484600F095F806460C
:1071B000701C20B3304610F03FFC8346E16910F0AC
:1071C0009BFC8046216A10F0CBFA82460021504693
:1071D00010F05EFD02D84FF07C5001E04FF03F40D0
:1071E00083465946504610F0BBFA804610F0E8FB43
:1071F00007463A462146484600F00AF800BF681C98
:1072000085B2812DCADBBDE8F09F00006C0500202F
:1072100010B5CB6803B910BD4B69934200DD4A69D4
:107220008B69934200DA8A690B7A062B25D2DFE854
:1072300003F003060A0D1017CC6822701DE013B28C
:10724000CC68238019E0CC68228016E0CB681A60F5
:1072500013E00AB1012300E00023CC6823700CE0A6
:107260003C2392FBF3F3CC6823703C2392FBF3F4B2
:1072700003FB1423CC68637000BF00BF00BFCAE7E4
:107280000246C86808B900207047087A062821D24B
:10729000DFE800F003060A0D1017C8680078F3E76E
:1072A000C868B0F90000EFE7C8680088ECE7C86874
:1072B0000068E9E7C868007808B10120E4E7002029
:1072C000E2E7C8684078CB681B78C3EB031300EB98
:1072D0008300D9E70020D7E770B505460E46EC6875
:1072E0000BE021460848FFF7A2FAB04204D1211D65
:1072F0000548FFF79CFA70BD083C04488442F0D270
:107300004FF0FF30F7E700006805002000C00008DC
:1073100070B504460D4616460C49E068884213D302
:107320000B49E06888420FD82A460A48E168FFF70F
:107330004EFAE068001DE06032460648E168FFF75B
:1073400046FAE068001DE06070BD000000C0000863
:10735000E8FF00086805002070B505460A4C0BE000
:1073600021460A48FFF763FA401C20B9EC60284622
:10737000FFF70CFF70BD083405488442F0D328465F
:1073800000F00EF800BFF5E700C000086805002017
:10739000F0FF000810B50446FAF728FD10BD000004
:1073A00010B5044618210348FFF730FA0248E060A0
:1073B00010BD00006805002000C0000810B504469C
:1073C000FAF75EFD0148FFF70FFA10BD68050020CF
:1073D00010B504461C212046F9F7CFF9204610BD10
:1073E00010B50446204600F0D9F910B104480CF05D
:1073F00024FA00224FF480710248FAF720FE10BDF3
:10740000901700200008024010B5044604F18000E7
:107410000021C160016130212438F9F7AEF920461E
:1074200000F052FA0020844981F8B50081F8B400D8
:1074300081F8B60081F8B70000BF43E07E493F31D4
:10744000095C19B17C494431095C31B97A49095C5C
:1074500019B10121784A82F8B61077493F31095CA9
:10746000012904D074494431095C012906D17249CB
:10747000095C19B10121704A82F8B7106E493F3199
:10748000095C022904D06C494431095C022906D107
:107490006949095C19B10121674A82F8B41066494B
:1074A0003F31095C032904D063494431095C032955
:1074B00006D16149095C19B101215F4A82F8B51012
:1074C000411CC8B20528B9DB5C48007A022803D009
:1074D0005B48807A022803D10120574981F8B40023
:1074E0005648007A032803D05548807A032803D1F0
:1074F0000120514981F8B5004F48C07818B14E4875
:1075000090F8B50030B94C48007938B14A4890F845
:10751000B40018B1012084F8A10002E0002084F832
:10752000A100002008E004F133010A5C00EB4003F5
:10753000293101F81320401C0828F4DB002021E049
:107540003D49095CE9B13C493731095CC9B10122C7
:1075500039493F31095C01EB410304F15C0101EB66
:1075600043014A7034494431095C082909DA324937
:107570004431095C01EB410304F15C0101EB43017F
:107580004A70401C0528DBDB2C48807848B101217B
:107590002A48007A00EB400204F15C0000EB420054
:1075A00081702748807848B101212548807A00EB16
:1075B000400204F15C0000EB4200C170204880787A
:1075C00028B11F48C07810B1012184F877101D48F8
:1075D00090F8740010B1012184F878101A4800F076
:1075E000DDF828B11948007810B1012184F879102C
:1075F000002011E000210CE000EB400304F15C02EC
:1076000002EB4302525C1AB1012304F18C021354C1
:10761000491C0629F0DB401C0828EBDB94F88C2081
:107620004FF480610A48FAF70AFD8D20025D80213F
:107630000848FAF704FD10BD441D0020D41E0020A8
:10764000E21E0020101C0020301E0020F01E002032
:107650000004024000080240054991F8901019B951
:10766000034991F8921011B10021024A117070473C
:10767000101C00206043002010B5044694F832002E
:1076800030B10020414948702046FFF7A9FE10BDE7
:107690003E48407830B93D48C07818B92046FFF7D9
:1076A0009FFEF4E73A48C07800EBC0013848001D5F
:1076B00010F83100F0B9374890F8B300D0B9354828
:1076C00090F8B500B0B9334890F8B60090B9314899
:1076D00090F8900070B92F4890F8920050B92C485B
:1076E000C07800EBC0012A48001D00EBC10090F8F3
:1076F000450018B1002025494870C8E7254890F892
:10770000900018B9234890F8920018B100201F4942
:107710004870BCE7204800F0B3F81E49B1F94810A2
:1077200088420EDD1C4800F0ABF81949C97801EB1E
:10773000C1021749091D01EBC201B1F924108842A9
:1077400003DC2046FFF74CFEA1E7124890F87400D6
:1077500010B994F8960058B10E48B0F948000E4997
:10776000B1F9041088420EDA204600F025F90AE04B
:10777000094800F079F80749B1F94810884202DD5C
:10778000204600F019F900BF81E7000060430020A7
:10779000F01E0020101C0020301E002010B50446F2
:1077A0004FF480710348FAF730FC012800D110BD76
:1077B0000020FCE70008024010B504460748C078E6
:1077C00010B1B4F9280010BD044804F0BFFF10B197
:1077D000B4F90E00F7E7B4F91000F4E760430020B5
:1077E00001460448C07810B1B1F926007047B1F9DC
:1077F0000C00FBE76043002001460448C07810B14C
:10780000B1F908007047B1F90800FBE760430020B8
:1078100001460448C07810B1B1F906007047B1F9CB
:107820000600FBE76043002010B504460748C07817
:1078300010B1B4F9280010BD044804F087FF10B15E
:10784000B4F91C00F7E7B4F91E00F4E76043002028
:1078500001460448C07810B1B1F926007047B1F96B
:107860001A00FBE76043002001460448C07810B1CD
:10787000B1F924007047B1F90200FBE76043002032
:1078800001460448C07810B1B1F922007047B1F93F
:107890000000FBE76043002001460448C07810B1B7
:1078A000B1F908007047B1F91600FBE7604300200A
:1078B00001460448C07810B1B1F906007047B1F92B
:1078C0001400FBE76043002010B50446184807F099
:1078D000A7FB18490968401AB0F57A7F26D91548E0
:1078E000006800F57A701349086000201CE004F17C
:1078F0003C0151F82010B1B104F13C0151F82010C5
:10790000012907D1002204F133010A54093141F859
:10791000202008E004F13C0151F82010491E04F138
:107920003C0242F82010401C0828E0DB10BD00009B
:10793000C01B00207404002010B504461A4807F04C
:107940006FFB1A490968401AB0F57A7F22D31648AE
:1079500007F066FB154908601548D0F88800401C00
:107960001349C1F888002046FFF718FF20B11148DD
:107970000068401C0F490860D4F8980050B154F8D2
:10798000980F401E206054F89809012802D1002069
:1079900084F896002046FFF76FFE2046FFF75CFE56
:1079A0002046FFF731FD10BDC01B002070040020F1
:1079B000604300209017002010B5044601221102F8
:1079C0000148FAF73CFB10BD0008024010B5044620
:1079D000A4212046F8F7D1FE204610BD70B503461D
:1079E0000020642491FBF4F430341454145C302CE3
:1079F00001D0441CE0B2642491FBF4F504FB15149F
:107A0000E1B20A2491FBF4F430341454145C302CA9
:107A100001D1002801DD441CE0B20A2491FBF4F5F9
:107A200004FB1514E1B201F13004E6B20446451C32
:107A3000E8B2165570BD00002DE9F04105460C4630
:107A40005648005D032801D1012000E000200646D1
:107A50005248005D00F0010008B9BDE8F0814F48D0
:107A600090F84900A04201D0052C00DBF5E74B4817
:107A70001E3030F81400800002B241F205012846A1
:107A800004F048FE4548283030F81400800002B267
:107A900041F20601284604F03DFE40481430005DE6
:107AA00006EB4601421841F2C601284604F032FEB8
:107AB00005F14C0030F81400012815D105F11A0029
:107AC00030F8140002B241F22601284604F022FEEA
:107AD000A81D30F8140002B205F1420030F814106D
:107AE000284604F017FE32E005F14C0030F814008F
:107AF000022816D105F1380030F8140002B241F224
:107B00002601284604F006FE05F12E0030F8140088
:107B100002B205F1420030F81410284604F0FAFDD4
:107B200015E005F1240030F8140002B241F22601FC
:107B3000284604F0EFFD05F1100030F8140002B201
:107B400005F1420030F81410284604F0E3FD134814
:107B500080F8494090F84900421C41F25001284603
:107B600004F0D8FD0D491E3131F914000FF064FF07
:107B700007463946284601F03DF90849283131F9D0
:107B800014000FF059FF07463946284603F0A4F8C1
:107B90002146284601F09AF900BF5EE7441D002007
:107BA0002DE9F04FA5B0044694F8780008B90220FA
:107BB00000E00120054604A8FCF7C4FA822104A8CD
:107BC000FCF776FA41F247010190FCF7A2FA029025
:107BD00094F87010FCF79DFA83467120015D5846B9
:107BE000FCF797FA82467220015D5046FCF791FA45
:107BF00081467320015D4846FCF78BFA804674206D
:107C0000015D4046FCF785FA03907520015D0398FD
:107C1000FCF77FFA07462946FCF77BFA0646FCF795
:107C200037FA25B0BDE8F08F2DE9F047A2B08246C3
:107C30000C4601A8FCF786FA822101A8FCF738FA65
:107C400081468421FCF765FA80465A21FCF752FAF6
:107C500007460121FCF74EFA064621B2FCF759FA15
:107C60000546FCF715FA22B0BDE8F08770B5054669
:107C7000002429E004EB44011F4810F81100A0B1D2
:107C800004EB44031C4800EB4300808802B204F577
:107C90008B5081B2284604F03DFD04F58D5081B231
:107CA0000022284604F036FD0DE004F58B5081B229
:107CB0002122284604F02EFD04F58D5081B22122A8
:107CC000284604F027FD641C0A2CD3DB0B480078FF
:107CD00030B940F2622242F28201284603F042F9B2
:107CE0000748007830B940F2622242F292012846F9
:107CF00003F038F970BD0000F8230020D41E0020E6
:107D0000E21E002001B5ADF5247D4FF4FA7127A8DD
:107D1000F8F733FDA49890F886005A2876D01FDC37
:107D20003C2874D00DDC1E2874D005DCA0B30A28D2
:107D30004CD0142849D157E028286AD03228F9D1EC
:107D4000EDE050286FD006DC3E286DD040286CD086
:107D50004628EFD189E1522868D05528EAD1BCE104
:107D60007F2872D00EDC782870D006DC5F286ED0B9
:107D700064286DD06E28DDD1FCE37A2869D07D2897
:107D8000D8D1F6E3813805281FD2DFE810F02C05A2
:107D90004B0579068B06C806FE48FEF7C7FDFD4871
:107DA000FEF740FEA49800F0A4FFFA48FEF73AFE62
:107DB0000A21A49880F88610F74807F031F9F749AE
:107DC0000860C821F348FEF723FE05E3F24807F0F8
:107DD00027F9F2490968401AB0F5966F03D91421C2
:107DE000A49880F88610F0E70020EA4981F812058F
:107DF0000121A498FFF718FFE74807F011F9E749B8
:107E000008601E21A49880F88610DEE793E193E0D5
:107E100000E01FE0DF4890F8120540B12821A49847
:107E200080F8861010E02DE108E114E148E1DA481D
:107E300007F0F6F8D9490968401AB0F57A7F03D9F6
:107E40002821A49880F88610BFE7FDE3DFE37FE1F7
:107E5000C3E2E9E31421CF48FEF7DAFD0021A4983C
:107E600080F8E3100121A49880F87E100020C94911
:107E700081F81105269008E00022A4987030269918
:107E800042542698401CC0B2269026980628F3DB60
:107E90000021A49880F87F104FF47A7300221146D5
:107EA000A49800F04BFFFF224FF48051A49804F0F7
:107EB00031FCFF2241F20101A49804F02BFC0122C5
:107EC00041F22101A49804F025FC002241F2220194
:107ED000A49804F01FFCB248B0F91E00024641F21B
:107EE00005012690A49804F015FCAD48B0F92800CF
:107EF000024641F206012690A49804F00BFC0122F0
:107F000041F22501A49804F005FCA34807F088F885
:107F1000A24908603221A49880F8861055E79E484F
:107F200007F07EF89D490968401A642803D93C216E
:107F3000A49880F8861048E70020269071E09849C0
:107F40002698085C00F0010030BBA49842302699C6
:107F500030F81100002201462590A49804F0DAFBC5
:107F6000269800280CDD41F2390126980844401E6D
:107F700080B2002201462590A49804F0CBFB05E0D6
:107F8000002241F20F11A49804F0C4FB01222699AB
:107F9000A49804F095F940E02698002810DDA498F4
:107FA00090F86F00259041F2390126980844401E50
:107FB00080B224900146259AA49804F0ABFB09E016
:107FC000A49890F86F00024641F20F112590A498F2
:107FD00004F0A0FB724814302699405C022805D1B9
:107FE000A4982E30269930F8110004E0A49810309F
:107FF000269930F8110000B22590A49842302699B5
:1080000030F8110024900146259AA49804F082FBD0
:1080100000222699A49804F053F92698401CC0B277
:108020002690269805288ADB3E21A49880F88610A1
:10803000594806F0F5FF59490860C6E6564806F06B
:10804000EFFF56490968401A642803D94021A498D3
:1080500080F88610B9E64621A49880F886104E482C
:1080600006F0DEFF4D490860AFE64B4806F0D8FF4A
:108070004A490968401A642803D95021A49880F815
:108080008610A2E60021A49800F096FE45F2501258
:1080900044A1A49802F03CFF45F2301241A1A498FB
:1080A00002F036FF41A1A49802F043FF5221A498A8
:1080B00080F88610384806F0B3FF3849086084E637
:1080C000354806F0ADFF35490968401A642803D9E0
:1080D0005521A49880F8861077E63548B0F9060057
:1080E00001462690A49802F083FC3248B0F90600BD
:1080F00001462690A49802F01FFD002026900DE076
:108100002748AA30269930F9110002462590A498F4
:1081100003F0C2FA2698401CC0B226902698052883
:10812000EEDB5A21A49880F886101B4806F078FFF1
:108130001A49086049E6184806F072FF17490968AD
:10814000401A322803D95F21A49880F886103CE6B3
:10815000A498B0F8600000B2024641F215012690E2
:10816000A49804F0D7FAA498B0F8660000B20246CA
:1081700041F216012690A49804F0CCFAA49890F845
:108180006F00024641F231012690A49804F0C2FA31
:10819000A49811E09C380020C01B0020000500209E
:1081A000441D00202D2E2D2E2D2E2D0020000000F0
:1081B000D41E0020E21E002090F86F000146269099
:1081C000A49803F009FDFE4890F849107A30405C0D
:1081D000D0B9A49890F86F00024641F23001269081
:1081E000A49804F097FAA49890F86F00024641F220
:1081F00036012690A49804F08DFA012241F22A114A
:10820000A49804F087FA05E0FF2241F22A11A4980D
:1082100004F080FA032241F22301A49804F07AFAD0
:10822000E74890F849103230405C024641F22401A0
:108230002690A49804F06EFA002242F21D01A49840
:1082400004F068FA4FF4AE7242F24201A49802F0D0
:1082500089FE012241F22901A49804F05BFA01226F
:1082600041F22701A49804F055FAA49890F86D0003
:10827000024641F233012690A49804F04BFAA498E8
:10828000B0F8620000B2024641F234012690A49890
:1082900004F040FAA498B0F8620001462690A49831
:1082A00002F08EFCA49890F8C4000A2190FBF1F132
:1082B000A49890F8C30000EB400001EB400000B22E
:1082C000024641F237012690A49804F023FAA498BC
:1082D00090F8C6000A2190FBF1F1A49890F8C5002F
:1082E00000EB400001EB400000B2024641F23801D1
:1082F0002690A49804F00EFAA49890F8C41090F870
:10830000C30000EBC00202EB001001EB800000B2E2
:10831000024641F24E012690A49804F0FBF9A4987D
:1083200090F8C61090F8C50000EBC00202EB0010F8
:1083300001EB800000B2024641F24F012690A49862
:1083400004F0E8F9A498808C00B2024641F22601BC
:108350002690A49804F0DEF90021A49880F8E21099
:10836000A498B0F8840000B2024641F22D01269094
:10837000A49804F0CFF9A498B0F8820000B20246A5
:1083800041F22C012690A49804F0C4F9002241F295
:108390005401A49804F0BEF9002241F25501A498BA
:1083A00004F0B8F9002241F25601A49804F0B2F9A1
:1083B000A498B0F87C0000B2024641F24401269035
:1083C000A49804F0A7F96421A49880F886107D4849
:1083D00006F026FE7C490860B1E37A4806F020FEEC
:1083E00079490968401A462872D96E21A49880F804
:1083F0008610002026904CE071492698085C00F019
:10840000010080B3A4984C30269930F8110001285F
:1084100011D1A498801D269930F8110000B2259042
:10842000A498423030F8110024900146259AA4986F
:1084300004F070F929E0A4984C30269930F8110026
:10844000022811D1A4982E30269930F8110000B2DC
:108450002590A498423030F8110024900146259AC6
:10846000A49804F057F910E0A4981030269930F839
:10847000110000B22590A498423030F811002490E9
:108480000146259AA49804F045F92698401CC0B2EC
:10849000269026980528AFDB0520494981F8490038
:1084A000002026900EE046492698085C00F0010066
:1084B00020B12699A498FFF7BFFA06E02698401C41
:1084C000C0B2269026980528EDDB0020269029E0F2
:1084D0004DE03B492698085C08B9002000E00220E6
:1084E000259041F2C8012698084424900146259A17
:1084F000A49804F00FF932492698085C012801D0AD
:10850000002000E00220259041F2D0012698084486
:1085100024900146259AA49804F0FCF82698401C63
:10852000C0B2269026980528D3DB022026900FE0C3
:1085300041F2D50126980844401E80B2002201462F
:108540002590A49804F0E6F82698401CC0B2269026
:1085500026980328ECDBA498C07840B1A498C07892
:10856000024641F203012690A49804F0D3F8E6E213
:1085700000E0EAE0134806F053FD13490968401A89
:10858000642843D9A498B0F89C00B0F5AF7F01DB14
:10859000002000E00220024641F26C012690A498DF
:1085A00004F0B8F8A498B0F89C003C2190FBF1F0DE
:1085B00000B2024641F26B012690A49806E000004A
:1085C000441D0020C01B00200005002004F0A2F87C
:1085D000A49890F884002690A49890F882004FF414
:1085E0007A7325900146269AA49800F0A7FB78217B
:1085F000A49880F88610082245F27011A49803F020
:1086000083FEF94806F00CFDF849086097E2F64849
:1086100006F006FDF5490968401A642803D97A2155
:10862000A49880F886108AE2F14800680068022366
:1086300002464FF4A8412690A49803F051FAEC4862
:1086400000684068022300E08CE0024645F21041D9
:108650002690A49803F044FAE548006800690223D4
:10866000024645F220412690A49803F039FAE048EA
:10867000006840690223024645F230412690A498E2
:1086800003F02EFADA48006880690223024645F2B8
:1086900090412690A49803F023FAD5480068C06959
:1086A0000223024645F2A0412690A49803F018FA4E
:1086B000CF480068406800B202464FF488512690C7
:1086C000A49804F027F8CA480068006908B101209E
:1086D00000E00020024641F201112690A49804F027
:1086E00019F8C3480068406908B1012000E0002083
:1086F000024641F202112690A49804F00BF8BC48FF
:108700000068806908B1012000E00020024641F2C3
:1087100003112690A49803F0FDFFB5480068C069D6
:1087200008B1012000E00020024641F20411269029
:10873000A49803F0EFFFAC4806F072FCAB49086068
:108740007D21A49880F88610F9E1A74806F068FC1E
:10875000A6490968401A322803D97F21A49880F8D5
:108760008610ECE1A2480068006A0223024645F246
:1087700040412690A49803F0B3F99D480068406AF0
:108780000223024645F250412690A49803F0A8F92E
:1087900097480068806A0223024645F260412690AD
:1087A000A49803F09DF992480068C06A022302462B
:1087B00045F270412690A49803F092F98C48006825
:1087C000006B022302464FF4A9412690A49803F0BF
:1087D00087F98121A49880F88610834806F020FC50
:1087E00082490860ABE1804806F01AFC7F490968BD
:1087F000401A322815D97F480088014626907E48C5
:10880000FEF706FCA499C1F8F400A49802F04AFB14
:108810008221A49880F88610734806F001FC734901
:1088200008608CE172480068808E0123024645F2A0
:10883000A0210690A49803F053F96D480068C08EFB
:108840000123024645F2B0210690A49803F048F9AE
:1088500067480068008F0123024645F2C021069058
:10886000A49803F03DF962480068408F0123024656
:1088700045F2D0210690A49803F032F95C480068D4
:10888000808F0123024645F2E0210690A49803F070
:1088900027F95A4890F8F90020B159A127A8F7F70D
:1088A000B0FE03E058A127A8F7F7ABFE50480068D8
:1088B000D0F8D00000904E480068D0F8F000069044
:1088C0004B48006880680590024651A107A8069BA6
:1088D000F7F7F6FC07A927A8F7F793FE44480068C6
:1088E000D0F86C0442490968D1F84414404A12682F
:1088F000D2F828243E4B1B68D3F82434CDE900324B
:10890000CDE902103A480068D0F8200406903848B3
:108910000068D0F81C040590024645A107A8069BF4
:10892000F7F7CEFC07A927A8F7F76BFE30480068D9
:10893000D0F8D0042E490968D1F8CC242C49096814
:10894000D1F8C8142A4B1B68D3F8C434CDE90031E0
:10895000CDE9022026480068D0F8B00406902448EB
:108960000068D0F870040590024636A107A8069B5F
:10897000F7F7A6FC07A927A8F7F743FE1C480068ED
:10898000D0F820251A480068D0F81C051849096855
:10899000D1F8CC10164B1B68D3F81035CDE9003157
:1089A000CDE9020212480068D0F808050690104888
:1089B0000068D0F804050590024627A107A8069B89
:1089C000F7F77EFC07A927A8F7F71BFE27A9A498AD
:1089D00000F064FA8321A49880F88610024806F01B
:1089E0001FFB02490860AAE0C01B00200005002010
:1089F000880400206C050020704700209847002064
:108A0000424C452B20000000424C452D2000000028
:108A1000484620636E743A25752C484653523A25D1
:108A20003038782C50433A253038780A0D00000051
:108A300025642D25642D25642D25642D25642D2583
:108A4000642D000025642D25642D25642D25642DBD
:108A500025642D25640A0D0057493A25642D2564A7
:108A6000204C493A2564204C483A25642043523A28
:108A7000253038782053523A253038780A0D0000D6
:108A8000314806F0CDFA31490968401A322808D930
:108A90008421A49880F886102B4806F0C1FA2B494F
:108AA00008604CE0284806F0BBFA284908602848CE
:108AB0000078024641F230112690A49803F02AFE75
:108AC00023484078024641F231112690A49803F0E1
:108AD00021FE1F488078024641F232112690A49868
:108AE00003F018FE1A48C078024641F2331126906E
:108AF000A49803F00FFE16480079024641F23411A3
:108B00002690A49803F006FEA498FFF7AFF8A49867
:108B100003F0A4F98521A49880F886100FE00A4894
:108B200006F07EFA09490968401A322806D9A49845
:108B300002F028FFDE21A49880F8861000BF00BF55
:108B40000DF5257D00BD0000C01B002000050020A4
:108B5000441D002010B504460B46002110E00A48D1
:108B600010F8310098420AD1074800EBC100407864
:108B7000904204D1044800EBC100406810BD491C7C
:108B80005229ECD301A0F9E790820308556E6B6E71
:108B90006F776E206D6F6465000000002DE9F04175
:108BA000A2B005460E461746984695F8860050280E
:108BB00002DA22B0BDE8F08101A8FBF7C3FA8221F6
:108BC00001A8FBF775FA044631B2FBF7A2FA0024BC
:108BD00005E0395D01A8FBF78DFA601CC4B244457D
:108BE000F7DB002101A8FBF785FA01A8FBF750FA93
:108BF00000BFDEE770B506460C4622B241F23101F5
:108C0000304603F087FD2146304602F0E5FF00259F
:108C100018E02948405D00F0010088B1002D09DD11
:108C200041F239002844401E81B222B2304603F09E
:108C300071FD05E022B241F20F11304603F06AFDEA
:108C4000681CC5B2052DE4DB86F86F401A4991F81F
:108C500049201E3131F912000EF0EEFE054629467C
:108C6000304600F0C7F8144991F84920283131F90D
:108C700012000EF0E1FE05462946304602F02CF8BF
:108C80000E48B0F90610304601F0B2FE0C48B0F9BB
:108C90000610304601F050FF002509E00648AA30D2
:108CA00030F915202946304602F0F6FC681CC5B2A2
:108CB000052DF3DB70BD0000441D0020D41E0020F4
:108CC000E21E0020F0B5A1B007466846FBF73AFA6D
:108CD00083216846FBF7ECF906461621FBF719FAE3
:108CE00005460321FBF706FA0446FBF7D1F921B04C
:108CF000F0BD2DE9F047A2B0824601A8FBF722FAA9
:108D0000822101A8FBF7D4F981460421FBF701FA7F
:108D100080465521FBF7EEF90746AA21FBF7EAF951
:108D200006465A21FBF7E6F90546A521FBF7E2F9CD
:108D30000446FBF7ADF922B0BDE8F0872DE9F04F0E
:108D4000A5B004460E4615461F46642E00DD642677
:108D5000642D00DD642594F8870000B12E4604A838
:108D6000FBF7F0F994F8AC006843642190FBF1F054
:108D700000F0FF0994F8AC00704390FBF1F000F0B4
:108D8000FF0B822104A8FBF793F982210190FBF7E6
:108D9000C0F959460290FBF7ADF982464946FBF708
:108DA000A9F939B20390FBF7B4F98046FBF770F9E3
:108DB00025B0BDE8F08F000070B505460C4695F86B
:108DC0008600502800DA70BD09480078A04200D122
:108DD000F9E7074804700CB1012000E000200246CA
:108DE00041F25101284603F095FC00BFEBE700007B
:108DF0004C05002070B504460D4694F86F0001281C
:108E000004D129460A4806F02DF9054628460EF0F9
:108E1000F3FD06B2324641F24201204603F07AFCED
:108E200094F86F2041F23001204603F073FC70BDCE
:108E3000C01B002010B588B0044620221D216846C2
:108E4000F7F771FC00208DF81D001348C07800EB87
:108E5000C0021148001D00EBC20000F12A016A4661
:108E6000204602F021FE45F230126946204602F00B
:108E70004FF820221D216846F7F755FC6A4604F199
:108E80009001204602F010FE45F25012694620463D
:108E900002F03EF808B010BDF01E002070B5054687
:108EA0000C460026002005E0215C09B9064604E0D6
:108EB000411C88B2B0F5FA7FF6DBF3B222464FF4DC
:108EC000A6412846FFF76AFE70BD000070B5054652
:108ED0000C4695F88600642800DA70BD204890F8AA
:108EE0004900A04200D0F8E71D487A30005D08B97B
:108EF000012000E0002006461948005D032808D044
:108F00001748005D012805D115481430005D02287E
:108F100000D1FF2632B241F20D01284603F0FAFBE0
:108F20000F487A30005D18B10D48005D032806D166
:108F3000012241F22A11284603F0ECFB0DE008481B
:108F40003230025D41F22401284603F0E3FBFF22A8
:108F500041F22A11284603F0DDFB00BFBDE7000007
:108F6000441D002001B58CB0F94890F8020508B9FD
:108F70000DB000BD0020F64981F80205F5480BF060
:108F80000CFFF3484078832800D0F1E7F048C1781F
:108F9000807801EB002080B20B90ED48B0F8061508
:108FA0000B98814203D10120E94981F8090541F27A
:108FB000F2010B98884211D10C98C07870B9E4483E
:108FC000807902280AD10C98007808B9012100E0C4
:108FD00000210C9801700C9802F068FF41F25011CA
:108FE0000B98884217D1DC48FEF774F80020DB4963
:108FF0000968086000BFBFF34F8FD948006800F4CC
:10900000E060D8490843001DD5490860BFF34F8F81
:1090100000BF00BFFEE741F251110B98884279D1A1
:10902000CB48807919281AD2DFE800F0190D1A27E9
:1090300033404C5864758697A8B9C5D1DDF1EFEE81
:10904000EDECEBEAE900C8480078401CC64908701E
:1090500008460078032802DD0021C348017020E2A1
:10906000C1484078401CC0494870084640780328F1
:1090700002DD0021BC48417013E2BB488078401CEF
:10908000B949887008468078032801DD002088707F
:1090900007E2B548C078401CC1B2B348C170C0787F
:1090A000032802DD0020B049C870FAE1AE4800791B
:1090B000401CAD49087108460079032801DD0020F5
:1090C0000871EEE1A948007808B9012100E000210B
:1090D000A64801700C9802F071FFE2E1A448007804
:1090E00008B9012000E00020A14908700C9802F0A6
:1090F00065FFD6E19C4890F83F00401C9A4981F8F2
:109100003F00084690F83F00072802DD002081F864
:109110003F00C6E1C9E1944890F84000401CC1B24C
:10912000914880F8401090F84000072803DD0021A6
:109130008D4880F84010B4E18B4890F84100401C05
:10914000C1B2894880F8411090F84100072803DD3A
:109150000021854880F84110A3E1834890F842003F
:10916000401CC1B2804880F8421090F842000728A5
:1091700003DD00217C4880F8421092E17A4890F8A3
:109180004300401CC1B2784880F8431090F8430077
:10919000072803DD0021744880F8431081E17348FB
:1091A000007A401C714908720846007A072801DDE0
:1091B0000020087275E16E48807A401C6C49887204
:1091C0000846807A072801DD0020887269E1674837
:1091D000007B401C654908730846007B0A2801DDB6
:1091E000002008735DE16248C07A401C6049C87283
:1091F0000846C07A0A2801DD0020C87251E136E134
:1092000008E1DDE0BAE079E043E01FE0FFE70C9819
:10921000D0F8F00030B10C98D0F8F000401E0C9956
:10922000C1F8F0000C98D0F8F00000EBC0005149F4
:1092300031F82000014608904748FDF7E9FE0C99F7
:10924000C1F8F4000C9801F02DFE2AE10C98D0F83A
:10925000F01049480088401E814206D20C98D0F890
:10926000F000401C0C99C1F8F0000C98D0F8F00008
:1092700000EBC0003F4931F8200001460890364815
:10928000FDF7C6FE0C99C1F8F4000C9801F00AFE37
:1092900007E10C98D0F8F410D0F8F00000EBC00013
:1092A000344A02EB800040690930814204D90C98AD
:1092B000D0F8F4000A3808E00C98D0F8F00000EB81
:1092C000C0002C4901EB800040690C99C1F8F40002
:1092D0000C98D0F8F40008900C98D0F8F00000EB4F
:1092E000C000244931F82000079001461A48089A26
:1092F000FDF77AFE0C9801F0D5FDD2E00C98D0F87D
:10930000F410D0F8F00000EBC0001A4A02EB800025
:109310004069814206D90C98D0F8F400401E0C999F
:10932000C1F8F4000C98D0F8F40008900C98D0F82C
:10933000F00000EBC0000F4931F820000790014613
:109340000548089AFDF750FE0C9801F0ABFDA8E027
:109350009C380020584400207047002088040020DA
:109360000CED00E00000FA05441D0020D41E002092
:10937000E21E00206C050020B08503080C98D0F890
:10938000F00000EBC000FE4901EB800001690C9881
:10939000C0F8F4100C98D0F8F40008900C98D0F8AD
:1093A000F00000EBC001F64830F8210007900146BC
:1093B000F448089AFDF718FE0C9801F073FD70E070
:1093C0000C98D0F8F410D0F8F00000EBC000EC4A94
:1093D00002EB80008069814206D20C98D0F8F4003C
:1093E000401C0C99C1F8F4000C98D0F8F4000890D7
:1093F0000C98D0F8F00000EBC000E14931F82000F3
:1094000007900146DF48089AFDF7EEFD0C9801F041
:1094100049FD46E00C98D0F8F00000EBC000D849B8
:1094200001EB8000806908900C98D0F8F4000A30B5
:1094300007900146D448089A05F0D7FD0C99C1F869
:10944000F4000C98D0F8F40008900C98D0F8F000D4
:1094500000EBC000CA4931F8200007900146C94816
:10946000089AFDF7C1FD0C9801F01CFD19E0C548F4
:10947000FDF796FFC348FDF789FE0C98D0F8F00081
:1094800000EBC000BE4931F8200001460890BD48FD
:10949000FDF7BEFD0C99C1F8F4000C9801F002FD37
:1094A00000BF00BF0C9802F06DFA41F2D0110B988A
:1094B000884270D1B548807909282DD2DFE800F0C4
:1094C0002C052D555F7AA7C6FE000C9890F8D800A1
:1094D000401E08901DE0089800EBC001AC4800EB6E
:1094E000C10090F8440088B10898C1B20C9880F887
:1094F000D8100C9801F04EFF0C9801F09BFD0C98D1
:1095000001F07EFF0C9802F00FFB05E00898401E6A
:10951000089008980028DEDA52E10C9890F8D800FC
:10952000401C08901DE0089800EBC001984800EB33
:10953000C10090F8440088B10898C1B20C9880F836
:10954000D8100C9801F026FF0C9801F073FD0C98D0
:1095500001F056FF0C9802F0E7FA05E00898401C6D
:10956000089008980628DEDD2AE10C9890F8D800CB
:109570008749091FC8700C9801F05CFD20E10C9828
:1095800090F8D80000EBC001814800EBC100807862
:1095900010B9012101E014E100210C9890F8D800E5
:1095A00000EBC0027A4800EBC20081700C9801F019
:1095B00041FD05E10C9890F8D80008900C9890F8BF
:1095C000D80000EBC001724800EBC100C078052351
:1095D000079001466F48089A06F08EFA00210C9811
:1095E00090F8D80000EBC002694800EBC20081711E
:1095F0000C9890F8D80000EBC002654800F83210D3
:109600000C9801F017FD0C9801F0C4FED8E06248F8
:109610000078401CC0B2604908700A2815DD00209F
:1096200008700C9890F8D80008900C9890F8D80022
:1096300000EBC001564800EBC100C078142307902E
:1096400001465448089A06F057FAB9E053480078A2
:10965000401CC0B2514908700A287CDB0020087009
:109660000C9890F8D800401C062801DD002003E08B
:109670000C9890F8D800401CC0B2089000210898BF
:1096800002910391CDE904101220CDE900100C984D
:1096900090F8D80000EBC0013D4800EBC100C07855
:1096A0004FF4E00101EB40310C9890F8D80001EB49
:1096B00080203B49097800EBC10100E074E03848A4
:1096C000407808440023012201460790344805F001
:1096D000A9FA1E212C4805F08FFC0020029003906F
:1096E00004900590009001900C9890F8D80000EB41
:1096F000C001274800EBC100C0784FF4E00101EB46
:1097000040310C9890F8D80001EB8020244909786A
:1097100000EBC10022494978084400230222014697
:1097200007901F4805F07EFA1E21174805F064FCDB
:1097300000200290039004900590009001900C98F6
:1097400090F8D80000EBC001114800EBC100C078D0
:109750004FF4E00100E026E001EB4031089801EB16
:1097600080200F49097800EBC1000D494978084471
:109770000023022201460790094805F053FA11E040
:109780006C05002070470020C01B00209C38002082
:10979000F41E0020C404002014050020150500203C
:1097A000E02D002000BF0BE0FE48407808B9012002
:1097B00000E00020FB4948700C9801F03BFC00BF22
:1097C00000BF41F270110B9888422BD1F648807986
:1097D000012802D0022824D111E0F448007828B9E9
:1097E000F348007810B9F348007808B1172000E07A
:1097F0000A20014608900C98FEF716FA11E0EB4893
:10980000007828B9EA48007810B9EA48007808B129
:10981000172000E00920014608900C98FEF704FA92
:1098200000BF00BF41F26B110B9888420BD1DE489C
:1098300080790890E04890F84C0007900146DE4897
:10984000089A07F015FB41F253110B98884271D129
:10985000D5488079032804D0042816D005286BD178
:1098600026E0D248007808B9FFF782BBCF4840789D
:1098700008B9012100E00021CC4841704078014640
:1098800008900C9802F08AFB9FE0C948007800B964
:10989000EAE7C748407808B9012100E00021C44840
:1098A00041704078014608900C9802F045FA8CE02F
:1098B000C14890F84C0000EB4001BF48103010F850
:1098C000110000B9D0E7BC4890F84C0000EB400113
:1098D000B948103000EB4100407808BBB64890F81A
:1098E0004C0000EB4001B448103010F81100012882
:1098F00001D1642009E0B04890F84C0000EB400131
:10990000AD48103000EB410080780890AA4890F8EC
:109910004C0007900146A848089A07F0A9FA08E009
:10992000A54890F84C00002201460890A24807F094
:109930009FFA4AE04AE0FFE79B488079801FC0B267
:1099400008900898092807DC089800EB40019A481D
:10995000103010F8110000B986E7089800EB4001BC
:109960009548103000EB41000790079800780128D7
:109970000ED10798407808B9012000E0002064214A
:109980004843024606908C48089907F071FA1BE09C
:1099900007980078022817D1874890F84C1008984B
:1099A000814204D08449089881F84C000CE0079863
:1099B000407810B90798807800E0002002460690B1
:1099C0007D48089907F054FA00BF00BF41F25611D4
:1099D0000B98884218D174488079012802D0022857
:1099E00011D10BE07448007808B1022000E00B2090
:1099F000014608900C98FEF717F904E00B210C982B
:109A0000FEF712F900BF00BF41F2F3010B98884244
:109A100015D10C98C07890B9684890F8320070B9A8
:109A20006148807903280AD10C98407808B901214F
:109A300000E000210C9841700C9802F037FA41F2D6
:109A400005010B9888421DD10C98C078D0B95648B2
:109A50008179407901EB002006900DF0EDFF4FF089
:109A6000814107900DF0EAFE08900DF0A9FF01B2C8
:109A7000534890F849201E3020F8121001210C980C
:109A800080F8AE1041F206010B9888421DD10C9867
:109A9000C078D0B944488179407901EB0020069024
:109AA0000DF0CAFF4FF0814107900DF0C7FE0890FE
:109AB0000DF086FF01B2424890F84920283020F886
:109AC000121001210C9880F8AE1041F2C6010B98DB
:109AD000884209D10C98C07830B933488079014662
:109AE00008900C9801F0FCFC41F2F6010B988842BA
:109AF00040D10C98C07880BB2B488079012839D19F
:109B00002F4890F84910405C012833D12C4890F838
:109B100049101430405C02282CD0294890F8491094
:109B20007A30405C08B9012100E00021244890F817
:109B300049207A3081547A3890F849107A30405C64
:109B400060B1002241F20D010C9802F0E3FDFF220A
:109B500041F22A110C9802F0DDFD0BE0012241F2E6
:109B60000D010C9802F0D6FD012241F22A110C9849
:109B700002F0D0FD41F244010B98884208D10A4816
:109B80008179407901EB002081B20C98A0F87C101B
:109B900041F231010B98884224D10C9890F86F0063
:109BA00001490FE0F01E00209C380020D41E002048
:109BB000E21E0020A4230020E8230020301E002005
:109BC000441D0020897988420CD0FE4881790C9888
:109BD00080F86F100C9890F86F00014608900C9870
:109BE000FFF708F841F230010B98884213D10C9826
:109BF00090F86F00F349097A88420CD0F148017A55
:109C00000C9880F86F100C9890F86F00014608903F
:109C10000C98FEF7EFFF0B9810283CD10C9890F8A9
:109C2000D900C0BBE74841790C98C0F8B010E548AE
:109C300081790C98C0F8B410E248C1790C98C0F84A
:109C4000B810E048017A0C98C0F8BC10DD48417AA1
:109C50000C9880F8C010DB48817A0C9880F8C1100D
:109C6000D848C17A0C9880F8C2100C9890F8C110AE
:109C700080F86C100C9890F8C01080F86B100C985D
:109C800090F86D00022819D10C9890F8C0000C28AB
:109C900002DB022101E094E001210C9880F86A10B7
:109CA0000C9890F8C0000C280CDD0C9890F8C000BF
:109CB0000C38C1B20C9880F86B1003E000210C98AE
:109CC00080F86A100C9800F01DFF0C9890F8C410F2
:109CD00090F8C300C0EB001001EB800008900C98D6
:109CE00090F8C61090F8C500C0EB001001EB8001A1
:109CF00007910C9890F8C11090F8C000C0EB0010CC
:109D000001EB800006900C9890F8870005900121E7
:109D10000C9880F88710DDE9071088420BDA089963
:109D20000698884207DBDDE90601884203DA002154
:109D30000C9880F88710DDE9071088420BDD089940
:109D40000698884203DADDE90601884203DA002139
:109D50000C9880F887100C9890F88710059881422D
:109D60002ED00C9890F8E30070B90C9890F884000D
:109D700004900C9890F882004FF47A730390014697
:109D8000049A0C98FEF7DAFF0C9890F8870008B94F
:109D9000012000E00020024641F2210104900C98CD
:109DA00002F0B8FC0C9890F8870008B1012000E0A0
:109DB0000020024641F2220104900C9802F0AAFC15
:109DC00000BF41F223010B98884211D17D48817A6E
:109DD000407A01EB0020401E81B20C98A0F8681078
:109DE0000C9890F86800014608900C98FDF724FE46
:109DF00041F224010B98884213D10C98C07880B9A5
:109E0000714890F849107A30405C50B16D488179C2
:109E1000407901EB0020C1B26B4890F84920323004
:109E2000815441F246010B98884204D165488179FA
:109E30000C9880F8791041F22C010B9888421AD1C5
:109E40000C98B0F882005F498979884213D05D4848
:109E500081790C98A0F882100C9890F884000890F2
:109E60000C9890F882004FF47A7307900146089A94
:109E70000C98FEF763FF41F22D010B9888421AD12E
:109E80000C98B0F884004F498979884213D04D4826
:109E900081790C98A0F884100C9890F884000890B0
:109EA0000C9890F882004FF47A7307900146089A54
:109EB0000C98FEF743FF41F233010B9888420BD117
:109EC0000C9890F86D003F498979884204D03D484C
:109ED00081790C9880F86D100B9814287ED1394840
:109EE000807908900C9890F87E100898814276D07E
:109EF0000C9890F87E00072815D1052241F2300118
:109F00000C9802F001FA3148B0F9060001460790BA
:109F10000C9801F0F1FC2E48B0F9060001460790BC
:109F20000C9801F073FB0C9890F87E00032805D183
:109F3000012241F233010C9802F0E6F90898092851
:109F40003ED10020079038E0079800EBC00121487F
:109F500000EBC10090F8440058B3FF2000901D486A
:109F6000001FC07806901B48001FC07800EBC0019E
:109F7000184800EBC100C07812230590014616482E
:109F8000069A05F0E5FDFF2000901248001FC078FA
:109F900006901048001FC07800EBC0010D4800EB90
:109FA000C100C0781C23059001460B48069A05F0B5
:109FB000CFFD0798401CC0B2079007980728C3DB65
:109FC00008980DE09C380020441D0020E21E00206F
:109FD000D41E0020F41E0020C40400204BE026E024
:109FE0000C2803D1F749F84800F0A3FF089803288C
:109FF00018D10C9890F8C11090F8C000CDE900017C
:10A000000C9890F8B80007900C9890F8B40006905F
:10A010000C9890F8B00005900146DDE906230C98F5
:10A0200001F03AF9E84890F87E1080F89A100C99FF
:10A03000089881F87E00E44890F87E00E24991F8A3
:10A040009A10884203D10120DF4981F89A000C98C8
:10A0500090F87E0018B914210C9880F886100C989E
:10A0600090F87E00012801DD012100E000210C981C
:10A0700080F87F1000BF41F237010B9888421ED153
:10A08000D2488179407901EB002080B20A90062104
:10A090000A9890FBF1F0C1B20C9880F8C310062129
:10A0A0000A9890FBF1F201FB120000EB80004006E1
:10A0B000010E0C9880F8C4100C9801F023FB41F2BB
:10A0C00038010B9888421ED1C0488179407901EB54
:10A0D000002080B209900621099890FBF1F0C1B2EE
:10A0E0000C9880F8C5100621099890FBF1F201FB4D
:10A0F000120000EB80004006010E0C9880F8C6109C
:10A100000C9801F0EBFD41F234010B98884214D118
:10A11000AE488179407901EB0021AB48B0F862008C
:10A1200081420AD0A9488179407901EB002080B2B0
:10A13000014608900C9800F043FD45F270110B9811
:10A14000884206D1A04A8C32A049491D0C9800F0E3
:10A1500030FE41F254010B9888421CD19C4890F883
:10A1600037009A498979884215D09848807908B192
:10A17000012100E00021964880F8371090F8370060
:10A1800030B19148B0F87C00C0EB0010800000E0D6
:10A1900000208F49C86441F255010B98884230D1A4
:10A1A00000208C4908608C480068401C8A4908607F
:10A1B000142808D90021884801608848007880F078
:10A1C000010086490870824890F833007F498979F8
:10A1D000884216D07D48807908B1012000E0002037
:10A1E0007B4981F83300084690F8330030B1764857
:10A1F000B0F87C00C0EB0010800000E00020744943
:10A20000C86341F256010B98884228D10021724858
:10A21000016070480068401C6E490860142801D92C
:10A2200000BFFEE76A4890F834006849897988429F
:10A2300015D06648807908B1012100E0002164480A
:10A2400080F8341090F8340030B15F48B0F87C00EA
:10A25000C0EB0010800000E000205D490864604809
:10A260000078E8B341F213110B9888422AD158487C
:10A2700090F8380055498979884223D0534880792D
:10A2800008B1012100E00021514880F8381090F811
:10A29000380030B14C48B0F87C00C0EB00108000B2
:10A2A00000E000204A490865084690F8380008B1E7
:10A2B000012000E00020024641F2101108900C98A5
:10A2C00002F028FA41F214110B9888422CD1404830
:10A2D00090F839003D498979884225D03B4800E013
:10A2E00052E0807908B1012100E00021384880F86F
:10A2F000391090F8390030B13348B0F87C00C0EB29
:10A300000010800000E0002031494865084690F8C0
:10A31000390008B1012000E00020024641F211118D
:10A3200008900C9802F0F6F941F215110B9888424A
:10A330002AD1274890F83A0024498979884223D0C5
:10A340002248807908B1012100E00021204880F8EE
:10A350003A1090F83A0030B11B48B0F87C00C0EBDE
:10A360000010800000E0002019498865084690F838
:10A370003A0008B1012000E00020024641F212112B
:10A3800008900C9802F0C6F941F2B5010B9888428A
:10A3900028D10E488179407901EB0020A0F5FA60C0
:10A3A0000C99C1F8C8000C98B0F8C80000F5FA6024
:10A3B00000B2024641F2B00108900C9802F0AAF9EE
:10A3C00041E00000EE200020604300209C38002087
:10A3D000301E00200C050020100500203C04002049
:10A3E000A423002041F2B6010B9888422BD1FC48EF
:10A3F00081790C98C0F8CC100C98D0F8CC000C28BF
:10A400000ED90C210C98C0F8CC100C98B0F8CC00E8
:10A4100000B2024641F2B60108900C9802F07AF9B7
:10A420000C98B0F8CC0000B2024641F2B10108909D
:10A430000C9802F06FF90C9890F8D000E8498871F8
:10A4400041F2B7000B9041F2B7010B9888422CD132
:10A45000E34881790C98C0F8D0100C98D0F8D0104F
:10A46000D0F8CC00DF4A105C814212D90C98D0F8A9
:10A47000CC001146095C0C98C0F8D0100C98B0F8CC
:10A48000D00000B2024641F2B70108900C9802F0E9
:10A4900041F90C98B0F8D00000B2024641F2B20186
:10A4A00008900C9802F036F99AE241F2B8010B9844
:10A4B000884222D1CA4881790C9880F8D4100C982F
:10A4C00090F8D40017280DDD17210C9880F8D410CF
:10A4D0000C9890F8D400024641F2B80108900C980C
:10A4E00002F018F90C9890F8D400024641F2B3013A
:10A4F00008900C9802F00EF972E241F2B9010B9843
:10A50000884222D1B64881790C9880F8D5100C98F1
:10A5100090F8D5003B280DDD3B210C9880F8D51034
:10A520000C9890F8D500024641F2B90108900C98B9
:10A5300002F0F0F80C9890F8D500024641F2B40110
:10A5400008900C9802F0E6F84AE241F2BA010B9842
:10A5500088421AD100220C9890F8D51090F8D400B7
:10A560008DE807000C9890F8D00008900C9890F8AF
:10A57000CC0007900C9890F8C80006900146DDE9E1
:10A5800007230C9802F086F82AE20B9816282AD1A5
:10A590009348017AC07901EB00210C98B0F8E400EF
:10A5A000814209D18E48817A407A01EB00210C98D2
:10A5B000B0F8E600814203D000210C98A0F8E0102A
:10A5C0008748017AC07901EB002081B20C98A0F88D
:10A5D000E4108348817A407A01EB002081B20C9824
:10A5E000A0F8E610FCE141F26B010B98884220D103
:10A5F0000C98B0F89C007A498979C1EB0111B0EB55
:10A60000810F16D076488079C0EB001081000C983D
:10A61000A0F89C1072488079062801D1002000E043
:10A620000220024641F26C0108900C9802F072F888
:10A63000D6E141F203010B98884208D1684880793D
:10A6400008B1012100E000210C98C170C8E141F27D
:10A650006A010B9888420FD1634890F89A00152838
:10A6600003D10120604981F89A000C9801F0FAFCAE
:10A670000C9800F0E1FAB3E141F2F1010B98884245
:10A680000CD1574880790C2808D10C9890F89A0082
:10A69000014608900C98FDF7C7FAA1E141F2F001DC
:10A6A0000B98884222D14E48807913281ED14F48FA
:10A6B00005F02AF84E48C07808904D48C07800EB65
:10A6C000C0014B48001D00EBC100C0780523079076
:10A6D00001464848089A05F00FFA47A10C9800F087
:10A6E00028FC00210C98FEF767FB79E141F2F401A8
:10A6F0000B9888423CD10C98C078C8BB3848807908
:10A70000032813D101210C9841713C4890F8950021
:10A7100078BB012241F23A110C9801F0FBFF384856
:10A7200004F07EFC0C99C1F8EC0055E03548007847
:10A7300020B33548007808B32948807904280ED121
:10A740003048407808B9012000E000202D494870C9
:10A7500008464078014608900C9801F01FFC2048FC
:10A760008079052838D12848407818B9012002E0BE
:10A770004CE031E00020244948702DE02148007869
:10A7800080B117488079042803D0154880790528BE
:10A7900008D11C48407808B9012000E00020194980
:10A7A000487019E018480078B0B10D488079042845
:10A7B00003D00B48807905280ED11348407808B99A
:10A7C000012000E00020104948700846407801460A
:10A7D00008900C9801F0B0FA002001498871FFE060
:10A7E0009C3800208082030860430020EC20002079
:10A7F000F01E0020C404002020000000301E0020B5
:10A80000C01B0020D41E0020E21E002041F2F501F2
:10A810000B9888424ED10C98C078E8BB724880797A
:10A8200008900898302813D1704890F849006F4973
:10A83000085C00F0010058B1084690F84910143047
:10A84000405C28B10021694890F8492014308154B7
:10A850000898312814D1654890F849006349085C8C
:10A8600000F0010060B1084690F849101430405CD7
:10A87000012805D001215D4890F849201430815409
:10A880000898322815D1594890F849005749085C72
:10A8900001280ED1084600E00CE090F84910143071
:10A8A000405C022805D00221504890F8492014301D
:10A8B000815495E041F26D010B9888420BD14A48D2
:10A8C0008179407901EB002080B2014608900C9814
:10A8D00000F0A0FA84E041F26E010B9888420BD19F
:10A8E00041488179407901EB002080B2014608900F
:10A8F0000C9800F053FB73E041F269010B98884219
:10A9000015D100210C9880F8A01037488179407942
:10A9100001EB00200A2863D116210C98FDF784F979
:10A92000002241F269010C9801F0F4FE58E041F276
:10A930007C010B9888420CD12B488179407901EB3E
:10A94000002080B20246002108900C9801F07AF9AC
:10A9500046E041F27D010B9888420CD12248817972
:10A96000407901EB002080B20246012108900C984A
:10A9700001F068F934E041F27E010B9888420CD175
:10A9800019488179407901EB002080B2024602210A
:10A9900008900C9801F056F922E041F27F010B98E3
:10A9A00088420CD110488179407901EB002080B2B7
:10A9B0000246032108900C9801F044F910E041F29E
:10A9C00081010B9888420BD107488179407901EBCE
:10A9D000002080B20246042108900C9801F032F960
:10A9E00000BFFEF7C5BA00009C380020441D0020BF
:10A9F0002DE9F04104460D461E48007808B30522B3
:10AA000041F25B01204601F085FE94F86F000128B9
:10AA100008D128460DF010F807463946204600F0C8
:10AA20008DF900E028460646324641F27A0120467A
:10AA300001F070FE0F48B0F90610204600F0E6FD68
:10AA400011E0012241F25B01204601F063FE052284
:10AA500041F26701204601F05DFEFF2241F26501EF
:10AA6000204601F057FE03484178204601F096FA4F
:10AA7000BDE8F081D41E002070B5044694F8AE0005
:10AA800018B1002084F8AE0070BD94F88600DE286E
:10AA900000D0F9E71A4890F849101E3030F811003C
:10AAA000800002B241F20501204601F033FE144855
:10AAB00090F84910283030F81100800002B241F2BD
:10AAC0000601204601F026FE0D4991F849201E316D
:10AAD00031F912000CF0B0FF054629462046FEF77A
:10AAE00089F9074991F84920283131F912000CF011
:10AAF000A3FF05462946204600F0EEF800BFC3E755
:10AB0000441D002010B5044694F86A2041F23E012D
:10AB1000204601F0FFFD94F86C0094F86B1001EBF7
:10AB2000C10303EB011100EB810002B24FF482512B
:10AB3000204601F0EFFD10BD2DE9F04104460D4621
:10AB40001E48007808B3052241F25C01204601F05E
:10AB5000E1FD94F86F00012808D128460CF06CFF45
:10AB600007463946204600F0E9F800E02846064648
:10AB7000324641F27B01204601F0CCFD0F48B0F98E
:10AB80000610204600F0B8FE11E0012241F25C01FF
:10AB9000204601F0BFFD052241F26801204601F088
:10ABA000B9FDFF2241F26601204601F0B3FD0348E2
:10ABB0004178204601F0C0F8BDE8F081E21E002097
:10ABC00070B505460C461B48A0F86240182C0CDAFC
:10ABD00022B241F22E01284601F09CFD002241F2F2
:10ABE0002F01284601F096FD0FE0182094FBF0F0AD
:10ABF00006B2324641F22E01284601F08BFD0122B9
:10AC000041F22F01284601F085FD602C07DD002070
:10AC100085F8640064200749A1F8620002E0022080
:10AC200085F8640095F8642041F23501284601F06A
:10AC300071FD70BD6043002010B5044634F8E00F8C
:10AC4000401C208034F8E009B0F5AF7F03DB4FF4FF
:10AC5000AF70A4F8E0001E4890F87E000E2802D1E4
:10AC60000020A4F8E0001B48008810B10020A4F8E0
:10AC7000E000B4F8E000B4F89C10884211DD94F8CC
:10AC8000E30018BB4FF47A73002211462046FEF70A
:10AC900055F8012084F8E30015212046FCF7C4FF95
:10ACA00014E094F8E30088B194F8842094F88210BA
:10ACB0004FF47A732046FEF741F8002084F8E30051
:10ACC000034890F89A102046FCF7AEFF10BD000034
:10ACD00060430020EC20002070B504460D4694F837
:10ACE0006F00012804D129460A4804F0BBF9054643
:10ACF00028460CF081FE06B2324641F2430120465E
:10AD000001F008FD94F86F2041F23601204601F071
:10AD100001FD70BDC01B002070B504460D4694F8BF
:10AD20006F00022801D1284670BD28460CF084FE31
:10AD300006463146204600F001F8F5E72DE9F041DE
:10AD400080460C46084920460CF0D6FE07460749C7
:10AD50000CF074FD064606490CF002FD05460CF0A9
:10AD60002FFE00B2BDE8F081000010410000A040BD
:10AD70000000024270B504460D46164694F886005F
:10AD8000DE2804D132462946204601F0C3FC70BDBE
:10AD900070B505460C4695F88600502800DA70BD5F
:10ADA0006423224645F25051284600F047FA00BF7E
:10ADB000F5E7F0B507460D460021012603231024D0
:10ADC00023E0A4F1010C15F80C0030280EDB392823
:10ADD0000CDCA0F1300C06FB0C1C0CF0FF0106EBA8
:10ADE000860C4FEA4C6C4FEA1C660CE02E280AD108
:10ADF0000126D1540021002B04DDA3F1010C0CF03D
:10AE0000FF0300E003E0601E44B2002CD9D11170B2
:10AE1000F0BD00002DE9F04706460C461D480078BD
:10AE200008B1642C0ADD1B48007828B9012241F2E0
:10AE30005B01304601F06EFCBDE8F08720460CF067
:10AE400013FE814614490CF057FE804613490CF05E
:10AE5000F5FC074612490CF083FC054628460CF029
:10AE6000AFFD00B20B49C88096F86F00012804D1ED
:10AE700029463046FFF762FF03E028460CF0A0FDAC
:10AE800000B207463A4641F27A01304601F042FCF0
:10AE900000BFD1E7D41E00200000E8410000C842F6
:10AEA0000000404010B5C2B00446B4F8F40002B24D
:10AEB00041F25211204601F02DFCD4F8F00000EBD5
:10AEC000C0000B4901EB800040680090D4F8F0000E
:10AED00000EBC00031F8203006A24FF4807102A8C8
:10AEE000F5F702FA02A92046FFF752FF42B010BD63
:10AEF0006C0500202564202D2025730070B50546C3
:10AF00000C46224641F20201284601F003FC70BDC6
:10AF100070B506460C46154696F88600502800DAAD
:10AF200070BD142322462946304600F087F900BF41
:10AF3000F6E730B5C1B005460C4695F886005028B6
:10AF400001DA41B030BD4FF4807201A92046F8F714
:10AF5000FDFAC82301AA4FF4A041284600F06EF97B
:10AF600000BFEEE72DE9F043A1B081460C4615463F
:10AF70006846F9F7E7F882216846F9F799F88046BC
:10AF800021B2F9F7C6F8074629B2F9F7C2F8064622
:10AF9000F9F77EF821B0BDE8F08300002DE9F04715
:10AFA00006460C462048007808B1642C0ADD1E488D
:10AFB000007828B9012241F25C01304601F0AAFB79
:10AFC000BDE8F08720460CF04FFD824617490CF093
:10AFD00093FD814616490CF031FC804600210CF0AF
:10AFE000BFFB054628460CF0EBFC00B20E49C880BA
:10AFF00096F86F00012804D129463046FFF79EFEDF
:10B0000003E028460CF0DCFC00B207463A4641F269
:10B010007B01304601F07EFB22B241F26E013046E8
:10B0200001F078FB00BFCBE7E21E00200000A04249
:10B030000000C8422DE9F04FB9B0054695F8D80098
:10B0400000EBC001794800EBC1040020389000BF3C
:10B050000DE0E178764A12F81020914205D174494A
:10B0600001EB40014978389103E0411CC8B208283F
:10B07000EFD300BF17A8F9F765F84FF46161A06B33
:10B08000B0FBF1F000B21690606BB0FBF1F000B2D3
:10B0900015906849E0680CF02FFD82460CF090FC9A
:10B0A00000B20F906349A0680CF026FD82460CF0B8
:10B0B00087FC00B20D906049206A0CF01DFD8246AD
:10B0C0000CF07EFC00B20B90B4F928102846FFF774
:10B0D00023FE0990B4F926102846FFF71DFE0890BC
:10B0E000B4F924102846FFF717FE06905249E0698C
:10B0F0000CF002FD03900CF063FC00B2822105907D
:10B1000017A8F8F7D5FF41F2B0110090F9F701F850
:10B110000190207808B1022000E060780146019893
:10B12000F8F7F7FF0290A08A01B20298F8F7F1FF52
:10B130000390208B01B20398F8F7EBFF0490059978
:10B14000F8F7E7FF83460699F8F7E3FF07900899B9
:10B15000F8F7DFFF82460999F8F7DBFF0A900B99B1
:10B16000F8F7D7FF0C900D99F8F7D3FF0E900F99D1
:10B17000F8F7CFFF109095F8D810F8F7CAFF1190A4
:10B18000A07808B9012000E00020284A121F927818
:10B19000022A01DA012200E0002202EB820200EB27
:10B1A00042011198F8F7B5FF12902048001FC078AF
:10B1B00095F8D820904201D1012000E000201B4AE0
:10B1C000121F9278022A01DA012200E0002202EB2B
:10B1D000820200EB42011298F8F79BFF1390389916
:10B1E000F8F797FF14901599F8F793FF8146169991
:10B1F000F8F78FFF80460D48001F41784046F8F76A
:10B2000088FF07460948001F8078012801DD0120DA
:10B2100000E0002000EB800041003846F8F779FF9D
:10B220000646F8F735FF39B0BDE8F08FF41E002070
:10B23000A0850308000020410000C8422DE9F0432A
:10B24000A1B081460F4615461E466846F8F77AFFBC
:10B2500082216846F8F72CFF804639B2F8F759FF8B
:10B26000002406E02046621CD4B2295C6846F8F748
:10B2700041FF285D08B1B442F4DB05E020216846B7
:10B28000F8F738FF601CC4B2B442F7DB6846F8F741
:10B29000FFFE21B0BDE8F0832DE9F04FC7B00446B2
:10B2A0000F4615461E46DDF84491DDF8408194F8BE
:10B2B0008600DE2802D047B0BDE8F08F012D01DB0B
:10B2C0000C2D00DD0125012E01DB1F2E00DD0126E6
:10B2D000B8F1170F01DD4FF00C08B9F13B0F01DD9C
:10B2E0004FF01E09C4F8C870CC200551D02006517B
:10B2F00084F8D48084F8D5900021D620015526A862
:10B30000F8F720FF822126A8F8F7D2FE41F2B0011B
:10B310000090F8F7FEFE019007F5FA6001B201987F
:10B32000F8F7F7FE83462946F8F7F3FE82463146E2
:10B33000F8F7EFFE41460290F8F7EBFE494603901E
:10B34000F8F7E7FE0490F8F7A3FE05A8F8F7FAFE71
:10B35000822105A8F8F7ACFE41F2B5010090F8F79C
:10B36000D8FE83463946F8F7D4FE29460190F8F70F
:10B37000D0FE31460290F8F7CCFE82464146F8F7FF
:10B38000C8FE49460390F8F7C4FE0490F8F780FE23
:10B3900000BF90E770B5B0B0054620224021684656
:10B3A000F5F7C1F900208DF83F0095F8D80000EBC3
:10B3B000C0010F4800EBC104A07978B1A1790D4814
:10B3C00004F002F90646A27933460BA110A8F4F75F
:10B3D00077FF4022694610A8F8F7B8F820236A469C
:10B3E00045F650012846FDF7D9FB30B070BD00008E
:10B3F000F41E0020EC2000202564202D2025730061
:10B4000070B58AB004462022222101A8F5F78BF9F5
:10B4100094F8D80000EBC0010B4800EBC1056A7935
:10B4200029792046FDF796FB0646324607A101A87A
:10B43000F4F746FF202301AA45F250712046FDF79C
:10B44000ADFB0AB070BD0000F41E002025730000A3
:10B4500070B504461F4890F8950060BB60790028DD
:10B4600037D01D4803F0DCFDD4F8EC10401AB0F5DD
:10B47000967F2ED9184803F0D3FD42F2107108448C
:10B48000C4F8EC0000206071002508E00121134899
:10B4900041552946204600F063F9681CC5B2052DC8
:10B4A000F4DB607818B9207808B9012020702046B4
:10B4B00000F0D4FC0DE0607958B1002060710548BF
:10B4C00090F8960008B9012000E00020014981F8B9
:10B4D000960070BD301E0020C01B0020581D0020AB
:10B4E00070B504460E46414890F8491004F14C00EE
:10B4F00020F8116035463D4890F849101430405C02
:10B50000A84200D170BD394890F849003749085C1D
:10B51000012802D0022D00D10025344890F84910AE
:10B5200014304554012D1ED1143890F8491004F1FF
:10B530001A0030F8110002B241F22601204601F053
:10B54000E9F82A4890F84930A01D30F8130002B2FB
:10B55000264890F8493004F1420030F81310204694
:10B5600001F0D8F840E0022D1FD1204890F8491092
:10B5700004F1380030F8110002B241F226012046F1
:10B5800001F0C8F8194890F8493004F12E0030F85D
:10B59000130002B2154890F8493004F1420030F827
:10B5A0001310204601F0B6F81EE0104890F849103C
:10B5B00004F1240030F8110002B241F226012046C5
:10B5C00001F0A8F8094890F8493004F1100030F86B
:10B5D000130002B2054890F8493004F1420030F8F7
:10B5E0001310204601F096F800BF8BE7441D0020A1
:10B5F00070B50446204600F0D1FB05B22A464FF450
:10B600008051204601F086F870BD00002DE9F0471A
:10B6100005460C461D48007838B9012241F25B010D
:10B62000284601F077F8BDE8F087032C01DB202CD9
:10B6300000DDF8E7E01E0CF0FFF9814614490CF03C
:10B64000FDF8804613490CF057FA07460CF0D4F980
:10B6500086B295F86F00012808D120460CF0ECF96D
:10B66000804641462846FFF769FB00E02046074632
:10B670003A4641F27A01284601F04CF832B241F2E2
:10B680006D01284601F046F800BFCCE7D41E00202B
:10B690000000E8410000C8422DE9F05F06460C4674
:10B6A000154696F86F00012806D105EBC500052167
:10B6B00090FBF1F000B200E02846804605F10A0058
:10B6C0000CF0BAF983460D490CF0B8F882460C49E3
:10B6D0000CF012FA81460CF08FF987B241F2820029
:10B6E00021184246304601F015F841F27C0021183D
:10B6F0003AB2304601F00EF8BDE8F09F0000A041DC
:10B700000000204270B50446C320055D94F86D002A
:10B7100002280FD10C2D00DB00E00120024641F28F
:10B720003D01204600F0F6FF0C2D09DDA5F10C00CF
:10B7300085B205E0002241F23D01204600F0EAFF1B
:10B7400094F8C40005EBC50101EB051100EB810085
:10B7500002B241F24E01204600F0DCFF70BD000055
:10B7600070B505460C465148005D032801D1012003
:10B7700000E00020064695F88600DE2800D070BD67
:10B780004A48005D00F0010000B9F8E705F14C00FF
:10B7900030F8141045481430005D814200D1EEE7C6
:10B7A00042481430015D05F14C0020F814103F4868
:10B7B0001430005D012825D13C4890F84900A04292
:10B7C00014D105F11A0030F8140002B241F226013A
:10B7D000284600F09FFF35481430005D06EB460117
:10B7E000421841F2C601284600F094FFA81D30F827
:10B7F000140002B205F1420030F81410284600F09F
:10B8000089FF51E029481430005D022826D12748DD
:10B8100090F84900A04214D105F1380030F8140026
:10B8200002B241F22601284600F074FF1F4814308E
:10B83000005D06EB4601421841F2C601284600F0C1
:10B8400069FF05F12E0030F8140002B205F1420044
:10B8500030F81410284600F05DFF25E0134890F8FA
:10B860004900A04214D105F1240030F8140002B2BE
:10B8700041F22601284600F04DFF0C481430005DCF
:10B8800006EB4601421841F2C601284600F042FF8D
:10B8900005F1100030F8140002B205F1420030F852
:10B8A0001410284600F036FF00BF68E7441D002052
:10B8B00010B5044601210848FDF77EFA07A10648A5
:10B8C000FFF737FB0C210448FCF7AEF94FF4FA718F
:10B8D000084803F091FB10BD60430020557064617F
:10B8E000746520696E2070726F67726573732E2E97
:10B8F0002E000000C01B00202DE9F04705460C4635
:10B900001D48007838B9012241F25C01284600F058
:10B9100001FFBDE8F087002C01DB502C00DDF8E7CB
:10B9200020460CF089F8814614490BF087FF8046C9
:10B9300013490CF0E1F807460CF05EF886B295F872
:10B940006F00012808D120460CF076F88046414669
:10B950002846FFF7F3F900E0204607463A4641F251
:10B960007B01284600F0D6FE32B241F26E01284635
:10B9700000F0D0FE00BFCCE7E21E00200000A04295
:10B980000000C84210B50446444802784FF48A517A
:10B99000204600F0BFFE4148427841F24111204666
:10B9A00000F0B8FE3D48827841F24211204600F096
:10B9B000B1FE3A48C27841F24311204600F0AAFE97
:10B9C0003648027941F24411204600F0A3FE344883
:10B9D0000078C0EBC00101EB001241F24511204696
:10B9E00000F098FE2F480078C0EBC00101EB001278
:10B9F00041F24611204600F08DFE284890F83F00A5
:10BA0000021D41F24711204600F084FE234890F8C1
:10BA10004000021D41F24811204600F07BFE1F4805
:10BA200090F84100021D41F24911204600F072FEDB
:10BA30001A4890F84200021D41F24A11204600F0D7
:10BA400069FE164890F84300021D41F24B11204652
:10BA500000F060FE1248007A021D41F24C112046AF
:10BA600000F058FE0F48807A021D41F24D11204629
:10BA700000F050FE0A48007B00F10C0241F24E112A
:10BA8000204600F047FE0748C07A00F10C0241F260
:10BA90004F11204600F03EFE10BD0000441D002066
:10BAA000D41E0020E21E00202DE9F04180460F4602
:10BAB0001546002600240FE0AA19395D4046FBF721
:10BAC0008DFF3044C6B2032C04DA2E223046711C9E
:10BAD000CEB22A54601CC4B2042CEDDBBDE8F08168
:10BAE0002DE9FF4105460E4617461C46022C05D19E
:10BAF0003A460BA16846F4F7E3FB04E03A4609A195
:10BB00006846F4F7DDFB6846F4F75CFD00F0FF08DB
:10BB100043466A4631462846FDF740F8BDE8FF81B6
:10BB2000257800002564000030B58BB00546202242
:10BB3000222102A8F4F7F7FD95F8D80000EBC00128
:10BB40000C4800EBC1042D20005D2C21095DCDE9DE
:10BB500000102B20035D94F82A2007A102A8F4F717
:10BB6000AFFB202302AA45F620012846FDF716F870
:10BB70000BB030BDF41E002025642E25642E2564F4
:10BB80002E25640010B5044694F88600DE2800D007
:10BB900010BD00200F49A1F8E000084690F87E0093
:10BBA000152802D1012081F89A000E212046FCF7C9
:10BBB0003BF8002004F8780F6070227BA17A783C73
:10BBC0004FF47A732046FDF7B9F8002084F8E300BB
:10BBD00000BFDDE76043002070B504460D4607480E
:10BBE00090F8E80008B1002000E0284602B241F2D7
:10BBF0001611204600F08EFD70BD0000101C0020C4
:10BC00002DE9F04104460D460D48007870B194F8D6
:10BC10006F00012808D128460BF00EFF0746394671
:10BC20002046FFF78BF802E0284600E0FF2006469A
:10BC3000324641F26501204600F06CFDBDE8F0811E
:10BC4000D41E00202DE9F04706460C461546282D47
:10BC500001DDBDE8F08728460BF006FF8246194952
:10BC60000BF04AFF814618490BF0E8FD8046174962
:10BC70000BF076FD074638460BF0A2FE01B21448E1
:10BC800020F8141096F86F0001280CD1114938469D
:10BC90000BF032FF824610490BF0D0FD81460BF0CD
:10BCA0008FFE00B203E038460BF08AFE00B28046F9
:10BCB00041F2820021184246304600F02BFD00BFC1
:10BCC000C7E700000000A04100002042000020C1A2
:10BCD000EE1D0020000010410000A04070B5044699
:10BCE000C520055D94F86D0002280FD10C2D00DBF6
:10BCF00000E00120024641F23F01204600F00AFD2B
:10BD00000C2D09DDA5F10C0085B205E0002241F201
:10BD10003F01204600F0FEFC94F8C60005EBC5018B
:10BD200001EB051100EB810002B241F24F01204608
:10BD300000F0F0FC70BD000070B505460C460CB17B
:10BD4000012000E0002003494870284600F036F941
:10BD500070BD0000E21E00202DE9F04104460D46B2
:10BD60000D48007870B194F86F00012808D128467A
:10BD70000BF062FE074639462046FEF7DFFF02E081
:10BD8000284600E0FF200646324641F26601204682
:10BD900000F0C0FCBDE8F081E21E00200146224810
:10BDA000007810B92048C07820B32048C07800EB54
:10BDB000C0021E48001D00EBC2000079012804D01B
:10BDC000022811D0032813D110E01848C07800EBE6
:10BDD000C0021648001D00EBC2004079042801D1C2
:10BDE000012070470420FCE70220FAE70320F8E76F
:10BDF0000420F6E70D48C07800EBC0020B48001D98
:10BE000000EBC200007950B10848C07800EBC002D6
:10BE10000648001D00EBC2000079012801D1002076
:10BE2000DFE70520DDE7000060430020F01E002072
:10BE300070B50546002405E021462846FFF790FC32
:10BE4000601CC4B2052CF7DB034890F84910284663
:10BE5000FDF73CF870BD0000441D002070B504469D
:10BE6000104890F8950048B10E4890F89600821C52
:10BE700041F23A11204600F04DFC12E00A4803F06E
:10BE8000CFF8D4F8EC10401AB0F5967F01D201201B
:10BE900000E0002005462A4641F23A11204600F013
:10BEA00039FC70BD301E0020C01B002070B5044658
:10BEB0001148FFF773FF05B22A464FF48051204620
:10BEC00000F028FC607808B1012000E00020024664
:10BED00041F20101204600F01DFC607808B920788D
:10BEE00008B1012000E00020024641F20A1120467C
:10BEF00000F010FC70BD00006043002010B5044647
:10BF00002048007800F0010048B91E4809F073FF8E
:10BF100028B160781C4908701A48AFF300801B48AC
:10BF2000007800F0010048B9184809F064FF28B112
:10BF30002078174908701548AFF3008060781249DF
:10BF4000097888420ED1207811490978884209D1B0
:10BF5000104803F065F810490968401A40F6B831F6
:10BF600088420DD90B4803F05BF80B4908606078F4
:10BF7000054908702078064908702046FFF796FFAB
:10BF800010BD000054050020580500205005002079
:10BF900059050020C01B00205C05002070B5054637
:10BFA0000C460CB1012000E00020034948702846EF
:10BFB00000F004F870BD0000D41E002070B50546E6
:10BFC0002648007850B12648007838B12448417896
:10BFD0002248407801EB4000C4B216E01F480078C8
:10BFE00038B11E48407808B1072000E0062004461A
:10BFF0000BE01B48007838B11948407808B105209B
:10C0000000E00420044600E0FF24224641F26401DF
:10C01000284600F07FFB114840781049097809B99B
:10C02000012100E0002101EB810100EB410241F21E
:10C030007C11284600F06EFB0948407808490978D1
:10C0400009B9012100E0002101EB810100EB41026F
:10C0500041F27D11284600F05DFB70BDD41E00202A
:10C06000E21E00200021024AA2F8E0107047000002
:10C070006043002010B504468648007800F00100B7
:10C0800058B9844809F0B7FE38B1834802F0C8FFB8
:10C09000824908607F48AFF300807F4802F0C0FF0C
:10C0A000D4F8DC10401A41F28831884202D90020CD
:10C0B00084F8D90094F88600DE287DD12046FCF76C
:10C0C00051FF204600F03CF9204600F067FB204677
:10C0D000FFF7BEF92046FFF711FF6F4802F0A0FFFF
:10C0E0006E490968401AB0F57A7F66D36A4802F053
:10C0F00097FF6A490860B4F89E0000280BDDB4F889
:10C100009E00012802D16648FAF7E4FFB4F89E00C9
:10C11000401EA4F89E00634890F8E600672801D10D
:10C12000002000E00A20024641F2CD01204600F046
:10C13000F1FA5D48FBF734FD5B48FFF759FA5A48BE
:10C14000FEF77AFD5848FFF773FE2046FEF772FFB0
:10C150002046FFF755F9D4F8A400E8B1D4F8A400BC
:10C16000012814D100202070607000224FF480510B
:10C170002046FEF7FFFD002241F201012046FEF7B6
:10C18000F9FD002241F20A112046FEF7F3FDD4F832
:10C19000A400401EC4F8A400207820B9607810B92B
:10C1A0000020C4F8A400D4F8A80090B1D4F8A800E6
:10C1B000012809D1002001E05BE059E03B494870CB
:10C1C00000212046FFF7B8FDD4F8A800401EC4F8AF
:10C1D000A8003648407810B90020C4F8A80014F828
:10C1E000A00F401C207014F8A00905284BDD00208A
:10C1F00084F8A000002241F26901204600F08AFA8A
:10C200002B48007810B12A48807800E005200246CB
:10C2100041F26701204600F07DFA2448007810B111
:10C220002248807800E00520024641F2680120465D
:10C2300000F070FA1E48B0F904102046FFF7E0FC49
:10C240001A48B0F904102046FFF786FD1948007817
:10C2500008B1FF2000E00020024641F227112046ED
:10C2600000F058FA2046FFF75FFC2046FFF792F8EF
:10C2700009E0114809F0A2FD10B994F8860010B940
:10C280002046FBF73FFD0D48FAF7C8FD0A4808F0C5
:10C290003BFF10BD04050020C01B00200805002046
:10C2A00070470020101C002060430020E21E002088
:10C2B000D41E0020A4230020584400209C380020D5
:10C2C0002DE9F04107460D461646062D01D3BDE87F
:10C2D000F0810C4800EBC50416B14FF4707000E01B
:10C2E000A088024621883846FEF73CFE16B140F28F
:10C2F000AE2000E0E088024661883846FEF732FE54
:10C3000000BFE4E7208503082DE9F043A1B0814692
:10C310000C4615466846F7F715FF83216846F7F780
:10C32000C7FE804621B2F7F7F4FE07462946F7F725
:10C33000E1FE0646F7F7ACFE21B0BDE8F083000051
:10C3400010B50446C648007800F0010068B9C4483A
:10C3500009F051FD48B1C34802F062FE00F21A40F4
:10C36000C1490860BE48AFF30080C048007800F0C3
:10C37000010068B9BD4809F03EFD48B1B94802F076
:10C380004FFE00F5FA60BA490860B848AFF3008084
:10C39000B848007800F0010068B9B64809F02BFDF4
:10C3A00048B1B04802F03CFE00F21310B2490860F8
:10C3B000B048AFF30080B148007800F0010068B9E0
:10C3C000AE4809F018FD48B1A64802F029FE00F277
:10C3D0000D20AB490860A948AFF30080A948007858
:10C3E00000F0010068B9A74809F005FD48B19D4873
:10C3F00002F016FE00F64D00A3490860A148AFF315
:10C40000008094F87E00012813D1964802F008FEBF
:10C4100097490968401AC8280BD3924802F000FED9
:10C4200093490860032241F223012046FFF76CFF85
:10C4300010BD8C4802F0F4FD8B490968401AB0F534
:10C44000967F2DD3874802F0EBFD874908608F481F
:10C45000007828B907224FF480512046FFF754FF97
:10C460008A480078012811D1012241F25401204666
:10C47000FFF74AFF012241F255012046FFF744FF32
:10C48000012241F256012046FFF73EFF8048007826
:10C49000401CC0B27E490870012801DD00200870F0
:10C4A000704802F0BDFD74490968401AB0F57A7F02
:10C4B0000DD36C4802F0B4FD6F49086004221021CE
:10C4C0002046FFF721FF2046FCF7FCFBB0E794F87D
:10C4D0007E00052822D1634802F0A2FD6849096860
:10C4E000401AC8281AD35F4802F09AFD64490860D0
:10C4F0006748007810B941F2370001E041F2380096
:10C50000014601222046FFF7FFFE6148007808B986
:10C51000012000E000205E49087089E794F87E0061
:10C52000062834D14F4802F07BFD55490968401A6E
:10C53000C8282CD94B4802F073FD51490860544873
:10C54000007828B9012241F234012046FFF7DCFED1
:10C550004F480078012805D1012241F2030120460D
:10C56000FFF7D2FE4A480078052805D1012241F2A2
:10C5700044012046FFF7C8FE45480078401CC0B281
:10C5800043490870052801DD0020087050E7354850
:10C5900002F046FD3C490968401AB0F5FA7F0AD915
:10C5A000304802F03DFD3849086001221421204640
:10C5B000FFF7AAFE3CE794F87E00072814D129482B
:10C5C00002F02EFD2E490968401AB0F5FA7F0BD90A
:10C5D000244802F025FD2A490860012241F2310178
:10C5E0002046FFF791FE23E794F87E00082834D117
:10C5F0001C4802F015FD22490968401AC8282CD9A8
:10C60000184802F00DFD1E4908602148007828B93D
:10C61000012241F26B012046FFF776FE1C480078AC
:10C62000012805D1012241F22C012046FFF76CFEC2
:10C6300017480078022805D1012241F22D01204639
:10C64000FFF762FE12480078401CC0B21049087023
:10C65000022801DD00200870EAE600BFE8E60000DD
:10C6600028050020C01B00202C05002024050020E8
:10C670003005002020050020340500201C05002086
:10C6800038050020180500203C0500204105002049
:10C69000400500202DE9F04FA9B004460F4615468D
:10C6A0001E46DDF8C88094F88600DE2802D029B046
:10C6B000BDE8F08F08A8F7F745FD822108A8F7F735
:10C6C000F7FC9C210190F7F724FD5A210290F7F71F
:10C6D00011FDA5210390F7F70DFD39460490F7F7FA
:10C6E00009FD29460590F7F705FD83463146F7F722
:10C6F00001FD41460690F7F7FDFC07903399F7F7E7
:10C70000F9FC82463499F7F7F5FC8146F7F7C0FC4F
:10C7100000BFCCE72DE9F043A1B081460C46154699
:10C720006846F7F70FFD82216846F7F7C1FC80469F
:10C7300021B2F7F7EEFC07462946F7F7EAFC064672
:10C74000F7F7A6FC21B0BDE8F083000030B5044641
:10C75000114890F8C45090F8C300C0EB001005EBEE
:10C7600080020D4890F8C65090F8C500C0EB00104C
:10C7700005EB8003084890F8C15090F8C000C0EB6A
:10C78000001005EB8001914203D3994201D20120B0
:10C7900030BD0020FCE70000604300202DE9F04F91
:10C7A000F1B00446F948007800F0010058B9F748A4
:10C7B00009F021FB38B1F64802F032FCF549086077
:10C7C000F248AFF30080F24802F02AFCF149096810
:10C7D000401AB0F5FA7F02D271B0BDE8F08FEC4894
:10C7E00002F01EFCEB490860002568E094F86F0039
:10C7F000022803D1E84850F825000DE0E64850F83B
:10C800002510E34802F02EFC83460BF0D9F80FFA0E
:10C8100080FA50460BF010F981460BF0D1F800B2C7
:10C820006EA921F815006EA830F815006BA921F843
:10C830001500D9484830405DF0B9D7485230405DC6
:10C84000D0B9D648405D00F0010078B304F1700023
:10C85000405D01282AD1D04951F82500D0490BF07C
:10C8600017F923D2002104F1700041550022294616
:10C870002046FFF725FD19E0FF206BA921F81500E0
:10C88000C648405D00F0010080B1FF206EA921F88C
:10C89000150004F17000405D20B9012229462046B0
:10C8A000FFF70EFD012104F170004155BB48405DCA
:10C8B00018B9FF206BA921F81500681CC5B2052D19
:10C8C00094DB94F86F00022804D1B3483438B0F9EF
:10C8D00048000EE0B0493439B1F948000BF0ACF82B
:10C8E00081464946AA4802F0BDFB05460BF068F8B0
:10C8F00000B26590A848343890F8900090B9A648E6
:10C90000343890F8920068B97620005D01280ED185
:10C91000A1483438B0F94800732808DA002176209D
:10C92000015504E0FF20659001217620015594F81F
:10C930006F00022803D198483438006D0DE0964806
:10C940003438016D924802F08DFB82460BF038F8C6
:10C950000FFA80F948460BF06FF805460BF030F8F7
:10C960000FFA80F88C48343890F89400C0B98A489F
:10C97000343890F8960098B97520005D01281CD1D4
:10C9800085493439086D86490BF082F815D20021AB
:10C9900075200155002205212046FFF791FC0CE08F
:10C9A0004FF0FF087520005D20B9012205212046C7
:10C9B000FFF786FC01217520015594F86F000228CD
:10C9C00004D175483438B0F94A000EE07249343960
:10C9D000B1F94A000BF030F8814649466C4802F044
:10C9E00041FB05460AF0ECFF00B264906A48343817
:10C9F00090F88C0090B96848343890F88E0068B987
:10CA00007720005D01280ED163483438B0F94A0020
:10CA1000732808DA00217720015504E0FF20649094
:10CA20000121772001555C48343890F8E80088B13E
:10CA300000206490002241F216112046FFF76AFEA2
:10CA40005548343890F8742041F217112046FFF70A
:10CA500061FE05E00A2241F217112046FFF75AFE57
:10CA60005048C07800EBC0014E48001D00EBC100EB
:10CA700090F8450008B1FF2023E094F86F000228E9
:10CA80000AD14848C07800EBC0014648001D00EBC1
:10CA9000C100B0F9240014E04249C97801EBC10299
:10CAA0004049091D01EBC201B1F924000AF0C4FF9D
:10CAB00081464946364802F0D5FA05460AF080FF1D
:10CAC00000B2639000200FE033497431095C19B95A
:10CAD00031497631095C09B1022101E03249095C32
:10CAE00068AA1154411CC8B20228EDDB2E488C38CC
:10CAF000FAF754FE67902D48007810B92B48C0789B
:10CB000008B1012000E0002066902648C07800EBC4
:10CB1000C0012448001D00EBC100807950B92148B4
:10CB2000C07800EBC0011F48001D00EBC10090F869
:10CB3000450008B1022066901A48C07800EBC00199
:10CB40001848001D00EBC10047781648C07800EB7C
:10CB5000C0011448001D10F8310050B91148C078C8
:10CB600000EBC0010F48001D00EBC10090F845002C
:10CB700000B10227002026E007496831095C19B995
:10CB800005496D31095C99B1022118E04405002086
:10CB9000C01B002048050020441C0020441D00202C
:10CBA0000000E642F01E0020BC1E00206043002072
:10CBB000C649095C002901DD012100E0002169AAC4
:10CBC0001154411CC8B20528D6DBC148C07800EB1F
:10CBD000C001BF48001D00EBC100406B4FF4616114
:10CBE000B0FBF1F0A4F86600B948C07800EBC001D2
:10CBF000B748001D00EBC100806B4FF46161B0FBD2
:10CC0000F1F0A4F860002046FCF714F942A8F7F709
:10CC100099FA822142A8F7F74BFA41F20E011190DE
:10CC2000F7F777FA1290BDF9B811F7F772FA139087
:10CC3000BDF9BA11F7F76DFA1490BDF9BC11F7F709
:10CC400068FA1590BDF9BE11F7F763FA1690BDF9B1
:10CC5000C011F7F75EFA17906599F7F75AFA41464F
:10CC60001890F7F756FA1990B4F8600001B21998C5
:10CC7000F7F74FFA1A90B4F8660001B21A98F7F76E
:10CC800048FA1B909DF8A411F7F743FA1C909DF801
:10CC9000A511F7F73EFA1D909DF8A611F7F739FA9E
:10CCA0001E909DF8A711F7F734FA83469DF8A81156
:10CCB000F7F72FFA1F909DF8A011F7F72AFA2090A6
:10CCC0009DF8A111F7F725FA82466799F7F721FA3F
:10CCD00081466699F7F71DFA0546F7F7D9F941F24B
:10CCE00004012046639AFFF715FD3A4641F25701C9
:10CCF0002046FFF70FFD774800684FF46161B0FBF5
:10CD0000F1F005B22A464FF483512046FFF702FDA9
:10CD1000714890F8E600072803DA6F4890F8E600BB
:10CD200000E0002006466C4890F8B60018B96A4842
:10CD300090F8B50030B1002241F2CE012046FFF755
:10CD4000E9FC17E0032E06DA012241F2CE0120466B
:10CD5000FFF7E0FC0EE0052E06DD032241F2CE01D6
:10CD60002046FFF7D7FC05E0022241F2CE01204623
:10CD7000FFF7D0FC2046FFF711F8584981F8E90089
:10CD8000084690F8E92041F2C1012046FFF7C2FCB5
:10CD90004F49C97801EBC1024D49091D01EBC201A0
:10CDA00088684F490AF0A8FE81460AF025FE05B2C0
:10CDB0002A4641F258012046FFF7ACFC21A8F7F7BC
:10CDC000C1F9822121A8F7F773F941F2A1011C9062
:10CDD000F7F79FF91D90BDF9AC11F7F79AF9834663
:10CDE000BDF9AE11F7F795F91E90BDF9B011F7F73F
:10CDF00090F98246BDF9B211F7F78BF98146BDF97A
:10CE0000B411F7F786F91F906499F7F782F9314664
:10CE10002090F7F77EF90546F7F73AF994F87E0087
:10CE2000172850D12F48007888B3FF2241F22711EC
:10CE30002046FFF76FFC6846F7F784F982216846C1
:10CE4000F7F736F905464FF48951F7F762F90025EF
:10CE500019E094F86F00012807D12248103050F8EB
:10CE600025102046FDF76AFF06E01E49103151F8F3
:10CE700025000AF0A5FD00B2814649466846F7F74D
:10CE800048F9681CC5B2042DE3DB00250FE014E06F
:10CE90001448083030F815000A2190FBF1F00FFA21
:10CEA00080F949466846F7F734F9681CC5B2032D86
:10CEB000EEDB6846F7F7ECF805E0002241F22711B7
:10CEC0002046FFF727FC00BF86E400004E1D00202F
:10CED000F01E002090170020101C0020604300204E
:10CEE00000002041A423002010B50446F82120466C
:10CEF000F3F743FC012084F8E2000020607020700A
:10CF00007D2084F890000021912001559220015548
:10CF10000F219320015500206234207684F82400EC
:10CF2000A087A4F87E0084F88100334981F8790055
:10CF3000A080022060730120E0721820208002206F
:10CF4000A070623C0921C32001551621C52001555E
:10CF500050207C34E08019202081322084F8300079
:10CF6000052020803C2020840120A077002020671D
:10CF70007C3C00BF3CE0214931F81020A11D21F884
:10CF800010201F4931F8102004F1100121F8102061
:10CF90001C4931F8102004F1420121F810201A49EF
:10CFA00031F8102004F12E0121F81020174931F832
:10CFB000102004F1240121F81020154931F8102027
:10CFC00004F11A0121F81020124931F8102004F15F
:10CFD000380121F81020104931F8102004F15601D1
:10CFE00021F8102000220A3921F81020411CC8B273
:10CFF0000528C0DB204610BD604300205085030893
:10D000005A850308648503086E850308788503083C
:10D01000828503088C8503089685030800210FE0AC
:10D02000002300F130025354121D5354121D535467
:10D03000121D5354002280F8402080F84120491CE2
:10D040000429EDDB7047000010B50446207858B97C
:10D050000020206100216161A161E1612081618185
:10D06000A1816080A180E18000200DE00022A11C50
:10D0700021F810207A49421D895C21B14FF47A725F
:10D08000A11C21F81020401C0328EFDB754801F09B
:10D09000C7FFE16A401AB0F57A7F7DD9714801F087
:10D0A000BFFFE06294F84100002869D100BF65E04D
:10D0B0006D49CA7AC11D8A4202D16B49097839B9D2
:10D0C0006A490A7BC11D8A4257D168490978E9B388
:10D0D00067490978D1BB04F1200131F91010FF290B
:10D0E0000CDC04F13401095C0F2907DA04F1340186
:10D0F000095C491CCAB204F134010A5404F120014C
:10D1000031F91010FF2903DD002204F134010A5423
:10D1100004F13401095C0E2903DD012204F13C0114
:10D120000A5404F1200131F9101040F6AC5291423A
:10D130000EDD04F13001095C0F2909DA04F1300138
:10D14000095C491CCAB204F1300100E015E00A5440
:10D1500004F1200131F9101040F6AC52914203DC89
:10D16000002204F130010A5404F13001095C0E2957
:10D1700003DD012204F138010A54401C042897DB26
:10D18000207880B994F8280068B194F840000A2803
:10D1900009DA3748007800E00CE020B994F8400044
:10D1A000401C84F8400094F840000A2802DB01206B
:10D1B00084F841002C48007858B12B48807A052823
:10D1C00048DA2948C07A072803DB2748C07A0A28AA
:10D1D00040DD2648007858B12448007A052839DA1D
:10D1E0002248007B072803DB2048007B0A2831DD2A
:10D1F000204890F83F00052804DB1E4890F83F00C7
:10D20000072827DD1B4890F84000052804DB194853
:10D2100090F8400007281DDD164890F841000528C9
:10D2200004DB144890F84100072813DD114890F8FA
:10D230004200052804DB0F4890F84200072809DD6A
:10D240000C4890F84300052806DB0A4890F8430094
:10D25000072801DC012000E0002084F8280010BD30
:10D26000BC1E0020C01B0020E21E0020D41E002097
:10D270003C040020441D002010B5044644212046F3
:10D28000F3F77BFA204610BD10B5044694F844002D
:10D2900018B1044801F0C4FE20640020A07184F895
:10D2A000450010BDC01B002070B504462D48007815
:10D2B00000F0010058B92B4808F09DFD38B12A480C
:10D2C00001F0AEFE294908602648AFF3008094F8CB
:10D2D000440090B1244801F0A3FE216C401A44F6AA
:10D2E0002061884206D92248007818B9012084F8C4
:10D2F000450002E0002084F84500012084F83C004D
:10D30000207918B9002084F83C001CE0207901281D
:10D310000AD16079042803D1002084F83C0012E08F
:10D32000012084F83C000EE02079022802D184F824
:10D330003C0008E02079032802D184F83C0002E098
:10D34000012084F83C00E1780A48F9F7EFFD064631
:10D35000E1690AF0D1FB054607490AF0CDFB2062DE
:10D3600070BD000078040020C01B00207C04002059
:10D370003C040020F01E0020BC74133D10B5044690
:10D3800048212046F3F7F9F90120A070092084F81C
:10D390003D00204610BD000010B50446227B184910
:10D3A00051F822000AF00CFB00B2A080B4F906008C
:10D3B000B4F90A10401AB4F9041088420CDB607802
:10D3C00050B11048007828B90E48407810B90D487F
:10D3D000C07808B10120A070607870B10948007869
:10D3E00028B90848407810B90648C07828B1B4F97F
:10D3F0000400B4F90610884201DB0020A07010BDC3
:10D40000FC1C0020604300200146002007E065234B
:10D4100001F15E0213540523121D1354401C04280D
:10D42000F5DB704701B588B0FE48408808B101219E
:10D4300000E00021089880F8BD10FA48808808B103
:10D44000012100E00021089880F8BE10F548C0884E
:10D4500008B1012100E00021089880F8BF100020E9
:10D4600007902FE0F048079910F8112008989C3099
:10D470004254ED480A30079910F811200898A1305D
:10D480004254E9480A380799425C0898A630425449
:10D49000E5485C300799425C0898B0304254E24855
:10D4A00014300799425C0898B5304254DE488C30FD
:10D4B000079910F8110042B20898AB30425407980F
:10D4C000401C079007980528CCDBD848417808987D
:10D4D00080F88D10D5480178089880F88C10D448D1
:10D4E00090F89610089880F88E10D048C178089867
:10D4F00080F88F10CF484178089880F89410CD4874
:10D500008179089880F89510CA4801890898A0F890
:10D510009610C74890F83710089880F89810C448BB
:10D5200090F89010089880F89910C348C07800EBE4
:10D53000C001C148001D00EBC1004178089880F887
:10D54000BA10BB4890F83310089880F89A10B84881
:10D5500090F83410089880F89B10B54890F88C101B
:10D56000089880F8BB10B24890F88D10089880F8A1
:10D57000BC10B2484178089880F89110AF48817982
:10D58000089880F89210AD48817A089880F8931036
:10D59000A74890F83810089880F8C110A44890F86F
:10D5A0003910089880F8C210A14890F83A100898ED
:10D5B00080F8C310A24890F8E610089880F8C410CC
:10D5C0009D48C07800EBC0019B48001D00EBC100E6
:10D5D00090F83C10089880F8C5109548FAF7DEF8E6
:10D5E00008B1012100E00021089880F890108F48D0
:10D5F00090F8C310089880F8C7108C4890F8C410B1
:10D60000089880F8C610894890F8C510089880F8E6
:10D61000C910864890F8C610089880F8C81083484A
:10D6200090F88210089880F8CC10804890F8841008
:10D63000089880F8CD107D48B0F89C100898A0F8A4
:10D64000CA107A4890F86210089880F8CE1077488F
:10D6500090F87C10089880F8CF10744890F86F10FC
:10D66000089880F8D010714890F86D10089880F8EC
:10D67000D110744890F84C10089880F8D210714876
:10D6800090F84C0000EB40016E48103000EB410078
:10D690004178089880F8D410089890F8D40008B120
:10D6A000012100E00021089880F8D3106248C17879
:10D6B000089880F8151160484178089880F816118C
:10D6C0000020079010E05F4808300799425C0898F6
:10D6D000EA3042545B480C300799425C0898EE30BF
:10D6E00042540798401C079007980428EBDB5448E5
:10D6F00090F87410089880F8C010002007900EE091
:10D70000079800EB40014F48103000EB4100427891
:10D710000898DF30079942540798401C07900798F3
:10D720000A28EDDB0020079012E0079800EB40018B
:10D730004448103000EB4100407808B1012200E07D
:10D7400000220898D530079942540798401C07904A
:10D7500007980A28E9DB0020079049E0079800EBCA
:10D76000C0013548001D00EBC10090F8440000B92D
:10D770003BE0079800EBC0012F48001D00EBC10003
:10D780000179079800EB80020898F23081540798DD
:10D7900000EBC0012848001D00EBC100417907984B
:10D7A00000EB80020898F23010444170079800EBBB
:10D7B000C0012148001D00EBC1008179079800EBF2
:10D7C00080020898F23010448170079800EBC00185
:10D7D0001948001D00EBC1004178079800EB80025A
:10D7E0000898F2301044C17000BF0798401C0790A1
:10D7F00007980728B2DB0898417890F88D0081429D
:10D800003CD0089890F88D0000B30848B0F862004A
:10D8100061281CDA0548B0F862004FF461614843A2
:10D82000024911E0A4230020621D00206043002073
:10D83000301E0020E21E0020F01E0020D41E00201A
:10D84000101C0020E8230020C1F8A40003E0002001
:10D85000FE49C1F8A400089890F88D104170FF208F
:10D86000162307227F210090F94802F02DFBF9488A
:10D87000F8F712FD0121F84880F83D10089801786A
:10D8800090F88C00814229D0089890F88C0090B1D3
:10D89000EE48B0F86200612809DAEC48B0F862009E
:10D8A0004FF461614843E949C1F8A40003E0002056
:10D8B000E649C1F8A400089890F88C100170FF2088
:10D8C000162307227F210090E14802F0FDFAE1488B
:10D8D000F8F7E2FC0121E04880F83D100898C17893
:10D8E00090F88F00814234D0089890F88F10C17062
:10D8F000089890F88F00D5490870089890F88F0024
:10D900004870002007900DE0D4490798085C30B1BA
:10D91000089890F88F2001F1140007994254079855
:10D92000401C079007980528EEDB089890F88F00B8
:10D93000024641F203010790C448FDF71BFA08981C
:10D9400090F88F00024641F20C010790BF48FEF7A5
:10D95000E1FE0898017A90F8940081422BD0089853
:10D9600090F894100172FF20162307227F21009067
:10D97000B74802F0A9FAB748F8F7E6FC089890F81B
:10D98000940001460790B148FEF7D6F90121B2484C
:10D9900080F83D10089890F8940060B1B048008974
:10D9A000B0F5B46F07DCAE480089C0EB0010800012
:10D9B000A649C1F8A8000898417990F891008142E1
:10D9C0001AD0089890F891104171FF201623072271
:10D9D0007F2100909E4802F077FA9E48F8F710FAEF
:10D9E000089890F89100014607909848FEF7D6FAFB
:10D9F0000121994880F83D100898017B90F8980023
:10DA0000814229D0089890F898100173089890F8EE
:10DA1000980040B18D48B0F87C00C0EB0010810048
:10DA20009048C16402E000218E48C164FF202A238F
:10DA300007227F210090864802F046FA042185489B
:10DA4000F8F746FE089890F89800024641F2540113
:10DA500007907E48FDF78EF90898817B90F89A0030
:10DA6000814229D0089890F89A108173089890F80C
:10DA70009A0040B17548B0F87C00C0EB00108000FF
:10DA80007849C86302E000207649C863FF202A2352
:10DA900007227F2100906E4802F016FA00216D489F
:10DAA000F8F716FE089890F89A00024641F25501E0
:10DAB00007906648FDF75EF90898C17B90F89B00D7
:10DAC000814229D0089890F89B10C173089890F86B
:10DAD0009B0040B15D48B0F87C00C0EB00108100B5
:10DAE0006048016402E000215E480164FF202A23AF
:10DAF00007227F210090564802F0E6F9012155489F
:10DB0000F8F7E6FD089890F89B00024641F25601AE
:10DB100007904E48FDF72EF9089890F8381090F8C5
:10DB2000C40081420FD0089890F8C41080F83810D3
:10DB3000FF20152307227F210090454802F0C4F9F9
:10DB40004448F8F73FFA089890F8391090F8C50063
:10DB500081420FD0089890F8C51080F83910FF2046
:10DB6000152307227F210090394802F0ADF939488A
:10DB7000F8F728FA0898017990F8900081420ED0C1
:10DB8000089890F890100171FF20152307227F213B
:10DB900000902F4802F098F92E48F8F713FA0898E9
:10DBA00090F8341090F8C000814213D0089890F893
:10DBB000C01080F834100021254801F0F5FF2548F9
:10DBC000F8F700FA089890F8C000014607901F483F
:10DBD000FDF794F9089890F83B1090F8C70081423F
:10DBE00045D0089890F8C71080F83B10089890F836
:10DBF000C61080F83A10FF20292307227F210090C9
:10DC0000134802F061F9012200211248F8F7D0FC14
:10DC1000089890F8C6000A2190FBF1F1089890F856
:10DC2000C70000EB400001EB400000B2024641F2A9
:10DC3000370107900548FEF76DFD0448FDF762FDCA
:10DC4000B4200249A1F89E0001210DE060430020AC
:10DC5000C4040020F3040020AC480020441D002030
:10DC6000E21E0020301E0020FE4880F83F10089879
:10DC700090F83A1090F8C600814236D0089890F893
:10DC8000C71080F83B10089890F8C61080F83A103A
:10DC9000FF20292307227F210090F34802F014F986
:10DCA00001220021F148F8F783FC089890F8C6009B
:10DCB0000A2190FBF1F1089890F8C70000EB4000B2
:10DCC00001EB400000B2024641F237010790E848FC
:10DCD000FEF720FDE648FDF715FDB420E449A1F864
:10DCE0009E000121DF4880F83F10089890F83D1011
:10DCF00090F8C900814236D0089890F8C91080F891
:10DD00003D10089890F8C81080F83C10FF20292397
:10DD100007227F210090D44802F0D6F80022114655
:10DD2000D248F8F745FC089890F8C8000A2190FB03
:10DD3000F1F1089890F8C90000EB400001EB4000B9
:10DD400000B2024641F238010790C948FEF7E2FCF2
:10DD5000C748FDF7C3FFB420C549A1F89E000121C3
:10DD6000C04880F83F10089890F83C1090F8C80020
:10DD7000814236D0089890F8C91080F83D10089874
:10DD800090F8C81080F83C10FF20292307227F213B
:10DD90000090B54802F098F800221146B348F8F711
:10DDA00007FC089890F8C8000A2190FBF1F1089848
:10DDB00090F8C90000EB400001EB400000B20246C1
:10DDC00041F238010790AA48FEF7A4FCA848FDF7E5
:10DDD00085FFB420A649A1F89E000121A14880F842
:10DDE0003F10089890F8401090F8CC00814230D055
:10DDF000089890F8CC1080F84010FF2029230722C3
:10DE00007F210090984802F05FF89948B0F88200AE
:10DE100000B2024641F22C0107909548FEF77AFCC9
:10DE20009348FEF793FC70B1914890F884000790F6
:10DE30008F4890F882004FF47A73069001468C4820
:10DE4000079AFAF77BFFB4208949A1F89E00A1F850
:10DE50009E00089890F8411090F8CD00814230D093
:10DE6000089890F8CD1080F84110FF202923072250
:10DE70007F2100907C4802F027F87D48B0F88400AC
:10DE800000B2024641F22D0107907948FEF742FCAC
:10DE90007748FEF75BFC70B9754890F884000790EE
:10DEA000734890F882004FF47A73069001467048E8
:10DEB000079AFAF743FFB4206D49A1F89E00A1F834
:10DEC0009E000898C18FB0F8CA0081420FD0089810
:10DED000B0F8CA10C187FF20292307227F210090B4
:10DEE000614801F0F1FFB4206149A1F89E00089853
:10DEF000417A90F8950081421ED0089890F89510CC
:10DF000041720320132307227F210090564801F01D
:10DF1000DBFF5648F8F718FB089890F89500014683
:10DF200007905348FDF7E8FCB4205149A1F89E0042
:10DF300001214C4880F83F1008984189B0F89600BC
:10DF4000814216D00898B0F896104181032013231F
:10DF500007227F210090444801F0B6FF4348F8F7BC
:10DF6000F3FAB4204249A1F89E0001213D4880F80F
:10DF70003F100898817990F8920081421ED008984D
:10DF800090F8921081710320132307227F210090C3
:10DF9000354801F099FF3548F7F732FF089890F8B7
:10DFA0009200014607903248FDF730FBB42030491B
:10DFB000A1F89E0001212B4880F83F10089890F8A6
:10DFC000421090F8CE0081423CD0089890F8CE10D4
:10DFD00080F84210089890F84200602804DD002084
:10DFE0002349C1F8A40008E0089890F8CE004FF447
:10DFF000616148431E49C1F8A4001C48F8F7A4FA1F
:10E000000320132307227F210090174801F05CFFB3
:10E01000089890F8CE00014607901548FCF7D0FD0F
:10E02000089890F8CE00024641F23401079010485B
:10E03000FEF770FBB4200E49A1F89E0001210948AB
:10E0400080F83F10089890F8431090F8CF00814274
:10E050002CD0089890F8CF1080F843100348F8F7B8
:10E0600073FA07E0AC480020C4040020F304002049
:10E07000604300200320132307227F210090FC48E7
:10E0800001F022FF089890F8CF00024641F24401C7
:10E090000790F848FEF73EFB089890F8CF0002463C
:10E0A00041F244010790F348FEF734FB0898C17928
:10E0B00090F89300814216D0089890F89310C1719F
:10E0C000ED48F7F79DFE0320132307227F210090E0
:10E0D000E74801F0F9FEB420E649A1F89E000121CD
:10E0E000E64880F83F100020079049E00898353056
:10E0F0000799425C0898C130405C82423DD0089844
:10E10000C1300799425C089835304254FF202A23D9
:10E1100007227F210090D64801F0D6FE0898C13032
:10E120000799405C58B1D348B0F87C00C0EB0010B0
:10E1300082000798401DD24941F8202005E00022C6
:10E140000798401DCE4941F820200798401DC0B2D5
:10E1500001460690C848F8F7BBFA0898C1300799FD
:10E16000405C0690084641F21011084480B20590C8
:10E170000146C048069AFEF7CDFA0798401C079062
:10E1800007980328B2DB002007902AE00898313076
:10E190000799425C0898BD30405C82421ED00898C6
:10E1A000BD300799425C089831304254FF202A2341
:10E1B00007227F210090AE4801F086FEFF202B232E
:10E1C000072225210090AA4801F07EFE0798401DF5
:10E1D000C0B201460690A848F8F77AFA0798401CA2
:10E1E000079007980328D1DB0020079041E00898AA
:10E1F00010300799425C08989C30405C824235D0D0
:10E2000008989C300799425C089810304254FF20CF
:10E21000192307227F210090954801F055FE0798A9
:10E22000C0B20122014606909348F8F7C1F995481B
:10E2300090F849100798814210D1924890F84910FF
:10E240001E3030F91100059009F0F6FB01460690EA
:10E250008848FAF7CFFD8748FCF70EFCB4208549C3
:10E26000A1F89E000121854880F83D100798401CC8
:10E27000079007980528BADB0020079041E008982E
:10E2800015300799425C0898A130405C824235D035
:10E290000898A1300799425C089815304254FF2035
:10E2A0001A2307227F210090714801F00DFE079884
:10E2B000C0B20022014606906F48F8F779F971481C
:10E2C00090F849100798814210D16E4890F8491093
:10E2D000283030F91100059009F0AEFB0146069098
:10E2E0006448FCF7F9FC6348FCF7C6FBB4206149BD
:10E2F000A1F89E000121614880F83D100798401C5C
:10E30000079007980528BADB0020079033E00898AB
:10E310001A300799425C0898A630405C824227D0A8
:10E320000898A6300799405C022804D1012255487C
:10E330007A30079942540898A6300799425C0898A9
:10E340001A304254FF20162307227F2100904848AC
:10E3500001F0BAFD0798C0B2014606904648F7F7AB
:10E3600019FF0121089880F81911444880F83E10DF
:10E370000798401C079007980528C8DB00200790E5
:10E380002DE0089824300799425C0898B030405C32
:10E39000824221D00898B0300799425C0898243016
:10E3A0004254FF201B2307227F210090304801F0B8
:10E3B0008BFD0798C0B2014606902F48F7F7F0FB97
:10E3C0000121089880F81811B4202A49A1F89E006C
:10E3D00001212A4880F83E100798401C07900798B2
:10E3E0000528CEDB002007903BE0089829300799EC
:10E3F000425C0898B530405C82422FD00898B53016
:10E400000799425C089829304254FF201B230722B9
:10E410007F210090164801F057FD1748F7F7CAFF13
:10E42000184890F84910079881420FD115487A3062
:10E430000799405C50B1134832300799405C02465E
:10E4400041F2240106900B48FEF764F9B420094913
:10E45000A1F89E000121094880F83E100798401C51
:10E46000079007980528C0DB002007906AE00000AD
:10E47000C404002060430020F3040020AC480020C6
:10E480006C1E0020441D002008981F30079942563A
:10E490000898AB304056824251D00898AB3007996B
:10E4A000425C08981F3042540620132307227F2124
:10E4B0000090FE4801F008FDFD48079930F8110072
:10E4C000142101EB400000B2069041F27C01079854
:10E4D000084480B205900146F648069AFEF71AF9FC
:10E4E000F44890F86F0001280DD1F148079930F9F0
:10E4F0001100019008F077FEEF4AF04BCDE90201E0
:10E5000008F0D8FE06E0EA48079930F911000390B8
:10E5100008F069FECDE9040108F036FE00B206906D
:10E5200041F282010798084480B205900146E14813
:10E53000069AFEF7EFF8B420DE49A1F89E0007988E
:10E54000401C0790079805289EDB089890F8441017
:10E5500090F8D000814210D0089890F8D01080F840
:10E560004410D44890F86F0001460790D148FAF75C
:10E5700041FBB420CF49A1F89E000898817890F81B
:10E580008E00814213D0089890F88E10817000217F
:10E59000C64801F009FBC748FDF760FC089890F8F1
:10E5A0008E0020B14FF4E160C549C1F89800089889
:10E5B00090F8451090F8D100814212D0089890F858
:10E5C000D11080F84510BB4890F86D00024641F22A
:10E5D00033010790B748FCF7CDFBB420B549A1F84B
:10E5E0009E00089890F8461090F8D20081422CD0F6
:10E5F000089890F8D21080F84610089890F8D20049
:10E6000000EB4001AF4810F81100022817D108981C
:10E6100090F8D20000EB4001AA4800EB410080884E
:10E6200000B2024641F26A110790A248FEF772F862
:10E63000012241F27A119F48FEF76CF805E00022B2
:10E6400041F27A119B48FEF765F8089890F8481057
:10E6500090F8D40081420ED0089890F8D41080F839
:10E660004810089890F8D400024641F26B110790C8
:10E670009048FEF74FF80898417B90F89900814246
:10E6800007D0089890F8991041730021874801F04D
:10E690008BFA0020079029E0089853300799425CD4
:10E6A0000898DF30405C82421DD00898DF3007991F
:10E6B000425C0898533042540898DF300799405C18
:10E6C0000A2190FBF1F000B20690079800F58D50FA
:10E6D00080B2059001467748069AFEF71BF80121A3
:10E6E000794880F84C100798401C079007980A2832
:10E6F000D2DB002007906CE008985E300799425CFE
:10E700000898EA30405C824208D108986230079944
:10E71000425C0898EE30405C824257D00898EA305C
:10E720000799425C08985E3042540898EE30079989
:10E73000425C0898623042540898EA300799405C7D
:10E740000690084641F2841101EB800080B20590EA
:10E7500001465848069AFDF7DDFF0898EA30079908
:10E76000405C112190FBF1F2089800F1EE0107984E
:10E77000085C401E00EB400002EB400000B2069037
:10E78000079800F58C5080B2059001464948069ADA
:10E79000FDF7C0FF0898EE300799405C10B14FF4C8
:10E7A000C57001E040F26220069042F2A201102200
:10E7B000079802FB001080B2059001463D48069A7A
:10E7C000FCF7D0FB0121404880F84C100798401C12
:10E7D0000790079804288FDB0020079090E00798A7
:10E7E00000EB80010898F230415C079800EB800252
:10E7F00008986630805C81420FD1079800EB800159
:10E800000898F23008444178079800EB8002089895
:10E8100066301044407881421CD0079800EB80019C
:10E820000898F230415C079800EB80020898663047
:10E830008154079800EB80010898F2300844417831
:10E84000079800EB80020898663010444170194820
:10E85000FCF7D6FD079800EB80010898F2300844D9
:10E860008178079800EB8002089866301044807821
:10E87000814210D0079800EB80010898F2300844DC
:10E880008178079800EB8002089866301044817008
:10E890000848FCF77FFD079800EB80010898F230EC
:10E8A0000844C178079800EB80020FE0C404002000
:10E8B000EE1D002060430020CDCCCCCCCCCCFC3F66
:10E8C000301E0020F8230020AC4800200898663055
:10E8D0001044C078814210D0079800EB800108985E
:10E8E000F2300844C178079800EB8002089866303F
:10E8F0001044C1703048FCF79DFB0798401C0790FE
:10E9000007980728FFF66BAF089890F8891090F8E1
:10E910001501814210D0089890F8151180F88910DF
:10E920000720132302467F210090244801F0CCFAEF
:10E93000B4202149A1F89E00089890F88A1090F818
:10E94000160181420CD0089890F8161180F88A10B0
:10E95000B4201949A1F89E000021184801F024F9BB
:10E96000089890F81801C8B1154800F059FB1549EE
:10E970000968401AB0F57A7F10D9114800F050FBB1
:10E9800010490860104890F84900014607900A486D
:10E99000FAF79CFA0021089880F81811089890F866
:10E9A000190130B10021089880F819110248FDF7CB
:10E9B0003FFA09B000BD000060430020C4040020FD
:10E9C000C01B0020F4040020441D002010B58AB0B4
:10E9D000044601210846F3F773FD01210420F3F7F3
:10E9E0006FFD01218803F3F79BFD01214806F3F732
:10E9F00077FD09220C217548F3F7E4FA09220B216F
:10EA00007248F3F7DFFA08A8F3F70CFB4FF4006045
:10EA1000089002208DF824008DF8250000208DF844
:10EA2000260001208DF8270008A96848F3F782FA2C
:10EA300008A8F3F7F7FA4FF48050089002208DF8F9
:10EA400024008DF8250000208DF8260001208DF887
:10EA5000270008A95D48F3F76DFA08A8F3F7E2FA72
:10EA60004FF48050089002208DF824008DF8250086
:10EA700000208DF8260001208DF8270008A95448B1
:10EA8000F3F758FA4FF480515148F3F7C7FA514859
:10EA9000F2F71AFC05A8F2F7A9FE01208DF81B0079
:10EAA00000208DF81D0001208DF81F0000208DF83A
:10EAB00016008DF817000B208DF8180001208DF836
:10EAC00019000820ADF8140005A94248F2F73BFDF3
:10EAD00001A8F2F715FC01208DF80E0000208DF83A
:10EAE0000F0001208DF810000020ADF80400ADF8F3
:10EAF0000600ADF80800ADF80A00ADF80C000120E2
:10EB00008DF8110001A8F2F7FBFB01220221314828
:10EB1000F2F710FD2F481430006840F002002D4934
:10EB200014310860012211462A48F2F703FD012240
:10EB300011022848F2F7FEFC012251022548F2F7A3
:10EB4000F9FC012291022348F2F7F4FC0122D102E0
:10EB50002048F2F7EFFC0122D1031E48F2F7EAFC4D
:10EB600014208DF8000000208DF801008DF80200BF
:10EB700001208DF803006846F3F74EFC1420F4F7EB
:10EB800016FE13208DF8000000208DF801008DF88E
:10EB9000020001208DF803006846F3F73DFC1320C6
:10EBA000F4F705FE16208DF8000000208DF8010016
:10EBB0008DF8020001208DF803006846F3F72CFC65
:10EBC0001620F4F7F4FD0AB010BD0000000002406A
:10EBD0000008024000640040704770B504460025FC
:10EBE0001CE005EB450104F1340010F8310098B940
:10EBF00005EB450204F1340101EBC201081D1422AA
:10EC000004F12001F1F752FD012105EB450204F169
:10EC1000340000F8321070BD681CC5B2322DE0DB44
:10EC200000BFF8E72DE9F04F044609AD95E8E01084
:10EC3000DDE90D89002065E000EB400B04F2E44AB9
:10EC40001AF83BA0BAF1000F58D04FF0000A00EBC1
:10EC5000400B04F2E44E0EF83BA000EB400AF346F2
:10EC60000BEBCA0ACAF808104FF0000A00EB400B81
:10EC70000EEBCB0B8BF80DA04FF0040A00EB400B12
:10EC80000EEBCB0B8BF80CA04FF0080A00EB400BFF
:10EC90000EEBCB0B8BF80EA000EB400AF3460BEB10
:10ECA000CA0A8AF80F2000EB400A0BEBCA0A8AF85E
:10ECB000103000EB400A0BEBCA0A8AF8115000EB47
:10ECC000400A0BEBCA0A8AF8126000EB400A0BEB11
:10ECD000CA0A8AF8137000EB400A0BEBCA0A8AF8DA
:10ECE00014C000EB400A0BEBCA0A8AF8158000EB4F
:10ECF000400A0BEBCA0A8AF8169005E000F1010AF7
:10ED00000AF0FF00322897DBBDE8F08F70B50446AB
:10ED10003148007800F0010058B92F4807F06BF82F
:10ED200038B12E4800F07CF92D4908602A48AFF32D
:10ED300000802C48006800F0040616BB207A00B35F
:10ED400000251CE005EB450104F2E44010F8310019
:10ED500098B90020207205EB450204F2E44000EB74
:10ED6000C200011D1F481838F2F750FD012105EBC4
:10ED7000450204F2E44000F83210681CC5B2322D9E
:10ED8000E0DB164800F04CF915490968401AB0F567
:10ED90007A7F1ED3114800F043F911490860C6B1CB
:10EDA00094F89C09022808D0022084F89C090021CC
:10EDB0000C481838F2F751FC70BD002084F89C090B
:10EDC000012108481838F2F748FC0120064908726A
:10EDD000F2E700BFF0E70000BC040020C01B0020E9
:10EDE000C004002018640040E02D002010B5044647
:10EDF0004FF41A612046F1F7C0FC00200FE000221A
:10EE000000EB400304F1340101F83320012200EB50
:10EE1000400304F2E44101F83320411CC8B2322817
:10EE2000EDDB7D202070012060702072002084F8CE
:10EE30009C09204610BD00001FB504460021481E55
:10EE4000F4F71EFD01211020F3F74AFB01212648AB
:10EE5000F3F7BDFD254800682549B0FBF1F0401EE1
:10EE60002149088501212020F3F73AFB012121489F
:10EE7000F3F7ADFD1D4800684FF47A71B0FBF1F077
:10EE8000401E1C492831088001A8F3F72DFF1748C0
:10EE9000006840084FF47A71B0FBF1F0401E80B278
:10EEA000ADF80400481E029001A94FF08040F3F72E
:10EEB000D9FE012211469007F3F7A4FD012188072E
:10EEC000F3F785FD1C208DF8000001208DF803006C
:10EED0006846F3F7A1FA01218807F3F775FD0020D2
:10EEE000207060601FBD000000100040040400207E
:10EEF00040420F000014004038B505460020009045
:10EF00000AE01C49009851F82010800000F10050E0
:10EF100001600098401C00900098F028F1D372B670
:10EF20004FF0005014490860BFF34F8F62B6284677
:10EF300000F0B4F8F3F7B0FC104800684FF47A71B1
:10EF4000B0FBF1F4B4F1807F00D311E024F07F40F6
:10EF5000401E4FF0E02148610F214FF0FF30F4F7E1
:10EF60008FFC00204FF0E02188610720086100BF7E
:10EF700038BD00000000020808ED00E00404002095
:10EF8000154A126802F5157252F82120521C124BD4
:10EF90001B6803F5157343F821200F4A1268C2F865
:10EFA0000C150D4A126802F5157252F821200A4B11
:10EFB0001B68D3F808359A420DD9074A1268C2F87F
:10EFC0000415054A126802F5157252F82120024B09
:10EFD0001B68C3F808257047880400200346914247
:10EFE00001DD084670471046FCE70346914201DD0B
:10EFF000104670470846FCE770B506460C460748C1
:10F0000000F00EF8054602E07F20F3F7F1FF034819
:10F0100000F006F8401BA042F6D370BDC01B0020D4
:10F0200001468868704700004168491C416081685A
:10F03000491C8160084A81681268891AB1F57A7F93
:10F0400009D9054A8168116004490968044A1160B8
:10F050000021024A1160704730040020340400206F
:10F06000380400202DE9F05F83468A46504608F0B8
:10F070004BFB8046064A074B08F01CF90646002267
:10F08000054B07F075FE044607F040FEBDE8F09F13
:10F09000CDCCCCCCCCCCFC3F0040404030B585B092
:10F0A0000546F3F74DFA0120F3F70CFBF3F754FB99
:10F0B0000446012C22D1F2F7A3FE0320F2F7DAFE78
:10F0C0000020F3F7F3FA4FF4A050F3F709FB200305
:10F0D000F3F712FB04200223F02210210090000518
:10F0E000F3F71CFB0120F3F713FB00BF3920F3F704
:10F0F000BDFA0028FAD00220F3F722FB01A8F3F7AB
:10F1000043FA01210846F3F7DBF901210220F3F766
:10F11000D7F901210420F3F7D3F905B030BD7047CA
:10F1200010B586B0044601210220F3F7C9F9012188
:10F130000420F3F7C5F901218803F3F7F1F9012160
:10F140008806F3F7CDF909220C218048F2F73AFF3F
:10F1500009220D217D48F2F735FF04A8F2F762FF7E
:10F160004FF48050049002208DF814008DF81500A3
:10F1700000208DF8160001208DF8170004A97348AF
:10F18000F2F7D8FE04A8F2F74DFF4FF400500490B8
:10F1900002208DF814008DF8150000208DF816005F
:10F1A00001208DF8170004A96848F2F7C3FE04A8EF
:10F1B000F2F738FF4FF40050049002208DF814004D
:10F1C0008DF8150000208DF8160001208DF817002D
:10F1D00004A95F48F2F7AEFE4FF400515C48F2F725
:10F1E0001DFF5C48F2F770F801A8F2F7FFFA012062
:10F1F0008DF80B0000208DF80D0001208DF80F0018
:10F2000000208DF806008DF807000B208DF808000F
:10F2100001208DF809000820ADF8040001A94D482F
:10F22000F2F791F90E214C48F4F73EF90F214A48C4
:10F230001338F4F739F910214748FD38F4F734F959
:10F24000112145485A38F4F72FF912214348F4F7B1
:10F250002BF913214248F4F727F914213F485F386E
:10F26000F4F722F915213D48801DF4F71DF9162108
:10F270003A485D38F4F718F917213848C01CF4F7FC
:10F2800013F9182134480930F4F70EF9012210213E
:10F290003048F2F74FF92F481430006840F0100062
:10F2A0002C4914310860012211462A48F2F742F92C
:10F2B000012211022748F2F73DF9012251022548A7
:10F2C000F2F738F9012291022248F2F733F90122CC
:10F2D000D1022048F2F72EF90122D1031D48F2F79E
:10F2E00029F941208DF8000000208DF801008DF8EB
:10F2F000020001208DF803006846F3F78DF84120E5
:10F30000F4F74AFA3F208DF8000000208DF8010044
:10F310008DF8020001208DF803006846F3F77CF8B1
:10F320003F20F4F739FA42208DF8000000208DF8D4
:10F3300001008DF8020001208DF803006846F3F704
:10F340006BF84220F4F728FA06B010BD0004024022
:10F350000008024000680040F6FF0100F5FE0100D1
:10F3600065EF010070B50446002084F89809002577
:10F370001CE005EB450104F1300010F8310098B9AC
:10F3800005EB450204F1300101EBC201081D142216
:10F3900004F11C01F1F78AF9012105EB450204F1A2
:10F3A000300000F8321070BD681CC5B2322DE0DBB1
:10F3B00000BFF8E72DE9F04F044609AD95E8E010ED
:10F3C000DDE90D89002065E000EB400B04F59C6A47
:10F3D0001AF83BA0BAF1000F58D04FF0000A00EB2A
:10F3E000400B04F59C6E0EF83BA000EB400AF34680
:10F3F0000BEBCA0ACAF808104FF0000A00EB400BEA
:10F400000EEBCB0B8BF80DA04FF0040A00EB400B7A
:10F410000EEBCB0B8BF80CA04FF0080A00EB400B67
:10F420000EEBCB0B8BF80EA000EB400AF3460BEB78
:10F43000CA0A8AF80F2000EB400A0BEBCA0A8AF8C6
:10F44000103000EB400A0BEBCA0A8AF8115000EBAF
:10F45000400A0BEBCA0A8AF8126000EB400A0BEB79
:10F46000CA0A8AF8137000EB400A0BEBCA0A8AF842
:10F4700014C000EB400A0BEBCA0A8AF8158000EBB7
:10F48000400A0BEBCA0A8AF8169005E000F1010A5F
:10F490000AF0FF00322897DBBDE8F08F70B5044614
:10F4A0003148007800F0010058B92F4806F0A3FC5D
:10F4B00038B12E48FFF7B4FD2D4908602A48AFF354
:10F4C00000802C48006800F0040616BB607900B389
:10F4D00000251CE005EB450104F59C6010F83100A7
:10F4E00098B90020607105EB450204F59C6000EBC3
:10F4F000C200011D1F481838F2F788F9012105EBF9
:10F50000450204F59C6000F83210681CC5B2322D2B
:10F51000E0DB1648FFF784FD15490968401AB0F58D
:10F520007A7F1ED31148FFF77BFD11490860C6B1F1
:10F5300094F89909022808D0022084F8990900213A
:10F540000C481838F2F789F870BD002084F8990942
:10F55000012108481838F2F780F80120064948715F
:10F56000F2E700BFF0E700009C040020C01B002071
:10F57000A0040020186800403824002010B504467C
:10F5800040F69C112046F1F7F8F800200FE0002229
:10F5900000EB400304F1300101F83320012200EBBD
:10F5A000400304F59C6101F83320411CC8B23228A5
:10F5B000EDDB0020207184F89809012060710020A3
:10F5C00084F89909204610BD70B506460C464425BE
:10F5D000002115E0144810F83100A0420ED1134864
:10F5E00090F88D00022804D1114800EBC10040685A
:10F5F00070BD0D4800EBC1004068F9E7481C81B2BE
:10F60000A942E7DB094890F88D00022805D122467F
:10F6100008A10D48F0F754FE04E022460BA10A4869
:10F62000F0F74EFE0848E3E7407E03086043002001
:10F6300060800308D09ED188D0B8D0B1D0BAD0B005
:10F6400020E28496256400008C2300204661756CBE
:10F6500074202325640000002DE9F041A8B0044681
:10F660000025002600270020A07000BF1FE004F244
:10F670006D20465D06B918E0052F00DB1BE0781C05
:10F68000C7B231462046FFF79FFF804643463246C9
:10F690000BA16846F0F714FE21216846F4F78EFCB2
:10F6A0006946A01CF0F7ADFF00BF681CC5B294F816
:10F6B0009F02A842DBDC00BF28B0BDE8F08100005B
:10F6C000232532642D25730D0A00000000210180DE
:10F6D00080F85A1200BF06E0002300F5177222F8E6
:10F6E00011304A1CD1B20829F6DB002105E00023C5
:10F6F00000F26D2253544A1CD1B23229F7DB0021AB
:10F7000080F89F128170704710B50446074803F0D7
:10F71000E4FB0748FFF760FA2046FFF7D7FF0548EC
:10F72000F7F7F4FB0448FDF779FC10BD101C00202E
:10F73000E02D0020F01E0020A4230020024602F24B
:10F740006D20405C7047000070B50446AE480078FC
:10F7500000F0010058B9AC4806F04DFB38B1AB4899
:10F76000FFF75EFCAA490860A748AFF30080A748EE
:10F77000FFF756FCA6490968401AB0F57A7F7DD399
:10F78000A248FFF74DFCA24908600020A4F85C02E3
:10F79000002140F25E200153801C0153801C015364
:10F7A00094F86C0208B1002020809A48C07800EBE1
:10F7B000C0019848001D00EBC100807958B1954800
:10F7C000C07800EBC0029348001D00EBC2008179B5
:10F7D000204600F02DF9002530E08F48405D38B11B
:10F7E000392000EB450020800146204600F020F93A
:10F7F00089480A38405D38B13A2000EB4500208046
:10F800000146204600F014F983481B30405D38B1B2
:10F810004F2000EB450020800146204600F008F90B
:10F820007D481630405D38B1502000EB4500208007
:10F830000146204600F0FCF8681CC5B2052DCCDB63
:10F84000002519E074482430405D38B1452000EBB4
:10F85000450020800146204600F0EAF86E4822303C
:10F86000405D38B1462000EB45002080014620462F
:10F8700000F0DEF8681CC5B2022D00E0C3E0E1DB59
:10F880006548863890F88C0028B1352020800146E4
:10F89000204600F0CDF86048863890F88E0028B1F8
:10F8A000362020800146204600F0C2F85A488638AB
:10F8B00090F8900028B12D2020800146204600F0CD
:10F8C000B7F85548863890F8920028B12E2020804D
:10F8D0000146204600F0ACF84F48863890F8940076
:10F8E00028B1372020800146204600F0A1F84A4880
:10F8F000863890F8960028B13820208001462046AE
:10F9000000F096F84448863890F8B30028B15B20A0
:10F9100020800146204600F08BF83F48863890F85A
:10F92000B50028B15E2020800146204600F080F816
:10F930003948863890F8B60028B15D20208001460D
:10F94000204600F075F83348C07800EBC00131481C
:10F95000001D00EBC10090F8450028B12820208050
:10F960000146204600F064F82C4890F8410028B188
:10F97000672020800146204600F05AF8284890F879
:10F98000A10028B1682020800146204600F050F8F0
:10F9900000250DE021483830405D40B15F2000EB8C
:10F9A000450080B220800146204600F041F86D1CE1
:10F9B000042DEFDB00250DE018483C30405D40B1E0
:10F9C000602000EB450080B220800146204600F018
:10F9D0002FF86D1C042DEFDB208848B90D48C07846
:10F9E00000EBC0010B48001D00EBC100807920B185
:10F9F00001210C48F9F7E0F905E000210948F9F781
:10FA0000DBF90020A07070BD80040020C01B002026
:10FA100084040020F01E0020961C0020A423002057
:10FA2000301E002060430020014691F89F0270477D
:10FA300070B504460D46002605B970BD144803F0A4
:10FA4000A5FF002607E004F26D20805DA84200D1EA
:10FA5000F3E7701CC6B294F89F02B042F3DC94F84E
:10FA60009F22501C84F89F0204F26D20855494F864
:10FA70009F02322802DB312084F89F022046FFF7E4
:10FA8000EBFD0121034880F83E1000BFD5E70000E0
:10FA90008C470020AC48002010B504464FF4287174
:10FAA0002046F0F748FE002084F86C02204610BD86
:10FAB00010B586B00446FF20029003900490059094
:10FAC000009003460246034901900348FFF7AAF855
:10FAD00006B010BDF0FF1F00E02D0020024611F11E
:10FAE0004B0F01DA00207047B32901DDFE20FAE751
:10FAF00001F14B00C0B2F6E7F0B587B007460D46FE
:10FB000016461C4600BFFF2002900390049005900B
:10FB1000009001904FF4801000EB453000EB862000
:10FB2000DFF828C09CF800C000EBCC00DFF81CC058
:10FB30009CF801C000EB0C01E3B222120348FFF76E
:10FB400071F800BF00BF07B0F0BD0000E02D00203D
:10FB50002DE9F04186B080460D4616461C460C9FA6
:10FB6000FF200290039004900590CDE900704FF4BF
:10FB7000C00000EB453000EB8620DFF828C09CF881
:10FB800000C000EBCC00DFF81CC09CF801C000EB0B
:10FB90000C01E3B222120348FFF744F806B0BDE8B7
:10FBA000F0810000E02D002070B588B005460C46BD
:10FBB00001208DF818005548C07810B953480078D6
:10FBC00040B104EBC401524800EBC100807808B199
:10FBD000012100E000214F4890F8900001EB8000E7
:10FBE000F030C0B28DF819004B48B0F948102846E3
:10FBF000FFF774FF8DF81A00FF208DF81B004448B2
:10FC0000001F4078C02141EA0010424991F8961047
:10FC100040EA8100404991F874100843C0B28DF861
:10FC20001C003E4800783E490978F02242EA8101F2
:10FC30000843C0B28DF81D003A484088002801DD15
:10FC4000012100E0002137488088002801DD0120E3
:10FC500000E0002041EA80013248C088002801DD30
:10FC6000012000E0002041EA00112A4890F88F00AE
:10FC700041EA8010C0B28DF81E002548001FC078F0
:10FC800000EBC001224800EBC1004078214991F807
:10FC90008C1040EA81011F4890F88D0041EA001164
:10FCA0001C4890F88E0041EA8010C0B28DF81F0009
:10FCB0009DF81F009DF81E109DF81D209DF81C301A
:10FCC000CDE90232CDE904109DF81B009DF81A1011
:10FCD00004EBC406CDE900100D4800EBC600C07867
:10FCE0004FF0987606EB403000EB84200E4E3678CD
:10FCF00000EBC6000C4E767881199DF819309DF8FE
:10FD000018200948FEF78EFF08B070BD6043002040
:10FD1000F41E0020301E0020101C0020D41E0020E5
:10FD2000E21E0020A4230020E02D00202DE9F04F4A
:10FD300087B005460C466148C078A04260D1604853
:10FD4000B0F912102846FFF7C9FE06465C48F7F7DF
:10FD500033FD014606902846FFF7C0FE0746584887
:10FD6000F7F73EFD014606902846FFF7B7FE8046AE
:10FD70005348B0F90A102846FFF7B0FE81465048B4
:10FD8000F7F73AFD014606902846FFF7A7FE8246A0
:10FD90004B48F7F73DFD014606902846FFF79EFECB
:10FDA00083464648407840B104EBC4014348001DF7
:10FDB00000EBC10090F83D0000E0092040F0F000A9
:10FDC00004EBC402CDE900A9CDE90287CDE90460C6
:10FDD0003A48001D00EBC200C0784FF0987202EB69
:10FDE000403000EB8420374A127800EBC200354ADD
:10FDF000527881185B4602223248FEF713FF5AE020
:10FE00002F48B0F920102846FFF768FE06462C4818
:10FE1000F7F70AFD014606902846FFF75FFE074602
:10FE20002748F7F715FD014606902846FFF756FECE
:10FE300080462348B0F918102846FFF74FFE814648
:10FE40001F48F7F729FD014606902846FFF746FEB2
:10FE500082461B48F7F72CFD014606902846FFF71F
:10FE60003DFE834604EBC4011448001D00EBC100B5
:10FE700090F83D0040F0F00004EBC402CDE900A989
:10FE8000CDE90287CDE904600C48001D00EBC200FB
:10FE9000C0784FF0987202EB403000EB8420094AA2
:10FEA000127800EBC200074A527881185B460222A2
:10FEB0000448FEF7B7FE07B0BDE8F08FF01E002043
:10FEC000301E0020E02D00201FB598B0FF201790B5
:10FED00016901998FF2801D11CB010BD1B980F383F
:10FEE00020285BD2DFE810F020005B009600C40001
:10FEF000E7005A0013038B0304045E04CB043205AD
:10FF000099055A005A005A005A005A005A005A00DD
:10FF10005A005A005A005A005A00300670069B06D2
:10FF2000C6065A005A001F07FE4890F85A00FD49BD
:10FF3000B1F85A100912FB4A92F85820F94BB3F85D
:10FF400058301B12CDE90232CDE90410F54890F883
:10FF50005600F449B1F856100912CDE900101B986B
:10FF60000105199801EB40311A9801EB8020EE4908
:10FF7000097800EBC100EC49497808440D90E94844
:10FF800090F854000F90E748B0F8540000120E901B
:10FF90000246E5480F9B0D99FEF744FE2EE3E1482B
:10FFA00090F86200DF49B1F862100A12DD4991F859
:10FFB0006010DC4BB3F860301B12CDE90231CDE9A3
:10FFC0000420D84890F85E00D649B1F85E100912B6
:10FFD000CDE900101B980105199801EB40311A98E2
:10FFE00001EB8020D049097800EBC100CE49497867
:10FFF00008440D90CB4890F85C000F90C948B0F8C9
:020000040803EF
:100000005C0000120E900246C7480F9B0D99FEF748
:1000100009FEC3E7FF200290039004900590C148B9
:1000200090F86600BF49B1F866100912CDE90010DA
:100030001B980105199801EB40311A9801EB8020BB
:10004000B949097800EBC100B749497808440D90D7
:10005000B44890F864000F90B248B0F86400001201
:100060000E900246B0480F9B0D99FEF7DBFD95E719
:100070001A2007210222FF23CDE90232CDE9041024
:100080000F200021CDE900101B980105199801EB04
:1000900040311A9801EB8020A349097800EBC10098
:1000A000A1494978084400237D2201460F909E48CB
:1000B000FEF7B8FD72E71E9801287DD18DF850003B
:1000C000FF208DF851009748B0F9480001460F9085
:1000D0001898FFF703FD8DF85200FF208DF85300AC
:1000E000924890F89600F02141EA80008D4991F8FD
:1000F00074100843C0B28DF854008D4800788D49C3
:100100000978F02242EA81010843C0B28DF8550017
:1001100089484088002801DD012100E0002186484F
:100120008088002801DD012000E0002041EA8001F4
:100130008148C088002801DD012000E0002041EA5C
:1001400000117A4890F88F0041EA8010C0B28DF813
:1001500056007A48C07800EBC0017848001D00EBDB
:10016000C1004078714991F88C1040EA81016F48D4
:1001700090F88D0041EA00116C4890F88E0041EA39
:100180008010C0B28DF857009DF857209DF856009A
:100190009DF855109DF85430CDE90231CDE90402A7
:1001A0009DF853009DF85210CDE900105E4800788C
:1001B000634901EBC00000E00FE05B494978084467
:1001C0000D909DF851000F909DF850000E90024642
:1001D00055480F9B0D99FEF725FD1E98022850D11A
:1001E0005248B0F91200014609901898FFF776FCC2
:1001F0000F904E48F7F7E0FA014609901898FFF77C
:100200006DFC0E904948F7F7EBFA014609901898F3
:10021000FFF764FC0D904548B0F90A0001460990CB
:100220001898FFF75BFC0C904048F7F7E5FA014699
:1002300009901898FFF752FC0B903C48F7F7E8FA42
:10024000014609901898FFF749FCFF230A90DDE961
:100250000D120F98CDE90403CDE90212DDE90B017F
:10026000CDE9000130480078354901EBC0002E4946
:1002700049780844099001462B480A9B1E9AFEF7CC
:10028000D1FC1E98032836D12E4890F87C002D49C9
:1002900091F86210274A127A264B1B89DC170F93BC
:1002A00003EB1463C3F30723CDE90232CDE9041055
:1002B000204880794B30C0B21D49897ACDE90010C1
:1002C0004FF09871199801EB40311A9801EB80209A
:1002D0001549097800EBC1001349497808440D908D
:1002E000134880794B30C0B203460E900E481E9AD8
:1002F0000D99FEF797FC1E9804283DD1FF22124865
:1003000000791149C978CDE903020F48059202919D
:1003100080780D494978CDE900104FF0987119980F
:1003200014E00000101C0020E02D0020301E0020F2
:10033000D41E0020E21E0020A4230020F01E002076
:1003400000FC3F0160430020441D002001EB4031D0
:100350001A9801EB8020FE49097800EBC100FC49A6
:10036000497808440E90FB48007803460F90F848FF
:100370001E9A0E99FEF756FC1E98052843D1FF23BE
:10038000F44890F8B600F34991F8B71040EA8100BC
:10039000F04991F8B41040EA0110EE4991F8B51017
:1003A00040EA8110C1B2EC488078EC4A927840EA89
:1003B0008200C0B2EA4A127803AC0BC40292E84849
:1003C0000088C0F30720E6490968C1F30741CDE979
:1003D00000104FF09871199801EB40311A9801EB19
:1003E0008020DB49097800EBC100D94949780844ED
:1003F0000E90DB480068000E03460F90D4481E9A0A
:100400000E99FEF70FFC1E9806283DD1D14890F8B2
:10041000B2004B30C2B2CF4890F8B0004B30C1B2FE
:10042000CC4890F8AE004B30C0B2CA4B93F8AC3019
:100430004B33DBB2CDE90230CDE90412C54890F868
:10044000AA004B30C0B2C54909794B31C9B2CDE9D8
:1004500000104FF09871199801EB40311A9801EB98
:100460008020BB49097800EBC100B94949780844AC
:100470000E90B94800794B30C0B203460F90B44893
:100480001E9A0E99FEF7CEFB1E9807283ED1FF203C
:1004900002900390049001460590B24890F82621FE
:1004A00090F86E0142EA8002AE4890F8B60142EA46
:1004B0000010C0B240F0C000CDE90001A948817928
:1004C00090F84E0041EA8001A64890F8960041EA73
:1004D0000011A44890F8DE0041EA8010C0B20F90ED
:1004E0004FF09871199801EB40311A9801EB802177
:1004F0009748007801EBC0009549497808440E9070
:10050000014693480F9B1E9AFEF78CFB46E59648E2
:10051000006896490E9007F0EFFA0F9007F06CFA1A
:10052000C0B28DF850009248F7F738F99149C97870
:1005300041F0C00141EA80008D4991F8321040EA53
:100540000110C0B20F908848006D0A9007F038FA89
:1005500000B201460B901898FFF7C0FA0E9082483F
:10056000B0F94A0010F1280F0DDD7F48B0F94A00BC
:100570005A2808DC7C48B0F94A0001460B901898CC
:10058000FFF7ACFA00E0FF200D907748B0F9480083
:1005900001460B901898FFF7A1FA0C90724890F85A
:1005A000E600704AD27802EBC2036E4A121D02EBDB
:1005B000C30292F83C20DDE90E31CDE90232CDE9EB
:1005C0000401DDE90C01CDE900014FF0A871199893
:1005D00001EB40311A9801EB80205D49097800EB6E
:1005E000C1015B48407808440A909DF85000FF2301
:1005F00002460B9056480A99FEF714FBC8E3002008
:100600000F9027E053490F98085CC0B101F1140026
:100610000F99415C12AA0F981154534834300F9926
:1006200050F821000D9007F0CBF900B201460E9072
:100630001898FFF753FA10AA0F99505407E00321B6
:1006400012AA0F981154FF2110AA0F9811540F9855
:10065000401C0F900F980528D4DB46480078454988
:10066000497800EB81003C49497840EA01103B4958
:10067000497840EA8110C1B29DF844009DF84320BA
:100680009DF84230CDE90232CDE904019DF84100E8
:100690009DF84010CDE900109DF848009DF84910E4
:1006A00000EB81009DF84A1000EB01109DF84B1003
:1006B00000EB8110C0B20E904FF0B071199801EBB1
:1006C00040311A9801EB80202149097800EBC100E4
:1006D0001F49497808440D909DF84C00001FC0B296
:1006E00003460F901A48DDE90D12FEF79BFA4FE31F
:1006F000FF210A460B461748007910B11548407A89
:1007000000E0FF20CDE90332059102901148C07846
:1007100010B11048007A00E0FF200E49897811B12D
:100720000C49C97900E0FF21CDE900104FF0B87104
:10073000199801EB40311A9801EB8020044909789F
:1007400000EBC1000249497808440D90014813E0CC
:10075000E02D0020441D0020D41E0020E21E0020B9
:1007600090170020F01E0020101C002000002041E7
:10077000301E002060430020407810B1FE48807990
:1007800000E0FF200F90FC48007810B1FA48407953
:1007900000E0FF200E900246F8480F9B0D99FEF7EF
:1007A00041FAF5E2F448007910B1F348827B00E0A9
:1007B000FF22F148C07810B1EF48407B00E0FF20F5
:1007C000ED49897811B1EC49097B00E0FF21EA4B42
:1007D0005B7813B1E84BDB7A00E0FF23CDE902310F
:1007E000CDE90402E448007810B1E348817A00E0E2
:1007F000FF21E148007910B1DF48C07C00E00F2004
:100800000F30C0B2CDE90001DB48807810B1DA4882
:10081000407C00E00F20D849C97819B1D649897CBD
:10082000090100E00F210844C0B20F90D2480078BF
:1008300010B1D148C07B00E00F20CF49497819B1F1
:10084000CD49097C090100E00F210844C0B20E9097
:100850004FF0C071199801EB40311A9801EB8020DC
:10086000C649097800EBC100C449497808440D9095
:100870000146C248DDE90E23FEF7D4F988E2BE48FE
:10088000007940B1BC48B0F9260001460A9018989A
:10089000FFF724F900E0FF200F90B748C07840B17F
:1008A000B548B0F9240001460A901898FFF716F9E8
:1008B00000E0FF200E90B048807840B1AE48B0F91B
:1008C000220001460A901898FFF708F900E0FF207F
:1008D0000D90A948407840B1A748B0F920000146E2
:1008E0000A901898FFF7FAF800E0FF200C90A24851
:1008F000007840B1A048B0F91E0001460A9018984F
:10090000FFF7ECF800E0FF20FF210B900F98CDE9F6
:10091000020104910591DDE90D01CDE900014FF0DF
:10092000C871199801EB40311A9801EB8020934966
:10093000097800EBC1009149497808440A900146C2
:100940008E48DDE90B23FEF76DF921E28A48007934
:1009500040B18948B0F9300001460A901898FFF775
:10096000BDF800E0FF200F908348C07840B1824876
:10097000B0F92E0001460A901898FFF7AFF800E092
:10098000FF200E907C48807840B17B48B0F92C0065
:1009900001460A901898FFF7A1F800E0FF200D909B
:1009A0007548407840B17448B0F92A0001460A9071
:1009B0001898FFF793F800E0FF200C906E4800783D
:1009C00040B16D48B0F9280001460A901898FFF729
:1009D00085F800E0FF20FF210B900F98CDE9020180
:1009E00004910591DDE90D01CDE900014FF0D071D1
:1009F000199801EB40311A9801EB80215F4800788B
:100A000001EBC0015D48407808440A9001465B480C
:100A1000DDE90B23FEF706F9BAE1FF2017901690E7
:100A20005548007828B1544890F87A0000F0030047
:100A300000E0032040F0FC001799084017904E4852
:100A4000407828B14C4890F87B008007000F00E008
:100A5000032040F0F300179908401790464880782B
:100A600028B1454890F87C008007800E00E0032004
:100A700040F0CF001799084017903F48C07820B148
:100A80003D4890F87D00800100E0032040F03F00E9
:100A90001799084017903848007928B1364890F8DF
:100AA0007E0000F0030000E0032040F0FC001699F7
:100AB00008401690FF23304A1279DDE916011AB179
:100AC0002D4A92F8362000E0FF22CDE90403CDE95B
:100AD00002212948C07818B1274890F8350000E075
:100AE000FF202549897819B1234991F8341000E095
:100AF000FF21CDE900104FF0D871199801EB40317A
:100B00001A9801EB80201D49097800EBC1001B49B0
:100B1000497808440D901848407818B1164890F864
:100B2000330000E0FF200F901348007818B11248FE
:100B300090F8320000E0FF200E9002460F480F9B15
:100B40000D99FEF76FF823E10D48D0F8B0004FF48F
:100B5000FA61B0FBF1F201FB1200C0B2FF220F906C
:100B6000074890F8C200064991F8C110CDE9030288
:100B700003480592029105E0441D0020E02D00206D
:100B80006043002090F8C000834991F8B810CDE987
:100B900000104FF02071199801EB40311A9801EBC9
:100BA00080217E48007801EBC0007C4949780844E8
:100BB0000D90794890F8B40003460E9077480F9A4C
:100BC0000D99FEF72FF8E3E0FF23734890F88400B7
:100BD000714991F88210CDE903036F4805930291A2
:100BE00090F8C6006C4991F8C510CDE900106B482B
:100BF00000786B4901EBC0006849497808440D90C2
:100C0000654890F8C4000F90634890F8C3000E90B8
:100C1000024662480F9B0D99FEF704F8B8E0FF23E7
:100C2000604890F83A005F4991F839105D4A92F8AF
:100C30003820CDE90403CDE902215A4890F8340068
:100C4000CDE9000355480078574901EBC0005349EE
:100C5000497808440D90534890F833000F9051485C
:100C600090F837000E9002464C480F9B0D99FDF707
:100C7000D9FF8DE0FF2213464C48C088C1170F9062
:100C800000EB116001120F98A0EB0120C1B24748A0
:100C9000C088C4170E9000EB1460C0F3072002ACAC
:100CA0000BC4059241488088C1170D9000EB11607C
:100CB00001120D98A0EB0120C0B23C498988CA17E7
:100CC0000C9101EB1261C1F30721CDE90010374807
:100CD0004088C1170B9000EB116001120B98A0EB3C
:100CE0000120C0B2099031484088C1170A9000EB3A
:100CF0001160C0F3072008904FF02C71199801EB98
:100D000040311A9801EB80212448007801EBC001A2
:100D1000224840780844079001462048DDE908232E
:100D2000FDF780FF34E0224890F8742290F87312A7
:100D300090F872021E4B93F87132CDE90230CDE982
:100D400004121B4890F87002194991F86F12CDE90E
:100D500000104FF03871199801EB40311A9801EBEF
:100D600080200E49097800EBC1000C4949780844FD
:100D70000D900F4890F86E020F900D4890F86D029C
:100D80000E90024605480F9B0D99FDF74BFF00BFE3
:100D900000BF00BFFFF7A0B860430020E02D002097
:100DA00000FC9F02301E002000FCAF02A4230020A4
:100DB000EC20002000210170704701460888000ADD
:100DC0000A7840EA022008800888704701460888AF
:100DD0000012704701460878704710B502884A40F3
:100DE0000280082210E0037803F001033BB103887E
:100DF0005B100380038844886340038002E003881B
:100E00005B100380531EDAB2002AECD110BD2DE92D
:100E1000F04106460F46144698464FF6FF70308064
:100E2000A5B205E0795D3046FFF7D7FF681C85B2B3
:100E300004EB0800A842F5DCBDE8F0810021016068
:100E40004AF2010141804FF6FF710180704710B5F1
:100E500004462A2904D1032000FB0230C0B210BD91
:100E6000292903D102F11500C0B2F8E7FF20F6E707
:100E70002DE9F04387B006460C46154604EB4402C4
:100E8000214800EB4200C178304600F043F80746A5
:100E900004EB44021C4800EB4200C178304600F0ED
:100EA00054F8804604EB4402174800EB4200C17836
:100EB000304600F03AF8814614A00068069006A873
:100EC00000F80950FF2002900390049005909DF8CF
:100ED0001A009DF81910CDE900104FF0447000EB96
:100EE000473000EB88200A4A127800EBC200084A1B
:100EF000527881189DF81830FF220548FDF792FEC0
:100F000007B0BDE8F0830000F8230020FFFFFF00DA
:100F1000E02D00200246152901DA2A2070471C29FD
:100F200001DA2920FAE7FF20F8E70246152906DA58
:100F3000032091FBF0F300FB1310C0B270471C2993
:100F400001DA0120FAE7FF20F8E70246152904DA62
:100F5000032091FBF0F0C0B270471C2903DAA1F125
:100F60001400C0B2F8E7FF20F6E7704710B504465A
:100F70000948FEF755F843F6982188420AD90648F1
:100F8000FEF74EF86168401A43F69821884201D96D
:100F90000020207010BD0000C01B002010B50446CA
:100FA00050212046EFF7E9FBFF2084F84C00002099
:100FB0001DE0642200EB400304F1100101EB43014A
:100FC0008A70411C8AB200EB400304F1100101EB6E
:100FD00043018A80022200EB400304F1100101F872
:100FE000132000EB400301EB4301C870401C0A28AA
:100FF000DFDB204610BD00000246182902D1394827
:10100000008870471A2903D13648B0F85C02F8E727
:101010001B2903D13348B0F85E02F2E71C2903D143
:101020003048B0F86002ECE71D2903D12D48B0F834
:101030006202E6E71E2903D12A48B0F86402E0E71D
:101040001F2903D12748B0F86602DAE7202903D127
:101050002448B0F86802D4E7212903D12148B0F828
:101060006A02CEE7312903D11F48B0F85400C8E71F
:10107000322903D11C48B0F85600C2E7332903D106
:101080001948B0F85800BCE7342903D11648B0F825
:101090005A00B6E7352903D11348B0F85C00B0E731
:1010A000362903D11048B0F85E00AAE7372903D1EA
:1010B0000D48B0F86000A4E7382903D10A48B0F819
:1010C00062009EE7392903D10748B0F8640098E729
:1010D0003A2903D10448B0F8660092E74FF0FF3098
:1010E0008FE70000EC200020101C002003B59DB00D
:1010F0001E9800EB4001F94800EBC1008068C0F386
:1011000046301C901E9800EB4001F44800EBC100F3
:101110000089C0F382201B90FF201A90199018902C
:10112000EE48343801781C98814207D01C987E28FC
:1011300004D01C987F2801D01FB000BDE748343888
:1011400041781B98814203D01B98072800D0F3E711
:10115000E248343801781C98814207D1DF4834389E
:1011600041781B98814201D1012000E000201790B6
:101170001E9800EB4001D94800EBC1008068000DCB
:1011800014901E9800EB4001D44800EBC100008988
:10119000C0F3C60013901E9800EB4001CF4800EB4F
:1011A000C100007A00F0070012901298072800D1C1
:1011B000C2E700200C900B900FE01E9800EB40015E
:1011C000C64800EBC1000F300B99415C0EAA0B988A
:1011D00011540B98401CC0B20B900B980828ECDB04
:1011E00014980105139801EB4031129801EB80200F
:1011F000BA493439097800EBC100B8493439497823
:10120000084411901398062814D013980A2811D076
:10121000139817280ED013981B280BD01398222848
:1012200008D01398232805D013982B2802D01398A0
:101230002C281AD1AA48FDF7F3FE129901EBC1023E
:10124000A84901EBC20108640121129800EBC00219
:10125000A44800EBC20080F84410DDE9121001EB55
:10126000C102A04901EBC201C8701498382881F06E
:101270006382DFE810F0FA073800FA07BB00F900D4
:10128000FA00FB001001BB01FA076502A102BC02D3
:101290001C03FA076103FA07FA07AD03C403FA0750
:1012A000FA07F804FA07FA07BC05FB053A06BA067E
:1012B000E506FA07FA070807FA072D07FA07FA07FB
:1012C000FA07FA07FA079507FB075C08FA079F0871
:1012D000DB08FA07FA07FA075E09FA07FA07FA07BE
:1012E000FA07FA07320A4FF40011139801EB403164
:1012F000129801EB802179483438007801EBC00066
:10130000764934394978084411909DF839009DF8A0
:10131000381000EB0120042825D005DC48B1012855
:101320001FD0032838D11DE005281DD0162833D141
:101330001EE0FF200F220023CDE903207D21029330
:10134000CDE9001305909DF839000B909DF8380009
:101350000A900246614834380B9B1199FDF762FCF4
:1013600041E040E03FE03EE05F48FEF7CDF93AE083
:101370005E485F49086000BFBFF34F8F5D4800685B
:1013800000F4E0605C490843001D5A490860BFF35F
:101390004F8F00BF00BFFEE7FF2002900390049034
:1013A0000590009001904FF40011139801EB40312B
:1013B000129801EB802149483438007801EBC000D5
:1013C000464934394978084409909DF839000B9012
:1013D0009DF838000A900246404834380B9B099922
:1013E000FDF720FC00BF00BF01F0A6B9179800B9B7
:1013F000A2E69DF839009DF8381000EB012080B27C
:1014000001460B901D98FFF7F7FD1590FF221598E8
:10141000C1B2C0F3072002AB07C305921598C0F311
:101420000741000ECDE900014FF48001139801EB54
:101430004031129801EB802028493439097800EBBB
:10144000C100264934394978084409909DF839008B
:101450000B909DF838000A900246204834380B9BC8
:101460000999FDF7DFFBBFE7BEE7BDE79DF839004F
:101470009DF8381000EB012080B216909DF83A00DC
:1014800000901698C0B2034607227F210B901B489C
:10149000FEF71AFDA8E79DF8380030B1012831D0D9
:1014A000022866D0032817D177E01548F5F778FFB2
:1014B0001348F5F76BFEFF2002900390049005900F
:1014C000009001909DF83800034604220B900348D9
:1014D00034381199FDF7A6FB86E00000142E002099
:1014E000C01B0020F41E0020EC20002055AA16008E
:1014F000FC0300200CED00E00000FA05C40400200D
:10150000704700209DF83C0000069DF83D1000EB60
:1015100001409DF83E1000EB01209DF83F1008446B
:101520000B909DF83B009DF83A1000EB01200A90CB
:101530000146F8480B9AF5F757FD9DF83F109DF8C6
:101540003E009DF83D209DF83C30CDE90232CDE9CA
:1015500004019DF83B009DF83A10CDE900109DF87C
:101560003800034604220B90EB481199FDF75AFB13
:101570003AE0E848F5F7AEFDFF20029003900490B2
:101580000590009001909DF83800034604220B90CE
:10159000E1481199FDF746FB26E09DF83B009DF8D8
:1015A0003A1000EB012001460B90DA48F5F730FDC8
:1015B00010901098C1B2C0F30722C0F30743000E89
:1015C000CDE90332059102909DF83B009DF83A1059
:1015D000CDE900109DF83800034604220B90CE4858
:1015E0001199FDF71FFB00BF00BFFDE69DF8380015
:1015F00000F0F000A0BB9DF8380000F00F0010B123
:1016000006282BD106E0C54802F0A8F9C34802F02D
:1016100006F923E09DF83D009DF83C1000EB012009
:1016200080B20B90BD480B9902F028F90A900A98F5
:10163000C1B2C0F30722C0F30743000ECDE9033265
:10164000059102900B98C1B20012FF230422CDE94C
:101650000001B1481199FDF7E5FA00BF00BFC3E6EC
:10166000FFE79DF8380000F03000102867D19DF8A2
:10167000380000F00F0010B103285FD10EE0002009
:10168000099007E0A648099902F002FA0998401C5F
:10169000C0B2099009980128F4DB4FE09DF83D00A5
:1016A0009DF83C1000EB012080B20B909DF83F00AC
:1016B0009DF83E1000EB012080B20A9000200990B6
:1016C00037E0974801680B9801EBC001099801EBDE
:1016D000C00008909248406808380899884200D2B3
:1016E0002BE090480899F5F7A2F807900899091D92
:1016F0008C48F5F79CF806900698C1B2C0F3072213
:10170000C0F30743000ECDE903320591029007981C
:10171000C1B2C0F30720CDE900010798C0F3074329
:1017200004227D481199FDF77DFA0998401C80B28A
:101730000990DDE909018842C3DB00BF00BF53E621
:101740009DF83810129800EBC002774800EBC200F9
:1017500001719DF83910129800EBC002724800EB3D
:10176000C20041719DF83A10129800EBC0026E4819
:1017700000EBC20081719DF83B0000F003000128DE
:1017800001D1012100E00021129800EBC00266485F
:1017900000F83210129800EBC001634800EBC10062
:1017A00090F82A0038B90020122300905F48DDE944
:1017B0001221FEF7CDF917E69DF839009DF8381093
:1017C00000EB0120079005F00EFD0022584BCDE9FB
:1017D000080105F081FBCDE90A0105F097FA12999D
:1017E00001EBC102504901EBC2018860FCE59DF8A4
:1017F0003800FF2808D09DF83810129800EBC0027E
:10180000494800EBC20001619DF83900FF2808D06B
:101810009DF83910129800EBC002434800EBC2005B
:1018200041619DF83A00FF2803D19DF83B00FF2855
:1018300019D09DF83B109DF83A0001EB002007906D
:1018400005F0D1FC00223B4BCDE9080105F044FB3B
:10185000CDE90A0105F05AFA129901EBC1023249A9
:1018600001EBC201C8619DF83E00FF2808D09DF839
:101870003E10129800EBC0022B4800EBC2008161C1
:101880009DF83F0000F0030002280FDA9DF83F00AA
:1018900000F00300012801D1012100E0002112988D
:1018A00000EBC002204800EBC20041709CE59DF8AF
:1018B0003800FF2803D19DF83900FF280DD09DF88E
:1018C00039109DF8380001EB002001B2129800EBAE
:1018D000C002154800EBC20001859DF83B00FF28BF
:1018E00009D09DF83B004B38129901EBC1020E491B
:1018F00001EBC20188849DF83C00FF2809D09DF8C7
:101900003C004B38129901EBC102074901EBC201BF
:10191000C88469E570470020E02D00209017002062
:101920008C47002068050020F41E0020C40400201D
:1019300000002440000059401398252847D11298F0
:10194000E8BB9DF83800FF2803D19DF83900FF2837
:1019500008D09DF839109DF8380001EB002000B246
:10196000FE4908849DF83A00FF2803D19DF83B000A
:10197000FF2808D09DF83B109DF83A0001EB0020AD
:1019800001B2F64841849DF83C00FF2803D19DF840
:101990003D00FF2808D09DF83D109DF83C0001EB6C
:1019A000002001B2ED4881849DF83E00FF2803D15C
:1019B0009DF83F00FF280AD09DF83F1000E006E0A8
:1019C0009DF83E0001EB002001B2E448C1840BE524
:1019D00000200B900FE00EA90B980A5C129800EB08
:1019E000C001DF4800EBC1002A300B9942540B982C
:1019F000401CC0B20B900B980828ECDBF4E49DF877
:101A00003800012827D1179828B39DF83C00C0F36F
:101A1000810002280EDAD34890F8950050B19DF865
:101A20003C00C0F3810008B1012000E00020CD4956
:101A300081F896009DF83C00C0F3011002280ADAF4
:101A40009DF83C00C0F3011008B1012100E0002125
:101A5000C348001F41709DF83800032847D11798EC
:101A6000F0B39DF83900FF2804D09DF839004B38B9
:101A7000BD49C8809DF83A00FF2803D09DF83A1070
:101A8000B94841819DF83B00FF2804D09DF83B00F8
:101A90004B38B649C8809DF83C00FF2803D19DF81B
:101AA0003D00FF2807D09DF83D109DF83C0001EB5C
:101AB0000020AE4908819DF83E00002808DD9DF811
:101AC0003E00642804DC9DF83E10A948A0F862108E
:101AD0009DF83F0001280ADD9DF83F003C2800E00A
:101AE00005E004DC9DF83F10A148A0F87C109DF8AB
:101AF0003800062833D1179888B39DF83B00FF289B
:101B000005D09DF83B004B389A49A1F8AA009DF8F2
:101B10003C00FF2805D09DF83C004B389549A1F8C2
:101B2000AC009DF83D00FF2805D09DF83D004B38E6
:101B30009049A1F8AE009DF83E00FF2805D09DF821
:101B40003E004B388B49A1F8B0009DF83F00FF28BC
:101B500005D09DF83F004B388649A1F8B2009DF8AA
:101B6000380007287ED1179878B39DF8390000F027
:101B7000030002280ADA9DF8390000F0030008B1DA
:101B8000012100E000217648001F81719DF8390095
:101B9000C0F3810002280BDA9DF83900C0F3810000
:101BA00008B1012100E000216D48001F80F84E10AF
:101BB0009DF83900C0F3011002280CDA9DF83900B5
:101BC000C0F3011010B1012101E04BE00021644895
:101BD000001F80F896109DF839000221B1EB901F8C
:101BE0000ADD9DF83900800908B1012100E00021DB
:101BF0005B48001F80F8DE109DF83A0000F00300FB
:101C000002280BDA9DF83A0000F0030008B1012128
:101C100000E000215248001F80F826119DF83A008C
:101C2000C0F3810002280BDA9DF83A00C0F381006E
:101C300008B1012100E000214948001F80F86E1121
:101C40009DF83A00C0F3011002280BDA9DF83A0023
:101C5000C0F3011008B1012100E000214048001F3D
:101C600080F8B61116E4179800B913E49DF838000F
:101C700000F003000C900C9803280ED03D48017D25
:101C80000C98814209D03B48007830B1394800783F
:101C9000022802D037490C9808759DF83800C0F327
:101CA00081000C900C9803280ED03248417D0C988E
:101CB000814209D02F48407830B12E484078022820
:101CC00002D02C490C9848759DF83800C0F30110DB
:101CD0000C900C9803280ED02648817D0C988142E8
:101CE00009D02448807830B122488078022802D078
:101CF00020490C9888759DF8380080090C900C9844
:101D000003280ED01B48C17D0C98814209D0194888
:101D1000C07830B11748C078022802D015490C9815
:101D2000C8759DF8390000F003000C900C9803284A
:101D30000ED01048017E0C98814209D00D480079E0
:101D400030B10C480079022802D00A490C98087674
:101D50009DF83F0000F003000C900DE0A42300204C
:101D6000F41E0020301E0020D41E0020E21E0020A1
:101D700060430020441D00200C98032806D00C98D6
:101D800008B1012000E00020FC4908709DF83F00E8
:101D9000C0F381000C900C9803280AD00C9828B14D
:101DA000F74890F8320008B9012000E00020F3491C
:101DB00048709DF83F00C0F301100C900C98032868
:101DC00006D00C9808B1012000E00020ED494870D1
:101DD0009DF83F0080090C900C98032806D00C98C1
:101DE00008B1012000E00020E74948703DE2179863
:101DF00000B93AE29DF83800FF2804D09DF8380079
:101E00004B38E249C8839DF83900FF2804D09DF87B
:101E100039004B38DD4908849DF83A00FF2804D08A
:101E20009DF83A004B38D94948849DF83B00FF287B
:101E300004D09DF83B004B38D44988849DF83C0081
:101E4000FF2804D09DF83C004B38D049C884CF48C7
:101E500090F849101E3030F911000A9005F0ECFDA1
:101E600001460B90C548F6F7C5FFFEE1179800B98B
:101E7000FBE19DF83800FF2804D09DF838004B386E
:101E8000C24908859DF83900FF2804D09DF8390023
:101E90004B38BE4948859DF83A00FF2804D09DF88C
:101EA0003A004B38B94988859DF83B00FF2804D09B
:101EB0009DF83B004B38B549C8859DF83C00FF288C
:101EC00004D09DF83C004B38B0490886AF4890F8E4
:101ED00049101E3030F911000A9005F0ADFD0146A1
:101EE0000B90A648F8F7F8FEBFE1179800B9BCE1DF
:101EF0009DF83800FF2804D09DF83800A34981F8E8
:101F000032009DF83900FF2804D09DF839109F4811
:101F100080F833109DF83A00FF2804D09DF83A105D
:101F20009A4880F834109DF83B00FF2804D09DF8B3
:101F30003B10964880F835109DF83C00FF2804D0EF
:101F40009DF83C10914880F836109DF83D0000F057
:101F500003000C900C98032807D00C9808B10120BE
:101F600000E00020894981F87A009DF83D00C0F327
:101F700081000C900C98032807D00C9808B101211F
:101F800000E00021814880F87B109DF83D00C0F3FF
:101F900001100C900C98032807D00C9808B101216F
:101FA00000E00021794880F87C109DF83D00800910
:101FB0000C900C98032807D00C9808B1012100E080
:101FC0000021724880F87D109DF83E0000F003006B
:101FD0000C900C98032807D00C9808B1012100E060
:101FE00000216A4880F87E10A6E39DF838000006BC
:101FF0009DF8391000EB01409DF83A1000EB0120EC
:102000009DF83B100144129800EBC002604800EBC1
:10201000C20041639DF83C0000069DF83D1000EBB6
:1020200001409DF83E1000EB01209DF83F10014457
:10203000129800EBC002564800EBC20081637BE3BC
:102040009DF8380002281DD19DF83C0001049DF840
:102050003D0001EB00209DF83E100844079005F07C
:10206000C2F800224B4BCDE9080104F035FFCDE961
:102070000A0104F04BFE129901EBC102444901EB45
:10208000C201C86058E39DF83A0000F00F00042830
:102090001DD0FF200423CDE90230049005900020DC
:1020A000009001909904139801EB4031129801EBD4
:1020B00080203949097800EBC10037494978084444
:1020C0000623002201460B903348FCF7ABFD33E3B7
:1020D0004FF00C71139801EB4031129801EB802006
:1020E0002D49097800EBC1002B494978084411902B
:1020F0009DF8380000069DF8391000EB01409DF86E
:102100003A1000EB01209DF83B1008440D90002090
:102110000B9028E021480D99F4F789FB1090109856
:10212000C1B2C0F30722C0F30743000ECDE903326A
:10213000059102900D98C0B20D99C1F30721CDE928
:1021400000100D98000E0A900D98C0F30743124836
:102150000A9A1199FCF766FD0D98001D0D900B98D9
:10216000401C80B20B909DF83D009DF83C1000EBA8
:1021700001210B988142CDDCDEE2000060430020AB
:10218000301E0020D41E0020E21E0020441D00202E
:10219000F41E002000408F40E02D00206805002044
:1021A0009DF83800FF2804D09DF83800FE49C1F89A
:1021B000B0009DF839000D2808DA9DF83900002894
:1021C00004DD9DF83910F848C0F8B4109DF83A00C5
:1021D000202808DA9DF83A00002804DD9DF83A101E
:1021E000F148C0F8B8109DF83B00182804DA9DF8B3
:1021F0003B10ED4880F8C0109DF83C003C2804DA04
:102200009DF83C10E84880F8C1109DF83D003C283E
:1022100004DA9DF83D10E44880F8C210E24890F8D6
:10222000C21090F8C100E04A92F8C020CDE9002029
:102230000291DD4890F8B8000B90DB4890F8B400AC
:102240000A90D94890F8B00009900146D648DDE9D7
:102250000A23FAF71FFA0120D34981F8D900D3489D
:10226000FCF7DEFED049C1F8DC0065E29DF83800DD
:1022700018280BDACC4890F8C3009DF83810884233
:1022800004D09DF83810C84880F8C3109DF8390074
:102290003C280BDAC44890F8C4009DF839108842F5
:1022A00004D09DF83910C04880F8C4109DF83A0059
:1022B00018280BDABC4890F8C5009DF83A108842FF
:1022C00004D09DF83A10B84880F8C5109DF83B003E
:1022D0003C280BDAB44890F8C6009DF83B108842C1
:1022E00004D09DF83B10B04880F8C6109DF83C0023
:1022F00065280BDAAC48B0F882009DF83C108842A3
:1023000004D09DF83C00A849A1F882009DF83D004A
:1023100065280BDAA448B0F884009DF83D10884287
:1023200004D09DF83D00A049A1F8840004E29DF886
:102330003800022808DA9DF8380008B1012100E0D1
:1023400000219B4880F837109DF83900022808DAF0
:102350009DF8390008B1012000E00020944981F87F
:1023600033009DF83A00022808DA9DF83A0008B1D7
:10237000012100E000218E4880F8341000200B90ED
:1023800014E00B98001D0EA9085C02280BDA0B98CC
:10239000001D085C08B1012200E000220B98401DDE
:1023A000834933310A540B98401C0B900B98032837
:1023B000E7DBC1E101207F49087000211D9801720F
:1023C0009DF839109DF8380001EB0020B0F57A7FB8
:1023D00007DC9DF839109DF8380001EB00207549A5
:1023E00008819DF83B109DF83A0001EB0020B0F504
:1023F0007A7F08DC9DF83B109DF83A0001EB002045
:1024000081B26C4841819DF83D109DF83C0001EB84
:102410000020B0F57A7F08DC9DF83D109DF83C0067
:1024200001EB002081B26348818185E1012061498F
:10243000087000211D9801729DF839109DF8380030
:1024400001EB00204FF6FF71884214D09DF839103F
:102450009DF8380001EB0020079004F0C4FE002234
:10246000554BCDE9080104F037FDCDE90A0104F030
:102470004DFC504908619DF83B109DF83A0001EB76
:1024800000204FF6FF71884214D09DF83B109DF854
:102490003A0001EB0020079004F0A5FE0022464B15
:1024A000CDE9080104F018FDCDE90A0104F02EFC85
:1024B000404948619DF83D109DF83C0001EB00202B
:1024C0004FF6FF71884214D09DF83D109DF83C00F6
:1024D00001EB0020079004F086FE0022364BCDE988
:1024E000080104F0F9FCCDE90A0104F00FFC3149C0
:1024F00088619DF83F109DF83E0001EB00204FF6EB
:10250000FF71884214D09DF83F109DF83E0001EB0A
:102510000020079004F067FE0022274BCDE9080158
:1025200004F0DAFCCDE90A0104F0F0FB2149C861AE
:1025300002E10120214908701C48FCF771FD1F4988
:1025400048609DF83900FF2802D09DF839001A90A4
:102550009DF83A00FF2802D09DF83A0019909DF8A6
:102560003B00FF2802D09DF83B0018901A98FF28E6
:1025700042D000231148DDE91221FEF768FC0B90E0
:1025800000200A9034E00A9800EB40010B4810301C
:1025900000EB4100C1780B98814226D10A9800EBEC
:1025A0004001064810300BE060430020C01B0020B3
:1025B000301E0020A423002000002440E823002037
:1025C00010F8110088B10A9901EB4102624901EB50
:1025D00042011A9848701A9838B10A9901EB4102E1
:1025E0005D4901EB42011A9888700A98401C0A90D4
:1025F0000A980A28C7DB00BF1998FF2834D00123A6
:1026000055481038DDE91221FEF721FC0B9000201F
:102610000A9025E00A9800EB40014F4800EB41008A
:10262000C1780B98814218D10A9800EB40014A48C2
:1026300010F8110088B10A9901EB4102464901EBFB
:10264000420119984870199838B10A9901EB410272
:10265000414901EB4201199888700A98401C0A9080
:102660000A980A28D6DB00BF1898FF2834D0022326
:1026700039481038DDE91221FEF7E9FB0B90002004
:102680000A9025E00A9800EB4001334800EB410036
:10269000C1780B98814218D10A9800EB40012E486E
:1026A00010F8110088B10A9901EB41022A4901EBA7
:1026B000420118984870189838B10A9901EB410204
:1026C000254901EB4201189888700A98401C0A902D
:1026D0000A980A28D6DB00BF2EE000200B900DE000
:1026E0000EA90B98085CFF2805D00B980A5C1A48C5
:1026F00008380B9942540B98401C0B900B980428F7
:10270000EEDB00200B9013E00EA90B98001D085C77
:1027100000F00F000F2808D00B98001D085C00F097
:102720000F020D48001F0B9942540B98401C0B9050
:102730000B980428E8DB00BF00BF1398782807DB5C
:1027400001211D9801700548FCF76AFC1D9948603D
:1027500000BFFEF7F1BC0000F8230020C01B0020E2
:1027600010B586B00446A948007800F0010058B9B9
:10277000A64803F040FB38B1A548FCF751FCA54939
:102780000860A248AFF30080A348007800F0010081
:1027900058B9A14803F02FFB38B19D48FCF740FC25
:1027A0009E4908609C48AFF300809948FCF738FCCC
:1027B0009A490968401A41F28831884218D39448EE
:1027C000FCF72EFC95490860FF20029003900490CE
:1027D00005900090019092480078924A02EBC00068
:1027E0008F4A5278811800231A468D48FCF71AFA4E
:1027F0008748FCF715FC87490968401A972876D363
:102800008348FCF70DFC8349086087480078401C2A
:102810008549087008460078212869D2DFE800F071
:10282000E6111213141516172A2B2C2D2E2F3043B8
:102830004C555E69727B848D969FACB5BEC7D0D96E
:10284000DD0000BF00BF00BF00BF00BF00BF764873
:102850000078401E00EBC001744800EBC10090F806
:10286000440030B170480078401EC1B27048FDF796
:102870009BF9C7E000BF00BF00BF00BF00BF00BFA3
:1028800069480078083800EBC001684800EBC100D7
:1028900090F8440030B1644800780838C1B2644808
:1028A000FDF744FAAEE00120132307227F210090B8
:1028B0005F48FDF709FBA5E00320132307227F21D2
:1028C00000905B48FDF700FB9CE0042013230722E7
:1028D0007F2100905648FDF7F7FA93E0FF2015237B
:1028E00007227F2100905248FDF7EEFA8AE08AE045
:1028F0007CE0FF20162307227F2100904C48FDF743
:10290000E3FA7FE0FF20172307227F210090484849
:10291000FDF7DAFA76E0FF20182307227F210090E6
:102920004348FDF7D1FA6DE0FF20192307227F21EC
:1029300000903F48FDF7C8FA64E0FF201A23072201
:102940007F2100903A48FDF7BFFA5BE0FF201B2390
:1029500007227F2100903648FDF7B6FA52E035484D
:1029600090F8D90038B9FF20282307227F21009052
:102970002F48FDF7A9FA45E0FF20292307227F21F0
:1029800000902B48FDF7A0FA3CE0FF202A2300220C
:102990007F2100902648FDF797FA33E0FF202B2394
:1029A0000022252100902248FDF78EFA2AE005201A
:1029B000132307227F2100901D48FDF785FA21E0AF
:1029C0000620132307227F2100901948FDF77CFA87
:1029D00018E01748FDF76CF814E0072013230246AF
:1029E0007F2100901248FDF76FFA0BE0FF202E23A5
:1029F00007227F2100900E48FDF766FA00200A4961
:102A0000087000BF00BF06B010BD0000AC0400207D
:102A1000C01B0020B0040020A8040020B404002043
:102A2000E02D002000FC1F00B8040020F41E002050
:102A3000C40400206043002070B504461E48FCF723
:102A4000EFFA6168401A44F62061884201D90020FB
:102A500020702046FFF784FE002511E005EB4501BC
:102A6000164810F8310048B129462046FEF73EFBD3
:102A7000002105EB4502114800F83210681CC5B270
:102A8000322DEBDB0C48FCF7CBFA0D490968401AF4
:102A9000B0F57A7F0ED30848FCF7C2FA08490860FF
:102AA000207A401C2072207A0F2803DB002020723D
:102AB0000449087070BD0000C01B0020142E0020C7
:102AC000A4040020A4230020002101604160816053
:102AD0007047000070B50446544890F8950028B13E
:102AE000524890F8960084F8740070BD5048007801
:102AF000A8B95048FCF794FAB0F5967F0FD9012099
:102B00004B4908705E20005B3C2805DB5E20005BC3
:102B100040F6AC51884202DD012084F8E80094F8C8
:102B2000E800002874D194F88C0010B994F88E0055
:102B300018B1002084F87400D7E794F81801401CFD
:102B400084F8180194F818010A2802DB002084F8A0
:102B50001801B4F84A1094F8182104F58D7020F883
:102B6000121094F81801092802D1B4F91A5106E09C
:102B700094F81801401C04F58D7131F9105094F847
:102B8000740070BBB4F94A00281A042805DD94F8D3
:102B90002E01401C84F82E0102E0002084F82E0152
:102BA00094F82E01022808DD204890F8A00084F84F
:102BB0007500B4F84A00A4F84C0094F87500FF289A
:102BC00031D094F8750028B194F87500401E84F84F
:102BD000750028E0012084F87400FF2084F8750057
:102BE00021E0FFE7B4F94A00B4F94C10884203DA57
:102BF000B4F84A00A4F84C00B4F94A10B4F94C00F7
:102C0000801C81420FDD002084F874000BE0FFE798
:102C10000948B0F85E00B0F57A7F01DA012000E0E3
:102C2000002084F8740000BF5FE70000301E002021
:102C300068040020C01B0020101C002010B59CB0B0
:102C4000044601210846EFF73BFC01210220EFF783
:102C500037FC01210420EFF733FC01A8EFF7E2F97C
:102C6000FE20019003208DF8080000208DF80B0055
:102C700001A98148EFF75EF901A8EFF7D3F93F20EA
:102C8000019003208DF8080000208DF80B0001A9A9
:102C90007A48EFF74FF901A8EFF7C4F90320019044
:102CA0008DF8080000208DF80B0001A97448EFF79B
:102CB00041F901218805EFF703FC01210802EFF734
:102CC0002FFC7048EEF782FE03A8EEF789FF002084
:102CD00003906D4804906D480590002006901020E8
:102CE0000790002008904FF48060099040000A90FF
:102CF00080000B9040110C9040020D9000200E902F
:102D000001200F9000201090119003A95D48EEF76C
:102D10003BFF01215B48EEF74DFE12A8EDF75CFE8C
:102D20000020129013904FF48040149000201590D2
:102D300012A8EDF739FE16A8EDF7F5FE0020169063
:102D400001208DF85C008DF85D000020189019902E
:102D50001A9010208DF86C0016A94B484C38EDF7EE
:102D600057FE07230122114647484C38EDF77AFEFB
:102D700007230222114644484C38EDF773FE07231F
:102D80000322114640484C38EDF76CFE072304221D
:102D900011463D484C38EDF765FE072305221146E4
:102DA00039484C38EDF75EFE0723062211463648B7
:102DB0004C38EDF757FE07231A46194632484C386F
:102DC000EDF750FE0723082211212F484C38EDF76C
:102DD00049FE0723092208212B484C38EDF742FE13
:102DE00007230A22092128484C38EDF73BFE072328
:102DF0000B220A2124484C38EDF734FE07230C221D
:102E00000B2121484C38EDF72DFE07230D220C2114
:102E10001D484C38EDF726FE07230E220D211A48D7
:102E20004C38EDF71FFE07230F220E2116484C38B1
:102E3000EDF718FE072310220F2113484C38EDF749
:102E400011FE0120EDF790FE0120EDF777FE012144
:102E50000D484C38EDF7D1FD01210B484C38EDF70A
:102E6000C1FD012108484C38EDF793FD06484C3868
:102E7000EDF754FE1CB010BD0000024000080240F7
:102E800000040240106402404C200140641C0020F9
:102E900010B5044669B140F2DC50824207DD187873
:102EA000401C187018780A2803DD012010BD00208E
:102EB000187081B9B2F57A7F0BDA40F202308242A3
:102EC00007DD1878401C187018780A2803DD0220E6
:102ED000ECE7002018700020E8E700210DE0002357
:102EE00000F17C0253540A32535416325354521D8B
:102EF00053540A3A53544A1CD1B20529EFDB00213E
:102F000009E0002300F1A8025354921C5354121FED
:102F100053544A1CD1B20229F3DB00228B30427099
:102F20000270C270827042710271C271827142720B
:102F30000272C272827280F8282080F8A42080F881
:102F40002A2080F8A52080F82B2080F8A6208B3836
:102F5000704700002DE9F04FA1B006460F4692469B
:102F6000142261A11CA8EDF7A1FB4C22634909A81A
:102F7000EDF79CFB40F6AC50874203DD604821B082
:102F8000BDE8F08F384604F06FFD0390316804F01F
:102F9000B3FD044604F0B8FB00225A4BCDE904010E
:102FA00003F09AFFCDE9060103F0B0FE80464146EA
:102FB000306804F0A9FE044604F0A6FBCDE9040144
:102FC000404604F0A1FB00224F4BCDE9000104F084
:102FD00071F9CDE90201DDE9042303F07DFFCDE9BC
:102FE000060103F093FE0546A946099804F03CFD4E
:102FF0000446494604F04CFE01D24448BFE71B9802
:1030000004F032FD0446494604F042FD01D2404836
:10301000B5E7002464E009A951F8240004F024FD78
:103020004946079004F034FD58D809AA611C52F8AB
:10303000210004F019FD4946079004F029FE4DD8FF
:1030400009A951F8240004F00FFD4946039004F04B
:1030500050FE1CAA611C059051561257881A04F0A4
:10306000EBFC0490059904F047FD069004F0C4FCC5
:1030700080B2079004F0F8FC834609AA611C32F87C
:10308000211032F82420891A88B204F0EDFC08904F
:103090005846089904F0D2FB1CA90790085704F081
:1030A000CBFC0690079904F05BFB0546504604F004
:1030B000C3FC2946069004F053FB1649079004F020
:1030C000E7FD01D2134D07E0504604F0B5FC294658
:1030D000079004F045FB0546284650E7601CC4B243
:1030E000122C98DB0A484AE7CED8E2ECF6000A1424
:1030F000191E28323C46505A646E7800F47D03084D
:103100000000F04200FEAF400000994000004CC2B9
:103110000000F2420000F4422DE9F05F0446FE4850
:10312000007800F0010058B9FB4802F064FE38B1A5
:10313000FA48FBF775FFFA490860F748AFF30080DB
:10314000F848007800F0010058B9F64802F053FE44
:1031500038B1F248FBF764FFF3490860F148AFF378
:103160000080F248007800F0010058B9EF4802F002
:1031700042FE38B1E948FBF753FFED490860EB48E0
:10318000AFF30080E548FBF74BFFE9490968401AB7
:10319000B0F57A7F07D3E148FBF742FFE4490860C6
:1031A0002046FFF797FCDD48FBF73AFFDC4909684A
:1031B000884241D0D948FBF733FFD9490860DD4840
:1031C000B0F8E400401CDB49A1F8E4000846D0F860
:1031D000D410B0F872000844D649C1F8D4000846AB
:1031E000D0F8CC10B0F860000844D249C1F8CC0047
:1031F0000846D0F8D010B0F85E000844CD49C1F8B8
:10320000D0000846D0F8D810B0F86E000844C9497C
:10321000C1F8D80000200DE0C649B83151F820208F
:10322000643931F810100A44C249B83141F82020FD
:10323000411CC8B20528EFDBB848FBF7F1FEBA49DC
:103240000968401AC8287DD3B448FBF7E9FEB6499F
:1032500008606220005B40F6E441484340F6FF719D
:1032600090FBF1FB584603F0BEFF07460022B24B2D
:1032700003F032FE054603F049FD2060002532E0F0
:10328000A648FBF7CDFE04F10C0151F82510401AB9
:1032900042F21071884202D90021201D415504F1EB
:1032A000B80050F82500B4F8E41090FBF1F00FFAE4
:1032B00080FA201D405D68B9A04810F8150042B2A0
:1032C0001FFA8AF12046FFF745FE04F1340141F868
:1032D000250006E004F1200050F82510143040F8D5
:1032E0002510681CC5B2052DCADBB4F8E410D4F86B
:1032F000D00090FBF1F086B2002231462046FFF765
:1033000029FE054604F05CFB00B2A4F84A00B4F8BC
:10331000E410D4F8CC0090FBF1F086B200223146E4
:103320002046FFF717FE054604F04AFB00B2A4F85A
:103330004800B4F8E410D4F8D40090FBF1F085B262
:10334000002200E010E229462046FFF703FE206538
:10335000A834A18F206B90FBF1F060630020A08760
:10336000E0626062A0622063A83C00BF06E0002229
:103370007049B83141F82020411CC8B20528F6DB5D
:103380006648FBF74DFE42F2107188425CD900207E
:1033900058E06A49AA39095C11B1211D095C69B17B
:1033A0006749097819B16649097B814206D06549A8
:1033B0000978A9B36349C97A814237D104F154012C
:1033C00031F8101040F6AC5291420FDD04F1770154
:1033D000095C491CCAB204F177010A54095C052949
:1033E00008DD012204F17C010A5403E0002204F10B
:1033F00077010A5404F1540131F81010322910DA1F
:1034000004F18101095C491CCAB204F181010A542A
:10341000095C052914DD012204F186010A540FE03C
:1034200004E0002204F181010A5409E0002204F1C1
:1034300077010A540A310A54491F0A540A310A54BE
:10344000411CC8B20528A4DB6020005B40F6AC51EB
:1034500088420BDD14F88F0F401C207014F88F0980
:10346000052806DD012084F8900002E0002084F8A1
:103470008F006020005B32280BDA14F8910F401C9B
:10348000207014F89109052806DD012084F89200C7
:1034900002E0002084F891007220005B40F6AC51FD
:1034A00088420BDD14F8930F401C207014F8930928
:1034B000052806DD012084F8940002E0002084F84D
:1034C00093007220005B32280BDA14F8950F401C31
:1034D000207014F89509052806DD012084F896006F
:1034E00002E0002084F8950094F8760060B300258F
:1034F0003FE01248AA38405D012838D10F48A03873
:10350000405DA0BB04F1970043191530465D583863
:1035100030F81620094818E058040020C01B00208D
:103520005C040020540400206004002050040020AB
:1035300064040020101C002000408F40EE1D00207D
:10354000D41E0020E21E002015E0A038405D08B126
:10355000012000E0002001462046FFF799FC81464B
:10356000B9F1020F03D1012104F19C004155681CFF
:10357000C5B2052DBDDB924890F8B70058B1702058
:10358000025B904890F88D1004F1A7032046FFF7E6
:103590007FFC814601E04FF00009B9F1010F02D133
:1035A0000121AB200155B9F1020F02D10121A9205F
:1035B0000155A920005D10B9AB20005D68B18148BC
:1035C00090F8340048B1002241F256017E48F7F7E6
:1035D000D1FB00217B4880F83410D4F8DC0032287D
:1035E00017DA94F8E70000280FDD652084F8E6007C
:1035F00094F83101401C84F8310194F83101142809
:103600000FDD012084F8B6000BE0672084F8E600A7
:1036100007E094F8310120B194F83101401E84F89C
:103620003101D4F8DC00322806DBD4F8DC00C828ED
:1036300002DA062084F8E600D4F8DC00C82807DBAC
:10364000D4F8DC00B0F5847F02DC052084F8E600C5
:10365000D4F8DC00B0F5847F07DDD4F8DC00B0F5E9
:10366000987F02DC042084F8E600D4F8DC00B0F592
:10367000987F07DDD4F8DC00B0F5AF7F02DA0320D5
:1036800084F8E600D4F8DC00B0F5AF7F07DBD4F8AF
:10369000DC00B0F5D27F02DA022084F8E600D4F82C
:1036A000DC00B0F5D27F07DBD4F8DC00B0F5167F84
:1036B00002DA012084F8E600D4F8DC00B0F5167FC9
:1036C00008DB40F2DC51D4F8DC00884202DA00204A
:1036D00084F8E60040F2DC51D4F8DC0088421BDBC1
:1036E00094F8E700002813DD662084F8E60094F8DB
:1036F0003001322804DA94F83001401C84F830019B
:1037000094F8300114280FDD012084F8B5000BE097
:10371000672084F8E60007E094F8300120B194F8BF
:103720003001401E84F8300194F8E60094F8E71068
:10373000884210DA94F82F01322804DA94F82F0125
:10374000401C84F82F0194F82F0114280BDD012070
:1037500084F8B30007E094F82F0120B194F82F010A
:10376000401E84F82F0100BF606BC4F8EC00F0200D
:10377000A16B0151F420E16B0151F820216C015142
:10378000FC20616C01510021001D0151001D216DC3
:1037900001510E4801694FF4847001510B48416991
:1037A0004FF486700151094881694FF488700151C6
:1037B0000648C1694FF48A700151BDE8F09F0000CE
:1037C000441D0020301E002060430020A423002060
:1037D00010B504464FF49A712046ECF7CEFF204610
:1037E000FFF77BFB002084F87600FF2084F875004B
:1037F000032084F8E700082084F8AC000921AD20FC
:1038000001550A21AE2001550B21AF2001550C2195
:10381000B02001550E21B2200155204610BD70B5D3
:1038200004461A21204600F029F80546681C10B904
:103830000020206000E0256070BD10B504461A210C
:103840002046226800F05CF810BD000070B5054607
:10385000074C08E021460748F2F7E9FF401C08B989
:10386000204670BD083404488442F3D30020F8E7B2
:1038700000000108680500207FFF01082DE9F041E4
:1038800080460D464FF0FF370C4C11E021460C48A6
:10389000F2F7CDFF0646701C10B93846BDE8F0813E
:1038A000AE4204D1211D0648F2F7C1FF0746083495
:1038B00004488442EAD33846F0E7000000000108DB
:1038C00068050020FFFF010870B504462046FFF799
:1038D000BDFF054615B10948854202D9204600F0D2
:1038E0003DF8204600F044F81A212046226800F0F6
:1038F00007F8204600F02CF870BD0000F7FF010823
:103900002DE9F04106460D4617463046FFF79EFF6B
:10391000044694B1304600F02BF82A4621460B4865
:10392000F2F755FF241D3A4621460848F2F74FFFAB
:10393000304600F00DF8BDE8F081304600F00EF89A
:103940003046FFF7C1FF00BFF5E700006805002023
:1039500010B50446EEF74AFA10BD000010B5044653
:1039600020210248F2F752FF10BD00006805002038
:1039700010B50446EEF784FA0148F2F735FF10BDA2
:103980006805002000210160704700002DE9F0412A
:1039900006462F48008808B9BDE8F081307A00B1AA
:1039A000FAE701203072002449E056F824503FE045
:1039B00029462848F2F73BFF0746781C98BB301D84
:1039C00050F8241005F1180081422FD9304600F03C
:1039D0006BF800239A1F2946304600F03FF808355F
:1039E0001B48038818222946304600F037F808356E
:1039F0001948B0F948303D222946304600F02EF8EB
:103A00000835304600F03EF8301D50F8241005F11E
:103A10001800814209D8601C012805DAC1B230467D
:103A200000F036F8B8E702E007E0B5E705E0083552
:103A3000301D50F82400A842BAD8601CC4B2012C32
:103A4000B3DB0021304600F023F800BFA4E70000FC
:103A5000EC20002068050020101C00202DE9F0411A
:103A600007460C4616461D46324621460448F2F7E4
:103A7000AEFE2A46211D0248F2F7A9FEBDE8F081FC
:103A80006805002010B50446EEF7B0F910BD00003F
:103A900070B505460C461CB938210248F2F7B6FE4F
:103AA00070BD00006805002010B50446EEF7E8F987
:103AB0000148F2F799FE10BD680500200021016061
:103AC0004160816003490160034A0168114441601B
:103AD0007047000000000608FFFF010070B59EB0AF
:103AE000044600201C901D9000BF04E05249415C38
:103AF00013AA1154401C0828F8DB002015E000210F
:103B000010E013AA125C203A20230B411A400AB19C
:103B1000012200E0002200EB400301EB430307AE6B
:103B2000F254491C0629ECDB401C0828E7DB002086
:103B300010E00022002108E001EBC00307AEF35CB7
:103B400013B180230B411A44491C0829F4DB1CAB38
:103B50001A54401C0628ECDB204600F0C9F8EEF7AA
:103B60000BFBEDF7B5F815A916A802F020FD84F8B7
:103B7000120194F8120120B1002084F8F9001EB05F
:103B800070BDEDF7A5F89DF85800302804DD012040
:103B900084F8DB0084F8F90006221CA91AA8EFF7C4
:103BA00026FB1AAA0621002002F0C8FC054602F0F6
:103BB000F5FB054694F8DB0001280BD117A818A9DE
:103BC00019AB0722CDE900100021012002F018FAFC
:103BD000054606E017AB18AA19A9012002F0D7F98B
:103BE000054616A207CA04AB07C304A80C2300228B
:103BF0000090BDF86010BDF8640002F0EDFB0546D2
:103C00000120114900221023CDE90032CDE9021034
:103C10000723114602F038FA054694F8DC00012823
:103C200002D1ECF7B7FF05460721012002F05FFC47
:103C3000054600BFA3E700000080000854696D62DC
:103C400065726C696E65203240E2010010B5024673
:103C5000002004E00C5C02F138031C54401C1428C2
:103C6000F8DB0120014B83F8360010BD9847002097
:103C700010B5044694F8E40020B1EEF789FB00206B
:103C800084F8E40010BD10B50446B4F81001EDF757
:103C9000D9FF28B1B4F81001EDF7CEFFEEF78AFA9C
:103CA00010BD000010B50446EEF7C0FA2046FFF73D
:103CB000DFFFD4F8E80030B194F8EE0018B101202D
:103CC00084F8350002E0002084F8350006480078CA
:103CD00020B194F8350008B1012000E0002003492C
:103CE00081F8780010BD0000AC480020604300203F
:103CF00070B58AB00446052601210846EEF7E0FBC0
:103D000001210220EEF7DCFB01210420EEF7D8FBB5
:103D100001210820EEF7D4FB01218803EEF700FC17
:103D200001210807EEF7DCFBA849206B884204D18B
:103D300001218014EEF7F4FB12E0A549206B8842C4
:103D400005D101210014EEF7CBFB052608E0A149BF
:103D5000206B884204D10121C013EEF7C1FB062677
:103D600008A8EEF75FF921790120884080B2089019
:103D700002208DF824008DF8250000208DF8260003
:103D800001208DF8270008A92068EEF7D3F82179E3
:103D900032462068EEF716F908A8EEF743F9217BC2
:103DA0000120884080B2089002208DF824008DF810
:103DB000250000208DF8260001208DF8270008A995
:103DC000A068EEF7B7F8217B3246A068EEF7FAF864
:103DD00008A8EEF727F9217D0120884080B20890DD
:103DE00002208DF824008DF8250000208DF8260093
:103DF00001208DF8270008A92069EEF79BF8217DA6
:103E000032462069EEF7DEF8A069C4F8FC00217F95
:103E100001208840A4F8080108A8EEF703F9217FE3
:103E20000120884080B2089001208DF824000020F5
:103E30008DF825008DF826008DF8270008A9A069C7
:103E4000EEF778F8206AC4F800012420015D012013
:103E50008840A4F80A0108A8EEF7E4F82420015DE0
:103E60000120884080B2089001208DF824000020B5
:103E70008DF825008DF826008DF8270008A9206A06
:103E8000EEF758F808A8EEF7CDF84FF40040089088
:103E900001208DF8240002208DF8250008A94E4845
:103EA000EEF748F84FF400414B48EEF7B9F8A06A36
:103EB000C4F804012C20015D01208840A4F80C0105
:103EC00008A8EEF7AFF82C20015D0120884080B2F1
:103ED000089000208DF8240002208DF82500002095
:103EE0008DF8270008A9A06AEEF724F803A8EEF7DA
:103EF00079FC0020ADF80C00ADF81000ADF8120010
:103F0000ADF814004FF40070ADF816002020ADF8A5
:103F100018000020ADF81A004FF48270ADF80E00C2
:103F200003A9206BEEF740FC0121206BEEF730FC7B
:103F300000252A49A06A884201D101250AE02849C2
:103F4000A06A884201D1022504E02649A06A88427D
:103F500000D103252C20015D2846EEF75BFC2C20C8
:103F6000015D01208840A4F8100101A8EDF7C8FE0A
:103F70002C20015D0120884080B2019000208DF846
:103F8000080008208DF8090001208DF80A0001A81A
:103F9000EDF76CFE282084F80E0194F80E018DF8E0
:103FA000000000208DF8010003208DF802000120A0
:103FB0008DF803006846EEF72FFA2C210A5D0121E7
:103FC000914088B2EDF738FE0AB070BD0030014074
:103FD00000380040003C0040000002400004024065
:103FE00000080240000C024070B505460C46142142
:103FF000204602F0B7FD70BD002180F8DB100121E2
:1040000080F8DC1080F8E410AA2180F813110F4921
:1040100001630F490160032101710D49816005228F
:10402000027301610422027581610E22027709493F
:104030000162022224210A54054981620F222C21A7
:104040000A54002180F8F91070470000003C00403D
:1040500000040240000C024010B504463448FAF750
:10406000DFFF34490968401A64285FD93048FAF7FD
:10407000D7FF304908602078401E2F49085C00288F
:1040800054D12078401E2D4931F81000C82805DA97
:1040900060680A2802D26068401C60602078401E78
:1040A000264931F81000C82804DB606810B1606848
:1040B000401E6060A07818BB60680A2820D10120EB
:1040C000A0701F4908704870002013E01A49095C6D
:1040D00019B10122184914310A54162216491E3109
:1040E00021F810200A3121F81020002252310A5400
:1040F000411CC8B20528E9DB64201149A1F862001F
:10410000A07898B1606888B90020A0700C49087048
:10411000487000BF08E00849095C19B1002206494F
:1041200014310A54411CC8B20528F4DB10BD00004C
:10413000C01B002098040020441D0020641C0020A7
:104140006043002010B50446012240F224410F488C
:10415000EEF79BFEA07808B9022000E00120607015
:104160006078012802D0022806D102E00220E07027
:104170000AE00320E07007E00020E0700448FAF74E
:104180004FFFC4F8100300BF00BF10BD004800403F
:10419000C01B002070B50446B4F80E03B4F80C132D
:1041A00088420BDAB4F80E53681CA4F80E0304F22C
:1041B0000B20415D0748EEF7FCFE09E0002240F2CB
:1041C00026610448EEF761FE0020207001F084F8BB
:1041D00070BD0000004800402DE9F04180460C46CB
:1041E0001546042D02DA0020BDE8F081A81E215CEE
:1041F000681E205C41EA0027A81E81B2204600F01C
:1042000066FFB84201D00020EEE76678052E1ED08A
:1042100006DC012E09D0032E0DD0042E29D110E08A
:10422000062E1AD0102E24D11DE02A4621464046E3
:1042300000F05AFB23E02A462146404600F0B1FD3B
:104240001DE02A462146404600F0F4FC17E02A46CD
:104250002146404600F013FE11E02A462146404622
:1042600000F055FD0BE02A462146404600F054FE82
:1042700005E001223146404600F084F900BF00BF4E
:104280000120B1E72DE9F04781460D46242D73DA70
:1042900073D2DFE805F0121314151628333E3F40A1
:1042A00041424E525354555657585F606162637392
:1042B0007E828B98A3A8A9AAABBF00BF00BF00BF96
:1042C00000BFA548405D18B94FF6FF70BDE8F08704
:1042D000A24951F82500A24903F00EFC044603F060
:1042E0006FFB80B2F2E79D493439086D9C4903F0B9
:1042F00003FC044603F064FB80B2E7E797483438D8
:10430000B0F9480000EB80004FF6FF7101EA400071
:10431000DCE700BF00BF00BF00BFE81F8E49085C9C
:1043200010B94FF6FF70D1E7E81F8B490A31085CDE
:10433000CCE78C48FBF778FBC8E700BF00BF00BFA5
:1043400000BF00BF00BFA5F10D00C1B28548FBF75B
:10435000F5F9BBE700BF00BF00BF00BFA5F1140027
:104360007D49085C10B94FF6FF70AFE7A5F1140066
:1043700079491431085CA9E75AE056E07A48C078D8
:1043800000EBC0017848001D00EBC10090F83C0034
:104390009CE77648F3F702FA98E77048343890F8CB
:1043A000740008B1012091E700208FE77048007881
:1043B00010B94FF6FF7089E76D48808800EB8000E8
:1043C0004004000C82E76B48007810B94FF6FF708C
:1043D0007CE76948B0F8A80080B277E75F483438D6
:1043E00090F8E60072E700BF00BF00BF63480078A6
:1043F00010B94FF6FF7069E7A5F11F015F4A10324F
:1044000052F82100564903F077FB044603F0D8FA2E
:1044100080B25BE7514934390868594903F06CFBB5
:10442000044603F0E9FA80B250E74FF6FF704DE71B
:10443000632D6FDBA5F163001FFA80F8162098FB4F
:10444000F0F0C6B2162098FBF0F100FB1180C7B265
:10445000072E03DA44488078B04202DC4FF6FF7042
:1044600034E706EBC6014048001D00EBC1040A2FEB
:1044700006D194F8440008B1012027E7002025E781
:1044800094F8440010B94FF6FF701FE7142F5DD267
:10449000DFE807F00A0C0E1416191C1F22255C28F1
:1044A000313A3D414A50565920790FE760790DE77E
:1044B000A08C00EB80004004000C07E7A07905E722
:1044C000A08E80B202E7606B000CFFE694F82A0031
:1044D000FCE62B20005DF9E62C20005DF6E62D20A1
:1044E000005DF3E62649A06803F006FB824603F070
:1044F00083FA80B2EAE62249E06803F0FDFA8246D8
:1045000003F07AFA80B2E1E6208A80B2DEE6A08A81
:1045100080B2DBE61DE01A49E06903F0EDFA82465D
:1045200003F06AFA80B2D1E6E08C00EB8000400430
:10453000000CCBE6208D00EB80004004000CC5E6AB
:10454000208F80B2C2E6A06B000CBFE64FF6FF7072
:10455000BCE64FF6FF70B9E6441D0020441C002065
:1045600000002041EC200020F01E0020301E002022
:10457000D41E0020E21E002060430020A42300205F
:104580000000C8422DE9FC4104460D46164620793C
:104590008DF8000045F080008DF801008DF8026074
:1045A0000321684600F093FD0746F8B28DF803003A
:1045B00038128DF8040040F20F200099C4F80B1255
:1045C0009DF8041001550520A4F80C03204600F0C6
:1045D0000FFEBDE8FC81B0F80621FF2A06DCB0F82A
:1045E0000621531CA0F80631431D99547047000062
:1045F00070B505460C46FF2C07DDA4F580763146E4
:104600008148F2F705FD80B270BD282C74D2DFE836
:1046100004F014151617181B26313C47525D6874B8
:104620007F8A8B8C8D8E949BA5AFB6C0C3C7CBCF32
:10463000D3D5DFE0E1E2E3EBF1F500BF00BF00BF5F
:1046400000BF7248005DDFE770481438B0F91E0003
:1046500000EB80004FF6FF7101EA4000D4E76B48A1
:104660001438B0F9280000EB80004FF6FF7101EA22
:104670004000C9E765481438B0F9200000EB80001D
:104680004FF6FF7101EA4000BEE760481438B0F908
:104690002A0000EB80004FF6FF7101EA4000B3E70B
:1046A0005A481438B0F9220000EB80004FF6FF7131
:1046B00001EA4000A8E755481438B0F92C0000EB97
:1046C00080004FF6FF7101EA40009DE74F48143823
:1046D000B0F9240000EB80004FF6FF7101EA4000C2
:1046E00092E74A481438B0F92E0000EB80004FF6EC
:1046F000FF7101EA400087E783E044481438B0F9CD
:10470000260000EB80004FF6FF7101EA40007BE7D6
:104710003E481438B0F9300000EB80004FF6FF71CE
:1047200001EA400070E700BF00BF00BF00BFA4F176
:104730000F0036491E31085C66E73548007808B13D
:10474000012061E700205FE73148B0F9060000EB87
:1047500080004FF6FF7101EA400055E72C48B0F9A0
:104760000A0000EB80004FF6FF7101EA40004BE7C2
:104770002848007808B1012046E7002044E7254892
:10478000B0F9060000EB80004FF6FF7101EA40002F
:104790003AE72048008937E71F4890F8C30033E71D
:1047A0001D4890F8C4002FE71B4890F8C5002BE780
:1047B000194890F8C60027E7287925E71748B0F987
:1047C0000C0000EB80004FF6FF7101EA40001BE790
:1047D00000BF00BF00BF00BFA4F120000B4996310D
:1047E00031F8100080B20FE70B48B0F862000BE719
:1047F00004E0FFE70848B0F87C0005E70848C07807
:1048000002E74FF6FF70FFE670470020581D0020BA
:10481000D41E0020E21E002060430020301E002035
:10482000F01E00202DE9FE4F07460C461546112DBF
:1048300001DABDE8FE8F20783979884200D0F8E7A8
:104840006078102800D0F4E7E078A17840EA0128E9
:10485000B8F1FE0F00D0ECE76079217940EA012938
:10486000B9F1040F00D0E4E7A079082800D0E0E710
:10487000A81E215C681E205C41EA002AA81E81B2A5
:10488000204600F024FC0646B24500D0D1E7207A4D
:10489000E17940EA012BA07A617A40EA0120029096
:1048A000207BE17A40EA01200190A07B617B40EA15
:1048B000012000904DF6AD6083450ED14BF6EF61BF
:1048C0000298884209D14CF2DE010198884204D155
:1048D0004FF6CE210098884200D0AAE721463846FC
:1048E00000F090FB00BFA4E72DE9F04F8BB08046AD
:1048F0000D46E878A97840EA012B6879297940EAE1
:10490000012616B1B6F5FA6F07DD032201214046F4
:10491000FFF738FE0BB0BDE8F08F0BEB0600132855
:1049200005DD022201214046FFF72CFEF2E7F01DD3
:10493000C11700EB5171C1F3C70998F804008DF855
:10494000040001208DF805008DF8069049460DF110
:104950000700EBF7F0FE002425E00BEB040081B22A
:10496000404600F069FCE0B1E21704EB5272D2104D
:10497000D21C01AB9A5C2146E31704EB5373DB10A6
:10498000A4EBC30C012303FA0CF3DBB21A43204659
:10499000E31704EB5373DB10DB1C0DF1040C0CF874
:1049A0000320601C84B2B442D7DB09F10307394607
:1049B00001A800F08CFB82463846791C8FB201A911
:1049C00001F800A04FEA2A223846791C8FB201A9CB
:1049D0000A543A4608F20B20EBF71FFEA8F80C73B6
:1049E000404600F005FC00BF94E700002DE9F041CF
:1049F00080460E461446FF2E0FDDA6F580770C2F5D
:104A000004D30E2F02D80020BDE8F08122B239462F
:104A10008148F2F7E9FA0120F6E725B2282E74D290
:104A2000DFE806F01415161718232B333B434B53BE
:104A30005B636B7475767778828990979EA5A8B032
:104A4000B8C0C8D1D8D9DADBDCE3E7EB00BF00BFE0
:104A500000BF00BF022C01DD0020D5E76F48845560
:104A6000F1B21438EFF7D6FCD2E00A2095FBF0F053
:104A700000B26A491439C883CAE00A2095FBF0F0F5
:104A800000B2664914390885C2E00A2095FBF0F0AF
:104A900001B2624814380184BAE00A2095FBF0F0B4
:104AA00001B25E4814384185B2E00A2095FBF0F06F
:104AB00001B25A4814384184AAE00A2095FBF0F06C
:104AC00001B2564814388185A2E00A2095FBF0F027
:104AD00001B25248143881849AE00A2095FBF0F024
:104AE00001B24E481438C18592E00A2095FBF0F0DF
:104AF00001B24A481438C1848AE00A2095FBF0F0DC
:104B000001B246481438018682E07FE000BF00BF52
:104B100000BF00BF642C01DD002075E7A6F10F0087
:104B20003E491E310C5473E00CB1012000E000201E
:104B30003B4908706CE00A2095FBF0F000B2384960
:104B4000C88065E00A2095FBF0F000B23449488146
:104B50005EE00CB1012000E000203249087057E00F
:104B60000A2095FBF0F000B22E49C88050E02D4895
:104B700004814DE0172C01DD002045E72A4880F82C
:104B8000C34045E03B2C01DD00203DE7264880F88E
:104B9000C4403DE0172C01DD002035E7224880F8B5
:104BA000C54035E03B2C01DD00202DE71E4880F894
:104BB000C6402DE0012C01DBF72C01DD002023E7AE
:104BC00088F8044024E00A2095FBF0F000B2174971
:104BD00088811DE000BF00BF00BF00BFA6F120001C
:104BE0000E49963121F8105012E00F48A0F86240AB
:104BF0000EE00D48A0F87C400AE00D488078A04205
:104C000001DC002000E70A49CC7001E00020FBE64F
:104C100000BF0120F8E6000070470020581D00206A
:104C2000D41E0020E21E002060430020301E002021
:104C3000F01E00202DE9F04FC1B080460D46E87807
:104C4000A97840EA012040906879297940EA012654
:104C50000EB17D2E07DD032204214046FFF792FCB2
:104C600041B0BDE8F08F40983044FD2805DD0222B8
:104C700004214046FFF786FCF2E770064FEA106910
:104C800098F804008DF8000004208DF801008DF8DC
:104C90000290002417E04098204481B24046FFF77C
:104CA000F1FA83464FEA2B20032101EB44010DF872
:104CB00001000BF0FF01032000EB4400401C0DF845
:104CC0000010601C84B2B442E5DB09F103073946E9
:104CD000684600F0FCF982460AF0FF023846791C6B
:104CE0008FB20DF800204FEA2A223846791C8FB285
:104CF0000DF800203A46694608F20B20EBF78DFCD0
:104D0000A8F80C73404600F073FA00BFA8E72DE93D
:104D1000FC4705460C469146E078A17840EA012719
:104D20006079217940EA012801213846EEF74AFDF1
:104D300030B9022206212846FFF724FCBDE8FC8793
:104D4000424639462846FFF751FE28B9032206217C
:104D50002846FFF717FCF1E720680090A088ADF81F
:104D6000040028798DF800000621684600F0AFF9AC
:104D70000646F0B28DF8060030128DF80700009953
:104D8000C5F80B120199C5F80F120820A5F80C03FD
:104D9000284600F02DFA00BFD0E7012180F8141357
:104DA00070472DE9F04FC1B080460D46E878A978EC
:104DB00040EA012040906879297940EA01260EB145
:104DC0007D2E07DD032211464046FFF7DBFB41B095
:104DD000BDE8F08F31464098EEF7F4FC28B9022286
:104DE00003214046FFF7CEFBF1E770064FEA10695A
:104DF00098F804008DF8000003208DF801008DF86C
:104E00000290002417E04098204481B24046FFF70A
:104E1000EFFB83464FEA2B20032101EB44010DF801
:104E200001000BF0FF01032000EB4400401C0DF8D3
:104E30000010601C84B2B442E5DB09F10307394677
:104E4000684600F044F982460AF0FF023846791CB1
:104E50008FB20DF800204FEA2A223846791C8FB213
:104E60000DF800203A46694608F20B20EBF7D5FB17
:104E7000A8F80C73404600F0BBF900BFA7E72DE986
:104E8000FC4705460C469146E078A17840EA0128A7
:104E90006079217940EA0126B8F1130F06DB02227E
:104EA00005212846FFF76EFBBDE8FC8746B1B6F545
:104EB0007F4F05D0032205212846FFF763FBF3E768
:104EC000B6F57F4F01D1012000E0002002464146A7
:104ED000284600F003FA20680090A088ADF804008E
:104EE00028798DF800000621684600F0F0F80746A2
:104EF000F8B28DF8060038128DF807000099C5F851
:104F00000B120199C5F80F120820A5F80C032846CA
:104F100000F06EF900BFC7E72DE9FE4F07460C46CB
:104F20009146E078A17840EA012A6079217940EA47
:104F3000012694F806B00EB17B2E06DD0322102167
:104F40003846FFF71FFBBDE8FE8F31465046EEF7AF
:104F500039FC28B9022210213846FFF713FBF2E78B
:104F6000BBEB460F03D10BF10900484505DD0322D9
:104F700010213846FFF706FBE5E7002513E008207F
:104F800000EB4500205C072101EB4501615C40EA34
:104F9000012000900AEB050081B23846009AFFF725
:104FA00025FD681C85B2B542E9DB38798DF804002F
:104FB00010208DF80500A0788DF80600E0788DF8B7
:104FC000070020798DF8080060798DF80900062126
:104FD00001A800F07CF8804608F0FF008DF80A0078
:104FE0004FEA28208DF80B000199C7F80B1202999F
:104FF000C7F80F120820A7F80C03384600F0F8F89D
:1050000000BFA0E770B504460D460120A070607097
:105010000220E070012240F24E211648F1F7E4FF31
:105020001448F2F757F8287884F80B0210214FF44F
:1050300003700155A978401C0155E978401C0155C1
:105040002979401C01556979401C0155062104F25B
:105050000B2000F03CF8064640F2112006553112B4
:10506000401C01550820A4F80C03204600F0C0F8AD
:1050700070BD00007047002070B50446B4F80651BA
:105080000020A4F80601042D00DA70BD60795A28CA
:1050900005D1E078012801D184F81403F5E760799F
:1050A0002179884202D0607900B1EEE794F80A02D3
:1050B00000B1EAE72A46611D04F58470EBF7ADFA0A
:1050C000A4F80852012084F80A0200BFDDE710B5F9
:1050D00002464FF6FF7010E012F8013B58400023E3
:1050E00009E000F0010424B14AF2010484EA6000FE
:1050F00000E040105B1C082BF3DB0B1EA1F1010448
:10510000A1B2E9D110BD000070B504463648F9F7E8
:1051100087FF0546E07830B101282AD002283CD02C
:1051200003285ED14FE094F80A02A0B12F4890F80E
:105130001005E8B92078D8B9B4F8082204F58471CC
:105140002046FFF749F80646002084F80A020EB10F
:105150000220E0700CE0D4F81003281AB0F5FA6FC2
:1051600006D30120E070C4F81053002084F8140323
:1051700037E094F8140310B10320E07009E0D4F88C
:105180001003281AB0F5967F03D30020E070C4F80E
:105190001053002084F80A0223E094F80A0200B9B0
:1051A00070BD124890F8100508B9207800B1F7E7F3
:1051B000B4F8082204F584712046FFF70DF80020AA
:1051C00084F80A020DE094F80A0248B1002084F83D
:1051D0000A02B4F8082204F584712046FFF722FB86
:1051E00000BF00BF00BFDBE7C01B00209C380020D1
:1051F00070B50446B4F80C0300B970BD00F01AF89D
:105200000020A4F80E0301202070B4F80E53681C8F
:10521000A4F80E0304F20B20415D0548EDF7C9FE2A
:10522000012240F226610248EDF72FFE00BFE4E7BD
:1052300000480040704700000246132940D2DFE8D2
:1052400001F00A0D1013161718191A1E22262A2EFD
:105250003236383B3D001B4800787047194840788B
:10526000FBE719480078F8E718480078F5E700BF31
:1052700000BF00BF00BF081F154B185CEDE71548C5
:1052800090F83300E9E7134890F83400E5E7114857
:1052900090F83700E1E70F4890F83800DDE70D4857
:1052A00090F83900D9E70B4890F83A00D5E700208C
:1052B000D3E70448C078D0E70020CEE70020CCE751
:1052C0000020CAE760430020D41E0020E21E002018
:1052D000BE1D0020301E00207047000070B506463D
:1052E0000D461446132D57D2DFE805F00A0D1013B2
:1052F000161718191A1E22262A2E32363B3E510046
:105300002748047049E02648447046E02548047068
:1053100043E02548047040E000BF00BF00BF00BF6D
:10532000281F22490C5438E0214880F8334034E0EB
:105330001F4880F8344030E01D4880F837402CE0AA
:105340001B4880F8384028E0194880F8394024E0AC
:10535000174880F83A4020E014B11648FAF7D4F91B
:105360001BE00F48C47018E084B100BFBFF34F8F3B
:105370001148006800F4E06010490843001D0E4920
:105380000860BFF34F8F00BF00BFFEE705E014B118
:105390000B48F1F79FFE00E000BF00BF70BD0000AA
:1053A00060430020D41E0020E21E0020BE1D00200D
:1053B000301E0020EC2000200CED00E00000FA057B
:1053C0007047002010B504464FF446712046EBF7B5
:1053D000D4F90120207160700020207084F80A0246
:1053E000A4F80601E070C4F8100384F81403204602
:1053F00010BD00002DE9F04F87B082468B460BEBC5
:105400004B01FB4800EBC1008068C0F31020069000
:105410000BEB4B01F64800EBC10000F10F0400203C
:105420000590F44A0698811A90427DD013DCF24A26
:10543000A0EB0201904278D008DCF0490844002833
:1054400074D0A0F63170002871D1B4E15D296FD01D
:105450006029F9D1E2E1EA296BD004DC022969D0A4
:10546000A329F1D12AE1FD297ED0B1F5837FEBD1CB
:105470002078FF280BD0E248D0F8B000217888428D
:1054800005D02078DE49C1F8B00001200590607891
:10549000FF280BD0DA48D0F8B4006178884205D0F4
:1054A0006178D748C0F8B41001200590A078FF2893
:1054B0000BD0D348D0F8B800A178884205D0A178A5
:1054C000CF48C0F8B81001200590E078FF280BD035
:1054D000CB48D0F8BC00E178884205D0E178C848D4
:1054E000C0F8BC10012005902079FF280BD0C448DB
:1054F00090F8C0002179884205D02179C04880F811
:10550000C010012005906079FF280BD0BC4890F8AE
:10551000C1006179884205D06179B94880F8C1102D
:1055200001200590A07906E076E0C5E1D9E125E209
:10553000F6E045E082E1FF2809D0B14890F8C200CA
:10554000A179884203D0A179AD4880F8C2109DF8B6
:105550001400C8B1AA4890F8C200A94991F8C11036
:10556000A74A92F8C02000E00FE0CDE900210290A8
:10557000A34890F8B83090F8B42090F8B010F7F73E
:1055800089F89F48F5F7BEFAF8E12078022816DA84
:10559000607800F00F00042811DA607800F0010054
:1055A00097490870607800F0020028B1954890F89B
:1055B000320008B9012000E0002091494870DDE187
:1055C0002078401EC5B2052D25DA8F48405D0128A0
:1055D00021D1607800F00309B9F1020F08DAB9F1BE
:1055E000000F01D0012100E0002187487A304155A9
:1055F000A17801EBD1725210642A0CDCA07800EB88
:10560000D07252100A2A06DBA07800EBD071491044
:105610007D4A32325155B1E12078401EC5B2052D88
:105620004BDA617801F00F09B9F1020F02D0B9F13C
:10563000030F04D10122744914314A5512E0B9F123
:10564000040F08D17049495D012904D102226E4935
:1056500014314A5506E0B9F1000F03D100226A491E
:1056600014314A55E378227903EB0221CA1701EB82
:10567000D2625211A2F211100A281DDB20281BDC75
:105680005F4991F8871049B15F49283131F9151008
:10569000814203D05C49283121F81500584991F81E
:1056A000871049B958491E3131F91510814203D08C
:1056B00055491E3121F8150000BF5FE12078401EDA
:1056C000C5B2052D2BDA6078FF2802D1A078FF281B
:1056D00025D06178A27801EB022001F084FD074615
:1056E00000224A4B01F0F8FB0022494BCDE90001B2
:1056F00001F020FFCDE9020101F008FB04904549CB
:10570000049841F82500012142481C38415542487F
:10571000F9F786FC3F49143941F8250000BF2DE117
:105720002078401EC5B2052D44DA2079617900EB5E
:10573000012006B23046F11706EBD1614911A1F202
:1057400011166078C8B92079617900EB01204FF615
:10575000FF71884203D02C48283020F81560A078CB
:10576000182803DAA178264880F8C510E0783C288C
:1057700003DAE178224880F8C6106078012819D150
:105780002079617900EB01204FF6FF71884203D048
:105790001D481E3020F81560A078182803DAA1787B
:1057A000174880F8C310E0783C2803DAE178144801
:1057B00080F8C410E2E02078002817DD207808285F
:1057C00014DC607800F00700052805D1012220785C
:1057D000401E0C4933310A54607800F0070028B9A4
:1057E00000222078401E074933310A54C6E00000E9
:1057F00068240020F9FE010098FE01009B10FEFFC6
:1058000060430020301E0020441D00200000404066
:1058100000107140301C0020C01B0020207806289A
:1058200005DA6078FA2802D101205A49C8706078F8
:10583000FB2802D100205749C8709FE056480078E5
:1058400010B12078022802DD07B0BDE8F08F607843
:10585000C0F38100022808DA6078C0F3810008B143
:10586000012000E000204C494870A078FF2802D1B8
:10587000E078FF280FD0A278E17802EB0120C11771
:1058800000EBD1614911A1F21116032E03DB322E78
:1058900001DC4148C6802079FF280CD020791428EB
:1058A00009DB2079642806DC20790A2190FBF1F0DD
:1058B00000B23949488161E03848007880B12078E9
:1058C00002280DDA607800F00F00022808DA60780C
:1058D00000F00F0008B1012000E000202F494870BF
:1058E0004CE02078812802D0A72845D103E02C483D
:1058F000F9F70AFF40E06078FF280AD060780128B5
:1059000000DA0120642800DD64202249A1F8620049
:1059100000BFA078FF280AD0A078012800DA012073
:10592000642800DD64201B49A1F87C0000BFE078FA
:10593000FF280BD0E178A1F12800002800DA002030
:10594000502800DD50201549C88000BF2079FF286D
:1059500002D16079FF280FD02279617902EB012111
:1059600088B20A2800DA0A2040F2AA51884200DDF3
:1059700008460A49088100BF00BF00BF00BF0948B0
:10598000F9F74EFBCAF8040001208AF8000000BFB6
:105990005AE7000060430020D41E0020E21E0020D1
:1059A000EC200020C01B002070B50646DE480078C1
:1059B00000F0010058B9DC4800F01DFA38B1DB48AE
:1059C000F9F72EFBDA490860D748AFF30080D948D1
:1059D000007800F0010060B9D64800F00CFA40B140
:1059E000D248F9F71DFB0A30D3490860D148AFF31C
:1059F0000080D248007800F0010060B9CF4800F084
:105A0000FAF940B1C948F9F70BFB1430CC490860EA
:105A1000CA48AFF30080CB48007800F0010060B9BD
:105A2000C84800F0E8F940B1C048F9F7F9FA1E306B
:105A3000C5490860C348AFF30080BC48F9F7F0FAE5
:105A4000BB490968401A742873D3B848F9F7E8FAD3
:105A5000B7490860BD480078401CBC49087008463A
:105A600000782B2870D2DFE800F0DC161B20252AF6
:105A70002F33373C41464B50555A5F656A707579F4
:105A80007E83888D8E92979CA1A6ABB0B5BABFC419
:105A9000C8CCD0D4D8000021AD48F0F781F8C7E0D9
:105AA0000121AB48F0F77CF8C2E00221A848F0F7EA
:105AB00077F8BDE00321A648F0F772F8B8E00421BA
:105AC000A348F0F76DF8B3E0A148F0F7BFFCAFE0F2
:105AD0009F48F0F7E1FBABE000219D48F0F75AFB4F
:105AE000A6E001219A48F0F755FBA1E00221984871
:105AF000F0F750FB9CE003219548F0F74BFB97E053
:105B000004219348F0F746FB92E000219048F0F71B
:105B10008DFB8DE001218E48F0F788FB88E00221A3
:105B20008B48F0F783FB83E003218948F0F77EFB85
:105B30007EE07EE004218648F0F778FB78E00021E3
:105B40008348F0F7C5FD73E06BE001218048F0F772
:105B5000BFFD6DE07E48F0F7F7FB69E002217C486D
:105B6000F0F7B6FD64E005217948F0F7B1FD5FE09C
:105B700006217748F0F7ACFD5AE007217448F0F7AA
:105B8000A7FD55E054E07248F0F73AF950E00021E3
:105B90006F48F0F77BF94BE001216D48F0F776F99B
:105BA00046E002216A48F0F771F941E003216848B4
:105BB000F0F76CF93CE004216548F0F767F937E04D
:105BC00005216348F0F762F932E006216048F0F7FA
:105BD0005DF92DE007215E48F0F758F928E008212B
:105BE0005B48F0F753F923E009215948F0F74EF9E3
:105BF0001EE05748F0F7DEFB1AE05548F0F732FA9E
:105C000016E05348F0F764FA12E05148F0F7DAF979
:105C10000EE04F48F0F798FC0AE04D48F0F756F8D0
:105C200006E04B48F0F782FD00204849087000BFAD
:105C300000BF3E48F9F7F4F93F490968401AB0F54A
:105C4000A67F33D93948F9F7EBF93B490860414859
:105C50000078401C3F490870084600780E2801DB98
:105C6000002008703B480078032190FBF1F201FB13
:105C70001200C4B23748007890FBF1F0C5B222465A
:105C800029463348F0F794FC32480078032190FB12
:105C9000F1F201FB1200C4B22E48007890FBF1F043
:105CA000C5B2224629462A48F0F7E0FC1F48F9F71A
:105CB000B7F923490968401A40F60551884220D3B4
:105CC0001A48F9F7ADF91E49086023480078401CCE
:105CD0002149087008460078012802D0022808D11E
:105CE00003E01B48F0F71AF80AE01948EFF7C2FF83
:105CF00006E01748EFF786FF00201749087000BF3D
:105D000000BF0A48F9F78CF90F490968401AB0F545
:105D10007A7F07D90548F9F783F90B4908600C48E1
:105D2000F0F70CFA70BD0000DC040020C01B00205E
:105D3000E0040020D8040020E4040020D404002063
:105D4000E8040020D0040020EC040020F00400202F
:105D5000F3040020F1040020F204002070B5054691
:105D60002846FFF721FE002411E004EB44010F4810
:105D700010F8310048B121462846FFF73BFB0021CF
:105D800004EB4402094800F83210601CC4B2322C03
:105D9000EBDB0748F9F744F96968401A42F21071E1
:105DA000884201D90020287070BD000068240020BE
:105DB000C01B002000210160416070470146C87887
:105DC000012802D0C878032801D1012070470020A3
:105DD000FCE72DE9F0411C4617460E00804607D02F
:105DE000054602E02846B0473D442046641EF9D2ED
:105DF0004046BDE8F081016809B1002070470121EB
:105E0000016008467047000010B50248F9F7B6FB7C
:105E100010BD00003824002010B50248F1F7D8FA70
:105E200010BD00007047002010B50248F9F734FE9D
:105E300010BD0000EC20002010B50248F1F7C2F8B8
:105E400010BD0000F01E002010B50248FBF7A6F8B8
:105E500010BD0000E823002010B50248F1F7B6FDA0
:105E600010BD0000301E002000B50348FAF7E6FF21
:105E70000248FAF7E3FF00BD60050020640500203A
:105E800010B50248F7F730F810BD0000604300205D
:105E900000B50248F0F798FC00BD0000F3040020B4
:105EA00000B50248FCF710FE00BD0000D42D002014
:105EB00000B50248FDF766FD00BD00009017002008
:105EC00000B50248FDF7FAFD00BD00008C47002038
:105ED00000B50248FEF790F800BD0000984700208A
:105EE00010B50248FFF76EFA10BD000058440020BC
:105EF00000B50248F0F79EFC00BD000068050020D8
:105F000010B50248F7F7B8F910BD0000A42300202F
:105F100010B50248FDF75CFC10BD0000101C00200D
:105F200010B50248F8F762FF10BD0000E02D002018
:105F300000B50248FAF73EFF00BD0000C40400208F
:105F400000B50248FFF736FF00BD0000C80400207E
:105F500000B50248F9F7E3F800BD0000C01B0020BF
:105F600010B50248EEF7D4FD10BD0000441D00201E
:105F700010B50248F0F782FF10BD00009C380020E9
:105F800030380A2801D20120704700207047F0B550
:105F900089B004460D4616461F460294072200218A
:105FA0006846EDF72EF91822002103A8EDF729F92C
:105FB0003F20ADF80C008A20ADF80E0002A8059035
:105FC00001200690CDF81CD007200890002103A8DE
:105FD00000F0B0FB002802DAFF2009B0F0BD9DF808
:105FE000000010B19DF80000F7E7BDF8010028801F
:105FF000BDF803003080BDF8050038800020ECE7D4
:106000002DE9F04389B004460D4616461F46DDE9EA
:1060100010898DF808408DF809508DF80A60072224
:1060200000216846EDF7EDF81822002103A8EDF7EE
:10603000E8F83F20ADF80C008A20ADF80E0002A869
:10604000059003200690CDF81CD007200890002171
:1060500003A800F06FFB002803DAFF2009B0BDE8B9
:10606000F0839DF8000010B19DF80000F6E7BDF840
:1060700001003880BDF80300A8F80000BDF8050055
:10608000A9F800000020E9E72DE9F04F8FB00446A1
:106090000D4616461F46DDE91AABDDE918898DF875
:1060A00008408DF80950102231460DF10A00EDF735
:1060B0009EF88DF81A708DF81B808DF81C90CDF825
:1060C0001DA08DF821B01822002109A8EDF799F83C
:1060D0003F20ADF824008620ADF8260002A80B90E2
:1060E0001A200C9001A80D9001200E90002109A803
:1060F00000F020FB002803DAFF200FB0BDE8F08F8E
:106100009DF8040010B19DF80400F6E70020F4E7C4
:106110002DE9FF4F91B007469846DDE9216BDDE997
:106120001F5ADDF878900024A8190E30282803D9CA
:10613000422015B0BDE8F08F0DF80470601CC4B2A9
:10614000BDF8480012900DEB0400022212A9EDF7F1
:106150004EF8A01CC4B2BDF84C0013900DEB040027
:10616000022213A9EDF743F8A01CC4B20DF8048075
:10617000601CC4B20DF80490601CC4B20DF8045049
:10618000601CC4B20DEB04002A465146EDF72FF80F
:106190006019C4B20DF80460601CC4B20DEB0400B9
:1061A00032465946EDF723F8A019C4B2BDF88C0069
:1061B00023900DEB0400022223A9EDF718F8A01C90
:1061C000C4B2BDF8900024900DEB0400022224A973
:1061D000EDF70DF8A01CC4B2182200210BA8EDF7B2
:1061E00010F83F20ADF82C008320ADF82E00CDF83C
:1061F00034D00E940AA80F900120109000210BA813
:1062000000F098FA002801DAFF2092E79DF82800B4
:1062100010B19DF828008CE700208AE72DE9FF4F98
:106220008FB00E4617469846DDE91DABDDF870903D
:106230000024BDF83C000F9001A9081902220FA903
:10624000ECF7D5FFA41C01A80655641C012E01D152
:10625000022500E0102501A908192A463946ECF765
:10626000C6FF6019C4B201A800F80480601CC4B263
:1062700001A800F80490601CC4B201A800F804A0B2
:10628000601CC4B201A800F804B0601CC4B201A92B
:106290001F980855601CC4B220980855601CC4B2F1
:1062A0000322002108A8ECF7ACFF1822002109A85E
:1062B000ECF7A7FF3F20ADF824004FF48270ADF853
:1062C000260001A80B900C9408A80D9003200E90B6
:1062D000002109A800F02EFA002803DAFF2013B0ED
:1062E000BDE8F08F9DF8200010B19DF82000F6E782
:1062F000BDF82110219801800020F0E72DE9F0473A
:106300008CB00646894617469846DDF850A0002412
:106310000DF80460641C012E01D1022500E0102557
:106320000DEB04002A464946ECF761FF6019C4B240
:106330000DF80470601CC4B20DF80480601CC4B277
:106340000322002105A8ECF75CFF1822002106A813
:10635000ECF757FF3F20ADF818004FF48170ADF80F
:106360001A00CDF820D0099405A80A9003200B90BC
:10637000002106A800F0DEF9002803DAFF200CB0A7
:10638000BDE8F0879DF8140010B19DF81400F6E701
:10639000BDF81500AAF800000020F0E700B587B0AE
:1063A0001822002101A8ECF72CFF3F20ADF80400D3
:1063B00040F20110ADF80600CDF814D0012006908F
:1063C000002101A800F0B6F9002802DAFF2007B08A
:1063D00000BD9DF80000FAE7FFB5A7B016461D46C0
:1063E000309F0024A81D802802DD42202BB0F0BD84
:1063F000BDF89C0027900DEB0400022227A9ECF7C2
:10640000F6FEA01CC4B2BDF8A00028900DEB04005D
:10641000022228A9ECF7EBFEA01CC4B20DF8046020
:10642000601CC4B20DF80450601CC4B20DEB040033
:106430002A463946ECF7DBFE6019C4B21822002167
:1064400021A8ECF7DEFE3F20ADF884004FF4837006
:10645000ADF88600CDF88CD0249420A8259001209A
:106460002690002121A800F065F9002801DAFF201C
:10647000BCE79DF8800010B19DF88000B6E70020D1
:10648000B4E7F0B58FB005460E4614461F46142CEF
:1064900002D942200FB0F0BDADF80450ADF806604F
:1064A0008DF80840224639460DF10900ECF79FFEB1
:1064B0001822002109A8ECF7A4FE3F20ADF8240023
:1064C00040F22310ADF8260001A80B90601D0C903F
:1064D00008A80D9001200E90002109A800F02AF9CB
:1064E000002801DAFF20D5E79DF82000D2E730B57B
:1064F00089B004460D468DF808408DF809501822E1
:10650000002103A8ECF77DFE3F20ADF80C000F2022
:10651000ADF80E0002A805900220069001A8079091
:1065200001200890002103A800F004F9002802DAF5
:10653000FF2009B030BD9DF80400FAE7F0B5A7B020
:1065400006460D4617460024A81C802802DD42207E
:1065500027B0F0BD0DF80460601CC4B20DF8045003
:10656000601CC4B20DEB04002A463946ECF73FFE2E
:106570006019C4B21822002121A8ECF742FE3F2086
:10658000ADF884000C20ADF88600CDF88CD02494B2
:1065900020A8259001202690002121A800F0CAF80B
:1065A000002801DAFF20D3E79DF88000D0E770B51E
:1065B00086B005460C4601A802AB04AA03A90090C8
:1065C00005A800F022F8C6B2C6B9BDF80C0000124A
:1065D0002870BDF80C000006000C20802088BDF853
:1065E0000410C1F3031140EA011020802088BDF897
:1065F000041001F00F010843208002E0304606B08D
:1066000070BDEBF713FE3046F9E72DE9F0418AB093
:1066100004460D4616461F46DDF84080092200213B
:1066200001A8ECF7EEFD1822002104A8ECF7E9FD23
:106630000420ADF810000120ADF8120000200690F3
:10664000079001A8089009200990002104A800F0F3
:1066500071F8002803DAFF200AB0BDE8F0819DF848
:10666000040010B19DF80400F6E79DF805002070C5
:10667000BDF8060028809DF808003070BDF80900BC
:106680003880BDF80B00A8F800000020E4E730B522
:106690008FB004460D462022002101A8ECF7B1FD81
:1066A0008DF804401F2C01DD1F2000E0204602462B
:1066B00029460DF10500ECF79AFD1822002109A8E2
:1066C000ECF79FFD0820ADF824000920ADF8260066
:1066D00001A80B9020200C90CDF834D001200E9012
:1066E000002109A800F026F8002802DAFF200FB0E8
:1066F00030BD9DF80000FAE72DE9FC4105460F4644
:1067000014461E46384665F39F2080B2ADF804005B
:106710008DF8064001208DF80000032201A9C81E53
:10672000ECF765FD234604223146684600F0E2F8A6
:10673000BDE8FC812DE9F04F89B004468A462188E6
:10674000608861F39F2080B208906420069000204A
:10675000039001A8EDF749F8EDF75CF8227B61881A
:1067600026883046A368FFF7C7FFBAF1000F03D0B1
:10677000002009B0BDE8F08F069808B90120069006
:1067800004A80699ECF7CCFA93E008E004A8ECF72B
:10679000B5FA00B18EE0EBF78DFD00B900E0F5E74A
:1067A00000BFEDF725F803A95048EDF7C7F80398A7
:1067B00000F108073878042861D1781C0790039805
:1067C00000F10B05039890F88800C61E0798007822
:1067D0000E2823D00F2804D010284DD03E284CD1AD
:1067E00033E0A8464546B8F802100898814200D028
:1067F00060E060680F2804D098F8000000B159E00C
:106800003CE06069B04201DD304600E060696061F3
:106810002946D4E90402ECF7EAFC5AE0AB465D46AF
:10682000BBF801100898814200D043E0ED1CF61E31
:106830006069B04201DD304600E060696061294670
:10684000D4E90402ECF7D3FC43E0A9464D4699F89D
:1068500000006168884200D010E0761E6069B04296
:1068600001DD304600E06069606109F10101D4E9B1
:106870000402ECF7BCFC2CE01CE000BF00BF1C488D
:10688000ECF71FFF50B11948ECF71BFF30B1184867
:106890000399EDF742F80020039005E001A8039961
:1068A000EDF73BF800200390EBF784FCECF72EFFAC
:1068B00000BF6AE7039818B10D480399EDF71CF87B
:1068C00001A90A48EDF7D1FBECF720FF4FF0FF30AC
:1068D0004FE707480399EDF70FF801A90348EDF7D3
:1068E000C4FBECF713FF002043E70000C4170020AF
:1068F000BC1700202DE9F04104460D4616461F4600
:106900003B46324629462046ECF79EFFBDE8F08123
:1069100072B6ECF775FBECF71DF8EDF731FBECF711
:1069200007FF7248F8F7E8FA7048F8F785FA7048F8
:10693000FCF784F96F48EDF709FC6F48F8F746F863
:106940006E48F8F7EDFB6E48F0F706FD6D48FAF774
:106950000CFB6D48F0F70CFB6C48F6F755FD6C48E6
:10696000FCF75DFFEDF74AF862B66A48FDF7B6F846
:106970006948EEF715FDB7E000205C494860EBF789
:10698000EDFC6648007810B1ECF7ACFC05E00020A7
:10699000ECF7B8FD5648FCF7BFFB0120ECF7B2FD61
:1069A0005F48F8F7D1FE0220ECF7ACFD5148EDF757
:1069B000FFFD0320ECF7A6FD4F48F8F7A7F90420E8
:1069C000ECF7A0FD4D48F8F769FD0520ECF79AFDBE
:1069D0005448FCF731F80620ECF794FD5248F5F7DF
:1069E00049FB0720ECF78EFD5048F0F7A5FF504813
:1069F000F0F768FA4F48F6F7CFFC0820ECF782FD75
:106A00004D48F6F721FB0920ECF77CFD3F48F6F7EF
:106A100009FD0A20ECF776FD3B48F0F7B8FA0B20A9
:106A2000ECF770FD4548FFF799F90C20ECF76AFD8B
:106A3000ECF70CFE0E20ECF765FD3248FAF796FAFB
:106A40000F20ECF75FFD3E48FDF706FB314890F85C
:106A5000F90028B10D20ECF755FD2F48EEF7AEFCFC
:106A600038480068401C374908602048F8F7D8FAD1
:106A700035490968401AB0F57A7F30D3324800684A
:106A800000F57A7030490860002426E02F4800683D
:106A900000F5157050F824102C480068FC3040F8C0
:106AA000241000212948006800F5157040F82410D2
:106AB00026480068FC3050F824202448006800F57F
:106AC0006B7050F824100948F8F788FA1F490968D4
:106AD00001F56B7141F82400641C562CD6DB4FF491
:106AE00000711B48EBF7A7FA46E70000C01B002027
:106AF000101C0020441D0020E02D00203824002020
:106B000070470020E8230020F01E0020803700207E
:106B10009017002098470020AC4800203C0400203B
:106B2000EC200020D42D002060430020301E0020E7
:106B3000E21E0020D41E0020A4230020C804002050
:106B40009004002034040020480400208804002021
:106B5000000002400246002000E0401C8842FCDBAE
:106B6000704700002DE9F04188B004460D465A48B0
:106B700090F8DC0001286ED1574890F8DA00002820
:106B80006BD000BF142255A103A8E9F78FFD584828
:106B900000788DF81C0056480088010A8DF81D10F9
:106BA00053480068010C8DF81E1051480068010E12
:106BB0008DF81F104E48006820B94E48F8F730FA9B
:106BC0004D49086042F2107101A8ECF7A9F804E001
:106BD00001A8ECF793F800B10BE003A814230022FE
:106BE00000904648018846480088FFF7F5FB642876
:106BF000EED000BF01A8ECF781F820B101203649A2
:106C000081F8F80003E00020334981F8F8003848A3
:106C10000068401C3649086008460068D0B1084644
:106C200000684FF4FA71B0FBF1F201FB120088B971
:106C30003048F8F7F5F933490860084600682E49EE
:106C40000968401A2449C1F8F4002A48F8F7E8F91D
:106C50002949086096E731E0FFE72648F8F7E0F9B0
:106C6000074642F2107106A8ECF75AF84FF00108F7
:106C700006E006A8ECF742F810B14FF000080AE071
:106C80002B4600221D48009401881D480088FFF70C
:106C9000A3FB6428EDD000BFB8F1000F01D10120A3
:106CA00000E000200C4981F8F8001248F8F7B8F924
:106CB0000646F01B0849C1F8F4000AE0124A12889F
:106CC000521C91B2044AB2F8EC0023462A46FFF760
:106CD000D8FB08B0BDE8F08198470020303132334E
:106CE00034353637383941424344454600000000C8
:106CF000B0170020C01B0020B4170020AA170020E6
:106D0000A8170020B8170020A617002021F0004285
:106D1000A2F16052B2F5801F01F0004328BFD2F10A
:106D20007F6C0BD95FEA001C43EAC20242EB507051
:106D300018BF704728BF20F001007047B2F5801FD0
:106D4000BCBF184670474FEA410C1CF5001F02D229
:106D5000084600F098BF70B500F056FB00000089AF
:106D6000FFF7F6BF4FF00040A0F58000704700002D
:106D700010B591EA030F48BF83F0004300F1E283AE
:106D8000841A71EB030C05D2121943EB0C03001BA0
:106D900061EB0C01DFF824E14FEA1154A4EB135C22
:106DA0001EEA430F18BF9EEA445F73D023EA0E0326
:106DB000DCF1200E21EA045143F4801332D322FA8D
:106DC0000CFE10EB0E0023FA0CFE41EB0E01CCF191
:106DD000200E03FA0EFE10EB0E0051F10001B1F58A
:106DE000801FCCF1200E32D201EB045112FA0EF2C8
:106DF000BDE8104058BF7047401C38BF5FEA4202F0
:106E000018BF7047002814BF20F0010041F10001B5
:106E10004FEA410313F5001F38BF7047A1F1C0418D
:106E200000F040BB012A43EB0302ACF1200CDCF183
:106E30001F0E32BF4FF0000E23FA0CF310EB0300CD
:106E400041EB0451B4EB115FD0D0A1EB045101F53B
:106E5000801149085FEA300001EB04510ED350F174
:106E6000000038BF12FA0EFE08D1BDE81040C9E795
:106E7000401C38BF5FEA4202CAD1C3E7BDE81040F8
:106E80004FEA410313F5001F38BF7047A1F1C0411D
:106E900000F008BB9EEA445F08D011EA5E0FBDE82F
:106EA000104004BF01F0004100207047BDE81040D1
:106EB00070B500F0A9FA00BF64FBBE3E0000E0FF21
:106EC000491058BFC1F140415B1058BFC3F1404366
:106ED0008B42EFF3008070472DE9C04130B4DFF8FA
:106EE000A0C23CEA111418BF3CEA131400F0EC8075
:106EF00081EA03051CEA111444EAD57418BF1CEAA0
:106F0000131500F0C780A4EB05044FF0004545EAD7
:106F1000C12145EAC32341EA505143EA525304F1E7
:106F20007F74994204F500344FEAC0204FEAC22230
:106F300008BF904200F09C804FEA13650FF24016A4
:106F4000765D4FEA134506FB05F7C7F1807706FB30
:106F500007F74FEAD737A7FB03687642C8F58038B2
:106F6000A7FB06CE38BFA8F1010807FB08E64FF0E3
:106F7000000EA6FB028CE6FB03CEDCF1000CCEF18A
:106F8000004E38BFAEF1010EA6FB0C584FF00007C3
:106F90004FF00005E6FB0E87A1FB08C6A0FB07CE5D
:106FA00016EB0E0645F10005E1FB076515F1E04E15
:106FB0007EBFA4F580345FEA46066D4116F1800776
:106FC00045F100054FEA17274FEA066647EA0567CD
:106FD000A6F1DE46B6F1805F4FEA15251FD9384687
:106FE00024F0010C05EBC471BCF1FE6F01EB0C1138
:106FF00002D8F0BCBDE8008124425CBF01F5801ED0
:107000009EEAC47F02D4F0BCBDE80081244238D49B
:10701000F0BCA1F1C041BDE8004100F043BA4FEA25
:10702000D22242EA43524FEAD323A7FB02864FEA19
:10703000D02040EA415007FB03661EEA0E0F4FEADC
:10704000D12105FB026658BFA6EB0056B6EB0056F1
:107050004FEA520E4EEAC37E18EB0E0E56EB530E5D
:10706000BDD518EB02085E417F1C55F10005B6E75F
:107070004FF480154FF000074FF000064FF0000866
:10708000ADE7F0BC4FF0000001F1C04101F000415C
:10709000BDE8008111EA0C1F0CEA131500D00CE0CA
:1070A00013EA0C1F00F025804FF00000F0BC81EACD
:1070B000030101F00041BDE80081F0BCBDE80041E2
:1070C00081EA030100F0EEB9F0BCBDE8004170B503
:1070D00000F09AF9097EFC3E00F007B881EA03014E
:1070E0004FF0000001F00041704781EA030100F019
:1070F000D9B9F0BCBDE800414FF00000214970470C
:10710000FFFDFBF9F7F5F4F2F0EEEDEBE9E8E6E46C
:10711000E3E1E0DEDDDBDAD8D7D5D4D3D1D0CFCDF3
:10712000CCCBCAC8C7C6C5C4C2C1C0BFBEBDBCBB2C
:10713000BAB9B8B7B6B5B4B3B2B1B0AFAEADACAB27
:10714000AAA9A8A8A7A6A5A4A3A3A2A1A09F9F9E01
:107150009D9C9C9B9A9999989797969595949393B3
:10716000929191908F8F8E8E8D8C8C8B8B8A89894A
:1071700088888787868585848483838282818180CD
:107180000000FF070000F87F4FEA41034FEA535326
:10719000A3F58063D3F11E03C8BFD3F1210C0CDD2E
:1071A0004FF0004242EAC12242EA505232FA03FC56
:1071B0008CEAE17CACEBE1707047102BC4BF00207F
:1071C000704703F5787CBCF1FF3F04D06FF00042BC
:1071D00082EA2100704770B500F016F949922480C8
:1071E00000207047F2E710F0004248BF4042B0FA7A
:1071F00080F310FA03F10AD0C3F11D0303F5806395
:107200004FEA415002EB035202EBD12170474FF09D
:1072100000007047B0FA80F310FA03F10AD0C3F10E
:107220001D0303F580634FEA41504FEA035202EB1E
:10723000D12170474FF000007047000051EA030C65
:1072400017D41CF5801F58BFBCF5801F00F10680C5
:10725000994218BF704708BF9042704707D711F591
:10726000801F58BF13F5801F19D499427047894277
:1072700070471CF5801F08D5BCF5801FF7D58B42E1
:1072800018BF704708BF824270474FF4001C1CEBC8
:10729000410F38BF1CEB430F01D28B42704770B5D2
:1072A00000F0B2F8922449004FF000514FF08053A3
:1072B000FFF706BEDFF848C170B51CEA111E1EBFFD
:1072C0001CEA13159EEA0C0F95EA0C0F00F06F8074
:1072D00081EA030423EA4C134EEAD47E21EA4C11DE
:1072E00041F4801143F48013AE44A1FB024CA0FB97
:1072F0000365AEF17F7E361955EB0C05A1FB034CFF
:107300004CF10003A0FB021C16EB0C06654153F187
:107310000003094218BF46F0010613F4007F0BD1A9
:107320004FEA03314FEA0530340341EA155140EA90
:1073300016506FF003020AE04FEAC3214FEAC5205E
:10734000F40241EA555140EA56506FF0020202EB56
:107350002E4201EB025585EACE710AD05FEA440C59
:1073600018BF24F0004450F1000041F1000120EA70
:10737000D47040F2FE7C624500D270BDA84214BFBA
:107380004FF080444FF04044002E08BF0024BEF16F
:10739000806FA8BFA1F1C041BDE8704080F282803B
:1073A0004FF0000001F1C04101F0004170479EEA3A
:1073B0000C0F0CEA131518BF95EA0C0F06D04FF00E
:1073C000000081EA030E0EF0004170BD00F01CF8D1
:1073D0008900013E00F007B800F009B84FEA430CFD
:1073E0005FEA5C5C08D081EA030100F05BB84FEA19
:1073F000410C5FEA5C5CF6D14FF000000149704738
:107400000000FF070000F87F0EF1020E2EF0030EC1
:107410005EF8046B364205D4012A43EB030515F5EB
:10742000001F12D8012841EB010C1CF5001F0CD8DD
:107430000ED14FEAD17C15F5001F0CEB4C0C0CF172
:10744000020C08BF4CEBD37C04E04FF0080C01E0C9
:107450004FEAD37C0CEB4C0526FA05F606F007063E
:10746000B6F1040C06D20EEB860CBDE870404CF071
:10747000010C6047DFE80CF0090B02024FF00041FD
:107480004FF00000A1F5002170BD194610460128FB
:1074900051EB010418BFD4F5001484BF002001F0A3
:1074A000004170BD0808A0F500114FEA3101704796
:1074B00053EA010C17D41CF5801F58BFBCF5801F80
:1074C00000F106808B4218BF704708BF82427047A8
:1074D00007D713F5801F58BF11F5801F19D48B42B1
:1074E00070479B4270471CF5801F08D5BCF5801F74
:1074F000F7D5994218BF704708BF904270474FF4C4
:10750000001C1CEB430F38BF1CEB410F01D299420A
:1075100070470FB40CBC03BCFFF7C1BE91EA030F68
:1075200010B581F000413FF52BAC83F0004300F033
:1075300009B8000010B591EA030F48BF83F000437B
:107540003FF51EAC841A71EB030C07D212198CF0B4
:10755000004C43EB0C03001B61EB0C01DFF8A4E1D2
:107560004FEA1154A4EB135C1EEA430F18BF9EEAC6
:10757000445F00F0B08023EA6E03524221EA0451D6
:10758000C3EB6E0338BF5B1EDCF1200E25D322FA5D
:107590000CFE10EB0E0043FA0CFE41EB0E01CCF199
:1075A000200E03FA0EFE10EB0E0051F10001CCF19B
:1075B000200E29D412FA0EF201EB0451BDE810405E
:1075C00058BF7047401C1CBFB2F1004F70470028E5
:1075D0000CBF491C20F00100704712EB020E43EB78
:1075E000030218BF4FF0010E4EEA4202ACF1200C2C
:1075F000DCF11E0E54D943FA0CFE10EB0E0051F1D3
:10760000FF31CCF11E0ED5D50EF1010E12FA0EFE91
:10761000404141EB010101EB445C5FEA5C5C10D945
:1076200010EBDE7001EB045138BFBEF1004FBDE836
:10763000104018BF704700280CBF491C20F0010003
:10764000704730D24FEAD42C11F5001124F40064B5
:107650001BD0B1FA81F20B3AA41AA41ED2F1200376
:10766000914030FA03F31943904001EBCC71002CA8
:1076700001EB0451BDE81040A8BF704701F1C041C3
:107680004FF0000001F000417047B0FA80F310FAAB
:1076900003F100D110BDE41A173C4805C90AE4E71C
:1076A00001EB045110BD491001EB0451BDE810403D
:1076B0004FEA300002E04FF0000170474A0008BF77
:1076C0000042F8D0B2F5001F28BF704701F000411A
:1076D0004FF0000070479EEA445F07D011EA5E0F4A
:1076E000BDE8104004BF002100207047BDE81040F5
:1076F00070B5FFF789FE00BF40DFF63E83F0004122
:10770000104670470000E0FF43004FEAD30C4FEAF9
:107710003C0C43401FBF40070CF1605113F0FE4F7B
:1077200070471CF0006F03D100200CF0004170473F
:107730000CF0004343EA507010B540EACC0000F072
:107740005CFA00BF000000924FEA0001FFF7AABEFA
:107750004FF000414FF00000A1F5002170470000FC
:1077600090EA010F48BF81F0004100F1D482421A33
:107770003CBF801A89184FEAD0524FF07F4C1CEA68
:10778000410FA2EBD15318BF9CEA026F00F03B807F
:107790004FF0004C4CEA00204CEA012121FA03FC96
:1077A00010EB0C0C1ED202F1FF325FEA1C2040EB02
:1077B000C25038BF70471CF07F0F4FEA400C18BF13
:1077C000BCF17F4F38BF7047C3F12003994008BF19
:1077D00020F00100BCF17F4F38BF7047A0F1C040DE
:1077E00000F051BA4FEA3C00000A40EBC25028BFFB
:1077F0001CF0FF0F4FEA400CE6D018BFBCF17F4FE2
:1078000038BF7047EAE79CEA026F05D010EA5C0FC8
:1078100008BF00F00040704710B500F0EEF900BF5F
:1078200064FBBE3E401058BFC0F14040491058BFF5
:10783000C1F140418142EFF3008070474FF47F0C6B
:107840001CEAD0121EBF1CEAD11392EA0C0F93EA75
:107850000C0F00F0858090EA010F48BF42F480725F
:1078600040F4000C41F400002CF07F4120F07F40F8
:1078700000B58142A2EB03020FF2081CACEB504EA4
:10788000C0F100009EF800E04FEA4E0E00FB0EFC37
:1078900038BF49004FEA2C1C02F5FA020CFB0EF32C
:1078A0004FEACE1E4FEA112C4FEAC1210EEB635E68
:1078B00042EB22420EFB0CFC4FEA1C5300FB03116F
:1078C0004FEA112C4FEA01310EFB0CFC4FEADC4C65
:1078D00000FB0C11C14228BF09184CEB03335DF8C3
:1078E00004EB10EB410143EBC250B2F57C0F38BF03
:1078F000704729D512F0F00F1CBF00F1C04000F016
:1079000000407047008182838485868788898B8CBC
:107910008D8E8F919293959697999A9C9D9FA0A2F8
:10792000A3A5A7A8AAACAEB0B2B3B5B7B9BCBEC048
:10793000C2C5C7C9CCCED1D4D7D9DCDFE2E6E9ECE9
:10794000F0F3F7FAFE0000004FEA400C0CF1807CE7
:10795000BCF17E4F28BF7047B0F1C04000F093B932
:1079600090EA010F0CEAD11348BF42F480726245DD
:1079700038BF634507D213F47F0F16D080EA0100A9
:1079800000F00040704710B500F037F9097EFC3E6A
:1079900000F005B880EA010000F00040704780EA7E
:1079A000010000F0004000F06EB912F47F0F04BF38
:1079B0000248704780EA010000F065B90000C07F0E
:1079C00041000B0ED3F19E0208D950F400034FEA98
:1079D000032323FA02F048BF4042704710B500F07D
:1079E0000CF900BF49922480002070476FF00042DC
:1079F00082EA200070470000C10DD1F19E0206DB33
:107A00004FEA002343F0004323FA02F0704700429C
:107A100007D54FEA4001B1F1FE4F02D24FF000000E
:107A2000704710B500F0E9F84992248000207047B3
:107A30006FEA20007047000010F0004148BF40424C
:107A4000B0FA80F310FA03F2C3F19D030BD051EAB0
:107A5000C35101EB1220530638BF704700F10100FB
:107A600008BF20F001007047B0FA80F310FA03F26B
:107A7000C3F19D030AD0D90501EB1220530638BF8C
:107A8000704700F1010008BF20F0010070470000BE
:107A900050EA010C00F113801CF5000F58BFBCF533
:107AA000000F01D48842704707D710F5000F58BF68
:107AB00011F5000F15D488427047894270471CF5B4
:107AC000000F04D5BCF5000FF7D5814270474FF089
:107AD000807C1CEB400F38BF1CEB410F01D2814270
:107AE000704710B500F089F8922449004FF000501B
:107AF0004FF08051FFF796BE4FF47F0C1CEAD01276
:107B00001EBF1CEAD11392EA0C0F93EA0C0F00F08F
:107B1000478090EA010F48BF42F480724FF0004C5A
:107B20004CEA00204CEA012102EB0302A0FB011306
:107B3000A2F50002002918BF43F001035B0028BF33
:107B40004FEA330342EB22425FEA132C4CEBC25064
:107B50002EBFBCEB436FB2F57C0F70474FEA036C4E
:107B6000BCF1004F08BF20F00100B2F57C0F38BF18
:107B700070470BD582F0FF0212F5803FC8BF7047F7
:107B800000F1C040D8BF00F00040704700F5000C85
:107B90005FEA4C0C48BF7047B0F1C04000F073B8CA
:107BA00090EA010F0CEAD11348BF42F4807262459B
:107BB00038BF634504D280EA010000F000407047FE
:107BC00010B500F01AF800BF8900013E00F007B8B8
:107BD00000F009B85FEA410C5FEA1C6C08D080EA4B
:107BE000010000F050B85FEA400C5FEA1C6CF6D16F
:107BF0004FF00040A0F5800070470EF1020E2EF00D
:107C0000030E5EF8044B244204D44FEA4102B2F161
:107C10007F4F11D84FEA4003B3F17F4F0CD80ED1FC
:107C20004FEAD07CB2F17F4F0CEB4C0C0CF1020C04
:107C300008BF4CEBD17C04E04FF0080C01E04FEAA8
:107C4000D17C0CEB4C0324FA03F404F00704B4F1E8
:107C5000040C06D20EEB840CBDE810404CF0010C75
:107C60006047DFE80CF0070802024FF00040A0F583
:107C7000800010BD0846420018BFD2F1807288BF54
:107C800000F0004010BDFF2141EAD050C005704710
:107C900051EA000C00F113801CF5000F58BFBCF531
:107CA000000F01D48142704707D711F5000F58BF6C
:107CB00010F5000F15D481427047894270471CF5BA
:107CC000000F04D5BCF5000FF7D5884270474FF080
:107CD000807C1CEB410F38BF1CEB400F01D2884267
:107CE000704780EA010081EA000180EA0100FFF7A5
:107CF000F8BE80F0004090EA010F7FF538AD81F0CA
:107D0000004100F008B8000090EA010F48BF81F080
:107D100000413FF52CAD421A04D882F00042A0EB9E
:107D2000020011444FEAD0524FF07F4C1CEA410F41
:107D3000A2EBD15318BF9CEA026F4AD04FF0004C1F
:107D40004CEA00204CEA012121FA03FCB0EB0C0CB8
:107D50000FD412F0FE0F36D05FEA4C001DD5001292
:107D600040EBC25038BF70471CF03F0F18BF704740
:107D70000BE0A2F101025FEA1C2040EBC25038BFC9
:107D800070471CF07F0F18BF7047C3F12003994064
:107D900014BF401E20F00100704780084FEA1223F4
:107DA00008BF7047B0FA80FCA2EB0C02CCF1280CA3
:107DB00060FA0CF093EA122F04BF00EBC250704738
:107DC0004FEAC3707047130A5FEADC1008BF7047C0
:107DD000F6E79CEA026F04D010EA5C0F08BF0020AF
:107DE000704710B5FFF709FF40DFF63E81F0004015
:107DF00070470000060400006F040000DF0400006C
:107E000057050000D70500005E060000EC060000E4
:107E100082070000D007000020080000C50800000D
:107E200071090000250A0000E10A0000A40B00000F
:107E30006E0C0000400D0000170E0000E90E00005F
:107E400039000000008E03083B000000548E030838
:107E50003D000000A88E03083F000000FC8E0308D0
:107E600041000000508F03083A000000D88D03083D
:107E70003C0000002C8E03083E000000808E0308AA
:107E800040000000D48E030842000000288F030841
:107E90004F0000003886030851000000B487030833
:107EA000530000003089030855000000AC8A030825
:107EB00057000000F88B0308500000001C860308E0
:107EC000520000009887030854000000148903083A
:107ED00056000000908A030858000000DC8B03085D
:107EE0005B000000889103085D00000028910308F2
:107EF0005E0000000C910308450000007086030836
:107F000047000000EC870308490000006889030867
:107F10004B000000E48A03084D000000308C030889
:107F2000460000005486030848000000D08703087C
:107F30004A0000004C8903084C000000C88A03086E
:107F40004E000000148C03083500000084900308E4
:107F500036000000A49003082D000000C88F03081D
:107F60002E000000F08F0308370000003C9003084B
:107F7000380000006090030828000000948D03087A
:107F800001000000EC90030802000000EC900308E0
:107F90000D000000248D03081D00000060910308FF
:107FA00010000000308D030824000000C890030872
:107FB0001B000000FC8C03081C000000108D03084F
:107FC0000A000000A48C030811000000748D03084F
:107FD00016000000548D030809000000B48D03084A
:107FE000040000007C8F03080300000018900308C1
:107FF00005000000A08F03080F000000E88C0308B4
:108000000C000000D48C03080E000000C48D03088F
:108010005F0000008C86030860000000A88603084B
:10802000610000000888030862000000248803083B
:10803000630000008489030864000000A08903082D
:1080400065000000008B0308660000001C8B03081D
:10805000670000004491030868000000F8900308DE
:1080600039000000989203083B000000B893030811
:108070003D000000D89403083F000000F895030875
:1080800041000000189703083A000000F09203082E
:108090003C000000109403083E00000030950308E7
:1080A000400000005096030842000000709703084B
:1080B0004F0000005492030851000000749303081D
:1080C000530000009494030855000000B495030881
:1080D00057000000D49603085000000038930308AE
:1080E00052000000589403085400000078950308DB
:1080F000560000009896030858000000B89703083F
:108100005B000000A09C03085D000000D09C0308F9
:108110005E000000249D030845000000C886030897
:10812000470000004488030849000000C089030894
:108130004B0000003C8B03084D0000004C8C0308F2
:1081400046000000FC860308480000007888030809
:108150004A000000F48903084C000000708B0308FB
:108160004E000000808C030835000000F89B0308D7
:10817000360000002C9C03082D000000B09B030873
:108180002E0000005C9B030837000000A09103084C
:1081900038000000EC91030828000000949E0308BA
:1081A000010000009099030802000000BC99030838
:1081B0000D0000008C9803081D000000009E0308BD
:1081C000100000003498030824000000689D030894
:1081D0001B000000F49703081C000000EC9A030841
:1081E0000A0000003C9E030811000000989A030852
:1081F000160000005C9A030809000000789C030840
:1082000004000000FC990308030000002C9B0308F5
:1082100005000000CC9D03080F000000E89803084B
:108220000C000000AC9803080E0000005C990308E5
:108230005F000000EC850308600000002087030851
:108240006100000068870308620000009C88030842
:1082500063000000E488030864000000188A030833
:1082600065000000608A030866000000948B030824
:10827000670000002499030868000000C89E0308F6
:10828000171F1C1F1E1F1E1F1F1E1F1E1F0000006A
:1082900000010000FCA0030800030000B8A10308CF
:1082A00000050000F0A003080100000060A2030820
:1082B000010100005CA10308010200001CA20308E8
:1082C0000103000088A20308010400003CA1030888
:1082D0000200000028A1030802010000409F0308DB
:1082E0000202000078A10308020300005C9F03085B
:1082F0000204000020A103080205000080A1030879
:108300000206000044A1030802070000F4A10308CC
:1083100002080000009F030802090000209F0308D4
:10832000030000008C9F030803010000C09F0308A6
:1083300003020000E49F03080303000008A00308F1
:10834000030400002CA003080305000050A003084C
:108350000306000074A003080307000098A00308A8
:1083600003080000BCA0030803090000E0A0030804
:10837000030A00009C9F0308030B0000C09F030832
:10838000030C0000E49F0308030D000008A003088D
:10839000030E00002CA00308030F000050A00308E8
:1083A0000310000074A003080311000098A0030844
:1083B00003120000BCA0030803130000E0A00308A0
:1083C000031400009C9F03080315000078A1030814
:1083D0000316000080A103080317000074A203081D
:1083E000031800009CA203080319000054A203080C
:1083F000031A000038A20308031B000048A2030868
:10840000031C000044A10308031D00003CA1030855
:10841000031E00009CA20308031F000014A1030810
:108420000320000098A1030803220000D4A1030840
:1084300003230000C8A1030803280000789F030855
:1084400003290000AC9F0308032A0000D09F030803
:10845000032B0000F49F0308032C000018A003085E
:10846000032D00003CA00308032E000060A00308B9
:10847000032F000084A0030803300000A8A0030815
:1084800003310000CCA00308033200008C9F0308D6
:1084900003330000C09F030803340000E49F030877
:1084A0000335000008A00308033600002CA00308D1
:1084B0000337000050A003080338000074A003082D
:1084C0000339000098A00308033A0000BCA0030889
:1084D000033B0000E0A00308040000000CA2030816
:1084E000040100000CA20308040200000CA203080F
:1084F000040300000CA20308040400000CA20308FB
:10850000040500000CA20308050000006CA103088C
:1085100005010000E0A103080600000008A103080F
:10852000772078206F01100265206620F401100288
:108530005C205D207F021002532054200A031002A9
:108540004A204B20950310026E206F20DC0214009D
:1085500002000400060008000A00010003000500F4
:10856000070009000710081009100A100B100B0073
:108570000C000D000E000F000600070008000900A7
:108580000A00010002000300040005000B000C00BB
:108590000D000E000F000501050205030504050589
:1085A00017011B01220223022B032C0306040A04D9
:1085B0008100303132333435363738394142434423
:1085C000454640305800303132333435363738394B
:1085D0006162636465664030780004000008000052
:1085E000000000000002000100001000D09ED0B189
:1085F000D180D18BD0B220D0B4D0BED0BF2ED0B4D9
:10860000D0B0D182D187D0B8D0BAD0B020D182D06A
:10861000B5D0BCD0BF2E2031000000006F70656E59
:108620002063697263756974206F662074686520C1
:1086300066616E203100000073686F727420636998
:108640007263756974206F66207468652066616E58
:10865000203100006F70656E206369726375697404
:10866000206F66207468652070756D702031000081
:1086700073686F72742063697263756974206F66C2
:10868000207468652070756D702031006F70656EA4
:1086900020636972632E206175782074656D702E79
:1086A0002073656E7320310073686F727420636984
:1086B00072632E206175782074656D702E2073654D
:1086C0006E73203100000000D09AD0BED180D0BEA1
:1086D000D182D0BAD0BED0B520D0B7D0B0D0BCD126
:1086E0008BD0BAD0B0D0BDD0B8D0B520D0BFD0BE1E
:1086F000D0BCD0BFD18B203100000000D09ED0B1C3
:10870000D180D18BD0B220D0B220D186D0B5D0BF0D
:10871000D0B820D0BFD0BED0BCD0BFD18B203100CC
:10872000D0BAD0BED180D0BED182D0BAD0BED0B562
:1087300020D0B7D0B0D0BCD18BD0BAD0B0D0BDD0C3
:10874000B8D0B520D0B4D0BED0BF2ED0B4D0B0D128
:1087500082D187D0B8D0BAD0B020D182D0B5D0BC29
:10876000D0BF2E3100000000D09ED0B1D180D18B7F
:10877000D0B220D0B4D0BED0BF2ED0B4D0B0D18231
:10878000D187D0B8D0BAD0B020D182D0B5D0BCD0AB
:10879000BF2E2032000000006F70656E206369728A
:1087A00063756974206F66207468652066616E2049
:1087B0003200000073686F727420636972637569B8
:1087C00074206F66207468652066616E2032000038
:1087D0006F70656E2063697263756974206F6620BF
:1087E0007468652070756D702032000073686F7258
:1087F000742063697263756974206F66207468659C
:108800002070756D702032006F70656E2063697224
:10881000632E206175782074656D702E2073656EEF
:108820007320320073686F727420636972632E2044
:108830006175782074656D702E2073656E732032BB
:1088400000000000D09AD0BED180D0BED182D0BA74
:10885000D0BED0B520D0B7D0B0D0BCD18BD0BAD09C
:10886000B0D0BDD0B8D0B520D0BFD0BED0BCD0BF66
:10887000D18B203200000000D09ED0B1D180D18BAE
:10888000D0B220D0B220D186D0B5D0BFD0B820D0C1
:10889000BFD0BED0BCD0BFD18B203200D0BAD0BEAA
:1088A000D180D0BED182D0BAD0BED0B520D0B7D082
:1088B000B0D0BCD18BD0BAD0B0D0BDD0B8D0B5205C
:1088C000D0B4D0BED0BF2ED0B4D0B0D182D187D05A
:1088D000B8D0BAD0B020D182D0B5D0BCD0BF2E3263
:1088E00000000000D09ED0B1D180D18BD0B220D07A
:1088F000B4D0BED0BF2ED0B4D0B0D182D187D0B842
:10890000D0BAD0B020D182D0B5D0BCD0BF2E2033C9
:10891000000000006F70656E206369726375697492
:10892000206F66207468652066616E203300000049
:1089300073686F72742063697263756974206F66FF
:10894000207468652066616E203300006F70656E6C
:108950002063697263756974206F6620746865208E
:1089600070756D702033000073686F7274206369D6
:108970007263756974206F66207468652070756D08
:10898000702033006F70656E20636972632E206102
:1089900075782074656D702E2073656E73203300BA
:1089A00073686F727420636972632E20617578201A
:1089B00074656D702E2073656E73203300000000A7
:1089C000D09AD0BED180D0BED182D0BAD0BED0B5E0
:1089D00020D0B7D0B0D0BCD18BD0BAD0B0D0BDD021
:1089E000B8D0B520D0BFD0BED0BCD0BFD18B203343
:1089F00000000000D09ED0B1D180D18BD0B220D069
:108A0000B220D186D0B5D0BFD0B820D0BFD0BED094
:108A1000BCD0BFD18B203300D0BAD0BED180D0BE65
:108A2000D182D0BAD0BED0B520D0B7D0B0D0BCD1D2
:108A30008BD0BAD0B0D0BDD0B8D0B520D0B4D0BED5
:108A4000D0BF2ED0B4D0B0D182D187D0B8D0BAD0D8
:108A5000B020D182D0B5D0BCD0BF2E3300000000F2
:108A6000D09ED0B1D180D18BD0B220D0B4D0BED0E6
:108A7000BF2ED0B4D0B0D182D187D0B8D0BAD0B0C8
:108A800020D182D0B5D0BCD0BF2E20340000000051
:108A90006F70656E2063697263756974206F6620FC
:108AA0007468652066616E203400000073686F7220
:108AB000742063697263756974206F6620746865D9
:108AC0002066616E203400006F70656E20636972ED
:108AD00063756974206F66207468652070756D70A9
:108AE0002034000073686F72742063697263756963
:108AF00074206F66207468652070756D7020340076
:108B00006F70656E20636972632E206175782074C2
:108B1000656D702E2073656E7320340073686F72FC
:108B20007420636972632E206175782074656D709E
:108B30002E2073656E73203400000000D09AD0BEE2
:108B4000D180D0BED182D0BAD0BED0B520D0B7D0DF
:108B5000B0D0BCD18BD0BAD0B0D0BDD0B8D0B520B9
:108B6000D0BFD0BED0BCD0BFD18B2034000000001D
:108B7000D09ED0B1D180D18BD0B220D0B220D186BE
:108B8000D0B5D0BFD0B820D0BFD0BED0BCD0BFD120
:108B90008B203400D0BAD0BED180D0BED182D0BA22
:108BA000D0BED0B520D0B7D0B0D0BCD18BD0BAD049
:108BB000B0D0BDD0B8D0B520D0B4D0BED0BF2ED0AC
:108BC000B4D0B0D182D187D0B8D0BAD0B020D182C1
:108BD000D0B5D0BCD0BF2E34000000006F70656EE1
:108BE0002063697263756974206F662074686520FC
:108BF00066616E203500000073686F7274206369CF
:108C00007263756974206F66207468652066616E92
:108C1000203500006F70656E20636972637569743A
:108C2000206F66207468652070756D7020350000B7
:108C300073686F72742063697263756974206F66FC
:108C4000207468652070756D70203500D09AD0BE94
:108C5000D180D0BED182D0BAD0BED0B520D0B7D0CE
:108C6000B0D0BCD18BD0BAD0B0D0BDD0B8D0B520A8
:108C7000D0BFD0BED0BCD0BFD18B2035000000000B
:108C8000D09ED0B1D180D18BD0B220D0B220D186AD
:108C9000D0B5D0BFD0B820D0BFD0BED0BCD0BFD10F
:108CA0008B20350066616E20737065656420646F8B
:108CB0006573206E6F7420636F72726573706F6E70
:108CC0006420746F2074686520646566696E6564ED
:108CD000000000006869676820737570706C792007
:108CE000766F6C74616765006C6F77207375707058
:108CF0006C7920766F6C74616765000066616E2028
:108D0000646F6573206E6F7420726F746174650098
:108D100066616E2073656C662D726F746174696F25
:108D20006E0000006E6F2069676E6974696F6E0077
:108D3000626F64792074656D702E73656E736F72E7
:108D400020646F6573206E6F7420636F6F6C206496
:108D50006F776E006F70656E2063697263756974FA
:108D6000206F6620746865206675656C2070756D6F
:108D70007000000073686F727420636972637569B4
:108D800074206F6620746865206675656C20707548
:108D90006D7000006E6F20636F6E6E656374696F37
:108DA0006E207769746820746865206865617465F1
:108DB00072000000676C6F7720706C7567206572B9
:108DC000726F720077617465722070756D702065C6
:108DD00072726F72000000006F70656E20636972BE
:108DE00063756974206F6620746865207A6F6E659C
:108DF00020312074656D702E2073656E736F720064
:108E000073686F72742063697263756974206F662A
:108E100020746865207A6F6E6520312074656D70EE
:108E20002E2073656E736F72000000006F70656EA8
:108E30002063697263756974206F662074686520A9
:108E40007A6F6E6520322074656D702E2073656EAA
:108E5000736F720073686F727420636972637569EF
:108E600074206F6620746865207A6F6E65203220EA
:108E700074656D702E2073656E736F720000000054
:108E80006F70656E2063697263756974206F662008
:108E9000746865207A6F6E6520332074656D702E5E
:108EA0002073656E736F720073686F7274206369EC
:108EB0007263756974206F6620746865207A6F6EBE
:108EC0006520332074656D702E2073656E736F722C
:108ED000000000006F70656E2063697263756974CD
:108EE000206F6620746865207A6F6E652034207468
:108EF000656D702E2073656E736F720073686F728C
:108F0000742063697263756974206F662074686584
:108F1000207A6F6E6520342074656D702E20736525
:108F20006E736F72000000006F70656E206369726F
:108F300063756974206F6620746865207A6F6E654A
:108F400020352074656D702E2073656E736F72000E
:108F500073686F72742063697263756974206F66D9
:108F600020746865207A6F6E6520352074656D7099
:108F70002E2073656E736F72000000006572726F51
:108F800072206F6620746865206C69717569642051
:108F900074656D702E2073656E736F720000000033
:108FA0006F70656E2063697263756974206F6620E7
:108FB00074686520666C616D652074656D702E2027
:108FC00073656E736F7200006F70656E20636972F7
:108FD00063756974206F66207468652074616E6BB8
:108FE0002074656D702E2073656E736F72000000C3
:108FF00073686F72742063697263756974206F6639
:10900000207468652074616E6B2074656D702E200D
:1090100073656E736F7200006572726F72206F6697
:1090200020746865206F7665726865617420746568
:109030006D702E2073656E736F7200006F70656EB9
:109040002063697263756974206F66207468652097
:109050006F7574646F6F722073656E736F7200004A
:1090600073686F72742063697263756974206F66C8
:1090700020746865206F7574646F6F722073656EFD
:10908000736F72006F70656E2063697263756974C7
:10909000206F662074686520666C6F772073656E3C
:1090A000736F720073686F7274206369726375699D
:1090B00074206F662074686520666C6F7720736516
:1090C0006E736F72000000006F7665726865617480
:1090D000696E67206F662074686520666C616D65D7
:1090E00020696E64696361746F7200006F766572E7
:1090F00068656174000000005A6F6E652D70756DB3
:109100007020636F6E666C69637400006C657665D1
:109110006C2073656E736F72206F70656E2063696B
:1091200072637569740000006C6576656C20736508
:109130006E736F722073686F7274206369726375E7
:1091400069740000457874656E73696F6E20626F94
:10915000617264206C696E6B206661756C740000CE
:10916000657863656564696E6720746865206C69FD
:109170006D6974206F6620666C616D6520626C6F2E
:10918000776F7574000000006C6971756964206CFC
:109190006576656C20746F6F206C6F77000000003F
:1091A000D09ED0B1D180D18BD0B220D0B220D18688
:1091B000D0B5D0BFD0B820D0B4D0B0D182D187D074
:1091C000B8D0BAD0B020D0B2D0BDD0B5D188D0BD43
:1091D000D0B5D0B920D182D0B5D0BCD0BFD0B5D118
:1091E00080D0B0D182D183D180D18B00D09AD0BE33
:1091F000D180D0BED182D0BAD0BED0B520D0B7D029
:10920000B0D0BCD18BD0BAD0B0D0BDD0B8D0B52002
:10921000D0B220D186D0B5D0BFD0B820D0B4D0B095
:10922000D182D187D0B8D0BAD0B020D0B2D0BDD002
:10923000B5D188D0BDD0B5D0B920D182D0B5D0BC01
:10924000D0BFD0B5D180D0B0D182D183D180D18BE5
:1092500000000000D09AD0BED180D0BED182D0BA5A
:10926000D0BED0B520D0B7D0B0D0BCD18BD0BAD082
:10927000B0D0BDD0B8D0B520D0B2D0B5D0BDD1829D
:10928000D0B8D0BBD18FD182D0BED180203120D0F8
:10929000B7D0BED0BDD18B00D09AD0BED180D0BEC9
:1092A000D182D0BAD0BED0B520D0B7D0B0D0BCD14A
:1092B0008BD0BAD0B0D0BDD0B8D0B520D0B4D0B05B
:1092C000D182D187D0B8D0BAD0B020D182D0B5D099
:1092D000BCD0BFD0B5D180D0B0D182D183D180D124
:1092E0008B203120D0B7D0BED0BDD18B0000000084
:1092F000D09ED0B1D180D18BD0B220D0B220D18637
:10930000D0B5D0BFD0B820D0B4D0B0D182D187D022
:10931000B8D0BAD0B020D182D0B5D0BCD0BFD0B5F3
:10932000D180D0B0D182D183D180D18B203120D0D7
:10933000B7D0BED0BDD18B00D09ED0B1D180D18B63
:10934000D0B220D0B220D186D0B5D0BFD0B820D0F6
:10935000B2D0B5D0BDD182D0B8D0BBD18FD182D060
:10936000BED180D0B0203120D0B7D0BED0BDD18BFF
:1093700000000000D09AD0BED180D0BED182D0BA39
:10938000D0BED0B520D0B7D0B0D0BCD18BD0BAD061
:10939000B0D0BDD0B8D0B520D0B2D0B5D0BDD1827C
:1093A000D0B8D0BBD18FD182D0BED180203220D0D6
:1093B000B7D0BED0BDD18B00D09AD0BED180D0BEA8
:1093C000D182D0BAD0BED0B520D0B7D0B0D0BCD129
:1093D0008BD0BAD0B0D0BDD0B8D0B520D0B4D0B03A
:1093E000D182D187D0B8D0BAD0B020D182D0B5D078
:1093F000BCD0BFD0B5D180D0B0D182D183D180D103
:109400008B203220D0B7D0BED0BDD18B0000000061
:10941000D09ED0B1D180D18BD0B220D0B220D18615
:10942000D0B5D0BFD0B820D0B4D0B0D182D187D001
:10943000B8D0BAD0B020D182D0B5D0BCD0BFD0B5D2
:10944000D180D0B0D182D183D180D18B203220D0B5
:10945000B7D0BED0BDD18B00D09ED0B1D180D18B42
:10946000D0B220D0B220D186D0B5D0BFD0B820D0D5
:10947000B2D0B5D0BDD182D0B8D0BBD18FD182D03F
:10948000BED180D0B0203220D0B7D0BED0BDD18BDD
:1094900000000000D09AD0BED180D0BED182D0BA18
:1094A000D0BED0B520D0B7D0B0D0BCD18BD0BAD040
:1094B000B0D0BDD0B8D0B520D0B2D0B5D0BDD1825B
:1094C000D0B8D0BBD18FD182D0BED180203320D0B4
:1094D000B7D0BED0BDD18B00D09AD0BED180D0BE87
:1094E000D182D0BAD0BED0B520D0B7D0B0D0BCD108
:1094F0008BD0BAD0B0D0BDD0B8D0B520D0B4D0B019
:10950000D182D187D0B8D0BAD0B020D182D0B5D056
:10951000BCD0BFD0B5D180D0B0D182D183D180D1E1
:109520008B203320D0B7D0BED0BDD18B000000003F
:10953000D09ED0B1D180D18BD0B220D0B220D186F4
:10954000D0B5D0BFD0B820D0B4D0B0D182D187D0E0
:10955000B8D0BAD0B020D182D0B5D0BCD0BFD0B5B1
:10956000D180D0B0D182D183D180D18B203320D093
:10957000B7D0BED0BDD18B00D09ED0B1D180D18B21
:10958000D0B220D0B220D186D0B5D0BFD0B820D0B4
:10959000B2D0B5D0BDD182D0B8D0BBD18FD182D01E
:1095A000BED180D0B0203320D0B7D0BED0BDD18BBB
:1095B00000000000D09AD0BED180D0BED182D0BAF7
:1095C000D0BED0B520D0B7D0B0D0BCD18BD0BAD01F
:1095D000B0D0BDD0B8D0B520D0B2D0B5D0BDD1823A
:1095E000D0B8D0BBD18FD182D0BED180203420D092
:1095F000B7D0BED0BDD18B00D09AD0BED180D0BE66
:10960000D182D0BAD0BED0B520D0B7D0B0D0BCD1E6
:109610008BD0BAD0B0D0BDD0B8D0B520D0B4D0B0F7
:10962000D182D187D0B8D0BAD0B020D182D0B5D035
:10963000BCD0BFD0B5D180D0B0D182D183D180D1C0
:109640008B203420D0B7D0BED0BDD18B000000001D
:10965000D09ED0B1D180D18BD0B220D0B220D186D3
:10966000D0B5D0BFD0B820D0B4D0B0D182D187D0BF
:10967000B8D0BAD0B020D182D0B5D0BCD0BFD0B590
:10968000D180D0B0D182D183D180D18B203420D071
:10969000B7D0BED0BDD18B00D09ED0B1D180D18B00
:1096A000D0B220D0B220D186D0B5D0BFD0B820D093
:1096B000B2D0B5D0BDD182D0B8D0BBD18FD182D0FD
:1096C000BED180D0B0203420D0B7D0BED0BDD18B99
:1096D00000000000D09AD0BED180D0BED182D0BAD6
:1096E000D0BED0B520D0B7D0B0D0BCD18BD0BAD0FE
:1096F000B0D0BDD0B8D0B520D0B2D0B5D0BDD18219
:10970000D0B8D0BBD18FD182D0BED180203520D06F
:10971000B7D0BED0BDD18B00D09AD0BED180D0BE44
:10972000D182D0BAD0BED0B520D0B7D0B0D0BCD1C5
:109730008BD0BAD0B0D0BDD0B8D0B520D0B4D0B0D6
:10974000D182D187D0B8D0BAD0B020D182D0B5D014
:10975000BCD0BFD0B5D180D0B0D182D183D180D19F
:109760008B203520D0B7D0BED0BDD18B00000000FB
:10977000D09ED0B1D180D18BD0B220D0B220D186B2
:10978000D0B5D0BFD0B820D0B4D0B0D182D187D09E
:10979000B8D0BAD0B020D182D0B5D0BCD0BFD0B56F
:1097A000D180D0B0D182D183D180D18B203520D04F
:1097B000B7D0BED0BDD18B00D09ED0B1D180D18BDF
:1097C000D0B220D0B220D186D0B5D0BFD0B820D072
:1097D000B2D0B5D0BDD182D0B8D0BBD18FD182D0DC
:1097E000BED180D0B0203520D0B7D0BED0BDD18B77
:1097F00000000000D09DD0B0D0B3D0BDD0B5D18294
:10980000D0B0D182D0B5D0BBD18C20D0B2D0BED018
:10981000B7D0B4D183D185D0B020D0BDD0B520D0C1
:10982000B2D180D0B0D189D0B0D0B5D182D181D1E0
:109830008F000000D094D0B0D182D187D0B8D0BAF8
:1098400020D182D0B5D0BCD0BFD0B5D180D0B0D1DE
:1098500082D183D180D18B20D0BAD0BED180D0BF6D
:10986000D183D181D0B020D0BDD0B520D0BCD0BE66
:10987000D0B6D0B5D18220D0BED185D0BBD0B0D0AB
:10988000B4D0B8D182D18CD181D18F00D0A0D0BE3C
:10989000D0B7D0B6D0B8D0B320D0BDD0B520D1830A
:1098A000D0B4D0B0D0BBD181D18F0000D09FD0BE7A
:1098B000D0B2D18BD188D0B5D0BDD0BDD0BED0B5BF
:1098C00020D0BDD0B0D0BFD180D18FD0B6D0B5D050
:1098D000BDD0B8D0B520D0BFD0B8D182D0B0D0BD27
:1098E000D0B8D18F00000000D09FD0BED0BDD0B87E
:1098F000D0B6D0B5D0BDD0BDD0BED0B520D0BDD0B3
:10990000B0D0BFD180D18FD0B6D0B5D0BDD0B8D077
:10991000B520D0BFD0B8D182D0B0D0BDD0B8D18F13
:1099200000000000D09DD0B5D18220D181D0B2D12D
:109930008FD0B7D0B820D18120D0BFD0BBD0B0D18C
:1099400082D0BED0B920D180D0B0D181D188D0B85A
:10995000D180D0B5D0BDD0B8D18F0000D09ED188F5
:10996000D0B8D0B1D0BAD0B020D0BFD0BED0BCD04B
:10997000BFD18B20D0BFD0BED0B4D0BED0B3D180A9
:10998000D0B5D0B2D0B0D182D0B5D0BBD18F00008D
:10999000D09FD0B5D180D0B5D0B3D180D0B5D0B222
:1099A00020D0BFD0BED0B4D0BED0B3D180D0B5D03F
:1099B000B2D0B0D182D0B5D0BBD18F00D092D0BEC2
:1099C000D0B7D0BCD0BED0B6D0BDD18BD0B920D00E
:1099D000BFD0B5D180D0B5D0B3D180D0B5D0B22072
:1099E000D0BFD0BED0B4D0BED0B3D180D0B5D0B26D
:1099F000D0B0D182D0B5D0BBD18F0000D09ED1885D
:109A0000D0B8D0B1D0BAD0B020D0B4D0B0D182D1FB
:109A100087D0B8D0BAD0B020D182D0B5D0BCD0BF1A
:109A2000D0B5D180D0B0D182D183D180D18B20D09C
:109A3000B6D0B8D0B4D0BAD0BED181D182D0B820FF
:109A4000D0BFD0BED0B4D0BED0B3D180D0B5D0B20C
:109A5000D0B0D182D0B5D0BBD18F0000D09ED0B1D4
:109A6000D180D18BD0B220D0B220D186D0B5D0BF9A
:109A7000D0B820D182D0BED0BFD0BBD0B8D0B2D069
:109A8000BDD0BED0B3D0BE20D0BDD0B0D181D0BE6D
:109A9000D181D0B000000000D09AD0BED180D0BE1D
:109AA000D182D0BAD0BED0B520D0B7D0B0D0BCD142
:109AB0008BD0BAD0B0D0BDD0B8D0B520D0B220D1E4
:109AC00086D0B5D0BFD0B820D182D0BED0BFD0BB59
:109AD000D0B8D0B2D0BDD0BED0B3D0BE20D0BDD0D3
:109AE000B0D181D0BED181D0B0000000D0A1D0B023
:109AF000D0BCD0BED0B2D180D0B0D189D0B5D0BD8D
:109B0000D0B8D0B520D0BDD0B0D0B3D0BDD0B5D1B5
:109B100082D0B0D182D0B5D0BBD18F20D0B2D0BE50
:109B2000D0B7D0B4D183D185D0B00000D09ED18839
:109B3000D0B8D0B1D0BAD0B020D0B4D0B0D182D1CA
:109B400087D0B8D0BAD0B020D0BFD0B5D180D0B5F2
:109B5000D0B3D180D0B5D0B2D0B00000D09AD0BEB2
:109B6000D180D0BED182D0BAD0BED0B520D0B7D0AF
:109B7000B0D0BCD18BD0BAD0B0D0BDD0B8D0B52089
:109B8000D0B4D0B0D182D187D0B8D0BAD0B020D1A3
:109B900082D0B5D0BCD0BFD0B5D180D0B0D182D129
:109BA00083D180D18B20D0B1D0B0D0BAD0B000005A
:109BB000D09ED0B1D180D18BD0B220D0B220D1866E
:109BC000D0B5D0BFD0B820D0B4D0B0D182D187D05A
:109BD000B8D0BAD0B020D182D0B5D0BCD0BFD0B52B
:109BE000D180D0B0D182D183D180D18B20D0B1D0DF
:109BF000B0D0BAD0B0000000D09ED0B1D180D18B0F
:109C0000D0B220D0B220D186D0B5D0BFD0B820D02D
:109C1000B4D0B0D182D187D0B8D0BAD0B020D0BF24
:109C2000D0BED182D0BED0BAD0B00000D09AD0BEC3
:109C3000D180D0BED182D0BAD0BED0B520D0B7D0DE
:109C4000B0D0BCD18BD0BAD0B0D0BDD0B8D0B520B8
:109C5000D0B220D186D0B5D0BFD0B820D0B4D0B04B
:109C6000D182D187D0B8D0BAD0B020D0BFD0BED1A9
:109C700082D0BED0BAD0B000D09ED188D0B8D0B2F9
:109C8000D0BAD0B020D181D0B2D0B5D187D0B82051
:109C9000D0BDD0B0D0BAD0B0D0BBD0B000000000A2
:109CA000D09DD0B8D0B7D0BAD0B8D0B920D183D158
:109CB00080D0BED0B2D0B5D0BDD18C20D0B6D0B877
:109CC000D0B4D0BAD0BED181D182D0B800000000CB
:109CD000D09AD0BED180D0BED182D0BAD0BED0B5BD
:109CE00020D0B7D0B0D0BCD18BD0BAD0B0D0BDD0FE
:109CF000B8D0B520D0B4D0B0D182D187D0B8D0BA46
:109D0000D0B020D183D180D0BED0B2D0BDD18F20F1
:109D1000D0B6D0B8D0B4D0BAD0BED181D182D0B86C
:109D200000000000D09ED0B1D180D18BD0B220D025
:109D3000B220D186D0B5D0BFD0B820D0B4D0B0D169
:109D400082D187D0B8D0BAD0B020D183D180D0BE54
:109D5000D0B2D0BDD18F20D0B6D0B8D0B4D0BAD088
:109D6000BED181D182D0B800D09FD0B5D180D0B53E
:109D7000D0B3D180D0B5D0B220D0BFD0BE20D0B02B
:109D8000D0B1D181D0BED0BBD18ED0B8D0BDD0BEE5
:109D9000D0BCD18320D0B7D0BDD0B0D187D0B5D082
:109DA000BDD0B8D18E20D0B8D0BDD0B4D0B8D0BA44
:109DB000D0B0D182D0BED180D0B020D0BFD0BBD067
:109DC000B0D0BCD0B5D0BDD0B8000000D09ED0B1CE
:109DD000D180D0BED18BD0B220D0B8D0BDD0B4D03D
:109DE000B8D0BAD0B0D182D0BED180D0B020D0BF50
:109DF000D0BBD0B0D0BCD0B5D0BDD0B80000000032
:109E0000D09FD180D0B5D0B2D18BD188D0B5D0BDC4
:109E1000D0BE20D187D0B8D181D0BBD0BE20D181D7
:109E2000D180D18BD0B2D0BED0B220D0BFD0BBD0E9
:109E3000B0D0BCD0B5D0BDD0B8000000D09ED0B15D
:109E4000D0BED180D0BED182D18B20D0BDD0B0D0F9
:109E5000B3D0BDD0B5D182D0B0D182D0B5D0BBD136
:109E60008F20D0BDD0B520D181D0BED0BED182D080
:109E7000B2D0B5D182D181D182D0B2D183D18ED1AD
:109E80008220D0B7D0B0D0B4D0B0D0BDD0BDD18BAF
:109E9000D0BC0000D09DD0B5D18220D181D0B2D12C
:109EA0008FD0B7D0B820D18120D0BFD0BED0B4D011
:109EB000BED0B3D180D0B5D0B2D0B0D182D0B5D0E1
:109EC000BBD0B5D0BC000000D09AD0BED0BDD184EC
:109ED000D0BBD0B8D0BAD18220D0BDD0B0D181D142
:109EE00082D180D0BED0B9D0BAD0B820D0B7D0BE41
:109EF000D0BD20D0B820D0BFD0BED0BCD0BF0000D5
:109F000049676E6974696F6E20312028616C7465D1
:109F1000726E2E206379636C6F6772616D29000029
:109F200049676E6974696F6E20322028616C7465B0
:109F3000726E2E206379636C6F6772616D29000009
:109F400049676E6974696F6E203120286D61696E92
:109F5000206379636C6F6772616D290049676E6970
:109F600074696F6E203220286D61696E2063796399
:109F70006C6F6772616D290056656E74696C6174EF
:109F8000696F6E206C6576656C203000506F776568
:109F900072206C6576656C2030000000506F77652C
:109FA00072206C6576656C203130000056656E74E9
:109FB000696C6174696F6E206C6576656C20310028
:109FC000506F776572206C6576656C2031000000FB
:109FD00056656E74696C6174696F6E206C65766528
:109FE0006C203200506F776572206C6576656C204E
:109FF0003200000056656E74696C6174696F6E2082
:10A000006C6576656C203300506F776572206C65E7
:10A0100076656C203300000056656E74696C61745F
:10A02000696F6E206C6576656C203400506F7765C3
:10A0300072206C6576656C203400000056656E7485
:10A04000696C6174696F6E206C6576656C20350093
:10A05000506F776572206C6576656C203500000066
:10A0600056656E74696C6174696F6E206C65766597
:10A070006C203600506F776572206C6576656C20B9
:10A080003600000056656E74696C6174696F6E20ED
:10A090006C6576656C203700506F776572206C6553
:10A0A00076656C203700000056656E74696C6174CB
:10A0B000696F6E206C6576656C203800506F77652F
:10A0C00072206C6576656C203800000056656E74F1
:10A0D000696C6174696F6E206C6576656C203900FF
:10A0E000506F776572206C6576656C2039000000D2
:10A0F000536176696E6720646174610057616974A9
:10A10000696E6720636D64004D616E75616C206DD2
:10A110006F646500426F6F7374206D6F646500003B
:10A1200048656174696E6700476C6F7720706C7565
:10A13000672068656174696E670000005761697423
:10A14000696E6700426C6F77696E67206265666F43
:10A1500072652077616974696E67000046616E20E0
:10A160007374617274696E6700000000504342208E
:10A1700074657374696E6700426C6F77696E67000F
:10A18000426C6F77696E67206F6E20666C616D65DB
:10A1900020627265616B000049676E2E2062792033
:10A1A000707265732E20616674657220666C616DD5
:10A1B0006520627265616B00426C6F77206F6E2064
:10A1C000707772206F6E000056656E74696C6174F2
:10A1D000696F6E0043616C6962726174696F6E00D1
:10A1E0004D6F746F722063616C6962726174696F24
:10A1F0006E000000507265706172696E6720666F54
:10A20000722069676E6974696F6E000053687574B7
:10A2100074696E6720646F776E000000576169741F
:10A22000696E6720666F72207468652074656D7052
:10A230002E2064726F7000004D6964646C6520703C
:10A240006F776572000000004869676820706F775B
:10A25000657200004C6F7720706F776572000000A8
:10A26000496E697469616C20646961676E6F7374AB
:10A2700069637300426C6F77696E67206F6E206F41
:10A280007665726865617400426C6F77696E6720ED
:10A290006F6E207374617274000000005761746502
:10A2A000722070756D70206F6E6C7900545530009F
:10A2B00049443100544431004843555F54454D50A2
:10A2C0005F534849465431005455310049443200E7
:10A2D000544432004843555F54454D505F534849FC
:10A2E000465432005455320049443300544433003C
:10A2F0004843555F54454D505F53484946543300D9
:10A3000054553300544434004843555F54454D5030
:10A310005F53484946543400545534005444350082
:10A320004843555F54454D505F53484946543500A6
:10A3300054553500544436005455360054443700C3
:10A340004843555F554E444552464C4F4F525F4827
:10A35000454154494E475F434F4E4E454354454453
:10A36000000000004843555F454E47494E455F5049
:10A370005245484541545F434F4E4E454354454432
:10A3800000000000444953504C41595F5359535405
:10A39000454D5F53544F524147455F4D4F44450033
:10A3A00046414E5F4D414E55414C5F4D4F44450037
:10A3B00045434F5F4D4F44450000000050524F54FD
:10A3C0004F5F4D4F444500004843555F54414E4B4D
:10A3D0005F49474E4954494F4E5F53544F5241478E
:10A3E000450000004843555F454C454D454E545F80
:10A3F00049474E4954494F4E5F53544F5241474588
:10A40000000000004843555F54414E4B5F53455494
:10A41000504F494E545F53544F524147450000003E
:10A420004843555F454C454D454E545F5345545048
:10A430004F494E545F53544F52414745000000006E
:10A440005A4F4E45315F454E41424C450000000099
:10A450005A4F4E45325F454E41424C450000000088
:10A460005A4F4E45335F454E41424C450000000077
:10A470005A4F4E45345F454E41424C450000000066
:10A480005A4F4E45355F454E41424C450000000055
:10A49000444953504C41595F53595354454D5F4CB7
:10A4A000494D49545F574F524B54494D45000000A8
:10A4B00046414E535F50574D5F434F5252454354B0
:10A4C0005F54494D450000004457415445525F5088
:10A4D0004155534500000000444953504C41595FD9
:10A4E0005A4F4E45315F46414E5F4D414E55414CAE
:10A4F0005F56414C55450000444953504C41595F0B
:10A500005A4F4E45325F46414E5F4D414E55414C8C
:10A510005F56414C55450000444953504C41595FEA
:10A520005A4F4E45335F46414E5F4D414E55414C6B
:10A530005F56414C55450000444953504C41595FCA
:10A540005A4F4E45345F46414E5F4D414E55414C4A
:10A550005F56414C55450000444953504C41595FAA
:10A560005A4F4E45355F46414E5F4D414E55414C29
:10A570005F56414C55450000454C454D454E545F96
:10A5800044495341424C494E47000000444953500E
:10A590004C41595F5A4F4E45315F46414E5F4D41E8
:10A5A0004E55414C00000000444953504C41595F06
:10A5B0005A4F4E45325F46414E5F4D414E55414CDC
:10A5C00000000000444953504C41595F5A4F4E45DA
:10A5D000335F46414E5F4D414E55414C00000000F7
:10A5E000444953504C41595F5A4F4E45345F4641A0
:10A5F0004E5F4D414E55414C0000000044495350C0
:10A600004C41595F5A4F4E45355F46414E5F4D4173
:10A610004E55414C00000000454D454752454E43C4
:10A62000595F5357495443485F4348414E4E454C48
:10A63000000000004D494E5F4C49515549445F4C64
:10A640004556454C0000000046414E315F50574D85
:10A650005F4C494D0000000046414E325F50574D5F
:10A660005F4C494D0000000046414E335F50574D4E
:10A670005F4C494D0000000046414E345F50574D3D
:10A680005F4C494D0000000046414E355F50574D2C
:10A690005F4C494D0000000044415954494D455F0D
:10A6A00046524F4D000000005A4F4E45315F505505
:10A6B0004D505F4E554D00005A4F4E45325F50553C
:10A6C0004D505F4E554D00005A4F4E45335F50552B
:10A6D0004D505F4E554D00005A4F4E45345F50551A
:10A6E0004D505F4E554D00005A4F4E45355F505509
:10A6F0004D505F4E554D00005A4F4E45315F455805
:10A700005452415F50554D505F4E554D0000000072
:10A710005A4F4E45325F45585452415F50554D5047
:10A720005F4E554D000000005A4F4E45335F45586F
:10A730005452415F50554D505F4E554D0000000042
:10A740005A4F4E45345F45585452415F50554D5015
:10A750005F4E554D000000005A4F4E45355F45583D
:10A760005452415F50554D505F4E554D0000000012
:10A770004D41494E5F4255524E45525F4E554D0038
:10A780004843555F454E47494E455F505245484501
:10A7900041545F4455524154494F4E00484541543D
:10A7A00045525F4C49515549445F49474E495449C8
:10A7B0004F4E00004843555F54414E4B5F49474E52
:10A7C0004954494F4E0000004843555F454C454DA4
:10A7D000454E545F4F4E000044415954494D455F2A
:10A7E000544F0000464C4F4F525F50554D500000A3
:10A7F000454E47494E455F505245484541545F508C
:10A80000554D50004D4F444255535F414452000056
:10A810004D414E55414C5F484F545F57415445524E
:10A8200000000000464C4F4F525F54454D505F535F
:10A83000454E534F52000000454E47494E455F502C
:10A840005245484541545F54454D505F53454E5322
:10A850004F5200004843555F554E444552464C4FB9
:10A860004F525F48454154494E475F4859535445FC
:10A8700052455349530000004843555F44454652F2
:10A880004F5354494E475F485953544552455349D5
:10A8900053000000434845434B494E475F5A4F4ED3
:10A8A000455F46414E53000043414E5F4144445290
:10A8B00045535300545F554E495453004845415445
:10A8C00045525F4C49515549445F49474E495449A7
:10A8D0004F4E5F53000000004843555F54414E4BBC
:10A8E0005F49474E4954494F4E5F53004843555FB7
:10A8F00054414E4B5F49474E5F4E494748545F5362
:10A90000000000004845415445525F4C49515549AB
:10A91000445F534554504F494E545F53000000006C
:10A920004843555F54414E4B5F534554504F494E39
:10A93000545F53004845415445525F4C4951554975
:10A94000445F49474E4954494F4E5F44575F530057
:10A950004843555F54414E4B5F49474E4954494F18
:10A960004E5F44575F5300004845415445525F5085
:10A97000554D505F5748494C455F454E47494E45F8
:10A980005F4845415400000054494D455F464F52D1
:10A990004D4154004D41585F4241434B4C4947485B
:10A9A000540000004843555F54414E4B5F49474EA9
:10A9B0005F4E4947485400004252494748544E456B
:10A9C00053535F4E494748540000000048454154E6
:10A9D00045525F315F504F5745525F4C494D495486
:10A9E000000000004845415445525F325F504F57C8
:10A9F00045525F4C494D49540000000048454154C0
:10AA000045525F335F504F5745525F4C494D495453
:10AA1000000000004845415445525F345F504F5795
:10AA200045525F4C494D495400000000484541548F
:10AA300045525F355F504F5745525F4C494D495421
:10AA4000000000004845415445525F365F504F5763
:10AA500045525F4C494D495400000000484541545F
:10AA600045525F375F504F5745525F4C494D4954EF
:10AA70000000000050554D505F4F4E5F454C454D16
:10AA8000454E54004845415445525F4C4951554943
:10AA9000445F534554504F494E5400004843555F5E
:10AAA000554E444552464C4F4F525F4845415449DC
:10AAB0004E475F534554504F494E54004843555FED
:10AAC000444546524F5354494E475F534554504FA7
:10AAD000494E54004843555F54414E4B5F534554D3
:10AAE000504F494E540000004843555F454E47497A
:10AAF0004E455F505245484541545F534554504F71
:10AB0000494E54004843555F454C454D454E545FB2
:10AB1000534554504F494E540000000046414E5397
:10AB20005F44545F53544152540000004449535011
:10AB30004C41595F54494D454F5554004449535079
:10AB40004C41595F5A4F4E45315F4E494748545F1B
:10AB500054000000444953504C41595F5A4F4E45F0
:10AB6000325F4E494748545F5400000044495350F7
:10AB70004C41595F5A4F4E45335F4E494748545FE9
:10AB800054000000444953504C41595F5A4F4E45C0
:10AB9000345F4E494748545F5400000044495350C5
:10ABA0004C41595F5A4F4E45355F4E494748545FB7
:10ABB00054000000444953504C41595F5A4F4E4590
:10ABC000315F4441595F5400444953504C41595FEF
:10ABD0005A4F4E45325F4441595F540044495350E7
:10ABE0004C41595F5A4F4E45335F4441595F5400C1
:10ABF000444953504C41595F5A4F4E45345F44418C
:10AC0000595F5400444953504C41595F5A4F4E4587
:10AC1000355F4441595F54004845415445525F4CAB
:10AC200049515549445F49474E4954494F4E5F4445
:10AC3000570000004843555F54414E4B5F49474E13
:10AC40004954494F4E5F4457000000004843555F48
:10AC5000454C454D454E545F4F4E5F4457000000F4
:10AC60004252494748544E4553535F4441590000AE
:10AC70004457415445525F5052494F52495459002C
:10AC8000FCAC030800040020D0130000C00102083F
:10AC900094B30308D0170020C84600001C02020825
:10ACA000B1B2FFFF6DB2FFFFB9B2FFFFADB1FFFF61
:10ACB00089B1FFFF75B1FFFF49B2FFFF8DB1FFFF03
:10ACC00049B1FFFFDDB1FFFF59B2FFFF65B2FFFFE2
:10ACD00071B2FFFFBDB1FFFF99B2FFFFA5B1FFFF4A
:10ACE00089B1FFFFFDB1FFFF09B2FFFF2DB1FFFFEB
:10ACF000C1B1FFFFCDB1FFFFD9B1FFFF5184D8B87B
:10AD000005680901020304060708090CA910015D82
:10AD100004C0400240021F05320C36B0A2030803F3
:10AD200013704782201AFF012143803F320D5ACC15
:10AD3000240A157424320E5AE8240A157824321293
:10AD400045A8A803088BE12D245206492432154B4F
:10AD500040A42413441D33200129042958692432B6
:10AD6000165A50241A45247202A92432175A602414
:10AD70005A4648E9242A18F459241A472481A92458
:10AD80002A190A59240A154824321C2D04AB030839
:10AD90006413301E33205532059A5A24321D4BC895
:10ADA000A7241A32240A114D24321E4B4CAC241A0B
:10ADB00034240A115024321F4B84AA241A36242921
:10ADC0001CE92429A55A9C6C1A38240A11462432FD
:10ADD000215A186C1A3A240A11522432225AD46C7D
:10ADE0005A3C6CDA142432235AB46C5A3E6CE9246F
:10ADF0002A24D0596C5A426CE92432251A70243224
:10AE0000041AC4248129346924322645C8A40308BD
:10AE10009AD0249AFF2432274BACA26C13DC1D730A
:10AE2000200A9AC8242A281059241ADE240A110F4D
:10AE30002432295AE4241AE02429B0E924422A4A77
:10AE4000A3241AE22472199AFA24322B5A18241ACB
:10AE5000E424721E3A2CD94924322C5A30241AE6A2
:10AE60002472239A5E24322D5A38241AE82429C4E5
:10AE7000419A902432325AB4B41ACE240A1105B43D
:10AE800032335AD0241AD0240A110A2432345AEC0C
:10AE9000241AD2240A110F2432355A04901AD424C9
:10AEA0000A1114FC32365A1C241AD6240A1119FC31
:10AEB0002A377059241AD8240A111EFC32385A3CF9
:10AEC000241ADA240A1123FC323B45A8A603081AE7
:10AED0008324819A0790323C5AB8241A8424393F3B
:10AEE000D9242A3DE859240A1585242A3EAC592440
:10AEF0000A15862429055AE8240A15872432405A5F
:10AF000048241A8E2472509A642432415A58240AD2
:10AF1000158F2432425A68240A15902432435A78F5
:10AF2000240A15912432445A88240A159224324561
:10AF300036B0A40308021ABC245A2CD98B881324D7
:10AF40002A46104AA94813CD432A202C292729082C
:10AF5000692432474BB4A8240A15CF2432481A98E2
:10AF60009032051323444B201C1D112A9F11592494
:10AF700032494BD8A7241A25240B10B00424324A96
:10AF80004B60ACB41AE26C29D8DA0AD8324B1AB842
:10AF9000B429241AE4240A111424325F4BA0A3B468
:10AFA0001ACAFC8129B8692432632D1CAB0308142A
:10AFB0001AC8245A0F489AC82429542D74AA030881
:10AFC000AB13F01E4A2040C94832824B94A8240B90
:10AFD00014861C2432874BF8A6901A886C390931E4
:10AFE0004908492432884B10A7240A15892432893C
:10AFF0005A28240A158A24328A5A40240A158B2496
:10B00000328B5A58240A158C24328C4BA4A9241A4A
:10B0100040FC323C32059A5A24328D1AECFC411A1B
:10B020004E240A113724328E3678A50308041A629A
:10B0300024819A0124328F5ACC6C13311F73200360
:10B040009A092432905AE4240A15792432915AFC40
:10B05000240A15C12432924B14AA240B140920246B
:10B0600032935A2C240A15512432945A44240A1536
:10B07000992432955A5C240A15E12423F5011DB464
:10B08000AB0308071113621D332016320A9A2024DD
:10B090001AF61D5AC8240A1564241AF71D5ADC240E
:10B0A0000A1566241AF81D5AF0240A1568241AF99C
:10B0B0001D4B04AC240A156A241AFA1D5A3C481A7E
:10B0C0006C240A1114241AFB1D5A54240A156E24E8
:10B0D0001AFC1D5A6C240A1570241AFD1D5A84246A
:10B0E0000A1572241AFE1D5A9C240A15742423087A
:10B0F0000245D8A403081A762472329A64241A09E5
:10B10000245AF8240A1577241A0A244B18A5240A6D
:10B110001578241A0B245A38240A1579241A0C2479
:10B120005A58240A157A241A0D241A8C2432041A27
:10B13000BE248129E869241A0E245AA8240A15BFBE
:10B14000241A0F245AC4240A15C0241A10245AE0C1
:10B15000240A15C1241A11245AFC240A15C2241ADF
:10B1600012241D90A40308071113C2430B11200CD5
:10B17000D81A131D4B2CAB241AFC244A2C41113A2B
:10B18000680849241A141D4B84A36C1A63240912FD
:10B190006C1A1C241A206C291413521E7320379A1F
:10B1A0005A241A1D241AE44829241A54240A112D59
:10B1B000241A1E245A04480A1556481A1F245AC82D
:10B1C000481A58240A111E241A20245A40B41AD4AA
:10B1D000240912B41A21244B9CAA485ADA482A039B
:10B1E0003C99241A22244B54A8241ADE243205192F
:10B1F00013119A0A241A23115A646C0A15E26C1A64
:10B2000024241AE86C293C1AE8247250490849247D
:10B210001A251D4B80A7241AEA245A3C682AAA75CD
:10B2200059241A261D5ABCB41A5E24292029B4298F
:10B23000BC69241A27245A78B40A1560B41A281154
:10B240004BB8A22413EE1D2B2019982CFFFFFF08EA
:10B2500049241CC8C129245AD4240A15F0241A2AC6
:10B26000245AF0240A15F2241A2B244B08A3240A8A
:10B2700015F4241A2C245A20240A15F6241A2D24F5
:10B2800045E4A703085ADCD8419A07D81A2E241A95
:10B2900024FC411AE024491CC9FC2A2FB459481A3D
:10B2A000EC240A1106481A30245A38481AED243979
:10B2B00009D9481A32244B34A62413F71C732003EF
:10B2C000495049241A33243668A90308041AE5486A
:10B2D00029E041490849241A34241A942441130CC2
:10B2E000445B2032689A64241A35241A04242938CD
:10B2F0001A4448325532059A5A241A36241ABCB4D4
:10B3000029241A46240A1141242A37B459481A48D4
:10B31000240A114C241A38245A20245A4A6CDA146C
:10B32000241A39245AD86C5A4C6CE9241A3A245AF3
:10B3300050485A506CE9241A3B241A104832041A17
:10B34000C52481293469241A3C244518A60308130E
:10B3500090042A20B02920290869241A3E244B7021
:10B36000A7249AF3489A06241A4D244BB0A36C0ADA
:10B3700015F16C1A4E241ABC24410B145A44241A99
:10B380004F241A04B4411A5C24291C29049AF72476
:04B390000140000078
:020000040803EF
:0CFFC0005555555555557D00000F0000AB
:040000050802018567
:00000001FF
