:020000040800F2
:10800000180F00209D81000875A2000811A2000829
:108010000000000000000000000000000000000060
:10802000000000000000000000000000C381000804
:108030000000000000000000C58100089DA50008A8
:10804000C9810008C9810008C9810008C9810008E8
:10805000C9810008C9810008C9810008BD9E0008C7
:108060006DAC00084D9C0008C9810008C98100085A
:10807000C9810008C98100080DA7000861A7000890
:10808000A1A7000815A80008C9810008F1A60008EA
:10809000C9810008C9810008C9810008C981000898
:1080A000C9810008C981000811A40008C98100081D
:1080B000C9810008C9810008E59B000800F002F8AA
:1080C00000F040F80CA030C8083824182D18A2463B
:1080D000671EAB4654465D46AC4201D100F032F813
:1080E0007E460F3E0FCCB6460126334200D0FB1A27
:1080F000A246AB463343184700D3000020D300000C
:10810000103A02D378C878C1FAD8520701D330C8E0
:1081100030C101D504680C607047000000230024C2
:1081200000250026103A01D378C1FBD8520700D3AE
:1081300030C100D50B6070471FB500F033F91FBD8B
:1081400010B510BD01F0E4F81146FFF7F5FF0CF093
:1081500059F901F0FCF803B4FFF7F2FF03BC01F09A
:1081600031F9000070B505460C46164602E00FCC0A
:108170000FC5103E102EFAD2082E02D303CC03C531
:10818000083E042E07D301CC01C5361F03E0217839
:108190002970641C6D1C761EF9D270BD0E4880F3E8
:1081A00008880E480168090E0D4A914205D10D4814
:1081B0000D4901600D480E49016007480047FEE780
:1081C000FEE7FEE7FEE7FEE7FEE7000009480A4992
:1081D0000A4A0B4B70470000BD80000804000000F5
:1081E0001F000000181002400100000000000140C4
:1081F0000000000018090020180F0020180B0020B4
:10820000180B002001E004C0091F0429FBD28B07D2
:1082100001D50280801CC90700D002707047002978
:108220000BD0C30702D00270401C491E022904D3A0
:10823000830702D50280801C891EE3E70022EEE757
:108240000022DFE7002203098B422CD3030A8B4272
:1082500011D300239C464EE003460B433CD400223E
:1082600043088B4231D303098B421CD3030A8B4250
:1082700001D394463FE0C3098B4201D3CB01C01A1E
:10828000524183098B4201D38B01C01A52414309E9
:108290008B4201D34B01C01A524103098B4201D3D7
:1082A0000B01C01A5241C3088B4201D3CB00C01A44
:1082B000524183088B4201D38B00C01A52414308BC
:1082C0008B4201D34B00C01A5241411A00D20146E1
:1082D0005241104670475DE0CA0F00D0494203107A
:1082E00000D34042534000229C4603098B422DD3C9
:1082F000030A8B4212D3FC22890112BA030A8B4271
:108300000CD3890192118B4208D3890192118B42BF
:1083100004D389013AD0921100E08909C3098B4244
:1083200001D3CB01C01A524183098B4201D38B0187
:10833000C01A524143098B4201D34B01C01A52412A
:1083400003098B4201D30B01C01A5241C3088B426F
:1083500001D3CB00C01A524183088B4201D38B005A
:10836000C01A5241D9D243088B4201D34B00C01AE4
:108370005241411A00D20146634652415B101046F9
:1083800001D34042002B00D54942704763465B1041
:1083900000D3404201B50020C046C04602BD704730
:1083A0007047704770B5064C7C44064D7D4403E031
:1083B000206800198047241DAC42F9D170BD00002F
:1083C0006CD00000C8D000000246C80FC00781432F
:1083D0004B0030B54B405B009B0D20D01923DB06D2
:1083E000C91801231B05994220DB0324A407042597
:1083F0001346AB400BD3002B04D1EB0613409B007C
:10840000E34204D401246407002312195941FF23D5
:108410001B0599420BD2C9000143500F09E0CB0262
:1084200004D501430803024305D0054830BDFF21B0
:10843000C905084330BD084607210905884330BDFA
:108440000000C07FF0B50C46871A9C410D46861A85
:108450009D4103D2C01BA141D21963410D0D1F0DD7
:10846000C94EEC1BAE435CD07F057F0D0026002F6C
:1084700051D02D05AC46A943DD020123ED0A1B05B1
:108480001D4320231B1B24D41746E7403818714195
:108490002F46E740CC199D402818314661410C0D0C
:1084A00027D161449A4013D50023401C5941520002
:1084B0000ED14008400001224B005205D34207D3A1
:1084C00005204007C14201D5B04900E0B04930461F
:1084D000F0BD6B00002A00D001229A181F23203C17
:1084E0001B1B01D5002302E0E540281871410C0D4B
:1084F000D7D0012424050919C407CD07400849082D
:10850000E40F28436144002CD5D00024401C614175
:108510009A40D0D1CDE76A05520DD9D1C90FC9070C
:10852000D5E79C4D4E00002801D0012400E0002436
:1085300034195F00002A01D0012600E00026BE1990
:10854000954FAC420CD8AE420AD8B44206D00125B1
:108550006D05EC42BCD010461946F0BD9942FCD0E6
:1085600000203946F0BDF0B51FB40C460F46811A05
:108570009F412546861A9D4106D20125ED076F4091
:10858000401ABC4152187B41210D1E0D8D1BAC467B
:108590007D4D8D437ED075056D0D7CD00D05AE46AD
:1085A000AC431B031B0B794D52429D412023664671
:1085B0009B1B14D31746F7403818002600907441CF
:1085C00060462F460741E41900989D4028186641EF
:1085D00016D4714671189A4025D5012320E09318CE
:1085E0002A466A415200002B00D0521C1E23203E16
:1085F0009B1B002B61DD3541EE1728186641E8D53D
:10860000001876415B1C9A4000D3401C4B05F318C0
:108610001524E34010D3002B52D071467118D30FAC
:10862000C01802D3491C05B0F0BD0123DB079A42F4
:10863000F9D140084000F6E701225205B21801D1F5
:10864000002853D00123CC0ADB029943891E002A5B
:1086500008D1020C03D0020C0004103902E00246DB
:10866000002020390023550B05D112020823550B99
:1086700001D152010D23550C01D112011B1DD50C46
:1086800001D192009B1C150D01D152005B1C2025CD
:10869000EE1A01E02CE022E00546F5401543984033
:1086A000CA1AE10769181305C918002ABBDA0320A2
:1086B00040070818C10FC9070FE071466118B2E7FB
:1086C000F10740080843711071444A000CD001239F
:1086D0005B059A42A7D2C90FC9070020A3E7490545
:1086E000490D26D1002001E00028F4D100219AE7AD
:1086F000284D6600002801D0012100E000217118FA
:108700005F00002A01D0012600E00026BE19224F9A
:10871000A94210D8AE420ED8B14208D001256D054D
:10872000E94206D01946A802414010467BE79C4228
:1087300001D0214677E70020394674E710B50C4692
:108740005C4005D50124E4076340FFF70CFF10BD32
:10875000FFF778FE10BD30B40C465C4004D5012410
:10876000E407634030BC6DE630BCFCE670B5012424
:10877000E40761400D465D4002D4FFF763FE70BD23
:108780006340FFF7F0FE70BDFF0700000000F0FF40
:108790000000F07F0000E0FF0000F87FF0B5F94D29
:1087A0000C091E092C402E402F468BB0A7437DD0CC
:1087B000B543FCD0002E7AD0002CFCD00D465D4095
:1087C000ED0F2543AC1BFF25AD0464190894C502C9
:1087D000440DC9022143500DDC0204430120C007AF
:1087E00001430443D2020191200C110C00958C46E8
:1087F000010423468B430A9161460904E24D8A43F2
:108800000991010A7D4449198039097805464D438B
:1088100001266D18F605751B6943C90C640B891C8C
:108820004C436418B5012C1B250C2E04B4434C4357
:108830004D43210C691889090591009DE90701D074
:108840000121C90704912C4601996708CD072F43E0
:108850004C08059DE10B4D432D0C2946664675439A
:1088600002950D4645432E46029D7D1BB441009561
:108870000D465D4301942C0C2F040D465543AE4626
:108880002D0C3D43029503947546049C2D04641BF6
:10889000049406D2029C039D641C00267541039536
:1088A000029401AC70CC009F7D1B01E03EE162E1CF
:1088B000B44109040095079101940599A408614306
:1088C000090C0C464443650BE7040C4666467443AA
:1088D000A646640B3C43039502947446049DE4044D
:1088E0002C1B049406D2029C039D641C0026754137
:1088F0000395029401AC70CC009F7D1BB4410194A0
:108900000C465C430095650FE7000C465443A646B1
:10891000640F3C43039502947446049DE4002C1BB1
:10892000049406D2029C039D641C002675410395A5
:10893000029401AC70CC009F7D1BB441AE09AF0620
:10894000049DC900AD092F43049DA406AD060495FE
:10895000079D344369180791059DE10B4D432D0C8C
:1089600029466646754302950D4645432E46029DAF
:108970007D1BB44100950D465D4301942C0C2F04E2
:108980000D465543AE462D0C3D4302950394754666
:10899000049C2D04641B049406D2029C039D641C59
:1089A000002675410395029401AC70CC009F7D1B9D
:1089B000B44101948C050694079C890A61180095BE
:1089C0000791019C0599A4086143090C0D46454394
:1089D000680BEF040D46644665436C0B3C43049FF3
:1089E000ED047D1BAC4602D20025641C6841009E4C
:1089F000019D371B85410846584301950C46460F9B
:108A0000C5005443600F28436546E4002C1B02D286
:108A10000025401C6E41019D3F1AB5412846BD0905
:108A2000800628438446A009BF064E020699A40684
:108A300076180743079D002068410A99079019435B
:108A40000020099B00906046FF1913434041E20F4C
:108A500064003A43A4460446D71A8C41A04203D985
:108A60000120009020463A46C70F941840416246C4
:108A7000D20F2243644664000494009CBE46640006
:108A8000D71AA446044602978C417746002F01D19D
:108A9000A04204D96046401C8446029A2046C40F76
:108AA000A64694184041049A0546D20F22436446D4
:108AB0006400D31A8D417146002901D1A84202D920
:108AC00028461A46641C10430122002800D0164391
:108AD00061020020079B891904465C410223002C97
:108AE00002DB491813466441089DCE0A2D145D1916
:108AF0004B056705E10A2C050D1908993E43C90786
:108B00006940002B08D0934006D30022761C5141C7
:108B1000002B01D1760876001C4A002D43DB15425C
:108B200041D0AA433FD030460BB0F0BD06180D46E9
:108B30004D41174C7642AC411AD395181C465C4106
:108B4000134A6D42A24113D3012252054C00D44274
:108B50000AD15C00D4420BD04B4002D592021143A3
:108B6000E2E749004908DFE75940C90FC90718E0A3
:108B700000200849D8E7054801420DD10342F7D04B
:108B8000F2E700000000FF0730CB00000000F07F9C
:108B90000000E0FF0000F87F114859400143C01277
:108BA00041400020C0E70123089A9B069A4205DC59
:108BB000032252078918C90FC907B5E705225207D2
:108BC0008918074A1143D2125140ADE770B51546D6
:108BD0001C4602460B4628462146FFF7DFFD70BDC6
:108BE000FFFFFF7F30B50346CA02400D1043164D0C
:108BF000164C0A1502D02043002A06DBAA1A002AC6
:108C000012DDD040FF2A0BDC30BD5205520D01D1E0
:108C100040004008AA1A07D4D0404042FF2A01DD94
:108C2000002030BD0028FCDD4A00002B01D00120CF
:108C300000E00020101801225205D042F0D8C817D9
:108C4000C043604030BD00001E04000000000080F2
:108C50000346CA02400D10B510430A1504D0012482
:108C6000E4072043002A05DB0A4CA21A04D4D040B2
:108C7000FF2A00DD002010BD4A00002B01D001209A
:108C800000E00020101801225205D042F2D8C81787
:108C9000C04310BD1E0400001F22030C02D10F228E
:108CA000000402D0030E03D004E000200146704708
:108CB0000002083A030F01D10001121F830F01D1F6
:108CC0008000921E002801DB4000521E1205511840
:108CD0004205C012411810467047C10FC90700D0A5
:108CE0004042012292071143D6E701218907D3E7C9
:108CF000F0B58B4C0F09254689B0BD437BD01D09CB
:108D00002646AE43FAD00E465E402740F60F3E435D
:108D1000254071D024012142FBD0FF24AD19A404C9
:108D20002D1B039501252D05DB02DB0AC9022B4310
:108D3000C90A29431E010901040F130F050121432C
:108D40001701880B820391432D098C46A90B1E4302
:108D50008A039543B30B9A0396433F09BA0B9403D6
:108D6000A74302962E467E430497B6464E19D7195E
:108D70000C460196544305977E43371B7646BF1B2E
:108D80003601B646BE0B361900967646BC04371936
:108D9000009C01D3641C00946400002F01D00126C4
:108DA0003443029E049F754366467E4304967600D4
:108DB00034196E0034190094029C019E1C196643FC
:108DC000751BAE46069465464519059C05956C4392
:108DD000594375460891691A0191049E0146514311
:108DE000A41B0491611A009C0791E10605D061095A
:108DF0000122114302E072E06EE06109089D002744
:108E00002C0A2D066918049D7C412A0A2D06691832
:108E1000019D6241AC0DAD026D185441079A910D50
:108E2000920255196141029A644658435443069B85
:108E3000059A5A43121A131B9A0E9B015B187A412A
:108E4000010B0005C3185141220A200644195A415A
:108E50009A4200D2491C01204002814203D31523CB
:108E60000226F64302E014230326F6432020C51A07
:108E7000A9401746AF40DA400A4320460399D8403C
:108E80000914731819055118039A3843D207514031
:108E9000AC4009D00122944006D30022401C51412D
:108EA000002C01D1400840001E4A934212D30122F7
:108EB00003989206904207DB0520400709181A48DC
:108EC0000143C012414004E0032040070818C10FCD
:108ED000C907002009B0F0BD0020F107FAE7051826
:108EE0000C464C4111486D42A04115D394181A46C6
:108EF0005A410E48644290410ED301204A00400579
:108F0000824209D35A00824206D35940C90F084A07
:108F1000C90700201143DDE700200649DAE7000019
:108F20000000FF07FE070000FFFFFF7F0000E0FFDB
:108F30000000F07F0000F87F0121C90501234118DE
:108F400042001B06D3185B0E0AD0C1100722D206BE
:108F5000891840075242D14201D552008918704702
:108F6000090208D50146002A03D0C10FC907002015
:108F7000704710467047420202D0002002497047F5
:108F8000072109050143F4E70000F87FF0B5FF254C
:108F90002D04C609C209FF2704462E400137CB091C
:108FA0003E4348402A402B400746002A6BD0002B06
:108FB00069D0AA4267D0AB4265D0002800DA3246B9
:108FC0000125ED0529432C4309022002090AD21A82
:108FD0004B0C7F24E31A434C000A7C44E35C7D2461
:108FE0002404121914145B00A218884201D3521CE5
:108FF00000E0400049420C465C4324115C43DB0125
:109000006415E318040A5C43C502200D0C46444372
:109010006419250A5D432303EC0C0D4665430003E8
:109020000019EB184C42A34201D35B18401CD40535
:109030002018002B07D05B00C91804D3401C00295E
:1090400001D1400840003F2189048A4209D3002A07
:1090500008DC1106090F04D0032149074018C00F8E
:10906000C007F0BD01224100120689187F22520676
:109070009142F6D205214907C84201D59010F0BDB2
:10908000FF20C005F0BD002F00DA32461648AA4284
:1090900007D2AB4205D21902090E17D0F80FC0074C
:1090A000F0BDFF2563002D06AB42F9D84900A94267
:1090B000F6D8AB4201D1A942F2D0A94201D1002198
:1090C00001E061004908D0050843F0BD1102090E16
:1090D000FBD0FF200243D005F0BD0A4601461046F2
:1090E00054E70000DAC300000000C07F10B501465D
:1090F0009E240002CA15A307002A02D01843002AA2
:1091000004DBA21A002A0CDDD04010BD1206120E9C
:1091100001D140004008A21A03D4D04040420028A8
:10912000F3DDFF2248001206904201D9002010BD55
:10913000C817C043584010BD0102C21504D0012316
:10914000DB071943002A0ADB9E239A1A02D4084639
:10915000D0407047FF2241001206914201D9002001
:109160007047C017C04370471F22030C02D10F2263
:1091700000041CD0030E01D10002083A030F01D1F4
:109180000001121F830F01D18000921E002801DB15
:109190004000521ED2055118021251181922904057
:1091A00004D3491C002801D14908490008467047EA
:1091B000C10FC90700D04042012292071143D3E7F3
:1091C00001218907D0E70000F8B5224C4E00069D2A
:1091D000A6420AD8A64201D1002806D15E00A642C6
:1091E00003D8A6420AD1002A08D00D24240425421F
:1091F0002CD02946002000F061F8F8BD0C461C4335
:109200000CD4994202D0EFF30080F8BD904202D016
:10921000EFF30080F8BDEFF30080F8BD09242407C8
:10922000E5008B4206D0EFF30080A043591A06D226
:10923000284304E0101A05D3EFF30080A04380F325
:109240000088F8BDEFF30080A043F1E7009500F03F
:109250004DF8F8BD0000E0FF10B5FF231B064400E9
:109260009C421DD84C009C421AD80346124A0B431C
:1092700007D4401A02D3EFF3008010BDEFF3008053
:1092800010BD081A06D2EFF3008001219043C907F0
:10929000084302E0EFF30080904380F3008810BDA4
:1092A0000D231B041A4204D01146002000F006F8DA
:1092B00010BD00F025F810BD00000090C80212D5C6
:1092C0004803400F002804D0C803C0430121884050
:1092D0007047EFF3008000010009032109070843EC
:1092E00080F30088704700207047000010B5002010
:1092F0000249029A00F033F810BD00000000F87F28
:1093000010B5024800F02BF810BD00000000C07F2F
:10931000754600F053F8AE46050069465346C0084E
:10932000C000854618B020B5FEF750FF60BC00278E
:109330004908B6460026C0C5C0C5C0C5C0C5C0C521
:10934000C0C5C0C5C0C5403D49008D46704710B579
:109350000446C046C0462046FEF7FDFE10BD10B5CF
:109360000C461107090F092904D00A290AD0082937
:109370000CD104E011460820FFF7A0FF06E05106DB
:1093800006D501E0510601D50120C007214610BDD8
:10939000D10607D501010909CC084907000E0006CE
:1093A000044309E0410F20024907000A0143200E4F
:1093B00000061D22D14101430846E7E700487047F7
:1093C000B808002001491820ABBEFEE726000200C5
:1093D000704710B50B460021846A1C43846200BFAD
:1093E0000C4614432146416110BD002904D0826817
:1093F00001231A43826003E0826802231A438260D9
:109400007047002904D0C26801231A43C26003E0F8
:10941000C26852085200C2607047C26802239A4371
:10942000C260C2680A43C2607047000010B50446BB
:109430000548844207D10121401500F0A3FF002117
:10944000601500F09FFF10BD0024014030B50146BB
:109450000020002200238C680125ED072C438C603E
:1094600000BF8C68E30FDB07521C0F242403A242C9
:1094700001D0002BF5D18C68E40FE407002C01D15A
:10948000086C00E0002030BD30B50246002000230B
:10949000012424060C40002C05D0946801252D06DB
:1094A000AC43234600E013681C460C40002C01D05E
:1094B000012000E0002030BD10B50022C268084B3A
:1094C0001A400C7964030B6823438C682343CC68EF
:1094D00023430C6923434C6923431A43C26010BDE4
:1094E00003D2FFFF8168042211438160704700218D
:1094F000016001718160C1600161416170470000DC
:10950000002807D0074989680122D2051143054A7E
:10951000916006E0034989680122D2059143014A1E
:109520009160704700270140002807D007498968EB
:10953000012212061143054A916006E00349896839
:10954000012212069143014A9160704700270140B1
:10955000002807D007498968012292051143054A6E
:10956000916006E003498968012292059143014A0E
:109570009160704700270140002904D0012907D0DD
:10958000022911D10AE0826880231A4382600CE02C
:1095900082680123DB031A43826006E082680123AC
:1095A000DB051A43826000E000BF00BF7047000087
:1095B00010B501235B02CA1A994242D010DC20295F
:1095C00030D006DC012924D0042925D0082948D12F
:1095D00025E0402929D0CA1FF93A002A41D12DE0BF
:1095E0003F246402131BA24236D009DCFF3AFF3A43
:1095F000023A002A28D001239B02D21A31D126E058
:109600000122D2039A1A13D001231B04D21A28D1A3
:1096100011E0154A826025E00822C26022E0102293
:10962000C2601FE0082202611CE01022026119E002
:109630000822426016E01022426013E004224260D9
:1096400010E0042242600DE0042242600AE00022A1
:1096500082610422426005E00022826104224260AD
:1096600000E000BF00BF10BD0101010010B50446BD
:109670000121480600F066FE00210120400600F0AE
:1096800061FE10BD70B504460D4600266069284095
:1096900000286FD0FF210131681A8D4264D010DCA0
:1096A000082D3DD006DC012D28D0022D2CD0042D14
:1096B0007BD12FE0102D39D0202D3DD0402D74D1FD
:1096C00040E07F221202811A904268D00DDCFF3800
:1096D000013800284FD0FF38FF380238002850D01A
:1096E00001218902401A60D151E00120C003081A0B
:1096F0002ED001210904401A57D12FE0A0682E492D
:1097000001F0B8FB064652E0E068032101F0B2FB2D
:1097100006464CE0E068082101F0ACFB064646E056
:10972000E068102101F0A6FB064640E02069032115
:1097300001F0A0FB06463AE02069082101F09AFBFF
:10974000064634E02069102101F094FB06462EE025
:109750006068082101F08EFB064628E06068102151
:1097600001F088FB064622E0A069012101F082FB9E
:1097700006461CE01CE0A069022101F07BFB0646C6
:1097800015E0A069042101F075FB06460FE0A06911
:10979000702101F06FFB064609E006E0FFE7606814
:1097A000042101F067FB064601E0002600BF00E04F
:1097B0000026304670BD00000101010030B50246B0
:1097C0000020002314680225AC43146014680125AE
:1097D0002C43146000E05B1C5468E407E40F002C89
:1097E00002D13C4CA342F6D15468E407E40F002CAC
:1097F00001D100206DE08C79012C04D11468802502
:109800002C43146003E014688025AC431460CC79C9
:10981000012C04D1146840252C43146003E0146823
:109820004025AC4314600C7A012C04D11468202527
:109830002C43146003E014682025AC4314604C7A78
:10984000012C04D1146810252C43146003E0146823
:109850001025AC4314608C7A012C04D114680825BF
:109860002C43146003E014680825AC431460CC7AE0
:10987000012C04D1146804252C43146003E01468FF
:109880000425AC4314608C78A407CD782D062C43B6
:109890000D792D042C434D792D052C430D886D1E1B
:1098A0002C43D4611468640864001460002300E051
:1098B0005B1C5468E407E40F002C02D0054CA34263
:1098C000F6D15468E407E40F002C01D0002000E03A
:1098D000012030BDFFFFFF0010B50C010346FF3330
:1098E000B1331B59042423401372137A002B07D180
:1098F0000C010346FF33B1331B595B0D136006E0C7
:109900000C010346FF33B1331B59DB0853600C01D4
:109910000346FF33B1331B590224234053720C0119
:109920000346FF33B133E3185B681B071B0F9372C9
:109930000C010346FF33B133E3185B681B041B0EB5
:10994000D3740C010346FF33B133E3189B68D37221
:109950000C010346FF33B133E3189B681B041C0E54
:1099600014730C010346FF33B133E3189B681B02E9
:109970001C0E54730C010346FF33B133E3189B688C
:109980001B0E93730C010346FF33B133E318DB68FE
:10999000D3730C010346FF33B133E318DB681B04B8
:1099A0001C0E14740C010346FF33B133E318DB685B
:1099B0001B021C0E54740C010346FF33B133E31831
:1099C000DB681B0E9374002904D1C3682024234351
:1099D000C36003E0036920242343036110BD002119
:1099E0008171C171017241728172C1728170C170E5
:1099F000032101710221417101210180704730B5BD
:109A00000246002093680124A4062340A34200D10B
:109A100010E093680124E4062340A34201D1012011
:109A200008E09368012424072340A34201D10220C7
:109A300000E0042004287BD004011346FF33813367
:109A40001B59DC07E40F05011346FF3381335C51DA
:109A50000B7A002B0FD10B885B054C7A2343050151
:109A60001446FF3481346459234305011446FF34FE
:109A70008134635110E04B68DB000C7A23434C7A4D
:109A8000234305011446FF348134645923430501FF
:109A90001446FF34813463518B7A1B071B0F8B7282
:109AA00004011346FF338133E3185B681C0924016A
:109AB00005011346FF338133EB185C600401134644
:109AC000FF338133E3185B688C7A23430501144626
:109AD000FF3481342C1963608B7B1B064C7B240480
:109AE00023430C7B24022343CC7A234305011446F1
:109AF000FF3481342C19A3608B7C1B064C7C24041E
:109B000023430C7C24022343CC7B234305011446CE
:109B1000FF3481342C19E36004011346FF33813391
:109B20001B590124234305011446FF34813463513A
:109B300030BD000010B502460023002904D00129E1
:109B400007D002290FD109E09068204C204003463D
:109B50000BE090681E4C2040034606E090681D4CC8
:109B60002040034601E0002300BF00BF1A4C181B31
:109B7000A3421BD008DC002B14D01848181800286A
:109B800012D002281CD115E0FF38FF380238002817
:109B900012D0134C001900280AD001246404001BC1
:109BA0000ED10BE002230DE000230BE0002309E0BF
:109BB000002307E0012305E0012303E0012301E086
:109BC000002300BF00BFD8B210BD00000300000496
:109BD000000300080000031000010008FFFFFFFB66
:109BE0000003FFF710B502211548FFF74BFD0128D0
:109BF0000FD1012113480170C21FFD3A0021104806
:109C0000FFF76AFE104803F0CBFE02210C48FFF775
:109C1000CFFC10210A48FFF735FD01280ED10121A4
:109C200008480170C21FFD3A0548FFF755FE064877
:109C300003F0B6FE10210248FFF7BAFC10BD000089
:109C400000640040840800206407002010B5022052
:109C500000F0EEF8002867D0022000F069F83348E1
:109C6000808E001D81B23148818600200FE02F498F
:109C700040390A6FC1004118491D4B002B49BC39BE
:109C8000C95A5218294940390A67411CC8B20428E8
:109C9000EDDB012109030920C00600F099FA002834
:109CA00042D100BF3EE021494039CA6DC100411890
:109CB000491C4B001D49BC39C95A52181B4940392F
:109CC000CA650A6EC1004118891C4B001749BC398E
:109CD000C95A5218154940390A664A6EC1004118DE
:109CE000C91C4B001149BC39C95A52180F49403997
:109CF0004A668A6EC1004118091D4B000B49BC39E8
:109D0000C95A5218094940398A66CA6EC1004118B9
:109D10004B000649BC39C95A521804494039CA6631
:109D2000411CC8B20428BEDB10BD00008002002028
:109D3000014948607047000000000240002904D03B
:109D4000026801231A43026003E00268014B1A40D3
:109D500002607047FEFF00000168334A1140016055
:109D60000021016041608160C1603049884208D1B2
:109D70002E49083949680F2211432C4A083A51608C
:109D800051E02A491431884208D1284908394968E4
:109D9000F0221143254A083A516044E02349283112
:109DA000884209D12149083949680F22120211431A
:109DB0001E4A083A516036E01C493C31884209D1BC
:109DC0001A49083949680F2212031143174A083A01
:109DD000516028E015495031884209D113490839AA
:109DE00049680F2212041143104A083A51601AE0E0
:109DF0000E496431884209D10C49083949680F225B
:109E000012051143094A083A51600CE007497831BC
:109E1000884208D10549083949680F2212061143C2
:109E2000024A083A51607047FEFF000008000240F5
:109E300001460020044A12680A40002A01D001208D
:109E400000E000207047000000000240002A03D01C
:109E500003680B43036002E003688B4303607047B1
:109E600010B5002202680D4B1A400C6A8B68234320
:109E70000C6923434C6923438C692343CC692343F6
:109E80004C6A23438C6A23431A430260CB684360C5
:109E90000B6883604B68C36010BD00000F80FFFF3C
:109EA0000021016041608160C160016141618161A7
:109EB000C1610162416281627047000010B50120FA
:109EC000400300F007F801200149C87110BD0000EF
:109ED0006805002001494861704700000004014006
:109EE000002120498279002A35D00A461268036889
:109EF0009A430B461A600A46526803689A430B4617
:109F00005A60027951180A6803681A430A60154AB0
:109F1000926803689A43134B9A601A46D2680368A2
:109F20009A43104BDA604279102A0CD11A46926893
:109F300003681A430B4B9A601A46D26803681A43A7
:109F4000084BDA600DE00749427951180A68036846
:109F50001A430A6005E0027951180A6803689A43B7
:109F60000A6070470004014030B5044604250B2008
:109F7000000400F0AFF80546042D17D10C48006925
:109F8000022108430A4908610846446100694021EA
:109F90000843074908610B20000400F09BF80546C0
:109FA000034800690221884301490861284630BD01
:109FB0000020024004200D49C968C907C90F0029C3
:109FC00001D0012010E00949C96810221140002980
:109FD00001D0022008E00549C96804221140002987
:109FE00001D0032000E00420704700000020024060
:109FF0000348006980210843014908617047000057
:10A0000000200240002806D00649096810221143AA
:10A01000044A116005E00349096810229143014A8E
:10A02000116070470020024078B506460C460425B2
:10A03000002000900B20000400F04CF80546042D91
:10A0400024D1134800690121084311490861348073
:10A050000B20000400F03EF80546042D10D1B01C82
:10A060000090200C009908800B20000400F032F8CA
:10A07000054607480069400840000549086105E0B9
:10A08000034800694008400001490861284678BD3E
:10A090000020024001460020044A106840084000A9
:10A0A00002460A431046014A1060704700200240F1
:10A0B0000548006980210840002804D0034802496F
:10A0C000486003484860704700200240230167450C
:10A0D000AB89EFCD10B503460424FFF76BFF0446B0
:10A0E00003E0FFF767FF04465B1E012C01D1002B44
:10A0F000F7D1002B00D10524204610BDF0B50A464B
:10A1000000210023002400BF3DE001258D402B46A7
:10A1100015681D402C469C4234D11579012D02D082
:10A120001579022D16D185684F000326BE40B54330
:10A13000856055794E00B5408668354385608588D1
:10A1400001268E40B5438580858896798E40B6B2CB
:10A150003543858005684F000326BE40B543056042
:10A1600015794E00B540066835430560C5684F0057
:10A170000326BE40B543C560D5794E00B540C668DC
:10A180003543C560491C1029BFD3F0BDF0B500238D
:10A1900000244D07EE0E1546B5402B46CD10AE00FF
:10A1A00005462035AD594E07F70E0F26BE40B54384
:10A1B000CE10B60007462037BD51CD10AE003D464B
:10A1C000AD591D432C46CD10AD003E467451F0BD37
:10A1D00002460020138A0B40002B01D0012000E032
:10A1E0000020704701857047816170470449016014
:10A1F000002101710121417100218171C1717047FC
:10A20000FFFF0000002A01D0816100E00185704756
:10A2100000BFBFF34F8F04480449C860BFF34F8F9E
:10A2200000BF00BFFEE700000400FA0500ED00E0FB
:10A230000148024908607047CCCC00000030004063
:10A240000148024908607047AAAA00000030004097
:10A2500001494860704700000030004001498860B3
:10A26000704700000030004001490860704700005E
:10A27000003000407047000000218278002A27D07B
:10A28000184A03231B02D21803789B109B00D15855
:10A2900002789207D30EFF229A400B469343194649
:10A2A00042789207120E03789B07DB0E9A40114307
:10A2B0000C4A03231B02D21803789B109B00D15039
:10A2C0000278D306DB0E01229A40064B1A6007E0A3
:10A2D0000278D306DB0E01229A40024B80331A60CB
:10A2E0007047000000E100E005490969042291433C
:10A2F000034A1161012801D130BF00E020BF70473F
:10A3000000ED00E0002905D0054A52690243044BE4
:10A310005A6104E0024A52698243014B5A61704714
:10A3200000100240002905D0054AD2690243044BBF
:10A33000DA6104E0024AD2698243014BDA61704774
:10A3400000100240002905D0054A12690243044B5F
:10A350001A6104E0024A12698243014B1A61704794
:10A3600000100240002905D0054A92690243044BBF
:10A370009A6104E0024A92698243014B9A617047F4
:10A3800000100240002905D0054AD2680243044B60
:10A39000DA6004E0024AD2688243014BDA60704717
:10A3A0000010024010B50246002100230020511188
:10A3B000002902D10C4C23680BE0012902D10A4C80
:10A3C000236A06E0022902D1074C636A01E0064CC9
:10A3D000636BD106C90E01248C401C40002C01D0B7
:10A3E000012000E0002010BD00100240002806D02F
:10A3F0000649496A01221143044A516205E00349B2
:10A40000496A49084900014A5162704700100240F8
:10A4100010B56021054800F023F8002804D0034857
:10A4200000F03AF8044600BF10BD000000380040BC
:10A43000002904D0028840231A43028003E00288E6
:10A44000014B1A4002807047BFFF00000246002007
:10A4500013890B40002B01D0012000E00020704741
:10A46000F0B5024600200024002300250F073F0F0F
:10A470000126BE40B4B20B1101269E40B3B29688AD
:10A480001E40354616892640002E03D0002D01D0EF
:10A49000012000E00020F0BD0146888970470000DF
:10A4A00010B500220288C1239B011A400B88CC8979
:10A4B0002343CC8823430C8923434C8923438C8931
:10A4C00023431A4302808288084B1A408B881A4320
:10A4D00082800B8A03820288054B1A404B881A43FC
:10A4E0000280838B034C2340838310BDFFF0000068
:10A4F000FBFF0000FFF70000014600220A460C3275
:10A50000107870478288034B1A40828082880A4301
:10A5100082807047FFEF0000002202460C3211706B
:10A5200070470021018041800721090281800021BC
:10A53000C180018141818181C181072101827047F0
:10A5400030B500228B071C0F0F23A3401A460B4B7C
:10A550008C10A4001B599343084C8D10AD0063511F
:10A5600023468C10A4001B598C07250F0446AC40D1
:10A570002343024C8D10AD00635130BD08000140F3
:10A5800001460020044A10688008800002460A4301
:10A590001046014A106070470000014000B50248B3
:10A5A00003F011FB00BD0000A0010020F8B500255C
:10A5B000002400260027274840680C210840054653
:10A5C000002D06D0042D08D0082D0AD00C2D2ED138
:10A5D00029E02148214908602DE021481F490860F1
:10A5E00029E01C4840680F218904084004461948A6
:10A5F00040680321C90308400646A00C841C002EB5
:10A6000004D118486043154908600BE01148C06A3E
:10A610000007000F471C39461148FDF713FE604341
:10A620000E49086007E010480C49086003E00A483A
:10A630000A49086000BF00BF06484068F021084092
:10A6400000090A490D5C05480068E84003490860B4
:10A65000F8BD00000010024000127A000001002046
:10A660000024F40000093D00006CDC02004A0108EF
:10A6700010B51B48006801210843194908600846C5
:10A68000406818490840164948600846006816495D
:10A69000084013490860084600680121890488437E
:10A6A0000F490860084640687F21C90388430C4968
:10A6B00048600846C06A00090001C8620846006B8D
:10A6C000FF2154318843064908630846406B074917
:10A6D0000840034948630020886000F05FFB10BD1C
:10A6E000001002400CB8FF80FFFFF6FEFEFFFEFFE9
:10A6F00010B50221044800F0E4F8002803D002213C
:10A70000014800F0BBF810BD0020004010B510213A
:10A71000114800F0D6F800281DD010210E4800F096
:10A72000ADF80121C9020920C006FFF751FD00283C
:10A7300001D0012000E000200849C8730846C17B11
:10A7400008F0ACFD0548807BFF2804DA0348807BD5
:10A75000401C0249887310BD002C0140D402002027
:10A7600010B50821C80600F0ACF8002812D0082166
:10A77000C80600F083F808210748FFF729FD0028E4
:10A7800005D106480088401C0449088002E00020EA
:10A790000249088010BD0000000400483C0300206E
:10A7A00010B50421184800F08CF8002812D00421BC
:10A7B000154800F063F820211448FFF709FD002830
:10A7C00005D11348008B401C1149088302E000208A
:10A7D0000F49088308210C4800F073F8002812D0B4
:10A7E0000821094800F04AF820210848FFF7F0FC4A
:10A7F000002805D10648408B401C0549488302E0EB
:10A8000000200349488310BD0004004000040048B4
:10A810001803002010B50121074800F052F8002865
:10A8200008D00121044800F029F8012003490870EC
:10A830000349087010BD0000001000400501002011
:10A84000A0010020002904D0028880231A4302803E
:10A8500003E00288014B1A40028070477FFF00002E
:10A86000002904D0828801231A43828003E0828871
:10A87000014B1A4082807047FEFF0000CA430282EB
:10A8800070470000002904D0028801231A43028087
:10A8900003E00288014B1A4002807047FEFF00006F
:10A8A000002907D04422125A0123DB031A43442310
:10A8B0001A5205E04422125A53045B0C44221352EC
:10A8C000704730B50246002000230024158A0D4051
:10A8D0002B4695890D402C46002B03D0002C01D02F
:10A8E000012000E0002030BD70B505460C462088F0
:10A8F00000280AD12389A2886188284600F0C0F97F
:10A90000E188284600F03EF925E0208804280AD195
:10A910002389A2886188284600F0CEF9E18828467C
:10A9200000F03AF917E0208808280AD12389A28884
:10A930006188284600F0E6F9E188284600F038F9F9
:10A9400009E02389A2886188284600F0FFF9E188A0
:10A95000284600F037F970BD0021018041800121B7
:10A9600081800021C18001817047002A03D0838942
:10A970000B43838102E083898B438381704700000E
:10A9800070B5002400220023058C1C4E3540058440
:10A99000028C8388048B194D6F3D2C40B51E2C40D2
:10A9A0000D882C43751E2A408D892A434D882A43E1
:10A9B000134DA84208D0134DA84205D0124DA8420D
:10A9C00002D0124DA84212D10C4DED1F2A40CD8964
:10A9D0002A430A4DED1E2A408D882A43074DFF3D2C
:10A9E0002B400B4D2B400D8A2B434D8A2B438380EC
:10A9F00004838D684563028470BD0000FEFF000083
:10AA0000002C01400040014000440140004801404A
:10AA1000FFFD00000A460021018B034B19400B4645
:10AA20001343194601837047F7FF000070B50024F7
:10AA300000220023058C214E35400584028C83883A
:10AA4000048B1F4D2C401F4D2C400D782D062D0CD6
:10AA50002C431A4D103D2A408D892D052D0C2A437B
:10AA60004D882D052D0C2A43174DA84202D0174DB5
:10AA7000A8421CD1164D2B400D8AAD042D0C2B4342
:10AA8000114DA84213D10D4D703D2A40CD892D05A1
:10AA90002D0C2A43094D303D2A408D882D052D0C63
:10AAA0002A430C4D2B404D8AAD042D0C2B43838043
:10AAB00004838D688563028470BD0000EFFF000091
:10AAC000FF8F0000FFFC0000002C0140004001400F
:10AAD000FFFB0000FFF7000070B5002400220023F8
:10AAE000058C1C4E35400584028C8388848B194D5F
:10AAF00090352C40174DFD352C400D882C43164DBC
:10AB00002A400D7B2D062D0C2A438D782D062D0C09
:10AB10002A43124DA84217D1114D2A408D7B2D0694
:10AB20002D0C2A430F4D2A400D792D062D0C2A435A
:10AB30000D4D2B400D4D2B400D8A2D052D0C2B431B
:10AB40004D8A2D052D0C2B43838084838D68C5632E
:10AB5000028470BDFFFE0000FFFD0000002C0140DC
:10AB6000FFF70000FFFB0000FFEF0000FFDF000029
:10AB7000002101804180818081608181C1810182C9
:10AB800041827047028B034B1A400283028B0A43B7
:10AB900002837047F3FF0000028B044B1A400283CC
:10ABA000028B0B061B0C1A4302837047FFF3000055
:10ABB000828B034B1A408283828B0A4382837047C5
:10ABC000F3FF0000828B044B1A408283828B0B06BA
:10ABD0001B0C1A4382837047FFF300000022028897
:10ABE000154B984206D001239B07984202D0134B85
:10ABF000984203D1124B1A404B881A43114B98428A
:10AC000003D0114B1A400B891A4302804B68C36270
:10AC10000B880385084B984208D00C4B984205D00E
:10AC20000B4B984202D00B4B984201D18B7A038692
:10AC30000123838270470000002C01400004004083
:10AC40008FFF000000100040FFFC000000400140AA
:10AC500000440140004801400021C94341600021F7
:10AC60000180018141808172704700000348806843
:10AC700003210843014988607047000000400240FA
:10AC8000F0B50C4600210025068C0A4F3E40068494
:10AC9000018B058C074EF23E31401E05360C1643E3
:10ACA0003143044E093E3540012626433543018396
:10ACB0000584F0BDFEFF0000F8B50C46002100251C
:10ACC00000260096068C0D4F3E400684018B058CB5
:10ACD0002605360C00960A4E31401E07360C3143CD
:10ACE0001606360C3143054E903E35401027009E27
:10ACF0003E43354301830584F8BD0000EFFF0000AB
:10AD0000FF0C0000F8B50C46002100250026009637
:10AD1000068C0C4F3E400684818B058C2606360C33
:10AD20000096084E0D3631401E05360C1643314351
:10AD3000054E3540FF270137009E3E433543818352
:10AD40000584F8BDFFFE0000FFF50000F8B50C46D5
:10AD50000021002500260096068C0D4F3E400684FB
:10AD6000818B058C2607360C00960A4E314016065C
:10AD7000360C31431E07360C3143074E3540012750
:10AD80003F03009E3E43354381830584F8BD0000A8
:10AD9000FFEF0000FF0C0000FF5F00000CB500207B
:10ADA00001900090112031490860314840683049D5
:10ADB0004860084640684860084600680121090468
:10ADC00008432B49086000BF294800680121490455
:10ADD000084000900198401C01900098002804D180
:10ADE0000521090301988842EED12148006801211C
:10ADF00049040840002802D00120009001E0002012
:10AE00000090009801280DD1194840687F21C9039E
:10AE100088431749486008464068132109040843DD
:10AE20001349486012480068012109060843104987
:10AE3000086000BF0E48006801214906084000284C
:10AE4000F8D00B48406880088000094948600846EF
:10AE50004068022108430649486000BF0448406832
:10AE60000C2108400828F9D10CBD00000020024048
:10AE7000001002400246002013460B40002B01D078
:10AE8000012000E000207047C206D20E012191404F
:10AE9000014A11607047000000E100E0C206D20ED6
:10AEA00001219140014A11607047000080E100E0FB
:10AEB00010B5002819DA1A4A03071B0F083B9B0834
:10AEC0009B00D2588307DC0EFF23A3409A438B07D5
:10AED0001B0E8407E40EA3401A43114B0407240FF2
:10AEE000083CA408A4001A5118E00E4A03231B02D0
:10AEF000D21883089B00D2588307DC0EFF23A3409F
:10AF00009A438B071B0E8407E40EA3401A43054B9C
:10AF1000032424021B198408A4001A5110BD000048
:10AF20001CED00E000E100E010B5002819DA1A4A33
:10AF300003071B0F083B9B089B00D2588307DC0EBE
:10AF4000FF23A3409A438B071B0E8407E40EA34004
:10AF50001A43114B0407240F083CA408A4001A51FB
:10AF600018E00E4A03231B02D21883089B00D25814
:10AF70008307DC0EFF23A3409A438B071B0E840735
:10AF8000E40EA3401A43054B032424021B19840832
:10AF9000A4001A5110BD00001CED00E000E100E02B
:10AFA00010B5002819DA1A4A03071B0F083B9B0843
:10AFB0009B00D2588307DC0EFF23A3409A438B07E4
:10AFC0001B0E8407E40EA3401A43114B0407240F01
:10AFD000083CA408A4001A5118E00E4A03231B02DF
:10AFE000D21883089B00D2588307DC0EFF23A340AE
:10AFF0009A438B071B0E8407E40EA3401A43054BAC
:10B00000032424021B198408A4001A5110BD000057
:10B010001CED00E000E100E010B50120FFF7E6F9CB
:10B0200000BF4120FFF7BEF90028FAD00648FFF71D
:10B030001BF90420FFF70CF90448FFF70FF9FFF79D
:10B04000FFF8FFF7F5F810BD55550000FF0F0000A1
:10B050001CB5044600200090019001218804FFF7F0
:10B0600051F96846FFF7C2F8402000900121684678
:10B0700001710321417169460C48FFF73FF84021F7
:10B080000A48FFF7AFF86846FFF7B0F80120C002A2
:10B0900000900021684601710121C17103214171B5
:10B0A00069460248FFF72AF81CBD0000000400486A
:10B0B0000021C170C171704700B50246D0780028E8
:10B0C00004D00021104600F071F80DE007488079A7
:10B0D000002804D00121104600F068F804E003487D
:10B0E0000178104600F062F800BD000088080020DA
:10B0F00010B504460121C9020148FFF769F810BDE7
:10B100000004004810B504461E4802F059FD1E49CF
:10B110000968401A642819D31A4802F051FD1A49E7
:10B1200008602079002811D00121C9021748FFF7D3
:10B130004FF8002808D1E079401CE071E0797828C8
:10B1400004DD0120E07001E00020E071207900289A
:10B1500001D0012000E00020024640210B48FFF70B
:10B1600051F8A07900280BD06079002804D1402143
:10B170000648FFF737F803E040210448FFF734F8AA
:10B1800010BD0000A00100204C0100200004004878
:10B1900070B5054640210448FFF71AF80446012C13
:10B1A00000DD0124204670BD000400480171704795
:10B1B00010B5044604222146034802F008FD012090
:10B1C00020706070204610BDA001002070B50646BA
:10B1D0000C46154629462046FEF726FF70BD10B5E1
:10B1E00004460120FEF70EFF0120FEF753FF10BDBD
:10B1F00070B505460C46FEF75BFF2046FEF7B4FE31
:10B20000FEF7F6FE0B200004FEF764FF70BD024659
:10B2100008687047704700001CB504460020009085
:10B2200001900121C804FFF76DF86846FEF7DEFFC4
:10B2300001208003009001216846017103214171C2
:10B2400069460D48FEF75AFF012189030A48FEF7B7
:10B25000C9FF6846FEF7CAFF0120C0030090002125
:10B26000684601710121C17103214171694602489B
:10B27000FEF744FF1CBD000000080048002181705B
:10B28000C170C1710172704710B504460121C90334
:10B290000148FEF79DFF10BD0008004801214172E2
:10B2A000704700214172704770B504460D463A4818
:10B2B0000078C007C00F00280CD1374808F0D8FF2D
:10B2C000002807D0354802F07BFC35490860324839
:10B2D000C046C046314802F073FC31490968401A43
:10B2E0007D21C90088422FD32C4802F069FC2C49EB
:10B2F0000860012189032B48FEF76AFF012811D15C
:10B30000C1032848FEF764FF002808D1E079401CFB
:10B31000E071E079052817DD0120A07014E000201D
:10B32000E07111E00121C9031E48FEF751FF00281A
:10B3300008D1207A401C2072207A052804DD0120E3
:10B34000E07001E00020E071607A00281CD0A07855
:10B35000002819D1E078002816D1205EA84206DC2A
:10B36000012189030F48FEF73FFF0120A071002053
:10B37000205EC01EA8420EDB012189030948FEF7AA
:10B3800031FF0020A07106E0012189030548FEF786
:10B3900029FF0020A07170BD58010020A0010020ED
:10B3A0005C0100200008004870B5054601218903B2
:10B3B0000448FEF70DFF0446012C00DD0124204661
:10B3C00070BD00000008004810B504460422214664
:10B3D000064802F0FCFB382020800020A070E070BE
:10B3E000E0712072A071204610BD0000A001002075
:10B3F00010B5044600202070012109030920C00671
:10B40000FEF7F2FE1148FEF711F800210F48FDF794
:10B41000ECFF0920FFF742FD0E20FFF73FFD132050
:10B42000FFF73CFD06200A4908610120FEF75CFF9A
:10B43000002108480170072005490861064806F008
:10B44000B5FC064807F0C2FD10BD00000024014015
:10B4500000E000E0C0020020C0010020D402002073
:10B460000021017070470000F0B585B00446234804
:10B470004078002801D005B0F0BD214800780028B0
:10B480003AD000201E490870E078FDF799FE01903F
:10B490001A488038C16A019809F0C6F90746FDF7D5
:10B4A0004BFD0022174B03910290FDF777F90546FB
:10B4B000FCF78AFF6060114A803A6168906909F080
:10B4C0000BFA0CD2207A142802DA207A401C20725F
:10B4D000207A042810D10120207060700CE0207ABE
:10B4E000002807D0207A401E2072207A012803D13C
:10B4F000A07001E00020207000BFBCE7C002002067
:10B50000A00100200000594010B504460422214645
:10B51000044802F05CFB0020207020726070A07074
:10B52000204610BDA00100200249C98BC180C188FE
:10B530000181704740020020C17D142902DD1421E1
:10B54000C17501E00021C175704700210170417093
:10B550008170C170017141710176417681767047C9
:10B560000021C17601774177012181757047000084
:10B5700001460B481E22825E0820085E0F30824280
:10B5800004DD0748C08B0F3800B208810820085E30
:10B5900014228A5E904201DD888A0881012070476A
:10B5A0004002002070B504460A49886AFDF7C4FCD1
:10B5B0000546094A094B09F093F808D2E07E401C81
:10B5C000E076E07E0A2804DD0020A07501E000207E
:10B5D000E07670BDF0040020FA7E6ABC7493683F88
:10B5E00010B504460F48C07A002803D10D48407BAF
:10B5F000002801D0012010BD204600F057F8002897
:10B6000001D00120F7E708481E21415E0620205E98
:10B610003230814203DD0020A0750120EBE70020DD
:10B62000E9E70000AC010020400200204179491CFC
:10B6300041710849C97A002903D10649497B00298B
:10B6400000D070474179032901DB0121417000BF1F
:10B65000F7E70000AC01002070B586B004460E4943
:10B660008878FDF742FB054600220C4BFDF740FBB6
:10B6700000220B4B01910090FDF790F8094A0A4B0C
:10B6800003910290FDF767F805910490FCF79CFE8A
:10B69000E06006B070BD0000D402002000001C4035
:10B6A0000064D94016EB0A6C8434393F70B5044607
:10B6B0001548C07A002803D11348407B002801D0E8
:10B6C000012070BDA07D00281BD01049886AFDF7BD
:10B6D00033FC05460E4A0F4B09F002F80FD2207FCB
:10B6E000401C2077207F0A280BDD0B481E21415E7D
:10B6F0000620205E0A30814203DD0120E1E70020C0
:10B7000020770020DDE70000AC010020F0040020DD
:10B710007B14AE47E17A743F4002002000B5024638
:10B72000C720C04310810748C08BD0800020D0754F
:10B730001076507690761046FFF712FF0020907733
:10B74000D07700BD4002002070B504460D461C486D
:10B75000C07A002803D11A48407B002801D000207D
:10B7600070BD18481E21415E0820205E81420ADA21
:10B77000607E401C6076607E032806DB2046FFF773
:10B7800055FF0120ECE700206076012D15D1A07D4A
:10B79000002812D00C4AE168906A09F01BF80AD21E
:10B7A000607F401C6077607F032806DD2046FFF73E
:10B7B0003DFF0220D4E7002060770020D0E70000A2
:10B7C000AC01002040020020F004002038B50446FF
:10B7D00033480078C007C00F00280CD1304808F06B
:10B7E00047FD002807D02F4802F0EAF92E490860EB
:10B7F0002B48C046C0462D480078C007C00F00281F
:10B800000CD12A4808F034FD002807D0254802F062
:10B81000D7F9274908602548C046C046214802F0AC
:10B82000CFF921490968401A7D21C900884221D3F6
:10B830001C4802F0C5F91C4908600A2000901D4808
:10B840001E21415E03467F3B0246343A803806F0B3
:10B8500023FC20822046FFF7FFFE16481E21415E92
:10B860001220205E814203DDA07E401CA07601E014
:10B870000020A0760B4802F0A3F90D490968401A90
:10B880000D4988420AD3074802F09AF9084908602E
:10B890006079002802DD6079401E607138BD0000CB
:10B8A00014010020A0010020180100201001002038
:10B8B0001C0100204002002040771B005021C17570
:10B8C0007047000010B5044604222146094802F0E2
:10B8D0007EF9002020810848C08BE0800020E075C0
:10B8E00020766076A0764B2000016082A020A082A6
:10B8F000204610BDA0010020400200207FB5064672
:10B900000D461446052D01D1C7488487072D05D162
:10B91000C54820308474A03806F07EFB082D0ED177
:10B920002046FDF7E2F90022C04B01910090FCF7A0
:10B9300035FF03910290FCF747FDBB494863092D91
:10B940000ED12046FDF7D1F90022B84B01910090AD
:10B95000FCF724FF03910290FCF736FDB24988639F
:10B960000C2D08D1200E30702002000E70702004C3
:10B97000000EB070F4700D2D08D1200E3071200231
:10B98000000E70712004000EB071F4710E2D08D1FC
:10B99000200E30722002000E70722004000EB07271
:10B9A000F4720F2D0AD1142C01D35A2C03D9502133
:10B9B0009F48018302E021B29D480183102D0AD1E6
:10B9C000142C01D35A2C03D950219948818302E0C9
:10B9D00021B297488183112D0AD1142C01D35A2CFE
:10B9E00003D950219248418302E021B2904841831B
:10B9F000142D03D121468F4801F0E0FC022D03D124
:10BA0000A1B28D4801F078FB1A2D07D17D20C0002E
:10BA1000844200D2044620B288494882122D07D1C0
:10BA200087494C7008464078072801DD002048709F
:10BA30004C2D0AD120B28349088008460021415E7E
:10BA4000412902DD41207F4908804D2D08D1002C7D
:10BA500003D100207C49087002E001207A49087077
:10BA6000862D08D1002C03D100207749487002E0D0
:10BA70000120754948704E2D08D1012C03D10120B9
:10BA80007149887002E000206F4988704F2D07D1FE
:10BA90006E494C750846407D022801DD002048753E
:10BAA000502D08D1012C03D101206249487102E0D8
:10BAB000002060494871512D0DD121B25C4841846C
:10BAC0002221415E032903DB2221415E642902DD3C
:10BAD000142157484184522D0DD121B254488184FC
:10BAE0002421415E032903DB2421415E642902DD18
:10BAF0001E214F488184532D0DD121B24C48C18461
:10BB00002621415E032903DB2621415E642902DDF3
:10BB100014214748C184542D07D145488475807D40
:10BB2000062802DB002142488175552D07D1404887
:10BB3000C475C07D062802DB05213D48C1753C481F
:10BB4000817DC07D814204DD002139488175052158
:10BB5000C175562D0ED13E49CC700846C07850288C
:10BB600001DD5020C8703A48C0781E2802DA1E2035
:10BB70003749C870572D0AD1142C01D35A2C03D938
:10BB80005A212B48C18302E021B22948C183582D94
:10BB90000DD121B2264801852821415E032903DB0E
:10BBA0002821415E642902DD1E21214801850B2DDB
:10BBB0000DD121B21E48C1852E21415E032903DB30
:10BBC0002E21415E642902DD03211948C1855C2DC7
:10BBD00007D118498C7108468079032801DB0020C1
:10BBE00088715D2D02D1E1B2114841865E2D0CD1E4
:10BBF000E1B20F488186808E022803D00C48808EE7
:10BC0000042802DD00210A488186622D04D12146E4
:10BC10000548803806F0BEF80E48854202D1024839
:10BC2000803044807FBD0000400200200000594069
:10BC300088060020680500203C030020F802002050
:10BC400064070020720500204401002088050020C0
:10BC50007C0500203102000070B505460C46052C1D
:10BC600002D16F48808F70BD072C03D16C48203003
:10BC7000807CF8E7082C08D16949486B694908F0CD
:10BC8000D3FD0646FDF758FAEDE7092C08D16449C3
:10BC9000886B644908F0C8FD0646FDF74DFAE2E7F7
:10BCA0000C2C0AD128780006697809044018A97874
:10BCB00009024018E9784018D5E70D2C0AD12879F7
:10BCC0000006697909044018A97909024018E97940
:10BCD0004018C8E70E2C0AD1287A0006697A0904B0
:10BCE0004018A97A09024018E97A4018BBE70F2CDE
:10BCF00003D14D491820085EB5E7102C03D14A49FD
:10BD00001C20085EAFE7112C03D147491A20085EBA
:10BD1000A9E7142C02D145480078A4E7022C02D1EF
:10BD20004348C0789FE71A2C03D142491220085E8D
:10BD300099E7122C02D14048407894E74C2C03D16B
:10BD40003E490020085E8EE74D2C02D13C48007829
:10BD500089E7862C02D13A48407884E74E2C02D1FC
:10BD6000374880787FE74F2C02D13648407D7AE70C
:10BD7000502C02D12D48407975E7512C03D12A4926
:10BD80002220085E6FE7522C03D127492420085E49
:10BD900069E7532C03D124492620085E63E7542C1D
:10BDA00002D12148807D5EE7552C02D11E48C07D1E
:10BDB00059E7562C02D12448C07854E7572C03D1B8
:10BDC00019491E20085E4EE7582C03D11649282039
:10BDD000085E48E70B2C03D113492E20085E42E78A
:10BDE0005C2C02D1114880793DE75D2C02D10E48D0
:10BDF000408E38E75E2C02D10B48808E33E7622CF0
:10BE000003D10748803040782DE71048844203D1A1
:10BE100003488030408826E70020C04323E7000025
:10BE2000400200200000C84288060020680500206B
:10BE30003C030020F8020020640700207205002067
:10BE400044010020880500207C050020310200000C
:10BE500070B50446204600F057FC204600F06AFC0E
:10BE60008248828F0521204600F024FC7F48203044
:10BE7000827C0721204600F01DFC7C49486B7C49F0
:10BE800008F0D2FC0646FDF757F905462A46082178
:10BE9000204600F00FFC7549886B754908F0C4FC1A
:10BEA0000646FDF749F905462A460921204600F0D5
:10BEB00001FC20780006617809044018A178090285
:10BEC0004018E17842180C21204600F0F3FB20795D
:10BED0000006617909044018A17909024018E17946
:10BEE00042180D21204600F0E5FB207A0006617A19
:10BEF00009044018A17A09024018E17A42180E217B
:10BF0000204600F0D7FB5B481822825E0F212046B6
:10BF100000F0D0FB57481C22825E1021204600F022
:10BF2000C9FB54481A22825E1121204600F0C2FB50
:10BF3000514802781421204600F0BCFB4F48C278DB
:10BF40000221204600F0B6FB4D481222825E1A21E3
:10BF5000204600F0AFFB4B4842781221204600F00B
:10BF6000A9FB49480022825E4C21204600F0A2FB3A
:10BF7000464802784D21204600F09CFB4348427819
:10BF80008621204600F096FB404882784E212046CC
:10BF900000F090FB3E48427D4F21204600F08AFB96
:10BFA000354842795021204600F084FB3148222256
:10BFB000825E5121204600F07DFB2E482422825EC5
:10BFC0005221204600F076FB2A482622825E532129
:10BFD000204600F06FFB2748827D5421204600F068
:10BFE00069FB2448C27D5521204600F063FB2948A7
:10BFF000C2785621204600F05DFB1E481E22825E5C
:10C000005721204600F056FB1A482822825E58210C
:10C01000204600F04FFB17482E22825E0B2120465F
:10C0200000F048FB144882795C21204600F042FB76
:10C030001048428E5D21204600F03CFB0D48828E68
:10C040005E21204600F036FB0848803042786221AD
:10C05000204600F02FFB0548803042880E492046DC
:10C0600000F028FB204600F049FB70BD4002002094
:10C070000000C84288060020680500203C0300201C
:10C08000F80200206407002072050020440100200F
:10C09000880500207C05002031020000FEB507461F
:10C0A0000521384600F0E2FA0446601C002803D15E
:10C0B000FD49FE48818701E0FC4884870721384616
:10C0C00000F0D4FA04460C2C06D0182C04D00C2115
:10C0D000F6482030817402E0F44820308474F3483C
:10C0E000803805F099FF0821384600F0BFFA044671
:10C0F000601C00280CD1ED482030807C0C2803D136
:10C10000EB49EA48416311E0EA49E84841630DE040
:10C110002046FCF7EAFD05460022E74BFCF73EFB14
:10C1200001910090FCF750F9E04948630921384635
:10C1300000F09CFA0446601C00280DD1DB4820303A
:10C14000807C0C2804D18321C905D848816311E083
:10C15000DA49D64881630DE02046FCF7C6FD054666
:10C160000022D54BFCF71AFB01910090FCF72CF94B
:10C17000CE4988630C21384600F078FA0446601CEA
:10C18000002804D138707870B870F87008E0200E7C
:10C1900038702002000E78702004000EB870FC7019
:10C1A0000D21384600F062FA0446601C002804D1D4
:10C1B00038717871B871F87108E0200E387120027A
:10C1C000000E78712004000EB871FC710E21384603
:10C1D00000F04CFA0446601C002804D138727872D2
:10C1E000B872F87208E0200E38722002000E7872E1
:10C1F0002004000EB872FC720F21384600F036FAA7
:10C200000446142C01D35A2C03D95021AC48018385
:10C2100002E021B2AA4801831021384600F026FA34
:10C220000446142C01D35A2C03D95021A4488183ED
:10C2300002E021B2A24881831121384600F016FAAB
:10C240000446142C01D35A2C03D950219C48418315
:10C2500002E021B29A4841835721384600F006FA9D
:10C260000446142C01D35A2C03D95A219448C18373
:10C2700002E021B29248C1831421384600F0F6F959
:10C28000044621468F4801F099F80221384600F013
:10C29000EDF90446601C00280ED0092C03D00C2CAC
:10C2A00001D0122C04D1A1B2874800F025FF03E091
:10C2B0000921854800F020FF1A21384600F0D6F900
:10C2C0000446601C002803D07D20C000844204D2B4
:10C2D0007D20C0007D49488202E020B27B4948822F
:10C2E0001221384600F0C2F90446601C002802D131
:10C2F0007749487001E076494C70754840780728C6
:10C3000002DD0020724948704C21384600F0AEF939
:10C310000446601C002803D138206E4908800AE0DA
:10C3200020B26C49088008460021415E412902DDA7
:10C330004120684908804D21384600F097F90446AD
:10C34000002C02D16449087002E0012062490870A3
:10C350008621384600F08AF90446002C02D15E4955
:10C36000487002E001205C4948704E21384600F0D8
:10C370007DF90446012C02D15749887002E0002063
:10C38000554988704F21384600F070F90446601C0A
:10C39000002802D15149487507E050494C750846BC
:10C3A000407D022801DD002048755021384600F00C
:10C3B0005DF90446012C02D14249487102E0002097
:10C3C000404948715121384600F050F90446601C3C
:10C3D000002803D114213A48418402E021B23848B0
:10C3E000418437482221415E032903DB2221415E3B
:10C3F000642902DD1421324841845221384600F07C
:10C4000035F90446601C002803D11E212C48818484
:10C4100002E021B22A48818429482421415E03296F
:10C4200003DB2421415E642902DD1E21244881842E
:10C430005321384600F01AF90446601C002803D145
:10C4400014211F48C18402E021B21D48C1841C4848
:10C450002621415E032903DB2621415E642902DD9A
:10C4600014211748C1845821384600F0FFF80446CB
:10C47000601C002803D114211148018502E021B27B
:10C480000F4801850E482821415E032903DB28213E
:10C49000415E642902DD1421094801855421384692
:10C4A00000F0E4F804461BE04702000040020020D0
:10C4B000000010410000A041000059406666F641AE
:10C4C00088060020680500203C030020F8020020B8
:10C4D0006407002072050020440100208805002028
:10C4E000601C002803D100215A48817501E0594899
:10C4F00084755848807D062802DB002155488175E7
:10C500005521384600F0B2F80446601C002803D1DB
:10C5100005215048C17501E04E48C4754D48C07DA5
:10C52000062802DB05214B48C1754A48817DC07D44
:10C53000814204DD0021474881750521C1755621DE
:10C54000384600F093F80446601C002803D14620CA
:10C550004149C87001E04049CC703F48C07850283C
:10C5600002DD50203C49C8703B48C0781E2802DAE2
:10C570001E203949C8700B21384600F077F8044670
:10C58000601C002803D103213248C18502E021B29A
:10C590003048C1852F482E21415E032903DB2E211F
:10C5A000415E642902DD03212A48C1855C213846A9
:10C5B00000F05CF80446601C002802D1274988710D
:10C5C00001E026498C7125488079032802DB002090
:10C5D000224988715D21384600F048F80446601C05
:10C5E000002803D128211B48418601E019484486D0
:10C5F0005E21384600F03AF80446601C002803D15A
:10C6000000211448818602E0E1B212488186114877
:10C61000808E022803D00F48808E042802DD00217E
:10C620000C4881866221384600F020F804462146F5
:10C630000B4805F0AFFB0B49384600F017F80446ED
:10C64000601C002803D100210748418001E0064812
:10C650004480FEBD880600207C050020680500207F
:10C66000C001002031020000C0020020F8B50746DA
:10C670000D460D4C11E021460C48FEF7C8FD06465C
:10C68000701C002801D1401EF8BDAE4204D1211D0E
:10C690000648FEF7BCFDF7E7083405488442EAD3B4
:10C6A0000020C043F0E7000000E8010880010020FE
:10C6B00000F0010870B504460D4616460C49E068C6
:10C6C000884213D30B49E06888420FD82A460A48AB
:10C6D000E168FEF77BFDE068001DE0603246064839
:10C6E000E168FEF773FDE068001DE06070BD0000CA
:10C6F00000E80108F8EF01088001002010B50446A9
:10C70000FDF776FC10BD000070B50546002407E07B
:10C71000E002064A81180648FEF76AFD601CC4B2B2
:10C72000012CF5DB0148E86070BD000000E801085D
:10C730008001002010B50446FDF7BAFC10BD0000D2
:10C7400010B5044604222146024801F040FA204672
:10C7500010BD0000A0010020018B052901DD012191
:10C760008177418B052901DD0121C17770470000E8
:10C7700010B58AB0044600200890099005900690F4
:10C78000079014216846FBF75BFD01218804FDF743
:10C79000B9FD01210220FDF7C5FD08A8FDF726FD22
:10C7A00010200890012108A801710321417108A9F6
:10C7B0003448FDF7A3FC10213248FDF713FD012298
:10C7C00004213048FDF7E2FC08A8FDF70FFD20200A
:10C7D0000890002108A801710121C1710321417154
:10C7E00008A92848FDF78AFC05A8FEF735FA26496E
:10C7F00068468182FF20F5300690002168468183DB
:10C80000C18205A92148FEF7E9F96846FEF7B0F9AB
:10C81000602168460180012141802D200290002185
:10C820006846818169461948FEF7AAF81748406BA7
:10C83000401F164988630846406B9630C863012242
:10C8400004211248FEF791F8012208210F48FEF753
:10C850008CF800210D48FEF715F8102001218140C9
:10C860000B4A116000BF08210848FEF7D3F80121E8
:10C870000648FDF7E7FF01214804FDF743FD0AB034
:10C8800010BD000000040048BF120000000400407A
:10C8900000E100E00021018341838177C177704787
:10C8A000F0B58DB004460E461746207F002803D011
:10C8B000E66027740DB0F0BD00200A900B90212097
:10C8C000005D002800D0F5E73046FCF70EFA0022A4
:10C8D000594B07910690FBF761FF09910890FBF710
:10C8E00073FD054665602846FCF726FB534A544B0A
:10C8F0000991089007F0C2FE20D22020005D002898
:10C9000018D00021202001550AA8FDF76FFC102047
:10C910000A90012108A80173032141730AA949481B
:10C92000FDF7ECFB10214748FDF75CFC0021464871
:10C93000FDF7A8FF0020606060617AE02020005DC4
:10C94000002829D10121202001550AA8FDF74EFC1D
:10C9500010200A90022108A801730021817303218D
:10C9600041730AA93748FDF7C9FB01220421354864
:10C97000FDF70CFC3448808A012108433249888243
:10C9800001213148FDF77EFF2F482030008801212A
:10C9900008432D4920310880012F25D12B49C86B30
:10C9A0002B4907F017FF1FD22849C86BFCF7C4FAC0
:10C9B000059104902846FCF7BFFA264A264B0191C0
:10C9C0000090FCF795F903910290059B049AFCF7FF
:10C9D0008FF90022214B07910690FBF7DFFE0991AA
:10C9E0000890FBF7F1FC05461D49284607F074FF47
:10C9F00000D21B4D2846FCF79FFA0022194B0991E3
:10CA0000089007F03BFE01D23F252D0665612846C0
:10CA1000FCF792FA02460B46079106900020124955
:10CA2000FBF7BCFE09910890FCF712F980B20649A9
:10CA3000C86200BF3EE70000000059407B14AE47CB
:10CA4000E17AC43F0004004800040040EC040020E8
:10CA50000000B442713D0AD7A370ED3F0040594039
:10CA6000000020410000E03F0088C340F0B585B0E1
:10CA700004460020029003902120005D002801D090
:10CA800005B0F0BD2089FCF730F9054600227B4B4C
:10CA9000FBF784FE01910090FBF796FC0746207F90
:10CAA000617F884275D0207F6077207F002805D184
:10CAB000227C2046E168FFF7F3FE6AE0208960816E
:10CAC0003846FCF739FA05466D4A6E4B07F0D6FD3D
:10CAD00019D202A8FDF78AFB1020029001216846B6
:10CAE00001730321417302A96748FDF707FB102179
:10CAF0006548FDF777FB00216448FDF7C3FE002180
:10CB00002020015545E002A8FDF770FB102002909F
:10CB1000022168460173002181730321417302A938
:10CB20005948FDF7EBFA012204215748FDF72EFB87
:10CB30002020005D002811D15448808A012108433B
:10CB40005249888201215148FDF79CFE4F48203010
:10CB50000088012108434D49203108804C4938465E
:10CB600007F0BAFE00D24A4F67613846FCF7E4F995
:10CB700005462A460B4600204649FBF70FFE019169
:10CB80000090FCF765F880B24049C862012120207E
:10CB90000155207F00286ED02089618988426AD0A3
:10CBA000208960813846FCF7C7F90546344A354B81
:10CBB00007F064FD19D202A8FDF718FB10200290BF
:10CBC0000121684601730321417302A92E48FDF734
:10CBD00095FA10212C48FDF705FB00212B48FDF7A5
:10CBE00051FE00212020015545E002A8FDF7FEFA84
:10CBF00010200290022168460173002181730321F5
:10CC0000417302A92048FDF779FA012204211E4848
:10CC1000FDF7BCFA2020005D002811D11B48808A56
:10CC2000012108431949888201211848FDF72AFE8D
:10CC3000164820300088012108431449203108801B
:10CC40001349384607F048FE00D2114F6761384655
:10CC5000FCF772F905462A460B4600200D49FBF702
:10CC60009DFD01910090FBF7F3FF80B20749C86278
:10CC700001212020015500BF02E7000000005940BB
:10CC80009A9999999999A93F000400480004004095
:10CC9000000020410088C34010B50446202102480E
:10CCA000FDF796FA10BD00000004004810B50446D8
:10CCB0003A480078C007C00F00280CD1374807F069
:10CCC000D7FA002807D0364800F07AFF35490860C7
:10CCD0003248C046C0462120005D002800D110BD6A
:10CCE0002F4800F06DFF2F490968401A642853D37C
:10CCF0002B4800F065FF2B4908602320005D0028C9
:10CD000003D110212848FDF76FFA2320005D0A287F
:10CD10000BDA20212448FDF75BFA002805D12220F8
:10CD2000005D401CC1B2222001552320005D0A286D
:10CD30000FD110211C48FDF755FA2220005D022872
:10CD400004DD0120A07700212120015500212220AF
:10CD500001552320005D1E2818DD20211248FDF713
:10CD600037FA002805D12220005D401CC1B22220E4
:10CD700001552320005D232808DD2220005D0228C4
:10CD800001DD0120E0770021212001552320005DF5
:10CD9000401CC1B22320015500BFA0E720010020A4
:10CDA000A0010020240100200004004810B5044622
:10CDB0002046FFF77BFF2046FFF7CEFC2046FFF71B
:10CDC00055FE10BD502900DD50210A2900DA0A2144
:10CDD000018002880A235A43054B5A631A46526B54
:10CDE000323A9A631A46526B3232DA637047000065
:10CDF000000400401CB50446002000900190012171
:10CE0000212001550021232001552220015568468B
:10CE1000FDF7ECF910200090012168460171032113
:10CE2000417169460548FDF769F910210348FDF78E
:10CE3000D9F900210248FDF725FD1CBD000400487A
:10CE40000004004010B5044604222146094800F0C1
:10CE5000BEFE2D2020800021202001550020606092
:10CE600060612120015522200155232001552046D3
:10CE700010BD0000A00100200188142901DD01215E
:10CE800081707047FEB504460D4624480078C007FF
:10CE9000C00F00280CD1214807F0EAF9002807D07C
:10CEA0001F4800F08DFE1F4908601C48C046C04660
:10CEB0001B4800F085FE1B490968401A32282CD314
:10CEC000174800F07DFE174908602946284607F0FC
:10CED000ABFC01906421E068FBF7B4F92179484389
:10CEE0000090FCF76DF907460199FCF74FF80646EC
:10CEF000FCF722F9A06001218907A0684863A068B7
:10CF0000322804D90846406B3238C86305E0012056
:10CF10008007406B01218907C863FEBD28010020FE
:10CF2000A00100202C0100207CB504460D46002005
:10CF300000900190642D00DD642525712079002882
:10CF400024DD0120E0716846FDF750F90120C0039F
:10CF50000090022168460171002181710321417115
:10CF600069460920C006FDF7C9F802220F210920F1
:10CF7000C006FDF70BF901218807FDF783FC154872
:10CF80000088012108431349088022E00020E07155
:10CF90006846FDF72BF90120C00300900121684687
:10CFA00001710321417169460920C006FDF7A6F809
:10CFB0000121C9030920C006FDF714F905480088BE
:10CFC0004008400003490880002101208007FDF748
:10CFD00059FC7CBD2000004010B58AB004460020FA
:10CFE0000890099005900690079014216846FBF779
:10CFF00027F901214804FDF785F901218804FDF78F
:10D0000081F901210846FDF78DF908A8FDF7EEF832
:10D010000120C0030890012108A80171032141717A
:10D0200008A90920C006FDF769F80121C9030920F4
:10D03000C006FDF7D7F808A8FDF7D8F80820089033
:10D04000002108A801710121C1710321417108A9C2
:10D050001F48FDF753F805A8FDF7FEFD2F21684690
:10D0600081821C480690002168468183C18205A9FF
:10D0700001208007FDF7B2FD6846FDF779FD6021CC
:10D08000684601800121418000200290002168460D
:10D090008181694601208007FDF772FC0122082189
:10D0A000C806FDF762FC002101208007FDF7EAFBBE
:10D0B0000F2001218140084A116000BF0821C806E5
:10D0C000FDF7A8FC01218807FDF7BCFB0AB010BDE5
:10D0D00000040048204E000000E100E00021018033
:10D0E0008170704710B5044608210248FDF770F8BA
:10D0F00010BD000000040048C170704770B50446C0
:10D100000D4629462046FFF7BDFE2046FFF7B4FE38
:10D1100070BD000010B5044604222146074800F007
:10D1200056FD0A20E070E07805494843E17848431D
:10D13000E0600020E0712071204610BDA0010020B9
:10D14000204E0000FFB589B007461D46129E0A9882
:10D1500002040B98000210184119384600F0B2F88A
:10D160000446002C02D113980DB0F0BD214638467C
:10D1700000F06EF806900698022801DA1398F3E79B
:10D180002146384600F0CAF8B04229D9002E25D0F1
:10D1900013980590002D01D138680590012D01D11B
:10D1A00078680590022D01D1B8680590032D01D152
:10D1B000F8680590211D384600F0B0F8214604902B
:10D1C000384600F0ABF803900498019600900021D7
:10D1D0003846039B059A00F066F8C5E71398C3E745
:10D1E000002005902AE02146384600F097F8089084
:10D1F00021460831384600F091F807900898864299
:10D2000017D30798864214D221460C31384600F0D5
:10D2100085F8211D0490384600F080F803900498AA
:10D22000019600903846079B039A089900F03BF856
:10D230009AE708340598801C80B205900698801EF5
:10D2400005998842CFDC211D384600F067F88BE74E
:10D25000F3B581B00E460027354615E02946019802
:10D2600000F05CF80446601C002808D0A01C0028D0
:10D2700005D0E01C002802D0201D002801D138462E
:10D28000FEBD781C87B22D1D02488542E6D3384684
:10D29000F6E700003853010810B5029C0160826077
:10D2A0004360C46010BDF8B50C4615461E46069F87
:10D2B0007A1B079B1B1B5A431046311BFAF7CCFF06
:10D2C0004019F8BDF8B507460E46124C1CE0214641
:10D2D000384600F023F80546681C002805D0E81CF5
:10D2E000002802D0281D002801D10020F8BDA81C6C
:10D2F000002808D1211D384600F010F8B04202D1B4
:10D3000020460830F2E7241D03488442DFD3002082
:10D31000ECE70000104A01083853010870B50546D3
:10D320000C4621460148FDF772FF70BD80010020C8
:10D3300010B5044604222146024800F048FC20466D
:10D3400010BD0000A001002010B586B004460020EA
:10D35000049005900121C804FCF7D4FF04A8FCF751
:10D3600045FF012040030490002168460175C17506
:10D370000321417504A91048FCF7C0FE0D210220CD
:10D38000FDF7DEF80120400302900021684601739A
:10D39000102141730121817302A8FCF7A1FD07212F
:10D3A00068460171002141710121817101A8FCF7DA
:10D3B00063FF06B010BD00000008004800220270A4
:10D3C000012901D101220270022901D10222027039
:10D3D000032901D1032202707047000010B50446F2
:10D3E00034480078C007C00F00280CD1314806F03F
:10D3F0003FFF002807D0304800F0E2FB2F490860CB
:10D400002C48C046C0462078002802D1A070208158
:10D4100010BD294800F0D4FB28490968401A322879
:10D4200037D3254800F0CCFB24490860012149038B
:10D430002348FCF7CDFE012810D12089502802DABC
:10D440002089401C208120893D2801DB0120A0701B
:10D4500020893D281DD10120E0701AE0A078002825
:10D460000DD02089002802D02089401E20812089EB
:10D4700001280ED10020A0700120207109E0208930
:10D480000A2804DB20893C2801DC01206070002090
:10D490002081207803280BD02078012801D000209B
:10D4A00060702078022803D00020A070E070207106
:10D4B00000BFADE750010020A00100205401002072
:10D4C0000008004870B50546012149030448FCF7EF
:10D4D0007FFE0446012C00DD0124204670BD0000C3
:10D4E0000008004810B5044604222146074800F011
:10D4F0006EFB002020702081A070E07020716071B0
:10D50000E07103202070204610BD0000A001002023
:10D51000016849084900344A9279D207D20F114371
:10D520000160042201689143304A127F9200042373
:10D530001A40114301600222016891432C4A9279FA
:10D54000520002231A4011430160082201689143EE
:10D55000284A9279D20008231A4011430160102210
:10D5600001689143244A5279120110231A40114351
:10D5700001602022016891431E4A52795201202302
:10D580001A40114301604022016891431A4A1279FE
:10D59000920140231A40114301604168090A0902BF
:10D5A000114A527811434160818889B20F4A128929
:10D5B0001204120C120411434160FF22120241684E
:10D5C00091430B4A52791202FF231B021A40114366
:10D5D00041600A49897D0172094949798172084986
:10D5E0008979417270470000D4020020180300209E
:10D5F0003C0300204401002072050020A806002002
:10D600002C05002070B504462046FFF781FF002559
:10D61000607D617A884203D1A07DA17A884200D0E2
:10D620001D252168E068884203D16168206988422D
:10D6300000D02F25002D04D01D2D03D02F2D16D165
:10D640000BE070BDFF2307227F210A4800F0E4FEB3
:10D65000616820682161E06009E001221146054807
:10D6600001F058F9616820682161E06000BF00BFE7
:10D6700000BFE6E79D01002010B504461C48007875
:10D68000C007C00F00280CD1194806F0F1FD002892
:10D6900007D0184800F094FA174908601448C046AB
:10D6A000C046144800F08CFA13490968401A322821
:10D6B0001DD3104800F084FA0F4908602078002834
:10D6C0000BD0A088502802DAA088401CA080A08837
:10D6D0003D280CD10120607009E0A088002802D00C
:10D6E000A088401EA080A088012800D1A07010BD95
:10D6F00068010020A00100206C01002010B5044644
:10D7000004222146044800F062FA0020A080207024
:10D710006070A070204610BDA0010020FFB581B050
:10D7200017460299019800F077F80546002D01D1BF
:10D7300005B0F0BD2946019800F04EF80446019866
:10D7400000F020F84000A04201D00020F0E70026C1
:10D7500011E02946019800F087F800B27100785274
:10D76000291D019800F080F801B2720004988152DE
:10D770000835701C86B2E10F09194910B142E8DC86
:10D780000120D5E770B50646114C1CE02146304615
:10D7900000F06AF80546681C002802D0E81C002842
:10D7A00001D1002070BDA81C00280BD1211D3046DE
:10D7B00000F05AF8FF2805D121460831304600F024
:10D7C00053F8EFE7241D03488442DFD30020E9E744
:10D7D00000C8010800D00108F3B581B00E4600274B
:10D7E000344612E02146019800F03EF80546681CD8
:10D7F000002805D0A81C002802D0E81C002801D170
:10D800003846FEBD781C87B2241D02488442E9D305
:10D810003846F6E700D00108F8B507460E46104C2A
:10D8200019E02146384600F01FF80546681C00281C
:10D8300002D0E81C002801D10020F8BDA81C002857
:10D8400008D1211D384600F00FF8B04202D1204621
:10D850000830F2E7241D03488442E2D30020ECE7BD
:10D8600000C8010800D0010870B505460C462146E5
:10D870000148FDF7CCFC70BD8001002010B586B0DA
:10D88000044600200490059001900290039001212D
:10D890008804FCF737FD01214806FCF743FD012110
:10D8A0000846FCF75FFD04A8FCF7A0FC032000027B
:10D8B00004900221684601750021C175032141755C
:10D8C00004A93348FCF71AFC042208213048FCF76D
:10D8D0005DFC042209212E48FCF758FC2D48FBF77B
:10D8E000C5FE2C480068012108432A49086000BF92
:10D8F00028484068C007C00F0028F9D025480068B4
:10D90000022188432349086001A8FCF768F8002138
:10D9100068468171082181800021C1710E21017248
:10D92000072141720121C173002141730121C1729C
:10D9300001A91848FBF742FF16480068400840005C
:10D940001449086000BF13484068C007C00F002892
:10D95000F9D11149086001200F4940390860C861B8
:10D96000084600684008400008600A4840690221F3
:10D9700008430849486100211E20FDF711FB1E20C5
:10D9800001218140054A116000BF06B010BD0000B2
:10D9900000040048006400404066004000E100E0F0
:10D9A00070B50446002518E0182068432146303140
:10D9B000085C00280FD10122182068430A5418215E
:10D9C0006943224630328918081D142221461C3131
:10D9D000FAF7C8FB70BD681CC5B20A2DE4DB00BFB6
:10D9E000F8E70000FFB583B004460D461646002058
:10D9F0000290E56000216174042121740821A17462
:10DA0000E674069921750C9961750D99A1750E99A9
:10DA1000E1750F992176109961761199A1762146C9
:10DA200008310E48FBF7EBFF029000270020019021
:10DA300009E00A480299FCF77DF801907F1C08482C
:10DA4000874200D902E001980128F2D100BF0348C3
:10DA50000299FBF791FD07B0F0BD000000640040A3
:10DA6000FF0F00002B210170002141700022FF21D7
:10DA700021310A54704700003EB50546FCF796FD7B
:10DA80007D21C9002E480068FAF7DCFB0446601EC1
:10DA90002C49884200D90CE0601E2B4948610321C3
:10DAA000081FFDF705FA0020274988610720086153
:10DAB00000BF0021481EFDF7FBF901212020FCF7E3
:10DAC00031FC01212148FCF7DDFE7D21C9001C4805
:10DAD0000068FAF7B7FB401E1C492031088100207E
:10DAE00000900190029001211020FCF71BFC684679
:10DAF000FDF7B2F81249096848087D21C900FAF714
:10DB0000A1FB401E81B268460180114801900021AE
:10DB100068460181418069460E48FDF75FF80121A2
:10DB20000C48FCF7AFFE012211460A48FCF71DFF26
:10DB3000112001218140084A116000BF3EBD000054
:10DB400000010020FFFFFF0000E000E000140040A3
:10DB5000282300000010004000E100E038B5044632
:10DB60000320FCF70DFD002000900BE00749009812
:10DB7000401800780122520700998918087000980F
:10DB8000401C00900098C028F0D338BD00800008E9
:10DB90000A4AD162928A01231A43084B9A821A4692
:10DBA000128809231A43054B1A8000BF034A1288C2
:10DBB000D207D20F002AF9D17047000000140040AC
:10DBC0000146486870474168491C4160704770B51C
:10DBD00006460C46154629462046FAF72FFB70BD2F
:10DBE00070470146887B80014A7B120180180A7BBE
:10DBF00092008018CA7A8018C0B270470146887CAB
:10DC000080014A7C120180180A7C92008018CA7B2D
:10DC10008018C0B27047002101708170417000BF50
:10DC200004E00023C21C53544A1CD1B20829F8DB7B
:10DC30007047000010B504460F48FEF72BFE0F4852
:10DC4000FDF736FA0E4805F01DFB0E48FFF746FAC1
:10DC50000D4806F07DFA0D48FDF710FB0C48FDF766
:10DC600074FC0C4804F07EF90B4802F055F820468D
:10DC7000FFF7D1FF10BD0000180300204401002071
:10DC8000D40200203C0300204C0300207205002039
:10DC9000F8020020C00100208808002001468848C2
:10DCA0008078C001874A927F52018018854AD27FCE
:10DCB00012018018844AD279D2008018824A127ADE
:10DCC00092008018804A527A52008018C8707F48AB
:10DCD000C078C0017E4A127C920180187D4A127879
:10DCE000520180187B4A527812018018794AD27802
:10DCF000D2008018774A9278920082187648C079CC
:10DD000040001218744880791018087173488078A0
:10DD1000C001724AD278920182186F48407840015F
:10DD200012186D488078000112186B48C078C00046
:10DD30001218694800798000121867482038807FDF
:10DD400040001018487166488078C001644A5278D3
:10DD500092018018624A1278520180188871C87A3C
:10DD6000002801D0002070475948007C002801D0CD
:10DD700028200870887C002811D159484078002854
:10DD800001D00120087056488078002801D0012079
:10DD9000087053480078002801D0022008704D48D0
:10DDA0008078002801D00D2008704A48407800286B
:10DDB00001D01D2008704748C078002801D01020ED
:10DDC000087044480079002801D024200870C87BDE
:10DDD000002817D13C48407A002801D00A2008705A
:10DDE0003948C079002801D01B2008703648007AD5
:10DDF000002801D01C20087037484079002801D045
:10DE00001A200870087B00280BD12E48807F00283C
:10DE100001D0112008702B48C07F002801D01620A7
:10DE20000870887B002805D125488078002801D01B
:10DE300009200870087C002837D12748407800283E
:10DE400001D00420087024488078002801D00420E4
:10DE500008702148C078002801D0032008701E48AF
:10DE60000079002801D0032008701B482038807FEB
:10DE7000002801D0052008701748C079002801D07B
:10DE80000F20087014488079002801D00C200870F9
:10DE900011482038C07F002801D0032048700E4868
:10DEA0000078002801D004204870487C002805D163
:10DEB0000648C078002801D00E200870087852E784
:10DEC0003C03002018030020D4020020440100205D
:10DED00088080020F802002080020020720500203F
:10DEE0004C0300200021C172017341738173C1731F
:10DEF00001744174817400BF04E00023C21C5354B8
:10DF00004A1CD1B20829F8DB704702464A20C043B8
:10DF1000814201DA00207047B32901DDFE20FAE7D3
:10DF200008464B30C0B2F6E7024608464B38704709
:10DF3000F0B587B006460C461546174840790001F3
:10DF40001649897D0843C0B21549097E154A927861
:10DF5000144B5B7802930392049105901248C078A9
:10DF6000001FC0B20F490978009101906003052796
:10DF70007F05C019AF02C0190C4F3F78FF00C019D0
:10DF80000A4F7F78C1190648C37D827D0748FFF795
:10DF900029FD07B0F0BD0000F8020020A80600200F
:10DFA00088050020AC010020440100206407002007
:10DFB000F0B587B00C4615461749C86BFBF7BCF89F
:10DFC000C6B2FF231548008DC0B21449098D09124D
:10DFD000124AD28CD2B205930292039104900F4858
:10DFE000C08C00120096019060030B273F05C019FA
:10DFF000AF02C0190A4F3F78FF00C019084F7F7861
:10E00000C1190648008EC3B20448008E02120448AB
:10E01000FFF7E8FC07B0F0BDEC0400204002002050
:10E0200064070020F0B589B00C46154622494868BF
:10E03000224906F0F9FB0746FBF77EF886B21E4937
:10E0400048691E4906F0F0FB0746FBF775F880B2F9
:10E0500008901B48FFF736FA0701C0371948FDF74B
:10E06000A3F980003F181848FDF792F83818C0B29D
:10E07000164907900979089AD2B2089B1B1202939D
:10E08000039204910590F0B2311200910190600367
:10E090000327BF05C019AF02C0190D4F3F78FF001D
:10E0A000C0190B4F7F78C1190A4883780278084855
:10E0B000FFF798FC09B0F0BD180300200000C8422B
:10E0C0006805002072050020440100203C03002068
:10E0D00064070020D4020020F7B588B00C4615462E
:10E0E0001A482421415E0898FFF70FFF064617489B
:10E0F0002221415E0898FFF708FF079013480C2182
:10E10000415E0898FFF701FF0690FF2003900490FE
:10E1100002960590079906980191009060030D27DB
:10E120003F05C019AF02C019094F3F78FF00C01961
:10E13000074F7F78C1190548837FC08B0004020E0A
:10E140000348FFF74FFC0BB0F0BD00004002002079
:10E1500064070020F0B587B006460C461546174800
:10E16000007C1649098A0904090E144A127A134BD5
:10E170001B891B041B0E02930392049105900F4808
:10E18000007A0E4909890904090E00910190600383
:10E1900007277F05C019AF02C019094F3F78FF005C
:10E1A000C019074F7F78C11904488379C0880004DB
:10E1B000020E0348FFF716FC07B0F0BDF80200207E
:10E1C00064070020F0B587B006460C461546164891
:10E1D00080791549C9880912134A1279124B9B8814
:10E1E0001B1202930392049105900F4880780E4908
:10E1F000498809120091019060030F273F05C0195B
:10E20000AF02C019094F3F78FF00C019074F7F7850
:10E21000C11905480838037A008902120348FFF73C
:10E22000E1FB07B0F0BD0000880200206407002079
:10E23000F0B587B006460C4615461548807B144954
:10E24000C9890912124A127B114B9B891B12029336
:10E250000392049105900E48807A0D49498909126C
:10E2600000910190600301273F06C019AF02C01959
:10E27000084F3F78FF00C019064F7F78C119044846
:10E28000037A008902120348FFF7ACFB07B0F0BD28
:10E290008802002064070020F0B587B006460C46CF
:10E2A0001546FF2002900390049005900090019085
:10E2B000600311273F05C019AF02C019074F3F780F
:10E2C000FF00C019054F7F78C1190548037C008AFB
:10E2D00002120248FFF786FB07B0F0BD640700207A
:10E2E0008802002070B586B006460C4615461A20F6
:10E2F00002211B22FF230293039204910590072021
:10E300000621009101906003092252058018AA029B
:10E310008018074A1278D2008018054A527881186E
:10E3200001232B220248FFF75DFB06B070BD000001
:10E3300064070020F0B587B006460C461546134822
:10E34000007A1249C979114A9279104B5B7902938C
:10E350000392049105900D4800790C49C978009109
:10E360000190600309277F05C019AF02C019084F4B
:10E370003F78FF00C019064F7F78C11903488378A2
:10E3800002780348FFF72EFB07B0F0BDAC01002078
:10E3900064070020F0B587B00D4616460024002023
:10E3A00005E082001A4989580C19411CC8B20A2894
:10E3B000F7DB17481438007C15491439098A090419
:10E3C000090E134A143A12691202120E104B143B32
:10E3D0001B691B0E0293039204910590E0B2210485
:10E3E000090E0091019068030727BF05C019B70205
:10E3F000C019084F3F78FF00C019064F7F78C11938
:10E400002002030E220E0348FFF7ECFA07B0F0BD1E
:10E410000807002064070020FFB58BB01F460C984A
:10E4200040031D21090541180D98800208185F4915
:10E430000978C90040185D49497840180A905C493C
:10E4400088695C4906F0F0F90790FAF775FE054611
:10E450005749C869574906F0E7F90790FAF76CFE83
:10E4600006465349886A534906F0DEF90790FAF7E1
:10E4700063FE09905049C8684E4906F0D5F90790E7
:10E48000FAF75AFE80B208900898FE2801DDFE20B7
:10E4900008904749091FC86B464906F0C5F907901F
:10E4A000FAF74AFE0446012F1ED14149091FC86BE5
:10E4B000FAF742FEC0B20790F0B23104090E320200
:10E4C000120EEBB202930392049105902804000E01
:10E4D0002902090E0091019001223448079B0A99F4
:10E4E000FFF780FA0FB0F0BD022F18D10898C0B224
:10E4F000E1B22204120E23021B0E02930392049136
:10E500000590FF210998C0B201910090099800047C
:10E51000030E022225480A99FFF764FAE2E7FF2F6B
:10E5200035D12349091FC86BFAF706FEC0B2079020
:10E53000F0B23104090E3202120EEBB202930392D2
:10E54000049105902804000E2902090E0091019003
:10E5500001221648079B0A99FFF744FA0898C0B2AF
:10E56000E1B22204120E23021B0E029303920491C5
:10E570000590FF210998C0B201910090099800040C
:10E58000030E022209480A99FFF72CFAAAE7FF2096
:10E590000290039004900590009003463A46019043
:10E5A00002480A99FFF71EFA00BF9BE764070020A4
:10E5B000F004002000007A44F8020020F0B587B093
:10E5C0000C46154618498869184906F02DF9074682
:10E5D000FAF7B2FD86B2FF21F0B2039104910591E2
:10E5E000029030121049097F009101901048007884
:10E5F0008000F0300F4FBF78C019C2B260030F2700
:10E600007F05C019AF02C0190B4F3F78FF00C0193A
:10E61000094F7F78C1190448808B0004030E064817
:10E62000FFF7E0F907B0F0BD4002002000002041F4
:10E630007C0500206805002064070020F0B587B045
:10E6400006460C4615461948007A184909890904F6
:10E65000090E164A92681202120E144B9B681B0E8A
:10E660000293039204910590104800780F4909889D
:10E670000904090E0091019060031F273F05C0198E
:10E68000AF02C0190A4F3F78FF00C019084F7F78CA
:10E69000C119064800680002030E04480068020E13
:10E6A0000348FFF79FF907B0F0BD00008805002080
:10E6B00064070020F0B587B00C4615461E4948682F
:10E6C0003C21F9F7BFFD86B21C4840780001C030FC
:10E6D0001A49897889004018184909784018C0B249
:10E6E0000690FF221649898DC9B2069804920592B8
:10E6F000029103901248808D0004000E0E49497D5E
:10E7000009010D4A127D8918C9B200910190600378
:10E7100001277F06C019AF02C0190A4F3F78FF00DA
:10E72000C019084F7F78C119F3B232120548FFF7BC
:10E7300059F907B0F0BD0000880500204401002011
:10E740008806002064070020F0B587B00D46164605
:10E750001C466803212109054018B10240184D49A3
:10E760000978C90040184B4949784718012C15D140
:10E77000FF214948C07803910491059102904648D1
:10E7800080784549497800910190434803780122F7
:10E7900039464048FFF726F907B0F0BD022C14D1E6
:10E7A000FF213D48C07903910491059102903A48B8
:10E7B00080793949497900910190374803790222DB
:10E7C00039463448FFF70EF9E6E7032C14D1FF2150
:10E7D0003148C07A03910491059102902E48807AC5
:10E7E0002D49497A009101902B48037A032239463A
:10E7F0002848FFF7F7F8CFE7FF2C3CD1FF21264848
:10E80000C0780391049105910290234880782249B1
:10E8100049780091019020480378012239461D482B
:10E82000FFF7E0F8FF211C48C0790391049105919E
:10E830000290194880791849497900910190164849
:10E840000379022239461348FFF7CCF8FF2112481A
:10E85000C07A03910491059102900F48807A0E4985
:10E86000497A009101900C48037A032239460948FD
:10E87000FFF7B8F890E7FF2002900390049005900E
:10E88000009003462246394601900248FFF7AAF855
:10E8900000BF81E76407002054070020F0B587B06F
:10E8A0000C4615461648FCF723FC87011548FEF771
:10E8B00019FC00013F181448FCF7E6FC80003F18E3
:10E8C0001248FEF7E9F93818C6B2FF20029003900B
:10E8D0000490059000900190600327221205801893
:10E8E000AA0280180A4A1278D2008018084A527880
:10E8F0008118FF2332460648FFF774F807B0F0BDD1
:10E90000440100203C030020720500201803002071
:10E9100064070020F0B587B004460D461646FF2375
:10E920001C48007A1B49098909121B4A5279059330
:10E930000292039104901948417819484079194A84
:10E94000127992001043F0221043C0B2019100905E
:10E950001048007F134F7F79BF0038430E4FBF79B7
:10E960003F0138430E4FBF79BF013843C2B20E4852
:10E970000078C0000D4FC0190B4F7F78C1190748B0
:10E980008079FC27384303460748FFF72BF807B088
:10E99000F0BD0000180300203C030020D40200203A
:10E9A00044010020720500206407002000FCFF02E3
:10E9B000FEB506469048807D042800D0FEBD8E48F6
:10E9C000C07C00282BD000208B49C8748B4800786D
:10E9D000002821D089480078052812D004DC0128BD
:10E9E00007D0022812D105E00E2804D024280DD12A
:10E9F00002E000BF00BF00BF01217F4805F0EEF933
:10EA000009E002217C4805F0E9F904E004217A4894
:10EA100005F0E4F900BF00BF7948FCF742FC7948F3
:10EA2000FFF7CEF87449C968401A7D21C9008842B1
:10EA300000D2C3E77348FFF7C3F86F49C8600120ED
:10EA4000714948746C488068401C6B49886008466E
:10EA50000068401C08606D480069401C6B490861F3
:10EA60006B48007864498968009101906248C27DD2
:10EA7000817D00236748FEF765FBC4B221466448E8
:10EA800004F06AFD64488078002804D000216248C0
:10EA9000FEF74AFA11E06048007957498968009109
:10EAA00001905548C27D817D02235A48FEF74AFBFA
:10EAB000C4B221465848FEF737FA5848807F0028EC
:10EAC00003D15648C07F002805D000221146534884
:10EAD000FDF7E6FE19E051494869514905F0A4FEE9
:10EAE0000746FAF729FB05464348806801950090E0
:10EAF0004148C27D817D01234648FEF723FB044641
:10EB0000002221464548FDF7CBFE464800793A49A8
:10EB10008968009101903848C27D817D03233D487A
:10EB2000FEF710FBC4B221463E48FCF73FFB3248DB
:10EB3000C07D002806D0012831D0022849D0042801
:10EB400051D100E000BF2C4880685A280DD92A48CE
:10EB500080686E2809D234481E21415E5A2904DAA1
:10EB600005220021244805F062F9234880687D28A9
:10EB700009D92D481E21415E5A2904DA05220021B7
:10EB80001D4805F054F91C488068FF210F31884268
:10EB900004D905220021184805F049F928E0164853
:10EBA00080681E2809D920481E21415E5A2904DAAE
:10EBB00005220021104805F03AF90F488068FF212E
:10EBC0000F31884204D9052200210B4805F02FF9A6
:10EBD0000EE009488068C82804D9052200210648AB
:10EBE00005F025F904E00121034805F0F7F800BF1E
:10EBF00000BF00BFE2E6000088050020AC01002055
:10EC000072050020A001002088080020F4060020E2
:10EC1000D4020020D40600203C030020180300206A
:10EC20000000C8424401002040020020FEB5064614
:10EC3000E948807D022800D0FEBDE748C07C00285E
:10EC400012D00020E449C874E448FCF767FDE448AA
:10EC5000C26A1E21415EE04804F000FFC1B2E148F3
:10EC60000174E148FCF71AFBDB4805F073F8002853
:10EC700019D0D948C07D002805D105220021D648E9
:10EC800005F0D5F80EE0D448C07D042805D1002257
:10EC90000421D14805F0CBF804E004221146CE4807
:10ECA00005F0C5F8C8E7D148FEF78AFFCA49C96828
:10ECB000401A7D21C900884200D2BDE7CB48FEF74B
:10ECC0007FFFC549C8600120C9494874C2488068AF
:10ECD000401CC149886008460068401C0860C5485F
:10ECE0000069401CC3490861BB4804F047FFC248A3
:10ECF00005F034FAC1480078B7498968009101905D
:10ED0000B548C27D817D0023BD48FEF71BFAC4B221
:10ED10002146BA4804F020FCBA480079AE49896817
:10ED200000910190AC48C27D817D0223B448FEF77A
:10ED300009FAC4B22146B348FEF7F6F8B249486969
:10ED4000B24905F071FD0746FAF7F6F90546A24803
:10ED5000806801950090A048C27D817D0123A8486C
:10ED6000FEF7F0F9044600222146A748FDF798FD7A
:10ED7000A748007998498968009101909648C27D1A
:10ED8000817D03239E48FEF7DDF9C4B22146A048E9
:10ED9000FCF70CFA9048C07D030005F05BFA0A0608
:10EDA0002C586FA0DDF9F72D2EF78C48FCF7BCFB33
:10EDB0008A48FCF7F7FB884881688A48007C8142D2
:10EDC00018D38848807D002804D0012807D0022865
:10EDD0000FD109E00121804805F000F809E0082181
:10EDE0007D4804F0FBFF04E009217B4804F0F6FFB6
:10EDF00000BF00BFECE000BF00BF77488068142868
:10EE000010D97648FCF7ECFB00280BD001207249A2
:10EE100008747848006C401C7649086404216E48E8
:10EE200004F0DCFF6C488068782803D302216A482C
:10EE300004F0D4FF6E480A21415E674804F090FE5A
:10EE4000002803D00621644804F0C8FFC0E06248EF
:10EE500080680F2808D962481E21415E6E2903DCB4
:10EE600003215D4804F0BAFF5B488068FF212D3123
:10EE7000884202D901205949C870A9E056488068E3
:10EE8000142810D95548FCF7ABFB00280BD0022002
:10EE9000514908745748406C401C56494864042145
:10EEA0004D4804F09BFF4C48806878280AD3032023
:10EEB000494908744F48806C401C4E4988640120C1
:10EEC000464988704A480A21415E434804F048FE9A
:10EED000002803D00621404804F080FF78E000219C
:10EEE0003E48FCF731FC002803D005213A4804F0E5
:10EEF00075FF3A48FCF73CFB002808D0364880688C
:10EF00003C2804D332220321334804F090FF3248D6
:10EF10008068782806D33148FCF788FB05212E4805
:10EF200004F05CFF2E482221415E2E4820380A2240
:10EF3000825E914203DB0621274804F04FFF2C48F4
:10EF40000A21415E244804F00BFE002803D006216C
:10EF5000214804F043FF3BE01F4880681E280BD384
:10EF60001F481E21415E6E2906DA1C48FCF7D6FBBD
:10EF70000021194804F032FF17488068FF212D3125
:10EF8000884202D301201549C87021E01AE0FFE74A
:10EF9000114880683C2809D311481E21415E6E2922
:10EFA00004DA042201210C4804F041FF0A48806879
:10EFB000FF212D31884204D304220121064804F0A8
:10EFC00036FF05E001220421034804F030FF00BFB2
:10EFD00000BF00BF30E6000088050020F8020020D6
:10EFE00040020020A806002072050020A001002099
:10EFF00088080020F40600204C030020D4020020E2
:10F00000D40600203C030020180300200000C84262
:10F010004401002010B504462F48807D062800D00A
:10F0200010BD2D48C07C002807D000202A49C87494
:10F0300020706070606020726072284840780028FC
:10F0400005D101220021244804F0F1FEE8E724481C
:10F05000FEF7B6FD2049C968401A7D21C9008842E3
:10F0600000D2DDE71E48FEF7ABFD1B49C86001205A
:10F070001A49487418488068401C17498860084637
:10F080000068401C08600846C07D00281BD121781C
:10F09000144804F061FA61781348FDF745FF002237
:10F0A00012486168FDF7FCFB217A1148FCF77EF8F5
:10F0B000607A002803D00F48FCF7F0F802E00D4812
:10F0C000FCF7EFF805E003220021034804F0AFFE4F
:10F0D00000BF00BF00BFA3E788050020880800200C
:10F0E000A0010020D40200203C03002018030020CF
:10F0F0004401002072050020002101704170416030
:10F100000172417270470000FEB50646E648807DF8
:10F11000012800D0FEBDE448C07C002808D00020B3
:10F12000E149C874E148FDF765FEE148FCF7B6F82F
:10F13000DD4804F00FFE002805D005220021DA4842
:10F1400004F075FEE6E7DB48FEF73AFDD649C968EC
:10F15000401A7D21C900884200D2DBE7D548FEF77E
:10F160002FFDD149C8600120D3494874CE4880683A
:10F17000401CCD49886008460068401C0860CF48A4
:10F180000069401CCD490861C74804F0F7FCC64837
:10F19000C07D002806D0012859D002287ED004283E
:10F1A0007DD114E1C6480078BF498968009101907B
:10F1B000BD48C27D817D0023C248FDF7C3FFC4B2B4
:10F1C0002146BF4804F0C8F9BF480079B6498968AC
:10F1D00000910190B448C27D817D0223B948FDF7BA
:10F1E000B1FFC4B22146B848FDF79EFEAF49486959
:10F1F000B64905F019FB0746F9F79EFF0546AA48F0
:10F20000806801950090A848C27D817D0123AD48AA
:10F21000FDF798FF044600222146A448FDF740FB75
:10F22000AB480079A0498968009101909E48C27D51
:10F23000817D0323A348FDF785FFC4B22146A4487E
:10F24000FBF7B4FF0121984804F0C8FD28E19C4871
:10F25000007895498968009101909348C27D817D2D
:10F2600000239848FDF76EFFC4B22146944804F08D
:10F2700073F9954800798C498968009101908A4812
:10F28000C27D817D02238F48FDF75CFFC4B2214619
:10F290008D48FDF749FE8549486901E033E0F9E012
:10F2A0008A4905F0C1FA0746F9F746FF05467E4848
:10F2B0008068019500907C48C27D817D0123814852
:10F2C000FDF740FF0446002221467848FDF7E8FAA2
:10F2D0007F48007974498968009101907248C27D25
:10F2E000817D03237748FDF72DFFC4B2214678487E
:10F2F000FBF75CFF6C4880680F2803D904216A483B
:10F3000004F06CFDCCE06E48007867498968009194
:10F3100001906548C27D817D00236A48FDF712FF98
:10F32000C4B22146664804F017F9674800795E497F
:10F330008968009101905C48C27D817D022361480B
:10F34000FDF700FFC4B221465F48FDF7EDFD5749C8
:10F3500048695E4905F068FA0746F9F7EDFE05468B
:10F3600051488068019500904F48C27D817D0123FE
:10F370005448FDF7E7FE0446002221464B48FDF7BE
:10F380008FFA5348007948498968009101904648AE
:10F39000C27D817D03234B48FDF7D4FEC4B22146D4
:10F3A0004B48FBF703FF4B481E21415E5A2904DA04
:10F3B000002202213C4804F03AFD3B488068FF21CE
:10F3C0002D31884202D901204349C87068E036488F
:10F3D000007D042822D134488068052807D21E21E8
:10F3E000374804F0B9F801203C4908701AE03B485E
:10F3F000007800280DD037481E21415E5A2904DBD1
:10F400001E212F4804F0A8F80CE0002033490870B2
:10F4100008E000212A4804F09FF803E00021284872
:10F4200004F09AF800212848FDF77EFD00221146DD
:10F430001E48FDF735FA2148C06B401C1F49C863C0
:10F44000194804F0CBF9002803D00221164804F033
:10F45000C5FC1548007D042803D11D48FBF72CFE90
:10F4600017E001241048007D002804D118480078D6
:10F47000002800D100240C48007D022804D1144843
:10F480004078002800D1002421461148FBF78EFE69
:10F4900000BF05E005220021034804F0C8FC00BFBE
:10F4A00000BF00BF36E600008805002018030020DA
:10F4B00072050020A001002088080020F40600202A
:10F4C000D4020020D40600203C0300200000C842E3
:10F4D0004401002040020020F802002072010020B8
:10F4E00010B504464D48807D052800D010BD4B481E
:10F4F000C07C002802D000204849C8744848807861
:10F50000002805D101220021444804F090FCEDE7D9
:10F510004448FEF755FB4149C968401A7D21C9009E
:10F52000884200D2E2E73F48FEF74AFB3B49C86009
:10F5300001203B49487439488068401C374988603D
:10F540000846C07D002860D137488078C007C00FCA
:10F55000002809D0344880886422504301460022A4
:10F560003248FDF79DF904E0002211462F48FDF7CF
:10F5700097F92D48408802210840022807D141030D
:10F580002B48FAF731FE2B48FBF788FE04E00121F7
:10F5900089032748FAF726FE2348408804210840BB
:10F5A000042805D12048017C2348FDF7BDFC03E079
:10F5B00000212148FDF7B8FC1B484088082108407D
:10F5C000082805D11848017B1C48FBF7EFFD03E034
:10F5D00000211A48FBF7EAFD134840881021084033
:10F5E00010280DD11048C088002805D00E48817918
:10F5F000134803F0B1FF07E000201149087003E051
:10F6000000210F4803F0A8FF05E001220021034874
:10F6100004F00DFC00BF00BF00BF67E788050020B5
:10F6200088080020A0010020C00600201803002048
:10F6300000080048720500203C030020440100201F
:10F64000D402002070B5054600210848FCF77CF87C
:10F650000446012C03D11621054804F0BFFB022CFF
:10F6600003D11621024804F0B9FB70BDF802002056
:10F6700088050020FEB50546EB48807D032800D0B4
:10F68000FEBDE948C07C002805D00020E649C874CA
:10F69000E648FBF703FEE44804F05CFB00281DD0BD
:10F6A000E148C07D1E2805D105220021DE4804F076
:10F6B000BEFB12E0DC48C07D322809DBDA48C07DA1
:10F6C0003B2805DC00220421D74804F0B0FB04E00D
:10F6D00004221146D44804F0AAFBD1E7D448FEF72F
:10F6E0006FFAD149C968401A7D21C900884200D209
:10F6F000C6E7CF48FEF764FACB49C8600120CD4980
:10F700004874C9488068401CC7498860084600683A
:10F71000401C0860C8480069401CC7490861C248CD
:10F7200004F02CFAC54804F019FDC5480078BE491C
:10F73000896800910190BC48C27D817D0023C14849
:10F74000FDF700FDC4B22146BD4803F005FFBE48E9
:10F750000079B549896800910190B348C27D817DE7
:10F760000223B848FDF7EEFCC4B22146B648FDF7C7
:10F77000DBFBB6494869B64905F056F80746F9F784
:10F78000DBFC0646A848806801960090A648C27D2A
:10F79000817D0123AB48FDF7D5FC0446AD48827955
:10F7A0002146AA48FDF77CF8AB4800799E49896854
:10F7B000009101909C48C27D817D0323A148FDF703
:10F7C000C1FCC4B22146A448FBF7F0FC9648C07DBA
:10F7D00032287DDB9448C07D3B2879DC9249C87D86
:10F7E0000A21F8F739FDCCB2A100934814304058F3
:10F7F000401CA2009049143188508E480A21415E75
:10F80000894804F0ADF9002803D01C21864804F093
:10F81000E5FA92482221415E91480A22825E914295
:10F8200003DB1C21804804F0D9FA7F4804F050F92A
:10F83000002803D01C217C4804F0D0FA7A48806864
:10F840000A2853D986480A21415E6200D238805E78
:10F85000091A82482222825E914207DC8048807D1C
:10F86000A04203DA7048007EFD280BDC6E48007E63
:10F87000FD2810DA6C48007EA0420CDA7848807DC2
:10F88000A04208DA20463130C1B2674804F0A6FA37
:10F890007448FCF713F872480A21415E6200E638AA
:10F8A000805E091A6D482222825E914207DB6C4815
:10F8B000C07DA04203DD5C48007EFD280DDC5A4877
:10F8C000007EFD2812DA5848007EA0420EDD00E0DE
:10F8D00010E06348C07DA04208DD20463330C1B24D
:10F8E000514804F07BFA5F48FBF726FE2846FFF7F5
:10F8F000A9FE97E04C48C07D162823D01C2804D0D0
:10F900001E283CD020286FD13DE04748806814284D
:10F910000ED952481E21415E5A2904DB424804F0A8
:10F9200053F9002804D0042201213F4804F07FFA53
:10F930003D488068F02804D9042201213A4804F0A7
:10F9400076FA6EE03848806832280ED943481E2186
:10F95000415E5A2904DB344804F036F9002804D00B
:10F9600004220121304804F062FA2F488068FF2108
:10F970002D31884202D901203A49C87051E02B4804
:10F98000FBF78FFC4DE02B480A21415E264804F02E
:10F99000E7F8002803D01C21234804F01FFA2F4861
:10F9A0002221415E2E480A22825E914203DB1C2105
:10F9B0001D4804F013FA1C4804F08AF8002803D00C
:10F9C0001C21194804F00AFA17488068022803D25B
:10F9D0002448FBF7C5FD1DE013488068192804D2B0
:10F9E0002048FBF7DFFD15E015E01E48807D00286C
:10F9F00003D00D488068642803D916210A4804F012
:10FA0000EDF91848FBF752FE002803D032210648D2
:10FA100004F0E4F905E001220421034804F007FAA8
:10FA200000BF00BF00BF2BE6880500207205002044
:10FA3000A001002088080020F40600204C030020CC
:10FA4000D4020020D40600203C030020180300202C
:10FA50000000C8422C050020440100204002002084
:10FA600088060020F80200207CB505469848807D75
:10FA7000002800D07CBD9648C07C002808D000201B
:10FA80009349C8749348FBF70CFC00209249887492
:10FA90008F48C07D01281FD19048007800281BD0D6
:10FAA0008F480068002817D18E480078002809D1B7
:10FAB0008D48C079002805D18C48FBF799FC0020BF
:10FAC00083498860824880680A2805D900218548D2
:10FAD000017000208449C8717D4804F081F8002835
:10FAE00015D08348FEF7A6F882480068401C81497B
:10FAF0000860012205217F4803F0F2F8002201216D
:10FB0000734804F094F9002071490860B2E7724824
:10FB10004079002808D07648FEF78CF81E22032191
:10FB20006B4804F084F9A5E76B488078002809D079
:10FB30006748C07D012805D100220521644804F0F2
:10FB400076F997E76448407800280CD06048C07D7B
:10FB5000012808D16648FEF76DF8002206215C48AE
:10FB600004F065F986E76448FEF72AF85849C96841
:10FB7000401A7D21C900884200D27BE75E48FEF72B
:10FB80001FF85349C86001205349487450488068A1
:10FB9000401C4F4988600846C07D012804D00328D6
:10FBA00029D005287AD162E00021544803F0D4FC22
:10FBB00000215348FDF7B8F9002211465148FCF7DF
:10FBC0006FFE4348007D042803D14F48FBF774FAC9
:10FBD00010E04E480078002808D04B488078002874
:10FBE00004D001214848FBF7E1FA03E00021464830
:10FBF000FBF7DCFA68E041480078354989680091F4
:10FC000001903348C27D817D00234148FDF79AFA77
:10FC1000C4B22146394803F09FFC394800792C4989
:10FC20008968009101902A48C27D817D022338486D
:10FC3000FDF788FAC4B221463148FDF775F9002274
:10FC400011463048FCF72CFE00212F48FBF7AEFA96
:10FC50001F488068C82805D8204880381E21415E8A
:10FC60006E2903DA01211A4804F0B8F82CE00021CB
:10FC7000224803F071FC00212148FDF755F90022CC
:10FC800011462048FCF70CFE19480078002806D1E0
:10FC900018484068401C1749486005E00FE01548C7
:10FCA0008068401C13498860124802F089FE194898
:10FCB00003F07CF80121064804F090F804E00321E9
:10FCC000034804F08BF800BF00BF00BFD2E600007D
:10FCD000880500207205002088080020C00200204E
:10FCE000A0080020840800206805002005010020ED
:10FCF000AC010020F4060020A0010020D402002066
:10FD00003C03002018030020440100207C05002053
:10FD1000D4060020440700200021C17401747047FC
:10FD200070B505460C46182C02D16F48007870BD9E
:10FD3000012C02D16D48807DF9E7022C02D16B487D
:10FD4000C07DF4E7032C02D168480068EFE7042C7B
:10FD500002D166488068EAE7052C08D16449C86A80
:10FD6000644904F061FD0646F9F7E6F9DFE7062C81
:10FD700003D15F491E20085ED9E7282C03D15C49D6
:10FD80002220085ED3E7292C03D159492420085E9C
:10FD9000CDE7112C09D158494868564904F044FD73
:10FDA0000646F9F7C9F980B2C1E7122C09D15249C8
:10FDB0004869504904F038FD0646F9F7BDF980B2AC
:10FDC000B5E70F2C02D14D480078B0E7102C02D1D6
:10FDD0004A488078ABE7132C01D14948A7E7142C97
:10FDE00002D148488068A2E7152C02D14548007925
:10FDF0009DE7162C02D13E48808F98E7192C02D13E
:10FE00003948807893E71A2C02D13748C0788EE7BA
:10FE10001B2C02D13448007989E71C2C02D13248CE
:10FE2000407984E71D2C02D12F4880797FE71E2C72
:10FE300002D12D48C0797AE71F2C02D12A48007AD6
:10FE400075E7202C02D12848407A70E7212C02D196
:10FE50002548807A6BE7222C02D12448007C66E793
:10FE6000242C03D128490620085E60E7252C03D105
:10FE700025490820085E5AE7262C02D122484079FD
:10FE800055E72E2C03D12148FBF782F94FE7312C9F
:10FE900003D117484030008949E7322C03D1144878
:10FEA0004830408843E7332C03D1114848308088DC
:10FEB0003DE7342C03D10E484830C08837E7352C55
:10FEC00003D10B484830008931E7362C03D108486C
:10FED000483040892BE7372C03D1054848308089CA
:10FEE00025E70020C04322E7AC0100208805002060
:10FEF000400200200000C84218030020D402002065
:10FF0000204E00003C030020F802002044010020A5
:10FF100013B59CB018211D984843FE4940188068CD
:10FF20000003400E1B9018211D984843F9494018C2
:10FF30000089C004400F1A900846303801781B9899
:10FF4000814204D01B987F2801D01EB010BDF1481B
:10FF5000303841781A98814203D01A98072800D087
:10FF6000F3E718211D984843EA4940188068000DBE
:10FF7000159018211D984843E649401800898005CE
:10FF8000400E149018211D984843E2494018007A09
:10FF90004007400F139000200D900EE018211D988F
:10FFA0004843DC4940180F300D99415C0FAA0D9869
:10FFB00011540D98401CC0B20D900D980828EDDB2F
:10FFC0001498782805DB14987B2802D000211C980F
:10FFD000C1741598010514984003091813988002FC
:10FFE0000818CC4930390978C9004018C949303956
:10FFF00049784018129015980A2801D101F034F878
:020000040801F1
:1000000011DC092801D301F016FA43007B449B88D8
:100010005B009F4428081F00280860059705980585
:1000200099054F06F506222801D101F0F5F80ADC02
:10003000132801D101F025F8162801D101F0B5F8F7
:100040001D28E0D1F7E3262801D101F047F92F2838
:10005000D9D1F1E3149840030121490541181398BF
:1000600080020818AB4930390978C9004018A949FD
:10007000303949784018129008A8007F010208A87A
:10008000407F0818142876D014DC052874D008DCCA
:10009000002822D0012839D0032873D004286DD13C
:1000A0008EE006286BD007286AD00B2869D0132869
:1000B000F5D1F0E143287DD008DC16287BD02D282F
:1000C0007AD0412879D04228E9D10CE3442875D070
:1000D000452874D04628E2D1FEE3FF2007220623FC
:1000E000049002930392059001202B21009101902E
:1000F00008A8407F0D9008A8007F0C900246854814
:1001000030380D9B1299FDF76DFC9AE201211C9885
:10011000C17008A8807FFF2803D108A8C07FFF28EE
:1001200009D008A8807F010208A8C07F08183C21D8
:10013000484379494860784840683C210D90F8F779
:1001400081F880B21690FF200290039004900590F1
:100150001698C1B200120191009008A8407F0D903E
:1001600008A8007F0C9002466A4830380D9B12990F
:10017000FDF738FCC9E79CE157E003E0FAE36FE0E4
:1001800030E171E101211C980171FF200290039080
:10019000049005900090019008A8407F0D9008A859
:1001A000007F0C9002465B4830380D9B1299FDF79A
:1001B00019FCAAE7A3E29BE1A8E143E205E33CE3E3
:1001C00001211C98417108A8807FFF2803D108A84D
:1001D000C07FFF2809D008A8807F010208A8C07F3F
:1001E00008183C2148434C4948604B4840683C2132
:1001F0000D90F8F727F880B21690FF200290039038
:10020000049005901698C1B200120191009008A8C0
:10021000407F0D9008A8007F0C9002463D48303882
:100220000D9B1299FDF7DEFB6FE73C48FDF702FDE1
:10023000FF20029003900490014605903748007813
:100240000191009008A8407F0D9008A8007F0C90B5
:100250000246304830380D9B1299FDF7C3FB54E736
:1002600008A8807FFF2803D108A8C07FFF2809D0F5
:1002700008A8807F010208A8C07F08183C214843D5
:100280002549486010A800780007000F0F2808D003
:1002900010A800780007000F01460D901E4803F0DB
:1002A000D9FA10A80078F0210840F02808D010A84A
:1002B00000780840001101460D90174803F0DCFA61
:1002C000154803F0E0FA10A84078010210A88078E1
:1002D000081880B2169012491698884203D01698D2
:1002E00001B21048818510A8C0788007800F0E9059
:1002F0000E98032809D00E98012801D10A490870E8
:100300000E98002801D10849087010A8C0780C2167
:1003100008400BE09407002088050020AC01002075
:10032000FFFF000088060020440100200E900E9878
:100330000C280AD00E98042802D10120FE498870AA
:100340000E98002801D1FC49887010A8C07830218F
:1003500008400E900E98032809D00E98012801D16C
:10036000F54948700E98002801D1F3494870F348C8
:1003700040683C210D90F7F765FF80B21690EE487B
:1003800040780001C030EC49897889004018EA497A
:1003900009784018C0B20E90E949898DC9B2E84A7F
:1003A000928D1204120EE54B5B7D1B01E34C247D04
:1003B0001B19DBB20E9802930392049105901698D4
:1003C000C0B2169909120091019008A8407F0D90C3
:1003D00008A8007F0C900246DA480D9B1299FDF7A1
:1003E00001FB76E308A8807F062829DAFF2308A806
:1003F000807F4100D1482E30425C08A8807F4100B8
:10040000CE482E30405A0004010E08A8807F4400D8
:10041000CA481A30005D02AC0FC408A8807F4100B2
:10042000C6481A30405A0004000E08A9897F0823E4
:10043000002200910190C3481299FDF7D3FA12E00F
:10044000FF2002900390049005900090019008A86E
:10045000407F0D9008A8007F0C900246B9480D9B84
:100460001299FDF7BFFA34E3FF2002900390049045
:100470000146059008A8807F0191009008A8407F60
:100480000D9008A8007F0C900246AE480D9B129973
:10049000FDF7A8FA1DE308A8807FFF2803D008A86D
:1004A000807FA649087607227F21A748FDF740FDF7
:1004B0000FE3A64801F00CFEFF2002900390049089
:1004C0000590A2488030808FC0B2A0498031898FCA
:1004D00009120091019008A8407F0D9008A8007FA4
:1004E0000C90024697480D9B1299FDF77BFAF0E2BB
:1004F00097489849C86300BFBFF34F8F9648974904
:10050000C860BFF34F8F00BF00BFFEE708A8807F21
:100510008007800F0E900E98012801D19049C87273
:100520000E98002801D18E49C87208A8807F0C213E
:1005300008400E900E98042802D1012088490873C3
:100540000E98002801D18649087308A8807F3021C1
:1005500008400E900E98102802D10120804948735F
:100560000E98002801D17E49487308A8807FC021D9
:1005700008400E900E98402802D1012078498873D7
:100580000E98002801D17649887308A8C07F80079B
:10059000800F0E900E98012801D17149C8730E98F2
:1005A000002801D16E49C87308A8C07F0C210840FB
:1005B0000E900E98042802D10120694908740E9803
:1005C000002801D16649087408A8C07F302108407E
:1005D0000E900E98102802D10120614948740E989F
:1005E000002801D15E49487408A8C07FC021084096
:1005F0000E900E98402802D10120594988740E9817
:10060000002801D1564988745548FDF7F7FA0D9036
:100610005348FDF7E6FA0C90FF20029003900490F7
:1006200005900D990C980191009008A8407F0B90BF
:1006300008A8007F0A90024642480B9B1299FDF7DA
:10064000D1F946E208A8807F072806D00A2822D0E0
:100650000C2811D01B283CD12CE001213B48E03074
:10066000C17508A8C07F010210A80078081801B25F
:1006700036488030418434E001213448E03001764E
:1006800008A8C07F010210A80078081801B22F48FE
:100690008030C18325E001212C48E030417608A854
:1006A000C07F010210A80078081801B227488030E6
:1006B000818416E001212548E030817508A8C07FBB
:1006C000010210A80078081801B220488030818308
:1006D00007E000211D48E0308175C1750176417643
:1006E00000BF00BFF5E11548807D002806D1134802
:1006F000C07D012802D11A48FDF79CFAE9E108A85B
:10070000807F8007800F0E900E9803280BD00E98E4
:10071000012802D101211C9841700E98002802D1B5
:1007200000211C98417008A8807F0C2108400E9081
:100730000E980C2822D015E04401002088050020E6
:1007400088060020640700209D010020C0010020D1
:1007500055AA1600C00000200400FA0500ED00E0D4
:10076000AC0100200E98042802D101211C98817050
:100770000E98002802D100211C9881701C984078A6
:10078000002806D01C988078002802D000211C98F0
:100790008170FF20029003900490014605901C9800
:1007A000807882001C9840781018C0B201910090A7
:1007B00008A8407F0D9008A8007F0C900246F748DB
:1007C0000D9B1299FDF70EF983E11C9840780028E3
:1007D00030D008A8807F8007800F0E900E980328E5
:1007E00009D00E98012801D1ED4908720E98002811
:1007F00001D1EB49087208A8C07FFF2803D008A8E0
:10080000C07FE749087010A80078FF2803D010A81F
:100810000078E349487010A84078010210A8807859
:10082000081880B21690DF491698884202D0DC4939
:10083000169848604DE1FDE3FDE308A8C07F010282
:1008400010A80078081880B2169008A8807F0328A6
:1008500043D006DC002809D0012819D002286BD12A
:1008600028E004284BD0172866D15AE0CD491698C5
:1008700088420CD0CC4916988880084680880A287F
:1008800002DD0A21C8488180C7488088169056E05A
:10089000C449169888420CD0C34916984881084626
:1008A0004089012802DD0121BF484181BE484089BD
:1008B000169044E0BB49169888420CD0BA49169865
:1008C00008820846008A642802DD6421B648018255
:1008D000B548008A169032E04DE0B2491698884239
:1008E0000CD0B1491698888108468089012802DD1C
:1008F0000121AD488181AC48808916901FE0A9494B
:10090000169888420CD0A8491698C8810846C08914
:10091000642802DD6421A448C181A348C0891690DF
:100920000DE0A0491698884205D09F491698C880C6
:100930000846C088169002E09A48169000BF00BF93
:10094000FF211698C0B20391049105910290169868
:10095000001208A9897F0091019008A8407F0D909E
:1009600008A8007F0C9002468C480D9B1299FDF759
:1009700039F8AEE099E008A8807F8007800F012851
:1009800006D189484088FE210840401C864948809D
:1009900008A8807F8007800F002805D18248408802
:1009A000FE2108408049488008A8807F0C2108402B
:1009B000042806D17C484088FD210840801C7A49E3
:1009C000488008A8807F0C210840002805D176487F
:1009D0004088FD2108407449488008A8807F302164
:1009E0000840102806D170484088FB210840001DAF
:1009F0006D49488008A8807F30210840002805D133
:100A000069484088FB2108406749488008A8807FE2
:100A1000C0210840402806D163484088F72108409B
:100A200008306149488008A8807FC021084000281C
:100A300005D15D484088F72108405B49488008A8F7
:100A4000C07F8007800F012806D157484088EF21DA
:100A5000084010305449488008A8C07F8007800FA4
:100A6000002805D150484088EF2108404E49488071
:100A700008A8C17FFC20014308A8C177FF2002908D
:100A800003900490059008A8C17F807F0191009099
:100A900008A8407F0D9008A8007F0C9002463F48B0
:100AA0000D9B1299FCF79EFF13E0FF20029003902C
:100AB000049005900090019008A8407F0D9008A830
:100AC000007F0C90024635480D9B1299FCF78AFF77
:100AD00000BF00BFC7E208A8007F010208A8407F4E
:100AE000081880B201460D901C98FFF719F980B2E2
:100AF0001690FF221698C1B2001202AB07C30592EE
:100B000016980114001601910090149840030121D9
:100B10008905411813988002081820490978C900EE
:100B200040181E49497840180B9008A8407F0D9046
:100B300008A8007F0C90024618480D9B0B99FCF703
:100B400051FFC7E7C6E7C5E708A8007F010208A86C
:100B5000407F081880B2179017980A38030003F0F6
:100B600079FB1E1016272D33393F454B8951898952
:100B70008989898989575D676D73798989898989A7
:100B800083890A48139A1499FDF7D2F990E007482F
:100B9000139A1499FDF70CFA8AE00000640700200C
:100BA000E8060020FFFF0000C00600209D01002095
:100BB000F748139A1499FDF735FA79E0F448139A37
:100BC0001499FDF789FA73E0F148139A1499FDF727
:100BD000C1FA6DE0EE48139A1499FDF7F3FA67E055
:100BE000EB48139A1499FDF723FB61E0E848139A48
:100BF0001499FDF751FB5BE0E548139A1499FDF752
:100C000071FB55E0E248139A1499FDF793FB4FE00E
:100C1000DF48139A1499FDF7BDFB49E008A8807FCF
:100C200003460D90DA48139A1499FDF7F5FB3FE05F
:100C3000D748139A1499FDF7C1FC39E0D448139AA8
:100C40001499FDF7FBFC33E0D148139A1499FDF792
:100C500031FD2DE008A8807F03460D90CC48139A03
:100C60001499FDF771FD23E0C948139A1499FDF713
:100C700015FE1DE0FF200290039004900590009067
:100C800001901798010514984003091813988002E1
:100C90000818C0490978C9004018BE494978401869
:100CA000FF231A4601460D90BA48FCF79BFE00BF91
:100CB00000BFC0E308A8007F002806D0012818D094
:100CC000022849D003287DD15AE0B348FBF71CFD28
:100CD000FF2002900390049005900090019008A8D6
:100CE000007F034604220D90AA481299FCF77AFE71
:100CF00084E010A80078010610A8407800040918C4
:100D000010A880780002091810A8C07808180D9063
:100D100008A8807F010208A8C07F08180C9001462F
:100D20009D480D9AFAF7EAFD10A8C17882784378B9
:100D30000078039304920591029008A8C17F807FF8
:100D40000191009008A8007F034604220D9091486D
:100D50001299FCF747FE51E08F48FBF779F8FF2026
:100D600002900390049005900090019008A8007FE5
:100D7000034604220D9087481299FCF733FE3DE0AC
:100D800008A8807F010208A8C07F081801460D90BE
:100D90008148FAF761FF11901198C1B20004020E68
:100DA00011980002030E1198000E0393049205910E
:100DB000029008A8C17F807F0191009008A8007F61
:100DC000034600E006E004220D9072481299FCF7F9
:100DD00009FE13E0FF20029003900490059008A8FC
:100DE000C17F807F0191009008A8007F0346052203
:100DF0000D9068481299FCF7F5FD00BF00BF1AE39B
:100E00006648807D002803D16448C07D012803D056
:100E10006248807D052874D108A8007F30210840F1
:100E200000286FD108A8007F0007000F002804D019
:100E3000032809D0062806D165E0594801F082FF51
:100E4000574801F028FE84E010A80078010210A89D
:100E50004078081880B2199010A88078010210A874
:100E6000C078081880B2189000200D9044E01998BE
:100E7000C0004C4941180D98C00008180C904A4910
:100E80000C98884200D93BE048480C99FAF7BFF922
:100E90000B900B98401C002800D131E00C99091DE3
:100EA0004248FAF7B4F90A900A98401C002800D189
:100EB00026E00A98C0B20A9909040A0E0A990902A2
:100EC000090E0A9B1B0E02930492039105900B9846
:100ED000C0B20B990904090E009101900B98000211
:100EE000000E0346042209902A481299FCF77AFD65
:100EF0000D98401C80B20D9018990D988842B6DB71
:100F000027E099E026E010A80078010210A84078B8
:100F1000081801460D90224801F002FD1190119829
:100F2000C1B20004020E11980002030E1198000EC7
:100F3000039304920591029010A8407810A90978B3
:100F4000FF2304220091019012481299FCF74AFDF8
:100F500000BF00BF08A8007F3021084010286BD1D7
:100F600008A8007F0007000F002802D0032879D1CD
:100F700020E000200B9007E00D480B9901F0F6FFF0
:100F80000B98401CC0B20B900B980228F4DB69E070
:100F90009D010020640700205407002088050020E0
:100FA000F406002000E00108F8E7010880010020B5
:100FB0004407002010A80078010210A84078081803
:100FC00080B20D9010A88078010210A8C07808188F
:100FD00080B20C9000200B903FE0FE4801680D9815
:100FE000C00009180B98C00008180A90F948C0689A
:100FF00008380A99884200D233E0F7480A99FAF78C
:1010000006F909900A99091DF348FAF700F90890C2
:101010000898C1B20004020E08980002030E089856
:10102000000E03930492059102900998C1B2000446
:10103000000E02E0C9E06FE115E00191009009980F
:101040000002000E034604220790E4481299FCF7C0
:10105000C9FC0B98401C80B20B900C990B988842ED
:10106000BBDB00BF00BFE6E110A8C0780007000F9F
:10107000032805DA10A8C0780107090FD848817540
:10108000D9E108A8007F01284ED108A8407F800739
:10109000800F002801D1D349087008A8407F80073D
:1010A000800F012801D1CF49087008A8407F0C218A
:1010B0000840002802D100211C98017008A8407F38
:1010C0000C210840042802D101211C98017008A8B5
:1010D000407F30210840002802D100211C988171F6
:1010E00008A8407F30210840102802D101211C9817
:1010F000817108A8807F01460D90BB48FCF714FF62
:101100001C99488110A800788007800F002802D120
:1011100000211C98017210A800788007800F012818
:1011200002D101211C98017208A8007F02283BD13E
:1011300008A8407F01460D90AB48FCF7F5FEA84992
:101140002039488108A8807F01460D90A648FCF709
:10115000EBFEA3492039888108A8C07F01460D9085
:10116000A148FCF7E1FE9E492039C88110A800780B
:1011700001460D909C48FCF7D7FE9949203908821A
:1011800010A8407801460D909748FCF7CDFE944991
:101190002039488210A8807801460D909248FCF7CB
:1011A000C3FE8F492039888245E110A8C07880119C
:1011B000032809D010A8C0788011002801D001218F
:1011C00000E000211C98C17135E108A8007F0228C9
:1011D00021D110A840780007800F03280AD010A85A
:1011E00040780007800F002801D0012100E0002195
:1011F0007E48417110A840788006800F03280AD0ED
:1012000010A840788006800F002801D0012100E05E
:1012100000217648817100BF7548807D00285CD12F
:101220007348C07D012858D1149840032321090533
:10123000411813988002081868490978C9004018B5
:10124000664949784018129008A8007F010608A84E
:10125000407F0004091808A8807F0002091808A828
:10126000C07F08180D9000200C902CE05A480D9972
:10127000F9F7CDFF11901198C1B20004020E119838
:101280000002030E1198000E039304920591029040
:101290000D98C0B20D990904090E009101900D98A6
:1012A0000002000E0B900D98000E0A9002464B486B
:1012B0000B9B1299FCF796FB0D98001D0D900C9856
:1012C000401C80B20C9010A80078010210A8407851
:1012D00009180C988142C9DC00BFACE008A8007F67
:1012E000FF2818D008A8007F01460D903E48FCF763
:1012F0001BFE1C99888100211C98817308A8407FDF
:101300008007800F012803D101211C98C17302E0DE
:1013100000211C98C1738EE008A8007F8007800F11
:10132000022805DA08A8007FC007C00F31490877F6
:1013300008A8007F0007800F022805DA08A8007FB0
:101340004007C00F2C49487108A8007F8006800F15
:10135000022805DA08A8007FC006C00F2749887157
:1013600008A8007F8011022805DA08A8007F40063F
:10137000C00F2349887108A8407F8007800F02288A
:1013800005DA08A8407FC007C00F1E49887108A869
:10139000807F0007800F022805DA08A8807F4007B9
:1013A000C00F1749487108A8807F8006800F022867
:1013B00005DA08A8807FC006C00F0F49087108A889
:1013C000C07FFF2803D008A8C07F0E49487010A82E
:1013D000007819E044070020800100206407002005
:1013E000A8060020600100209D0100202C0500209F
:1013F0008805002018030020720500203C0300200F
:1014000044010020D4020020FF2803D010A8007857
:101410000B49487110A84078FF2803D110A88078A4
:10142000FF2807D010A84078010210A8807808187B
:101430000449088100BF00BF00BFFEF786FD000021
:101440003C0300201803002010B5044648480078EB
:10145000C007C00F00280CD1454802F009FF002842
:1014600007D04448FCF7ACFB434908604048C046FD
:10147000C04642480078C007C00F00280CD13F4842
:1014800002F0F6FE002807D03A48FCF799FB3C49E9
:1014900008603A48C046C0463648FCF791FB3649DA
:1014A0000968401A322861D33248FCF789FB324977
:1014B0000860607C002859D032480078401C3149CF
:1014C000087008460078030002F0C4FE0B45070DC3
:1014D00013191F262D33393F450007227F212A4843
:1014E000FCF766FD41E007227F212748FCF79AFDC3
:1014F0003BE007227F212448FCF7EEFD35E0072280
:101500007F212148FCF726FE2FE0012307227F21BF
:101510001D48FCF781FF28E0022307227F211A489B
:10152000FCF77AFF21E007227F211748FDF746F8F4
:101530001BE007227F211448FDF780F815E0072201
:101540007F211148FDF7B6F80FE007227F210E48F2
:10155000FDF7E0F909E007227F210B48FCF7E8FCE2
:10156000002008490870607400BF00BF10BD000073
:1015700090010020A0010020940100208C01002097
:10158000980100209C0100209D010020012101758F
:10159000704700210175704770B504462E480078E9
:1015A000C007C00F00280CD12B4802F061FE0028B4
:1015B00007D02A48FCF704FB294908602648C046A2
:1015C000C0460020E070207160712046FFF73CFFAC
:1015D000002510E0182068432249085C002808D044
:1015E00029462046FEF794FC0022182068431D4936
:1015F0000A54681CC5B20A2DECDB1848FCF7E0FA67
:1016000017490968401A7D21C900884223D313482D
:10161000FCF7D6FA12490860207D002812D0A07C81
:1016200000280FD11048807D002803D10E48C07DCE
:10163000012807D0E07C401CE074E07C1E2801DD1E
:1016400001202074A07B1E2803DAA07B401CA0731D
:1016500001E00021E17370BD84010020A0010020A1
:1016600088010020940700208805002000210170D7
:101670000172417081700174C174012101750021F2
:1016800041740022C2731E228273704710B588B065
:101690000446002006900790142101A8F6F7D0FD1B
:1016A0004748206001218804F8F72CFE01218803B7
:1016B000F8F738FE06A8F8F799FD01208002069099
:1016C00002216846017700218177C17703214177A4
:1016D00006A93C48F8F712FD06A8F8F787FD012097
:1016E000C003069002216846017700218177C17707
:1016F0000321417706A93348F8F700FD06A8F8F75B
:1017000075FD0120800306900221684601770021C3
:10171000C1770321417706A92A48F8F7EFFC06A80C
:10172000F8F764FD01200003069001216846017767
:1017300000218177C1770321417706A92148F8F775
:10174000DDFC012109031F48F8F74EFD05220A219F
:101750001C48F8F71BFD00220F211A48F8F716FD68
:1017600000220E211748F8F711FD01A8F8F7D9FE5D
:1017700000216846818007210902018102214181FF
:101780000121818103210902C181182101820021E7
:101790004182FF210531C18001A90948F8F780FE87
:1017A00001210748F8F744FE012109030448F8F72E
:1017B000A9FE0121FF20C730015508B010BD00006F
:1017C00000380040000400481CB50446012301AA6B
:1017D0000F21204600F094F8FF21B13108556846EA
:1017E0000079B12803D068460079B32849D1B821DF
:1017F000FF20C830015568460079B12804D1B121D5
:10180000FF20C930015503E0B321FF20C930015545
:101810002821FF20CA3001550521401C0155801D9B
:10182000015D009101236A461821204600F0C8F8A6
:10183000FF21B131095D0840FF21B1310855FF207A
:10184000D130005B0112009101236A461921204624
:1018500000F0B6F8FF21B131095D0840FF21B13138
:1018600008555221009101236A461021204600F0BC
:10187000A7F8FF21B131095D0840FF21B1310855BA
:101880001CBD00BFFCE7F8B505460E460024FF204E
:10189000C930405DB12804D0FF20C930405DB32875
:1018A0002BD10021009101236A461021284600F027
:1018B00087F80443F1B2009101236A4618212846B3
:1018C00000F07EF804433004010E009101236A46C3
:1018D0001921284600F074F8044352210091012395
:1018E0006A461021284600F06BF8044301236A463B
:1018F0000F21284600F004F804432046F8BD0000FC
:10190000F8B507460D4614461E4600BF80212A48FA
:10191000F8F79CFD0028F9D1012109032748F8F7C1
:1019200061FC00BF02212448F8F790FD0028F9D09F
:1019300001212148F8F78AFD002802D01E48F8F757
:10194000DBFD8020284301461B48F8F7E5FD00BF7A
:1019500080211948F8F77AFD0028F9D11648F8F7E0
:10196000CBFD16E000BF02211348F8F76FFD0028F9
:10197000F9D000211048F8F7CFFD00BF80210E48B4
:10198000F8F764FD0028F9D10B48F8F7B5FD207091
:10199000641C3046711E8EB20028E3D100BF802146
:1019A0000548F8F753FD0028F9D101210903034840
:1019B000F8F71AFC0120F8BD003800400004004888
:1019C000F8B504460E4615461F4600BF8021206824
:1019D000F8F73CFD0028F9D1012109031748F8F771
:1019E00001FC00BF02212068F8F730FD0028F9D083
:1019F0007106490E2068F8F78FFD0BE000BF022149
:101A00002068F8F723FD0028F9D029786D1C20689C
:101A1000F8F782FD3846791E8FB20028EED100BF5C
:101A200080212068F8F712FD0028F9D1012109036F
:101A30000248F8F7D9FB0120F8BD00000004004877
:101A400070B504460021FF209D30015100250DE0B6
:101A5000AB00221DD158FF229D32105902F074FEB6
:101A60000146FF209D300151681CC5B2CC20005DAD
:101A7000A842EDDCCC21085DF7F7A2FB0646FF216A
:101A80009D3108593146F7F781FA0146FF209D3014
:101A900001510021CC200155FF20A130015100252A
:101AA0000EE0AB002246D032D158FF22A1321059AD
:101AB00002F04AFE0146FF20A1300151681CC5B268
:101AC000FF209930005DA842EBDCFF219931085DD1
:101AD000F7F776FB0646FF21A13108593146F7F7A3
:101AE00055FA0146FF20A13001510021FF20993015
:101AF0000155FF22A1321159021D105902F018FFA1
:101B00000146FF20AD3001510146085901218907E6
:101B1000F7F73CFA0646FF20A1300159304602F0A3
:101B200013FE0146FF20A530015170BD10B50446DB
:101B30003A48FCF745F83A490968401A052856D949
:101B40003648FCF73DF836490860364800F06CF836
:101B5000FF20A930005D002820D0FF22C13211599A
:101B6000121F105902F036FE3CD2FF20C13001593D
:101B7000CC20005D8200201D8150CC20005D401CE7
:101B8000C1B2CC200155005D322802DB2046FFF7B0
:101B900057FF0021FF20A930015523E0FF22C13269
:101BA0001159121F105902F097FE1BD2FF20C130AD
:101BB0000159FF209930005D82002046D0308150CD
:101BC000FF209930005D401CC1B2FF2099300155C3
:101BD000005D322802DB2046FFF732FF0121FF20A3
:101BE000A9300155FF20BD300159001D0151FF20D2
:101BF000BB30005D002810D00021FF20BB30015514
:101C0000801E015B2046FFF73EFE002805D0FF2026
:101C1000B930015BFF20D130015310BDA00100207D
:101C2000380100206C030020F0B587B004460A207C
:101C30000590FF20C930005DB12804D0FF20C930D5
:101C4000005DB3285AD1FF20CB30035D401E015DFB
:101C50002246FF32CC322046FFF752FE3C48008835
:101C6000002805DD3A480088401E3949088045E0D3
:101C7000FF20CE30005D0104FF20CD30005D00026A
:101C80000918FF20CC30005D081804900498F7F77D
:101C90008FFA0190F7F750F9054600222D4BF6F721
:101CA0007DFD03910290F6F78FFB2B490A88098886
:101CB000491C294B19809100284A50501846008829
:101CC0000A2802DB002019460880254800880A28D7
:101CD00004DA23480088401C21490880FF21D031C4
:101CE000095D0A02FF21CF31095D50186421F6F722
:101CF000B3FA41B2FF20C530015500BF1848008833
:101D0000002823DD0027002507E0A800134A11580A
:101D1000384602F019FD07466D1C114800888542BF
:101D2000F3DB0F480088F7F74BFA0546294638469B
:101D3000F7F72CF9FF21BD3108510859094902F084
:101D400049FD03D20849FF20BD30015107B0F0BD65
:101D5000400100200000E4403C010020400500203C
:101D60003E0100200000204200007F4310B50446E1
:101D7000042221460648FBF72AFF0021FF20BB3042
:101D800001551321C943801E0153204610BD000098
:101D9000A0010020012904D10123FF2202321354A3
:101DA00003E00023FF2202321354704710B594B0B1
:101DB000044600201290139018210CA8F6F740FA60
:101DC00001214804F8F79EFA01218804F8F79AFAED
:101DD00012A8F8F70BFA7E201290032110A80173C5
:101DE0000021C1730321417312A90920C006F8F72D
:101DF00085F97E210920C006F8F7F6F912A8F8F750
:101E0000F5F904201290012110A801730021C1737B
:101E10000321417312A94D48F8F770F912A8F8F799
:101E2000E5F9012000031290012110A8017302219D
:101E3000C1730321417312A90920C006F8F75EF9A6
:101E400004214248F8F7CEF9012109030920C00610
:101E5000F8F7C8F93E48F7F7E9FA01214802F8F720
:101E600081FA0CA8F7F743FB00200C90012108A889
:101E700001750020109011900CA93548F7F71CFB54
:101E80000120F7F73DFB0120F7F762FB0120F7F790
:101E90004BFB07222F492E48F7F79BFA02212C48CB
:101EA000F7F7BBFA2A48F7F7D1FA01212848F7F7E4
:101EB0009CFA00BF01212648F7F7E6FA0028F9D07E
:101EC00001212348F7F79DFA2C2101A8F6F7B8F96C
:101ED00001210846F8F716FA1F48F7F73DFF01A859
:101EE000F7F7DEFF1A4840300190201D02900020D5
:101EF000039024200490002005908020069040004C
:101F00000790800008902020099000020A9000208D
:101F10000B9001A91048F7F7A3FF012202210E48F8
:101F2000F7F794FF0920012181400C4A116000BF9E
:101F300001210948F7F702FF0548F7F7D3FA0848E7
:101F4000FBF73EFEFC21085114B010BD0004004810
:101F5000002401407E0007000800024000E100E08C
:101F6000A00100200022C6210A54C7210A54BE2124
:101F70000A54C1210A54C2210A54C3210A54C4215B
:101F80000A54C5210A54BF210A54C0210A54FF2112
:101F90000B310A54C91C0A54491C0A54491C0A54DE
:101FA000491C0A54491C0A54491C0A54C91F0A54A2
:101FB000491C0A54C91D0A547047000001461048C4
:101FC0008078782801DD0F4870470D4880786E28AA
:101FD00001DD0D48F8E70A4880785A2801DD0B48F2
:101FE000F2E707488078462801DD0948ECE7044815
:101FF0008078322801DD0748E6E77D200001E3E72D
:10200000D4020020102700002823000064190000DB
:102010007C150000B80B0000B221095C0C2902D12C
:102020001E21017001E00F2101707047034600225C
:102030001E2901DD501C82B2282901DD501C82B20C
:10204000322901DD501C82B23C2901DD501C82B2D4
:10205000462901DD501C82B2502901DD501C82B29C
:10206000881800B2704730B502460B4600200021A8
:1020700009E0CC000C19E4186500141D645B2418F9
:10208000A0B24C1CE1B20429F3DB0146C417A40F33
:102090006418A403200C30BDF0B50546059C1878E3
:1020A000401C18701878A04201DB002018701878C6
:1020B000400011521878671EB84202D10026965F80
:1020C00003E01878401C4000165E881B00B2F0BD8B
:1020D00010B50446FF21F5310548FBF759FDCC202A
:1020E000015BBC2001530348F9F7B2FE10BD0000AC
:1020F000A001002054070020F0B58BB00446012158
:1021000009030920C006F8F763F8012801D10BB0D4
:10211000F0BDFE48FBF754FDFC210959401AC828C0
:102120007ED3FA48FBF74CFDFC21085100212046E4
:10213000FFF799FFC821085301212046FFF793FFBD
:10214000CA21085302212046FFF78DFFCC210853F6
:1021500003212046FFF787FFCE21085304212046A4
:10216000FFF781FFD021085305212046FFF77BFFB1
:10217000D221085306212046FFF775FFD4210853CA
:1021800007212046FFF76FFFD6210853082120467C
:10219000FFF769FFD8210853D622115BDC4A528B26
:1021A000DC4B5A431046F6F757F80746F7F700F8A6
:1021B00088210851D821085BF7F702F80890882099
:1021C0000159C00602F030FB0790089902F02CFB81
:1021D000D1490990F6F7DAFE0746D049F6F7D6FE60
:1021E00094210851D621085BF6F7EAFF0890882071
:1021F0000159089802F018FB0746C749F6F7C6FED2
:10220000C6490990F6F7C2FE90210851F422115BED
:10221000DC221059F6F716F885B2FF20023000E0F4
:1022200045E3005D002824D12846F6F7C9FF019058
:1022300088200159019802F0F7FA0746F6F77CFE6C
:10224000B74AB84B03910290F6F752FD0022B64B05
:1022500005910490F6F7A2FA0022B44B079106907C
:10226000F6F79CFA09910890F6F7AEF89821085114
:1022700002E0AF4998200151FF200230005D0128A3
:1022800078D19C20015BFF2009300153F620005DCE
:10229000002824D12846F6F793FF0690882001599C
:1022A000A44802F0C1FA0590069902F0BDFA07466B
:1022B0009949F6F76BFE99490790F6F767FE9E4934
:1022C000089002F035FB0990F6F710FF01B29C2050
:1022D0000153015F2046FFF7A9FE9C210853974850
:1022E000007D032855D19C20015FC8291EDDFF20F9
:1022F0000C30005D642807DAFF200C30005D401CC4
:10230000C1B2FF200C300155FF200C30005D0528C4
:1023100006DD7F219C2001530121BF20015509E0EA
:10232000FF200930015B9C20015303E00021FF20C6
:102330000C3001559C20015F6320C043814220DAAC
:10234000FF200D30005D642807DAFF200D30005DAE
:10235000401CC1B2FF200D300155FF200D30005D43
:10236000052808DD7F21C9439C2001530121C0209D
:1023700001550EE00AE0FF200930015B9C2001536B
:1023800007E00021FF200D30015502E0FF219C20D5
:102390000153F422115BEC221059F5F753FF81B27F
:1023A000A6200153FF200330005B6549884212D00C
:1023B000FF200330005B00280DD0FF210331095BB3
:1023C000A622125B514308460A21F5F745FF81B268
:1023D000A820015302E00021A8200153FF20033070
:1023E000005B002822D02046FFF7E8FDA821095B0A
:1023F00088420EDAFF201430005D401CC1B2FF207D
:1024000014300155005D1E2810DD0121C520015545
:102410000CE0FF201430005D002807D0FF201430AE
:10242000005D401EC1B2FF2014300155F422115B43
:10243000F0221059F5F706FF85B22846F6F7C0FEE0
:10244000039088200159039802F0EEF90746F6F749
:1024500073FD3C4A3C4B05910490F6F749FC002281
:10246000314B07910690F6F799F909910890F5F725
:10247000ABFFAC2108510859344902F0D5F90746A1
:10248000F6F75AFE81B2B0200153D422125B204BE2
:102490005B8B5A431046D622115BF5F7DDFE1C49D3
:1024A000098B461A2A484643194820304088184A62
:1024B000128B811A3046F5F7CFFE064625483618AE
:1024C0007D21C9003046F5F7C7FE01B28C200153CB
:1024D000A220015BFF2005300153F720005D00289A
:1024E00054D1F422115BE4221059F5F7ABFE85B20A
:1024F0002846F6F765FE069088200159164802F036
:1025000093F90590069902F08FF927E0A0010020C9
:10251000A0F7FF1FE40C000000F07F4500007A44A4
:102520006666666666661A4000FEAF4000408F40F1
:10253000000080BF0000164400808843880500200A
:10254000FFFF0000BA490C022B87863F00002041A4
:10255000803801009065000000004843D54907908D
:10256000F6F714FDD4490890F6F710FDD349099009
:1025700002F0DEF90746F6F7B9FD01B2A2200153D9
:10258000015F2046FFF752FDA2210853A420015B02
:10259000FF2007300153F920005D00282BD1F422E1
:1025A000115BE8221059F5F74DFE85B22846F6F783
:1025B00007FE069088200159C14802F035F90590C0
:1025C000069902F031F90746BA49F6F7DFFCBA4935
:1025D0000790F6F7DBFCB949089002F0A9F90990D9
:1025E000F6F784FD01B2A4200153015F2046FFF7F6
:1025F0001DFDA4210853F422115BE0221059F5F7C8
:1026000021FE85B2BC21095B681AF6F7D1FD049062
:1026100088200159AB4802F007F90390049902F0B1
:1026200003F9A4490590F6F7B1FC0746F6F784FCD8
:10263000A54AA64B07910690F6F7B0F809910890C5
:10264000F6F7D0FA01B2A0200153F820005D00286F
:1026500007D1A020015B8C20005B081801B29E20EE
:102660000153B8221159AC22105902F035F90ED29B
:10267000FF201230005D401CC1B2FF201230015516
:10268000005D0A2810DD0121C62001550CE0FF2065
:102690001230005D002807DDFF201230005D401E73
:1026A000C1B2FF2012300155B4221159AC22105989
:1026B00002F090F812D28648C07900280ED1FF208F
:1026C0001330005D401CC1B2FF2013300155005D86
:1026D0004B2810DD0121C72001550CE0FF201330ED
:1026E000005D002807DDFF201330005D401EC1B2F1
:1026F000FF2013300155B220005D182808D1AC210D
:102700000859744902F066F802D20121C720015528
:10271000CC20015BBC20005B963881420EDAFF20A2
:102720000B30005D401CC1B2FF200B300155005D35
:10273000052807DD0121BE20015503E00021FF200F
:102740000B300155A220015FC8291EDDFF200E308D
:10275000005D642807DAFF200E30005D401CC1B226
:10276000FF200E300155FF200E30005D052806DDEC
:102770007F21A22001530121C120015509E0FF2042
:102780000530015BA220015303E00021FF200E3041
:102790000155A220015F6320C04381421FDAFF2060
:1027A0000F30005D642807DAFF200F30005D401C09
:1027B000C1B2FF200F300155FF200F30005D05280A
:1027C00007DD7F21C943A22001530121C220015509
:1027D00009E0FF200530015BA220015303E0002146
:1027E000FF200F300155A420015FC8291EDDFF2006
:1027F0001030005D642807DAFF201030005D401CB7
:10280000C1B2FF2010300155FF201030005D0528B7
:1028100006DD7F21A42001530121C320015509E0D9
:10282000FF200730015BA420015303E00021FF20BB
:1028300010300155A420015F6320C04381421FDA9C
:10284000FF201130005D642807DAFF201130005DA1
:10285000401CC1B2FF2011300155FF201130005D36
:10286000052807DD7F21C943A42001530121C4208D
:10287000015509E0FF200730015BA420015303E06C
:102880000021FF20113001550021DC200151E02002
:102890000151E4200151E8200151EC200151F020C8
:1028A0000151F420015301210802015500BF00BF6E
:1028B0002DE4000000F07F4500007A44008088434A
:1028C000000048430000D0419A99999999D9424013
:1028D0003C0300200000404110B50446042221467C
:1028E0000E48FBF774F90021F6200155F720015539
:1028F000F8200155F92001552046FFF733FB002150
:10290000982001510548FBF75BF9FC210851002193
:10291000FF2002300155204610BD0000A00100201C
:102920000246012901D110687047032901D150687E
:10293000FAE7042901D19068F6E7062901D1D068A9
:10294000F2E7072901D11069EEE7082901D15069A2
:10295000EAE7092901D19069E6E70A2901D1D0699E
:10296000E2E70B2901D1106ADEE70C2901D1506A98
:10297000DAE70D2901D1906AD6E70E2901D1D06A94
:10298000D2E70F2901D1106BCEE7102901D1506B8E
:10299000CAE7112901D1906BC6E7132901D1D06B89
:1029A000C2E7142901D1106CBEE7152901D1506C82
:1029B000BAE7162901D1906CB6E70020C043B3E70F
:1029C00010B50446204600F0BDF9204600F0D0F9CD
:1029D00001212046226800F05FF903212046626849
:1029E00000F05AF904212046A26800F055F90621AA
:1029F0002046E26800F050F907212046226900F0E5
:102A00004BF908212046626900F046F90921204669
:102A1000A26900F041F90A212046E26900F03CF980
:102A20000B212046226A00F037F90C212046626A09
:102A300000F032F90D212046A26A00F02DF90E2196
:102A40002046E26A00F028F90F212046226B00F0B0
:102A500023F910212046626B00F01EF91121204657
:102A6000A26B00F019F913212046E26B00F014F973
:102A700014212046226C00F00FF915212046626CCB
:102A800000F00AF916212046A26C00F005F9204654
:102A900000F052F910BD70B504460121204600F047
:102AA000D7F80546681C002801D1206000E02560A9
:102AB0000321204600F0CCF80546681C002801D10F
:102AC000606000E065600421204600F0C1F8054622
:102AD000681C002801D1A06000E0A5600621204606
:102AE00000F0B6F80546681C002801D1E06000E05F
:102AF000E5600721204600F0ABF80546681C002879
:102B000001D1206100E025610821204600F0A0F8F5
:102B10000546681C002801D1606100E0656109215B
:102B2000204600F095F80546681C002802D10021D7
:102B3000A16100E0A5610A21204600F089F8054660
:102B4000681C002802D10021E16100E0E5610B2151
:102B5000204600F07DF80546681C002802D10021BF
:102B6000216200E025620C21204600F071F8054644
:102B7000681C002802D10021616200E065620D211D
:102B8000204600F065F80546681C002802D10021A7
:102B9000A16200E0A5620E21204600F059F805462A
:102BA000681C002802D10021E16200E0E5620F21EB
:102BB000204600F04DF80546681C002802D100218F
:102BC000216300E025631021204600F041F805460E
:102BD000681C002802D10021616300E065631121B7
:102BE000204600F035F80546681C002802D1002177
:102BF000A16300E0A5631321204600F029F80546F3
:102C0000681C002801D1E06300E0E5631421204640
:102C100000F01EF80546681C002801D1206400E081
:102C200025641521204600F013F80546681C00288D
:102C300001D1606400E065641621204600F008F8C8
:102C40000546681C002801D1A06400E0A56470BDA1
:102C5000F8B507460D460D4C11E021460C48F8F733
:102C6000D6FA0646701C002801D1401EF8BDAE42BF
:102C700004D1211D0648F8F7CAFAF7E708340548D9
:102C80008442EAD30020C043F0E7000000E00108DE
:102C90008001002000E8010870B504460D46164684
:102CA0000C49E06C884213D30B49E06C88420FD882
:102CB0002A460A48E16CF8F789FAE06C001DE064E6
:102CC00032460648E16CF8F781FAE06C001DE064DA
:102CD00070BD000000E00108F8E701088001002055
:102CE000F7B506460D46114C1AE021461048F8F794
:102CF0008EFA0746781C002811D1304600F038F8CB
:102D00002A4621460A48F8F761FA241D2146084858
:102D1000029AF8F75BFA304600F00EF8FEBD083470
:102D200004488442E1D300BFF8E7000000E0010856
:102D30008001002000E8010810B50446F7F758F9B3
:102D400010BD000070B50546002407E0E002064A09
:102D500081180648F8F74CFA601CC4B2012CF5DB68
:102D60000148E86470BD000000E001088001002017
:102D700010B50446F7F79CF910BD000010B50446E5
:102D8000042221460748FAF722FF002005E000222E
:102D900083000549CA50411CC8B20A28F7DB204607
:102DA00010BD0000A001002008070020FEB5064667
:102DB0005B480078002800D1FEBD0025A7E0A800F0
:102DC00034589BE021465748F8F721FA01900198C2
:102DD000401C00287ED1A9003046083041582046CA
:102DE0006030814277D9304600F0CEF800239A1F38
:102DF0002146304600F0A2F80834494803781822EA
:102E00002146304600F09AF808344748837D012275
:102E10002146304600F092F808344348C37D022230
:102E20002146304600F08AF808343F480322214604
:102E30000368304600F082F808343B4804222146FB
:102E40008368304600F07AF808343849C86A38494F
:102E500001F0EAFC0090F6F76FF907463B460522C1
:102E60002146304600F06AF8083430481E23C35E1D
:102E700006222146304600F061F808342B48222310
:102E8000C35E28222146304600F058F8083427480F
:102E90002423C35E29222146304600F04FF808342F
:102EA0002448437926222146304600F047F808346A
:102EB0002149C86BF6F740F907463B463C222146BC
:102EC000304600F03BF80834304600F049F8A900DD
:102ED000304601E011E00FE00830415820466030F4
:102EE000814208D8681C022804DAC1B2304600F0DA
:102EF0003DF861E709E05FE707E00834A9003046E4
:102F000008304058A04200D95CE7681CC5B2022DC9
:102F100000DA54E70021304600F028F800BF4BE704
:102F2000AC01002080010020880500204002002024
:102F30000000C842F8020020EC040020F8B5074663
:102F40000C4616461D46324621460448F8F73EF91F
:102F50002A46211D0148F8F739F9F8BD8001002003
:102F600010B50446F7F744F810BD000070B50546EB
:102F70000C46022C04DAA00029580248F8F738F968
:102F800070BD00008001002010B50446F7F790F8EE
:102F900010BD000010B50446042221460848FAF787
:102FA00016FE08482060084860600121C9022068B8
:102FB0004018A06060684118E160204610BD000024
:102FC000A001002000D0010800D8010810B58EB083
:102FD000044600200C900D9009900A900B9014214B
:102FE00004A8F5F72DF9002001900290039001212B
:102FF0004804F7F787F90121C802F7F7B3F901216F
:103000000802F7F78FF901218804F7F7ABF90522D9
:1030100007210920C006F7F7B9F80CA8F7F7E6F87A
:1030200080200C90022108A80175002181750321E0
:1030300041750CA90920C006F7F760F802220821A3
:103040000920C006F7F7A2F80CA8F7F7CFF8FF2081
:1030500001300C90022108A801750021817503211F
:1030600041750CA90920C006F7F748F80222002193
:103070007F48F7F78BF80CA8F7F7B8F801200C9009
:10308000022108A8017500218175032141750CA951
:103090007748F7F733F8022201217548F7F776F8F9
:1030A0000CA8F7F7A3F802200C90022108A80175DC
:1030B00000218175032141750CA96D48F7F71EF8B1
:1030C0000CA8F7F793F80120C0020C90022108A881
:1030D0000175C175032141750CA90920C006F7F7D8
:1030E0000DF802220B210920C006F7F74FF809A8B6
:1030F000F7F7B2FD0121684681844B2000010A9058
:10310000002168468185C18409A95A48F7F766FD00
:1031100004A8F7F72DFD6021684601820121418254
:10312000002181820020069068468183C18304A922
:103130005048F7F725FC04A8F7F71AFD6021684608
:103140000182002141820421818200200690002119
:1031500068468183C18304A94648F7F767FC04A841
:10316000F7F706FD602168460182002141820421B3
:10317000818200200690002168468183C18304A9D2
:103180003C48F7F7A9FC04A8F7F7F2FC6021684671
:10319000018201214182002181820020069068463F
:1031A0008183C18304A93448F7F7EAFB01A8F7F744
:1031B000D3FB0C21684681800A21C1800121018155
:1031C000002141810F21818101A92A48F7F78CFB59
:1031D000012210212748F7F7C8FB01212548F7F7FE
:1031E00051FB0E20F7F750FE00210E20F7F79CFE52
:1031F00001212048F7F754FB00211E48F7F730FB68
:1032000009A8F7F729FD2F21684681841B480A90F9
:1032100000216846818509A91948F7F7DFFC04A851
:10322000F7F7A6FC002168460182418213480E3858
:10323000069004A91248F7F7A3FB012202211048C7
:10324000F7F793FB01210E48F7F71CFB1320F7F764
:103250001BFE00212020015521200155222001556F
:103260000020A070A073E071207260720EB010BDDB
:1032700000040048002C014000480140FEFF00000F
:10328000002000400021C171017241720022202102
:103290000A5421210A5422210A54704770B5044669
:1032A0000D46E079002803D16A484079002803D010
:1032B000204600F0D7F870BD002D64D06648008825
:1032C00040210843644908800846008809150843DE
:1032D00061490880084600884008400008805F482F
:1032E0000088400840005D4908800920C006006849
:1032F0000321890388430921C9060860084600683C
:103300000121890308430921C90608608021092099
:10331000C006F6F767FF0920C0060068032109040C
:1033200088430921C906086008460068012109048C
:1033300008430921C9060860FF2101310920C006A0
:10334000F6F750FF4648006880088000444908604E
:1033500008460068022108434149086001214048AD
:10336000F6F740FF3E4800680C2188433C4908605E
:103370000846006808210843394908600221384896
:10338000F6F730FF64E034480088012108433249F1
:1033900008803248008801210843304908802E48BF
:1033A0000088402188432C49088008460088091578
:1033B0008843294908800920C00600680321890341
:1033C00088430921C9060860084600680121C9032D
:1033D00008430921C906086080210920C006F6F7C4
:1033E00001FF0920C0060068032109048843092160
:1033F000C9060860084600680121490408430921FC
:10340000C9060860FF2101310920C006F6F7EAFE6F
:103410001348006880088000114908600846006869
:10342000012108430E49086001210D48F6F7DAFE34
:103430000B4800680C218843094908600846006869
:10344000042108430649086002210548F6F7CAFE30
:1034500000BF30E780020020202C014020480140BE
:103460000004004810B504460020384948638863CA
:10347000C863374948633548203000884021884375
:1034800032492031088008460088091588432F49B1
:1034900020310880084600884008400008802C48F9
:1034A0002030008840084000294920310880092048
:1034B000C00600680321890388430921C906086002
:1034C000084600680121890308430921C9060860EC
:1034D00080210920C006F6F785FE0920C006006895
:1034E0000321090488430921C906086008460068C9
:1034F0000121090408430921C9060860FF2101319F
:103500000920C006F6F76EFE1248006880088000A9
:103510001049086008460068012108430D49086009
:1035200001210C48F6F75EFE0A4800680C2188432A
:1035300008490860084600680421084305490860F6
:1035400002210448F6F74EFE10BD0000002C014099
:10355000004801400004004870B504460D460020B4
:1035600060732570A079002800D070BD207B0028F2
:1035700001D0002020702078002802D1A0781928DE
:1035800006DBE079002803D10B484079002803D0FE
:103590002046FFF767FF0DE0A07800280AD101213F
:1035A000C9020920C006F6F713FE0646314620463A
:1035B000FFF774FE00BFD8E780020020F8B504468C
:1035C00075480078C007C00F00280CD1724800F081
:1035D0004FFE002807D07148FAF7F2FA70490860E8
:1035E0006D48C046C0466D48FAF7EAFA6C4909686A
:1035F000401AFA287ED36948FAF7E2FA6849086067
:10360000A07BA0700020A0736648406B00B2608170
:10361000267865488079002800D06678607B00288D
:1036200069D1207B0028FBD1A078301A05B2002D8B
:1036300008DD2946694308463C21F4F70DFE401990
:1036400005B207E02946694308463C21F4F704FE29
:10365000281A05B23C2D00DD3C251D20C0438542C3
:1036600000DA05466089401900B260814B210901EA
:10367000714308466421F4F7EFFD07B2FF20913053
:10368000874200DA07460A20205EB84200DD6781E3
:103690000A20205E002801DA002060810A20205ED6
:1036A0004249884201DD084660810A20205E3D498A
:1036B00048630A20205E88630A20205EC8630A20CF
:1036C000205E3B494863A07800280CD1A0790028EF
:1036D00009D0C9140920C006F6F77AFD014600900A
:1036E0002046FFF7DBFD052E11DBA07804280EDA5B
:1036F000202001E04FE04DE0005D401CC1B22020E1
:103700000155005D14280CDD0120E07109E0202046
:10371000005D002805DD2020005D401EC1B2202094
:103720000155A07804280FDB1E48406B00280BD100
:103730002120005D401CC1B221200155005D1E28E2
:103740000CDD0120207209E02120005D002805DD4C
:103750002120005D401EC1B221200155A1783046D4
:10376000083881420BDA2220005D401CC1B22220C1
:103770000155005D28280CDD0120607209E022203F
:10378000005D002805DD2220005D401EC1B2222020
:10379000015500BF00BFF8BD08010020A0010020B6
:1037A0000C010020002C0140D40200207E04000007
:1037B0000048014010B50446042221460648FAF7A5
:1037C00006FA0020607364206061C820E061002078
:1037D0002073204610BD0000A001002010B5044653
:1037E000207D042803D1204600F084FA10BD207DFE
:1037F000032820D116482221415EFF200D30025FB0
:10380000914222DC12482030C07F002804D11048A9
:1038100040300078002801D00120E7E7FF202D305C
:10382000015F801C025F891A09481C22825E914256
:103830000BDB0120DAE706482221415EFF200D3034
:10384000025F914201DC0120D0E70020CEE70000BA
:103850004002002005290ADA0175027D032A08D1F9
:10386000044A5278012A04D00022027501E00022A5
:1038700002757047C0020020022902DD0022427555
:1038800000E04175704710B50446207D01282BD11A
:1038900000200EE04200214692318A5A43007839D6
:1038A000CA5242008C318A5A43007839CA52411CAC
:1038B000C8B20628EEDB2246A632214692312046C7
:1038C00000F022F9FF201B30015BFF200B30015379
:1038D000FF201B30015BFF202530005B081A01B27E
:1038E000FF200D30015310BD207D02282BD1002078
:1038F0000EE0420021466A318A5A43005039CA52CA
:10390000420064318A5A43005039CA52411CC8B23D
:103910000628EEDB22467E3221466A31204600F040
:10392000F3F8FF201D30015BFF200B300153FF2017
:103930001D30015BFF202730005B081A01B2FF2019
:103940000D300153CFE7207D03282BD100200EE05E
:1039500042002146BA318A5A4300A039CA52420075
:10396000B4318A5A4300A039CA52411CC8B2062851
:10397000EEDB2246CE322146BA31204600F0C4F8B2
:10398000FF201F30015BFF200B300153FF201F3051
:10399000015BFF202930005B081A01B2FF200D30C7
:1039A0000153A0E7207D04282BD100200EE0420027
:1039B0002146E2318A5A4300C839CA524200DC31FA
:1039C0008A5A4300C839CA52411CC8B20628EEDBE5
:1039D0002246F6322146E231204600F095F8FF20DB
:1039E0002130015BFF200B300153FF202130015BB0
:1039F000FF202B30005B081A01B2FF200D3001536D
:103A000071E700200EE04200214642318A5A43000D
:103A10002839CA5242003C318A5A43002839CA52D6
:103A2000411CC8B20628EEDB2246563221464231FE
:103A3000204600F069F8FF201930015BFF200B30B1
:103A40000153FF201930015BFF202330005B081A6F
:103A500001B2FF200D30015300BF44E7F8B50D4619
:103A600016461E271320C043854201DA3C2411E08C
:103A7000142D01DD1E240DE00A2D01DD1E2409E0B8
:103A80000A21491B2822514308461146F4F7E4FB5A
:103A90001E30C4B20B49304600F09CFE00D21E27F7
:103AA0000949304600F096FE00D2322707493046D9
:103AB00000F090FE00D25027BC4201DD2046F8BD48
:103AC0003846FCE700004041000030410000204142
:103AD0000146087D032813D10A48C07F00280FD172
:103AE00008482030007800280AD1064820381C22D7
:103AF000825EFF202D30435E9A4201DB0120704739
:103B00000020FCE760020020F0B50B4614460022BE
:103B10000AE01D88560007461A37BD53258856000F
:103B20001437BD53551CEAB2FF2517352D5C95425D
:103B3000EFDC0021FF2517352A5C0EE04D005D5BB0
:103B4000560007461A37BD534D00655B56001437C3
:103B5000BD534D1CE9B2551CEAB2062AEEDBF0BD9E
:103B60000246107D042806D1FF201130835E8B426F
:103B700001DC012070470020FCE7000010B504467E
:103B8000607D002805D0207D032802D0207D0428F8
:103B900000D110BD0A48007800280FD0607D0128B0
:103BA0000CD1207D022809D00648FDF7F2FC022145
:103BB0002046FFF74FFE2046FFF765FE00BFE8E70F
:103BC0007C0500208808002010B50446207D0428CC
:103BD00003D1204600F08EF810BD0020FCE7000065
:103BE00070B5054600243E48C078002800D0012466
:103BF0003C484078002800D002243A48C078002889
:103C000000D0022438484078002800D004243548E9
:103C10004079002808D033488078002804D0334801
:103C20000078002800D10224687D012804D13048A2
:103C30004078002800D00324687D022806D12C4853
:103C40000078002802D0002C00D00324022C01D0E0
:103C5000032C03D12248FDF79CFC02E02048FDF72D
:103C600095FC022C1ED101201D4988741D488079C5
:103C7000002806D100212846FFF7ECFD4B2040012B
:103C800068601848807901280CD1FF203530405BEE
:103C9000C1B22846FFF7DEFDFF203330405B3C21F8
:103CA00048436860032C03D102212846FFF7D2FD68
:103CB000042C03D104212846FFF7CCFD002C02D0B0
:103CC0002846FFF7E0FD0020074948708870054945
:103CD000C87008714870064948708870204670BDE9
:103CE000880800206805002060010020AC01002049
:103CF0007C05002001461548007A002811D01448A0
:103D00002222825EFF200F30435E9A421BDA0F4868
:103D10000A22825EFF201530435E9A4213DA0120A8
:103D200070470B482222825EFF200D30435E9A428C
:103D300009DA06480A22825EFF201330435E9A4267
:103D400001DA0120ECE70020EAE700008808002003
:103D500040020020014600201B4A1279002A00D0B0
:103D600001201A4A5278002A00D00220174A1279FC
:103D7000002A00D00220164A9278002A00D004209F
:103D80000A7D022A04D1134A9278002A00D0032027
:103D9000114A1278002A00D004200A7D022A07D096
:103DA0004A68002A04D04B680A689A4200D9052064
:103DB0000022074B5A70054BDA701A715A70054B86
:103DC0005A709A707047000088080020680500202B
:103DD000600100207C050020AC010020F8B50446FD
:103DE0000D46E5750020A0600A4948690A4900F0BF
:103DF0001BFD0746F5F7A0F9064608480079009034
:103E0000074802790748017833460748F9F744FA2A
:103E1000F8BD0000180300200000C8424401002043
:103E20003C030020D4020020D4060020704770B567
:103E300004460E461546A67529462046FFF7CEFFD6
:103E40000120E07470BD000010B504460422214634
:103E5000BE48F9F7BCFE0020A0750320E075BB4802
:103E6000F9F7AEFEE0604B20400160601421FF20B6
:103E7000233001531E21801C01531421801C015347
:103E8000801C0153801C01535221FF200F3001532D
:103E90005A21801C01534621801C01535221801C51
:103EA00001535021001D01535521001D015346218E
:103EB000801E01535A21001D0153801C01531621FD
:103EC000FF202D3001530321801C01530021FF20CE
:103ED000173001550521401C0155FE2020761B217D
:103EE000922001530021A62001531B21942001534D
:103EF0000221A82001531B21962001530421AA204E
:103F000001531B21982001530621AC2001531B2192
:103F10009A2001530821AE2001531B219C200153FC
:103F20001121B02001531C219E2001531321B220E6
:103F300001531D21A02001531521B42001531E213E
:103F4000A22001531721B62001531F21A4200153A1
:103F50001921B820015304216A20015300217E2039
:103F6000015306216C2001530221802001530821B6
:103F70006E2001530421822001530A217020015335
:103F80000621842001530C21722001530821862030
:103F900001530E21742001530A218820015310215E
:103FA000762001530C218A200153122178200153DD
:103FB0000E218C20015314217A20015310218E20D0
:103FC000015316217C20015312219020015304211A
:103FD0004220015300215620015306214420015361
:103FE00002215820015308214620015304215A2060
:103FF00001530A214820015306215C2001530C2162
:104000004A20015308215E2001530E214C20015308
:104010000A216020015310214E2001530C216220FF
:1040200001531221502001530E2164200153142109
:1040300052200153102166200153162154200153B0
:104040001221682001530621BA2001530021CE20FD
:1040500001530921BC2001530321D02001530C211D
:10406000BE2001530621D22001530F21C02001534D
:104070000921D42001531221C22001530C21D62042
:1040800001531521C42001530F21D82001531821B9
:10409000C62001531221DA2001531B21C8200153ED
:1040A0001521DC2001531E21CA2001531821DE20D6
:1040B00001532121CC2001531B21E0200153062173
:1040C000E22001530021F62001530921E42001538D
:1040D0000321F82001530C21E62001530621FA2088
:1040E00001530F21E82001530921FC200153122123
:1040F000EA2001530C21FE2001531521EC2001532D
:104100000F21FF20013001531821EE20015312210D
:10411000FF20033001531B21F02001531521FF2004
:10412000053001531E21F22001531821FF200730D2
:1041300001532121F42001531B21FF200930015399
:104140000021FF204C300155204610BDA001002069
:1041500000210170417081707047000030492222B7
:104160008A5E662A03DC24228A5E662A0ADDC17F13
:10417000491CC177C17F022906DB0021C1770121DB
:10418000817001E00021C1772649097800293AD0E1
:10419000234922228A5E142A03DC24228A5E142AFE
:1041A00025DD21490978491C1F4A117011460978FB
:1041B0000A2933DB00211170194922228A5E1B492A
:1041C000098810318A4207DC154924228A5E184981
:1041D000098810318A4201DD012141701049498C62
:1041E000124A11800E49898C114A118016E0002173
:1041F0000D4A11700A49498C0C4A11800849898C72
:104200000B4A11800AE00021074A11700449498CC9
:10421000064A11800249898C054A118070470000C6
:10422000400200203803002030010020320100202D
:104230003401002010B50446042221460448F9F751
:10424000C6FC002020706070A070204610BD0000E9
:10425000A001002030B47446641E2578641CAB4273
:1042600004D3635D5B00E31830BC18471D46F8E7D4
:104270000168002901D00020704701210160084633
:104280007047000010B50248F8F75AFA10BD000058
:104290005407002010B50248F7F736F910BD0000AA
:1042A0007C05002000B50248F9F71CFE00BD0000A7
:1042B000AC01002000B50248FAF71EFF00BD000067
:1042C000E806002000B50248FDF7D0F900BD000067
:1042D0008808002010B50248FFF7ACFF10BD0000B1
:1042E0004C03002010B50248FEF748FD10BD000049
:1042F000F406002010B50248FEF74CFE10BD000089
:104300004407002010B50248F9F712F810BD00006C
:10431000D406002010B50248F8F794FD10BD000047
:104320001803002010B50248F8F7F4FE10BD000095
:104330003C03002010B50248FDF718FD10BD000039
:104340006C03002010B50248F9F7CCF810BD00004E
:104350006805002000B50248F6F75CFF00BD0000CC
:104360008001002010B50248F9F7C8F910BD00001F
:104370006001002010B50248FEF7AEFA10BD000043
:10438000C001002000B50248F9F76CFB00BD000039
:104390006407002010B50248FFF70CFA10BD0000BA
:1043A000D402002000B50248F9F71AFC00BD000055
:1043B000A001002010B50248F6F7FAFE10BD00007B
:1043C0004401002010B50248F7F77CFA10BD000048
:1043D000F802002010B50248F6F7F6FF10BD000005
:1043E0007205002000B50248F7F73AF800BD00005A
:1043F0000501002010B50248FFF726FD10BD0000A2
:1044000088050020FF21F5317C48F9F7C1FB72B621
:10441000F6F72EF97948F9F7A1FBF6F7FDFD774895
:10442000F9F72AFB7648FDF7C1FC7648F9F726FA3A
:104430007548F6F7D4FE7548F7F730FE7448FEF776
:10444000C5FD7448F8F7C8FD7348F8F791F973484B
:10445000F6F7FEFD7248F6F7DFFE7248F8F774FFD4
:104460007148FDF713F97048FDF7AEF91B216A4852
:10447000F8F7A8FC00216748F8F756FD62B67D21E1
:10448000C9005E48F9F784FB6848FEF704FB052184
:104490006648FEF7DDFB0446002C0AD0601C0028AD
:1044A00007D06248C068401C6049C8600846FEF7F3
:1044B00087FA5F4B1A46143A00215E48F9F72EF945
:1044C0005B4B50331A46143A01215A48F9F726F942
:1044D000574B28331A46143A02215648F9F71EF969
:1044E000534B78331A46143A03215248F9F716F918
:1044F0004F4BA0331A46143A04214E48F9F70EF9EF
:1045000000214B485638FFF7A5F949485638FFF7C0
:10451000BAF90322002146485638FFF788FC0C21DF
:104520003748A03081744449203841638321C9054C
:10453000816361E0F5F784FE3148FDF7DDFD344825
:10454000FFF73CF83448F8F731FC2D488030C16A59
:104550003048F8F7D3FD3148F6F7D4FD28488030CD
:104560002221415E2E48F6F79FFE3448F9F796FB6C
:104570003348F7F72BF92C48FDF7D8FA3148FDF707
:104580000BF83148F9F778F82648F8F727FF2F4855
:10459000F6F76AFF26485638FFF748FC2C48FBF729
:1045A00063FA2C48FAF7B0FD2B48FAF73FFB2B488B
:1045B000FBF760F82A48FAF7FBF92A48FAF790FF68
:1045C0002948FAF727FD2948F9F71CF80C488030EC
:1045D000808F274988420FD12648007800280BD1C8
:1045E0000648F9F7EDFA2449884205D90120214906
:1045F00008700348FDF76CFD9CE70000A001002057
:10460000C001002064070020800100205407002022
:10461000D40200203C0300201803002044010020A5
:1046200072050020680500206C030020F4060020BD
:10463000DE0500207801002000001841AC010020B8
:10464000F802002088080020600100207C0500207E
:10465000700100207101002073010020740100200E
:104660007501002076010020E8060020A008002047
:1046700047020000040100208813000070B50125E6
:104680000C002D051C4310D4EC4206D4AC420AD4D5
:10469000994200D070BD904270BDE94217D4EB4200
:1046A00015D4994270BD894270BDEC4206D5AC422A
:1046B000F9D58B4200D070BD824270BD6D004C00B8
:1046C000EC4204D25C00EC4201D28B4270BD034C40
:1046D00030B4F4F779FD30BC70BD00BF190016048A
:1046E00070B501251C002D050C4310D4EC4206D4F6
:1046F000AC420AD48B4200D070BD824270BDEB4206
:1047000017D4E94215D48B4270BD9B4270BDEC4278
:1047100006D5AC42F9D5994200D070BD904270BD2B
:104720006D005C00EC4204D24C00EC4201D2994294
:1047300070BD0FB4034C0CBC03BC30B4F4F744FDA3
:1047400030BC70BD1900160470B501250400ED07DA
:104750004C4020D4441A01D2001B0919C60D4B004D
:10476000F2B2FF2A29D01B0E2CD000020C02D31A61
:104770002C43DC402843051910D2280A02D3401CE0
:104780006D0611D0761EF6058019FF2A00DA70BD7D
:10479000C00DC00570BD694000F0D0F80120054390
:1047A000C541521C761CE8E764089C40C901614081
:1047B0008900E7D10124A043E4E71B0E440200D0A6
:1047C000034870BD002AFCD1C00FC00770BD00BFF8
:1047D0000000C07F01230200DB050A430DD4DA424A
:1047E00003D49A4207D488427047D84214D4D9429D
:1047F00012D48842704780427047DA4203D59A4209
:10480000F9D5814270475B004200DA4204D24A0087
:10481000DA4201D28142704710B5024AF4F71CFD1A
:1048200010BD00BF0900160470B5420064414B0082
:104830005C41120E39D01B0E38D0FF2A3CD0FF2B22
:104840003AD040024902400A490A060045184E4340
:10485000000A090AD2184843ED017F3A0104731A8D
:104860004019190C4318990F04D001215B0849071E
:104870005B1A521CD80904D3401CF50301D19D06D4
:1048800007D0FF2A08D2D50506D0E40720434019F7
:1048900070BD0125A843F4E7002A01DCE00770BDE4
:1048A0002402FF202043C00570BD1B0EFF2A03D049
:1048B000FF2B01D0E00770BDFF2645003606B5424C
:1048C00006D84D00B54203D8D218FF2A00D0E7E73A
:1048D000004870BD0000C07F01230A00DB050243D1
:1048E0000DD4DA4203D49A4207D481427047D942A8
:1048F00014D4D84212D48142704789427047DA42B8
:1049000003D59A42F9D5884270475B004A00DA42E3
:1049100004D24200DA4201D2884270474840414006
:1049200010B5024A4840F4F797FC10BD0900160480
:1049300070B501250400ED074C4022D4441A02D280
:104940006C40001B0919C60D4B00F2B2FF2A4BD078
:104950001B0E50D000020C02D31A2C43DC40A8439B
:10496000051B05D5AD0019D36D08761E521E37D034
:10497000F605280A01D2801970BD70416D0603D07A
:1049800070BD6940FFF7E6FE9C40090261404900A6
:1049900001D0401E70BD0124A04370BD6D081DD024
:1049A00001202B0C01D12D0410302B0E01D12D0232
:1049B00008302B0F01D12D01001DAB0F01D1AD002F
:1049C000801CEB0F01D16D00401C6D00361A121ACD
:1049D000680AF5054019012A02DB70BD002070BD90
:1049E000C036300AC00770BD1B0E440201D1FF2B38
:1049F00000D1024870BD002AF0D070BD0000C07F19
:104A0000000000000000000001020304060708097E
:104A1000FEFFFFFF00030000050000000000000093
:104A20000A0000003C000000FEFFFFFF0203000040
:104A30000000000000000000FEFFFFFF0103000077
:104A40000000000000000000FEFFFFFF0303000065
:104A50000000000000000000FEFFFFFF000001005A
:104A60000500000000000000FEFFFFFF0200010043
:104A70000000000000000000FEFFFFFF0100010039
:104A80000000000000000000FEFFFFFF0300010027
:104A90000000000000000000FEFFFFFF0001010019
:104AA00005000000320000000A0000003200000093
:104AB0000F00000014000000FEFFFFFF02010100D4
:104AC0000000000000000000FEFFFFFF01010100E8
:104AD0000000000000000000FEFFFFFF03010100D6
:104AE0000000000000000000FEFFFFFF00020100C8
:104AF000050000003C0000000A0000003C0000002F
:104B0000FEFFFFFF020201000000000000000000A5
:104B1000FEFFFFFF01020100000000000000000096
:104B2000FEFFFFFF03020100000000000000000084
:104B3000FEFFFFFF00040100050000000000000070
:104B4000FEFFFFFF02040100000000000000000063
:104B5000FEFFFFFF01040100000000000000000054
:104B6000FEFFFFFF03040100000000000100000041
:104B7000FEFFFFFF00000200050000000A00000029
:104B8000FEFFFFFF020002000A00000064000000B8
:104B9000FEFFFFFF01000200000000000000000017
:104BA000FEFFFFFF03000200000000000100000004
:104BB000FEFFFFFF00010200000000000A000000ED
:104BC0000A000000140000005F0000002300000045
:104BD000FEFFFFFF0201020014000000640000005D
:104BE000FEFFFFFF010102000000000000000000C6
:104BF0000400000000000000050000005A00000052
:104C0000080000006E0000000E0000006E000000B2
:104C1000280000008C0000003C0000008C00000018
:104C2000FEFFFFFF03010200000000000100000082
:104C3000FEFFFFFF00080200000000000A00000065
:104C40000A000000190000005F00000028000000BA
:104C5000FEFFFFFF020802001400000064000000D5
:104C6000FEFFFFFF0108020000000000000000003E
:104C70000400000000000000050000005A000000D1
:104C8000080000006E0000000E0000006E00000032
:104C9000280000008C0000003C0000008C00000098
:104CA000FEFFFFFF030802000000000001000000FB
:104CB000FEFFFFFF00090200000000000A000000E4
:104CC0000A000000140000005F0000002300000044
:104CD000FEFFFFFF02090200140000006400000054
:104CE000FEFFFFFF010902000000000000000000BD
:104CF0000400000032000000050000006E0000000B
:104D000008000000820000000E0000008200000089
:104D1000280000008C0000003C0000008C00000017
:104D2000FEFFFFFF03090200000000000100000079
:104D3000FEFFFFFF000202000A0000003200000038
:104D4000FEFFFFFF020202000500000064000000F9
:104D5000FEFFFFFF01020200000000000000000053
:104D6000FEFFFFFF03020200000000000100000040
:104D7000FEFFFFFF0003020000000000140000001F
:104D80000A0000001E000000280000001E000000B5
:104D90003C00000028000000FEFFFFFF02030200AD
:104DA0001400000064000000FEFFFFFF010302008A
:104DB00000000000000000000400000000000000EF
:104DC000050000004600000028000000460000002A
:104DD0003C0000008C000000FEFFFFFF0303020008
:104DE0000000000001000000FEFFFFFF00040200C1
:104DF0001400000028000000FEFFFFFF0204020074
:104E00000A00000000000000FEFFFFFF0104020096
:104E10000A0000008C000000FEFFFFFF03040200F8
:104E20001E00000001000000FEFFFFFF0005020061
:104E30000A0000003C000000FEFFFFFF0205020028
:104E40000000000000000000FEFFFFFF010502005F
:104E50000000000000000000FEFFFFFF030502004D
:104E60000000000001000000FEFFFFFF000602003E
:104E70000A00000046000000FEFFFFFF02060200DD
:104E80000000000000000000FEFFFFFF010602001E
:104E90000000000000000000FEFFFFFF030602000C
:104EA0000000000001000000FEFFFFFF00320300D1
:104EB0001400000028000000FEFFFFFF0232030084
:104EC0000000000000000000FEFFFFFF01320300B1
:104ED000140000008C000000FEFFFFFF03320300FF
:104EE0001400000001000000FEFFFFFF003303007C
:104EF0001400000032000000FEFFFFFF0233030039
:104F00000000000000000000FEFFFFFF013303006F
:104F100014000000BE000000FEFFFFFF033303008B
:104F20001400000001000000FEFFFFFF003403003A
:104F3000140000003C000000FEFFFFFF02340300ED
:104F40000000000000000000FEFFFFFF013403002E
:104F500014000000FA000000FEFFFFFF033403000E
:104F60001400000001000000FEFFFFFF00350300F9
:104F70001400000046000000FEFFFFFF02350300A2
:104F80000000000000000000FEFFFFFF01350300ED
:104F90001400000036010000FEFFFFFF0335030090
:104FA0001400000001000000FEFFFFFF00360300B8
:104FB0001400000050000000FEFFFFFF0236030057
:104FC0000000000000000000FEFFFFFF01360300AC
:104FD0001400000072010000FEFFFFFF0336030013
:104FE0001400000001000000FEFFFFFF0037030077
:104FF000140000005A000000FEFFFFFF023703000C
:105000000000000000000000FEFFFFFF013703006A
:1050100014000000AE010000FEFFFFFF0337030095
:105020001400000001000000FEFFFFFF0038030035
:10503000140000006E000000FEFFFFFF02380300B6
:105040000000000000000000FEFFFFFF0138030029
:10505000140000001C020000FEFFFFFF03380300E5
:105060001400000001000000FEFFFFFF00390300F4
:105070001400000078000000FEFFFFFF023903006B
:105080000000000000000000FEFFFFFF01390300E8
:105090001400000058020000FEFFFFFF0339030068
:1050A0001400000001000000FEFFFFFF003A0300B3
:1050B0001400000082000000FEFFFFFF023A030020
:1050C0000000000000000000FEFFFFFF013A0300A7
:1050D0001400000094020000FEFFFFFF033A0300EB
:1050E0001400000001000000FEFFFFFF003B030072
:1050F0001400000096000000FEFFFFFF023B0300CB
:105100000000000000000000FEFFFFFF013B030065
:1051100014000000EE020000FEFFFFFF033B03004F
:105120001400000001000000FEFFFFFF0016030056
:105130001E00000037000000FEFFFFFF0216030004
:105140000000000000000000FEFFFFFF011603004A
:105150000000000000000000FEFFFFFF0316030038
:105160000000000001000000FEFFFFFF001C030024
:105170001E00000037000000FEFFFFFF021C0300BE
:1051800014000000640000003C0000006400000007
:105190004600000000000000FEFFFFFF011C0300AE
:1051A0000000000000000000FEFFFFFF031C0300E2
:1051B0000000000001000000FEFFFFFF001E0300D2
:1051C0000000000000000000FEFFFFFF021E0300C1
:1051D0000000000000000000FEFFFFFF011E0300B2
:1051E0000000000000000000FEFFFFFF031E0300A0
:1051F0000000000001000000FEFFFFFF00000400AF
:105200000A0000003C000000280000003C000000F4
:105210002D00000046000000FEFFFFFF020004001A
:105220001E00000064000000370000006400000061
:105230004100000000000000FEFFFFFF010004002D
:105240000000000000000000FEFFFFFF030004005C
:105250001E00000001000000FEFFFFFF000104002F
:105260000A0000005A000000FEFFFFFF02010400D8
:105270000000000000000000FEFFFFFF010104002D
:105280000000000000000000FEFFFFFF030104001B
:105290000000000001000000FEFFFFFF000204000C
:1052A0001E00000037000000500000003700000022
:1052B000500000005A000000FEFFFFFF0202040041
:1052C0000000000000000000FEFFFFFF01020400DC
:1052D0000000000000000000FEFFFFFF03020400CA
:1052E0001E00000001000000FEFFFFFF000404009C
:1052F0001E000000370000005A00000037000000C8
:105300006E0000005A000000FEFFFFFF02040400D0
:105310000000000000000000FEFFFFFF0104040089
:105320000000000000000000FEFFFFFF0304040077
:105330001E0000000100000080807F7E7D7C7B7A63
:105340007978777676757473727171706F6E6E6D31
:105350006C6C6B6A6A6968686766666564646363D7
:1053600062616160605F5F5E5E5D5D5C5C5B5B5A5D
:105370005A595958585757565655555554545353CA
:1053800052525251515050504F4F4F4E4E4D4D4D25
:105390004C4C4C4B4B4B4A4A4A4949494848484770
:1053A00047474746464645454544444444434343AE
:1053B00043424242424141418182838485868788BB
:1053C000898B8C8D8E8F919293959697999A9C9DAF
:1053D0009FA0A2A3A5A7A8AAACAEB0B2B3B5B7B917
:1053E000BCBEC0C2C5C7C9CCCED1D4D7D9DCDFE2E0
:1053F000E6E9ECF0F3F7FAFE0CC00108000100202A
:10540000A000000000810008ACC00108A00100203D
:10541000780D00001C8100088DEFFFFF89EEFFFF73
:10542000C5EFFFFF51EFFFFF6DEFFFFF99EFFFFFAC
:10543000E5EEFFFFF1EEFFFF9DEEFFFFF9EEFFFF50
:1054400075EFFFFF01EFFFFF8DEFFFFF49EEFFFF5D
:1054500015EFFFFFA1EFFFFFADEEFFFF59EEFFFFDE
:1054600085EEFFFF91EEFFFF1DEEFFFFE9EEFFFF70
:1054700015EFFFFF51EEFFFF0000000000000000ED
:10548000000000000000000000000000000000001C
:10549000000000000000000000000000000000000C
:1054A00000000000000000000000000000000000FC
:1054B00000000000000000000000000000000000EC
:1054C00000000000000000000000000000000000DC
:1054D00000000000000000000000000000000000CC
:1054E00000000000000000000000000000000000BC
:1054F00000000000000000000000000000000000AC
:10550000000000000000000000000000000000009B
:10551000000000000000000000000000000000008B
:10552000000000000000000000000000000000007B
:10553000000000000000000000000000000000006B
:10554000000000000000000000000000000000005B
:10555000000000000000000000000000000000004B
:10556000000000000000000000000000000000003B
:10557000000000000000000000000000000000002B
:10558000000000000000000000000000000000001B
:10559000000000000000000000000000000000000B
:1055A00000000000000000000000000000000000FB
:1055B00000000000000000000000000000000000EB
:1055C00000000000000000000000000000000000DB
:1055D00000000000000000000000000000000000CB
:1055E00000000000000000000000000000000000BB
:1055F00000000000000000000000000000000000AB
:10560000000000000000000000000000000000009A
:10561000000000000000000000000000000000008A
:10562000000000000000000000000000000000007A
:10563000000000000000000000000000000000006A
:10564000000000000000000000000000000000005A
:10565000000000000000000000000000000000004A
:10566000000000000000000000000000000000003A
:10567000000000000000000000000000000000002A
:10568000000000000000000000000000000000001A
:10569000000000000000000000000000000000000A
:1056A00000000000000000000000000000000000FA
:1056B00000000000000000000000000000000000EA
:1056C00000000000000000000000000000000000DA
:1056D00000000000000000000000000000000000CA
:1056E00000000000000000000000000000000000BA
:1056F00000000000000000000000000000000000AA
:105700000000000000000000000000000000000099
:105710000000000000000000000000000000000089
:105720000000000000000000000000000000000079
:105730000000000000000000000000000000000069
:105740000000000000000000000000000000000059
:105750000000000000000000000000000000000049
:105760000000000000000000000000000000000039
:105770000000000000000000000000000000000029
:105780000000000000000000000000000000000019
:105790000000000000000000000000000000000009
:1057A00000000000000000000000000000000000F9
:1057B00000000000000000000000000000000000E9
:1057C00000000000000000000000000000000000D9
:1057D00000000000000000000000000000000000C9
:1057E00000000000000000000000000000000000B9
:1057F00000000000000000000000000000000000A9
:105800000000000000000000000000000000000098
:105810000000000000000000000000000000000088
:105820000000000000000000000000000000000078
:105830000000000000000000000000000000000068
:105840000000000000000000000000000000000058
:105850000000000000000000000000000000000048
:105860000000000000000000000000000000000038
:105870000000000000000000000000000000000028
:105880000000000000000000000000000000000018
:105890000000000000000000000000000000000008
:1058A00000000000000000000000000000000000F8
:1058B00000000000000000000000000000000000E8
:1058C00000000000000000000000000000000000D8
:1058D00000000000000000000000000000000000C8
:1058E00000000000000000000000000000000000B8
:1058F00000000000000000000000000000000000A8
:105900000000000000000000000000000000000097
:105910000000000000000000000000000000000087
:105920000000000000000000000000000000000077
:105930000000000000000000000000000000000067
:105940000000000000000000000000000000000057
:105950000000000000000000000000000000000047
:105960000000000000000000000000000000000037
:105970000000000000000000000000000000000027
:105980000000000000000000000000000000000017
:105990000000000000000000000000000000000007
:1059A00000000000000000000000000000000000F7
:1059B00000000000000000000000000000000000E7
:1059C00000000000000000000000000000000000D7
:1059D00000000000000000000000000000000000C7
:1059E00000000000000000000000000000000000B7
:1059F00000000000000000000000000000000000A7
:105A00000000000000000000000000000000000096
:105A10000000000000000000000000000000000086
:105A20000000000000000000000000000000000076
:105A30000000000000000000000000000000000066
:105A40000000000000000000000000000000000056
:105A50000000000000000000000000000000000046
:105A60000000000000000000000000000000000036
:105A70000000000000000000000000000000000026
:105A80000000000000000000000000000000000016
:105A90000000000000000000000000000000000006
:105AA00000000000000000000000000000000000F6
:105AB00000000000000000000000000000000000E6
:105AC00000000000000000000000000000000000D6
:105AD00000000000000000000000000000000000C6
:105AE00000000000000000000000000000000000B6
:105AF00000000000000000000000000000000000A6
:105B00000000000000000000000000000000000095
:105B10000000000000000000000000000000000085
:105B20000000000000000000000000000000000075
:105B30000000000000000000000000000000000065
:105B40000000000000000000000000000000000055
:105B50000000000000000000000000000000000045
:105B60000000000000000000000000000000000035
:105B70000000000000000000000000000000000025
:105B80000000000000000000000000000000000015
:105B90000000000000000000000000000000000005
:105BA00000000000000000000000000000000000F5
:105BB00000000000000000000000000000000000E5
:105BC00000000000000000000000000000000000D5
:105BD00000000000000000000000000000000000C5
:105BE00000000000000000000000000000000000B5
:105BF00000000000000000000000000000000000A5
:105C00000000000000000000000000000000000094
:105C10000000000000000000000000000000000084
:105C20000000000000000000000000000000000074
:105C30000000000000000000000000000000000064
:105C40000000000000000000000000000000000054
:105C50000000000000000000000000000000000044
:105C60000000000000000000000000000000000034
:105C70000000000000000000000000000000000024
:105C80000000000000000000000000000000000014
:105C90000000000000000000000000000000000004
:105CA00000000000000000000000000000000000F4
:105CB00000000000000000000000000000000000E4
:105CC00000000000000000000000000000000000D4
:105CD00000000000000000000000000000000000C4
:105CE00000000000000000000000000000000000B4
:105CF00000000000000000000000000000000000A4
:105D00000000000000000000000000000000000093
:105D10000000000000000000000000000000000083
:105D20000000000000000000000000000000000073
:105D30000000000000000000000000000000000063
:105D40000000000000000000000000000000000053
:105D50000000000000000000000000000000000043
:105D60000000000000000000000000000000000033
:105D70000000000000000000000000000000000023
:105D80000000000000000000000000000000000013
:105D90000000000000000000000000000000000003
:105DA00000000000000000000000000000000000F3
:105DB00000000000000000000000000000000000E3
:105DC00000000000000000000000000000000000D3
:105DD00000000000000000000000000000000000C3
:105DE00000000000000000000000000000000000B3
:105DF00000000000000000000000000000000000A3
:105E00000000000000000000000000000000000092
:105E10000000000000000000000000000000000082
:105E20000000000000000000000000000000000072
:105E30000000000000000000000000000000000062
:105E40000000000000000000000000000000000052
:105E50000000000000000000000000000000000042
:105E60000000000000000000000000000000000032
:105E70000000000000000000000000000000000022
:105E80000000000000000000000000000000000012
:105E90000000000000000000000000000000000002
:105EA00000000000000000000000000000000000F2
:105EB00000000000000000000000000000000000E2
:105EC00000000000000000000000000000000000D2
:105ED00000000000000000000000000000000000C2
:105EE00000000000000000000000000000000000B2
:105EF00000000000000000000000000000000000A2
:105F00000000000000000000000000000000000091
:105F10000000000000000000000000000000000081
:105F20000000000000000000000000000000000071
:105F30000000000000000000000000000000000061
:105F40000000000000000000000000000000000051
:105F50000000000000000000000000000000000041
:105F60000000000000000000000000000000000031
:105F70000000000000000000000000000000000021
:105F80000000000000000000000000000000000011
:105F90000000000000000000000000000000000001
:105FA00000000000000000000000000000000000F1
:105FB00000000000000000000000000000000000E1
:105FC00000000000000000000000000000000000D1
:105FD00000000000000000000000000000000000C1
:105FE00000000000000000000000000000000000B1
:105FF00000000000000000000000000000000000A1
:106000000000000000000000000000000000000090
:106010000000000000000000000000000000000080
:106020000000000000000000000000000000000070
:106030000000000000000000000000000000000060
:106040000000000000000000000000000000000050
:106050000000000000000000000000000000000040
:106060000000000000000000000000000000000030
:106070000000000000000000000000000000000020
:106080000000000000000000000000000000000010
:106090000000000000000000000000000000000000
:1060A00000000000000000000000000000000000F0
:1060B00000000000000000000000000000000000E0
:1060C00000000000000000000000000000000000D0
:1060D00000000000000000000000000000000000C0
:1060E00000000000000000000000000000000000B0
:1060F00000000000000000000000000000000000A0
:10610000000000000000000000000000000000008F
:10611000000000000000000000000000000000007F
:10612000000000000000000000000000000000006F
:10613000000000000000000000000000000000005F
:10614000000000000000000000000000000000004F
:10615000000000000000000000000000000000003F
:10616000000000000000000000000000000000002F
:10617000000000000000000000000000000000001F
:10618000000000000000000000000000000000000F
:1061900000000000000000000000000000000000FF
:1061A00000000000000000000000000000000000EF
:1061B00000000000000000000000000000000000DF
:1061C00000000000000000000000000000000000CF
:1061D00000000000000000000000000000000000BF
:1061E00000000000000000000000000000000000AF
:1061F000000000000000000000000000000000009F
:10620000000000000000000000000000000000008E
:10621000000000000000000000000000000000007E
:10622000000000000000000000000000000000006E
:10623000000000000000000000000000000000005E
:10624000000000000000000000000000000000004E
:10625000000000000000000000000000000000003E
:10626000000000000000000000000000000000002E
:10627000000000000000000000000000000000001E
:10628000000000000000000000000000000000000E
:1062900000000000000000000000000000000000FE
:1062A00000000000000000000000000000000000EE
:1062B00000000000000000000000000000000000DE
:1062C00000000000000000000000000000000000CE
:1062D00000000000000000000000000000000000BE
:1062E00000000000000000000000000000000000AE
:1062F000000000000000000000000000000000009E
:10630000000000000000000000000000000000008D
:10631000000000000000000000000000000000007D
:10632000000000000000000000000000000000006D
:10633000000000000000000000000000000000005D
:10634000000000000000000000000000000000004D
:10635000000000000000000000000000000000003D
:10636000000000000000000000000000000000002D
:10637000000000000000000000000000000000001D
:10638000000000000000000000000000000000000D
:1063900000000000000000000000000000000000FD
:1063A00000000000000000000000000000000000ED
:1063B00000000000000000000000000000000000DD
:1063C00000000000000000000000000000000000CD
:1063D00000000000000000000000000000000000BD
:1063E00000000000000000000000000000000000AD
:1063F000000000000000000000000000000000009D
:10640000000000000000000000000000000000008C
:10641000000000000000000000000000000000007C
:10642000000000000000000000000000000000006C
:10643000000000000000000000000000000000005C
:10644000000000000000000000000000000000004C
:10645000000000000000000000000000000000003C
:10646000000000000000000000000000000000002C
:10647000000000000000000000000000000000001C
:10648000000000000000000000000000000000000C
:1064900000000000000000000000000000000000FC
:1064A00000000000000000000000000000000000EC
:1064B00000000000000000000000000000000000DC
:1064C00000000000000000000000000000000000CC
:1064D00000000000000000000000000000000000BC
:1064E00000000000000000000000000000000000AC
:1064F000000000000000000000000000000000009C
:10650000000000000000000000000000000000008B
:10651000000000000000000000000000000000007B
:10652000000000000000000000000000000000006B
:10653000000000000000000000000000000000005B
:10654000000000000000000000000000000000004B
:10655000000000000000000000000000000000003B
:10656000000000000000000000000000000000002B
:10657000000000000000000000000000000000001B
:10658000000000000000000000000000000000000B
:1065900000000000000000000000000000000000FB
:1065A00000000000000000000000000000000000EB
:1065B00000000000000000000000000000000000DB
:1065C00000000000000000000000000000000000CB
:1065D00000000000000000000000000000000000BB
:1065E00000000000000000000000000000000000AB
:1065F000000000000000000000000000000000009B
:10660000000000000000000000000000000000008A
:10661000000000000000000000000000000000007A
:10662000000000000000000000000000000000006A
:10663000000000000000000000000000000000005A
:10664000000000000000000000000000000000004A
:10665000000000000000000000000000000000003A
:10666000000000000000000000000000000000002A
:10667000000000000000000000000000000000001A
:10668000000000000000000000000000000000000A
:1066900000000000000000000000000000000000FA
:1066A00000000000000000000000000000000000EA
:1066B00000000000000000000000000000000000DA
:1066C00000000000000000000000000000000000CA
:1066D00000000000000000000000000000000000BA
:1066E00000000000000000000000000000000000AA
:1066F000000000000000000000000000000000009A
:106700000000000000000000000000000000000089
:106710000000000000000000000000000000000079
:106720000000000000000000000000000000000069
:106730000000000000000000000000000000000059
:106740000000000000000000000000000000000049
:106750000000000000000000000000000000000039
:106760000000000000000000000000000000000029
:106770000000000000000000000000000000000019
:106780000000000000000000000000000000000009
:1067900000000000000000000000000000000000F9
:1067A00000000000000000000000000000000000E9
:1067B00000000000000000000000000000000000D9
:1067C00000000000000000000000000000000000C9
:1067D00000000000000000000000000000000000B9
:1067E00000000000000000000000000000000000A9
:1067F0000000000000000000000000000000000099
:106800000000000000000000000000000000000088
:106810000000000000000000000000000000000078
:106820000000000000000000000000000000000068
:106830000000000000000000000000000000000058
:106840000000000000000000000000000000000048
:106850000000000000000000000000000000000038
:106860000000000000000000000000000000000028
:106870000000000000000000000000000000000018
:106880000000000000000000000000000000000008
:1068900000000000000000000000000000000000F8
:1068A00000000000000000000000000000000000E8
:1068B00000000000000000000000000000000000D8
:1068C00000000000000000000000000000000000C8
:1068D00000000000000000000000000000000000B8
:1068E00000000000000000000000000000000000A8
:1068F0000000000000000000000000000000000098
:106900000000000000000000000000000000000087
:106910000000000000000000000000000000000077
:106920000000000000000000000000000000000067
:106930000000000000000000000000000000000057
:106940000000000000000000000000000000000047
:106950000000000000000000000000000000000037
:106960000000000000000000000000000000000027
:106970000000000000000000000000000000000017
:106980000000000000000000000000000000000007
:1069900000000000000000000000000000000000F7
:1069A00000000000000000000000000000000000E7
:1069B00000000000000000000000000000000000D7
:1069C00000000000000000000000000000000000C7
:1069D00000000000000000000000000000000000B7
:1069E00000000000000000000000000000000000A7
:1069F0000000000000000000000000000000000097
:106A00000000000000000000000000000000000086
:106A10000000000000000000000000000000000076
:106A20000000000000000000000000000000000066
:106A30000000000000000000000000000000000056
:106A40000000000000000000000000000000000046
:106A50000000000000000000000000000000000036
:106A60000000000000000000000000000000000026
:106A70000000000000000000000000000000000016
:106A80000000000000000000000000000000000006
:106A900000000000000000000000000000000000F6
:106AA00000000000000000000000000000000000E6
:106AB00000000000000000000000000000000000D6
:106AC00000000000000000000000000000000000C6
:106AD00000000000000000000000000000000000B6
:106AE00000000000000000000000000000000000A6
:106AF0000000000000000000000000000000000096
:106B00000000000000000000000000000000000085
:106B10000000000000000000000000000000000075
:106B20000000000000000000000000000000000065
:106B30000000000000000000000000000000000055
:106B40000000000000000000000000000000000045
:106B50000000000000000000000000000000000035
:106B60000000000000000000000000000000000025
:106B70000000000000000000000000000000000015
:106B80000000000000000000000000000000000005
:106B900000000000000000000000000000000000F5
:106BA00000000000000000000000000000000000E5
:106BB00000000000000000000000000000000000D5
:106BC00000000000000000000000000000000000C5
:106BD00000000000000000000000000000000000B5
:106BE00000000000000000000000000000000000A5
:106BF0000000000000000000000000000000000095
:106C00000000000000000000000000000000000084
:106C10000000000000000000000000000000000074
:106C20000000000000000000000000000000000064
:106C30000000000000000000000000000000000054
:106C40000000000000000000000000000000000044
:106C50000000000000000000000000000000000034
:106C60000000000000000000000000000000000024
:106C70000000000000000000000000000000000014
:106C80000000000000000000000000000000000004
:106C900000000000000000000000000000000000F4
:106CA00000000000000000000000000000000000E4
:106CB00000000000000000000000000000000000D4
:106CC00000000000000000000000000000000000C4
:106CD00000000000000000000000000000000000B4
:106CE00000000000000000000000000000000000A4
:106CF0000000000000000000000000000000000094
:106D00000000000000000000000000000000000083
:106D10000000000000000000000000000000000073
:106D20000000000000000000000000000000000063
:106D30000000000000000000000000000000000053
:106D40000000000000000000000000000000000043
:106D50000000000000000000000000000000000033
:106D60000000000000000000000000000000000023
:106D70000000000000000000000000000000000013
:106D80000000000000000000000000000000000003
:106D900000000000000000000000000000000000F3
:106DA00000000000000000000000000000000000E3
:106DB00000000000000000000000000000000000D3
:106DC00000000000000000000000000000000000C3
:106DD00000000000000000000000000000000000B3
:106DE00000000000000000000000000000000000A3
:106DF0000000000000000000000000000000000093
:106E00000000000000000000000000000000000082
:106E10000000000000000000000000000000000072
:106E20000000000000000000000000000000000062
:106E30000000000000000000000000000000000052
:106E40000000000000000000000000000000000042
:106E50000000000000000000000000000000000032
:106E60000000000000000000000000000000000022
:106E70000000000000000000000000000000000012
:106E80000000000000000000000000000000000002
:106E900000000000000000000000000000000000F2
:106EA00000000000000000000000000000000000E2
:106EB00000000000000000000000000000000000D2
:106EC00000000000000000000000000000000000C2
:106ED00000000000000000000000000000000000B2
:106EE00000000000000000000000000000000000A2
:106EF0000000000000000000000000000000000092
:106F00000000000000000000000000000000000081
:106F10000000000000000000000000000000000071
:106F20000000000000000000000000000000000061
:106F30000000000000000000000000000000000051
:106F40000000000000000000000000000000000041
:106F50000000000000000000000000000000000031
:106F60000000000000000000000000000000000021
:106F70000000000000000000000000000000000011
:106F80000000000000000000000000000000000001
:106F900000000000000000000000000000000000F1
:106FA00000000000000000000000000000000000E1
:106FB00000000000000000000000000000000000D1
:106FC00000000000000000000000000000000000C1
:106FD00000000000000000000000000000000000B1
:106FE00000000000000000000000000000000000A1
:106FF0000000000000000000000000000000000091
:107000000000000000000000000000000000000080
:107010000000000000000000000000000000000070
:107020000000000000000000000000000000000060
:107030000000000000000000000000000000000050
:107040000000000000000000000000000000000040
:107050000000000000000000000000000000000030
:107060000000000000000000000000000000000020
:107070000000000000000000000000000000000010
:107080000000000000000000000000000000000000
:1070900000000000000000000000000000000000F0
:1070A00000000000000000000000000000000000E0
:1070B00000000000000000000000000000000000D0
:1070C00000000000000000000000000000000000C0
:1070D00000000000000000000000000000000000B0
:1070E00000000000000000000000000000000000A0
:1070F0000000000000000000000000000000000090
:10710000000000000000000000000000000000007F
:10711000000000000000000000000000000000006F
:10712000000000000000000000000000000000005F
:10713000000000000000000000000000000000004F
:10714000000000000000000000000000000000003F
:10715000000000000000000000000000000000002F
:10716000000000000000000000000000000000001F
:10717000000000000000000000000000000000000F
:1071800000000000000000000000000000000000FF
:1071900000000000000000000000000000000000EF
:1071A00000000000000000000000000000000000DF
:1071B00000000000000000000000000000000000CF
:1071C00000000000000000000000000000000000BF
:1071D00000000000000000000000000000000000AF
:1071E000000000000000000000000000000000009F
:1071F000000000000000000000000000000000008F
:10720000000000000000000000000000000000007E
:10721000000000000000000000000000000000006E
:10722000000000000000000000000000000000005E
:10723000000000000000000000000000000000004E
:10724000000000000000000000000000000000003E
:10725000000000000000000000000000000000002E
:10726000000000000000000000000000000000001E
:10727000000000000000000000000000000000000E
:1072800000000000000000000000000000000000FE
:1072900000000000000000000000000000000000EE
:1072A00000000000000000000000000000000000DE
:1072B00000000000000000000000000000000000CE
:1072C00000000000000000000000000000000000BE
:1072D00000000000000000000000000000000000AE
:1072E000000000000000000000000000000000009E
:1072F000000000000000000000000000000000008E
:10730000000000000000000000000000000000007D
:10731000000000000000000000000000000000006D
:10732000000000000000000000000000000000005D
:10733000000000000000000000000000000000004D
:10734000000000000000000000000000000000003D
:10735000000000000000000000000000000000002D
:10736000000000000000000000000000000000001D
:10737000000000000000000000000000000000000D
:1073800000000000000000000000000000000000FD
:1073900000000000000000000000000000000000ED
:1073A00000000000000000000000000000000000DD
:1073B00000000000000000000000000000000000CD
:1073C00000000000000000000000000000000000BD
:1073D00000000000000000000000000000000000AD
:1073E000000000000000000000000000000000009D
:1073F000000000000000000000000000000000008D
:10740000000000000000000000000000000000007C
:10741000000000000000000000000000000000006C
:10742000000000000000000000000000000000005C
:10743000000000000000000000000000000000004C
:10744000000000000000000000000000000000003C
:10745000000000000000000000000000000000002C
:10746000000000000000000000000000000000001C
:10747000000000000000000000000000000000000C
:1074800000000000000000000000000000000000FC
:1074900000000000000000000000000000000000EC
:1074A00000000000000000000000000000000000DC
:1074B00000000000000000000000000000000000CC
:1074C00000000000000000000000000000000000BC
:1074D00000000000000000000000000000000000AC
:1074E000000000000000000000000000000000009C
:1074F000000000000000000000000000000000008C
:10750000000000000000000000000000000000007B
:10751000000000000000000000000000000000006B
:10752000000000000000000000000000000000005B
:10753000000000000000000000000000000000004B
:10754000000000000000000000000000000000003B
:10755000000000000000000000000000000000002B
:10756000000000000000000000000000000000001B
:10757000000000000000000000000000000000000B
:1075800000000000000000000000000000000000FB
:1075900000000000000000000000000000000000EB
:1075A00000000000000000000000000000000000DB
:1075B00000000000000000000000000000000000CB
:1075C00000000000000000000000000000000000BB
:1075D00000000000000000000000000000000000AB
:1075E000000000000000000000000000000000009B
:1075F000000000000000000000000000000000008B
:10760000000000000000000000000000000000007A
:10761000000000000000000000000000000000006A
:10762000000000000000000000000000000000005A
:10763000000000000000000000000000000000004A
:10764000000000000000000000000000000000003A
:10765000000000000000000000000000000000002A
:10766000000000000000000000000000000000001A
:10767000000000000000000000000000000000000A
:1076800000000000000000000000000000000000FA
:1076900000000000000000000000000000000000EA
:1076A00000000000000000000000000000000000DA
:1076B00000000000000000000000000000000000CA
:1076C00000000000000000000000000000000000BA
:1076D00000000000000000000000000000000000AA
:1076E000000000000000000000000000000000009A
:1076F000000000000000000000000000000000008A
:107700000000000000000000000000000000000079
:107710000000000000000000000000000000000069
:107720000000000000000000000000000000000059
:107730000000000000000000000000000000000049
:107740000000000000000000000000000000000039
:107750000000000000000000000000000000000029
:107760000000000000000000000000000000000019
:107770000000000000000000000000000000000009
:1077800000000000000000000000000000000000F9
:1077900000000000000000000000000000000000E9
:1077A00000000000000000000000000000000000D9
:1077B00000000000000000000000000000000000C9
:1077C00000000000000000000000000000000000B9
:1077D00000000000000000000000000000000000A9
:1077E0000000000000000000000000000000000099
:1077F0000000000000000000000000000000000089
:107800000000000000000000000000000000000078
:107810000000000000000000000000000000000068
:107820000000000000000000000000000000000058
:107830000000000000000000000000000000000048
:107840000000000000000000000000000000000038
:107850000000000000000000000000000000000028
:107860000000000000000000000000000000000018
:107870000000000000000000000000000000000008
:1078800000000000000000000000000000000000F8
:1078900000000000000000000000000000000000E8
:1078A00000000000000000000000000000000000D8
:1078B00000000000000000000000000000000000C8
:1078C00000000000000000000000000000000000B8
:1078D00000000000000000000000000000000000A8
:1078E0000000000000000000000000000000000098
:1078F0000000000000000000000000000000000088
:107900000000000000000000000000000000000077
:107910000000000000000000000000000000000067
:107920000000000000000000000000000000000057
:107930000000000000000000000000000000000047
:107940000000000000000000000000000000000037
:107950000000000000000000000000000000000027
:107960000000000000000000000000000000000017
:107970000000000000000000000000000000000007
:1079800000000000000000000000000000000000F7
:1079900000000000000000000000000000000000E7
:1079A00000000000000000000000000000000000D7
:1079B00000000000000000000000000000000000C7
:1079C00000000000000000000000000000000000B7
:1079D00000000000000000000000000000000000A7
:1079E0000000000000000000000000000000000097
:1079F0000000000000000000000000000000000087
:107A00000000000000000000000000000000000076
:107A10000000000000000000000000000000000066
:107A20000000000000000000000000000000000056
:107A30000000000000000000000000000000000046
:107A40000000000000000000000000000000000036
:107A50000000000000000000000000000000000026
:107A60000000000000000000000000000000000016
:107A70000000000000000000000000000000000006
:107A800000000000000000000000000000000000F6
:107A900000000000000000000000000000000000E6
:107AA00000000000000000000000000000000000D6
:107AB00000000000000000000000000000000000C6
:107AC00000000000000000000000000000000000B6
:107AD00000000000000000000000000000000000A6
:107AE0000000000000000000000000000000000096
:107AF0000000000000000000000000000000000086
:107B00000000000000000000000000000000000075
:107B10000000000000000000000000000000000065
:107B20000000000000000000000000000000000055
:107B30000000000000000000000000000000000045
:107B40000000000000000000000000000000000035
:107B50000000000000000000000000000000000025
:107B60000000000000000000000000000000000015
:107B70000000000000000000000000000000000005
:107B800000000000000000000000000000000000F5
:107B900000000000000000000000000000000000E5
:107BA00000000000000000000000000000000000D5
:107BB00000000000000000000000000000000000C5
:107BC00000000000000000000000000000000000B5
:107BD00000000000000000000000000000000000A5
:107BE0000000000000000000000000000000000095
:107BF0000000000000000000000000000000000085
:107C00000000000000000000000000000000000074
:107C10000000000000000000000000000000000064
:107C20000000000000000000000000000000000054
:107C30000000000000000000000000000000000044
:107C40000000000000000000000000000000000034
:107C50000000000000000000000000000000000024
:107C60000000000000000000000000000000000014
:107C70000000000000000000000000000000000004
:107C800000000000000000000000000000000000F4
:107C900000000000000000000000000000000000E4
:107CA00000000000000000000000000000000000D4
:107CB00000000000000000000000000000000000C4
:107CC00000000000000000000000000000000000B4
:107CD00000000000000000000000000000000000A4
:107CE0000000000000000000000000000000000094
:107CF0000000000000000000000000000000000084
:107D00000000000000000000000000000000000073
:107D10000000000000000000000000000000000063
:107D20000000000000000000000000000000000053
:107D30000000000000000000000000000000000043
:107D40000000000000000000000000000000000033
:107D50000000000000000000000000000000000023
:107D60000000000000000000000000000000000013
:107D70000000000000000000000000000000000003
:107D800000000000000000000000000000000000F3
:107D900000000000000000000000000000000000E3
:107DA00000000000000000000000000000000000D3
:107DB00000000000000000000000000000000000C3
:107DC00000000000000000000000000000000000B3
:107DD00000000000000000000000000000000000A3
:107DE0000000000000000000000000000000000093
:107DF0000000000000000000000000000000000083
:107E00000000000000000000000000000000000072
:107E10000000000000000000000000000000000062
:107E20000000000000000000000000000000000052
:107E30000000000000000000000000000000000042
:107E40000000000000000000000000000000000032
:107E50000000000000000000000000000000000022
:107E60000000000000000000000000000000000012
:107E70000000000000000000000000000000000002
:107E800000000000000000000000000000000000F2
:107E900000000000000000000000000000000000E2
:107EA00000000000000000000000000000000000D2
:107EB00000000000000000000000000000000000C2
:107EC00000000000000000000000000000000000B2
:107ED00000000000000000000000000000000000A2
:107EE0000000000000000000000000000000000092
:107EF0000000000000000000000000000000000082
:107F00000000000000000000000000000000000071
:107F10000000000000000000000000000000000061
:107F20000000000000000000000000000000000051
:107F30000000000000000000000000000000000041
:107F40000000000000000000000000000000000031
:107F50000000000000000000000000000000000021
:107F60000000000000000000000000000000000011
:107F70000000000000000000000000000000000001
:107F800000000000000000000000000000000000F1
:107F900000000000000000000000000000000000E1
:107FA00000000000000000000000000000000000D1
:107FB00000000000000000000000000000000000C1
:107FC00000000000000000000000000000000000B1
:107FD00000000000000000000000000000000000A1
:107FE0000000000000000000000000000000000091
:107FF0000000000000000000000000000000000081
:108000000000000000000000000000000000000070
:108010000000000000000000000000000000000060
:108020000000000000000000000000000000000050
:108030000000000000000000000000000000000040
:108040000000000000000000000000000000000030
:108050000000000000000000000000000000000020
:108060000000000000000000000000000000000010
:108070000000000000000000000000000000000000
:1080800000000000000000000000000000000000F0
:1080900000000000000000000000000000000000E0
:1080A00000000000000000000000000000000000D0
:1080B00000000000000000000000000000000000C0
:1080C00000000000000000000000000000000000B0
:1080D00000000000000000000000000000000000A0
:1080E0000000000000000000000000000000000090
:1080F0000000000000000000000000000000000080
:10810000000000000000000000000000000000006F
:10811000000000000000000000000000000000005F
:10812000000000000000000000000000000000004F
:10813000000000000000000000000000000000003F
:10814000000000000000000000000000000000002F
:10815000000000000000000000000000000000001F
:10816000000000000000000000000000000000000F
:1081700000000000000000000000000000000000FF
:1081800000000000000000000000000000000000EF
:1081900000000000000000000000000000000000DF
:1081A00000000000000000000000000000000000CF
:1081B00000000000000000000000000000000000BF
:1081C00000000000000000000000000000000000AF
:1081D000000000000000000000000000000000009F
:1081E000000000000000000000000000000000008F
:1081F000000000000000000000000000000000007F
:10820000000000000000000000000000000000006E
:10821000000000000000000000000000000000005E
:10822000000000000000000000000000000000004E
:10823000000000000000000000000000000000003E
:10824000000000000000000000000000000000002E
:10825000000000000000000000000000000000001E
:10826000000000000000000000000000000000000E
:1082700000000000000000000000000000000000FE
:1082800000000000000000000000000000000000EE
:1082900000000000000000000000000000000000DE
:1082A00000000000000000000000000000000000CE
:1082B00000000000000000000000000000000000BE
:1082C00000000000000000000000000000000000AE
:1082D000000000000000000000000000000000009E
:1082E000000000000000000000000000000000008E
:1082F000000000000000000000000000000000007E
:10830000000000000000000000000000000000006D
:10831000000000000000000000000000000000005D
:10832000000000000000000000000000000000004D
:10833000000000000000000000000000000000003D
:10834000000000000000000000000000000000002D
:10835000000000000000000000000000000000001D
:10836000000000000000000000000000000000000D
:1083700000000000000000000000000000000000FD
:1083800000000000000000000000000000000000ED
:1083900000000000000000000000000000000000DD
:1083A00000000000000000000000000000000000CD
:1083B00000000000000000000000000000000000BD
:1083C00000000000000000000000000000000000AD
:1083D000000000000000000000000000000000009D
:1083E000000000000000000000000000000000008D
:1083F000000000000000000000000000000000007D
:10840000000000000000000000000000000000006C
:10841000000000000000000000000000000000005C
:10842000000000000000000000000000000000004C
:10843000000000000000000000000000000000003C
:10844000000000000000000000000000000000002C
:10845000000000000000000000000000000000001C
:10846000000000000000000000000000000000000C
:1084700000000000000000000000000000000000FC
:1084800000000000000000000000000000000000EC
:1084900000000000000000000000000000000000DC
:1084A00000000000000000000000000000000000CC
:1084B00000000000000000000000000000000000BC
:1084C00000000000000000000000000000000000AC
:1084D000000000000000000000000000000000009C
:1084E000000000000000000000000000000000008C
:1084F000000000000000000000000000000000007C
:10850000000000000000000000000000000000006B
:10851000000000000000000000000000000000005B
:10852000000000000000000000000000000000004B
:10853000000000000000000000000000000000003B
:10854000000000000000000000000000000000002B
:10855000000000000000000000000000000000001B
:10856000000000000000000000000000000000000B
:1085700000000000000000000000000000000000FB
:1085800000000000000000000000000000000000EB
:1085900000000000000000000000000000000000DB
:1085A00000000000000000000000000000000000CB
:1085B00000000000000000000000000000000000BB
:1085C00000000000000000000000000000000000AB
:1085D000000000000000000000000000000000009B
:1085E000000000000000000000000000000000008B
:1085F000000000000000000000000000000000007B
:10860000000000000000000000000000000000006A
:10861000000000000000000000000000000000005A
:10862000000000000000000000000000000000004A
:10863000000000000000000000000000000000003A
:10864000000000000000000000000000000000002A
:10865000000000000000000000000000000000001A
:10866000000000000000000000000000000000000A
:1086700000000000000000000000000000000000FA
:1086800000000000000000000000000000000000EA
:1086900000000000000000000000000000000000DA
:1086A00000000000000000000000000000000000CA
:1086B00000000000000000000000000000000000BA
:1086C00000000000000000000000000000000000AA
:1086D000000000000000000000000000000000009A
:1086E000000000000000000000000000000000008A
:1086F000000000000000000000000000000000007A
:108700000000000000000000000000000000000069
:108710000000000000000000000000000000000059
:108720000000000000000000000000000000000049
:108730000000000000000000000000000000000039
:108740000000000000000000000000000000000029
:108750000000000000000000000000000000000019
:108760000000000000000000000000000000000009
:1087700000000000000000000000000000000000F9
:1087800000000000000000000000000000000000E9
:1087900000000000000000000000000000000000D9
:1087A00000000000000000000000000000000000C9
:1087B00000000000000000000000000000000000B9
:1087C00000000000000000000000000000000000A9
:1087D0000000000000000000000000000000000099
:1087E0000000000000000000000000000000000089
:1087F0000000000000000000000000000000000079
:108800000000000000000000000000000000000068
:108810000000000000000000000000000000000058
:108820000000000000000000000000000000000048
:108830000000000000000000000000000000000038
:108840000000000000000000000000000000000028
:108850000000000000000000000000000000000018
:108860000000000000000000000000000000000008
:1088700000000000000000000000000000000000F8
:1088800000000000000000000000000000000000E8
:1088900000000000000000000000000000000000D8
:1088A00000000000000000000000000000000000C8
:1088B00000000000000000000000000000000000B8
:1088C00000000000000000000000000000000000A8
:1088D0000000000000000000000000000000000098
:1088E0000000000000000000000000000000000088
:1088F0000000000000000000000000000000000078
:108900000000000000000000000000000000000067
:108910000000000000000000000000000000000057
:108920000000000000000000000000000000000047
:108930000000000000000000000000000000000037
:108940000000000000000000000000000000000027
:108950000000000000000000000000000000000017
:108960000000000000000000000000000000000007
:1089700000000000000000000000000000000000F7
:1089800000000000000000000000000000000000E7
:1089900000000000000000000000000000000000D7
:1089A00000000000000000000000000000000000C7
:1089B00000000000000000000000000000000000B7
:1089C00000000000000000000000000000000000A7
:1089D0000000000000000000000000000000000097
:1089E0000000000000000000000000000000000087
:1089F0000000000000000000000000000000000077
:108A00000000000000000000000000000000000066
:108A10000000000000000000000000000000000056
:108A20000000000000000000000000000000000046
:108A30000000000000000000000000000000000036
:108A40000000000000000000000000000000000026
:108A50000000000000000000000000000000000016
:108A60000000000000000000000000000000000006
:108A700000000000000000000000000000000000F6
:108A800000000000000000000000000000000000E6
:108A900000000000000000000000000000000000D6
:108AA00000000000000000000000000000000000C6
:108AB00000000000000000000000000000000000B6
:108AC00000000000000000000000000000000000A6
:108AD0000000000000000000000000000000000096
:108AE0000000000000000000000000000000000086
:108AF0000000000000000000000000000000000076
:108B00000000000000000000000000000000000065
:108B10000000000000000000000000000000000055
:108B20000000000000000000000000000000000045
:108B30000000000000000000000000000000000035
:108B40000000000000000000000000000000000025
:108B50000000000000000000000000000000000015
:108B60000000000000000000000000000000000005
:108B700000000000000000000000000000000000F5
:108B800000000000000000000000000000000000E5
:108B900000000000000000000000000000000000D5
:108BA00000000000000000000000000000000000C5
:108BB00000000000000000000000000000000000B5
:108BC00000000000000000000000000000000000A5
:108BD0000000000000000000000000000000000095
:108BE0000000000000000000000000000000000085
:108BF0000000000000000000000000000000000075
:108C00000000000000000000000000000000000064
:108C10000000000000000000000000000000000054
:108C20000000000000000000000000000000000044
:108C30000000000000000000000000000000000034
:108C40000000000000000000000000000000000024
:108C50000000000000000000000000000000000014
:108C60000000000000000000000000000000000004
:108C700000000000000000000000000000000000F4
:108C800000000000000000000000000000000000E4
:108C900000000000000000000000000000000000D4
:108CA00000000000000000000000000000000000C4
:108CB00000000000000000000000000000000000B4
:108CC00000000000000000000000000000000000A4
:108CD0000000000000000000000000000000000094
:108CE0000000000000000000000000000000000084
:108CF0000000000000000000000000000000000074
:108D00000000000000000000000000000000000063
:108D10000000000000000000000000000000000053
:108D20000000000000000000000000000000000043
:108D30000000000000000000000000000000000033
:108D40000000000000000000000000000000000023
:108D50000000000000000000000000000000000013
:108D60000000000000000000000000000000000003
:108D700000000000000000000000000000000000F3
:108D800000000000000000000000000000000000E3
:108D900000000000000000000000000000000000D3
:108DA00000000000000000000000000000000000C3
:108DB00000000000000000000000000000000000B3
:108DC00000000000000000000000000000000000A3
:108DD0000000000000000000000000000000000093
:108DE0000000000000000000000000000000000083
:108DF0000000000000000000000000000000000073
:108E00000000000000000000000000000000000062
:108E10000000000000000000000000000000000052
:108E20000000000000000000000000000000000042
:108E30000000000000000000000000000000000032
:108E40000000000000000000000000000000000022
:108E50000000000000000000000000000000000012
:108E60000000000000000000000000000000000002
:108E700000000000000000000000000000000000F2
:108E800000000000000000000000000000000000E2
:108E900000000000000000000000000000000000D2
:108EA00000000000000000000000000000000000C2
:108EB00000000000000000000000000000000000B2
:108EC00000000000000000000000000000000000A2
:108ED0000000000000000000000000000000000092
:108EE0000000000000000000000000000000000082
:108EF0000000000000000000000000000000000072
:108F00000000000000000000000000000000000061
:108F10000000000000000000000000000000000051
:108F20000000000000000000000000000000000041
:108F30000000000000000000000000000000000031
:108F40000000000000000000000000000000000021
:108F50000000000000000000000000000000000011
:108F60000000000000000000000000000000000001
:108F700000000000000000000000000000000000F1
:108F800000000000000000000000000000000000E1
:108F900000000000000000000000000000000000D1
:108FA00000000000000000000000000000000000C1
:108FB00000000000000000000000000000000000B1
:108FC00000000000000000000000000000000000A1
:108FD0000000000000000000000000000000000091
:108FE0000000000000000000000000000000000081
:108FF0000000000000000000000000000000000071
:109000000000000000000000000000000000000060
:109010000000000000000000000000000000000050
:109020000000000000000000000000000000000040
:109030000000000000000000000000000000000030
:109040000000000000000000000000000000000020
:109050000000000000000000000000000000000010
:109060000000000000000000000000000000000000
:1090700000000000000000000000000000000000F0
:1090800000000000000000000000000000000000E0
:1090900000000000000000000000000000000000D0
:1090A00000000000000000000000000000000000C0
:1090B00000000000000000000000000000000000B0
:1090C00000000000000000000000000000000000A0
:1090D0000000000000000000000000000000000090
:1090E0000000000000000000000000000000000080
:1090F0000000000000000000000000000000000070
:10910000000000000000000000000000000000005F
:10911000000000000000000000000000000000004F
:10912000000000000000000000000000000000003F
:10913000000000000000000000000000000000002F
:10914000000000000000000000000000000000001F
:10915000000000000000000000000000000000000F
:1091600000000000000000000000000000000000FF
:1091700000000000000000000000000000000000EF
:1091800000000000000000000000000000000000DF
:1091900000000000000000000000000000000000CF
:1091A00000000000000000000000000000000000BF
:1091B00000000000000000000000000000000000AF
:1091C000000000000000000000000000000000009F
:1091D000000000000000000000000000000000008F
:1091E000000000000000000000000000000000007F
:1091F000000000000000000000000000000000006F
:10920000000000000000000000000000000000005E
:10921000000000000000000000000000000000004E
:10922000000000000000000000000000000000003E
:10923000000000000000000000000000000000002E
:10924000000000000000000000000000000000001E
:10925000000000000000000000000000000000000E
:1092600000000000000000000000000000000000FE
:1092700000000000000000000000000000000000EE
:1092800000000000000000000000000000000000DE
:1092900000000000000000000000000000000000CE
:1092A00000000000000000000000000000000000BE
:1092B00000000000000000000000000000000000AE
:1092C000000000000000000000000000000000009E
:1092D000000000000000000000000000000000008E
:1092E000000000000000000000000000000000007E
:1092F000000000000000000000000000000000006E
:10930000000000000000000000000000000000005D
:10931000000000000000000000000000000000004D
:10932000000000000000000000000000000000003D
:10933000000000000000000000000000000000002D
:10934000000000000000000000000000000000001D
:10935000000000000000000000000000000000000D
:1093600000000000000000000000000000000000FD
:1093700000000000000000000000000000000000ED
:1093800000000000000000000000000000000000DD
:1093900000000000000000000000000000000000CD
:1093A00000000000000000000000000000000000BD
:1093B00000000000000000000000000000000000AD
:1093C000000000000000000000000000000000009D
:1093D000000000000000000000000000000000008D
:1093E000000000000000000000000000000000007D
:1093F000000000000000000000000000000000006D
:10940000000000000000000000000000000000005C
:10941000000000000000000000000000000000004C
:10942000000000000000000000000000000000003C
:10943000000000000000000000000000000000002C
:10944000000000000000000000000000000000001C
:10945000000000000000000000000000000000000C
:1094600000000000000000000000000000000000FC
:1094700000000000000000000000000000000000EC
:1094800000000000000000000000000000000000DC
:1094900000000000000000000000000000000000CC
:1094A00000000000000000000000000000000000BC
:1094B00000000000000000000000000000000000AC
:1094C000000000000000000000000000000000009C
:1094D000000000000000000000000000000000008C
:1094E000000000000000000000000000000000007C
:1094F000000000000000000000000000000000006C
:10950000000000000000000000000000000000005B
:10951000000000000000000000000000000000004B
:10952000000000000000000000000000000000003B
:10953000000000000000000000000000000000002B
:10954000000000000000000000000000000000001B
:10955000000000000000000000000000000000000B
:1095600000000000000000000000000000000000FB
:1095700000000000000000000000000000000000EB
:1095800000000000000000000000000000000000DB
:1095900000000000000000000000000000000000CB
:1095A00000000000000000000000000000000000BB
:1095B00000000000000000000000000000000000AB
:1095C000000000000000000000000000000000009B
:1095D000000000000000000000000000000000008B
:1095E000000000000000000000000000000000007B
:1095F000000000000000000000000000000000006B
:10960000000000000000000000000000000000005A
:10961000000000000000000000000000000000004A
:10962000000000000000000000000000000000003A
:10963000000000000000000000000000000000002A
:10964000000000000000000000000000000000001A
:10965000000000000000000000000000000000000A
:1096600000000000000000000000000000000000FA
:1096700000000000000000000000000000000000EA
:1096800000000000000000000000000000000000DA
:1096900000000000000000000000000000000000CA
:1096A00000000000000000000000000000000000BA
:1096B00000000000000000000000000000000000AA
:1096C000000000000000000000000000000000009A
:1096D000000000000000000000000000000000008A
:1096E000000000000000000000000000000000007A
:1096F000000000000000000000000000000000006A
:109700000000000000000000000000000000000059
:109710000000000000000000000000000000000049
:109720000000000000000000000000000000000039
:109730000000000000000000000000000000000029
:109740000000000000000000000000000000000019
:109750000000000000000000000000000000000009
:1097600000000000000000000000000000000000F9
:1097700000000000000000000000000000000000E9
:1097800000000000000000000000000000000000D9
:1097900000000000000000000000000000000000C9
:1097A00000000000000000000000000000000000B9
:1097B00000000000000000000000000000000000A9
:1097C0000000000000000000000000000000000099
:1097D0000000000000000000000000000000000089
:1097E0000000000000000000000000000000000079
:1097F0000000000000000000000000000000000069
:109800000000000000000000000000000000000058
:109810000000000000000000000000000000000048
:109820000000000000000000000000000000000038
:109830000000000000000000000000000000000028
:109840000000000000000000000000000000000018
:109850000000000000000000000000000000000008
:1098600000000000000000000000000000000000F8
:1098700000000000000000000000000000000000E8
:1098800000000000000000000000000000000000D8
:1098900000000000000000000000000000000000C8
:1098A00000000000000000000000000000000000B8
:1098B00000000000000000000000000000000000A8
:1098C0000000000000000000000000000000000098
:1098D0000000000000000000000000000000000088
:1098E0000000000000000000000000000000000078
:1098F0000000000000000000000000000000000068
:109900000000000000000000000000000000000057
:109910000000000000000000000000000000000047
:109920000000000000000000000000000000000037
:109930000000000000000000000000000000000027
:109940000000000000000000000000000000000017
:109950000000000000000000000000000000000007
:1099600000000000000000000000000000000000F7
:1099700000000000000000000000000000000000E7
:1099800000000000000000000000000000000000D7
:1099900000000000000000000000000000000000C7
:1099A00000000000000000000000000000000000B7
:1099B00000000000000000000000000000000000A7
:1099C0000000000000000000000000000000000097
:1099D0000000000000000000000000000000000087
:1099E0000000000000000000000000000000000077
:1099F0000000000000000000000000000000000067
:109A00000000000000000000000000000000000056
:109A10000000000000000000000000000000000046
:109A20000000000000000000000000000000000036
:109A30000000000000000000000000000000000026
:109A40000000000000000000000000000000000016
:109A50000000000000000000000000000000000006
:109A600000000000000000000000000000000000F6
:109A700000000000000000000000000000000000E6
:109A800000000000000000000000000000000000D6
:109A900000000000000000000000000000000000C6
:109AA00000000000000000000000000000000000B6
:109AB00000000000000000000000000000000000A6
:109AC0000000000000000000000000000000000096
:109AD0000000000000000000000000000000000086
:109AE0000000000000000000000000000000000076
:109AF0000000000000000000000000000000000066
:109B00000000000000000000000000000000000055
:109B10000000000000000000000000000000000045
:109B20000000000000000000000000000000000035
:109B30000000000000000000000000000000000025
:109B40000000000000000000000000000000000015
:109B50000000000000000000000000000000000005
:109B600000000000000000000000000000000000F5
:109B700000000000000000000000000000000000E5
:109B800000000000000000000000000000000000D5
:109B900000000000000000000000000000000000C5
:109BA00000000000000000000000000000000000B5
:109BB00000000000000000000000000000000000A5
:109BC0000000000000000000000000000000000095
:109BD0000000000000000000000000000000000085
:109BE0000000000000000000000000000000000075
:109BF0000000000000000000000000000000000065
:109C00000000000000000000000000000000000054
:109C10000000000000000000000000000000000044
:109C20000000000000000000000000000000000034
:109C30000000000000000000000000000000000024
:109C40000000000000000000000000000000000014
:109C50000000000000000000000000000000000004
:109C600000000000000000000000000000000000F4
:109C700000000000000000000000000000000000E4
:109C800000000000000000000000000000000000D4
:109C900000000000000000000000000000000000C4
:109CA00000000000000000000000000000000000B4
:109CB00000000000000000000000000000000000A4
:109CC0000000000000000000000000000000000094
:109CD0000000000000000000000000000000000084
:109CE0000000000000000000000000000000000074
:109CF0000000000000000000000000000000000064
:109D00000000000000000000000000000000000053
:109D10000000000000000000000000000000000043
:109D20000000000000000000000000000000000033
:109D30000000000000000000000000000000000023
:109D40000000000000000000000000000000000013
:109D50000000000000000000000000000000000003
:109D600000000000000000000000000000000000F3
:109D700000000000000000000000000000000000E3
:109D800000000000000000000000000000000000D3
:109D900000000000000000000000000000000000C3
:109DA00000000000000000000000000000000000B3
:109DB00000000000000000000000000000000000A3
:109DC0000000000000000000000000000000000093
:109DD0000000000000000000000000000000000083
:109DE0000000000000000000000000000000000073
:109DF0000000000000000000000000000000000063
:109E00000000000000000000000000000000000052
:109E10000000000000000000000000000000000042
:109E20000000000000000000000000000000000032
:109E30000000000000000000000000000000000022
:109E40000000000000000000000000000000000012
:109E50000000000000000000000000000000000002
:109E600000000000000000000000000000000000F2
:109E700000000000000000000000000000000000E2
:109E800000000000000000000000000000000000D2
:109E900000000000000000000000000000000000C2
:109EA00000000000000000000000000000000000B2
:109EB00000000000000000000000000000000000A2
:109EC0000000000000000000000000000000000092
:109ED0000000000000000000000000000000000082
:109EE0000000000000000000000000000000000072
:109EF0000000000000000000000000000000000062
:109F00000000000000000000000000000000000051
:109F10000000000000000000000000000000000041
:109F20000000000000000000000000000000000031
:109F30000000000000000000000000000000000021
:109F40000000000000000000000000000000000011
:109F50000000000000000000000000000000000001
:109F600000000000000000000000000000000000F1
:109F700000000000000000000000000000000000E1
:109F800000000000000000000000000000000000D1
:109F900000000000000000000000000000000000C1
:109FA00000000000000000000000000000000000B1
:109FB00000000000000000000000000000000000A1
:109FC0000000000000000000000000000000000091
:109FD0000000000000000000000000000000000081
:109FE0000000000000000000000000000000000071
:109FF0000000000000000000000000000000000061
:10A000000000000000000000000000000000000050
:10A010000000000000000000000000000000000040
:10A020000000000000000000000000000000000030
:10A030000000000000000000000000000000000020
:10A040000000000000000000000000000000000010
:10A050000000000000000000000000000000000000
:10A0600000000000000000000000000000000000F0
:10A0700000000000000000000000000000000000E0
:10A0800000000000000000000000000000000000D0
:10A0900000000000000000000000000000000000C0
:10A0A00000000000000000000000000000000000B0
:10A0B00000000000000000000000000000000000A0
:10A0C0000000000000000000000000000000000090
:10A0D0000000000000000000000000000000000080
:10A0E0000000000000000000000000000000000070
:10A0F0000000000000000000000000000000000060
:10A10000000000000000000000000000000000004F
:10A11000000000000000000000000000000000003F
:10A12000000000000000000000000000000000002F
:10A13000000000000000000000000000000000001F
:10A14000000000000000000000000000000000000F
:10A1500000000000000000000000000000000000FF
:10A1600000000000000000000000000000000000EF
:10A1700000000000000000000000000000000000DF
:10A1800000000000000000000000000000000000CF
:10A1900000000000000000000000000000000000BF
:10A1A00000000000000000000000000000000000AF
:10A1B000000000000000000000000000000000009F
:10A1C000000000000000000000000000000000008F
:10A1D000000000000000000000000000000000007F
:10A1E000000000000000000000000000000000006F
:10A1F000000000000000000000000000000000005F
:10A20000000000000000000000000000000000004E
:10A21000000000000000000000000000000000003E
:10A22000000000000000000000000000000000002E
:10A23000000000000000000000000000000000001E
:10A24000000000000000000000000000000000000E
:10A2500000000000000000000000000000000000FE
:10A2600000000000000000000000000000000000EE
:10A2700000000000000000000000000000000000DE
:10A2800000000000000000000000000000000000CE
:10A2900000000000000000000000000000000000BE
:10A2A00000000000000000000000000000000000AE
:10A2B000000000000000000000000000000000009E
:10A2C000000000000000000000000000000000008E
:10A2D000000000000000000000000000000000007E
:10A2E000000000000000000000000000000000006E
:10A2F000000000000000000000000000000000005E
:10A30000000000000000000000000000000000004D
:10A31000000000000000000000000000000000003D
:10A32000000000000000000000000000000000002D
:10A33000000000000000000000000000000000001D
:10A34000000000000000000000000000000000000D
:10A3500000000000000000000000000000000000FD
:10A3600000000000000000000000000000000000ED
:10A3700000000000000000000000000000000000DD
:10A3800000000000000000000000000000000000CD
:10A3900000000000000000000000000000000000BD
:10A3A00000000000000000000000000000000000AD
:10A3B000000000000000000000000000000000009D
:10A3C000000000000000000000000000000000008D
:10A3D000000000000000000000000000000000007D
:10A3E000000000000000000000000000000000006D
:10A3F000000000000000000000000000000000005D
:10A40000000000000000000000000000000000004C
:10A41000000000000000000000000000000000003C
:10A42000000000000000000000000000000000002C
:10A43000000000000000000000000000000000001C
:10A44000000000000000000000000000000000000C
:10A4500000000000000000000000000000000000FC
:10A4600000000000000000000000000000000000EC
:10A4700000000000000000000000000000000000DC
:10A4800000000000000000000000000000000000CC
:10A4900000000000000000000000000000000000BC
:10A4A00000000000000000000000000000000000AC
:10A4B000000000000000000000000000000000009C
:10A4C000000000000000000000000000000000008C
:10A4D000000000000000000000000000000000007C
:10A4E000000000000000000000000000000000006C
:10A4F000000000000000000000000000000000005C
:10A50000000000000000000000000000000000004B
:10A51000000000000000000000000000000000003B
:10A52000000000000000000000000000000000002B
:10A53000000000000000000000000000000000001B
:10A54000000000000000000000000000000000000B
:10A5500000000000000000000000000000000000FB
:10A5600000000000000000000000000000000000EB
:10A5700000000000000000000000000000000000DB
:10A5800000000000000000000000000000000000CB
:10A5900000000000000000000000000000000000BB
:10A5A00000000000000000000000000000000000AB
:10A5B000000000000000000000000000000000009B
:10A5C000000000000000000000000000000000008B
:10A5D000000000000000000000000000000000007B
:10A5E000000000000000000000000000000000006B
:10A5F000000000000000000000000000000000005B
:10A60000000000000000000000000000000000004A
:10A61000000000000000000000000000000000003A
:10A62000000000000000000000000000000000002A
:10A63000000000000000000000000000000000001A
:10A64000000000000000000000000000000000000A
:10A6500000000000000000000000000000000000FA
:10A6600000000000000000000000000000000000EA
:10A6700000000000000000000000000000000000DA
:10A6800000000000000000000000000000000000CA
:10A6900000000000000000000000000000000000BA
:10A6A00000000000000000000000000000000000AA
:10A6B000000000000000000000000000000000009A
:10A6C000000000000000000000000000000000008A
:10A6D000000000000000000000000000000000007A
:10A6E000000000000000000000000000000000006A
:10A6F000000000000000000000000000000000005A
:10A700000000000000000000000000000000000049
:10A710000000000000000000000000000000000039
:10A720000000000000000000000000000000000029
:10A730000000000000000000000000000000000019
:10A740000000000000000000000000000000000009
:10A7500000000000000000000000000000000000F9
:10A7600000000000000000000000000000000000E9
:10A7700000000000000000000000000000000000D9
:10A7800000000000000000000000000000000000C9
:10A7900000000000000000000000000000000000B9
:10A7A00000000000000000000000000000000000A9
:10A7B0000000000000000000000000000000000099
:10A7C0000000000000000000000000000000000089
:10A7D0000000000000000000000000000000000079
:10A7E0000000000000000000000000000000000069
:10A7F0000000000000000000000000000000000059
:10A800000000000000000000000000000000000048
:10A810000000000000000000000000000000000038
:10A820000000000000000000000000000000000028
:10A830000000000000000000000000000000000018
:10A840000000000000000000000000000000000008
:10A8500000000000000000000000000000000000F8
:10A8600000000000000000000000000000000000E8
:10A8700000000000000000000000000000000000D8
:10A8800000000000000000000000000000000000C8
:10A8900000000000000000000000000000000000B8
:10A8A00000000000000000000000000000000000A8
:10A8B0000000000000000000000000000000000098
:10A8C0000000000000000000000000000000000088
:10A8D0000000000000000000000000000000000078
:10A8E0000000000000000000000000000000000068
:10A8F0000000000000000000000000000000000058
:10A900000000000000000000000000000000000047
:10A910000000000000000000000000000000000037
:10A920000000000000000000000000000000000027
:10A930000000000000000000000000000000000017
:10A940000000000000000000000000000000000007
:10A9500000000000000000000000000000000000F7
:10A9600000000000000000000000000000000000E7
:10A9700000000000000000000000000000000000D7
:10A9800000000000000000000000000000000000C7
:10A9900000000000000000000000000000000000B7
:10A9A00000000000000000000000000000000000A7
:10A9B0000000000000000000000000000000000097
:10A9C0000000000000000000000000000000000087
:10A9D0000000000000000000000000000000000077
:10A9E0000000000000000000000000000000000067
:10A9F0000000000000000000000000000000000057
:10AA00000000000000000000000000000000000046
:10AA10000000000000000000000000000000000036
:10AA20000000000000000000000000000000000026
:10AA30000000000000000000000000000000000016
:10AA40000000000000000000000000000000000006
:10AA500000000000000000000000000000000000F6
:10AA600000000000000000000000000000000000E6
:10AA700000000000000000000000000000000000D6
:10AA800000000000000000000000000000000000C6
:10AA900000000000000000000000000000000000B6
:10AAA00000000000000000000000000000000000A6
:10AAB0000000000000000000000000000000000096
:10AAC0000000000000000000000000000000000086
:10AAD0000000000000000000000000000000000076
:10AAE0000000000000000000000000000000000066
:10AAF0000000000000000000000000000000000056
:10AB00000000000000000000000000000000000045
:10AB10000000000000000000000000000000000035
:10AB20000000000000000000000000000000000025
:10AB30000000000000000000000000000000000015
:10AB40000000000000000000000000000000000005
:10AB500000000000000000000000000000000000F5
:10AB600000000000000000000000000000000000E5
:10AB700000000000000000000000000000000000D5
:10AB800000000000000000000000000000000000C5
:10AB900000000000000000000000000000000000B5
:10ABA00000000000000000000000000000000000A5
:10ABB0000000000000000000000000000000000095
:10ABC0000000000000000000000000000000000085
:10ABD0000000000000000000000000000000000075
:10ABE0000000000000000000000000000000000065
:10ABF0000000000000000000000000000000000055
:10AC00000000000000000000000000000000000044
:10AC10000000000000000000000000000000000034
:10AC20000000000000000000000000000000000024
:10AC30000000000000000000000000000000000014
:10AC40000000000000000000000000000000000004
:10AC500000000000000000000000000000000000F4
:10AC600000000000000000000000000000000000E4
:10AC700000000000000000000000000000000000D4
:10AC800000000000000000000000000000000000C4
:10AC900000000000000000000000000000000000B4
:10ACA00000000000000000000000000000000000A4
:10ACB0000000000000000000000000000000000094
:10ACC0000000000000000000000000000000000084
:10ACD0000000000000000000000000000000000074
:10ACE0000000000000000000000000000000000064
:10ACF0000000000000000000000000000000000054
:10AD00000000000000000000000000000000000043
:10AD10000000000000000000000000000000000033
:10AD20000000000000000000000000000000000023
:10AD30000000000000000000000000000000000013
:10AD40000000000000000000000000000000000003
:10AD500000000000000000000000000000000000F3
:10AD600000000000000000000000000000000000E3
:10AD700000000000000000000000000000000000D3
:10AD800000000000000000000000000000000000C3
:10AD900000000000000000000000000000000000B3
:10ADA00000000000000000000000000000000000A3
:10ADB0000000000000000000000000000000000093
:10ADC0000000000000000000000000000000000083
:10ADD0000000000000000000000000000000000073
:10ADE0000000000000000000000000000000000063
:10ADF0000000000000000000000000000000000053
:10AE00000000000000000000000000000000000042
:10AE10000000000000000000000000000000000032
:10AE20000000000000000000000000000000000022
:10AE30000000000000000000000000000000000012
:10AE40000000000000000000000000000000000002
:10AE500000000000000000000000000000000000F2
:10AE600000000000000000000000000000000000E2
:10AE700000000000000000000000000000000000D2
:10AE800000000000000000000000000000000000C2
:10AE900000000000000000000000000000000000B2
:10AEA00000000000000000000000000000000000A2
:10AEB0000000000000000000000000000000000092
:10AEC0000000000000000000000000000000000082
:10AED0000000000000000000000000000000000072
:10AEE0000000000000000000000000000000000062
:10AEF0000000000000000000000000000000000052
:10AF00000000000000000000000000000000000041
:10AF10000000000000000000000000000000000031
:10AF20000000000000000000000000000000000021
:10AF30000000000000000000000000000000000011
:10AF40000000000000000000000000000000000001
:10AF500000000000000000000000000000000000F1
:10AF600000000000000000000000000000000000E1
:10AF700000000000000000000000000000000000D1
:10AF800000000000000000000000000000000000C1
:10AF900000000000000000000000000000000000B1
:10AFA00000000000000000000000000000000000A1
:10AFB0000000000000000000000000000000000091
:10AFC0000000000000000000000000000000000081
:10AFD0000000000000000000000000000000000071
:10AFE0000000000000000000000000000000000061
:10AFF0000000000000000000000000000000000051
:10B000000000000000000000000000000000000040
:10B010000000000000000000000000000000000030
:10B020000000000000000000000000000000000020
:10B030000000000000000000000000000000000010
:10B040000000000000000000000000000000000000
:10B0500000000000000000000000000000000000F0
:10B0600000000000000000000000000000000000E0
:10B0700000000000000000000000000000000000D0
:10B0800000000000000000000000000000000000C0
:10B0900000000000000000000000000000000000B0
:10B0A00000000000000000000000000000000000A0
:10B0B0000000000000000000000000000000000090
:10B0C0000000000000000000000000000000000080
:10B0D0000000000000000000000000000000000070
:10B0E0000000000000000000000000000000000060
:10B0F0000000000000000000000000000000000050
:10B10000000000000000000000000000000000003F
:10B11000000000000000000000000000000000002F
:10B12000000000000000000000000000000000001F
:10B13000000000000000000000000000000000000F
:10B1400000000000000000000000000000000000FF
:10B1500000000000000000000000000000000000EF
:10B1600000000000000000000000000000000000DF
:10B1700000000000000000000000000000000000CF
:10B1800000000000000000000000000000000000BF
:10B1900000000000000000000000000000000000AF
:10B1A000000000000000000000000000000000009F
:10B1B000000000000000000000000000000000008F
:10B1C000000000000000000000000000000000007F
:10B1D000000000000000000000000000000000006F
:10B1E000000000000000000000000000000000005F
:10B1F000000000000000000000000000000000004F
:10B20000000000000000000000000000000000003E
:10B21000000000000000000000000000000000002E
:10B22000000000000000000000000000000000001E
:10B23000000000000000000000000000000000000E
:10B2400000000000000000000000000000000000FE
:10B2500000000000000000000000000000000000EE
:10B2600000000000000000000000000000000000DE
:10B2700000000000000000000000000000000000CE
:10B2800000000000000000000000000000000000BE
:10B2900000000000000000000000000000000000AE
:10B2A000000000000000000000000000000000009E
:10B2B000000000000000000000000000000000008E
:10B2C000000000000000000000000000000000007E
:10B2D000000000000000000000000000000000006E
:10B2E000000000000000000000000000000000005E
:10B2F000000000000000000000000000000000004E
:10B30000000000000000000000000000000000003D
:10B31000000000000000000000000000000000002D
:10B32000000000000000000000000000000000001D
:10B33000000000000000000000000000000000000D
:10B3400000000000000000000000000000000000FD
:10B3500000000000000000000000000000000000ED
:10B3600000000000000000000000000000000000DD
:10B3700000000000000000000000000000000000CD
:10B3800000000000000000000000000000000000BD
:10B3900000000000000000000000000000000000AD
:10B3A000000000000000000000000000000000009D
:10B3B000000000000000000000000000000000008D
:10B3C000000000000000000000000000000000007D
:10B3D000000000000000000000000000000000006D
:10B3E000000000000000000000000000000000005D
:10B3F000000000000000000000000000000000004D
:10B40000000000000000000000000000000000003C
:10B41000000000000000000000000000000000002C
:10B42000000000000000000000000000000000001C
:10B43000000000000000000000000000000000000C
:10B4400000000000000000000000000000000000FC
:10B4500000000000000000000000000000000000EC
:10B4600000000000000000000000000000000000DC
:10B4700000000000000000000000000000000000CC
:10B4800000000000000000000000000000000000BC
:10B4900000000000000000000000000000000000AC
:10B4A000000000000000000000000000000000009C
:10B4B000000000000000000000000000000000008C
:10B4C000000000000000000000000000000000007C
:10B4D000000000000000000000000000000000006C
:10B4E000000000000000000000000000000000005C
:10B4F000000000000000000000000000000000004C
:10B50000000000000000000000000000000000003B
:10B51000000000000000000000000000000000002B
:10B52000000000000000000000000000000000001B
:10B53000000000000000000000000000000000000B
:10B5400000000000000000000000000000000000FB
:10B5500000000000000000000000000000000000EB
:10B5600000000000000000000000000000000000DB
:10B5700000000000000000000000000000000000CB
:10B5800000000000000000000000000000000000BB
:10B5900000000000000000000000000000000000AB
:10B5A000000000000000000000000000000000009B
:10B5B000000000000000000000000000000000008B
:10B5C000000000000000000000000000000000007B
:10B5D000000000000000000000000000000000006B
:10B5E000000000000000000000000000000000005B
:10B5F000000000000000000000000000000000004B
:10B60000000000000000000000000000000000003A
:10B61000000000000000000000000000000000002A
:10B62000000000000000000000000000000000001A
:10B63000000000000000000000000000000000000A
:10B6400000000000000000000000000000000000FA
:10B6500000000000000000000000000000000000EA
:10B6600000000000000000000000000000000000DA
:10B6700000000000000000000000000000000000CA
:10B6800000000000000000000000000000000000BA
:10B6900000000000000000000000000000000000AA
:10B6A000000000000000000000000000000000009A
:10B6B000000000000000000000000000000000008A
:10B6C000000000000000000000000000000000007A
:10B6D000000000000000000000000000000000006A
:10B6E000000000000000000000000000000000005A
:10B6F000000000000000000000000000000000004A
:10B700000000000000000000000000000000000039
:10B710000000000000000000000000000000000029
:10B720000000000000000000000000000000000019
:10B730000000000000000000000000000000000009
:10B7400000000000000000000000000000000000F9
:10B7500000000000000000000000000000000000E9
:10B7600000000000000000000000000000000000D9
:10B7700000000000000000000000000000000000C9
:10B7800000000000000000000000000000000000B9
:10B7900000000000000000000000000000000000A9
:10B7A0000000000000000000000000000000000099
:10B7B0000000000000000000000000000000000089
:10B7C0000000000000000000000000000000000079
:10B7D0000000000000000000000000000000000069
:10B7E0000000000000000000000000000000000059
:10B7F0000000000000000000000000000000000049
:10B800000000000000000000000000000000000038
:10B810000000000000000000000000000000000028
:10B820000000000000000000000000000000000018
:10B830000000000000000000000000000000000008
:10B8400000000000000000000000000000000000F8
:10B8500000000000000000000000000000000000E8
:10B8600000000000000000000000000000000000D8
:10B8700000000000000000000000000000000000C8
:10B8800000000000000000000000000000000000B8
:10B8900000000000000000000000000000000000A8
:10B8A0000000000000000000000000000000000098
:10B8B0000000000000000000000000000000000088
:10B8C0000000000000000000000000000000000078
:10B8D0000000000000000000000000000000000068
:10B8E0000000000000000000000000000000000058
:10B8F0000000000000000000000000000000000048
:10B900000000000000000000000000000000000037
:10B910000000000000000000000000000000000027
:10B920000000000000000000000000000000000017
:10B930000000000000000000000000000000000007
:10B9400000000000000000000000000000000000F7
:10B9500000000000000000000000000000000000E7
:10B9600000000000000000000000000000000000D7
:10B9700000000000000000000000000000000000C7
:10B9800000000000000000000000000000000000B7
:10B9900000000000000000000000000000000000A7
:10B9A0000000000000000000000000000000000097
:10B9B0000000000000000000000000000000000087
:10B9C0000000000000000000000000000000000077
:10B9D0000000000000000000000000000000000067
:10B9E0000000000000000000000000000000000057
:10B9F0000000000000000000000000000000000047
:10BA00000000000000000000000000000000000036
:10BA10000000000000000000000000000000000026
:10BA20000000000000000000000000000000000016
:10BA30000000000000000000000000000000000006
:10BA400000000000000000000000000000000000F6
:10BA500000000000000000000000000000000000E6
:10BA600000000000000000000000000000000000D6
:10BA700000000000000000000000000000000000C6
:10BA800000000000000000000000000000000000B6
:10BA900000000000000000000000000000000000A6
:10BAA0000000000000000000000000000000000096
:10BAB0000000000000000000000000000000000086
:10BAC0000000000000000000000000000000000076
:10BAD0000000000000000000000000000000000066
:10BAE0000000000000000000000000000000000056
:10BAF0000000000000000000000000000000000046
:10BB00000000000000000000000000000000000035
:10BB10000000000000000000000000000000000025
:10BB20000000000000000000000000000000000015
:10BB30000000000000000000000000000000000005
:10BB400000000000000000000000000000000000F5
:10BB500000000000000000000000000000000000E5
:10BB600000000000000000000000000000000000D5
:10BB700000000000000000000000000000000000C5
:10BB800000000000000000000000000000000000B5
:10BB900000000000000000000000000000000000A5
:10BBA0000000000000000000000000000000000095
:10BBB0000000000000000000000000000000000085
:10BBC0000000000000000000000000000000000075
:10BBD0000000000000000000000000000000000065
:10BBE0000000000000000000000000000000000055
:10BBF0000000000000000000000000000000000045
:10BC00000000000000000000000000000000000034
:10BC10000000000000000000000000000000000024
:10BC20000000000000000000000000000000000014
:10BC30000000000000000000000000000000000004
:10BC400000000000000000000000000000000000F4
:10BC500000000000000000000000000000000000E4
:10BC600000000000000000000000000000000000D4
:10BC700000000000000000000000000000000000C4
:10BC800000000000000000000000000000000000B4
:10BC900000000000000000000000000000000000A4
:10BCA0000000000000000000000000000000000094
:10BCB0000000000000000000000000000000000084
:10BCC0000000000000000000000000000000000074
:10BCD0000000000000000000000000000000000064
:10BCE0000000000000000000000000000000000054
:10BCF0000000000000000000000000000000000044
:10BD00000000000000000000000000000000000033
:10BD10000000000000000000000000000000000023
:10BD20000000000000000000000000000000000013
:10BD30000000000000000000000000000000000003
:10BD400000000000000000000000000000000000F3
:10BD500000000000000000000000000000000000E3
:10BD600000000000000000000000000000000000D3
:10BD700000000000000000000000000000000000C3
:10BD800000000000000000000000000000000000B3
:10BD900000000000000000000000000000000000A3
:10BDA0000000000000000000000000000000000093
:10BDB0000000000000000000000000000000000083
:10BDC0000000000000000000000000000000000073
:10BDD0000000000000000000000000000000000063
:10BDE0000000000000000000000000000000000053
:10BDF0000000000000000000000000000000000043
:10BE00000000000000000000000000000000000032
:10BE10000000000000000000000000000000000022
:10BE20000000000000000000000000000000000012
:10BE30000000000000000000000000000000000002
:10BE400000000000000000000000000000000000F2
:10BE500000000000000000000000000000000000E2
:10BE600000000000000000000000000000000000D2
:10BE700000000000000000000000000000000000C2
:10BE800000000000000000000000000000000000B2
:10BE900000000000000000000000000000000000A2
:10BEA0000000000000000000000000000000000092
:10BEB0000000000000000000000000000000000082
:10BEC0000000000000000000000000000000000072
:10BED0000000000000000000000000000000000062
:10BEE0000000000000000000000000000000000052
:10BEF0000000000000000000000000000000000042
:10BF00000000000000000000000000000000000031
:10BF10000000000000000000000000000000000021
:10BF20000000000000000000000000000000000011
:10BF30000000000000000000000000000000000001
:10BF400000000000000000000000000000000000F1
:10BF500000000000000000000000000000000000E1
:10BF600000000000000000000000000000000000D1
:10BF700000000000000000000000000000000000C1
:10BF800000000000000000000000000000000000B1
:10BF900000000000000000000000000000000000A1
:10BFA0000000000000000000000000000000000091
:10BFB0000000000000000000000000000000000081
:10BFC0000000000000000000000000000000000071
:10BFD0000000000000000000000000000000000061
:10BFE0000000000000000000000000000000000051
:10BFF0000000000000000000000000000000000041
:10C000005555555555552B0106070000006CDC02AF
:10C010000000000000000000000000000000000020
:10C020000000000000000000000000000000000010
:10C030000000000000000000000000000000000000
:10C0400000000000000000000000000003000000ED
:10C0500000000000000000000000000000000000E0
:10C0600000000000000000000000000000000000D0
:10C0700000000000000000000000000000000000C0
:10C0800000000000000000000000000000000000B0
:10C0900000000000000000000000000000000000A0
:0CC0A00000000000000000000000000094
:04000005080080BDB2
:00000001FF
