:020000040800F2
:10800000400F00209D8100082DA00008C99F000896
:108010000000000000000000000000000000000060
:10802000000000000000000000000000C381000804
:108030000000000000000000C581000889A20008BF
:10804000C9810008C9810008C9810008C9810008E8
:10805000C9810008C9810008C9810008C9810008D8
:1080600095A70008159C0008C9810008C98100086F
:10807000C9810008C9810008DDA3000811A4000817
:1080800051A40008C9810008C9810008C9810008FD
:10809000C9810008C9810008C9810008C981000898
:1080A000C9810008C98100083DA10008C9810008F4
:1080B000C9810008C9810008A59B000800F002F8EA
:1080C00000F040F80CA030C8083824182D18A2463B
:1080D000671EAB4654465D46AC4201D100F032F813
:1080E0007E460F3E0FCCB6460126334200D0FB1A27
:1080F000A246AB46334318474CB600006CB60000AE
:10810000103A02D378C878C1FAD8520701D330C8E0
:1081100030C101D504680C607047000000230024C2
:1081200000250026103A01D378C1FBD8520700D3AE
:1081300030C100D50B6070471FB500F013F91FBDAB
:1081400010B510BD01F0C4F81146FFF7F5FF0AF0B5
:10815000E9FB01F0DCF803B4FFF7F2FF03BC01F028
:1081600011F9000070B505460C46164602E00FCC2A
:108170000FC5103E102EFAD2082E02D303CC03C531
:10818000083E042E07D301CC01C5361F03E0217839
:108190002970641C6D1C761EF9D270BD0E4880F3E8
:1081A00008880E480168090E0D4A914205D10D4814
:1081B0000D4901600D480E49016007480047FEE780
:1081C000FEE7FEE7FEE7FEE7FEE7000009480A4992
:1081D0000A4A0B4B70470000BD80000804000000F5
:1081E0001F000000181002400100000000000140C4
:1081F0000000000040090020400F0020400B00203C
:10820000400B0020002203098B422CD3030A8B422F
:1082100011D300239C464EE003460B433CD400227E
:1082200043088B4231D303098B421CD3030A8B4290
:1082300001D394463FE0C3098B4201D3CB01C01A5E
:10824000524183098B4201D38B01C01A5241430929
:108250008B4201D34B01C01A524103098B4201D317
:108260000B01C01A5241C3088B4201D3CB00C01A84
:10827000524183088B4201D38B00C01A52414308FC
:108280008B4201D34B00C01A5241411A00D2014621
:108290005241104670475DE0CA0F00D049420310BA
:1082A00000D34042534000229C4603098B422DD309
:1082B000030A8B4212D3FC22890112BA030A8B42B1
:1082C0000CD3890192118B4208D3890192118B4200
:1082D00004D389013AD0921100E08909C3098B4285
:1082E00001D3CB01C01A524183098B4201D38B01C8
:1082F000C01A524143098B4201D34B01C01A52416B
:1083000003098B4201D30B01C01A5241C3088B42AF
:1083100001D3CB00C01A524183088B4201D38B009A
:10832000C01A5241D9D243088B4201D34B00C01A24
:108330005241411A00D20146634652415B10104639
:1083400001D34042002B00D54942704763465B1081
:1083500000D3404201B50020C046C04602BD704770
:108360007047704770B5064C7C44064D7D4403E071
:10837000206800198047241DAC42F9D170BD00006F
:10838000F8B3000074B400000246C80FC007814370
:108390004B0030B54B405B009B0D20D01923DB0612
:1083A000C91801231B05994220DB0324A4070425D7
:1083B0001346AB400BD3002B04D1EB0613409B00BC
:1083C000E34204D401246407002312195941FF2316
:1083D0001B0599420BD2C9000143500F09E0CB02A3
:1083E00004D501430803024305D0054830BDFF21F1
:1083F000C905084330BD084607210905884330BD3B
:108400000000C07FF0B50C46871A9C410D46861AC5
:108410009D4103D2C01BA141D21963410D0D1F0D17
:10842000C94EEC1BAE435CD07F057F0D0026002FAC
:1084300051D02D05AC46A943DD020123ED0A1B05F1
:108440001D4320231B1B24D41746E74038187141D5
:108450002F46E740CC199D402818314661410C0D4C
:1084600027D161449A4013D50023401C5941520042
:108470000ED14008400001224B005205D34207D3E1
:1084800005204007C14201D5B04900E0B04930465F
:10849000F0BD6B00002A00D001229A181F23203C57
:1084A0001B1B01D5002302E0E540281871410C0D8B
:1084B000D7D0012424050919C407CD07400849086D
:1084C000E40F28436144002CD5D00024401C6141B6
:1084D0009A40D0D1CDE76A05520DD9D1C90FC9074D
:1084E000D5E79C4D4E00002801D0012400E0002477
:1084F00034195F00002A01D0012600E00026BE19D1
:10850000954FAC420CD8AE420AD8B44206D00125F1
:108510006D05EC42BCD010461946F0BD9942FCD026
:1085200000203946F0BDF0B51FB40C460F46811A45
:108530009F412546861A9D4106D20125ED076F40D1
:10854000401ABC4152187B41210D1E0D8D1BAC46BB
:108550007D4D8D437ED075056D0D7CD00D05AE46ED
:10856000AC431B031B0B794D52429D4120236646B1
:108570009B1B14D31746F74038180026009074410F
:1085800060462F460741E41900989D40281866412F
:1085900016D4714671189A4025D5012320E093180E
:1085A0002A466A415200002B00D0521C1E23203E56
:1085B0009B1B002B61DD3541EE1728186641E8D57D
:1085C000001876415B1C9A4000D3401C4B05F31801
:1085D0001524E34010D3002B52D071467118D30FED
:1085E000C01802D3491C05B0F0BD0123DB079A4235
:1085F000F9D140084000F6E701225205B21801D136
:10860000002853D00123CC0ADB029943891E002A9B
:1086100008D1020C03D0020C0004103902E002461B
:10862000002020390023550B05D112020823550BD9
:1086300001D152010D23550C01D112011B1DD50C86
:1086400001D192009B1C150D01D152005B1C20250D
:10865000EE1A01E02CE022E00546F5401543984073
:10866000CA1AE10769181305C918002ABBDA0320E2
:1086700040070818C10FC9070FE071466118B2E73B
:10868000F10740080843711071444A000CD00123DF
:108690005B059A42A7D2C90FC9070020A3E7490585
:1086A000490D26D1002001E00028F4D100219AE7ED
:1086B000284D6600002801D0012100E0002171183A
:1086C0005F00002A01D0012600E00026BE19224FDB
:1086D000A94210D8AE420ED8B14208D001256D058E
:1086E000E94206D01946A802414010467BE79C4269
:1086F00001D0214677E70020394674E710B50C46D3
:108700005C4005D50124E4076340FFF70CFF10BD72
:10871000FFF778FE10BD30B40C465C4004D5012450
:10872000E407634030BC6DE630BCFCE670B5012464
:10873000E40761400D465D4002D4FFF763FE70BD63
:108740006340FFF7F0FE70BDFF0700000000F0FF80
:108750000000F07F0000E0FF0000F87FF0B5F94D69
:108760000C091E092C402E402F468BB0A7437DD00C
:10877000B543FCD0002E7AD0002CFCD00D465D40D5
:10878000ED0F2543AC1BFF25AD0464190894C50209
:10879000440DC9022143500DDC0204430120C007EF
:1087A00001430443D2020191200C110C00958C4628
:1087B000010423468B430A9161460904E24D8A4332
:1087C0000991010A7D4449198039097805464D43CC
:1087D00001266D18F605751B6943C90C640B891CCD
:1087E0004C436418B5012C1B250C2E04B4434C4398
:1087F0004D43210C691889090591009DE90701D0B5
:108800000121C90704912C4601996708CD072F4320
:108810004C08059DE10B4D432D0C294666467543DA
:1088200002950D4645432E46029D7D1BB4410095A1
:108830000D465D4301942C0C2F040D465543AE4666
:108840002D0C3D43029503947546049C2D04641B36
:10885000049406D2029C039D641C00267541039576
:10886000029401AC70CC009F7D1B01E03EE162E10F
:10887000B44109040095079101940599A408614346
:10888000090C0C464443650BE7040C4666467443EA
:10889000A646640B3C43039502947446049DE4048D
:1088A0002C1B049406D2029C039D641C0026754177
:1088B0000395029401AC70CC009F7D1BB4410194E0
:1088C0000C465C430095650FE7000C465443A646F2
:1088D000640F3C43039502947446049DE4002C1BF2
:1088E000049406D2029C039D641C002675410395E6
:1088F000029401AC70CC009F7D1BB441AE09AF0661
:10890000049DC900AD092F43049DA406AD0604953E
:10891000079D344369180791059DE10B4D432D0CCC
:1089200029466646754302950D4645432E46029DEF
:108930007D1BB44100950D465D4301942C0C2F0422
:108940000D465543AE462D0C3D43029503947546A6
:10895000049C2D04641B049406D2029C039D641C99
:10896000002675410395029401AC70CC009F7D1BDD
:10897000B44101948C050694079C890A61180095FE
:108980000791019C0599A4086143090C0D464543D4
:10899000680BEF040D46644665436C0B3C43049F33
:1089A000ED047D1BAC4602D20025641C6841009E8C
:1089B000019D371B85410846584301950C46460FDB
:1089C000C5005443600F28436546E4002C1B02D2C7
:1089D0000025401C6E41019D3F1AB5412846BD0946
:1089E000800628438446A009BF064E020699A406C5
:1089F00076180743079D002068410A99079019439C
:108A00000020099B00906046FF1913434041E20F8C
:108A100064003A43A4460446D71A8C41A04203D9C5
:108A20000120009020463A46C70F94184041624604
:108A3000D20F2243644664000494009CBE46640046
:108A4000D71AA446044602978C417746002F01D1DD
:108A5000A04204D96046401C8446029A2046C40FB6
:108A6000A64694184041049A0546D20F2243644614
:108A70006400D31A8D417146002901D1A84202D960
:108A800028461A46641C10430122002800D01643D1
:108A900061020020079B891904465C410223002CD7
:108AA00002DB491813466441089DCE0A2D145D1956
:108AB0004B056705E10A2C050D1908993E43C907C6
:108AC0006940002B08D0934006D30022761C514108
:108AD000002B01D1760876001C4A002D43DB15429D
:108AE00041D0AA433FD030460BB0F0BD06180D462A
:108AF0004D41174C7642AC411AD395181C465C4147
:108B0000134A6D42A24113D3012252054C00D442B4
:108B10000AD15C00D4420BD04B4002D592021143E3
:108B2000E2E749004908DFE75940C90FC90718E0E3
:108B300000200849D8E7054801420DD10342F7D08B
:108B4000F2E700000000FF07BCAE00000000F07F6D
:108B50000000E0FF0000F87F114859400143C012B7
:108B600041400020C0E70123089A9B069A4205DC99
:108B7000032252078918C90FC907B5E70522520712
:108B80008918074A1143D2125140ADE770B5154616
:108B90001C4602460B4628462146FFF7DFFD70BD06
:108BA000FFFFFF7F30B50346CA02400D1043164D4C
:108BB000164C0A1502D02043002A06DBAA1A002A06
:108BC00012DDD040FF2A0BDC30BD5205520D01D121
:108BD00040004008AA1A07D4D0404042FF2A01DDD5
:108BE000002030BD0028FCDD4A00002B01D0012010
:108BF00000E00020101801225205D042F0D8C8171A
:108C0000C043604030BD00001E0400000000008032
:108C10000346CA02400D10B510430A1504D00124C2
:108C2000E4072043002A05DB0A4CA21A04D4D040F2
:108C3000FF2A00DD002010BD4A00002B01D00120DA
:108C400000E00020101801225205D042F2D8C817C7
:108C5000C04310BD1E0400001F22030C02D10F22CE
:108C6000000402D0030E03D004E000200146704748
:108C70000002083A030F01D10001121F830F01D136
:108C80008000921E002801DB4000521E1205511880
:108C90004205C012411810467047C10FC90700D0E5
:108CA0004042012292071143D6E701218907D3E709
:108CB000F0B58B4C0F09254689B0BD437BD01D090B
:108CC0002646AE43FAD00E465E402740F60F3E439E
:108CD000254071D024012142FBD0FF24AD19A4040A
:108CE0002D1B039501252D05DB02DB0AC9022B4351
:108CF000C90A29431E010901040F130F050121436D
:108D00001701880B820391432D098C46A90B1E4342
:108D10008A039543B30B9A0396433F09BA0B940316
:108D2000A74302962E467E430497B6464E19D7199E
:108D30000C460196544305977E43371B7646BF1B6E
:108D40003601B646BE0B361900967646BC04371976
:108D5000009C01D3641C00946400002F01D0012604
:108D60003443029E049F754366467E430496760014
:108D700034196E0034190094029C019E1C1966433C
:108D8000751BAE46069465464519059C05956C43D2
:108D9000594375460891691A0191049E0146514351
:108DA000A41B0491611A009C0791E10605D061099A
:108DB0000122114302E072E06EE06109089D002784
:108DC0002C0A2D066918049D7C412A0A2D06691873
:108DD000019D6241AC0DAD026D185441079A910D91
:108DE000920255196141029A644658435443069BC6
:108DF000059A5A43121A131B9A0E9B015B187A416B
:108E0000010B0005C3185141220A200644195A419A
:108E10009A4200D2491C01204002814203D315230B
:108E20000226F64302E014230326F6432020C51A47
:108E3000A9401746AF40DA400A4320460399D8407C
:108E40000914731819055118039A3843D207514071
:108E5000AC4009D00122944006D30022401C51416D
:108E6000002C01D1400840001E4A934212D3012237
:108E700003989206904207DB0520400709181A481C
:108E80000143C012414004E0032040070818C10F0D
:108E9000C907002009B0F0BD0020F107FAE7051866
:108EA0000C464C4111486D42A04115D394181A4606
:108EB0005A410E48644290410ED301204A004005B9
:108EC000824209D35A00824206D35940C90F084A48
:108ED000C90700201143DDE700200649DAE700005A
:108EE0000000FF07FE070000FFFFFF7F0000E0FF1C
:108EF0000000F07F0000F87F0121C905012341181F
:108F000042001B06D3185B0E0AD0C1100722D206FE
:108F1000891840075242D14201D552008918704742
:108F2000090208D50146002A03D0C10FC907002055
:108F3000704710467047420202D000200249704735
:108F4000072109050143F4E70000F87FF0B5FF258C
:108F50002D04C609C209FF2704462E400137CB095C
:108F60003E4348402A402B400746002A6BD0002B46
:108F700069D0AA4267D0AB4265D0002800DA3246F9
:108F80000125ED0529432C4309022002090AD21AC2
:108F90004B0C7F24E31A434C000A7C44E35C7D24A1
:108FA0002404121914145B00A218884201D3521C25
:108FB00000E0400049420C465C4324115C43DB0165
:108FC0006415E318040A5C43C502200D0C464443B3
:108FD0006419250A5D432303EC0C0D466543000329
:108FE0000019EB184C42A34201D35B18401CD40576
:108FF0002018002B07D05B00C91804D3401C00299F
:1090000001D1400840003F2189048A4209D3002A47
:1090100008DC1106090F04D0032149074018C00FCE
:10902000C007F0BD01224100120689187F225206B6
:109030009142F6D205214907C84201D59010F0BDF2
:10904000FF20C005F0BD002F00DA32461648AA42C4
:1090500007D2AB4205D21902090E17D0F80FC0078C
:10906000F0BDFF2563002D06AB42F9D84900A942A7
:10907000F6D8AB4201D1A942F2D0A94201D10021D8
:1090800001E061004908D0050843F0BD1102090E56
:10909000FBD0FF200243D005F0BD0A460146104632
:1090A00054E7000066A700000000C07F10B501462D
:1090B0009E240002CA15A307002A02D01843002AE2
:1090C00004DBA21A002A0CDDD04010BD1206120EDD
:1090D00001D140004008A21A03D4D04040420028E9
:1090E000F3DDFF2248001206904201D9002010BD96
:1090F000C817C043584010BD0102C21504D0012357
:10910000DB071943002A0ADB9E239A1A02D4084679
:10911000D0407047FF2241001206914201D9002041
:109120007047C017C04370471F22030C02D10F22A3
:1091300000041CD0030E01D10002083A030F01D134
:109140000001121F830F01D18000921E002801DB55
:109150004000521ED2055118021251181922904097
:1091600004D3491C002801D149084900084670472A
:10917000C10FC90700D04042012292071143D3E733
:1091800001218907D0E70000F8B5224C4E00069D6A
:10919000A6420AD8A64201D1002806D15E00A64206
:1091A00003D8A6420AD1002A08D00D24240425425F
:1091B0002CD02946002000F061F8F8BD0C461C4375
:1091C0000CD4994202D0EFF30080F8BD904202D057
:1091D000EFF30080F8BDEFF30080F8BD0924240709
:1091E000E5008B4206D0EFF30080A043591A06D267
:1091F000284304E0101A05D3EFF30080A04380F366
:109200000088F8BDEFF30080A043F1E7009500F07F
:109210004DF8F8BD0000E0FF10B5FF231B06440029
:109220009C421DD84C009C421AD80346124A0B435C
:1092300007D4401A02D3EFF3008010BDEFF3008093
:1092400010BD081A06D2EFF3008001219043C90730
:10925000084302E0EFF30080904380F3008810BDE4
:109260000D231B041A4204D01146002000F006F81A
:1092700010BD00F025F810BD00000090C80212D506
:109280004803400F002804D0C803C0430121884090
:109290007047EFF30080000100090321090708432C
:1092A00080F30088704700207047000010B5002050
:1092B0000249029A00F033F810BD00000000F87F68
:1092C00010B5024800F02BF810BD00000000C07F70
:1092D000754600F053F8AE46050069465346C0088F
:1092E000C000854618B020B5FEF770FF60BC0027AF
:1092F0004908B6460026C0C5C0C5C0C5C0C5C0C562
:10930000C0C5C0C5C0C5403D49008D46704710B5B9
:109310000446C046C0462046FEF71DFF10BD10B5EE
:109320000C461107090F092904D00A290AD0082977
:109330000CD104E011460820FFF7A0FF06E051061B
:1093400006D501E0510601D50120C007214610BD18
:10935000D10607D501010909CC084907000E00060E
:10936000044309E0410F20024907000A0143200E8F
:1093700000061D22D14101430846E7E70048704737
:10938000DC08002001491820ABBEFEE726000200E1
:10939000704710B50B460021846A1C43846200BFED
:1093A0000C4614432146416110BD002904D0826857
:1093B00001231A43826003E0826802231A43826019
:1093C0007047002904D0C26801231A43C26003E039
:1093D000C26852085200C2607047C26802239A43B2
:1093E000C260C2680A43C2607047000010B50446FC
:1093F0000548844207D10121401500F059FE0021A3
:10940000601500F055FE10BD0024014030B5014646
:109410000020002200238C680125ED072C438C607E
:1094200000BF8C68E30FDB07521C0F242403A24209
:1094300001D0002BF5D18C68E40FE407002C01D19A
:10944000086C00E0002030BD30B50246002000234B
:10945000012424060C40002C05D0946801252D061B
:10946000AC43234600E013681C460C40002C01D09E
:10947000012000E0002030BD10B50022C268084B7A
:109480001A400C7964030B6823438C682343CC682F
:1094900023430C6923434C6923431A43C26010BD24
:1094A00003D2FFFF816804221143816070470021CD
:1094B000016001718160C16001614161704700001C
:1094C000002807D0074989680122D2051143054ABF
:1094D000916006E0034989680122D2059143014A5F
:1094E0009160704700270140002807D0074989682C
:1094F000012212061143054A916006E0034989687A
:10950000012212069143014A9160704700270140F1
:10951000002807D007498968012292051143054AAE
:10952000916006E003498968012292059143014A4E
:109530009160704700270140002904D0012907D01D
:10954000022911D10AE0826880231A4382600CE06C
:1095500082680123DB031A43826006E082680123EC
:10956000DB051A43826000E000BF00BF70470000C7
:1095700010B501235B02CA1A994242D010DC20299F
:1095800030D006DC012924D0042925D0082948D16F
:1095900025E0402929D0CA1FF93A002A41D12DE0FF
:1095A0003F246402131BA24236D009DCFF3AFF3A83
:1095B000023A002A28D001239B02D21A31D126E098
:1095C0000122D2039A1A13D001231B04D21A28D1E4
:1095D00011E0154A826025E00822C26022E01022D4
:1095E000C2601FE0082202611CE01022026119E043
:1095F0000822426016E01022426013E0042242601A
:1096000010E0042242600DE0042242600AE00022E1
:1096100082610422426005E00022826104224260ED
:1096200000E000BF00BF10BD0101010010B50446FD
:109630000121480600F01CFD00210120400600F039
:1096400017FD10BD70B504460D4600266069284020
:1096500000286FD0FF210131681A8D4264D010DCE0
:10966000082D3DD006DC012D28D0022D2CD0042D54
:109670007BD12FE0102D39D0202D3DD0402D74D13D
:1096800040E07F221202811A904268D00DDCFF3840
:10969000013800284FD0FF38FF380238002850D05A
:1096A00001218902401A60D151E00120C003081A4B
:1096B0002ED001210904401A57D12FE0A0682E496D
:1096C00001F06CF9064652E0E068032101F066F90A
:1096D00006464CE0E068082101F060F9064646E0E5
:1096E000E068102101F05AF9064640E020690321A4
:1096F00001F054F906463AE02069082101F04EF9DC
:10970000064634E02069102101F048F906462EE0B3
:109710006068082101F042F9064628E060681021DF
:1097200001F03CF9064622E0A069012101F036F97A
:1097300006461CE01CE0A069022101F02FF9064654
:1097400015E0A069042101F029F906460FE0A0699F
:10975000702101F023F9064609E006E0FFE76068A2
:10976000042101F01BF9064601E0002600BF00E0DD
:109770000026304670BD00000101010030B50246F0
:109780000020002314680225AC43146014680125EE
:109790002C43146000E05B1C5468E407E40F002CC9
:1097A00002D13C4CA342F6D15468E407E40F002CEC
:1097B00001D100206DE08C79012C04D11468802542
:1097C0002C43146003E014688025AC431460CC790A
:1097D000012C04D1146840252C43146003E0146864
:1097E0004025AC4314600C7A012C04D11468202568
:1097F0002C43146003E014682025AC4314604C7AB9
:10980000012C04D1146810252C43146003E0146863
:109810001025AC4314608C7A012C04D114680825FF
:109820002C43146003E014680825AC431460CC7A20
:10983000012C04D1146804252C43146003E014683F
:109840000425AC4314608C78A407CD782D062C43F6
:109850000D792D042C434D792D052C430D886D1E5B
:109860002C43D4611468640864001460002300E091
:109870005B1C5468E407E40F002C02D0054CA342A3
:10988000F6D15468E407E40F002C01D0002000E07A
:10989000012030BDFFFFFF0010B50C010346FF3370
:1098A000B1331B59042423401372137A002B07D1C0
:1098B0000C010346FF33B1331B595B0D136006E007
:1098C0000C010346FF33B1331B59DB0853600C0115
:1098D0000346FF33B1331B590224234053720C015A
:1098E0000346FF33B133E3185B681B071B0F93720A
:1098F0000C010346FF33B133E3185B681B041B0EF6
:10990000D3740C010346FF33B133E3189B68D37261
:109910000C010346FF33B133E3189B681B041C0E94
:1099200014730C010346FF33B133E3189B681B0229
:109930001C0E54730C010346FF33B133E3189B68CC
:109940001B0E93730C010346FF33B133E318DB683E
:10995000D3730C010346FF33B133E318DB681B04F8
:109960001C0E14740C010346FF33B133E318DB689B
:109970001B021C0E54740C010346FF33B133E31871
:10998000DB681B0E9374002904D1C3682024234391
:10999000C36003E0036920242343036110BD002159
:1099A0008171C171017241728172C1728170C17025
:1099B000032101710221417101210180704730B5FD
:1099C0000246002093680124A4062340A34200D14C
:1099D00010E093680124E4062340A34201D1012052
:1099E00008E09368012424072340A34201D1022008
:1099F00000E0042004287BD004011346FF338133A8
:109A00001B59DC07E40F05011346FF3381335C511A
:109A10000B7A002B0FD10B885B054C7A2343050191
:109A20001446FF3481346459234305011446FF343E
:109A30008134635110E04B68DB000C7A23434C7A8D
:109A4000234305011446FF3481346459234305013F
:109A50001446FF34813463518B7A1B071B0F8B72C2
:109A600004011346FF338133E3185B681C092401AA
:109A700005011346FF338133EB185C600401134684
:109A8000FF338133E3185B688C7A23430501144666
:109A9000FF3481342C1963608B7B1B064C7B2404C0
:109AA00023430C7B24022343CC7A23430501144631
:109AB000FF3481342C19A3608B7C1B064C7C24045E
:109AC00023430C7C24022343CC7B2343050114460F
:109AD000FF3481342C19E36004011346FF338133D2
:109AE0001B590124234305011446FF34813463517B
:109AF00030BD000010B502460023002904D0012922
:109B000007D002290FD109E09068204C204003467D
:109B10000BE090681E4C2040034606E090681D4C08
:109B20002040034601E0002300BF00BF1A4C181B71
:109B3000A3421BD008DC002B14D0184818180028AA
:109B400012D002281CD115E0FF38FF380238002857
:109B500012D0134C001900280AD001246404001B01
:109B60000ED10BE002230DE000230BE0002309E0FF
:109B7000002307E0012305E0012303E0012301E0C6
:109B8000002300BF00BFD8B210BD000003000004D6
:109B9000000300080000031000010008FFFFFFFBA6
:109BA0000003FFF710B502211848FFF74BFD01280D
:109BB0000CD1174A00211548FFF76EFE14481C38D7
:109BC00003F010FA02211148FFF7D2FC10210F48D0
:109BD000FFF738FD01280CD10D4A01210B48FFF792
:109BE0005BFE0B481C3803F0FDF910210748FFF716
:109BF000BFFC012189020548FFF724FD012803D19C
:109C000081020248FFF7B4FC10BD00000064004070
:109C1000D807002010B5022000F042F8002827D015
:109C2000022000F029F81348808B001D81B21148F2
:109C3000818300201AE00F490A6901010D4B803B26
:109C4000595A52180B490A614A69C100491C490016
:109C5000595A521807494A618A69C100891C49004A
:109C6000595A521803498A61411CC8B20428E2DBE0
:109C700010BD0000680200200149486070470000E4
:109C800000000240002904D0026801231A43026048
:109C900003E00268014B1A4002607047FEFF0000BB
:109CA00001460020044A12680A40002A01D001201F
:109CB00000E000207047000000000240002A03D0AE
:109CC00003680B43036002E003688B430360704743
:109CD00010B5002202680D4B1A400C6A8B682343B2
:109CE0000C6923434C6923438C692343CC69234388
:109CF0004C6A23438C6A23431A430260CB68436057
:109D00000B6883604B68C36010BD00000F80FFFFCD
:109D10000021016041608160C16001614161816138
:109D2000C1610162416281627047000030B5044642
:109D300004250B20000400F0AFF80546042D17D1D0
:109D40000C480069022108430A4908610846446139
:109D5000006940210843074908610B20000400F016
:109D60009BF80546034800690221884301490861C0
:109D7000284630BD0020024004200D49C968C907AB
:109D8000C90F002901D0012010E00949C96810223B
:109D90001140002901D0022008E00549C9680422C9
:109DA0001140002901D0032000E00420704700008A
:109DB00000200240034800698021084301490861EE
:109DC0007047000000200240002806D006490968BC
:109DD00010221143044A116005E00349096810226A
:109DE0009143014A116070470020024078B5064651
:109DF0000C460425002000900B20000400F04CF8D5
:109E00000546042D24D11348006901210843114956
:109E1000086134800B20000400F03EF80546042D54
:109E200010D1B01C0090200C009908800B20000479
:109E300000F032F80546074800694008400005492F
:109E4000086105E0034800694008400001490861D5
:109E5000284678BD0020024001460020044A1068D0
:109E60004008400002460A431046014A106070470D
:109E7000002002400548006980210840002804D0E5
:109E80000348024948600348486070470020024088
:109E900023016745AB89EFCD10B503460424FFF7D6
:109EA0006BFF044603E0FFF767FF04465B1E012CCF
:109EB00001D1002BF7D1002B00D10524204610BD85
:109EC000F0B50A4600210023002400BF3DE0012533
:109ED0008D402B4615681D402C469C4234D1157987
:109EE000012D02D01579022D16D185684F00032669
:109EF000BE40B543856055794E00B5408668354310
:109F00008560858801268E40B54385808588967951
:109F10008E40B6B23543858005684F000326BE40AB
:109F2000B543056015794E00B540066835430560B8
:109F3000C5684F000326BE40B543C560D5794E00C5
:109F4000B540C6683543C560491C1029BFD3F0BD74
:109F5000F0B5002300244D07EE0E1546B5402B4604
:109F6000CD10AE0005462035AD594E07F70E0F2631
:109F7000BE40B543CE10B60007462037BD51CD10C8
:109F8000AE003D46AD591D432C46CD10AD003E46BA
:109F90007451F0BD02460020138A0B40002B01D003
:109FA000012000E000207047018570478161704703
:109FB0000449016000210171012141710021817179
:109FC000C1717047FFFF000000BFBFF34F8F04480F
:109FD0000449C860BFF34F8F00BF00BFFEE7000019
:109FE0000400FA0500ED00E00148024908607047EE
:109FF000CCCC0000003000400148024908607047A6
:10A00000AAAA0000003000400149486070470000E3
:10A010000030004001498860704700000030004077
:10A0200001490860704700000030004070470000A0
:10A03000002905D0054A52690243044B5A6104E0E5
:10A04000024A52698243014B5A6170470010024034
:10A05000002905D0054AD2690243044BDA6104E0C5
:10A06000024AD2698243014BDA6170470010024014
:10A07000002905D0054A12690243044B1A6104E025
:10A08000024A12698243014B1A6170470010024074
:10A09000002905D0054A92690243044B9A6104E005
:10A0A000024A92698243014B9A6170470010024054
:10A0B000002905D0054AD2680243044BDA6004E067
:10A0C000024AD2688243014BDA60704700100240B6
:10A0D00010B502460021002300205111002902D1B1
:10A0E0000C4C23680BE0012902D10A4C236A06E0DC
:10A0F000022902D1074C636A01E0064C636BD1066A
:10A10000C90E01248C401C40002C01D0012000E02D
:10A11000002010BD00100240002806D00649496A00
:10A1200001221143044A516205E00349496A490882
:10A130004900014A516270470010024010B5602189
:10A14000054800F023F8002804D0034800F03AF84E
:10A15000044600BF10BD000000380040002904D0B4
:10A16000028840231A43028003E00288014B1A4010
:10A1700002807047BFFF00000246002013890B4099
:10A18000002B01D0012000E000207047F0B502460E
:10A1900000200024002300250F073F0F0126BE40AA
:10A1A000B4B20B1101269E40B3B296881E403546CC
:10A1B00016892640002E03D0002D01D0012000E09A
:10A1C0000020F0BD014688897047000010B50022CC
:10A1D0000288C1239B011A400B88CC892343CC8879
:10A1E00023430C8923434C8923438C8923431A43FB
:10A1F00002808288084B1A408B881A4382800B8A1F
:10A2000003820288054B1A404B881A430280838BD5
:10A21000034C2340838310BDFFF00000FBFF0000D0
:10A22000FFF70000014600220A460C321078704702
:10A230008288034B1A40828082880A43828070475A
:10A24000FFEF0000002202460C321170704700211F
:10A25000018041800721090281800021C1800181A4
:10A2600041818181C181072101827047014600201F
:10A27000044A10688008800002460A431046014ADA
:10A28000106070470000014000B5024802F099FFDD
:10A2900000BD000014010020F8B5002500240026B0
:10A2A0000027274840680C2108400546002D06D0AD
:10A2B000042D08D0082D0AD00C2D2ED129E02148DC
:10A2C000214908602DE021481F49086029E01C4809
:10A2D00040680F218904084004461948406803215A
:10A2E000C90308400646A00C841C002E04D118485F
:10A2F0006043154908600BE01148C06A0007000F71
:10A30000471C39461148FDF77DFF60430E49086040
:10A3100007E010480C49086003E00A480A49086051
:10A3200000BF00BF06484068F021084000090A4904
:10A330000D5C05480068E84003490860F8BD00006E
:10A340000010024000127A00000100200024F400F6
:10A3500000093D00006CDC020401002010B51B4820
:10A3600000680121084319490860084640681849F7
:10A3700008401649486008460068164908401349D5
:10A380000860084600680121890488430F49086075
:10A39000084640687F21C90388430C494860084645
:10A3A000C06A00090001C8620846006BFF215431F1
:10A3B0008843064908630846406B0749084003493B
:10A3C00048630020886000F07DFA10BD0010024054
:10A3D0000CB8FF80FFFFF6FEFEFFFEFF10B5102158
:10A3E000094800F0AEF800280CD01021064800F013
:10A3F00085F80648C07BFF2804DA0448C07B401C6F
:10A400000249C87310BD0000002C014094020020D6
:10A4100010B50821C80600F094F8002812D00821D1
:10A42000C80600F06BF808210748FFF7B3FD0028C5
:10A4300005D106480088401C0449088002E000203D
:10A440000249088010BD000000040048C00200203E
:10A4500010B50421184800F074F8002812D0042127
:10A46000154800F04BF820211448FFF793FD002811
:10A4700005D113488089401C1149888102E00020E1
:10A480000F49888108210C4800F05BF8002812D0A1
:10A490000821094800F032F820210848FFF77AFD2A
:10A4A000002805D10648C089401C0549C88102E042
:10A4B00000200349C88110BD00040040000400488A
:10A4C000A8020020002904D0028880231A430280B9
:10A4D00003E00288014B1A40028070477FFF0000B2
:10A4E000002904D0828801231A43828003E08288F5
:10A4F000014B1A4082807047FEFF0000CA4302826F
:10A5000070470000002904D0028801231A4302800A
:10A5100003E00288014B1A4002807047FEFF0000F2
:10A52000002907D04422125A0123DB031A43442393
:10A530001A5205E04422125A53045B0C442213526F
:10A54000704730B50246002000230024158A0D40D4
:10A550002B4695890D402C46002B03D0002C01D0B2
:10A56000012000E0002030BD70B505460C46208873
:10A5700000280AD12389A2886188284600F014F9AE
:10A58000E188284600F092F825E0208804280AD1C6
:10A590002389A2886188284600F022F9E1882846AC
:10A5A00000F08EF817E0208808280AD12389A288B5
:10A5B0006188284600F03AF9E188284600F08CF8D6
:10A5C00009E02389A2886188284600F053F9E188D0
:10A5D000284600F08BF870BD002A03D083890B4316
:10A5E000838102E083898B438381704770B50024A7
:10A5F00000220023058C1C4E35400584028C838884
:10A60000048B194D6F3D2C40B51E2C400D882C43FA
:10A61000751E2A408D892A434D882A43134DA8422E
:10A6200008D0134DA84205D0124DA84202D0124DB9
:10A63000A84212D10C4DED1F2A40CD892A430A4D64
:10A64000ED1E2A408D882A43074DFF3D2B400B4DC0
:10A650002B400D8A2B434D8A2B43838004838D68C6
:10A660004563028470BD0000FEFF0000002C014025
:10A67000004001400044014000480140FFFD00004F
:10A680000A460021018B034B19400B461343194620
:10A6900001837047F7FF0000002101804180818025
:10A6A00081608181C181018241827047028B034BAD
:10A6B0001A400283028B0A4302837047F3FF0000B3
:10A6C000028B044B1A400283028B0B061B0C1A43AD
:10A6D00002837047FFF30000828B034B1A40828392
:10A6E000828B0A4382837047F3FF0000828B044B06
:10A6F0001A408283828B0B061B0C1A43828370479D
:10A70000FFF3000000220288154B984206D0012377
:10A710009B07984202D0134B984203D1124B1A4028
:10A720004B881A43114B984203D0114B1A400B89A6
:10A730001A4302804B68C3620B880385084B98421A
:10A7400008D00C4B984205D00B4B984202D00B4BD3
:10A75000984201D18B7A03860123838270470000DF
:10A76000002C0140000400408FFF0000001000405A
:10A77000FFFC00000040014000440140004801404F
:10A780000021C94341600021018001814180817223
:10A79000704700000348806803210843014988602E
:10A7A0007047000000400240F0B50C460021002533
:10A7B000068C0A4F3E400684018B058C074EF23E04
:10A7C00031401E05360C16433143044E093E3540D8
:10A7D00001262643354301830584F0BDFEFF0000BA
:10A7E000F8B50C460021002500260096068C0D4F7A
:10A7F0003E400684018B058C2605360C00960A4ED9
:10A8000031401E07360C31431606360C3143054ED7
:10A81000903E35401027009E3E433543018305841A
:10A82000F8BD0000EFFF0000FF0C0000F8B50C467B
:10A830000021002500260096068C0C4F3E40068421
:10A84000818B058C2606360C0096084E0D3631405D
:10A850001E05360C16433143054E3540FF270137A0
:10A86000009E3E43354381830584F8BDFFFE000012
:10A87000FFF50000F8B50C460021002500260096E3
:10A88000068C0D4F3E400684818B058C2607360CC6
:10A8900000960A4E31401606360C31431E07360C20
:10A8A0003143074E354001273F03009E3E43354369
:10A8B00081830584F8BD0000FFEF0000FF0C00005D
:10A8C000FF5F00000CB5002001900090112031497D
:10A8D0000860314840683049486008464068486030
:10A8E000084600680121090408432B49086000BF9D
:10A8F0002948006801214904084000900198401C43
:10A9000001900098002804D105210903019888428C
:10A91000EED121480068012149040840002802D0F6
:10A920000120009001E000200090009801280DD146
:10A93000194840687F21C903884317494860084681
:10A94000406813210904084313494860124800680D
:10A950000121090608431049086000BF0E4800683D
:10A960000121490608400028F8D00B4840688008BB
:10A9700080000949486008464068022108430649AA
:10A98000486000BF044840680C2108400828F9D1FD
:10A990000CBD0000002002400010024002460020D2
:10A9A00013460B40002B01D0012000E0002070472F
:10A9B00010B5002819DA1A4A03071B0F083B9B0839
:10A9C0009B00D2588307DC0EFF23A3409A438B07DA
:10A9D0001B0E8407E40EA3401A43114B0407240FF7
:10A9E000083CA408A4001A5118E00E4A03231B02D5
:10A9F000D21883089B00D2588307DC0EFF23A340A4
:10AA00009A438B071B0E8407E40EA3401A43054BA1
:10AA1000032424021B198408A4001A5110BD00004D
:10AA20001CED00E000E100E010B5002819DA1A4A38
:10AA300003071B0F083B9B089B00D2588307DC0EC3
:10AA4000FF23A3409A438B071B0E8407E40EA34009
:10AA50001A43114B0407240F083CA408A4001A5100
:10AA600018E00E4A03231B02D21883089B00D25819
:10AA70008307DC0EFF23A3409A438B071B0E84073A
:10AA8000E40EA3401A43054B032424021B19840837
:10AA9000A4001A5110BD00001CED00E000E100E030
:10AAA00010B50120FFF738FB00BF4120FFF710FB76
:10AAB0000028FAD00648FFF7B3FA0420FFF7A4FAFB
:10AAC0000448FFF7A7FAFFF797FAFFF78DFA10BDD2
:10AAD00055550000FF0F00001CB5044601218804F5
:10AAE000FFF7A6FA6846FFF763FA402000900121BD
:10AAF000684601710321417169460C48FFF7E0F98E
:10AB000040210A48FFF750FA6846FFF751FA012042
:10AB1000C00200900021684601710121C17103212A
:10AB2000417169460148FFF7CBF91CBD000400489C
:10AB3000002181700171704710B50446A07800288B
:10AB400004D00021204600F06DF80DE00748807920
:10AB5000002804D00121204600F064F804E00348F6
:10AB60000178204600F05EF810BD0000A807002024
:10AB700010B504460121C9020148FFF70BFA10BDC8
:10AB80000004004810B504461B480078C007C00FF9
:10AB900000280CD1184807F0BBFD002807D0174843
:10ABA00002F00CFB164908601348C046C046134823
:10ABB00002F004FB12490968401AC8281BD30F4849
:10ABC00002F0FCFA0E49086040210E48FFF7E2F956
:10ABD000012810D1C1020B48FFF7DCF9002808D189
:10ABE0002079401C207120791E2804DD0120A070EE
:10ABF00001E00020207110BD64010020140100203C
:10AC0000680100200004004870B505464021044852
:10AC1000FFF7C0F90446012C00DD0124204670BD79
:10AC20000004004870B505460C46EC70002C04D1B9
:10AC300040210448FFF7B8F903E040210148FFF73D
:10AC4000B5F970BD00040048012101700021417078
:10AC500081700171704770B506460C46154629464D
:10AC60002046FFF7C3F870BD10B504460120FFF77A
:10AC7000ABF80120FFF7F0F810BD70B505460C46A3
:10AC8000FFF7F8F82046FFF751F8FFF793F80B208D
:10AC90000004FFF701F970BD02460868704770476D
:10ACA0001CB504460121C804FFF7C2F96846FFF746
:10ACB0007FF9012080030090012168460171032182
:10ACC000417169460C48FFF7FBF8012189030A48E6
:10ACD000FFF76AF96846FFF76BF90120C00300909F
:10ACE0000021684601710121C1710321417169464A
:10ACF0000148FFF7E5F81CBD0008004800218170FD
:10AD0000C17001714171704710B504460121C9033A
:10AD10000148FFF73FF910BD00080048012181718B
:10AD2000704700218171704770B504460D46374861
:10AD30000078C007C00F00280CD1344807F0E8FCA9
:10AD4000002807D0324802F039FA324908602F480B
:10AD5000C046C0462E4802F031FA2E490968401A12
:10AD60007D21C90088422FD3294802F027FA2949BA
:10AD70000860012189032848FFF70CF9012811D147
:10AD8000C1032548FFF706F9002808D12079401CA7
:10AD900020712079052817DD0120A07014E0002023
:10ADA000207111E00121C9031B48FFF7F3F80028C7
:10ADB00008D16079401C60716079052804DD0120AC
:10ADC000E07001E000202071A079002818D0A07860
:10ADD000002815D1E078002812D1205EA84204DCBA
:10ADE000012189030C48FFF7E1F80020205EC01E16
:10ADF000A8420ADB012189030748FFF7D5F804E0E0
:10AE0000012189030448FFF7CFF870BD7C010020C1
:10AE100014010020800100200008004870B505469C
:10AE2000012189030448FFF7B5F80446012C00DD31
:10AE30000124204670BD0000000800483821018030
:10AE400000218170C170017141717047F0B587B008
:10AE500004462E480078C007C00F00280CD12B48AC
:10AE600007F056FC002807D0294802F0A7F9294925
:10AE700008602648C046C046254802F09FF925498B
:10AE80000968401A7D21C90088423CD3204802F05D
:10AE900095F920490860E078FEF772F901901E48A4
:10AEA000416E019807F01EFF0746FEF725F805469C
:10AEB00000221A4BFDF752FC059104901649086DCB
:10AEC000FEF71AF803910290059B049A07F066FEBC
:10AED0000CD22079282802DA2079401C20712079B0
:10AEE0000A2810D10120207060700CE02079002821
:10AEF00007D02079401E20712079012803D1A0704D
:10AF000001E00020207007B0F0BD00008C0100209F
:10AF10001401002090010020E801002000005940A9
:10AF20000021017001714170817070470149C98A27
:10AF3000C18070472802002000210170417081709B
:10AF4000C170017141717047064916228A5E08215D
:10AF5000415E0F318A4204DD0249C98A0F3909B2C4
:10AF6000018170472802002001460B48C07A002862
:10AF700003D10948407B002801D0002070470748D2
:10AF80001622825E0C20085E824201DD0020F5E779
:10AF90000120087000BFF1E7D40100202802002042
:10AFA00000B502460C48C07A002803D10A48407B0D
:10AFB000002801D0002000BD08481621415E08206D
:10AFC000105E814201DD0020F5E7104600F024F814
:10AFD0000120107000BFEEE7D401002028020020FD
:10AFE00001460B48C07A002803D10948407B00285D
:10AFF00001D00120704707481622825E0620085EB5
:10B000003230824201DD0120F4E70020F2E7000047
:10B01000D4010020280200204179491C4171417966
:10B02000032901DB0121417070470000C721C9439A
:10B0300001810249C98AC1807047000028020020AE
:10B0400010B504460F4802F0B9F80F490968401AD4
:10B050000E4988420AD90B4802F0B0F80A49086044
:10B060006079002802D06079401E60712046FFF7A9
:10B070007BFF002804D02046FFF7CEFF012010BD43
:10B080000020FCE7140100204401002040771B0051
:10B09000BE218181704700000121044A1171002105
:10B0A0000170FE21024A117670470000A8070020B7
:10B0B000D005002070B504462078002800D170BD6E
:10B0C00000203A49C873A078002804D001281DD078
:10B0D000022867D14AE0607800280BD0344802F09B
:10B0E0006DF860600020607001203049C870314800
:10B0F000314948603048C17DFF300130C07D323079
:10B10000814202D10120A07060704BE0607800287D
:10B1100008D0274802F052F86060092026490876D6
:10B1200000206070224802F049F86168451A2349FE
:10B130002846FDF767F82249C97D081A1E49087696
:10B140001B4802F03BF86168411A1D48C07D401C55
:10B150000201101A3C2250437D22D200504381420A
:10B1600003D90220A070012060701BE060780028E5
:10B170000BD00F4802F022F86060FE200E490876DE
:10B1800000206070012009490871094802F016F892
:10B190006168401A0B49884203D90020A070012041
:10B1A000607000BF00BF00BF89E70000A807002053
:10B1B0001401002040548900D0050020A0BB0D00E0
:10B1C000D0060020C02709007FB506460D4614466C
:10B1D000052D01D1B8488486072D02D1B64820300C
:10B1E0008472082D0FD12046FDF75FFD0022B34B7E
:10B1F00001910090FDF7B2FA03910290FDF7C4F8B7
:10B20000AD494039C866092D0FD12046FDF74DFDE7
:10B210000022AA4B01910090FDF7A0FA0391029041
:10B22000FDF7B2F8A449403908670C2D08D1200E6B
:10B2300030702002000E70702004000EB070F470A8
:10B240000D2D08D1200E30712002000E70712004E7
:10B25000000EB071F4710E2D08D1200E3072200254
:10B26000000E70722004000EB072F4720F2D0AD11D
:10B27000142C01D35F2C03D950219148018302E0A3
:10B2800021B28F480183102D0AD1142C01D35F2CD9
:10B2900003D950218A48818302E021B28848818302
:10B2A000112D0AD1142C01D35F2C03D950218448CD
:10B2B000418302E021B282484183142D03D121460B
:10B2C000804801F073FC022D03D1A1B27E4801F049
:10B2D0003DFB1A2D02D120B27C494881122D07D1A5
:10B2E0007B494C7008464078072801DD00204870F3
:10B2F0004C2D0AD120B27749088008460021415ED2
:10B30000412902DD4120734908804D2D08D1002CD0
:10B3100003D100207049087002E001206E490870D6
:10B320004E2D08D1012C03D101206B49487002E059
:10B330000020694948704F2D07D168494C7508466F
:10B34000407D022801DD00204875502D08D1012CD8
:10B3500003D101205B49487102E00020594948713E
:10B36000512D0DD121B2564841842221415E03293D
:10B3700003DB2221415E642902DD1421504841840F
:10B38000522D0DD121B24E4881842421415E0329E2
:10B3900003DB2421415E642902DD1E2148488184AB
:10B3A000532D0DD121B24648C1842621415E032987
:10B3B00003DB2621415E642902DD14214048C1845B
:10B3C000542D07D13E488475807D0A2802DB002178
:10B3D0003B488175552D07D13948C475C07D0A2871
:10B3E00002DB09213648C1753548817DC07D814227
:10B3F00004DD0021324881750921C175562D0ED119
:10B400003749CC700846C078502801DD5020C870FC
:10B410003348C0781E2802DA1E203149C870572DE3
:10B420000AD1142C01D35F2C03D95A212448C1839B
:10B4300002E021B22248C183582D0DD121B220480B
:10B4400001852821415E032903DB2821415E64290F
:10B4500002DD1E211A4801850B2D0DD121B218489D
:10B46000C1852E21415E032903DB2E21415E642923
:10B4700002DD03211248C1855C2D07D111498C7171
:10B4800008468079032801DB002088715D2D02D1F8
:10B49000E1B20B4841865E2D0CD1E1B208488186AD
:10B4A000808E022803D00648808E042802DD002109
:10B4B000034881867FBD000028020020000059401B
:10B4C000D0060020C4050020C0020020D0020020C9
:10B4D000BC070020740100205C010020D005002082
:10B4E0008401002070B505460C46052C02D1674842
:10B4F000808E70BD072C03D164482030807AF8E735
:10B50000082C09D161494039C86E614907F0EAFB4E
:10B510000646FDF7F1FDECE7092C09D15B494039FE
:10B52000086F5B4907F0DEFB0646FDF7E5FDE0E747
:10B530000C2C0AD128780006697809044018A978EB
:10B5400009024018E9784018D3E70D2C0AD1287970
:10B550000006697909044018A97909024018E979B7
:10B560004018C6E70E2C0AD1287A0006697A090429
:10B570004018A97A09024018E97A4018B9E70F2C57
:10B5800003D144491820085EB3E7102C03D1414988
:10B590001C20085EADE7112C03D13E491A20085E3D
:10B5A000A7E7142C02D13C480078A2E7022C02D174
:10B5B0003A48C0789DE71A2C03D139490A20085E21
:10B5C00097E7122C02D13748407892E74C2C03D1F0
:10B5D00035490020085E8CE74D2C02D133480078B5
:10B5E00087E74E2C02D13148407882E74F2C02D1B8
:10B5F0002F48407D7DE7502C02D12748407978E7DD
:10B60000512C03D123492220085E72E7522C03D12A
:10B6100020492420085E6CE7532C03D11D492620C5
:10B62000085E66E7542C02D11A48807D61E7552CEC
:10B6300002D11848C07D5CE7562C02D11D48C07865
:10B6400057E7572C03D113491E20085E51E7582CA9
:10B6500003D110492820085E4BE70B2C03D10D497C
:10B660002E20085E45E75C2C02D10B48807940E72C
:10B670005D2C02D10748408E3BE75E2C02D1054885
:10B68000808E36E70020C04333E700002802002008
:10B690000000C842D0060020C4050020C0020020DF
:10B6A000D0020020BC070020740100205C010020B3
:10B6B000D00500208401002070B50446204600F02B
:10B6C00015FC204600F028FC7948828E0521204692
:10B6D00000F0E2FB76482030827A0721204600F015
:10B6E000DBFB73494039C86E724907F0FBFA064626
:10B6F000FDF702FD05462A460821204600F0CCFB56
:10B700006B494039086F6B4907F0ECFA0646FDF7C4
:10B71000F3FC05462A460921204600F0BDFB2078AF
:10B720000006617809044018A17809024018E17800
:10B7300042180C21204600F0AFFB20790006617909
:10B7400009044018A17909024018E17942180D2135
:10B75000204600F0A1FB207A0006617A0904401817
:10B76000A17A09024018E17A42180E21204600F021
:10B7700093FB51481822825E0F21204600F08CFB7B
:10B780004D481C22825E1021204600F085FB4A486D
:10B790001A22825E1121204600F07EFB4748027883
:10B7A0001421204600F078FB4548C278022120464B
:10B7B00000F072FB43480A22825E1A21204600F004
:10B7C0006BFB414842781221204600F065FB3F4860
:10B7D0000022825E4C21204600F05EFB3C4802784D
:10B7E0004D21204600F058FB394842784E21204632
:10B7F00000F052FB3748427D4F21204600F04CFBC1
:10B800002E4842795021204600F046FB2A48222249
:10B81000825E5121204600F03FFB27482422825EB1
:10B820005221204600F038FB23482622825E532115
:10B83000204600F031FB2048827D5421204600F054
:10B840002BFB1D48C27D5521204600F025FB2248D8
:10B85000C2785621204600F01FFB17481E22825E48
:10B860005721204600F018FB13482822825E5821F9
:10B87000204600F011FB10482E22825E0B2120464C
:10B8800000F00AFB0D4882795C21204600F004FBA1
:10B890000948428E5D21204600F0FEFA0648828E5D
:10B8A0005E21204600F0F8FA204600F019FB70BD3A
:10B8B000280200200000C842D0060020C405002055
:10B8C000C0020020D0020020BC070020740100202C
:10B8D0005C010020D005002084010020FEB5074651
:10B8E0000521384600F0B4FA0446601C002803D154
:10B8F000F021F948818601E0F7488486072138461F
:10B9000000F0A6FA04460C2C06D0182C04D00C210A
:10B91000F1482030817202E0EF4820308472082123
:10B92000384600F095FA0446601C00280ED1EA481B
:10B930002030807A0C2804D1E848E7494039C866AD
:10B9400013E0E748E4494039C8660EE02046FDF7B9
:10B95000ACF905460022E34BFCF700FF0191009093
:10B96000FCF712FDDC494039C8660921384600F071
:10B970006FFA0446601C00280FD1D7482030807A27
:10B980000C2805D18320C005D3494039086713E04E
:10B99000D548D149403908670EE02046FDF785F9C2
:10B9A00005460022CF4BFCF7D9FE01910090FCF731
:10B9B000EBFCC949403908670C21384600F048FAC9
:10B9C0000446601C002804D138707870B870F87094
:10B9D00008E0200E38702002000E78702004000E5F
:10B9E000B870FC700D21384600F032FA0446601C35
:10B9F000002804D138717871B871F87108E0200E10
:10BA000038712002000E78712004000EB871FC71AC
:10BA10000E21384600F01CFA0446601C002804D1B0
:10BA200038727872B872F87208E0200E387220020C
:10BA3000000E78722004000EB872FC720F21384696
:10BA400000F006FA0446142C01D35F2C03D95021D0
:10BA5000A648018302E021B2A448018310213846A0
:10BA600000F0F6F90446142C01D35F2C03D95021C1
:10BA70009E48818302E021B29C488183112138468F
:10BA800000F0E6F90446142C01D35F2C03D95021B1
:10BA90009648418302E021B29448418357213846B9
:10BAA00000F0D6F90446142C01D35F2C03D95A2197
:10BAB0008E48C18302E021B28C48C18314213846EC
:10BAC00000F0C6F904462146894801F06FF80221CA
:10BAD000384600F0BDF90446601C00280ED0092C41
:10BAE00003D00C2C01D0122C04D1A1B2814800F05B
:10BAF0002DFF03E00C217F4800F028FF1A21384673
:10BB000000F0A6F90446601C002804D14B20000177
:10BB10007949488102E020B27749488112213846AC
:10BB200000F096F90446601C002802D17349487061
:10BB300001E072494C7071484078072802DD00200E
:10BB40006E4948704C21384600F082F90446601C6A
:10BB5000002803D138206A4908800AE020B26849E9
:10BB6000088008460021415E412902DD41206449E8
:10BB700008804D21384600F06BF90446002C02D1B4
:10BB80006049087002E001205E4908704E21384685
:10BB900000F05EF90446012C02D15A49487002E0D7
:10BBA0000020584948704F21384600F051F90446AA
:10BBB000601C002802D15449487507E052494C7571
:10BBC0000846407D022801DD002048755021384696
:10BBD00000F03EF90446012C02D14549487102E0CB
:10BBE0000020434948715121384600F031F904469C
:10BBF000601C002803D114213C48418402E021B29A
:10BC00003A48418439482221415E032903DB22213D
:10BC1000415E642902DD14213448418452213846B2
:10BC200000F016F90446601C002803D11E212F489D
:10BC3000818402E021B22D4881842C482421415E78
:10BC4000032903DB2421415E642902DD1E212748EC
:10BC500081845321384600F0FBF80446601C00281C
:10BC600003D114212148C18402E021B21F48C184BC
:10BC70001E482621415E032903DB2621415E6429FB
:10BC800002DD14211948C1845821384600F0E0F83B
:10BC90000446601C002803D114211448018502E0E9
:10BCA00021B21248018511482821415E032903DB96
:10BCB0002821415E642902DD14210C4801855421AC
:10BCC000384600F0C5F80446601C00281ED100214B
:10BCD000064881751CE00000280200200000184181
:10BCE0000000A041000059406666F641D0060020E1
:10BCF000C4050020C0020020D0020020BC070020A4
:10BD0000740100205C010020D00500204D4884759E
:10BD10004C48807D0A2802DB00214A488175552164
:10BD2000384600F095F80446601C002803D109212C
:10BD30004448C17501E04348C4754248C07D0A28A3
:10BD400002DB09213F48C1753E48817DC07D8142AB
:10BD500004DD00213B4881750921C1755621384613
:10BD600000F076F80446601C002803D146203649CE
:10BD7000C87001E03449CC703348C078502802DDE7
:10BD800050203149C8703048C0781E2802DA1E2081
:10BD90002D49C8700B21384600F05AF80446601C43
:10BDA000002803D103212748C18502E021B225489C
:10BDB000C18524482E21415E032903DB2E21415EEB
:10BDC000642902DD03211F48C1855C21384600F04B
:10BDD0003FF80446601C002802D11C49887101E02C
:10BDE0001A498C7119488079032802DB0020174911
:10BDF00088715D21384600F02BF80446601C00284D
:10BE000003D128210F48418601E00E4844865E2177
:10BE1000384600F01DF80446601C002803D10021BC
:10BE20000848818602E0E1B2064881860548808E96
:10BE3000022803D00348808E042802DD0021014837
:10BE40008186FEBDD006002084010020C4050020AC
:10BE5000F8B507460D460D4C11E021460C48FEF79B
:10BE60001BFF0646701C002801D1401EF8BDAE42E3
:10BE700004D1211D0648FEF70FFFF7E708340548F7
:10BE80008442EAD30020C043F0E7000000E8010844
:10BE9000B401002000F0010870B504460D461646B6
:10BEA0000C49E068884213D30B49E06888420FD8F8
:10BEB0002A460A48E168FEF7CEFEE068001DE06011
:10BEC00032460648E168FEF7C6FEE068001DE06005
:10BED00070BD000000E80108F8EF0108B40100207F
:10BEE00010B50446FDF766FF10BD000070B50546AD
:10BEF000002407E0E002064A81180648FEF7BDFE6E
:10BF0000601CC4B2012CF5DB0148E86070BD000084
:10BF100000E80108B401002010B50446FDF7AAFFAF
:10BF200010BD7047F8B507460D46144600260020A0
:10BF300004E0810069588E19411C88B2A042F8DBE8
:10BF400021463046FCF768F906463046F8BD000049
:10BF500070B504460D46092080012018808E3228D5
:10BF600019DA092080012018808E810020461C30BB
:10BF70004550092080012018808E401C092189012C
:10BF800061188886044801F019F90521C901611872
:10BF900048610020207670BD14010020F0B589B002
:10BFA0000446002600270020069009208001201862
:10BFB000808E322816DA764801F000F90521C90191
:10BFC00061184969401A7349884208D901202076CE
:10BFD0006F4801F0F3F80521C9016118486100209C
:10BFE00009B0F0BD00252FE0681C810020461C3000
:10BFF0004158AA008058081A0790079800280FDDBA
:10C000000698401C002809D1A90020461C30415840
:10C01000BA00FF3091308150781C87B20120069021
:10C02000079800280EDA0698012808D1A9002046B2
:10C030001C304158B200C8308150701C86B20020BC
:10C04000C0430690681C85B2312DCDDB32222146DB
:10C050001C312046FFF766FF0190FCF71EFE002210
:10C060004D4B03910290FCF779FB05910490FCF78E
:10C070008BF9206032462146E4312046FFF752FF1B
:10C080000190FCF70AFE0022434B03910290FCF75B
:10C0900065FB05910490FCF785FDE0603A4621467A
:10C0A000FF31AD312046FFF73DFF0190FCF7F5FD74
:10C0B0000022394B03910290FCF750FB059104904C
:10C0C000FCF770FDA060A168E068401A13214901E7
:10C0D0006118897D89004F22D200A2185050132088
:10C0E00040012018807D401C13214901611888758A
:10C0F0000020092189016118888613204001201839
:10C10000807D062842DB00201321490161188875D3
:10C1100006224F20C00021182046FFF703FF0190A0
:10C12000FCF7BBFD1D4A1E4B03910290FCF716FB6A
:10C1300005910490FCF728F960610520C0012018E2
:10C14000007C01280AD103200521C9016118087467
:10C150001449606906F0C6FD206111E0216960693B
:10C1600006F018FE01D2012020710F49206906F067
:10C1700049FE0590616906F00DFE01D20020207194
:10C18000002101E002202BE73229FBDB002027E71A
:10C1900014010020B80B00000000E4407B14AE47FF
:10C1A000E17A444000002041000070410021092252
:10C1B00092018218918613225201821891750121F1
:10C1C0000522D2018218117400210171704710B547
:10C1D00004462046FFF7E2FE10BD000010B50446FD
:10C1E00000200921890161188886132149016118FD
:10C1F00088750A48206103200521C9016118087467
:10C2000000202071064800F0D9FF0521C9016118FE
:10C21000486100202076204610BD00000000484202
:10C22000140100208189052901DD01210174C189E2
:10C23000052901DD012141747047000010B58AB065
:10C24000044601218804FDF7F3FE01210220FDF7D9
:10C25000FFFE08A8FDF7ACFE10200890012108A8F9
:10C2600001710321417108A93448FDF729FE10210D
:10C270003248FDF799FE012204213048FDF768FE9F
:10C2800008A8FDF795FE20200890002108A801715C
:10C290000121C1710321417108A92848FDF710FE51
:10C2A00005A8FEF76DFA264968468182FF20F53021
:10C2B0000690002168468183C18205A92148FEF7C6
:10C2C00021FA6846FEF7E8F96021684601800121FD
:10C2D00041801B20029000216846818169461948EF
:10C2E000FEF784F91748406B401F164988630846DB
:10C2F000406B9630C863012204211248FEF76CF9A6
:10C30000012208210F48FEF767F900210D48FEF7CA
:10C31000F9F81020012181400B4A116000BF08216B
:10C320000848FEF7ADF901210648FEF7CBF80121D8
:10C330004804FDF77DFE0AB010BD0000000400486F
:10C34000BF1200000004004000E100E000218181F4
:10C35000C181017441747047F0B58DB004460E463A
:10C360001746E07C002801D00DB0F0BD3046FCF748
:10C370009CFC0022674B07910690FCF7EFF90991AE
:10C380000890FCF701F8054665602846FCF7B4FD07
:10C39000614A624B0991089006F0CEFB1ED2A07C48
:10C3A000002817D00020A0740AA8FDF701FE102075
:10C3B0000A90012108A80173032141730AA9584872
:10C3C000FDF77EFD10215648FDF7EEFD0021554892
:10C3D000FEF798F800206060A06099E0A07C00283B
:10C3E00028D10120A0740AA8FDF7E2FD10200A90D0
:10C3F000022108A8017300218173032141730AA956
:10C400004748FDF75DFD012204214548FDF7A0FDE9
:10C410004448808A012108434249888201214148D9
:10C42000FEF770F83F4820300088012108433D495D
:10C4300020310880012F52D13B4908693B4906F061
:10C4400027FC1CD22846FCF757FD0022384B0991E7
:10C45000089006F0A3FB12D833480169284606F07D
:10C4600041FC0590FCF748FD0022324B07910690F5
:10C47000FCF774F909910890FBF786FF05462A49F5
:10C4800008692D4906F004FC29D22846FCF734FD42
:10C490000022274B0991089006F04EFB1FD222493B
:10C4A0000869FCF729FD059104902846FCF724FD56
:10C4B000224A234B01910090FCF7FAFB0391029072
:10C4C000059B049AFCF7F4FB00221A4B0791069097
:10C4D000FCF744F909910890FBF756FF0546194906
:10C4E000284606F057FC00D2164DA5602846FCF7FA
:10C4F00003FD02460B460791069000201249FCF707
:10C500002DF909910890FCF783FB80B20549C862B8
:10C5100000BF29E7000059407B14AE47E17AC43FD1
:10C520000004004800040040E402002000009E4295
:10C53000000010400040594000008C429A9999999F
:10C540009999F13F000020410088C34010B504468E
:10C5500020210248FDF71EFD10BD00000004004828
:10C5600010B5044630480078C007C00F00280CD131
:10C570002D4806F0CDF8002807D02C4800F01EFE0C
:10C580002B4908602848C046C046E07C002800D1FE
:10C5900010BD264800F012FE25490968401A64289B
:10C5A00040D3224800F00AFE21490860607D00283F
:10C5B00003D110211F48FDF7F9FC607D0A2808DA35
:10C5C00020211C48FDF7E6FC002802D1207D401CFC
:10C5D0002075607D0A280CD110211648FDF7E4FC77
:10C5E000207D022803DD012020740020E07400205B
:10C5F0002075607D1E2812DD20210E48FDF7CAFC43
:10C60000002802D1207D401C2075607D232806DD96
:10C61000207D022801DD012060740020E074607D2F
:10C62000401C607500BFB3E73401002014010020F6
:10C63000380100200004004810B504462046FFF7EA
:10C640008FFF2046FFF7EEFD10BD000010B550290A
:10C6500000DD50210A2900DA0A21018002880A231C
:10C660005A43094B5A631A46536B05220A24624304
:10C670009A1A054B9A631A46536B052262439A181D
:10C68000014BDA6310BD0000000400401CB50446F5
:10C690000120E0740020607520756846FDF788FC75
:10C6A0001020009001216846017103214171694603
:10C6B0000548FDF705FC10210348FDF775FC002136
:10C6C0000248FDF71FFF1CBD0004004800040040A5
:10C6D0001B2101800021817441608160C17401755A
:10C6E000417570470188142901DD0121817070476F
:10C6F000FEB504460D4624480078C007C00F002848
:10C700000CD1214806F004F8002807D01F4800F09B
:10C7100055FD1F4908601C48C046C0461B4800F034
:10C720004DFD1B490968401A32282CD3174800F0E8
:10C7300045FD174908602946284606F0D3FA0190BE
:10C740006421E068FBF75EFD217948430090FCF727
:10C7500017FD07460199FCF7F9FB0646FCF7CCFCF0
:10C76000A06001218907A0684863A068322804D925
:10C770000846406B3238C86305E001208007406BF3
:10C7800001218907C863FEBD3C010020140100207F
:10C79000400100207CB504460D46642D00DD642573
:10C7A00025712079002824DD012060716846FDF79D
:10C7B000FFFB0120C00300900221684601710021A7
:10C7C00081710321417169460920C006FDF778FB9C
:10C7D00002220F210920C006FDF7BAFB01218807BC
:10C7E000FDF790FE15480088012108431349088091
:10C7F00022E0002060716846FDF7DAFB0120C003EB
:10C8000000900121684601710321417169460920A8
:10C81000C006FDF755FB0121C9030920C006FDF73D
:10C82000C3FB0648008840084000044908800021F6
:10C8300001208007FDF766FE7CBD0000200000405F
:10C8400010B58AB0044601214804FDF7F1FB01212F
:10C850008804FDF7EDFB01210846FDF7F9FB08A868
:10C86000FDF7A6FB0120C0030890012108A8017173
:10C870000321417108A90920C006FDF721FB012110
:10C88000C9030920C006FDF78FFB08A8FDF790FB40
:10C8900008200890002108A801710121C17103211D
:10C8A000417108A91F48FDF70BFB05A8FDF768FFBC
:10C8B0002F21684681821C480690002168468183AA
:10C8C000C18205A901208007FDF71CFF6846FDF71E
:10C8D000E3FE602168460180012141800020029032
:10C8E000002168468181694601208007FDF77EFEB0
:10C8F00001220821C806FDF76FFE002101208007F4
:10C90000FDF700FE0F2001218140084A116000BFA1
:10C910000821C806FDF7B4FE01218807FDF7D2FD06
:10C920000AB010BD00040048204E000000E100E005
:10C93000002101808170704710B50446082102482B
:10C94000FDF728FB10BD000000040048C1707047CF
:10C9500070B504460D4629462046FFF7C9FE20461D
:10C96000FFF7C0FE70BD00000C21C170C178044A01
:10C970005143C2785143C160002141710171704738
:10C98000204E0000FFB589B007461D46129E0A984A
:10C9900002040B98000210184119384600F0B4F850
:10C9A0000446002C02D113980DB0F0BD2146384644
:10C9B00000F070F804900498022801DA1398F3E765
:10C9C0002146384600F0CCF8B0422BD9002E27D0B3
:10C9D00013980690002D01D138680690012D01D1E1
:10C9E00078680690022D01D1B8680690032D01D118
:10C9F000F8680690002008902146384600F0B0F80C
:10CA00000790211D384600F0ABF805900598019677
:10CA100000903846079B069A089900F066F8C3E72D
:10CA20001398C1E7002003902AE02146384600F021
:10CA300097F80890211D384600F092F8069021469C
:10CA40000831384600F08CF8079021460C31384602
:10CA500000F086F80590089886420CD30798864225
:10CA600009D20598019600903846079B069A0899C6
:10CA700000F03BF898E708340398801C80B20390DC
:10CA80000498801E03998842CFDC211D384600F0AF
:10CA900067F889E7F3B581B00E460027354615E003
:10CAA0002946019800F05CF80446601C002808D074
:10CAB000A01C002805D0E01C002802D0201D002862
:10CAC00001D13846FEBD781C87B22D1D0248854233
:10CAD000E6D33846F6E700008436010810B5029C1C
:10CAE000016082604360C46010BDF8B50C46154615
:10CAF0001E46069F7A1B079B1B1B5A431046311B81
:10CB0000FBF78AFB4019F8BDF8B507460E46124CF4
:10CB10001CE02146384600F023F80546681C002832
:10CB200005D0E81C002802D0281D002801D10020D3
:10CB3000F8BDA81C002808D1211D384600F010F8C7
:10CB4000B04202D120460830F2E7241D0348844257
:10CB5000DFD30020ECE70000D42E01088436010862
:10CB600070B505460C4621460148FEF795F870BDA4
:10CB7000B4010020704700001CB504460121C80420
:10CB8000FDF756FA6846FDF713FA012040030090BE
:10CB9000002168460171C171032141716946024853
:10CBA000FDF78EF91CBD000000080048002202704D
:10CBB000012901D101220270022901D10222027051
:10CBC000032901D1032202707047000010B504460A
:10CBD00034480078C007C00F00280CD1314805F058
:10CBE00097FD002807D0304800F0E8FA2F49086088
:10CBF0002C48C046C0462078002802D1A070208171
:10CC000010BD294800F0DAFA28490968401A32288C
:10CC100037D3254800F0D2FA24490860012149039E
:10CC20002348FDF7B7F9012810D12089502802DAEE
:10CC30002089401C208120893D2801DB0120A07033
:10CC400020893D281DD10120E0701AE0A07800283D
:10CC50000DD02089002802D02089401E2081208903
:10CC600001280ED10020A0700120207109E0208948
:10CC70000A2804DB20893C2801DC012060700020A8
:10CC80002081207803280BD02078012801D00020B3
:10CC900060702078022803D00020A070E07020711E
:10CCA00000BFADE76C0100201401002070010020DE
:10CCB0000008004810B50446012149030148FDF76A
:10CCC00069F910BD000800480021017001818170E0
:10CCD000C17001714171704710B504461C4800785D
:10CCE000C007C00F00280CD1194805F011FD00281D
:10CCF00007D0184800F062FA174908601448C04687
:10CD0000C046144800F05AFA13490968401A3228FC
:10CD10001DD3104800F052FA0F490860207800280F
:10CD20000BD0A088502802DAA088401CA080A088E0
:10CD30003D280CD10120607009E0A088002802D0B5
:10CD4000A088401EA080A088012800D1A07010BD3E
:10CD50009C01002014010020A001002000218180FE
:10CD60000170417081707047FFB581B0174602991C
:10CD7000019800F077F80546002D01D105B0F0BD0F
:10CD80002946019800F04EF80446019800F020F87A
:10CD90004000A04201D00020F0E7002611E0294623
:10CDA000019800F087F800B271007852291D0198AF
:10CDB00000F080F801B27200049881520835701CAE
:10CDC00086B2E10F09194910B142E8DC0120D5E72C
:10CDD00070B50646114C1CE02146304600F06AF85A
:10CDE0000546681C002802D0E81C002801D100205C
:10CDF00070BDA81C00280BD1211D304600F05AF848
:10CE0000FF2805D121460831304600F053F8EFE7FE
:10CE1000241D03488442DFD30020E9E700C801084D
:10CE200000D00108F3B581B00E460027344612E069
:10CE30002146019800F03EF80546681C002805D000
:10CE4000A81C002802D0E81C002801D13846FEBDED
:10CE5000781C87B2241D02488442E9D33846F6E79D
:10CE600000D00108F8B507460E46104C19E02146DF
:10CE7000384600F01FF80546681C002802D0E81C60
:10CE8000002801D10020F8BDA81C002808D1211DD0
:10CE9000384600F00FF8B04202D120460830F2E7E1
:10CEA000241D03488442E2D30020ECE700C80108B7
:10CEB00000D0010870B505460C4621460148FDF733
:10CEC000EBFE70BDB40100207047000010B586B0C5
:10CED000044601218804FDF7ABF801214806FDF75F
:10CEE000B7F801210846FDF7D3F804A8FDF760F86C
:10CEF0000320000204900221684601750021C175DB
:10CF00000321417504A93348FCF7DAFF0422082104
:10CF10003048FDF71DF8042209212E48FDF718F8C6
:10CF20002D48FCF783FB2C480068012108432A495F
:10CF3000086000BF28484068C007C00F0028F9D02B
:10CF400025480068022188432349086001A8FCF7AE
:10CF500026FD002168468171082181800021C17170
:10CF60000E210172072141720121C1730021417319
:10CF70000121C17201A91848FCF700FC164800689D
:10CF8000400840001449086000BF13484068C007CB
:10CF9000C00F0028F9D11149086001200F4940391C
:10CFA0000860C861084600684008400008600A48F8
:10CFB0004069022108430849486100211E20FDF70D
:10CFC00033FD1E2001218140054A116000BF06B0DB
:10CFD00010BD0000000400480064004040660040AE
:10CFE00000E100E070B50446002518E01820684311
:10CFF00021463031085C00280FD1012218206843F7
:10D000000A5418216943224630328918081D142217
:10D0100021461C31FBF7A6F870BD681CC5B20A2D6D
:10D02000E4DB00BFF8E70000FFB583B004460D461F
:10D03000164600200290E5600021617404212174ED
:10D040000821A174E674069921750C9961750D99F2
:10D05000A1750E99E1750F99217610996176119954
:10D06000A176214608310E48FCF7A9FC0290002762
:10D070000020019009E00A480299FCF73BFD01906D
:10D080007F1C0848874200D902E001980128F2D1AC
:10D0900000BF03480299FCF74FFA07B0F0BD00004B
:10D0A00000640040FF0F0000172101700021417053
:10D0B0007047000070B50546FDF7EEF87D21C90008
:10D0C0001F480068FBF79EF80446601E1D49884211
:10D0D00000D90CE0601E1C4948610321081FFDF7C0
:10D0E00067FC0020184988610720086100BF002103
:10D0F000481EFDF75DFC01211020FCF7A9FF01216E
:10D100001248FDF7FFF912490D480068FBF77AF85D
:10D11000401E0E492031088101212020FCF798FF94
:10D1200001210C48FDF7EEF97D21C9000448006893
:10D13000FBF768F8401E07492031088170BD0000E8
:10D1400000010020FFFFFF0000E000E000100040B1
:10D1500040420F000014004038B504460320FDF79C
:10D1600085F8002000900BE00749009840180078EF
:10D17000012252070099891808700098401C0090FD
:10D180000098C028F0D338BD008000080A4AD16258
:10D19000928A01231A43084B9A821A46128809235D
:10D1A0001A43054B1A8000BF034A1288D207D20FD8
:10D1B000002AF9D1704700000014004001460868B9
:10D1C00070470168491C0160704770470146887BC1
:10D1D00080014A7B120180180A7B92008018CA7A6B
:10D1E0008018C0B270470146887C80014A7C1201D9
:10D1F00080180A7C92008018CA7B8018C0B27047E1
:10D20000002101708170417000BF04E00023C21C46
:10D2100053544A1CD1B20829F8DB704710B50446B4
:10D220000F48FFF793F80F48FDF782FC0E4804F013
:10D2300033FC0E48FFF77CFB0D4805F0D1F90D4893
:10D24000FDF75CFD0C48FDF777FE0C4803F040FD50
:10D250000B4801F08CFE2046FFF7D2FF10BD000006
:10D26000A80200205C01002094020020C0020020DF
:10D270004801002074010020D0020020E8010020B5
:10D28000A807002010B5044686488078C00186496A
:10D29000097C490140188449497C090140188349A7
:10D2A0000979C900401881494979890040187F49A6
:10D2B000897949004018E0707D488078C0017D4937
:10D2C000097B890140187C490978490140187A494D
:10D2D0004978090140187849C978C9004018764949
:10D2E0008978890041187548807F40000918734883
:10D2F000407F0818207172488078C0017049C97851
:10D30000890141186D48407E400109186B48807EB4
:10D31000000109186948C07EC00009186748007FED
:10D32000800009186548807D4000081860716548D4
:10D330008078C001634949788901401861490978BA
:10D3400049014018A071E07A002801D0002010BDEA
:10D350005848007B002801D028202070A07C00289D
:10D3600011D158484078002801D00120207055483C
:10D370008078002801D001202070524800780028D1
:10D3800001D0022020704C488078002801D00D2068
:10D39000207049484078002801D01D202070464860
:10D3A000C078002801D01020207043480079002860
:10D3B00001D024202070E07B002811D13B48007967
:10D3C000002801D01B20207038484079002801D067
:10D3D0001C20207035488079002801D00A20207058
:10D3E000207B00280BD13048007C002801D0112080
:10D3F00020702D48407C002801D016202070A07B92
:10D40000002805D127488078002801D00920207005
:10D41000207C002835D12948407E002801D00420F6
:10D4200020702648807E002801D0042020702348E8
:10D43000C07E002801D0032020702048007F0028F3
:10D4400001D0032020701D48807D002801D00520D8
:10D4500020701A48807F002801D00F2020701748C4
:10D46000407F002801D00C2020701448C07D002887
:10D4700001D0032060701148007E002801D00420F4
:10D480006070607C002805D109488078002801D0B0
:10D490000E2020702078002802D00B48FDF7FCFDFC
:10D4A000207854E7C0020020A80200209402002047
:10D4B0005C010020A8070020D002002048020020C4
:10D4C00074010020480100201C0100200021C172CD
:10D4D000017341738173C17301744174817400BF1E
:10D4E00004E00023C21C53544A1CD1B20829F8DBC3
:10D4F00070470000F0B587B006460C461546FF2081
:10D500000290039004900590009001906003092719
:10D510003F05C019AF02C019074F3F78FF00C0197F
:10D52000054F7F78C1190548837A40890212024865
:10D53000FFF77AFD07B0F0BDBC0700209402002081
:10D54000F0B587B006460C461546FF231348007E0B
:10D5500013498978124A52780593029203910490F4
:10D5600010488078001FC0B20D49097800910190E1
:10D57000600305277F05C019AF02C0190A4F3F7825
:10D58000FF00C019084F7F78C1190448C37D827D10
:10D590000548FFF749FD07B0F0BD0000D0050020A9
:10D5A000D40100205C010020BC070020F0B587B04A
:10D5B0000C46154611490869FBF79EFDC6B2FF20CF
:10D5C00002900390049005900096019060030B2751
:10D5D0003F05C019AF02C019094F3F78FF00C019BD
:10D5E000074F7F78C1190748008DC3B20548008DE9
:10D5F00002120348FFF718FD07B0F0BDE402002057
:10D60000BC07002028020020F0B589B00C46154662
:10D6100022494868224905F065FB0746FBF76CFD87
:10D6200086B21E4988681E4905F05CFB0746FBF779
:10D6300063FD80B208901B48FFF73CFB0701C03731
:10D640001948FDF7EBFB80003F181848FDF7DCFA9E
:10D650003818C0B2164907900979089AD2B2089BC7
:10D660001B120293039204910590F0B231120091C3
:10D67000019060030327BF05C019AF02C0190D4F09
:10D680003F78FF00C0190B4F7F78C1190A484378D3
:10D6900002780848FFF7C8FC09B0F0BDA8020020D6
:10D6A0000000C842C4050020740100205C01002075
:10D6B000C0020020BC07002094020020F7B588B00B
:10D6C0000C4615461E49086EFBF7F0FC07B23946BA
:10D6D000089800F0F3FB06461949C86DFBF7E6FC15
:10D6E00007B23946089800F0E9FB0790144840302B
:10D6F0000421415E089800F0E1FB0690FF200390B2
:10D700000490029605900799069801910090600395
:10D710000D273F05C019AF02C0190A4F3F78FF001F
:10D72000C019084F7F78C11905484030837DC08AF1
:10D730000004020E0348FFF777FC0BB0F0BD0000B9
:10D74000E8010020BC070020F0B587B006460C4673
:10D750001546FF221448007B134989890904090EE4
:10D7600004920592029103900F48007A0E490989AC
:10D770000904090E00910190600307277F05C01975
:10D78000AF02C019094F3F78FF00C019074F7F78DB
:10D79000C11905488379C0880004020E0348FFF7C9
:10D7A00043FC07B0F0BD0000D0020020BC07002001
:10D7B000F0B587B006460C461546154880791449E1
:10D7C000C9880912124A1279114B9B881B120293C5
:10D7D0000392049105900E4880780D4949880912FA
:10D7E0000091019060030F273F05C019AF02C019D7
:10D7F000084F3F78FF00C019064F7F78C1190448D1
:10D800000378008802120348FFF70EFC07B0F0BD52
:10D8100068020020BC070020F0B587B006460C4621
:10D820001546FF221248007B11498989091204928A
:10D830000592029103900E48807A0D494989091298
:10D8400000910190600301273F06C019AF02C01983
:10D85000084F3F78FF00C019064F7F78C119044870
:10D86000037A008902120348FFF7DEFB07B0F0BD20
:10D8700068020020BC07002070B586B006460C4642
:10D880001546FF20029003900490059000900190AF
:10D890006003112212058018AA028018064A127825
:10D8A000D2008018044A52788118FF231A46024891
:10D8B000FFF7BAFB06B070BDBC07002070B586B09C
:10D8C00006460C46154619200B211822FF23029309
:10D8D00003920491059010200521009101906003AE
:10D8E000092252058018AA028018074A1278D2002D
:10D8F0008018054A52788118002317220248FFF742
:10D9000093FB06B070BD0000BC070020F0B587B0E7
:10D9100006460C4615461348007A1249C979114A41
:10D920009279104B5B7902930392049105900D4814
:10D9300000790C49C97800910190600309277F059F
:10D94000C019AF02C019084F3F78FF00C019064F39
:10D950007F78C1190348837802780348FFF764FB96
:10D9600007B0F0BDD4010020BC070020F0B587B09F
:10D970000D4616460024002005E082001A49895809
:10D980000C19411CC8B20A28F7DB17481438007C70
:10D9900015491439098A0904090E134A143A1269FF
:10D9A0001202120E104B143B1B691B0E02930392C2
:10D9B00004910590E0B22104090E009101906803E2
:10D9C0000727BF05C019B702C019084F3F78FF00ED
:10D9D000C019064F7F78C1192002030E220E03489A
:10D9E000FFF722FB07B0F0BD5C070020BC0700205A
:10D9F000FFB589B01F460A9840031D21090541184B
:10DA00000B988002081854490978C90040185249F7
:10DA10004978401808905148C0687D21C9004843A2
:10DA200004464E488068484305464C4908684C49BE
:10DA300005F058F90690FBF75FFB06464749486931
:10DA4000484905F04FF90690FBF756FB80B2079066
:10DA5000012F1DD141490868FBF74EFBC0B206906B
:10DA6000E8B22904090E2A02120EE3B202930392CD
:10DA7000049105902004000E2102090E00910190EE
:10DA800001223548069B0899FFF7CEFA0DB0F0BD8C
:10DA9000022F19D1FF23F0B23104090E3202120E07
:10DAA00005930292039104902C480079001FC0B2A4
:10DAB0000799C9B2009101900798031202222648E3
:10DAC0000899FFF7B1FAE1E7FF2F35D1234908683C
:10DAD000FBF712FBC0B20690E8B22904090E2A0235
:10DAE000120EE3B202930392049105902004000EFB
:10DAF0002102090E0091019001221748069B089906
:10DB0000FFF792FAFF23F0B23104090E3202120E2F
:10DB1000059302920391049010480079001FC0B24F
:10DB20000799C9B2009101900798031202220A488E
:10DB30000899FFF779FAA9E7FF2002900390049073
:10DB40000590009003463A46019003480899FFF774
:10DB50006BFA00BF9AE70000BC0700202C030020EE
:10DB600000007A440000C842F0B587B00C46154664
:10DB70001949086D194905F0B5F80746FBF7BCFAD5
:10DB800086B2FF21F0B20391049105910290301208
:10DB900011494031097D00910190114800788000C1
:10DBA000F030104FBF78C019C2B260030F277F0555
:10DBB000C019AF02C0190C4F3F78FF00C0190A4FBF
:10DBC0007F78C11904484030808A0004030E06485B
:10DBD000FFF72AFA07B0F0BDE8010020000020415D
:10DBE00084010020C4050020BC070020F0B587B0E8
:10DBF00006460C4615461948007A18490989090451
:10DC0000090E164A92681202120E144B9B681B0EE4
:10DC10000293039204910590104800780F490988F7
:10DC20000904090E0091019060031F273F05C019E8
:10DC3000AF02C0190A4F3F78FF00C019084F7F7824
:10DC4000C119064800680002030E04480068020E6D
:10DC50000348FFF7E9F907B0F0BD0000D005002048
:10DC6000BC070020F0B587B00C4615461C49486833
:10DC70003C21FAF7C7FA86B21A4840788000F030A3
:10DC8000184909784018C0B20690FF221649898DBC
:10DC9000C9B2069804920592029103901248808DB1
:10DCA0000004000E0E49497D09010D4A127D8918B4
:10DCB000C9B200910190600301277F06C019AF022D
:10DCC000C0190A4F3F78FF00C019084F7F78C1196B
:10DCD000F3B232120548FFF7A7F907B0F0BD000014
:10DCE000D00500205C010020D0060020BC070020E9
:10DCF000F0B587B00D4616461C466803212109057C
:10DD00004018B10240184D490978C90040184B49E4
:10DD100049784718012C15D1FF214948C078039153
:10DD200004910591029046488078454949780091D0
:10DD3000019043480378012239464048FFF774F9BF
:10DD400007B0F0BD022C14D1FF213D48C0790391EA
:10DD50000491059102903A488079394949790091B6
:10DD6000019037480379022239463448FFF75CF9BD
:10DD7000E6E7032C14D1FF213148C07A03910491C6
:10DD8000059102902E48807A2D49497A00910190A0
:10DD90002B48037A032239462848FFF745F9CFE795
:10DDA000FF2C3CD1FF212648C078039104910591B6
:10DDB00002902348807822494978009101902048B8
:10DDC0000378012239461D48FFF72EF9FF211C4830
:10DDD000C0790391049105910290194880791849FE
:10DDE0004979009101901648037902223946134877
:10DDF000FFF71AF9FF211248C07A039104910591A7
:10DE000002900F48807A0E49497A009101900C489F
:10DE1000037A032239460948FFF706F990E7FF2005
:10DE200002900390049005900090034622463946E4
:10DE300001900248FFF7F8F800BF81E7BC07002017
:10DE400038070020F0B587B00C4615461648FCF799
:10DE50008FFE87011548FEF76FFD00013F1814483B
:10DE6000FCF752FF80003F181248FEF76FFB38188E
:10DE7000C6B2FF200290039004900590009001909C
:10DE80006003272212058018AA0280180A4A127815
:10DE9000D2008018084A52788118FF23324606487B
:10DEA000FFF7C2F807B0F0BD5C010020C0020020FF
:10DEB00074010020A8020020BC07002002464A206E
:10DEC000C043814201DA00207047B32901DDFE2002
:10DED000FAE708464B30C0B2F6E77047FEB5064693
:10DEE0007648807D042800D0FEBD7448C07C0028A0
:10DEF00027D000207149C87471480078052812D0D5
:10DF000004DC012807D0022812D105E00E2804D035
:10DF100024280DD102E000BF00BF00BF01216748E7
:10DF200004F0AEF909E00221644804F0A9F904E024
:10DF30000021624804F0A4F900BF00BF6148FCF76B
:10DF4000F0FE6148FFF73AF95C49C968401A7D2143
:10DF5000C900884200D2C7E75B48FFF72FF957494D
:10DF6000C86001205949487354488068401C53498F
:10DF7000886008460068401C086055480069401CDD
:10DF800053490861534800784C49896800910190D1
:10DF90004A48C27D817D00234F48FEF7F3FCC4B29E
:10DFA00021464C4803F080FD4C480079434989687C
:10DFB000009101904148C27D817D02234648FEF7D1
:10DFC000E1FCC4B221464548FEF7E4FB44498868B9
:10DFD000444904F087FE0746FBF78EF805463748AC
:10DFE0008068019500903548C27D817D01233A48C3
:10DFF000FEF7C8FC0446002221463948FEF7ACF97A
:10E000003948C0782D498968009101902B48C27D1C
:10E01000817D03233048FEF7B5FCC4B22146324867
:10E02000FCF700FE2548C07D002804D001281AD046
:10E0300002283AD12FE021488068372809D92B4897
:10E040001621415E6E2904DA052200211B4804F0E6
:10E0500040F91A488068F02804D9052200211748A1
:10E0600004F037F926E0154880681E2809D91F48B2
:10E070001621415E6E2904DA052200210F4804F0C2
:10E0800028F90E488068F02804D9052200210B48A1
:10E0900004F01FF90EE009488068C82804D9052259
:10E0A0000021064804F015F904E00121034804F0BA
:10E0B000E7F800BF00BF00BF16E70000D005002052
:10E0C000D40100207401002014010020A8070020C2
:10E0D00048070020940200201C070020C0020020F6
:10E0E000A80200200000C8425C0100202802002095
:10E0F00070470000FEB50646D448807D022800D057
:10E10000FEBDD248C07C002816D00020CF49C8747C
:10E11000CF48FCF78BFFCF48FEF748F8CE48426E59
:10E1200040301621415EC94803F0DAFEC1B2CB4847
:10E130000174CB48FCF7F2FDC44804F055F8002800
:10E140000FD0C248C07D002805D105220021BF485C
:10E1500004F0BFF804E000220421BC4804F0B9F840
:10E16000CEE7C048FFF72AF8B849C968401A7D21B0
:10E17000C900884200D2C3E7BA48FFF71FF8B34985
:10E18000C8600120B8494873B0488068401CAF4956
:10E19000886008460068401C0860B4480069401C5C
:10E1A000B2490861A94803F02BFFB14804F01EFAF8
:10E1B000B0480078A549896800910190A348C27DC4
:10E1C000817D0023AC48FEF7DDFBC4B22146A9489F
:10E1D00003F06AFCA94800799C4989680091019084
:10E1E0009A48C27D817D0223A348FEF7CBFBC4B2CF
:10E1F0002146A248FEF7CEFAA1498868A14904F059
:10E2000071FD0746FAF778FF05469048806801954A
:10E2100000908E48C27D817D01239748FEF7B2FBB6
:10E220000446002221469648FEF796F89648C078A4
:10E2300086498968009101908448C27D817D0323CD
:10E240008D48FEF79FFBC4B221468F48FCF7EAFCDD
:10E250007E48C07D030004F04DFA070513394F8056
:10E26000B9D4F0007A48FCF761FE784881687B48B1
:10E27000007C814203D30121744804F001F8E2E0FC
:10E280007348FCF7ADFE00280BD001206F490874DD
:10E290007648006C401C7549086404216B4803F003
:10E2A000EFFF6A488068782803D30221674803F0AB
:10E2B000E7FF6D480A21415E644803F093FE0028A1
:10E2C00003D00621614803F0DBFFBCE05F488068B3
:10E2D0000F2810D9604840301621415E6E2903DDB9
:10E2E0005A4880683C2806D95948FCF79FFE03210C
:10E2F000564803F0C5FFA6E054488068142810D99A
:10E300005348FCF76DFE00280BD002204F490874DB
:10E310005648406C401C5549486404214B4803F062
:10E32000AFFF4A48806878280AD303204749087419
:10E330004E48806C401C4D498864012044498870D7
:10E3400049480A21415E414803F04CFE002803D0B1
:10E3500006213E4803F094FF75E03D48FCF7F4FDCC
:10E360003B48FCF71DFE002803D00521374803F089
:10E3700087FF36488068782805D237484030162114
:10E38000415EC82904DD32220321304803F0A1FF99
:10E39000324920390A20085EFAF7EAFE04462E4880
:10E3A000C16D204604F074FC03D80621274803F011
:10E3B00067FF2D480A21415E244803F013FE002820
:10E3C00003D00621214803F05BFF3CE01F48806832
:10E3D0001E280CD3204840301621415E6E2906DAF3
:10E3E0001B48FCF723FE0021184803F049FF17489B
:10E3F0008068FF212D31884202D301201449C87062
:10E4000021E0124880683C280AD313484030162186
:10E41000415E6E2904DA042201210C4803F059FF01
:10E420000A488068FF212D31884204D3042201214B
:10E43000064803F04EFF06E0FFE7012204210348EF
:10E4400003F047FF00BF00BF00BF59E6D005002022
:10E45000D00200202C030020E8010020F00600205C
:10E460007401002014010020A807002048070020A4
:10E4700048010020940200201C070020C002002058
:10E48000A80200200000C8425C0100207047000084
:10E4900010B504462F48807D062800D010BD2D48B9
:10E4A000C07C002807D000202A49C8742070607002
:10E4B00060602072607228484078002805D10122EF
:10E4C0000021244803F005FFE8E72448FEF776FE24
:10E4D0002049C968401A7D21C900884200D2DDE781
:10E4E0001E48FEF76BFE1B49C86001201A4948739D
:10E4F00018488068401C1749886008460068401C1E
:10E5000008600846C07D00281BD12178144803F01C
:10E51000CBFA61781348FEF73DF900221248616892
:10E52000FDF71AFF217A1148FCF77CFB607A00287E
:10E5300003D00F48FCF7F2FB02E00D48FCF7F1FBBB
:10E5400005E003220021034803F0C3FE00BF00BF23
:10E5500000BFA3E7D0050020A80700201401002079
:10E5600094020020C0020020A80200205C010020CC
:10E5700074010020002101704170416001724172FC
:10E5800070470000FEB50646A048807D012800D0F7
:10E59000FEBD9E48C07C002808D000209B49C8745E
:10E5A0009B48FEF773F89B48FCF7B8FB974803F0CD
:10E5B0001BFE002805D005220021944803F089FEA7
:10E5C000E6E79548FEF7FAFD9049C968401A7D21B3
:10E5D000C900884200D2DBE78F48FEF7EFFD8B4988
:10E5E000C86001208D49487388488068401C87496D
:10E5F000886008460068401C086089480069401C23
:10E6000087490861814803F0FBFC8048C07D0028F1
:10E6100004D0012857D004287DD1AFE0814800788C
:10E620007A498968009101907848C27D817D0023F4
:10E630007D48FEF7A7F9C4B221467A4803F034FAC0
:10E640007A48007971498968009101906F48C27DCC
:10E65000817D02237448FEF795F9C4B221467348C0
:10E66000FEF798F86A498868714904F03BFB074651
:10E67000FAF742FD054665488068019500906348B9
:10E68000C27D817D01236848FEF77CF904460022A3
:10E6900021465F48FDF760FE6648C0785B4989689F
:10E6A000009101905948C27D817D03235E48FEF7A9
:10E6B00069F9C4B221465F48FCF7B4FA0121534816
:10E6C00003F0DEFD9FE057480078504989680091CB
:10E6D00001904E48C27D817D00235348FEF752F9D8
:10E6E000C4B221464F4803F0DFF95048007947494A
:10E6F0008968009101904548C27D817D02234A4886
:10E70000FEF740F9C4B221464848FEF743F84049B5
:10E710008868474900E070E004F0E4FA0746FAF739
:10E72000EBFC054639488068019500903748C27D6A
:10E73000817D01233C48FEF725F90446002221464D
:10E740003348FDF709FE3B48C0783049896800919D
:10E7500001902E48C27D817D03233348FEF712F9D4
:10E76000C4B221463348FCF75DFA284880680F2878
:10E7700003D90421254803F083FD44E00021294802
:10E7800003F092F900212948FEF704F8002211460F
:10E790001F48FDF7E1FD2248C06B401C2049C863BB
:10E7A0001A4803F05FFA002804D00022022117481B
:10E7B00003F08FFD1548007D042803D11D48FCF7A8
:10E7C000BBF919E01B480078002804D00121194842
:10E7D000FCF728FA10E018480078002808D01548FF
:10E7E0004078002804D001211248FCF71BFA03E00E
:10E7F00000211048FCF716FA05E005220021034825
:10E8000003F067FD00BF00BF00BFC1E6D0050020D8
:10E81000A80200207401002014010020A807002095
:10E8200048070020940200201C070020C00200209E
:10E830000000C8425C0100208401002070470000F5
:10E8400010B504464D48807D052800D010BD4B48CA
:10E85000C07C002802D000204849C874484880780D
:10E86000002805D101220021444803F032FDEDE7E4
:10E870004448FEF7A3FC4149C968401A7D21C900FC
:10E88000884200D2E2E73F48FEF798FC3B49C86067
:10E8900001203B49487339488068401C37498860EB
:10E8A0000846C07D002860D137488078C007C00F77
:10E8B000002809D034488088642250430146002251
:10E8C0003248FDF749FD04E0002211462F48FDF7CC
:10E8D00043FD2D48408802210840022807D141030A
:10E8E0002B48FBF763FB2B48FCF718FA04E00121E7
:10E8F00089032748FBF758FB234840880421084038
:10E90000042805D12048017C2348FDF743FF03E09C
:10E9100000212148FDF73EFF1B48408808210840A0
:10E92000082805D11848017B1C48FCF77BF903E057
:10E9300000211A48FCF776F9134840881021084056
:10E9400010280DD11048C088002805D00E488179C4
:10E95000134803F0A9F807E000201149087003E00C
:10E9600000210F4803F0A0F805E001220021034830
:10E9700003F0AFFC00BF00BF00BF67E7D005002079
:10E98000A80700201401002006070020A80200208C
:10E990000008004874010020C00200205C01002033
:10E9A0009402002070470000FEB50646CA48807DEC
:10E9B000032800D0FEBDC848C07C002805D0002038
:10E9C000C549C874C548FCF7A9F9C34803F00CFC55
:10E9D00000280FD0C048C07D1E2805D10522002187
:10E9E000BD4803F076FC04E000220421BA4803F09D
:10E9F00070FCDFE7BA48FEF7E1FBB749C968401A87
:10EA00007D21C900884200D2D4E7B548FEF7D6FB85
:10EA1000B149C8600120B3494873AF488068401CC1
:10EA2000AD49886008460068401C0860AE4800692F
:10EA3000401CAD490861A84803F0E2FAAB4803F076
:10EA4000D5FDAB480078A449896800910190A2489F
:10EA5000C27D817D0023A748FDF794FFC4B2214603
:10EA6000A34803F021F8A44800799B4989680091E4
:10EA700001909948C27D817D02239E48FDF782FF67
:10EA8000C4B221469C48FDF785FE9C4988689C4994
:10EA900004F028F90746FAF72FFB05468E488068F0
:10EAA000019500908C48C27D817D01239148FDF73E
:10EAB00069FF0446012221469048FDF74DFC91482C
:10EAC000C07885498968009101908348C27D817D25
:10EAD00003238848FDF756FFC4B221468948FCF756
:10EAE000A1F87D48C07D32287EDB7B48C07D3B2875
:10EAF0007ADC7949C87D0A21F9F78EFBCCB2A100F6
:10EB0000794814304058401CA2007749143188508D
:10EB100074480A21415E704803F064FA002803D06B
:10EB20001C216D4803F0ACFB77490A20085EFAF718
:10EB30001FFB05467548C16D284604F0A9F803D8A7
:10EB40001C21654803F09CFB634803F003FA00288E
:10EB500003D01C21604803F093FB5F4880680A28BB
:10EB600066D95D4803F06EF8002856D166490A223E
:10EB70008A5E6300D239C95E501AFAF7F9FA05467F
:10EB80006248C16D284604F083F807D85E48807D4E
:10EB9000A04203DA5048007EFD280BDC4E48007E80
:10EBA000FD280DDA4C48007EA04209DA5648807DE7
:10EBB000A04205DA20463130C1B2474803F060FB7D
:10EBC00051490A228A5E6300E639C95E501AFAF793
:10EBD000CFFA05464D48C16D284604F0DBF809D848
:10EBE0004948C07DA04200E02CE003DD3A48007EA9
:10EBF000FD280BDC3848007EFD2819DA3648007EF7
:10EC0000A04215DD4048C07DA04211DD20463330D2
:10EC1000C1B2314803F034FB0AE03B48C07DA0425A
:10EC200006DD601C32221043C1B22B4803F028FBE2
:10EC30003748FCF705FA002803D01621264803F0D0
:10EC40001FFB00BF2448C07D162822D01C2802D0FC
:10EC50001E283ED139E02048806814280FD92B485F
:10EC600040301621415E6E2904DB1B4803F0EEF9AB
:10EC7000002804D004220121174803F02AFB16487B
:10EC80008068F02804D904220121134803F021FBF5
:10EC90001FE01148806832280FD91C4840301621E7
:10ECA000415E6E2904DB0C4803F0D0F9002804D043
:10ECB00004220121084803F00CFB07488068C8289B
:10ECC00002D901201249C87003E00448FCF729F872
:10ECD00000BF00BF00BF6DE6D0050020740100201A
:10ECE00014010020A8070020480700204801002048
:10ECF000940200201C070020C0020020A80200206F
:10ED00000000C8425C010020D0060020E80100207D
:10ED1000D0020020704700007CB505468548807D04
:10ED2000002800D07CBD8348C07C002808D000208B
:10ED30008049C8748048FBF7F4FF00207F4988733E
:10ED40007C4803F08FF9002815D07D48FEF766FA5D
:10ED50007C480068401C7B490860012205217948F5
:10ED600002F090FC00220121724803F0B2FA002068
:10ED700070490860D6E771484079002808D070488B
:10ED8000FEF74CFA1E2203216A4803F0A2FAC9E7F3
:10ED90006A488078002809D06648C07D012805D1DE
:10EDA00000220521634803F094FABBE763484078EA
:10EDB00000280CD05F48C07D012808D16048FEF7CC
:10EDC0002DFA002206215B4803F083FAAAE75E4889
:10EDD000FEF7F4F95749C968401A7D21C9008842F5
:10EDE00000D29FE75848FEF7E9F95249C860012070
:10EDF000524948734F488068401C4E498860084615
:10EE0000C07D012804D0032829D0052879D161E0EC
:10EE100000214E4802F048FE00214D48FDF7BAFCA3
:10EE2000002211464B48FDF797FA4248007D04281E
:10EE300003D14948FBF780FE10E0484800780028DD
:10EE400008D045484078002804D001214248FBF70B
:10EE5000E9FE03E000214048FBF7E4FE67E03B48A1
:10EE6000007834498968009101903248C27D817DE3
:10EE700000233B48FDF786FDC4B22146334802F02B
:10EE800013FE334800792B49896800910190294885
:10EE9000C27D817D02233248FDF774FDC4B2214654
:10EEA0002B48FDF777FC002211462A48FDF754FA5B
:10EEB00000212948FBF7B6FE1E488068C82804D800
:10EEC00028481621415E6E2903DA0121194803F012
:10EED000D7F92CE000211D4802F0E6FD00211C4876
:10EEE000FDF758FC002211461A48FDF735FA144880
:10EEF0000078002806D113484068401C114948603A
:10EF000005E00FE00F488068401C0E4988600D48FE
:10EF100002F028FA144802F013FC0121054803F01E
:10EF2000AFF904E00321034803F0AAF900BF00BFD2
:10EF300000BFF7E6D005002074010020A8070020DC
:10EF4000D401002048070020140100209402002072
:10EF5000C0020020A80200205C01002084010020E3
:10EF60001C0700202802002098070020704700217D
:10EF7000C17301737047000070B505460C46182C2C
:10EF800002D17148007870BD012C02D16F48807D9C
:10EF9000F9E7022C02D16D48C07DF4E7032C02D1C1
:10EFA0006A480068EFE7042C02D168488068EAE705
:10EFB000052C08D16649486E664903F093FE064663
:10EFC000FAF79AF8DFE7062C04D1614940311620A0
:10EFD000085ED8E7282C04D15D49C86DFAF78CF893
:10EFE000D1E7292C04D15A49086EFAF785F8CAE707
:10EFF000112C09D158494868564903F073FE06465A
:10F00000FAF77AF880B2BEE7122C09D15249886823
:10F01000504903F067FE0646FAF76EF880B2B2E791
:10F020000F2C02D14D480078ADE7102C02D14B488F
:10F030004078A8E7132C01D14948A4E7142C02D149
:10F04000484880689FE7152C02D1464800799AE726
:10F05000162C03D13E484030808E94E7192C02D103
:10F06000394880788FE71A2C02D13748C0788AE770
:10F070001B2C02D13448007985E71C2C02D1324880
:10F08000407980E71D2C02D12F4880797BE71E2C28
:10F0900002D12D48C07976E71F2C02D12A48007A88
:10F0A00071E7202C02D12848407A6CE7212C02D14C
:10F0B0002548807A67E7222C02D12448007C62E749
:10F0C000242C03D128490620085E5CE7252C03D1B7
:10F0D00025490820085E56E7262C02D122484079AF
:10F0E00051E72E2C03D12148FBF78EFD4BE7312C45
:10F0F00003D117488030008845E7322C03D11448EB
:10F10000803040883FE7332C03D11148803080881D
:10F1100039E7342C03D10E488030C08833E7352CD2
:10F1200003D10B48803000892DE7362C03D10848E5
:10F130008030408927E7372C03D10548803080890B
:10F1400021E70020C0431EE7D4010020D0050020A5
:10F15000E80100200000C842A8020020940200201C
:10F16000204E0000C0020020D00200205C010020E0
:10F1700013B59CB018211D984843FE49401880687B
:10F180000003400E1B9018211D984843F949401870
:10F190000089C004400F1A900846303801781B9847
:10F1A000814204D01B987F2801D01EB010BDF148C9
:10F1B000303841781A98814203D01A98072800D035
:10F1C000F3E718211D984843EA4940188068000D6C
:10F1D000159018211D984843E6494018008980057C
:10F1E000400E149018211D984843E2494018007AB7
:10F1F0004007400F139000200D900EE018211D983D
:10F200004843DC4940180F300D99415C0FAA0D9816
:10F2100011540D98401CC0B20D900D980828EDDBDC
:10F2200014986E2805DD14987B2802D000211C98C4
:10F23000C1731598010514984003091813988002AA
:10F240000818CC4930390978C9004018C949303903
:10F250004978401812901598072877D00FDC0728B6
:10F2600001D301F0D4F843007B449B885B009F44AA
:10F27000F7071300F70730056705680569050828D3
:10F280007ED0132801D100F0ECFF162801D101F047
:10F290004CF82228E5D1F4E31498400301214905F4
:10F2A0004118139880020818B24930390978C9000A
:10F2B0004018B049303949784018129008A8007FAA
:10F2C000010208A8407F0818142877D012DC05280E
:10F2D00075D008DC002820D0012838D0032874D04D
:10F2E00004286ED18EE006286CD007286BD0132836
:10F2F000F7D1C6E1432867D008DC16287DD02D2839
:10F300007CD041287BD04228EBD1E7E2442877D05B
:10F31000452876D04628E4D1FCE3FF2010220523BF
:10F320000490029303920590002017210091019010
:10F3300008A8407F0D9008A8007F0C9002468D48D9
:10F3400030380D9B1299FDF76FFE70E2FEE301214C
:10F350001C98C17008A8807FFF2803D108A8C07F2F
:10F36000FF2809D008A8807F010208A8C07F0818DC
:10F370003C214843804948607F4840683C2100E088
:10F38000F4E30D90F8F73EFF80B21690FF20029054
:10F390000390049005901698C1B20012019100905C
:10F3A00008A8407F0D9008A8007F0C900246714885
:10F3B00030380D9B1299FDF737FEC6E76FE156E036
:10F3C00003E0FDE36EE018E194E201211C98017175
:10F3D000FF2002900390049005900090019008A8EF
:10F3E000407F0D9008A8007F0C900246614830389D
:10F3F0000D9B1299FDF718FEA7E76FE17CE117E27C
:10F40000DEE213E301211C98417108A8807FFF28E8
:10F4100003D108A8C07FFF2809D008A8807F010277
:10F4200008A8C07F08183C21484353494860524807
:10F4300040683C210D90F8F7E5FE80B21690FF2061
:10F4400002900390049005901698C1B200120191A9
:10F45000009008A8407F0D9008A8007F0C900246FD
:10F46000444830380D9B1299FDF7DEFD6DE74348A7
:10F47000FDF7D4FEFF200290039004900146059012
:10F480003E4800780191009008A8407F0D9008A8A0
:10F49000007F0C900246374830380D9B1299FDF7DB
:10F4A000C3FD52E708A8807FFF2803D108A8C07FCA
:10F4B000FF2809D008A8807F010208A8C07F08188B
:10F4C0003C2148432C49486010A800780007000FF1
:10F4D0000F2808D010A800780007000F01460D90F3
:10F4E000254802F003FC10A80078F0210840F0281D
:10F4F00008D010A800780840001101460D901E4861
:10F5000002F0FBFB1C4802F0FFFB10A84078010250
:10F5100010A88078081880B2169019491698884269
:10F5200003D0169801B21748818510A8C0788007CB
:10F53000800F0E900E98032809D00E98012801D153
:10F54000114908700E98002801D10F49087010A8C1
:10F55000C0780C2108400E900E980C2817D00E98F9
:10F56000042802D10120084948700E9800280ED1C5
:10F5700005490BE0EC070020D0050020D401002055
:10F58000FFFF0000D00600205C0100204870FE480C
:10F5900040683C210D90F8F735FE80B21690FB488C
:10F5A00040788000F94909784018C0B20E90F848B8
:10F5B000808DC2B2F648808D0004000EF24B5B7D58
:10F5C0001B01F14C247D1B19DBB20E9902930492AE
:10F5D000059103901698C0B21699091200910190F6
:10F5E00008A8407F0D9008A8007F0C900246E948CB
:10F5F0000D9B1299FDF718FD69E308A8807F0A2882
:10F600002BDAFF2308A8807F4100DF482E30415CC1
:10F6100008A8807F4200DC482E30805A0004020E89
:10F6200008A8807F4400D8481A30005D05930392F3
:10F630000491029008A8807F4100D3481A30405AB4
:10F640000004000E08A9897F082300220091019080
:10F65000D0481299FDF7E8FC12E0FF2002900390D9
:10F66000049005900090019008A8407F0D9008A894
:10F67000007F0C900246C7480D9B1299FDF7D4FC01
:10F6800025E308A8807FFF2803D008A8807FBE4913
:10F69000087607227F21C048FDF752FF17E3BF48D5
:10F6A00001F04CFBFF200290039004900590BB48B2
:10F6B0004030808EC0B2B9494031898E0912009124
:10F6C000019008A8407F0D9008A8007F0C9002468A
:10F6D000B0480D9B1299FDF7A7FCF8E2B048B1497C
:10F6E000C86300BFBFF34F8FAF48B049C860BFF3D6
:10F6F0004F8F00BF00BFFEE708A8807F8007800F04
:10F700000E900E98012801D1A949C8720E980028C0
:10F7100001D1A749C87208A8807F0C2108400E902B
:10F720000E98042802D10120A14908730E980028E0
:10F7300001D19F49087308A8807F302108400E90AE
:10F740000E98102802D10120994948730E9800287C
:10F7500001D19749487308A8807FC02108400E90C6
:10F760000E98402802D10120914988730E980028F4
:10F7700001D18F49887308A8C07F8007800F0E9041
:10F780000E98012801D18A49C8730E98002801D12A
:10F790008749C87308A8C07F0C2108400E900E98B6
:10F7A000042802D10120824908740E98002801D152
:10F7B0007F49087408A8C07F302108400E900E9839
:10F7C000102802D101207A4948740E98002801D1EE
:10F7D0007749487408A8C07FC02108400E900E9851
:10F7E000402802D10120724988740E98002801D166
:10F7F0006F4988746E48FDF7F6FC0D906C48FDF774
:10F80000E5FC0C90FF2002900390049005900D9968
:10F810000C980191009008A8407F0B9008A8007FE9
:10F820000A9002465B480B9B1299FDF7FDFB4EE2E6
:10F8300008A8807F072806D00A2824D00C2813D0D7
:10F840001B2840D130E0012154488030C17708A8FE
:10F85000C07F010210A80078081800B20D90F9F7D7
:10F8600087FC4E49C86537E001214C48A030017043
:10F8700008A8C07F010210A80078081801B2474804
:10F880004030C18228E001214448A030417008A8DE
:10F89000C07F010210A80078081800B20D90F9F797
:10F8A00067FC3E49086617E001213C4880308177BB
:10F8B00008A8C07F010210A80078081801B23748D4
:10F8C0004030818208E00021344880308177C17760
:10F8D00020300170417000BF00BFF8E12A48807DF0
:10F8E000002806D12848C07D012802D13048FDF704
:10F8F00095FCECE108A8807F8007800F0E900E98A1
:10F9000003280BD00E98012802D101211C984170C8
:10F910000E98002802D100211C98417008A8807F11
:10F920000C2108400E900E980C280BD00E9804283D
:10F9300002D101211C9881700E98002802D100216B
:10F940001C9881701C984078002806D01C988078FC
:10F95000002802D000211C988170FF2002900390A3
:10F960000490014605901C98807882001C9840788D
:10F970001018C0B20191009008A8407F0D9008A80F
:10F98000007F0C90024615E0D00500205C010020AD
:10F99000D0060020BC070020D1010020E801002093
:10F9A00055AA1600C00000200400FA0500ED00E092
:10F9B000D4010020F8480D9B1299FDF735FB86E134
:10F9C0001C984078002830D008A8807F8007800FDE
:10F9D0000E900E98032809D00E98012801D1EF4906
:10F9E00008720E98002801D1EC49087208A8C07F5F
:10F9F000FF2803D008A8C07FE849087010A8007845
:10FA0000FF2803D010A80078E449487010A8407877
:10FA1000010210A88078081880B21690E049169864
:10FA2000884202D0DD491698486050E108A8C07F9E
:10FA3000010210A80078081880B2169008A8807FEC
:10FA4000032843D006DC002809D001281AD0022858
:10FA50006CD129E004284BD0172867D15BE0D0494E
:10FA6000169888420CD0CF4916988880084680881E
:10FA70000A2802DD0A21CB488180CA488088169076
:10FA800057E0EAE3C649169888420CD0C549169853
:10FA9000488108464089012802DD0121C148418191
:10FAA000C0484089169044E0BD49169888420CD061
:10FAB000BC49169808820846008A642802DD642141
:10FAC000B8480182B748008A169032E0B4491698C7
:10FAD00088420CD0B349169888810846808901284D
:10FAE00002DD0121AF488181AE488089169020E077
:10FAF000AB49169888420CD0AA491698C881084686
:10FB0000C089642802DD6421A648C181A548C08956
:10FB100016900EE02BE0A2491698884205D0A14924
:10FB20001698C8800846C088169002E09C48169037
:10FB300000BF00BFFF211698C0B203910491059148
:10FB400002901698001208A9897F00E0B0E10091A8
:10FB5000019008A8407F0D9008A8007F0C900246F5
:10FB60008D480D9B1299FDF75FFAB0E046E208A8B8
:10FB7000807F8007800F012806D18A484088FE21B7
:10FB80000840401C8749488008A8807F8007800F74
:10FB9000002805D183484088FE21084081494880DB
:10FBA00008A8807F0C210840042806D17D484088A1
:10FBB000FD210840801C7B49488008A8807F00E028
:10FBC00071E00C210840002805D176484088FD21CD
:10FBD00008407449488008A8807F302108401028D8
:10FBE00006D170484088FB210840001D6D494880BF
:10FBF00008A8807F30210840002805D16948408846
:10FC0000FB2108406749488008A8807FC021084040
:10FC1000402806D163484088F721084008306149F0
:10FC2000488008A8807FC0210840002805D15D4891
:10FC30004088F72108405B49488008A8C07F8007BA
:10FC4000800F012806D157484088EF210840103026
:10FC50005449488008A8C07F8007800F002805D13C
:10FC600050484088EF2108404E49488008A8C17F8D
:10FC7000FC20014308A8C177FF2002900390049064
:10FC8000059008A8C17F807F0191009008A8407F5F
:10FC90000D9008A8007F0C9002463F480D9B1299DA
:10FCA000FDF7C2F913E0FF20029003900490059045
:10FCB0000090019008A8407F0D9008A8007F0C904C
:10FCC000024635480D9B1299FDF7AEF900BF00BF03
:10FCD0009DE308A8007F010208A8407F081880B2B1
:10FCE00001460D901C98FFF747F980B21690FF224D
:10FCF0001698C1B2001202AB07C305921698011400
:10FD000000160191009014984003012189054118C3
:10FD100013988002081820490978C90040181E4924
:10FD2000497840180B9008A8407F0D9008A8007FE4
:10FD30000C90024618480D9B0B99FDF775F966E388
:10FD400065E364E308A8007F010208A8407F081863
:10FD500080B2179017980A38030002F0CBFC1E10EF
:10FD600016272D33393F454B8951898989898989DE
:10FD700089575D676D7379898989898983890A487B
:10FD8000139A1499FDF7DCFB90E00748139A149935
:10FD9000FDF70CFC8AE00000BC0700202C070020C7
:10FDA000FFFF000006070020D1010020F748139A4A
:10FDB0001499FDF729FC79E0F448139A1499FDF79A
:10FDC0007DFC73E0F148139A1499FDF7BDFC6DE0DA
:10FDD000EE48139A1499FDF7EBFC67E0EB48139A91
:10FDE0001499FDF719FD61E0E848139A1499FDF79D
:10FDF00043FD5BE0E548139A1499FDF75FFD55E07C
:10FE0000E248139A1499FDF781FD4FE0DF48139AF9
:10FE10001499FDF7ABFD49E008A8807F03460D90DB
:10FE2000DA48139A1499FDF7E3FD3FE0D748139A97
:10FE30001499FDF799FE39E0D448139A1499FDF707
:10FE4000D5FE33E0D148139A1499FDF70BFF2DE04E
:10FE500008A8807F03460D90CC48139A1499FDF7AB
:10FE600047FF23E0C948139A1499FDF7EBFF1DE003
:10FE7000FF20029003900490059000900190179845
:10FE80000105149840030918139880020818C04906
:10FE90000978C9004018BE4949784018FF231A461E
:10FEA00001460D90BA48FDF7BFF800BF00BFAEE2B3
:10FEB00008A8007F002806D0012818D0022849D0C1
:10FEC00003287DD15AE0B348FCF710F8FF200290D8
:10FED0000390049005900090019008A8007F0346CD
:10FEE00004220D90AA481299FDF79EF884E010A80C
:10FEF0000078010610A840780004091810A880783E
:10FF00000002091810A8C07808180D9008A8807F72
:10FF1000010208A8C07F08180C9001469D480D9A60
:10FF2000FBF752F910A8C1788278437800780393E0
:10FF300004920591029008A8C17F807F01910090F2
:10FF400008A8007F034604220D9091481299FDF7FE
:10FF50006BF851E08F48FBF7AFFBFF200290039056
:10FF6000049005900090019008A8007F03460422A9
:10FF70000D9087481299FDF757F83DE008A8807F5B
:10FF8000010208A8C07F081801460D908148FBF7C0
:10FF9000A9FA11901198C1B20004020E1198000242
:10FFA000030E1198000E039304920591029008A885
:10FFB000C17F807F0191009008A8007F034600E088
:10FFC00006E004220D9072481299FDF72DF813E017
:10FFD000FF20029003900490059008A8C17F807FC5
:10FFE0000191009008A8007F034605220D90684803
:10FFF0001299FDF719F800BF00BF08E26648807D3E
:020000040801F1
:10000000002803D16448C07D012803D06248807D68
:10001000052873D108A8007F3021084000286ED140
:1000200008A8007F0007000F002804D0032809D08B
:10003000062806D164E0594801F056FB574801F004
:10004000FCF983E010A80078010210A84078081895
:1000500080B2199010A88078010210A8C078081802
:1000600080B2189000200D9043E01998C0004C49D0
:1000700041180D98C00008180C904A490C98884205
:1000800000D93AE048480C99FAF706FE0B900B9815
:10009000401C002800D130E00C99091D4248FAF7B5
:1000A000FBFD0A900A98401C002800D125E00A9820
:1000B000C1B20004020E0A980002000E0A9B1B0E39
:1000C00002930492059103900B98C0B20B99090416
:1000D000090E009101900B980002000E03460422C5
:1000E00009902B481299FCF79FFF0D98401C80B295
:1000F0000D9018990D988842B7DB27E0ACE026E018
:1001000010A80078010210A84078081801460D9048
:10011000224801F0D7F811901198C1B20004020EE4
:1001200011980002030E1198000E0393049205919A
:10013000029010A8407810A90978FF2304220091AA
:10014000019013481299FCF76FFF00BF00BF08A889
:10015000007F3021084010287ED108A8007F0007CA
:10016000000F002802D0032879D121E000200B9055
:1001700007E00E480B9901F0CBFB0B98401CC0B276
:100180000B900B980228F4DB69E00000D1010020FD
:10019000BC07002038070020D005002048070020B9
:1001A00000E00108F8E70108B401002098070020EA
:1001B00010A80078010210A84078081880B20D90AD
:1001C00010A88078010210A8C078081880B20C909E
:1001D00000200B903BE0904801680D98C000091882
:1001E0000B98C00008180A908B48C06808380A9914
:1001F000884200D22FE089480A99FAF74DFD09900C
:100200000A99091D8548FAF747FD08900898C1B278
:100210000004020E08980002030E0898000E0393D3
:100220000492059102900998C1B20004000E019158
:10023000009009980002000E0346042207907848B7
:100240001299FCF7F1FE0B98401C80B20B900C99B0
:100250000B988842BFDB01E002E076E000BF00BF00
:10026000D5E008A8007F012841D108A8407F800779
:10027000800F03280AD008A8407F8007800F00283D
:1002800001D0012000E000206649087008A8407FE6
:100290000007800F03280AD008A8407F0007800FBE
:1002A000002801D0012100E000211C98017008A85D
:1002B000407F0016032804D008A8407F00161C9930
:1002C000887108A8807F4B381C99488110A8007855
:1002D0008007800F03280AD010A800788007800FBD
:1002E000002801D0012100E000211C98017208A81B
:1002F000007F022818D108A8407F4B384A4948811E
:1003000008A8807F4B38888108A8C07F4B38C881F7
:1003100010A800784B38088210A840784B384882E3
:1003200010A880784B38888271E010A8C0788011BE
:10033000032809D010A8C0788011002801D001211D
:1003400000E000211C98C17161E03848807D0028E0
:100350005CD13648C07D012858D114984003232130
:10036000090541181398800209182D480078C0002B
:1003700008182B4949784018129008A8007F0106F8
:1003800008A8407F0004091808A8807F0002091807
:1003900008A8C07F08180D9000200C902CE01F4882
:1003A0000D99FAF779FC11901198C1B20004020E70
:1003B00011980002030E1198000E03930492059108
:1003C00002900D98C0B20D990904090E0091019098
:1003D0000D980002000E0B900D98000E0A90024638
:1003E0000F480B9B1299FCF71FFE0D98001D0D90F6
:1003F0000C98401C80B20C9010A80078010210A844
:10040000407809180C988142C9DC00BF00BF00BFCA
:1004100000BFFEF7CAFE000098070020B4010020CC
:10042000BC07002094010020D0060020D005002049
:1004300010B504464D480078C007C00F00280CD105
:100440004A4802F065F9002807D04948FCF7B6FE93
:10045000484908604548C046C04647480078C0073C
:10046000C00F00280CD1444802F052F9002807D0F0
:100470003F48FCF7A3FE414908603F48C046C046DC
:100480003B48FCF79BFE3D490968401A642809D3A4
:100490003A48006864303949086007227F213848AB
:1004A000FDF728F83248FCF789FE32490968401AFE
:1004B00032285AD32E48FCF781FE2E490860607B13
:1004C000002852D02F480078401C2E49087008465A
:1004D0000078030002F00EF90A3E060C12181E25E1
:1004E0002C32383E07227F212548FDF75FF83BE09C
:1004F00007227F212248FDF787F835E007227F2178
:100500001F48FDF7DBF82FE007227F211C48FDF78D
:100510001BF929E0012307227F211948FDF768FA1A
:1005200022E0022307227F211548FDF761FA1BE034
:1005300007227F211248FDF717FB15E007227F21D4
:100540000F48FDF753FB0FE007227F210C48FDF712
:1005500089FB09E007227F210948FCF7F1FF002011
:1005600008490870607300BF00BF10BDC4010020BF
:1005700014010020C8010020C0010020CC0100208F
:10058000D1010020D0010020012101747047002119
:100590000174704770B504462A480078C007C00F40
:1005A00000280CD1274802F0B3F8002807D02648CD
:1005B000FCF704FE254908602248C046C0460020DA
:1005C000E070207160712046FFF732FF002510E0D7
:1005D000182068431E49085C002808D02946204698
:1005E000FEF7C6FD00221820684319490A54681C0A
:1005F000C5B20A2DECDB1448FCF7E0FD134909688D
:10060000401A7D21C90088421AD30F48FCF7D6FD55
:100610000E490860207C002812D0A07B00280FD152
:100620000C48807D002803D10A48C07D012807D0EE
:10063000E07B401CE073E07B1E2801DD012020737D
:1006400070BD0000B801002014010020BC01002092
:10065000EC070020D00500200021017001724170DC
:1006600081700173C17301210174002141737047CE
:1006700010B588B004464548206001218804F9F788
:10068000D7FC01218803F9F7E3FC06A8F9F790FCF1
:1006900001208002069002216846017700218177BF
:1006A000C1770321417706A93948F9F709FC06A863
:1006B000F9F77EFC0120C00306900221684601770D
:1006C00000218177C1770321417706A93048F9F7E6
:1006D000F7FB06A8F9F76CFC0120800306900221C5
:1006E000684601770021C1770321417706A9284890
:1006F000F9F7E6FB06A8F9F75BFC0120000306907A
:1007000001216846017700218177C1770321417774
:1007100006A91F48F9F7D4FB012109031C48F9F782
:1007200045FC05220A211A48F9F712FC00220F2184
:100730001748F9F70DFC00220E211548F9F708FCBF
:1007400001A8F9F784FD002168468180072109028C
:100750000181022141810121818103210902C1819D
:100760001821018200214182FF210531C18001A9A8
:100770000648F9F72BFD01210448F9F7EFFC0121A8
:1007800009030248F9F754FD08B010BD00380040D5
:10079000000400481CB50446012301AA0F2120468D
:1007A00000F074F8207168460079B12803D06846DB
:1007B0000079B32830D1B820607568460079B12837
:1007C00001D1A07501E0B320A0752820E0750520B7
:1007D0002076A17F009101236A461821204600F06F
:1007E000B5F8217908402071E08B011200910123B6
:1007F0006A461921204600F0A9F8217908402071A5
:100800005221009101236A461021204600F09EF8F3
:100810002179084020711CBD00BFFCE7F8B50546F2
:100820000E460024A87DB12802D0A87DB3282BD184
:100830000021009101236A461021284600F086F825
:100840000443F1B2009101236A461821284600F0C2
:100850007DF804433004010E009101236A461921FA
:10086000284600F073F804435221009101236A46A0
:100870001021284600F06AF8044301236A460F213C
:10088000284600F003F804432046F8BDF8B50746B3
:100890000D4614461E4600BF80212A48F9F76CFC1D
:1008A0000028F9D1012109032748F9F77DFB00BF92
:1008B00002212448F9F760FC0028F9D001212148E1
:1008C000F9F75AFC002802D01E48F9F7ABFC80204B
:1008D000284301461B48F9F7B5FC00BF80211948A1
:1008E000F9F74AFC0028F9D11648F9F79BFC16E005
:1008F00000BF02211348F9F73FFC0028F9D000217E
:100900001048F9F79FFC00BF80210E48F9F734FC2E
:100910000028F9D10B48F9F785FC2070641C30469B
:10092000711E8EB20028E3D100BF80210548F9F77F
:1009300023FC0028F9D1012109030348F9F736FB0C
:100940000120F8BD0038004000040048F8B5044616
:100950000E4615461F4600BF80212068F9F70CFCA3
:100960000028F9D1012109031748F9F71DFB00BF41
:1009700002212068F9F700FC0028F9D07106490E21
:100980002068F9F75FFC0BE000BF02212068F9F74F
:10099000F3FB0028F9D029786D1C2068F9F752FC88
:1009A0003846791E8FB20028EED100BF8021206822
:1009B000F9F7E2FB0028F9D1012109030248F9F710
:1009C000F5FA0120F8BD00000004004810B5044607
:1009D0000E48FCF7F3FB0E490968401A052807D9B1
:1009E0000A48FCF7EBFB0A4908600A4800F014F8D3
:1009F000A07B002809D00020A073A1892046FFF722
:100A00000DFF002801D0A089E08310BD1401002053
:100A100050010020E4020020F0B587B004460A2708
:100A2000A07DB12802D0A07DB3284ED1237EE17DE8
:100A3000224619322046FFF729FF37480088002850
:100A400005DD35480088401E334908803DE0E07EE2
:100A50000104A07E00020818617E45182846F8F7B8
:100A600087FB0190F8F748FA00222C4B0391029083
:100A7000F7F774FE05910490F7F786FC28490A8879
:100A80000988491C264B19809100264A5050294656
:100A90002548FBF75DFA224800880A2802DB00207F
:100AA0001F490880214800880A2804DA1F48008866
:100AB000401C1E490880617F0A02217F5018642172
:100AC000F7F7AAFB40B2207500BF1848008800283D
:100AD0001FDD0026002507E0A800124A1158304605
:100AE00002F090F806466D1C104800888542F3DB42
:100AF0000E480088F8F744FB054629463046F8F7CB
:100B000025FA20610A49206902F0C2F801D2094899
:100B1000206107B0F0BD0000580100200000E44053
:100B200054010020040300202C0300205601002063
:100B30000000204200007F43002181731321C9433C
:100B40008181704710B594B0044601214804F9F73B
:100B50006FFA01218804F9F76BFA12A8F9F728FA5D
:100B600078201290032110A801730021C173032182
:100B7000417312A90920C006F9F7A2F978210920CA
:100B8000C006F9F713FA12A8F9F712FA0420129026
:100B9000012110A801730021C1730321417312A91F
:100BA0004648F9F78DF912A8F9F702FA0120000377
:100BB0001290012110A801730021C1730321417318
:100BC00012A90920C006F9F77BF904213B48F9F77F
:100BD000EBF9012109030920C006F9F7E5F93848C6
:100BE000F8F704FC01214802F9F752FA0CA8F8F7CB
:100BF0005EFC00200C90012108A8017500201090D7
:100C000011900CA92E48F8F737FC0120F8F758FC92
:100C10000120F8F77DFC0120F8F766FC072229493E
:100C20002748F8F7B6FB02212548F8F7D6FB2448F9
:100C3000F8F7ECFB01212248F8F7B7FB00BF0121D0
:100C40001F48F8F701FC0028F9D001211C48F8F7EB
:100C5000B8FB01210846F9F7EBF901A8F9F758F8B4
:100C60001748403001900294002003902020049007
:100C7000002005908020069040000790800008909A
:100C80002020099000020A9000200B9001A90E4834
:100C9000F9F71EF8012202210B48F9F70FF8092095
:100CA00001218140094A116000BF01210648F8F77F
:100CB000E9FF0348F8F7F6FB14B010BD0004004844
:100CC00000240140780107000800024000E100E034
:100CD00000227D210A547E210A5476210A5479216A
:100CE0000A547A210A547B210A547C210A54A221F5
:100CF0000A54A3210A54A4210A54A5210A54A62166
:100D00000A54A7210A54A8210A54704710B5024674
:100D10000B460020002107E0CC00E4186400145BBF
:100D20002418A0B24C1CE1B20429F5DB0146C4171B
:100D3000A40F6418A403200C10BD000010B50446D5
:100D4000FF21F5310548FCF721FA8020015B742072
:100D500001530348FAF7B0FC10BD00001401002055
:100D600038070020F0B58FB00446F7480078C00778
:100D7000C00F00280CD1F44801F0CAFC002807D0AD
:100D8000F248FCF71BFAF2490860EF48C046C0463B
:100D9000EE48FCF713FAEE490968401AC8287DD3DB
:100DA000EA48FCF70BFAEA49086000212046FFF701
:100DB000ADFF8021085301212046FFF7A7FF8221C4
:100DC000085302212046FFF7A1FF84210853032185
:100DD0002046FFF79BFF8621085305212046FFF799
:100DE00095FF8A21085306212046FFF78FFF8C21AB
:100DF000085307212046FFF789FF8E21085304215D
:100E00002046FFF783FF882108538C22115BD14ACB
:100E1000528BD14B5A431046F7F7FEF90746F8F7C5
:100E2000A7F920648E21085BF8F7AAF90C9001203D
:100E30008007216C01F056FF0B900C9901F052FFD6
:100E4000C6490D90F8F782F80746C549F8F77EF8CD
:100E5000E0648C21085BF8F793F90C90216C01F0A9
:100E600041FFBE490D90F8F771F80746BC49F8F705
:100E70006DF8A0648621085BF8F782F90790216C71
:100E800001F030FF0746F8F737F8B64AB64B09913C
:100E90000890F7F70DFF0022B44B00E0F8E10B914A
:100EA0000A90F7F75BFC0D910C90F7F76DFA60660E
:100EB000AF49606E01F016FF0746F8F71DF981B2E1
:100EC000682001538821085BF8F75AF90790216CD4
:100ED00001F008FF0746F8F70FF8A64AA64B09915C
:100EE0000890F7F7E5FE0022A04B0B910A90F7F768
:100EF00035FC0D910C90F7F747FA20658A22125BBA
:100F0000944B5B8B5A4310468C22115BF7F784F9A4
:100F10009049098B461A994846438E4820304088AC
:100F20008C4A128B811A3046F7F776F906469448B8
:100F300036187D21C9003046F7F76EF901B244201A
:100F400001539F20005D002831D19C22115B942227
:100F50001059F7F757F985B22846F7F7A6FE05911D
:100F60000490206CF7F7C8FF0022864B0191009097
:100F7000F7F79EFE03910290059B049AF7F798FEFF
:100F800000227A4B07910690F7F7E8FB00227E4B90
:100F900009910890F7F7E2FB00227C4B0B910A9035
:100FA000F7F7B9FB0D910C90F7F7EEF9E065A1208A
:100FB000005D002831D19C22115B98221059F7F76F
:100FC00021F985B22846F7F770FE05910490206C50
:100FD000F7F792FF00226B4B01910090F7F768FE44
:100FE00003910290059B049AF7F762FE00225F4B83
:100FF00007910690F7F7B2FB0022634B0991089026
:10100000F7F7ACFB0022614B0B910A90F7F783FBDB
:101010000D910C90F7F7B8F92066216EE06D01F0A4
:10102000B9FE04D2E06D216EE165206600BF9C220E
:10103000115B90221059F7F7E5F885B27421095B2E
:10104000681AF8F795F808905148216C01F04AFEAB
:101050000790089901F046FE07464049F7F776FFEA
:101060000990F7F749FF4B4A4B4B0B910A90F7F762
:1010700075FB0D910C90F7F795FD01B258200153C7
:10108000A020005D002807D15820015B4420005BB0
:10109000081801B2562001530021902001519420DC
:1010A0000151982001519C200153216F606E01F085
:1010B00071FE0CD2A720005D401CC1B2A7200155D3
:1010C000005D0A2806DD01217D20015502E0002196
:1010D000A7200155E16E606E01F0DAFD10D22F48B5
:1010E000407900280CD1A820005D401CC1B2A82086
:1010F0000155005D4B2806DD01217E20015502E0EF
:101100000021A82001556A20005D182807D1244934
:10111000606E01F0BDFD02D201217E2001558020CC
:10112000015B7420005B963881423BDAA220005DAF
:10113000401CC1B2A2200155005D052835DD01210A
:101140007620015531E00000240100201401002028
:1011500028010020A0F7FF1FE40C000000F07F45ED
:1011600000007A44BA490C022B87863F00FEAF404C
:1011700000002041352905DD5ED2783F803801002E
:10118000906500000060634000408F400010714097
:101190000000D0419A99999999D94240C002002003
:1011A000000040410021A22001553A49E06D01F0C4
:1011B000F1FD13D2A320005D642805DAA320005DB1
:1011C000401CC1B2A3200155A320005D052808DD05
:1011D0003148E06501217920015502E00021A3207A
:1011E00001552E49E06D01F053FD14D2A420005D9D
:1011F000642805DAA420005D401CC1B2A42001557A
:10120000A420005D052809DDC3200006E06501215A
:101210007A20015502E00021A42001551D49206ECD
:1012200001F0B8FD13D2A520005D642805DAA520E1
:10123000005D401CC1B2A5200155A520005D052818
:1012400008DD1548206601217B20015502E00021C0
:10125000A52001551149206E01F01AFD14D2A620D7
:10126000005D642805DAA620005D401CC1B2A620FE
:101270000155A620005D052809DDC3200006206673
:1012800001217C20015502E00021A620015500BF6C
:101290000FB0F0BD000048430000FE420000C8C28D
:1012A00000B5034600219E20C1549F20C154A020B8
:1012B000C154A120C1541846FFF70AFD002018654B
:1012C000184600BD0246012901D110687047032964
:1012D00001D15068FAE7042901D19068F6E70629A0
:1012E00001D1D068F2E7072901D11069EEE708299A
:1012F00001D15069EAE7092901D19069E6E70A2995
:1013000001D1D069E2E70B2901D1106ADEE70C298F
:1013100001D1506ADAE70D2901D1906AD6E70E298A
:1013200001D1D06AD2E70F2901D1106BCEE7102985
:1013300001D1506BCAE7112901D1906BC6E713297F
:1013400001D1D06BC2E7142901D1106CBEE7152979
:1013500001D1506CBAE7162901D1906CB6E7002094
:10136000C043B3E710B50446204600F0BDF920465F
:1013700000F0D0F901212046226800F05FF9032136
:101380002046626800F05AF904212046A26800F065
:1013900055F906212046E26800F050F90721204661
:1013A000226900F04BF908212046626900F046F9F5
:1013B00009212046A26900F041F90A212046E2698C
:1013C00000F03CF90B212046226A00F037F90C218D
:1013D0002046626A00F032F90D212046A26A00F030
:1013E0002DF90E212046E26A00F028F90F2120464F
:1013F000226B00F023F910212046626B00F01EF9E9
:1014000011212046A26B00F019F913212046E26B4E
:1014100000F014F914212046226C00F00FF9152178
:101420002046626C00F00AF916212046A26C00F0FA
:1014300005F9204600F052F910BD70B504460121AF
:10144000204600F0D7F80546681C002801D120602E
:1014500000E025600321204600F0CCF80546681C1A
:10146000002801D1606000E065600421204600F0A2
:10147000C1F80546681C002801D1A06000E0A56005
:101480000621204600F0B6F80546681C002801D168
:10149000E06000E0E5600721204600F0ABF805467B
:1014A000681C002801D1206100E025610821204648
:1014B00000F0A0F80546681C002801D1606100E03A
:1014C00065610921204600F095F80546681C002852
:1014D00002D10021A16100E0A5610A21204600F0AF
:1014E00089F80546681C002802D10021E16100E06E
:1014F000E5610B21204600F07DF80546681C0028B8
:1015000002D10021216200E025620C21204600F07A
:1015100071F80546681C002802D10021616200E0D4
:1015200065620D21204600F065F80546681C00281C
:1015300002D10021A16200E0A5620E21204600F048
:1015400059F80546681C002802D10021E16200E03C
:10155000E5620F21204600F04DF80546681C002882
:1015600002D10021216300E025631021204600F014
:1015700041F80546681C002802D10021616300E0A3
:1015800065631121204600F035F80546681C0028E7
:1015900002D10021A16300E0A5631321204600F0E1
:1015A00029F80546681C002801D1E06300E0E563E6
:1015B0001421204600F01EF80546681C002801D1C1
:1015C000206400E025641521204600F013F805464C
:1015D000681C002801D1606400E065641621204683
:1015E00000F008F80546681C002801D1A06400E05E
:1015F000A56470BDF8B507460D460D4C11E02146B7
:101600000C48F9F749FB0646701C002801D1401E22
:10161000F8BDAE4204D1211D0648F9F73DFBF7E7BE
:10162000083405488442EAD30020C043F0E70000B4
:1016300000E00108B401002000E8010870B504468C
:101640000D4616460C49E06C884213D30B49E06CFA
:1016500088420FD82A460A48E16CF9F7FCFAE06C98
:10166000001DE06432460648E16CF9F7F4FAE06CDC
:10167000001DE06470BD000000E00108F8E701080B
:10168000B4010020F7B506460D46114C1AE021467C
:101690001048F9F701FB0746781C002811D13046A5
:1016A00000F038F82A4621460A48F9F7D4FA241DF2
:1016B00021460848029AF9F7CEFA304600F00EF8B3
:1016C000FEBD083404488442E1D300BFF8E70000BF
:1016D00000E00108B401002000E8010810B504464C
:1016E000F8F768FB10BD000070B50546002407E060
:1016F000E002064A81180648F9F7BFFA601CC4B236
:10170000012CF5DB0148E86470BD000000E0010831
:10171000B401002010B50446F8F7ACFB10BD000082
:1017200010B50146002005E000238400034A135150
:10173000421CD0B20A28F7DB084610BD5C07002027
:10174000FEB506465F480078002800D1FEBD0025A2
:10175000AEE0A8003458A2E021465B48F9F79CFAB5
:1017600001900198401C00287DD1A9003046083026
:10177000415820466030814276D9304600F0D6F894
:1017800000239A1F2146304600F0AAF808344D483D
:10179000037818222146304600F0A2F808344B485E
:1017A000837D01222146304600F09AF808344748EC
:1017B000C37D02222146304600F092F808344348A7
:1017C000032221460368304600F08AF808343F4877
:1017D000042221468368304600F082F808343C49F0
:1017E000486E3C4901F07EFA0090F7F785FC074609
:1017F0003B4605222146304600F072F80834344852
:1018000040301623C35E06222146304600F068F8B9
:1018100008342F49C86DF7F76FFC07463B4628226E
:101820002146304600F05CF808342949086EF7F785
:1018300063FC07463B4629222146304600F050F81B
:1018400008342548437926222146304600F048F8DE
:10185000083422490869F7F74FFC07463B463C220B
:101860002146304601E019E017E000F039F808346D
:10187000304600F047F8A90030460830415820466D
:101880006030814208D8681C022804DAC1B23046B0
:1018900000F03EF85AE709E058E707E00834A900ED
:1018A000304608304058A04200D955E7681CC5B200
:1018B000022D00DA4DE70021304600F029F800BF84
:1018C00044E70000D4010020B4010020D00500202E
:1018D000E80100200000C842D0020020E4020020FD
:1018E000F8B507460C4616461D46324621460448C2
:1018F000F9F7B1F92A46211D0148F9F7ACF9F8BD0D
:10190000B401002010B50446F8F754FA10BD0000E9
:1019100070B505460C46022C04DAA000295802488E
:10192000F9F7ABF970BD0000B401002010B5044612
:10193000F8F7A0FA10BD00000649016006494160B1
:101940000122D20201688918816041688A18C26048
:101950007047000000D0010800D8010810B58EB013
:10196000044601214804F8F763FB0121C802F8F797
:101970008FFB01210802F8F76BFB022208210920E6
:10198000C006F8F7E5FA0CA8F8F712FBFF200130C3
:101990000C90022108A80175002181750321417571
:1019A0000CA90920C006F8F78BFA0CA8F8F700FB81
:1019B0000120C0020C90022108A80175C175032105
:1019C00041750CA90920C006F8F77AFA02220B210A
:1019D0000920C006F8F7BCFA09A8F8F7D1FE2B4891
:1019E000807A0C2806D1092069468884DD200A9077
:1019F000A08106E00220694688846B2000010A90DD
:101A0000A081002168468185C18409A92048F8F792
:101A100079FE04A8F8F740FE6021684601820121A2
:101A200041820020069002216846818304A918485B
:101A3000F8F7DCFD04A8F8F72FFE0C21684681803A
:101A40000A21C18001210181002141810F21818171
:101A500001A90F48F8F788FD012210210C48F8F77A
:101A6000BBFD01210A48F8F74DFD0E200121814000
:101A7000084A116000BF01210548F8F751FD002117
:101A80000348F8F72DFD0EB010BD000048020020FD
:101A9000002C014000E100E00021017141718171E1
:101AA00001744174817470470022827301700029AF
:101AB0000AD10D4A128805239A430B4B1A80002243
:101AC000094B203B5A630EE0074A128805231A434C
:101AD000054B1A80044A203292880123DB031A4303
:101AE000014B20339A807047202C014070B504468A
:101AF0004D480078C007C00F00280CD14A4800F0BC
:101B000007FE002807D04948FBF758FB4849086002
:101B10004548C046C0464548FBF750FB4449096864
:101B2000401AFA287ED34148FBF748FB4049086039
:101B3000E07B60700020E0733E48406B00B2208183
:101B4000A07B00286ED120786178451A002D07DD32
:101B50002946694308463C21F6F75EFB401905B269
:101B6000002D07DA2946694308463C21F6F754FB65
:101B7000281A05B22089401900B220810820205E71
:101B8000002801DA002020810821615E2948C06A0E
:101B90003238814204D92748C06A323800B22081E5
:101BA0000820205E234948630A46D16A0822A25EC3
:101BB000214B5A431046F6F725FB60812078052813
:101BC0000BDB6078042808DA207C401C2074207C21
:101BD0001E2804DD0120207101E0002020742078FF
:101BE00005280BDA6078042808DB607C401C6074F0
:101BF000607C782804DD0120607101E000206074C1
:101C000020786178C20F12185210914208DAA07C35
:101C1000401CA074A07C282804DD0120A07101E0F4
:101C20000020A07470BD00002C01002014010020D1
:101C300030010020002C014010270000002181739A
:101C40007047000001460648007A002803D1044886
:101C5000C079002801D0012070470020FCE7000077
:101C6000A807002070B50446207D042803D1204633
:101C700000F082FA70BD207D032825D1FF210D31AF
:101C8000085FF7F775FA05461748C16D284601F059
:101C900081F827D814486030C07D002804D112484C
:101CA0006030007E002801D00120E3E7FF202D30C6
:101CB000015F801C025F891A0B4840301422825E4B
:101CC00091420FDB0120D5E7FF210D31085FF7F7C7
:101CD0004FFA05460448C16D284601F05BF801D86B
:101CE0000120C7E70020C5E7E8010020052901DA47
:101CF000017501E0002202757047022902DD002211
:101D0000427500E04175704710B50446207D0128FA
:101D10002BD100200EE04200214692318A5A430026
:101D20007839CA5242008C318A5A43007839CA52F3
:101D3000411CC8B20A28EEDB2246A6322146923167
:101D4000204600F023F9FF201B30015BFF200B3001
:101D50000153FF201B30015BFF202530005B081A78
:101D600001B2FF200D30015310BD207D02282BD180
:101D700000200EE0420021466A318A5A4300503961
:101D8000CA52420064318A5A43005039CA52411C37
:101D9000C8B20A28EEDB22467E3221466A3120464E
:101DA00000F0F4F8FF201D30015BFF200B300153E1
:101DB000FF201D30015BFF202730005B081A01B2B5
:101DC000FF200D300153CFE7207D03282BD10020C9
:101DD0000EE042002146BA318A5A4300A039CA5265
:101DE0004200B4318A5A4300A039CA52411CC8B2D9
:101DF0000A28EEDB2246CE322146BA31204600F0D8
:101E0000C5F8FF201F30015BFF200B300153FF207E
:101E10001F30015BFF202930005B081A01B2FF2050
:101E20000D300153A0E7207D04282BD100200EE0C7
:101E300042002146E2318A5A4300C839CA52420060
:101E4000DC318A5A4300C839CA52411CC8B20A2838
:101E5000EEDB2246F6322146E231204600F096F8CB
:101E6000FF202130015BFF200B300153FF20213088
:101E7000015BFF202B30005B081A01B2FF200D3000
:101E8000015371E700200EE04200214642318A5A98
:101E900043002839CA5242003C318A5A430028394B
:101EA000CA52411CC8B20A28EEDB224656322146ED
:101EB0004231204600F06AF8FF201930015BFF2014
:101EC0000B300153FF201930015BFF202330005BF2
:101ED000081A01B2FF200D30015300BF44E7000093
:101EE000F8B50D4616460A271320C043854201DA8D
:101EF0003C2411E0142D01DD0A240DE00A2D01DD42
:101F0000142409E00A21491B2822514308461E21B6
:101F1000F6F782F91430C4B20B49304600F0B8FE2F
:101F200000D214270949304600F0B2FE00D2322711
:101F30000749304600F0ACFE00D25027BC4201DD1C
:101F40002046F8BD3846FCE7000040410000304123
:101F5000000020410146087D032812D10A48C07DB7
:101F600000280ED10848007E00280AD106482038F3
:101F70001422825EFF202D30435E9A4201DB012055
:101F800070470020FCE7000048020020F0B50B4637
:101F9000144600220AE01D88560007461A37BD5332
:101FA000258856001437BD53551CEAB2FF25173556
:101FB0002D5C9542EFDC0021FF2517352A5C0EE0F1
:101FC0004D005D5B560007461A37BD534D00655BFB
:101FD00056001437BD534D1CE9B2551CEAB20A2A0B
:101FE000EEDBF0BD0246107D042806D1FF20113043
:101FF000835E8B4201DC012070470020FCE700007B
:1020000010B50446607D002805D0207D032802D04D
:10201000207D042800D110BD0A48007800280FD088
:10202000607D01280CD1207D022809D00648FEF7EA
:10203000AEFA02212046FFF759FE2046FFF764FE64
:1020400000BFE8E784010020A807002010B504467F
:10205000207D042803D1204600F08EF810BD00201A
:10206000FCE7000070B5054600243E48C078002813
:1020700000D001243C484078002800D002243A488F
:10208000C078002800D0022438484078002800D0CA
:10209000042435484079002808D033488078002847
:1020A00004D033480078002800D10224687D01283C
:1020B00004D130484078002800D00324687D0228ED
:1020C00006D12C480078002802D0002C00D0032430
:1020D000022C01D0032C03D12248FEF758FA02E06B
:1020E0002048FEF751FA022C1ED101201D498873A9
:1020F0001D488079002806D100212846FFF7F6FD0B
:102100004B20400168601848807901280CD1FF20DD
:102110003530405BC1B22846FFF7E8FDFF20333081
:10212000405B3C2148436860032C03D102212846D0
:10213000FFF7DCFD042C03D104212846FFF7D6FD70
:10214000002C02D02846FFF7DFFD00200749487029
:1021500088700549C87008714870064948708870D1
:10216000204670BDA8070020C4050020940100206F
:10217000D40100208401002070B504461848007A7C
:10218000002815D0FF210F31085FF6F7F1FF054653
:102190001448C16D284600F0FDFD1FD210480A21E9
:1021A000415EFF201530025F914217DA012070BDB9
:1021B000FF210D31085FF6F7DBFF05460948C16DC9
:1021C000284600F0E7FD09D205480A21415EFF20BC
:1021D0001330025F914201DA0120E8E70020E6E7D0
:1021E000A8070020E8010020014600201E4A1279BD
:1021F000002A00D001201D4A5278002A00D0022077
:102200001A4A1279002A00D00220194A9278002A2C
:1022100000D004200A7D022A04D1164A9278002AAE
:1022200000D00320144A1278002A00D004200A7D2E
:10223000022A0ED00A7D042A0BD0104A1278002AF6
:1022400007D14A68002A04D04B680A689A4200D92C
:1022500005200022064B5A70044BDA701A715A702E
:10226000044B5A709A707047A8070020C4050020DC
:102270009401002084010020D40100201C010020D2
:10228000F8B504460D46E5750020A0600A49886847
:102290000A4900F027FD0746F6F72EFF06460848D4
:1022A000C07800900748027907480178334607480C
:1022B000FAF714FCF8BD0000A80200200000C84294
:1022C0005C010020C0020020940200201C070020B6
:1022D000704770B504460E461546A6752946204639
:1022E000FFF7CEFF0120E07470BD000010B504467A
:1022F0000020A0750320E075B848FAF75FFFE060A2
:102300004B20400160601421FF20233001531E2127
:10231000801C01531421801C0153801C0153801C1C
:1023200001535221FF200F3001535A21801C0153C9
:102330004621801C01535221801C01535021001D55
:1023400001535521001D01534621801E01535A217E
:10235000001D0153801C01531621FF202D30015315
:102360000321801C01530021FF2017300155092152
:10237000401C0155FE202076182192200153002197
:10238000A62001531821942001530221A8200153B3
:102390001821962001530621AA20015318219820C4
:1023A00001530A21AC2001531B219A200153132110
:1023B000AE2001531C219C2001531721B020015352
:1023C0001D219E2001531921B22001531E21A0205E
:1023D00001531B21B42001531F21A22001531D21B1
:1023E000B62001532021A4200153B8200153042119
:1023F0006A20015300217E20015306216C200153E5
:1024000002218020015308216E20015304218220E3
:1024100001530A21702001530621842001530C210D
:10242000722001530821862001530E21742001538C
:102430000A21882001531021762001530C218A2083
:1024400001531221782001530E218C2001531421B5
:102450007A20015310218E20015316217C20015334
:1024600012219020015304214220015300215620C3
:102470000153062144200153022158200153082111
:102480004620015304215A2001530A2148200153B8
:1024900006215C2001530C214A20015308215E20B3
:1024A00001530E214C2001530A21602001531021B9
:1024B0004E2001530C216220015312215020015360
:1024C0000E21642001531421522001531021662053
:1024D0000153162154200153122168200153042175
:1024E000BA2001530021CE2001530621BC20015304
:1024F0000221D02001530821BE2001530421D22003
:1025000001530A21C02001530621D42001530C217C
:10251000C22001530821D62001530E21C4200153AB
:102520000A21D82001531021C62001530C21DA20A2
:1025300001531221C82001530E21DC200153142124
:10254000CA2001531021DE2001531621CC20015353
:102550001221E02001530721E22001530021F6203F
:1025600001530A21E42001530421F82001530D21D5
:10257000E62001530721FA2001531021E8200153DE
:102580000A21FC2001531421EA2001530D21FE20D1
:1025900001531721EC2001531021080101531A2186
:1025A000EE2001531321FF20033001531D21F020A1
:1025B00001531621FF20053001532021F220015341
:1025C0001921FF20073001532321F42001531C213E
:1025D000FF2009300153204610BD000014010020E7
:1025E00000210170417081707047000070B5044691
:1025F0003049C86D304900F0CDFB05D92D49086E32
:102600002D4900F0C7FB01D80120A0702B48807C29
:10261000002845D02749C86D294900F0BBFB0BD8DD
:10262000244A116ED06D00F0EDFB0546254900F0FF
:10263000B1FB01D2012020702079401C207120794B
:10264000092835DD0020207103202056F6F790FD83
:1026500006461848C16D304600F0C8FB05461A49C9
:1026600000F098FB13D26079FF2802DA6079401CF1
:1026700060711049C86D154900F08CFB09D2607972
:10268000032806DB012060700020607101E000205B
:1026900060710849C86DF6F709FD40B2E07007E0C7
:1026A000002060710349C86DF6F700FD40B2E0708C
:1026B00070BD0000E80100200000DC42A8020020FC
:1026C00000008C420000A0410000C04000005C42BD
:1026D00010B50446002020706070A070607104493D
:1026E000C86DF6F7E3FC40B2E070204610BD000074
:1026F000E801002030B47446641E2578641CAB42A7
:1027000004D3635D5B00E31830BC18471D46F8E74F
:102710000168002901D000207047012101600846AE
:102720007047000000B50248F9F7FBFB00BD000050
:102730003807002000B50248F8F7F2FB00BD0000A2
:102740008401002000B50248FAF7C0FE00BD000079
:10275000D401002000B50248FBF7CAFC00BD000010
:10276000A801002000B50248FBF790FE00BD000064
:10277000A601002000B50248FBF7FCFE00BD0000EA
:102780002C07002000B50248FCF758F800BD0000F7
:10279000A501002000B50248FCF704F900BD0000C7
:1027A000A901002000B50248FCF7B4FA00BD000002
:1027B000A701002000B50248FCF7D8FB00BD0000CF
:1027C000A401002000B50248FDF746FF00BD00004F
:1027D000A807002010B50248FFF77AFF10BD0000DF
:1027E0004801002000B50248FEF79AFF00BD000036
:1027F0004807002000B50248FFF79EF800BD000022
:102800009807002000B50248FAF7B4F900BD0000AF
:102810001C07002000B50248F9F75AFF00BD000070
:10282000A802002000B50248FAF79EF800BD00009B
:10283000C002002000B50248FEF77EF900BD00008E
:10284000E402002000B50248FAF73EFA00BD00009D
:10285000C405002000B50248F8F721FA00BD0000C9
:10286000B401002000B50248FAF778FA00BD000074
:102870009401002000B50248FAF726FB00BD0000D5
:10288000AC01002010B50248F9F7A8FC10BD00000B
:102890002C03002000B50248FEF702FD00BD000039
:1028A000E801002000B50248FAF7FEFB00BD000079
:1028B000BC07002000B50248FFF7C0F900BD0000CA
:1028C0009402002000B50248FBF707FB00BD0000A2
:1028D000D101002000B50248FAF777FC00BD0000E6
:1028E0001401002000B50248F8F7AEF900BD000061
:1028F0005C01002000B50248F8F7CAFB00BD0000EB
:10290000D002002000B50248F8F798FA00BD000098
:102910007401002010B50248FFF7E8FC10BD00006C
:10292000D005002072B6F7F719FD6748FAF714FCD6
:10293000F8F7B6F86448FAF7BDFB6448FEF702F909
:102940006348FAF7C3FA6348F8F78EF96248F8F774
:10295000C5FF6248FFF702F86148F9F771FF614867
:10296000F9F76CFC6048F8F7B7F86048F8F798F9A1
:102970005F48FAF701F95F48FDF77AFE5D48FDF719
:1029800009FF1B215748F9F761FE00215448F9F768
:1029900001FF62B65848FEF750FD05215648FEF784
:1029A00029FE0446002C0AD0601C002807D052489B
:1029B000C068401C5049C8600846FEF7D3FC4F4B26
:1029C0001A46143A00214E48FAF7CEF94B4B5033D1
:1029D0001A46143A01214A48FAF7C6F9474B2833F8
:1029E0001A46143A02214648FAF7BEF9434B7833A7
:1029F0001A46143A03214248FAF7B6F93F4BA0337E
:102A00001A46143A04213E48FAF7AEF900213B4831
:102A10005638FFF76BF939485638FFF775F9032236
:102A2000002136485638FFF754FC4CE0F7F7E4FA3B
:102A30002648FEF797F92948FFF758F82948F9F78B
:102A4000FBFD2248416E2648F9F782FF2648F8F739
:102A500099F81E49C86DF6F729FB05B229462348A7
:102A6000F8F762F92748FAF70DFC2748F9F7AFFBAA
:102A70002048FDF7ABFF2548FDF78CFD2448FAF709
:102A80002BF91B48FAF7A2F82248F8F7DFF91B48A0
:102A90005638FFF71DFC2048FCF73EF91F48FBF7AE
:102AA00071FD1F48FBF726FB1E48FBF77DFF1E4804
:102AB000FBF714FA1D48FBF7C3FE1D48FBF7E8FCC3
:102AC0001C48F8F7F7FAB1E714010020E8010020EC
:102AD000BC070020B4010020380700209402002029
:102AE000C0020020A80200205C0100207401002028
:102AF000C4050020E402002048070020260600202C
:102B0000AC010020D40100202C030020A8070020E5
:102B10009401002084010020A4010020A5010020D0
:102B2000A6010020A7010020A8010020A901002083
:102B30002C0700201C01002070B501250C002D057C
:102B40001C4310D4EC4206D4AC420AD4994200D0C3
:102B500070BD904270BDE94217D4EB4215D4994242
:102B600070BD894270BDEC4206D5AC42F9D58B42AE
:102B700000D070BD824270BD6D004C00EC4204D2AA
:102B80005C00EC4201D28B4270BD034C30B4F6F7CE
:102B9000FBFA30BC70BD00BF1900160470B50125EA
:102BA0001C002D050C4310D4EC4206D4AC420AD4D0
:102BB0008B4200D070BD824270BDEB4217D4E94217
:102BC00015D48B4270BD9B4270BDEC4206D5AC4221
:102BD000F9D5994200D070BD904270BD6D005C0087
:102BE000EC4204D24C00EC4201D2994270BD0FB4C9
:102BF000034C0CBC03BC30B4F6F7C6FA30BC70BD55
:102C00001900160470B501250400ED074C4020D4CE
:102C1000441A01D2001B0919C60D4B00F2B2FF2A5B
:102C200029D01B0E2CD000020C02D31A2C43DC40FE
:102C30002843051910D2280A02D3401C6D0611D072
:102C4000761EF6058019FF2A00DA70BDC00DC0059A
:102C500070BD694000F0DCF801200543C541521CFD
:102C6000761CE8E764089C40C90161408900E7D10F
:102C70000124A043E4E71B0E440200D0034870BDCA
:102C8000002AFCD1C00FC00770BD00BF0000C07F8C
:102C900001230200DB050A430DD4DA4203D49A4231
:102CA00007D488427047D84214D4D94212D48842FB
:102CB000704780427047DA4203D59A42F9D5814283
:102CC00070475B004200DA4204D24A00DA4201D285
:102CD0008142704710B5024AF6F79EFA10BD00BF58
:102CE0000900160470B5420064414B005C41120EAD
:102CF00039D01B0E38D0FF2A3CD0FF2B3AD04002EF
:102D00004902400A490A060045184E43000A090ACA
:102D1000D2184843ED017F3A0104731A4019190C87
:102D20004318990F04D001215B0849075B1A521C14
:102D3000D80904D3401CF50301D19D0607D0FF2A12
:102D400008D2D50506D0E4072043401970BD0125FF
:102D5000A843F4E7002A01DCE00770BD2402FF204D
:102D60002043C00570BD1B0EFF2A03D0FF2B01D0EE
:102D7000E00770BDFF2645003606B54206D84D0077
:102D8000B54203D8D218FF2A00D0E7E7004870BD4B
:102D90000000C07F01230A00DB0502430DD4DA42A4
:102DA00003D49A4207D481427047D94214D4D842FE
:102DB00012D48142704789427047DA4203D59A4261
:102DC000F9D5884270475B004A00DA4204D24200DB
:102DD000DA4201D2884270474840414010B5024A69
:102DE0004840F6F719FA10BD0900160470B5012520
:102DF000ED07684004004C4002D5694000F008F837
:102E0000FFF706FF70B501250400ED074C4022D402
:102E1000441A02D26C40001B0919C60D4B00F2B2D5
:102E2000FF2A4BD01B0E50D000020C02D31A2C43A9
:102E3000DC40A843051B05D5AD0019D36D08761EEF
:102E4000521E37D0F605280A01D2801970BD704194
:102E50006D0603D070BD6940FFF7DAFE9C400902A1
:102E60006140490001D0401E70BD0124A04370BDE7
:102E70006D081DD001202B0C01D12D0410302B0E1C
:102E800001D12D0208302B0F01D12D01001DAB0FF8
:102E900001D1AD00801CEB0F01D16D00401C6D0015
:102EA000361A121A680AF5054019012A02DB70BDAC
:102EB000002070BDC036300AC00770BD1B0E440232
:102EC00001D1FF2B00D1024870BD002AF0D070BDA7
:102ED0000000C07FFEFFFFFF0003000000000000B5
:102EE00000000000030000000000000008000000D7
:102EF00046000000FEFFFFFF01030000000000008D
:102F000000000000FEFFFFFF0203000000000000C1
:102F100000000000FEFFFFFF0303000000000000B0
:102F200000000000FEFFFFFF0000010000000000A5
:102F300000000000FEFFFFFF010001000000000094
:102F400000000000FEFFFFFF020001000000000083
:102F500000000000FEFFFFFF030001000000000072
:102F600000000000FEFFFFFF00010100050000005F
:102F700046000000FEFFFFFF01010100000000000D
:102F800000000000FEFFFFFF020101000000000042
:102F900000000000FEFFFFFF030101000000000031
:102FA00001000000FEFFFFFF00040100050000001B
:102FB00000000000FEFFFFFF010401000000000010
:102FC00000000000FEFFFFFF0204010000000000FF
:102FD00000000000FEFFFFFF0304010000000000EE
:102FE00001000000FEFFFFFF0000020005000000DE
:102FF0000A000000FEFFFFFF0100020000000000C9
:1030000000000000FEFFFFFF0200020005000000BC
:1030100064000000FEFFFFFF03000200000000004C
:1030200001000000FEFFFFFF00010200050000009C
:1030300028000000FEFFFFFF010102000000000069
:103040000000000004000000000000000500000077
:103050002C010000FEFFFFFF02010200050000003E
:1030600064000000FEFFFFFF0301020000000000FB
:1030700001000000FEFFFFFF00020200050000004B
:1030800046000000FEFFFFFF0102020000000000FA
:1030900000000000FEFFFFFF02020200050000002A
:1030A00064000000FEFFFFFF0302020000000000BA
:1030B00001000000FEFFFFFF00030200050000000A
:1030C00028000000FEFFFFFF0103020000000000D7
:1030D00000000000040000000000000005000000E7
:1030E0002C010000FEFFFFFF0203020005000000AC
:1030F00064000000FEFFFFFF030302000000000069
:1031000001000000FEFFFFFF0004020014000000A9
:1031100032000000FEFFFFFF010402001400000067
:10312000C8000000FEFFFFFF020402000A000000CA
:1031300000000000FEFFFFFF03040200000000008B
:1031400001000000FEFFFFFF000502000500000077
:1031500046000000FEFFFFFF010502000000000026
:1031600000000000FEFFFFFF02050200000000005B
:1031700000000000FEFFFFFF03050200000000004A
:1031800001000000FEFFFFFF000602000500000036
:1031900046000000FEFFFFFF0106020000000000E5
:1031A00000000000FEFFFFFF02060200000000001A
:1031B00000000000FEFFFFFF030602000000000009
:1031C00001000000FEFFFFFF003203000A000000C4
:1031D00032000000FEFFFFFF013203000A00000082
:1031E000C8000000FEFFFFFF0232030000000000E5
:1031F00000000000FEFFFFFF03320300000000009C
:1032000001000000FEFFFFFF003303000A00000082
:1032100036000000FEFFFFFF013303000A0000003C
:10322000DC000000FEFFFFFF02330300000000008F
:1032300000000000FEFFFFFF03330300000000005A
:1032400001000000FEFFFFFF003403000A00000041
:103250003A000000FEFFFFFF013403000A000000F7
:10326000FA000000FEFFFFFF023403000000000030
:1032700000000000FEFFFFFF033403000000000019
:1032800001000000FEFFFFFF003503000A00000000
:103290003E000000FEFFFFFF013503000A000000B2
:1032A00018010000FEFFFFFF0235030000000000D0
:1032B00000000000FEFFFFFF0335030000000000D8
:1032C00001000000FEFFFFFF003603000A000000BF
:1032D00042000000FEFFFFFF013603000A0000006D
:1032E00036010000FEFFFFFF023603000000000071
:1032F00000000000FEFFFFFF033603000000000097
:1033000001000000FEFFFFFF003703000A0000007D
:103310004A000000FEFFFFFF013703000A00000023
:1033200068010000FEFFFFFF0237030000000000FD
:1033300000000000FEFFFFFF033703000000000055
:1033400001000000FEFFFFFF003803000A0000003C
:103350004E000000FEFFFFFF013803000A000000DE
:1033600086010000FEFFFFFF02380300000000009E
:1033700000000000FEFFFFFF033803000000000014
:1033800001000000FEFFFFFF003903000A000000FB
:1033900052000000FEFFFFFF013903000A00000099
:1033A000A4010000FEFFFFFF02390300000000003F
:1033B00000000000FEFFFFFF0339030000000000D3
:1033C00001000000FEFFFFFF003A03000A000000BA
:1033D00056000000FEFFFFFF013A03000A00000054
:1033E000C2010000FEFFFFFF023A030000000000E0
:1033F00000000000FEFFFFFF033A03000000000092
:1034000001000000FEFFFFFF003B03000A00000078
:103410005A000000FEFFFFFF013B03000A0000000E
:10342000E0010000FEFFFFFF023B03000000000080
:1034300000000000FEFFFFFF033B03000000000050
:1034400001000000FEFFFFFF001C0300140000004D
:1034500046000000FEFFFFFF011C0300000000000B
:1034600000000000FEFFFFFF021C03000000000040
:1034700000000000FEFFFFFF031C0300000000002F
:1034800001000000FEFFFFFF001603001400000013
:1034900046000000FEFFFFFF0116030000000000D1
:1034A00000000000FEFFFFFF021603000000000006
:1034B00000000000FEFFFFFF0316030000000000F5
:1034C00001000000FEFFFFFF001E030000000000DF
:1034D00000000000FEFFFFFF011E030000000000CF
:1034E00000000000FEFFFFFF021E030000000000BE
:1034F00000000000FEFFFFFF031E030000000000AD
:1035000001000000FEFFFFFF000004000B000000B0
:103510005A0000001E0000005A00000023000000B6
:1035200046000000FEFFFFFF010004000000000055
:1035300000000000FEFFFFFF02000400000000008A
:1035400000000000FEFFFFFF030004000000000079
:1035500001000000FEFFFFFF00010400000000006A
:103560005A000000FEFFFFFF010104000000000000
:1035700000000000FEFFFFFF020104000000000049
:1035800000000000FEFFFFFF030104000000000038
:1035900001000000FEFFFFFF000204000B0000001E
:1035A0005A0000001E0000005A0000002300000026
:1035B00046000000FEFFFFFF0102040000000000C3
:1035C00000000000FEFFFFFF0202040000000000F8
:1035D00000000000FEFFFFFF0302040000000000E7
:1035E00001000000000000000000000000000000DA
:1035F00000000000000000000000000000000000CB
:1036000000000000000000000000000000000000BA
:1036100000000000000000000000000000000000AA
:10362000000000000000000000000000000000009A
:10363000000000000000000000000000000000008A
:10364000000000000000000000000000000000007A
:10365000000000000000000000000000000000006A
:10366000000000000000000000000000000000005A
:10367000000000000000000000000000000000004A
:103680000000000080807F7E7D7C7B7A7978777671
:1036900076757473727171706F6E6E6D6C6C6B6A2F
:1036A0006A696868676666656464636362616160CD
:1036B000605F5F5E5E5D5D5C5C5B5B5A5A5959584A
:1036C00058575756565555555454535352525251B4
:1036D000515050504F4F4F4E4E4D4D4D4C4C4C4B0A
:1036E0004B4B4A4A4A494949484848474747474651
:1036F000464645454544444444434343434242428D
:10370000424141418182838485868788898B8C8D63
:103710008E8F919293959697999A9C9D9FA0A2A324
:10372000A5A7A8AAACAEB0B2B3B5B7B9BCBEC0C26B
:10373000C5C7C9CCCED1D4D7D9DCDFE2E6E9ECF0FD
:10374000F3F7FAFE0CC0010800010020D4000000CD
:1037500000810008E0C00108D40100206C0D0000C9
:103760001C810008E1EFFFFF6DF1FFFF29F1FFFF72
:1037700045F1FFFFA1F0FFFFADF0FFFF79F1FFFF83
:1037800055F0FFFFB1F0FFFF5DF1FFFFF9F0FFFF24
:10379000B5F0FFFF71F1FFFF9DEFFFFFC9F0FFFFE5
:1037A00075F1FFFF61F0FFFF0DF0FFFFD9EFFFFFA5
:1037B000B5EFFFFFF1EFFFFF9DEFFFFFD9EFFFFF39
:1037C000B5EFFFFF61EFFFFF1DF0FFFF29F0FFFFE7
:1037D000A5F0FFFF81F0FFFFEDEFFFFFC9F0FFFF56
:1037E000E5F0FFFF00000000000000000000000006
:1037F00000000000000000000000000000000000C9
:1038000000000000000000000000000000000000B8
:1038100000000000000000000000000000000000A8
:103820000000000000000000000000000000000098
:103830000000000000000000000000000000000088
:103840000000000000000000000000000000000078
:103850000000000000000000000000000000000068
:103860000000000000000000000000000000000058
:103870000000000000000000000000000000000048
:103880000000000000000000000000000000000038
:103890000000000000000000000000000000000028
:1038A0000000000000000000000000000000000018
:1038B0000000000000000000000000000000000008
:1038C00000000000000000000000000000000000F8
:1038D00000000000000000000000000000000000E8
:1038E00000000000000000000000000000000000D8
:1038F00000000000000000000000000000000000C8
:1039000000000000000000000000000000000000B7
:1039100000000000000000000000000000000000A7
:103920000000000000000000000000000000000097
:103930000000000000000000000000000000000087
:103940000000000000000000000000000000000077
:103950000000000000000000000000000000000067
:103960000000000000000000000000000000000057
:103970000000000000000000000000000000000047
:103980000000000000000000000000000000000037
:103990000000000000000000000000000000000027
:1039A0000000000000000000000000000000000017
:1039B0000000000000000000000000000000000007
:1039C00000000000000000000000000000000000F7
:1039D00000000000000000000000000000000000E7
:1039E00000000000000000000000000000000000D7
:1039F00000000000000000000000000000000000C7
:103A000000000000000000000000000000000000B6
:103A100000000000000000000000000000000000A6
:103A20000000000000000000000000000000000096
:103A30000000000000000000000000000000000086
:103A40000000000000000000000000000000000076
:103A50000000000000000000000000000000000066
:103A60000000000000000000000000000000000056
:103A70000000000000000000000000000000000046
:103A80000000000000000000000000000000000036
:103A90000000000000000000000000000000000026
:103AA0000000000000000000000000000000000016
:103AB0000000000000000000000000000000000006
:103AC00000000000000000000000000000000000F6
:103AD00000000000000000000000000000000000E6
:103AE00000000000000000000000000000000000D6
:103AF00000000000000000000000000000000000C6
:103B000000000000000000000000000000000000B5
:103B100000000000000000000000000000000000A5
:103B20000000000000000000000000000000000095
:103B30000000000000000000000000000000000085
:103B40000000000000000000000000000000000075
:103B50000000000000000000000000000000000065
:103B60000000000000000000000000000000000055
:103B70000000000000000000000000000000000045
:103B80000000000000000000000000000000000035
:103B90000000000000000000000000000000000025
:103BA0000000000000000000000000000000000015
:103BB0000000000000000000000000000000000005
:103BC00000000000000000000000000000000000F5
:103BD00000000000000000000000000000000000E5
:103BE00000000000000000000000000000000000D5
:103BF00000000000000000000000000000000000C5
:103C000000000000000000000000000000000000B4
:103C100000000000000000000000000000000000A4
:103C20000000000000000000000000000000000094
:103C30000000000000000000000000000000000084
:103C40000000000000000000000000000000000074
:103C50000000000000000000000000000000000064
:103C60000000000000000000000000000000000054
:103C70000000000000000000000000000000000044
:103C80000000000000000000000000000000000034
:103C90000000000000000000000000000000000024
:103CA0000000000000000000000000000000000014
:103CB0000000000000000000000000000000000004
:103CC00000000000000000000000000000000000F4
:103CD00000000000000000000000000000000000E4
:103CE00000000000000000000000000000000000D4
:103CF00000000000000000000000000000000000C4
:103D000000000000000000000000000000000000B3
:103D100000000000000000000000000000000000A3
:103D20000000000000000000000000000000000093
:103D30000000000000000000000000000000000083
:103D40000000000000000000000000000000000073
:103D50000000000000000000000000000000000063
:103D60000000000000000000000000000000000053
:103D70000000000000000000000000000000000043
:103D80000000000000000000000000000000000033
:103D90000000000000000000000000000000000023
:103DA0000000000000000000000000000000000013
:103DB0000000000000000000000000000000000003
:103DC00000000000000000000000000000000000F3
:103DD00000000000000000000000000000000000E3
:103DE00000000000000000000000000000000000D3
:103DF00000000000000000000000000000000000C3
:103E000000000000000000000000000000000000B2
:103E100000000000000000000000000000000000A2
:103E20000000000000000000000000000000000092
:103E30000000000000000000000000000000000082
:103E40000000000000000000000000000000000072
:103E50000000000000000000000000000000000062
:103E60000000000000000000000000000000000052
:103E70000000000000000000000000000000000042
:103E80000000000000000000000000000000000032
:103E90000000000000000000000000000000000022
:103EA0000000000000000000000000000000000012
:103EB0000000000000000000000000000000000002
:103EC00000000000000000000000000000000000F2
:103ED00000000000000000000000000000000000E2
:103EE00000000000000000000000000000000000D2
:103EF00000000000000000000000000000000000C2
:103F000000000000000000000000000000000000B1
:103F100000000000000000000000000000000000A1
:103F20000000000000000000000000000000000091
:103F30000000000000000000000000000000000081
:103F40000000000000000000000000000000000071
:103F50000000000000000000000000000000000061
:103F60000000000000000000000000000000000051
:103F70000000000000000000000000000000000041
:103F80000000000000000000000000000000000031
:103F90000000000000000000000000000000000021
:103FA0000000000000000000000000000000000011
:103FB0000000000000000000000000000000000001
:103FC00000000000000000000000000000000000F1
:103FD00000000000000000000000000000000000E1
:103FE00000000000000000000000000000000000D1
:103FF00000000000000000000000000000000000C1
:1040000000000000000000000000000000000000B0
:1040100000000000000000000000000000000000A0
:104020000000000000000000000000000000000090
:104030000000000000000000000000000000000080
:104040000000000000000000000000000000000070
:104050000000000000000000000000000000000060
:104060000000000000000000000000000000000050
:104070000000000000000000000000000000000040
:104080000000000000000000000000000000000030
:104090000000000000000000000000000000000020
:1040A0000000000000000000000000000000000010
:1040B0000000000000000000000000000000000000
:1040C00000000000000000000000000000000000F0
:1040D00000000000000000000000000000000000E0
:1040E00000000000000000000000000000000000D0
:1040F00000000000000000000000000000000000C0
:1041000000000000000000000000000000000000AF
:10411000000000000000000000000000000000009F
:10412000000000000000000000000000000000008F
:10413000000000000000000000000000000000007F
:10414000000000000000000000000000000000006F
:10415000000000000000000000000000000000005F
:10416000000000000000000000000000000000004F
:10417000000000000000000000000000000000003F
:10418000000000000000000000000000000000002F
:10419000000000000000000000000000000000001F
:1041A000000000000000000000000000000000000F
:1041B00000000000000000000000000000000000FF
:1041C00000000000000000000000000000000000EF
:1041D00000000000000000000000000000000000DF
:1041E00000000000000000000000000000000000CF
:1041F00000000000000000000000000000000000BF
:1042000000000000000000000000000000000000AE
:10421000000000000000000000000000000000009E
:10422000000000000000000000000000000000008E
:10423000000000000000000000000000000000007E
:10424000000000000000000000000000000000006E
:10425000000000000000000000000000000000005E
:10426000000000000000000000000000000000004E
:10427000000000000000000000000000000000003E
:10428000000000000000000000000000000000002E
:10429000000000000000000000000000000000001E
:1042A000000000000000000000000000000000000E
:1042B00000000000000000000000000000000000FE
:1042C00000000000000000000000000000000000EE
:1042D00000000000000000000000000000000000DE
:1042E00000000000000000000000000000000000CE
:1042F00000000000000000000000000000000000BE
:1043000000000000000000000000000000000000AD
:10431000000000000000000000000000000000009D
:10432000000000000000000000000000000000008D
:10433000000000000000000000000000000000007D
:10434000000000000000000000000000000000006D
:10435000000000000000000000000000000000005D
:10436000000000000000000000000000000000004D
:10437000000000000000000000000000000000003D
:10438000000000000000000000000000000000002D
:10439000000000000000000000000000000000001D
:1043A000000000000000000000000000000000000D
:1043B00000000000000000000000000000000000FD
:1043C00000000000000000000000000000000000ED
:1043D00000000000000000000000000000000000DD
:1043E00000000000000000000000000000000000CD
:1043F00000000000000000000000000000000000BD
:1044000000000000000000000000000000000000AC
:10441000000000000000000000000000000000009C
:10442000000000000000000000000000000000008C
:10443000000000000000000000000000000000007C
:10444000000000000000000000000000000000006C
:10445000000000000000000000000000000000005C
:10446000000000000000000000000000000000004C
:10447000000000000000000000000000000000003C
:10448000000000000000000000000000000000002C
:10449000000000000000000000000000000000001C
:1044A000000000000000000000000000000000000C
:1044B00000000000000000000000000000000000FC
:1044C00000000000000000000000000000000000EC
:1044D00000000000000000000000000000000000DC
:1044E00000000000000000000000000000000000CC
:1044F00000000000000000000000000000000000BC
:1045000000000000000000000000000000000000AB
:10451000000000000000000000000000000000009B
:10452000000000000000000000000000000000008B
:10453000000000000000000000000000000000007B
:10454000000000000000000000000000000000006B
:10455000000000000000000000000000000000005B
:10456000000000000000000000000000000000004B
:10457000000000000000000000000000000000003B
:10458000000000000000000000000000000000002B
:10459000000000000000000000000000000000001B
:1045A000000000000000000000000000000000000B
:1045B00000000000000000000000000000000000FB
:1045C00000000000000000000000000000000000EB
:1045D00000000000000000000000000000000000DB
:1045E00000000000000000000000000000000000CB
:1045F00000000000000000000000000000000000BB
:1046000000000000000000000000000000000000AA
:10461000000000000000000000000000000000009A
:10462000000000000000000000000000000000008A
:10463000000000000000000000000000000000007A
:10464000000000000000000000000000000000006A
:10465000000000000000000000000000000000005A
:10466000000000000000000000000000000000004A
:10467000000000000000000000000000000000003A
:10468000000000000000000000000000000000002A
:10469000000000000000000000000000000000001A
:1046A000000000000000000000000000000000000A
:1046B00000000000000000000000000000000000FA
:1046C00000000000000000000000000000000000EA
:1046D00000000000000000000000000000000000DA
:1046E00000000000000000000000000000000000CA
:1046F00000000000000000000000000000000000BA
:1047000000000000000000000000000000000000A9
:104710000000000000000000000000000000000099
:104720000000000000000000000000000000000089
:104730000000000000000000000000000000000079
:104740000000000000000000000000000000000069
:104750000000000000000000000000000000000059
:104760000000000000000000000000000000000049
:104770000000000000000000000000000000000039
:104780000000000000000000000000000000000029
:104790000000000000000000000000000000000019
:1047A0000000000000000000000000000000000009
:1047B00000000000000000000000000000000000F9
:1047C00000000000000000000000000000000000E9
:1047D00000000000000000000000000000000000D9
:1047E00000000000000000000000000000000000C9
:1047F00000000000000000000000000000000000B9
:1048000000000000000000000000000000000000A8
:104810000000000000000000000000000000000098
:104820000000000000000000000000000000000088
:104830000000000000000000000000000000000078
:104840000000000000000000000000000000000068
:104850000000000000000000000000000000000058
:104860000000000000000000000000000000000048
:104870000000000000000000000000000000000038
:104880000000000000000000000000000000000028
:104890000000000000000000000000000000000018
:1048A0000000000000000000000000000000000008
:1048B00000000000000000000000000000000000F8
:1048C00000000000000000000000000000000000E8
:1048D00000000000000000000000000000000000D8
:1048E00000000000000000000000000000000000C8
:1048F00000000000000000000000000000000000B8
:1049000000000000000000000000000000000000A7
:104910000000000000000000000000000000000097
:104920000000000000000000000000000000000087
:104930000000000000000000000000000000000077
:104940000000000000000000000000000000000067
:104950000000000000000000000000000000000057
:104960000000000000000000000000000000000047
:104970000000000000000000000000000000000037
:104980000000000000000000000000000000000027
:104990000000000000000000000000000000000017
:1049A0000000000000000000000000000000000007
:1049B00000000000000000000000000000000000F7
:1049C00000000000000000000000000000000000E7
:1049D00000000000000000000000000000000000D7
:1049E00000000000000000000000000000000000C7
:1049F00000000000000000000000000000000000B7
:104A000000000000000000000000000000000000A6
:104A10000000000000000000000000000000000096
:104A20000000000000000000000000000000000086
:104A30000000000000000000000000000000000076
:104A40000000000000000000000000000000000066
:104A50000000000000000000000000000000000056
:104A60000000000000000000000000000000000046
:104A70000000000000000000000000000000000036
:104A80000000000000000000000000000000000026
:104A90000000000000000000000000000000000016
:104AA0000000000000000000000000000000000006
:104AB00000000000000000000000000000000000F6
:104AC00000000000000000000000000000000000E6
:104AD00000000000000000000000000000000000D6
:104AE00000000000000000000000000000000000C6
:104AF00000000000000000000000000000000000B6
:104B000000000000000000000000000000000000A5
:104B10000000000000000000000000000000000095
:104B20000000000000000000000000000000000085
:104B30000000000000000000000000000000000075
:104B40000000000000000000000000000000000065
:104B50000000000000000000000000000000000055
:104B60000000000000000000000000000000000045
:104B70000000000000000000000000000000000035
:104B80000000000000000000000000000000000025
:104B90000000000000000000000000000000000015
:104BA0000000000000000000000000000000000005
:104BB00000000000000000000000000000000000F5
:104BC00000000000000000000000000000000000E5
:104BD00000000000000000000000000000000000D5
:104BE00000000000000000000000000000000000C5
:104BF00000000000000000000000000000000000B5
:104C000000000000000000000000000000000000A4
:104C10000000000000000000000000000000000094
:104C20000000000000000000000000000000000084
:104C30000000000000000000000000000000000074
:104C40000000000000000000000000000000000064
:104C50000000000000000000000000000000000054
:104C60000000000000000000000000000000000044
:104C70000000000000000000000000000000000034
:104C80000000000000000000000000000000000024
:104C90000000000000000000000000000000000014
:104CA0000000000000000000000000000000000004
:104CB00000000000000000000000000000000000F4
:104CC00000000000000000000000000000000000E4
:104CD00000000000000000000000000000000000D4
:104CE00000000000000000000000000000000000C4
:104CF00000000000000000000000000000000000B4
:104D000000000000000000000000000000000000A3
:104D10000000000000000000000000000000000093
:104D20000000000000000000000000000000000083
:104D30000000000000000000000000000000000073
:104D40000000000000000000000000000000000063
:104D50000000000000000000000000000000000053
:104D60000000000000000000000000000000000043
:104D70000000000000000000000000000000000033
:104D80000000000000000000000000000000000023
:104D90000000000000000000000000000000000013
:104DA0000000000000000000000000000000000003
:104DB00000000000000000000000000000000000F3
:104DC00000000000000000000000000000000000E3
:104DD00000000000000000000000000000000000D3
:104DE00000000000000000000000000000000000C3
:104DF00000000000000000000000000000000000B3
:104E000000000000000000000000000000000000A2
:104E10000000000000000000000000000000000092
:104E20000000000000000000000000000000000082
:104E30000000000000000000000000000000000072
:104E40000000000000000000000000000000000062
:104E50000000000000000000000000000000000052
:104E60000000000000000000000000000000000042
:104E70000000000000000000000000000000000032
:104E80000000000000000000000000000000000022
:104E90000000000000000000000000000000000012
:104EA0000000000000000000000000000000000002
:104EB00000000000000000000000000000000000F2
:104EC00000000000000000000000000000000000E2
:104ED00000000000000000000000000000000000D2
:104EE00000000000000000000000000000000000C2
:104EF00000000000000000000000000000000000B2
:104F000000000000000000000000000000000000A1
:104F10000000000000000000000000000000000091
:104F20000000000000000000000000000000000081
:104F30000000000000000000000000000000000071
:104F40000000000000000000000000000000000061
:104F50000000000000000000000000000000000051
:104F60000000000000000000000000000000000041
:104F70000000000000000000000000000000000031
:104F80000000000000000000000000000000000021
:104F90000000000000000000000000000000000011
:104FA0000000000000000000000000000000000001
:104FB00000000000000000000000000000000000F1
:104FC00000000000000000000000000000000000E1
:104FD00000000000000000000000000000000000D1
:104FE00000000000000000000000000000000000C1
:104FF00000000000000000000000000000000000B1
:1050000000000000000000000000000000000000A0
:105010000000000000000000000000000000000090
:105020000000000000000000000000000000000080
:105030000000000000000000000000000000000070
:105040000000000000000000000000000000000060
:105050000000000000000000000000000000000050
:105060000000000000000000000000000000000040
:105070000000000000000000000000000000000030
:105080000000000000000000000000000000000020
:105090000000000000000000000000000000000010
:1050A0000000000000000000000000000000000000
:1050B00000000000000000000000000000000000F0
:1050C00000000000000000000000000000000000E0
:1050D00000000000000000000000000000000000D0
:1050E00000000000000000000000000000000000C0
:1050F00000000000000000000000000000000000B0
:10510000000000000000000000000000000000009F
:10511000000000000000000000000000000000008F
:10512000000000000000000000000000000000007F
:10513000000000000000000000000000000000006F
:10514000000000000000000000000000000000005F
:10515000000000000000000000000000000000004F
:10516000000000000000000000000000000000003F
:10517000000000000000000000000000000000002F
:10518000000000000000000000000000000000001F
:10519000000000000000000000000000000000000F
:1051A00000000000000000000000000000000000FF
:1051B00000000000000000000000000000000000EF
:1051C00000000000000000000000000000000000DF
:1051D00000000000000000000000000000000000CF
:1051E00000000000000000000000000000000000BF
:1051F00000000000000000000000000000000000AF
:10520000000000000000000000000000000000009E
:10521000000000000000000000000000000000008E
:10522000000000000000000000000000000000007E
:10523000000000000000000000000000000000006E
:10524000000000000000000000000000000000005E
:10525000000000000000000000000000000000004E
:10526000000000000000000000000000000000003E
:10527000000000000000000000000000000000002E
:10528000000000000000000000000000000000001E
:10529000000000000000000000000000000000000E
:1052A00000000000000000000000000000000000FE
:1052B00000000000000000000000000000000000EE
:1052C00000000000000000000000000000000000DE
:1052D00000000000000000000000000000000000CE
:1052E00000000000000000000000000000000000BE
:1052F00000000000000000000000000000000000AE
:10530000000000000000000000000000000000009D
:10531000000000000000000000000000000000008D
:10532000000000000000000000000000000000007D
:10533000000000000000000000000000000000006D
:10534000000000000000000000000000000000005D
:10535000000000000000000000000000000000004D
:10536000000000000000000000000000000000003D
:10537000000000000000000000000000000000002D
:10538000000000000000000000000000000000001D
:10539000000000000000000000000000000000000D
:1053A00000000000000000000000000000000000FD
:1053B00000000000000000000000000000000000ED
:1053C00000000000000000000000000000000000DD
:1053D00000000000000000000000000000000000CD
:1053E00000000000000000000000000000000000BD
:1053F00000000000000000000000000000000000AD
:10540000000000000000000000000000000000009C
:10541000000000000000000000000000000000008C
:10542000000000000000000000000000000000007C
:10543000000000000000000000000000000000006C
:10544000000000000000000000000000000000005C
:10545000000000000000000000000000000000004C
:10546000000000000000000000000000000000003C
:10547000000000000000000000000000000000002C
:10548000000000000000000000000000000000001C
:10549000000000000000000000000000000000000C
:1054A00000000000000000000000000000000000FC
:1054B00000000000000000000000000000000000EC
:1054C00000000000000000000000000000000000DC
:1054D00000000000000000000000000000000000CC
:1054E00000000000000000000000000000000000BC
:1054F00000000000000000000000000000000000AC
:10550000000000000000000000000000000000009B
:10551000000000000000000000000000000000008B
:10552000000000000000000000000000000000007B
:10553000000000000000000000000000000000006B
:10554000000000000000000000000000000000005B
:10555000000000000000000000000000000000004B
:10556000000000000000000000000000000000003B
:10557000000000000000000000000000000000002B
:10558000000000000000000000000000000000001B
:10559000000000000000000000000000000000000B
:1055A00000000000000000000000000000000000FB
:1055B00000000000000000000000000000000000EB
:1055C00000000000000000000000000000000000DB
:1055D00000000000000000000000000000000000CB
:1055E00000000000000000000000000000000000BB
:1055F00000000000000000000000000000000000AB
:10560000000000000000000000000000000000009A
:10561000000000000000000000000000000000008A
:10562000000000000000000000000000000000007A
:10563000000000000000000000000000000000006A
:10564000000000000000000000000000000000005A
:10565000000000000000000000000000000000004A
:10566000000000000000000000000000000000003A
:10567000000000000000000000000000000000002A
:10568000000000000000000000000000000000001A
:10569000000000000000000000000000000000000A
:1056A00000000000000000000000000000000000FA
:1056B00000000000000000000000000000000000EA
:1056C00000000000000000000000000000000000DA
:1056D00000000000000000000000000000000000CA
:1056E00000000000000000000000000000000000BA
:1056F00000000000000000000000000000000000AA
:105700000000000000000000000000000000000099
:105710000000000000000000000000000000000089
:105720000000000000000000000000000000000079
:105730000000000000000000000000000000000069
:105740000000000000000000000000000000000059
:105750000000000000000000000000000000000049
:105760000000000000000000000000000000000039
:105770000000000000000000000000000000000029
:105780000000000000000000000000000000000019
:105790000000000000000000000000000000000009
:1057A00000000000000000000000000000000000F9
:1057B00000000000000000000000000000000000E9
:1057C00000000000000000000000000000000000D9
:1057D00000000000000000000000000000000000C9
:1057E00000000000000000000000000000000000B9
:1057F00000000000000000000000000000000000A9
:105800000000000000000000000000000000000098
:105810000000000000000000000000000000000088
:105820000000000000000000000000000000000078
:105830000000000000000000000000000000000068
:105840000000000000000000000000000000000058
:105850000000000000000000000000000000000048
:105860000000000000000000000000000000000038
:105870000000000000000000000000000000000028
:105880000000000000000000000000000000000018
:105890000000000000000000000000000000000008
:1058A00000000000000000000000000000000000F8
:1058B00000000000000000000000000000000000E8
:1058C00000000000000000000000000000000000D8
:1058D00000000000000000000000000000000000C8
:1058E00000000000000000000000000000000000B8
:1058F00000000000000000000000000000000000A8
:105900000000000000000000000000000000000097
:105910000000000000000000000000000000000087
:105920000000000000000000000000000000000077
:105930000000000000000000000000000000000067
:105940000000000000000000000000000000000057
:105950000000000000000000000000000000000047
:105960000000000000000000000000000000000037
:105970000000000000000000000000000000000027
:105980000000000000000000000000000000000017
:105990000000000000000000000000000000000007
:1059A00000000000000000000000000000000000F7
:1059B00000000000000000000000000000000000E7
:1059C00000000000000000000000000000000000D7
:1059D00000000000000000000000000000000000C7
:1059E00000000000000000000000000000000000B7
:1059F00000000000000000000000000000000000A7
:105A00000000000000000000000000000000000096
:105A10000000000000000000000000000000000086
:105A20000000000000000000000000000000000076
:105A30000000000000000000000000000000000066
:105A40000000000000000000000000000000000056
:105A50000000000000000000000000000000000046
:105A60000000000000000000000000000000000036
:105A70000000000000000000000000000000000026
:105A80000000000000000000000000000000000016
:105A90000000000000000000000000000000000006
:105AA00000000000000000000000000000000000F6
:105AB00000000000000000000000000000000000E6
:105AC00000000000000000000000000000000000D6
:105AD00000000000000000000000000000000000C6
:105AE00000000000000000000000000000000000B6
:105AF00000000000000000000000000000000000A6
:105B00000000000000000000000000000000000095
:105B10000000000000000000000000000000000085
:105B20000000000000000000000000000000000075
:105B30000000000000000000000000000000000065
:105B40000000000000000000000000000000000055
:105B50000000000000000000000000000000000045
:105B60000000000000000000000000000000000035
:105B70000000000000000000000000000000000025
:105B80000000000000000000000000000000000015
:105B90000000000000000000000000000000000005
:105BA00000000000000000000000000000000000F5
:105BB00000000000000000000000000000000000E5
:105BC00000000000000000000000000000000000D5
:105BD00000000000000000000000000000000000C5
:105BE00000000000000000000000000000000000B5
:105BF00000000000000000000000000000000000A5
:105C00000000000000000000000000000000000094
:105C10000000000000000000000000000000000084
:105C20000000000000000000000000000000000074
:105C30000000000000000000000000000000000064
:105C40000000000000000000000000000000000054
:105C50000000000000000000000000000000000044
:105C60000000000000000000000000000000000034
:105C70000000000000000000000000000000000024
:105C80000000000000000000000000000000000014
:105C90000000000000000000000000000000000004
:105CA00000000000000000000000000000000000F4
:105CB00000000000000000000000000000000000E4
:105CC00000000000000000000000000000000000D4
:105CD00000000000000000000000000000000000C4
:105CE00000000000000000000000000000000000B4
:105CF00000000000000000000000000000000000A4
:105D00000000000000000000000000000000000093
:105D10000000000000000000000000000000000083
:105D20000000000000000000000000000000000073
:105D30000000000000000000000000000000000063
:105D40000000000000000000000000000000000053
:105D50000000000000000000000000000000000043
:105D60000000000000000000000000000000000033
:105D70000000000000000000000000000000000023
:105D80000000000000000000000000000000000013
:105D90000000000000000000000000000000000003
:105DA00000000000000000000000000000000000F3
:105DB00000000000000000000000000000000000E3
:105DC00000000000000000000000000000000000D3
:105DD00000000000000000000000000000000000C3
:105DE00000000000000000000000000000000000B3
:105DF00000000000000000000000000000000000A3
:105E00000000000000000000000000000000000092
:105E10000000000000000000000000000000000082
:105E20000000000000000000000000000000000072
:105E30000000000000000000000000000000000062
:105E40000000000000000000000000000000000052
:105E50000000000000000000000000000000000042
:105E60000000000000000000000000000000000032
:105E70000000000000000000000000000000000022
:105E80000000000000000000000000000000000012
:105E90000000000000000000000000000000000002
:105EA00000000000000000000000000000000000F2
:105EB00000000000000000000000000000000000E2
:105EC00000000000000000000000000000000000D2
:105ED00000000000000000000000000000000000C2
:105EE00000000000000000000000000000000000B2
:105EF00000000000000000000000000000000000A2
:105F00000000000000000000000000000000000091
:105F10000000000000000000000000000000000081
:105F20000000000000000000000000000000000071
:105F30000000000000000000000000000000000061
:105F40000000000000000000000000000000000051
:105F50000000000000000000000000000000000041
:105F60000000000000000000000000000000000031
:105F70000000000000000000000000000000000021
:105F80000000000000000000000000000000000011
:105F90000000000000000000000000000000000001
:105FA00000000000000000000000000000000000F1
:105FB00000000000000000000000000000000000E1
:105FC00000000000000000000000000000000000D1
:105FD00000000000000000000000000000000000C1
:105FE00000000000000000000000000000000000B1
:105FF00000000000000000000000000000000000A1
:106000000000000000000000000000000000000090
:106010000000000000000000000000000000000080
:106020000000000000000000000000000000000070
:106030000000000000000000000000000000000060
:106040000000000000000000000000000000000050
:106050000000000000000000000000000000000040
:106060000000000000000000000000000000000030
:106070000000000000000000000000000000000020
:106080000000000000000000000000000000000010
:106090000000000000000000000000000000000000
:1060A00000000000000000000000000000000000F0
:1060B00000000000000000000000000000000000E0
:1060C00000000000000000000000000000000000D0
:1060D00000000000000000000000000000000000C0
:1060E00000000000000000000000000000000000B0
:1060F00000000000000000000000000000000000A0
:10610000000000000000000000000000000000008F
:10611000000000000000000000000000000000007F
:10612000000000000000000000000000000000006F
:10613000000000000000000000000000000000005F
:10614000000000000000000000000000000000004F
:10615000000000000000000000000000000000003F
:10616000000000000000000000000000000000002F
:10617000000000000000000000000000000000001F
:10618000000000000000000000000000000000000F
:1061900000000000000000000000000000000000FF
:1061A00000000000000000000000000000000000EF
:1061B00000000000000000000000000000000000DF
:1061C00000000000000000000000000000000000CF
:1061D00000000000000000000000000000000000BF
:1061E00000000000000000000000000000000000AF
:1061F000000000000000000000000000000000009F
:10620000000000000000000000000000000000008E
:10621000000000000000000000000000000000007E
:10622000000000000000000000000000000000006E
:10623000000000000000000000000000000000005E
:10624000000000000000000000000000000000004E
:10625000000000000000000000000000000000003E
:10626000000000000000000000000000000000002E
:10627000000000000000000000000000000000001E
:10628000000000000000000000000000000000000E
:1062900000000000000000000000000000000000FE
:1062A00000000000000000000000000000000000EE
:1062B00000000000000000000000000000000000DE
:1062C00000000000000000000000000000000000CE
:1062D00000000000000000000000000000000000BE
:1062E00000000000000000000000000000000000AE
:1062F000000000000000000000000000000000009E
:10630000000000000000000000000000000000008D
:10631000000000000000000000000000000000007D
:10632000000000000000000000000000000000006D
:10633000000000000000000000000000000000005D
:10634000000000000000000000000000000000004D
:10635000000000000000000000000000000000003D
:10636000000000000000000000000000000000002D
:10637000000000000000000000000000000000001D
:10638000000000000000000000000000000000000D
:1063900000000000000000000000000000000000FD
:1063A00000000000000000000000000000000000ED
:1063B00000000000000000000000000000000000DD
:1063C00000000000000000000000000000000000CD
:1063D00000000000000000000000000000000000BD
:1063E00000000000000000000000000000000000AD
:1063F000000000000000000000000000000000009D
:10640000000000000000000000000000000000008C
:10641000000000000000000000000000000000007C
:10642000000000000000000000000000000000006C
:10643000000000000000000000000000000000005C
:10644000000000000000000000000000000000004C
:10645000000000000000000000000000000000003C
:10646000000000000000000000000000000000002C
:10647000000000000000000000000000000000001C
:10648000000000000000000000000000000000000C
:1064900000000000000000000000000000000000FC
:1064A00000000000000000000000000000000000EC
:1064B00000000000000000000000000000000000DC
:1064C00000000000000000000000000000000000CC
:1064D00000000000000000000000000000000000BC
:1064E00000000000000000000000000000000000AC
:1064F000000000000000000000000000000000009C
:10650000000000000000000000000000000000008B
:10651000000000000000000000000000000000007B
:10652000000000000000000000000000000000006B
:10653000000000000000000000000000000000005B
:10654000000000000000000000000000000000004B
:10655000000000000000000000000000000000003B
:10656000000000000000000000000000000000002B
:10657000000000000000000000000000000000001B
:10658000000000000000000000000000000000000B
:1065900000000000000000000000000000000000FB
:1065A00000000000000000000000000000000000EB
:1065B00000000000000000000000000000000000DB
:1065C00000000000000000000000000000000000CB
:1065D00000000000000000000000000000000000BB
:1065E00000000000000000000000000000000000AB
:1065F000000000000000000000000000000000009B
:10660000000000000000000000000000000000008A
:10661000000000000000000000000000000000007A
:10662000000000000000000000000000000000006A
:10663000000000000000000000000000000000005A
:10664000000000000000000000000000000000004A
:10665000000000000000000000000000000000003A
:10666000000000000000000000000000000000002A
:10667000000000000000000000000000000000001A
:10668000000000000000000000000000000000000A
:1066900000000000000000000000000000000000FA
:1066A00000000000000000000000000000000000EA
:1066B00000000000000000000000000000000000DA
:1066C00000000000000000000000000000000000CA
:1066D00000000000000000000000000000000000BA
:1066E00000000000000000000000000000000000AA
:1066F000000000000000000000000000000000009A
:106700000000000000000000000000000000000089
:106710000000000000000000000000000000000079
:106720000000000000000000000000000000000069
:106730000000000000000000000000000000000059
:106740000000000000000000000000000000000049
:106750000000000000000000000000000000000039
:106760000000000000000000000000000000000029
:106770000000000000000000000000000000000019
:106780000000000000000000000000000000000009
:1067900000000000000000000000000000000000F9
:1067A00000000000000000000000000000000000E9
:1067B00000000000000000000000000000000000D9
:1067C00000000000000000000000000000000000C9
:1067D00000000000000000000000000000000000B9
:1067E00000000000000000000000000000000000A9
:1067F0000000000000000000000000000000000099
:106800000000000000000000000000000000000088
:106810000000000000000000000000000000000078
:106820000000000000000000000000000000000068
:106830000000000000000000000000000000000058
:106840000000000000000000000000000000000048
:106850000000000000000000000000000000000038
:106860000000000000000000000000000000000028
:106870000000000000000000000000000000000018
:106880000000000000000000000000000000000008
:1068900000000000000000000000000000000000F8
:1068A00000000000000000000000000000000000E8
:1068B00000000000000000000000000000000000D8
:1068C00000000000000000000000000000000000C8
:1068D00000000000000000000000000000000000B8
:1068E00000000000000000000000000000000000A8
:1068F0000000000000000000000000000000000098
:106900000000000000000000000000000000000087
:106910000000000000000000000000000000000077
:106920000000000000000000000000000000000067
:106930000000000000000000000000000000000057
:106940000000000000000000000000000000000047
:106950000000000000000000000000000000000037
:106960000000000000000000000000000000000027
:106970000000000000000000000000000000000017
:106980000000000000000000000000000000000007
:1069900000000000000000000000000000000000F7
:1069A00000000000000000000000000000000000E7
:1069B00000000000000000000000000000000000D7
:1069C00000000000000000000000000000000000C7
:1069D00000000000000000000000000000000000B7
:1069E00000000000000000000000000000000000A7
:1069F0000000000000000000000000000000000097
:106A00000000000000000000000000000000000086
:106A10000000000000000000000000000000000076
:106A20000000000000000000000000000000000066
:106A30000000000000000000000000000000000056
:106A40000000000000000000000000000000000046
:106A50000000000000000000000000000000000036
:106A60000000000000000000000000000000000026
:106A70000000000000000000000000000000000016
:106A80000000000000000000000000000000000006
:106A900000000000000000000000000000000000F6
:106AA00000000000000000000000000000000000E6
:106AB00000000000000000000000000000000000D6
:106AC00000000000000000000000000000000000C6
:106AD00000000000000000000000000000000000B6
:106AE00000000000000000000000000000000000A6
:106AF0000000000000000000000000000000000096
:106B00000000000000000000000000000000000085
:106B10000000000000000000000000000000000075
:106B20000000000000000000000000000000000065
:106B30000000000000000000000000000000000055
:106B40000000000000000000000000000000000045
:106B50000000000000000000000000000000000035
:106B60000000000000000000000000000000000025
:106B70000000000000000000000000000000000015
:106B80000000000000000000000000000000000005
:106B900000000000000000000000000000000000F5
:106BA00000000000000000000000000000000000E5
:106BB00000000000000000000000000000000000D5
:106BC00000000000000000000000000000000000C5
:106BD00000000000000000000000000000000000B5
:106BE00000000000000000000000000000000000A5
:106BF0000000000000000000000000000000000095
:106C00000000000000000000000000000000000084
:106C10000000000000000000000000000000000074
:106C20000000000000000000000000000000000064
:106C30000000000000000000000000000000000054
:106C40000000000000000000000000000000000044
:106C50000000000000000000000000000000000034
:106C60000000000000000000000000000000000024
:106C70000000000000000000000000000000000014
:106C80000000000000000000000000000000000004
:106C900000000000000000000000000000000000F4
:106CA00000000000000000000000000000000000E4
:106CB00000000000000000000000000000000000D4
:106CC00000000000000000000000000000000000C4
:106CD00000000000000000000000000000000000B4
:106CE00000000000000000000000000000000000A4
:106CF0000000000000000000000000000000000094
:106D00000000000000000000000000000000000083
:106D10000000000000000000000000000000000073
:106D20000000000000000000000000000000000063
:106D30000000000000000000000000000000000053
:106D40000000000000000000000000000000000043
:106D50000000000000000000000000000000000033
:106D60000000000000000000000000000000000023
:106D70000000000000000000000000000000000013
:106D80000000000000000000000000000000000003
:106D900000000000000000000000000000000000F3
:106DA00000000000000000000000000000000000E3
:106DB00000000000000000000000000000000000D3
:106DC00000000000000000000000000000000000C3
:106DD00000000000000000000000000000000000B3
:106DE00000000000000000000000000000000000A3
:106DF0000000000000000000000000000000000093
:106E00000000000000000000000000000000000082
:106E10000000000000000000000000000000000072
:106E20000000000000000000000000000000000062
:106E30000000000000000000000000000000000052
:106E40000000000000000000000000000000000042
:106E50000000000000000000000000000000000032
:106E60000000000000000000000000000000000022
:106E70000000000000000000000000000000000012
:106E80000000000000000000000000000000000002
:106E900000000000000000000000000000000000F2
:106EA00000000000000000000000000000000000E2
:106EB00000000000000000000000000000000000D2
:106EC00000000000000000000000000000000000C2
:106ED00000000000000000000000000000000000B2
:106EE00000000000000000000000000000000000A2
:106EF0000000000000000000000000000000000092
:106F00000000000000000000000000000000000081
:106F10000000000000000000000000000000000071
:106F20000000000000000000000000000000000061
:106F30000000000000000000000000000000000051
:106F40000000000000000000000000000000000041
:106F50000000000000000000000000000000000031
:106F60000000000000000000000000000000000021
:106F70000000000000000000000000000000000011
:106F80000000000000000000000000000000000001
:106F900000000000000000000000000000000000F1
:106FA00000000000000000000000000000000000E1
:106FB00000000000000000000000000000000000D1
:106FC00000000000000000000000000000000000C1
:106FD00000000000000000000000000000000000B1
:106FE00000000000000000000000000000000000A1
:106FF0000000000000000000000000000000000091
:107000000000000000000000000000000000000080
:107010000000000000000000000000000000000070
:107020000000000000000000000000000000000060
:107030000000000000000000000000000000000050
:107040000000000000000000000000000000000040
:107050000000000000000000000000000000000030
:107060000000000000000000000000000000000020
:107070000000000000000000000000000000000010
:107080000000000000000000000000000000000000
:1070900000000000000000000000000000000000F0
:1070A00000000000000000000000000000000000E0
:1070B00000000000000000000000000000000000D0
:1070C00000000000000000000000000000000000C0
:1070D00000000000000000000000000000000000B0
:1070E00000000000000000000000000000000000A0
:1070F0000000000000000000000000000000000090
:10710000000000000000000000000000000000007F
:10711000000000000000000000000000000000006F
:10712000000000000000000000000000000000005F
:10713000000000000000000000000000000000004F
:10714000000000000000000000000000000000003F
:10715000000000000000000000000000000000002F
:10716000000000000000000000000000000000001F
:10717000000000000000000000000000000000000F
:1071800000000000000000000000000000000000FF
:1071900000000000000000000000000000000000EF
:1071A00000000000000000000000000000000000DF
:1071B00000000000000000000000000000000000CF
:1071C00000000000000000000000000000000000BF
:1071D00000000000000000000000000000000000AF
:1071E000000000000000000000000000000000009F
:1071F000000000000000000000000000000000008F
:10720000000000000000000000000000000000007E
:10721000000000000000000000000000000000006E
:10722000000000000000000000000000000000005E
:10723000000000000000000000000000000000004E
:10724000000000000000000000000000000000003E
:10725000000000000000000000000000000000002E
:10726000000000000000000000000000000000001E
:10727000000000000000000000000000000000000E
:1072800000000000000000000000000000000000FE
:1072900000000000000000000000000000000000EE
:1072A00000000000000000000000000000000000DE
:1072B00000000000000000000000000000000000CE
:1072C00000000000000000000000000000000000BE
:1072D00000000000000000000000000000000000AE
:1072E000000000000000000000000000000000009E
:1072F000000000000000000000000000000000008E
:10730000000000000000000000000000000000007D
:10731000000000000000000000000000000000006D
:10732000000000000000000000000000000000005D
:10733000000000000000000000000000000000004D
:10734000000000000000000000000000000000003D
:10735000000000000000000000000000000000002D
:10736000000000000000000000000000000000001D
:10737000000000000000000000000000000000000D
:1073800000000000000000000000000000000000FD
:1073900000000000000000000000000000000000ED
:1073A00000000000000000000000000000000000DD
:1073B00000000000000000000000000000000000CD
:1073C00000000000000000000000000000000000BD
:1073D00000000000000000000000000000000000AD
:1073E000000000000000000000000000000000009D
:1073F000000000000000000000000000000000008D
:10740000000000000000000000000000000000007C
:10741000000000000000000000000000000000006C
:10742000000000000000000000000000000000005C
:10743000000000000000000000000000000000004C
:10744000000000000000000000000000000000003C
:10745000000000000000000000000000000000002C
:10746000000000000000000000000000000000001C
:10747000000000000000000000000000000000000C
:1074800000000000000000000000000000000000FC
:1074900000000000000000000000000000000000EC
:1074A00000000000000000000000000000000000DC
:1074B00000000000000000000000000000000000CC
:1074C00000000000000000000000000000000000BC
:1074D00000000000000000000000000000000000AC
:1074E000000000000000000000000000000000009C
:1074F000000000000000000000000000000000008C
:10750000000000000000000000000000000000007B
:10751000000000000000000000000000000000006B
:10752000000000000000000000000000000000005B
:10753000000000000000000000000000000000004B
:10754000000000000000000000000000000000003B
:10755000000000000000000000000000000000002B
:10756000000000000000000000000000000000001B
:10757000000000000000000000000000000000000B
:1075800000000000000000000000000000000000FB
:1075900000000000000000000000000000000000EB
:1075A00000000000000000000000000000000000DB
:1075B00000000000000000000000000000000000CB
:1075C00000000000000000000000000000000000BB
:1075D00000000000000000000000000000000000AB
:1075E000000000000000000000000000000000009B
:1075F000000000000000000000000000000000008B
:10760000000000000000000000000000000000007A
:10761000000000000000000000000000000000006A
:10762000000000000000000000000000000000005A
:10763000000000000000000000000000000000004A
:10764000000000000000000000000000000000003A
:10765000000000000000000000000000000000002A
:10766000000000000000000000000000000000001A
:10767000000000000000000000000000000000000A
:1076800000000000000000000000000000000000FA
:1076900000000000000000000000000000000000EA
:1076A00000000000000000000000000000000000DA
:1076B00000000000000000000000000000000000CA
:1076C00000000000000000000000000000000000BA
:1076D00000000000000000000000000000000000AA
:1076E000000000000000000000000000000000009A
:1076F000000000000000000000000000000000008A
:107700000000000000000000000000000000000079
:107710000000000000000000000000000000000069
:107720000000000000000000000000000000000059
:107730000000000000000000000000000000000049
:107740000000000000000000000000000000000039
:107750000000000000000000000000000000000029
:107760000000000000000000000000000000000019
:107770000000000000000000000000000000000009
:1077800000000000000000000000000000000000F9
:1077900000000000000000000000000000000000E9
:1077A00000000000000000000000000000000000D9
:1077B00000000000000000000000000000000000C9
:1077C00000000000000000000000000000000000B9
:1077D00000000000000000000000000000000000A9
:1077E0000000000000000000000000000000000099
:1077F0000000000000000000000000000000000089
:107800000000000000000000000000000000000078
:107810000000000000000000000000000000000068
:107820000000000000000000000000000000000058
:107830000000000000000000000000000000000048
:107840000000000000000000000000000000000038
:107850000000000000000000000000000000000028
:107860000000000000000000000000000000000018
:107870000000000000000000000000000000000008
:1078800000000000000000000000000000000000F8
:1078900000000000000000000000000000000000E8
:1078A00000000000000000000000000000000000D8
:1078B00000000000000000000000000000000000C8
:1078C00000000000000000000000000000000000B8
:1078D00000000000000000000000000000000000A8
:1078E0000000000000000000000000000000000098
:1078F0000000000000000000000000000000000088
:107900000000000000000000000000000000000077
:107910000000000000000000000000000000000067
:107920000000000000000000000000000000000057
:107930000000000000000000000000000000000047
:107940000000000000000000000000000000000037
:107950000000000000000000000000000000000027
:107960000000000000000000000000000000000017
:107970000000000000000000000000000000000007
:1079800000000000000000000000000000000000F7
:1079900000000000000000000000000000000000E7
:1079A00000000000000000000000000000000000D7
:1079B00000000000000000000000000000000000C7
:1079C00000000000000000000000000000000000B7
:1079D00000000000000000000000000000000000A7
:1079E0000000000000000000000000000000000097
:1079F0000000000000000000000000000000000087
:107A00000000000000000000000000000000000076
:107A10000000000000000000000000000000000066
:107A20000000000000000000000000000000000056
:107A30000000000000000000000000000000000046
:107A40000000000000000000000000000000000036
:107A50000000000000000000000000000000000026
:107A60000000000000000000000000000000000016
:107A70000000000000000000000000000000000006
:107A800000000000000000000000000000000000F6
:107A900000000000000000000000000000000000E6
:107AA00000000000000000000000000000000000D6
:107AB00000000000000000000000000000000000C6
:107AC00000000000000000000000000000000000B6
:107AD00000000000000000000000000000000000A6
:107AE0000000000000000000000000000000000096
:107AF0000000000000000000000000000000000086
:107B00000000000000000000000000000000000075
:107B10000000000000000000000000000000000065
:107B20000000000000000000000000000000000055
:107B30000000000000000000000000000000000045
:107B40000000000000000000000000000000000035
:107B50000000000000000000000000000000000025
:107B60000000000000000000000000000000000015
:107B70000000000000000000000000000000000005
:107B800000000000000000000000000000000000F5
:107B900000000000000000000000000000000000E5
:107BA00000000000000000000000000000000000D5
:107BB00000000000000000000000000000000000C5
:107BC00000000000000000000000000000000000B5
:107BD00000000000000000000000000000000000A5
:107BE0000000000000000000000000000000000095
:107BF0000000000000000000000000000000000085
:107C00000000000000000000000000000000000074
:107C10000000000000000000000000000000000064
:107C20000000000000000000000000000000000054
:107C30000000000000000000000000000000000044
:107C40000000000000000000000000000000000034
:107C50000000000000000000000000000000000024
:107C60000000000000000000000000000000000014
:107C70000000000000000000000000000000000004
:107C800000000000000000000000000000000000F4
:107C900000000000000000000000000000000000E4
:107CA00000000000000000000000000000000000D4
:107CB00000000000000000000000000000000000C4
:107CC00000000000000000000000000000000000B4
:107CD00000000000000000000000000000000000A4
:107CE0000000000000000000000000000000000094
:107CF0000000000000000000000000000000000084
:107D00000000000000000000000000000000000073
:107D10000000000000000000000000000000000063
:107D20000000000000000000000000000000000053
:107D30000000000000000000000000000000000043
:107D40000000000000000000000000000000000033
:107D50000000000000000000000000000000000023
:107D60000000000000000000000000000000000013
:107D70000000000000000000000000000000000003
:107D800000000000000000000000000000000000F3
:107D900000000000000000000000000000000000E3
:107DA00000000000000000000000000000000000D3
:107DB00000000000000000000000000000000000C3
:107DC00000000000000000000000000000000000B3
:107DD00000000000000000000000000000000000A3
:107DE0000000000000000000000000000000000093
:107DF0000000000000000000000000000000000083
:107E00000000000000000000000000000000000072
:107E10000000000000000000000000000000000062
:107E20000000000000000000000000000000000052
:107E30000000000000000000000000000000000042
:107E40000000000000000000000000000000000032
:107E50000000000000000000000000000000000022
:107E60000000000000000000000000000000000012
:107E70000000000000000000000000000000000002
:107E800000000000000000000000000000000000F2
:107E900000000000000000000000000000000000E2
:107EA00000000000000000000000000000000000D2
:107EB00000000000000000000000000000000000C2
:107EC00000000000000000000000000000000000B2
:107ED00000000000000000000000000000000000A2
:107EE0000000000000000000000000000000000092
:107EF0000000000000000000000000000000000082
:107F00000000000000000000000000000000000071
:107F10000000000000000000000000000000000061
:107F20000000000000000000000000000000000051
:107F30000000000000000000000000000000000041
:107F40000000000000000000000000000000000031
:107F50000000000000000000000000000000000021
:107F60000000000000000000000000000000000011
:107F70000000000000000000000000000000000001
:107F800000000000000000000000000000000000F1
:107F900000000000000000000000000000000000E1
:107FA00000000000000000000000000000000000D1
:107FB00000000000000000000000000000000000C1
:107FC00000000000000000000000000000000000B1
:107FD00000000000000000000000000000000000A1
:107FE0000000000000000000000000000000000091
:107FF0000000000000000000000000000000000081
:108000000000000000000000000000000000000070
:108010000000000000000000000000000000000060
:108020000000000000000000000000000000000050
:108030000000000000000000000000000000000040
:108040000000000000000000000000000000000030
:108050000000000000000000000000000000000020
:108060000000000000000000000000000000000010
:108070000000000000000000000000000000000000
:1080800000000000000000000000000000000000F0
:1080900000000000000000000000000000000000E0
:1080A00000000000000000000000000000000000D0
:1080B00000000000000000000000000000000000C0
:1080C00000000000000000000000000000000000B0
:1080D00000000000000000000000000000000000A0
:1080E0000000000000000000000000000000000090
:1080F0000000000000000000000000000000000080
:10810000000000000000000000000000000000006F
:10811000000000000000000000000000000000005F
:10812000000000000000000000000000000000004F
:10813000000000000000000000000000000000003F
:10814000000000000000000000000000000000002F
:10815000000000000000000000000000000000001F
:10816000000000000000000000000000000000000F
:1081700000000000000000000000000000000000FF
:1081800000000000000000000000000000000000EF
:1081900000000000000000000000000000000000DF
:1081A00000000000000000000000000000000000CF
:1081B00000000000000000000000000000000000BF
:1081C00000000000000000000000000000000000AF
:1081D000000000000000000000000000000000009F
:1081E000000000000000000000000000000000008F
:1081F000000000000000000000000000000000007F
:10820000000000000000000000000000000000006E
:10821000000000000000000000000000000000005E
:10822000000000000000000000000000000000004E
:10823000000000000000000000000000000000003E
:10824000000000000000000000000000000000002E
:10825000000000000000000000000000000000001E
:10826000000000000000000000000000000000000E
:1082700000000000000000000000000000000000FE
:1082800000000000000000000000000000000000EE
:1082900000000000000000000000000000000000DE
:1082A00000000000000000000000000000000000CE
:1082B00000000000000000000000000000000000BE
:1082C00000000000000000000000000000000000AE
:1082D000000000000000000000000000000000009E
:1082E000000000000000000000000000000000008E
:1082F000000000000000000000000000000000007E
:10830000000000000000000000000000000000006D
:10831000000000000000000000000000000000005D
:10832000000000000000000000000000000000004D
:10833000000000000000000000000000000000003D
:10834000000000000000000000000000000000002D
:10835000000000000000000000000000000000001D
:10836000000000000000000000000000000000000D
:1083700000000000000000000000000000000000FD
:1083800000000000000000000000000000000000ED
:1083900000000000000000000000000000000000DD
:1083A00000000000000000000000000000000000CD
:1083B00000000000000000000000000000000000BD
:1083C00000000000000000000000000000000000AD
:1083D000000000000000000000000000000000009D
:1083E000000000000000000000000000000000008D
:1083F000000000000000000000000000000000007D
:10840000000000000000000000000000000000006C
:10841000000000000000000000000000000000005C
:10842000000000000000000000000000000000004C
:10843000000000000000000000000000000000003C
:10844000000000000000000000000000000000002C
:10845000000000000000000000000000000000001C
:10846000000000000000000000000000000000000C
:1084700000000000000000000000000000000000FC
:1084800000000000000000000000000000000000EC
:1084900000000000000000000000000000000000DC
:1084A00000000000000000000000000000000000CC
:1084B00000000000000000000000000000000000BC
:1084C00000000000000000000000000000000000AC
:1084D000000000000000000000000000000000009C
:1084E000000000000000000000000000000000008C
:1084F000000000000000000000000000000000007C
:10850000000000000000000000000000000000006B
:10851000000000000000000000000000000000005B
:10852000000000000000000000000000000000004B
:10853000000000000000000000000000000000003B
:10854000000000000000000000000000000000002B
:10855000000000000000000000000000000000001B
:10856000000000000000000000000000000000000B
:1085700000000000000000000000000000000000FB
:1085800000000000000000000000000000000000EB
:1085900000000000000000000000000000000000DB
:1085A00000000000000000000000000000000000CB
:1085B00000000000000000000000000000000000BB
:1085C00000000000000000000000000000000000AB
:1085D000000000000000000000000000000000009B
:1085E000000000000000000000000000000000008B
:1085F000000000000000000000000000000000007B
:10860000000000000000000000000000000000006A
:10861000000000000000000000000000000000005A
:10862000000000000000000000000000000000004A
:10863000000000000000000000000000000000003A
:10864000000000000000000000000000000000002A
:10865000000000000000000000000000000000001A
:10866000000000000000000000000000000000000A
:1086700000000000000000000000000000000000FA
:1086800000000000000000000000000000000000EA
:1086900000000000000000000000000000000000DA
:1086A00000000000000000000000000000000000CA
:1086B00000000000000000000000000000000000BA
:1086C00000000000000000000000000000000000AA
:1086D000000000000000000000000000000000009A
:1086E000000000000000000000000000000000008A
:1086F000000000000000000000000000000000007A
:108700000000000000000000000000000000000069
:108710000000000000000000000000000000000059
:108720000000000000000000000000000000000049
:108730000000000000000000000000000000000039
:108740000000000000000000000000000000000029
:108750000000000000000000000000000000000019
:108760000000000000000000000000000000000009
:1087700000000000000000000000000000000000F9
:1087800000000000000000000000000000000000E9
:1087900000000000000000000000000000000000D9
:1087A00000000000000000000000000000000000C9
:1087B00000000000000000000000000000000000B9
:1087C00000000000000000000000000000000000A9
:1087D0000000000000000000000000000000000099
:1087E0000000000000000000000000000000000089
:1087F0000000000000000000000000000000000079
:108800000000000000000000000000000000000068
:108810000000000000000000000000000000000058
:108820000000000000000000000000000000000048
:108830000000000000000000000000000000000038
:108840000000000000000000000000000000000028
:108850000000000000000000000000000000000018
:108860000000000000000000000000000000000008
:1088700000000000000000000000000000000000F8
:1088800000000000000000000000000000000000E8
:1088900000000000000000000000000000000000D8
:1088A00000000000000000000000000000000000C8
:1088B00000000000000000000000000000000000B8
:1088C00000000000000000000000000000000000A8
:1088D0000000000000000000000000000000000098
:1088E0000000000000000000000000000000000088
:1088F0000000000000000000000000000000000078
:108900000000000000000000000000000000000067
:108910000000000000000000000000000000000057
:108920000000000000000000000000000000000047
:108930000000000000000000000000000000000037
:108940000000000000000000000000000000000027
:108950000000000000000000000000000000000017
:108960000000000000000000000000000000000007
:1089700000000000000000000000000000000000F7
:1089800000000000000000000000000000000000E7
:1089900000000000000000000000000000000000D7
:1089A00000000000000000000000000000000000C7
:1089B00000000000000000000000000000000000B7
:1089C00000000000000000000000000000000000A7
:1089D0000000000000000000000000000000000097
:1089E0000000000000000000000000000000000087
:1089F0000000000000000000000000000000000077
:108A00000000000000000000000000000000000066
:108A10000000000000000000000000000000000056
:108A20000000000000000000000000000000000046
:108A30000000000000000000000000000000000036
:108A40000000000000000000000000000000000026
:108A50000000000000000000000000000000000016
:108A60000000000000000000000000000000000006
:108A700000000000000000000000000000000000F6
:108A800000000000000000000000000000000000E6
:108A900000000000000000000000000000000000D6
:108AA00000000000000000000000000000000000C6
:108AB00000000000000000000000000000000000B6
:108AC00000000000000000000000000000000000A6
:108AD0000000000000000000000000000000000096
:108AE0000000000000000000000000000000000086
:108AF0000000000000000000000000000000000076
:108B00000000000000000000000000000000000065
:108B10000000000000000000000000000000000055
:108B20000000000000000000000000000000000045
:108B30000000000000000000000000000000000035
:108B40000000000000000000000000000000000025
:108B50000000000000000000000000000000000015
:108B60000000000000000000000000000000000005
:108B700000000000000000000000000000000000F5
:108B800000000000000000000000000000000000E5
:108B900000000000000000000000000000000000D5
:108BA00000000000000000000000000000000000C5
:108BB00000000000000000000000000000000000B5
:108BC00000000000000000000000000000000000A5
:108BD0000000000000000000000000000000000095
:108BE0000000000000000000000000000000000085
:108BF0000000000000000000000000000000000075
:108C00000000000000000000000000000000000064
:108C10000000000000000000000000000000000054
:108C20000000000000000000000000000000000044
:108C30000000000000000000000000000000000034
:108C40000000000000000000000000000000000024
:108C50000000000000000000000000000000000014
:108C60000000000000000000000000000000000004
:108C700000000000000000000000000000000000F4
:108C800000000000000000000000000000000000E4
:108C900000000000000000000000000000000000D4
:108CA00000000000000000000000000000000000C4
:108CB00000000000000000000000000000000000B4
:108CC00000000000000000000000000000000000A4
:108CD0000000000000000000000000000000000094
:108CE0000000000000000000000000000000000084
:108CF0000000000000000000000000000000000074
:108D00000000000000000000000000000000000063
:108D10000000000000000000000000000000000053
:108D20000000000000000000000000000000000043
:108D30000000000000000000000000000000000033
:108D40000000000000000000000000000000000023
:108D50000000000000000000000000000000000013
:108D60000000000000000000000000000000000003
:108D700000000000000000000000000000000000F3
:108D800000000000000000000000000000000000E3
:108D900000000000000000000000000000000000D3
:108DA00000000000000000000000000000000000C3
:108DB00000000000000000000000000000000000B3
:108DC00000000000000000000000000000000000A3
:108DD0000000000000000000000000000000000093
:108DE0000000000000000000000000000000000083
:108DF0000000000000000000000000000000000073
:108E00000000000000000000000000000000000062
:108E10000000000000000000000000000000000052
:108E20000000000000000000000000000000000042
:108E30000000000000000000000000000000000032
:108E40000000000000000000000000000000000022
:108E50000000000000000000000000000000000012
:108E60000000000000000000000000000000000002
:108E700000000000000000000000000000000000F2
:108E800000000000000000000000000000000000E2
:108E900000000000000000000000000000000000D2
:108EA00000000000000000000000000000000000C2
:108EB00000000000000000000000000000000000B2
:108EC00000000000000000000000000000000000A2
:108ED0000000000000000000000000000000000092
:108EE0000000000000000000000000000000000082
:108EF0000000000000000000000000000000000072
:108F00000000000000000000000000000000000061
:108F10000000000000000000000000000000000051
:108F20000000000000000000000000000000000041
:108F30000000000000000000000000000000000031
:108F40000000000000000000000000000000000021
:108F50000000000000000000000000000000000011
:108F60000000000000000000000000000000000001
:108F700000000000000000000000000000000000F1
:108F800000000000000000000000000000000000E1
:108F900000000000000000000000000000000000D1
:108FA00000000000000000000000000000000000C1
:108FB00000000000000000000000000000000000B1
:108FC00000000000000000000000000000000000A1
:108FD0000000000000000000000000000000000091
:108FE0000000000000000000000000000000000081
:108FF0000000000000000000000000000000000071
:109000000000000000000000000000000000000060
:109010000000000000000000000000000000000050
:109020000000000000000000000000000000000040
:109030000000000000000000000000000000000030
:109040000000000000000000000000000000000020
:109050000000000000000000000000000000000010
:109060000000000000000000000000000000000000
:1090700000000000000000000000000000000000F0
:1090800000000000000000000000000000000000E0
:1090900000000000000000000000000000000000D0
:1090A00000000000000000000000000000000000C0
:1090B00000000000000000000000000000000000B0
:1090C00000000000000000000000000000000000A0
:1090D0000000000000000000000000000000000090
:1090E0000000000000000000000000000000000080
:1090F0000000000000000000000000000000000070
:10910000000000000000000000000000000000005F
:10911000000000000000000000000000000000004F
:10912000000000000000000000000000000000003F
:10913000000000000000000000000000000000002F
:10914000000000000000000000000000000000001F
:10915000000000000000000000000000000000000F
:1091600000000000000000000000000000000000FF
:1091700000000000000000000000000000000000EF
:1091800000000000000000000000000000000000DF
:1091900000000000000000000000000000000000CF
:1091A00000000000000000000000000000000000BF
:1091B00000000000000000000000000000000000AF
:1091C000000000000000000000000000000000009F
:1091D000000000000000000000000000000000008F
:1091E000000000000000000000000000000000007F
:1091F000000000000000000000000000000000006F
:10920000000000000000000000000000000000005E
:10921000000000000000000000000000000000004E
:10922000000000000000000000000000000000003E
:10923000000000000000000000000000000000002E
:10924000000000000000000000000000000000001E
:10925000000000000000000000000000000000000E
:1092600000000000000000000000000000000000FE
:1092700000000000000000000000000000000000EE
:1092800000000000000000000000000000000000DE
:1092900000000000000000000000000000000000CE
:1092A00000000000000000000000000000000000BE
:1092B00000000000000000000000000000000000AE
:1092C000000000000000000000000000000000009E
:1092D000000000000000000000000000000000008E
:1092E000000000000000000000000000000000007E
:1092F000000000000000000000000000000000006E
:10930000000000000000000000000000000000005D
:10931000000000000000000000000000000000004D
:10932000000000000000000000000000000000003D
:10933000000000000000000000000000000000002D
:10934000000000000000000000000000000000001D
:10935000000000000000000000000000000000000D
:1093600000000000000000000000000000000000FD
:1093700000000000000000000000000000000000ED
:1093800000000000000000000000000000000000DD
:1093900000000000000000000000000000000000CD
:1093A00000000000000000000000000000000000BD
:1093B00000000000000000000000000000000000AD
:1093C000000000000000000000000000000000009D
:1093D000000000000000000000000000000000008D
:1093E000000000000000000000000000000000007D
:1093F000000000000000000000000000000000006D
:10940000000000000000000000000000000000005C
:10941000000000000000000000000000000000004C
:10942000000000000000000000000000000000003C
:10943000000000000000000000000000000000002C
:10944000000000000000000000000000000000001C
:10945000000000000000000000000000000000000C
:1094600000000000000000000000000000000000FC
:1094700000000000000000000000000000000000EC
:1094800000000000000000000000000000000000DC
:1094900000000000000000000000000000000000CC
:1094A00000000000000000000000000000000000BC
:1094B00000000000000000000000000000000000AC
:1094C000000000000000000000000000000000009C
:1094D000000000000000000000000000000000008C
:1094E000000000000000000000000000000000007C
:1094F000000000000000000000000000000000006C
:10950000000000000000000000000000000000005B
:10951000000000000000000000000000000000004B
:10952000000000000000000000000000000000003B
:10953000000000000000000000000000000000002B
:10954000000000000000000000000000000000001B
:10955000000000000000000000000000000000000B
:1095600000000000000000000000000000000000FB
:1095700000000000000000000000000000000000EB
:1095800000000000000000000000000000000000DB
:1095900000000000000000000000000000000000CB
:1095A00000000000000000000000000000000000BB
:1095B00000000000000000000000000000000000AB
:1095C000000000000000000000000000000000009B
:1095D000000000000000000000000000000000008B
:1095E000000000000000000000000000000000007B
:1095F000000000000000000000000000000000006B
:10960000000000000000000000000000000000005A
:10961000000000000000000000000000000000004A
:10962000000000000000000000000000000000003A
:10963000000000000000000000000000000000002A
:10964000000000000000000000000000000000001A
:10965000000000000000000000000000000000000A
:1096600000000000000000000000000000000000FA
:1096700000000000000000000000000000000000EA
:1096800000000000000000000000000000000000DA
:1096900000000000000000000000000000000000CA
:1096A00000000000000000000000000000000000BA
:1096B00000000000000000000000000000000000AA
:1096C000000000000000000000000000000000009A
:1096D000000000000000000000000000000000008A
:1096E000000000000000000000000000000000007A
:1096F000000000000000000000000000000000006A
:109700000000000000000000000000000000000059
:109710000000000000000000000000000000000049
:109720000000000000000000000000000000000039
:109730000000000000000000000000000000000029
:109740000000000000000000000000000000000019
:109750000000000000000000000000000000000009
:1097600000000000000000000000000000000000F9
:1097700000000000000000000000000000000000E9
:1097800000000000000000000000000000000000D9
:1097900000000000000000000000000000000000C9
:1097A00000000000000000000000000000000000B9
:1097B00000000000000000000000000000000000A9
:1097C0000000000000000000000000000000000099
:1097D0000000000000000000000000000000000089
:1097E0000000000000000000000000000000000079
:1097F0000000000000000000000000000000000069
:109800000000000000000000000000000000000058
:109810000000000000000000000000000000000048
:109820000000000000000000000000000000000038
:109830000000000000000000000000000000000028
:109840000000000000000000000000000000000018
:109850000000000000000000000000000000000008
:1098600000000000000000000000000000000000F8
:1098700000000000000000000000000000000000E8
:1098800000000000000000000000000000000000D8
:1098900000000000000000000000000000000000C8
:1098A00000000000000000000000000000000000B8
:1098B00000000000000000000000000000000000A8
:1098C0000000000000000000000000000000000098
:1098D0000000000000000000000000000000000088
:1098E0000000000000000000000000000000000078
:1098F0000000000000000000000000000000000068
:109900000000000000000000000000000000000057
:109910000000000000000000000000000000000047
:109920000000000000000000000000000000000037
:109930000000000000000000000000000000000027
:109940000000000000000000000000000000000017
:109950000000000000000000000000000000000007
:1099600000000000000000000000000000000000F7
:1099700000000000000000000000000000000000E7
:1099800000000000000000000000000000000000D7
:1099900000000000000000000000000000000000C7
:1099A00000000000000000000000000000000000B7
:1099B00000000000000000000000000000000000A7
:1099C0000000000000000000000000000000000097
:1099D0000000000000000000000000000000000087
:1099E0000000000000000000000000000000000077
:1099F0000000000000000000000000000000000067
:109A00000000000000000000000000000000000056
:109A10000000000000000000000000000000000046
:109A20000000000000000000000000000000000036
:109A30000000000000000000000000000000000026
:109A40000000000000000000000000000000000016
:109A50000000000000000000000000000000000006
:109A600000000000000000000000000000000000F6
:109A700000000000000000000000000000000000E6
:109A800000000000000000000000000000000000D6
:109A900000000000000000000000000000000000C6
:109AA00000000000000000000000000000000000B6
:109AB00000000000000000000000000000000000A6
:109AC0000000000000000000000000000000000096
:109AD0000000000000000000000000000000000086
:109AE0000000000000000000000000000000000076
:109AF0000000000000000000000000000000000066
:109B00000000000000000000000000000000000055
:109B10000000000000000000000000000000000045
:109B20000000000000000000000000000000000035
:109B30000000000000000000000000000000000025
:109B40000000000000000000000000000000000015
:109B50000000000000000000000000000000000005
:109B600000000000000000000000000000000000F5
:109B700000000000000000000000000000000000E5
:109B800000000000000000000000000000000000D5
:109B900000000000000000000000000000000000C5
:109BA00000000000000000000000000000000000B5
:109BB00000000000000000000000000000000000A5
:109BC0000000000000000000000000000000000095
:109BD0000000000000000000000000000000000085
:109BE0000000000000000000000000000000000075
:109BF0000000000000000000000000000000000065
:109C00000000000000000000000000000000000054
:109C10000000000000000000000000000000000044
:109C20000000000000000000000000000000000034
:109C30000000000000000000000000000000000024
:109C40000000000000000000000000000000000014
:109C50000000000000000000000000000000000004
:109C600000000000000000000000000000000000F4
:109C700000000000000000000000000000000000E4
:109C800000000000000000000000000000000000D4
:109C900000000000000000000000000000000000C4
:109CA00000000000000000000000000000000000B4
:109CB00000000000000000000000000000000000A4
:109CC0000000000000000000000000000000000094
:109CD0000000000000000000000000000000000084
:109CE0000000000000000000000000000000000074
:109CF0000000000000000000000000000000000064
:109D00000000000000000000000000000000000053
:109D10000000000000000000000000000000000043
:109D20000000000000000000000000000000000033
:109D30000000000000000000000000000000000023
:109D40000000000000000000000000000000000013
:109D50000000000000000000000000000000000003
:109D600000000000000000000000000000000000F3
:109D700000000000000000000000000000000000E3
:109D800000000000000000000000000000000000D3
:109D900000000000000000000000000000000000C3
:109DA00000000000000000000000000000000000B3
:109DB00000000000000000000000000000000000A3
:109DC0000000000000000000000000000000000093
:109DD0000000000000000000000000000000000083
:109DE0000000000000000000000000000000000073
:109DF0000000000000000000000000000000000063
:109E00000000000000000000000000000000000052
:109E10000000000000000000000000000000000042
:109E20000000000000000000000000000000000032
:109E30000000000000000000000000000000000022
:109E40000000000000000000000000000000000012
:109E50000000000000000000000000000000000002
:109E600000000000000000000000000000000000F2
:109E700000000000000000000000000000000000E2
:109E800000000000000000000000000000000000D2
:109E900000000000000000000000000000000000C2
:109EA00000000000000000000000000000000000B2
:109EB00000000000000000000000000000000000A2
:109EC0000000000000000000000000000000000092
:109ED0000000000000000000000000000000000082
:109EE0000000000000000000000000000000000072
:109EF0000000000000000000000000000000000062
:109F00000000000000000000000000000000000051
:109F10000000000000000000000000000000000041
:109F20000000000000000000000000000000000031
:109F30000000000000000000000000000000000021
:109F40000000000000000000000000000000000011
:109F50000000000000000000000000000000000001
:109F600000000000000000000000000000000000F1
:109F700000000000000000000000000000000000E1
:109F800000000000000000000000000000000000D1
:109F900000000000000000000000000000000000C1
:109FA00000000000000000000000000000000000B1
:109FB00000000000000000000000000000000000A1
:109FC0000000000000000000000000000000000091
:109FD0000000000000000000000000000000000081
:109FE0000000000000000000000000000000000071
:109FF0000000000000000000000000000000000061
:10A000000000000000000000000000000000000050
:10A010000000000000000000000000000000000040
:10A020000000000000000000000000000000000030
:10A030000000000000000000000000000000000020
:10A040000000000000000000000000000000000010
:10A050000000000000000000000000000000000000
:10A0600000000000000000000000000000000000F0
:10A0700000000000000000000000000000000000E0
:10A0800000000000000000000000000000000000D0
:10A0900000000000000000000000000000000000C0
:10A0A00000000000000000000000000000000000B0
:10A0B00000000000000000000000000000000000A0
:10A0C0000000000000000000000000000000000090
:10A0D0000000000000000000000000000000000080
:10A0E0000000000000000000000000000000000070
:10A0F0000000000000000000000000000000000060
:10A10000000000000000000000000000000000004F
:10A11000000000000000000000000000000000003F
:10A12000000000000000000000000000000000002F
:10A13000000000000000000000000000000000001F
:10A14000000000000000000000000000000000000F
:10A1500000000000000000000000000000000000FF
:10A1600000000000000000000000000000000000EF
:10A1700000000000000000000000000000000000DF
:10A1800000000000000000000000000000000000CF
:10A1900000000000000000000000000000000000BF
:10A1A00000000000000000000000000000000000AF
:10A1B000000000000000000000000000000000009F
:10A1C000000000000000000000000000000000008F
:10A1D000000000000000000000000000000000007F
:10A1E000000000000000000000000000000000006F
:10A1F000000000000000000000000000000000005F
:10A20000000000000000000000000000000000004E
:10A21000000000000000000000000000000000003E
:10A22000000000000000000000000000000000002E
:10A23000000000000000000000000000000000001E
:10A24000000000000000000000000000000000000E
:10A2500000000000000000000000000000000000FE
:10A2600000000000000000000000000000000000EE
:10A2700000000000000000000000000000000000DE
:10A2800000000000000000000000000000000000CE
:10A2900000000000000000000000000000000000BE
:10A2A00000000000000000000000000000000000AE
:10A2B000000000000000000000000000000000009E
:10A2C000000000000000000000000000000000008E
:10A2D000000000000000000000000000000000007E
:10A2E000000000000000000000000000000000006E
:10A2F000000000000000000000000000000000005E
:10A30000000000000000000000000000000000004D
:10A31000000000000000000000000000000000003D
:10A32000000000000000000000000000000000002D
:10A33000000000000000000000000000000000001D
:10A34000000000000000000000000000000000000D
:10A3500000000000000000000000000000000000FD
:10A3600000000000000000000000000000000000ED
:10A3700000000000000000000000000000000000DD
:10A3800000000000000000000000000000000000CD
:10A3900000000000000000000000000000000000BD
:10A3A00000000000000000000000000000000000AD
:10A3B000000000000000000000000000000000009D
:10A3C000000000000000000000000000000000008D
:10A3D000000000000000000000000000000000007D
:10A3E000000000000000000000000000000000006D
:10A3F000000000000000000000000000000000005D
:10A40000000000000000000000000000000000004C
:10A41000000000000000000000000000000000003C
:10A42000000000000000000000000000000000002C
:10A43000000000000000000000000000000000001C
:10A44000000000000000000000000000000000000C
:10A4500000000000000000000000000000000000FC
:10A4600000000000000000000000000000000000EC
:10A4700000000000000000000000000000000000DC
:10A4800000000000000000000000000000000000CC
:10A4900000000000000000000000000000000000BC
:10A4A00000000000000000000000000000000000AC
:10A4B000000000000000000000000000000000009C
:10A4C000000000000000000000000000000000008C
:10A4D000000000000000000000000000000000007C
:10A4E000000000000000000000000000000000006C
:10A4F000000000000000000000000000000000005C
:10A50000000000000000000000000000000000004B
:10A51000000000000000000000000000000000003B
:10A52000000000000000000000000000000000002B
:10A53000000000000000000000000000000000001B
:10A54000000000000000000000000000000000000B
:10A5500000000000000000000000000000000000FB
:10A5600000000000000000000000000000000000EB
:10A5700000000000000000000000000000000000DB
:10A5800000000000000000000000000000000000CB
:10A5900000000000000000000000000000000000BB
:10A5A00000000000000000000000000000000000AB
:10A5B000000000000000000000000000000000009B
:10A5C000000000000000000000000000000000008B
:10A5D000000000000000000000000000000000007B
:10A5E000000000000000000000000000000000006B
:10A5F000000000000000000000000000000000005B
:10A60000000000000000000000000000000000004A
:10A61000000000000000000000000000000000003A
:10A62000000000000000000000000000000000002A
:10A63000000000000000000000000000000000001A
:10A64000000000000000000000000000000000000A
:10A6500000000000000000000000000000000000FA
:10A6600000000000000000000000000000000000EA
:10A6700000000000000000000000000000000000DA
:10A6800000000000000000000000000000000000CA
:10A6900000000000000000000000000000000000BA
:10A6A00000000000000000000000000000000000AA
:10A6B000000000000000000000000000000000009A
:10A6C000000000000000000000000000000000008A
:10A6D000000000000000000000000000000000007A
:10A6E000000000000000000000000000000000006A
:10A6F000000000000000000000000000000000005A
:10A700000000000000000000000000000000000049
:10A710000000000000000000000000000000000039
:10A720000000000000000000000000000000000029
:10A730000000000000000000000000000000000019
:10A740000000000000000000000000000000000009
:10A7500000000000000000000000000000000000F9
:10A7600000000000000000000000000000000000E9
:10A7700000000000000000000000000000000000D9
:10A7800000000000000000000000000000000000C9
:10A7900000000000000000000000000000000000B9
:10A7A00000000000000000000000000000000000A9
:10A7B0000000000000000000000000000000000099
:10A7C0000000000000000000000000000000000089
:10A7D0000000000000000000000000000000000079
:10A7E0000000000000000000000000000000000069
:10A7F0000000000000000000000000000000000059
:10A800000000000000000000000000000000000048
:10A810000000000000000000000000000000000038
:10A820000000000000000000000000000000000028
:10A830000000000000000000000000000000000018
:10A840000000000000000000000000000000000008
:10A8500000000000000000000000000000000000F8
:10A8600000000000000000000000000000000000E8
:10A8700000000000000000000000000000000000D8
:10A8800000000000000000000000000000000000C8
:10A8900000000000000000000000000000000000B8
:10A8A00000000000000000000000000000000000A8
:10A8B0000000000000000000000000000000000098
:10A8C0000000000000000000000000000000000088
:10A8D0000000000000000000000000000000000078
:10A8E0000000000000000000000000000000000068
:10A8F0000000000000000000000000000000000058
:10A900000000000000000000000000000000000047
:10A910000000000000000000000000000000000037
:10A920000000000000000000000000000000000027
:10A930000000000000000000000000000000000017
:10A940000000000000000000000000000000000007
:10A9500000000000000000000000000000000000F7
:10A9600000000000000000000000000000000000E7
:10A9700000000000000000000000000000000000D7
:10A9800000000000000000000000000000000000C7
:10A9900000000000000000000000000000000000B7
:10A9A00000000000000000000000000000000000A7
:10A9B0000000000000000000000000000000000097
:10A9C0000000000000000000000000000000000087
:10A9D0000000000000000000000000000000000077
:10A9E0000000000000000000000000000000000067
:10A9F0000000000000000000000000000000000057
:10AA00000000000000000000000000000000000046
:10AA10000000000000000000000000000000000036
:10AA20000000000000000000000000000000000026
:10AA30000000000000000000000000000000000016
:10AA40000000000000000000000000000000000006
:10AA500000000000000000000000000000000000F6
:10AA600000000000000000000000000000000000E6
:10AA700000000000000000000000000000000000D6
:10AA800000000000000000000000000000000000C6
:10AA900000000000000000000000000000000000B6
:10AAA00000000000000000000000000000000000A6
:10AAB0000000000000000000000000000000000096
:10AAC0000000000000000000000000000000000086
:10AAD0000000000000000000000000000000000076
:10AAE0000000000000000000000000000000000066
:10AAF0000000000000000000000000000000000056
:10AB00000000000000000000000000000000000045
:10AB10000000000000000000000000000000000035
:10AB20000000000000000000000000000000000025
:10AB30000000000000000000000000000000000015
:10AB40000000000000000000000000000000000005
:10AB500000000000000000000000000000000000F5
:10AB600000000000000000000000000000000000E5
:10AB700000000000000000000000000000000000D5
:10AB800000000000000000000000000000000000C5
:10AB900000000000000000000000000000000000B5
:10ABA00000000000000000000000000000000000A5
:10ABB0000000000000000000000000000000000095
:10ABC0000000000000000000000000000000000085
:10ABD0000000000000000000000000000000000075
:10ABE0000000000000000000000000000000000065
:10ABF0000000000000000000000000000000000055
:10AC00000000000000000000000000000000000044
:10AC10000000000000000000000000000000000034
:10AC20000000000000000000000000000000000024
:10AC30000000000000000000000000000000000014
:10AC40000000000000000000000000000000000004
:10AC500000000000000000000000000000000000F4
:10AC600000000000000000000000000000000000E4
:10AC700000000000000000000000000000000000D4
:10AC800000000000000000000000000000000000C4
:10AC900000000000000000000000000000000000B4
:10ACA00000000000000000000000000000000000A4
:10ACB0000000000000000000000000000000000094
:10ACC0000000000000000000000000000000000084
:10ACD0000000000000000000000000000000000074
:10ACE0000000000000000000000000000000000064
:10ACF0000000000000000000000000000000000054
:10AD00000000000000000000000000000000000043
:10AD10000000000000000000000000000000000033
:10AD20000000000000000000000000000000000023
:10AD30000000000000000000000000000000000013
:10AD40000000000000000000000000000000000003
:10AD500000000000000000000000000000000000F3
:10AD600000000000000000000000000000000000E3
:10AD700000000000000000000000000000000000D3
:10AD800000000000000000000000000000000000C3
:10AD900000000000000000000000000000000000B3
:10ADA00000000000000000000000000000000000A3
:10ADB0000000000000000000000000000000000093
:10ADC0000000000000000000000000000000000083
:10ADD0000000000000000000000000000000000073
:10ADE0000000000000000000000000000000000063
:10ADF0000000000000000000000000000000000053
:10AE00000000000000000000000000000000000042
:10AE10000000000000000000000000000000000032
:10AE20000000000000000000000000000000000022
:10AE30000000000000000000000000000000000012
:10AE40000000000000000000000000000000000002
:10AE500000000000000000000000000000000000F2
:10AE600000000000000000000000000000000000E2
:10AE700000000000000000000000000000000000D2
:10AE800000000000000000000000000000000000C2
:10AE900000000000000000000000000000000000B2
:10AEA00000000000000000000000000000000000A2
:10AEB0000000000000000000000000000000000092
:10AEC0000000000000000000000000000000000082
:10AED0000000000000000000000000000000000072
:10AEE0000000000000000000000000000000000062
:10AEF0000000000000000000000000000000000052
:10AF00000000000000000000000000000000000041
:10AF10000000000000000000000000000000000031
:10AF20000000000000000000000000000000000021
:10AF30000000000000000000000000000000000011
:10AF40000000000000000000000000000000000001
:10AF500000000000000000000000000000000000F1
:10AF600000000000000000000000000000000000E1
:10AF700000000000000000000000000000000000D1
:10AF800000000000000000000000000000000000C1
:10AF900000000000000000000000000000000000B1
:10AFA00000000000000000000000000000000000A1
:10AFB0000000000000000000000000000000000091
:10AFC0000000000000000000000000000000000081
:10AFD0000000000000000000000000000000000071
:10AFE0000000000000000000000000000000000061
:10AFF0000000000000000000000000000000000051
:10B000000000000000000000000000000000000040
:10B010000000000000000000000000000000000030
:10B020000000000000000000000000000000000020
:10B030000000000000000000000000000000000010
:10B040000000000000000000000000000000000000
:10B0500000000000000000000000000000000000F0
:10B0600000000000000000000000000000000000E0
:10B0700000000000000000000000000000000000D0
:10B0800000000000000000000000000000000000C0
:10B0900000000000000000000000000000000000B0
:10B0A00000000000000000000000000000000000A0
:10B0B0000000000000000000000000000000000090
:10B0C0000000000000000000000000000000000080
:10B0D0000000000000000000000000000000000070
:10B0E0000000000000000000000000000000000060
:10B0F0000000000000000000000000000000000050
:10B10000000000000000000000000000000000003F
:10B11000000000000000000000000000000000002F
:10B12000000000000000000000000000000000001F
:10B13000000000000000000000000000000000000F
:10B1400000000000000000000000000000000000FF
:10B1500000000000000000000000000000000000EF
:10B1600000000000000000000000000000000000DF
:10B1700000000000000000000000000000000000CF
:10B1800000000000000000000000000000000000BF
:10B1900000000000000000000000000000000000AF
:10B1A000000000000000000000000000000000009F
:10B1B000000000000000000000000000000000008F
:10B1C000000000000000000000000000000000007F
:10B1D000000000000000000000000000000000006F
:10B1E000000000000000000000000000000000005F
:10B1F000000000000000000000000000000000004F
:10B20000000000000000000000000000000000003E
:10B21000000000000000000000000000000000002E
:10B22000000000000000000000000000000000001E
:10B23000000000000000000000000000000000000E
:10B2400000000000000000000000000000000000FE
:10B2500000000000000000000000000000000000EE
:10B2600000000000000000000000000000000000DE
:10B2700000000000000000000000000000000000CE
:10B2800000000000000000000000000000000000BE
:10B2900000000000000000000000000000000000AE
:10B2A000000000000000000000000000000000009E
:10B2B000000000000000000000000000000000008E
:10B2C000000000000000000000000000000000007E
:10B2D000000000000000000000000000000000006E
:10B2E000000000000000000000000000000000005E
:10B2F000000000000000000000000000000000004E
:10B30000000000000000000000000000000000003D
:10B31000000000000000000000000000000000002D
:10B32000000000000000000000000000000000001D
:10B33000000000000000000000000000000000000D
:10B3400000000000000000000000000000000000FD
:10B3500000000000000000000000000000000000ED
:10B3600000000000000000000000000000000000DD
:10B3700000000000000000000000000000000000CD
:10B3800000000000000000000000000000000000BD
:10B3900000000000000000000000000000000000AD
:10B3A000000000000000000000000000000000009D
:10B3B000000000000000000000000000000000008D
:10B3C000000000000000000000000000000000007D
:10B3D000000000000000000000000000000000006D
:10B3E000000000000000000000000000000000005D
:10B3F000000000000000000000000000000000004D
:10B40000000000000000000000000000000000003C
:10B41000000000000000000000000000000000002C
:10B42000000000000000000000000000000000001C
:10B43000000000000000000000000000000000000C
:10B4400000000000000000000000000000000000FC
:10B4500000000000000000000000000000000000EC
:10B4600000000000000000000000000000000000DC
:10B4700000000000000000000000000000000000CC
:10B4800000000000000000000000000000000000BC
:10B4900000000000000000000000000000000000AC
:10B4A000000000000000000000000000000000009C
:10B4B000000000000000000000000000000000008C
:10B4C000000000000000000000000000000000007C
:10B4D000000000000000000000000000000000006C
:10B4E000000000000000000000000000000000005C
:10B4F000000000000000000000000000000000004C
:10B50000000000000000000000000000000000003B
:10B51000000000000000000000000000000000002B
:10B52000000000000000000000000000000000001B
:10B53000000000000000000000000000000000000B
:10B5400000000000000000000000000000000000FB
:10B5500000000000000000000000000000000000EB
:10B5600000000000000000000000000000000000DB
:10B5700000000000000000000000000000000000CB
:10B5800000000000000000000000000000000000BB
:10B5900000000000000000000000000000000000AB
:10B5A000000000000000000000000000000000009B
:10B5B000000000000000000000000000000000008B
:10B5C000000000000000000000000000000000007B
:10B5D000000000000000000000000000000000006B
:10B5E000000000000000000000000000000000005B
:10B5F000000000000000000000000000000000004B
:10B60000000000000000000000000000000000003A
:10B61000000000000000000000000000000000002A
:10B62000000000000000000000000000000000001A
:10B63000000000000000000000000000000000000A
:10B6400000000000000000000000000000000000FA
:10B6500000000000000000000000000000000000EA
:10B6600000000000000000000000000000000000DA
:10B6700000000000000000000000000000000000CA
:10B6800000000000000000000000000000000000BA
:10B6900000000000000000000000000000000000AA
:10B6A000000000000000000000000000000000009A
:10B6B000000000000000000000000000000000008A
:10B6C000000000000000000000000000000000007A
:10B6D000000000000000000000000000000000006A
:10B6E000000000000000000000000000000000005A
:10B6F000000000000000000000000000000000004A
:10B700000000000000000000000000000000000039
:10B710000000000000000000000000000000000029
:10B720000000000000000000000000000000000019
:10B730000000000000000000000000000000000009
:10B7400000000000000000000000000000000000F9
:10B7500000000000000000000000000000000000E9
:10B7600000000000000000000000000000000000D9
:10B7700000000000000000000000000000000000C9
:10B7800000000000000000000000000000000000B9
:10B7900000000000000000000000000000000000A9
:10B7A0000000000000000000000000000000000099
:10B7B0000000000000000000000000000000000089
:10B7C0000000000000000000000000000000000079
:10B7D0000000000000000000000000000000000069
:10B7E0000000000000000000000000000000000059
:10B7F0000000000000000000000000000000000049
:10B800000000000000000000000000000000000038
:10B810000000000000000000000000000000000028
:10B820000000000000000000000000000000000018
:10B830000000000000000000000000000000000008
:10B8400000000000000000000000000000000000F8
:10B8500000000000000000000000000000000000E8
:10B8600000000000000000000000000000000000D8
:10B8700000000000000000000000000000000000C8
:10B8800000000000000000000000000000000000B8
:10B8900000000000000000000000000000000000A8
:10B8A0000000000000000000000000000000000098
:10B8B0000000000000000000000000000000000088
:10B8C0000000000000000000000000000000000078
:10B8D0000000000000000000000000000000000068
:10B8E0000000000000000000000000000000000058
:10B8F0000000000000000000000000000000000048
:10B900000000000000000000000000000000000037
:10B910000000000000000000000000000000000027
:10B920000000000000000000000000000000000017
:10B930000000000000000000000000000000000007
:10B9400000000000000000000000000000000000F7
:10B9500000000000000000000000000000000000E7
:10B9600000000000000000000000000000000000D7
:10B9700000000000000000000000000000000000C7
:10B9800000000000000000000000000000000000B7
:10B9900000000000000000000000000000000000A7
:10B9A0000000000000000000000000000000000097
:10B9B0000000000000000000000000000000000087
:10B9C0000000000000000000000000000000000077
:10B9D0000000000000000000000000000000000067
:10B9E0000000000000000000000000000000000057
:10B9F0000000000000000000000000000000000047
:10BA00000000000000000000000000000000000036
:10BA10000000000000000000000000000000000026
:10BA20000000000000000000000000000000000016
:10BA30000000000000000000000000000000000006
:10BA400000000000000000000000000000000000F6
:10BA500000000000000000000000000000000000E6
:10BA600000000000000000000000000000000000D6
:10BA700000000000000000000000000000000000C6
:10BA800000000000000000000000000000000000B6
:10BA900000000000000000000000000000000000A6
:10BAA0000000000000000000000000000000000096
:10BAB0000000000000000000000000000000000086
:10BAC0000000000000000000000000000000000076
:10BAD0000000000000000000000000000000000066
:10BAE0000000000000000000000000000000000056
:10BAF0000000000000000000000000000000000046
:10BB00000000000000000000000000000000000035
:10BB10000000000000000000000000000000000025
:10BB20000000000000000000000000000000000015
:10BB30000000000000000000000000000000000005
:10BB400000000000000000000000000000000000F5
:10BB500000000000000000000000000000000000E5
:10BB600000000000000000000000000000000000D5
:10BB700000000000000000000000000000000000C5
:10BB800000000000000000000000000000000000B5
:10BB900000000000000000000000000000000000A5
:10BBA0000000000000000000000000000000000095
:10BBB0000000000000000000000000000000000085
:10BBC0000000000000000000000000000000000075
:10BBD0000000000000000000000000000000000065
:10BBE0000000000000000000000000000000000055
:10BBF0000000000000000000000000000000000045
:10BC00000000000000000000000000000000000034
:10BC10000000000000000000000000000000000024
:10BC20000000000000000000000000000000000014
:10BC30000000000000000000000000000000000004
:10BC400000000000000000000000000000000000F4
:10BC500000000000000000000000000000000000E4
:10BC600000000000000000000000000000000000D4
:10BC700000000000000000000000000000000000C4
:10BC800000000000000000000000000000000000B4
:10BC900000000000000000000000000000000000A4
:10BCA0000000000000000000000000000000000094
:10BCB0000000000000000000000000000000000084
:10BCC0000000000000000000000000000000000074
:10BCD0000000000000000000000000000000000064
:10BCE0000000000000000000000000000000000054
:10BCF0000000000000000000000000000000000044
:10BD00000000000000000000000000000000000033
:10BD10000000000000000000000000000000000023
:10BD20000000000000000000000000000000000013
:10BD30000000000000000000000000000000000003
:10BD400000000000000000000000000000000000F3
:10BD500000000000000000000000000000000000E3
:10BD600000000000000000000000000000000000D3
:10BD700000000000000000000000000000000000C3
:10BD800000000000000000000000000000000000B3
:10BD900000000000000000000000000000000000A3
:10BDA0000000000000000000000000000000000093
:10BDB0000000000000000000000000000000000083
:10BDC0000000000000000000000000000000000073
:10BDD0000000000000000000000000000000000063
:10BDE0000000000000000000000000000000000053
:10BDF0000000000000000000000000000000000043
:10BE00000000000000000000000000000000000032
:10BE10000000000000000000000000000000000022
:10BE20000000000000000000000000000000000012
:10BE30000000000000000000000000000000000002
:10BE400000000000000000000000000000000000F2
:10BE500000000000000000000000000000000000E2
:10BE600000000000000000000000000000000000D2
:10BE700000000000000000000000000000000000C2
:10BE800000000000000000000000000000000000B2
:10BE900000000000000000000000000000000000A2
:10BEA0000000000000000000000000000000000092
:10BEB0000000000000000000000000000000000082
:10BEC0000000000000000000000000000000000072
:10BED0000000000000000000000000000000000062
:10BEE0000000000000000000000000000000000052
:10BEF0000000000000000000000000000000000042
:10BF00000000000000000000000000000000000031
:10BF10000000000000000000000000000000000021
:10BF20000000000000000000000000000000000011
:10BF30000000000000000000000000000000000001
:10BF400000000000000000000000000000000000F1
:10BF500000000000000000000000000000000000E1
:10BF600000000000000000000000000000000000D1
:10BF700000000000000000000000000000000000C1
:10BF800000000000000000000000000000000000B1
:10BF900000000000000000000000000000000000A1
:10BFA0000000000000000000000000000000000091
:10BFB0000000000000000000000000000000000081
:10BFC0000000000000000000000000000000000071
:10BFD0000000000000000000000000000000000061
:10BFE0000000000000000000000000000000000051
:10BFF0000000000000000000000000000000000041
:10C00000555555555555170005100000006CDC02BC
:10C0100000000000000000000102030406070809F8
:10C020000000000000000000000000000000000010
:10C030000000000000000000000000000000000000
:10C0400000000000000000000000000000000000F0
:10C0500000000000000000000000000000000000E0
:10C0600000000000030000000000000000000000CD
:10C0700000000000000000000000000000000000C0
:10C0800000000000000000000000000000000000B0
:10C0900000000000000000000000000000000000A0
:10C0A0000000000000000000000000000000000090
:10C0B0000000000000000000000000000000000080
:10C0C0000000000000000000000000000000000070
:10C0D0000000000000000000000000000000000060
:04000005080080BDB2
:00000001FF
