:020000040802F0
:10A000005555555555557900000B000000000000CE
:10A010000000000000000000000000000000000040
:10A020000000000000000000000000000000000030
:10A030000000000000000000000000000000000020
:10A040000000000000000000000000000000000010
:10A050000000000000000000000000000000000000
:10A0600000000000000000000000000000000000F0
:10A0700000000000000000000000000000000000E0
:10A0800000000000000000000000000000000000D0
:10A0900000000000000000000000000000000000C0
:10A0A00000000000000000000000000000000000B0
:10A0B00000000000000000000000000000000000A0
:10A0C0000000000000000000000000000000000090
:10A0D0000000000000000000000000000000000080
:10A0E0000000000000000000000000000000000070
:10A0F0000000000000000000000000000000000060
:10A10000000000000000000000000000000000004F
:10A11000000000000000000000000000000000003F
:10A12000000000000000000000000000000000002F
:10A13000000000000000000000000000000000001F
:10A14000000000000000000000000000000000000F
:10A1500000000000000000000000000000000000FF
:10A1600000000000000000000000000000000000EF
:10A1700000000000000000000000000000000000DF
:10A1800000000000000000000000000000000000CF
:10A1900000000000000000000000000000000000BF
:10A1A00000000000000000000000000000000000AF
:10A1B000000000000000000000000000000000009F
:10A1C000000000000000000000000000000000008F
:10A1D000000000000000000000000000000000007F
:10A1E000000000000000000000000000000000006F
:10A1F000000000000000000000000000000000005F
:10A20000000000000000000000000000000000004E
:10A21000000000000000000000000000000000003E
:10A22000000000000000000000000000000000002E
:10A23000000000000000000000000000000000001E
:10A24000000000000000000000000000000000000E
:10A2500000000000000000000000000000000000FE
:10A2600000000000000000000000000000000000EE
:10A2700000000000000000000000000000000000DE
:10A2800000000000000000000000000000000000CE
:10A2900000000000000000000000000000000000BE
:10A2A00000000000000000000000000000000000AE
:10A2B000000000000000000000000000000000009E
:10A2C000000000000000000000000000000000008E
:10A2D000000000000000000000000000000000007E
:10A2E000000000000000000000000000000000006E
:10A2F000000000000000000000000000000000005E
:10A30000000000000000000000000000000000004D
:10A31000000000000000000000000000000000003D
:10A32000000000000000000000000000000000002D
:10A33000000000000000000000000000000000001D
:10A34000000000000000000000000000000000000D
:10A3500000000000000000000000000000000000FD
:10A3600000000000000000000000000000000000ED
:10A3700000000000000000000000000000000000DD
:10A3800000000000000000000000000000000000CD
:10A3900000000000000000000000000000000000BD
:10A3A00000000000000000000000000000000000AD
:10A3B000000000000000000000000000000000009D
:10A3C000000000000000000000000000000000008D
:10A3D000000000000000000000000000000000007D
:10A3E000000000000000000000000000000000006D
:10A3F000000000000000000000000000000000005D
:10A40000000000000000000000000000000000004C
:10A41000000000000000000000000000000000003C
:10A42000000000000000000000000000000000002C
:10A43000000000000000000000000000000000001C
:10A44000000000000000000000000000000000000C
:10A4500000000000000000000000000000000000FC
:10A4600000000000000000000000000000000000EC
:10A4700000000000000000000000000000000000DC
:10A4800000000000000000000000000000000000CC
:10A4900000000000000000000000000000000000BC
:10A4A00000000000000000000000000000000000AC
:10A4B000000000000000000000000000000000009C
:10A4C000000000000000000000000000000000008C
:10A4D000000000000000000000000000000000007C
:10A4E000000000000000000000000000000000006C
:10A4F000000000000000000000000000000000005C
:10A50000000000000000000000000000000000004B
:10A51000000000000000000000000000000000003B
:10A52000000000000000000000000000000000002B
:10A53000000000000000000000000000000000001B
:10A54000000000000000000000000000000000000B
:10A5500000000000000000000000000000000000FB
:10A5600000000000000000000000000000000000EB
:10A5700000000000000000000000000000000000DB
:10A5800000000000000000000000000000000000CB
:10A5900000000000000000000000000000000000BB
:10A5A00000000000000000000000000000000000AB
:10A5B000000000000000000000000000000000009B
:10A5C000000000000000000000000000000000008B
:10A5D000000000000000000000000000000000007B
:10A5E000000000000000000000000000000000006B
:10A5F000000000000000000000000000000000005B
:10A60000000000000000000000000000000000004A
:10A61000000000000000000000000000000000003A
:10A62000000000000000000000000000000000002A
:10A63000000000000000000000000000000000001A
:10A64000000000000000000000000000000000000A
:10A6500000000000000000000000000000000000FA
:10A6600000000000000000000000000000000000EA
:10A6700000000000000000000000000000000000DA
:10A6800000000000000000000000000000000000CA
:10A6900000000000000000000000000000000000BA
:10A6A00000000000000000000000000000000000AA
:10A6B000000000000000000000000000000000009A
:10A6C000000000000000000000000000000000008A
:10A6D000000000000000000000000000000000007A
:10A6E000000000000000000000000000000000006A
:10A6F000000000000000000000000000000000005A
:10A700000000000000000000000000000000000049
:10A710000000000000000000000000000000000039
:10A720000000000000000000000000000000000029
:10A730000000000000000000000000000000000019
:10A740000000000000000000000000000000000009
:10A7500000000000000000000000000000000000F9
:10A7600000000000000000000000000000000000E9
:10A7700000000000000000000000000000000000D9
:10A7800000000000000000000000000000000000C9
:10A7900000000000000000000000000000000000B9
:10A7A00000000000000000000000000000000000A9
:10A7B0000000000000000000000000000000000099
:10A7C0000000000000000000000000000000000089
:10A7D0000000000000000000000000000000000079
:10A7E0000000000000000000000000000000000069
:10A7F0000000000000000000000000000000000059
:10A80000509C0020D9AA020835CA0208E1C90208F2
:10A8100031CA020885BB020833D4020800000000D8
:10A8200000000000000000000000000089CE0208C7
:10A8300051C4020800000000EFAA02088DCE0208F1
:10A84000F3AA0208F3AA0208F3AA0208F3AA02086C
:10A85000F3AA0208F3AA0208F3AA0208F3AA02085C
:10A86000F3AA0208F3AA0208F3AA0208F3AA02084C
:10A87000F3AA0208F3AA0208F3AA0208F3AA02083C
:10A88000F3AA0208F3AA0208F3AA0208F3AA02082C
:10A890002BD4020889BB0208F3AA0208F3AA020813
:10A8A000F3AA0208F3AA0208F3AA0208F3AA02080C
:10A8B000F3AA0208F3AA0208F3AA0208F3AA0208FC
:10A8C000F3AA0208F3AA0208F3AA0208F3AA0208EC
:10A8D000F3AA02084DD20208F3AA0208F3AA02085A
:10A8E000F3AA0208F3AA02081FD40208F3AA020876
:10A8F000F3AA0208F3AA0208F3AA0208F3AA0208BC
:10A90000F3AA0208F3AA0208F3AA0208F3AA0208AB
:10A91000F3AA0208F3AA0208F3AA0208F3AA02089B
:10A92000F3AA0208F3AA0208F3AA0208F3AA02088B
:10A93000F3AA0208F3AA0208F3AA0208F3AA02087B
:10A94000A1BC0208DDBC0208F3AA0208F3AA0208AF
:10A95000F3AA0208F3AA0208F3AA0208F3AA02085B
:10A96000F3AA0208F3AA0208F3AA0208F3AA02084B
:10A97000F3AA0208F3AA0208F3AA0208F3AA02083B
:10A98000F3AA020849D20208F3AA0208F3AA0208AD
:10A99000F3AA0208F3AA020800F002F800F08CF80B
:10A9A0000AA090E8000C82448344AAF10107DA452A
:10A9B00001D100F081F8AFF2090EBAE80F0013F0F0
:10A9C000010F18BFFB1A43F001031847C46A0100C6
:10A9D000E46A01000A444FF0000C10F8013B13F048
:10A9E000070408BF10F8014B1D1108BF10F8015BE8
:10A9F000641E05D010F8016B641E01F8016BF9D1DB
:10AA000013F0080F1EBF10F8014BAD1C0C1B09D131
:10AA10006D1E58BF01F801CBFAD505E014F8016BA3
:10AA200001F8016B6D1EF9D59142D6D37047000035
:10AA30000023002400250026103A28BF78C1FBD847
:10AA4000520728BF30C148BF0B6070476E2900F025
:10AA50001581702900F0E081692900F0D380642914
:10AA600000F0D080752900F0CD806F2900F078814A
:10AA7000782900F0C4810368DB0928BF41F0800118
:10AA8000632900F0B685732900F0BB85E32900F047
:10AA9000C685002070471FB514F073FD00F0AEFEB0
:10AAA00004000020002114F061FB401C606000F0F5
:10AAB00001FD1FBD10B510BD00F0B2FE1146FFF73D
:10AAC000EAFF13F097FF00F0D0FE03B4FFF7F2FFA8
:10AAD00003BC00F0D5FE0000094880470948004744
:10AAE000FEE7FEE7FEE7FEE7FEE7FEE7FEE7FEE73E
:10AAF000FEE7FEE704480549054A064B704700009B
:10AB000085CF020899A9020850600020509C0020BF
:10AB100050780020507800200FB41CB5074B06AACF
:10AB20007B4469460090059800F041FD002069468D
:10AB300000F050FD1CBC5DF814FB0000B10A0000E1
:10AB400070B5044685690068C10601D5302600E06D
:10AB50002026C00707D070BDD4E9012130469047B8
:10AB6000206A401C20626D1EF6D570BD70B504468B
:10AB700085690078C00707D170BDD4E90121202084
:10AB80009047206A401C20626D1EF6D570BD096892
:10AB90004A0501D540B27047C905FCD500B27047DF
:10ABA00009684A0501D5C0B27047C905FCD580B215
:10ABB000704770B50C460546012A05D028788006F6
:10ABC00000D5EA69002302E0012305E05B1C934203
:10ABD00002D2E05C0028F9D1A869E618C01AA86181
:10ABE000286A184428622846FFF7AAFF04E0D5E93E
:10ABF000012114F8010B9047B442F8D32846FFF71F
:10AC0000B5FF70BD2DE9F041064600241068752996
:10AC1000314616A510D0FFF7BAFF002802DA4042ED
:10AC200013A507E031688A0701D512A502E049079C
:10AC300004D511A5012401E0FFF7B2FF00210A228B
:10AC400006F1240709E0B0FBF2FCB0FBF2F302FBD3
:10AC50001C00303078541846491C0028F3D1234694
:10AC60002A463046BDE8F04100F042BC000000003A
:10AC70002D0000002B000000200000001168026879
:10AC8000006A530501D508700AE0D30501D5088094
:10AC900006E0130603D5C217C1E9000200E0086010
:10ACA000012070472DE9FF5F15468A460446DFF80C
:10ACB000AC80F8440027D8E900103E46CDE90010EA
:10ACC00010E05AF826106A4602A800F003FD411C65
:10ACD00007D02178890603D5E269391891420DD849
:10ACE0000744761C2078800602D5E069B84205DD6D
:10ACF000AE42E6DB5AF826000028E2D1A069C01B6C
:10AD0000A0612046FFF71CFFD8E90010CDE9001034
:10AD1000002017E05AF828106A4602A800F0DAFC72
:10AD2000B0F1FF3F81460BD000250DF1080B05E087
:10AD3000D4E901211BF8050090476D1C4D45F7D360
:10AD400008F10100B0428046E4DB206A384420620A
:10AD50002046FFF70BFFBDE8FF9F00005E53010098
:10AD600070B5044621461068FFF71AFF002104F170
:10AD7000240505E000F007023032C0086A54491C7F
:10AD80000028F7D12068002307A2050707D5800611
:10AD900000D421B1E069012304A2401EE0612046F5
:10ADA000BDE8704000F0A4BB0000000030000000CF
:10ADB000F0B40D460188090502D51B4C7C4402E025
:10ADC000194C7C440E34002100F1240305E002F00C
:10ADD0000F061209A65D5E54491C002AF7D10278BD
:10ADE0000023120704D5702D06D009B102231134B7
:10ADF0002246F0BC00F07CBB01231034F8E770B5AC
:10AE000004460D4621461068FFF7CAFE0246294651
:10AE10002046BDE87040CBE70368126843F020038A
:10AE200003600823C361C3E75C5201002DE9F05FB2
:10AE3000894604464FF0000ADFF874B1FB44C0F8BD
:10AE400020A02046E1688847002874D0252806D035
:10AE5000D4E901219047206A401C2062F1E70026D6
:10AE60005F462046E16888472028054607DB312DEC
:10AE700005D2781910F8200C08B10643F1E7B007A5
:10AE800001D526F00406C4F81CA00027C4F818A0B9
:10AE90002A2D09D0284613F0A5FD38B304EB870806
:10AEA000303DC8F8185019E059F8041B204604EB4F
:10AEB00087029161E1688847012F054618D1E06952
:10AEC000002820DA26F020061DE0D8F8180000EB54
:10AED000800005EB40003038C8F818002046E168D3
:10AEE0008847054613F07EFD0028EED1012F0AD0D9
:10AEF0002E2D08D12046E16888477F1C0546022F89
:10AF000046F02006C4DBA069002803DA404246F080
:10AF10000106A061F00701D026F010066C2D0BD0C1
:10AF2000682D09D04C2D39D06A2D35D0742D35D0EF
:10AF30007A2D33D016E038E0E1682F462046884766
:10AF4000B842054609D16C2F26D04FF48060E168E5
:10AF5000064320468847054604E06C2F1AD04FF47C
:10AF6000807006430DB3A5F14100192802D82035A1
:10AF700046F400664A462946204626604E46FFF7BC
:10AF800065FD80B101280BD0F61D26F0070000F109
:10AF9000080956E74020E4E78020D8E70020D6E7FC
:10AFA00006F104094DE7284652E7206ABDE8F09F04
:10AFB0000452010070B5064600F096FA0468054692
:10AFC00030460A22002100F002F82C6070BD2DE905
:10AFD000F04791460F4680460446002614F8015B70
:10AFE0002DB100F079FA0068405DC007F6D12B2D35
:10AFF00002D02D2D18D0641E4A463946204600F056
:10B000001AFB27B13968A14201D1C7F800804FF07F
:10B01000020471050BD54042002803DD00F064FAFC
:10B020000460A007BDE8F08746F48066E4E70028E6
:10B03000F8DA00F059FA04606FF00040F2E7401EC1
:10B04000CAB210F8011F8A4202D00029F9D10020AB
:10B05000704710B5431E13F8014F002CFBD105E0DB
:10B0600011F8014B002C03F8014B03D0521EF7D20C
:10B070000021197010BD30B505460B462A4613F85D
:10B08000014B12F8010B08B1A042F8D01CB1002806
:10B0900002D06D1CF1E7284630BD40EA010310B52F
:10B0A0009B070FD1042A0DD310C808C9121F9C4258
:10B0B000F8D020BA19BA884201D9012010BD4FF04A
:10B0C000FF3010BD1AB1D30703D0521C07E0002097
:10B0D00010BD10F8013B11F8014B1B1B07D110F8F4
:10B0E000013B11F8014B1B1B01D1921EF1D11846F7
:10B0F00010BD40EA0103024630B59B0710D14FF066
:10B10000013400E008C208C91D1B9D4315EAC41F95
:10B11000F8D013F0FF0102F8011B0DD01B0AF8E76D
:10B1200011F8013B002B02F8013B05D011F8013B5F
:10B13000002B02F8013BF3D130BD0022CBB210F856
:10B14000011B994200D1421E0029F8D110467047D8
:10B1500010B5431C02E010F8011B71B18107FAD150
:10B160004FF0013202C88C1A8C4314EAC211F9D094
:10B17000C01A0A0603D0C01E10BDC01A10BD0A04B2
:10B1800001D0801E10BD0902FCD0401E10BD40EA57
:10B19000010370B59B072ED14FF00136042A2AD344
:10B1A00008C810C99D1B9D43121F15EAC61517D06C
:10B1B000D8B2E1B2401A50EA056110D198B2A1B2FA
:10B1C000401A50EA05410AD123F07F4024F07F4124
:10B1D000401A50EA052102D1180EA0EB146070BD90
:10B1E000A342DBD018BA21BA884201D9012070BD30
:10B1F0004FF0FF3070BD0AB9002070BD10F8013B60
:10B2000011F8014B63B1A3420AD1521E08D010F8C5
:10B21000013B11F8014B1BB1A34201D1521EEDD1EC
:10B22000181B70BD032A40F2308010F0030C00F0B0
:10B23000158011F8013BBCF1020F624498BF11F870
:10B2400001CB00F8013B38BF11F8013BA2F1040229
:10B2500098BF00F801CB38BF00F8013B11F00303A1
:10B2600000F05882083AC0F0088051F8043B083AD0
:10B2700051F804CBA0E80810F5E7121D5CBF51F8A7
:10B28000043B40F8043BAFF30080D20724BF11F821
:10B29000013B11F801CB48BF11F8012B24BF00F886
:10B2A000013B00F801CB48BF00F8012B7047431A5F
:10B2B00028BF9A427FF6B6AF032A1044114440F2E9
:10B2C000268010F0030F1EBF11F8013D521E00F83A
:10B2D000013D10F0030F7FF4F6AF11F0030300F00F
:10B2E0005E82083AC0F00B8051F8043D083A51F8EC
:10B2F00004CD40F8043D40F804CDFFF7F3BF121D24
:10B300005CBF51F8043D40F8043DAFF30080D20724
:10B3100024BF11F8013D11F801CD48BF11F8012CEF
:10B3200024BF00F8013D00F801CD48BF00F8012C12
:10B33000704702F0FF0343EA032242EA024200F0B0
:10B3400002B84FF000020429C0F0128010F0030C84
:10B3500000F01B80CCF1040CBCF1020F18BF00F808
:10B36000012BA8BF20F8022BA1EB0C0100F00DB8B7
:10B370005FEAC17C24BF00F8012B00F8012B48BF15
:10B3800000F8012B70474FF0000200B513469446B9
:10B390009646203922BFA0E80C50A0E80C50B1F12D
:10B3A0002001BFF4F7AF090728BFA0E80C5048BF41
:10B3B0000CC05DF804EB890028BF40F8042B08BFDF
:10B3C000704748BF20F8022B11F0804F18BF00F8DB
:10B3D000012B704710B5044610F0030F08BF11F0A1
:10B3E000030F40F015804FF0013E121FC0F20E8097
:10B3F00051F8043BA3EB0E0C2CEA030C1CEACE1C08
:10B4000008BF40F8043BF0D0A1F1040102F10402AE
:10B41000521E08DB11F8013B002B00F8013BF7D16D
:10B420001146FFF78EFF204610BD00004FF0013C93
:10B4300050F8042B51F8043B9A4221D1A2EB0C03A3
:10B44000934313EACC1317D150F8042B51F8043B63
:10B450009A4215D1A2EB0C03934313EACC130BD100
:10B4600050F8042B51F8043B9A4209D1A2EB0C038B
:10B47000934313EACC13DBD04FF00000704700BFBA
:10B48000D01A01BAB1FA81F101F0180122FA01F0E3
:10B49000CB40C1F12001DBB2C0B2C01A2CFA01F3DB
:10B4A000D11A914311EAC311E6D170477047704732
:10B4B0007047000070B5064C7C44064D7D4403E0A7
:10B4C000206820448047241DAC42F9D170BD0000A3
:10B4D000046101001C61010010B500F08FF9001D2E
:10B4E00010BD00BF893C010000487047F05F00209C
:10B4F0002DE9F0470D4699469246044600F124088E
:10B500000168880604D5E06921F01001216000E09F
:10B510000120A84201DD471B00E00027A1697A193C
:10B5200002EB0900081AA0612078C00602D4204668
:10B53000FFF706FB002608E0D4E901211AF806000F
:10B540009047206A401C761C20624E45F4DB207830
:10B55000C0060AD52046FFF7F3FA06E0D4E9012138
:10B5600030209047206A401C2062381EA7F1010756
:10B57000F4DC07E0D4E9012118F805009047206ABF
:10B58000401C2062281EA5F10105F3DC2046FFF7D0
:10B59000EDFA2078000602D50220BDE8F0870120F0
:10B5A000FBE7000001694A1C02610878704700B59A
:10B5B0008FB0CDE901310021059105497944CDE9EC
:10B5C000031011466846FFF731FC0FB000BD0000C4
:10B5D000E5FFFFFF0A6802F8010B0A60704710B52B
:10B5E000436913B1AFF3008001E0FFF7E2FA0120F5
:10B5F00010BD127800F124010A7000224A70012265
:10B60000EDE711684FF0FF32E9E710B5436913B178
:10B61000AFF3008001E0FFF745FB012010BD126889
:10B6200000F124014262002282620122EDE71168EA
:10B630004FF0FF32E9E72DE9F05F824615468B4671
:10B6400000270AF10104B9460078302801D09DB1E5
:10B6500013E014F8010B0127782803D0582801D0F3
:10B6600045B10AE00DB1102D07D1002714F8010BE8
:10B67000102502E0082500E00A250026B0460EE06D
:10B6800005FB080005FB06F101271FFA80F801EB16
:10B690001046B6F5803F00D3B94614F8010B294691
:10B6A00000F0B0F80028EBDABBF1000F05D00FB1C5
:10B6B000641E00E05446CBF80040B9F1000F06D0FC
:10B6C000FFF712FF02210160C81EBDE8F09F48EAA3
:10B6D0000640FAE770B516460C460546FFF7FCFE35
:10B6E000036893F80101012806D0FF2C0FD8185DDC
:10B6F00068B101202C7070BDD3F807013246214695
:10B7000003F2071303442846BDE8704018474FF082
:10B71000FF3070BD10B5203AC0F00B80B1E8185072
:10B72000203AA0E81850B1E81850A0E81850BFF42B
:10B73000F5AF5FEA027C24BFB1E81850A0E81850CA
:10B7400044BF18C918C0BDE810405FEA827C24BF1E
:10B7500051F8043B40F8043B08BF7047D20728BFAC
:10B7600031F8023B48BF11F8012B28BF20F8023BFB
:10B7700048BF00F8012B7047431A28BF9A427FF652
:10B78000C9AF104410F0030F11441EBF11F8013D62
:10B79000521E00F8013D10F0030F7FF4F6AF103A8F
:10B7A000C0F00A8010B531E91850103A20E918505D
:10B7B000BFF4F9AFBDE81040530724BF31E90810CA
:10B7C00020E9081044BF51F8043D40F8043D12F050
:10B7D000030F08BF7047D20728BF31F8023D48BFAA
:10B7E00011F8012C28BF20F8023D48BF00F8012CB9
:10B7F0007047000000487047F05F00200048704725
:10B80000106000203A2800D2303820F02002412A6F
:10B8100001D3A2F13700884201D34FF0FF307047C7
:10B820007546FFF7E7FFAE4605006946534620F030
:10B830000700854618B020B5FFF75CF9BDE8204049
:10B840004FF000064FF000074FF000084FF0000BDC
:10B8500021F00701AC46ACE8C009ACE8C009ACE88F
:10B86000C009ACE8C0098D46704710B50446AFF377
:10B8700000802046BDE81040FFF727B97047000060
:10B8800001491820ABBEFEE72600020070B5054650
:10B890000C4675B900214FF4807001F033F9204651
:10B8A00001F024F90A4806F0A2F90A4806F09FF9C7
:10B8B0000CE00121204601F025F9002001F016F9E5
:10B8C000034806F099F9034806F096F970BD0000A8
:10B8D00000080240000C0240F0B504461546002066
:10B8E0000022122905D1E06D20F007001843E06521
:10B8F00020E0092911DDE068A1F10A0606EB460700
:10B90000072606FA07F29043A1F10A0606EB46065F
:10B9100003FA06F21043E0600CE0206901EB4107F6
:10B92000072606FA07F2904301EB410603FA06F2F6
:10B9300010432061072D0FDA606B6E1E06EB860741
:10B940001F2606FA07F290436E1E06EB860601FAE2
:10B9500006F21043606322E00D2D0FDA206BEE1F1C
:10B9600006EB86071F2606FA07F29043EE1F06EB4A
:10B97000860601FA06F21043206310E0E06AA5F1A2
:10B980000D0606EB86071F2606FA07F29043A5F17F
:10B990000D0606EB860601FA06F21043E062F0BDE2
:10B9A000002221B1836843F00103836003E08368D0
:10B9B00023F001038360002200E0521CB2F5947F63
:10B9C000FBD3704721B1826842F48072826003E049
:10B9D000826822F480728260704721B1826842F4EA
:10B9E000A002826003E0826822F4A00282607047B5
:10B9F00068B10E49096841F400010C4A116000BFAA
:10BA00000B49096841F48061094A11600DE007495A
:10BA1000096821F40001054A116000BF0449096862
:10BA200021F48061024A116000BF7047080802409B
:10BA300020180040014600208A6802F004020AB182
:10BA4000012000E000204A6D02B10020704702464C
:10BA50000020936D0B400BB1012000E000207047E7
:10BA600070B5024600200023002402F1600428255E
:10BA7000256050680E4D28400E790D6845EA062570
:10BA80002843506090680B4D2840D1E9026535434A
:10BA90004E7945EA460528439060D06A20F470004C
:10BAA0000D7C6D1EEDB22B4340EA0350D06270BD99
:10BAB000FFFEF0FFFDF7F1FF10B5024600200B7A04
:10BAC00023B1D36D43F00803D36503E0D36D23F0B6
:10BAD0000803D365906D0B784BB140F4006000BF54
:10BAE000204B1B6843F480631E4C236009E020F464
:10BAF000006000BF1B4B1B6823F48063194C23605C
:10BB000000BF4B7813B140F4806001E020F4806006
:10BB10008B7813B140F4007001E020F40070CB7812
:10BB200013B140F4807001E020F480704B7913B1C0
:10BB300040F0080001E020F008008B7913B140F0DC
:10BB4000040001E020F0040020F00300CB7918434A
:10BB500020F010000B79012B01D140F0100090650E
:10BB600010BD0000201800400021426D1AB9826803
:10BB700042F004028260002100E0491CB1F5947F8C
:10BB8000FBD3704700BFFEE710B52021014800F04D
:10BB9000ADF810BD0064004010B50021837A012289
:10BBA00002FA03F13D4A126842F001023B4B1A606F
:10BBB0003A4A1C3212688A43384B1C331A60027BA3
:10BBC000CAB9364A0C3212688A43344B0C331A60B5
:10BBD0004288C38842EA0343304A4032847A42F8BA
:10BBE00034300288838842EA03432C4A4032847A04
:10BBF00002EBC4025360027B012A19D1274A0C329E
:10BC000012680A43254B0C331A604288038842EAC3
:10BC10000343224A4032847A42F83430C28883880F
:10BC200042EA03431D4A4032847A02EBC402536065
:10BC3000C27A3AB9194A121D12688A43174B1B1D62
:10BC40001A6006E0154A121D12680A43134B1B1DA9
:10BC50001A60028932B9114A143212688A430F4BB2
:10BC600014331A600289012A06D10C4A1432126870
:10BC70000A430A4B14331A60427B012A06D1074A51
:10BC80001C3212680A43054B1C331A60034A1268BF
:10BC900022F00102014B1A6010BD0000006A004052
:10BCA00010B502210B4800F091F8012810D10020B6
:10BCB000094908800A1D0021064800F0BAF9064922
:10BCC000091D081F0BF0B8F80221024800F00EF819
:10BCD00010BD0000006800409456002010B52021DF
:10BCE000014800F003F810BD00680040B1F5007F86
:10BCF0003AD00FDC202928D006DC01291CD00429E9
:10BD00001DD0082940D11DE0402921D0B1F5807F08
:10BD10003AD126E0B1F5004F31D006DCB1F5806FA5
:10BD200025D0B1F5006F2FD124E0B1F5803F12D0BE
:10BD3000B1F5003F28D111E0154A826025E00822C4
:10BD4000C26022E01022C2601FE0082202611CE0F3
:10BD50001022026119E00822426016E010224260BF
:10BD600013E00422426010E0042242600DE004224D
:10BD700042600AE0002282610422426005E0002263
:10BD800082610422426000E000BF00BF70470000F3
:10BD90000101010010B504460B48844209D101217C
:10BDA000480600F081FF00214FF0007000F07CFF9A
:10BDB00008E00121880600F077FF00214FF0806045
:10BDC00000F072FF10BD00000064004070B5044632
:10BDD0000D46002660692840002871D0B5F5807FA7
:10BDE0005CD010DC082D35D006DC012D20D0022DD2
:10BDF00024D0042D72D127E0102D31D0202D35D044
:10BE0000402D6BD138E0B5F5004F60D009DCB5F5B9
:10BE1000007F49D0B5F5806F4CD0B5F5006F5DD18E
:10BE20004FE0B5F5803F2DD0B5F5003F56D12FE05E
:10BE3000A0682D4903F0A2FD064651E0E068032109
:10BE400003F09CFD06464BE0E068082103F096FDF8
:10BE5000064645E0E068102103F090FD06463FE00D
:10BE60002069032103F08AFD064639E02069082194
:10BE700003F084FD064633E02069102103F07EFDC7
:10BE800006462DE06068082103F078FD064627E0AD
:10BE90006068102103F072FD064621E0A0690121CF
:10BEA00003F06CFD06461BE0A069022103F066FD6D
:10BEB000064615E0A069042103F060FD06460FE088
:10BEC0000FE0A069702103F059FD064608E06068A4
:10BED000042103F053FD064602E0FFE7002600BF01
:10BEE00000E00026304670BD010101001AB143692F
:10BEF0000B43436102E043698B434361704730B5B4
:10BF0000024600200023146824F002041460146820
:10BF100044F00104146000E05B1C546804F0010468
:10BF20001CB94FF6FF74A342F6D1546804F0010423
:10BF30000CB900206CE08C79012C04D1146844F019
:10BF40008004146003E0146824F080041460CC7949
:10BF5000012C04D1146844F04004146003E0146818
:10BF600024F0400414600C7A012C04D1146844F0CD
:10BF70002004146003E0146824F0200414604C7A58
:10BF8000012C04D1146844F01004146003E0146818
:10BF900024F0100414608C7A012C04D1146844F04D
:10BFA0000804146003E0146824F008041460CC7AD8
:10BFB000012C04D1146844F00404146003E01468F4
:10BFC00024F0040414608C78A407CD7844EA056456
:10BFD0000D7944EA05444D7944EA05540D886D1EF7
:10BFE0002C43D461146824F001041460002300E0A1
:10BFF0005B1C546804F001041CB14FF6FF74A342AB
:10C00000F6D1546804F001040CB1002000E00120D6
:10C0100030BD00218171C171017241728172C172A2
:10C020008170C170032101710221417101210180E0
:10C03000704710B500F5D87303EB01131B6803F0CC
:10C0400004031372137A53B900F5D87303EB011389
:10C050001B6840F2FF7404EA5353136009E000F5D3
:10C06000D87303EB01131B686FF0604404EAD30339
:10C07000536000F5D87303EB01131B6803F0020350
:10C08000537200F5D87303EB01135B6803F00F03E1
:10C09000937200F5D87303EB01135B681B0AD3742A
:10C0A00000F5D87303EB01139B68D37200F5D873C6
:10C0B00003EB01139B681C0A147300F5D87303EBA0
:10C0C00001139B681C0C547300F5D87303EB011328
:10C0D0009B681B0E937300F5D87303EB0113DB68A9
:10C0E000D37300F5D87303EB0113DB681C0A1474D7
:10C0F00000F5D87303EB0113DB681C0C547400F5D6
:10C10000D87303EB0113DB681B0E937421B9C3686A
:10C1100043F02003C36003E0036943F0200303619D
:10C1200010BD10B502460020936803F08063B3F1A0
:10C13000806F00D110E0936803F00063B3F1006FEB
:10C1400001D1012008E0936803F08053B3F1805FD0
:10C1500001D1022000E00420042874D002F5C0734D
:10C1600003EB00131B6803F0010402F5C07303EB3B
:10C1700000131C600B7A7BB94B7A0C8843EA44535A
:10C1800002F5C07404EB00142468234302F5C07464
:10C1900004EB0014236010E00B7A4C6843EAC403FC
:10C1A0004C7A234302F5C07404EB00142468234343
:10C1B00002F5C07404EB001423608B7A03F00F03C4
:10C1C0008B7202F5C07303EB00135B6823F00F045E
:10C1D00002F5C07303EB00135C6002F5C07303EB60
:10C1E00000135B688C7A234302F5C07404EB0014DF
:10C1F00063608B7B1C064B7B44EA03440B7B44EA65
:10C200000323CC7A234302F5C07404EB0014A3602B
:10C210008B7C1C064B7C44EA03440B7C44EA0323DE
:10C22000CC7B234302F5C07404EB0014E36002F5F9
:10C23000C07303EB00131B6843F0010402F5C073E5
:10C2400003EB00131C6010BD01684FF6FE72114035
:10C2500001600021016041608160C16065498842E0
:10C2600008D164490839496841F00F01614A083A28
:10C270005160BEE05F491431884208D15D490839F8
:10C28000496841F0F0015B4A083A5160B1E0594910
:10C290002831884208D157490839496841F470610A
:10C2A000544A083A5160A4E052493C31884208D1CE
:10C2B00050490839496841F470414E4A083A516082
:10C2C00097E04C495031884208D14A4908394968B9
:10C2D00041F47021474A083A51608AE04549643187
:10C2E000884208D143490839496841F47001414AFC
:10C2F000083A51607DE03F497831884208D13D4994
:10C300000839496841F070613A4A083A516070E072
:10C3100038498C31884208D136490839496841F09A
:10C320007041344A083A516063E03349884206D18B
:10C33000011F096841F00F01021F116059E02E49E9
:10C340001431884208D12C49091F096841F0F001D5
:10C35000294A121F11604CE027492831884208D130
:10C360002549091F096841F47061234A121F1160B1
:10C370003FE021493C31884208D11F49091F096823
:10C3800041F470411C4A121F116032E01A495031C9
:10C39000884208D11849091F096841F47021164ADA
:10C3A000121F116025E014496431884208D11249F6
:10C3B000091F096841F470010F4A121F116018E04B
:10C3C0000D497831884208D10B49091F096841F0AD
:10C3D0007061094A121F11600BE007498C318842D5
:10C3E00007D10549091F096841F07041024A121F2F
:10C3F00011607047080002400804024021B1026841
:10C4000042F00102026004E002684FF6FE731A4037
:10C410000260704710B50022026847F6F0739A4335
:10C420000C6A8B6823430C6923434C6923438C6952
:10C430002343CC6923434C6A23438C6A23431A4326
:10C440000260CB6843600B6883604B68C36010BDBB
:10C4500000BFFEE701490860704700001404014076
:10C46000002123498279002A3AD00A4612680368DB
:10C470009A430B461A600A1D126803689A430B1D03
:10C480001A60027911440A6803681A430A60184A5C
:10C490000832126803689A43154B08331A601A1D54
:10C4A000126803689A43124B0C331A604279102ABF
:10C4B0000ED11A1F126803681A430D4B08331A6015
:10C4C0001A1D126803681A43094B0C331A600DE0F9
:10C4D0000749427911440A6803681A430A6005E073
:10C4E000027911440A6803689A430A6070470000A1
:10C4F000000401400249C9680143014AD160704704
:10C500000020024030B5044606257C20FFF7F2FFEC
:10C510004FF4302000F096F80546062D17D10D484F
:10C52000006940F002000B49086108464461006957
:10C5300040F0400008614FF4302000F083F80546D9
:10C540000448006943F6FD71084002490861284625
:10C5500030BD00000020024006201249C96801F0E9
:10C56000010109B101201CE00E49C96801F0040174
:10C5700009B1032015E00B49C96801F0080109B1B0
:10C5800004200EE00749C96801F0100109B1052037
:10C5900007E00449C96801F0400109B1072000E043
:10C5A00006207047002002400348006940F08000E8
:10C5B00001490861704700000020024070B5044640
:10C5C0000D46062604F0030010B10926304670BD62
:10C5D0007C20FFF78FFF4FF4005000F033F8064641
:10C5E000062E12D10A48006940F00100084908618E
:10C5F00025604FF4005000F025F806460448006915
:10C6000043F6FE710840024908613046DFE700004A
:10C610000020024001460020034A106800F0F800A4
:10C6200008431060704700000020024002480349A0
:10C630004860034848607047230167450020024076
:10C64000AB89EFCD00B502460623FFF785FF034611
:10C6500003E0FFF781FF0346521E012B01D1002AA0
:10C66000F7D102B90A23184600BD0000F0B5024612
:10C670000C460023002600210025002002F0804700
:10C68000B7F1804F02D1844F396A11E002F00057B0
:10C69000B7F1005F02D1804F796A09E002F080575C
:10C6A000B7F1805F02D17C4FB96A01E07A4F7968B7
:10C6B000C2F3034593B2794F1740B7F5401F0AD133
:10C6C00021F07061744F7F6827F07067DFF8C8C190
:10C6D000CCF80470BDE002F48017B7F5801F13D1C9
:10C6E00002F40017B7F5001F03D10327AF403E0443
:10C6F00002E0032707FA05F6B14302F0E047002FF6
:10C70000E8D141F07061A4E002F08077B7F1807F5A
:10C7100047D102F00407042F29D102F00077B7F1C6
:10C72000007F16D1C2F340573F0103FA07F7B94320
:10C730003CB1594F786840F0010040F0706078607B
:10C7400087E0554F786820F0010040F07060786015
:10C750007FE0C2F340573F0103FA07F7B9434E4F5A
:10C76000786820F0010040F07060786071E043F07C
:10C770000407C2F3405C4FEA0C1C07FA0CF7B943FC
:10C780003CB1454F786840F0010040F0706078603F
:10C790005FE0414F786820F0010040F07060786001
:10C7A00057E002F08067B7F1806F47D102F00807C9
:10C7B000082F29D102F00077B7F1007F16D1C2F31C
:10C7C00040573F0103FA07F7B9433CB1324F78684D
:10C7D00040F0080040F0706078603AE02E4F7868D2
:10C7E00020F0080040F07060786032E0C2F34057FB
:10C7F0003F0103FA07F7B943274F786820F0080094
:10C8000040F07060786024E043F00807C2F3405CB9
:10C810004FEA0C1C07FA0CF7B9433CB11E4F78687D
:10C8200040F0080040F07060786012E01A4F7868BD
:10C8300020F0080040F0706078600AE0C2F34057D2
:10C840003F0103FA07F7B94302F0E0470FB941F09F
:10C8500070612CB1C2F340573F0103FA07F7394327
:10C8600002F08047B7F1804F02D10B4F396211E0DF
:10C8700002F00057B7F1005F02D1074F796209E07B
:10C8800002F08057B7F1805F02D1034FB96201E037
:10C89000014F7960F0BD00000000014000003070E1
:10C8A0002DE9F04102460025002600200023002447
:10C8B000002791F803C00CF00F0591F803C00CF0AD
:10C8C000100CBCF1000F03D091F802C04CEA050532
:10C8D00091F800C0BCF1000F31D0146800202BE0AB
:10C8E0004FF0010C0CFA00F3B1F800C00CEA03069B
:10C8F0009E4220D183004FF00F0C0CFA03F7BC438B
:10C9000005FA03FC4CEA040491F803C0BCF1280FBB
:10C9100006D14FF0010C0CFA00FCC2F814C00AE07A
:10C9200091F803C0BCF1480F05D14FF0010C0CFA8F
:10C9300000FCC2F810C0401C0828D1D31460B1F824
:10C9400000C0BCF1FF0F34DD546800202EE000F180
:10C95000080C4FF0010808FA0CF3B1F800C00CEA1B
:10C9600003069E4221D183004FF00F0C0CFA03F70F
:10C97000BC4305FA03FC4CEA040491F803C0BCF183
:10C98000280F05D100F1080C08FA0CF8C2F8148041
:10C9900091F803C0BCF1480F07D100F1080C4FF02B
:10C9A000010808FA0CF8C2F81080401C0828CED301
:10C9B0005460BDE8F0814FF6FF7101800121817064
:10C9C0000421C17070470246002093680B400BB1F0
:10C9D000012000E00020704741617047016170470D
:10C9E00001201049087000BF00BF00BF00BF00BF9A
:10C9F000BFF34F8F00BF00BF00BF0B48006800F4BB
:10CA0000E0600A490843001D0749086000BF00BFF5
:10CA100000BFBFF34F8F00BF00BF00BF00BF00BF0C
:10CA2000FDE70000760000200CED00E00000FA05B4
:10CA300000BFFEE700BFFEE770B5002100230F2214
:10CA4000C47804B3154C246804F4E064C4F5E064CD
:10CA5000210AC1F10403CA40447804FA03F184783E
:10CA60001440214309010E4C0678A155047804F0C6
:10CA70001F050124AC4005786D11AD0005F1E025DE
:10CA8000C5F8004109E0047804F01F050124AC401A
:10CA9000044D0678761145F8264070BD0CED00E097
:10CAA00000E400E080E100E002490143024A116035
:10CAB000704700000000FA050CED00E0024A0A4051
:10CAC0000243024B1A60704780FFFF1F08ED00E031
:10CAD00002460020044BD86A20F4806020F478409D
:10CAE00010430843D86270470010024001460020FE
:10CAF000034AD06A20F00F000843D062704700005C
:10CB00000010024002460020064BD86A20F4F8705C
:10CB100009B1104302E0104320F48070014BD86249
:10CB2000704700000010024001460020034A506890
:10CB300020F0F000084350607047000000100240F1
:10CB40001149096821F480310F4A116011460968C2
:10CB500021F480211160B0F5803F03D0B0F5802F23
:10CB60000ED106E00849096841F48031064A116097
:10CB700007E00549096841F4A021034A116000E07B
:10CB800000BF00BF704700000010024001460020B7
:10CB9000034A506820F4E06008435060704700008A
:10CBA0000010024001460020034A506820F4605003
:10CBB00040EAC10050607047001002400246002069
:10CBC000044B5868044B184042EA01031843014BD8
:10CBD0005860704700100240FFFFC0F70146002078
:10CBE000034A506820F0030008435060704700007B
:10CBF00000100240034908604108024AD83AC2F8CE
:10CC0000DC107047D80042421348006840F0010031
:10CC10001149086008464068104908400E494860BC
:10CC2000084600680E4908400B490860084600683D
:10CC300020F480200860084640680A4908400649F8
:10CC400048604FF46050C8624FF4615008634FF47D
:10CC50001F008860704700000010024000C0FFF80D
:10CC6000FFFFF6FEFFFF00F729B1064A52690243B3
:10CC7000044B5A6104E0034A52698243014B5A61F2
:10CC8000704700000010024029B1064AD2690243F1
:10CC9000044BDA6104E0034AD2698243014BDA6152
:10CCA000704700000010024029B1064A1269024391
:10CCB000044B1A6104E0034A12698243014B1A6172
:10CCC000704700000010024029B1064A92690243F1
:10CCD000044B9A6104E0034A92698243014B9A61D2
:10CCE00070470000001002400149086670470000CC
:10CCF00000004242F0B5002100BF002200250024C0
:10CD0000384E7668384F06EA0702364E766806F4E3
:10CD1000803502F000661EB9022606EB924204E05E
:10CD20004FF4F876C6EB9246721C1DB92F4E02FBEB
:10CD300006F30BE02B4E766806F400361EB12C4E3F
:10CD400002FB06F302E02B4E02FB06F3254E76684B
:10CD500006F00C0121B1042905D0082908D105E00D
:10CD6000234E066007E0234E066004E0036002E005
:10CD70001F4E066000BF00BF1A4E766806F0F00135
:10CD800009091D4E745C0668E6404660154E7668DB
:10CD900006F4E061090A184E745C4668E640866055
:10CDA000104E766806F46051C90A134E745C4668EA
:10CDB000E640C6600B4EF66A06F00F010F4E745C3B
:10CDC0004668B6FBF4F64661064EF66A06F4F8715C
:10CDD000090901F00F060A4F37F81640B3FBF4F6C5
:10CDE0000661F0BD0010024000003C0800093D0053
:10CDF00000127A000024F400D2FF0308E2FF0308C7
:10CE0000F2FF030810B501460022002300204A115A
:10CE1000012A02D1094C236806E0022A02D1074CFC
:10CE2000236A01E0054C636A01F01F02012494406B
:10CE30001C400CB1012000E0002010BD0010024099
:10CE40000248406800F00C007047000000100240EB
:10CE500038B5002000900024002500BF3120FFF7E6
:10CE6000D1FF05460098401C00900098B0F5004F97
:10CE700001D0002DF2D03120FFF7C4FF08B101240A
:10CE800000E00024204638BD00BFFEE700B50B4897
:10CE90000AF000FC0A480088B0F57A7F05DA0848F5
:10CEA0000088401C0649088007E0002004490880EB
:10CEB00002480068401C0149086000BD1C56002063
:10CEC0007401002010B5002100200022264B5B6871
:10CED00003F00C0121B1042906D0082933D107E061
:10CEE000224B234C236032E0224B214C23602EE066
:10CEF0001D4B5B68204C03EA04001B4B5B6803F48A
:10CF0000803200F000631BB9022303EB904004E081
:10CF10004FF4F873C3EB9043581C2AB9174B4343A3
:10CF20005B00134C23600DE00F4B5B6803F4003390
:10CF300023B10E4B43430E4C236003E00D4B4343A0
:10CF40000B4C236003E0094B094C236000BF00BF7A
:10CF5000054B5B68C3F30313094CE15C044B1B688E
:10CF6000CB40034C236010BD0010024000127A0039
:10CF7000C40200200024F40000003C0800093D0029
:10CF8000C1FF030810B52948006840F47000274924
:10CF900008602748006840F00100254908600846FD
:10CFA00040682449084022494860084600682249F0
:10CFB00008401F4908600846006820F48020086087
:10CFC000084640681D490840194948604FF46050C0
:10CFD000C8624FF4615008634FF41F008860084630
:10CFE000C06940F08050C8611548C06840F0010039
:10CFF0001349C8600E48C06920F080500C49C861D0
:10D000001048006840F090000E49086000F086FD6E
:10D010004FF000600549803908600B4800680B49F3
:10D02000884201D001F046FA10BD000088ED00E012
:10D030000010024000C0FFF8FFFFF6FEFFFF00F700
:10D04000007000400020024098F2FF1F424B5249FE
:10D050000A460021018B4FF6F773194011430183F3
:10D06000704721B1026842F00102026003E00268E9
:10D0700022F001020260704730B500240022002334
:10D08000056A25F001050562026A4368048B4FF6C4
:10D090008F752C404FF6FC752C400D882C4322F0E8
:10D0A00002020D892A434D882A430E4DA84202D020
:10D0B0000D4DA8420FD122F008024D892A4322F0DB
:10D0C00004028D882A4323F4807323F400738D892E
:10D0D0002B43CD892B4343600483CD888586026230
:10D0E00030BD0000002C0140003401400A46002100
:10D0F00001684D4B98420ED04C4B98420BD0B0F18A
:10D10000804F08D04A4B984205D04A4B984202D0F3
:10D11000494B984203D121F0700153881943474B82
:10D12000984206D0464B984203D021F44071D388F0
:10D130001943016093888385138803853A4B98428D
:10D1400002D03A4B984201D1137A0386012383829D
:10D150000168354B98420ED0344B98420BD0B0F159
:10D16000804F08D0324B984205D0324B984202D0C3
:10D17000314B984206D1537A13B141F4006101E07A
:10D1800021F40061B0F1804F08D0294B984205D0BE
:10D19000284B984202D0284B98420DD1937A13B174
:10D1A00041F4805101E021F48051D37A13B141F46C
:10D1B000005101E021F40051B0F1804F05D01C4B2B
:10D1C000984202D01B4B984206D1137B13B141F415
:10D1D000804101E021F48041134B98420BD0134B66
:10D1E000984208D0B0F1804F05D0114B984202D040
:10D1F000104B984206D1537B13B141F4004101E03A
:10D2000021F4004101604168B0F1804F02D0094B28
:10D21000984206D1937B13B141F4807101E021F46F
:10D220008071416070470000002C014000340140D3
:10D230000004004000080040000C004000100040C6
:10D24000001400408186704700BFFEE710B540F231
:10D2500025510B4800F04BF838B1094800F0D6F8DA
:10D26000C4B22146074810F04FF940F22771044834
:10D2700000F03DF810B104480CF030FD10BD000086
:10D2800000380140500A002088060020F0B503460F
:10D29000002400260025002040F66A17B94200D17C
:10D2A00000BF1846C1F3421401F01F06012707FA18
:10D2B00006F5012C01D10C3004E0022C01D1103014
:10D2C00000E014301AB107682F43076002E00768D6
:10D2D000AF430760F0BD21B1828942F400528281E0
:10D2E00004E082894DF6FF731A408281704770B561
:10D2F0000246002400230025002040F66A16B142B1
:10D3000000D100BFC1F3421501F01F03012606FA48
:10D3100003F3012D02D19689334006E0022D02D19C
:10D32000168A334001E0968A33400C12012606FA31
:10D3300004F41688344013B10CB1012000E0002041
:10D3400070BD00002DE9F04786B005460F46002469
:10D35000A24600BF00BF0026B88900B100BF2E461C
:10D360002C8A4CF6FF700440F88804432C82AC8968
:10D370004EF6F3100440B888398908437989084388
:10D380000443AC81AC8A4FF6FF400440B8890443A3
:10D39000AC826846FFF7AEFC1948864205D01948B2
:10D3A000864202D01848864202D1DDF80CA001E086
:10D3B000DDF808A00AEBCA0000EB0A103968890002
:10D3C000B0FBF1F86420B8FBF0F0040120096421FF
:10D3D00001FB1080322101EB00106421B0FBF1F958
:10D3E0000120B0EB191F04D16420B8FBF0F0401C01
:10D3F000040109F00F0004432C8106B0BDE8F0875A
:10D400000038014000500140005401400146888826
:10D41000C0F308007047C1F308028280704710B55E
:10D420004FF48020FFF716F810BD10B504F076FF1A
:10D4300010BD00BFFEE71CB54FF48020FFF70AF8CF
:10D440004FF48020009000208DF8040008208DF813
:10D45000050001208DF806006846FFF701F81CBDA5
:10D460007EB5044600232AB930260846491C2654B6
:10D4700008467EBD0CE00A20B2FBF0F500FB15204B
:10D4800030301D465B1C0DF805000A20B2FBF0F29F
:10D490000AB10A2BEFDB06E0581E03461DF80060B8
:10D4A0000846491C2654002BF6DC0846E1E77EB509
:10D4B000044600232AB930260846491C265408464B
:10D4C0007EBD0CE00A20B2FBF0F500FB15203030E9
:10D4D0001D465B1C0DF805000A20B2FBF0F20AB1F4
:10D4E0000A2BEFDB06E0581E03461DF800600846D5
:10D4F000491C2654002BF6DC0846E1E77EB50446BD
:10D5000000232AB930260846491C265408467EBD09
:10D510000CE00A20B2FBF0F500FB152030301D4670
:10D520005B1C0DF805000A20B2FBF0F20AB10A2BD1
:10D53000EFDB06E0581E03461DF800600846491C54
:10D540002654002BF6DC0846E1E77EB504460023AE
:10D550002AB930260846491C265408467EBD0CE0F0
:10D560000A20B2FBF0F500FB152030301D465B1C95
:10D570000DF805000A20B2FBF0F20AB10A2BEFDB2E
:10D5800006E0581E03461DF800600846491C265454
:10D59000002BF6DC0846E1E7F0B502460B464FF6F5
:10D5A000FF70002112E0545C00250CE000F0010641
:10D5B000401004F00107B74202D04AF20107784058
:10D5C00064106E1CF5B2082DF0DB491C9942EAD3B9
:10D5D000F0BD00002DE9F04106460F4690460024BC
:10D5E00022A505E015F8012B2046641C24490A54A5
:10D5F00028780028F6D1324621462148FFF730FF2F
:10D60000044620222046641C1D490A542822204634
:10D61000641C0A54384605E003782146641C184A05
:10D620005354401C017809B1502CF5DB3D222046B3
:10D63000641C13490A54424621461148FFF710FF63
:10D64000044629222046641C0D490A540D22204616
:10D65000641C0A540A222046641C0A5400200855FF
:10D66000084604F0A8FFBDE8F08100005B4F54417C
:10D670005D204641494C2073746570200000000015
:10D68000B83C002010B5044604A004F0BBFE2046C0
:10D6900004F0B8FE03A004F0B5FE10BD5B4F54418A
:10D6A0005D2000000D0A000070B506460C461546C8
:10D6B00019A13046FDF7BAFE20B118A13046FDF79A
:10D6C000B5FE28B90120207000202870012070BD0F
:10D6D00013A13046FDF7AAFE20B112A13046FDF796
:10D6E000A5FE20B90020207028700120EFE70EA1D0
:10D6F0003046FDF79BFE18B9012020702870E6E740
:10D700000AA13046FDF792FE20B9002020700120CA
:10D710002870DCE70020DAE76F6E000031000000BF
:10D720006F6666003000000065696E006175730009
:10D7300030B502460C460AB1107808B9002030BD59
:10D74000002300210EE0505C302802DB505C3928B9
:10D7500001DD0020F3E7505C303803EB830500EB7C
:10D760004503491C505C0028EDD123600120E6E709
:10D77000034618787A2802D158786E2801D0002004
:10D7800070479878312805DB9878352802DCD878FE
:10D790002F2801D00020F3E7987830380870181D42
:10D7A00010600120ECE700002DE9F04728480068F0
:10D7B00000F110052E8826480068077AD6B9042F94
:10D7C00018D12448007801280FD100212248006890
:10D7D00080B2801C214A42F8101030202049088075
:10D7E00000BF00201B49087003E0072710201C49D8
:10D7F000088027E0AC88A64201D8042000E002207F
:10D800000746B44200D93446A0B2A968884780468A
:10D81000002002F097FA8146A2B24946404602F043
:10D82000A9FFA1B2002002F025F92888001B28805A
:10D83000688820446880302009490880000209492E
:10D84000088000BF024909680F72BDE8F087000038
:10D85000A8020020A2020020505C004000600040AE
:10D86000BA020020B80200202DE9F84F9B4800685A
:10D8700045780027BA46062D1BD1984800680078E5
:10D8800000F07F00002813D19449096888780128A6
:10D8900003D193490968CF690AE0022803D190496E
:10D8A00009680F6A04E0032802D18D4909684F6AAC
:10D8B00094E0002D64D189480068408800285FD139
:10D8C00086480068C08802285AD1844800680079D8
:10D8D000002855D181480068007800F07F0028B901
:10D8E0007E480068808808B97E4F77E07B480068F2
:10D8F000007800F07F00012810D178490968487944
:10D90000774909688A6900219047002866D17348E1
:10D910000068807A002861D0724F5FE06F4800682D
:10D92000007800F07F00022858D16C4800684079E8
:10D9300000F00F0669480068407900F070096748F8
:10D940000068407900F0800038B1674901EB86003B
:10D95000D0F8000C00F0300806E0634901EB8600C7
:10D96000D0F8000C00F4405860480078B04235D937
:10D97000B9F1000F32D1B8F1000F2FD0594F2DE07F
:10D98000082D07D155480068007800F07F0028BBBB
:10D99000574F23E00A2D21D150480068007800F04D
:10D9A0007F0001281AD14D480068807AB0B14B48F9
:10D9B0000068408890B949480068007970B94748C4
:10D9C0000068C088012809D1444909684879444958
:10D9D00009688A690021904700B9464F57B13F480E
:10D9E0000068A0F812A03D48006887610020B84791
:10D9F00000240FE0394A12685078394A12681169D8
:10DA000088470446032C05D1092034490968087267
:10DA1000BDE8F88F31480068008A4FF6FF718842F0
:10DA200004D109202D4909680872F1E7022C03D0BE
:10DA30002A480068008A20B9082028490968087225
:10DA4000E6E726480068007800F08000E0B323484D
:10DA50000068C088009021480068008A00998842C8
:10DA600004D91E4900980968088223E01B48006811
:10DA7000008A1A490968C98888421BDA1748006871
:10DA8000008A1749096891F82C10884203DA0020AF
:10DA9000194908700EE011480068008A10490968A9
:10DAA00091F82C1090FBF1F201FB120010B901204B
:10DAB000114908700A48006890F82C10074800685F
:10DAC0008182FFF771FE07E0FFE703200349096841
:10DAD000087200030949088000BF99E7A8020020E6
:10DAE000AC020020C1030308005000400C020020DB
:10DAF000051C03088D090308A2020020B8020020BB
:10DB00000549096888B220F00400034908604FF411
:10DB10001E41014A11607047405C004030B5002151
:10DB20000022002300202C4C246844F480342A4D29
:10DB30002C6000BF284C2468C4F340425B1C12B91F
:10DB4000B3F5004FF6D1244C2468C4F340421AB90F
:10DB5000224C234D2C6030BD224C206820F0070061
:10DB600040F0040020601C4C64681B4D6C602C4627
:10DB7000646844F400546C602C46646844F4A06407
:10DB80006C6000202C466068174C2040014641F430
:10DB9000803141F40031154C21432C4661602468EA
:10DBA00044F080742C6000BF0B4C246804F00074B7
:10DBB000002CF9D00020084C606820F0030040F0F1
:10DBC0000200606000BF044C646804F00C04082C80
:10DBD000F9D100BFBFE700000010024000127A0038
:10DBE000C402002000200240FFFFC0F7000004082C
:10DBF0000020064908604FF41E4005490880084689
:10DC000000880249091F086000207047445C0040FA
:10DC1000B20200202DE9F04104460E46002504F032
:10DC20007F0001F0B5FE054604F07F0002F07AF8AF
:10DC300007462A463946304602F084FD2846BDE8AC
:10DC4000F08100002DE9F05F05468846924699462E
:10DC5000DDF828B0002426A704E017F8012B2046A1
:10DC6000641C2A5438780028F7D1404604E010F8A4
:10DC7000013B2146641C6B54017809B1962CF6DBFC
:10DC80001DA604E016F8012B2046641C2A543078A7
:10DC900008B1962CF6DB524621462846FFF7E0FBFA
:10DCA0000446962C03DA2F222046641C2A54484648
:10DCB00004E010F8013B2146641C6B54017809B163
:10DCC000962CF6DB962C03DA2F222046641C2A546D
:10DCD000584604E010F8013B2146641C6B5401785F
:10DCE00009B19B2CF6DB00202855BDE8F09F000011
:10DCF000687474703A2F2F003A333030302F6669D1
:10DD0000726D776172652F00012180F86E14704783
:10DD1000F0B503460C461BB1187808B1002A01DCA7
:10DD20000020F0BD00210846491C44F82030184668
:10DD30000CE005782C2D08D1914206DA00250570FB
:10DD4000451C0E46491C44F82650401C0578002D01
:10DD5000EFD10846E5E700002DE9F04128480068CA
:10DD600000F110042688A068C0B1BEB1A588B542F4
:10DD700000D93546A8B2A168884707462088401BCD
:10DD80002080608828446080002001F0CBFF80461E
:10DD9000AAB24146384602F0D5FC00BF208850B1F7
:10DDA0004FF44050174908800021084601F062FEF8
:10DDB0003020154908802088A188884204DB032090
:10DDC0000F490968087218E02088002804DD052042
:10DDD0000B490968087210E0208870B906200849CC
:10DDE0000968087200210948006880B2801C084A4E
:10DDF00042F81010302004490880BDE8F08100008E
:10DE0000A8020020B8020020BA020020505C0040A6
:10DE10000060004010B50848006805280BD107488D
:10DE200001680068401C054A106021B900201146B5
:10DE3000086002F01BFC10BD94020020B801002015
:10DE400010B50120FEF7D6FE0121C805FEF71CFF24
:10DE500010BD000000B52F48007920B1012806D080
:10DE600002280ED108E000202B49C8800DE04FF4B5
:10DE700040502949C88008E04FF400502649C88026
:10DE800003E002F05DFC002000BD00BF21484079A6
:10DE900020B1012806D002280ED108E000201E493A
:10DEA00008810DE04FF480601B49088108E04FF4C1
:10DEB000C0601949088103E002F042FC0020E3E75A
:10DEC00000BF14488079072802D0082810D103E049
:10DED0000020114988800FE00F48008918B9002000
:10DEE0000D49888003E04FF480500B49888003E09F
:10DEF00002F026FC0020C7E700BF0648006806497C
:10DF00000860002088810C204881084601F03FFD10
:10DF10000120B9E704020020C45600200146CAB21D
:10DF20000B1243EA022070472DE9F04103460D46EB
:10DF30000020002132E05F5C4FEA074C4F1CDF5DA0
:10DF40004CEA072701F1020C13F80CC047EA0C0455
:10DF50003C4F4FEA944C17F80C800746401C02F8DF
:10DF60000780384FC4F3053C17F80C800746401C67
:10DF700002F80780334FC4F3851C17F80C8007465E
:10DF8000401C02F8078004F03F07DFF8B8C01CF817
:10DF900007800746401C02F80780C91C8C1CAC4255
:10DFA000C9DB6E1A012E1ED15F5C3C04254F4FEA7F
:10DFB000944C17F80C800746401C02F80780214F4C
:10DFC000C4F3053C17F80C800746401C02F8078094
:10DFD0004FF03D080746401C02F807800746401CEA
:10DFE00002F807802AE0022E28D15F5C4FEA074C36
:10DFF0004F1CDF5D4CEA0724124F4FEA944C17F890
:10E000000C800746401C02F807800E4FC4F3053C05
:10E0100017F80C800746401C02F80780094FC4F32C
:10E02000851C17F80C800746401C02F807804FF04B
:10E030003D080746401C02F8078000BF0024145426
:10E04000BDE8F081C8FD03087FB506460C460025F3
:10E05000227829466846FFF72AFA05462E222846E6
:10E060006D1C0DF80020627829466846FFF71FFAFC
:10E0700005462E2228466D1C0DF80020A278294660
:10E080006846FFF714FA05462E2228466D1C0DF847
:10E090000020E27829466846FFF709FA0546002085
:10E0A0000DF805006946304603F0C6FF7FBD00004D
:10E0B0002DE9F04706460F4691469846002427A5CD
:10E0C00005E015F8012B2046641C2A490A542878DB
:10E0D0000028F6D1324621462648FFF736FA044694
:10E0E00020222046641C23490A5428222046641C0E
:10E0F0000A54384605E003782146641C1D4A5354EF
:10E10000401C017809B15A2CF5DB3D222046641CE5
:10E1100018490A54B8F1000F05D04A46214615485F
:10E1200004F005FA04E04A4621461248FFF70DFACA
:10E13000044629222046641C0E490A540D2220461A
:10E14000641C0A540A222046641C0A540020085504
:10E15000084604F030FABDE8F08700005B43414E0A
:10E1600052454C41595D204641494C2073746570BD
:10E17000200000003C4D002010B5044604A004F02F
:10E1800041F9204604F03EF904A004F03BF910BD2B
:10E190005B43414E52454C41595D20000D0A000041
:10E1A0002DE9F04105460C462846FCF7D1FF06460E
:10E1B0002046FCF7CDFF07460A2E01DB0A2F02DAC4
:10E1C0000020BDE8F081E219A2F10A01AA19A2F12A
:10E1D0000A000A22FCF7DBFF08B90120F1E7002062
:10E1E000EFE72DE9F04FADF5037D05460C461646E9
:10E1F0001F46DDF830A2DDF8388240F26F4140461C
:10E20000FDF79FF80CB1207818B90DF5037DBDE836
:10E21000F08F5FB1387848B145B1287830B13946D0
:10E220002846FFF7BDFF08B1012000E0002083462B
:10E2300000208290BBF1000F1AD1BAF1000F17D065
:10E24000B5B12878A0B14FF000090EE00AEB091033
:10E25000007840B10AEB09112846FFF7A1FF10B181
:10E260000120829004E009F10109B9F1040FEDDB0E
:10E270008194BBF1000F1AD18298C0B91EB130460B
:10E28000FCF766FF00E000208146B9F1040F00D0E2
:10E29000BBE7042231462046FCF779FF00B1B4E722
:10E2A0002079202800D0B0E7601D819010E07EB179
:10E2B0003046FCF74DFF04280AD10422314620469F
:10E2C000FCF765FF20B92079202801D1601D8190DD
:10E2D000012088F8000088F801B040F2FF1201A880
:10E2E0008199FDF777F800208DF80302424601A8D6
:10E2F0008D9901F029FC00BF87E7000070B5022668
:10E3000047480068447846480068007800F07F007D
:10E31000002844D1092C03D103F08AFC06465FE0B3
:10E32000052C14D13E480068C0787F280BDC3C489F
:10E330000068807838B93A480068808818B9384849
:10E340000068807A08B1082565E0002648E0032CC3
:10E350000ED133480068C078012807D130480068E2
:10E36000808818B903F088FC064639E0022637E0B9
:10E37000012C35D12A480068C07801280DD12848E1
:10E380000068808848B926480068407A00F020007C
:10E3900018B102F045FA064622E0022620E02048A5
:10E3A0000068007800F07F00012805D10B2C17D100
:10E3B00002F002FB064613E019480068007800F0FE
:10E3C0007F0002280BD1012C03D102F029FA064666
:10E3D00006E0032C04D103F09FFC064600E0022671
:10E3E0004EB1E0B20F4A1268516988470646032EC3
:10E3F00001D109250FE00EB108250CE0062500210A
:10E400000948006880B2801C084A42F81010302089
:10E410000749088000BF024909680D7270BD0000FD
:10E42000A8020020AC020020505C004000600040C8
:10E43000BA02002030B50E4C04EB8003D3F8003C48
:10E440004BF68F7403EA040201F480530BB182F49B
:10E45000805201F400530BB182F4005242F40043A5
:10E4600043F08003024D05EB8004C4F8003C30BD4E
:10E470000050004030B50E4C04EB8003D3F8003C54
:10E4800048F6BF7403EA040201F010030BB182F0F6
:10E49000100201F020030BB182F0200242F400438D
:10E4A00043F08003024D05EB8004C4F8003C30BD0E
:10E4B0000050004000200021104AD26942F08052F2
:10E4C0000E4BDA610E4A1168C1F304610D4AD0683F
:10E4D00020F47870891C29B11F2903D240EA411029
:10E4E000D06003E040F47870064AD060034AD269F5
:10E4F00022F08052014BDA617047000000100240A8
:10E500000018004000700040084A02EB8001D1F87A
:10E51000001C48F68F62114048F280021143034B01
:10E5200003EB8002C2F8001C70470000005000405E
:10E530004FF6F8710140014A11607047505C00408D
:10E5400010B5074B03EB8002D2F8002C48F68F136E
:10E550001A400A43024C04EB8003C3F8002C10BDA0
:10E56000005000402DE9F04704460D4690462046F5
:10E57000FCF7EEFD0746042F09DB3846F91707EBD9
:10E5800091718910A7EB810109B9012100E00021F7
:10E59000894600210FE0605C302801DB392809DD65
:10E5A000412801DB462805DD612801DB662801DD05
:10E5B0004FF00009491CB94202DAB9F1000FEAD163
:10E5C000B9F1000F0CD1A8F1010221462846FCF751
:10E5D00001FF0021A8F1010029540020BDE8F087C7
:10E5E0000026002082E0225C612A02DB225C573A8E
:10E5F00007E0225C412A02DB225C373A01E0225C20
:10E60000303A1303421CA25C612A03DB421CA25C69
:10E61000573A0AE0421CA25C412A03DB421CA25C7E
:10E62000373A02E0421CA25C303A43EA0223821CE1
:10E63000A25C612A03DB821CA25C573A0AE0821CBE
:10E64000A25C412A03DB821CA25C373A02E0821CF6
:10E65000A25C303AD2B243EA0213C21CA25C612A25
:10E6600003DBC21CA25C573A0AE0C21CA25C412A2E
:10E6700003DBC21CA25C373A02E0C21CA25C303A47
:10E68000D2B2134399B2802903DA3246761CA954D8
:10E690002BE0B1F5006F11DAC02242EAA11202F0BC
:10E6A000FF0C3246761C05F802C001F03F0242F032
:10E6B000800C3246761C05F802C016E0E02242EAE1
:10E6C000213C3246761C05F802C0C1F3851242F0A7
:10E6D000800C3246761C05F802C001F03F0242F081
:10E6E000800C3246761C05F802C0001DF91E8142DE
:10E6F00004DDA8F10401B1423FF775AF0020A85531
:10E7000001206BE72DE9F04106460F46002419A5CC
:10E7100005E015F8012B2046641C18490A54287896
:10E720000028F6D1304605E003782146641C134AE0
:10E730005354401C017809B1322CF5DB3D222046B0
:10E74000641C0E490A543A4621460C48FEF788FEDE
:10E7500004460D222046641C08490A540A22204619
:10E76000641C0A5400200855084603F04BFEBDE81F
:10E77000F08100005B4F54415D200000183D0020F7
:10E780002DE9F04FADF2844D07468B46FA48407EA6
:10E790000090F948037E0C225946F84807F077FCB0
:10E7A000F548407E0090F448037E0D223946F34838
:10E7B00007F06DFCF2A006C80DF27C4006C003AA6B
:10E7C000F14890F8BA1300F55D70A0F110038DE8E0
:10E7D000070000F1400259463846FFF702FD9DF858
:10E7E0000C0030B9E9A003F00DFE0DF2844DBDE838
:10E7F000F08F9DF87A04012804D0E34890F8BF0315
:10E80000012801D1012000E0002005464FF000085A
:10E81000002418E0E2A003F0F5FD0DF2DA3101EB7F
:10E82000441003F0EFFDDDA003F0ECFD0DF2DA3152
:10E8300001EB44100822DFA1FCF7A9FC08B94FF056
:10E840000108601CC4B29DF8D903A042E2DCB8F113
:10E85000000F08D00DB1DA4800E0DA480246394628
:10E86000C9480BF05BFF002600F0E8BE06EB46103F
:10E8700000EB86110DF10F000C182078252880F090
:10E88000D986DFE810F0D70637005000B003FF0349
:10E890007500E7039800B300D000ED0011012E01D0
:10E8A00015045201C702200348037C035D042500C0
:10E8B0002C00D7068700470463047B049104E80515
:10E8C000FE05BF0614062A06400660068006A0065E
:10E8D000BDA23946AC480BF021FF00F0ACBE0DB133
:10E8E000BBA000E0BDA002463946A7480BF016FFCA
:10E8F00001F0FAFDA07908B1A01D00E0384681467C
:10E900000F224946B948FCF765FD00219E4880F872
:10E9100073130DB1B6A000E0B9A0024639469A487B
:10E920000BF0FCFED9E76079012820DB6079042830
:10E930001DDCA07908B1A01D00E03846814662794F
:10E94000AA4901EB02100F224946FCF743FD0021C2
:10E950006279A64800EB0210C1730DB1ABA000E0D4
:10E96000B0A00246394688480BF0D8FE00BFB4E795
:10E970008548D4F81610C0F8B413A17E80F8B813F7
:10E980000DB1ACA000E0B0A0024639467E480BF0C5
:10E99000C5FEA2E7B0A006C8CDE9011201A9162064
:10E9A00004F0D6FE0DB1AEA000E0B0A0014638469E
:10E9B00003F0C4FA91E7607840F0FC008DF883041E
:10E9C0000DF27C41162004F0C3FE2DB1607808B131
:10E9D000A8A006E0ABA004E0607808B1ADA000E01C
:10E9E000AFA00146384603F0A9FA76E76078F32134
:10E9F00041EA8000C0B28DF883040DF27C411620FC
:10EA000004F0A6FE2DB1607808B1A8A006E0ABA086
:10EA100004E0607808B1ADA000E0AFA00146384640
:10EA200003F08CFA59E76078CF2141EA0010C0B2B8
:10EA30008DF883040DF27C41162004F089FE2DB17F
:10EA4000607808B1A8A006E0AAA004E0607808B148
:10EA5000ABA000E0ADA00146384603F06FFA3CE7FA
:10EA600003208DF87C04A0784B30C0B28DF87D0473
:10EA70000DF27C41132004F06BFE03F019FC81467B
:10EA800094F9020003F0ACFC82460DB1A2A000E0B4
:10EA9000A4A001464B465246A548FCF73DF8A449C0
:10EAA000384603F04BFA18E760783F2141EA8010BE
:10EAB000C0B28DF883040DF27C41162004F048FEAC
:10EAC0002DB1607808B19BA006E09DA004E06078BD
:10EAD00008B19EA000E0A0A00146384603F02EFA3F
:10EAE000FBE603208DF87C04A0784B30C0B28DF893
:10EAF0007F040DF27C41132004F02AFE03F0D8FBC2
:10EB0000814694F9020003F06BFC82460DB195A09A
:10EB100000E097A001464B4652469948FBF7FCFFA0
:10EB20009749384603F00AFAD7E6E07E01F06EFB1B
:10EB300040B90DB193A000E097A00146384603F01C
:10EB4000FDF9CAE6E07E062809D2DFE800F00803F6
:10EB500009131211207F40F0FC008DF87C0439E18C
:10EB6000207FF32141EA8000C0B28DF87C0431E1BE
:10EB70002AE121E118E1000094560020344F0020E2
:10EB8000FFFFFFFFFFFFFFFF88060020534D533AB2
:10EB90002061757468206661696C65640D0A000007
:10EBA000534D53207061727365206572726F723AB3
:10EBB00020000000756E6B6E6F776E3A00000000EB
:10EBC0007BFE030809FE0308706F6E6700000000FB
:10EBD0004E657573746172742E2E2E0052657365C6
:10EBE0007474696E672E2E2E00000000EC09002060
:10EBF00041646D696E2067657365747A7400000006
:10EC000041646D696E2073657400000054656C6525
:10EC1000666F6E20616B7475616C6973696572747F
:10EC20002E00000050686F6E652075706461746519
:10EC3000642E000050494E20616B7475616C6973DD
:10EC4000696572742E00000050494E207570646131
:10EC50007465642E000000000000FFFFFFFFFF004E
:10EC6000416C6C657320617573000000416C6C2011
:10EC70006F6666004272656E6E65723A2045494E57
:10EC8000000000004272656E6E65723A2041555375
:10EC9000000000004275726E65723A204F4E00000F
:10ECA0004275726E65723A204F4646004865697A31
:10ECB000737461623A2045494E0000004865697AE4
:10ECC000737461623A20415553000000456C656DD4
:10ECD000656E743A204F4E00456C656D656E743AF2
:10ECE000204F464600000000426F64656E3A2045A2
:10ECF000494E0000426F64656E3A20415553000052
:10ED0000466C6F6F723A204F4E000000466C6F6F7A
:10ED1000723A204F46460000426F64656E3A2025E5
:10ED200064257300466C6F6F723A2025642573006A
:10ED3000B44A00204D6F746F723A2045494E00006E
:10ED40004D6F746F723A204155530000456E6769EC
:10ED50006E653A204F4E0000456E67696E653A2039
:10ED60004F4646004D6F746F723A2025642573003C
:10ED7000456E67696E653A202564257300000000C2
:10ED8000CC4A00204E6963687420766572667565AA
:10ED900067626172000000004E6F742061766169E5
:10EDA0006C61626C65000000207FCF2141EA001099
:10EDB000C0B28DF87C040DE0207F3F2141EA801035
:10EDC000C0B28DF87C0405E0207F40F0FC008DF897
:10EDD0007D0400BF00BF0DF27C41162004F0B8FC9A
:10EDE000207F03280ADA25B1207FF84951F8200056
:10EDF00005E0207FF64951F8200000E0F5A0034629
:10EE0000E27EF5A1F648FBF787FEF549384603F0A8
:10EE100095F862E5E07E01F0F9F950B915B1AFF26D
:10EE20009C0001E0AFF290000146384603F086F8FE
:10EE300053E5E07E062828D2DFE800F02703091119
:10EE40001921607F40F0FC008DF881041DE0607F97
:10EE5000F32141EA8000C0B28DF8810415E0607FA3
:10EE6000CF2141EA0010C0B28DF881040DE0607F2F
:10EE70003F2141EA8010C0B28DF8810405E0607F37
:10EE800040F0FC008DF8820400BF00BF0DF27C4111
:10EE90001B2004F05DFC607F012804D10DB1D1A0DE
:10EEA00002E0D2A000E0D3A00346E27E0DB1D3A0E1
:10EEB00000E0D6A00146D848FBF72EFED6493846DA
:10EEC00003F03CF8B7E3E07E01F0A0F950B915B1CA
:10EED000AFF2501001E0AFF240100146384603F0A7
:10EEE0002DF8A8E3A17FE07E401E0DF27C42115474
:10EEF00011461B2004F02CFCA37FE27E0DB1C7A0BD
:10EF000000E0CBA00146CE48FBF706FECC493846D0
:10EF100003F014F88FE3E07E01F078F950B915B1F1
:10EF2000AFF2A01001E0AFF290100146384603F0B6
:10EF300005F880E3E07F4B30C1B2E07E401E0DF269
:10EF40007C4211541146192004F002FC03F0B0F980
:10EF5000814694F91F0003F043FA8246CDF80090F1
:10EF6000E27E0DB1B7A000E0BAA001465346BD480D
:10EF7000FBF7D2FDBB49384602F0E0FF5BE3E07EE1
:10EF800001F044F950B915B1AFF2082001E0AFF239
:10EF9000F8100146384602F0D1FF4CE3E07F4B30D9
:10EFA000C1B2E07E401E0DF27C4211541146192080
:10EFB00004F0CEFB03F07CF9814694F91F0003F0C6
:10EFC0000FFA8246CDF80090E27E0DB1A6A000E0D7
:10EFD000A9A001465346AC48FBF79EFDAA49384616
:10EFE00002F0ACFF27E355208DF87C04FD208DF85E
:10EFF0007D040DF27C41162004F0AAFB207920B19B
:10F0000001280BD002281BD111E0F1208DF88304D8
:10F010000DF27C41162004F09BFB11E0F4208DF8EA
:10F0200083040DF27C41162004F092FB08E0F520E9
:10F030008DF883040DF27C41162004F089FB00BF9B
:10F0400000BF0DB191A000E096A00146384602F045
:10F0500075FFF0E2E178974880F8BA1335B1E078AF
:10F06000012801D194A007E096A005E0E0780128EE
:10F0700001D197A000E099A0024639468D480BF0D7
:10F080004DFBD8E261788B4880F8BD132DB16078D4
:10F0900008B195A006E099A004E0607808B19CA0B2
:10F0A00000E0A0A00246394682480BF037FBC2E2DE
:10F0B000A078A14981F85C0094F80290B9F1640F3E
:10F0C00002DCB9F1000F01D14FF06409B9F1600F12
:10F0D00008DD0DB199A000E09EA00146A348FBF712
:10F0E0001BFD08E00DB1A2A000E0A6A001464A4623
:10F0F0009E48FBF711FD03208DF87C048DF8829467
:10F100000DF27C41132004F023FB9849384602F0AD
:10F1100015FF90E26178674880F8BE132DB16078E2
:10F1200008B19DA006E0A1A004E0607808B1A4A009
:10F1300000E0A5A0024639465E480BF0EFFA7AE2FD
:10F140002A4639467C4804F04DFB74E294F82010BE
:10F15000584880F8BF1394F82000012800D100E03F
:10F1600000208146B9F1000F01D09AA000E09EA0D6
:10F17000024639464F480BF0D1FA5CE21F2204F1F7
:10F1800021019E48FCF726F900214A4880F8E51243
:10F1900009F080FE0DB19AA000E0A0A00246394619
:10F1A00044480BF0BBFA46E20F2204F121019348D8
:10F1B0002030FCF70FF900213E4880F8F51209F0E5
:10F1C00069FE0DB19AA040E13EE100008C000020F4
:10F1D000800000203F0000005A25643A202573007B
:10F1E000E44A00206D616E75656C6C006D616E7532
:10F1F000616C00006175746F000000005A25642086
:10F200004C7565667465723A202573005A25642032
:10F2100066616E3A20257300F44A00205A25642066
:10F220004C7565667465723A2025642525000000DA
:10F230005A25642066616E3A202564252500000069
:10F240000C4B00205A2564205461673A2025642520
:10F25000730000005A2564206461793A20256425F2
:10F2600073000000204B00205A2564204E61636823
:10F27000743A2025642573005A2564206E696768F6
:10F28000743A202564257300384B00204175667759
:10F290006165726D656E2067657374617274657403
:10F2A000000000005761726D757020737461727494
:10F2B000656400008806002045696E686569743AD7
:10F2C0002046000045696E686569743A2043000075
:10F2D000556E6974733A204600000000556E6974DB
:10F2E000733A2043000000004665686C65726D65E6
:10F2F0006C64756E673A2045494E00004665686C3F
:10F3000065726D656C64756E673A204155530000F7
:10F310004661756C74207265706F72743A204F4E3E
:10F32000000000004661756C74207265706F727425
:10F330003A204F4646000000004A0020537973747B
:10F34000656D7A6569743A20756E62656772656E7F
:10F350007A74000053797374656D2074696D6572F9
:10F360003A20756E6C696D6974656400504B0020BD
:10F3700053797374656D7A6569743A2025642068E1
:10F380000000000053797374656D2074696D6572B7
:10F390003A202564206800004265737461657469D1
:10F3A00067756E673A2045494E00000042657374E8
:10F3B0006165746967756E673A20415553000000B6
:10F3C00041636B3A204F4E0041636B3A204F4646F3
:10F3D00000000000537072616368653A20446575EF
:10F3E00074736368000000004C616E677561676547
:10F3F0003A20456E676C6973680000004E09002072
:10F400004D5154542D53657276657220616B74753D
:10F41000616C697369657274000000004D51545449
:10F42000207365727665722075706461746564001E
:10F430004D5154542D4C6F67696E20616B7475612A
:10F440006C6973696572740080A00246394684480D
:10F450000BF064F9EFE0172204F121018148FBF77A
:10F46000B9FF00217E4880F80D1309F013FD0DB19E
:10F470007DA000E083A00246394679480BF04EF9A2
:10F48000D9E06178764880F8B9132DB1607808B179
:10F4900082A006E085A004E0607808B187A000E0C3
:10F4A0008AA0024639466E480BF038F9C3E061780D
:10F4B0006B4880F8BB132DB1607808B187A006E0D7
:10F4C0008CA004E0607808B190A000E095A002460E
:10F4D000394663480BF022F9ADE06178604880F866
:10F4E000BC132DB1607808B194A006E096A004E0AA
:10F4F000607808B197A000E099A0024639465848C4
:10F500000BF00CF997E01F2204F1210155489138C6
:10F51000FBF760FF0021524880F8841235B190F863
:10F52000650208B192A008E096A006E04C4890F869
:10F53000650208B19CA000E09EA0024639464848FA
:10F540000BF0ECF877E01F2204F1210145487138F7
:10F55000FBF740FF0021424880F8A41235B190F833
:10F56000850208B198A008E09EA006E03C4890F80B
:10F57000850208B1A2A000E0A7A00246394638489B
:10F580000BF0CCF857E01F2204F121013548513827
:10F59000FBF720FF0021324880F8C41235B190F803
:10F5A000A50208B1A1A008E0A7A006E02C4890F8A9
:10F5B000A50208B1ABA000E0B0A002463946284839
:10F5C0000BF0ACF837E03F2204F12101B048FBF723
:10F5D00001FF0021224880F8041235B190F8C501DE
:10F5E00008B1ACA008E0B1A006E01D4890F8C50144
:10F5F00008B1B5A000E0B9A00246394618480BF0A2
:10F600008DF818E0164890F8B90348B90DB1B7A0C5
:10F6100000E0C0A00246394611480BF07FF80AE02E
:10F620000F4809F063FB9A4A403239460C480BF008
:10F6300075F800E000BF00BF701CC6B29DF80E0058
:10F64000B0423FF713A900BFFFF7CFB84D51545454
:10F65000206C6F67696E207570646174656400006A
:10F66000880600207E0900204D5154542D506173AE
:10F6700073776F727420616B7475616C69736965FF
:10F68000727400004D5154542070617373776F721F
:10F69000642075706461746564000000496E74656F
:10F6A000726E65743A2045494E000000496E7465DB
:10F6B000726E65743A20415553000000496E7465BE
:10F6C000726E65743A204F4E00000000496E7465FA
:10F6D000726E65743A204F4646000000526F616DAD
:10F6E000696E672D496E7465726E65743A2045497E
:10F6F0004E000000526F616D696E672D496E746532
:10F70000726E65743A20415553000000526F616D6E
:10F71000696E6720696E7465726E65743A204F4E2B
:10F7200000000000526F616D696E6720696E74653C
:10F73000726E65743A204F46460000004E75722086
:10F7400032473A2045494E004E75722032473A20E2
:10F75000415553003247206F6E6C793A204F4E006E
:10F760003247206F6E6C793A204F46460000000009
:10F7700041504E20616B7475616C69736965727478
:10F780000000000041504E207A7572C3BC636B6765
:10F79000657365747A7420286175746F6D6174691E
:10F7A000736368290000000041504E207570646149
:10F7B0007465640041504E20726573657420286141
:10F7C00075746F290000000041504E2D42656E7522
:10F7D000747A657220616B7475616C6973696572A6
:10F7E0007400000041504E2D42656E75747A65724A
:10F7F000207A7572C3BC636B67657365747A740035
:10F8000041504E20757365726E616D652075706430
:10F81000617465640000000041504E20757365728C
:10F820006E616D65207265736574000041504E2DE8
:10F8300050617373776F727420616B7475616C695A
:10F84000736965727400000041504E2D50617373EE
:10F85000776F7274207A7572C3BC636B676573656A
:10F86000747A740041504E2070617373776F7264C4
:10F8700020757064617465640000000041504E2082
:10F8800070617373776F72642072657365740000C2
:10F890004D080020436865636B2D55524C20616B09
:10F8A0007475616C6973696572740000436865639F
:10F8B0006B2D55524C207A7572C3BC636B676573B0
:10F8C00065747A7400000000436865636B205552CC
:10F8D0004C20757064617465640000004368656362
:10F8E0006B2055524C2072657365740045727374B9
:10F8F00020496E7465726E657420616B74697669F7
:10F900006572656E3A20696E7465726E6574203139
:10F9100000000000456E61626C6520696E7465725E
:10F920006E65742066697273743A20696E746572CC
:10F930006E657420310000002DE9F04105460F4648
:10F9400014463D604FF0200841462846FBF777FB00
:10F95000064666B100203070701C206002E020680E
:10F96000401C2060206800782028F8D004E0284659
:10F97000FBF7EEFB28442060BDE8F0810246002042
:10F9800002EA01030BB1012000E00020704770473C
:10F9900001460648006880B200EBC100801D044AA1
:10F9A00032F81000C0F3090070470000505C0040BE
:10F9B0000060004010B518480068047A022C01D09D
:10F9C000042C05D1FDF7F0FE13480068047A1CE012
:10F9D000062C19D110480068407805280ED10E4831
:10F9E0000068007800F07F0040B90B490968C878CA
:10F9F00000F0E2FE09490968086A80470849096879
:10FA000088688047082400E00824034909680C72CC
:10FA100000F04CFA10BD0000A8020020B402002043
:10FA2000AC0200207047000010B502460F48006885
:10FA300080B200EBC200801D0D4C04EB40033E2958
:10FA40000BDD481101F01F040CB9441EA0B24FF4A5
:10FA5000004444EA80241C6007E0481001F00104DF
:10FA60000CB1441CA0B284021C6010BD505C00406C
:10FA700000600040044A126892B202EBC002921C7D
:10FA8000024B43F812107047505C00400060004089
:10FA90003EB52A4807F0DEFD2949B0FBF1F201FB33
:10FAA00012045B208DF800002648B4FBF0F00A2118
:10FAB000B0FBF1F201FB120030308DF8010042F290
:10FAC0001070B4FBF0F0B0FBF1F201FB120030302B
:10FAD0008DF802004FF47A70B4FBF0F0B0FBF1F255
:10FAE00001FB120030308DF803006420B4FBF0F00D
:10FAF000B0FBF1F201FB120030308DF804000A2057
:10FB0000B4FBF0F0B0FBF1F201FB120030308DF8E5
:10FB100005000A20B4FBF0F100FB114030308DF8F5
:10FB200006005D208DF8070020208DF808000020D9
:10FB30008DF80900684602F0FBFA3EBD1C56002015
:10FB400040420F00A08601002DE9F043B5B0804689
:10FB50000D4616460A222BA94046FEF7D9F88146E3
:10FB6000002430E02BA951F8240002F08DFC2BA8D2
:10FB700050F82400007800B924E02BA850F8241095
:10FB80009F2203A8FBF726FC00208DF8AB002BA9D1
:10FB900051F8240003F00AFE2BA951F8240001AA11
:10FBA00002A9FFF7C9FE2BA850F824000199081AF2
:10FBB00003A947182B463A460096DDE9011002F0EA
:10FBC00033FD00BF641C4C45CCDB35B0BDE8F08391
:10FBD0002DE9F04704460D46904699460021681EDF
:10FBE0002154002601E0701C86B2AE4202DAA05D0C
:10FBF0000028F8D10127002008E0215C202902DB41
:10FC0000215C7E2900DD0027411C88B20FB1B04283
:10FC1000F3DB57B96A1E41462046FBF7DBFB0021A8
:10FC2000681E2154012089F80000BDE8F08700001B
:10FC300070B51E480078012836D11D48006818B9F3
:10FC400000201A4908702FE01948006840280ED992
:10FC50001848008885B2402416480068403015498D
:10FC60000860134800684038114908600FE01148E7
:10FC7000008885B20E48008884B20E4800680C499E
:10FC8000096808440B4908600020094908600A49CE
:10FC900048192246C02100F06DFD21460120FFF7E2
:10FCA000E9FE012000F040F970BD0000980100203D
:10FCB0009401002090010020D45600200B4A02EB52
:10FCC0008001D1F8001C01F4804171B102EB800188
:10FCD000D1F8001C48F68F7211404CF2800211439B
:10FCE000024B03EB8002C2F8001C7047005000403A
:10FCF0000B4A02EB8001D1F8001C01F0400171B108
:10FD000002EB8001D1F8001C48F68F72114048F2D6
:10FD1000C0021143024B03EB8002C2F8001C704783
:10FD20000050004001460548006880B200EBC10069
:10FD3000001D034A32F8100080B27047505C00404A
:10FD40000060004001460548006880B200EBC10039
:10FD5000034A32F8100080B270470000505C004047
:10FD60000060004010B511480068047A022C01D0F0
:10FD7000042C01D1082412E0032C01D0052C05D15C
:10FD8000FDF7EAFF09480068047A08E0072C05D16E
:10FD900007490968C8688047082400E00824034927
:10FDA00009680C7200F082F810BD0000A802002063
:10FDB000AC02002010B54A105300054A126892B2F6
:10FDC00002EBC002121D034C44F8123010BD0000BB
:10FDD000505C00400060004010B54A105200044BD7
:10FDE0001B689BB203EBC003024C44F8132010BD08
:10FDF000505C0040006000402DE9F04106460F468F
:10FE0000002418A505E015F8012B2046641C1849AC
:10FE10000A5428780028F6D1304605E003782146B8
:10FE2000641C134A5354401C01780029F6D13D222A
:10FE30002046641C0E490A543A4621460C48FDF7F8
:10FE400084FB04460D222046641C09490A540A22F8
:10FE50002046641C0A5400200855084602F0D2FAD5
:10FE6000BDE8F0815B43414E52454C41595D200055
:10FE7000FC4C00200246312A06DB352A04DCA2F1C4
:10FE800030000870012070470020FCE710B50649DB
:10FE90000320FDF7BFFE84B2E1B2034801F054FD38
:10FEA000032000F027F810BD745F002010B50D4846
:10FEB00090F82C100020FFF7B7FD0B480068007A7F
:10FEC000082805D140020949088010200849088007
:10FED00005480068007A092801D1012010BD0020E2
:10FEE000FCE7000010020020A8020020B802002059
:10FEF000BA02002010B50B4B03EB8002D2F8002CA5
:10FF00004BF68F7302EA030181F4805181F40051B2
:10FF100041F4004242F08002024C04EB8003C3F83B
:10FF2000002C10BD0050004010B50B4B03EB8002BD
:10FF3000D2F8002C48F6BF7302EA030181F01001E9
:10FF400081F0200141F4004242F08002024C04EBB7
:10FF50008003C3F8002C10BD0050004070B504466B
:10FF60000CB1207808B9002070BD00250CE00849CC
:10FF700051F835002146FBF759FA20B9044800EB47
:10FF8000C5004068F0E76D1C3B2DF0D30020EBE787
:10FF900048F903082DE9F0470446204600F05CFBD1
:10FFA00008B1BDE8F0872078732802D02078532864
:10FFB00026D16078202823D1A71CB846814649461F
:10FFC0004046FBF73CF80646B6B1002006F8010BA8
:10FFD00052A002F017FA384602F014FA54A002F0C8
:10FFE00011FA304602F00EFA53A002F00BFA314635
:10FFF00038460EF04BFD02E050A002F003FAD0E7C5
:020000040803EF
:10000000042258A12046FBF7C2F860B9201D0FF06A
:1000100099F856A002F0F6F9201D02F0F3F946A077
:1000200002F0F0F9BDE756A12046FBF7FFF910B941
:100030000EF080FEB5E754A12046FBF7F7F910B9A2
:100040000EF042FDADE72078752802D020785528C3
:1000500010D1607820280DD1A11C4D480AF0EEFB8C
:100060004CA002F065F8A01C02F062F832A002F089
:100070005FF896E7207800B993E72578722D01D0D4
:10008000522D1DD100BF00BF00BF00BF00BFBFF396
:100090004F8F00BF00BF00BF4348006800F4E0601E
:1000A00042490843001D4049086000BF00BF00BF2F
:1000B000BFF34F8F00BF00BF00BF00BF00BFFDE711
:1000C000622D01D0422D06D101203949087039A096
:1000D00002F098F965E7672D01D0472D06D1202061
:1000E0003D4908603DA002F08DF95AE7612D01D02D
:1000F000412D06D10020384908603CA002F082F969
:100100004FE76C2D01D04C2D06D1242032490860D8
:100110003AA002F077F944E700BF42E75B5553424B
:1001200020534D535D2070686F6E653D00000000E8
:10013000206D73673D0000000D0A00005B555342BF
:1001400020534D535D2075736167653A2053203C01
:1001500070686F6E653E203C6D6573736167653EC8
:100160000D0A000073657420000000005B555342C7
:10017000205345545D207175657565643A20000013
:100180007374617475730000636F6E666967000055
:10019000880600205B555353445D2073656E646987
:1001A0006E673A20000000000CED00E00000FA0548
:1001B000740000200D0A5B427269646765204F4E2F
:1001C0005D202074797065202B2B2B20746F2065A7
:1001D0007869740D0A000000000000200D0A5B4CD5
:1001E0006F673A2047534D5D0D0A00000D0A5B4CC6
:1001F0006F673A20414C4C5D0D0A00000D0A5B4CC4
:100200006F673A2041545D0D0A0000000146012944
:1002100001DB052901DD01207047481E044B1A56F9
:100220001AB1022A01D00120F6E70020F4E700000D
:10023000754A002038B501242948006880B2001DA5
:10024000284931F8100080B201EB400000902648A8
:100250000068007A092832D000980078224909689D
:1002600008700098401C0090009800781E490968AA
:1002700048700098401C0090009800EB44000090EB
:10028000009931F8020B0091FDF748FE1649096804
:100290004880009800EB44000090009931F8020B70
:1002A0000091FDF73BFE104909688880009800EB3B
:1002B00044000090009800880B490968C88001201C
:1002C00009490968087208480068C08810B9FEF733
:1002D00015F801E0FDF7C8FAFFF7E8FD38BD0000AA
:1002E000505C004000600040A80200207CB505463C
:1002F0000E46694601A800F017F9002407200AE01D
:1003000082000199D14001F00F01104A535C21464F
:10031000641C6B54401E002802DB711EA142EFDCFE
:1003200007200AE082000099D14001F00F01074A3E
:10033000535C2146641C6B54401E002802DB711E76
:10034000A142EFDC002028557CBD000015F6030813
:100350001CB506A103C9CDE900016946162003F0CA
:10036000F7F90020034908701CBD00000000FFFFE2
:10037000FFFFFF007C00002070B5ADF5007D044656
:100380000E46154640F26F412846FAF7DAFF012083
:10039000287068700CB1207810B90DF5007D70BD23
:1003A00040F2FF1221466846FBF714F800208DF852
:1003B000FF012A4631466846FFF7C6FB00BFECE75F
:1003C00010B504462CB9022039490968088200207A
:1003D00010BD00203749088035480068007800F0DB
:1003E0007F0018BB32490968487A00F0200131B11A
:1003F0003049097841F002012E4A117005E02D497B
:10040000097801F0FD012B4A117000F0400131B173
:100410002849097841F00101264A117005E0254973
:10042000097801F0FE01234A11703AE02048006883
:10043000007800F07F00012801D11E48C8E71C4861
:100440000068007800F07F00022828D1184A12685E
:10045000517901F00F0001F080027AB1164B03EBE5
:100460008002D2F8002C02F03002102A16D1114A74
:10047000127842F001020F4B1A700FE00E4B03EBA3
:100480008002D2F8002C02F44052B2F5805F05D110
:10049000084A127842F00102064B1A7001E000206F
:1004A00096E70649096808698047024890E7000016
:1004B000A8020020A002002000500040B40200204A
:1004C00010B5002804DB0A07130E054A135406E092
:1004D0000A07140E034A00F00F031B1FD45410BD6B
:1004E00000E400E018ED00E000BF00BF00BFBFF374
:1004F0004F8F00BF00BF00BF0948006800F4E060F4
:1005000008490843001D0649086000BF00BF00BF3E
:10051000BFF34F8F00BF00BF00BF00BF00BFFDE7AC
:100520000CED00E00000FA05F0B589B005460E4676
:1005300027480068401C264908600024254807F029
:1005400089F80746002008E0C10027FA01F1CBB284
:100550002146641C01AA5354401C0428F4DB0020EB
:1005600009E0C2001A490968D140CBB22146641C97
:1005700001AA5354401C0428F3DB002006E016496E
:100580000B5C2146641C01AA5354401C1249095CAF
:1005900009B11E2CF3DB41F2055028604CF6E75000
:1005A0003060002010E0296801EB411101AA125CC3
:1005B00051402960316801EB4111621E121A01ABF2
:1005C0009A5C51403160401CA042ECDB09B0F0BDA8
:1005D000240000201C5600208B0600207CB51B4800
:1005E0000078401C032190FBF1F201FB1200174937
:1005F00008700846007818B108460078022801D132
:10060000012000E00020044610480078012803D0B3
:100610000E480078022801D1012000E000200546A4
:100620000BA103C9CDE9000155208DF80000FD2084
:100630008DF8010044F0F00040EA85008DF80700D5
:100640006946162003F084F87CBD00007C00002081
:10065000FFFFFFFFFFFFFFFF10B5044621460248E2
:1006600005F0B0F910BD00007D01002070B52F48E5
:100670000078012858D02E480068B0F5006F02D1EC
:1006800000202B4908602A4800682A4909688842E6
:1006900003D100202549087070BD25480068254910
:1006A0000968884206D922480068C0F500602249DE
:1006B000086006E01F4800681D490968401A1E4985
:1006C00008601D48006840280ED91948008885B286
:1006D00040241748006840301549086016480068F3
:1006E0004038154908600FE01148008885B212486B
:1006F000008884B20E4800680F49096808440C4914
:10070000086000200C4908600120084908700B4966
:1007100048192246C02100F02DF821460120FFF79C
:10072000A9F90120FFF700FC00BFB5E79801002000
:10073000900100208C01002094010020D45600205C
:1007400070470000F0B5561C7510084E06EB4104CA
:100750002B4607E034F8047B20F8017B401C044E54
:1007600030605B1E002BF5D1F0BD00000060004042
:10077000BC020020F0B5144604F1010C4FEA6C07EE
:10078000DFF82CC00CEB41033D460EE00678401C20
:1007900090F800C046EA0C2223F8022B9B1C401C58
:1007A000DFF810C0CCF800006D1E002DEED1F0BDBA
:1007B00000600040C002002030B501460F4B1A789F
:1007C000002014E003060E4C04EB9353D3F8003CD6
:1007D00048F68F74234048F280042343C4B2234375
:1007E0000406074D05EB9454C4F8003C401C9042AD
:1007F000E8D341F08003034C236030BD0C0200209D
:10080000005000404C5C004003480CF0E3FA034801
:1008100006F000FEFFF768FE7C010020085600206D
:100820002DE9F04754480068007800F07F08B8F1DF
:10083000000F0AD150480068407A00F0DF004E49AE
:10084000096848720020BDE8F087B8F1020F7CD13A
:1008500049480068408818B947480068007908B1DD
:100860000220F0E7DFF8149143480068477927F049
:1008700080052C4640480068407900F0800038B17F
:100880003F4901EB8400D0F8000C00F0300606E090
:100890003B4901EB8400D0F8000C00F4405699F875
:1008A0000000A84204D91EB133480068807A08B914
:1008B0000220C8E707F0800080B1314901EB8400D5
:1008C000D0F8000C00F0300010284BD1E0B2FFF758
:1008D0000FFAE0B23021FDF7CDFD43E0284901EBEE
:1008E0008400D0F8000C00F44050B0F5805F39D19E
:1008F000E4B9244A92F82C10E0B2FFF795F8204AA8
:1009000002EB8401D1F8001C4BF68F7201EA020061
:1009100080F4805080F4005040F4004141F08001A8
:10092000174B03EB8402C2F8001C1BE0E0B2FFF798
:10093000C5F9134A02EB8401D1F8001C4BF68F7203
:1009400001EA020080F4805000E011E080F40050E1
:1009500040F4004141F08001094B03EB8402C2F8EE
:10096000001C00BF084909684869804700206AE701
:1009700000BF022067E70000A80200200C02002050
:100980000050004010020020B402002010B50446C0
:100990002CB90120064909680882002010BD0549CC
:1009A000096888688047024800680C30F6E7000054
:1009B000A8020020B402002010B5174B1B68D9789C
:1009C000154B1B685879154B1B689A69904704466C
:1009D00011480068807AE8B13CB90F480068007996
:1009E00018B90D480068807808B1022010BD8CB994
:1009F0000B490968C868804707480068407906497C
:100A00000968C87204480068C07803490968087317
:100A10000020EBE70220E9E7A8020020AC0200205A
:100A2000B402002008B50020009022E19748008819
:100A300000F00F00964908700846007800287CD125
:100A400094480068944908800846008800F0300007
:100A5000924908809048008800F440508E490880F0
:100A60008C4909684BF6BF7201EA020080F400501D
:100A700080F0200040F4004141F08001854A11607F
:100A80008248008800F0100090BB1046006848F6CD
:100A90000F71084011460860FEF78CFF7D49096818
:100AA0004BF6BF7201EA02007B49098801F48051CC
:100AB00009B180F480507849098801F4005109B1E6
:100AC00080F400507549098801F0100109B180F0E7
:100AD00010007249098801F0200109B180F020005E
:100AE00081B241F4004141F080016A4A116008BDC1
:100AF000FFE76848006880B20090BDF8000000F48D
:100B00000060B0B363480068C0F30E0048F68F7110
:100B1000084060490860FFF78DFB5E4909684BF6A5
:100B2000BF7201EA02005C49098801F4805109B1F1
:100B300080F480505849098800E056E001F40051E3
:100B400009B180F400505549098801F0100109B13C
:100B500080F010005149098801F0200109B180F0AE
:100B6000200081B241F4004141F08001494A116006
:100B7000BDE7FFE7BDF8000000F40040002878D092
:100B800044480068C0F30E0048F68F7108404149A0
:100B90000860FFF7E7F83F4909684BF6BF7201EAC2
:100BA00002003D49098801F4805109B180F4805068
:100BB0003949098801F4005109B180F400503749DE
:100BC000098801F0100109B180F01000334909884B
:100BD00001F0200109B180F0200081B241F4004110
:100BE00041F080012B4A116081E7294800782C49A7
:100BF00001EB8000D0F8000C80B20090BDF800003E
:100C000000F40040C0B12248007801EB8000D0F829
:100C1000000CC0F30E0048F68F7108401C4909789B
:100C20001F4A02EB8101C1F8000C19490978491EDD
:100C30001C4A52F821008047BDF8000000F08000F7
:100C4000B8B113480078164901EB8000D0F8000CC9
:100C500048F60F7108400E490978114A02EB8101EC
:100C6000C1F8000C0A490978491E0F4A52F82100C0
:100C7000804708484430006880B20449088000F486
:100C8000004000287FF4D2AE00BF30E7BC01002056
:100C9000A4020020005C0040B8020020BA0200203C
:100CA00000500040E4010020C801002008B54FF4C6
:100CB000A060FBF7F9FE14208DF8000001208DF8EC
:100CC000010000208DF8020001208DF80300684625
:100CD000FBF7B2FE2A208DF8000000208DF80100FD
:100CE00001208DF803006846FBF7A6FE08BD000052
:100CF00010B5002006490968887201F04FFAFCF728
:100D000077FFFFF71DFD00200249086010BD0000BD
:100D1000A80200209402002070B5ADF58E6DA248A7
:100D2000007810B90DF58E6D70BD00209E490870D9
:100D30009E4890F8BA136A469D48FFF71DFB0024B1
:100D40000DE09CA001F05EFB0DF2CE3101EB4410F2
:100D500001F058FB9CA001F055FB601CC4B29DF84B
:100D6000CD03A042EDDC0026002512E105EB451085
:100D700000EB85110DF103000C1820781B2873D0AF
:100D800012DC062858D008DC012817D0022828D009
:100D9000042859D0052868D142E018285CD01928C9
:100DA00064D01A28F7D16AE01C3809285DD2DFE840
:100DB00000F08696E99EA6AEBDCCDB00A07918B9FE
:100DC00082A001F01FFBE1E00F22A11D8A48FAF783
:100DD00001FB0021754880F8731388A001F012FB15
:100DE000D4E06079012802DB6079042800DDCDE0E1
:100DF000A07918B988A001F005FBC7E062797E49A7
:100E000001EB02100F22A11DFAF7E4FA002162792A
:100E1000794800EB0210C17388A001F0F3FAB5E045
:100E20006248D4F81610C0F8B413A17E80F8B81345
:100E300089A001F0E7FAA9E0E1785C4880F8BA13EC
:100E40008BA001F0DFFAA1E06178584880F8BD136B
:100E50008FA001F0D7FA99E06178544880F8BE136A
:100E600093A001F0CFFA91E019E08BE094F8201004
:100E70004E4880F8BF1395A001F0C4FA86E01F2207
:100E800004F121015C489E38FAF7A4FA0021474892
:100E900080F8E512012695A001F0B4FA76E00F2261
:100EA00004F1210154487E38FAF794FA00213F48B2
:100EB00080F8F512012694A001F0A4FA66E017224A
:100EC00004F121014C486E38FAF784FA00213748C2
:100ED00080F80D13012693A001F094FA56E0617892
:100EE000324880F8B91397A001F08CFA4EE061788F
:100EF0002E4880F8BB139BA001F084FA46E061788D
:100F00002A4880F8BC13A0A001F07CFA3EE01F2222
:100F100004F121013848FF38FAF75CFA0021234830
:100F200080F88412A0A001F06DFA2FE01F2204F1D6
:100F300021013148DF38FAF74DFA00211B4880F8CB
:100F4000A4129FA001F05EFA20E01F2204F121010B
:100F50002948BF38FAF73EFA0021144880F8C41235
:100F60009FA001F04FFA11E03F2204F12101A448B3
:100F7000FAF730FA00210D4880F80412A1A001F020
:100F800041FA03E0A9A001F03DFA00BF00BF681CD0
:100F9000C5B29DF80200A8423FF7E8AE16B103487B
:100FA00007F078FF00BFBDE678000020880600202B
:100FB000BC4800205B555342205345545D20657268
:100FC000726F723A200000000D0A00005B55534218
:100FD000205345545D2061646D696E3A2070686FDE
:100FE0006E65206E756D62657220726571756972CD
:100FF00065640D0A00000000EC0900205B555342B7
:10100000205345545D2061646D696E207570646184
:101010007465640D0A0000005B555342205345542B
:101020005D2070686F6E653A206E756D6265722026
:1010300072657175697265640D0A00005B555342F3
:10104000205345545D2070686F6E65207570646133
:101050007465640D0A0000005B55534220534554EB
:101060005D2070696E20757064617465640D0A009E
:101070005B555342205345545D2074656D70556E29
:10108000697420757064617465640D0A0000000065
:101090005B555342205345545D206661756C745214
:1010A00065706F727420757064617465640D0A00F8
:1010B0005B555342205345545D20636D6441636B1F
:1010C00020757064617465640D0A00005B555342BD
:1010D000205345545D206C616E67756167652075AE
:1010E0007064617465640D0A000000005B55534232
:1010F000205345545D207365727665722075706467
:10110000617465640D0A00005B55534220534554D9
:101110005D206C6F67696E20757064617465640D25
:101120000A0000005B555342205345545D20706116
:101130007373776F726420757064617465640D0AEF
:10114000000000005B555342205345545D207573E9
:1011500065496E7465726E6574207570646174653E
:10116000640D0A005B555342205345545D20616C69
:101170006C6F77526F616D696E6720757064617412
:1011800065640D0A000000005B555342205345542E
:101190005D20666F72636532674F6E6C7920757083
:1011A00064617465640D0A005B55534220534554D5
:1011B0005D2061706E20757064617465640D0A0055
:1011C0005B555342205345545D2061706E557365E5
:1011D000726E616D6520757064617465640D0A00DE
:1011E0005B555342205345545D2061706E506173CE
:1011F00073776F726420757064617465640D0A00A2
:101200004D0800205B555342205345545D20696EC4
:101210007465726E6574436865636B55726C207596
:101220007064617465640D0A000000005B555342F0
:10123000205345545D206E6F742061207365747473
:10124000696E6773206669656C640D0A00000000B2
:101250002DE9FF4781460F46F9A103C9CDE90201F7
:101260003878312801D1012000E000200546F6A1A0
:101270004846FAF7DBF840B945F0FC008DF80F005E
:1012800002A9162002F064FA1CE3F1A14846FAF71D
:10129000CDF848B9F32040EA85008DF80F0002A987
:1012A000162002F055FA0DE3ECA14846FAF7BEF815
:1012B00048B9CF2040EA05108DF80F0002A916208A
:1012C00002F046FAFEE2E8A14846FAF7AFF848B95C
:1012D0003F2040EA85108DF80F0002A9162002F089
:1012E00037FAEFE2E3A14846FAF7A0F8B0B938467A
:1012F000F9F760FE0446022C01DB202C01DDBDE87D
:10130000FF8703208DF8080004F14B00C0B28DF870
:10131000090002A9132002F01BFAD3E2D7A1484624
:10132000FAF784F8A8B93846F9F744FE0446002CC9
:1013300001DB502C00DDE2E703208DF8080004F10A
:101340004B00C0B28DF80B0002A9132002F000FA86
:10135000B8E2CDA14846FAF769F8C0B93846F9F7BE
:1013600029FE04460A2C03DB40F2AA50844200DD29
:10137000C5E703208DF80800200A8DF80C00E0B2C4
:101380008DF80D0002A9132002F0E2F99AE2C1A142
:101390004846FAF74BF898B93846F9F70BFE044679
:1013A000012C01DB642C00DDA9E703208DF8080087
:1013B000E0B28DF80E0002A9132002F0C9F981E213
:1013C000B8A14846FAF732F898B93846F9F7F2FD6D
:1013D0000446022C01DB0A2C00DD90E703208DF887
:1013E0000800E0B28DF80A0002A9132002F0B0F95B
:1013F00068E2AFA14846FAF719F898B93846F9F704
:10140000D9FD0446022C01DB3C2C00DD77E70320EC
:101410008DF80800E0B28DF80F0002A9132002F049
:1014200097F94FE2A6A14846FAF700F860B9012003
:101430008DF80800CF2040EA05108DF80C0002A9B5
:10144000132002F085F93DE29FA14846F9F7EEFF2F
:1014500080B93846F9F7AEFD0446002C01DB172CA5
:1014600000DD4CE7E0B28DF8080002A9292002F067
:101470006FF927E297A14846F9F7D8FF80B93846B7
:10148000F9F798FD0446002C01DB3B2C00DD36E724
:10149000E0B28DF8090002A9292002F059F911E201
:1014A0008FA14846F9F7C2FF80B93846F9F782FDA7
:1014B0000446002C01DB172C00DD20E7E0B28DF89C
:1014C0000A0002A9292002F043F9FBE188A148465D
:1014D000F9F7ACFF80B93846F9F76CFD0446002CEB
:1014E00001DB3B2C00DD0AE7E0B28DF80B0002A91E
:1014F000292002F02DF9E5E181A14846F9F796FF90
:1015000060B93846F9F756FD0446052C01DB3C2C42
:1015100000DDF4E67E4880F80E43D3E17DA1484625
:10152000F9F784FFC8B97A4890F81003012800D170
:10153000E5E63A213846F9F782FD06460EB1BE428D
:1015400000D1DCE63846F9F735FD00F0FF08721CE3
:1015500041466F4809F0A8F9B4E171A14846F9F78E
:1015600065FF40BB7248C078012800D1C7E66848D3
:1015700090F81003012800D1C1E6654890F81603E1
:1015800000B9BCE63A213846F9F759FD06460EB1D6
:10159000BE4200D1B3E63846F9F70CFD00F0FF0873
:1015A000701CF9F707FD00F0FF0A524641466048FB
:1015B0000DF060F886E15FA14846F9F737FF78B98A
:1015C000534890F81003012800D198E6504890F84D
:1015D0003C0300B993E65B485B490860FEF784FF73
:1015E0006A4601A94846FCF7C3F800B987E69DF8AA
:1015F0000400FEF70BFE00B981E654A10098F9F74C
:1016000015FFD0B953A13846F9F710FF08B90020EB
:101610000FE051A13846F9F709FF08B9012008E0A9
:101620004FA13846F9F702FF08B9022001E04FF058
:10163000FF300646002E01DA61E6C5E094E00000C6
:10164000FFFFFFFFFFFFFFFF62746E487472000030
:1016500062746E456C656D656E74000062746E46F2
:101660006C6F6F720000000062746E456E67696E89
:1016700065000000666C6F6F72537000656E67697D
:101680006E65537000000000656E67696E65447595
:101690007200000073797354696D654C696D6974EB
:1016A00000000000666C6F6F724879737400000070
:1016B00070756D70466F726365447572000000004E
:1016C00062746E45636F0000646179537461727473
:1016D0004872000064617953746172744D696E00E0
:1016E0006E69676874537461727448720000000018
:1016F0006E6967687453746172744D696E0000009E
:1017000074656C656D65747279496E7400000000D3
:10171000880600206F7461537461727400000000C9
:1017200063616E52656C617953746172740000007C
:10173000CC4C002073656C664F74614170706C799D
:101740000000000099661600FC3F0220737461746B
:10175000650000006F666600686561740000000047
:1017600076656E74000000009DF80400062825D2FE
:10177000DFE800F024030910171EF0B240F0FC006F
:101780008DF808001AE0F32040EA8600C0B28DF818
:10179000080013E0CF2040EA0610C0B28DF8080020
:1017A0000CE03F2040EA8610C0B28DF8080005E04A
:1017B000F0B240F0FC008DF8090000BF00BF02A9A4
:1017C000162001F0C5FF7CE03FA10098F9F72EFE3E
:1017D000A8B93846F9F7EEFB04460A2C01DB202CA9
:1017E00000DD8CE504F14B00C1B29DF80400401E01
:1017F00002AA115402A9192001F0AAFF61E034A144
:101800000098F9F713FEA8B93846F9F7D3FB044658
:101810000A2C01DB202C00DD71E504F14B00C1B284
:101820009DF80400401E02AA115402A91A2001F0DA
:101830008FFF46E028A10098F9F7F8FD90B93846E7
:10184000F9F7B8FB04460A2C01DB642C00DD56E5F1
:101850009DF80400401E02AA145402A91B2001F0A6
:1018600077FF2EE01EA10098F9F7E0FD48BB9DF838
:101870000400062820D2DFE800F01F03080E141A27
:1018800045F0FC008DF80D0016E0F32040EA8500DD
:101890008DF80D0010E0CF2040EA05108DF80D0006
:1018A0000AE03F2040EA85108DF80D0004E045F085
:1018B000FC008DF80E0000BF00BF02A91B2001F044
:1018C00047FF00BF00BF1AE5646179537000000054
:1018D0006E6967687453700066616E5063740000CF
:1018E00066616E4D616E75616C00000000B5034667
:1018F00000F050F900B900BD10488079072806D1E2
:1019000003F07F000E490F4A1268885407E00B4825
:101910008079082803D10A480A49096843540948CC
:101920000068401C0749086008460068B0F5006F71
:1019300001D10020086000BFDDE7000004020020A4
:10194000D45600208C0100202DE9F04106460F46B8
:10195000002558E0745D2E480078002832D02B2CEA
:1019600012D12C480078401C2A490870084600789B
:1019700003280CDB0020264908702649087026A0A1
:1019800000F040FDBDE8F0810020224908700D2CD8
:1019900001D00A2C06D10D20FFF7A8FF0A20FFF77F
:1019A000A5FF02E02046FFF7A1FF2048007840286D
:1019B00007DA34B11D490878411C1C4A11701C49D2
:1019C0000C541FE00020134908700D2C01D00A2C84
:1019D0000BD100201749184A127888540846FEF7A0
:1019E000D9FA0020144908700BE0134800789F28AA
:1019F00007DA114801780078401C0F4A10700D4832
:101A0000445400BF6D1CBD42A4D300BFBAE7000020
:101A100074000020990100200D0A5B42726964671E
:101A200065204F46465D0D0A00000000750000204D
:101A3000CB470020D45E00209A01002010B5002082
:101A40003449096888723448C07932490968487253
:101A5000002030490968C872FCF76AFD4FF4007134
:101A60000020FCF76DFD10210020FCF703FD402154
:101A70000020FEF79FF980210020FEF7ADF900203D
:101A8000FCF742FD254890F82C100020FDF7CCFF14
:101A90000020FEF72FFA00210120FCF751FDC021A4
:101AA0000120FEF799F920210120FCF7E3FC002139
:101AB0000120FCF7BFFC4FF4C0610220FCF740FDA1
:101AC0004FF480710220FEF787F900210220FCF715
:101AD000B1FC20210220FCF7CDFC00210320FCF703
:101AE0002FFD4FF488710320FEF764F94021032095
:101AF000FDF79AFF4FF440510320FCF79BFC0021B7
:101B00000320FCF7B7FC0020FEF756FE0120044935
:101B1000086010BDA802002022FF03081002002068
:101B2000940200202DE9FC4706460D464FF0C809F7
:101B3000694601A8FEF7F8FCC8210198B0FBF1F254
:101B400001FB1200124951F8207042F21071009806
:101B5000B0FBF1F201FB12080024384604E00378E0
:101B60002146641C7354401C017811B1691EA142C6
:101B7000F5DC424621463046FBF772FC0446681EFF
:101B8000A04200DA6C1E00203055BDE8FC87000042
:101B900028F603080B4800680B4A1268904205D3E8
:101BA00008480068084A1268801A06E0064800687B
:101BB000C0F50060034A12681044014640F2FF700D
:101BC000401A70478C0100209001002002461078D6
:101BD0000B78984209D190788B78984205D1D078CB
:101BE000CB78984201D1012070470020FCE7816D3D
:101BF00021F0100181657047816D41F01001816510
:101C00007047000010B504462CB901200649096848
:101C10000882002010BD054909680868804702480D
:101C200000680A30F6E70000A8020020B402002095
:101C300010B50E480068C0780D494978884213DC19
:101C40000A480068807878B908480068808858B9E0
:101C500006480068C078054909688872054909681E
:101C600048688047002010BD0220FCE7A802002041
:101C70000C020020B402002010B507480068407A2A
:101C800040F0200004490968487204490968C8699D
:101C90008047002010BD0000A8020020B4020020F0
:101CA00010B5024606480068438A32B98888C01ACF
:101CB000034C24682082002010BD08681844FBE70C
:101CC000A802002010B505480078202804D1FCF7B0
:101CD000C1F800200149087010BD0000000200207A
:101CE00010B50948007800B910BD002006490870F9
:101CF0000648D0F8C00328B104480549D0F8C023ED
:101D00000448904700BFEFE77700002088060020D6
:101D10001B4800200B4800202DE9F0412E480068A8
:101D2000467926F080073C462B480068407900F051
:101D3000800038B1294901EB8400D0F8000C00F094
:101D4000300506E0254901EB8400D0F8000C00F4D2
:101D5000405523480078A04208D91F4800684088B1
:101D600020B91DB11C480068807A10B90220BDE876
:101D7000F08106F08000A0B1184A02EB8401D1F88E
:101D8000001C48F6BF7201EA020080F0100040F427
:101D9000004141F08001114B03EB8402C2F8001CAA
:101DA00014E00E4A02EB8401D1F8001C4BF68F724E
:101DB00001EA020080F4805040F4004141F08001CB
:101DC000064B03EB8402C2F8001C00BF05490968FA
:101DD000886980470020CAE7A80200200050004020
:101DE0000C020020B402002070B504460025212C0E
:101DF00008D112480068007800F07F0021280ED139
:101E00000F4D0CE0202C0AD10C480068007800F03F
:101E10007F00212800D10B4D20200B4908700DB9FF
:101E2000022070BD054800688561002103480068F4
:101E300041820020A8470020F3E70000A80200200C
:101E4000791E0308951E0308000200207047000059
:101E5000014608480068007800F07F00212807D17B
:101E6000022901D100207047222901D10020FAE780
:101E70000220F8E7A8020020014629B90820034AF9
:101E800012681082002070470148FCE7A802002079
:101E900004020020014629B90820034A1268108272
:101EA000002070470148FCE7A8020020040200203F
:101EB0000348817A11B10521024A11607047000080
:101EC000D45F00209402002004200149086070477C
:101ED0009402002010B5044602492046FFF7E0FEB8
:101EE00010BD00006C02002010B5044602492046D7
:101EF000FFF7D6FE10BD00006402002070B5054655
:101F000006480068C478042C01DD002070BD044838
:101F100000EBC4012846FFF7C3FEF7E7A802002044
:101F2000740200200246002901DD02207047012AC8
:101F300001DD0220FAE70020F8E7000070B5044652
:101F40000D46054890F8BE0320B12A4621460248B6
:101F500008F0E4FB70BD00008806002030B50346A1
:101F6000002A08DA8B2904DA2D2508464C1CE1B238
:101F70001D54504202B2642A0ADB8B2908DA64201D
:101F800092FBF0F03030C5B208464C1CE1B21D5453
:101F90000A2A0FDB8B290DDA0A2092FBF0F00A24C3
:101FA00090FBF4F504FB15003030C5B208464C1C1C
:101FB000E1B21D548B290ADA0A2092FBF0F400FBEF
:101FC00014203030C5B208464C1CE1B21D540846FE
:101FD00030BD30B5034605E012F8015B08464C1CE5
:101FE000E1B21D54107808B18B29F5DB084630BDED
:101FF00010B50346180540EA413040EA8220044CFF
:10200000247E40EAC400024C647E204310BD0000E0
:102010009456002010B50346180540EA413040EAC6
:102020008220044C247E40EAC400024C647E20439B
:1020300010BD00009456002070B505460C46284699
:1020400000F0E0F904A000F0DDF9204600F0DAF934
:1020500002A000F0D7F970BD3D0000000D0A00009D
:1020600010B50446072C01D02E4804702D48007886
:10207000082850D2DFE800F004111A202B384D4E0A
:102080002948006828B9FBF73BFD06202549087060
:1020900002E005202349087041E0FBF731FD0420F0
:1020A0002049087001202049086038E002201D49BD
:1020B00048700320087032E01A484078401E1949E1
:1020C00048700846407808B90420087027E017488F
:1020D000006883B243F010031448036005201149DF
:1020E00008700A2048701AE00E484078401E0D49DA
:1020F00048700846407858B90C48006883B223F00D
:1021000010030A4803600620087000200649086092
:1021100005E000BF00BF06200249087000BF00BFF5
:1021200010BD0000990200209C020020405C00408D
:1021300010B5044606480068242807D103E020783B
:10214000FFF7D4FB641C20780028F8D110BD0000F4
:102150000000002010B5024607E012F8013B11F81C
:10216000014BA34201D0002010BD08780028F4D113
:102170000120F9E70848007E4FF0707141EA4030D5
:102180000549497E40EA81200349097E40EAC100B1
:102190000149497E084370479456002001210B48AD
:1021A000016000200A4A108010460088074A10602B
:1021B0000020121D10604FF4E050054A10801046B8
:1021C0000088024A1060002070470000405C004018
:1021D000B202002010B50021204A126890B200BF60
:1021E00009E01F4B03EB8102D2F8002C92B21D4B89
:1021F00043F82120491C0829F3D340F48060174A92
:10220000106040F00100106020F00100106000BF7D
:10221000124A121D126802F48062002AF8D04FF6AA
:10222000FF320E4B1B1D1A60002109E00D4A52F8C7
:10223000212092B20A4C04EB8103C3F8002C491C04
:102240000829F3D340F00800044A1060126890B2E5
:1022500040F00400014A106010BD0000405C0040E6
:1022600000500040B45F002070B504460D46A078D1
:102270000A280DDAA278511CA17002EB421101EB81
:102280008212E11C501861222946F8F7CBFF03E0C7
:1022900002A1204600F02CF970BD0000746F6F2081
:1022A0006D616E7920636F6D6D616E647300000007
:1022B000044890F8BA03012801D103A0704703A095
:1022C000FCE7000088060020B0460000B043000094
:1022D00010B50B480B4908600220096808720A48CB
:1022E0000A4908600A480B490860084909680868F3
:1022F00080470948006840F080500749086010BDD9
:10230000D45F0020A802002010020020AC020020B0
:1023100040020020B40200202018004010B52A48D6
:1023200000682A4908800846008800F400402849CF
:102330000988084008B1FEF775FB2448008800F4BE
:10234000806023490988084030B14FF6FF301E49AC
:1023500008602049486880471C48008800F4805085
:102360001B490988084030B14EF6FF7016490860D5
:102370000020FFF775FE1548008800F4006014493E
:102380000988084060B11448007810B1FFF722FFB7
:1023900002E00220FFF764FE4FF2FF700A49086076
:1023A0000A48008800F4007009490988084050B1C3
:1023B0004FF6FF500449086008480078401C074960
:1023C0000870FBF727FD10BD445C0040BC010020F5
:1023D000B20200201002002098020020BE0100205E
:1023E0000146074890F8BA03012807D101EBC10064
:1023F000052290FBF2F0203000B270470846FCE75F
:102400008806002010B5044607E0207820B114F8B3
:10241000010BFFF76BFA00E000E0F6E700BF10BD2C
:102420000246012A0ED0022A02D0032A0FD104E06C
:1024300009B108A0704709A0FCE709B108A0F9E7B5
:1024400009A0F7E709B10AA0F4E70BA0F2E70CA096
:10245000F0E700007A75656E6400000049474E00A1
:102460006265747200000000776F726B00000000FC
:10247000626C617300000000626C6F770000000006
:1024800069646C65000000002DE9F04104460026F7
:1024900000E0761CA05D2028FBD0A05D0928F8D0C4
:1024A0004EB12046F8F754FE871BA1197A1C20462E
:1024B000F8F7FDFE00BF2046F8F74AFE054603E0A8
:1024C0000021681E05462154002D0FDD681E205C8A
:1024D0002028F5D0681E205C0928F1D0681E205CF9
:1024E0000D28EDD0681E205C0A28E9D0BDE8F081F7
:1024F00070B504460D4694F8CD03052816DA94F815
:10250000CD2304F2CE3101EB42101F222946F8F709
:1025100061FF002194F8CD2304F2CE3000EB42108D
:10252000C17794F8CD03401C84F8CD0370BDF0B59D
:102530000346144630250846491C1D547825084694
:10254000491C1D541C2010E024FA00F505F00F0270
:102550000A2A02DA02F1300501E002F13705EFB292
:102560000D46491C5F55021F50B20028ECDA0846A0
:10257000F0BD000070B505460C460CB103A000E0AC
:1025800003A001462846FFF757FD70BD310000004B
:1025900030000000FEB505460C4622460021684684
:1025A000FAF785FF064600200DF806006946284622
:1025B000FFF742FDFEBD10B5044607E0207820B1CC
:1025C00014F8010BFFF792F900E000E0F6E700BF16
:1025D00010BDF0B51D4600230024002616701BE038
:1025E0000678222E01D15B1C15E0012606EB410680
:1025F0009E4209D16E1EA64206DD90F800C0264616
:10260000641C02F806C005E0012606EB41069E4266
:1026100000DA04E000BF401C0678002EE0D100BFC5
:1026200000261655F0BD00002DE9F04FA5B0044678
:102630000E4690461D46DDF8B89064210CA8F8F7C8
:10264000A2FEF9A12046F8F7F1FE20B1F8A120463C
:10265000F8F7ECFE48B913208DF830000CA9484675
:10266000FFF702FE25B0BDE8F08FF2A12046F8F793
:10267000DDFE38B914208DF830000CA94846FFF76C
:10268000F3FDEFE7EDA12046F8F7D0FE38B91520AD
:102690008DF830000CA94846FFF7E6FDE2E7E9A116
:1026A0002046F8F7C3FE50B94846FBF72DFB15202E
:1026B0008DF830000CA94846FFF7D6FDD2E7E4A11B
:1026C0002046F8F7B3FE38B916208DF830000CA973
:1026D0004846FFF7C9FDC5E7DFA12046F8F7A6FE8B
:1026E00050B94846FBF710FB16208DF830000CA9B6
:1026F0004846FFF7B9FDB5E72078702829D1607802
:10270000682826D1A0786F2823D1E0786E2820D1C0
:10271000207965281DD1607931281ADB6079342849
:1027200017DCA079A8B902208DF830006079303824
:10273000C0B28DF835000F2231460DF13600F8F7A2
:1027400049FE00210CA841750CA94846FFF78CFDF5
:1027500088E70722C3A12046F8F719FD00BBE079FE
:1027600031281DDBE07934281ADC207AC0B94846CC
:10277000FBF7CAFA02208DF83000E0793038C0B299
:102780008DF835000F2231460DF13600F8F722FEA4
:1027900000210CA841750CA94846FFF765FD61E7CB
:1027A000B2A12046F8F742FE28B1B2A12046F8F7C0
:1027B0003DFE002840D1AFA12046F8F737FE10B902
:1027C0004846FBF7A1FA03208DF83000307848B175
:1027D000ABA13046F8F72AFE20B1ABA13046F8F79E
:1027E00025FE18B900208DF8340020E0A8A130465D
:1027F000F8F71CFE20B1A8A13046F8F717FE18B96B
:1028000001208DF8340012E0A6A13046F8F70EFE44
:1028100020B1A6A13046F8F709FE18B902208DF8BC
:10282000340004E0A3A14846FFF762FE1AE70CA9B2
:102830004846FFF719FD15E7A5A12046F8F7F6FD74
:1028400080B901208DF830000F2231460DF136009D
:10285000F8F7C0FD00210CA841750CA94846FFF708
:1028600003FDFFE69CA12046F8F7E0FD20B19DA105
:102870002046F8F7DBFD20BB9AA12046F8F7D6FDED
:1028800010B94846FBF740FA09AA0AA93046FAF7F8
:102890000BFF20B997A14846FFF72AFEE2E69DF814
:1028A000240010B14846FBF72FFA04208DF83000C1
:1028B0009DF828008DF831000CA94846FFF7D4FC9C
:1028C000D0E691A12046F8F7B1FD20B190A12046B5
:1028D000F8F7ACFD78BB8EA12046F8F7A7FD10B93C
:1028E0004846FBF711FA3046F8F732FC042804D0CA
:1028F00088A14846FFF7FCFDB4E600270BE0F05D39
:10290000302802DBF05D392804DD88A14846FFF756
:10291000EFFDA7E67F1C042FF1DB05208DF83000CA
:102920003068CDF8460000210CA881760CA94846F5
:10293000FFF79AFC96E6FFE781A12046F8F776FDBF
:1029400020B181A12046F8F771FD60BB7EA1204631
:10295000F8F76CFD10B94846FBF7D6F97CA1304674
:10296000F8F764FD50B906208DF8300000208DF88E
:1029700033000CA94846FFF777FC13E075A13046F9
:10298000F8F754FD50B906208DF8300001208DF87D
:1029900033000CA94846FFF767FC03E06EA14846E8
:1029A000FFF7A6FD5EE657A12046F8F73FFD38B9D0
:1029B00017208DF830000CA94846FFF755FC51E66A
:1029C00069A12046F8F732FD50B94846FBF79CF95B
:1029D00017208DF830000CA94846FFF745FC41E66A
:1029E00062A12046F8F722FD20B162A12046F8F747
:1029F0001DFDB8B95FA12046F8F718FD10B948468B
:102A0000FBF782F91DA13046F8F710FD58B91920DF
:102A10008DF8300000208DF850000CA94846FFF7D3
:102A200023FCBFE0BFE0A9E073746174757300001C
:102A30003F00000070696E670000000072657365FA
:102A4000740000006E65757374617274000000009C
:102A5000666163746F7279007765726B7372657308
:102A60006574000074656C65666F6E007761726DE9
:102A700075700000617566776165726D656E000046
:102A80006275726E657200006272656E6E657200CC
:102A9000656C656D656E74006865697A73746162F2
:102AA00000000000626F74680000000062656964E5
:102AB000650000007761726D75703A206275726E04
:102AC00065722F656C656D656E742F626F7468003A
:102AD00061646D696E0000006661756C747265708A
:102AE0006F7274006665686C65726D656C64756E96
:102AF000670000006661756C747265706F72743A7D
:102B0000206F6E2F6F66660073657470696E0000CB
:102B100070696E0073657470696E3A206E656564E5
:102B200020342064696769747300000073657470F1
:102B3000696E3A20646967697473206F6E6C7900FE
:102B4000756E69740000000065696E6865697400DF
:102B50006300000066000000756E69743A2043202F
:102B60006F72204600000000617573006C616E6733
:102B7000000000007370726163686500FEA130465A
:102B8000F8F754FC50B919208DF8300001208DF869
:102B900050000CA94846FFF767FB03E0F7A1484641
:102BA000FFF7A6FC5EE5F9A12046F8F73FFCE8B97F
:102BB0004046F8F7CDFA0746012F01DB1F2F04DD51
:102BC000F4A14846FFF794FC4CE51A208DF830003C
:102BD0001F2241460DF15100F8F7FCFB00218DF852
:102BE00070100CA94846FFF73FFB3BE5EEA12046DD
:102BF000F8F71CFCE8B94046F8F7AAFA0746012F97
:102C000001DB0F2F04DDEAA14846FFF771FC29E53F
:102C10001B208DF830000F2241460DF15100F8F7CE
:102C2000D9FB00218DF860100CA94846FFF71CFB6A
:102C300018E5E4A12046F8F7F9FB20B1E4A120460D
:102C4000F8F7F4FB28BBE2A12046F8F7EFFB10B938
:102C50004846FBF759F84046F8F77AFA0746012F3D
:102C600001DB172F04DDDDA14846FFF741FCF9E445
:102C70001C208DF83000172241460DF15100F8F765
:102C8000A9FB00218DF868100CA94846FFF7ECFA63
:102C9000E8E4D8A12046F8F7C9FBE0B909AA0AA9D7
:102CA0003046FAF701FD20B9D5A14846FFF720FCD0
:102CB000D8E49DF8240010B14846FBF725F81D2004
:102CC0008DF830009DF828008DF831000CA9484699
:102CD000FFF7CAFAC6E4CFA12046F8F7A7FB38B938
:102CE0001E208DF830000CA94846FFF7BDFAB9E464
:102CF000CAA12046F8F79AFBE0B909AA0AA930460A
:102D0000FAF7D2FC20B9C7A14846FFF7F1FBA9E4C6
:102D10009DF8240010B14846FAF7F6FF1F208DF801
:102D200030009DF828008DF831000CA94846FFF7C7
:102D30009BFA97E4BFA12046F8F778FBE0B909AA0F
:102D40000AA93046FAF7B0FC20B9BBA14846FFF704
:102D5000CFFB87E49DF8240010B14846FAF7D4FF72
:102D600020208DF830009DF828008DF831000CA946
:102D70004846FFF779FA75E4B2A12046F8F756FB0A
:102D8000D8B94046F8F7E4F907461F2F04DDAEA195
:102D90004846FFF7ADFB65E421208DF830001F2287
:102DA00041460DF15100F8F715FB00218DF8701028
:102DB0000CA94846FFF758FA54E4A7A12046F8F7B3
:102DC00035FBD8B94046F8F7C3F907461F2F04DD95
:102DD000A3A14846FFF78CFB44E422208DF8300085
:102DE0001F2241460DF15100F8F7F4FA00218DF849
:102DF00070100CA94846FFF737FA33E49DA120462E
:102E0000F8F714FBD8B94046F8F7A2F907461F2F88
:102E100004DD9AA14846FFF76BFB23E423208DF8DD
:102E200030001F2241460DF15100F8F7D3FA00217E
:102E30008DF870100CA94846FFF716FA12E494A119
:102E40002046F8F7F3FAD8B94046F8F781F9074673
:102E50003F2F04DD91A14846FFF74AFB02E42420FE
:102E60008DF830003F2241460DF15100F8F7B2FADB
:102E700000218DF890100CA94846FFF7F5F90DE4F4
:102E80008CA12046F8F7D2FA20B18BA12046F8F7A2
:102E9000CDFA20BB88A12046F8F7C8FA10B94846F9
:102EA000FAF732FF09AA0AA93046FAF7FDFB20B962
:102EB00085A14846FFF71CFB0DE49DF8240010B1E6
:102EC0004846FAF721FF18208DF830009DF82800B9
:102ED0008DF831000CA94846FFF7C6F90BE4AFF2B4
:102EE00060412046F8F7A2FA28B1AFF264412046CB
:102EF000F8F79CFA28BBAFF270412046F8F796FA33
:102F000010B94846FAF700FF09AA0AA93046FAF7AD
:102F1000CBFB20B96FA14846FFF7EAFA18E49DF809
:102F2000240010B14846FAF7EFFE07208DF8300074
:102F30009DF828008DF831000CA94846FFF794F958
:102F400006E4AFF2B4412046F8F770FA28B1AFF2C8
:102F5000B8412046F8F76AFA60B9AFF2C44120469A
:102F6000F8F764FA10B94846FAF7CEFE09AA0AA99A
:102F70003046B7E0D0E00000646500006C616E6729
:102F80003A20656E206F722064650000736572766A
:102F9000657200007365727665723A20312D3331A7
:102FA00020636861727300006C6F67696E000000D7
:102FB0006C6F67696E3A20312D313520636861721C
:102FC0007300000070617373776F7264000000001B
:102FD00070617373776F72740000000070617373B7
:102FE000776F72643A20312D3233206368617273D7
:102FF00000000000696E7465726E65740000000068
:10300000696E7465726E65743A206F6E2F6F6666B6
:10301000000000006765746C696E6B00726F616D13
:10302000696E6700726F616D696E673A206F6E2F0F
:103030006F6666003267000032673A206F6E2F6F4E
:103040006666000061706E0061706E3A20302D334C
:10305000312063686172730061706E757365720010
:1030600061706E757365723A20302D33312063685C
:103070006172730061706E706173730061706E7065
:103080006173733A20302D333120636861727300AD
:10309000636865636B75726C00000000636865634C
:1030A0006B75726C3A20302D363320636861727311
:1030B0000000000061636B00626573746165746990
:1030C00067756E670000000061636B3A206F6E2FBA
:1030D0006F6666006275726E65723A206F6E2F6F52
:1030E00066660000FAF7E0FA20B9FEA14846FFF74D
:1030F000FFF90EE49DF8240010B14846FAF704FEEB
:1031000008208DF830009DF828008DF831000CA9BA
:103110004846FFF7A9F80DE4F6A12046F8F786F92E
:1031200020B1F6A12046F8F781F9E0BBF3A12046D3
:10313000F8F77CF910B94846FAF7E6FD012D01D100
:10314000242000E002200746012D01D15A2000E092
:103150002020824609AA0AA93046FAF7A5FA88B1C2
:103160009DF8240010B14846FAF7CEFD09208DF8ED
:1031700030009DF828008DF831000CA94846FFF773
:1031800073F824E00BA93046FAF7D2FAB0B10B98E5
:10319000B84213DB0B98504510DC0A208DF8300044
:1031A00029460B9800E013E000F00FFB40B28DF8C9
:1031B00032000CA94846FFF757F808E0012D01D16D
:1031C000D1A000E0D6A001464846FFF791F906E4F9
:1031D000D9A12046F8F72AF920B1D9A12046F8F75D
:1031E00025F9E0BBD6A12046F8F720F910B94846EA
:1031F000FAF78AFD012D01D1202000E001200746C9
:10320000012D01D1B02000E05020824609AA0AA970
:103210003046FAF749FA88B19DF8240010B14846C3
:10322000FAF772FD0B208DF830009DF828008DF81C
:1032300031000CA94846FFF717F824E00BA93046E7
:10324000FAF776FAB0B10B98B84213DB0B985045F9
:1032500010DC0C208DF8300029460B9800E013E0BC
:1032600000F0B3FA40B28DF832000CA94846FEF7E0
:10327000FBFF08E0012D01D1B3A000E0B9A0014699
:103280004846FFF735F98DE4BCA12046F8F7CEF8A3
:1032900020B1BDA12046F8F7C9F818BBBAA1204655
:1032A000F8F7C4F810B94846FAF72EFD0BA93046D6
:1032B000FAF73EFA88B10B9801280EDB0B986428C8
:1032C0000BDC0D208DF830000B9840B28DF83200E9
:1032D0000CA94846FEF7C8FF03E0AEA14846FFF739
:1032E00007F95FE420787A2871D1607800286ED0E1
:1032F0002046F7F72DFF0746052F4BD1A9A1A01CAB
:10330000F8F794F820B1A8A1A01CF8F78FF8B0BB8B
:1033100060786946FCF7AEFD88B3A3A1A01CF8F75E
:1033200085F810B94846FAF7EFFC012D01D132209B
:1033300000E00A208246012D01D15A2000E0202021
:1033400083460BA93046FAF7F3F9C8B10B985045FC
:1033500016DB0B98584513DC11208DF830009DF8D2
:1033600000008DF84B0029460B9800F02EFA41B270
:103370000CA8C1770CA94846FEF776FF09E009E0E2
:10338000012D01D189A000E08CA001464846FFF73D
:10339000AFF807E4072F4CD18CA1A01CF8F746F832
:1033A00020B18CA1A01CF8F741F8B8BB6078694641
:1033B000FCF760FD90B387A1A01CF8F737F810B9AF
:1033C0004846FAF7A1FC012D02D1322001E085E147
:1033D0000A208246012D01D15A2000E02020834698
:1033E0000BA93046FAF7A4F9C8B10B98504516DB83
:1033F0000B98584513DC12208DF830009DF8000022
:103400008DF84B0029460B9800F0DFF941B20CA86B
:10341000C1770CA94846FEF727FF09E009E0012D16
:1034200001D16EA000E071A001464846FFF760F8A8
:103430001DE4022F42D160786946FCF71BFDE8B31A
:103440009DF800008DF84B0029A13046F7F7EEFFFC
:1034500050B16AA13046F7F7E9FF28B1AFF6F8019D
:103460003046F7F7E3FF78B9AFF604113046F7F7C7
:10347000DDFF10B94846FAF747FC0E208DF8300002
:1034800000210CA8017723E15DA13046F7F7CEFFBC
:1034900098B15DA13046F7F7C9FF70B15BA1304626
:1034A000F7F7C4FF48B15AA13046F7F7BFFF20B184
:1034B00059A13046F7F7BAFF90B900E00DE154A1E9
:1034C0003046F7F7B3FF20B153A13046F7F7AEFF10
:1034D00010B94846FAF718FC0E208DF830009DE030
:1034E000A0E00000656C656D656E743A206F6E2F0C
:1034F0006F666600666C6F6F7200000066757373AE
:10350000626F64656E000000666C6F6F723A206FC8
:103510006E2F6F6666206F722033362D39300000B3
:10352000666C6F6F723A206F6E2F6F6666206F72D7
:1035300020322D3332000000656E67696E65000031
:103540006D6F746F72000000656E67696E653A207A
:103550006F6E2F6F6666206F722033322D313736D3
:1035600000000000656E67696E653A206F6E2F6F10
:103570006666206F7220312D3830000073797374C5
:10358000696D65720000000073797374656D7A650A
:103590006974000073797374696D65723A20312D16
:1035A0003130300064617900746167007A236461AE
:1035B000793A2035302D3930000000007A236461DB
:1035C000793A2031302D3332000000006E6967688F
:1035D000740000006E616368740000007A236E69F5
:1035E0006768743A2035302D393000007A236E69CF
:1035F0006768743A2031302D33320000300000000B
:1036000068656174000000006F6E0000310000000A
:103610006865697A656E000065696E0001210CA815
:10362000017755E03AA13046F7F700FF20B13AA103
:103630003046F7F7FBFE70B937A13046F7F7F6FED4
:1036400010B94846FAF760FB0E208DF830000221D1
:103650000CA801773CE032A13046F7F7E7FE30B91D
:103660000F208DF8300000210CA8417730E02EA10A
:103670003046F7F7DBFE20B12DA13046F7F7D6FE36
:1036800070B92BA13046F7F7D1FE10B94846FAF7CA
:103690003BFB0F208DF8300001210CA8417717E08B
:1036A0000BA93046FAF744F868B10B980A280ADBF0
:1036B0000B98642807DC10208DF830000B98C1B2FD
:1036C0000CA8817704E01CA14846FEF711FF05E431
:1036D0000CA94846FEF7C8FD20E400BF202101A840
:1036E000F7F751FE1F2217A101A8F7F773FE01A8F3
:1036F000F7F72EFDC0F11F073A46214601A8F7F75C
:10370000A8FC01A94846FEF7F3FE00BF06E400004E
:1037100076656E74000000006C75656674656E00F9
:103720006175746F000000006D616E75616C000062
:103730006D616E75656C6C007A233A20626164205D
:1037400061726700756E6B6E6F776E3A20000000D5
:1037500070B586B005460C46E079A1796279237987
:10376000CDE90232CDE90410E078A178CDE900106E
:1037700028050C4E96F8676040EA4630094E96F8E8
:10378000686040EA8620084E367E3043064E767EDC
:1037900040EA060163782278034803F003FB06B091
:1037A00070BD0000004A00209456002009E0017816
:1037B000412905DB01785A2902DC017820310170AA
:1037C000401C01780029F2D170470246012907D137
:1037D000A2F1200000EB8000092390FBF3F070477A
:1037E0001046FCE72DE9F84F05468A46914600242D
:1037F000FEF75EFD83464E460EB1CCA000E0CEA0A3
:1038000002462146CE48FEF7E4FB044695F8380010
:10381000002834D00EB1CBA000E0CCA00246214657
:10382000C748FEF7D6FB044695F889003146FEF7F7
:10383000F7FD07463A462146C148FEF7CAFB044653
:10384000C3A22146BE48FEF7C4FB044695F85E10AD
:10385000C1EBC101BF4A02EBC101097B48B2FEF7CF
:10386000BFFD07463A462146B548FEF777FB0446BA
:103870005A462146B248FEF7ACFB044609E00EB1B9
:10388000B5A000E0B5A002462146AD48FEF7A1FB79
:1038900004460A222046611CCCB2A9490A5495F874
:1038A0006B0008BB0EB1AEA000E0AFA002462146FF
:1038B000A348FEF78EFB044695F86A0020B10EB1CE
:1038C000ABA005E0ABA003E00EB1A3A000E0A3A075
:1038D000024621469A48FEF77CFB04460A2220460F
:1038E000611CCCB296490A54002782E005F17500AC
:1038F000C05D012805D005F17500C05D032800D02A
:1039000075E05A222046611CCCB28D490A5407F159
:103910003100C2B22046611CCCB289490A5420222F
:103920002046611CCCB286490A5405F13E00C05DB8
:10393000012802D0022816D10AE00EB18EA000E0C4
:103940008FA0024621467E48FEF743FB044615E061
:103950000EB18DA000E08EA0024621467848FEF709
:1039600038FB04460AE00EB17BA000E07BA00246D3
:1039700021467348FEF72DFB044600BF00BF2022FE
:103980002046611CCCB26E490A5405F17001C8573B
:10399000FEF726FD0246214600906948FEF7DEFA52
:1039A00004465A4621466648FEF713FB04467AA2AF
:1039B00021466348FEF70DFB044605F14301C95D4E
:1039C00048B2FEF70DFD0246214600905C48FEF726
:1039D000C5FA04465A4621465948FEF7FAFA044603
:1039E0000A222046611CCCB255490A5400BF781CFB
:1039F000C7B2052FFFF67AAF68A221465048FEF7FE
:103A0000E8FA044695F98800FEF7EAFC07463A46CC
:103A100021464B48FEF7A2FA04465A46214648483A
:103A2000FEF7D7FA04460A222046611CCCB244496C
:103A30000A540EB15BA000E05CA00246214640485B
:103A4000FEF7C7FA044695F98100FEF7C9FC074660
:103A50003A4621463A48FEF781FA04465A4621463C
:103A60003748FEF7B6FA04460A222046611CCCB25B
:103A700033490A5495F85E00C0EBC000354901EBAC
:103A8000C000D0ED070AB2EE041AB6EE000A00EE4E
:103A9000810ABDEEC00A10EE100A0FFA80F8B8F1E4
:103AA000640F0BDB8B2C09DA642098FBF0F03030CC
:103AB000C2B22046611CCCB221490A548B2C0EDACA
:103AC0000A2098FBF0F00A2190FBF1F201FB1200B2
:103AD0003030C2B22046611CCCB219490A548B2C3A
:103AE00005DA2E222046611CCCB215490A548B2CD3
:103AF0000BDA0A2098FBF0F100FB11803030C2B2E3
:103B00002046611CCCB20E490A542AA221460C4818
:103B1000FEF75FFA04460020094908550A46514657
:103B2000254806F0FBFDBDE8F88F00004272656E87
:103B30006E65723A000000004275726E3A00000035
:103B40006C4B002065696E2D000000006F6E2D002B
:103B50002D000000AC4D0020617573006F6666009B
:103B60004865697A73743A00456C6D3A000000004C
:103B700065696E006F6E00006865697A000000007C
:103B800068656174000000006C7565667400000073
:103B900076656E74000000002D3E00005474616E66
:103BA0006B3A000054617573733A0000546F75747A
:103BB0003A00000056000000880600202DE9F04F72
:103BC00089B00546894693461E460024002014E02D
:103BD000C0EBC001695C79B1C0EBC00129444978F0
:103BE000494509D1C0EBC00129448978594503D121
:103BF000C0EBC0014C1902E0401C0828E8DBDCB92E
:103C0000002008E0C0EBC001695C19B9C0EBC0013D
:103C10004C1902E0401C0828F4DB14B909B0BDE8D7
:103C2000F08F0120207084F8019084F802B0FF2208
:103C30000421E01CF7F77DFB04223146E01CF7F776
:103C40002CFA00B9EAE73068C4F8030000270FF245
:103C5000AC0A05E01AF8012B38467F1C05A90A5466
:103C60009AF800000028F5D14A46394605A8F9F728
:103C700045FC07465F2238467F1C05A90A545A4670
:103C8000394605A8F9F73AFC0746002005A9C855AA
:103C90008046327841466846F9F730FC80462E224D
:103CA000404608F101080DF8002072784146684648
:103CB000F9F724FC80462E22404608F101080DF851
:103CC0000020B27841466846F9F718FC80462E225B
:103CD000404608F101080DF80020F2784146684698
:103CE000F9F70CFC804600200DF808006A4605A98B
:103CF000034803F0E1FF00BF90E700006465760031
:103D0000880600202DE9F04F2DED048B8BB0054681
:103D10008946D9F80400C0F308500A90D9F8040085
:103D2000C0F346300990B9F80400C0F3822008902F
:103D3000B9F80400C0F3C60899F8040000F00706BB
:103D400009F10B04B8F17E0F01D1012E02D0B8F1B8
:103D50007D0F03D10120FE4981F869000A981228DD
:103D600004D032464146FA4800F06AFE00270A981D
:103D7000000500EB483000EB8620F649097E00EB99
:103D8000C100F449497E084407902246F248D9F818
:103D9000041002F0DFF9B8F1220F0ED0B8F1230FB2
:103DA0000BD0B8F1170F08D0B8F11B0F05D0B8F140
:103DB0002A0F02D0B8F12B0F06D1C6EBC600E74997
:103DC00001EBC00080F804800A9818287DD01CDC24
:103DD0000C287BD00CDC072879D004DC01282FD0FC
:103DE000022875D1B9E00A2873D00B28F9D154E123
:103DF00013286FD004DC0D286DD01228F1D1F7E123
:103E0000152869D01628ECD1A0E3222865D00ADC59
:103E1000A0F1190005285BD2DFE810F033045C0440
:103E20008804DD04FD042A2873D004DC282871D01E
:103E30002928D6D1F7E32E286DD03C28D1D19AE09D
:103E4000C448017E0998814207D009987F2804D090
:103E50000BB0BDEC048BBDE8F08FBE48417E0898E6
:103E6000814203D00898072800D0F1E74FF40010F2
:103E700000EB483000EB8620B649097E00EBC1001C
:103E8000B449497E084407906078217800EB01200E
:103E9000042828D005DC48B1012822D003283BD1D2
:103EA00020E0162820D01E2836D12AE0FF200B2241
:103EB0000023CDE9032079210293CDE90013059079
:103EC00063782278A348079908E0BBE3FFE09AE013
:103ED000FEE299E0C8E158E1FBE2FAE302F062FF9A
:103EE00039E038E037E036E0A07810B99C489D49C9
:103EF0000860A078012802D19B489A490860FCF725
:103F0000F3FA9A4890F8E60210B9984804F0ACFF2A
:103F100021E0FDE3FDE3FDE3FF2002900390049028
:103F20000590009001904FF4001000EB483000EB3A
:103F30008620DFF820C29CF818C000EBCC00DFF828
:103F400014C29CF819C000EB0C01637822788148F8
:103F500002F028FF00BF00BFBAE26078217800EBD2
:103F6000012030B9A31C324641467948FFF726FEAE
:103F700000BF00BFF0E72078012843D1607800F04F
:103F80000300022807DA607800F0010080F00101E8
:103F9000764880F8B9136078C0F38100022805DA0A
:103FA0006078C0F38001714880F8BD136078C0F379
:103FB0000110022805DA6078C0F300116B4880F820
:103FC000BE1360780221B1EB901F05DD6078C0F36D
:103FD0008011664880F8BA13A078012807DCA07821
:103FE00008B1012100E00021604880F8BC13E078AE
:103FF000012807DCE07808B1012100E000215B48DE
:1040000080F8BB13A8E700BF2078FF2806D02078EF
:10401000C6EBC601514A02EBC10148716078FF2826
:1040200006D06078C6EBC6014C4A02EBC10188712C
:10403000A078FF2807D0A078C6EBC601474A02EB5C
:10404000C10181F82100E07800F0030003280DD0C1
:10405000E07800F0030008B1012000E00020C6EB8A
:10406000C6013E4A02EBC10181F822002079FF28F7
:1040700007D02079C6EBC601384A02EBC10181F8AE
:1040800023006079FF2807D06079C6EBC601334A68
:1040900002EBC10181F824005EE72078FF2802D1FD
:1040A0006078FF2812D06178207801EB002000EEC4
:1040B000100AB8EEC00AF2EE040A80EE201AC6EB2F
:1040C000C600264901EBC00080ED071A44E72078BE
:1040D000FF2806D02078C6EBC601204A02EBC101BA
:1040E00008826078FF2806D06078C6EBC6011B4ABC
:1040F00002EBC1014882A078FF2802D1E078FF28B6
:1041000012D0E178A07801EB002000EE100AB8EEA2
:10411000C00ADFED170A80EE201AC6EBC6000F4971
:1041200001EBC00080ED051AA079FF2806D0A07928
:10413000C6EBC601094A02EBC1010876E07900F03E
:104140000300022820DAE07900F00300A0B111E0BA
:10415000004A002094560020344F0020AC4D00202F
:1041600055AA1600FC3F0220AA551600880600201A
:104170000000C842012000E00020C6EBC601FE4A54
:1041800002EBC10181F82000E6E62078FF2802D189
:104190006078FF280AD06078217800EB012000B217
:1041A000C6EBC601F44A02EBC1010881A078FF28E2
:1041B00007D0A0784B38C6EBC601EF4A02EBC1012D
:1041C0004881E078FF2807D0E0784B38C6EBC6017D
:1041D000E94A02EBC10188812079FF2807D02079C4
:1041E0004B38C6EBC601E44A02EBC101C881B3E615
:1041F000234632464146E148FFF7E0FCB8F12B0F79
:104200001BD00CDCB8F1170F13D0B8F11B0F11D075
:10421000B8F1220F0FD0B8F1230F23D10CE0B8F181
:104220002C0F0BD0B8F17D0F10D0B8F17E0F19D143
:1042300011E000BF00BF00BF00BF00BFC6EBC6005B
:10424000CD4901EBC000216801600BE0CB4821683B
:10425000C0F8631006E0012E03D1C8482168C0F8F9
:10426000631000BF00BFDCE32078012872D1207901
:1042700000F00300022804DA207900F0010085F83C
:104280006C002079C0F38100022804DA2079C0F3A1
:10429000800085F86D002079C0F30110022804DA4F
:1042A0002079C0F3001085F83C00607900F003002D
:1042B000022804DA607900F0010085F86E00607968
:1042C000C0F38100022804DA6079C0F3800085F829
:1042D0006F00A07900F00300022804DAA07900F052
:1042E000010194204155A079C0F38100022804DA2D
:1042F000A079C0F3800195204155A079C0F3011049
:10430000022804DAA079C0F3001196204155A07963
:104310000221B1EB901F04DDA079C0F3801192203F
:104320004155E07900F00300022808DAE07900F056
:10433000030008B1012100E0002193204155E079FC
:10434000C0F38100022809DAE079C0F3810010B1DE
:10435000012001E01DE0002085F88F00E079C0F326
:104360000110022808DAE079C0F3011008B1012138
:1043700000E0002190204155E0790221B1EB901F2F
:1043800007DDE079800908B1012100E000219120DA
:1043900041552078032833D160787D2803DC60788C
:1043A0004B3885F85700A0780A2802DCA07885F8F9
:1043B0005800E0789B2803DCE0784B3885F85900FA
:1043C0006179207901EB002040F2AA51884205DC96
:1043D0006179207901EB0020A5F85A00A0796428C2
:1043E00005DCA079002802DDA07985F85C00E07981
:1043F000022805DBE0793C2802DCE07985F85D00E5
:104400002078042822D16078042803DA607840B24A
:1044100085F87500A078042803DAA07841B27620E8
:104420004155E078042803DAE07841B2772041551D
:104430002079042803DA207941B278204155607947
:10444000042803DA607941B27920415520780528A3
:104450002BD16078FF2808D1A078FF2805D1E0781B
:10446000FF2802D12079FF280BD060780006A178C0
:1044700040EA0140E17840EA012021790843C5F88B
:10448000A400607900F00300022804DA607900F0EB
:10449000010085F89F006079C0F38100022804DAEA
:1044A0006079C0F3800085F8A000207806280FD13D
:1044B0006078FF2804D060784B3840B285F88000DF
:1044C000A078FF2804D0A0784B3840B285F87A0055
:1044D000A7E285F8678085F86860A078FF2804D097
:1044E000A0784B3840B285F888002079FF2804D0A6
:1044F00020794B3840B285F881006079FF2802D0DE
:10450000607985F88900A079FF2802D0A07985F824
:10451000A800E079C0F38100032808D0E079C0F357
:10452000810008B1012000E0002085F86A00E079F0
:10453000C0F30110032808DAE079C0F3011008B1D4
:10454000012000E0002085F86B006AE2207800F08E
:104550000307032F01D085F83E702078C0F3810750
:10456000032F01D03F2047552078C0F30117032FB8
:1045700001D04020475503E0AC4D0020004A002008
:1045800020788709032F01D041204755607800F03B
:104590000307032F01D042204755A078FF2804D0FD
:1045A000A0784B3840B285F87000E078FF2804D03E
:1045B000E0784B3841B2712041552079FF2804D072
:1045C00020794B3841B2722041556079FF2804D0E0
:1045D00060794B3841B273204155A079FF2804D04F
:1045E000A0794B3841B274204155E07900F00307BF
:1045F000032F05D00FB1012000E0002085F838001E
:10460000E079C0F38107022F05DA0FB1012000E045
:10461000002085F83900E079C0F30117022F06DA8F
:1046200017B1012001E08BE1002085F83A00E07924
:104630008709022F05DA0FB1012000E0002085F87C
:104640003B00EEE1E078FF2802D0E07885F88A00B0
:104650002079FF2802D021798B2041556079FF28ED
:1046600002D061798C204155A079FF2802D0A17930
:104670008D204155E079FF2802D0E1798E20415507
:10468000CFE12078FF2803D020784B3885F843000D
:104690006078FF2804D060784B38C1B2442041557F
:1046A000A078FF2804D0A0784B38C1B245204155EE
:1046B000E078FF2804D0E0784B38C1B2462041555D
:1046C0002079FF2804D020794B38C1B247204155CA
:1046D000A7E1BFE02078FF2803D020784B3885F889
:1046E00048006078FF2804D060784B38C1B2492078
:1046F0004155A078FF2804D0A0784B38C1B24A2099
:104700004155E078FF2808D0E0784B38C1B202E08C
:104710002FE1E5E07EE14B2041552079FF2804D0D0
:1047200020794B38C1B24C2041557AE12078FF28DE
:1047300002D0207885F84D006078FF2802D061789B
:104740004E204155A078FF2802D0A1784F20415536
:10475000E078FF2802D0E178502041552079FF28E9
:1047600002D0217951204155607900F00307032FD1
:1047700005D00FB1012000E0002085F852006079DB
:10478000C0F38107032F05D00FB1012100E0002104
:10479000532041556079C0F30117032F05D00FB1A5
:1047A000012100E000215420415560798709032F41
:1047B00005D00FB1012100E0002155204155A0791D
:1047C00000F00307032F05D00FB1012100E0002105
:1047D0005620415525E120780006617840EA0140E5
:1047E000A17840EA0120E1780843C6EBC6018F4A70
:1047F00002EBC101886220790006617940EA01403C
:10480000A17940EA0120E1790843C6EBC60102EB39
:10481000C101C86205E1207802281AD121790A0471
:10482000617902EB0121A27988180AF03FFE41EC80
:10483000190B9FED7F0B53EC102B0AF0DFFC41ECC2
:10484000180B0AF0A9FCC6EBC601784A02EBC101BD
:104850000863E6E04FF00C7000EB483000EB862078
:104860007549097E00EBC1007349497E08440790F1
:1048700020780006617800EB0140A17800EB012070
:10488000E17800EB010A0020069021E0DAF800B0A0
:104890000BF0FF00CBF30721CBF307424FEA1B637A
:1048A000CDE90232CDE904100AF0FF00CAF3072176
:1048B0004FEA1A62CAF30743CDE900105E48079930
:1048C00002F070FA0AF1040A0698401C80B20690C1
:1048D0006079217900EB012106988142D6DCA0E0C5
:1048E0002078FF2804D0207800F5FA6053498860CA
:1048F00060780D2805DA6078002802DD60784F497D
:104900000873A078202802DAA0784C494873E07830
:10491000182802DAE0784949887320793C2802DABD
:1049200020794649C87360793C2802DA60794349A6
:104930000874424801F018FB0021404A03C270E0AD
:104940002078182802DA207885F8600060783C2802
:1049500002DA607885F85F00A078182802DAA0787B
:1049600085F86200E0783C2802DAE07885F861009A
:1049700057E02078FF2806D0207808B1012100E018
:1049800000219B2041556078FF2806D0607808B14F
:10499000012000E0002085F89700A078FF2806D0CD
:1049A000A07808B1012100E0002198204155E0786D
:1049B000FF2806D0E07808B1012100E0002199200D
:1049C00041552079FF2806D0207908B1012100E067
:1049D00000219C2041556079FF2806D0607908B1FC
:1049E000012100E000219D204155A079FF2806D03B
:1049F000A07908B1012100E000219E204155E07915
:104A0000FF2806D0E07908B1012100E000219A20BA
:104A1000415506E02168C5F8A9106168C5F8AD10D8
:104A200000BF00BF00BFFFF713BA0000AC4D00206D
:104A30000000000000408F4094560020280600200F
:104A40002DE9F04186B004460E4617462948007EFF
:104A5000B04206D12748407EB84202D106B0BDE838
:104A6000F0817F2E02D1072F00D1F7E7002011E05F
:104A7000C0EBC001615C61B1C0EBC0012144497869
:104A8000B14206D1C0EBC00121448978B94200D1BE
:104A9000E4E7401C0828EBDB0025002008E0C0EB21
:104AA000C001615C19B9C0EBC0010D1902E0401CE6
:104AB0000828F4DB05B9D1E7012028706E70AF70CB
:104AC000FF220421E81CF6F734FC3A463146062062
:104AD000FDF78EFA8046FF20029003900490059027
:104AE00000901223002241460190024802F05AF938
:104AF00000BFB3E794560020F0B58FB00446544889
:104B000002F0A8FD0746534890F8C50260B152482C
:104B10000068391A4F4890F80E0300EB4002C2EBD0
:104B2000C010B1EBC00F01D20FB0F0BD4A48076012
:104B30005E3494F82A008DF828002078C0EBC0007D
:104B4000464901EBC000007B8DF829002078C0EBBE
:104B5000C00001EBC000D0ED070AB2EE041AB6EEB9
:104B6000000A00EE810ABCEEC00A10EE100A85B2FF
:104B700028128DF82A00E8B28DF82B0094F8230053
:104B80008DF82C00207B5E3C08B1012100E0002163
:104B900094F8890061F3DF0094F86C1009B10121E9
:104BA00000E0002140EA011094F8A81001F007018C
:104BB00040EA41108DF82D000026002008E004F1A5
:104BC0008F01095C19B101218140C9B20E43401C1B
:104BD0000828F4DB8DF82E60002006E004F18A013D
:104BE0000A5CC11D0AAB5A54401C0528F6DB0020A4
:104BF00007E004F170010A5C00F10C010AAB5A54A1
:104C0000401C0528F5DB94F880008DF8390094F8F5
:104C10007A008DF83A0094F89F0008B1012000E076
:104C2000002094F8A01009B1012100E0002140EA21
:104C300041008DF83B0001AA14210AA8F9F774F984
:104C400001AA07A1034803F037F800BF6CE7000092
:104C50001C5600208806002018010020AC4D0020C2
:104C600074656C656D657472790000002DE9F04F14
:104C70008FB00446FE4890F8C50220B1FD48007888
:104C800008B9012000E000200546F94890F8C50267
:104C9000F849087094F83800F7490978884200D13B
:104CA00075B194F83800F449087094F8380008B1E8
:104CB000F2A000E0F2A00246F2A1ED4802F0FCFFF3
:104CC00094F83900F1490978884200D175B194F817
:104CD0003900EE49087094F8390008B1E7A000E007
:104CE000E7A00246EAA1E24802F0E6FF94F83A00A3
:104CF000EA490978884200D175B194F83A00E74949
:104D0000087094F83A0008B1DCA000E0DCA002468C
:104D1000E3A1D74802F0D0FF94F83B00E3490978BB
:104D2000884200D175B194F83B00E049087094F8CE
:104D30003B0008B1D1A000E0D1A00246DCA1CC48E4
:104D400002F0BAFF94F86E0020B1DC48007808B990
:104D5000012000E00020804694F86F0020B1D84880
:104D6000007808B9012000E00020814694F86E0028
:104D7000D2490978884200D175B194F86E00CF49C4
:104D8000087094F86E0008B1BCA000E0BCA0024618
:104D9000CCA1B74802F090FF94F86F00C849097899
:104DA000884200D175B194F86F00C549087094F835
:104DB0006F0008B1B1A000E0B1A00246C5A1AC48A7
:104DC00002F07AFF94F86E00C0B194F85700C5491C
:104DD0000978884203D115B9B8F1000F0ED094F8C4
:104DE0005700C049087094F85720BFA10DA8F5F7E7
:104DF00093FE0DAABDA19E4802F05EFF94F86F00DD
:104E0000C0B194F85900BB490978884203D115B95B
:104E1000B9F1000F0ED094F85900B649087094F813
:104E20005920B1A10DA8F5F777FE0DAAB2A19048BF
:104E300002F042FF94F86F00C0B1B4F85A00B149D3
:104E40000988884203D115B9B9F1000F0ED0B4F822
:104E50005A00AC490880B4F85A20A3A10DA8F5F770
:104E60005BFE0DAAA8A1824802F026FF94F85C0020
:104E7000A8490978884200D175B194F85C00A54929
:104E8000087094F85C2098A10DA8F5F745FE0DAACE
:104E9000A1A1774802F010FF002638E004F152008B
:104EA000805D08B1012300E0002304F14D00805D26
:104EB00004F14801895D04F14302925DCDE90203EA
:104EC000CDE9002104F13E00835D3730825796A181
:104ED00005A8F5F721FE994800EB461105A8F6F75D
:104EE000A5FA00B995B1954901EB46101F2205A915
:104EF000F6F770FA0020914901EB4611C877904807
:104F000050F8261005AA5A4802F0D6FE761C052E47
:104F1000C4DB94F83C008B490978884200D175B114
:104F200094F83C008749087094F83C0008B153A0FD
:104F300000E053A0024684A14D4802F0BDFE94F863
:104F40006E00C0B194F8580081490978884203D1B5
:104F500015B9B8F1000F0ED094F858007C490870CC
:104F600094F8582060A10DA8F5F7D6FD0DAA79A1F7
:104F70003F4802F0A1FE94F85D0079490978884223
:104F800000D175B194F85D007549087094F85D2002
:104F900055A10DA8F5F7C0FD0DAA72A1344802F085
:104FA0008BFE94F8600073490978884200D175B18E
:104FB00094F860006F49087094F860204AA10DA829
:104FC000F5F7AAFD0DAA6CA1294802F075FE94F828
:104FD0005F006C490978884200D175B194F85F0090
:104FE0006849087094F85F203FA10DA8F5F794FD7B
:104FF0000DAA65A11E4802F05FFE94F862006549A3
:105000000978884200D175B194F86200614908704E
:1050100094F8622034A10DA8F5F77EFD0DAA5EA1DB
:10502000134802F049FE94F861005F49097888420C
:1050300000D175B194F861005B49087094F8612063
:1050400029A10DA8F5F768FD0DAA58A1084802F09E
:1050500033FE074890F80E0358490978884200D17A
:1050600025B1034890F80E035449A9E0B6E00000CA
:1050700088060020980000209900002031000000E0
:105080003000000062746E48747200009A000020C4
:1050900062746E456C656D656E7400009B00002047
:1050A00062746E466C6F6F72000000009C000020FE
:1050B00062746E456E67696E65000000B100002085
:1050C000B2000020666C6F6F72436F6E6E65637422
:1050D00065640000656E67696E65436F6E6E65633B
:1050E000746564009D00002025640000666C6F6F8D
:1050F000725370009E000020656E67696E65537084
:1051000000000000A0000020656E67696E654475B0
:10511000720000009F00002073797354696D654C24
:10512000696D69740000000025645F25645F256473
:105130005F25645F25645F2564000000F94B002053
:10514000BC000020A200002062746E45636F000066
:10515000A3000020666C6F6F7248797374000000C2
:10516000A400002070756D70466F7263654475729F
:1051700000000000A500002064617953746172741E
:1051800048720000A6000020646179537461727453
:105190004D696E00A70000206E69676874537461E2
:1051A0007274487200000000A80000206E696768F1
:1051B0007453746172744D696E000000A900002080
:1051C0000870FE4890F80E23AFF2E4010DA8F5F741
:1051D000A3FC0DAAFAA1F94802F06EFDF74890F879
:1051E0001003FB490978884200D175B1F34890F863
:1051F0001003F7490870F14890F81003F54951F889
:105200002020F5A1ED4802F057FDEC4890F810037E
:1052100001281AD1E948B0F81203F24909888842F6
:1052200000D195B1E548B0F81203EE490880E34893
:10523000B0F81433B0F81223EBA10DA8F5F76CFC0D
:105240000DAAEBA1DD4802F037FDDC4890F816030B
:10525000EA490978884205D1E949EA48F6F7E6F8CB
:1052600000B9C5B1D54890F81603E4490870172273
:10527000E449E348F6F7AEF80020E149C875CF48A5
:1052800090F8160308B1DF4800E0D0A00246DEA186
:10529000CA4802F011FDC94890F83403DD49097885
:1052A000884200D1ADB1C54890F83403D94908709F
:1052B000C24890F8342300210CA8F8F71FF90646DD
:1052C00000200CA988550CAAD3A1BC4802F0F4FC1C
:1052D00000BFBA4890F83C03D3490978884206D108
:1052E000D249C8482630F6F7A1F800B9D5B1B3487D
:1052F00090F83C03CC4908701722C2492631CB48AC
:10530000F6F768F80020C949C875AC4890F83C0326
:1053100010B1BC48263000E0ACA00246C4A1A748AA
:1053200002F0CAFC85B300267922314608A8F8F7B6
:10533000E5F806462E223046761C08A90A540022BB
:10534000314608A8F8F7DAF806462E223046761CD1
:1053500008A90A540022314608A8F8F7CFF80646F3
:105360002E223046761C08A90A540B22314608A882
:10537000F8F7C4F80646002008A9885508AAB0A185
:105380008E4802F099FC00BF0422B14904F1630089
:10539000F5F783FE00B9EDB3AD48D4F863100160B2
:1053A00094F8630040B96420005D28B96520005D71
:1053B00010B96620005D08B1012000E0002083469E
:1053C000BBF1000F36D0002694F86320314608A8C0
:1053D000F8F794F806462E223046761C08A90A549F
:1053E0006420025D314608A8F8F788F806462E22A8
:1053F0003046761C08A90A546520025D314608A88B
:10540000F8F77CF806462E223046761C08A90A5486
:10541000662000E014E0025D314608A8F8F76EF857
:105420000646002008A9885508AA8AA1634802F008
:1054300043FC04E065A287A1604802F03DFC00BF88
:105440008748C078012805D186480078012801D016
:10545000012000E0002007468148C0788149097892
:10546000884200D165B17E48C0787E4908707C488A
:10547000C0787D4951F820207CA1504802F01CFCE6
:105480007749C978012927D17549C9887B4A12888B
:10549000914200D107B37249C888C11700EB11715E
:1054A0000911A0EB011139B16D49C9886C4A128903
:1054B000914201D005B97FB16948C0886F49088021
:1054C00067480389C28848A10DA8F5F725FB0DAAF6
:1054D0006BA13A4802F0F0FB6148C078012815D171
:1054E0005F4880896B490988884200D175B15C4862
:1054F0008089684908805A48828967A10DA8F5F714
:105500000BFB0DAA65A12D4802F0D6FB5448C078CC
:10551000012814D15248007964490978884201D1A0
:1055200005B967B14E480079604908704C48007968
:105530005F4951F820205FA1204802F0BDFB484898
:10554000C078012838D104225E4945481030F5F76B
:10555000A4FD00B985B35B48414909690160404831
:10556000007C40B93E48407C28B93D48807C10B959
:105570003B48C07C08B1012000E000208346BBF11D
:10558000000F1AD000263648027C314608A8F7F7EB
:10559000B5FF06462E223046761C08A90A5430482C
:1055A000427C314608A8F7F7A9FF06462E2230466E
:1055B000761C08A90A5487E0A9E0A1E0880600202B
:1055C00074656C656D65747279496E7400000000D5
:1055D000AA000020E00000206F74615374617475AC
:1055E00073000000AC00002025752F257500000019
:1055F0006F746150726F677265737300AE00002044
:10560000994C00209F0900206F7461537461676595
:1056100064000000AF0000206F746153746167651F
:105620006454797065000000B0000020B14C002087
:1056300073656C664F746153746167656400000044
:105640006D6F64656D56657273696F6E0000000062
:10565000D00000206D626356657273696F6E000042
:10566000CC4C0020D4000020F000002063616E527A
:10567000656C61795374617475730000D600002005
:1056800063616E52656C617950726F677265737396
:1056900000000000D80000202575000063616E52F4
:1056A000656C61794661696C73000000DA00002066
:1056B0000001002063616E52656C617953746570FE
:1056C00000000000DB0000205D48827C314608A815
:1056D000F7F714FF06462E223046761C08A90A5416
:1056E0005748C27C314608A8F7F708FF0646002055
:1056F00008A9885508AA53A1564802F0DDFA05E02A
:10570000AFF238124FA1534802F0D6FA00BF4C480E
:10571000C07801281AD14A48007D4F49097888424B
:1057200000D19DB14648007D4B4908704448027D38
:1057300000210CA8F7F7E2FE064600200CA98855C8
:105740000CAA46A1434802F0B7FA00BFAA460020BF
:105750000AE004F1A901095C434A125C914202D0BB
:105760004FF0010A02E0401C0828F2DBBAF1000FFA
:1057700063D0002005E004F1A901095C3A4A115404
:10578000401C0828F7DB00264FF0010B002141E008
:1057900004F1A902525C02B93BE0BBF1000F06D153
:1057A0004FF02C0C3246761C05AB03F802C04FF0CC
:1057B000000B04F1A902505C64280ADB642290FB10
:1057C000F2F2303202F0FF0C3246761C05AB03F8E1
:1057D00002C00A280FDB0A2290FBF2F20A2392FB96
:1057E000F3FC03FB1C22303202F0FF0C3246761C25
:1057F00005AB03F802C00A2290FBF2F302FB13028E
:10580000303202F0FF0C3246761C05AB03F802C0C2
:1058100000BF491C0829BBDBBBF1000F04D03022BC
:105820003046761C05A90A54002005A9885505AA0A
:105830000EA1084802F040FA00BF0FB0BDE8F08F9B
:10584000CC4C002063616E52656C6179426C566588
:105850007200000088060020DF00002063616E52A5
:10586000656C617947656E00B30000206572726FE8
:105870007273000010B5044648484949C1F8C00396
:105880004848C1F8600348484849086048484860AB
:10589000484888601023424AD21C0121464800F043
:1058A00014FD0523454A0221434800F00EFD102354
:1058B000424A503A0321404800F007FD10233F4A76
:1058C000403A04213C4800F000FD10233B4A303AA6
:1058D0000521394800F0F9FC1023384A203A062106
:1058E000354800F0F2FC1023344A103A07213248C0
:1058F00000F0EBFCA1232A4AE9320C212E4800F0EB
:10590000E4FC1423264AD5320D212B4800F0DDFC9F
:105910008D23234A48320E21274800F0D6FC10235D
:105920001F4A38320F21244800F0CFFC1823244AA4
:105930001021214800F0C9FC0723214AD21F112160
:105940001D4800F0C2FC40231D4A343208211A4889
:1059500000F0BBFC2023194AEE3A0921164800F05A
:10596000B4FC1023154ACE3A0A21134800F0ADFCCE
:105970001823124ABE3A0B210F4800F0A6FC102350
:105980000F4A243212210C4800F09FFC60230C4A7D
:1059900074321321084800F098FC10BD81E702081A
:1059A0008806002051120308DD0503083856002040
:1059B0005103030809080308344F00203C0A002063
:1059C000190800202DE9F04F85B007460D462878CC
:1059D00018B9002005B0BDE8F08F2C78532C05D104
:1059E00073A1384600F08FF90120F3E7562C05D15A
:1059F00070A1384600F087F90120EBE74E2C05D165
:105A00006EA1384600F07FF90120E3E7462C05D16E
:105A10006CA1384600F077F90120DBE74F2C0BD161
:105A2000012038700121694801F0F4F960A138467D
:105A300000F069F90120CDE7432C0BD1002038702C
:105A40000021624801F0E6F959A1384600F05BF9FF
:105A50000120BFE7542C01D0742C6ED1387828B9BE
:105A60005BA1384600F04FF90120B3E7542C01D177
:105A7000012000E000208246BAF1000F01D008208A
:105A800000E0032004900498401C00F0FF08284622
:105A9000F5F75EFBC1B208F10100814205D24CA1CD
:105AA000384600F030F9012094E74FF0000B012652
:105AB00011E0A85D00F092F801900198002805DA45
:105AC00043A1384600F01FF9012083E7019840EA1E
:105AD0000B1B701CC6B204988642EADD15F808005C
:105AE000303800F0FF09B9F1080F05DD38A138465C
:105AF00000F009F901206DE70020029003900026D4
:105B000024E008F1010101EB4601685C00F066F851
:105B1000019008F1020101EB4601685C00F05EF8BB
:105B200000900198002802DB0098002806DA28A1DE
:105B3000384600F0E8F801204CE724E0DDE90001F8
:105B400040EA011002A98855701CC6B24E45D8DB48
:105B500002A84B465A46514600901C4801F08AF96B
:105B600028B91BA1384600F0CEF8012032E7BAF17F
:105B7000000F01D017A000E017A00146384600F042
:105B8000C2F8012026E7522C01D0722C0DD13878B2
:105B900028B90FA1384600F0B6F801201AE70CA189
:105BA000384600F0B0F8012014E7002012E70000AA
:105BB0000D00000056303130310D00004E413030C4
:105BC000300D00004630300D0000000094560020DB
:105BD000070000005A0D00007A0D00000146302930
:105BE00004DB392902DCA1F130007047612904DBB4
:105BF000662902DCA1F15700F7E7412904DB4629B9
:105C000002DCA1F13700F0E74FF0FF30EDE7F0B52F
:105C100089B006460D46307808B909B0F0BD0024B9
:105C2000A87A082801DD082000E0A87A0746287A2B
:105C300004281AD154222046611CCCB201A90A546E
:105C40006B6807220BE003F00F0000F072F8D1B28E
:105C500021440DF1040C0CF801001B09521E002A0E
:105C6000F1DA04F10800C4B21BE074222046611C82
:105C7000CCB201A90A542888C0F30A0302220BE01F
:105C800003F00F0000F055F8D1B221440DF1040CDF
:105C90000CF801001B11521E002AF1DAE01CC4B2FC
:105CA00000BF07F13000C2B22046611CCCB201A98E
:105CB0000A54002218E005F10B01895C081100F07C
:105CC00038F82146631CDCB201AB585405F10B01D6
:105CD000895C01F00F0000F02CF82146631CDCB257
:105CE00001AB5854501CC2B2BA42E4DB0D2220462C
:105CF000611CCCB201A90A5400200855304600F0BE
:105D000002F800BF89E770B505460C46FBF742FF75
:105D100006462046F5F71CFA864200D270BD03E025
:105D200014F8010BFBF7E2FD20780028F8D100BF42
:105D3000F4E701460A2902DA01F1300001E001F13D
:105D40003700C0B270470000024600210BE008484F
:105D500010F83100904204D1054800EBC1004068C2
:105D60007047481CC1B25529F1DB0020F8E700005C
:105D700020FB03082DE9F0438DB00446207A68B972
:105D800001202072002004E06D49095C2154411C6F
:105D9000C8B20828F8DB0DB0BDE8F083694890F878
:105DA000BD0348B9002004E06549095C2154411C49
:105DB000C8B20828F8DBEEE7624890F8640300B93F
:105DC000E9E7614801F046FC8046207C78B1E06854
:105DD000A8EB00005D49884209D2002004E0584940
:105DE000095C2154411CC8B20828F8DBD3E700261F
:105DF000B1467FE0524810F809501DB114F809006F
:105E0000A84200D172E02846FFF79EFF0746002314
:105E1000452219465B1C01A84254642D09DB64200D
:105E200095FBF0F03030C2B21846591CCBB201A934
:105E30000A540A2D0EDB0A2095FBF0F00A2190FB94
:105E4000F1F201FB12003030C2B21846591CCBB23D
:105E500001A90A540A2095FBF0F100FB11503030E3
:105E6000C2B21846591CCBB201A90A543A221846AC
:105E7000591CCBB201A90A5420221846591CCBB296
:105E800001A90A5487B1002009E017F800C019469B
:105E90005A1CD3B201AA02F801C0411CC8B2395C35
:105EA00041B12E2BF1DB05E03F221846591CCBB245
:105EB00001A90A540A221846591CCBB201A90A5456
:105EC0000020C854F0188B2800DD17E000200AE0FD
:105ED00001A911F800C03146721CD6B21C4A02F862
:105EE00001C0411CC8B29842F2DB00BF09F10100B9
:105EF00000F0FF09B9F1080FFFF67CAF002014494C
:105F00008855002E11DD13A0FCF77CFA1048FCF731
:105F100079FA13A0FCF776FA0D4A1249094804F001
:105F2000FDFBC4F80C8001202074002004E004492B
:105F3000095C2154411CC8B20828F8DB00BF2AE7DD
:105F4000A94A0020880600201C56002080EE36005A
:105F5000704900204641554C5420534D533A20007F
:105F60000D0A0000EC090020F0B501460C7BC4F1DD
:105F70000E040C2794FBF7F4E3B28C6804F59654F6
:105F8000E21A0C7B17FB0344E41EE5B205EB051790
:105F900007EBC707BF1C4FF0050C97FBFCF791F808
:105FA0000DC0674440F26D1C0CFB02774FEAE27CA7
:105FB00002EB9C7C07EBAC074FF0640C92FBFCFC03
:105FC000A7EB0C074FF4C87C92FBFCFC6744A7F5D9
:105FD000FA472D3FDFF828C0A7EB0C06094C06FB5B
:105FE00004F00C7CCF7BC7EB071704EB87048F7B97
:105FF000C7EB471CCCEB072704EB07142044F0BD8C
:106000008C3D25008051010010B502460B46002151
:106010001EE0C1EB011000EB411402F5747010F8A2
:10602000240098B1C1EB011000EB411402F574702B
:1060300000EB84004088984208D1C1EB011000EBCE
:10604000411402F5747000EB840010BD481CC1B20D
:106050000429DEDB0020F8E70246002113E0C1EB53
:10606000011000EB411302F5747010F8230040B9E1
:10607000C1EB011000EB411302F5747000EB8300DB
:106080007047481CC1B20429E9DB0020F8E72DE97C
:10609000F84F04460F4690469946DDF828A094F83C
:1060A000280150B94B46424639462046CDF800A05B
:1060B00000F01EFB0120BDE8F88F94F8CE03032802
:1060C00001DB0020F7E794F8CE13481C84F8CE03D8
:1060D000532011FB00F104F5EE7000EB4105A5F82B
:1060E00000803846F5F734F886B2A02E00D9A026F5
:1060F00032463946A81CF5F795F80021A81C8155B1
:1061000085F8A39085F8A4A00120D4E72DE9F041FB
:1061100080460C4615461E46069F9C3424F89A5C21
:10612000012004F89C0C0020A08120612675677571
:10613000074801F08FFAA061002020779C3C3B4685
:1061400032462946404600F0E3F8BDE8F081000001
:106150001C5600202DE9F04781460C461546C4F335
:1061600008563D2E03D03E2E01D0BDE8F087C4F383
:10617000C60704F007083D2E06D12B464246394695
:10618000484600F0C5F903E02946484600F044FAC5
:1061900000BFEAE7F8B504460E46174694F8240116
:1061A00000B9F8BD94F8250194F82411884202DB67
:1061B000002084F8250194F8250100EB4001201D02
:1061C00000EB810594F82501401C94F8241190FB04
:1061D000F1F201FB120084F82501686830B10097E4
:1061E0002A88334620466968FFF751FF00BFD8E789
:1061F0002DE9F84304460D46904699462946204627
:10620000FFF702FF08B1BDE8F883002008E004F5BD
:10621000D86131F82010A94200D1F4E7411CC8B27E
:1062200094F8D0168142F2DC2046FFF715FF0646AF
:1062300046B143462A4631462046CDF80090FFF746
:1062400065FFE0E794F8D006042800DBDBE794F86C
:10625000D016481C84F8D00604F5D86000EB8107FE
:106260003D8087F8028087F8039000BFCBE738B500
:1062700004460D4694F8D00600B938BD40F2C3601C
:10628000005D009040F2C260035DB4F8C02629466C
:106290002046FFF73BFF01200CE0411E04F5D862C9
:1062A00002EB810204F5D86101EB800109681160FD
:1062B000411CC8B294F8D0168142EEDC94F8D006A6
:1062C000401E84F8D00600BFD7E72DE9F041044610
:1062D0000E46174698463146204600F059FA0546C4
:1062E0006DB994F82401182809DA94F82411481C8F
:1062F00084F8240101EB4101201D00EB81050DB95B
:10630000BDE8F0812E806F60A5F8088000BFF7E738
:106310002DE9F04186B005460C4616461F463B4621
:1063200032463D21284608F007FB8046FF200290B8
:106330000390049005902012E1B2FF230222CDE9E0
:1063400000104146024800F02DFD06B0BDE8F08186
:1063500094560020F0B589B0044694F8280100282E
:106360003DD0674801F076F9D4F8D811401A0528D5
:1063700035D3B4F8D211B4F8D001814230DB00201B
:1063800084F8280194F8CE03002873DD94F8800285
:10639000009094F87F32B4F8DC2104F5EF712046C8
:1063A00000F0A6F9012511E053226A4304F5EE73CB
:1063B00003EB42016A1E53235A4304F5EE7303EBC9
:1063C0004200A622F4F72EFF681CC5B294F8CE0353
:1063D000A842E9DC94F8CE03401E84F8CE0349E0DD
:1063E00048A103C9CDE90701002010E0B4F8D2218B
:1063F00002EB8202024491B2B4F8CE218A4204DD5B
:1064000004F59672525C07AB1A54411CC8B20528B9
:10641000ECDB94F8D53194F8D4213E21204608F0E5
:106420008BFA05469DF820009DF81F109DF81E2050
:106430009DF81D30CDE90232CDE904109DF81C0015
:1064400094F8D211CDE900104FF49570005B03125F
:106450004FF49570025D29462C4800F0A3FC2848B3
:1064600001F0F8F8C4F8D801B4F8D201401CA4F83F
:10647000D20100BF00263FE0C6EB061000EB46113C
:1064800004F5747000EB8105287800B932E0B5F8A6
:10649000A800002805DDB5F8A80000EB800040004A
:1064A00000E0C8200746164801F0D4F8D5F8B4102B
:1064B000401AB8421DD995F8B800052813DA9C3562
:1064C000287F401C28770E4801F0C4F8A8610020FE
:1064D000A88128616B7D2A7D35F89A1C9C3D204659
:1064E000FFF716FF05E00020287029462046FFF739
:1064F000BEFE00BF701CC6B2042EBDDB09B0F0BDED
:106500001C560020FFFFFFFFFF00000094560020F4
:106510002DE9F84F81460E4617461D46A878E978C2
:1065200040EA012A2878022810D15146484600F056
:106530002FF9044644B1606830B1009733465246A3
:106540004846616800F0D4F8BDE8F88F2878012843
:106550005ED151464846FFF757FD0446C4B951463F
:10656000484600F015F900B9EEE74846FFF774FD1C
:10657000044634B93B46324651464846FFF738FE9A
:10658000E2E7A4F802A001202070002084F8B800FF
:106590002879697940EA0120A4F8A600B4F8A60099
:1065A000A02802DDA020A4F8A600A83434F8020C2C
:1065B000001D052190FBF1F0208000206060267214
:1065C0006772144801F046F8E06034F8A809F0B9A1
:1065D0005146484600F0DCF88046B8F1000F0AD07A
:1065E000D8F8040038B1B8F80800002803DD00200E
:1065F000D8F804100870D9F80000401CC9F8000051
:106600000020207021464846FFF731FE00BF00BF42
:1066100000BF99E71C5600202DE9F04780460E4642
:106620003078717840EA012A51464046FFF7ECFC89
:10663000044614B1B4F8A80008B9BDE8F087B778EB
:10664000B4F8A800B84201DD202F00DBF5E70020F8
:106650000DE007EB87021118B4F8A6208A4200DC8F
:1066600007E0C21CB35C221D5354411CC8B205286C
:10667000EFDBA8340121B9406068084360606168BD
:1066800014F8A82901209040401E81422DD1514686
:10669000404600F07DF80546DDB16868C8B128893C
:1066A000002816DDB4F8A6902889401E80B248451F
:1066B00003DA2889401E1FFA80F972B64A46211D66
:1066C0006868F4F7AFFD0020696801F8090062B658
:1066D00000BFD8F80000401CC8F80000002020705F
:1066E00021464046FFF7C3FD00BF00BFA5E70000FD
:1066F0002DE9F04786B00446884616461F46DDF869
:1067000038904046F4F724FD85B2A02D00D9A0258D
:106710004FF4957006532A46414604F59670F4F7F7
:1067200081FDA4F8CE51281D052190FBF1F0A4F8BD
:10673000D0010021A4F8D21184F8D47184F8D59145
:10674000012084F82801104800F084FFC4F8D80123
:106750004B463A463D21204608F0EEF88246FF229D
:1067600000232812E9B2CDE90432CDE9021030123B
:10677000F1B213460122CDE900105146034800F062
:1067800011FB06B0BDE8F0871C560020945600208F
:1067900010B502460B4600210EE001EB4104101D2E
:1067A00030F82400984205D101EB4104101D00EBA4
:1067B000840010BD481CC1B292F824018842ECDC70
:1067C0000020F6E770B586B0044694F8A40108B13D
:1067D000012100E0002140F2A510005D08B1012078
:1067E00000E0002041EA80014FF4D370005D08B161
:1067F000012000E0002041EA001140F2A710005DF6
:1068000000F0010041EA8015FBF7B4FC0646FF20CA
:10681000029003900490059040F2A910005D08B129
:10682000012100E000214FF4D470005D08B1012087
:1068300000E000202B460122CDE90001314602484C
:1068400000F0B0FA06B070BD9456002010B50446B2
:10685000204600F00BF82046FFF7B4FF4FF4D27249
:1068600004F5D2712046F4F7DDFC10BD10B50446E6
:10687000464890F8B90308B9012000E0002084F8E8
:10688000A401424890F8BD1340F2A51001553F48BD
:1068900090F8BE134FF4D37001553C4890F8BA13EA
:1068A00040F2A7100155394890F8BC134FF4D4704A
:1068B0000155364890F8BB1340F2A910015572B645
:1068C0005022334904F5D570F4F7ACFC042230496A
:1068D000503104F5FD70F4F77DFD002184F8FE11C0
:1068E0001F222B499E3904F50070F4F773FD002137
:1068F00084F81F120F2226497E3904F50870F4F738
:1069000069FD002184F82F12172221496E3904F500
:106910000C70F4F75FFD002184F847123F221D49F7
:1069200004F51270F4F756FD002184F887125F22F7
:106930001849403104F52270F4F74CFD002184F829
:10694000E7121F221349A03104F53A70F4F742FD13
:10695000002184F807131F220E49C03104F542704C
:10696000F4F738FD002184F827131F220849BF39A6
:1069700004F54A70F4F72EFD002184F8471362B63F
:10698000024890F8BF1384F8FF1110BD880600205C
:10699000EC0900204D08002010B504462046FFF702
:1069A00065FF4FF4D27204F5D2712046F4F73AFC39
:1069B00010BD0000F8B504462046FFF757FF00263B
:1069C000207894F8A41188421DD1617840F2A51076
:1069D000005D814217D1A1784FF4D370005D8142F0
:1069E00011D1E17840F2A710005D81420BD12179ED
:1069F0004FF4D470005D814205D1617940F2A91055
:106A0000005D814201D0012000E000200746D7B19F
:106A10002046FFF7D7FE012694F8A401207040F22B
:106A2000A510005D60704FF4D370005DA07040F25F
:106A3000A710005DE0704FF4D470005D207140F24B
:106A4000A910005D6071002525E004F5D57202EB08
:106A50000511A21D02EB0510F4F7E8FCC8B10126F0
:106A60007948407E00907848037E784830F81520B9
:106A700004F5D57000EB05117548FFF708FB40B130
:106A800004F5D57202EB0511A21D02EB0510F4F717
:106A900030FB681CC5B2052DD7DB04F5FD7104F190
:106AA0005600F4F7C3FC90B101266748407E009081
:106AB0006548037E022204F5FD716548FFF7E7FA99
:106AC00028B104F5FD7104F15600F4F712FB94F8B7
:106AD0005B1094F8FF01814204D0012694F8FF0175
:106AE00084F85B0004F5007104F15C00F4F79EFC8F
:106AF00090B101265448407E00905348037E0922FD
:106B000004F500715248FFF7C2FA28B104F500718C
:106B100004F15C00F4F7EDFA04F5087104F17C006F
:106B2000F4F784FC90B101264748407E0090464827
:106B3000037E0A2204F508714548FFF7A8FA28B138
:106B400004F5087104F17C00F4F7D3FA04F50C7134
:106B500004F18C00F4F76AFC90B101263A48407EBB
:106B600000903948037E0B2204F50C713848FFF77A
:106B70008EFA28B104F50C7104F18C00F4F7B9FA1F
:106B800004F5127104F1A400F4F750FC90B1012651
:106B90002D48407E00902C48037E082204F5127197
:106BA0002B48FFF774FA28B104F5127104F1A40020
:106BB000F4F79FFA04F5227104F1E400F4F736FCCF
:106BC00090B101262048407E00901F48037E13228A
:106BD00004F522711E48FFF75AFA28B104F5227114
:106BE00004F1E400F4F785FA04F53A7104F5A270B3
:106BF000F4F71CFC30B1012604F53A7104F5A270DB
:106C0000F4F777FA04F5427104F5B270F4F70EFC6C
:106C100030B1012604F5427104F5B270F4F769FA57
:106C200004F54A7104F5C270F4F700FC30B1012696
:106C300004F54A7104F5C270F4F75BFA16B1054821
:106C400005F04AFEF8BD00009456002096F50308B2
:106C5000344F00207C01002010B58AB0044609A8FA
:106C6000F5F7A9FE01210920F6F72EF82020ADF84E
:106C7000240048208DF8270009A94648F5F710FEA2
:106C80004020ADF8240018208DF8270003208DF84F
:106C9000260009A93F48F5F703FE01213E48F5F714
:106CA000E5FC01210420F6F70FF82020ADF82400C0
:106CB00010208DF8270001208DF8260009A93748FB
:106CC000F5F7EEFD20213548F5F786FE012188060F
:106CD000F5F7DAFF3248F5F75DF806A8F5F799F908
:106CE00000208DF81E0001208DF81F0000208DF877
:106CF000200001208DF8210000208DF822000120C5
:106D00008DF8230000208DF81A008DF81B000A2052
:106D10008DF81C0003208DF81D000620ADF818002A
:106D200006A91F48F5F7EBF800208DF812008DF842
:106D3000130001208DF814000020ADF80800ADF814
:106D40000A00ADF80C00ADF80E00ADF810000120FF
:106D50008DF8150002A8F4F71FFF01220221104848
:106D6000F5F7C4F84FF4E060F5F79EFE40208DF88B
:106D7000040000208DF805008DF8060001208DF834
:106D8000070001A8F5F758FE7920207600206076EC
:106D90000AB010BD000C0140020011400008014083
:106DA000006800402DE9F05F04460D4616461F4678
:106DB000DDE90CABDDE90A891448007808B1BDE8CB
:106DC000F09F0020E061256200212520015504216B
:106DD000242001550821262001552720065584F836
:106DE000287084F8298084F82A9084F82BA084F8ED
:106DF0002CB00E9984F82D100F9984F82E1004F100
:106E00001C010348F5F78DF900BFD8E77D0100208C
:106E10000068004031B1074A126822F01002054BA9
:106E20001A6005E0034A126842F01002014B1A6032
:106E3000704700000068004070B505460C462146CA
:106E40000848FEF7E4FE0748007800B170BD21460F
:106E50000548FCF757FF2146044807F0B3FB00BF85
:106E6000F4E700007D010020004A0020CC4C002007
:106E7000704700002DE9F04704460D4690461E4637
:106E8000DDF820900DB1002001E01FFA88F0E061EC
:106E90000DB1414600E0002121620021252001556D
:106EA0000DB1042100E000212420015526200655C3
:106EB00000200AE0B04202DA19F8002000E00022C7
:106EC00004F127010A54411CC8B20828F2DB04F17E
:106ED0001C010548F5F725F90746042F02D00120CB
:106EE000BDE8F0870020FBE700680040002101803A
:106EF0007047000010B50446644800F0ABFB6449DD
:106F00000968401A6349098888427DD35F4800F0C8
:106F1000A1FB5F4908602078072809D2DFE800F06C
:106F200004090E2B4157860004F10C0005F055FAB8
:106F3000AAE004F10C0005F043FAA5E056480078F9
:106F400080F00100544908704FF496705149088050
:106F50005148007810B94FF42F7008804E480078DF
:106F600020B104F10C0005F02BFA03E004F10C0051
:106F700005F033FA88E096204649088046480078B4
:106F800080F00100444908700846007820B104F1FF
:106F90000C0005F015FA03E004F10C0005F01DFAF1
:106FA00072E032203B4908803B48007880F00100C5
:106FB000394908700846007820B104F10C0005F04A
:106FC000FFF903E004F10C0005F007FA5CE0324839
:106FD000007880F00100304908704FF496702D4918
:106FE00008802D480078A0B92C480078401C2B4917
:106FF000087008460078022807DB002008704FF46C
:107000007A702449088004E03FE04FF496702149EB
:1070100008802148007820B104F10C0005F0D0F977
:1070200003E004F10C0005F0D8F92DE01A480078CF
:1070300080F00100184908704FF4967015490880D7
:107040001548007898B915480078401C1349087015
:1070500008460078032806DB002008704FF47A7099
:107060000C49088003E04FF496700A4908800A48EA
:10707000007820B104F10C0005F0A2F903E004F15E
:107080000C0005F0AAF900BF00BF10BD1C5600207F
:10709000500100205601002054010020580100201A
:1070A00010B5044610230422074904F10C0005F032
:1070B00049F910235A020549201D05F043F92046DD
:1070C00000F006F810BD0000000C01400010014067
:1070D00010B58AB0044601210520F5F7F5FD012120
:1070E0000220F5F7D1FD4020ADF8240018208DF8DE
:1070F000270003208DF8260009A92148F5F7D0FBC9
:107100002F20ADF814000020ADF8160040F2E73053
:10711000ADF818000020ADF81A008DF81C008DF8AD
:107120001D008DF81E008DF81F008DF820008DF8D1
:1071300021008DF8220005A91248F5F7D7FF60203D
:10714000ADF804000120ADF806000020ADF80800FD
:10715000ADF80A00ADF80C00ADF80E00ADF8100067
:10716000ADF8120001A90748F5F786FF0821054888
:10717000F5F76EFF01210348F5F773FF0AB010BD64
:10718000000801400004004070B505460C46B4F507
:107190007A7F01DB40F2E73421460248F6F752F8E5
:1071A00070BD000000040040F8B506460C463C489F
:1071B00000F050FA3B490968401A3B490988884267
:1071C00000D2F8BD364800F045FA36490860374825
:1071D000007830B1002035490870354908703549CC
:1071E0000870642094FBF0F0C0B28DF800000A2013
:1071F00094FBF0F00A2190FBF1F201FB1200C0B207
:107200008DF801000A2094FBF0F100FB1140C0B2A0
:107210008DF80200264909781DF801506806000E15
:107220002449097888421DDD2249087800EBD07195
:107230004910A0EB410109B9012100E000210F46EE
:1072400017B140F2E73000E0002001463046FFF77A
:107250009BFF18480078401C164908709620124978
:1072600008801BE000213046FFF78EFF10480078B1
:10727000401C0F49087000200E4908700C48007827
:10728000032807DB0120094908704FF4FA6006491A
:10729000088003E04FF4FA700349088000BF90E7CC
:1072A0001C560020680100206C01002070010020A5
:1072B0006E0100206F0100202DE9F0410646301DCF
:1072C00005F08BF80027002007E04C49095C11B15C
:1072D0004A490F5C03E0411CC8B20828F5DB2FB116
:1072E00039463046FFF760FFBDE8F0814348A938D2
:1072F00090F8384090F8395074B16DB140F2E731F0
:107300003046FFF741FF00203D4908703D490880A5
:1073100001203D4908706EE02DB33C4800F09AF919
:107320003B490968401AB0F5FA6F15D3374800F0A9
:1073300091F9374908603248007880F001003049FF
:1073400008700846007810B140F2E73000E00020F5
:1073500001463046FFF718FF00202A490880012027
:107360002949087047E0CCB3284800F073F9284950
:107370000968401A0A282DD3244800F06BF92449E3
:107380000860214890F9000000EBC0001D49098801
:10739000084400B21B4908800846B0F9000040F2DA
:1073A000E731884205DB084616490880FF20164968
:1073B00008701448B0F90000002805DC00201149CD
:1073C00008800120104908700E48008881B23046BC
:1073D000FFF7DAFE00200A4908700CE0FFE7002101
:1073E0003046FFF7D1FE00200549087005490880A6
:1073F00001200549087000BF76E70000A94A002077
:107400006001002062010020640100201C56002061
:107410005C01002070B5044600250FE0201D04F03B
:10742000CFFFC821074800F001F9201D04F0D5FF67
:10743000C821044800F0FAF8681CC5B2032DEDDB42
:1074400070BD00001C56002010B504462046FFF712
:1074500051FD2046FFF730FF10BD000070B5044617
:1074600001221A49204600F041F8204600F034F885
:1074700062B6F5F727FD164800684FF47A71B0FB45
:10748000F1F5681EB0F1807F00D30FE0681E4FF069
:10749000E02148610F214FF0FF30F9F711F800208B
:1074A0004FF0E02188610720086100BF0021481EDD
:1074B000F9F706F801210846F5F706FC0121054811
:1074C000F5F7D4F800206060A06170BD006CDC02AC
:1074D000C40200200002300010B504464FF42A31E7
:1074E0004FF00060F5F7EAFA10BD00002DE9F05FFB
:1074F0008A469046B8F1000F01D1002001E04FF418
:1075000040308346F5F780FBB8F1010F0BD14FF403
:107510008030F5F715FBF5F79BFC8146B9F1010FBB
:1075200001D000BFFEE73C49AAEB01008A452FD0FD
:107530000CDC3A485044A0B139490844B8B1084479
:10754000D8B13849084400283FD11BE033490844EA
:1075500020B33549084438B349100844002834D1D1
:107560002AE000254FF48024002600272FE0012583
:107570004FF4E014AE02002729E001252C05A612E5
:10758000002724E001254FF4A014AE0200271EE0DE
:1075900002254FF4E0146E02002718E002254FF494
:1075A0002014E6126F0212E003254FF460144FF42A
:1075B000A0664FF480670AE004254FF4803B4FF447
:1075C000E0144FF4A0662F0201E000BFFEE700BF09
:1075D0002846F5F71FF80020F5F7A6FA3846F5F724
:1075E000E1FA3046F5F7D2FA21465846F5F7E6FAC1
:1075F0000120F5F779FB00BF3920F5F703FC0028DF
:10760000FAD00220F5F7EAFA00BFF5F719FC0828CE
:10761000FBD1BDE8F09F000000A24A0400CA91FE21
:1076200000E548FF00EE85FF00B817FE10B50446E0
:107630000A46074800F00EF8034606E0044800F04A
:1076400009F8C01A904200D900E0F7E700BF10BD6A
:107650001C560020014608697047000000B502462C
:107660000A48FFF7F7FF0A490968401AB0F57A7F20
:1076700008D30648FFF7EEFF05490860906950609F
:10768000002090619069401C906100BD1C56002054
:10769000780100200169491C0161704770470000B2
:1076A00010B5044694F9FE09062858D2DFE800F028
:1076B00003111F2D3B494FF496722FA1204601F074
:1076C0005DFC28B194F8FE09401C40B284F8FE0924
:1076D00050E04FF4FA622BA1204601F04FFC28B194
:1076E00094F8FE09401C40B284F8FE0942E04FF4D1
:1076F000967227A1204601F041FC28B194F8FE09BA
:10770000401C40B284F8FE0934E04FF4FA6224A130
:10771000204601F033FC28B194F8FE09401C40B229
:1077200084F8FE0926E04FF4967220A1204601F06D
:1077300025FC28B194F8FE09401C40B284F8FE09EB
:1077400018E040F6B8321DA1204601F017FC28B120
:1077500094F8FE09401C40B284F8FE090AE01A4879
:10776000FFF778FF4FF44A6108510321204603F0E8
:1077700091F800BF00BF10BD41542B435245473D17
:10778000320D0A0041542B435245473F0D0A000079
:1077900041542B43455245473D320D0A000000003D
:1077A00041542B43455245473F0D0A0041542B435A
:1077B0004F50533D332C320D0A00000041542B43EF
:1077C0004F50533F0D0A00001C56002010B50446D0
:1077D000012184F8B9134FF4E13204F5727005F019
:1077E000CFFD482308220F4904F6E41004F0AAFD57
:1077F000102302220C4904F6EC1004F0A3FD04F659
:10780000EC1004F0EAFD10238022074904F6DC1096
:1078100004F098FD04F6DC1004F0DFFD204601F0D2
:10782000CDFA10BD00080140000C01402DE9F047E1
:1078300004464FF08F0894F9FE090B2874D2DFE854
:1078400000F0061422303E74BFCDDBE9F80041F2AF
:107850008832C4A1204601F091FB28B194F8FE09BA
:10786000401C40B284F8FE0979E140F6B832C2A16A
:10787000204601F083FB28B194F8FE09401C40B279
:1078800084F8FE096BE140F6B832BFA1204601F052
:1078900075FB28B194F8FE09401C40B284F8FE093B
:1078A0005DE141F28832BCA1204601F067FB28B1BE
:1078B00094F8FE09401C40B284F8FE094FE100250F
:1078C000B9A605E016F8012B28466D1CBB490A54E1
:1078D00030780028F6D104F2E62005E010F8013BEC
:1078E00029466D1CB54A5354017809B18F2DF5DB3B
:1078F000222228466D1CB1490A540D2228466D1CCF
:107900000A540A2228466D1C0A540020485540F6A5
:10791000B832204601F032FB28B194F8FE09401C31
:1079200040B284F8FE091AE101E100254FF02F0A68
:1079300004F2E62005E010F8013B29466D1CA04A40
:107940005354017809B12F2DF5DB0FF27829484601
:1079500005E010F8013B29466D1C994A5354017803
:1079600009B12F2DF5DB00209549485500269AA72F
:1079700005E017F8012B3046761C90490A543878F8
:107980000028F6D1AAB231468C48F5F769FD0646C3
:107990000D223046761C89490A540A223046761C4C
:1079A0000A54002088554FF4FA62204601F0E6FAA6
:1079B00028B194F8FE09401C40B284F8FE09CEE0DC
:1079C00040F6B8327E49204601F0D8FA28B194F842
:1079D000FE09401C40B284F8FE09C0E04FF4FA6290
:1079E00083A1204601F0CAFA28B194F8FE09401C90
:1079F00040B284F8FE09B2E040F6B83283A12046D6
:107A000001F0BCFA28B194F8FE09401C40B284F899
:107A1000FE09A4E000257EA705E017F8012B284603
:107A20006D1C66490A5438780028F6D104F2C62045
:107A300006E05CE010F8013B29466D1C5F4A535498
:107A4000017809B18F2DF5DB78A605E016F8012B3A
:107A500028466D1C59490A5430780028F6D104F2A2
:107A6000E62005E010F8013B29466D1C534A5354AB
:107A7000017809B18F2DF5DB222228466D1C4F4974
:107A80000A542C2228466D1C0A54222228466D1CBA
:107A90000A5404F2F62005E010F8013B29466D1C5B
:107AA000464A5354017809B18F2DF5DB222228462E
:107AB0006D1C42490A540D2228466D1C0A540A22A4
:107AC00028466D1C0A540020485540F6B83220461E
:107AD00001F054FA50B15948FFF7BCFD584908600D
:107AE00094F8FE09401C40B284F8FE0937E0D4F84F
:107AF000F40900F4803030B194F8FE09401C40B223
:107B000084F8FE0912E04D48FFF7A4FD4C490968CE
:107B1000401A44F62061884208D3FF2084F8C00C44
:107B200094F8FE09401C40B284F8FE0917E094F86E
:107B3000C00C60B9012084F8C50242A224A12046ED
:107B400000F0BAF80E21204602F0A4FE06E0002163
:107B500084F8F11C1021204602F09CFE00BF00BFFB
:107B6000BDE8F08741542B434D515454444953438D
:107B70003D302C36300D0A0041542B434D515454A6
:107B800052454C3D300D0A0041542B434D51545445
:107B900053544F500D0A000041542B434D5154543F
:107BA00053544152540D0A0041542B434D515454E7
:107BB000414343513D302C2200000000EB450020A2
:107BC0007B4600202F636D642F61637475616C2F99
:107BD0006F6E6C696E65000041542B434D515454D7
:107BE00057494C4C544F5049433D302C0000000045
:107BF00041542B434D51545457494C4C4D53473DE0
:107C0000302C312C312C310D0A00000030000000E6
:107C100041542B434D515454434F4E4E4543543DD4
:107C2000302C227463703A2F2F0000003A3138381C
:107C300033222C32352C312C220000001C5600201F
:107C40005C0000203100000010B5044612480078A6
:107C500050B10020104908701048FFF7FBFC104994
:107C6000086010A0FAF7CEFB94F8F40900F00800C1
:107C700048B90A48FFF7EEFC09490968401A42F67C
:107C8000E061884206D301200349087002212046A2
:107C900002F000FE10BD00004C0000201C56002029
:107CA000480000204D6F64656D3A2077616974204B
:107CB00072656164790D0A002DE9F04104460F46B2
:107CC0001646002537E005EB4500C0EB851104F6AC
:107CD000F440405C68B305EB4501C1EB851204F646
:107CE000F44150183946F3F7A1FB10BB05EB4501F1
:107CF000C1EB851204F6F441114401F1180023226E
:107D00003146F3F767FB002105EB4500C0EB851218
:107D100004F6F440104480F83B10012105EB4500C7
:107D2000C0EB851204F6F440104480F83C10BDE826
:107D3000F081681CC5B2602DC5DB002540E005EB75
:107D40004500C0EB851104F6F440405CA8BB05EB90
:107D50004501C1EB851204F6F4415018172239464B
:107D6000F3F738FB002105EB4500C0EB851204F664
:107D7000F4401044C17505EB4501C1EB851204F6D2
:107D8000F441114401F1180023223146F3F722FB9C
:107D9000002105EB4500C0EB851204F6F4401044C9
:107DA00080F83B10012105EB4500C0EB851204F67D
:107DB000F440104480F83C10B9E7FFE7681CC5B2F6
:107DC000602DBCDB00BFB2E770B5044643F69822D5
:107DD00009A1204601F0D2F868B194F8F25C0021C4
:107DE00084F8F21C0DB10A2000E003200146204671
:107DF00002F050FD00BF70BD41542B434741435436
:107E00003D302C310D0A00002DE9F843044694F969
:107E1000FE0906287CD2DFE800F0032533A2CDE777
:107E200040F2C620005D40B91F22B5A104F2C62071
:107E3000F3F7D0FA002184F8E512102143F2C24092
:107E40002044401CF9F76EFE182143F2C240204442
:107E50001130F8F74BFA94F8FE09401C40B284F850
:107E6000FE094AE14FF4FA62A9A1204601F086F822
:107E700028B194F8FE09401C40B284F8FE093CE1A8
:107E800000250FF29C2805E018F8012B28466D1CF0
:107E9000AA490A5498F800000028F5D104F2C62037
:107EA00005E010F8013B29466D1CA44A53540178A3
:107EB00009B1962DF5DBA2A605E016F8012B2846A0
:107EC0006D1C9E490A54307808B1962DF5DB43F2BB
:107ED000C2412144481C05E010F8013B29466D1CB5
:107EE000964A5354017809B1AA2DF5DB9BA705E00A
:107EF00017F8012B28466D1C90490A54387808B1B0
:107F0000AF2DF5DB43F2C241214401F1110006E03F
:107F100078E010F8013B29466D1C884A53540178DB
:107F200009B1B92DF5DB222228466D1C83490A547C
:107F30000D2228466D1C0A540A2228466D1C0A543C
:107F4000002048554FF4FA72204601F017F828B186
:107F500094F8FE09401C40B284F8FE09CDE040F6DA
:107F6000B83281A1204601F009F810B394F8F40961
:107F700000F0020060B1D4F8F40920F40040C4F825
:107F8000F4090020A4F8B00C052084F8FE0910E0E4
:107F9000D4F8F40920F40040C4F8F4097748FFF756
:107FA00059FB7749086094F8FE09401C40B284F8F8
:107FB000FE09A2E0B4F8F40900F4004018B105206D
:107FC00084F8FE090FE06D48FFF744FB6C4909682F
:107FD000401A44F62061884205D30020A4F8B00C72
:107FE000052084F8FE0988E04FF4FA6265A1204676
:107FF00000F0C4FF28B194F8FE09401C40B284F898
:10800000FE097AE0B4F8B00CC8282FD10F2243F251
:10801000C2402118491C04F2E620F3F7DBF90021E5
:1080200084F8F512172243F2C2402118113104F2EC
:10803000F620F3F7CFF9002184F80D13204600F065
:1080400029FF204600F052FE022084F85C0351A074
:10805000FAF7D8F904F2E620FAF7D4F953A0FAF7C0
:10806000D1F90321204602F015FC45E0B4F8B00C2C
:1080700040F29911884224D143F2C240204490F842
:10808000290003281DDA43F2C240204490F8290059
:10809000401C43F2C241214481F82900102143F2DF
:1080A000C2402044401CF9F73DFD41A0FAF7AAF96F
:1080B0000020C4F8F40984F8FC09012084F8FE09C2
:1080C0001AE0032084F85C0342A0FAF79BF9B4F8A5
:1080D000B02C00216846F5F7C3F9054600200DF8DD
:1080E00005006846FAF78EF930A0FAF78BF90321FC
:1080F000204602F0CFFB00BF00BF00BFBDE8F88301
:108100006D756C7469686F742E6F6E6C696E650046
:1081100041542B48545450494E49540D0A00000014
:1081200041542B48545450504152413D2255524CD9
:10813000222C2268747470733A2F2F00F8400020AC
:108140002F6170692F72656769737465722D64653C
:10815000766963653F6C6F67696E3D002670617379
:1081600073776F72643D000041542B485454504162
:108170004354494F4E3D300D0A0000001C5600206C
:108180003400002041542B485454505445524D0D56
:108190000A0000005B4155544F5245475D20646F13
:1081A0006E652C206C6F67696E3D00000D0A000043
:1081B0005B4155544F5245475D206C6F67696E2097
:1081C00074616B656E2C207265747279696E670DCF
:1081D0000A0000005B4155544F5245475D206661DF
:1081E000696C65642C20687474702E737461747586
:1081F000733D00002DE9F843044694F9FE09062872
:1082000072D2DFE800F003115684C1FD4FF4FA6228
:10821000F1A1204600F0B2FE28B194F8FE09401CFE
:1082200040B284F8FE09D3E1EFA0009042F2D430CE
:108230002044427842F2D43023189B1C04F2C62119
:10824000EB48F5F7FFFC0025EAA605E016F8012B40
:1082500028466D1CEC490A5430780028F6D1E448D1
:1082600005E010F8013B29466D1CE74A535401789C
:1082700009B1B92DF5DB222228466D1CE2490A54CA
:108280000D2228466D1C0A540A2229466D1CDE4820
:1082900042540020DC4948554FF4FA72204600F061
:1082A0006DFE28B194F8FE09401C40B284F8FE0926
:1082B0008EE140F6B832D5A1204600F05FFE28B32B
:1082C00094F8F40900F0020078B10022D4A1022051
:1082D000F5F780F9012042F2D431214481F8EB0016
:1082E000062084F8FE0911E058E1D4F8F40920F4DE
:1082F0000040C4F8F409D248FFF7ACF9D14908604E
:1083000094F8FE09401C40B284F8FE0960E1B4F81C
:10831000F40900F40040F0B1B4F8B00CC82803D15F
:1083200040F6B240005B78B9B4F8B02CC6A1032087
:10833000F5F750F9012042F2D431214481F8EB00E5
:10834000062084F8FE091EE094F8FE09401C40B2A5
:1083500084F8FE0917E0BA48FFF77CF9B9490968C3
:10836000401A44F6206188420DD30022BBA10320AD
:10837000F5F730F9012042F2D431214481F8EB00C5
:10838000062084F8FE0923E140F6B240075B5F2F28
:1083900000D95F27B7480780B748C4F8B40C5F21FD
:1083A00040F6B84001530021801C0153801C01534A
:1083B0000025B2A605E016F8012B28466D1C92494F
:1083C0000A5430780028F6D13A4629468E48F5F707
:1083D00047F805460D2228466D1C8B490A540A228F
:1083E00028466D1C0A540020485540F6B8322046F5
:1083F00000F0C4FD48B394F8F40900F0020000E076
:1084000024E088B10020C4F8B40C00229FA104200D
:10841000F5F7E0F8012042F2D431214481F8EB0075
:10842000062084F8FE09D3E0D4F8F40920F40020F3
:10843000C4F8F4098248FFF70DF98249086094F8FE
:10844000FE09401C40B284F8FE09C1E0D4F8F409EA
:1084500000F40020002873D00020C4F8B40C40F6CB
:10846000BA40005B83490988884210D040F6BA4080
:10847000025B8DA10520F5F7ADF8012042F2D43161
:10848000214481F8EB00062084F8FE09A0E00020DA
:108490007949784A1288885400260F460FF220281E
:1084A00041463846F2F7E7FD054600BFDDB305F16A
:1084B0000A000178302906D14178782902D0417824
:1084C000582900D1801C0022002322E00778302F99
:1084D00006DB0778392F03DC0778303FF9B214E068
:1084E0000778612F06DB0778662F03DC0778573F94
:1084F000F9B20AE00778412F06DB0778462F03DC44
:108500000778373FF9B200E006E041EA02120123A2
:10851000401C01780029D9D100BF1BB14FF44E7126
:108520000A51012600BF66B9002268A10520F5F7AF
:1085300051F8012042F2D431214481F8EB000CE0E3
:108540000FE042F2D4302044417884F834134FF4E1
:108550004E70015963A0F6F7D5F8062084F8FE099D
:108560001BE03748FFF776F836490968401AB0F53E
:10857000FA5F12D30020C4F8B40C40F6BA40025B94
:108580005DA10520F5F726F8012042F2D4312144FF
:1085900081F8EB00062084F8FE0919E04FF4FA6236
:1085A0005CA1204600F0EAFC88B142F2D4302044BD
:1085B00090F8EB0038B1032084F810030321204623
:1085C00002F068F903E01221204602F063F900BFCF
:1085D00000BFBDE8F883000041542B485454504973
:1085E0004E49540D0A00000070726F66696C650098
:1085F000F83F002041542B48545450504152413DC3
:108600002255524C222C2200383F002041542B4846
:10861000545450414354494F4E3D300D0A00000020
:1086200070726F66696C652D6874747061637469CB
:108630006F6E2D636D642D6572726F7200000000A5
:108640001C5600203000002070726F66696C652D2A
:10865000687474702D7374617475730070726F66D2
:10866000696C652D687474702D74696D656F7574AF
:10867000000000002C0000209840002041542B48AE
:10868000545450524541443D302C000070726F6686
:10869000696C652D68747470726561642D636D64B6
:1086A0002D6572726F72000070726F66696C652D55
:1086B0006C656E2D6D69736D6174636800000000F8
:1086C000666C617368426173653D000070726F662D
:1086D000696C652D70617273652D6661696C656486
:1086E0000000000070726F66696C6520666C6173D3
:1086F000684261736500000070726F66696C652D79
:1087000068747470726561642D74696D656F7574D9
:108710000000000041542B485454505445524D0D14
:108720000A0000002DE9F047044694F8FE0928B934
:1087300094F8C50210B9032084F8FE0994F9FE09E3
:1087400009287CD2DFE800F005505E6C7F9CB5C341
:10875000D10000254FF03F0904F2E62005E010F8B3
:10876000013B29466D1C714A5354017809B13F2DD4
:10877000F5DB0FF2BC18404605E010F8013B294636
:108780006D1C6A4A5354017809B13F2DF5DB002076
:108790006649485500266BA705E017F8012B3046BF
:1087A000761C6D490A5438780028F6D1AAB23146B1
:1087B0006948F4F755FE06460D223046761C664998
:1087C0000A540A223046761C0A54002088554FF479
:1087D000FA62204600F0D2FB28B194F8FE09401C52
:1087E00040B284F8FE099EE040F6B8324F49204678
:1087F00000F0C4FB28B194F8FE09401C40B284F894
:10880000FE0990E04FF4FA6254A1204600F0B6FB56
:1088100028B194F8FE09401C40B284F8FE0982E0B9
:1088200094F8C50230B140F6B83252A1204600F0AB
:10883000A5FB38B194F8FE09401C40B200E062E0AC
:1088400084F8FE096FE094F8C50230B994F8FE0987
:10885000401C40B284F8FE0965E040F6B83246A1FB
:10886000204600F08BFB50B14948FEF7F3FE494922
:10887000086094F8FE09401C40B284F8FE0952E0FA
:1088800094F8C50270B1D4F8F40900F4803048B906
:108890003F48FEF7DFFE3F490968401A43F698213A
:1088A000884205D394F8FE09401C40B284F8FE09C2
:1088B00039E041F2883238A1204600F05FFB28B150
:1088C00094F8FE09401C40B284F8FE092BE040F603
:1088D000B83236A1204600F051FB28B194F8FE09C9
:1088E000401C40B284F8FE091DE040F6B83233A1C6
:1088F000204600F043FB28B194F8FE09401C40B22A
:1089000084F8FE090FE0002084F8C50294F8F10C09
:1089100020B10C21204601F0BDFF03E003212046D9
:1089200001F0B8FF00BF00BFBDE8F0875B47002043
:108930002F636D642F61637475616C2F6F6E6C694A
:108940006E65000041542B434D515454544F5049CF
:10895000433D302C000000009B47002041542B4336
:108960004D5154545041594C4F41443D302C310DE0
:108970000A0000003000000041542B434D51545474
:108980005055423D302C312C36302C310D0A000030
:108990001C5600207000002041542B434D5154546C
:1089A000444953433D302C36300D0A0041542B438B
:1089B0004D51545452454C3D300D0A0041542B4307
:1089C0004D51545453544F500D0A000070B5044695
:1089D00094F9FE09062850D2DFE800F003505E96B5
:1089E000BBDB40F6B83283A1204600F0C7FA00286E
:1089F00043D0B4F8F40900F4804058B140F2B51007
:108A0000005D38B17FA104F2B510F2F70FFD08B197
:108A1000012000E0002005466DB9002084F8B40173
:108A20007A48FEF717FE40F6A4410851032120467C
:108A300001F030FF70BD40F2C510005DB0B994F890
:108A4000B40128B97148FEF705FE40F6A841085167
:108A5000012084F8B4016D48FEF7FCFD40F6A44106
:108A600008510321204601F015FFE3E794F8FE09C1
:108A7000401C40B284F8FE0900BFB7E04FF4FA6230
:108A800063A1204600F07AFA28B194F8FE09401C50
:108A900040B284F8FE09A9E0002561A605E016F8B9
:108AA000012B28466D1C63490A5430780028F6D102
:108AB00000BF07E004F2C5110B5C29466D1C5D4A3E
:108AC0005354401C04F2C511095C09B15A2DF1DB65
:108AD000222228466D1C57490A540D2228466D1C37
:108AE0000A540A2228466D1C0A54002048554FF4A7
:108AF000FA72204600F042FA28B194F8FE09401CB0
:108B000040B284F8FE0971E040F6B8324AA120462E
:108B100000F034FAE0B194F8F40900F0020030B14A
:108B20000020A4F8B00C052084F8FE0910E0D4F869
:108B3000F40920F40040C4F8F4093448FEF78AFD33
:108B40004249086094F8FE09401C40B284F8FE09CE
:108B50004CE0B4F8F40900F4004030B194F8FE0998
:108B6000401C40B284F8FE0912E02848FEF772FD6E
:108B700036490968401A44F62061884208D300202B
:108B8000A4F8B00C94F8FE09401C40B284F8FE0929
:108B90002CE04FF4FA622EA1204600F0EFF920B34A
:108BA00094F8B451B4F8B00C002806DDB4F8B00C59
:108BB000B0F5C87F01DA012000E0002084F8B4019C
:108BC00045B994F8B40128B11048FEF743FD40F6CA
:108BD000A84108510D48FEF73DFD40F6A44108515B
:108BE0000321204601F056FE00BF00BF00BF00BFBA
:108BF00020E7000041542B434750414444523D314B
:108C00000D0A0000302E302E302E30001C56002071
:108C100041542B48545450494E49540D0A00000009
:108C200041542B48545450504152413D2255524CCE
:108C3000222C22008B45002041542B485454504193
:108C40004354494F4E3D300D0A00000058000020AB
:108C500041542B485454505445524D0D0A000000C5
:108C600010B5044694F9FE0910B1012828D10DE091
:108C70004FF4FA7213A1204600F080F928B194F85D
:108C8000FE09401C40B284F8FE0919E041F2883226
:108C90000FA1204600F072F988B1D4F8F40900F46D
:108CA000003010B1012184F87A1C0F48FEF7D2FC85
:108CB00040F6AC4108510321204601F0EBFD00BF16
:108CC00000BF10BD41542B434D47463D310D0A00B6
:108CD00041542B434D474C3D2252454320554E5263
:108CE000454144220D0A00001C5600202DE9F043A6
:108CF00085B0064611216846F7F7F8FA6A4627A1BB
:108D00003046FEF7D9FF06F2052500244FF05F0933
:108D10000FF2940804E018F8012B2046641C2A5432
:108D200098F800000028F6D106F2C62004E010F8FA
:108D3000013B2146641C6B54017809B15F2CF6DBC2
:108D40001CA704E017F8012B2046641C2A5438782D
:108D500008B15F2CF6DB06F2E62004E010F8013BD8
:108D60002146641C6B54017809B15F2CF6DB5F2C43
:108D700003DA2F222046641C2A54684604E010F8C7
:108D8000013B2146641C6B54017809B15F2CF6DB72
:108D90000020285505B0BDE8F08300006C696E6BBB
:108DA000546F6B656E00000068747470733A2F2FF7
:108DB000000000002F676F2F000000003EB5044642
:108DC00004F54E7002AB04F54C7204F217310090BA
:108DD000244803F0BBFE40F2163108550846005DFA
:108DE00050B9002140F2173001554FF44C70015139
:108DF0004FF44E7001511FE0002104F217300EE0D5
:108E00000278302A02DB0278392A01DD00210BE0EA
:108E10000278303A01EB810302EB4301401C0278F7
:108E200012B102782E2AEBD1FF2901D8C8B200E096
:108E3000002084F8340300BF01AB04F5567204F23D
:108E40003D31084804F080F884F83C0394F83C0372
:108E500030B9002140F23D3001554FF456700151B8
:108E60003EBD00007C01002010B50446012143F204
:108E7000C240015501A0F9F7C5FA10BD5B41555438
:108E80004F5245475D207265717565737465640D59
:108E90000A000000012280F8F32C704702460021EE
:108EA0000DE001EB4100C0EB811302F6F4401844E1
:108EB00090F83C0008B101207047481CC1B26029FD
:108EC000EFDB0020F8E7000070B506460D460024F1
:108ED00013E004EB840101EBC4010A4A8818294617
:108EE000F8F774FE38B104EB840000EBC4000549C8
:108EF0000844007970BD601CC4B2092CE9DB002075
:108F0000F8E70000A0F503082DE9F04107460E46FA
:108F1000154600242BE004EB840101EBC401164A42
:108F200088183146F8F752FE00B91EE000210EE025
:108F300004EB840000EBC4000F4A1044401D405C69
:108F4000A84202D10120BDE8F081481CC1B2082925
:108F500009DA04EB840000EBC400074A1044401D0A
:108F6000405C0028E4D10020EDE7601CC4B2092C6D
:108F7000D1DB0020E7E70000A0F503082DE9F04170
:108F800004460E46174641F20555304605E005EB0E
:108F90004511027881EA0205401C01780029F6D1CA
:108FA00018480068854210D0164805600020C4F8B3
:108FB000F4091548FEF74EFB144908603146204677
:108FC00001F0BAFC0020BDE8F08140F60301D4F8BE
:108FD000F409084008B10120F5E70B48FEF73AFB19
:108FE0000A490968401AB8420AD3D4F8F40940F093
:108FF0000400C4F8F4090020024908600120E2E7F7
:109000000020E0E7380000201C5600203C00002033
:109010002DE9F84F044642F2D430204440787928B4
:1090200001D1012000E0002006460EB1402000E002
:109030006820804694F9FE091A2828D2DFE810F04B
:109040001A0028006B009800D5004001A2012700FB
:1090500027002700DE019E02FC023E039D030F0451
:109060007704210550052700AE05270027002700BB
:109070002700A3054FF4FA62F7A12046FFF77EFF11
:1090800028B194F8FE09401C40B284F8FE0974E24D
:10909000F5A0009042F2D4302044427842F2D4301D
:1090A00023189B1C04F2C621F348F4F7CBFD0025DE
:1090B000F2A705E017F8012B28466D1CF4490A5465
:1090C00038780028F6D1EC4805E010F8013B294635
:1090D0006D1CEF4A5354017809B1B92DF5DB2222FA
:1090E00028466D1CEA490A540D2228466D1C0A5474
:1090F0000A2228466D1C0A54002048554FF4FA7283
:109100002046FFF73BFF28B194F8FE09401C40B20F
:1091100084F8FE09BBE740F6B832DEA12046FFF72F
:109120002DFF20B394F8F40900F0020070B1002282
:10913000DDA10220F4F74EFA012042F2D43121449D
:1091400081F8EB00142084F8FE0910E0D4F8F4094B
:1091500020F40040C4F8F409DA48FEF77BFADA4953
:10916000086094F8FE09401C40B284F8FE098EE7BE
:10917000B4F8F40900F40040F0B1B4F8B00CC82819
:1091800003D140F6B240005B78B9B4F8B02CCFA15F
:109190000320F4F71FFA012042F2D431214481F870
:1091A000EB00142084F8FE091EE094F8FE09401C30
:1091B00040B284F8FE0917E0C248FEF74BFAC249F4
:1091C0000968401A44F6206188420DD30022C3A1E9
:1091D0000320F4F7FFF9012042F2D431214481F851
:1091E000EB00142084F8FE0951E740F6B24030F855
:1091F0000490B9F1D00F01D94FF0D00942F2D43028
:10920000204400F58050A0F8EC9042F2D430204485
:109210001A30C4F8B40CD02140F6B84001530021F4
:10922000801C0153801C01530025B1A705E017F8ED
:10923000012B28466D1C96490A5438780028F6D12F
:109240004A4629469248F4F70BF905460D2228466E
:109250006D1C8F490A540A2228466D1C0A540020AE
:10926000485540F6B8322046FFF788FE38B394F8E8
:10927000F40900F0020088B10020C4F8B40C002208
:109280009FA10420F4F7A6F9012042F2D431214431
:1092900081F8EB00142084F8FE09F8E6D4F8F4090C
:1092A00020F40020C4F8F4098648FEF7D3F9864973
:1092B000086094F8FE09401C40B284F8FE09E6E616
:1092C00042F2D430204400F58050B0F8EC50D4F88D
:1092D000F40900F40020B8B30020C4F8B40C40F640
:1092E000BA40005BA84210D040F6BA40025B8AA1A7
:1092F0000520F4F76FF9012042F2D431214481F8BE
:10930000EB00142084F8FE09C1E640F6BA41085B80
:1093100000EBD07149104FF4457211531046005BB9
:10932000404501DDA4F81483002140F212300153BE
:10933000801C015B7DA0F5F7E5F994F8FE09401C5F
:1093400040B284F8FE091CE0FFE75E48FEF782F9B0
:109350005D490968401AB0F5FA5F12D30020C4F8DD
:10936000B40C40F6BA40025B74A10520F4F732F960
:10937000012042F2D431214481F8EB00142084F81A
:10938000FE0984E60127002516E026B1294671482A
:1093900003F0F8FD03E029466E4803F00FFD814617
:1093A00042F2D43020441A3030F81500484501D03C
:1093B000002706E0681C85B24FF44570005BA842A8
:1093C000E3DC47B14FF44570015B801E015314206C
:1093D00084F8FE0911E060A0009042F2D4302044ED
:1093E000427842F2D43023189B1C04F2C621224852
:1093F000F4F728FC0A2084F8FE09BEE040F212309F
:10940000015B801C005B814203DB142084F8FE09B1
:10941000B3E036B140F21230015B4E4803F0B2FDCA
:1094200005E040F21230015B4A4803F0C7FC40F20D
:1094300012310A5B42F2D43121441A3131F8121050
:10944000884208D140F21230005B401C81B240F2E9
:1094500012300153F5E387E041542B4854545049EE
:109460004E49540D0A0000006669726D776172659D
:109470002E63726331360000983E002041542B4821
:10948000545450504152413D2255524C222C2200FE
:10949000D83D002041542B48545450414354494F27
:1094A0004E3D300D0A0000006372632D68747470C5
:1094B000616374696F6E2D636D642D6572726F7276
:1094C000000000001C560020280000206372632D5D
:1094D000687474702D737461747573006372632D96
:1094E000687474702D74696D656F75740000000088
:1094F00041542B48545450524541443D302C0000B7
:109500006372632D68747470726561642D636D6439
:109510002D6572726F7200006372632D6C656E2D23
:109520006D69736D61746368000000006372632D80
:109530006F6B2D7061676573000000006372632DAF
:1095400068747470726561642D74696D656F75748B
:10955000000000007C0100206669726D7761726511
:109560002E62696E00000000002042F2D4312144D6
:1095700081F8EA000B2084F8FE0962E30025AFF2CF
:10958000041A05E01AF8012B28466D1CFA490A5402
:109590009AF800000028F5D1F84805E010F8013BE2
:1095A00029466D1CF44A5354017809B1962DF5DB18
:1095B000F3A705E017F8012B28466D1CEE490A5465
:1095C00038780028F6D140F21230005BC2022946FA
:1095D000E948F3F745FF05460FF2B03905E019F801
:1095E000012B28466D1CE4490A5499F80000002814
:1095F000F5D14FF400622946DF48F3F731FF054605
:10960000222228466D1CDC490A540D2228466D1C76
:109610000A540A2228466D1C0A54002048554FF46B
:10962000FA722046FFF7AAFC28B194F8FE09401C04
:1096300040B284F8FE0904E340F6B832AFF2AC1150
:109640002046FFF79BFCC0B394F8F40900F0020039
:1096500010B342F2D430204490F8EA00401CC0B26B
:1096600042F2D431214481F8EA00052810DB40F2AF
:109670001230025BC7A10C20F3F7ACFF012042F2CD
:10968000D431214481F8EB00142084F8FE0902E073
:10969000192084F8FE09D4E2D4F8F40920F400403B
:1096A000C4F8F409C248FDF7D5FFC249086094F830
:1096B000FE09401C40B284F8FE09C2E2B4F8F40985
:1096C00000F4004060B3B4F8B00CC82821D042F2D6
:1096D000D430204490F8EA00401CC0B242F2D431A9
:1096E000214481F8EA0005280FDBB4F8B02CB2A1C0
:1096F0000D20F3F76FFF012042F2D431214481F8AD
:10970000EB00142084F8FE0902E0192084F8FE0919
:1097100097E294F8FE09401C40B284F8FE092BE061
:10972000A348FDF797FFA3490968401A43F698211B
:10973000884221D342F2D430204490F8EA00401C01
:10974000C0B242F2D431214481F8EA00052810DB8E
:1097500040F21230025B9FA10D20F3F73BFF012086
:1097600042F2D431214481F8EB00142084F8FE0940
:1097700002E0192084F8FE0963E242F2D43020446A
:10978000EC30C4F8B40C4FF4006140F6B84001531B
:109790000021801C0153801C01530025AFF2B0272B
:1097A00005E017F8012B28466D1C73490A543878D8
:1097B0000028F6D14FF4006229466F48F3F750FEB7
:1097C00005460D2228466D1C6B490A540A2228467C
:1097D0006D1C0A540020485540F6B8322046FFF769
:1097E000CDFBD8B394F8F40900F0020028B30020B0
:1097F000C4F8B40C42F2D430204490F8EA00401C83
:10980000C0B242F2D431214481F8EA00052810DBCD
:1098100040F21230025B77A10E20F3F7DBFE01204D
:1098200042F2D431214481F8EB00142084F8FE097F
:1098300002E0192084F8FE0903E2D4F8F40920F4C8
:109840000020C4F8F4095A48FDF704FF594908609C
:1098500094F8FE09401C40B284F8FE09F1E1D4F806
:10986000F40900F4002090B30020C4F8B40C40F6D2
:10987000BA40005BB0F5006F22D042F2D4302044F1
:1098800090F8EA00401CC0B242F2D431214481F881
:10989000EA00052810DB40F21230025B5CA10F20C9
:1098A000F3F798FE012042F2D431214481F8EB0015
:1098B000142084F8FE0902E0192084F8FE09C0E1B2
:1098C00094F8FE09401C40B284F8FE092EE0FFE740
:1098D0003748FDF7BFFE37490968401AB0F5FA5F0F
:1098E00024D30020C4F8B40C42F2D430204490F8C1
:1098F000EA00401CC0B242F2D431214481F8EA00AF
:10990000052810DB40F21230025B48A10F20F3F76C
:1099100061FE012042F2D431214481F8EB00142091
:1099200084F8FE0902E0192084F8FE0989E14FF469
:10993000006142F2D4302044EC30F3F72DFE40F2C7
:1099400012310A5B42F2D43121441A3131F812103B
:1099500088427BD042F2D430204490F8EA00401C88
:10996000C0B242F2D431214481F8EA0005287DDBFF
:1099700040F21230025B6BE0D83D0020983E0020A0
:109980003F6F66667365743D00000000266C656E6F
:109990003D000000706167652D68747470616374C8
:1099A000696F6E2D636D642D7265747269657300E5
:1099B0001C56002028000020706167652D687474B3
:1099C000702D7374617475732D726574726965732B
:1099D00000000000706167652D68747470616374C5
:1099E000696F6E2D74696D656F75742D7265747213
:1099F00069657300706167652D6874747072656164
:109A0000642D636D642D7265747269657300000066
:109A1000706167652D6C656E2D6D69736D61746322
:109A2000682D726574726965730000007061676506
:109A30002D68747470726561642D74696D656F75DD
:109A4000742D7265747269657300000012E00DE098
:109A50007DA11020F3F7BEFD012042F2D431214454
:109A600081F8EB00142084F8FE09EAE0192084F85C
:109A7000FE09E6E094F8FE09401C40B284F8FE09B5
:109A8000DFE056B140F21230015B42F2D4302218CE
:109A9000EC32744803F092FA09E040F21230015BB4
:109AA00042F2D4302218EC326E4803F03FFA80B90B
:109AB00040F21230025B6CA11120F3F78BFD012004
:109AC00042F2D431214481F8EB00142084F8FE09DD
:109AD000B7E094F8FE09401C40B284F8FE09B0E0FB
:109AE0005EB140F21230015B42F2D430221802F62D
:109AF000EC025C4803F038FA0AE040F21230015BF5
:109B000042F2D430221802F6EC02564803F074F800
:109B10004FF4006242F2D430211801F6EC012044E7
:109B2000EC30F1F7BAFA10B342F2D430204490F896
:109B3000EA00401CC0B242F2D431214481F8EA006C
:109B4000052810DB40F21230025B4CA11220F3F723
:109B500041FD012042F2D431214481F8EB00142070
:109B600084F8FE096DE0192084F8FE0969E040F2EE
:109B70001230005B401C81B240F2123001530A20C7
:109B800084F8FE095DE04FF4FA6244A12046FFF735
:109B9000F5F910B10B2084F8FE0952E04FF4FA6297
:109BA00041A12046FFF7EAF9B0B342F2D430204495
:109BB00090F8EB0040BB4FF44570005BC7020EB15C
:109BC0003D4900E03D4908463946F3F7E5FC0546C6
:109BD0004EB12B463A4642F2D4302118891C214816
:109BE00003F0DCF90CE04FF44E7000592B463A4676
:109BF000009042F2D4302118891C1A4803F0F6F87C
:109C00002046FFF7DBF800BF42F2D430204490F842
:109C1000EB0010B1032001E012E0022084F81003F1
:109C200042F2D431214491F8EB1009B124A100E0B3
:109C300027A10846F3F726FD0321204600F02AFE5F
:109C400000BF00BFBDE8F88F706167652D63726368
:109C50002D6D69736D617463682D726574726965C9
:109C6000730000007C010020666C6173682D7772C0
:109C70006974652D6661696C65640000666C61736A
:109C8000682D7665726966792D6D69736D6174638F
:109C9000682D7265747269657300000041542B432E
:109CA00053510D0A0000000041542B4854545054A5
:109CB00045524D0D0A00000000A0000800B0040845
:109CC000726573756C743D4552524F52000000002E
:109CD000726573756C743D444F4E450010B5044673
:109CE00004F5727003F0ECFB10BD00002DE9F047A5
:109CF0000446CF48FDF7AEFC064694F8B90330B1F0
:109D0000607810B194F8BB0308B1012000E0002096
:109D10000546C848007840B10020C6490870C648CA
:109D2000057094F8BC03C5490870C3480078A84280
:109D30001FD0C14805709DB9002084F8B40194F883
:109D4000C50240B1012184F8F11C1021204600F029
:109D5000A1FDBDE8F0870C21204600F09BFDF8E74F
:109D600094F8BC03B54908700A21204600F092FD22
:109D7000EFE7F5B194F8BC03B0490978884218D0F0
:109D800094F8BC03AD490870002084F8B4010121A7
:109D900084F8F21C94F8C50230B184F8F11C10214B
:109DA000204600F077FDD4E70C21204600F072FD3C
:109DB000CFE71DB994F8BC03A049087094F8C50218
:109DC00050B194F8B40138B9012184F8F11C102184
:109DD000204600F05FFDBCE794F8F30C90B1002141
:109DE00084F8F31C94F8C50230B184F8F11C1021FA
:109DF000204600F04FFDACE7A6F59850883840F6B5
:109E0000A841085142F2D430005D00B394F8B40187
:109E1000E8B1002142F2D4300155012084F810034A
:109E200040F212300153002042F2D431214481F833
:109E3000EB0042F2D43020444078792801D112203E
:109E400000E011200146204600F024FD81E743F2A6
:109E5000C240005DA0B194F8B40188B1002143F282
:109E6000C2400155002043F2C241214481F829003B
:109E7000012084F85C031321204600F00BFD68E705
:109E800094F87A0C58B1002184F87A1C94F8791C63
:109E900084F8781C0421204600F0FCFC59E794F873
:109EA000FF09D8BB00273CE0C7EB071000EB871188
:109EB00004F5206000EB410090F89D0078B3C7EBFB
:109EC000071000EB871204F5206000EB42010F221F
:109ED00004F13800F1F77EFA002147200155C7EB65
:109EE000071000EB871204F5206000EB420000F140
:109EF00010018C2204F14800F1F76CFA002184F87B
:109F0000D410C7EB071000EB871204F5206000EBBC
:109F1000420080F89D10012084F8FF0903E0FFE76C
:109F20007F1C042FC0DB94F8FF0920B105212046D7
:109F300000F0B0FC0DE794F87B0C20B1092120461D
:109F400000F0A8FC05E7D4F89C0C301A47F2305119
:109F5000884204D30621204600F09CFCF9E62078D4
:109F600010B14EF6602001E041F2883080464FF497
:109F70004A600059301A404504D30721204600F0BA
:109F800089FCE6E695B140F6A4400059301A4EF639
:109F9000602188420AD394F8B40108B10B2000E094
:109FA0000A200146204600F075FCD2E640F6AC409F
:109FB0000059301A2249884204D30821204600F073
:109FC00069FCC6E640F2C620005D38B194F8E602AE
:109FD00020B194F8F60208B1012000E0002081468B
:109FE000C5B194F8B401A8B194F8C50290B9B9F11B
:109FF000000F0FD040F6A8400059301A41F28831C6
:10A00000884207D340F6A84006510D21204600F0B3
:10A0100041FC9EE694F8C50240B12046FEF73EFFA3
:10A0200020B10F21204600F035FC92E600BF90E6FB
:10A030001C5600204D0000204E0000204F00002044
:10A04000C0D4010010B5044694F9FE09102879D255
:10A05000DFE800F008162432404E5C6A798D9BA937
:10A06000B7C5D3E140F6B8328AA12046FEF786FF95
:10A0700028B194F8FE09401C40B284F8FE0906E1BC
:10A080004FF47A7285A12046FEF778FF28B194F844
:10A09000FE09401C40B284F8FE09F8E04FF49672C5
:10A0A00080A12046FEF76AFF28B194F8FE09401C03
:10A0B00040B284F8FE09EAE04FF4FA727CA120462F
:10A0C000FEF75CFF28B194F8FE09401C40B284F80A
:10A0D000FE09DCE041F2883278A12046FEF74EFF0F
:10A0E00028B194F8FE09401C40B284F8FE09CEE085
:10A0F0004FF4967275A12046FEF740FF28B194F800
:10A10000FE09401C40B284F8FE09C0E04FF47A72A8
:10A1100073A12046FEF732FF28B194F8FE09401CD7
:10A1200040B284F8FE09B2E041F288326FA12046C5
:10A13000FEF724FF28B194F8FE09401C40B284F8D1
:10A14000FE09A4E075E0012084F8FC0940F6B8326D
:10A1500069A12046FEF712FF40B1002084F8FC09F7
:10A1600094F8FE09401C40B284F8FE098FE040F6E6
:10A17000B83264A12046FEF701FF28B194F8FE0929
:10A18000401C40B284F8FE0981E04FF4967260A151
:10A190002046FEF7F3FE28B194F8FE09401C40B2B9
:10A1A00084F8FE0973E04FF4FA625CA12046FEF7E2
:10A1B000E5FE28B194F8FE09401C40B284F8FE097F
:10A1C00065E04FF4967258A12046FEF7D7FE28B1FD
:10A1D00094F8FE09401C40B284F8FE0957E04FF4A1
:10A1E000FA6255A12046FEF7C9FE28B194F8FE098F
:10A1F000401C40B284F8FE0949E04FF4967251A128
:10A200002046FEF7BBFE28B194F8FE09401C40B280
:10A2100084F8FE093BE040F6B8324EA12046FEF736
:10A22000ADFE28B194F8FE09401C40B284F8FE0946
:10A230002DE04BA0F8F7E6F8E17809B1E11C00E069
:10A240004CA10846F8F7DEF84BA0F8F7DBF894F8D5
:10A25000281011B104F1280100E046A10846F8F7E2
:10A26000D1F80FA0F8F7CEF84548FDF7F3F94FF411
:10A270004A610851C4F89C0C94F8B90308B10A204B
:10A2800000E003200146204600F004FB00BF00BFB1
:10A2900010BD000041540D0A00000000415445303B
:10A2A0000D0A000041542B434D45453D320D0A0037
:10A2B00041542B434D47463D310D0A0041542B4339
:10A2C0004D47443D312C340D0A00000041542B43CE
:10A2D0004E4D493D322C312C302C302C300D0A00A3
:10A2E00041542B4353510D0A0000000041542B43AD
:10A2F00049434349440D0A0041542B4347534E0DF3
:10A300000A00000041542B434E554D0D0A00000039
:10A3100041542B435245473D320D0A0041542B43D3
:10A320005245473F0D0A000041542B4345524547D3
:10A330003D320D0A0000000041542B434552454771
:10A340003F0D0A0041542B434F50533D332C320DE7
:10A350000A00000041542B434F50533F0D0A0000A8
:10A360004D6F64656D2072656164792E20494D459D
:10A37000493D00003F0000002053494D3D000000D2
:10A380001C56002070B5044694F8FE0900284ED1F2
:10A39000002528A605E016F8012B28466D1C284943
:10A3A0000A5430780028F6D100BF07E004F67C415B
:10A3B0000B5C29466D1C224A5354401C04F67C4118
:10A3C000095C31B104F67C41095C232901D02C2DB4
:10A3D000ECDB222229466D1C194842540D222846E6
:10A3E0006D1C17490A540A2228466D1C0A54002085
:10A3F000485543F698222046FEF7C0FDB0B194F8C8
:10A40000F40900F0040010B10EA0F7F7FBFF94F878
:10A41000F40900F0020010B10FA0F7F7F3FF0020DD
:10A4200084F87B0C0321204600F034FA00BF00BF03
:10A4300070BD000041542B435553443D312C220044
:10A44000FB4400205B555353445D2074696D656F78
:10A4500075740D0A000000005B555353445D206580
:10A4600072726F720D0A000038B504469DE043F227
:10A47000EC40015B005B401C83B243F2EC400353B1
:10A4800004F5727003F073F8054643F2EC40005B8C
:10A49000B0F5806F03DB002143F2EC400153D4F8A8
:10A4A000B40C08B340F6BC40005B00281CDD40F64D
:10A4B000BA40015B801E005B814205DA40F6BA407B
:10A4C000005BD4F8B41C0D5440F6BA40005B401C4D
:10A4D00081B240F6BA400153801C005B401E81B23D
:10A4E00040F6BC40015360E0002000908DF8005021
:10A4F0003348007818B16846F7F784FF0FE0314819
:10A50000007820B1F5F7C4FA00202E49087068469B
:10A51000F7F70EFE0A2D02D101202A4908703E2DC0
:10A520000CD143F2EC402044B0F8420130B9D4F8E9
:10A53000F40940F40060C4F8F40936E00A2D14D19F
:10A54000002143F2EC402044B0F8422143F2EC40B9
:10A550002044801C8154204601F064F8002043F21E
:10A56000EC412144A1F842011EE00D2D1CD043F224
:10A57000EC402044B0F84201B0F59F7F14DC43F278
:10A58000EC402044B0F8421143F2EC402044B0F8D3
:10A590004201401C43F2EC422244A2F8420143F241
:10A5A000EC402044801C455400BF04F5727002F05A
:10A5B00083FF43F2EC41095B88427FF458AF38BD1A
:10A5C00074000020400000202DE9F041044600BF47
:10A5D000B4F8E819D4F8E409F2F7F5F908B1012064
:10A5E00000E0002008B9BDE8F0812046FFF73CFFFD
:10A5F0004648007830B346480678002E21DD002515
:10A60000002010E0434A115C0A2905D10D272A4693
:10A610006B1CDDB2404B9F542A466B1CDDB23E4B97
:10A620009954411CC8B2B04201DA7F2DEAD3002010
:10A63000374908702A46384904F5727002F075FFF0
:10A6400000BFD0E794F8FD0914285BD2DFE800F0E2
:10A650000A0E12161A1E22262A2E32363A3E42467A
:10A660004A4E5256204600F0BBFD4BE02046FDF717
:10A67000EBFA47E02046FFF7E5FC43E02046FFF712
:10A6800035FB3FE0204600F029FE3BE0204600F08D
:10A69000D3FE37E0204600F087FD33E02046FCF78C
:10A6A000FFFF2FE02046FEF7DBFA2BE02046FFF706
:10A6B00069FE27E0204600F069F923E02046FEF716
:10A6C00085F91FE02046FDF77FFB1BE02046FDF7E4
:10A6D000ADF817E0204600F09DFC13E0204600F0A6
:10A6E000BBFA0FE02046FEF71DF80BE02046FDF711
:10A6F00081FD07E02046FEF78BFC03E02046FDF7D6
:10A7000083FB00BF00BF00BF6DE7000074000020A6
:10A7100075000020CB470020583D00202DE9F04176
:10A7200004460E46174616B130782B2801D0BDE8F6
:10A73000F0813DA0F7F766FE3046F7F763FE3DA0D7
:10A74000F7F760FE3846F7F75DFE3BA0F7F75AFED5
:10A7500094F8C40300B1EAE794F8FF09A8B90F22FE
:10A76000314604F13800F0F735FE0021472001554D
:10A770008C22394604F14800F0F72CFE002184F8C1
:10A78000D410012084F8FF09D1E7002547E0C5EB8C
:10A79000051000EB851104F5206000EB410090F8F6
:10A7A0009D00D0BBC5EB051101EB851204F52061BE
:10A7B00001EB42000F223146F0F70CFE0021C5EB01
:10A7C000051000EB851204F5206000EB4200C17318
:10A7D000C5EB051101EB851204F5206101EB420187
:10A7E00001F110008C223946F0F7F4FD0021C5EB91
:10A7F000051000EB851204F5206000EB420080F8A4
:10A800009C100121C5EB051000EB851204F52060BA
:10A8100000EB420080F89D1089E7FFE76D1C042DD6
:10A82000B5DB00BF83E700005B534D535D20746FC1
:10A830003A200000207C20000D0A00002DE9F041A4
:10A8400004460E4626B1307810B194F87B0C08B15E
:10A85000BDE8F0811F22314604F67C40F0F7BAFDD6
:10A86000002140F69B40015504F67C474FF0230839
:10A8700041463846F0F761FC054600BF0DB10020A7
:10A88000687094F87C0C00B9E2E7012084F87B0C36
:10A8900000BFDDE780F8FD19002280F8FE29C0F82E
:10A8A000F42980F8FC297047F8B504460D46164691
:10A8B00042F2D430204445701722314642F2D4305F
:10A8C0002044801CF0F786FD002142F2D430204461
:10A8D0004176012142F2D43001550EA0F7F792FDE6
:10A8E0002A4600216846F2F7BBFD074600200DF816
:10A8F00007006846F7F786FD0BA0F7F783FD42F2E5
:10A90000D4302044801CF7F77DFD0AA0F7F77AFDCC
:10A91000F8BD00005B4F54415D2073746172742078
:10A92000747970653D0000002076657273696F6E02
:10A930003D0000000D0A000070B506460D460024DB
:10A9400006E015F8012B2046611C8CB20D490A5413
:10A95000287810B1B4F5FF7FF3DD04B970BD002095
:10A9600008490855224606F5727002F0DEFDF5F73B
:10A970008FF805A0F7F7DCFB0248F7F7D9FB00BF1B
:10A98000ECE70000B84100203E3E20002DE9F047F2
:10A9900004468AA104F5C570F0F748FD08B9012006
:10A9A00000E00020064694F8650210B104F265202C
:10A9B00003E00EB183A000E086A0814694F88502F2
:10A9C00010B104F2852003E00EB183A000E081A065
:10A9D000074694F8A50210B104F2A52003E00EB1D9
:10A9E0007FA000E07BA0824694F9FE0906287DD274
:10A9F000DFE800F003174FABB9CB94F8BC0308B104
:10AA000078A000E07BA001464FF496722046FEF746
:10AA1000B5FA28B194F8FE09401C40B284F8FE094A
:10AA2000C9E000250FF2D81805E018F8012B2846D8
:10AA30006D1C78490A5498F800000028F5D100BF31
:10AA400006E019F8003029466D1C724A5354401C28
:10AA500019F8001009B13A2DF3DB222228466D1CAB
:10AA60006C490A540D2228466D1C0A540A222846B5
:10AA70006D1C0A54002048554FF496722046FEF78C
:10AA80007DFA28B194F8FE09401C40B284F8FE0912
:10AA900091E0387830B994F8FE09401C40B284F84F
:10AAA000FE0988E000250FF2701805E018F8012B68
:10AAB00028466D1C57490A5498F800000028F5D123
:10AAC00000BF05E03B5C29466D1C524A5354401CB4
:10AAD000395C09B1282DF5DB222228466D1C4D4931
:10AAE0000A542C2228466D1C0A5400E058E0222209
:10AAF00028466D1C0A54002006E01AF8003029464A
:10AB00006D1C444A5354401C1AF8001009B1582DCA
:10AB1000F3DB222228466D1C3E490A540D222846AA
:10AB20006D1C0A540A2228466D1C0A540020485500
:10AB30004FF496722046FEF721FA28B194F8FE09E8
:10AB4000401C40B284F8FE0935E042F2107236A192
:10AB50002046FEF713FA28B194F8FE09401C40B2D3
:10AB600084F8FE0927E043F6982233A12046FEF739
:10AB700005FA48B194F8F40900F0020008B1052084
:10AB800000E0062084F8FE0915E04FF4FA622EA1D9
:10AB90002046FEF7F3F910B1062084F8FE090AE01A
:10ABA0002C48FCF757FD40F6A44108510B212046E4
:10ABB000FFF770FE00BF00BFBDE8F08732363230CD
:10ABC00031000000696E7465726E65742E74656C78
:10ABD000656B6F6D0000000074656C656B6F6D00D8
:10ABE000746D000041542B434E4D503D31330D0ADE
:10ABF0000000000041542B434E4D503D320D0A00E1
:10AC000041542B434744434F4E543D312C2249502D
:10AC1000222C22002B45002041542B434741555400
:10AC2000483D312C332C220041542B43474154548E
:10AC30003D310D0A0000000041542B43474143546D
:10AC40003D312C310D0A000041542B434545520D36
:10AC50000A0000001C5600202DE9F047044694F835
:10AC6000C50228B903212046FFF714FEBDE8F0878E
:10AC700094F9FE09062877D2DFE800F003AFC5FE9D
:10AC8000FDFCC748007800286CD1814600BF19E060
:10AC9000C44A12780244602392FBF3FC03FB1C229B
:10ACA000D1B201EB4102C2EB811304F6F4421A4423
:10ACB00092F83C2022B1BC4A11704FF0010903E028
:10ACC000411CC8B26028E3DBB9F1000F04D10321B5
:10ACD0002046FFF7DFFDC9E7B3480078401C60213C
:10ACE00090FBF1F201FB1200AE4908700120AC4963
:10ACF00008700020AD49087000254FF03F0A04F2AB
:10AD0000E62005E010F8013B29466D1CA84A535483
:10AD1000017809B13F2DF5DB0FF29828404605E098
:10AD200010F8013B29466D1CA14A5354017809B122
:10AD30003F2DF5DB9C49097801EB4102C2EB811202
:10AD400004F6F441501805E010F8013B29466D1C4B
:10AD5000974A5354017809B13F2DF5DB00209449FF
:10AD6000485500BF002600E0ECE096A705E017F884
:10AD7000012B3046761C98490A5438780028F6D1C1
:10AD80008B48F0F7E5F985B22A4631469248F2F74A
:10AD900067FB06460D223046761C8F490A540A226C
:10ADA0003046761C0A54002088554FF4FA6220463B
:10ADB000FEF7E4F880B194F8F40900F0020010B155
:10ADC00001207A49087094F8FE09401C40B284F8CA
:10ADD000FE09002072490870DFE040F6B83274497D
:10ADE0002046FEF7CBF868B194F8F40900F00200B1
:10ADF00010B101206D49087094F8FE09401C40B262
:10AE000084F8FE09C9E06849097801EB4102C2EB08
:10AE1000811204F6F441114401F11800F0F798F999
:10AE2000074600256DA605E016F8012B28466D1C87
:10AE300069490A5430780028F6D1BAB229466648E2
:10AE4000F2F70EFB05460D2228466D1C62490A5496
:10AE50000A2228466D1C0A54002048554FF4FA6215
:10AE60002046FEF78BF888B194F8F40900F0020050
:10AE700030B102E046E02AE009E001204B490870C9
:10AE800094F8FE09401C40B284F8FE0985E046486B
:10AE9000007800EB4002C2EB801204F6F44010444C
:10AEA00000F1180140F6B8322046FEF767F868B1A5
:10AEB00094F8F40900F0020010B101203B49087039
:10AEC00094F8FE09401C40B284F8FE0965E040F6A3
:10AED000B83247A12046FEF751F890B194F8F40932
:10AEE00000F0020010B10120304908704648FCF71C
:10AEF000B1FB4649086094F8FE09401C40B284F852
:10AF0000FE094AE0D4F8F40900F4803030B194F836
:10AF1000FE09401C40B284F8FE0912E03A48FCF7F2
:10AF200099FB3A490968401A43F69821884208D3A8
:10AF300001201E49087094F8FE09401C40B284F8B4
:10AF4000FE092AE000211848007800EB4002C2EB1D
:10AF5000801204F6F440104480F83C101348007846
:10AF600080B12B480078052804DA29480078401C75
:10AF70002749087026480078052809DB002084F856
:10AF8000C50205E0002022490870012084F8C502AE
:10AF900003212046FFF77EFC00BF00BF00BF65E62F
:10AFA0006E00002065000020640000206C0000207E
:10AFB000FB4600202F636D642F61637475616C2FF5
:10AFC0000000000041542B434D515454544F5049FC
:10AFD000433D302C000000003B47002041542B43F0
:10AFE0004D5154545041594C4F41443D302C000078
:10AFF00041542B434D5154545055423D302C312C2B
:10B0000036302C310D0A00001C560020680000204C
:10B010006D0000202DE9F047044694F8C50228B9D8
:10B0200003212046FFF736FCBDE8F08794F9FE09BE
:10B0300020B1012855D0022872D165E000264FF0DA
:10B040002F0904F2E62005E010F8013B3146761C9A
:10B05000494A5354017809B12F2EF5DB0FF21C1821
:10B06000404605E010F8013B3146761C424A5354F5
:10B07000017809B12F2EF5DB00203F4988550025C6
:10B0800042A705E017F8012B28466D1C43490A54D6
:10B0900038780028F6D1B2B229464048F2F7E0F9F4
:10B0A00005462C2228466D1C3C490A54312228466C
:10B0B0006D1C0A540D2228466D1C0A540A2228468B
:10B0C0006D1C0A54002048554FF4FA622046FDF7E3
:10B0D00055FF28B194F8FE09401C40B284F8FE09DF
:10B0E00046E040F6B83224492046FDF747FF50B10C
:10B0F0002B48FCF7AFFA2B49086094F8FE09401C76
:10B1000040B284F8FE0933E0D4F8F40900F480304A
:10B1100038B194F8FE09401C40B284F8FE0913E0EF
:10B1200013E01F48FCF796FA1E490968401A42F2DC
:10B130001071884208D3FF2084F8C00C94F8FE09EF
:10B14000401C40B284F8FE0912E094F8C00C38B9F3
:10B15000012084F8C50203212046FFF79BFB06E08F
:10B16000002184F8F11C10212046FFF793FB00BF5B
:10B1700000BF00BF58E70000AB4600202F636D649E
:10B180002F646573697265642F23000041542B435B
:10B190004D5154545355423D302C0000DB460020A5
:10B1A0001C5600206000002010B504464FF47A724F
:10B1B00007A12046FDF7E2FE40B10848FCF74AFA35
:10B1C000C4F89C0C03212046FFF764FB10BD00006F
:10B1D00041542B4353510D0A000000001C5600201F
:10B1E00010B5044694F9FE0930B101280ED00228AA
:10B1F00039D003285FD150E030A0F7F703F994F875
:10B20000FE09401C40B284F8FE0954E04FF47A7203
:10B210002EA12046FDF7B2FE20B394F8F40900F009
:10B22000010020B101212046FFF734FB1AE000BFE6
:10B2300094F8E209142803D094F8E209102805D103
:10B24000B4F8E019D4F8DC09F1F7C8FB00BF2148D5
:10B25000FCF700FA2049086094F8FE09401C40B24F
:10B2600084F8FE0927E01B48FCF7F4F91A4909683D
:10B27000401A40F2DC5188420ED304F6DC1001F093
:10B28000ACF81448FCF7E6F91349086094F8FE0995
:10B29000401C40B284F8FE090DE00E48FCF7DAF9D4
:10B2A0000D490968401AB0F5FA7F03D30121204601
:10B2B000FFF7F0FA00BF00BF10BD00004D6F6465DE
:10B2C0006D3A20636865636B0D0A000041540D0AF6
:10B2D000000000001C5600204400002070B5044609
:10B2E00094F9FE0920B1012810D002280DD174E094
:10B2F0004FF4FA7240A12046FDF740FE28B194F8C1
:10B30000FE09401C40B284F8FE0972E000253DA60B
:10B3100005E016F8012B28466D1C3D490A5430788B
:10B320000028F6D194F8780C0A280ADB94F8780CF7
:10B330000A2190FBF1F03030C2B228466D1C34492E
:10B340000A5494F8780C0A2190FBF1F201FB1200E8
:10B350003030C2B228466D1C2D490A540D222846B1
:10B360006D1C0A540A2228466D1C0A5400204855B8
:10B3700041F288322046FDF701FE68B394F8F409E3
:10B3800000F08000F8B194F8F40900F00100D0B1A9
:10B3900020A0F7F737F804F1D500F7F733F820A02D
:10B3A000F7F730F804F1E900F7F72CF81DA0F7F7EC
:10B3B00029F8D4F8C00330B104F1E90104F1D50053
:10B3C000D4F8C0239047002184F8781C94F8FE0933
:10B3D000401C40B284F8FE090BE041F2883212A111
:10B3E0002046FDF7CBFD18B103212046FFF752FAA6
:10B3F00000BF00BF70BD000041542B434D47463D88
:10B40000310D0A0041542B434D47523D00000000CE
:10B4100038440020534D532066726F6D20000000A9
:10B420003A2000000D0A000041542B434D47443D93
:10B43000312C320D0A00000070B5044694F9FE0963
:10B44000052814D2DFE800F00314226791000020E1
:10B45000654908704FF4967264A12046FDF78EFD91
:10B4600028B194F8FE09401C40B284F8FE09B8E007
:10B470004FF4FA7261A12046FDF780FD28B194F8DF
:10B48000FE09401C40B284F8FE09AAE000255EA631
:10B4900005E016F8012B28466D1C5E490A543078E9
:10B4A0000028F6D100BF07E004F138010B5C294603
:10B4B0006D1C584A5354401C04F13801095C09B111
:10B4C000212DF1DB222228466D1C52490A540D22FF
:10B4D00028466D1C0A540A2228466D1C0A54002076
:10B4E000485540F6B8322046FDF748FD90B1B4F813
:10B4F000F40900F4006030B194F8FE09401C40B239
:10B5000084F8FE0906E0002084F8FF0903212046A4
:10B51000FFF7C0F965E0002506E004F14800405D52
:10B520003D494855681CC5B204F14800405D08B16A
:10B530008C2DF2DB1A222946681CC5B236484254CB
:10B54000002035494855C4F8F4093448FCF782F81E
:10B550003349086030492046FFF7EEF994F8FE09B8
:10B56000401C40B284F8FE093BE02046FEF77CFF19
:10B5700094F8F40900F0010038B1002084F8FF09C4
:10B5800003212046FFF786F92AE094F8F40900F039
:10B590000200A0B114480078032808DA12480078A5
:10B5A000401C11490870012084F8FE0918E00020B1
:10B5B00084F8FF0903212046FFF76CF910E01748D3
:10B5C000FCF748F816490968401A42F2107188429F
:10B5D00006D3002084F8FF0903212046FFF75AF91B
:10B5E00000BF00BF70BD00005400002041542B4339
:10B5F0005343533D22495241220D0A0041542B43EB
:10B600004D47463D310D0A0041542B434D47533DB4
:10B6100022000000484400206C4400201C560020FA
:10B62000500000202DE9F04FA1B0044643F2EC4059
:10B630002044851C94F8FC0901282BD143F2EC40EE
:10B640002044B0F842010E2801DB012000E0002078
:10B650000646002008E0295C302902DB295C3929F4
:10B6600000DD0026411C88B236B143F2EC41214492
:10B67000B1F842118142EEDC4EB10F222946E01CA6
:10B68000EFF7A8FE0021A174002084F8FC0921B086
:10B69000BDE8F08F94F8FC09022809D1002084F855
:10B6A000FC09A12204F1E9012846F2F75BFFEEE76D
:10B6B00094F8FC09032830D1002084F8FC092F46B7
:10B6C000804628460AE001782F2906D108F10108B2
:10B6D000B8F1030F01D1471C03E0401C0178002999
:10B6E000F1D10F22394604F6C140EFF773FE002175
:10B6F00084F8D01C04F6C140EFF72AFD461E04E092
:10B70000002104F6C1408155761E002E04DB04F6AC
:10B71000C140805D2028F3D0B9E794F8FC090428E3
:10B7200028D1002084F8FC091F22294604F6D140C4
:10B73000EFF750FE002184F8F01C04F6D140EFF73B
:10B7400007FD461E04E0002104F6D1408155761E17
:10B75000002E04DB04F6D140805D2028F3D0D4F81D
:10B76000600330B104F6D14104F6C140D4F860233F
:10B7700090478CE743F2EC402044B0F8420100B916
:10B7800085E7FBA12846EFF751FE30B9D4F8F4095C
:10B7900040F00100C4F8F4094CE3F6A12846F6F79E
:10B7A000D9FC48B9F5A12846F6F7D4FC20B9F6A192
:10B7B0002846F6F7CFFC30B1D4F8F40940F0020087
:10B7C000C4F8F40936E3F3A12846F6F7C3FC70B9D0
:10B7D000F2A12846F6F7BEFC48B9F3A12846F6F7D1
:10B7E000B9FC20B9F3A12846EFF720FE30B9D4F810
:10B7F000F40940F00800C4F8F4091BE3EEA1284660
:10B80000F6F7A8FC90B1A81DEFF7D4FB0646002E72
:10B8100003DB1F2E01DCF0B200E0FF20A070D4F8A3
:10B82000F40940F01000C4F8F40903E3E4A1284649
:10B83000F6F790FC28B9E4A12846F6F78BFC00281F
:10B8400073D0E1A12846F6F785FC8246BAF1000FD5
:10B8500001D0082000E0072000EB050B5F46002622
:10B86000B04623E038782C2816D100201BA901F817
:10B870000800B8F1000F0CD01DA901EBC60007228B
:10B880001BA9EFF7A7FD00201DA901EBC601C87198
:10B89000761C4FF0000808E0B8F1070F05DA3A7897
:10B8A000404608F101081BA90A547F1C387820B1D2
:10B8B0003878222801D0022ED4DBB8F1000F12D044
:10B8C000022E10DA00201BA901F808001DA901EBC7
:10B8D000C60007221BA9EFF77DFD00201DA901EB83
:10B8E000C601C871761C002E04DD701E1DA911F85A
:10B8F000300000E030208146BAF1000F10D0B9F1DD
:10B90000310F01D1012000E0002084F8FA09B9F1DB
:10B91000350F01D1012000E0002084F8FB0910E080
:10B92000B9F1310F02D1012001E049E0002084F893
:10B93000F809B9F1350F01D1012000E0002084F8A9
:10B94000F90994F8F80910B994F8FA0908B1012036
:10B9500000E00020207094F8F90910B994F8FB0970
:10B9600008B1012000E000206070387822281AD148
:10B9700008231BAA00215846F6F72BFE0C2318AA11
:10B9800001215846F6F725FE102200211BA8EFF7EB
:10B990001EFBA4F8AA011022002118A8EFF717FB3C
:10B9A000C4F8AC0100BFD4F8F409BAF1000F02D01A
:10B9B0004FF4801100E020210843C4F8F40939E273
:10B9C00084A12846F6F7C6FBE8B308231FAA002186
:10B9D000E81DF6F7FEFD9DF87C00F0B106221FA9D8
:10B9E00004F5C570EFF7F6FC00214FF4C87001555F
:10B9F00004F5C570F4F7B2FA064656B1172231467F
:10BA000004F29110EFF7E6FC00214FF4D4700155D9
:10BA100002E0002084F8910100BFEE1D002704E041
:10BA20003078222800D17F1C761C307808B1022F94
:10BA3000F6DB30782C2807D10A220021701CEFF7A2
:10BA4000C6FAC0B201E009E0FF2084F8B001D4F8E2
:10BA5000F40940F40050C4F8F409EBE15FA1284672
:10BA6000F6F778FB78B305F10A0000E0401C027895
:10BA700012B102782C2AF9D102782C2A00D1401C6C
:10BA80000278222A00D1401C002107E010F8016B47
:10BA90000B464A1C91B204F2B512D65402783AB160
:10BAA00002782C2A04D00278222A01D00F29EDD363
:10BAB000002304F2B5125354D4F8F42942F480421E
:10BAC000C4F8F429B6E1FFE747A12846F6F742FBA0
:10BAD00088B305F10D0600E0761C307810B130789F
:10BAE0002C28F9D130782C2804D1701CEFF762FA99
:10BAF00080B200E00020A4F8B00C30782C2813D1DC
:10BB0000761C00E0761C307810B130782C28F9D102
:10BB100030782C2804D1701CEFF74CFA80B200E08A
:10BB2000002040F6B2410853D4F8F40940F4004034
:10BB3000C4F8F4097EE1FFE72FA12846F6F70AFBD7
:10BB400090B105F10B00EFF735FA86B240F6B2403E
:10BB50000653D4F8B40C40B146B9D4F8F40940F413
:10BB60000020C4F8F40967E06DE065E04AE00000F9
:10BB70004F4B00004552524F520000002B434D45A1
:10BB8000204552524F5200002B434D5320455252F4
:10BB90004F520000415452454144590043616C6C7E
:10BBA0002052656164790000534D532052656164F1
:10BBB00079000000524459002B4353513A200000B1
:10BBC0002B435245473A20002B43455245473A20E4
:10BBD000000000002B434F50533A20002B434750A6
:10BBE000414444523A2000002B485454504143549D
:10BBF000494F4E3A200000002B48545450524541C2
:10BC0000443A200040F6BA410A5B891E095B8A4229
:10BC100007DA40F6B8410A5B891C095B511A89B200
:10BC200000E000210846864201DC324600E0024680
:10BC300040F6BC410A5300BFD4F8F40940F4802018
:10BC4000C4F8F409F6E07CA12846F6F783FA48B96F
:10BC50007DA12846F6F77EFA20B97EA12846F6F7A0
:10BC600079FAC8B12E4600E0761C307810B13078F1
:10BC70002C28F9D130782C2804D1701CEFF79AF9D0
:10BC8000C0B200E0FF2084F8C00CD4F8F40940F4FE
:10BC90008030C4F8F409CDE071A12846F6F75AFACD
:10BCA00018B1002084F8C502C4E072A12846F6F756
:10BCB00051FA18B1032084F8FC09BBE071A12846B1
:10BCC000F6F748FA18B1042084F8FC09B2E072A132
:10BCD0002846F6F73FFA08B3E81D00E0401C01785B
:10BCE00011B101782C29F9D101782C2903D141789F
:10BCF0003039C9B200E0012184F8791C94F8791C2C
:10BD000011B9012284F8792CD4F8F41941F04001DA
:10BD1000C4F8F419012284F87A2C8BE060A128463B
:10BD2000F6F718FAD8B1E81D002107E00278303A9A
:10BD300001EB810302EB4302D1B2401C0278302AAE
:10BD400002DB0278392AF1DD002907DD84F8791C4D
:10BD5000D4F8F42942F40032C4F8F4296AE052A17C
:10BD60002846F6F7F7F980B1142304F1D502012132
:10BD7000E81DF6F72EFC022084F8FC09D4F8F4093B
:10BD800040F08000C4F8F40954E049A12846F6F7D1
:10BD9000E1F930B1D4F8F40940F48070C4F8F40942
:10BDA00048E045A12846F6F7D5F980B1142205F1FF
:10BDB000080104F11300EFF70DFB002127200155C6
:10BDC000D4F8F40940F40070C4F8F40932E03DA15D
:10BDD0002846F6F7BFF968B1102304F128020121C3
:10BDE000E81DF6F7F6FBD4F8F40940F48060C4F8D7
:10BDF000F4091FE035A12846F6F7ACF9D0B180234D
:10BE000001AA0021E81DF6F7E4FB8022314901A8D0
:10BE1000F2F7A8FB30A0F6F7F5FA2E48F6F7F2FA9B
:10BE20002FA0F6F7EFFAD4F8F40940F48050C4F8E4
:10BE3000F40900BF00BF2AE42B434D515454434F33
:10BE40004E4E4543543A20002B434D5154545355C4
:10BE5000423A20002B434D5154545055423A200051
:10BE60002B434D515454434F4E4E4C4F53543A2054
:10BE7000000000002B434D5154545258544F504928
:10BE8000433A20002B434D51545452585041594C81
:10BE90004F41443A200000002B434D54493A2000C2
:10BEA0002B434D474C3A20002B434D47523A00005C
:10BEB0002B434D47533A20002B49434349443A20F2
:10BEC000000000002B434E554D3A00002B435553C4
:10BED000443A0000B84300205B555353445D2000B2
:10BEE0000D0A000010B504460020C4F86003C4F831
:10BEF000C00384F8C40304F5727001F044FBA0F59C
:10BF000072740020C4F8F40984F8FC0984F8FD096F
:10BF100084F8FE0984F87B0C20706070FF20A0700C
:10BF2000002084F8FB0984F8FA0984F8F90984F8F8
:10BF3000F8094FF6FF70A4F8AA014FF0FF30C4F8DB
:10BF4000AC01FF2084F8B001002084F8B40184F82B
:10BF5000C5020F2184F80E13002184F8B91384F868
:10BF6000BA1384F8BB1384F8BD13012184F8BE13FF
:10BF700084F81003002140F212300153801C015359
:10BF8000801C0155401C01554FF44C70015184F840
:10BF900034134FF44E700151002084F8FF0984F8E7
:10BFA000781C84F8791C84F87A1CC4F89C0C4FF433
:10BFB0004A600151001D0151001D0151001D015138
:10BFC0000020A4F8B00C40F6B24001530020C4F8A1
:10BFD000B40C40F6B8400153801C0153801C01533F
:10BFE000002084F8C00C84F8F11C84F8F21C84F85A
:10BFF000F31C42F2D4300155002042F2D4312144E6
:10C0000081F8EA0042F2D431214481F8EB000021AA
:10C0100042F2D430204400F58050A0F8EC1043F2F6
:10C02000C2400155002043F2C241214481F8290059
:10C0300043F2C2412144487043F2C2412144487452
:10C0400084F85C03002143F2EC400153002043F2EA
:10C05000EC412144A1F8420184F8910184F88A015D
:10C0600084F82800E074E07084F87C0C84F8E9001F
:10C0700084F8D50084F8480084F83800002140F2A4
:10C08000B51001553F2245A104F2C510EFF7A2F902
:10C09000002184F804121F2245A104F2C620EFF704
:10C0A00099F9002184F8E51284F8E61284F8F61272
:10C0B00084F8651284F8851284F8A51240F6C14010
:10C0C000015540F6D1400155002042F2D4312144BF
:10C0D000887042F2D4312144487000BF19E0002238
:10C0E00000EB4001C1EB801304F6F441CA5400EBAD
:10C0F0004001C1EB801304F6F44119440A7600EBC9
:10C100004001C1EB801304F6F441194481F83C204E
:10C11000401C6028E3DB172229A104F6F440EFF766
:10C1200059F900201CE00022C0EB001101EB801344
:10C1300004F5206101F81320C0EB001101EB80131E
:10C1400004F5206101EB43010A74C0EB001101EB1F
:10C15000801304F5206101EB430181F89D20401C10
:10C160000428E0DB002006E0002204F5597101EB11
:10C1700000110A70401C0528F6DB312184F8B41345
:10C18000322184F8B513332184F8B613342184F8AE
:10C19000B713002184F8B813204610BD687474707A
:10C1A0003A2F2F6578616D706C652E636F6D00009E
:10C1B0006D756C7469686F742E6F6E6C696E650056
:10C1C0006F6E6C696E65000038B50446012104206D
:10C1D000F0F77AFD4FF48070ADF8000048208DF83C
:10C1E000030003208DF8020069460248F0F758FB6F
:10C1F00038BD00000008014070B50446204600F03C
:10C2000091F805466573A07BA84204D0A5732E481B
:10C21000FBF720FA20612C48FBF71CFA2169401A31
:10C220001E2801D3012000E000200646D6B1E07BA5
:10C23000A84217D0E573E07B48B12348FBF70AFA20
:10C240006061002020766076012020730AE00020E3
:10C250002073207E30B91DA0F6F7D4F8206808B10D
:10C2600020688047E07BA8B1207E98B91648FBF78C
:10C27000F1F96169401A40F2DC5188420AD3012089
:10C2800020760220207316A0F6F7BCF8606808B18B
:10C2900060688047E07BA8B1607E98B90A48FBF7E8
:10C2A000D9F96169401A42F2107188420AD301201B
:10C2B00060760320207310A0F6F7A4F8A06808B1F8
:10C2C000A068804770BD00001C5600200D0A425532
:10C2D00054544F4E3A20505245535345440D0A0092
:10C2E0000D0A425554544F4E3A204C4F4E47204869
:10C2F0004F4C440D0A0000000D0A425554544F4E55
:10C300003A2056455259204C4F4E4720484F4C44F6
:10C310002028666163746F72792072657365742971
:10C320000D0A000070B505464FF480710448F0F71F
:10C330004AFB08B9012000E000200446204670BDF9
:10C3400000080140F8B504460D4617461E46256014
:10C35000A780A67117492068884203D101210420D3
:10C36000F0F7B2FC14492068884203D1012108206B
:10C37000F0F7AAFC11492068884203D1012110205E
:10C38000F0F7A2FCA0791C2802D0A0791C2803D1C8
:10C3900001210846F0F798FCA088ADF800000320C2
:10C3A0008DF80200A0798DF8030069462068F0F747
:10C3B00077FAF8BD00080140000C01400010014070
:10C3C00010B50446A079142802D0A079102803D112
:10C3D000A1882068F0F702FB10BD10B50446A079D3
:10C3E000142802D0A079102803D1A1882068F0F782
:10C3F000F3FA10BD10B504460148F9F73BFA10BD39
:10C40000004A00202DE9F04188B08046AC48007E0B
:10C410004FF0707141EA4030A949497E40EA8120DD
:10C42000A749097E40EAC100A549497E40EA0106C4
:10C43000A448007808B1012000E00020A149497813
:10C4400009B1012100E0002140EA81009D4991F8F5
:10C45000B41109B1012100E0002140EA011099491D
:10C4600091F8C51209B1012100E0002140EA8114D0
:10C470009548FBF7EFF895490968401A41F2883171
:10C48000884201D3012000E0002005469048007852
:10C49000844200D1C5B18E4804708B48FBF7DAF8AE
:10C4A0008A490860FF200290039004900590854817
:10C4B00090F8B0018349897823460022CDE9001025
:10C4C00031467F48FAF76EFC7E4890F85C0381495C
:10C4D0000978884212D07B4890F85C037D49087047
:10C4E000FF20029003900490059000900190084670
:10C4F0000378042231467248FAF754FC0DB37048B1
:10C50000007E4FF0907141EA40306D49497E40EA2B
:10C5100081206B49097E40EAC1006949497E40EAB1
:10C520000107FF2002900390049005900B2000214A
:10C530000B467922CDE9001039466148FAF732FC02
:10C5400000BF6148FBF786F863490968401A4EF658
:10C55000602188421BD35C48FBF77CF85E49086089
:10C560005748007E5D4941EAC0005549497E40EA8E
:10C570000107FF2002900390049005900090002393
:10C580001A46394601904E48FAF70CFC00BF4E4857
:10C59000FBF760F852490968401A42F2107188426C
:10C5A00076D34948FBF756F84D4908604D48FAF7ED
:10C5B0004DF9444890F89101C0B14B494B48EEF712
:10C5C00035FF002840D0172247494848EEF702FFC0
:10C5D00000204649C8753A48407E00903848037E9E
:10C5E000102241494248F9F752FD2DE000203F4911
:10C5F000087040A103C9CDE90601002006E03A49D0
:10C60000C91F095C06AA1154411CC8B2052804DAE6
:10C610003549C91F095C0029F1D1FF229DF81C0092
:10C620009DF81B10CDE90302059202919DF81A00B6
:10C630009DF81910CDE900109DF8183002223146FE
:10C640001F48FAF7AFFB00BFFF231E4890F8AC016C
:10C650001C49B1F8AC11C1F307211A4AD2F8AC2138
:10C66000C2F30742CDE90403CDE902211548D0F811
:10C67000AC01000E134991F8AA11CDE90010114840
:10C68000B0F8AA010312032231460D48FAF78AFBDB
:10C690000D48FAF7DFFF19490968401AB0F5FA6F3B
:10C6A0000AD30948FAF7D6FF144908600448427EC5
:10C6B000017E0F48F9F76EFD08B0BDE8F08100007B
:10C6C00094560020880600201C56002010000020F0
:10C6D00018000020190000201C00002000FC1F0092
:10C6E00014000020C80200201908002010060020B5
:10C6F000344F0020FFFFFFFFFF000000200000205C
:10C7000010B504462348FAF7A5FF23490968401AE3
:10C71000B0F57A7F09D31F48FAF79CFF1E490860DD
:10C720001E480088401C1D4908801C4800880328BA
:10C7300004DA1848FAF78EFF194908601548FAF725
:10C7400089FF17490968401A1649884220D90020F4
:10C750001549086000BF00BF00BF00BF00BFBFF3A6
:10C760004F8F00BF00BF00BF1048006800F4E060BA
:10C770000F490843001D0D49086000BF00BF00BFFE
:10C78000BFF34F8F00BF00BF00BF00BF00BFFDE77A
:10C7900010BD00001C5600200C0000209456002004
:10C7A00008000020A0BB0D00003F02200CED00E0BF
:10C7B0000000FA0510B504462046FFF7A1FFF5F783
:10C7C0008FFAF4F7A9FA0D48F9F7D4FA0C48FAF7FA
:10C7D000F1F80C48F8F74AFA0A48F8F78DF90A48D0
:10C7E00001F04EFF0848C078012805D02046FFF729
:10C7F00009FE0648F9F7AEFD10BD00005C490020B7
:10C80000C8020020004A0020CC4C0020344F0020F9
:10C810007047F0B589B007460C460E9E00250021F2
:10C8200004E0605C0DF80100481C81B22429F8DBAB
:10C83000002105E01DF801002844C5B2481C81B262
:10C840002329F7DB9DF82300A84202D0002009B07D
:10C85000F0BD002104E01DF801005054481C81B2D5
:10C860001829F8DB9DF818009DF819C040EA0C2043
:10C870009DF81AC040EA0C409DF81BC040EA0C60CD
:10C8800018609DF81C009DF81DC040EA0C20308007
:10C890000120DCE7F0B50646059D934200DBF0BDC4
:10C8A00001EBC324002002E0275C2F54401CB0F5AC
:10C8B000006FF9D300BFF2E70146002005E0044A0B
:10C8C000825C044B1A54421C90B21028F7DB70476C
:10C8D00000F00708BB4700202DE9F041ADF5007DD1
:10C8E0008046EFF7A3FE002406E08848204490F835
:10C8F00000080DF80400641CB4F5007FF5D38448EB
:10C90000EFF700FE002400270FE0002509E0814832
:10C9100000EB0710425D2046641C0DF80020681CE7
:10C92000C5B2102DF3DB781CC7B2052FEDDB7A48BA
:10C93000027B2046641C0DF80020784890F8B9036B
:10C9400008B9012200E000222046641C0DF80020F6
:10C95000002508E06F485030425D2046641C0DF809
:10C960000020681CC5B2052DF4DB6C4890F8BA2392
:10C970002046641C0DF80020684890F8BD0308B1FB
:10C98000012200E000222046641C0DF800206348CC
:10C9900090F8BE0308B1012200E000222046641C8A
:10C9A0000DF800205D4890F8BF232046641C0DF868
:10C9B0000020002508E057489E38425D2046641C50
:10C9C0000DF80020681CC5B2202DF4D3002508E026
:10C9D00050487E38425D2046641C0DF80020681CDB
:10C9E000C5B2102DF4D3002508E04A486E38425DE8
:10C9F0002046641C0DF80020681CC5B2182DF4D325
:10CA0000464890F8BB0308B1012200E0002220460E
:10CA1000641C0DF80020414890F8BC0308B10122C5
:10CA200000E000222046641C0DF80020002507E0ED
:10CA30003B48425D2046641C0DF80020681CC5B2CE
:10CA4000402DF5D3002508E035484030425D2046B2
:10CA5000641C0DF80020681CC5B2602DF4D30025BD
:10CA600008E02F48A030425D2046641C0DF80020ED
:10CA7000681CC5B2202DF4D3002508E02848C0303A
:10CA8000425D2046641C0DF80020681CC5B2202DB4
:10CA9000F4D3002508E01F48BF38425D2046641CDF
:10CAA0000DF80020681CC5B2202DF4D30025002409
:10CAB00004E01DF804002844C5B2641CB4F5FF7FEF
:10CAC000F7D98DF8FF51002416E01DF80460601CB2
:10CAD0001DF8000046EA0026A01C1DF8000046EAEA
:10CAE0000046E01C1DF8000046EA00660849601890
:10CAF0003146EFF763FD241DB4F5007FE5D3EFF772
:10CB000053FD0DF5007DBDE8F081000000F0070841
:10CB100000F80708EC0900201C56002088060020B9
:10CB20004D0800202DE9F04180460D4616461C4672
:10CB3000B44202DB0020BDE8F08105EBC4274FF4CE
:10CB400000613846F0F728FDF5E70000F0B589B040
:10CB500007460C460E9E0025002107E025480844A4
:10CB600090F800080DF80100481C81B22429F5DB7B
:10CB7000002105E01DF801002844C5B2481C81B21F
:10CB80002329F7DB9DF82300A84202D0002009B03A
:10CB9000F0BD002104E01DF801006054481C81B282
:10CBA0001829F8DB9DF818009DF819C040EA0C2000
:10CBB0009DF81AC040EA0C409DF81BC040EA0C608A
:10CBC00010609DF81C009DF81DC040EA0C201880E4
:10CBD0009DF81E009DF81FC040EA0C209DF820C063
:10CBE00040EA0C409DF821C040EA0C603060012012
:10CBF000CDE7000000A0040878B506460C461546AF
:10CC000023466822024930460095FFF743FE78BD6F
:10CC100000B004082DE9F04F8BB00E4691461D463A
:10CC2000DDF850A00024002708E019F8072020466E
:10CC3000611C8CB202A90A54781C87B2182FF4DB4D
:10CC40002046611C8CB202A90D54C5F30722204670
:10CC5000611C8CB202A90A54C5F307422046611C2C
:10CC60008CB202A90A542A0E2046611C8CB202A979
:10CC70000A542046611C8CB202A901F800A04FEAB8
:10CC80002A222046611C8CB202A90A5400222046A6
:10CC9000611C8CB202A90A542046611C8CB202A904
:10CCA0000A542046611C8CB202A90A542046611C19
:10CCB0008CB202A90A542046611C8CB202A90A5403
:10CCC0009046002406E002A8005D404400F0FF0802
:10CCD000601C84B2232CF6DB8DF82B80EFF7A6FCCA
:10CCE0003046EFF70FFC062801D1012000E00020BC
:10CCF0008346BBF1000F1FD000241AE002A8015D9B
:10CD000002AA601C105C41EA0021A01C105C41EAF0
:10CD10000041E01C105C41EA00600190301901996B
:10CD2000EFF74CFC062802D04FF0000B03E0201D6B
:10CD300084B2242CE2DB00BFEFF736FC58460BB080
:10CD4000BDE8F08F2DE9F05F884691461D460A9EAA
:10CD50004D4502DB0020BDE8F09F08EBC527EFF74B
:10CD600065FC3846EFF7CEFB062801D1012000E034
:10CD700000208246BAF1000F1BD0002416E0315D7E
:10CD8000601C305C41EA0021A01C305C41EA00419B
:10CD9000E01C305C41EA006B38195946EFF70EFC95
:10CDA000062802D04FF0000A03E0241DB4F5006FFE
:10CDB000E5D3EFF7F9FB5046CDE7000030B5054667
:10CDC0000C462346682202492846FFF7ABFE30BDD9
:10CDD00000B0040810B50446EFF728FC0248EFF74E
:10CDE00091FBEFF7E1FB10BD00F807082DE9F04FCC
:10CDF0008BB08A4615461F46149E0024A0460AE0C2
:10CE00001AF808202046611C8CB202A90A5408F1C5
:10CE100001001FFA80F8B8F1180FF1DB2046611C01
:10CE20008CB202A90D54C5F307222046611C8CB2B6
:10CE300002A90A54C5F307422046611C8CB202A91C
:10CE40000A542A0E2046611C8CB202A90A542046BC
:10CE5000611C8CB202A90F543A122046611C8CB29C
:10CE600002A90A542046611C8CB202A90E54C6F3D2
:10CE700007222046611C8CB202A90A54C6F307425D
:10CE80002046611C8CB202A90A54320E2046611C55
:10CE90008CB202A90A5400222046611C8CB202A95D
:10CEA0000A549146002406E002A8005D484400F0C0
:10CEB000FF09601C84B2232CF6DB8DF82B90EFF772
:10CEC000B5FB1948EFF71EFB062801D1012000E051
:10CED00000208346BBF1000F20D000241BE002A8F5
:10CEE000015D02AA601C105C41EA0021A01C105CDC
:10CEF00041EA0041E01C105C41EA006001900A49EF
:10CF000060180199EFF75AFB062802D04FF0000B8A
:10CF100003E0201D84B2242CE1DB00BFEFF744FBCB
:10CF200058460BB0BDE8F08F00A80408F8B50646D7
:10CF30000C46154623466822024930460095FFF705
:10CF400001FFF8BD00B00408F8B507460C461546C9
:10CF50001E462B462246034938460096FFF759FCE9
:10CF6000F8BD00000098000878B506460C46154646
:10CF700023464022024930460095FFF78BFC78BDDE
:10CF800000A0000830B505460C4623464022024961
:10CF90002846FFF7C7FD30BD00A00008F8B50746DA
:10CFA0000C4615461E462B46224603493846009637
:10CFB000FFF730FEF8BD000000980008F8B50646FF
:10CFC0000C46154623464022024930460095FFF79D
:10CFD000B9FEF8BD00A000082DE9F047ADF5027DCF
:10CFE0008246002400260BE0D448304490F8000824
:10CFF00002A9885502A8805D2044C4B2701C86B284
:10D00000B6F5FF7FF0DDCE480078A04276D100254E
:10D01000002710E000240AE02846691C8DB202A90E
:10D02000095CC84800EB07100155601CC4B2102C05
:10D03000F2DB781CC7B2052FECDB2846691C8DB2E9
:10D0400002A9085C40B2C04908732846691C8DB229
:10D0500002A9085C012801D0012100E00021BB48A1
:10D0600080F8B913002409E02846691C8DB202A992
:10D07000095CB44850300155601CC4B2052CF3DB88
:10D080000021B24880F8B8132846691C8DB202A965
:10D09000095CAE4880F8BA132846691C8DB202A913
:10D0A000085C012801D1012100E00021A74880F897
:10D0B000BD132846691C8DB202A9085C012801D164
:10D0C000012100E00021A14880F8BE132846691C18
:10D0D0008DB202A9095C9D4880F8BF13002409E0C5
:10D0E0002846691C8DB202A9095C96489E380155F4
:10D0F000601CC4B2202CF3D300240AE0F1E02846DF
:10D10000691C8DB202A9095C8E487E380155601CED
:10D11000C4B2102CF3D3002409E02846691C8DB258
:10D1200002A9095C87486E380155601CC4B2182CEE
:10D13000F3D32846691C8DB202A911F80080B8F11A
:10D14000010F01D1012100E00021804880F8BB13CC
:10D150002846691C8DB202A911F80090B9F1010F9F
:10D1600001D1012100E00021784880F8BC1300249F
:10D1700008E02846691C8DB202A9095C7448015573
:10D18000601CC4B2402CF4D3002409E02846691C7A
:10D190008DB202A9095C6E4840300155601CC4B2D2
:10D1A000602CF3D3002409E02846691C8DB202A943
:10D1B000095C6748A0300155601CC4B2202CF3D331
:10D1C000002409E02846691C8DB202A9095C604868
:10D1D000C0300155601CC4B2202CF3D3002409E0F8
:10D1E0002846691C8DB202A9095C5648BF38015512
:10D1F000601CC4B2202CF3D300200190B8F1010FC1
:10D2000005DD0021514880F8BB1301200190B9F1E0
:10D21000010F05DD00214D4880F8BC13012001906D
:10D2200048485030EDF794FF042811D03121474889
:10D2300080F8B413322180F8B513332180F8B61387
:10D24000342180F8B713002180F8B8130120019031
:10D250003E4890F8BF03012805DD00213B4880F8D7
:10D26000BF130120019001AB3AA2202135489E381E
:10D27000F2F7AEFC01AB3BA2102132487E38F2F748
:10D28000A7FC01AB37A218212E486E38F2F7A0FC9C
:10D2900001AB35A240212E48F2F79AFC01AB31A236
:10D2A00060212B484030F2F793FC01AB2DA22021E6
:10D2B0002748A030F2F78CFC01AB2AA22021244899
:10D2C000C030F2F785FC01AB26A220211D48BF38F3
:10D2D000F2F77EFC9DF8040010B15046FFF7FCFA0F
:10D2E00028E00121194880F8B913002180F8BB1308
:10D2F00080F8BC1380F8BA1380F8BD13012180F8C0
:10D30000BE13002180F8BF1303200F490873312199
:10D310000E4880F8B413322180F8B513332180F819
:10D32000B613342180F8B713002180F8B8135046A3
:10D33000FFF7D2FA0DF5027DBDE8F08700F007088F
:10D34000FFF90708EC0900201C5600208806002081
:10D350004D0800206D756C7469686F742E6F6E6C6B
:10D36000696E650000000000687474703A2F2F65C4
:10D3700078616D706C652E636F6D00007047000002
:10D3800070B586B004460D461646657126600020CD
:10D39000A4F80804A4F80604A4F80C06A4F80A06E5
:10D3A00020710296ADF80C00ADF80E00ADF810003B
:10D3B0000C20ADF812000020ADF81400012D2AD188
:10D3C0003848C4F810068803EFF77EFC01210420DA
:10D3D000EFF77AFC01A8EFF7EEFA6802ADF8040067
:10D3E00018208DF8070003208DF8060001A92E48AB
:10D3F000EFF756FAA802ADF8040004208DF80700F4
:10D4000001A92948EFF74CFA2848006800906846BF
:10D41000EFF712FB30E0032D2ED12548C4F810069B
:10D4200001218804EFF730FC01210820EFF74CFCC4
:10D4300001A8EFF7C0FA4FF48060ADF8040018209F
:10D440008DF8070003208DF8060001A91948EFF7B1
:10D4500027FA4FF40060ADF8040004208DF80700AF
:10D4600001A91448EFF71CFA1048001D006800904D
:10D470006846EFF7E1FA00BFD4F8100680B102A9C0
:10D48000D4F81006EFF75EFF012240F22551D4F8E0
:10D490001006EFF7FBFE0121D4F81006EFF71BFF93
:10D4A00006B070BD003801400008014008FF0308C5
:10D4B00000480040000C01400146B1F806047047E6
:10D4C00010B50446D4F8100600B910BDB4F80C0627
:10D4D000B4F80A1688420CDAB4F80C365A1CA4F8D0
:10D4E0000C2604F20A42D15CD4F81006EFF793FF41
:10D4F00008E000202071002240F22771D4F81006C5
:10D50000EFF7C4FE00BFE0E70A46B0F80634811D1D
:10D51000CA54B0F80634591CCB1701EB93539B1235
:10D52000A1EB8323A0F80634704770B504460E467D
:10D530001546D4F8100618B115B1B5F5007F00D91D
:10D5400070BD2A46314604F20A40EDF76BFEA4F89E
:10D550000A560020A4F80C0601202071012240F296
:10D560002771D4F81006EFF791FE00BFE8E710B579
:10D5700003460A46C81701EB90508012A1EB8024A5
:10D58000981D005D10BD0021016001714171A0F87E
:10D590000614A0F80814A0F80A16A0F80C16C0F893
:10D5A0001016704770B586B004462079012804D162
:10D5B0000020FE49087002202071FC4890F900000C
:10D5C00012282CD2DFE800F0092C2B2B2B2B2B2B35
:10D5D0002B2B6D80A9FDF7F6F5F400227B21692045
:10D5E000F4F718FD0546FF20029003900490059083
:10D5F00000900346062229460190ED48F9F7D2FB38
:10D6000000206077EB48FAF725F8EB490860002026
:10D61000A0720120E5490870E8A0F0F7ADFDABE28B
:10D62000607F08B3A07FB0B1A27F0023E7A10120F3
:10D63000F0F73EFDA089401CA081A07A401CC0B23A
:10D64000A072032803DB204600F0F8FD94E20020DE
:10D65000D649087090E2E1A0F0F78EFD032020711A
:10D660000A20D24908701BE0D248F9F7F3FFD249EB
:10D670000968401AB0F5FA5F12D3A27A0023DAA142
:10D680000120F0F715FDA07A401CC0B2A07203285B
:10D6900003DB204600F0D2FD6EE20020C349087093
:10D6A0006AE2E0882189884206DBD5A0F0F764FDB4
:10D6B000204600F051FF5FE2042020710020A0729C
:10D6C0000B20BA49087057E2D248D0F83813E088E6
:10D6D00001EB402500227B216920F4F79BFC0646E4
:10D6E000FF21E8B2CDE902010491C5F307200591BD
:10D6F000C5F307412B0E0022CDE900103146AC489E
:10D70000F9F750FB00202077AA48F9F7A3FFAA49B0
:10D7100008600C20A54908702EE2BE48D0F83813E6
:10D72000E08801EB4025207F002828D0A069A8428E
:10D730001CD001232A46B8A10C20F0F7B9FC012324
:10D74000BCA10C20A269F0F7B3FCA089401CA08109
:10D75000A07A401CC0B2A0720A2803DB204600F069
:10D760006DFD09E20B209149087005E20020B849DF
:10D770000880B84908600D208C49087020E08D4869
:10D78000F9F768FF8C490968401AB0F5FA7F17D39A
:10D79000E2880023B0A10C20F0F78AFCA07A401C9C
:10D7A000C0B2A0720A2808DB204600F047FDE3E182
:10D7B0008AE1DEE08BE05DE003E00B207B4908704E
:10D7C000DAE17C48F9F746FFA9490968401A0328BD
:10D7D00000D2D1E1764801F0C1F800B9CCE1E0888F
:10D7E000A44901EB40209A4909884518002014E01B
:10D7F000295CA14A5143974A12681144954A116025
:10D80000114609684FF6FF7202EA1141914A126807
:10D810005140904A1160411CC8B20828E8DB002240
:10D820007B216A20F4F7F6FB0646E879A9796A7944
:10D830002B79CDE90232CDE90410E878A978CDE959
:10D8400000106B782A7831465948F9F7ABFA5948F5
:10D85000F9F700FF864908607D48008808307C4958
:10D86000088008460088B0F5007F02DB0E204F4993
:10D87000087081E14F48F9F7EDFE7D490968401ACB
:10D88000032800D278E14A4801F068F800B973E152
:10D8900000227B216920F4F7BDFB0546FF200290A2
:10D8A00003900490059000900346022229460190BF
:10D8B0003F48F9F777FA002084F821003D48F9F74E
:10D8C000C9FE3D4908600F203849087054E194F8BA
:10D8D000210080B3606AB0F5007F04D15D49A06A81
:10D8E0000968884223D0002364A10F20626AF0F700
:10D8F000DFFB0123574865A102680F20F0F7D8FB32
:10D90000012367A10F20A26AF0F7D2FBA089401C77
:10D91000A081A07A401CC0B2A0720A2803DB204676
:10D9200000F08CFC28E10B202049087024E1102035
:10D930001E4908701CE0FFE71E48F9F78BFE1E49E0
:10D940000968401AB0F5487F12D3E288002358A135
:10D950000F20F0F7ADFBA07A401CC0B2A0720A28DD
:10D9600003DB204600F06AFC06E10B200F4908703B
:10D9700002E100227B216920F4F74CFB0546FF20E1
:10D9800002900390049005900090034604222946DB
:10D9900001900748F9F706FA0020E0770548F9F703
:10D9A00059FE05490860112000498BE0280100203C
:10D9B000945600201C5600202C01002065726173D3
:10D9C000652D616C6C2073656E7400006572617307
:10D9D000652D726573756C7400000000657261736B
:10D9E00065206F6B0000000065726173652D7469BE
:10D9F0006D656F75742D72657472696573000000D2
:10DA0000616C6C20667261676D656E747320646F03
:10DA10006E65000088060020736574616464722D71
:10DA20006563686F2D6D69736D61746368287761D4
:10DA30006E742900736574616464722D6563686F28
:10DA40002D6D69736D6174636828676F74290000B8
:10DA50003001002034010020736574616464722D0C
:10DA600074696D656F75742D6672616700000000E2
:10DA70003801002000B00408139B0200766572692B
:10DA800066792D6C656E28676F74290076657269FA
:10DA900066792D6372632877616E74290000000037
:10DAA0007665726966792D63726328676F742900E1
:10DAB0007665726966792D74696D656F75742D660A
:10DAC00072616700087057E0E07FB8B394F82000F7
:10DAD000E8B194F82020002329A11120F0F7E8FAFA
:10DAE000E28800232BA11120F0F7E2FAA089401C64
:10DAF000A081A07A401CC0B2A0720A2803DB204695
:10DB000000F09CFB38E00B202749087034E0E088E7
:10DB1000401CE080E088C11700EB11710911A0EBF7
:10DB2000011119B1E1882289914203D1E1881FA036
:10DB3000F2F762F90A201C4908701CE0FFE7204850
:10DB4000F9F788FD1F490968401AB0F5FA6F12D33A
:10DB5000E28800231CA11120F0F7AAFAA07A401C49
:10DB6000C0B2A0720A2803DB204600F067FB03E086
:10DB70000B200D49087000BF00BF06B070BD00004B
:10DB8000666C6173682D726573756C7428636F645D
:10DB900065290000666C6173682D726573756C741D
:10DBA0002D667261670000002801002066726167BF
:10DBB0006D656E74206F6B2C20646F6E65000000C5
:10DBC0001C5600202C010020666C6173682D74695E
:10DBD0006D656F75742D66726167000070B586B0F3
:10DBE00004462079012804D10020FE490870022053
:10DBF0002071FC4890F9000012282ED2DFE800F0D6
:10DC0000092E2D2D2D2D2D2D2D2D6F82ABFBFAF9EB
:10DC1000F8F700227B216E20F4F7FCF90546552029
:10DC2000AA21FF220292CDE9032100920123019251
:10DC3000059006222946EC48F9F7B4F800206077F1
:10DC4000EA48F9F707FDEA4908600020A0720120C0
:10DC5000E4490870E7A0F0F78FFABBE2607F08B3F1
:10DC6000A07FB0B1A27F0023E8A10120F0F720FA45
:10DC7000A089401CA081A07A401CC0B2A0720328D9
:10DC800003DB204600F0DAFAA4E20020D549087050
:10DC9000A0E2E2A0F0F770FA032020710A20D14937
:10DCA00008701BE0D148F9F7D5FCD1490968401A42
:10DCB000B0F5FA5F12D3A27A0023DBA10120F0F7BE
:10DCC000F7F9A07A401CC0B2A072032803DB2046FB
:10DCD00000F0B4FA7EE20020C24908707AE2E088DF
:10DCE0002189884206DBD6A0F0F746FA204600F0EC
:10DCF00033FC6FE2042020710020A0720B20B94990
:10DD0000087067E2D348D0F83813E08801EB40256B
:10DD100000227B216E20F4F77DF90646FF21E8B250
:10DD2000CDE902010491C5F307200591C5F3074130
:10DD30002B0E0022CDE900103146AB48F9F732F83E
:10DD400000202077A948F9F785FCA94908600C2034
:10DD5000A44908703EE2BF48D0F83813E08801EBD0
:10DD60004025207F002829D0A069A8421CD001238B
:10DD70002A46B9A10C20F0F79BF90123BDA10C2084
:10DD8000A269F0F795F9A089401CA081A07A401CF7
:10DD9000C0B2A0720A2803DB204600F04FFA19E255
:10DDA0000B209049087015E20020B9490880401EF8
:10DDB000B84908600D208B49087020E08B48F9F7BE
:10DDC00049FC8B490968401AB0F5FA7F17D3E288FD
:10DDD0000023B1A10C20F0F76BF9A07A401CC0B26F
:10DDE000A0720A2808DB204600F028FAF2E199E147
:10DDF000E7E094E066E003E00B207A490870E9E18F
:10DE00007A48F9F727FCAA490968401A032800D282
:10DE1000E0E1754800F0A2FD00B9DBE1E088A5492A
:10DE200001EB40209A490988451800201DE0295C33
:10DE3000984A12685140974A1160002111E0954AB2
:10DE4000127802F001022AB1924A12689A4B83EAD0
:10DE5000520202E08F4A126852088E4B1A604A1C26
:10DE6000D1B20829EBDB411CC8B20828DFDB002255
:10DE70007B216F20F4F7CEF80646E879A9796A7914
:10DE80002B79CDE90232CDE90410E878A978CDE903
:10DE900000106B782A7831465348F8F783FF5348CF
:10DEA000F9F7D8FB8249086079480088083078493A
:10DEB000088008460088B0F5007F02DB0E20494943
:10DEC000087087E14948F9F7C5FB79490968401AA4
:10DED000032800D27EE1444800F040FD00B979E11A
:10DEE00000227B216E20F4F795F80546FF20029072
:10DEF0000390049005900090034602222946019069
:10DF00003948F8F74FFF002084F821003748F9F727
:10DF1000A1FB374908600F20324908705AE194F894
:10DF2000210080B35B480068C543606AB0F5007F9C
:10DF300002D1A06AA84222D0002360A10F20626A09
:10DF4000F0F7B6F801232A4660A10F20F0F7B0F8E9
:10DF5000012363A10F20A26AF0F7AAF8A089401C50
:10DF6000A081A07A401CC0B2A0720A2803DB204620
:10DF700000F064F92EE10B201A4908702AE1102004
:10DF8000184908701CE0FFE71848F9F763FB1849C7
:10DF90000968401AB0F5487F12D3E288002354A1E3
:10DFA0000F20F0F785F8A07A401CC0B2A0720A28B2
:10DFB00003DB204600F042F90CE10B200949087010
:10DFC00008E100227B216E20F4F724F80546AA2000
:10DFD0005521FF220292CDE90321009213460192BE
:10DFE00005908FE03C010020945600201C56002034
:10DFF0004001002065726173652D70726F677261F8
:10E000006D2D6F6E6C792073656E7400657261732F
:10E01000652D726573756C74000000006572617324
:10E0200065206F6B0000000065726173652D746977
:10E030006D656F75742D726574726965730000008B
:10E04000616C6C20667261676D656E747320646FBD
:10E050006E65000088060020736574616464722D2B
:10E060006563686F2D6D69736D617463682877618E
:10E070006E742900736574616464722D6563686FE2
:10E080002D6D69736D6174636828676F7429000072
:10E090004401002048010020736574616464722D9E
:10E0A00074696D656F75742D66726167000000009C
:10E0B0004C01002000B004082083B8ED7665726939
:10E0C00066792D6C656E28676F74290076657269B4
:10E0D00066792D6372632877616E742900000000F1
:10E0E0007665726966792D63726328676F7429009B
:10E0F0007665726966792D74696D656F75742D66C4
:10E1000072616700042229463448F8F74BFE00206C
:10E11000E0773348F9F79EFA324908601120324916
:10E12000087057E0E07FB8B394F82000E8B194F8A5
:10E13000202000232DA11120EFF7BAFFE288002351
:10E140002FA11120EFF7B4FFA089401CA081A07A75
:10E15000401CC0B2A0720A2803DB204600F06EF813
:10E1600038E00B202049087034E0E088401CE08053
:10E17000E088C11700EB11710911A0EB011119B171
:10E18000E1882289914203D1E18822A0F1F734FE8F
:10E190000A20154908701CE0FFE71148F9F75AFA00
:10E1A00010490968401AB0F5FA6F12D3E2880023CB
:10E1B0001DA11120EFF77CFFA07A401CC0B2A07215
:10E1C0000A2803DB204600F039F803E00B2006495B
:10E1D000087000BF00BF06B070BD0000945600205C
:10E1E0001C560020400100203C010020666C617339
:10E1F000682D726573756C7428636F6465290000FF
:10E20000666C6173682D726573756C742D667261CE
:10E2100067000000667261676D656E74206F6B2C1D
:10E2200020646F6E65000000666C6173682D746910
:10E230006D656F75742D66726167000010B50446D8
:10E240000120A0730320E07001A0EFF795FF10BD3F
:10E25000726573756C743D4552524F520000000058
:10E2600070B586B0044694F92C00B0F1FF3F24D07D
:10E2700010B1012820D15BE00020E07300227B2157
:10E280000620F3F7C7FE0546FF2002900390049096
:10E290000590009012230022294601905B48F8F770
:10E2A00081FD5B48F9F7D6F95A490860FF2084F8E8
:10E2B0002C0059A0EFF760FFA5E0E07B58B163A008
:10E2C000EFF75AFF5248F9F7C5F96C490860012089
:10E2D00084F82C0097E04E48F9F7BCF94D490968DD
:10E2E000401AB0F5FA7F22D3A27861780120F3F7C3
:10E2F00091FE0546FF2002900390049000210590B6
:10E3000016230A46CDE9001029464048F8F74AFD91
:10E310003F48F9F79FF93F490860084600685749A8
:10E320000860012084F82C0055A0EFF725FF6AE073
:10E33000E07B002831D004F110015E48FAF7C4FDFB
:10E340000546022D10D0032D0ED00DB95AA000E0C5
:10E3500065A0064600232A4631460120EFF7A8FEB5
:10E360002046FFF76BFF4EE02575627804F110013F
:10E370005048FAF7C9FD48B96278002361A101202D
:10E38000EFF796FE2046FFF759FF3CE00120207191
:10E39000217D64A0F1F730FD35E01D48F9F75AF909
:10E3A00036490968401A43F69821884209D3002368
:10E3B0001A4664A10120EFF77BFE2046FFF73EFFDF
:10E3C00021E01348F9F746F912490968401AB0F5F7
:10E3D000487F17D300227B210620F3F71BFE05465A
:10E3E000FF200290039004900590009012230022D9
:10E3F000294601900548F8F7D5FC0548F9F72AF9B0
:10E400000449086000BF00BF06B070BD94560020EC
:10E410001C56002020010020636865636B696E67ED
:10E42000207768657468657220746172676574200E
:10E43000697320616C726561647920696E20626F16
:10E440006F746C6F616465722E2E2E00616C726544
:10E4500061647920696E20626F6F746C6F616465AE
:10E46000722C20736B697070696E672073776974A2
:10E47000636820636F6D6D616E640000240100208D
:10E480007377697463682D746F2D626F6F746C6F2E
:10E49000616465722073656E742C2077616974699C
:10E4A0006E6720666F722074797065203132332E6A
:10E4B0002E2E000088060020626F6F746C6F6164FE
:10E4C00065722D756E6B6E6F776E2D6D6F64656DF9
:10E4D0002D6669726D776172652D75706461746502
:10E4E0002D6E656564656400626F6F746C6F616446
:10E4F00065722D616C676F726974686D2D756E73CE
:10E5000061666500626F6F746C6F616465722D6423
:10E5100065766963652D747970652D6D69736D61BC
:10E5200074636800626F6F746C6F616465722064FD
:10E53000657465637465642C20616C676F726974BF
:10E54000686D0000626F6F746C6F616465722D742A
:10E55000696D656F7574000030B587B0044605209D
:10E56000207100227B210120F3F754FD0546FF2096
:10E570000290039004900121059016230022CDE91A
:10E58000001029460648F8F70DFC06A0EFF7F4FD49
:10E590000220E07008A0EFF7EFFD07B030BD0000EB
:10E5A000945600207377697463682D746F2D6170C1
:10E5B000702073656E740000726573756C743D44F1
:10E5C0004F4E450070B502464D68C5F308538D881F
:10E5D000C5F3C60401F10B00122B07D17B2C00D030
:10E5E00070BD0125D57305681561F9E7692B01D068
:10E5F0006E2B3DD17B2C00D0F2E70578012D06D0A3
:10E60000032D12D0052D27D0072D30D12AE04578D3
:10E610002D06867845EA0645C67845EA0625067938
:10E62000354395610125157721E045782D048678DD
:10E6300045EA0625C6783543556205792D064679A3
:10E6400045EA0645867945EA0625C6793543956249
:10E65000012582F821500AE0457882F820500125F2
:10E66000D57704E0457895770125557700BF00BF41
:10E6700000BFB5E74170827001230370704700004E
:10E6800070B50446E07801284BD02078002847D0A8
:10E6900000202070384890F8160348B13648D0F86A
:10E6A000300328B13448B0F83003C0F3080010B18B
:10E6B0000320E07070BD3048D0F838032F498842FD
:10E6C0000AD22D4801232EA1D0F838230020EFF7DD
:10E6D000EFFC0320E070EDE70120E07000202071E6
:10E6E00084F82C00A073A072A081E0802248D0F8AA
:10E6F0003003C0F34F2020812B48F8F7ABFF2B49A4
:10E7000008602BA0EFF738FD21892BA0F1F774FBEF
:10E7100061782DA0F1F770FBA1782EA0F1F76CFBCA
:10E72000C8E72148F8F796FF20490968401A2D49A3
:10E7300088420FD31C48F8F78DFF1C490968451A19
:10E7400000232A4628A11846EFF7B2FC2046FFF71F
:10E7500075FDAFE7207918B92046FFF781FDA9E7DD
:10E76000207D032803D12046FFF738FA02E0204637
:10E77000FEF718FF00BF9DE7880600200080000814
:10E78000666C6173682D626173652D696E2D626FB1
:10E790006F746C6F616465722D726567696F6E2D41
:10E7A00072656675736564001C5600201C010020AC
:10E7B0007374617274000000667261676D656E74D7
:10E7C000546F74616C0000007461726765745479F1
:10E7D000706500007461726765744164647265738A
:10E7E00073000000804F12006F766572616C6C2DB3
:10E7F00074696D656F75740010B594B0044601219D
:10E800000846EEF731FA01210420EEF75DFA012106
:10E810000803EEF729FA07210020EDF737F84FF447
:10E8200060514FF48060EEF753F94048EDF70CFD6E
:10E830003F4809900A9400200B9020200C90002063
:10E840000D9080200E9040000F90800010902020AE
:10E850001190000212900020139009A93348EDF79F
:10E86000D9FD01213148EDF7C9FD002001900120BB
:10E870008DF808008DF809004FF460200390002007
:10E88000049001208DF8140001A929484C38EDF7B7
:10E89000E7F80120EDF7ACF801208DF81800002012
:10E8A0008DF819008DF81A008DF81B008DF81C00EA
:10E8B0008DF81D008DF81E0003208DF81F0000202C
:10E8C0008DF8200006A91A484C38EDF7F5F800231A
:10E8D0000122102116484C38ECF7FEFF0120EDF71D
:10E8E00087F8012112484C38EDF76CF801211048E7
:10E8F0004C38EDF755F800BF20210D484C38EDF7A6
:10E90000A6F80028F8D00A484C38EDF72DF900BFDA
:10E9100007484C38EDF78EF80028F9D1012104485A
:10E920004C38EDF75AF814B010BD00000800024052
:10E930004C0802407047000030B50446080540EA24
:10E94000423040EA8320044D2D7E40EAC500024D4E
:10E950006D7E284330BD00009456002001460448D7
:10E96000006800F0E05008B1012070470020FCE78B
:10E970000868004000B50248FFF7DCFF00BD00005A
:10E980005456002002480021017000BF704700006B
:10E990007D01002000B50248F8F7A8FA00BD00008C
:10E9A0009456002000B50248F8F778FE00BD00003C
:10E9B0001C56002000B50248FDF72AFF00BD0000EC
:10E9C0000400002010B50248FDF78CFA10BD0000CD
:10E9D0008806002000B50248FEF7D0FC00BD00000C
:10E9E0007C01002030380A2801D201207047002025
:10E9F000704700001C48F8F731FD1C48FEF7ECFAA0
:10EA00001A48FDF759FF1A48F7F7C6FF1948F8F7F3
:10EA1000DDFE1948F8F720F91848F8F741FB1848C7
:10EA2000FDF7D2FB1748FFF7E7FEEEF704FDF2F71C
:10EA30003DF9EFF705FAF3F74BFC1348FDF7DAFC65
:10EA400011E00948F8F70AFE0A48FBF7BDFD0A483D
:10EA5000F8F70EFA0A48FDF7CFFB0848F8F7F4FC80
:10EA60000948FDF7A7FEECE71C5600207C010020BA
:10EA7000C802002088060020945600200856002076
:10EA800038560020545600200400002070B504467B
:10EA90000D460F2221460948ECF79CFC002007494F
:10EAA000C873A02229460648ECF794FC00200449CC
:10EAB00081F8A00001200349087070BD0B480020B8
:10EAC0001B4800207700002010B53DA0F3F79AFC0A
:10EAD0003E493FA0F3F7B0FA3C49103140A0F3F7AC
:10EAE000ABFA3A49203141A0F3F7A6FA3749303161
:10EAF00041A0F3F7A1FA3549403142A0F3F79CFA5F
:10EB00003249503142A0F3F797FA434890F8B913CD
:10EB100042A0F3F72FFD404890F8BA1343A0F3F753
:10EB200039FD3D4890F8BB1344A0F3F723FD3A4864
:10EB300090F8BC1346A0F3F71DFD374890F8BD13BD
:10EB400047A0F3F717FD344890F8BE1348A0F3F739
:10EB500011FD314890F8BF1348A0F3F71BFD1B4986
:10EB60009E394AA0F3F768FA18497E394AA0F3F7AC
:10EB700063FA16496E394CA0F3F75EFA264890F80E
:10EB80000E134DA0F3F706FD1049FF3951A0F3F71E
:10EB900053FA0E49DF3951A0F3F74EFA0B49BF394A
:10EBA00052A0F3F749FA554955A0F3F745FA5349EE
:10EBB000403159A0F3F740FA5CA0F3F723FC10BDF5
:10EBC0005B434F4E4649475D0D0A0000EC090020AB
:10EBD0006366672E70686F6E6541646D696E0000D4
:10EBE0006366672E70686F6E653100006366672E1E
:10EBF00070686F6E653200006366672E70686F6EB6
:10EC0000653300006366672E70686F6E65340000C0
:10EC10006366672E70696E00880600206366672E43
:10EC2000757365496E7465726E6574006366672EF0
:10EC300074656D70556E6974000000006366672E20
:10EC4000616C6C6F77526F616D696E6700000000D8
:10EC50006366672E666F72636532674F6E6C79000C
:10EC60006366672E6661756C745265706F727400AE
:10EC70006366672E636D6441636B00006366672E95
:10EC80006C616E6775616765000000006D7174747A
:10EC90002E62726F6B6572006D7174742E75736580
:10ECA000726E616D650000006D7174742E70617319
:10ECB00073776F72640000006D7174742E74656CEC
:10ECC000656D65747279496E74657276616C5365B1
:10ECD000630000006E65742E61706E006E65742EA8
:10ECE00061706E557365726E616D65006E65742E30
:10ECF00061706E50617373776F7264004D0800200D
:10ED00006E65742E696E7465726E657443686563B2
:10ED10006B55726C000000006E65742E636F6E6E32
:10ED2000656374696F6E4C696E6B00005B454E44A1
:10ED30005D0D0A0008B568A0F3F764FB69A00068E0
:10ED40000090694668A0EFF77FF9684968A0F3F77B
:10ED500073F96948017869A0F3F70CFC66484178BB
:10ED60006AA0F3F707FC644881786BA0F3F712FC04
:10ED70006149C91C6AA0F3F75FF95F4913316BA0C1
:10ED8000F3F75AF95C4928316BA0F3F755F96E494E
:10ED90006EA0F3F751F96C49C91D71A0F3F74CF956
:10EDA0005548B0F8AA1173A0F3F7F4FB5248D0F815
:10EDB000AC1172A0F3F7EEFB4F4890F8B01172A0BF
:10EDC000F3F7E8FB4C4890F8B41171A0F3F7D2FBCD
:10EDD0005D492B3172A0F3F72FF9474890F8C5121F
:10EDE00071A0F3F7C7FB444890F8101372A0F3F733
:10EDF000D1FB4148B0F8121372A0F3F7CBFB3E48A9
:10EE0000B0F8141372A0F3F7C5FB3B4890F8161343
:10EE100073A0F3F7AFFB764976A0F3F70DF9364808
:10EE2000D0F8301378A0F3F7B5FB334890F83413DB
:10EE300079A0F3F7AFFB3048D0F838137AA0F3F796
:10EE4000A9FB2D4890F83C137BA0F3F793FB68498E
:10EE500026317EA0F3F7F0F82748D0F8581381A0A8
:10EE6000F3F798FB244890F85C1383A0F3F792FB28
:10EE70008548C17885A0F3F78DFB8348017987A089
:10EE8000F3F788FB8048417888A0F3F783FB7E483E
:10EE900081788BA0F3F77EFB7B48C1888EA0F3F7C7
:10EEA00079FB7948018991A0F3F774FB7648818951
:10EEB00094A0F3F76FFB7448017D96A0F3F76AFB0B
:10EEC0007148C07B20B17049103197A0EFF7BCF8B2
:10EED0009AA0F3F797FA08BD5B5354415455535D1C
:10EEE0000D0A00007900000B66770000BB47002088
:10EEF00073657269616C00008806002067736D2E6F
:10EF000072656769737465726564000067736D2E5E
:10EF1000726F616D696E670067736D2E6373710048
:10EF200067736D2E696D65690000000067736D2E53
:10EF3000696363696400000067736D2E6F776E4EBE
:10EF4000756D6265720000001208002067736D2EF7
:10EF50006F70657261746F72436F646500000000CA
:10EF600067736D2E6F70657261746F724E616D653F
:10EF70000000000067736D2E6C61630067736D2E77
:10EF800063656C6C4964000067736D2E6163740087
:10EF90006E65742E636F6E6E656374656400000049
:10EFA0006E65742E697000006D7174742E636F6EDF
:10EFB0006E656374656400006F74612E73746174B0
:10EFC000757300006F74612E70616765000000004A
:10EFD0006F74612E70616765546F74616C0000001E
:10EFE0006F74612E73746167656456616C69640047
:10EFF0009F0900206F74612E7374616765645665A4
:10F000007273696F6E0000006F74612E73746167B4
:10F0100065644279746573006F74612E6465766906
:10F0200063655479706500006F74612E666C61735E
:10F03000684261736500000073656C666F74612ED1
:10F0400073746167656456616C69640073656C66AE
:10F050006F74612E73746167656456657273696F4E
:10F060006E00000073656C666F74612E7374616767
:10F0700065644279746573006175746F7265672E9B
:10F080007374617475730000CC4C002063616E7200
:10F09000656C61792E7374617475730063616E724F
:10F0A000656C61792E7068617365000063616E72D2
:10F0B000656C61792E74617267657454797065004E
:10F0C00063616E72656C61792E74617267657441FB
:10F0D000646472657373000063616E72656C61795C
:10F0E0002E667261676D656E7400000063616E72FA
:10F0F000656C61792E667261676D656E74546F74AC
:10F10000616C000063616E72656C61792E66616985
:10F110006C73000063616E72656C61792E616C675F
:10F120006F726974686D000063616E72656C6179FD
:10F130002E626C56657273696F6E00005B454E44BB
:10F140005D0D0A0010B504469F2221460548ECF7E4
:10F1500041F90020034981F89F000120024908700D
:10F1600010BD0000BC4800207800002010B5002928
:10F170000AD00878002807D005487844ECF756F9FB
:10F18000002801D0002010BD0248784410BD0000C6
:10F19000362300002E23000021F00042A2F160522D
:10F1A000B2F5801F01F0004328BFD2F17F6C0BD96C
:10F1B0005FEA001C43EAC20242EB507018BF70477E
:10F1C00028BF20F001007047B2F5801FBCBF184671
:10F1D00070474FEA410C1CF5001F02D2084600F0B0
:10F1E000D5B970B500F079F900000089FFF7F6BFD6
:10F1F0004FF00040A0F58000704700002DE9C041AD
:10F2000030B4DFF8A0C23CEA111418BF3CEA131472
:10F2100000F0EC8081EA03051CEA111444EAD5747D
:10F2200018BF1CEA131500F0C780A4EB05044FF0CB
:10F23000004545EAC12145EAC32341EA505143EA6A
:10F24000525304F17F74994204F500344FEAC02010
:10F250004FEAC22208BF904200F09C804FEA13653B
:10F260000FF24016765D4FEA134506FB05F7C7F12E
:10F27000807706FB07F74FEAD737A7FB036876428C
:10F28000C8F58038A7FB06CE38BFA8F1010807FBF8
:10F2900008E64FF0000EA6FB028CE6FB03CEDCF185
:10F2A000000CCEF1004E38BFAEF1010EA6FB0C589B
:10F2B0004FF000074FF00005E6FB0E87A1FB08C6E4
:10F2C000A0FB07CE16EB0E0645F10005E1FB076536
:10F2D00015F1E04E7EBFA4F580345FEA46066D412D
:10F2E00016F1800745F100054FEA17274FEA066639
:10F2F00047EA0567A6F1DE46B6F1805F4FEA1525BD
:10F300001FD9384624F0010C05EBC471BCF1FE6F27
:10F3100001EB0C1102D8F0BCBDE8008124425CBFB7
:10F3200001F5801E9EEAC47F02D4F0BCBDE80081D6
:10F33000244238D4F0BCA1F1C041BDE8004100F046
:10F340001AB94FEAD22242EA43524FEAD323A7FB2B
:10F3500002864FEAD02040EA415007FB03661EEACE
:10F360000E0F4FEAD12105FB026658BFA6EB0056EF
:10F37000B6EB00564FEA520E4EEAC37E18EB0E0E65
:10F3800056EB530EBDD518EB02085E417F1C55F1BC
:10F390000005B6E74FF480154FF000074FF0000668
:10F3A0004FF00008ADE7F0BC4FF0000001F1C041A4
:10F3B00001F00041BDE8008111EA0C1F0CEA1315B1
:10F3C00000D00CE013EA0C1F00F025804FF0000085
:10F3D000F0BC81EA030101F00041BDE80081F0BC0E
:10F3E000BDE8004181EA030100F0C5B8F0BCBDE80A
:10F3F000004170B500F071F8097EFC3E00F007B8DE
:10F4000081EA03014FF0000001F00041704781EAFA
:10F41000030100F0B0B8F0BCBDE800414FF00000BF
:10F4200021497047FFFDFBF9F7F5F4F2F0EEEDEB43
:10F43000E9E8E6E4E3E1E0DEDDDBDAD8D7D5D4D3F2
:10F44000D1D0CFCDCCCBCAC8C7C6C5C4C2C1C0BF3E
:10F45000BEBDBCBBBAB9B8B7B6B5B4B3B2B1B0AF44
:10F46000AEADACABAAA9A8A8A7A6A5A4A3A3A2A128
:10F47000A09F9F9E9D9C9C9B9A99999897979695E3
:10F4800095949393929191908F8F8E8E8D8C8C8B7F
:10F490008B8A898988888787868585848483838207
:10F4A000828181800000FF070000F87F10F0004299
:10F4B00048BF4042B0FA80F310FA03F10AD0C3F11A
:10F4C0001D0303F580634FEA415002EB035202EB48
:10F4D000D12170474FF0000070470EF1020E2EF060
:10F4E000030E5EF8046B364205D4012A43EB030594
:10F4F00015F5001F12D8012841EB010C1CF5001F67
:10F500000CD80ED14FEAD17C15F5001F0CEB4C0C3A
:10F510000CF1020C08BF4CEBD37C04E04FF0080C5C
:10F5200001E04FEAD37C0CEB4C0526FA05F606F019
:10F530000706B6F1040C06D20EEB860CBDE870404F
:10F540004CF0010C6047DFE80CF0090B02024FF0B1
:10F5500000414FF00000A1F5002170BD1946104692
:10F56000012851EB010418BFD4F5001484BF00201A
:10F5700001F0004170BD0808A0F500114FEA31010B
:10F5800070474FF04070E1EE100A7047FF2141EAEA
:10F59000D050C005704703000400050006000700B6
:10F5A0007B00000401171B22232B2C00007B000092
:10F5B0000B02171B22232B2C00007B00000D0317CE
:10F5C0001B22232B2C00007B000204017D00000085
:10F5D000000000007B000205017D0000000000002B
:10F5E000007B000206027D000000000000007B009E
:10F5F0000207027D000000000000007B00020D03F6
:10F600007D000000000000007B00030D037E000071
:10F61000000000000030313233343536373839617C
:10F62000626364656600000038060408EC020408A2
:10F630009001040818020408300604087C0204083B
:10F64000780004081404040844040408840204082C
:10F6500024030408C80004084001040864020408E4
:10F660002C040408CC0504085C050408F001040817
:10F670003C05040874050408CC020408340404089A
:10F6800014050408D0010408F4030408E000040889
:10F69000D801040810030408B0010408B4040408E5
:10F6A0008C0404088001040884030408540404083A
:10F6B00080000408BC0204081C0504083403040884
:10F6C0000C0304082001040844030408A4030408EC
:10F6D0005403040820020408DC020408EC040408B3
:10F6E00050010408E40304086C04040888000408BA
:10F6F0005C02040808010408580004080C0504080A
:10F700004C04040854050408C40204083C0304081B
:10F710008C020408C801040860000408680004089A
:10F7200048020408DC04040864030408E40504082F
:10F730002C030408C4040408740304085C060408C9
:10F74000740204084C050408A4040408F005040825
:10F75000A80104087C0304081806040864050408CA
:10F760005C03040844050408C4030408C00004083A
:10F77000E001040838020408FC03040890000408AF
:10F78000540604087C05040864040408940304086F
:10F79000BC040408B8000408AC050408F404040818
:10F7A000DC050408EC03040884040408D4030408FA
:10F7B000780104086C050408F0000408F805040842
:10F7C000F800040810020408F402040808060408FB
:10F7D0002C050408A001040864060408FC020408BF
:10F7E0003C040408F801040800010408C4050408E6
:10F7F000E8010408EC0504084C030408100604089A
:10F80000D402040824050408D4050408E40204080A
:10F81000E404040898000408B40504086801040816
:10F820009C03040838010408AC04040854020408CA
:10F8300034050408D0000408700104087C0404089E
:10F84000040404081C04040898010408D4040408EF
:10F85000280604085C04040844060408940204080A
:10F860006C03040830010408840504082006040819
:10F8700040020408BC050408880104084801040883
:10F880002802040894050408CC040408FC040408B5
:10F89000A00004086C020408B4030408BC030408B4
:10F8A000700004088C030408240404083C060408BF
:10F8B0009C020408D80004084C06040870060408DA
:10F8C000A402040804030408B80104089C05040801
:10F8D00078060408C0010408180104087404040828
:10F8E0009404040800020408B4020408AC030408E9
:10F8F000A80004088C050408CC03040804050408C7
:10F9000058010408500204081803040830020408CF
:10F910000C0404082801040800060408DC03040899
:10F920001C030408AC02040808020408A405040827
:10F9300060010408B0000408100104089C040408D5
:10F940006C060408E80004081807040840090408C5
:10F950007C070408FC090408B806040870090408B8
:10F960004C080408B0090408980604085009040863
:10F97000E806040850090408F806040850090408B9
:10F98000F006040844090408800604084409040831
:10F9900000070408040A0408C0060408400A040812
:10F9A00038070408A40904088C0704087008040830
:10F9B000B4070408680804081C0804086808040858
:10F9C000A0060408A4080408F4070408B8080408FA
:10F9D000C8060408AC080408E00604087C0804080B
:10F9E000DC0704087C080408580704080809040810
:10F9F000B006040814090408D8060408180A040804
:10FA0000440804080009040828070408F408040846
:10FA100088060408580904083C080408B8090408C2
:10FA200054080408B8090408400704083009040809
:10FA3000BC07040824090408240804080C0A040864
:10FA400020070408240A040884070408E8080408B6
:10FA5000AC070408DC080408FC070408480A04088A
:10FA6000E4070408D008040834080408F808040867
:10FA70000C080408C408040860070408E409040822
:10FA80009C070408C8090408CC070408380A0408BD
:10FA90003007040870070408EC0704089C090408F0
:10FAA00090060408D0090408100704088C0804080C
:10FAB00014080408800804082C080408980804089E
:10FAC000480704082C0A0408A80604085C0804086F
:10FAD000D0060408C009040868070408640904087B
:10FAE000D40704083C09040804080408FC080408B6
:10FAF0000807040884090408740704087C0904083A
:10FB0000A40704089009040850070408D809040849
:10FB10009407040818090408C4070408F009040835
:10FB2000010000007C120408020000007C1204089E
:10FB300003000000F0110408040000000C11040888
:10FB4000050000002C11040809000000580F0408EB
:10FB50000A000000080E04080C000000440E04080F
:10FB60000D000000AC0E04080E000000680F040831
:10FB70000F000000580E040810000000B80E040822
:10FB800011000000FC0E040816000000DC0E040842
:10FB90001B0000006C0E04081C000000980E0408F6
:10FBA0001D000000B01304082400000058120408CF
:10FBB000280000001C0F04082D0000005411040848
:10FBC0002E0000007C110408350000001412040807
:10FBD000360000003412040837000000A4110408A5
:10FBE00038000000C811040839000000A40F040800
:10FBF0003A0000007C0F04083B000000F40F0408EA
:10FC00003C000000CC0F04083D0000004410040834
:10FC10003E0000001C1004083F000000941004087F
:10FC2000400000006C10040841000000E4100408CB
:10FC300042000000BC10040845000000A40A0408AB
:10FC400046000000880A040847000000500B040822
:10FC500048000000340B040849000000FC0B0408B5
:10FC60004A000000E00B04084B000000A80C040848
:10FC70004C0000008C0C04084D000000540D0408DA
:10FC80004E000000380D04084F0000006C0A040804
:10FC900050000000500A040851000000180B04082E
:10FCA00052000000FC0A040853000000C40B0408C2
:10FCB00054000000A80B040855000000700C040854
:10FCC00056000000540C0408570000001C0D0408E6
:10FCD00058000000000D04085B000000D813040861
:10FCE0005C000000800E04085D0000000C13040896
:10FCF0005E000000D01204085F000000C00A040883
:10FD000060000000DC0A0408610000006C0B0408BD
:10FD100062000000880B040863000000180C04084F
:10FD200064000000340C040865000000C40C0408E2
:10FD300066000000E00C040867000000441304089B
:10FD400068000000A0120408C80000003C0F04086E
:10FD5000C9000000EC120408CA000000B412040834
:10FD6000CB0000007C130408CC000000F00D040858
:10FD7000CD000000AC0D0408CE000000D80D040832
:10FD8000CF000000940D0408D200000028130408DE
:10FD9000D3000000700D0408D4000000981304087C
:10FDA000D5000000C40D0408D6000000800D040832
:10FDB000D700000060130408D8000000380E0408C3
:10FDC000D900000088120408414243444546474890
:10FDD000494A4B4C4D4E4F5051525354555657581B
:10FDE000595A6162636465666768696A6B6C6D6EB7
:10FDF0006F707172737475767778797A30313233C7
:10FE00003435363738392B2F0042616420636D64F6
:10FE10000A6275726E65722F656C656D656E742F02
:10FE2000666C6F6F722F656E67696E65206F6E2FDF
:10FE30006F66660A7A31206F66660A7A31206865D5
:10FE400061740A7A312076656E740A7A3164617958
:10FE50002032350A7A31206D616E75616C0A7A3113
:10FE6000206175746F0A7761726D75700A6F6666CE
:10FE70000A7374617475730A3F0A0046616C736398
:10FE80006865722042656665686C0A6272656E6EAE
:10FE900065722F6865697A737461622F6675737312
:10FEA000626F64656E2F6D6F746F722065696E2F5F
:10FEB0006175730A7A31206175730A7A3120686539
:10FEC000697A656E0A7A31206C75656674656E0AAA
:10FED0007A317461672032350A7A31206D616E752E
:10FEE000656C6C0A7A31206175746F0A617566778A
:10FEF0006165726D656E0A6175730A7A75737461F6
:10FF00006E640A3F0A00000025010101270101017A
:10FF10001201000202000040F519405700020102E0
:10FF2000030109024300020100C03209040000017C
:10FF3000020201000524001001052401000104242F
:10FF400002020524060001070582030800FF0904D8
:10FF50000100020A00000007050302400000070537
:10FF600081024000000403090426034E00410054AE
:10FF70000049004F004E0053000000000000000048
:10FF8000000000000000000000000000000000323F
:10FF9000034E003300320057004200340035003277
:10FFA00000200050006F007200740020002000004C
:10FFB0000000000000000000000000000000000041
:10FFC0000000000000000000000102030406070812
:10FFD00009000000000001020304010203040607F7
:10FFE000080901020406080A0C1020202020202005
:10FFF0002020010002000400060008000A000C0096
:020000040804EE
:1000000010002000400080000001000100010001FC
:100010000001000000000000000000003031323319
:10002000343536373839414243444546403058002C
:10003000303132333435363738396162636465665E
:1000400040307800040000080000000000000002BA
:1000500000010000100000006F72636100000000EA
:1000600070616E64610000006B6F616C6100000084
:10007000706C61736D61000070756D61000000004F
:100080007A65627261000000636F62726100000055
:1000900074756E64726100006175726F7261000048
:1000A0006E6F7661000000007A696E6300000000E8
:1000B000726565640000000069736C616E64000025
:1000C000666A6F7264000000636C6F756400000004
:1000D00070726F62650000006A6164650000000074
:1000E0006E6F6465000000007361676500000000CA
:1000F000676F726765000000707261697269650000
:1001000067616C65000000007768616C6500000045
:100110006272616D626C65006D6172626C65000097
:100120006561676C650000006D61706C65000000C2
:100130006D6F64756C6500006472697A7A6C650035
:10014000666C616D65000000646F6D650000000005
:100150006372616E6500000070696E6500000000EA
:1001600076696E65000000006379636C6F6E6500F0
:1001700064726F6E650000006361706500000000CE
:1001800068617265000000007370697265000000AC
:10019000636F72650000000070756C73650000008D
:1001A000636F70736500000067726F7573650000A0
:1001B0006761746500000000736C61746500000085
:1001C0006772616E69746500636F796F74650000B2
:1001D00062797465000000007761766500000000B8
:1001E00067726F766500000068617A650000000044
:1001F000626C617A65000000627265657A65000074
:1002000062726F6E7A6500006C65616600000000C6
:10021000626C756666000000776F6C660000000017
:1002200066696E6368000000617263680000000028
:1002300062697263680000006D617273680000009B
:100240007A656E6974680000736C6F7468000000F2
:100250006F616B006368696E6F6F6B0073686172CA
:100260006B000000737061726B0000007175617249
:100270006B00000073746F726B0000006861776B35
:10028000000000007365616C000000006A61636B30
:10029000616C00007369676E616C00006F70616C67
:1002A00000000000636F72616C0000007065746193
:1002B0006C000000737465656C00000063616D651F
:1002C0006C00000077656173656C0000706978658B
:1002D0006C0000006861696C000000007175616964
:1002E0006C000000737175616C6C000062656C6C71
:1002F000000000006B6E6F6C6C00000061746F6C2E
:100300006C000000706561726C0000006F776C001B
:100310006265616D00000000656C6D00626C6F6F5E
:100320006D00000073746F726D000000746F756370
:10033000616E00007377616E000000006D61727481
:10034000656E0000726176656E0000007261696E14
:1003500000000000726F62696E0000006D617274CF
:10036000696E0000676962626F6E000062656163BA
:100370006F6E000066616C636F6E00007069676588
:100380006F6E00006C696F6E000000006675736927
:100390006F6E00006C61676F6F6E00006D6F6E7343
:1003A0006F6F6E006865726F6E00000069726F6E2D
:1003B0000000000070686F746F6E000070726F74E0
:1003C0006F6E000063616E796F6E00006665726E1D
:1003D0000000000063617665726E000074686F72E1
:1003E0006E0000006765636B6F000000766F6C63E2
:1003F000616E6F0063686970000000007377616D63
:1004000070000000726164617200000063656461E5
:10041000720000006265617200000000736F6E611F
:1004200072000000616D626572000000656D6265BA
:100430007200000063796265720000007468756E76
:100440006465720064656572000000006261646743
:100450006572000074696765720000006369706806
:1004600065720000676C616369657200766970652A
:1004700072000000636F7070657200006C617365DC
:100480007200000067657973657200006F747465AF
:100490007200000073696C7665720000636C6F76A1
:1004A00065720000706C6F766572000073686F771C
:1004B00065720000746F7765720000006861726297
:1004C0006F720000636F6E646F720000616E63682C
:1004D0006F720000766563746F7200006C656D75F5
:1004E000720000007A657068797200006962697351
:1004F000000000006F61736973000000636F6D702E
:10050000617373006D6F73730000000077616C722C
:10051000757300006E65787573000000676F617415
:1005200000000000736C6565740000007468696306
:100530006B657400726F636B65740000636F6D654B
:10054000740000006C696E6E65740000656772650A
:1005500074000000666572726574000064726966FA
:100560007400000073776966740000007374726130
:10057000697400006F7262697400000073756D6DBC
:10058000697400006369726375697400636F626106
:100590006C7400007661756C74000000666C696EA6
:1005A00074000000726F6F74000000006465736572
:1005B0007274000074656D706573740063726573A6
:1005C000740000006D6973740000000066726F7340
:1005D000740000006775737400000000706C617433
:1005E000656175006D616361770000006465770087
:1005F0006375726C657700006D6561646F770000EC
:1006000077696C6C6F770000686F6C6C6F770000B7
:10061000736E6F770000000073706172726F770005
:1006200076657274657800006D6174726978000097
:100630006C796E7800000000666F78006F6E7978D4
:100640000000000072656C617900000072756279CB
:100650000000000076616C6C657900006F73707249
:100660006579000065737475617279006976790047
:10067000746F70617A00000071756172747A0000A5
:10068000333130323030000032323231300000004D
:100690003233323130000000333130343130000039
:1006A0003233343130000000323036313000000057
:1006B0003230383130000000323530323000000046
:1006C0003331303132300000323334323000000008
:1006D0003230363230000000323038323000000024
:1006E00032333433300000003331303135300000E4
:1006F000333130323630000033313033383000009F
:1007000033313134383000003233303031000000C2
:1007100032343030310000003235303031000000EA
:1007200032363030310000003232323031000000D9
:1007300032333230310000003236323031000000C6
:1007400032313430310000003230363031000000B8
:10075000323836303100000032303830310000009D
:10076000323238303100000032363830310000008B
:100770004131000032333030320000003235303049
:100780003200000032363030320000003236323073
:100790003200000032383630320000003232383059
:1007A0003200000032333030330000003236303057
:1007B0003300000032363230330000003231343042
:1007C0003300000032383630330000003232383027
:1007D0003300000032363830330000003233343317
:1007E0003300000032303430340000003233323015
:1007F00035000000323334313500000032363030FD
:1008000036000000323638303600000032303431E5
:1008100036000000323430303700000032363230DB
:1008200037000000323134303700000032343030CD
:1008300038000000323034303800000032323238B4
:100840003800000032303838380000003235303996
:100850003900000032323239390000004F72616EC7
:1008600067652042450000006F32204445000000CB
:10087000566F6461666F6E65204445004545000013
:1008800054656C65322053450000000054656C6966
:10089000612053450000000054656C656E6F722046
:1008A000534500004F3220554B00000054687265DC
:1008B0006520554B00000000566F6461666F6E65E1
:1008C00020554B00542D4D6F62696C65204E4C00D5
:1008D000566F6461666F6E65204E4C004F72616E9C
:1008E000676520504C000000542D4D6F62696C65A7
:1008F00020504C0054494D004B504E004D454F0088
:1009000046726565204652004F72616E67652046EB
:100910005200000053465200566F6461666F6E6568
:10092000205452004F72616E6765204553000000ED
:10093000566F6461666F6E65204553004E4F5300DD
:100940004D545300542D4D6F62696C652055530012
:100950004154265400000000566F6461666F6E6556
:1009600020495400566F6461666F6E6520505400D4
:1009700054656C6532205255000000004F32204310
:100980005A000000542D4D6F62696C6520435A0077
:10099000566F6461666F6E6520435A004D616765EE
:1009A0006E74610054656C656B6F6D2E646500003C
:1009B0004265656C696E650057696E6454726500C6
:1009C000426173650000000053756E7269736500C3
:1009D00044726569000000005475726B63656C6C4D
:1009E000000000005377697373636F6D00000000AF
:1009F0005475726B54656C656B6F6D004D65676106
:100A0000466F6E00566572697A6F6E004D6F76693B
:100A10007374617200000000426F757967756573C9
:100A200000000000506C75730000000050726F7879
:100A3000696D75730000000053616C740000000064
:100A4000537072696E740000506C61790000000090
:100A50004F70656E2063697263756974206F6620DC
:100A60007468652066616E203100000053686F7203
:100A7000742063697263756974206F662074686599
:100A80002066616E203100004F70656E20636972D0
:100A900063756974206F66207468652070756D7069
:100AA0002031000053686F72742063697263756946
:100AB00074206F66207468652070756D7020310039
:100AC0004F70656E2063697263206175782074656C
:100AD0006D702073656E736F7220310053686F7292
:100AE000742063697263206175782074656D70206D
:100AF00073656E736F722031000000004F70656E79
:100B00002063697263756974206F6620746865205C
:100B100066616E203200000053686F727420636952
:100B20007263756974206F66207468652066616EF3
:100B3000203200004F70656E2063697263756974BE
:100B4000206F66207468652070756D70203200001B
:100B500053686F72742063697263756974206F667D
:100B6000207468652070756D702032004F70656E5E
:100B70002063697263206175782074656D702073DD
:100B8000656E736F7220320053686F7274206369F0
:100B90007263206175782074656D702073656E7363
:100BA0006F722032000000004F70656E2063697222
:100BB00063756974206F66207468652066616E20B5
:100BC0003300000053686F72742063697263756943
:100BD00074206F66207468652066616E20330000A3
:100BE0004F70656E2063697263756974206F66204B
:100BF0007468652070756D702033000053686F72E3
:100C0000742063697263756974206F662074686507
:100C10002070756D702033004F70656E20636972AF
:100C200063206175782074656D702073656E736FD5
:100C30007220330053686F7274206369726320619D
:100C400075782074656D702073656E736F722033D4
:100C5000000000004F70656E2063697263756974EF
:100C6000206F66207468652066616E203400000085
:100C700053686F72742063697263756974206F665C
:100C8000207468652066616E203400004F70656EC8
:100C90002063697263756974206F662074686520CB
:100CA00070756D702034000053686F727420636932
:100CB0007263756974206F66207468652070756D45
:100CC000702034004F70656E206369726320617517
:100CD000782074656D702073656E736F72203400B8
:100CE00053686F7274206369726320617578207431
:100CF000656D702073656E736F72203400000000A4
:100D00004F70656E2063697263756974206F662029
:100D10007468652066616E203500000053686F724C
:100D2000742063697263756974206F6620746865E6
:100D30002066616E203500004F70656E2063697219
:100D400063756974206F66207468652070756D70B6
:100D50002035000053686F7274206369726375698F
:100D600074206F66207468652070756D7020350082
:100D700053696E676C65207068617365204F43002E
:100D8000436F6E64656E736F722066616E204F43B1
:100D900000000000436162696E2074656D7020730D
:100DA000656E736F72204F430000000045766170DE
:100DB0006F7261746F722073656E736F72204F4330
:100DC00000000000436F6E64656E736F7220666191
:100DD0006E20534300000000436162696E20746519
:100DE0006D702073656E736F7220534300000000B6
:100DF000457661706F7261746F722073656E736F88
:100E0000722053430000000046616E2073706565D8
:100E10006420646F6573206E6F7420636F727265F7
:100E200073706F6E6420746F2074686520646566EB
:100E3000696E6564000000004C6F7720766F6C74FB
:100E4000616765004869676820737570706C792008
:100E5000766F6C74616765004C6F77207375707086
:100E60006C7920766F6C74616765000046616E2056
:100E7000646F6573206E6F7420726F7461746500A7
:100E80004C6971756964206C6576656C20746F6F50
:100E9000206869676800000046616E2073656C66B3
:100EA0002D726F746174696F6E0000004E6F20695F
:100EB000676E6974696F6E00426F64792074656D46
:100EC000702073656E736F7220646F6573206E6F30
:100ED0007420636F6F6C20646F776E004F70656E67
:100EE0002063697263756974206F66207468652079
:100EF0006675656C2070756D7000000053686F72C8
:100F0000742063697263756974206F662074686504
:100F1000206675656C2070756D7000004E6F2063E3
:100F20006F6E6E656374696F6E2077697468207484
:100F30006865206865617465720000004E6F20630B
:100F40006F6E6E656374696F6E207769746820696F
:100F50006E76657274657200476C6F7720706C7581
:100F600067206572726F72005761746572207075C8
:100F70006D70206572726F72000000004F70656EB8
:100F80002063697263756974206F662074686520D8
:100F90007A6F6E6520312074656D702073656E7395
:100FA0006F72000053686F727420636972637569B1
:100FB00074206F6620746865207A6F6E652031201A
:100FC00074656D702073656E736F72004F70656E1F
:100FD0002063697263756974206F66207468652088
:100FE0007A6F6E6520322074656D702073656E7344
:100FF0006F72000053686F72742063697263756961
:1010000074206F6620746865207A6F6E65203220C8
:1010100074656D702073656E736F72004F70656ECE
:101020002063697263756974206F66207468652037
:101030007A6F6E6520332074656D702073656E73F2
:101040006F72000053686F72742063697263756910
:1010500074206F6620746865207A6F6E6520332077
:1010600074656D702073656E736F72004F70656E7E
:101070002063697263756974206F662074686520E7
:101080007A6F6E6520342074656D702073656E73A1
:101090006F72000053686F727420636972637569C0
:1010A00074206F6620746865207A6F6E6520342026
:1010B00074656D702073656E736F72004F70656E2E
:1010C0002063697263756974206F66207468652097
:1010D0007A6F6E6520352074656D702073656E7350
:1010E0006F72000053686F72742063697263756970
:1010F00074206F6620746865207A6F6E65203520D5
:1011000074656D702073656E736F72004572726FD7
:1011100072206F6620746865206C6971756964203F
:1011200074656D702073656E736F72004F70656EBD
:101130002063697263756974206F66207468652026
:10114000666C616D652074656D702073656E736F7C
:10115000720000004F70656E206369726375697478
:10116000206F66207468652074616E6B2074656DF5
:10117000702073656E736F720000000053686F72A9
:10118000742063697263756974206F662074686582
:101190002074616E6B2074656D702073656E736F63
:1011A000720000004F70656E206369726375697428
:1011B000206F6620746865206169722074656D70A7
:1011C0002073656E736F720053686F727420636969
:1011D0007263756974206F66207468652061697236
:1011E0002074656D702073656E736F72000000006F
:1011F0004572726F72206F6620746865206F766525
:1012000072686561742074656D702073656E736FAC
:10121000720000004F70656E2063697263756974B7
:10122000206F662074686520666C6F772073656E2A
:10123000736F720053686F727420636972637569AB
:1012400074206F662074686520666C6F7720736504
:101250006E736F72000000004F766572686561748E
:10126000696E67206F662074686520666C616D65C5
:1012700020696E64696361746F7200004F766572F5
:101280006865617400000000496E7665727465726D
:1012900020504342206F76657268656174000000DB
:1012A0005A6F6E652D70756D7020636F6E666C6918
:1012B00063740000457661706F7261746F722066AE
:1012C000616E206F70656E2063697263756974006A
:1012D0004C6576656C2073656E736F72206F7065F8
:1012E0006E206369726375697400000045766170F1
:1012F0006F7261746F722066616E2073686F7274B2
:101300002063697263756974000000004C6576653E
:101310006C2073656E736F722073686F72742063D4
:101320006972637569740000436F6D7072657373E1
:101330006F722073686F7274206369726375697469
:1013400000000000457874656E73696F6E20626FEF
:10135000617264206C696E6B206661756C7400004C
:10136000436F6E64656E736F722066616E206F7678
:10137000657263757272656E740000004576617007
:101380006F7261746F722066616E206F7665726332
:10139000757272656E740000436F6D707265737361
:1013A0006F72206F76657263757272656E7400007D
:1013B000457863656564696E6720746865206C694B
:1013C0006D6974206F6620666C616D6520626C6F5C
:1013D000776F7574000000004C6971756964206C4A
:1013E0006576656C20746F6F206C6F77000000006D
:1013F0007A6E31007A6E32007A6E33007A6E340083
:101400007A6E3500657261736564000064657465A9
:10141000637465640000000069646C65000000008E
:10142000646F6E65000000006F666600737461672C
:10143000696E6700737769746368696E670000009E
:1014400072657475726E696E670000007472616E09
:101450007366657272696E67000000006572617381
:10146000696E67006C75656674656E006865697A9B
:10147000656E00006572726F720000006175730026
:10148000686561740000000076656E7400000000FD
:10149000DC15040800000020C8020000D4A90208DE
:1014A000C0160408C80200208899000030AA02086B
:1014B0001001000043000000F8FFFFFF0040404023
:1014C0004040404040404141414141404040404017
:1014D00040404040404040404040404040050202C3
:1014E0000202020202020202020202020220202082
:1014F00020202020202020020202020202029090DE
:1015000090909090101010101010101010101010DB
:10151000101010101010101002020202020288882F
:10152000888888880808080808080808080808083B
:101530000808080808080808020202024000000023
:10154000000000000000000000000000000000009B
:10155000000000000000000000000000000000008B
:10156000000000000000000000000000000000007B
:10157000000000000000000000000000000000006B
:10158000000000000000000000000000000000005B
:10159000000000000000000000000000000000004B
:1015A000000000000000000000000000000000003B
:1015B000000000000000000000000000000000002B
:1015C000F5D3FFFF01D4FFFFDDD3FFFFA9D3FFFF5A
:1015D00005D4FFFFC1D3FFFFADD3FFFF02172403E4
:1015E00026FFFFAA010CA90D01271E28140408805C
:1015F000041A88041A7C041A6C041A640401241E58
:10160000F0130408F4041AF8041AFC041109113840
:101610001A18141A2C041A20041A7404E9101A3423
:10162000041A0C041A5C041A04041A4C040A254017
:1016300080011AC3F401690D022E0A141A034E1216
:101640003312321257124212341A350A011B0F1C80
:1016500031FC020825FA040B108DFE14512AC2A297
:1016600012081A04071816F10C03083D1A0308C5DE
:101670001C03084D1E0308E91D030851081B251F04
:101680000C19081AD5041AFD0441324029442AB124
:10169000200915741AC91C3610FF0308121A2208F3
:1016A00032431A650832041A690832261A8F08294B
:1016B000DD139B0173201A29920129040044950827
:040000050802A999AB
:00000001FF
