:020000040802F0
:10A00000D09C0020D9A2020899C2020845C20208C9
:10A0100095C20208E7B3020897CC020800000000CE
:10A02000000000000000000000000000EDC6020873
:10A03000B5BC020800000000EFA20208F1C6020849
:10A04000F3A20208F3A20208F3A20208F3A2020894
:10A05000F3A20208F3A20208F3A20208F3A2020884
:10A06000F3A20208F3A20208F3A20208F3A2020874
:10A07000F3A20208F3A20208F3A20208F3A2020864
:10A08000F3A20208F3A20208F3A20208F3A2020854
:10A090008FCC0208EDB30208F3A20208F3A2020873
:10A0A000F3A20208F3A20208F3A20208F3A2020834
:10A0B000F3A20208F3A20208F3A20208F3A2020824
:10A0C000F3A20208F3A20208F3A20208F3A2020814
:10A0D000F3A20208B1CA0208F3A20208F3A202081E
:10A0E000F3A20208F3A2020883CC0208F3A202083A
:10A0F000F3A20208F3A20208F3A20208F3A20208E4
:10A10000F3A20208F3A20208F3A20208F3A20208D3
:10A11000F3A20208F3A20208F3A20208F3A20208C3
:10A12000F3A20208F3A20208F3A20208F3A20208B3
:10A13000F3A20208F3A20208F3A20208F3A20208A3
:10A1400005B5020841B50208F3A20208F3A202080D
:10A15000F3A20208F3A20208F3A20208F3A2020883
:10A16000F3A20208F3A20208F3A20208F3A2020873
:10A17000F3A20208F3A20208F3A20208F3A2020863
:10A18000F3A20208ADCA0208F3A20208F3A2020871
:10A19000F3A20208F3A2020800F002F800F08CF823
:10A1A0000AA090E8000C82448344AAF10107DA4532
:10A1B00001D100F081F8AFF2090EBAE80F0013F0F8
:10A1C000010F18BFFB1A43F0010318476C7301001D
:10A1D0008C7301000A444FF0000C10F8013B13F09F
:10A1E000070408BF10F8014B1D1108BF10F8015BF0
:10A1F000641E05D010F8016B641E01F8016BF9D1E3
:10A2000013F0080F1EBF10F8014BAD1C0C1B09D139
:10A210006D1E58BF01F801CBFAD505E014F8016BAB
:10A2200001F8016B6D1EF9D59142D6D3704700003D
:10A230000023002400250026103A28BF78C1FBD84F
:10A24000520728BF30C148BF0B6070476E2900F02D
:10A250001581702900F0E081692900F0D38064291C
:10A2600000F0D080752900F0CD806F2900F0788152
:10A27000782900F0C4810368DB0928BF41F0800120
:10A28000632900F0C085732900F0C585E32900F03B
:10A29000D085002070471FB515F0A7F900F0B8FE73
:10A2A00004000020002114F095FF401C606000F0C5
:10A2B00001FD1FBD10B510BD00F0BCFE1146FFF73B
:10A2C000EAFF14F0C3FB00F0DAFE03B4FFF7F2FF7D
:10A2D00003BC00F0DFFE0000094880470948004742
:10A2E000FEE7FEE7FEE7FEE7FEE7FEE7FEE7FEE746
:10A2F000FEE7FEE704480549054A064B70470000A3
:10A30000E9C7020899A10208D0600020D09C002073
:10A31000D0780020D07800200FB41CB5074B06AAD7
:10A320007B4469460090059800F04BFD002069468B
:10A3300000F05AFD1CBC5DF814FB0000C50A0000CB
:10A3400070B5044685690068C10601D5302600E075
:10A350002026C00707D070BDD4E9012130469047C0
:10A36000206A401C20626D1EF6D570BD70B5044693
:10A3700085690078C00707D170BDD4E9012120208C
:10A380009047206A401C20626D1EF6D570BD09689A
:10A390004A0501D540B27047C905FCD500B27047E7
:10A3A00009684A0501D5C0B27047C905FCD580B21D
:10A3B000704770B50C460546012A05D028788006FE
:10A3C00000D5EA69002302E0012305E05B1C93420B
:10A3D00002D2E05C0028F9D1A869E618C01AA86189
:10A3E000286A184428622846FFF7AAFF04E0D5E946
:10A3F000012114F8010B9047B442F8D32846FFF727
:10A40000B5FF70BD2DE9F04106460024106875299E
:10A41000314616A510D0FFF7BAFF002802DA4042F5
:10A4200013A507E031688A0701D512A502E04907A4
:10A4300004D511A5012401E0FFF7B2FF00210A2293
:10A4400006F1240709E0B0FBF2FCB0FBF2F302FBDB
:10A450001C00303078541846491C0028F3D123469C
:10A460002A463046BDE8F04100F04DBC0000000037
:10A470002D0000002B000000200000001168026881
:10A48000006A530501D508700AE0D30501D508809C
:10A4900006E0130603D5C217C1E9000200E0086018
:10A4A000012070472DE9FF5F15468A460446DFF814
:10A4B000AC80F8440027D8E900103E46CDE90010F2
:10A4C00010E05AF826106A4602A800F00DFD411C63
:10A4D00007D02178890603D5E269391891420DD851
:10A4E0000744761C2078800602D5E069B84205DD75
:10A4F000AE42E6DB5AF826000028E2D1A069C01B74
:10A50000A0612046FFF71CFFD8E90010CDE900103C
:10A51000002017E05AF828106A4602A800F0E4FC70
:10A52000B0F1FF3F81460BD000250DF1080B05E08F
:10A53000D4E901211BF8050090476D1C4D45F7D368
:10A5400008F10100B0428046E4DB206A3844206212
:10A550002046FFF70BFFBDE8FF9F0000C65B010030
:10A5600070B5044621461068FFF71AFF002104F178
:10A57000240505E000F007023032C0086A54491C87
:10A580000028F7D12068002307A2050707D5800619
:10A5900000D421B1E069012304A2401EE0612046FD
:10A5A000BDE8704000F0AFBB0000000030000000CC
:10A5B000F0B40D460188090502D51B4C7C4402E02D
:10A5C000194C7C440E34002100F1240305E002F014
:10A5D0000F061209A65D5E54491C002AF7D10278C5
:10A5E0000023120704D5702D06D009B102231134BF
:10A5F0002246F0BC00F087BB01231034F8E770B5A9
:10A6000004460D4621461068FFF7CAFE0246294659
:10A610002046BDE87040CBE70368126843F0200392
:10A6200003600823C361C3E7C45A01002DE9F05F4A
:10A63000894604464FF0000ADFF874B1FB44C0F8C5
:10A6400020A02046E1688847002874D0252806D03D
:10A65000D4E901219047206A401C2062F1E70026DE
:10A660005F462046E16888472028054607DB312DF4
:10A6700005D2781910F8200C08B10643F1E7B007AD
:10A6800001D526F00406C4F81CA00027C4F818A0C1
:10A690002A2D09D0284614F0D1F938B304EB8708E5
:10A6A000303DC8F8185019E059F8041B204604EB57
:10A6B00087029161E1688847012F054618D1E0695A
:10A6C000002820DA26F020061DE0D8F8180000EB5C
:10A6D000800005EB40003038C8F818002046E168DB
:10A6E0008847054614F0AAF90028EED1012F0AD0B8
:10A6F0002E2D08D12046E16888477F1C0546022F91
:10A7000046F02006C4DBA069002803DA404246F088
:10A710000106A061F00701D026F010066C2D0BD0C9
:10A72000682D09D04C2D39D06A2D35D0742D35D0F7
:10A730007A2D33D016E038E0E1682F46204688476E
:10A74000B842054609D16C2F26D04FF48060E168ED
:10A75000064320468847054604E06C2F1AD04FF484
:10A76000807006430DB3A5F14100192802D82035A9
:10A7700046F400664A462946204626604E46FFF7C4
:10A7800065FD80B101280BD0F61D26F0070000F111
:10A79000080956E74020E4E78020D8E70020D6E704
:10A7A00006F104094DE7284652E7206ABDE8F09F0C
:10A7B0006C5A010070B5064600F096FA046805462A
:10A7C00030460A22002100F002F82C6070BD2DE90D
:10A7D000F04791460F4680460446002614F8015B78
:10A7E0002DB100F079FA0068405DC007F6D12B2D3D
:10A7F00002D02D2D18D0641E4A463946204600F05E
:10A8000024FB27B13968A14201D1C7F800804FF07D
:10A81000020471050BD54042002803DD00F064FA04
:10A820000460A007BDE8F08746F48066E4E70028EE
:10A83000F8DA00F059FA04606FF00040F2E7401EC9
:10A84000CAB210F8011F8A4202D00029F9D10020B3
:10A85000704710B5431E13F8014F002CFBD105E0E3
:10A8600011F8014B002C03F8014B03D0521EF7D214
:10A870000021197010BD30B505460B462A4613F865
:10A88000014B12F8010B08B1A042F8D01CB100280E
:10A8900002D06D1CF1E7284630BD40EA010310B537
:10A8A0009B070FD1042A0DD310C808C9121F9C4260
:10A8B000F8D020BA19BA884201D9012010BD4FF052
:10A8C000FF3010BD1AB1D30703D0521C07E000209F
:10A8D00010BD10F8013B11F8014B1B1B07D110F8FC
:10A8E000013B11F8014B1B1B01D1921EF1D11846FF
:10A8F00010BD40EA0103024630B59B0710D14FF06E
:10A90000013400E008C208C91D1B9D4315EAC41F9D
:10A91000F8D013F0FF0102F8011B0DD01B0AF8E775
:10A9200011F8013B002B02F8013B05D011F8013B67
:10A93000002B02F8013BF3D130BD0022CBB210F85E
:10A94000011B994200D1421E0029F8D110467047E0
:10A9500010B5431C02E010F8011B71B18107FAD158
:10A960004FF0013202C88C1A8C4314EAC211F9D09C
:10A97000C01A0A0603D0C01E10BDC01A10BD0A04BA
:10A9800001D0801E10BD0902FCD0401E10BD40EA5F
:10A99000010370B59B072ED14FF00136042A2AD34C
:10A9A00008C810C99D1B9D43121F15EAC61517D074
:10A9B000D8B2E1B2401A50EA056110D198B2A1B202
:10A9C000401A50EA05410AD123F07F4024F07F412C
:10A9D000401A50EA052102D1180EA0EB146070BD98
:10A9E000A342DBD018BA21BA884201D9012070BD38
:10A9F0004FF0FF3070BD0AB9002070BD10F8013B68
:10AA000011F8014B63B1A3420AD1521E08D010F8CD
:10AA1000013B11F8014B1BB1A34201D1521EEDD1F4
:10AA2000181B70BD032A40F2308010F0030C00F0B8
:10AA3000158011F8013BBCF1020F624498BF11F878
:10AA400001CB00F8013B38BF11F8013BA2F1040231
:10AA500098BF00F801CB38BF00F8013B11F00303A9
:10AA600000F06282083AC0F0088051F8043B083ACE
:10AA700051F804CBA0E80810F5E7121D5CBF51F8AF
:10AA8000043B40F8043BAFF30080D20724BF11F829
:10AA9000013B11F801CB48BF11F8012B24BF00F88E
:10AAA000013B00F801CB48BF00F8012B7047431A67
:10AAB00028BF9A427FF6B6AF032A1044114440F2F1
:10AAC000268010F0030F1EBF11F8013D521E00F842
:10AAD000013D10F0030F7FF4F6AF11F0030300F017
:10AAE0006882083AC0F00B8051F8043D083A51F8EA
:10AAF00004CD40F8043D40F804CDFFF7F3BF121D2C
:10AB00005CBF51F8043D40F8043DAFF30080D2072C
:10AB100024BF11F8013D11F801CD48BF11F8012CF7
:10AB200024BF00F8013D00F801CD48BF00F8012C1A
:10AB3000704702F0FF0343EA032242EA024200F0B8
:10AB400002B84FF000020429C0F0128010F0030C8C
:10AB500000F01B80CCF1040CBCF1020F18BF00F810
:10AB6000012BA8BF20F8022BA1EB0C0100F00DB8BF
:10AB70005FEAC17C24BF00F8012B00F8012B48BF1D
:10AB800000F8012B70474FF0000200B513469446C1
:10AB90009646203922BFA0E80C50A0E80C50B1F135
:10ABA0002001BFF4F7AF090728BFA0E80C5048BF49
:10ABB0000CC05DF804EB890028BF40F8042B08BFE7
:10ABC000704748BF20F8022B11F0804F18BF00F8E3
:10ABD000012B704710B5044610F0030F08BF11F0A9
:10ABE000030F40F015804FF0013E121FC0F20E809F
:10ABF00051F8043BA3EB0E0C2CEA030C1CEACE1C10
:10AC000008BF40F8043BF0D0A1F1040102F10402B6
:10AC1000521E08DB11F8013B002B00F8013BF7D175
:10AC20001146FFF78EFF204610BD00004FF0013C9B
:10AC300050F8042B51F8043B9A4221D1A2EB0C03AB
:10AC4000934313EACC1317D150F8042B51F8043B6B
:10AC50009A4215D1A2EB0C03934313EACC130BD108
:10AC600050F8042B51F8043B9A4209D1A2EB0C0393
:10AC7000934313EACC13DBD04FF00000704700BFC2
:10AC8000D01A01BAB1FA81F101F0180122FA01F0EB
:10AC9000CB40C1F12001DBB2C0B2C01A2CFA01F3E3
:10ACA000D11A914311EAC311E6D17047704770473A
:10ACB0007047000070B5064C7C44064D7D4403E0AF
:10ACC000206820448047241DAC42F9D170BD0000AB
:10ACD000AC690100C469010010B500F099F9001DCC
:10ACE00010BD00BFF14401000048704770600020B3
:10ACF00010B5FFF7F9FF006810BD10B50446FFF767
:10AD0000F3FF046010BD2DE9F0470D4699469246C9
:10AD1000044600F124080168880604D5E06921F0A2
:10AD20001001216000E00120A84201DD471B00E086
:10AD30000027A1697A1902EB0900081AA06120789E
:10AD4000C00602D42046FFF7FBFA002608E0D4E94B
:10AD500001211AF806009047206A401C761C2062E8
:10AD60004E45F4DB2078C0060AD52046FFF7E8FA06
:10AD700006E0D4E9012130209047206A401C20627F
:10AD8000381EA7F10107F4DC07E0D4E9012118F827
:10AD900005009047206A401C2062281EA5F101058D
:10ADA000F3DC2046FFF7E2FA2078000602D5022005
:10ADB000BDE8F0870120FBE701694A1C02610878C1
:10ADC000704700B58FB0CDE90131002105910549EB
:10ADD0007944CDE9031011466846FFF727FC0FB010
:10ADE00000BD0000E5FFFFFF0A6802F8010B0A60E2
:10ADF000704710B5436913B1AFF3008001E0FFF76E
:10AE0000D8FA012010BD127800F124010A70002246
:10AE10004A700122EDE711684FF0FF32E9E710B503
:10AE2000436913B1AFF3008001E0FFF73BFB012062
:10AE300010BD126800F124014262002282620122E8
:10AE4000EDE711684FF0FF32E9E72DE9F05F824648
:10AE500015468B4600270AF10104B94600783028D0
:10AE600001D09DB113E014F8010B0127782803D01D
:10AE7000582801D045B10AE00DB1102D07D10027A7
:10AE800014F8010B102502E0082500E00A25002631
:10AE9000B0460EE005FB080005FB06F101271FFA8E
:10AEA00080F801EB1046B6F5803F00D3B94614F8A0
:10AEB000010B294600F0B0F80028EBDABBF1000FD7
:10AEC00005D00FB1641E00E05446CBF80040B9F144
:10AED000000F06D0FFF708FF02210160C81EBDE881
:10AEE000F09F48EA0640FAE770B516460C4605465C
:10AEF000FFF7F2FE036893F80101012806D0FF2C4A
:10AF00000FD8185D68B101202C7070BDD3F807010F
:10AF10003246214603F2071303442846BDE8704039
:10AF200018474FF0FF3070BD10B5203AC0F00B80CD
:10AF3000B1E81850203AA0E81850B1E81850A0E83D
:10AF40001850BFF4F5AF5FEA027C24BFB1E8185097
:10AF5000A0E8185044BF18C918C0BDE810405FEA07
:10AF6000827C24BF51F8043B40F8043B08BF704783
:10AF7000D20728BF31F8023B48BF11F8012B28BF88
:10AF800020F8023B48BF00F8012B7047431A28BF46
:10AF90009A427FF6C9AF104410F0030F11441EBF50
:10AFA00011F8013D521E00F8013D10F0030F7FF42F
:10AFB000F6AF103AC0F00A8010B531E91850103AD7
:10AFC00020E91850BFF4F9AFBDE81040530724BF83
:10AFD00031E9081020E9081044BF51F8043D40F859
:10AFE000043D12F0030F08BF7047D20728BF31F8A5
:10AFF000023D48BF11F8012C28BF20F8023D48BF90
:10B0000000F8012C70470000004870477060002075
:10B0100000487047906000203A2800D2303820F075
:10B020002002412A01D3A2F13700884201D34FF018
:10B03000FF3070477546FFF7E7FFAE4605006946EB
:10B04000534620F00700854618B020B5FFF752F9A7
:10B05000BDE820404FF000064FF000074FF0000819
:10B060004FF0000B21F00701AC46ACE8C009ACE89A
:10B07000C009ACE8C009ACE8C0098D46704710B5FE
:10B080000446AFF300802046BDE81040FFF71DB92D
:10B090007047000001491820ABBEFEE72600020001
:10B0A0007F228A430260704770B505460C4675B929
:10B0B00000214FF4807001F057F9204601F048F963
:10B0C0000A4806F002FA0A4806F0FFF90CE00121EE
:10B0D000204601F049F9002001F03AF9034806F052
:10B0E000F9F9034806F0F6F970BD000000080240C7
:10B0F000000C0240F0B5044615460020002212293B
:10B1000005D1E06D20F007001843E06520E0092933
:10B1100011DDE068A1F10A0606EB4607072606FAEC
:10B1200007F29043A1F10A0606EB460603FA06F27F
:10B130001043E0600CE0206901EB4107072606FAA6
:10B1400007F2904301EB410603FA06F21043206137
:10B15000072D0FDA606B6E1E06EB86071F2606FAB8
:10B1600007F290436E1E06EB860601FA06F21043C4
:10B17000606322E00D2D0FDA206BEE1F06EB8607D1
:10B180001F2606FA07F29043EE1F06EB860601FA29
:10B1900006F21043206310E0E06AA5F10D0606EB0D
:10B1A00086071F2606FA07F29043A5F10D0606EB67
:10B1B000860601FA06F21043E062F0BD002221B1DA
:10B1C000836843F00103836003E0836823F0010395
:10B1D0008360002200E0521CB2F5947FFBD37047DD
:10B1E00021B1826842F48072826003E0826822F4B6
:10B1F00080728260704721B1826842F4801282605E
:10B2000003E0826822F480128260704721B1826874
:10B2100042F4A002826003E0826822F4A00282600D
:10B220007047000068B10E49096841F400010C4AFA
:10B23000116000BF0B49096841F48061094A11603F
:10B240000DE00749096821F40001054A116000BFBB
:10B250000449096821F48061024A116000BF704707
:10B260000808024020180040014600208A6802F0C9
:10B2700004020AB1012000E000204A6D02B1002062
:10B2800070470146C86C80B27047024600201368C0
:10B290000B400BB1012000E0002070470246002067
:10B2A000936D0B400BB1012000E0002070470000BF
:10B2B00070B5024600200023002402F16004282516
:10B2C000256050680E4D28400E790D6845EA062528
:10B2D0002843506090680B4D2840D1E90265354302
:10B2E0004E7945EA460528439060D06A20F4700004
:10B2F0000D7C6D1EEDB22B4340EA0350D06270BD51
:10B30000FFFEF0FFFDF7F1FF10B5024600200B7ABB
:10B3100023B1D36D43F00803D36503E0D36D23F06D
:10B320000803D365906D0B784BB140F4006000BF0B
:10B33000204B1B6843F480631E4C236009E020F41B
:10B34000006000BF1B4B1B6823F48063194C236013
:10B3500000BF4B7813B140F4806001E020F48060BE
:10B360008B7813B140F4007001E020F40070CB78CA
:10B3700013B140F4807001E020F480704B7913B178
:10B3800040F0080001E020F008008B7913B140F094
:10B39000040001E020F0040020F00300CB79184302
:10B3A00020F010000B79012B01D140F010009065C6
:10B3B00010BD0000201800400021016001714171A2
:10B3C0008160C1600121017470470021426D1AB98A
:10B3D000826842F004028260002100E0491CB1F55D
:10B3E000947FFBD3704700BFFEE7000010B520211B
:10B3F000014800F0ADF810BD0064004010B5002118
:10B40000837A012202FA03F13D4A126842F00102F6
:10B410003B4B1A603A4A1C3212688A43384B1C3341
:10B420001A60027BCAB9364A0C3212688A43344B1E
:10B430000C331A604288C38842EA0343304A4032E0
:10B44000847A42F834300288838842EA03432C4AE3
:10B450004032847A02EBC4025360027B012A19D184
:10B46000274A0C3212680A43254B0C331A60428873
:10B47000038842EA0343224A4032847A42F8343055
:10B48000C288838842EA03431D4A4032847A02EB31
:10B49000C4025360C27A3AB9194A121D12688A432B
:10B4A000174B1B1D1A6006E0154A121D12680A434D
:10B4B000134B1B1D1A60028932B9114A14321268EB
:10B4C0008A430F4B14331A600289012A06D10C4AB1
:10B4D000143212680A430A4B14331A60427B012A61
:10B4E00006D1074A1C3212680A43054B1C331A6006
:10B4F000034A126822F00102014B1A6010BD0000DD
:10B50000006A004010B502210B4800F091F80128B4
:10B5100010D10020094908800A1D0021064800F0CA
:10B52000BAF90649091D081F0BF0F2F90221024879
:10B5300000F00EF810BD0000006800400857002021
:10B5400010B52021014800F003F810BD006800404C
:10B55000B1F5007F3AD00FDC202928D006DC012984
:10B560001CD004291DD0082940D11DE0402921D03C
:10B57000B1F5807F3AD126E0B1F5004F31D006DC3D
:10B58000B1F5806F25D0B1F5006F2FD124E0B1F572
:10B59000803F12D0B1F5003F28D111E0154A8260FA
:10B5A00025E00822C26022E01022C2601FE00822CB
:10B5B00002611CE01022026119E00822426016E0DC
:10B5C0001022426013E00422426010E00422426034
:10B5D0000DE0042242600AE00022826104224260FF
:10B5E00005E0002282610422426000E000BF00BF4B
:10B5F000704700000101010010B504460B48844269
:10B6000009D10121480600F081FF00214FF00070B0
:10B6100000F07CFF08E00121880600F077FF0021A0
:10B620004FF0806000F072FF10BD00000064004029
:10B6300070B504460D46002660692840002871D088
:10B64000B5F5807F5CD010DC082D35D006DC012DEF
:10B6500020D0022D24D0042D72D127E0102D31D01E
:10B66000202D35D0402D6BD138E0B5F5004F60D09E
:10B6700009DCB5F5007F49D0B5F5806F4CD0B5F544
:10B68000006F5DD14FE0B5F5803F2DD0B5F5003F9F
:10B6900056D12FE0A0682D4903F098FD064651E0F1
:10B6A000E068032103F092FD06464BE0E0680821C4
:10B6B00003F08CFD064645E0E068102103F086FDAE
:10B6C00006463FE02069032103F080FD064639E08D
:10B6D0002069082103F07AFD064633E02069102135
:10B6E00003F074FD06462DE06068082103F06EFD4E
:10B6F000064627E06068102103F068FD064621E059
:10B70000A069012103F062FD06461BE0A069022149
:10B7100003F05CFD064615E0A069042103F056FD28
:10B7200006460FE00FE0A069702103F04FFD0646CA
:10B7300008E06068042103F049FD064602E0FFE7E7
:10B74000002600BF00E00026304670BD0101010068
:10B750001AB143690B43436102E043698B43436180
:10B76000704730B5024600200023146824F002041C
:10B770001460146844F00104146000E05B1C546819
:10B7800004F001041CB94FF6FF74A342F6D15468CB
:10B7900004F001040CB900206CE08C79012C04D178
:10B7A000146844F08004146003E0146824F08004FA
:10B7B0001460CC79012C04D1146844F04004146066
:10B7C00003E0146824F0400414600C7A012C04D1C6
:10B7D000146844F02004146003E0146824F020048A
:10B7E00014604C7A012C04D1146844F010041460E5
:10B7F00003E0146824F0100414608C7A012C04D146
:10B80000146844F00804146003E0146824F0080489
:10B810001460CC7A012C04D1146844F00404146040
:10B8200003E0146824F0040414608C78A407CD7835
:10B8300044EA05640D7944EA05444D7944EA055427
:10B840000D886D1E2C43D461146824F0010414602B
:10B85000002300E05B1C546804F001041CB14FF6A7
:10B86000FF74A342F6D1546804F001040CB1002027
:10B8700000E0012030BD00218171C171017241726F
:10B880008172C1728170C170032101710221417105
:10B8900001210180704710B500F5D87303EB011347
:10B8A0001B6803F004031372137A53B900F5D873BD
:10B8B00003EB01131B6840F2FF7404EA5353136057
:10B8C00009E000F5D87303EB01131B686FF06044C7
:10B8D00004EAD303536000F5D87303EB01131B682C
:10B8E00003F00203537200F5D87303EB01135B6896
:10B8F00003F00F03937200F5D87303EB01135B6839
:10B900001B0AD37400F5D87303EB01139B68D37241
:10B9100000F5D87303EB01139B681C0A147300F540
:10B92000D87303EB01139B681C0C547300F5D87398
:10B9300003EB01139B681B0E937300F5D87303EBA5
:10B940000113DB68D37300F5D87303EB0113DB68D5
:10B950001C0A147400F5D87303EB0113DB681C0C8C
:10B96000547400F5D87303EB0113DB681B0E93745A
:10B9700021B9C36843F02003C36003E0036943F0C7
:10B980002003036110BD10B502460020936803F048
:10B990008063B3F1806F00D110E0936803F000631F
:10B9A000B3F1006F01D1012008E0936803F08053E8
:10B9B000B3F1805F01D1022000E00420042874D09C
:10B9C00002F5C07303EB00131B6803F0010402F5DA
:10B9D000C07303EB00131C600B7A7BB94B7A0C88A5
:10B9E00043EA445302F5C07404EB00142468234373
:10B9F00002F5C07404EB0014236010E00B7A4C686D
:10BA000043EAC4034C7A234302F5C07404EB0014E8
:10BA10002468234302F5C07404EB001423608B7A7E
:10BA200003F00F038B7202F5C07303EB00135B6826
:10BA300023F00F0402F5C07303EB00135C6002F502
:10BA4000C07303EB00135B688C7A234302F5C07468
:10BA500004EB001463608B7B1C064B7B44EA0344BD
:10BA60000B7B44EA0323CC7A234302F5C07404EB36
:10BA70000014A3608B7C1C064B7C44EA03440B7CC3
:10BA800044EA0323CC7B234302F5C07404EB001487
:10BA9000E36002F5C07303EB00131B6843F001047D
:10BAA00002F5C07303EB00131C6010BD01684FF674
:10BAB000FE72114001600021016041608160C1603F
:10BAC0006549884208D164490839496841F00F0145
:10BAD000614A083A5160BEE05F491431884208D19A
:10BAE0005D490839496841F0F0015B4A083A516004
:10BAF000B1E059492831884208D157490839496885
:10BB000041F47061544A083A5160A4E052493C3112
:10BB1000884208D150490839496841F470414E4A79
:10BB2000083A516097E04C495031884208D14A495F
:10BB30000839496841F47021474A083A51608AE05F
:10BB400045496431884208D143490839496841F47C
:10BB50007001414A083A51607DE03F49783188429E
:10BB600008D13D490839496841F070613A4A083ABC
:10BB7000516070E038498C31884208D13649083923
:10BB8000496841F07041344A083A516063E03349F2
:10BB9000884206D1011F096841F00F01021F1160A0
:10BBA00059E02E491431884208D12C49091F0968EF
:10BBB00041F0F001294A121F11604CE02749283159
:10BBC000884208D12549091F096841F47061234A58
:10BBD000121F11603FE021493C31884208D11F49C2
:10BBE000091F096841F470411C4A121F116032E0BC
:10BBF0001A495031884208D11849091F096841F48F
:10BC00007021164A121F116025E0144964318842E0
:10BC100008D11249091F096841F470010F4A121F27
:10BC2000116018E00D497831884208D10B49091F8D
:10BC3000096841F07061094A121F11600BE0074961
:10BC40008C31884207D10549091F096841F07041CC
:10BC5000024A121F116070470800024008040240A7
:10BC600021B1026842F00102026004E002684FF66E
:10BC7000FE731A400260704710B50022026847F652
:10BC8000F0739A430C6A8B6823430C6923434C6915
:10BC900023438C692343CC6923434C6A23438C6A36
:10BCA00023431A430260CB6843600B6883604B6890
:10BCB000C36010BD00BFFEE7014908607047000087
:10BCC00014040140002123498279002A3AD00A460F
:10BCD000126803689A430B461A600A1D12680368CB
:10BCE0009A430B1D1A60027911440A6803681A43CB
:10BCF0000A60184A0832126803689A43154B0833E1
:10BD00001A601A1D126803689A43124B0C331A60AA
:10BD10004279102A0ED11A1F126803681A430D4B7C
:10BD200008331A601A1D126803681A43094B0C3352
:10BD30001A600DE00749427911440A6803681A4302
:10BD40000A6005E0027911440A6803689A430A60B0
:10BD500070470000000401400249C9680143014ADC
:10BD6000D16070470020024030B5044606257C2093
:10BD7000FFF7F2FF4FF4302000F096F80546062D4D
:10BD800017D10D48006940F002000B4908610846D0
:10BD90004461006940F0400008614FF4302000F039
:10BDA00083F805460448006943F6FD7108400249DE
:10BDB0000861284630BD00000020024006201249DC
:10BDC000C96801F0010109B101201CE00E49C968F0
:10BDD00001F0040109B1032015E00B49C96801F025
:10BDE000080109B104200EE00749C96801F01001FB
:10BDF00009B1052007E00449C96801F0400109B113
:10BE0000072000E006207047002002400348006938
:10BE100040F08000014908617047000000200240A6
:10BE200070B504460D46062604F0030010B109263D
:10BE3000304670BD7C20FFF78FFF4FF4005000F0BC
:10BE400033F80646062E12D10A48006940F0010078
:10BE50000849086125604FF4005000F025F80646B7
:10BE60000448006943F6FE71084002490861304603
:10BE7000DFE700000020024001460020034A10686E
:10BE800000F0F800084310607047000000200240F6
:10BE900002480349486003484860704723016745EA
:10BEA00000200240AB89EFCD00B502460623FFF724
:10BEB00085FF034603E0FFF781FF0346521E012B77
:10BEC00001D1002AF7D102B90A23184600BD0000AB
:10BED000F0B502460C460023002600210025002074
:10BEE00002F08047B7F1804F02D1844F396A11E0E8
:10BEF00002F00057B7F1005F02D1804F796A09E084
:10BF000002F08057B7F1805F02D17C4FB96A01E03F
:10BF10007A4F7968C2F3034593B2794F1740B7F56A
:10BF2000401F0AD121F07061744F7F6827F070675D
:10BF3000DFF8C8C1CCF80470BDE002F48017B7F593
:10BF4000801F13D102F40017B7F5001F03D1032798
:10BF5000AF403E0402E0032707FA05F6B14302F0C2
:10BF6000E047002FE8D141F07061A4E002F0807753
:10BF7000B7F1807F47D102F00407042F29D102F0E6
:10BF80000077B7F1007F16D1C2F340573F0103FAA3
:10BF900007F7B9433CB1594F786840F0010040F0D1
:10BFA0007060786087E0554F786820F0010040F0BD
:10BFB000706078607FE0C2F340573F0103FA07F7F3
:10BFC000B9434E4F786820F0010040F0706078600F
:10BFD00071E043F00407C2F3405C4FEA0C1C07FA1F
:10BFE0000CF7B9433CB1454F786840F0010040F090
:10BFF000706078605FE0414F786820F0010040F0A9
:10C000007060786057E002F08067B7F1806F47D1C9
:10C0100002F00807082F29D102F00077B7F1007F5E
:10C0200016D1C2F340573F0103FA07F7B9433CB1B9
:10C03000324F786840F0080040F0706078603AE075
:10C040002E4F786820F0080040F07060786032E091
:10C05000C2F340573F0103FA07F7B943274F786807
:10C0600020F0080040F07060786024E043F008079A
:10C07000C2F3405C4FEA0C1C07FA0CF7B9433CB121
:10C080001E4F786840F0080040F07060786012E061
:10C090001A4F786820F0080040F0706078600AE07D
:10C0A000C2F340573F0103FA07F7B94302F0E047F4
:10C0B0000FB941F070612CB1C2F340573F0103FA50
:10C0C00007F7394302F08047B7F1804F02D10B4F99
:10C0D000396211E002F00057B7F1005F02D1074F5B
:10C0E000796209E002F08057B7F1805F02D1034F17
:10C0F000B96201E0014F7960F0BD0000000001402D
:10C10000000030702DE9F041024600250026002095
:10C1100000230024002791F803C00CF00F0591F8CC
:10C1200003C00CF0100CBCF1000F03D091F802C05A
:10C130004CEA050591F800C0BCF1000F31D014683D
:10C1400000202BE04FF0010C0CFA00F3B1F800C016
:10C150000CEA03069E4220D183004FF00F0C0CFA2C
:10C1600003F7BC4305FA03FC4CEA040491F803C04E
:10C17000BCF1280F06D14FF0010C0CFA00FCC2F8FC
:10C1800014C00AE091F803C0BCF1480F05D14FF08C
:10C19000010C0CFA00FCC2F810C0401C0828D1D3D6
:10C1A0001460B1F800C0BCF1FF0F34DD546800200A
:10C1B0002EE000F1080C4FF0010808FA0CF3B1F87A
:10C1C00000C00CEA03069E4221D183004FF00F0C01
:10C1D0000CFA03F7BC4305FA03FC4CEA040491F89B
:10C1E00003C0BCF1280F05D100F1080C08FA0CF8C7
:10C1F000C2F8148091F803C0BCF1480F07D100F1D8
:10C20000080C4FF0010808FA0CF8C2F81080401C26
:10C210000828CED35460BDE8F0814FF6FF7101804D
:10C22000012181700421C17070470246002093688B
:10C230000B400BB1012000E00020704741617047C6
:10C240000161704701201049087000BF00BF00BFA6
:10C2500000BF00BFBFF34F8F00BF00BF00BF0B4840
:10C26000006800F4E0600A490843001D07490860BF
:10C2700000BF00BF00BFBFF34F8F00BF00BF00BFB4
:10C2800000BF00BFFDE700007A0000200CED00E0D9
:10C290000000FA0500BFFEE700BFFEE770B5002111
:10C2A00000230F22C47804B3154C246804F4E0641E
:10C2B000C4F5E064210AC1F10403CA40447804FAD9
:10C2C00003F184781440214309010E4C0678A155EE
:10C2D000047804F01F050124AC4005786D11AD0011
:10C2E00005F1E025C5F8004109E0047804F01F05D8
:10C2F0000124AC40044D0678761145F8264070BD07
:10C300000CED00E000E400E080E100E002490143C0
:10C31000024A1160704700000000FA050CED00E0D1
:10C32000024A0A400243024B1A60704780FFFF1F17
:10C3300008ED00E002460020044BD86A20F480603B
:10C3400020F4784010430843D86270470010024040
:10C3500001460020034AD06A20F00F000843D06253
:10C36000704700000010024002460020064BD86AC9
:10C3700020F4F87009B1104302E0104320F48070FB
:10C38000014BD862704700000010024001460020B7
:10C39000034A506820F0F0000843506070470000E6
:10C3A000001002401149096821F480310F4A1160E0
:10C3B0001146096821F480211160B0F5803F03D057
:10C3C000B0F5802F0ED106E00849096841F48031AC
:10C3D000064A116007E00549096841F4A021034AB3
:10C3E000116000E000BF00BF704700000010024075
:10C3F00001460020034A506820F4E0600843506082
:10C40000704700000010024001460020034A5068B7
:10C4100020F4605040EAC1005060704700100240B4
:10C4200002460020044B5868044B184042EA0103BE
:10C430001843014B5860704700100240FFFFC0F7DF
:10C4400001460020034A506820F003000843506072
:10C450007047000000100240034908604108024A8A
:10C46000D83AC2F8DC107047D8004242134800683E
:10C4700040F0010011490860084640681049084032
:10C480000E494860084600680E4908400B4908609C
:10C490000846006820F480200860084640680A4981
:10C4A0000840064948604FF46050C8624FF461503C
:10C4B00008634FF41F0088607047000000100240BE
:10C4C00000C0FFF8FFFFF6FEFFFF00F729B1064AA4
:10C4D00052690243044B5A6104E0034A52698243A1
:10C4E000014B5A61704700000010024029B1064A12
:10C4F000D2690243044BDA6104E0034AD269824301
:10C50000014BDA61704700000010024029B1064A71
:10C5100012690243044B1A6104E0034A1269824320
:10C52000014B1A61704700000010024029B1064A11
:10C5300092690243044B9A6104E0034A9269824380
:10C54000014B9A61704700000010024001490866E3
:10C550007047000000004242F0B5002100BF0022F9
:10C5600000250024384E7668384F06EA0702364E1A
:10C57000766806F4803502F000661EB9022606EBE6
:10C58000924204E04FF4F876C6EB9246721C1DB955
:10C590002F4E02FB06F30BE02B4E766806F40036B6
:10C5A0001EB12C4E02FB06F302E02B4E02FB06F3FB
:10C5B000254E766806F00C0121B1042905D0082922
:10C5C00008D105E0234E066007E0234E066004E034
:10C5D000036002E01F4E066000BF00BF1A4E76687F
:10C5E00006F0F00109091D4E745C0668E6404660DD
:10C5F000154E766806F4E061090A184E745C4668C8
:10C60000E6408660104E766806F46051C90A134E03
:10C61000745C4668E640C6600B4EF66A06F00F0191
:10C620000F4E745C4668B6FBF4F64661064EF66A39
:10C6300006F4F871090901F00F060A4F37F81640A1
:10C64000B3FBF4F60661F0BD0010024000003C08A8
:10C6500000093D0000127A000024F4003A000408AA
:10C660004A0004085A00040810B5014600220023BD
:10C6700000204A11012A02D1094C236806E0022A4F
:10C6800002D1074C236A01E0054C636A01F01F02E6
:10C69000012494401C400CB1012000E0002010BD9A
:10C6A000001002400248406800F00C007047000093
:10C6B0000010024038B5002000900024002500BF83
:10C6C0003120FFF7D1FF05460098401C00900098EC
:10C6D000B0F5004F01D0002DF2D03120FFF7C4FF9C
:10C6E00008B1012400E00024204638BD00BFFEE769
:10C6F00000B50B480AF02CFE0A480088B0F57A7F96
:10C7000005DA08480088401C0649088007E0002038
:10C710000449088002480068401C0149086000BDC7
:10C72000905600207801002010B500210020002242
:10C73000264B5B6803F00C0121B1042906D00829BF
:10C7400033D107E0224B234C236032E0224B214CB3
:10C7500023602EE01D4B5B68204C03EA04001B4B5A
:10C760005B6803F4803200F000631BB9022303EB23
:10C77000904004E04FF4F873C3EB9043581C2AB97F
:10C78000174B43435B00134C23600DE00F4B5B687A
:10C7900003F4003323B10E4B43430E4C236003E0FC
:10C7A0000D4B43430B4C236003E0094B094C2360C2
:10C7B00000BF00BF054B5B68C3F30313094CE15C8A
:10C7C000044B1B68CB40034C236010BD001002409B
:10C7D00000127A00D40200200024F40000003C087B
:10C7E00000093D002900040810B52948006840F4FC
:10C7F0007000274908602748006840F0010025497B
:10C8000008600846406824490840224948600846B4
:10C810000068224908401F4908600846006820F463
:10C8200080200860084640681D4908401949486052
:10C830004FF46050C8624FF4615008634FF41F001A
:10C8400088600846C06940F08050C8611548C068DB
:10C8500040F001001349C8600E48C06920F08050C4
:10C860000C49C8611048006840F090000E4908600B
:10C8700000F086FD4FF000600549803908600B48E4
:10C8800000680B49884201D001F044FA10BD000055
:10C8900088ED00E00010024000C0FFF8FFFFF6FE48
:10C8A000FFFF00F7007000400020024098F2FF1FD9
:10C8B000424B52490A460021018B4FF6F77319404B
:10C8C00011430183704721B1026842F00102026006
:10C8D00003E0026822F001020260704730B50024D4
:10C8E00000220023056A25F001050562026A4368FB
:10C8F000048B4FF68F752C404FF6FC752C400D883D
:10C900002C4322F002020D892A434D882A430E4D02
:10C91000A84202D00D4DA8420FD122F008024D8945
:10C920002A4322F004028D882A4323F4807323F4DF
:10C9300000738D892B43CD892B4343600483CD88BD
:10C940008586026230BD0000002C014000340140A9
:10C950000A46002101684D4B98420ED04C4B98423C
:10C960000BD0B0F1804F08D04A4B984205D04A4BCB
:10C97000984202D0494B984203D121F0700153886C
:10C980001943474B984206D0464B984203D021F4B6
:10C990004071D38819430160938883851388038588
:10C9A0003A4B984202D03A4B984201D1137A03860F
:10C9B000012383820168354B98420ED0344B984254
:10C9C0000BD0B0F1804F08D0324B984205D0324B9B
:10C9D000984202D0314B984206D1537A13B141F4B8
:10C9E000006101E021F40061B0F1804F08D0294BD3
:10C9F000984205D0284B984202D0284B98420DD13E
:10CA0000937A13B141F4805101E021F48051D37A3B
:10CA100013B141F4005101E021F40051B0F1804F15
:10CA200005D01C4B984202D01B4B984206D1137B79
:10CA300013B141F4804101E021F48041134B98424D
:10CA40000BD0134B984208D0B0F1804F05D0114B5A
:10CA5000984202D0104B984206D1537B13B141F457
:10CA6000004101E021F4004101604168B0F1804FD4
:10CA700002D0094B984206D1937B13B141F48071E7
:10CA800001E021F48071416070470000002C0140FA
:10CA9000003401400004004000080040000C004049
:10CAA00000100040001400408186704700BFFEE780
:10CAB00010B540F225510B4800F04BF838B1094849
:10CAC00000F0D6F8C4B22146074810F07DFC40F2D1
:10CAD0002771044800F03DF810B104480CF0D4FF71
:10CAE00010BD000000380140780A002098060020A0
:10CAF000F0B50346002400260025002040F66A1702
:10CB0000B94200D100BF1846C1F3421401F01F061C
:10CB1000012707FA06F5012C01D10C3004E0022CA4
:10CB200001D1103000E014301AB107682F430760BC
:10CB300002E00768AF430760F0BD21B1828942F48B
:10CB40000052828104E082894DF6FF731A4082818F
:10CB5000704770B50246002400230025002040F6EF
:10CB60006A16B14200D100BFC1F3421501F01F03A4
:10CB7000012606FA03F3012D02D19689334006E01F
:10CB8000022D02D1168A334001E0968A33400C12FE
:10CB9000012606FA04F41688344013B10CB10120C2
:10CBA00000E0002070BD00002DE9F04786B005468A
:10CBB0000F460024A24600BF00BF0026B88900B17E
:10CBC00000BF2E462C8A4CF6FF700440F8880443C0
:10CBD0002C82AC894EF6F3100440B888398908439A
:10CBE000798908430443AC81AC8A4FF6FF40044086
:10CBF000B8890443AC826846FFF7AEFC1948864208
:10CC000005D01948864202D01848864202D1DDF884
:10CC10000CA001E0DDF808A00AEBCA0000EB0A1046
:10CC200039688900B0FBF1F86420B8FBF0F004012A
:10CC30002009642101FB1080322101EB00106421E6
:10CC4000B0FBF1F90120B0EB191F04D16420B8FB4F
:10CC5000F0F0401C040109F00F0004432C8106B0E1
:10CC6000BDE8F08700380140005001400054014009
:10CC700001468888C0F308007047C1F3080282802B
:10CC8000704710B54FF48020FFF716F810BD10B5AF
:10CC900004F0B2FF10BD00BFFEE71CB54FF48020CA
:10CCA000FFF70AF84FF48020009000208DF8040070
:10CCB00008208DF8050001208DF806006846FFF772
:10CCC00001F81CBD7EB5044600232AB9302608466B
:10CCD000491C265408467EBD0CE00A20B2FBF0F544
:10CCE00000FB152030301D465B1C0DF805000A20A6
:10CCF000B2FBF0F20AB10A2BEFDB06E0581E034646
:10CD00001DF800600846491C2654002BF6DC084636
:10CD1000E1E77EB5044600232AB930260846491CBF
:10CD2000265408467EBD0CE00A20B2FBF0F500FB5D
:10CD3000152030301D465B1C0DF805000A20B2FBA3
:10CD4000F0F20AB10A2BEFDB06E0581E03461DF88D
:10CD500000600846491C2654002BF6DC0846E1E733
:10CD60007EB5044600232AB930260846491C2654BD
:10CD700008467EBD0CE00A20B2FBF0F500FB152052
:10CD800030301D465B1C0DF805000A20B2FBF0F2A6
:10CD90000AB10A2BEFDB06E0581E03461DF80060BF
:10CDA0000846491C2654002BF6DC0846E1E77EB510
:10CDB000044600232AB930260846491C2654084652
:10CDC0007EBD0CE00A20B2FBF0F500FB15203030F0
:10CDD0001D465B1C0DF805000A20B2FBF0F20AB1FB
:10CDE0000A2BEFDB06E0581E03461DF800600846DC
:10CDF000491C2654002BF6DC0846E1E7F0B5024654
:10CE00000B464FF6FF70002112E0545C00250CE049
:10CE100000F00106401004F00107B74202D04AF2C8
:10CE20000107784064106E1CF5B2082DF0DB491C38
:10CE30009942EAD3F0BD00002DE9F04106460F46C5
:10CE40009046002422A505E015F8012B2046641C1D
:10CE500024490A5428780028F6D132462146214830
:10CE6000FFF730FF044620222046641C1D490A5467
:10CE700028222046641C0A54384605E003782146DF
:10CE8000641C184A5354401C017809B1502CF5DB3E
:10CE90003D222046641C13490A544246214611484B
:10CEA000FFF710FF044629222046641C0D490A544E
:10CEB0000D222046641C0A540A222046641C0A548F
:10CEC00000200855084604F0E4FFBDE8F0810000AA
:10CED0005B4F54415D204641494C2073746570207E
:10CEE00000000000EC3C002010B5044604A004F053
:10CEF000F7FE204604F0F4FE03A004F0F1FE10BD9E
:10CF00005B4F54415D2000000D0A000070B50646DD
:10CF10000C46154619A13046FDF788FE20B118A130
:10CF20003046FDF783FE28B90120207000202870CC
:10CF3000012070BD13A13046FDF778FE20B112A18B
:10CF40003046FDF773FE20B90020207028700120C4
:10CF5000EFE70EA13046FDF769FE18B901202070F9
:10CF60002870E6E70AA13046FDF760FE20B90020F0
:10CF7000207001202870DCE70020DAE76F6E0000E7
:10CF8000310000006F6666003000000065696E00C9
:10CF90006175730030B502460C460AB1107808B9C5
:10CFA000002030BD002300210EE0505C302802DB61
:10CFB000505C392801DD0020F3E7505C303803EB8A
:10CFC000830500EB4503491C505C0028EDD123602C
:10CFD0000120E6E7034618787A2802D158786E28AF
:10CFE00001D0002070479878312805DB98783528E3
:10CFF00002DCD8782F2801D00020F3E79878303869
:10D000000870181D10600120ECE700002DE9F047C2
:10D010002848006800F110052E8826480068077A25
:10D02000D6B9042F18D12448007801280FD1002147
:10D030002248006880B2801C214A42F8101030203B
:10D040002049088000BF00201B49087003E0072723
:10D0500010201C49088027E0AC88A64201D8042093
:10D0600000E002200746B44200D93446A0B2A968C5
:10D0700088478046002002F08DFA8146A2B24946D8
:10D08000404602F09FFFA1B2002002F01BF9288861
:10D09000001B288068882044688030200949088067
:10D0A00000020949088000BF024909680F72BDE803
:10D0B000F0870000B8020020B2020020505C00405F
:10D0C00000600040CA020020C80200202DE9F84F8D
:10D0D0009B48006845780027BA46062D1BD1984822
:10D0E0000068007800F07F00002813D19449096897
:10D0F0008878012803D193490968CF690AE002289A
:10D1000003D1904909680F6A04E0032802D18D49D0
:10D1100009684F6A94E0002D64D18948006840880E
:10D1200000285FD186480068C08802285AD1844808
:10D1300000680079002855D181480068007800F027
:10D140007F0028B97E480068808808B97E4F77E064
:10D150007B480068007800F07F00012810D17849F2
:10D1600009684879774909688A6900219047002849
:10D1700066D173480068807A002861D0724F5FE002
:10D180006F480068007800F07F00022858D16C4892
:10D190000068407900F00F0669480068407900F0A7
:10D1A000700967480068407900F0800038B167492D
:10D1B00001EB8600D0F8000C00F0300806E063496F
:10D1C00001EB8600D0F8000C00F44058604800786D
:10D1D000B04235D9B9F1000F32D1B8F1000F2FD0DC
:10D1E000594F2DE0082D07D155480068007800F010
:10D1F0007F0028BB574F23E00A2D21D150480068FB
:10D20000007800F07F0001281AD14D480068807A2C
:10D21000B0B14B480068408890B94948006800792F
:10D2200070B947480068C088012809D14449096895
:10D230004879444909688A690021904700B9464FF6
:10D2400057B13F480068A0F812A03D4800688761C8
:10D250000020B84700240FE0394A12685078394A54
:10D260001268116988470446032C05D10920344906
:10D2700009680872BDE8F88F31480068008A4FF6E7
:10D28000FF71884204D109202D4909680872F1E72D
:10D29000022C03D02A480068008A20B908202849B7
:10D2A00009680872E6E726480068007800F0800008
:10D2B000E0B323480068C088009021480068008AD5
:10D2C0000099884204D91E4900980968088223E021
:10D2D0001B480068008A1A490968C98888421BDA15
:10D2E00017480068008A1749096891F82C1088428D
:10D2F00003DA0020194908700EE011480068008A1E
:10D300001049096891F82C1090FBF1F201FB120012
:10D3100010B90120114908700A48006890F82C10D3
:10D32000074800688182FFF771FE07E0FFE70320EE
:10D3300003490968087200030949088000BF99E79A
:10D34000B8020020BC02002011FC0208005000407E
:10D350001C020020E1140308DD010308B2020020D2
:10D36000C80200200549096888B220F0040003497A
:10D3700008604FF41E41014A11607047405C004054
:10D3800030B500210022002300202C4C246844F4F6
:10D3900080342A4D2C6000BF284C2468C4F34042DE
:10D3A0005B1C12B9B3F5004FF6D1244C2468C4F3CA
:10D3B00040421AB9224C234D2C6030BD224C2068CB
:10D3C00020F0070040F0040020601C4C64681B4DF6
:10D3D0006C602C46646844F400546C602C466468AD
:10D3E00044F4A0646C6000202C466068174C204018
:10D3F000014641F4803141F40031154C21432C4663
:10D400006160246844F080742C6000BF0B4C246879
:10D4100004F00074002CF9D00020084C606820F063
:10D42000030040F00200606000BF044C646804F038
:10D430000C04082CF9D100BFBFE700000010024027
:10D4400000127A00D402002000200240FFFFC0F743
:10D45000000004080020064908604FF41E400549FA
:10D460000880084600880249091F086000207047AC
:10D47000445C0040C20200202DE9F04104460E4603
:10D48000002504F07F0001F0ABFE054604F07F00AC
:10D4900002F070F807462A463946304602F07AFD17
:10D4A0002846BDE8F08100002DE9F05F054688467A
:10D4B00092469946DDF828B0002426A704E017F824
:10D4C000012B2046641C2A5438780028F7D14046A6
:10D4D00004E010F8013B2146641C6B54017809B14B
:10D4E000962CF6DB1DA604E016F8012B2046641CE2
:10D4F0002A54307808B1962CF6DB5246214628464D
:10D50000FFF7E0FB0446962C03DA2F222046641C2A
:10D510002A54484604E010F8013B2146641C6B5431
:10D52000017809B1962CF6DB962C03DA2F222046DF
:10D53000641C2A54584604E010F8013B2146641C40
:10D540006B54017809B19B2CF6DB00202855BDE80F
:10D55000F09F0000687474703A2F2F002F66697274
:10D560006D776172652F0000012180F86E1470479D
:10D57000F0B503460C461BB1187808B1002A01DC4F
:10D580000020F0BD00210846491C44F82030184610
:10D590000CE005782C2D08D1914206DA00250570A3
:10D5A000451C0E46491C44F82650401C0578002DA9
:10D5B000EFD10846E5E700002DE9F0412848006872
:10D5C00000F110042688A068C0B1BEB1A588B5429C
:10D5D00000D93546A8B2A168884707462088401B75
:10D5E0002080608828446080002001F0C3FF8046CE
:10D5F000AAB24146384602F0CDFC00BF208850B1A7
:10D600004FF44050174908800021084601F05AFEA7
:10D610003020154908802088A188884204DB032037
:10D620000F490968087218E02088002804DD0520E9
:10D630000B490968087210E0208870B90620084973
:10D640000968087200210948006880B2801C084AF5
:10D6500042F81010302004490880BDE8F081000035
:10D66000B8020020C8020020CA020020505C00401E
:10D670000060004010B50848006805280BD1074835
:10D6800001680068401C054A106021B9002011465D
:10D69000086002F013FC10BDA4020020C8010020A5
:10D6A00010B50120FEF7D8FE0121C805FEF71EFFC8
:10D6B00010BD000000B52F48007920B1012806D028
:10D6C00002280ED108E000202B49C8800DE04FF45D
:10D6D00040502949C88008E04FF400502649C880CE
:10D6E00003E002F055FC002000BD00BF2148407956
:10D6F00020B1012806D002280ED108E000201E49E2
:10D7000008810DE04FF480601B49088108E04FF468
:10D71000C0601949088103E002F03AFC0020E3E709
:10D7200000BF14488079072802D0082810D103E0F0
:10D730000020114988800FE00F48008918B90020A7
:10D740000D49888003E04FF480500B49888003E046
:10D7500002F01EFC0020C7E700BF0648006806492B
:10D760000860002088810C204881084601F037FDC0
:10D770000120B9E714020020445700200146CAB234
:10D780000B1243EA022070472DE9F04103460D4693
:10D790000020002132E05F5C4FEA074C4F1CDF5D48
:10D7A0004CEA072701F1020C13F80CC047EA0C04FD
:10D7B0003C4F4FEA944C17F80C800746401C02F887
:10D7C0000780384FC4F3053C17F80C800746401C0F
:10D7D00002F80780334FC4F3851C17F80C80074606
:10D7E000401C02F8078004F03F07DFF8B8C01CF8BF
:10D7F00007800746401C02F80780C91C8C1CAC42FD
:10D80000C9DB6E1A012E1ED15F5C3C04254F4FEA26
:10D81000944C17F80C800746401C02F80780214FF3
:10D82000C4F3053C17F80C800746401C02F807803B
:10D830004FF03D080746401C02F807800746401C91
:10D8400002F807802AE0022E28D15F5C4FEA074CDD
:10D850004F1CDF5D4CEA0724124F4FEA944C17F837
:10D860000C800746401C02F807800E4FC4F3053CAD
:10D8700017F80C800746401C02F80780094FC4F3D4
:10D88000851C17F80C800746401C02F807804FF0F3
:10D890003D080746401C02F8078000BF00241454CE
:10D8A000BDE8F08130FE03087FB506460C46002532
:10D8B000227829466846FFF72CFA05462E2228468C
:10D8C0006D1C0DF80020627829466846FFF721FAA2
:10D8D00005462E2228466D1C0DF80020A278294608
:10D8E0006846FFF716FA05462E2228466D1C0DF8ED
:10D8F0000020E27829466846FFF70BFA054600202B
:10D900000DF805006946304604F004F87FBD0000BC
:10D910002DE9F04706460F4691469846002427A574
:10D9200005E015F8012B2046641C2A490A54287882
:10D930000028F6D1324621462648FFF738FA044639
:10D9400020222046641C23490A5428222046641CB5
:10D950000A54384605E003782146641C1D4A535496
:10D96000401C017809B15A2CF5DB3D222046641C8D
:10D9700018490A54B8F1000F05D04A462146154807
:10D9800004F043FA04E04A4621461248FFF70FFA32
:10D99000044629222046641C0E490A540D222046C2
:10D9A000641C0A540A222046641C0A5400200855AC
:10D9B000084604F06EFABDE8F08700005B43414E74
:10D9C00052454C41595D204641494C207374657065
:10D9D00020000000B04D002010B5044604A004F063
:10D9E0007FF9204604F07CF904A004F079F910BD19
:10D9F0005B43414E52454C41595D20000D0A0000E9
:10DA00002DE9F04105460C462846FCF7A1FF0646E5
:10DA10002046FCF79DFF07460A2E01DB0A2F02DA9B
:10DA20000020BDE8F081E219A2F10A01AA19A2F1D1
:10DA30000A000A22FCF7ABFF08B90120F1E7002039
:10DA4000EFE72DE9F04FADF5037D05460C46164690
:10DA50001F46DDF830A2DDF8388240F26F414046C3
:10DA6000FDF76FF80CB1207818B90DF5037DBDE80E
:10DA7000F08F5FB1387848B145B1287830B1394678
:10DA80002846FFF7BDFF08B1012000E000208346D3
:10DA900000208290BBF1000F1AD1BAF1000F17D00D
:10DAA000B5B12878A0B14FF000090EE00AEB0910DB
:10DAB000007840B10AEB09112846FFF7A1FF10B129
:10DAC0000120829004E009F10109B9F1040FEDDBB6
:10DAD0008194BBF1000F1AD18298C0B91EB13046B3
:10DAE000FCF736FF00E000208146B9F1040F00D0BA
:10DAF000BBE7042231462046FCF749FF00B1B4E7FA
:10DB00002079202800D0B0E7601D819010E07EB120
:10DB10003046FCF71DFF04280AD104223146204676
:10DB2000FCF735FF20B92079202801D1601D8190B4
:10DB3000012088F8000088F801B040F2FF1201A827
:10DB40008199FDF747F800208DF80302424601A8AD
:10DB50008D9901F021FC00BF87E7000070B5022617
:10DB600047480068447846480068007800F07F0025
:10DB7000002844D1092C03D103F0C8FC06465FE01D
:10DB8000052C14D13E480068C0787F280BDC3C4847
:10DB90000068807838B93A480068808818B93848F1
:10DBA0000068807A08B1082565E0002648E0032C6B
:10DBB0000ED133480068C078012807D1304800688A
:10DBC000808818B903F0C6FC064639E0022637E023
:10DBD000012C35D12A480068C07801280DD1284889
:10DBE0000068808848B926480068407A00F0200024
:10DBF00018B102F03DFA064622E0022620E0204855
:10DC00000068007800F07F00012805D10B2C17D1A7
:10DC100002F0FAFA064613E019480068007800F0AE
:10DC20007F0002280BD1012C03D102F021FA064615
:10DC300006E0032C04D103F0DDFC064600E00226DA
:10DC40004EB1E0B20F4A1268516988470646032E6A
:10DC500001D109250FE00EB108250CE006250021B1
:10DC60000948006880B2801C084A42F81010302031
:10DC70000749088000BF024909680D7270BD0000A5
:10DC8000B8020020BC020020505C00400060004050
:10DC9000CA02002030B50E4C04EB8003D3F8003CE0
:10DCA0004BF68F7403EA040201F480530BB182F443
:10DCB000805201F400530BB182F4005242F400434D
:10DCC00043F08003024D05EB8004C4F8003C30BDF6
:10DCD0000050004030B50E4C04EB8003D3F8003CFC
:10DCE00048F6BF7403EA040201F010030BB182F09E
:10DCF000100201F020030BB182F0200242F4004335
:10DD000043F08003024D05EB8004C4F8003C30BDB5
:10DD10000050004000200021104AD26942F0805299
:10DD20000E4BDA610E4A1168C1F304610D4AD068E6
:10DD300020F47870891C29B11F2903D240EA4110D0
:10DD4000D06003E040F47870064AD060034AD2699C
:10DD500022F08052014BDA6170470000001002404F
:10DD60000018004000700040084A02EB8001D1F822
:10DD7000001C48F68F62114048F280021143034BA9
:10DD800003EB8002C2F8001C704700000050004006
:10DD90004FF6F8710140014A11607047505C004035
:10DDA00010B5074B03EB8002D2F8002C48F68F1316
:10DDB0001A400A43024C04EB8003C3F8002C10BD48
:10DDC000005000402DE9F04704460D46904620469D
:10DDD000FCF7BEFD0746042F09DB3846F91707EBB1
:10DDE00091718910A7EB810109B9012100E000219F
:10DDF000894600210FE0605C302801DB392809DD0D
:10DE0000412801DB462805DD612801DB662801DDAC
:10DE10004FF00009491CB94202DAB9F1000FEAD10A
:10DE2000B9F1000F0CD1A8F1010221462846FCF7F8
:10DE3000D1FE0021A8F1010029540020BDE8F0879F
:10DE40000026002082E0225C612A02DB225C573A35
:10DE500007E0225C412A02DB225C373A01E0225CC7
:10DE6000303A1303421CA25C612A03DB421CA25C11
:10DE7000573A0AE0421CA25C412A03DB421CA25C26
:10DE8000373A02E0421CA25C303A43EA0223821C89
:10DE9000A25C612A03DB821CA25C573A0AE0821C66
:10DEA000A25C412A03DB821CA25C373A02E0821C9E
:10DEB000A25C303AD2B243EA0213C21CA25C612ACD
:10DEC00003DBC21CA25C573A0AE0C21CA25C412AD6
:10DED00003DBC21CA25C373A02E0C21CA25C303AEF
:10DEE000D2B2134399B2802903DA3246761CA95480
:10DEF0002BE0B1F5006F11DAC02242EAA11202F064
:10DF0000FF0C3246761C05F802C001F03F0242F0D9
:10DF1000800C3246761C05F802C016E0E02242EA88
:10DF2000213C3246761C05F802C0C1F3851242F04E
:10DF3000800C3246761C05F802C001F03F0242F028
:10DF4000800C3246761C05F802C0001DF91E814285
:10DF500004DDA8F10401B1423FF775AF0020A855D8
:10DF600001206BE72DE9F04106460F46002419A574
:10DF700005E015F8012B2046641C18490A5428783E
:10DF80000028F6D1304605E003782146641C134A88
:10DF90005354401C017809B1322CF5DB3D22204658
:10DFA000641C0E490A543A4621460C48FEF78AFE84
:10DFB00004460D222046641C08490A540A222046C1
:10DFC000641C0A5400200855084603F089FEBDE889
:10DFD000F08100005B4F54415D2000004C3D00206B
:10DFE0002DE9F04FADF2844D07468B4607207F2385
:10DFF0000C2259460090F94807F0C5FD07207F2301
:10E000000D2239460090F54807F0BDFDF4A006C882
:10E010000DF27C4006C003AAF34890F8D21300F535
:10E020006370A0F110038DE8070000F1400259462B
:10E030003846FFF706FD9DF80C0030B9EBA003F061
:10E040004FFE0DF2844DBDE8F08F9DF87A04012853
:10E0500004D0E54890F8D703012801D1012000E061
:10E06000002005464FF00008002418E0E4A003F06B
:10E0700037FE0DF2DA3101EB441003F031FEDFA080
:10E0800003F02EFE0DF2DA3101EB44100822E1A17B
:10E09000FCF77DFC08B94FF00108601CC4B29DF884
:10E0A000D903A042E2DCB8F1000F08D00DB1DC4882
:10E0B00000E0DC4802463946CB480CF047FA00261F
:10E0C00000F0D8BE06EB461000EB86110DF10F00F4
:10E0D0000C182078252880F0C986DFE810F0C706E4
:10E0E00037005000AC03FB037500E3039800B30056
:10E0F000D000ED0011012E0111045201C3021C03D6
:10E1000044037803590425002C00C7068700430404
:10E110005F0477048D04D805EE05AF0604061A06E1
:10E120003006500670069006BFA23946AE480CF085
:10E130000DFA00F09CBE0DB1BDA000E0BFA00246EC
:10E140003946A9480CF002FA01F0F6FDA07908B1B1
:10E15000A01D00E0384681460F224946BB48FCF727
:10E1600039FD0021A04880F88B130DB1B8A000E064
:10E17000BBA0024639469C480CF0E8F9D9E7607923
:10E18000012820DB607904281DDCA07908B1A01DDE
:10E1900000E0384681466279AC4901EB02100F225B
:10E1A0004946FCF717FD00216279A84800EB0210F0
:10E1B000C1730DB1ADA000E0B2A0024639468A4855
:10E1C0000CF0C4F900BFB4E78748D4F81610C0F8C3
:10E1D000CC13A17E80F8D0130DB1AEA000E0B2A0A8
:10E1E0000246394680480CF0B1F9A2E7B2A006C851
:10E1F000CDE9011201A9162004F018FF0DB1B0A05D
:10E2000000E0B2A00146384603F006FB91E76078D3
:10E2100040F0FC008DF883040DF27C41162004F0E0
:10E2200005FF2DB1607808B1AAA006E0ADA004E01A
:10E23000607808B1AFA000E0B1A00146384603F015
:10E24000EBFA76E76078F32141EA8000C0B28DF8FE
:10E2500083040DF27C41162004F0E8FE2DB16078B5
:10E2600008B1AAA006E0ADA004E0607808B1AFA0B4
:10E2700000E0B1A00146384603F0CEFA59E76078D5
:10E28000CF2141EA0010C0B28DF883040DF27C4129
:10E29000162004F0CBFE2DB1607808B1AAA006E0EC
:10E2A000ACA004E0607808B1ADA000E0AFA00146EA
:10E2B000384603F0B1FA3CE703208DF87C04A078DF
:10E2C0004B30C0B28DF87D040DF27C41132004F078
:10E2D000ADFE03F05BFC814694F9020003F0EEFC16
:10E2E00082460DB1A4A000E0A6A001464B465246CE
:10E2F000A748FCF711F8A649384603F08DFA18E74D
:10E3000060783F2141EA8010C0B28DF883040DF29D
:10E310007C41162004F08AFE2DB1607808B19DA0E2
:10E3200006E09FA004E0607808B1A0A000E0A2A0F1
:10E330000146384603F070FAFBE603208DF87C04B2
:10E34000A0784B30C0B28DF87F040DF27C411320D1
:10E3500004F06CFE03F01AFC814694F9020003F00D
:10E36000ADFC82460DB197A000E099A001464B4656
:10E3700052469B48FBF7D0FF9949384603F04CFAC8
:10E38000D7E6E07E01F06AFB40B90DB195A000E050
:10E3900099A00146384603F03FFACAE6E07E062817
:10E3A00009D2DFE800F0080309111A19207F40F0B4
:10E3B000FC008DF87C0435E1207FF32141EA8000E8
:10E3C000C0B28DF87C042DE1207FCF2141EA0010FE
:10E3D000C0B28DF87C0425E11EE115E1A84F0020B4
:10E3E000FFFFFFFFFFFFFFFF98060020534D533A4A
:10E3F0002061757468206661696C65640D0A0000AF
:10E40000534D53207061727365206572726F723A5A
:10E4100020000000756E6B6E6F776E3A0000000092
:10E42000E3FE030871FE0308706F6E6700000000D2
:10E430004E657573746172742E2E2E00526573656D
:10E440007474696E672E2E2E00000000140A0020DE
:10E4500041646D696E2067657365747A74000000AD
:10E4600041646D696E2073657400000054656C65CD
:10E47000666F6E20616B7475616C69736965727427
:10E480002E00000050686F6E6520757064617465C1
:10E49000642E000050494E20616B7475616C697385
:10E4A000696572742E00000050494E2075706461D9
:10E4B0007465642E000000000000FFFFFFFFFF00F6
:10E4C000416C6C657320617573000000416C6C20B9
:10E4D0006F6666004272656E6E65723A2045494EFF
:10E4E000000000004272656E6E65723A204155531D
:10E4F000000000004275726E65723A204F4E0000B7
:10E500004275726E65723A204F4646004865697AD8
:10E51000737461623A2045494E0000004865697A8B
:10E52000737461623A20415553000000456C656D7B
:10E53000656E743A204F4E00456C656D656E743A99
:10E54000204F464600000000426F64656E3A204549
:10E55000494E0000426F64656E3A204155530000F9
:10E56000466C6F6F723A204F4E000000466C6F6F22
:10E57000723A204F46460000426F64656E3A20258D
:10E5800064257300466C6F6F723A20256425730012
:10E59000104B00204D6F746F723A2045494E0000B9
:10E5A0004D6F746F723A204155530000456E676994
:10E5B0006E653A204F4E0000456E67696E653A20E1
:10E5C0004F4646004D6F746F723A202564257300E4
:10E5D000456E67696E653A2025642573000000006A
:10E5E000284B00204E6963687420766572667565F5
:10E5F00067626172000000004E6F7420617661698D
:10E600006C61626C65000000207F3F2141EA801050
:10E61000C0B28DF87C0405E0207F40F0FC008DF84E
:10E620007D0400BF00BF0DF27C41162004F0FEFC0B
:10E63000207F03280ADA25B1207FF74951F820000E
:10E6400005E0207FF54951F8200000E0F4A00346E2
:10E65000E27EF4A1F548FBF75FFEF449384603F08B
:10E66000DBF866E5E07E01F0F9F950B915B1AFF2DB
:10E670008C0001E0AFF280000146384603F0CCF890
:10E68000F5E3E07E062828D2DFE800F02703091131
:10E690001921607F40F0FC008DF881041DE0607F4F
:10E6A000F32141EA8000C0B28DF8810415E0607F5B
:10E6B000CF2141EA0010C0B28DF881040DE0607FE7
:10E6C0003F2141EA8010C0B28DF8810405E0607FEF
:10E6D00040F0FC008DF8820400BF00BF0DF27C41C9
:10E6E0001B2004F0A3FC607F012804D10DB1D0A051
:10E6F00002E0D1A000E0D2A00346E27E0DB1D2A09C
:10E7000000E0D5A00146D748FBF706FED5493846BC
:10E7100003F082F8ABE3E07E01F0A0F950B915B147
:10E72000AFF2401001E0AFF230100146384603F07E
:10E7300073F89CE3A17FE07E401E0DF27C421154F1
:10E7400011461B2004F072FCA37FE27E0DB1C6A02F
:10E7500000E0CAA00146CD48FBF7DEFDCB493846B4
:10E7600003F05AF883E3E07E01F078F950B915B16F
:10E77000AFF2901001E0AFF280100146384603F08E
:10E780004BF874E3E07F4B30C1B2E07E401E0DF2E7
:10E790007C4211541146192004F048FC03F0F6F9AC
:10E7A000814694F91F0003F089FA8246CDF8009063
:10E7B000E27E0DB1B6A000E0B9A001465346BC48C8
:10E7C000FBF7AAFDBA49384603F026F84FE3E07E8E
:10E7D00001F044F950B915B1AFF2F81001E0AFF211
:10E7E000E8100146384603F017F840E3E07F4B306D
:10E7F000C1B2E07E401E0DF27C4211541146192038
:10E8000004F014FC03F0C2F9814694F91F0003F0F0
:10E8100055FA8246CDF80090E27E0DB1A5A000E049
:10E82000A8A001465346AB48FBF776FDA9493846F8
:10E8300002F0F2FF1BE355208DF87C04FD208DF8DB
:10E840007D040DF27C41162004F0F0FB207920B10C
:10E8500001280BD002281BD111E0F1208DF8830490
:10E860000DF27C41162004F0E1FB11E0F4208DF85C
:10E8700083040DF27C41162004F0D8FB08E0F5205B
:10E880008DF883040DF27C41162004F0CFFB00BF0D
:10E8900000BF0DB190A000E095A00146384602F0FF
:10E8A000BBFFE4E2E178964880F8D21335B1E07816
:10E8B000012801D193A007E095A005E0E0780128A8
:10E8C00001D196A000E098A0024639468C480BF092
:10E8D0003DFECCE261788A4880F8D5132DB160788E
:10E8E00008B194A006E098A004E0607808B19BA06D
:10E8F00000E09FA00246394681480BF027FEB6E2B1
:10E90000A078A04981F8840094F80290B9F1640FCE
:10E9100002DCB9F1000F01D14FF06409B9F1600FC9
:10E9200008DD0DB198A000E09DA00146A248FBF7CC
:10E93000F3FC08E00DB1A1A000E0A5A001464A4605
:10E940009D48FBF7E9FC03208DF87C048DF8829448
:10E950000DF27C41132004F069FB9749384602F020
:10E960005BFF84E26178664880F8D6132DB1607849
:10E9700008B19CA006E0A0A004E0607808B1A3A0C4
:10E9800000E0A4A0024639465D480BF0DFFD6EE2D0
:10E990002A4639467B4804F093FB68E294F820103D
:10E9A000574880F8D71394F82000012800D100E0E0
:10E9B00000208146B9F1000F01D099A000E09DA090
:10E9C000024639464E480BF0C1FD50E21F2204F1C9
:10E9D00021019D48FCF7FEF80021494880F8E51226
:10E9E0000AF0D8F80DB199A000E09FA00246394680
:10E9F00043480BF0ABFD3AE20F2204F121019248AB
:10EA00002030FCF7E7F800213D4880F8F5120AF0C5
:10EA1000C1F805B132E133E190000020840000200C
:10EA20003F0000005A25643A20257300404B002027
:10EA30006D616E75656C6C006D616E75616C00006A
:10EA40006175746F000000005A2564204C7565667E
:10EA50007465723A202573005A25642066616E3A07
:10EA600020257300504B00205A2564204C756566A4
:10EA70007465723A20256425250000005A2564201B
:10EA800066616E3A2025642525000000684B002051
:10EA90005A2564205461673A2025642573000000DC
:10EAA0005A2564206461793A2025642573000000AA
:10EAB0007C4B00205A2564204E616368743A2025FF
:10EAC000642573005A2564206E696768743A2025AE
:10EAD00064257300944B0020417566776165726D03
:10EAE000656E206765737461727465740000000060
:10EAF0005761726D75702073746172746564000083
:10EB00009806002045696E686569743A20460000E1
:10EB100045696E686569743A20430000556E6974F2
:10EB2000733A204600000000556E6974733A204322
:10EB3000000000004665686C65726D656C64756EFA
:10EB4000673A2045494E00004665686C65726D6500
:10EB50006C64756E673A2041555300004661756CD0
:10EB600074207265706F72743A204F4E000000007E
:10EB70004661756C74207265706F72743A204F46EE
:10EB800046000000344A002053797374656D7A653D
:10EB900069743A20756E62656772656E7A740000FA
:10EBA00053797374656D2074696D65723A20756E62
:10EBB0006C696D6974656400AC4B002053797374A3
:10EBC000656D7A6569743A2025642068000000004C
:10EBD00053797374656D2074696D65723A2025648C
:10EBE00020680000426573746165746967756E67BB
:10EBF0003A2045494E0000004265737461657469AE
:10EC000067756E673A2041555300000041636B3AC7
:10EC1000204F4E0041636B3A204F464600000000F3
:10EC2000537072616368653A2044657574736368F4
:10EC3000000000004C616E67756167653A20456EA3
:10EC4000676C6973680000005E0900204D515454E0
:10EC50002D53657276657220616B7475616C697392
:10EC600069657274000000004D5154542073657240
:10EC700076657220757064617465640081A000E03F
:10EC800086A0024639468A480BF060FCEFE0172266
:10EC900004F121018748FBF79DFF0021844880F89B
:10ECA0000D1309F077FF0DB183A000E089A00246A3
:10ECB00039467F480BF04AFCD9E061787C4880F8FF
:10ECC000D1132DB1607808B188A006E08BA004E0D4
:10ECD000607808B18DA000E090A0024639467448E3
:10ECE0000BF034FCC3E06178714880F8D3132DB188
:10ECF000607808B18DA006E092A004E0607808B1C9
:10ED000096A000E09BA00246394669480BF01EFC25
:10ED1000ADE06178664880F8D4132DB1607808B111
:10ED20009AA006E09CA004E0607808B19DA000E0F5
:10ED30009FA0024639465E480BF008FC97E01F2270
:10ED400004F121015B489138FBF744FF002158484A
:10ED500080F8841235B190F8650208B198A008E0F7
:10ED60009CA006E0524890F8650208B1A2A000E01D
:10ED7000A4A0024639464E480BF0E8FB77E01F227C
:10ED800004F121014B487138FBF724FF002148486A
:10ED900080F8A41235B190F8850208B19EA008E071
:10EDA000A4A006E0424890F8850208B1A8A000E0BF
:10EDB000ADA0024639463E480BF0C8FB57E01F2283
:10EDC00004F121013B485138FBF704FF002138488A
:10EDD00080F8C41235B190F8A50208B1A7A008E0E8
:10EDE000ADA006E0324890F8A50208B1B1A000E05D
:10EDF000B6A0024639462E480BF0A8FB37E03F226A
:10EE000004F12101B648FBF7E5FE0021284880F80F
:10EE1000041235B190F8C50108B1B2A008E0B7A05E
:10EE200006E0234890F8C50108B1BBA000E0BFA0F0
:10EE3000024639461E480BF089FB18E01C4890F842
:10EE4000D10348B90DB1BDA000E0C6A002463946C5
:10EE500017480BF07BFB0AE0154809F0C9FDA04AF2
:10EE60004032394612480BF071FB00E000BF00BF92
:10EE7000701CC6B29DF80E00B0423FF723A900BF38
:10EE8000FFF7DFB84D5154542D4C6F67696E206108
:10EE90006B7475616C697369657274004D5154547B
:10EEA000206C6F67696E2075706461746564000022
:10EEB000980600208E0900204D5154542D50617346
:10EEC00073776F727420616B7475616C69736965B7
:10EED000727400004D5154542070617373776F72D7
:10EEE000642075706461746564000000496E746527
:10EEF000726E65743A2045494E000000496E746593
:10EF0000726E65743A20415553000000496E746575
:10EF1000726E65743A204F4E00000000496E7465B1
:10EF2000726E65743A204F4646000000526F616D64
:10EF3000696E672D496E7465726E65743A20454935
:10EF40004E000000526F616D696E672D496E7465E9
:10EF5000726E65743A20415553000000526F616D26
:10EF6000696E6720696E7465726E65743A204F4EE3
:10EF700000000000526F616D696E6720696E7465F4
:10EF8000726E65743A204F46460000004E7572203E
:10EF900032473A2045494E004E75722032473A209A
:10EFA000415553003247206F6E6C793A204F4E0026
:10EFB0003247206F6E6C793A204F464600000000C1
:10EFC00041504E20616B7475616C69736965727430
:10EFD0000000000041504E207A7572C3BC636B671D
:10EFE000657365747A7420286175746F6D617469D6
:10EFF000736368290000000041504E207570646101
:10F000007465640041504E207265736574202861F8
:10F0100075746F290000000041504E2D42656E75D9
:10F02000747A657220616B7475616C69736965725D
:10F030007400000041504E2D42656E75747A657201
:10F04000207A7572C3BC636B67657365747A7400EC
:10F0500041504E20757365726E616D6520757064E8
:10F06000617465640000000041504E207573657244
:10F070006E616D65207265736574000041504E2DA0
:10F0800050617373776F727420616B7475616C6912
:10F09000736965727400000041504E2D50617373A6
:10F0A000776F7274207A7572C3BC636B6765736522
:10F0B000747A740041504E2070617373776F72647C
:10F0C00020757064617465640000000041504E203A
:10F0D00070617373776F726420726573657400007A
:10F0E0005D080020436865636B2D55524C20616BB1
:10F0F0007475616C69736965727400004368656357
:10F100006B2D55524C207A7572C3BC636B67657367
:10F1100065747A7400000000436865636B20555283
:10F120004C20757064617465640000004368656319
:10F130006B2055524C207265736574004572737470
:10F1400020496E7465726E657420616B74697669AE
:10F150006572656E3A20696E7465726E65742031F1
:10F1600000000000456E61626C6520696E74657216
:10F170006E65742066697273743A20696E74657284
:10F180006E657420310000002DE9F04105460F4600
:10F1900014463D604FF0200841462846FBF74FFBE0
:10F1A000064666B100203070701C206002E02068C6
:10F1B000401C2060206800782028F8D004E0284611
:10F1C000FBF7C6FB28442060BDE8F0810246002022
:10F1D00002EA01030BB1012000E0002070477047F4
:10F1E00001460648006880B200EBC100801D044A59
:10F1F00032F81000C0F3090070470000505C004076
:10F200000060004010B518480068047A022C01D054
:10F21000042C05D1FDF7FAFE13480068047A1CE0BF
:10F22000062C19D110480068407805280ED10E48E8
:10F230000068007800F07F0040B90B490968C87881
:10F2400000F0E2FE09490968086A80470849096830
:10F2500088688047082400E00824034909680C7284
:10F2600000F04CFA10BD0000B8020020C4020020DB
:10F27000BC0200207047000010B502460F4800682D
:10F2800080B200EBC200801D0D4C04EB40033E2910
:10F290000BDD481101F01F040CB9441EA0B24FF45D
:10F2A000004444EA80241C6007E0481001F0010497
:10F2B0000CB1441CA0B284021C6010BD505C004024
:10F2C00000600040044A126892B202EBC002921C35
:10F2D000024B43F812107047505C00400060004041
:10F2E0003EB52A4808F014F82949B0FBF1F201FBB9
:10F2F00012045B208DF800002648B4FBF0F00A21D0
:10F30000B0FBF1F201FB120030308DF8010042F247
:10F310001070B4FBF0F0B0FBF1F201FB12003030E2
:10F320008DF802004FF47A70B4FBF0F0B0FBF1F20C
:10F3300001FB120030308DF803006420B4FBF0F0C4
:10F34000B0FBF1F201FB120030308DF804000A200E
:10F35000B4FBF0F0B0FBF1F201FB120030308DF89D
:10F3600005000A20B4FBF0F100FB114030308DF8AD
:10F3700006005D208DF8070020208DF80800002091
:10F380008DF80900684602F041FB3EBD9056002012
:10F3900040420F00A08601002DE9F043B5B0804641
:10F3A0000D4616460A222BA94046FEF7E1F8814693
:10F3B000002430E02BA951F8240002F0D3FC2BA844
:10F3C00050F82400007800B924E02BA850F824104D
:10F3D0009F2203A8FBF7FEFB00208DF8AB002BA9B2
:10F3E00051F8240003F050FE2BA951F8240001AA83
:10F3F00002A9FFF7C9FE2BA850F824000199081AAA
:10F4000003A947182B463A460096DDE9011002F0A1
:10F4100079FD00BF641C4C45CCDB35B0BDE8F08302
:10F420002DE9F04704460D46904699460021681E96
:10F430002154002601E0701C86B2AE4202DAA05DC3
:10F440000028F8D10127002008E0215C202902DBF8
:10F45000215C7E2900DD0027411C88B20FB1B0423B
:10F46000F3DB57B96A1E41462046FBF7B3FB002188
:10F47000681E2154012089F80000BDE8F0870000D3
:10F4800070B51E480078012836D11D48006818B9AB
:10F4900000201A4908702FE01948006840280ED94A
:10F4A0001848008885B24024164800684030154945
:10F4B0000860134800684038114908600FE011489F
:10F4C000008885B20E48008884B20E4800680C4956
:10F4D000096808440B4908600020094908600A4986
:10F4E00048192246C02100F06DFD21460120FFF79A
:10F4F000E9FE012000F040F970BD0000A8010020E5
:10F50000A4010020A0010020545700200B4A02EB68
:10F510008001D1F8001C01F4804171B102EB80013F
:10F52000D1F8001C48F68F7211404CF28002114352
:10F53000024B03EB8002C2F8001C704700500040F1
:10F540000B4A02EB8001D1F8001C01F0400171B1BF
:10F5500002EB8001D1F8001C48F68F72114048F28E
:10F56000C0021143024B03EB8002C2F8001C70473B
:10F570000050004001460548006880B200EBC10021
:10F58000001D034A32F8100080B27047505C004002
:10F590000060004001460548006880B200EBC100F1
:10F5A000034A32F8100080B270470000505C0040FF
:10F5B0000060004010B511480068047A022C01D0A8
:10F5C000042C01D1082412E0032C01D0052C05D114
:10F5D000FDF7F2FF09480068047A08E0072C05D11E
:10F5E00007490968C8688047082400E008240349DF
:10F5F00009680C7200F082F810BD0000B80200200B
:10F60000BC02002010B54A105300054A126892B29D
:10F6100002EBC002121D034C44F8123010BD000072
:10F62000505C00400060004010B54A105200044B8E
:10F630001B689BB203EBC003024C44F8132010BDBF
:10F64000505C0040006000402DE9F04106460F4646
:10F65000002418A505E015F8012B2046641C184964
:10F660000A5428780028F6D1304605E00378214670
:10F67000641C134A5354401C01780029F6D13D22E2
:10F680002046641C0E490A543A4621460C48FDF7B0
:10F690008EFB04460D222046641C09490A540A22A6
:10F6A0002046641C0A5400200855084602F018FB46
:10F6B000BDE8F0815B43414E52454C41595D20000D
:10F6C000704D00200246312A06DB352A04DCA2F107
:10F6D00030000870012070470020FCE710B5064993
:10F6E0000320FDF7C9FE84B2E1B2034801F09AFDA0
:10F6F000032000F027F810BDF45F002010B50D487E
:10F7000090F82C100020FFF7B7FD0B480068007A36
:10F71000082805D1400209490880102008490880BE
:10F7200005480068007A092801D1012010BD002099
:10F73000FCE7000020020020B8020020C8020020E0
:10F74000CA02002010B50B4B03EB8002D2F8002C4C
:10F750004BF68F7302EA030181F4805181F400516A
:10F7600041F4004242F08002024C04EB8003C3F8F3
:10F77000002C10BD0050004010B50B4B03EB800275
:10F78000D2F8002C48F6BF7302EA030181F01001A1
:10F7900081F0200141F4004242F08002024C04EB6F
:10F7A0008003C3F8002C10BD0050004070B5044623
:10F7B0000CB1207808B9002070BD00250CE0084984
:10F7C00051F835002146FBF731FA20B9044800EB27
:10F7D000C5004068F0E76D1C3B2DF0D30020EBE73F
:10F7E000B0F903082DE9F0470446204600F05CFB21
:10F7F00008B1BDE8F0872078732802D0207853281C
:10F8000026D16078202823D1A71CB84681464946D6
:10F810004046FBF714F80646B6B1002006F8010B87
:10F8200052A002F05DFA384602F05AFA54A002F0F3
:10F8300057FA304602F054FA53A002F051FA31461A
:10F8400038460FF057F902E050A002F049FAD0E72D
:10F85000042258A12046FBF79AF860B9201D0FF04A
:10F86000A5FC56A002F03CFA201D02F039FA46A091
:10F8700002F036FABDE756A12046FBF7D7F910B9DA
:10F880000FF08CFAB5E754A12046FBF7CFF910B979
:10F890000FF04EF9ADE72078752802D02078552872
:10F8A00010D1607820280DD1A11C4D480AF0DEFE51
:10F8B0004CA002F0ABF8A01C02F0A8F832A002F0B5
:10F8C000A5F896E7207800B993E72578722D01D046
:10F8D000522D1DD100BF00BF00BF00BF00BFBFF34E
:10F8E0004F8F00BF00BF00BF4348006800F4E060D6
:10F8F00042490843001D4049086000BF00BF00BFE7
:10F90000BFF34F8F00BF00BF00BF00BF00BFFDE7C8
:10F91000622D01D0422D06D101203949087039A04D
:10F9200002F0DEF965E7672D01D0472D06D12020D2
:10F930003D4908603DA002F0D3F95AE7612D01D09E
:10F94000412D06D10020384908603CA002F0C8F9DA
:10F950004FE76C2D01D04C2D06D124203249086090
:10F960003AA002F0BDF944E700BF42E75B555342BD
:10F9700020534D535D2070686F6E653D00000000A0
:10F98000206D73673D0000000D0A00005B55534277
:10F9900020534D535D2075736167653A2053203CB9
:10F9A00070686F6E653E203C6D6573736167653E80
:10F9B0000D0A000073657420000000005B5553427F
:10F9C000205345545D207175657565643A200000CB
:10F9D0007374617475730000636F6E66696700000D
:10F9E000980600205B555353445D2073656E64692F
:10F9F0006E673A20000000000CED00E00000FA0500
:10FA0000780000200D0A5B427269646765204F4EE2
:10FA10005D202074797065202B2B2B20746F20655E
:10FA20007869740D0A000000000000200D0A5B4C8C
:10FA30006F673A2047534D5D0D0A00000D0A5B4C7D
:10FA40006F673A20414C4C5D0D0A00000D0A5B4C7B
:10FA50006F673A2041545D0D0A00000001460129FC
:10FA600001DB052901DD01207047481E044B1A56B1
:10FA70001AB1022A01D00120F6E70020F4E70000C5
:10FA8000D14A002038B501242948006880B2001D01
:10FA9000284931F8100080B201EB40000090264860
:10FAA0000068007A092832D0009800782249096855
:10FAB00008700098401C0090009800781E49096862
:10FAC00048700098401C0090009800EB44000090A3
:10FAD000009931F8020B0091FDF750FE16490968B4
:10FAE0004880009800EB44000090009931F8020B28
:10FAF0000091FDF743FE104909688880009800EBEB
:10FB000044000090009800880B490968C8800120D3
:10FB100009490968087208480068C08810B9FEF7EA
:10FB20001DF801E0FDF7D2FAFFF7E8FD38BD00004F
:10FB3000505C004000600040B80200207CB50546E3
:10FB40000E46694601A800F017F9002407200AE0D4
:10FB500082000199D14001F00F01104A535C214607
:10FB6000641C6B54401E002802DB711EA142EFDCB6
:10FB700007200AE082000099D14001F00F01074AF6
:10FB8000535C2146641C6B54401E002802DB711E2E
:10FB9000A142EFDC002028557CBD00007DF6030863
:10FBA0001CB506A103C9CDE900016946162003F082
:10FBB0003DFA0020034908701CBD00000000FFFF53
:10FBC000FFFFFF008000002070B5ADF5007D04460A
:10FBD0000E46154640F26F412846FAF7B2FF012063
:10FBE000287068700CB1207810B90DF5007D70BDDB
:10FBF00040F2FF1221466846FAF7ECFF00208DF82C
:10FC0000FF012A4631466846FFF7C6FB00BFECE716
:10FC100010B504462CB90220394909680882002031
:10FC200010BD00203749088035480068007800F092
:10FC30007F0018BB32490968487A00F0200131B1D1
:10FC40003049097841F002012E4A117005E02D4932
:10FC5000097801F0FD012B4A117000F0400131B12B
:10FC60002849097841F00101264A117005E025492B
:10FC7000097801F0FE01234A11703AE0204800683B
:10FC8000007800F07F00012801D11E48C8E71C4819
:10FC90000068007800F07F00022828D1184A126816
:10FCA000517901F00F0001F080027AB1164B03EB9D
:10FCB0008002D2F8002C02F03002102A16D1114A2C
:10FCC000127842F001020F4B1A700FE00E4B03EB5B
:10FCD0008002D2F8002C02F44052B2F5805F05D1C8
:10FCE000084A127842F00102064B1A7001E0002027
:10FCF00096E70649096808698047024890E70000CE
:10FD0000B8020020B002002000500040C4020020D1
:10FD100010B5002804DB0A07130E054A135406E049
:10FD20000A07140E034A00F00F031B1FD45410BD22
:10FD300000E400E018ED00E000BF00BF00BFBFF32B
:10FD40004F8F00BF00BF00BF0948006800F4E060AB
:10FD500008490843001D0649086000BF00BF00BFF6
:10FD6000BFF34F8F00BF00BF00BF00BF00BFFDE764
:10FD70000CED00E00000FA05F0B589B005460E462E
:10FD800027480068401C264908600024254807F0E1
:10FD9000BFFA0746002008E0C10027FA01F1CBB204
:10FDA0002146641C01AA5354401C0428F4DB0020A3
:10FDB00009E0C2001A490968D140CBB22146641C4F
:10FDC00001AA5354401C0428F3DB002006E0164926
:10FDD0000B5C2146641C01AA5354401C1249095C67
:10FDE00009B11E2CF3DB41F2055028604CF6E750B8
:10FDF0003060002010E0296801EB411101AA125C7B
:10FE000051402960316801EB4111621E121A01ABA9
:10FE10009A5C51403160401CA042ECDB09B0F0BD5F
:10FE200024000020905600209B0600207CB51B4833
:10FE30000078401C032190FBF1F201FB12001749EE
:10FE400008700846007818B108460078022801D1E9
:10FE5000012000E00020044610480078012803D06B
:10FE60000E480078022801D1012000E0002005465C
:10FE70000BA103C9CDE9000155208DF80000FD203C
:10FE80008DF8010044F0F00040EA85008DF807008D
:10FE90006946162003F0CAF87CBD000080000020EF
:10FEA000FFFFFFFFFFFFFFFF10B50446214602489A
:10FEB00005F004FB10BD00008D01002070B52F4837
:10FEC0000078012858D02E480068B0F5006F02D1A4
:10FED00000202B4908602A4800682A49096888429E
:10FEE00003D100202549087070BD254800682549C8
:10FEF0000968884206D922480068C0F50060224996
:10FF0000086006E01F4800681D490968401A1E493C
:10FF100008601D48006840280ED91948008885B23D
:10FF200040241748006840301549086016480068AA
:10FF30004038154908600FE01148008885B2124822
:10FF4000008884B20E4800680F49096808440C49CB
:10FF5000086000200C4908600120084908700B491E
:10FF600048192246C02100F02DF821460120FFF754
:10FF7000A9F90120FFF700FC00BFB5E7A8010020A8
:10FF8000A00100209C010020A40100205457002063
:10FF900070470000F0B5561C7510084E06EB410482
:10FFA0002B4607E034F8047B20F8017B401C044E0C
:10FFB00030605B1E002BF5D1F0BD000000600040FA
:10FFC000CC020020F0B5144604F1010C4FEA6C0796
:10FFD000DFF82CC00CEB41033D460EE00678401CD8
:10FFE00090F800C046EA0C2223F8022B9B1C401C10
:10FFF000DFF810C0CCF800006D1E002DEED1F0BD72
:020000040803EF
:1000000000600040D002002030B501460F4B1A7846
:10001000002014E003060E4C04EB9353D3F8003C8D
:1000200048F68F74234048F280042343C4B223432C
:100030000406074D05EB9454C4F8003C401C904264
:10004000E8D341F08003034C236030BD1C02002044
:10005000005000404C5C004003480CF01DFD03487C
:1000600006F044FFFFF768FE800100207C56002068
:100070002DE9F04754480068007800F07F08B8F197
:10008000000F0AD150480068407A00F0DF004E4966
:10009000096848720020BDE8F087B8F1020F7CD1F2
:1000A00049480068408818B947480068007908B195
:1000B0000220F0E7DFF8149143480068477927F001
:1000C00080052C4640480068407900F0800038B137
:1000D0003F4901EB8400D0F8000C00F0300606E048
:1000E0003B4901EB8400D0F8000C00F4405699F82D
:1000F0000000A84204D91EB133480068807A08B9CC
:100100000220C8E707F0800080B1314901EB84008C
:10011000D0F8000C00F0300010284BD1E0B2FFF70F
:100120000FFAE0B23021FDF7D5FD43E0284901EB9D
:100130008400D0F8000C00F44050B0F5805F39D155
:10014000E4B9244A92F82C10E0B2FFF795F8204A5F
:1001500002EB8401D1F8001C4BF68F7201EA020019
:1001600080F4805080F4005040F4004141F0800160
:10017000174B03EB8402C2F8001C1BE0E0B2FFF750
:10018000C5F9134A02EB8401D1F8001C4BF68F72BB
:1001900001EA020080F4805000E011E080F4005099
:1001A00040F4004141F08001094B03EB8402C2F8A6
:1001B000001C00BF084909684869804700206AE7B9
:1001C00000BF022067E70000B80200201C020020E8
:1001D0000050004020020020C402002010B5044658
:1001E0002CB90120064909680882002010BD054984
:1001F000096888688047024800680C30F6E700000C
:10020000B8020020C402002010B5174B1B68D97833
:10021000154B1B685879154B1B689A699047044623
:1002200011480068807AE8B13CB90F48006800794D
:1002300018B90D480068807808B1022010BD8CB94B
:100240000B490968C8688047074800684079064933
:100250000968C87204480068C078034909680873CF
:100260000020EBE70220E9E7B8020020BC020020F2
:10027000C402002008B50020009022E197480088C1
:1002800000F00F00964908700846007800287CD1DD
:1002900094480068944908800846008800F03000BF
:1002A000924908809048008800F440508E490880A8
:1002B0008C4909684BF6BF7201EA020080F40050D5
:1002C00080F0200040F4004141F08001854A116037
:1002D0008248008800F0100090BB1046006848F685
:1002E0000F71084011460860FEF78CFF7D490968D0
:1002F0004BF6BF7201EA02007B49098801F4805184
:1003000009B180F480507849098801F4005109B19D
:1003100080F400507549098801F0100109B180F09E
:1003200010007249098801F0200109B180F0200015
:1003300081B241F4004141F080016A4A116008BD78
:10034000FFE76848006880B20090BDF8000000F444
:100350000060B0B363480068C0F30E0048F68F71C8
:10036000084060490860FFF78DFB5E4909684BF65D
:10037000BF7201EA02005C49098801F4805109B1A9
:1003800080F480505849098800E056E001F400519B
:1003900009B180F400505549098801F0100109B1F4
:1003A00080F010005149098801F0200109B180F066
:1003B000200081B241F4004141F08001494A1160BE
:1003C000BDE7FFE7BDF8000000F40040002878D04A
:1003D00044480068C0F30E0048F68F710840414958
:1003E0000860FFF7E7F83F4909684BF6BF7201EA7A
:1003F00002003D49098801F4805109B180F4805020
:100400003949098801F4005109B180F40050374995
:10041000098801F0100109B180F010003349098802
:1004200001F0200109B180F0200081B241F40041C7
:1004300041F080012B4A116081E7294800782C495E
:1004400001EB8000D0F8000C80B20090BDF80000F5
:1004500000F40040C0B12248007801EB8000D0F8E1
:10046000000CC0F30E0048F68F7108401C49097853
:100470001F4A02EB8101C1F8000C19490978491E95
:100480001C4A52F821008047BDF8000000F08000AF
:10049000B8B113480078164901EB8000D0F8000C81
:1004A00048F60F7108400E490978114A02EB8101A4
:1004B000C1F8000C0A490978491E0F4A52F8210078
:1004C000804708484430006880B20449088000F43E
:1004D000004000287FF4D2AE00BF30E7CC010020FE
:1004E000B4020020005C0040C8020020CA020020C4
:1004F00000500040F4010020D801002008B54FF45E
:10050000A060FBF703FF14208DF8000001208DF898
:10051000010000208DF8020001208DF803006846DC
:10052000FBF7BCFE2A208DF8000000208DF80100AA
:1005300001208DF803006846FBF7B0FE08BD0000FF
:1005400010B5002006490968887201F095FAFCF799
:1005500081FFFFF71DFD00200249086010BD00006B
:10056000B8020020A402002070B5ADF58E6DA2483F
:10057000007810B90DF58E6D70BD00209E49087091
:100580009E4890F8D2136A469D48FFF71DFB002451
:100590000DE09CA001F0A4FB0DF2CE3101EB441064
:1005A00001F09EFB9CA001F09BFB601CC4B29DF877
:1005B000CD03A042EDDC0026002512E105EB45103D
:1005C00000EB85110DF103000C1820781B2873D067
:1005D00012DC062858D008DC012817D0022828D0C1
:1005E000042859D0052868D142E018285CD0192881
:1005F00064D01A28F7D16AE01C3809285DD2DFE8F8
:1006000000F08696E99EA6AEBCCBDA00A07918B9B8
:1006100082A001F065FBE1E00F22A11D8A48FAF7F4
:10062000D9FA0021754880F88B1388A001F058FB97
:10063000D4E06079012802DB6079042800DDCDE098
:10064000A07918B988A001F04BFBC7E062797E4918
:1006500001EB02100F22A11DFAF7BCFA002162790A
:10066000794800EB0210C17388A001F039FBB5E0B6
:100670006248D4F81610C0F8CC13A17E80F8D013CD
:1006800089A001F02DFBA9E0E1785C4880F8D21345
:100690008BA001F025FBA1E06178584880F8D513C4
:1006A0008FA001F01DFB99E06178544880F8D613C3
:1006B00093A001F015FB91E019E08BE094F8201075
:1006C0004E4880F8D71395A001F00AFB86E01F2260
:1006D00004F121015C48B638FAF77CFA002147485A
:1006E00080F8E512012695A001F0FAFA76E00F22D3
:1006F00004F1210154489638FAF76CFA00213F487A
:1007000080F8F512012694A001F0EAFA66E01722BB
:1007100004F121014C488638FAF75CFA0021374889
:1007200080F80D13012693A001F0DAFA56E0617803
:10073000324880F8D11397A001F0D2FA4EE06178E8
:100740002E4880F8D3139BA001F0CAFA46E06178E6
:100750002A4880F8D413A0A001F0C2FA3EE01F227C
:1007600004F12101A448FAF735FA0021234880F862
:100770008412A2A001F0B4FA30E01F2204F121019A
:100780009D482030FAF726FA00211C4880F8A41270
:10079000A0A001F0A5FA21E01F2204F12101964852
:1007A0004030FAF717FA0021144880F8C412A1A0CB
:1007B00001F096FA12E03F2204F121018E48A038A0
:1007C000FAF708FA00210D4880F80412A1A001F000
:1007D00087FA03E0A9A001F083FA00BF00BF681CFC
:1007E000C5B29DF80200A8423FF7E8AE16B1034833
:1007F00008F0D0F900BFBDE67C000020980600207C
:10080000F04800205B555342205345545D206572EB
:10081000726F723A200000000D0A00005B555342CF
:10082000205345545D2061646D696E3A2070686F95
:100830006E65206E756D6265722072657175697284
:1008400065640D0A00000000140A00205B55534245
:10085000205345545D2061646D696E20757064613C
:100860007465640D0A0000005B55534220534554E3
:100870005D2070686F6E653A206E756D62657220DE
:1008800072657175697265640D0A00005B555342AB
:10089000205345545D2070686F6E652075706461EB
:1008A0007465640D0A0000005B55534220534554A3
:1008B0005D2070696E20757064617465640D0A0056
:1008C0005B555342205345545D2074656D70556EE1
:1008D000697420757064617465640D0A000000001D
:1008E0005B555342205345545D206661756C7452CC
:1008F00065706F727420757064617465640D0A00B0
:100900005B555342205345545D20636D6441636BD6
:1009100020757064617465640D0A00005B55534274
:10092000205345545D206C616E6775616765207565
:100930007064617465640D0A000000005B555342E9
:10094000205345545D20736572766572207570641E
:10095000617465640D0A00005B5553422053455491
:100960005D206C6F67696E20757064617465640DDD
:100970000A0000005B555342205345545D207061CE
:100980007373776F726420757064617465640D0AA7
:10099000000000005B555342205345545D207573A1
:1009A00065496E7465726E657420757064617465F6
:1009B000640D0A005B555342205345545D20616C21
:1009C0006C6F77526F616D696E67207570646174CA
:1009D00065640D0A000000005B55534220534554E6
:1009E0005D20666F72636532674F6E6C792075703B
:1009F00064617465640D0A00FD0800205B55534274
:100A0000205345545D2061706E207570646174657B
:100A1000640D0A005B555342205345545D206170BC
:100A20006E557365726E616D652075706461746575
:100A3000640D0A005B555342205345545D2061709C
:100A40006E50617373776F72642075706461746542
:100A5000640D0A005B555342205345545D20696E76
:100A60007465726E6574436865636B55726C20754E
:100A70007064617465640D0A000000005B555342A8
:100A8000205345545D206E6F74206120736574742B
:100A9000696E6773206669656C640D0A000000006A
:100AA0002DE9FF4781460F46F8A103C9CDE90201B0
:100AB0003878312801D1012000E000200546F5A159
:100AC0004846FAF7B3F840B945F0FC008DF80F003E
:100AD00002A9162002F0AAFA53E3F0A14846FAF759
:100AE000A5F848B9F32040EA85008DF80F0002A967
:100AF000162002F09BFA44E3EBA14846FAF796F879
:100B000048B9CF2040EA05108DF80F0002A9162041
:100B100002F08CFA35E3E7A14846FAF787F848B9BE
:100B20003F2040EA85108DF80F0002A9162002F040
:100B30007DFA26E3E2A14846FAF778F8B0B93846DC
:100B4000F9F738FE0446022C01DB202C01DDBDE85C
:100B5000FF8703208DF8080004F14B00C0B28DF828
:100B6000090002A9132002F061FA0AE3D6A148465F
:100B7000FAF75CF8A8B93846F9F71CFE0446002CD1
:100B800001DB502C00DDE2E703208DF8080004F1C2
:100B90004B00C0B28DF80B0002A9132002F046FAF8
:100BA000EFE2CCA14846FAF741F8C0B93846F9F768
:100BB00001FE04460A2C03DB40F2AA50844200DD09
:100BC000C5E703208DF80800200A8DF80C00E0B27C
:100BD0008DF80D0002A9132002F028FAD1E2C0A17D
:100BE0004846FAF723F898B93846F9F7E3FD044682
:100BF000012C01DB642C00DDA9E703208DF808003F
:100C0000E0B28DF80E0002A9132002F00FFAB8E24C
:100C1000B7A14846FAF70AF898B93846F9F7CAFD75
:100C20000446022C01DB0A2C00DD90E703208DF83E
:100C30000800E0B28DF80A0002A9132002F0F6F9CC
:100C40009FE2AEA14846F9F7F1FF98B93846F9F7A7
:100C5000B1FD0446022C01DB3C2C00DD77E70320CC
:100C60008DF80800E0B28DF80F0002A9132002F001
:100C7000DDF986E2A5A14846F9F7D8FF60B9012061
:100C80008DF80800CF2040EA05108DF80C0002A96D
:100C9000132002F0CBF974E29EA14846F9F7C6FF93
:100CA00080B93846F9F786FD0446002C01DB172C85
:100CB00000DD4CE7E0B28DF8080002A9292002F01F
:100CC000B5F95EE296A14846F9F7B0FF80B938461B
:100CD000F9F770FD0446002C01DB3B2C00DD36E704
:100CE000E0B28DF8090002A9292002F09FF948E23C
:100CF0008EA14846F9F79AFF80B93846F9F75AFDB0
:100D00000446002C01DB172C00DD20E7E0B28DF853
:100D10000A0002A9292002F089F932E287A1484697
:100D2000F9F784FF80B93846F9F744FD0446002CF2
:100D300001DB3B2C00DD0AE7E0B28DF80B0002A9D5
:100D4000292002F073F91CE280A14846F9F76EFFF2
:100D500060B93846F9F72EFD0446052C01DB3C2C22
:100D600000DDF4E67D4880F80E430AE27CA14846A7
:100D7000F9F75CFF08BB794890F81003012804D10B
:100D80007AA1764806F07EFEE1E63A213846F9F788
:100D900056FD06460EB1BE4204D179A16F4806F059
:100DA00071FED4E63846F9F705FD00F0FF08721C25
:100DB00041466A4809F090FCE3E174A14846F9F71E
:100DC00035FFE0BB7548C078012804D174A16348A1
:100DD00006F058FEBBE6614890F81003012804D1E4
:100DE00062A15E4806F04EFEB1E65C4890F816033C
:100DF00020B96FA1594806F045FEA8E63A213846C9
:100E0000F9F71DFD06460EB1BE4204D15CA1534860
:100E100006F038FE9BE63846F9F7CCFC00F0FF08F8
:100E2000701CF9F7C7FC00F0FF0A00204B4981F85D
:100E30003C035246414659480DF07CFBA1E1FFE7D7
:100E40005FA14846F9F7F2FEB8B9444890F810039C
:100E5000012804D145A1414806F014FE77E63F4839
:100E600090F8540320B952A13C4806F00BFE6EE600
:100E7000574858490860FEF75FFF6A4601A948468F
:100E8000FCF7A8F800B962E6A6E00000FFFFFFFF4C
:100E9000FFFFFFFF62746E487472000062746E455B
:100EA0006C656D656E74000062746E466C6F6F7277
:100EB0000000000062746E456E67696E6500000098
:100EC000666C6F6F72537000656E67696E65537004
:100ED00000000000656E67696E6544757200000071
:100EE00073797354696D654C696D69740000000015
:100EF000666C6F6F724879737400000070756D7066
:100F0000466F7263654475720000000062746E453E
:100F1000636F0000646179537461727448720000F9
:100F200064617953746172744D696E006E696768AB
:100F30007453746172744872000000006E696768CF
:100F40007453746172744D696E00000074656C6551
:100F50006D65747279496E74000000009806002077
:100F60006F7461537461727400000000627573796C
:100F70002D646F776E6C6F6164696E6700000000AE
:100F80006261642D7061796C6F61640063616E529F
:100F9000656C61795374617274000000404D0020EB
:100FA000627573792D72656C6179696E67000000F6
:100FB0006E6F7468696E672D737461676564000095
:100FC00073656C664F74614170706C79000000004D
:100FD00099661600FC3F02209DF80400FEF73EFDD6
:100FE00000B9B4E568A10098F9F720FE80BB68A1BC
:100FF0003846F9F71BFE08B900200FE065A1384616
:10100000F9F714FE08B9012008E064A13846F9F7A1
:101010000DFE08B9022001E04FF0FF300646002E19
:1010200000DA94E59DF80400062826D2DFE800F0F7
:1010300025030911181FF0B240F0FC008DF80800DC
:101040001BE0F32040EA8600C0B28DF8080014E0EF
:1010500019E0CF2040EA0610C0B28DF808000CE07D
:101060003F2040EA8610C0B28DF8080005E0F0B2DB
:1010700040F0FC008DF8090000BF00BF02A9162057
:1010800001F0D4FF7CE047A10098F9F7CFFDA8B9A3
:101090003846F9F78FFB04460A2C01DB202C00DDD3
:1010A00055E504F14B00C1B29DF80400401E02AAB0
:1010B000115402A9192001F0B9FF61E03BA1009889
:1010C000F9F7B4FDA8B93846F9F774FB04460A2CC1
:1010D00001DB202C00DD3AE504F14B00C1B29DF8A4
:1010E0000400401E02AA115402A91A2001F09EFF1A
:1010F00046E030A10098F9F799FD90B93846F9F724
:1011000059FB04460A2C01DB642C00DD1FE59DF829
:101110000400401E02AA145402A91B2001F086FFFD
:101120002EE026A10098F9F781FD48BB9DF8040048
:10113000062820D2DFE800F01F03080E141A45F03D
:10114000FC008DF80D0016E0F32040EA85008DF8D4
:101150000D0010E0CF2040EA05108DF80D000AE0E8
:101160003F2040EA85108DF80D0004E045F0FC00BA
:101170008DF80E0000BF00BF02A91B2001F056FF32
:1011800000BF00BFE3E400007374617465000000F9
:101190006F666600686561740000000076656E74B5
:1011A0000000000064617953700000006E69676898
:1011B0007453700066616E506374000066616E4D1A
:1011C000616E75616C00000000B5034600F050F9D7
:1011D00000B900BD10488079072806D103F07F00D0
:1011E0000E490F4A1268885407E00B488079082896
:1011F00003D10A480A490968435409480068401C59
:101200000749086008460068B0F5006F01D100206A
:10121000086000BFDDE700001402002054570020E2
:101220009C0100202DE9F04106460F46002558E0BC
:10123000745D2E480078002832D02B2C12D12C4817
:101240000078401C2A4908700846007803280CDB07
:101250000020264908702649087026A000F040FDAD
:10126000BDE8F0810020224908700D2C01D00A2C25
:1012700006D10D20FFF7A8FF0A20FFF7A5FF02E027
:101280002046FFF7A1FF20480078402807DA34B154
:101290001D490878411C1C4A11701C490C541FE060
:1012A0000020134908700D2C01D00A2C0BD100200E
:1012B0001749184A127888540846FEF793FA002016
:1012C000144908700BE0134800789F2807DA11488A
:1012D00001780078401C0F4A10700D48445400BF3C
:1012E0006D1CBD42A4D300BFBAE700007800002007
:1012F000A90100200D0A5B427269646765204F46B0
:10130000465D0D0A0000000079000020FF47002024
:10131000545F0020AA01002010B50020344909685C
:1013200088723448C07932490968487200203049CF
:101330000968C872FCF72CFD4FF400710020FCF71F
:101340002FFD10210020FCF7C5FC40210020FEF7F6
:1013500059F980210020FEF767F90020FCF704FD11
:10136000254890F82C100020FDF786FF0020FEF79E
:10137000E9F900210120FCF713FDC0210120FEF74F
:1013800053F920210120FCF7A5FC00210120FCF7E6
:1013900081FC4FF4C0610220FCF702FD4FF4807124
:1013A0000220FEF741F900210220FCF773FC202106
:1013B0000220FCF78FFC00210320FCF7F1FC4FF426
:1013C00088710320FEF71EF940210320FDF754FF2A
:1013D0004FF440510320FCF75DFC00210320FCF793
:1013E00079FC0020FEF710FE01200449086010BDC2
:1013F000B80200208AFF030820020020A402002077
:101400002DE9FC4706460D464FF0C809694601A87C
:10141000FEF7B2FCC8210198B0FBF1F201FB12000B
:10142000124951F8207042F210710098B0FBF1F2AD
:1014300001FB12080024384604E003782146641CAE
:101440007354401C017811B1691EA142F5DC42467B
:1014500021463046FBF736FC0446681EA04200DAFF
:101460006C1E00203055BDE8FC87000090F6030894
:101470000B4800680B4A1268904205D30848006880
:10148000084A1268801A06E006480068C0F5006045
:10149000034A12681044014640F2FF70401A704738
:1014A0009C010020A0010020024610780B78984291
:1014B00009D190788B78984205D1D078CB78984232
:1014C00001D1012070470020FCE7816D21F010015F
:1014D00081657047816D41F01001816570470000A2
:1014E00010B504462CB9012006490968088200207D
:1014F00010BD0549096808688047024800680A303D
:10150000F6E70000B8020020C402002010B50E4823
:101510000068C0780D494978884213DC0A480068A1
:10152000807878B908480068808858B9064800680B
:10153000C078054909688872054909684868804784
:10154000002010BD0220FCE7B80200201C02002091
:10155000C402002010B507480068407A40F020001F
:1015600004490968487204490968C869804700202D
:1015700010BD0000B8020020C402002010B50246D1
:1015800006480068438A32B98888C01A034C246828
:101590002082002010BD08681844FBE7B802002034
:1015A00010B505480078202804D1FCF783F8002006
:1015B0000149087010BD00001002002010B5094854
:1015C000007800B910BD0020064908700648D0F820
:1015D000D80328B104480549D0F8D82304489047D7
:1015E00000BFEFE77B000020980600204F48002056
:1015F0003F4800202DE9F0412E480068467926F04A
:1016000080073C462B480068407900F0800038B1E4
:10161000294901EB8400D0F8000C00F0300506E009
:10162000254901EB8400D0F8000C00F44055234814
:101630000078A04208D91F480068408820B91DB131
:101640001C480068807A10B90220BDE8F08106F0DD
:101650008000A0B1184A02EB8401D1F8001C48F6C2
:10166000BF7201EA020080F0100040F4004141F036
:101670008001114B03EB8402C2F8001C14E00E4AF7
:1016800002EB8401D1F8001C4BF68F7201EA0200D4
:1016900080F4805040F4004141F08001064B03EBA0
:1016A0008402C2F8001C00BF0549096888698047A8
:1016B0000020CAE7B8020020005000401C020020B1
:1016C000C402002070B504460025212C08D1124820
:1016D0000068007800F07F0021280ED10F4D0CE04B
:1016E000202C0AD10C480068007800F07F002128E7
:1016F00000D10B4D20200B4908700DB9022070BDA0
:101700000548006885610021034800684182002087
:10171000A8470020F3E70000B8020020551703088F
:1017200071170308100200207047000001460848A6
:101730000068007800F07F00212807D1022901D13C
:1017400000207047222901D10020FAE70220F8E7A3
:10175000B8020020014629B90820034A1268108205
:10176000002070470148FCE7B80200201402002066
:10177000014629B90820034A1268108200207047E8
:101780000148FCE7B8020020140200200348817AD7
:1017900011B10521024A1160704700005460002019
:1017A000A40200200420014908607047A402002020
:1017B00010B5044602492046FFF7E0FE10BD0000C8
:1017C0007C02002010B5044602492046FFF7D6FEF1
:1017D00010BD00007402002070B505460648006880
:1017E000C478042C01DD002070BD044800EBC40166
:1017F0002846FFF7C3FEF7E7B80200208402002066
:101800000246002901DD02207047012A01DD022085
:10181000FAE70020F8E7000070B504460D460548D9
:1018200090F8D60320B12A462146024808F08EFEE1
:1018300070BD00009806002030B50346002A08DA83
:101840008B2904DA2D2508464C1CE1B21D54504268
:1018500002B2642A0ADB8B2908DA642092FBF0F0DA
:101860003030C5B208464C1CE1B21D540A2A0FDBC9
:101870008B290DDA0A2092FBF0F00A2490FBF4F594
:1018800004FB15003030C5B208464C1CE1B21D54B3
:101890008B290ADA0A2092FBF0F400FB1420303086
:1018A000C5B208464C1CE1B21D54084630BD30B5E7
:1018B000034605E012F8015B08464C1CE1B21D54DA
:1018C000107808B18B29F5DB084630BD10B503460A
:1018D000180540EA413040EA8220044C247E40EA68
:1018E000C400024C647E204310BD00000857002055
:1018F00010B50346180540EA413040EA8220044C06
:10190000247E40EAC400024C647E204310BD0000E7
:101910000857002070B505460C46284600F0E0F94F
:1019200004A000F0DDF9204600F0DAF902A000F092
:10193000D7F970BD3D0000000D0A000010B5044647
:10194000072C01D02E4804702D480078082850D26A
:10195000DFE800F004111A202B384D4E29480068AA
:1019600028B9FBF7FFFC06202549087002E0052096
:101970002349087041E0FBF7F5FC0420204908707A
:1019800001202049086038E002201D4948700320EA
:10199000087032E01A484078401E194948700846DD
:1019A000407808B90420087027E01748006883B21F
:1019B00043F01003144803600520114908700A2001
:1019C00048701AE00E484078401E0D49487008469D
:1019D000407858B90C48006883B223F010030A48D5
:1019E00003600620087000200649086005E000BF7B
:1019F00000BF06200249087000BF00BF10BD0000F4
:101A0000A9020020AC020020405C004010B5044652
:101A100006480068242807D103E02078FFF7D4FBAC
:101A2000641C20780028F8D110BD000000000020C0
:101A300010B5024607E012F8013B11F8014BA34232
:101A400001D0002010BD08780028F4D10120F9E76A
:101A50000848007E4FF0707141EA40300549497EE8
:101A600040EA81200349097E40EAC1000149497EDC
:101A7000084370470857002001210B4801600020EF
:101A80000A4A108010460088074A10600020121D84
:101A900010604FF4E050054A108010460088024A5A
:101AA0001060002070470000405C0040C20200202F
:101AB00010B50021204A126890B200BF09E01F4B08
:101AC00003EB8102D2F8002C92B21D4B43F8212087
:101AD000491C0829F3D340F48060174A106040F095
:101AE0000100106020F00100106000BF124A121DBA
:101AF000126802F48062002AF8D04FF6FF320E4BD3
:101B00001B1D1A60002109E00D4A52F8212092B2F3
:101B10000A4C04EB8103C3F8002C491C0829F3D3B9
:101B200040F00800044A1060126890B240F00400CF
:101B3000014A106010BD0000405C004000500040B1
:101B40003460002070B504460D46A0780A280DDAEE
:101B5000A278511CA17002EB421101EB8212E11C30
:101B6000501861222946F8F75DFF03E002A12046E4
:101B700000F02CF970BD0000746F6F206D616E79FC
:101B800020636F6D6D616E6473000000044890F80F
:101B9000D203012801D103A0704703A0FCE7000095
:101BA00098060020B0460000B043000010B50B4876
:101BB0000B4908600220096808720A480A4908604F
:101BC0000A480B49086008490968086880470948BD
:101BD000006840F080500749086010BD5460002044
:101BE000B802002020020020BC0200205002002089
:101BF000C40200202018004010B52A4800682A4975
:101C000008800846008800F40040284909880840F8
:101C100008B1FEF72FFB2448008800F480602349B8
:101C20000988084030B14FF6FF301E49086020494E
:101C3000486880471C48008800F480501B49098888
:101C4000084030B14EF6FF70164908600020FFF7DB
:101C500075FE1548008800F40060144909880840A2
:101C600060B11448007810B1FFF722FF02E00220B3
:101C7000FFF764FE4FF2FF700A4908600A480088C7
:101C800000F4007009490988084050B14FF6FF5030
:101C90000449086008480078401C07490870FBF7B1
:101CA000E9FC10BD445C0040CC010020C2020020D1
:101CB00020020020A8020020CE0100200146074893
:101CC00090F8D203012807D101EBC100052290FB57
:101CD000F2F0203000B270470846FCE7980600207A
:101CE00010B5044607E0207820B114F8010BFFF787
:101CF0006BFA00E000E0F6E700BF10BD0246012AE3
:101D00000ED0022A02D0032A0FD104E009B108A0A4
:101D1000704709A0FCE709B108A0F9E709A0F7E7B7
:101D200009B10AA0F4E70BA0F2E70CA0F0E700006D
:101D30007A75656E6400000049474E0062657472F2
:101D400000000000776F726B00000000626C61732E
:101D500000000000626C6F770000000069646C6531
:101D6000000000002DE9F0410446002600E0761C4A
:101D7000A05D2028FBD0A05D0928F8D04EB12046F8
:101D8000F8F7E6FD871BA1197A1C2046F8F78FFEAD
:101D900000BF2046F8F7DCFD054603E00021681E81
:101DA00005462154002D0FDD681E205C2028F5D04B
:101DB000681E205C0928F1D0681E205C0D28EDD03B
:101DC000681E205C0A28E9D0BDE8F08170B50446A1
:101DD0000D4694F8CD03052816DA94F8CD2304F2C5
:101DE000CE3101EB42101F222946F8F7F3FE002105
:101DF00094F8CD2304F2CE3000EB4210C17794F872
:101E0000CD03401C84F8CD0370BDF0B503461446E5
:101E100030250846491C1D5478250846491C1D5488
:101E20001C2010E024FA00F505F00F020A2A02DA5D
:101E300002F1300501E002F13705EFB20D46491C11
:101E40005F55021F50B20028ECDA0846F0BD0000D2
:101E500070B505460C460CB103A000E003A0014696
:101E60002846FFF757FD70BD31000000300000002C
:101E7000FEB505460C46224600216846FAF749FFA2
:101E8000064600200DF8060069462846FFF742FD89
:101E9000FEBD10B5044607E0207820B114F8010B10
:101EA000FFF792F900E000E0F6E700BF10BDF0B5E3
:101EB0001D4600230024002616701BE00678222E03
:101EC00001D15B1C15E0012606EB41069E4209D1BB
:101ED0006E1EA64206DD90F800C02646641C02F87D
:101EE00006C005E0012606EB41069E4200DA04E04A
:101EF00000BF401C0678002EE0D100BF002616551A
:101F0000F0BD00002DE9F04FA5B004460E46904606
:101F10001D46DDF8B89064210CA8F8F734FEF9A14D
:101F20002046F8F783FE20B1F8A12046F8F77EFEA0
:101F300048B913208DF830000CA94846FFF702FE7F
:101F400025B0BDE8F08FF2A12046F8F76FFE38B952
:101F500014208DF830000CA94846FFF7F3FDEFE799
:101F6000EDA12046F8F762FE38B915208DF8300053
:101F70000CA94846FFF7E6FDE2E7E9A12046F8F79D
:101F800055FE50B94846FBF7EFFA15208DF83000A2
:101F90000CA94846FFF7D6FDD2E7E4A12046F8F7A2
:101FA00045FE38B916208DF830000CA94846FFF7D9
:101FB000C9FDC5E7DFA12046F8F738FE50B948460D
:101FC000FBF7D2FA16208DF830000CA94846FFF72F
:101FD000B9FDB5E72078702829D16078682826D126
:101FE000A0786F2823D1E0786E2820D12079652849
:101FF0001DD1607931281ADB6079342817DCA0798B
:10200000A8B902208DF8300060793038C0B28DF860
:1020100035000F2231460DF13600F8F7DBFD0021C7
:102020000CA841750CA94846FFF78CFD88E70722EC
:10203000C3A12046F8F7ABFC00BBE07931281DDBDB
:10204000E07934281ADC207AC0B94846FBF78CFACC
:1020500002208DF83000E0793038C0B28DF83500BC
:102060000F2231460DF13600F8F7B4FD00210CA81F
:1020700041750CA94846FFF765FD61E7B2A120460E
:10208000F8F7D4FD28B1B2A12046F8F7CFFD00281B
:1020900040D1AFA12046F8F7C9FD10B94846FBF77B
:1020A00063FA03208DF83000307848B1ABA1304698
:1020B000F8F7BCFD20B1ABA13046F8F7B7FD18B971
:1020C00000208DF8340020E0A8A13046F8F7AEFDDE
:1020D00020B1A8A13046F8F7A9FD18B901208DF864
:1020E000340012E0A6A13046F8F7A0FD20B1A6A169
:1020F0003046F8F79BFD18B902208DF8340004E053
:10210000A3A14846FFF762FE1AE70CA94846FFF76D
:1021100019FD15E7A5A12046F8F788FD80B9012033
:102120008DF830000F2231460DF13600F8F752FDE0
:1021300000210CA841750CA94846FFF703FDFFE6F6
:102140009CA12046F8F772FD20B19DA12046F8F72A
:102150006DFD20BB9AA12046F8F768FD10B94846EE
:10216000FBF702FA09AA0AA93046FAF7CFFE20B90E
:1021700097A14846FFF72AFEE2E69DF8240010B139
:102180004846FBF7F1F904208DF830009DF828004F
:102190008DF831000CA94846FFF7D4FCD0E691A198
:1021A0002046F8F743FD20B190A12046F8F73EFD08
:1021B00078BB8EA12046F8F739FD10B94846FBF7E9
:1021C000D3F93046F8F7C4FB042804D088A1484668
:1021D000FFF7FCFDB4E600270BE0F05D302802DBE2
:1021E000F05D392804DD88A14846FFF7EFFDA7E63A
:1021F0007F1C042FF1DB05208DF830003068CDF80E
:10220000460000210CA881760CA94846FFF79AFCED
:1022100096E6FFE781A12046F8F708FD20B181A1ED
:102220002046F8F703FD60BB7EA12046F8F7FEFCD0
:1022300010B94846FBF798F97CA13046F8F7F6FC50
:1022400050B906208DF8300000208DF833000CA91D
:102250004846FFF777FC13E075A13046F8F7E6FC37
:1022600050B906208DF8300001208DF833000CA9FC
:102270004846FFF767FC03E06EA14846FFF7A6FD5E
:102280005EE657A12046F8F7D1FC38B917208DF843
:1022900030000CA94846FFF755FC51E669A12046DD
:1022A000F8F7C4FC50B94846FBF75EF917208DF8E3
:1022B00030000CA94846FFF745FC41E662A12046E4
:1022C000F8F7B4FC20B162A12046F8F7AFFCB8B92A
:1022D0005FA12046F8F7AAFC10B94846FBF744F97D
:1022E0001DA13046F8F7A2FC58B919208DF830002E
:1022F00000208DF850000CA94846FFF723FCBFE0F2
:10230000BFE0A9E073746174757300003F000000C2
:1023100070696E67000000007265736574000000EC
:102320006E65757374617274000000006661637499
:102330006F7279007765726B7372657365740000F4
:1023400074656C65666F6E007761726D7570000004
:10235000617566776165726D656E00006275726E9B
:10236000657200006272656E6E657200656C656D07
:10237000656E74006865697A7374616200000000BC
:10238000626F7468000000006265696465000000A7
:102390007761726D75703A206275726E65722F6525
:1023A0006C656D656E742F626F74680061646D6931
:1023B0006E0000006661756C747265706F727400F7
:1023C0006665686C65726D656C64756E67000000AB
:1023D0006661756C747265706F72743A206F6E2FDF
:1023E0006F66660073657470696E000070696E00D8
:1023F00073657470696E3A206E656564203420647C
:10240000696769747300000073657470696E3A20BF
:10241000646967697473206F6E6C7900756E697496
:102420000000000065696E68656974006300000063
:1024300066000000756E69743A2043206F72204672
:1024400000000000617573006C616E6700000000A1
:102450007370726163686500FEA13046F8F7E6FBB1
:1024600050B919208DF8300001208DF850000CA9CA
:102470004846FFF767FB03E0F7A14846FFF7A6FCD5
:102480005EE5F9A12046F8F7D1FBE8B94046F8F738
:102490005FFA0746012F01DB1F2F04DDF4A1484638
:1024A000FFF794FC4CE51A208DF830001F224146BE
:1024B0000DF15100F8F78EFB00218DF870100CA97A
:1024C0004846FFF73FFB3BE5EEA12046F8F7AEFBA1
:1024D000E8B94046F8F73CFA0746012F01DB0F2F19
:1024E00004DDEAA14846FFF771FC29E51B208DF8C1
:1024F00030000F2241460DF15100F8F76BFB00212F
:102500008DF860100CA94846FFF71CFB18E5E4A104
:102510002046F8F78BFB20B1E4A12046F8F786FBB4
:1025200028BBE2A12046F8F781FB10B94846FBF72B
:102530001BF84046F8F70CFA0746012F01DB172F6E
:1025400004DDDDA14846FFF741FCF9E41C208DF8CD
:102550003000172241460DF15100F8F73BFB0021F6
:102560008DF868100CA94846FFF7ECFAE8E4D8A10A
:102570002046F8F75BFBE0B909AA0AA93046FAF74A
:10258000C5FC20B9D5A14846FFF720FCD8E49DF84A
:10259000240010B14846FAF7E7FF1D208DF83000FF
:1025A0009DF828008DF831000CA94846FFF7CAFABB
:1025B000C6E4CFA12046F8F739FB38B91E208DF8C4
:1025C00030000CA94846FFF7BDFAB9E4CAA120467D
:1025D000F8F72CFBE0B909AA0AA93046FAF796FCED
:1025E00020B9C7A14846FFF7F1FBA9E49DF82400F4
:1025F00010B14846FAF7B8FF1F208DF830009DF85B
:1026000028008DF831000CA94846FFF79BFA97E4A3
:10261000BFA12046F8F70AFBE0B909AA0AA930468B
:10262000FAF774FC20B9BBA14846FFF7CFFB87E45B
:102630009DF8240010B14846FAF796FF20208DF847
:1026400030009DF828008DF831000CA94846FFF7AE
:1026500079FA75E4B2A12046F8F7E8FAD8B940460D
:10266000F8F776F907461F2F04DDAEA14846FFF7BD
:10267000ADFB65E421208DF830001F2241460DF1AD
:102680005100F8F7A7FA00218DF870100CA9484600
:10269000FFF758FA54E4A7A12046F8F7C7FAD8B9CB
:1026A0004046F8F755F907461F2F04DDA3A1484619
:1026B000FFF78CFB44E422208DF830001F224146B6
:1026C0000DF15100F8F786FA00218DF870100CA971
:1026D0004846FFF737FA33E49DA12046F8F7A6FAFB
:1026E000D8B94046F8F734F907461F2F04DD9AA100
:1026F0004846FFF76BFB23E423208DF830001F22B0
:1027000041460DF15100F8F765FA00218DF870107F
:102710000CA94846FFF716FA12E494A12046F8F7F0
:1027200085FAD8B94046F8F713F907463F2F04DD7C
:1027300091A14846FFF74AFB02E424208DF83000BF
:102740003F2241460DF15100F8F744FA00218DF87F
:1027500090100CA94846FFF7F5F90DE48CA120462E
:10276000F8F764FA20B18BA12046F8F75FFA20BB96
:1027700088A12046F8F75AFA10B94846FAF7F4FE4D
:1027800009AA0AA93046FAF7C1FB20B985A1484633
:10279000FFF71CFB0DE49DF8240010B14846FAF742
:1027A000E3FE18208DF830009DF828008DF83100E8
:1027B0000CA94846FFF7C6F90BE4AFF2604120468A
:1027C000F8F734FA28B1AFF264412046F8F72EFA50
:1027D00028BBAFF270412046F8F728FA10B94846F6
:1027E000FAF7C2FE09AA0AA93046FAF78FFB20B908
:1027F0006FA14846FFF7EAFA18E49DF8240010B1EB
:102800004846FAF7B1FE07208DF830009DF8280001
:102810008DF831000CA94846FFF794F906E4AFF2B1
:10282000B4412046F8F702FA28B1AFF2B841204689
:10283000F8F7FCF960B9AFF2C4412046F8F7F6F9B1
:1028400010B94846FAF790FE09AA0AA93046B7E03F
:10285000D0E00000646500006C616E673A20656E30
:10286000206F7220646500007365727665720000E7
:102870007365727665723A20312D33312063686159
:10288000727300006C6F67696E0000006C6F67699F
:102890006E3A20312D31352063686172730000007B
:1028A00070617373776F72640000000070617373FE
:1028B000776F72740000000070617373776F7264D9
:1028C0003A20312D323320636861727300000000BA
:1028D000696E7465726E657400000000696E7465DF
:1028E000726E65743A206F6E2F6F6666000000008E
:1028F0006765746C696E6B00726F616D696E6700FD
:10290000726F616D696E673A206F6E2F6F66660039
:102910003267000032673A206F6E2F6F66660000E4
:1029200061706E0061706E3A20302D333120636823
:102930006172730061706E757365720061706E759F
:102940007365723A20302D333120636861727300F1
:1029500061706E706173730061706E706173733A51
:1029600020302D33312063686172730063686563C2
:102970006B75726C00000000636865636B75726C48
:102980003A20302D363320636861727300000000F6
:1029900061636B00626573746165746967756E6706
:1029A0000000000061636B3A206F6E2F6F66660057
:1029B0006275726E65723A206F6E2F6F66660000E8
:1029C000FAF7A4FA20B9FEA14846FFF7FFF90EE492
:1029D0009DF8240010B14846FAF7C6FD08208DF88E
:1029E00030009DF828008DF831000CA94846FFF70B
:1029F000A9F80DE4F6A12046F8F718F920B1F6A1E0
:102A00002046F8F713F9E0BBF3A12046F8F70EF9DA
:102A100010B94846FAF7A8FD012D01D1242000E0A5
:102A200002200746012D01D15A2000E020208246D5
:102A300009AA0AA93046FAF769FA88B19DF8240074
:102A400010B14846FAF790FD09208DF830009DF846
:102A500028008DF831000CA94846FFF773F824E0F0
:102A60000BA93046FAF796FAB0B10B98B84213DBCF
:102A70000B98504510DC0A208DF8300029460B9841
:102A800000E013E000F00FFB40B28DF832000CA91B
:102A90004846FFF757F808E0012D01D1D1A000E02A
:102AA000D6A001464846FFF791F906E4D9A1204691
:102AB000F8F7BCF820B1D9A12046F8F7B7F8E0BB89
:102AC000D6A12046F8F7B2F810B94846FAF74CFDFF
:102AD000012D01D1202000E001200746012D01D168
:102AE000B02000E05020824609AA0AA93046FAF731
:102AF0000DFA88B19DF8240010B14846FAF734FD6C
:102B00000B208DF830009DF828008DF831000CA9BD
:102B10004846FFF717F824E00BA93046FAF73AFACF
:102B2000B0B10B98B84213DB0B98504510DC0C2069
:102B30008DF8300029460B9800E013E000F0B3FA5E
:102B400040B28DF832000CA94846FEF7FBFF08E0C2
:102B5000012D01D1B3A000E0B9A001464846FFF71E
:102B600035F98DE4BCA12046F8F760F820B1BDA18D
:102B70002046F8F75BF818BBBAA12046F8F756F8DC
:102B800010B94846FAF7F0FC0BA93046FAF702FAFA
:102B900088B10B9801280EDB0B9864280BDC0D2004
:102BA0008DF830000B9840B28DF832000CA94846E1
:102BB000FEF7C8FF03E0AEA14846FFF707F95FE460
:102BC00020787A2871D1607800286ED02046F7F7F7
:102BD000BFFE0746052F4BD1A9A1A01CF8F726F888
:102BE00020B1A8A1A01CF8F721F8B0BB6078694615
:102BF000FCF768FD88B3A3A1A01CF8F717F810B97B
:102C00004846FAF7B1FC012D01D1322000E00A203C
:102C10008246012D01D15A2000E0202083460BA9D5
:102C20003046FAF7B7F9C8B10B98504516DB0B9848
:102C3000584513DC11208DF830009DF800008DF808
:102C40004B0029460B9800F02EFA41B20CA8C17730
:102C50000CA94846FEF776FF09E009E0012D01D1F5
:102C600089A000E08CA001464846FFF7AFF807E4D2
:102C7000072F4CD18CA1A01CF7F7D8FF20B18CA155
:102C8000A01CF7F7D3FFB8BB60786946FCF71AFDC4
:102C900090B387A1A01CF7F7C9FF10B94846FAF70F
:102CA00063FC012D02D1322001E085E10A20824639
:102CB000012D01D15A2000E0202083460BA9304687
:102CC000FAF768F9C8B10B98504516DB0B985845D0
:102CD00013DC12208DF830009DF800008DF84B00B9
:102CE00029460B9800F0DFF941B20CA8C1770CA976
:102CF0004846FEF727FF09E009E0012D01D16EA04B
:102D000000E071A001464846FFF760F81DE4022F7D
:102D100042D160786946FCF7D5FCE8B39DF8000025
:102D20008DF84B0029A13046F7F780FF50B16AA11A
:102D30003046F7F77BFF28B1AFF6F8013046F7F7DA
:102D400075FF78B9AFF604113046F7F76FFF10B989
:102D50004846FAF709FC0E208DF8300000210CA837
:102D6000017723E15DA13046F7F760FF98B15DA1DF
:102D70003046F7F75BFF70B15BA13046F7F756FFBF
:102D800048B15AA13046F7F751FF20B159A130465A
:102D9000F7F74CFF90B900E00DE154A13046F7F78A
:102DA00045FF20B153A13046F7F740FF10B9484620
:102DB000FAF7DAFB0E208DF830009DE0A0E000006D
:102DC000656C656D656E743A206F6E2F6F66660078
:102DD000666C6F6F7200000066757373626F646576
:102DE0006E000000666C6F6F723A206F6E2F6F6618
:102DF00066206F722033362D39300000666C6F6F9D
:102E0000723A206F6E2F6F6666206F7220322D33FC
:102E100032000000656E67696E6500006D6F746F4B
:102E200072000000656E67696E653A206F6E2F6FE5
:102E30006666206F722033322D3137360000000075
:102E4000656E67696E653A206F6E2F6F6666206FDC
:102E50007220312D3830000073797374696D65729A
:102E60000000000073797374656D7A656974000001
:102E700073797374696D65723A20312D3130300089
:102E800064617900746167007A236461793A20355E
:102E9000302D3930000000007A236461793A203106
:102EA000302D3332000000006E6967687400000046
:102EB0006E616368740000007A236E696768743A13
:102EC0002035302D393000007A236E696768743AF6
:102ED0002031302D3332000030000000686561740D
:102EE000000000006F6E0000310000006865697A24
:102EF000656E000065696E0001210CA8017755E040
:102F00003AA13046F7F792FE20B13AA13046F7F7E2
:102F10008DFE70B937A13046F7F788FE10B94846E4
:102F2000FAF722FB0E208DF8300002210CA8017761
:102F30003CE032A13046F7F779FE30B90F208DF82A
:102F4000300000210CA8417730E02EA13046F7F781
:102F50006DFE20B12DA13046F7F768FE70B92BA1A8
:102F60003046F7F763FE10B94846FAF7FDFA0F202E
:102F70008DF8300001210CA8417717E00BA93046ED
:102F8000FAF708F868B10B980A280ADB0B9864284E
:102F900007DC10208DF830000B98C1B20CA88177A7
:102FA00004E01CA14846FEF711FF05E40CA94846C1
:102FB000FEF7C8FD20E400BF202101A8F7F7E3FDDC
:102FC0001F2217A101A8F7F705FE01A8F7F7C0FC1B
:102FD000C0F11F073A46214601A8F7F73AFC01A9BC
:102FE0004846FEF7F3FE00BF06E4000076656E7407
:102FF000000000006C75656674656E006175746F25
:10300000000000006D616E75616C00006D616E7591
:10301000656C6C007A233A206261642061726700FB
:10302000756E6B6E6F776E3A2000000070B586B0DB
:1030300005460C46E079A17962792379CDE902321F
:10304000CDE90410E078A178CDE9001028050C4EF8
:1030500096F88F6040EA4630094E96F8906040EA54
:103060008620084E367E3043064E767E40EA0601C4
:1030700063782278034803F001FC06B070BD0000BD
:10308000344A00200857002009E00178412905DB77
:1030900001785A2902DC017820310170401C017846
:1030A0000029F2D170470246012907D1A2F1200080
:1030B00000EB8000092390FBF3F070471046FCE71B
:1030C0002DE9F84F06468A4691460024FEF75EFD3C
:1030D00083464D460DB1FBA000E0FDA0024621460F
:1030E000FD48FEF7E4FB044696F86000002834D063
:1030F0000DB1FAA000E0FBA002462146F648FEF71B
:10310000D6FB044696F8B1002946FEF7F7FD0746C0
:103110003A462146F048FEF7CAFB0446F2A2214691
:10312000ED48FEF7C4FB044696F88610C1EBC101DA
:10313000EE4A02EBC101097B48B2FEF7BFFD07462C
:103140003A462146E448FEF777FB04465A462146B4
:10315000E148FEF7ACFB044609E00DB1E4A000E055
:10316000E4A002462146DC48FEF7A1FB04460A2201
:103170002046611CCCB2D8490A5496F8930008BB8B
:103180000DB1DDA000E0DEA002462146D248FEF7E8
:103190008EFB044696F8920020B10DB1DAA005E04E
:1031A000DAA003E00DB1D2A000E0D2A00246214691
:1031B000C948FEF77CFB04460A222046611CCCB2BB
:1031C000C5490A54002782E006F19D00C05D012830
:1031D00005D006F19D00C05D032800D075E05A229D
:1031E0002046611CCCB2BC490A5407F13100C2B27E
:1031F0002046611CCCB2B8490A5420222046611CEA
:10320000CCB2B5490A5406F16600C05D012802D06F
:10321000022816D10AE00DB1BDA000E0BEA0024612
:103220002146AD48FEF743FB044615E00DB1BCA0B6
:1032300000E0BDA002462146A748FEF738FB044641
:103240000AE00DB1AAA000E0AAA002462146A248C9
:10325000FEF72DFB044600BF00BF20222046611C64
:10326000CCB29D490A5406F19801C857FEF726FDD5
:103270000246214600909848FEF7DEFA04465A4678
:1032800021469548FEF713FB0446A9A22146924821
:10329000FEF70DFB044606F16B01C95D48B2FEF76F
:1032A0000DFD0246214600908B48FEF7C5FA044604
:1032B0005A4621468848FEF7FAFA04460A22204672
:1032C000611CCCB284490A5400BF781CC7B2052FD8
:1032D000FFF67AAF97A221467F48FEF7E8FA044648
:1032E00096F9B000FEF7EAFC07463A4621467A48CE
:1032F000FEF7A2FA04465A4621467748FEF7D7FA67
:1033000004460A222046611CCCB273490A540DB10E
:103310008AA000E08BA0024621466F48FEF7C7FA5C
:10332000044696F9A900FEF7C9FC07463A4621462D
:103330006948FEF781FA04465A4621466648FEF778
:10334000B6FA04460A222046611CCCB262490A54ED
:1033500096F88600C0EBC000644901EBC000D0EDD8
:10336000070AB2EE041AB6EE000A00EE810ABDEEBC
:10337000C00A10EE100A0FFA80F8B8F1640F0BDBE8
:103380008B2C09DA642098FBF0F03030C2B2204672
:10339000611CCCB250490A548B2C0EDA0A2098FBDF
:1033A000F0F00A2190FBF1F201FB12003030C2B2C2
:1033B0002046611CCCB248490A548B2C05DA2E22D7
:1033C0002046611CCCB244490A548B2C0BDA0A20EB
:1033D00098FBF0F100FB11803030C2B22046611C36
:1033E000CCB23D490A5459A221463B48FEF75FFA48
:1033F00004460A222046611CCCB237490A5454A222
:1034000021463548FEF753FA0446544890F8B40173
:1034100020B10DB13CA005E03CA003E00DB134A00B
:1034200000E034A0024621462B48FEF740FA04464D
:103430000A222046611CCCB227490A5448A22146E0
:103440002548FEF734FA0446444890F8C50220B1F6
:103450000DB12DA005E02DA003E00DB124A000E0EA
:1034600024A0024621461C48FEF721FA04463E48A5
:103470000078E8B10A222046611CCCB216490A54F1
:103480003AA221461448FEF712FA0446364991F949
:103490000100FEF713FC07463A4621460E48FEF7A8
:1034A000CBF904465A4621460B48FEF700FA04467B
:1034B0000020094908550A465146284807F046F8B1
:1034C000BDE8F88F4272656E6E65723A00000000CA
:1034D0004275726E3A000000C84B002065696E2D7F
:1034E000000000006F6E2D002D000000204E002017
:1034F000617573006F6666004865697A73743A0097
:10350000456C6D3A0000000065696E006F6E00004A
:103510006865697A00000000686561740000000059
:103520006C7565667400000076656E7400000000BE
:103530002D3E00005474616E6B3A00005461757347
:10354000733A0000546F75743A0000005600000092
:10355000496E7465726E65743A000000980600202A
:103560004D5154543A00000038570020546D6F6498
:10357000656D3A002DE9F04F89B0054689469346BE
:103580001E460024002018E000EB400115F8211031
:1035900091B100EB400105EB8101497849450BD120
:1035A00000EB400105EB81018978594504D100EB1E
:1035B000400105EB810402E0401C0828E4DBECB983
:1035C00000200AE000EB400115F8211021B900EBC2
:1035D000400105EB810402E0401C0828F2DB14B92D
:1035E00009B0BDE8F08F0120207084F8019084F8C4
:1035F00002B0FF220421E01CF7F79BFA324803F0E7
:1036000087FEA06004223146E01CF7F746F900B9B6
:10361000E6E73068C4F8030000270FF2B00A05E0BF
:103620001AF8012B38467F1C05A90A549AF80000A5
:103630000028F5D14A46394605A8F9F791FB074617
:103640005F2238467F1C05A90A545A46394605A808
:10365000F9F786FB0746002005A9C8558046327851
:1036600041466846F9F77CFB80462E22404608F129
:1036700001080DF80020727841466846F9F770FBA2
:1036800080462E22404608F101080DF80020B2784D
:1036900041466846F9F764FB80462E22404608F111
:1036A00001080DF80020F27841466846F9F758FB0A
:1036B000804600200DF808006A4605A9044804F079
:1036C00059F900BF8CE70000905600206465760031
:1036D000980600202DE9F04F2DED048B8BB00546A8
:1036E0008946D9F80400C0F308500A90D9F80400BC
:1036F000C0F346300990B9F80400C0F38220089066
:10370000B9F80400C0F3C60899F8040000F00706F1
:1037100009F10B04B8F17E0F01D1012E02D0B8F1EE
:103720007D0F03D10120FE4981F891000A981228EB
:1037300004D032464146FA4800F0C6FE00270A98F7
:10374000000500EB483000EB8620F649097E00EBCF
:10375000C100F449497E084407902246F248D9F84E
:10376000041002F073FAB8F1220F0ED0B8F1230F53
:103770000BD0B8F1170F08D0B8F11B0F05D0B8F176
:103780002A0F02D0B8F12B0F06D1C6EBC600E749CD
:1037900001EBC00080F804800A9818287DD01CDC5A
:1037A0000C287BD00CDC072879D004DC01282FD032
:1037B000022875D1B9E00A2873D00B28F9D154E159
:1037C00013286FD004DC0D286DD01228F1D1F7E159
:1037D000152869D01628ECD1A0E3222865D00ADC90
:1037E000A0F1190005285BD2DFE810F033045C0477
:1037F0008804DD04FD042A2873D004DC282871D055
:103800002928D6D1F7E32E286DD03C28D1D19AE0D3
:10381000C448017E0998814207D009987F2804D0C6
:103820000BB0BDEC048BBDE8F08FBE48417E08981C
:10383000814203D00898072800D0F1E74FF4001028
:1038400000EB483000EB8620B649097E00EBC10052
:10385000B449497E084407906078217800EB012044
:10386000042828D005DC48B1012822D003283BD108
:1038700020E0162820D01E2836D12AE0FF20102272
:103880000023CDE9032079210293CDE900130590AF
:1038900063782278A348079908E0BBE3FFE09AE049
:1038A000FEE299E0C8E158E1FBE2FAE302F0E6FF4C
:1038B00039E038E037E036E0A07810B99C489D49FF
:1038C0000860A078012802D19B489A490860FCF75B
:1038D00033FA9A4890F8E60210B9984805F044F98E
:1038E00021E0FDE3FDE3FDE3FF200290039004905F
:1038F0000590009001904FF4001000EB483000EB71
:103900008620DFF820C29CF818C000EBCC00DFF85E
:1039100014C29CF819C000EB0C016378227881482E
:1039200002F0ACFF00BF00BFBAE26078217800EB84
:10393000012030B9A31C324641467948FFF71AFEF0
:1039400000BF00BFF0E72078012843D1607800F085
:103950000300022807DA607800F0010080F001011E
:10396000764880F8D1136078C0F38100022805DA28
:103970006078C0F38001714880F8D5136078C0F397
:103980000110022805DA6078C0F300116B4880F856
:10399000D61360780221B1EB901F05DD6078C0F38B
:1039A0008011664880F8D213A078012807DCA0783F
:1039B00008B1012100E00021604880F8D413E078CC
:1039C000012807DCE07808B1012100E000215B4814
:1039D00080F8D313A8E700BF2078FF2806D020780E
:1039E000C6EBC601514A02EBC10148716078FF285D
:1039F00006D06078C6EBC6014C4A02EBC101887163
:103A0000A078FF2807D0A078C6EBC601474A02EB92
:103A1000C10181F82100E07800F0030003280DD0F7
:103A2000E07800F0030008B1012000E00020C6EBC0
:103A3000C6013E4A02EBC10181F822002079FF282D
:103A400007D02079C6EBC601384A02EBC10181F8E4
:103A500023006079FF2807D06079C6EBC601334A9E
:103A600002EBC10181F824005EE72078FF2802D133
:103A70006078FF2812D06178207801EB002000EEFA
:103A8000100AB8EEC00AF2EE040A80EE201AC6EB65
:103A9000C600264901EBC00080ED071A44E72078F4
:103AA000FF2806D02078C6EBC601204A02EBC101F0
:103AB00008826078FF2806D06078C6EBC6011B4AF2
:103AC00002EBC1014882A078FF2802D1E078FF28EC
:103AD00012D0E178A07801EB002000EE100AB8EED9
:103AE000C00ADFED170A80EE201AC6EBC6000F49A8
:103AF00001EBC00080ED051AA079FF2806D0A0795F
:103B0000C6EBC601094A02EBC1010876E07900F074
:103B10000300022820DAE07900F00300A0B111E0F0
:103B2000344A002008570020A84F0020204E0020D3
:103B300055AA1600FC3F0220AA5516009806002040
:103B40000000C842012000E00020C6EBC601FE4A8A
:103B500002EBC10181F82000E6E62078FF2802D1BF
:103B60006078FF280AD06078217800EB012000B24D
:103B7000C6EBC601F44A02EBC1010881A078FF2818
:103B800007D0A0784B38C6EBC601EF4A02EBC10163
:103B90004881E078FF2807D0E0784B38C6EBC601B3
:103BA000E94A02EBC10188812079FF2807D02079FA
:103BB0004B38C6EBC601E44A02EBC101C881B3E64B
:103BC000234632464146E148FFF7D4FCB8F12B0FBB
:103BD0001BD00CDCB8F1170F13D0B8F11B0F11D0AC
:103BE000B8F1220F0FD0B8F1230F23D10CE0B8F1B8
:103BF0002C0F0BD0B8F17D0F10D0B8F17E0F19D17A
:103C000011E000BF00BF00BF00BF00BFC6EBC60091
:103C1000CD4901EBC000216801600BE0CB48216871
:103C2000C0F88B1006E0012E03D1C8482168C0F807
:103C30008B1000BF00BFDCE32078012872D120790F
:103C400000F00300022804DA207900F0010085F872
:103C500094002079C0F38100022804DA2079C0F3AF
:103C6000800085F895002079C0F30110022804DA5D
:103C70002079C0F3001085F86400607900F003003B
:103C8000022804DA607900F0010085F89600607976
:103C9000C0F38100022804DA6079C0F3800085F85F
:103CA0009700A07900F00300022804DAA07900F060
:103CB0000101BC204155A079C0F38100022804DA3B
:103CC000A079C0F38001BD204155A079C0F3011057
:103CD000022804DAA079C0F30011BE204155A07972
:103CE0000221B1EB901F04DDA079C0F38011BA204E
:103CF0004155E07900F00300022808DAE07900F08D
:103D0000030008B1012100E00021BB204155E0790A
:103D1000C0F38100022809DAE079C0F3810010B114
:103D2000012001E01DE0002085F8B700E079C0F334
:103D30000110022808DAE079C0F3011008B101216E
:103D400000E00021B8204155E0790221B1EB901F3D
:103D500007DDE079800908B1012100E00021B920E8
:103D600041552078032833D160787D2803DC6078C2
:103D70004B3885F87F00A0780A2802DCA07885F807
:103D80008000E0789B2803DCE0784B3885F88100E0
:103D90006179207901EB002040F2AA51884205DCCC
:103DA0006179207901EB0020A5F88200A0796428D0
:103DB00005DCA079002802DDA07985F88400E0798F
:103DC000022805DBE0793C2802DCE07985F88500F3
:103DD0002078042822D16078042803DA607840B281
:103DE00085F89D00A078042803DAA07841B29E20CF
:103DF0004155E078042803DAE07841B29F2041552C
:103E00002079042803DA207941B2A0204155607955
:103E1000042803DA607941B2A120415520780528B1
:103E20002BD16078FF2808D1A078FF2805D1E07851
:103E3000FF2802D12079FF280BD060780006A178F6
:103E400040EA0140E17840EA012021790843C5F8C1
:103E5000CC00607900F00300022804DA607900F0F9
:103E6000010085F8C7006079C0F38100022804DAF8
:103E70006079C0F3800085F8C800207806280FD14B
:103E80006078FF2804D060784B3840B285F8A800ED
:103E9000A078FF2804D0A0784B3840B285F8A20063
:103EA000A7E285F88F8085F89060A078FF2804D07D
:103EB000A0784B3840B285F8B0002079FF2804D0B4
:103EC00020794B3840B285F8A9006079FF2802D0EC
:103ED000607985F8B100A079FF2802D0A07985F833
:103EE000D000E079C0F38100032808D0E079C0F366
:103EF000810008B1012000E0002085F89200E079FF
:103F0000C0F30110032808DAE079C0F3011008B10A
:103F1000012000E0002085F893006AE2207800F09C
:103F20000307032F01D085F866702078C0F381075E
:103F3000032F01D0672047552078C0F30117032FC6
:103F400001D06820475503E0204E0020344A00206D
:103F500020788709032F01D069204755607800F049
:103F60000307032F01D06A204755A078FF2804D00B
:103F7000A0784B3840B285F89800E078FF2804D04C
:103F8000E0784B3841B2992041552079FF2804D080
:103F900020794B3841B29A2041556079FF2804D0EE
:103FA00060794B3841B29B204155A079FF2804D05D
:103FB000A0794B3841B29C204155E07900F00307CD
:103FC000032F05D00FB1012000E0002085F860002C
:103FD000E079C0F38107022F05DA0FB1012000E07C
:103FE000002085F86100E079C0F30117022F06DA9E
:103FF00017B1012001E08BE1002085F86200E07933
:104000008709022F05DA0FB1012000E0002085F8B2
:104010006300EEE1E078FF2802D0E07885F8B20096
:104020002079FF2802D02179B32041556079FF28FB
:1040300002D06179B4204155A079FF2802D0A1793E
:10404000B5204155E079FF2802D0E179B6204155ED
:10405000CFE12078FF2803D020784B3885F86B001B
:104060006078FF2804D060784B38C1B26C2041558D
:10407000A078FF2804D0A0784B38C1B26D204155FC
:10408000E078FF2804D0E0784B38C1B26E2041556B
:104090002079FF2804D020794B38C1B26F204155D8
:1040A000A7E1BFE02078FF2803D020784B3885F8BF
:1040B00070006078FF2804D060784B38C1B271205E
:1040C0004155A078FF2804D0A0784B38C1B27220A7
:1040D0004155E078FF2808D0E0784B38C1B202E0C3
:1040E0002FE1E5E07EE1732041552079FF2804D0DF
:1040F00020794B38C1B2742041557AE12078FF28ED
:1041000002D0207885F875006078FF2802D06178A9
:1041100076204155A078FF2802D0A178772041551C
:10412000E078FF2802D0E178782041552079FF28F7
:1041300002D0217979204155607900F00307032FDF
:1041400005D00FB1012000E0002085F87A006079E9
:10415000C0F38107032F05D00FB1012100E000213A
:104160007B2041556079C0F30117032F05D00FB1B3
:10417000012100E000217C20415560798709032F4F
:1041800005D00FB1012100E000217D204155A0792B
:1041900000F00307032F05D00FB1012100E000213B
:1041A0007E20415525E120780006617840EA0140F3
:1041B000A17840EA0120E1780843C6EBC6018F4AA6
:1041C00002EBC101886220790006617940EA014072
:1041D000A17940EA0120E1790843C6EBC60102EB70
:1041E000C101C86205E1207802281AD121790A04A8
:1041F000617902EB0121A27988180BF08BF941EC6F
:10420000190B9FED7F0B53EC102B0BF02BF841ECAF
:10421000180B0AF0F5FFC6EBC601784A02EBC101A4
:104220000863E6E04FF00C7000EB483000EB8620AE
:104230007549097E00EBC1007349497E0844079027
:1042400020780006617800EB0140A17800EB0120A6
:10425000E17800EB010A0020069021E0DAF800B0D6
:104260000BF0FF00CBF30721CBF307424FEA1B63B0
:10427000CDE90232CDE904100AF0FF00CAF30721AC
:104280004FEA1A62CAF30743CDE900105E48079966
:1042900002F0F4FA0AF1040A0698401C80B2069073
:1042A0006079217900EB012106988142D6DCA0E0FB
:1042B0002078FF2804D0207800F5FA605349886000
:1042C00060780D2805DA6078002802DD60784F49B3
:1042D0000873A078202802DAA0784C494873E07867
:1042E000182802DAE0784949887320793C2802DAF4
:1042F00020794649C87360793C2802DA60794349DD
:104300000874424801F0ACFB0021404A03C270E04F
:104310002078182802DA207885F8880060783C2810
:1043200002DA607885F88700A078182802DAA07889
:1043300085F88A00E0783C2802DAE07885F8890080
:1043400057E02078FF2806D0207808B1012100E04E
:104350000021C32041556078FF2806D0607808B15D
:10436000012000E0002085F8BF00A078FF2806D0DB
:10437000A07808B1012100E00021C0204155E0787B
:10438000FF2806D0E07808B1012100E00021C1201B
:1043900041552079FF2806D0207908B1012100E09D
:1043A0000021C42041556079FF2806D0607908B10A
:1043B000012100E00021C5204155A079FF2806D049
:1043C000A07908B1012100E00021C6204155E07923
:1043D000FF2806D0E07908B1012100E00021C220C9
:1043E000415506E02168C5F8D1106168C5F8D510BF
:1043F00000BF00BF00BFFFF713BA0000204E00202F
:104400000000000000408F400857002038060020C0
:104410002DE9FF410546284802F07AFF8046002436
:1044200045E004EB440015F8200000B93EE004EB41
:10443000440005EB80008068A8EB000044F6206192
:10444000884200D232E000261CA705E017F8012BB5
:104450003046761C0DF8002038780028F6D104EBA1
:10446000440005EB8000427831466846F8F778FC56
:1044700006465F223046761C0DF8002004EB44000F
:1044800005EB8000827831466846F8F769FC0646FD
:1044900000200DF806000AA269460A4803F06AFAED
:1044A000002004EB440105F8210000BF641C082C27
:1044B000B7DBBDE8FF810000905600206465760000
:1044C00000000000980600202DE9F04186B0054666
:1044D0000E4617462E48007EB04206D12C48407E3C
:1044E000B84202D106B0BDE8F0817F2E02D1072F7D
:1044F00000D1F7E7002014E000EB400115F821108F
:1045000071B100EB400105EB81014978B14207D15F
:1045100000EB400105EB81018978B94200D1E1E768
:10452000401C0828E8DB002400200AE000EB4001E2
:1045300015F8211021B900EB400105EB810402E0E0
:10454000401C0828F2DB04B9CCE70120207066701B
:10455000A770FF220421E01CF6F7EBFA0D4802F0E9
:10456000D7FEA0603A4631460620FDF7AFF98046F7
:10457000FF200290039004900590009012230022E7
:1045800041460190024802F079F900BFAAE7000015
:104590000857002090560020F0B58FB004465A48C6
:1045A00002F0B6FE0746594890F8C50260B1584877
:1045B0000068391A554890F80E0300EB4002C2EB30
:1045C000C010B1EBC00F01D20FB0F0BD5048076072
:1045D000863494F82A008DF824002078C0EBC000BF
:1045E0004C4901EBC000007B8DF825002078C0EB22
:1045F000C00001EBC000D0ED070AB2EE041AB6EE1F
:10460000000A00EE810ABCEEC00A10EE100A85B264
:1046100028128DF82600E8B28DF8270094F82300C0
:104620008DF82800207B863C08B1012100E00021A4
:1046300094F8B10061F3DF0094F8941009B10121FE
:1046400000E0002140EA011094F8D01001F00701C9
:1046500040EA41108DF829000026002008E004F10E
:10466000B701095C19B101218140C9B20E43401C58
:104670000828F4DB8DF82A60002006E004F1B2017E
:104680000A5CC11D09AB5A54401C0528F6DB00200A
:1046900007E004F198010A5C00F10C0109AB5A54DF
:1046A000401C0528F5DB94F8A8008DF8350094F837
:1046B000A2008DF8360094F8C70008B1012000E090
:1046C000002094F8C81009B1012100E0002140EA5F
:1046D00041001149097809B1012100E0002140EAB7
:1046E00081008DF837000C4840788DF838006A4614
:1046F000152109A8F9F748F86A4608A1034803F00C
:1047000039F900BF60E700009056002098060020AD
:104710001C010020204E00203857002074656C6575
:104720006D657472790000002DE9F04F8FB004467A
:10473000FE4890F8C50220B1FD48007808B9012074
:1047400000E000200546F94890F8C502F8490870D5
:1047500094F86000F7490978884200D175B194F85F
:104760006000F449087094F8600008B1F2A000E01D
:10477000F2A00246F2A1ED4803F0FCF894F86100C3
:10478000F1490978884200D175B194F86100EE4989
:10479000087094F8610008B1E7A000E0E7A00246C5
:1047A000EAA1E24803F0E6F894F86200EA490978E1
:1047B000884200D175B194F86200E749087094F816
:1047C000620008B1DCA000E0DCA00246E3A1D7480B
:1047D00003F0D0F894F86300E3490978884200D1E7
:1047E00075B194F86300E049087094F8630008B16B
:1047F000D1A000E0D1A00246DCA1CC4803F0BAF879
:1048000094F8960020B1DC48007808B9012000E057
:104810000020804694F8970020B1D848007808B965
:10482000012000E00020814694F89600D2490978E2
:10483000884200D175B194F89600CF49087094F879
:10484000960008B1BCA000E0BCA00246CCA1B748CD
:1048500003F090F894F89700C8490978884200D18D
:1048600075B194F89700C549087094F8970008B19D
:10487000B1A000E0B1A00246C5A1AC4803F07AF8AF
:1048800094F89600C0B194F87F00C5490978884231
:1048900003D115B9B8F1000F0ED094F87F00C049CC
:1048A000087094F87F20BFA10DA8F5F735FD0DAA7B
:1048B000BDA19E4803F05EF894F89700C0B194F84B
:1048C0008100BB490978884203D115B9B9F1000FBD
:1048D0000ED094F88100B649087094F88120B1A1F7
:1048E0000DA8F5F719FD0DAAB2A1904803F042F802
:1048F00094F89700C0B1B4F88200B14909888842A1
:1049000003D115B9B9F1000F0ED0B4F88200AC494B
:104910000880B4F88220A3A10DA8F5F7FDFC0DAA2C
:10492000A8A1824803F026F894F88400A8490978E1
:10493000884200D175B194F88400A549087094F8B4
:10494000842098A10DA8F5F7E7FC0DAAA1A177484E
:1049500003F010F8002636E004F17A00805D08B11B
:10496000012300E0002304F17500815D401F805D9C
:1049700004F16B02925D01AF0BC7009204F1660077
:10498000835D3730825797A105A8F5F7C5FC9A4893
:1049900000EB461105A8F6F749F900B995B196491B
:1049A00001EB46101F2205A9F6F714F900209249E1
:1049B00001EB4611C877914850F8261005AA5B48CC
:1049C00002F0D8FF761C052EC6DB94F864008C49F3
:1049D0000978884200D175B194F86400884908705C
:1049E00094F8640008B154A000E054A0024685A1E8
:1049F0004E4802F0BFFF94F89600C0B194F88000D2
:104A000082490978884203D115B9B8F1000F0ED058
:104A100094F880007D49087094F8802061A10DA869
:104A2000F5F77AFC0DAA7AA1404802F0A3FF94F8AA
:104A300085007A490978884200D175B194F88500DB
:104A40007649087094F8852056A10DA8F5F764FC06
:104A50000DAA73A1354802F08DFF94F888007449BF
:104A60000978884200D175B194F8880070490870BF
:104A700094F888204BA10DA8F5F74EFC0DAA6DA166
:104A80002A4802F077FF94F887006D490978884238
:104A900000D175B194F887006949087094F88720AF
:104AA00040A10DA8F5F738FC0DAA66A11F4802F039
:104AB00061FF94F88A0066490978884200D175B18F
:104AC00094F88A006249087094F88A2035A10DA8EC
:104AD000F5F722FC0DAA5FA1144802F04BFF94F8F1
:104AE000890060490978884200D175B194F889003D
:104AF0005C49087094F889202AA10DA8F5F70CFCF0
:104B00000DAA59A1094802F035FF084890F80E0394
:104B100059490978884200D135B1044890F80E030C
:104B2000554908700148A9E0B4E00000980600204B
:104B30009C0000209D00002031000000300000009B
:104B400062746E48747200009E00002062746E45AC
:104B50006C656D656E7400009F00002062746E4687
:104B60006C6F6F7200000000A000002062746E4540
:104B70006E67696E65000000B5000020B600002079
:104B8000666C6F6F72436F6E6E6563746564000070
:104B9000656E67696E65436F6E6E6563746564000C
:104BA000A100002025640000666C6F6F72537000D6
:104BB000A2000020656E67696E65537000000000FA
:104BC000A4000020656E67696E6544757200000080
:104BD000A300002073797354696D654C696D697425
:104BE0000000000025645F25645F25645F25645F25
:104BF00025645F2564000000554C0020C0000020A3
:104C0000A600002062746E45636F0000A7000020BC
:104C1000666C6F6F7248797374000000A800002002
:104C200070756D70466F72636544757200000000A8
:104C3000A9000020646179537461727448720000A5
:104C4000AA00002064617953746172744D696E002A
:104C5000AB0000206E6967687453746172744872A7
:104C600000000000AC0000206E6967687453746136
:104C700072744D696E000000AD00002090F80E23A4
:104C8000AFF2E0010DA8F5F747FB0DAAF5A1F94831
:104C900002F070FEF74890F81003F749097888424F
:104CA00000D175B1F34890F81003F3490870F1484A
:104CB00090F81003F14951F82020F1A1ED4802F0DD
:104CC00059FEF249F248F5F7B1FF00B965B1172274
:104CD000EF49EE48F5F77EFF0020EC49C875EC4A35
:104CE000ECA1E44802F046FEE24890F810030128E7
:104CF0001AD1E048B0F81203E9490988884200D186
:104D000095B1DC48B0F81203E5490880D948B0F8FD
:104D10001433B0F81223E3A10DA8F5F7FDFA0DAA9C
:104D2000E2A1D44802F026FED24890F81603E249E8
:104D30000978884206D1E149D5482538F5F776FF4C
:104D400000B9D5B1CB4890F81603DB49087017229B
:104D5000CF492539D948F5F73DFF0020D749C87517
:104D6000C44890F8160310B1C948253800E0C0A027
:104D70000246D3A1BF4802F0FDFDBE4890F83403BF
:104D8000D2490978884200D1ADB1BA4890F83403CD
:104D9000CE490870B74890F8342300210CA8F7F7E3
:104DA000DFFF064600200CA988550CAAC8A1B1480F
:104DB00002F0E0FD00BFAF4890F85403C8490978FD
:104DC000884206D1C749B2481930F5F72FFF00B91C
:104DD000D5B1A84890F85403C14908701722AC49CE
:104DE0001931C048F5F7F6FE0020BE49C875A14844
:104DF00090F8540310B1A648193000E09CA0024678
:104E0000B9A19C4802F0B6FD85B30026792231464F
:104E100008A8F7F7A5FF06462E223046761C08A9FB
:104E20000A540022314608A8F7F79AFF06462E22B8
:104E30003046761C08A90A540022314608A8F7F724
:104E40008FFF06462E223046761C08A90A541022EF
:104E5000314608A8F7F784FF0646002008A98855C0
:104E600008AAA5A1834802F085FD00BF0422A64937
:104E700004F18B00F5F711FD00B9EDB3A249D4F8A8
:104E80008B00086094F88B0040B98C20005D28B935
:104E90008D20005D10B98E20005D08B1012000E07A
:104EA00000208346BBF1000F36D0002694F88B20FB
:104EB000314608A8F7F754FF06462E223046761CE6
:104EC00008A90A548C20025D314608A8F7F748FF6C
:104ED00006462E223046761C08A90A548D20025D13
:104EE000314608A8F7F73CFF06462E223046761CCE
:104EF00008A90A548E2000E014E0025D314608A89B
:104F0000F7F72EFF0646002008A9885508AA7FA1BA
:104F1000584802F02FFD04E055A27CA1554802F04C
:104F200029FD00BF7C48C078012805D17B48007866
:104F3000012801D0012000E0002007467648C07813
:104F400076490978884200D165B17348C0787349C1
:104F500008707148C078724951F8202071A1454805
:104F600002F008FD6C49C978012927D16A49C9882E
:104F7000704A1288914200D107B36749C888C117A7
:104F800000EB11710911A0EB011139B16249C98817
:104F9000614A1289914201D005B97FB15E48C0884B
:104FA000644908805C480389C2883EA10DA8F5F7D2
:104FB000B3F90DAA60A12F4802F0DCFC5648C07876
:104FC000012815D15448808960490988884200D158
:104FD00075B1514880895D4908804F4882895CA13C
:104FE0000DA8F5F799F90DAA5AA1224802F0C2FCC2
:104FF0004948C078012814D14748007959490978AF
:10500000884201D105B967B1434800795549087014
:1050100041480079544951F8202054A1154802F024
:10502000A9FC3D48C078012819D1042253493A48C7
:105030001030F5F732FC00B98DB150483649096996
:1050400001603548007C40B93348407C28B932487B
:10505000807C10B93048C07C10B1012091E0D0E0D4
:105060008EE0000074656C656D65747279496E74CC
:105070000000000098060020AE000020E4000020A0
:105080006F7461537461747573000000F54C0020F7
:10509000D40900206F74614572726F7200000000C5
:1050A000B000002025752F25750000006F74615039
:1050B000726F677265737300B20000200D4D00209F
:1050C0006F7461537461676564000000B300002071
:1050D0006F74615374616765645479706500000092
:1050E000B4000020254D002073656C664F74615339
:1050F00074616765640000006D6F64656D5665726C
:1051000073696F6E00000000D40000206D6263566A
:10511000657273696F6E0000404D0020D80000205A
:10512000F400002063616E52656C617953746174A0
:1051300075730000DA00002063616E52656C61795E
:1051400050726F677265737300000000DC0000200E
:105150002575000063616E52656C61794661696C0A
:1051600073000000DE0000200401002063616E5225
:10517000656C61795374657000000000DF000020E9
:1051800000208346BBF1000F34D000266948027C22
:10519000314608A8F7F7E4FD06462E223046761C75
:1051A00008A90A546348427C314608A8F7F7D8FD9D
:1051B00006462E223046761C08A90A545D48827C99
:1051C000314608A8F7F7CCFD06462E223046761C5D
:1051D00008A90A545748C27C314608A8F7F7C0FD11
:1051E0000646002008A9885508AA53A1564802F08F
:1051F000C1FB05E0AFF288124FA1534802F0BAFBA1
:1052000000BF4C48C07801281AD14A48007D4F4958
:105210000978884200D19DB14648007D4B4908700D
:105220004448027D00210CA8F7F79AFD06460020AD
:105230000CA988550CAA46A1434802F09BFB00BF6D
:10524000AA4600200AE004F1D101095C434A125C3D
:10525000914202D04FF0010A02E0401C0828F2DB24
:10526000BAF1000F63D0002005E004F1D101095C20
:105270003A4A1154401C0828F7DB00264FF0010B76
:10528000002141E004F1D102525C02B93BE0BBF1E4
:10529000000F06D14FF02C0C3246761C05AB03F8FC
:1052A00002C04FF0000B04F1D102505C64280ADB0D
:1052B000642290FBF2F2303202F0FF0C3246761C90
:1052C00005AB03F802C00A280FDB0A2290FBF2F2BA
:1052D0000A2392FBF3FC03FB1C22303202F0FF0C8A
:1052E0003246761C05AB03F802C00A2290FBF2F3AB
:1052F00002FB1302303202F0FF0C3246761C05AB83
:1053000003F802C000BF491C0829BBDBBBF1000F3A
:1053100004D030223046761C05A90A54002005A985
:10532000885505AA0EA1084802F024FB00BF0FB063
:10533000BDE8F08F404D002063616E52656C61796D
:10534000426C56657200000098060020E3000020C1
:1053500063616E52656C617947656E00B70000202D
:105360006572726F7273000010B50446484849496F
:10537000C1F8D8034848C1F878034848484908604C
:1053800048484860484888601023424AD21C01219E
:10539000464800F016FD0523454A0221434800F027
:1053A00010FD1023424A503A0321404800F009FD05
:1053B00010233F4A403A04213C4800F002FD1023EC
:1053C0003B4A303A0521394800F0FBFC1023384AAB
:1053D000203A0621354800F0F4FC1023344A103AF4
:1053E0000721324800F0EDFCA1232A4AE9320C21C2
:1053F0002E4800F0E6FC1423264AD5320D212B4816
:1054000000F0DFFC8D23234A48320E21274800F0AC
:10541000D8FC10231F4A38320F21244800F0D1FC59
:105420001823244A1021214800F0CBFC0723214AED
:10543000D21F11211D4800F0C4FC40231D4A343204
:1054400008211A4800F0BDFC20231B4A09211748F7
:1054500000F0B7FC1023184A20320A21134800F04C
:10546000B0FC1823144A30320B21104800F0A9FC7C
:105470001023104A243212210C4800F0A2FC6023B1
:105480000C4A74321321094800F09BFC10BD000047
:10549000E1DF020898060020A10A03082DFE020899
:1054A000AC560020A1FB020859000308A84F0020B9
:1054B000640A0020290800205E0900202DE9F04F31
:1054C00085B007460D46287818B9002005B0BDE81C
:1054D000F08F2C78532C05D173A1384600F08FF94A
:1054E0000120F3E7562C05D170A1384600F087F96A
:1054F0000120EBE74E2C05D16EA1384600F07FF974
:105500000120E3E7462C05D16CA1384600F077F97D
:105510000120DBE74F2C0BD10120387001216948B5
:1055200001F0E4F960A1384600F069F90120CDE707
:10553000432C0BD1002038700021624801F0D6F9CD
:1055400059A1384600F05BF90120BFE7542C01D087
:10555000742C6ED1387828B95BA1384600F04FF929
:105560000120B3E7542C01D1012000E00020824645
:10557000BAF1000F01D0082000E003200490049845
:10558000401C00F0FF082846F5F7E2F9C1B208F127
:105590000100814205D24CA1384600F030F90120CB
:1055A00094E74FF0000B012611E0A85D00F092F89F
:1055B00001900198002805DA43A1384600F01FF950
:1055C000012083E7019840EA0B1B701CC6B20498C7
:1055D0008642EADD15F80800303800F0FF09B9F11D
:1055E000080F05DD38A1384600F009F901206DE704
:1055F000002002900390002624E008F1010101EB55
:105600004601685C00F066F8019008F1020101EBC8
:105610004601685C00F05EF800900198002802DB0B
:105620000098002806DA28A1384600F0E8F80120A2
:105630004CE724E0DDE9000140EA011002A98855A9
:10564000701CC6B24E45D8DB02A84B465A4651469E
:1056500000901C4801F07AF928B91BA1384600F0E7
:10566000CEF8012032E7BAF1000F01D017A000E018
:1056700017A00146384600F0C2F8012026E7522C58
:1056800001D0722C0DD1387828B90FA1384600F01E
:10569000B6F801201AE70CA1384600F0B0F8012056
:1056A00014E7002012E700000D00000056303130F2
:1056B000310D00004E413030300D00004630300DCD
:1056C0000000000008570020070000005A0D0000ED
:1056D0007A0D00000146302904DB392902DCA1F1F2
:1056E00030007047612904DB662902DCA1F1570014
:1056F000F7E7412904DB462902DCA1F13700F0E796
:105700004FF0FF30EDE7F0B589B006460D46307832
:1057100008B909B0F0BD0024A87A082801DD0820E6
:1057200000E0A87A0746287A04281AD15422204695
:10573000611CCCB201A90A546B6807220BE003F08C
:105740000F0000F072F8D1B221440DF1040C0CF8F6
:1057500001001B09521E002AF1DA04F10800C4B24C
:105760001BE074222046611CCCB201A90A5428888F
:10577000C0F30A0302220BE003F00F0000F055F81B
:10578000D1B221440DF1040C0CF801001B11521E82
:10579000002AF1DAE01CC4B200BF07F13000C2B247
:1057A0002046611CCCB201A90A54002218E005F180
:1057B0000B01895C081100F038F82146631CDCB24B
:1057C00001AB585405F10B01895C01F00F0000F0AA
:1057D0002CF82146631CDCB201AB5854501CC2B2F9
:1057E000BA42E4DB0D222046611CCCB201A90A5466
:1057F00000200855304600F002F800BF89E770B578
:1058000005460C46FBF734FE06462046F5F7A0F8A1
:10581000864200D270BD03E014F8010BFBF7D4FC04
:1058200020780028F8D100BFF4E701460A2902DAFF
:1058300001F1300001E001F13700C0B27047000013
:10584000024600210BE0084810F83100904204D1D4
:10585000054800EBC10040687047481CC1B255299B
:10586000F1DB0020F8E7000088FB03082DE9F04396
:105870008DB00446207A68B901202072002004E02F
:105880006D49095C2154411CC8B20828F8DB0DB0F1
:10589000BDE8F083694890F8D50348B9002004E0DA
:1058A0006549095C2154411CC8B20828F8DBEEE7C1
:1058B000624890F87C0300B9E9E7614801F028FDEF
:1058C0008046207C78B1E068A8EB00005D49884202
:1058D00009D2002004E05849095C2154411CC8B297
:1058E0000828F8DBD3E70026B1467FE0524810F8DD
:1058F00009501DB114F80900A84200D172E02846F1
:10590000FFF79EFF07460023452219465B1C01A8AE
:105910004254642D09DB642095FBF0F03030C2B2B4
:105920001846591CCBB201A90A540A2D0EDB0A20D5
:1059300095FBF0F00A2190FBF1F201FB12003030F0
:10594000C2B21846591CCBB201A90A540A2095FBD1
:10595000F0F100FB11503030C2B21846591CCBB2E6
:1059600001A90A543A221846591CCBB201A90A547B
:1059700020221846591CCBB201A90A5487B1002035
:1059800009E017F800C019465A1CD3B201AA02F860
:1059900001C0411CC8B2395C41B12E2BF1DB05E0DE
:1059A0003F221846591CCBB201A90A540A221846B4
:1059B000591CCBB201A90A540020C854F0188B28F6
:1059C00000DD17E000200AE001A911F800C031460F
:1059D000721CD6B21C4A02F801C0411CC8B29842DF
:1059E000F2DB00BF09F1010000F0FF09B9F1080F77
:1059F000FFF67CAF002014498855002E11DD13A05E
:105A0000FCF76EF91048FCF76BF913A0FCF768F986
:105A10000D4A1249094804F099FDC4F80C80012090
:105A20002074002004E00449095C2154411CC8B2E0
:105A30000828F8DB00BF2AE7054B00209806002065
:105A40009056002080EE3600A44900204641554C77
:105A50005420534D533A20000D0A0000140A002030
:105A6000F0B501460C7BC4F10E040C2794FBF7F44F
:105A7000E3B28C6804F59654E21A0C7B17FB0344DE
:105A8000E41EE5B205EB051707EBC707BF1C4FF097
:105A9000050C97FBFCF791F80DC0674440F26D1CB4
:105AA0000CFB02774FEAE27C02EB9C7C07EBAC0735
:105AB0004FF0640C92FBFCFCA7EB0C074FF4C87C86
:105AC00092FBFCFC6744A7F5FA472D3FDFF828C09E
:105AD000A7EB0C06094C06FB04F00C7CCF7BC7EB54
:105AE000071704EB87048F7BC7EB471CCCEB07271A
:105AF00004EB07142044F0BD8C3D250080510100CB
:105B000010B502460B4600211EE0C1EB011000EB70
:105B1000411402F5747010F8240098B1C1EB011023
:105B200000EB411402F5747000EB84004088984249
:105B300008D1C1EB011000EB411402F5747000EBC9
:105B4000840010BD481CC1B20429DEDB0020F8E748
:105B50000246002113E0C1EB011000EB411302F5F6
:105B6000747010F8230040B9C1EB011000EB411331
:105B700002F5747000EB83007047481CC1B2042921
:105B8000E9DB0020F8E72DE9F84F04460F46904680
:105B90009946DDF828A094F8280150B94B464246B2
:105BA00039462046CDF800A000F01EFB0120BDE8DC
:105BB000F88F94F8CE03032801DB0020F7E794F870
:105BC000CE13481C84F8CE03532011FB00F104F5DA
:105BD000EE7000EB4105A5F800803846F4F7B8FEFA
:105BE00086B2A02E00D9A02632463946A81CF4F76A
:105BF00019FF0021A81C815585F8A39085F8A4A061
:105C00000120D4E72DE9F04180460C4615461E469A
:105C1000069F9C3424F89A5C012004F89C0C002018
:105C2000A081206126756775074801F071FBA061AE
:105C3000002020779C3C3B4632462946404600F0F7
:105C4000E3F8BDE8F0810000905600202DE9F04710
:105C500081460C461546C4F308563D2E03D03E2E11
:105C600001D0BDE8F087C4F3C60704F007083D2E55
:105C700006D12B4642463946484600F0C5F903E0B6
:105C80002946484600F044FA00BFEAE7F8B5044662
:105C90000E46174694F8240100B9F8BD94F8250182
:105CA00094F82411884202DB002084F8250194F83E
:105CB000250100EB4001201D00EB810594F8250132
:105CC000401C94F8241190FBF1F201FB120084F8BF
:105CD0002501686830B100972A88334620466968F4
:105CE000FFF751FF00BFD8E72DE9F84304460D4602
:105CF0009046994629462046FFF702FF08B1BDE8C5
:105D0000F883002008E004F5D86131F82010A9429A
:105D100000D1F4E7411CC8B294F8D0168142F2DCFD
:105D20002046FFF715FF064646B143462A46314650
:105D30002046CDF80090FFF765FFE0E794F8D00625
:105D4000042800DBDBE794F8D016481C84F8D00662
:105D500004F5D86000EB81073D8087F8028087F862
:105D6000039000BFCBE738B504460D4694F8D00643
:105D700000B938BD40F2C360005D009040F2C260DF
:105D8000035DB4F8C02629462046FFF73BFF0120FB
:105D90000CE0411E04F5D86202EB810204F5D861E3
:105DA00001EB800109681160411CC8B294F8D0165B
:105DB0008142EEDC94F8D006401E84F8D00600BF85
:105DC000D7E72DE9F04104460E461746984631467E
:105DD000204600F059FA05466DB994F824011828B8
:105DE00009DA94F82411481C84F8240101EB4101DC
:105DF000201D00EB81050DB9BDE8F0812E806F609C
:105E0000A5F8088000BFF7E72DE9F04186B0054608
:105E10000C4616461F463B4632463D21284608F0B2
:105E2000EBFC8046FF200290039004900590201226
:105E3000E1B2FF230222CDE900104146024800F002
:105E40001DFD06B0BDE8F08108570020F0B589B00F
:105E5000044694F8280100283DD0674801F058FA1C
:105E6000D4F8D811401A052835D3B4F8D211B4F8B3
:105E7000D001814230DB002084F8280194F8CE0361
:105E8000002873DD94F88002009094F87F32B4F813
:105E9000DC2104F5EF71204600F0A6F9012511E0A0
:105EA00053226A4304F5EE7303EB42016A1E532347
:105EB0005A4304F5EE7303EB4200A622F4F7B2FD59
:105EC000681CC5B294F8CE03A842E9DC94F8CE036E
:105ED000401E84F8CE0349E048A103C9CDE907017B
:105EE000002010E0B4F8D22102EB8202024491B209
:105EF000B4F8CE218A4204DD04F59672525C07ABF9
:105F00001A54411CC8B20528ECDB94F8D53194F83A
:105F1000D4213E21204608F06FFC05469DF8200064
:105F20009DF81F109DF81E209DF81D30CDE902320E
:105F3000CDE904109DF81C0094F8D211CDE90010B1
:105F40004FF49570005B03124FF49570025D294683
:105F50002C4800F093FC284801F0DAF9C4F8D80185
:105F6000B4F8D201401CA4F8D20100BF00263FE0E3
:105F7000C6EB061000EB461104F5747000EB8105CA
:105F8000287800B932E0B5F8A800002805DDB5F89A
:105F9000A80000EB8000400000E0C820074616483B
:105FA00001F0B6F9D5F8B410401AB8421DD995F8E9
:105FB000B800052813DA9C35287F401C28770E4846
:105FC00001F0A6F9A8610020A88128616B7D2A7DD7
:105FD00035F89A1C9C3D2046FFF716FF05E000208F
:105FE000287029462046FFF7BEFE00BF701CC6B2CF
:105FF000042EBDDB09B0F0BD90560020FFFFFFFF6F
:10600000FF000000085700202DE9F84F81460E469A
:1060100017461D46A878E97840EA012A2878022820
:1060200010D15146484600F02FF9044644B160684B
:1060300030B10097334652464846616800F0D4F8C4
:10604000BDE8F88F287801285ED151464846FFF711
:1060500057FD0446C4B95146484600F015F900B949
:10606000EEE74846FFF774FD044634B93B46324636
:1060700051464846FFF738FEE2E7A4F802A00120A7
:106080002070002084F8B8002879697940EA01205E
:10609000A4F8A600B4F8A600A02802DDA020A4F869
:1060A000A600A83434F8020C001D052190FBF1F085
:1060B00020800020606026726772144801F028F981
:1060C000E06034F8A809F0B95146484600F0DCF821
:1060D0008046B8F1000F0AD0D8F8040038B1B8F8FB
:1060E0000800002803DD0020D8F804100870D9F853
:1060F0000000401CC9F800000020207021464846DE
:10610000FFF731FE00BF00BF00BF99E790560020A7
:106110002DE9F04780460E463078717840EA012A32
:1061200051464046FFF7ECFC044614B1B4F8A80011
:1061300008B9BDE8F087B778B4F8A800B84201DD27
:10614000202F00DBF5E700200DE007EB8702111898
:10615000B4F8A6208A4200DC07E0C21CB35C221D12
:106160005354411CC8B20528EFDBA8340121B940C3
:10617000606808436060616814F8A82901209040B5
:10618000401E81422DD15146404600F07DF8054623
:10619000DDB16868C8B12889002816DDB4F8A6907A
:1061A0002889401E80B2484503DA2889401E1FFA1C
:1061B00080F972B64A46211D6868F4F733FC002066
:1061C000696801F8090062B600BFD8F80000401CF9
:1061D000C8F800000020207021464046FFF7C3FDAC
:1061E00000BF00BFA5E700002DE9F04786B00446D8
:1061F000884616461F46DDF838904046F4F7A8FB5F
:1062000085B2A02D00D9A0254FF4957006532A46DB
:10621000414604F59670F4F705FCA4F8CE51281D0C
:10622000052190FBF1F0A4F8D0010021A4F8D211CF
:1062300084F8D47184F8D591012084F8280110489D
:1062400001F066F8C4F8D8014B463A463D21204695
:1062500008F0D2FA8246FF2200232812E9B2CDE9E3
:106260000432CDE902103012F1B213460122CDE919
:1062700000105146034800F001FB06B0BDE8F0876E
:10628000905600200857002010B502460B4600210A
:106290000EE001EB4104101D30F82400984205D1B6
:1062A00001EB4104101D00EB840010BD481CC1B27D
:1062B00092F824018842ECDC0020F6E770B586B045
:1062C000044694F8A40108B1012100E0002140F245
:1062D000A510005D08B1012000E0002041EA800126
:1062E0004FF4D370005D08B1012000E0002041EAC6
:1062F000001140F2A710005D00F0010041EA801596
:10630000FBF7A6FB0646FF20029003900490059041
:1063100040F2A910005D08B1012100E000214FF416
:10632000D470005D08B1012000E000202B4601225E
:10633000CDE900013146024800F0A0FA06B070BD78
:106340000857002010B50446204600F00BF8204600
:10635000FFF7B4FF4FF4D27204F5D2712046F4F780
:1063600061FB10BD10B50446464890F8D10308B94A
:10637000012000E0002084F8A401424890F8D513E1
:1063800040F2A51001553F4890F8D6134FF4D37052
:1063900001553C4890F8D21340F2A71001553948F6
:1063A00090F8D4134FF4D4700155364890F8D313B5
:1063B00040F2A910015572B65022334904F5D57048
:1063C000F4F730FB04223049503104F5FD70F4F746
:1063D00001FC002184F8FE111F222B49B63904F577
:1063E0000070F4F7F7FB002184F81F120F222649F2
:1063F000963904F50870F4F7EDFB002184F82F12AC
:1064000017222149863904F50C70F4F7E3FB0021CB
:1064100084F847123F221D4904F51270F4F7DAFBA5
:10642000002184F887125F221849403104F5227058
:10643000F4F7D0FB002184F8E7121F221349A031A2
:1064400004F53A70F4F7C6FB002184F807131F2205
:106450000E49C03104F54270F4F7BCFB002184F80A
:1064600027131F220849D73904F54A70F4F7B2FB05
:10647000002184F8471362B6024890F8D71384F8D5
:10648000FF1110BD98060020140A00205D080020AE
:1064900010B504462046FFF765FF4FF4D27204F5AD
:1064A000D2712046F4F7BEFA10BD0000F8B50446DC
:1064B0002046FFF757FF0026207894F8A411884261
:1064C0001DD1617840F2A510005D814217D1A178FD
:1064D0004FF4D370005D814211D1E17840F2A710F2
:1064E000005D81420BD121794FF4D470005D81426F
:1064F00005D1617940F2A910005D814201D00120EF
:1065000000E000200746D7B12046FFF7D7FE01265E
:1065100094F8A401207040F2A510005D60704FF463
:10652000D370005DA07040F2A710005DE0704FF4E2
:10653000D470005D207140F2A910005D60710025EB
:1065400023E004F5D57202EB0511A21D02EB051044
:10655000F4F76CFBB8B1012607200090714830F8C1
:10656000152004F5D57000EB05117F236E48FFF769
:106570000AFB40B104F5D57202EB0511A21D02EB36
:106580000510F4F7B6F9681CC5B2052DD9DB04F582
:10659000FD7104F15600F4F749FB80B10126072094
:1065A0007F23022204F5FD7100905F48FFF7EBFAAC
:1065B00028B104F5FD7104F15600F4F79AF994F846
:1065C0005B1094F8FF01814204D0012694F8FF018A
:1065D00084F85B0004F5007104F15C00F4F726FB1D
:1065E00080B1012607207F23092204F50071009065
:1065F0004D48FFF7C8FA28B104F5007104F15C00BA
:10660000F4F777F904F5087104F17C00F4F70EFB58
:1066100080B1012607207F230A2204F5087100902B
:106620004148FFF7B0FA28B104F5087104F17C0085
:10663000F4F75FF904F50C7104F18C00F4F7F6FA45
:1066400080B1012607207F230B2204F50C710090F6
:106650003548FFF798FA28B104F50C7104F18C0065
:10666000F4F747F904F5127104F1A400F4F7DEFA27
:1066700080B1012607207F23082204F512710090C3
:106680002948FFF780FA28B104F5127104F1A4003B
:10669000F4F72FF904F5227104F1E400F4F7C6FAD7
:1066A00080B1012607207F23132204F52271009078
:1066B0001D48FFF768FA28B104F5227104F1E400DF
:1066C000F4F717F904F53A7104F5A270F4F7AEFA8D
:1066D00030B1012604F53A7104F5A270F4F709F916
:1066E00004F5427104F5B270F4F7A0FA30B1012656
:1066F00004F5427104F5B270F4F7FBF804F54A7141
:1067000004F5C270F4F792FA30B1012604F54A712B
:1067100004F5C270F4F7EDF816B1044805F0D6FFA1
:10672000F8BD0000FEF50308A84F002080010020FE
:1067300010B58AB0044609A8F5F76FFD01210920BC
:10674000F5F7F4FE2020ADF8240048208DF827004E
:1067500009A94648F5F7D6FC4020ADF824001820DA
:106760008DF8270003208DF8260009A93F48F5F78A
:10677000C9FC01213E48F5F7ABFB01210420F5F7E8
:10678000D5FE2020ADF8240010208DF82700012030
:106790008DF8260009A93748F5F7B4FC20213548C3
:1067A000F5F74CFD01218806F5F7A0FE3248F4F715
:1067B00023FF06A8F5F75FF800208DF81E000120E2
:1067C0008DF81F0000208DF8200001208DF8210099
:1067D00000208DF8220001208DF8230000208DF884
:1067E0001A008DF81B000A208DF81C0003208DF87C
:1067F0001D000620ADF8180006A91F48F4F7B1FFE8
:1068000000208DF812008DF8130001208DF814007F
:106810000020ADF80800ADF80A00ADF80C00ADF8A6
:106820000E00ADF8100001208DF8150002A8F4F755
:10683000E5FD012202211048F4F78AFF4FF4E060E1
:10684000F5F764FD40208DF8040000208DF8050068
:106850008DF8060001208DF8070001A8F5F71EFD50
:1068600079202076002060760AB010BD000C01402F
:106870000200114000080140006800402DE9F05F6F
:1068800004460D4616461F46DDE90CABDDE90A89D4
:106890001448007808B1BDE8F09F0020E06125624F
:1068A00000212520015504212420015508212620FE
:1068B00001552720065584F8287084F8298084F82B
:1068C0002A9084F82BA084F82CB00E9984F82D100F
:1068D0000F9984F82E1004F11C010348F5F753F8C2
:1068E00000BFD8E78D0100200068004031B1074AA1
:1068F000126822F01002054B1A6005E0034A126884
:1069000042F01002014B1A6070470000006800401E
:1069100070B505460C4621460848FEF7F4FE0748C8
:10692000007800B170BD21460548FCF7D3FE214632
:10693000044807F0A7FD00BFF4E700008D01002028
:10694000344A0020404D0020704700002DE9F047F8
:1069500004460D4690461E46DDF820900DB10020FD
:1069600001E01FFA88F0E0610DB1414600E000212E
:1069700021620021252001550DB1042100E00021F4
:10698000242001552620065500200AE0B04202DAF4
:1069900019F8002000E0002204F127010A54411CEC
:1069A000C8B20828F2DB04F11C010548F4F7EBFF3C
:1069B0000746042F02D00120BDE8F0870020FBE746
:1069C00000680040002101807047000010B50446B7
:1069D000644800F09DFC64490968401A63490988CD
:1069E00088427DD35F4800F093FC5F4908602078BF
:1069F000072809D2DFE800F004090E2B4157860072
:106A000004F10C0005F01BFCAAE004F10C0005F0F9
:106A100009FCA5E05648007880F001005449087050
:106A20004FF49670514908805148007810B94FF4DE
:106A30002F7008804E48007820B104F10C0005F05A
:106A4000F1FB03E004F10C0005F0F9FB88E096206F
:106A5000464908804648007880F0010044490870A3
:106A60000846007820B104F10C0005F0DBFB03E0E0
:106A700004F10C0005F0E3FB72E032203B49088092
:106A80003B48007880F001003949087008460078DA
:106A900020B104F10C0005F0C5FB03E004F10C008B
:106AA00005F0CDFB5CE03248007880F00100304911
:106AB00008704FF496702D4908802D480078A0B9D1
:106AC0002C480078401C2B490870084600780228A2
:106AD00007DB002008704FF47A702449088004E036
:106AE0003FE04FF49670214908802148007820B19A
:106AF00004F10C0005F096FB03E004F10C0005F036
:106B00009EFB2DE01A48007880F0010018490870BB
:106B10004FF49670154908801548007898B91548C3
:106B20000078401C1349087008460078032806DBEB
:106B3000002008704FF47A700C49088003E04FF48D
:106B400096700A4908800A48007820B104F10C00C8
:106B500005F068FB03E004F10C0005F070FB00BFDA
:106B600000BF10BD90560020540100205A010020A3
:106B7000580100205C01002010B5044610230422B7
:106B8000074904F10C0005F00FFB10235A020549D8
:106B9000201D05F009FB204600F006F810BD00009E
:106BA000000C01400010014010B58AB004460121DC
:106BB0000520F5F7BBFC01210220F5F797FC4020EA
:106BC000ADF8240018208DF8270003208DF826004A
:106BD00009A92148F5F796FA2F20ADF814000020F6
:106BE000ADF8160040F2E730ADF818000020ADF81F
:106BF0001A008DF81C008DF81D008DF81E008DF810
:106C00001F008DF820008DF821008DF8220005A9C5
:106C10001248F5F79DFE6020ADF804000120ADF8A4
:106C200006000020ADF80800ADF80A00ADF80C0031
:106C3000ADF80E00ADF81000ADF8120001A907483C
:106C4000F5F74CFE08210548F5F734FE012103480D
:106C5000F5F739FE0AB010BD0008014000040040FD
:106C600070B505460C46B4F57A7F01DB40F2E73497
:106C700021460248F5F718FF70BD000000040040EF
:106C8000F8B506460C463C4800F042FB3B49096813
:106C9000401A3B490988884200D2F8BD364800F0C6
:106CA00037FB364908603748007830B10020354955
:106CB00008703549087035490870642094FBF0F07D
:106CC000C0B28DF800000A2094FBF0F00A2190FB7E
:106CD000F1F201FB1200C0B28DF801000A2094FB12
:106CE000F0F100FB1140C0B28DF80200264909788E
:106CF0001DF801506806000E2449097888421DDD00
:106D00002249087800EBD0714910A0EB410109B984
:106D1000012100E000210F4617B140F2E73000E00A
:106D2000002001463046FFF79BFF18480078401CC2
:106D3000164908709620124908801BE00021304651
:106D4000FFF78EFF10480078401C0F4908700020A4
:106D50000E4908700C480078032807DB0120094918
:106D600008704FF4FA600649088003E04FF4FA70A7
:106D70000349088000BF90E7905600206C01002076
:106D800070010020740100207201002073010020B6
:106D90002DE9F0410646301D05F051FA002700208C
:106DA00007E04C49095C11B14A490F5C03E0411C02
:106DB000C8B20828F5DB2FB139463046FFF760FF2F
:106DC000BDE8F0814348D13890F8604090F86150B8
:106DD00074B16DB140F2E7313046FFF741FF00205A
:106DE0003D4908703D49088001203D4908706EE02A
:106DF0002DB33C4800F08CFA3B490968401AB0F5C5
:106E0000FA6F15D3374800F083FA374908603248E3
:106E1000007880F00100304908700846007810B111
:106E200040F2E73000E0002001463046FFF718FF4F
:106E300000202A49088001202949087047E0CCB386
:106E4000284800F065FA28490968401A0A282DD315
:106E5000244800F05DFA24490860214890F90000B8
:106E600000EBC0001D490988084400B21B49088096
:106E70000846B0F9000040F2E731884205DB0846D9
:106E800016490880FF20164908701448B0F9000020
:106E9000002805DC002011490880012010490870F5
:106EA0000E48008881B23046FFF7DAFE00200A491A
:106EB00008700CE0FFE700213046FFF7D1FE00200C
:106EC000054908700549088001200549087000BF80
:106ED00076E70000054B00206401002066010020D9
:106EE00068010020905600206001002070B5044623
:106EF00000250FE0201D05F095F9C821074800F096
:106F0000F3F9201D05F09BF9C821044800F0ECF9C5
:106F1000681CC5B2032DEDDB70BD0000905600204B
:106F200010B504462046FFF751FD2046FFF730FF1D
:106F300010BD000030B585B00446002302221D4973
:106F4000201D05F031F901210803F5F7BFFA684665
:106F5000F4F732FA002000908DF804008DF8050057
:106F60004FF4602002900020039001208DF8100063
:106F700069461148F4F79CF90723012202210E48C3
:106F8000F4F7B8F801210C48F4F735F901210A4863
:106F9000F4F714F90848F4F718FA002500E06D1C1E
:106FA0000648854204D20448F4F75EF90128F6D079
:106FB00005B030BD000801400008024040420F000B
:106FC00070B52DED048B05463B4800F0A1F906464F
:106FD0003A480068301AB0F57A7F02D2BDEC048BD3
:106FE00070BD36480660284600F076F80446B4F5D1
:106FF0007F6F02DB00202870F0E700EE104AB8EE49
:10700000400ADFED2F0A60EE200A40F6FF70001BF9
:1070100000EE100AB8EEC00AC0EE808A9FED280A82
:10702000C8EE800AF0EE609AB0EE690A07F002FC42
:10703000DFED240A80EE201A9FED230A31EE009A3C
:10704000F7EE000A80EE890ADFED200A30EE608A52
:107050001F48007830B91F4880ED008A01201C4984
:1070600008700CE01B4890ED000A78EE400A90EDA5
:10707000000AB5EE001A00EE810A80ED000A1548FC
:1070800090ED000AB5EEC00AF1EE10FA02DBB6EEA2
:10709000000A01E0BEEE000A0E48D0ED000A30EE14
:1070A000200ABDEEC00A10EE100A40B2687001203E
:1070B000287000BF92E70000905600208401002055
:1070C00000401C4600E076450FCF5B3B339388437E
:1070D0008C0100208801002070B5064601210C4873
:1070E000F4F794F8002400E0641C0A48844205D2B6
:1070F00002210748F4F7C9F80028F5D00448F4F74E
:10710000C0F8054602210248F3F7CAFF284670BDC1
:1071100000080240A086010070B5044601221A4909
:10712000204600F041F8204600F034F862B6F5F74A
:10713000FBFA164800684FF47A71B0FBF1F5681E4F
:10714000B0F1807F00D30FE0681E4FF0E02148616E
:107150000F214FF0FF30F8F7DBFD00204FF0E0216A
:1071600088610720086100BF0021481EF8F7D0FDA4
:1071700001210846F5F7DAF901210548F4F7A8FEE0
:1071800000206060A06170BD006CDC02D4020020B1
:107190000002300010B504464FF428314FF0006073
:1071A000F5F7BEF810BD00002DE9F05F8A46904665
:1071B000B8F1000F01D1002001E04FF440308346C8
:1071C000F5F754F9B8F1010F0BD14FF48030F5F712
:1071D000E9F8F5F76FFA8146B9F1010F01D000BF68
:1071E000FEE73C49AAEB01008A452FD00CDC3A4867
:1071F0005044A0B139490844B8B10844D8B138491D
:10720000084400283FD11BE03349084420B33549E6
:10721000084438B349100844002834D12AE0002536
:107220004FF48024002600272FE001254FF4E014BE
:10723000AE02002729E001252C05A612002724E034
:1072400001254FF4A014AE0200271EE002254FF4E2
:10725000E0146E02002718E002254FF42014E61215
:107260006F0212E003254FF460144FF4A0664FF450
:1072700080670AE004254FF4803B4FF4E0144FF49C
:10728000A0662F0201E000BFFEE700BF2846F4F72A
:10729000F3FD0020F5F77AF83846F5F7B5F83046F3
:1072A000F5F7A6F821465846F5F7BAF80120F5F7A4
:1072B0004DF900BF3920F5F7D7F90028FAD00220A0
:1072C000F5F7BEF800BFF5F7EDF90828FBD1BDE8EA
:1072D000F09F000000A24A0400CA91FE00E548FFAA
:1072E00000EE85FF00B817FE10B504460A460748B1
:1072F00000F00EF8034606E0044800F009F8C01A52
:10730000904200D900E0F7E700BF10BD9056002082
:10731000014608697047000000B502460A48FFF7B9
:10732000F7FF0A490968401AB0F57A7F08D3064882
:10733000FFF7EEFF054908609069506000209061FA
:107340009069401C906100BD905600207C01002097
:107350000169491C016170477047000010B504467F
:1073600094F9160A062858D2DFE800F003111F2D01
:107370003B494FF496722FA1204601F07FFC28B1C3
:1073800094F8160A401C40B284F8160A50E04FF4F4
:10739000FA622BA1204601F071FC28B194F8160A7C
:1073A000401C40B284F8160A42E04FF4967227A1BE
:1073B000204601F063FC28B194F8160A401C40B244
:1073C00084F8160A34E04FF4FA6224A1204601F052
:1073D00055FC28B194F8160A401C40B284F8160AED
:1073E00026E04FF4967220A1204601F047FC28B118
:1073F00094F8160A401C40B284F8160A18E040F6C9
:10740000B8321DA1204601F039FC28B194F8160AC3
:10741000401C40B284F8160A0AE01A48FFF778FFC9
:1074200040F6B84108510321204603F04BF900BF54
:1074300000BF10BD41542B435245473D320D0A0059
:1074400041542B435245473F0D0A000041542B4302
:10745000455245473D320D0A0000000041542B4380
:10746000455245473F0D0A0041542B434F50533D71
:10747000332C320D0A00000041542B434F50533F30
:107480000D0A00009056002010B50446012184F832
:10749000D1134FF4E13204F5787005F0D1FE4823A2
:1074A00008220F4904F6FC1004F07EFE102302228D
:1074B0000C4904F6042004F077FE04F6042004F0DE
:1074C000BEFE10238022074904F6F41004F06CFE7F
:1074D00004F6F41004F0B3FE204601F0F1FA10BDFA
:1074E00000080140000C01402DE9F04704464FF030
:1074F0008F0894F9160A0B2874D2DFE800F00614FE
:1075000022303E74BFCDDBE9F80041F28832C4A1DD
:10751000204601F0B3FB28B194F8160A401C40B293
:1075200084F8160A79E140F6B832C2A1204601F08B
:10753000A5FB28B194F8160A401C40B284F8160A3C
:107540006BE140F6B832BFA1204601F097FB28B1AD
:1075500094F8160A401C40B284F8160A5DE141F224
:107560008832BCA1204601F089FB28B194F8160AA4
:10757000401C40B284F8160A4FE10025B9A605E088
:1075800016F8012B28466D1CBB490A543078002898
:10759000F6D104F2E62005E010F8013B29466D1C07
:1075A000B54A5354017809B18F2DF5DB22222846C4
:1075B0006D1CB1490A540D2228466D1C0A540A223A
:1075C00028466D1C0A540020485540F6B832204623
:1075D00001F054FB28B194F8160A401C40B284F81C
:1075E000160A1AE101E100254FF02F0A04F2E62005
:1075F00005E010F8013B29466D1CA04A5354017860
:1076000009B12F2DF5DB0FF27829484605E010F877
:10761000013B29466D1C994A5354017809B12F2D1D
:10762000F5DB00209549485500269AA705E017F894
:10763000012B3046761C90490A5438780028F6D140
:10764000AAB231468C48F5F73DFB06460D2230467E
:10765000761C89490A540A223046761C0A540020B6
:1076600088554FF4FA62204601F008FB28B194F8DF
:10767000160A401C40B284F8160ACEE040F6B83232
:107680007E49204601F0FAFA28B194F8160A401C07
:1076900040B284F8160AC0E04FF4FA6283A1204693
:1076A00001F0ECFA28B194F8160A401C40B284F8B4
:1076B000160AB2E040F6B83283A1204601F0DEFAA5
:1076C00028B194F8160A401C40B284F8160AA4E0C7
:1076D00000257EA705E017F8012B28466D1C66499A
:1076E0000A5438780028F6D104F2C62006E05CE09F
:1076F00010F8013B29466D1C5F4A5354017809B1CB
:107700008F2DF5DB78A605E016F8012B28466D1CB9
:1077100059490A5430780028F6D104F2E62005E0F1
:1077200010F8013B29466D1C534A5354017809B1A6
:107730008F2DF5DB222228466D1C4F490A542C223E
:1077400028466D1C0A54222228466D1C0A5404F255
:10775000F62005E010F8013B29466D1C464A5354BB
:10776000017809B18F2DF5DB222228466D1C424994
:107770000A540D2228466D1C0A540A2228466D1C04
:107780000A540020485540F6B832204601F076FAF7
:1077900050B15948FFF7BCFD5849086094F8160AE3
:1077A000401C40B284F8160A37E0D4F80C0A00F402
:1077B000803030B194F8160A401C40B284F8160AA2
:1077C00012E04D48FFF7A4FD4C490968401A44F601
:1077D0002061884208D3FF2084F8D80C94F8160A58
:1077E000401C40B284F8160A17E094F8D80C60B92F
:1077F000012084F8C50242A224A1204600F0BAF874
:107800000E21204602F05EFF06E0002184F8091DEB
:107810001021204602F056FF00BF00BFBDE8F087F0
:1078200041542B434D515454444953433D302C361D
:10783000300D0A0041542B434D51545452454C3D98
:10784000300D0A0041542B434D51545453544F5062
:107850000D0A000041542B434D515454535441528E
:10786000540D0A0041542B434D515454414343514C
:107870003D302C22000000001F460020AF460020B3
:107880002F636D642F61637475616C2F6F6E6C690B
:107890006E65000041542B434D51545457494C4C94
:1078A000544F5049433D302C0000000041542B43BD
:1078B0004D51545457494C4C4D53473D302C312C6D
:1078C000312C310D0A0000003000000041542B43E0
:1078D0004D515454434F4E4E4543543D302C227429
:1078E00063703A2F2F0000003A31383833222C329F
:1078F000352C312C22000000905600206000002022
:107900003100000010B504461248007850B1002044
:10791000104908701048FFF7FBFC1049086010A0E0
:10792000FAF7DEF994F80C0A00F0080048B90A48A2
:10793000FFF7EEFC09490968401A42F6E061884207
:1079400006D30120034908700221204602F0BAFE46
:1079500010BD00004C000020905600204800002080
:107960004D6F64656D3A207761697420726561645A
:10797000790D0A002DE9F04104460F461646002510
:1079800037E005EB4500C0EB851104F60C50405C78
:1079900068B305EB4501C1EB851204F60C51501894
:1079A0003946F3F743F910BB05EB4501C1EB8512EE
:1079B00004F60C51114401F1180023223146F3F76B
:1079C00009F9002105EB4500C0EB851204F60C50C7
:1079D000104480F83B10012105EB4500C0EB8512F7
:1079E00004F60C50104480F83C10BDE8F081681C8F
:1079F000C5B2602DC5DB002540E005EB4500C0EBBE
:107A0000851104F60C50405CA8BB05EB4501C1EBA9
:107A1000851204F60C51501817223946F3F7DAF89C
:107A2000002105EB4500C0EB851204F60C50104414
:107A3000C17505EB4501C1EB851204F60C511144EB
:107A400001F1180023223146F3F7C4F8002105EBB9
:107A50004500C0EB851204F60C50104480F83B1032
:107A6000012105EB4500C0EB851204F60C501044D3
:107A700080F83C10B9E7FFE7681CC5B2602DBCDB9D
:107A800000BFB2E770B504460D461722294604F53B
:107A90004F70F3F79FF8002140F25330015505A0D5
:107AA000FAF7F7F904F54F70FAF7F3F906A0FAF7C9
:107AB000F0F970BD5B4F54415D2072656A65637477
:107AC00065643A20000000000D0A000070B504460D
:107AD00043F6982209A1204601F0D0F868B194F845
:107AE0000A5D002184F80A1D0DB10A2000E0032080
:107AF0000146204602F0E6FD00BF70BD41542B4315
:107B0000474143543D302C310D0A00002DE9F84324
:107B1000044694F9160A06287CD2DFE800F0032513
:107B200033A2CDE740F2C620005D40B91F22B5A1C7
:107B300004F2C620F3F74EF8002184F8E512102174
:107B400043F2E4402044401CF9F75AFC182143F268
:107B5000E44020441130F7F7F1FF94F8160A401C76
:107B600040B284F8160A4AE14FF4FA62A9A120460D
:107B700001F084F828B194F8160A401C40B284F849
:107B8000160A3CE100250FF29C2805E018F8012BAD
:107B900028466D1CAA490A5498F800000028F5D11F
:107BA00004F2C62005E010F8013B29466D1CA44AEA
:107BB0005354017809B1962DF5DBA2A605E016F81D
:107BC000012B28466D1C9E490A54307808B1962D29
:107BD000F5DB43F2E4412144481C05E010F8013B89
:107BE00029466D1C964A5354017809B1AA2DF5DB3C
:107BF0009BA705E017F8012B28466D1C90490A54F5
:107C0000387808B1AF2DF5DB43F2E441214401F1AE
:107C1000110006E078E010F8013B29466D1C884A07
:107C20005354017809B1B92DF5DB222228466D1C89
:107C300083490A540D2228466D1C0A540A222846FC
:107C40006D1C0A54002048554FF4FA72204601F08A
:107C500015F828B194F8160A401C40B284F8160AA8
:107C6000CDE040F6B83281A1204601F007F810B30C
:107C700094F80C0A00F0020060B1D4F80C0A20F469
:107C80000040C4F80C0A0020A4F8C80C052084F8B1
:107C9000160A10E0D4F80C0A20F40040C4F80C0ACC
:107CA0007748FFF735FB7749086094F8160A401CBF
:107CB00040B284F8160AA2E0B4F80C0A00F40040BE
:107CC00018B1052084F8160A0FE06D48FFF720FB75
:107CD0006C490968401A44F62061884205D30020A7
:107CE000A4F8C80C052084F8160A88E04FF4FA625C
:107CF00065A1204600F0C2FF28B194F8160A401C86
:107D000040B284F8160A7AE0B4F8C80CC8282FD11B
:107D10000F2243F2E4402118491C04F2E620F2F756
:107D200059FF002184F8F512172243F2E44021188C
:107D3000113104F2F620F2F74DFF002184F80D1303
:107D4000204600F027FF204600F052FE022084F873
:107D5000740351A0F9F7C4FF04F2E620F9F7C0FF5D
:107D600053A0F9F7BDFF0321204602F0ABFC45E02C
:107D7000B4F8C80C40F29911884224D143F2E4408F
:107D8000204490F8290003281DDA43F2E4402044FF
:107D900090F82900401C43F2E441214481F8290075
:107DA000102143F2E4402044401CF9F729FB41A094
:107DB000F9F796FF0020C4F80C0A84F8140A012091
:107DC00084F8160A1AE0032084F8740342A0F9F735
:107DD00087FFB4F8C82C00216846F4F773FF054606
:107DE00000200DF805006846F9F77AFF30A0F9F792
:107DF00077FF0321204602F065FC00BF00BF00BFF3
:107E0000BDE8F8836D756C7469686F742E6F6E6C65
:107E1000696E650041542B48545450494E49540DE5
:107E20000A00000041542B48545450504152413DE7
:107E30002255524C222C2268747470733A2F2F00F2
:107E40002C4100202F6170692F726567697374651A
:107E5000722D6465766963653F6C6F67696E3D007E
:107E60002670617373776F72643D000041542B4834
:107E7000545450414354494F4E3D300D0A000000C8
:107E8000905600203400002041542B485454505444
:107E900045524D0D0A0000005B4155544F52454775
:107EA0005D20646F6E652C206C6F67696E3D00000D
:107EB0000D0A00005B4155544F5245475D206C6FE1
:107EC00067696E2074616B656E2C207265747279BF
:107ED000696E670D0A0000005B4155544F524547DB
:107EE0005D206661696C65642C20687474702E7303
:107EF00074617475733D00002DE9F843044694F9EC
:107F0000160A062872D2DFE800F003115684C1FD7C
:107F10004FF4FA62F1A1204600F0B0FE28B194F8C7
:107F2000160A401C40B284F8160AD3E1EFA0009074
:107F300042F2EC302044027A42F2EC30231809334A
:107F400004F2C621EB48F5F7AFFA0025EAA605E0F2
:107F500016F8012B28466D1CEC490A54307800288D
:107F6000F6D1E44805E010F8013B29466D1CE74ACC
:107F70005354017809B1B92DF5DB222228466D1C36
:107F8000E2490A540D2228466D1C0A540A22294649
:107F90006D1CDE4842540020DC4948554FF4FA720B
:107FA000204600F06BFE28B194F8160A401C40B23F
:107FB00084F8160A8EE140F6B832D5A1204600F0CA
:107FC0005DFE28B394F80C0A00F0020078B100229C
:107FD000D4A10220F4F730FF012042F2EC31214419
:107FE00081F8F300062084F8160A11E058E1D4F86D
:107FF0000C0A20F40040C4F80C0AD248FFF788F9B4
:10800000D149086094F8160A401C40B284F8160A58
:1080100060E1B4F80C0A00F40040F0B1B4F8C80C08
:10802000C82803D140F6CA40005B78B9B4F8C82C20
:10803000C6A10320F4F700FF012042F2EC312144F5
:1080400081F8F300062084F8160A1EE094F8160A58
:10805000401C40B284F8160A17E0BA48FFF758F9F6
:10806000B9490968401A44F6206188420DD30022BC
:10807000BBA10320F4F7E0FE012042F2EC312144E1
:1080800081F8F300062084F8160A23E140F6CA407E
:10809000075B5F2F00D95F27B7480780B748C4F850
:1080A000CC0C5F214FF44D6001530021801C015323
:1080B000801C01530025B2A605E016F8012B2846C6
:1080C0006D1C92490A5430780028F6D13A46294668
:1080D0008E48F4F7F7FD05460D2228466D1C8B49A6
:1080E0000A540A2228466D1C0A540020485540F6BE
:1080F000B832204600F0C2FD48B394F80C0A00F0F4
:10810000020000E024E088B10020C4F8CC0C00227A
:108110009FA10420F4F790FE012042F2EC312144AB
:1081200081F8F300062084F8160AD3E0D4F80C0A8C
:1081300020F40020C4F80C0A8248FFF7E9F88249CD
:10814000086094F8160A401C40B284F8160AC1E090
:10815000D4F80C0A00F40020002873D00020C4F8E2
:10816000CC0C40F6D240005B83490988884210D08D
:1081700040F6D240025B8DA10520F4F75DFE0120A0
:1081800042F2EC31214481F8F300062084F8160A0B
:10819000A0E000207949784A1288885400260F46CA
:1081A0000FF2202841463846F2F765FB054600BF2E
:1081B000DDB305F10A000178302906D1417878292C
:1081C00002D04178582900D1801C0022002322E0EF
:1081D0000778302F06DB0778392F03DC0778303F2C
:1081E000F9B214E00778612F06DB0778662F03DC0D
:1081F0000778573FF9B20AE00778412F06DB077886
:10820000462F03DC0778373FF9B200E006E041EA89
:1082100002120123401C01780029D9D100BF1BB1F3
:108220004FF44E710A51012600BF66B9002268A1C1
:108230000520F4F701FE012042F2EC31214481F8DF
:10824000F3000CE00FE042F2EC302044017A84F8B5
:1082500034134FF44E70015963A0F5F783FE0620E6
:1082600084F8160A1BE03748FFF752F836490968C8
:10827000401AB0F5FA5F12D30020C4F8CC0C40F6D7
:10828000D240025B5DA10520F4F7D6FD012042F249
:10829000EC31214481F8F300062084F8160A19E035
:1082A0004FF4FA625CA1204600F0E8FC88B142F28B
:1082B000EC30204490F8F30038B1032084F8100328
:1082C0000321204602F0FEF903E01221204602F0CD
:1082D000F9F900BF00BFBDE8F883000041542B4806
:1082E000545450494E49540D0A00000070726F6694
:1082F000696C65002C40002041542B485454505068
:108300004152413D2255524C222C22006C3F00200C
:1083100041542B48545450414354494F4E3D300D25
:108320000A00000070726F66696C652D6874747065
:10833000616374696F6E2D636D642D6572726F7207
:1083400000000000905600203000002070726F6620
:10835000696C652D687474702D7374617475730025
:1083600070726F66696C652D687474702D74696DB8
:10837000656F7574000000002E000020CC400020C6
:1083800041542B48545450524541443D302C000038
:1083900070726F66696C652D687474707265616463
:1083A0002D636D642D6572726F72000070726F665E
:1083B000696C652D6C656E2D6D69736D6174636894
:1083C00000000000666C617368426173653D0000E7
:1083D00070726F66696C652D70617273652D666170
:1083E000696C65640000000070726F66696C6520DE
:1083F000666C6173684261736500000070726F663D
:10840000696C652D68747470726561642D74696D32
:10841000656F75740000000041542B48545450544B
:1084200045524D0D0A0000002DE9F047044694F82E
:10843000160A28B994F8C50210B9032084F8160A60
:1084400094F9160A09287CD2DFE800F005505E6C2A
:108450007F9CB5C3D10000254FF03F0904F2E62010
:1084600005E010F8013B29466D1C714A5354017810
:1084700009B13F2DF5DB0FF2BC18404605E010F8BE
:10848000013B29466D1C6A4A5354017809B13F2DBE
:10849000F5DB00206649485500266BA705E017F874
:1084A000012B3046761C6D490A5438780028F6D1E5
:1084B000AAB231466948F4F705FC06460D2230465B
:1084C000761C66490A540A223046761C0A5400205B
:1084D00088554FF4FA62204600F0D0FB28B194F89A
:1084E000160A401C40B284F8160A9EE040F6B832E4
:1084F0004F49204600F0C2FB28B194F8160A401CF0
:1085000040B284F8160A90E04FF4FA6254A1204673
:1085100000F0B4FB28B194F8160A401C40B284F86D
:10852000160A82E094F8C50230B140F6B83252A182
:10853000204600F0A3FB38B194F8160A401C40B264
:1085400000E062E084F8160A6FE094F8C50230B9E2
:1085500094F8160A401C40B284F8160A65E040F60A
:10856000B83246A1204600F089FB50B14948FEF7D9
:10857000CFFE4949086094F8160A401C40B284F8BE
:10858000160A52E094F8C50270B1D4F80C0A00F44F
:10859000803048B93F48FEF7BBFE3F490968401AA2
:1085A00043F69821884205D394F8160A401C40B23D
:1085B00084F8160A39E041F2883238A1204600F0EA
:1085C0005DFB28B194F8160A401C40B284F8160AE4
:1085D0002BE040F6B83236A1204600F04FFB28B120
:1085E00094F8160A401C40B284F8160A1DE040F6C2
:1085F000B83233A1204600F041FB28B194F8160AA6
:10860000401C40B284F8160A0FE0002084F8C5022E
:1086100094F8090D20B10C21204602F053F803E034
:108620000321204602F04EF800BF00BFBDE8F087EE
:108630008F4700202F636D642F61637475616C2F09
:108640006F6E6C696E65000041542B434D5154545C
:10865000544F5049433D302C00000000CF470020CC
:1086600041542B434D5154545041594C4F41443D7A
:10867000302C310D0A0000003000000041542B4323
:108680004D5154545055423D302C312C36302C3104
:108690000D0A0000905600207400002041542B4326
:1086A0004D515454444953433D302C36300D0A004B
:1086B00041542B434D51545452454C3D300D0A000A
:1086C00041542B434D51545453544F500D0A000004
:1086D00070B5044694F9160A062850D2DFE800F077
:1086E00003505E96BBDB40F6B83283A1204600F013
:1086F000C5FA002843D0B4F80C0A00F4804058B101
:1087000040F2B510005D38B17FA104F2B510F2F768
:108710008DFA08B1012000E0002005466DB9002067
:1087200084F8B4017A48FEF7F3FD40F6BC410851E5
:108730000321204601F0C6FF70BD40F2C510005D68
:10874000B0B994F8B40128B97148FEF7E1FD4FF4CF
:108750004C610851012084F8B4016D48FEF7D8FD42
:1087600040F6BC4108510321204601F0ABFFE3E78E
:1087700094F8160A401C40B284F8160A00BFB7E00D
:108780004FF4FA6263A1204600F078FA28B194F819
:10879000160A401C40B284F8160AA9E0002561A61A
:1087A00005E016F8012B28466D1C63490A54307801
:1087B0000028F6D100BF07E004F2C5110B5C294682
:1087C0006D1C5D4A5354401C04F2C511095C09B18B
:1087D0005A2DF1DB222228466D1C57490A540D22DE
:1087E00028466D1C0A540A2228466D1C0A54002093
:1087F00048554FF4FA72204600F040FA28B194F838
:10880000160A401C40B284F8160A71E040F6B832ED
:108810004AA1204600F032FAE0B194F80C0A00F0C8
:10882000020030B10020A4F8C80C052084F8160A14
:1088300010E0D4F80C0A20F40040C4F80C0A3448C4
:10884000FEF766FD4249086094F8160A401C40B2E3
:1088500084F8160A4CE0B4F80C0A00F4004030B179
:1088600094F8160A401C40B284F8160A12E0284810
:10887000FEF74EFD36490968401A44F620618842E9
:1088800008D30020A4F8C80C94F8160A401C40B283
:1088900084F8160A2CE04FF4FA622EA1204600F06C
:1088A000EDF920B394F8B451B4F8C80C002806DDF3
:1088B000B4F8C80CB0F5C87F01DA012000E0002050
:1088C00084F8B40145B994F8B40128B11048FEF712
:1088D0001FFD4FF44C6108510D48FEF719FD40F69D
:1088E000BC4108510321204601F0ECFE00BF00BF4F
:1088F00000BF00BF20E7000041542B4347504144D4
:1089000044523D310D0A0000302E302E302E300002
:108910009056002041542B48545450494E49540D10
:108920000A00000041542B48545450504152413DDC
:108930002255524C222C2200BF45002041542B4886
:10894000545450414354494F4E3D300D0A000000ED
:108950005C00002041542B485454505445524D0D56
:108960000A00000010B5044694F9160A10B1012857
:1089700028D10DE04FF4FA7213A1204600F07EF9E1
:1089800028B194F8160A401C40B284F8160A19E07F
:1089900041F288320FA1204600F070F988B1D4F876
:1089A0000C0A00F4003010B1012184F8921C0F4829
:1089B000FEF7AEFC40F6C44108510321204601F009
:1089C00081FE00BF00BF10BD41542B434D47463DC3
:1089D000310D0A0041542B434D474C3D2252454333
:1089E00020554E52454144220D0A00009056002069
:1089F0002DE9F04385B0064611216846F7F79EF849
:108A00006A4627A13046FEF7B5FF06F20525002489
:108A10004FF05F090FF2940804E018F8012B20468C
:108A2000641C2A5498F800000028F6D106F2C620EB
:108A300004E010F8013B2146641C6B54017809B135
:108A40005F2CF6DB1CA704E017F8012B2046641C02
:108A50002A54387808B15F2CF6DB06F2E62004E0F1
:108A600010F8013B2146641C6B54017809B15F2C5E
:108A7000F6DB5F2C03DA2F222046641C2A5468465A
:108A800004E010F8013B2146641C6B54017809B1E5
:108A90005F2CF6DB0020285505B0BDE8F083000010
:108AA0006C696E6B546F6B656E0000006874747057
:108AB000733A2F2F000000002F676F2F0000000077
:108AC0001CB5044604F54E7001AB04F54C7204F27B
:108AD00017310090234803F033FF40F21631085558
:108AE0000846005D50B9002140F2173001554FF49F
:108AF0004C7001514FF44E7001511FE0002104F2FF
:108B000017300EE00278302A02DB0278392A01DDC4
:108B100000210BE00278303A01EB810302EB4301C4
:108B2000401C027812B102782E2AEBD1FF2901D81D
:108B3000C8B200E0002084F8340300BF04F55C7282
:108B400004F25531074804F0A3F884F8540394F86C
:108B5000540330B9002140F2553001554FF45C7098
:108B600001511CBD8001002010B50446012143F2D3
:108B7000E440015501A0F9F7B3F810BD5B4155542D
:108B80004F5245475D207265717565737465640D5C
:108B90000A000000012280F80B2D704702460021D8
:108BA0000DE001EB4100C0EB811302F60C501844BC
:108BB00090F83C0008B101207047481CC1B2602900
:108BC000EFDB0020F8E7000070B506460D460024F4
:108BD00013E004EB840101EBC4010A4A881829461A
:108BE000F8F762FC38B104EB840000EBC4000549DF
:108BF0000844007970BD601CC4B2092CE9DB002078
:108C0000F8E7000008F603082DE9F04107460E4694
:108C1000154600242BE004EB840101EBC401164A45
:108C200088183146F8F740FC00B91EE000210EE03C
:108C300004EB840000EBC4000F4A1044401D405C6C
:108C4000A84202D10120BDE8F081481CC1B2082928
:108C500009DA04EB840000EBC400074A1044401D0D
:108C6000405C0028E4D10020EDE7601CC4B2092C70
:108C7000D1DB0020E7E7000008F603082DE9F0410A
:108C800004460E46174641F20555304605E005EB11
:108C90004511027881EA0205401C01780029F6D1CD
:108CA00018480068854210D0164805600020C4F8B6
:108CB0000C0A1548FEF72CFB144908603146204683
:108CC00001F05EFD0020BDE8F08140F60301D4F81C
:108CD0000C0A084008B10120F5E70B48FEF718FB25
:108CE0000A490968401AB8420AD3D4F80C0A40F07D
:108CF0000400C4F80C0A0020024908600120E2E7E1
:108D00000020E0E738000020905600203C000020C2
:108D10002DE9F84F044642F2EC302044007A7928DD
:108D200001D1012000E0002006460EB1412000E004
:108D30006820804694F9160A1A2828D2DFE810F035
:108D40001A0028006B009800D5004001DE01A20146
:108D500027002700C002F70255039703F6036804B3
:108D60002E056B059A052700F80527002700270028
:108D70002700ED054FF4FA62FEA12046FFF77EFFC3
:108D800028B194F8160A401C40B284F8160AA1E2F1
:108D9000FCA0009042F2EC302044027A42F2EC3027
:108DA0002318093304F2C621FA48F4F77DFB0025A5
:108DB000F9A705E017F8012B28466D1CFB490A545A
:108DC00038780028F6D1F34805E010F8013B294631
:108DD0006D1CF64A5354017809B1B92DF5DB2222F6
:108DE00028466D1CF1490A540D2228466D1C0A5470
:108DF0000A2228466D1C0A54002048554FF4FA7286
:108E00002046FFF73BFF28B194F8160A401C40B2F9
:108E100084F8160ABBE740F6B832E5A12046FFF712
:108E20002DFF20B394F80C0A00F0020070B100226C
:108E3000E4A10220F4F700F8012042F2EC312144D1
:108E400081F8F300142084F8160A10E0D4F80C0A14
:108E500020F40040C4F80C0AE148FEF759FAE14951
:108E6000086094F8160A401C40B284F8160A8EE78F
:108E7000B4F80C0A00F40040F0B1B4F8C80CC828EB
:108E800003D140F6CA40005B78B9B4F8C82CD6A12B
:108E90000320F3F7D1FF012042F2EC31214481F8A5
:108EA000F300142084F8160A1EE094F8160A401CF9
:108EB00040B284F8160A17E0C948FEF729FAC949F2
:108EC0000968401A44F6206188420DD30022CAA1E5
:108ED0000320F3F7B1FF012042F2EC31214481F885
:108EE000F300142084F8160A51E740F6CA4030F81F
:108EF0000490B9F1D00F01D94FF0D00942F2EC3013
:108F0000204400F58050A0F8F49042F2EC30204468
:108F10002230C4F8CC0CD0214FF44D600153002115
:108F2000801C0153801C01530025B8A705E017F8E9
:108F3000012B28466D1C9D490A5438780028F6D12B
:108F40004A4629469948F3F7BDFE05460D222846B4
:108F50006D1C96490A540A2228466D1C0A540020AA
:108F6000485540F6B8322046FFF788FE38B394F8EB
:108F70000C0A00F0020088B10020C4F8CC0C0022DA
:108F8000A6A10420F3F758FF012042F2EC3121445E
:108F900081F8F300142084F8160AF8E6D4F80C0AD5
:108FA00020F40020C4F80C0A8D48FEF7B1F98D4971
:108FB000086094F8160A401C40B284F8160AE6E6E7
:108FC00042F2EC30204400F58050B0F8F450D4F870
:108FD0000C0A00F4002098B30020C4F8CC0C40F632
:108FE000D240005BA84210D040F6D240025B91A173
:108FF0000520F3F721FF012042F2EC31214481F8F2
:10900000F300142084F8160AC1E640F6D241085B4A
:1090100000EBD07149104FF4457211531046005BBC
:10902000404501DDA4F81483002140F212300153C1
:10903000801C015B84A0F4F795FF16B1072001E0C6
:1090400003E0062084F8160A1BE06548FEF760F985
:1090500064490968401AB0F5FA5F12D30020C4F8D9
:10906000CC0C40F6D240025B7BA10520F3F7E4FE76
:10907000012042F2EC31214481F8F300142084F8FD
:10908000160A84E67A48008810B97AA0F3F72CFF14
:1090900077480188804803F0D3FD90B9744802886E
:1090A0007EA10720F3F7C8FE012042F2EC312144F3
:1090B00081F8F30000206E490880142084F8160A15
:1090C00065E66B480088401C80B2694908804128E9
:1090D00013DB0020088076A0009042F2EC302044A0
:1090E000027A42F2EC302318093304F2C6212948EF
:1090F000F4F7DAF90A2084F8160A48E60127002571
:1091000016E026B12946644803F08EFD03E02946A7
:10911000614803F0B5FC814642F2EC302044223035
:1091200030F81500484501D0002706E0681C85B2DC
:109130004FF44570005BA842E3DC47B14FF4457043
:10914000015B801E0153142084F8160A11E058A018
:10915000009042F2EC302044027A42F2EC302318C4
:10916000093304F2C6210B48F4F79EF90A2084F86B
:10917000160AAFE041542B48545450494E49540DFF
:109180000A0000006669726D776172652E63726312
:1091900031360000CC3E002041542B4854545050EE
:1091A0004152413D2255524C222C22000C3E0020BF
:1091B00041542B48545450414354494F4E3D300D77
:1091C0000A0000006372632D6874747061637469CF
:1091D0006F6E2D636D642D6572726F7200000000FA
:1091E00090560020280000206372632D687474700C
:1091F0002D737461747573006372632D6874747079
:109200002D74696D656F75740000000041542B4822
:10921000545450524541443D302C00006372632D3C
:1092200068747470726561642D636D642D6572720B
:109230006F7200006372632D6C656E2D6D69736DC6
:1092400061746368000000006372632D6F6B2D70A2
:1092500061676573000000006372632D6874747049
:10926000726561642D74696D656F7574000000002E
:109270002C00002073656C662D6F74613A20657256
:109280006173696E672073746167696E67206275C8
:1092900066666572000000008001002073656C66E0
:1092A0002D65726173652D6661696C6564000000EF
:1092B0006669726D776172652E62696E00000000EA
:1092C00040F21230015B801C005B814203DB142002
:1092D00084F8160A7CE336B140F21230015BF8489C
:1092E00003F0A2FC05E040F21230015BF44803F009
:1092F000C7FB40F212310A5B42F2EC3121442231C9
:1093000031F81210884208D140F21230005B401C44
:1093100081B240F2123001535AE3002042F2EC31A4
:10932000214481F8F2000B2084F8160A50E300254E
:10933000AFF29C1A05E01AF8012B28466D1CE14992
:109340000A549AF800000028F5D1DF4805E010F82B
:10935000013B29466D1CDB4A5354017809B1962D17
:10936000F5DBDAA705E017F8012B28466D1CD54977
:109370000A5438780028F6D140F21230005BC2025D
:109380002946D048F3F79EFC05460FF24C3905E01C
:1093900019F8012B28466D1CCA490A5499F8000097
:1093A0000028F5D14FF400622946C648F3F78AFC3D
:1093B0000546222228466D1CC2490A540D22284621
:1093C0006D1C0A540A2228466D1C0A540020485578
:1093D0004FF4FA722046FFF751FC28B194F8160AB0
:1093E000401C40B284F8160AF2E240F6B832AFF2FE
:1093F00040212046FFF742FCC0B394F80C0A00F06D
:10940000020010B342F2EC30204490F8F200401C0D
:10941000C0B242F2EC31214481F8F200052810DBA1
:1094200040F21230025BAEA10C20F3F705FD0120E3
:1094300042F2EC31214481F8F300142084F8160A3A
:1094400002E0192084F8160AC2E2D4F80C0A20F4CB
:109450000040C4F80C0AA948FDF75AFFA849086063
:1094600094F8160A401C40B284F8160AB0E2B4F828
:109470000C0A00F4004060B3B4F8C80CC82821D02E
:1094800042F2EC30204490F8F200401CC0B242F2AC
:10949000EC31214481F8F20005280FDBB4F8C82C28
:1094A00098A10D20F3F7C8FC012042F2EC312144D1
:1094B00081F8F300142084F8160A02E0192084F8D9
:1094C000160A85E294F8160A401C40B284F8160A7F
:1094D0002BE08A48FDF71CFF89490968401A43F6CA
:1094E0009821884221D342F2EC30204490F8F200D7
:1094F000401CC0B242F2EC31214481F8F200052850
:1095000010DB40F21230025B85A10D20F3F794FCD2
:10951000012042F2EC31214481F8F300142084F858
:10952000160A02E0192084F8160A51E242F2EC30E1
:109530002044F430C4F8CC0C4FF400614FF44D607B
:1095400001530021801C0153801C01530025AFF200
:10955000443705E017F8012B28466D1C59490A5479
:1095600038780028F6D14FF4006229465548F3F7C1
:10957000A9FB05460D2228466D1C52490A540A22B1
:1095800028466D1C0A540020485540F6B832204643
:10959000FFF774FBD8B394F80C0A00F0020028B36C
:1095A0000020C4F8CC0C42F2EC30204490F8F200D9
:1095B000401CC0B242F2EC31214481F8F20005288F
:1095C00010DB40F21230025B5DA10E20F3F734FC99
:1095D000012042F2EC31214481F8F300142084F898
:1095E000160A02E0192084F8160AF1E1D4F80C0AF0
:1095F00020F40020C4F80C0A4048FDF789FE4049D9
:10960000086094F8160A401C40B284F8160ADFE19C
:10961000D4F80C0A00F4002090B30020C4F8CC0C5D
:1096200040F6D240005BB0F5006F22D042F2EC3041
:10963000204490F8F200401CC0B242F2EC312144C8
:1096400081F8F200052810DB40F21230025B43A1E2
:109650000F20F3F7F1FB012042F2EC31214481F8B5
:10966000F300142084F8160A02E0192084F8160A80
:10967000AEE194F8160A401C40B284F8160A8CE059
:10968000FFE71E48FDF744FE1D490968401AB0F582
:10969000FA5F14D30020C4F8CC0C42F2EC30204422
:1096A00090F8F200401CC0B242F2EC31214481F843
:1096B000F20005286EDB40F21230025B5CE06CE0E9
:1096C000800100200C3E0020CC3E00203F6F6666EB
:1096D0007365743D00000000266C656E3D0000005F
:1096E000706167652D68747470616374696F6E2D45
:1096F000636D642D72657472696573009056002005
:1097000028000020706167652D687474702D737473
:10971000617475732D726574726965730000000061
:10972000706167652D68747470616374696F6E2D04
:1097300074696D656F75742D7265747269657300F7
:10974000706167652D68747470726561642D636DF6
:10975000642D7265747269657300000070616765DD
:109760002D6C656E2D6D69736D617463682D726506
:10977000747269657300000097A10F20F3F75CFB1A
:10978000012042F2EC31214481F8F300142084F8E6
:10979000160A02E0192084F8160A19E14FF4006154
:1097A00042F2EC302044F430F3F728FB40F212315F
:1097B0000A5B42F2EC312144223131F81210884226
:1097C00022D042F2EC30204490F8F200401CC0B2AB
:1097D00042F2EC31214481F8F200052810DB40F21E
:1097E0001230025B84A11020F3F726FB012042F225
:1097F000EC31214481F8F300142084F8160AE7E0E4
:10980000192084F8160AE3E094F8160A401C40B2C6
:1098100084F8160ADCE056B140F21230015B42F2E5
:10982000EC302218F4327B4803F024FA09E040F2CD
:109830001230015B42F2EC302218F432754803F02A
:10984000D7F980B940F21230025B73A11120F3F70F
:10985000F3FA012042F2EC31214481F8F3001420A4
:1098600084F8160AB4E094F8160A401C40B284F852
:10987000160AADE05EB140F21230015B42F2EC300C
:10988000221802F6F402634803F0C0F90AE040F23D
:109890001230015B42F2EC30221802F6F4025D480D
:1098A00003F0A4F84FF4006242F2EC30211801F604
:1098B000F4012044F430F0F7F0FF10B342F2EC3042
:1098C000204490F8F200401CC0B242F2EC31214436
:1098D00081F8F200052810DB40F21230025B53A140
:1098E0001220F3F7A9FA012042F2EC31214481F869
:1098F000F300142084F8160A6AE0192084F8160A86
:1099000066E040F21230005B401C81B240F212303F
:1099100001530A2084F8160A5AE04FF4FA624BA168
:109920002046FFF7ABF910B10B2084F8160A4FE080
:109930004FF4FA6248A12046FFF7A0F998B342F22B
:10994000EC30204490F8F30028BB56B142F2EC30E2
:10995000211809312F4803F00BFA2046FFF7B0F821
:1099600019E04FF44570005BC50229463E48F3F705
:1099700045FA07464FF44E7000593B462A46009080
:1099800042F2EC3021180931224803F091F82046C8
:10999000FFF796F800BF42F2EC30204490F8F30055
:1099A00010B1032001E012E0022084F8100342F21B
:1099B000EC31214491F8F31009B12CA100E02FA162
:1099C0000846F3F791FA0321204600F07BFE00BF22
:1099D00000BFBDE8F88F0000706167652D68747482
:1099E00070726561642D74696D656F75742D726533
:1099F0007472696573000000706167652D6372633E
:109A00002D6D69736D617463682D7265747269651B
:109A10007300000080010020666C6173682D77720E
:109A20006974652D6661696C65640000666C6173BC
:109A3000682D7665726966792D6D69736D617463E1
:109A4000682D7265747269657300000041542B4380
:109A500053510D0A0000000041542B4854545054F7
:109A600045524D0D0A00000000B004087265737580
:109A70006C743D4552524F52000000007265737580
:109A80006C743D444F4E450010B5044604F57870A3
:109A900003F076FC10BD00002DE9F0470446EB48CA
:109AA000FDF736FC054694F8D10330B1607810B16B
:109AB00094F8D30308B1012000E000200646E448F2
:109AC000007840B10020E2490870E248067094F83E
:109AD000D403E1490870DF480078B0421FD0DD4868
:109AE00006709EB9002084F8B40194F8C50240B114
:109AF000012184F8091D1021204600F0E3FDBDE896
:109B0000F0870C21204600F0DDFDF8E794F8D4033F
:109B1000D14908700A21204600F0D4FDEFE7F6B1E4
:109B200094F8D403CC490978884218D094F8D40327
:109B3000C9490870002084F8B401012184F80A1D85
:109B400094F8C50230B184F8091D1021204600F0B8
:109B5000B9FDD4E70C21204600F0B4FDCFE71EB9D3
:109B600094F8D403BC49087016B394F8B401F8B95A
:109B7000BA48006810B9B94805601CE0B7480068E9
:109B8000281AB749884216D3B4480560012184F8E1
:109B90000A1D94F8C50230B184F8091D1021204631
:109BA00000F090FDABE70C21204600F08BFDA6E70E
:109BB0000020AA49086094F8C50250B194F8B40195
:109BC00038B9012184F8091D1021204600F07AFDE2
:109BD00095E794F80B0D90B1002184F80B1D94F8D3
:109BE000C50230B184F8091D1021204600F06AFD3D
:109BF00085E7A5F5985088384FF44C61085142F23A
:109C0000EC30005D88B394F8B401E8B1002142F271
:109C1000EC300155012084F8100340F2123001535A
:109C2000002042F2EC31214481F8F30042F2EC30A2
:109C30002044007A792801D1122000E01120014649
:109C4000204600F03FFD5AE742F2EC3020444068E5
:109C5000281A47F23051884207D3002142F2EC30F3
:109C6000015580A12046FDF70DFF43F2E440005D61
:109C7000A0B194F8B40188B1002143F2E440015549
:109C8000002043F2E441214481F82900012084F8B6
:109C900074031321204600F015FD30E794F8920C70
:109CA00058B1002184F8921C94F8911C84F8901CFF
:109CB0000421204600F006FD21E794F8170AD8BBDE
:109CC00000273CE0C7EB071000EB871104F61820D3
:109CD00000EB410090F89D0078B3C7EB071000EB54
:109CE000871204F6182000EB42010F2204F138001D
:109CF000F0F770FF002147200155C7EB071000EB7C
:109D0000871204F6182000EB420000F110018C22AB
:109D100004F14800F0F75EFF002184F8D410C7EB8F
:109D2000071000EB871204F6182000EB420080F8C1
:109D30009D10012084F8170A03E0FFE77F1C042F21
:109D4000C0DB94F8170A20B10521204600F0BAFCC8
:109D5000D5E694F8930C20B10921204600F0B2FC1E
:109D6000CDE6D4F8B40C281A47F23051884204D317
:109D70000621204600F0A6FCC1E6207810B14EF680
:109D8000602001E041F28830804640F6B84000593A
:109D9000281A404504D30721204600F093FCAEE684
:109DA00096B140F6BC400059281A4EF66021884210
:109DB0000AD394F8B40108B10B2000E00A20014650
:109DC000204600F07FFC9AE640F6C4400059281A6D
:109DD0002749884204D30821204600F073FC8EE610
:109DE00040F2C620005D38B194F8E60220B194F844
:109DF000F60208B1012000E000208146C6B194F8C7
:109E0000B401A8B194F8C50290B9B9F1000F0FD010
:109E10004FF44C600059281A41F28831884207D328
:109E20004FF44C6005510D21204600F04BFC66E6D6
:109E300094F8C50240B12046FEF7B0FE20B10F21D4
:109E4000204600F03FFC5AE600BF58E6905600203E
:109E50004D0000204E0000204F0000205000002048
:109E6000C02709006E6F2D696E7465726E6574008F
:109E7000C0D4010010B5044694F9160A102879D20E
:109E8000DFE800F008162432404E5C6A798D9BA909
:109E9000B7C5D3E140F6B8328AA12046FEF7EEFE00
:109EA00028B194F8160A401C40B284F8160A06E15C
:109EB0004FF47A7285A12046FEF7E0FE28B194F8AF
:109EC000160A401C40B284F8160AF8E04FF4967265
:109ED00080A12046FEF7D2FE28B194F8160A401C55
:109EE00040B284F8160AEAE04FF4FA727CA12046E8
:109EF000FEF7C4FE28B194F8160A401C40B284F85C
:109F0000160ADCE041F2883278A12046FEF7B6FE60
:109F100028B194F8160A401C40B284F8160ACEE024
:109F20004FF4967275A12046FEF7A8FE28B194F86A
:109F3000160A401C40B284F8160AC0E04FF47A7248
:109F400073A12046FEF79AFE28B194F8160A401C29
:109F500040B284F8160AB2E041F288326FA120467E
:109F6000FEF78CFE28B194F8160A401C40B284F823
:109F7000160AA4E075E0012084F8140A40F6B8320D
:109F800069A12046FEF77AFE40B1002084F8140A49
:109F900094F8160A401C40B284F8160A8FE040F686
:109FA000B83264A12046FEF769FE28B194F8160A7B
:109FB000401C40B284F8160A81E04FF4967260A10A
:109FC0002046FEF75BFE28B194F8160A401C40B20A
:109FD00084F8160A73E04FF4FA625CA12046FEF79B
:109FE0004DFE28B194F8160A401C40B284F8160AB7
:109FF00065E04FF4967258A12046FEF73FFE28B167
:10A0000094F8160A401C40B284F8160A57E04FF440
:10A01000FA6255A12046FEF731FE28B194F8160ADF
:10A02000401C40B284F8160A49E04FF4967251A1E0
:10A030002046FEF723FE28B194F8160A401C40B2D1
:10A0400084F8160A3BE040F6B8324EA12046FEF7EF
:10A0500015FE28B194F8160A401C40B284F8160A7E
:10A060002DE04BA0F7F73CFEE17809B1E11C00E0E0
:10A070004CA10846F7F734FE4BA0F7F731FE94F8F1
:10A08000281011B104F1280100E046A10846F7F7B5
:10A0900027FE0FA0F7F724FE4548FDF739F940F6F3
:10A0A000B8410851C4F8B40C94F8D10308B10A209F
:10A0B00000E003200146204600F004FB00BF00BF83
:10A0C00010BD000041540D0A00000000415445300D
:10A0D0000D0A000041542B434D45453D320D0A0009
:10A0E00041542B434D47463D310D0A0041542B430B
:10A0F0004D47443D312C340D0A00000041542B43A0
:10A100004E4D493D322C312C302C302C300D0A0074
:10A1100041542B4353510D0A0000000041542B437E
:10A1200049434349440D0A0041542B4347534E0DC4
:10A130000A00000041542B434E554D0D0A0000000B
:10A1400041542B435245473D320D0A0041542B43A5
:10A150005245473F0D0A000041542B4345524547A5
:10A160003D320D0A0000000041542B434552454743
:10A170003F0D0A0041542B434F50533D332C320DB9
:10A180000A00000041542B434F50533F0D0A00007A
:10A190004D6F64656D2072656164792E20494D456F
:10A1A000493D00003F0000002053494D3D000000A4
:10A1B0009056002070B5044694F8160A00284ED137
:10A1C000002528A605E016F8012B28466D1C284915
:10A1D0000A5430780028F6D100BF07E004F6944115
:10A1E0000B5C29466D1C224A5354401C04F69441D2
:10A1F000095C31B104F69441095C232901D02C2D6E
:10A20000ECDB222229466D1C194842540D222846B7
:10A210006D1C17490A540A2228466D1C0A54002056
:10A22000485543F698222046FEF728FDB0B194F831
:10A230000C0A00F0040010B10EA0F7F751FD94F8DD
:10A240000C0A00F0020010B10FA0F7F749FD002042
:10A2500084F8930C0321204600F034FA00BF00BFBD
:10A2600070BD000041542B435553443D312C220016
:10A270002F4500205B555353445D2074696D656F15
:10A2800075740D0A000000005B555353445D206552
:10A2900072726F720D0A000038B504469DE043F2F9
:10A2A0000E50015B005B401C83B243F20E5003531F
:10A2B00004F5787003F0BBF8054643F20E50005BDE
:10A2C000B0F5806F03DB002143F20E500153D4F848
:10A2D000CC0C08B340F6D440005B00281CDD40F6EF
:10A2E000D240015B801E005B814205DA40F6D2401D
:10A2F000005BD4F8CC1C0D5440F6D240005B401CEF
:10A3000081B240F6D2400153801C005B401E81B2F6
:10A3100040F6D440015360E0002000908DF80050DA
:10A320003348007818B16846F7F7DAFC0FE0314897
:10A33000007820B1F4F7D4FF00202E490870684659
:10A34000F7F764FB0A2D02D101202A4908703E2D3F
:10A350000CD143F20E502044B0F8420130B9D4F889
:10A360000C0A40F40060C4F80C0A36E00A2D14D13F
:10A37000002143F20E502044B0F8422143F20E5027
:10A380002044801C8154204601F076F8002043F2DE
:10A390000E512144A1F842011EE00D2D1CD043F2C4
:10A3A0000E502044B0F84201B0F59F7F14DC43F218
:10A3B0000E502044B0F8421143F20E502044B0F841
:10A3C0004201401C43F20E522244A2F8420143F2E1
:10A3D0000E502044801C455400BF04F5787002F0F4
:10A3E000CBFF43F20E51095B88427FF458AF38BD72
:10A3F00078000020400000202DE9F041044600BF15
:10A40000B4F8001AD4F8FC09F1F70FFF08B10120E5
:10A4100000E0002008B9BDE8F0812046FFF73CFFCE
:10A420004648007830B346480678002E21DD0025E6
:10A43000002010E0434A115C0A2905D10D272A4665
:10A440006B1CDDB2404B9F542A466B1CDDB23E4B69
:10A450009954411CC8B2B04201DA7F2DEAD30020E2
:10A46000374908702A46384904F5787002F0BDFF74
:10A4700000BFD0E794F8150A14285BD2DFE800F09B
:10A480000A0E12161A1E22262A2E32363A3E42464C
:10A490004A4E5256204600F0CDFD4BE02046FDF7D7
:10A4A00031FA47E02046FFF7E5FC43E02046FFF79E
:10A4B000F3FA3FE0204600F03BFE3BE0204600F090
:10A4C000E5FE37E0204600F099FD33E02046FCF73A
:10A4D00045FF2FE02046FEF745FA2BE02046FFF728
:10A4E00069FE27E0204600F075F923E02046FEF7DC
:10A4F000EFF81FE02046FDF7E9FA1BE02046FCF7E5
:10A50000F3FF17E0204600F0AFFC13E0204600F018
:10A51000C7FA0FE02046FDF787FF0BE02046FDF766
:10A52000EBFC07E02046FEF7F3FB03E02046FDF7D7
:10A53000EDFA00BF00BF00BF6DE70000780000200B
:10A5400079000020FF4700208C3D00202DE9F041DC
:10A5500004460E46174616B130782B2801D0BDE8C8
:10A56000F0813DA0F7F7BCFB3046F7F7B9FB3DA003
:10A57000F7F7B6FB3846F7F7B3FB3BA0F7F7B0FBAE
:10A5800094F8DC0300B1EAE794F8170AA8B90F229F
:10A59000314604F13800F0F71DFB0021472001553A
:10A5A0008C22394604F14800F0F714FB002184F8AE
:10A5B000D410012084F8170AD1E7002547E0C5EB45
:10A5C000051000EB851104F6182000EB410090F80F
:10A5D0009D00D0BBC5EB051101EB851204F61821D7
:10A5E00001EB42000F223146F0F7F4FA0021C5EBEF
:10A5F000051000EB851204F6182000EB4200C17331
:10A60000C5EB051101EB851204F6182101EB42019F
:10A6100001F110008C223946F0F7DCFA0021C5EB7D
:10A62000051000EB851204F6182000EB420080F8BC
:10A630009C100121C5EB051000EB851204F61820D3
:10A6400000EB420080F89D1089E7FFE76D1C042DA8
:10A65000B5DB00BF83E700005B534D535D20746F93
:10A660003A200000207C20000D0A00002DE9F04176
:10A6700004460E4626B1307810B194F8930C08B118
:10A68000BDE8F0811F22314604F69440F0F7A2FAAB
:10A69000002140F6B340015504F694474FF02308DB
:10A6A00041463846F0F749F9054600BF0DB1002094
:10A6B000687094F8940C00B9E2E7012084F8930CD8
:10A6C00000BFDDE780F8151A002280F8162AC0F8CE
:10A6D0000C2A80F8142A7047F8B504460D46164631
:10A6E00042F2EC30204405721722314642F2EC303F
:10A6F00020440930F0F76EFA002142F2EC30204499
:10A7000080F82010012142F2EC3001551248FCF78C
:10A71000FFFD42F2EC3121444860002084F83C0304
:10A720000EA0F7F7DDFA2A4600216846F2F7CAFACA
:10A73000074600200DF807006846F7F7D1FA0CA08D
:10A74000F7F7CEFA42F2EC3020440930F7F7C8FAB6
:10A750000AA0F7F7C5FAF8BD905600205B4F5441A8
:10A760005D20737461727420747970653D0000001F
:10A770002076657273696F6E3D0000000D0A00005F
:10A7800070B506460D46002406E015F8012B20465C
:10A79000611C8CB20D490A54287810B1B4F5FF7FC2
:10A7A000F3DD04B970BD002008490855224606F5BE
:10A7B000787002F01AFEF4F793FD05A0F7F726F97A
:10A7C0000248F7F723F900BFECE70000EC41002056
:10A7D0003E3E20002DE9F04704468AA104F5C570ED
:10A7E000F0F724FA08B9012000E00020064694F8AA
:10A7F000650210B104F2652003E00EB183A000E011
:10A8000086A0814694F8850210B104F2852003E009
:10A810000EB183A000E081A0074694F8A50210B114
:10A8200004F2A52003E00EB17FA000E07BA08246E9
:10A8300094F9160A06287DD2DFE800F003174FAB23
:10A84000B9CB94F8D40308B178A000E07BA001460E
:10A850004FF496722046FEF711FA28B194F8160AC2
:10A86000401C40B284F8160AC9E000250FF2D8183F
:10A8700005E018F8012B28466D1C78490A5498F811
:10A8800000000028F5D100BF06E019F80030294685
:10A890006D1C724A5354401C19F8001009B13A2D2E
:10A8A000F3DB222228466D1C6C490A540D222846EF
:10A8B0006D1C0A540A2228466D1C0A540020485573
:10A8C0004FF496722046FEF7D9F928B194F8160A8B
:10A8D000401C40B284F8160A91E0387830B994F8F8
:10A8E000160A401C40B284F8160A88E000250FF2D0
:10A8F000701805E018F8012B28466D1C57490A54BA
:10A9000098F800000028F5D100BF05E03B5C29461F
:10A910006D1C524A5354401C395C09B1282DF5DB9B
:10A92000222228466D1C4D490A542C2228466D1CB3
:10A930000A5400E058E0222228466D1C0A540020E8
:10A9400006E01AF8003029466D1C444A5354401C56
:10A950001AF8001009B1582DF3DB222228466D1C8D
:10A960003E490A540D2228466D1C0A540A222846E4
:10A970006D1C0A54002048554FF496722046FEF78D
:10A980007DF928B194F8160A401C40B284F8160AE2
:10A9900035E042F2107236A12046FEF76FF928B179
:10A9A00094F8160A401C40B284F8160A27E043F6D1
:10A9B000982233A12046FEF761F948B194F80C0AB9
:10A9C00000F0020008B1052000E0062084F8160A15
:10A9D00015E04FF4FA622EA12046FEF74FF910B1B0
:10A9E000062084F8160A0AE02C48FCF791FC40F691
:10A9F000BC4108510B212046FFF764FE00BF00BF99
:10AA0000BDE8F0873236323031000000696E74657F
:10AA1000726E65742E74656C656B6F6D000000005E
:10AA200074656C656B6F6D00746D000041542B4351
:10AA30004E4D503D31330D0A0000000041542B4370
:10AA40004E4D503D320D0A0041542B434744434F75
:10AA50004E543D312C224950222C22005F450020CB
:10AA600041542B4347415554483D312C332C22004F
:10AA700041542B43474154543D310D0A000000001E
:10AA800041542B43474143543D312C310D0A0000C2
:10AA900041542B434545520D0A00000090560020BA
:10AAA0002DE9F047044694F8C50228B90321204651
:10AAB000FFF708FEBDE8F08794F9160A062877D25A
:10AAC000DFE800F003AFC5FEFDFCCA4800780028AF
:10AAD0006CD1814600BF19E0C74A12780244602356
:10AAE00092FBF3FC03FB1C22D1B201EB4102C2EB4F
:10AAF000811304F60C521A4492F83C2022B1BF4A4A
:10AB000011704FF0010903E0411CC8B26028E3DB7B
:10AB1000B9F1000F04D103212046FFF7D3FDC9E7A7
:10AB2000B6480078401C602190FBF1F201FB120056
:10AB3000B14908700120AF4908700020B049087081
:10AB400000254FF03F0A04F2E62005E010F8013B33
:10AB500029466D1CAB4A5354017809B13F2DF5DBF2
:10AB60000FF2A428404605E010F8013B29466D1C71
:10AB7000A44A5354017809B13F2DF5DB9F49097868
:10AB800001EB4102C2EB811204F60C51501805E0B2
:10AB900010F8013B29466D1C9A4A5354017809B1BB
:10ABA0003F2DF5DB00209749485500BF002600E007
:10ABB000F1E099A705E017F8012B3046761C9B4978
:10ABC0000A5438780028F6D18E48EFF7C1FE85B2D6
:10ABD0002A4631469548F2F775F806460D2230466A
:10ABE000761C92490A540A223046761C0A540020E8
:10ABF00088554FF4FA622046FEF740F880B194F889
:10AC00000C0A00F0020010B101207D49087094F890
:10AC1000160A401C40B284F8160A002075490870D4
:10AC2000E4E040F6B83277492046FEF727F868B1ED
:10AC300094F80C0A00F0020010B10120704908706D
:10AC400094F8160A401C40B284F8160ACEE06B490C
:10AC5000097801EB4102C2EB811204F60C51114458
:10AC600001F11800EFF774FE07461FB9042084F8BD
:10AC7000160ABBE000256EA605E016F8012B284653
:10AC80006D1C6A490A5430780028F6D1BAB22946B8
:10AC90006648F2F717F805460D2228466D1C6349F1
:10ACA0000A540A2228466D1C0A54002048554FF4C5
:10ACB000FA622046FDF7E2FF88B102E04BE02FE0A8
:10ACC0000EE094F80C0A00F0020010B101204C498B
:10ACD000087094F8160A401C40B284F8160A85E001
:10ACE0004648007800EB4002C2EB801204F60C509C
:10ACF000104400F1180140F6B8322046FDF7BEFFBF
:10AD000068B194F80C0A00F0020010B101203C492F
:10AD1000087094F8160A401C40B284F8160A65E0E0
:10AD200040F6B83247A12046FDF7A8FF90B194F84D
:10AD30000C0A00F0020010B10120314908704748A8
:10AD4000FCF7E6FA4649086094F8160A401C40B23F
:10AD500084F8160A4AE0D4F80C0A00F4803030B1C6
:10AD600094F8160A401C40B284F8160A12E03B48D8
:10AD7000FCF7CEFA3A490968401A43F6982188420E
:10AD800008D301201E49087094F8160A401C40B2EE
:10AD900084F8160A2AE000211848007800EB4002E7
:10ADA000C2EB801204F60C50104480F83C1014489A
:10ADB000007880B12B480078052804DA294800780B
:10ADC000401C2849087027480078052809DB002026
:10ADD00084F8C50205E0002022490870012084F8AB
:10ADE000C50203212046FFF76DFC00BF00BF00BF76
:10ADF00060E600007200002069000020680000206A
:10AE0000700000202F4700202F636D642F61637452
:10AE100075616C2F0000000041542B434D51545478
:10AE2000544F5049433D302C000000006F47002034
:10AE300041542B434D5154545041594C4F41443D82
:10AE4000302C000041542B434D5154545055423D39
:10AE5000302C312C36302C310D0A00009056002059
:10AE60006C000020710000202DE9F047044694F8A2
:10AE7000C50228B903212046FFF724FCBDE8F0876E
:10AE800094F9160A20B1012855D0022872D165E044
:10AE900000264FF02F0904F2E62005E010F8013BF0
:10AEA0003146761C494A5354017809B12F2EF5DBFF
:10AEB0000FF21C18404605E010F8013B3146761CA5
:10AEC000424A5354017809B12F2EF5DB00203F4947
:10AED0008855002542A705E017F8012B28466D1C70
:10AEE00043490A5438780028F6D1B2B2294640487E
:10AEF000F1F7E8FE05462C2228466D1C3C490A5411
:10AF0000312228466D1C0A540D2228466D1C0A5415
:10AF10000A2228466D1C0A54002048554FF4FA6254
:10AF20002046FDF7ABFE28B194F8160A401C40B24B
:10AF300084F8160A46E040F6B83224492046FDF768
:10AF40009DFE50B12B48FCF7E3F92B49086094F8BB
:10AF5000160A401C40B284F8160A33E0D4F80C0AF2
:10AF600000F4803038B194F8160A401C40B284F8DE
:10AF7000160A13E013E01F48FCF7CAF91E490968D6
:10AF8000401A42F21071884208D3FF2084F8D80C8E
:10AF900094F8160A401C40B284F8160A12E094F89D
:10AFA000D80C38B9012084F8C50203212046FFF7E8
:10AFB00089FB06E0002184F8091D10212046FFF7D7
:10AFC00081FB00BF00BF00BF58E70000DF46002044
:10AFD0002F636D642F646573697265642F230000AD
:10AFE00041542B434D5154545355423D302C000095
:10AFF0000F470020905600206400002010B5044642
:10B000004FF47A7207A12046FDF738FE40B1084898
:10B01000FCF77EF9C4F8B40C03212046FFF752FB7D
:10B0200010BD000041542B4353510D0A0000000095
:10B030009056002010B5044694F9160A30B1012844
:10B040000ED0022839D003285FD150E030A0F6F7A7
:10B0500047FE94F8160A401C40B284F8160A54E0E1
:10B060004FF47A722EA12046FDF708FE20B394F823
:10B070000C0A00F0010020B101212046FFF722FB5D
:10B080001AE000BF94F8FA09142803D094F8FA09DA
:10B09000102805D1B4F8F819D4F8F409F1F7D0F86C
:10B0A00000BF2148FCF734F92049086094F8160ADB
:10B0B000401C40B284F8160A27E01B48FCF728F928
:10B0C0001A490968401A40F2DC5188420ED304F64E
:10B0D000F41001F0B4F81448FCF71AF913490860A9
:10B0E00094F8160A401C40B284F8160A0DE00E4887
:10B0F000FCF70EF90D490968401AB0F5FA7F03D341
:10B1000001212046FFF7DEFA00BF00BF10BD00009E
:10B110004D6F64656D3A20636865636B0D0A0000CE
:10B1200041540D0A00000000905600204400002009
:10B1300070B5044694F9160A20B1012810D00228EF
:10B140000DD174E04FF4FA7240A12046FDF796FD50
:10B1500028B194F8160A401C40B284F8160A72E02E
:10B1600000253DA605E016F8012B28466D1C3D493B
:10B170000A5430780028F6D194F8900C0A280ADB9B
:10B1800094F8900C0A2190FBF1F03030C2B22846BE
:10B190006D1C34490A5494F8900C0A2190FBF1F28A
:10B1A00001FB12003030C2B228466D1C2D490A54F2
:10B1B0000D2228466D1C0A540A2228466D1C0A548A
:10B1C0000020485541F288322046FDF757FD68B30C
:10B1D00094F80C0A00F08000F8B194F80C0A00F022
:10B1E0000100D0B120A0F6F77BFD04F1D500F6F701
:10B1F00077FD20A0F6F774FD04F1E900F6F770FD85
:10B200001DA0F6F76DFDD4F8D80330B104F1E901C3
:10B2100004F1D500D4F8D8239047002184F8901C7D
:10B2200094F8160A401C40B284F8160A0BE041F26A
:10B23000883212A12046FDF721FD18B103212046D6
:10B24000FFF740FA00BF00BF70BD000041542B4320
:10B250004D47463D310D0A0041542B434D47523D69
:10B26000000000006C440020534D532066726F6D47
:10B27000200000003A2000000D0A000041542B433A
:10B280004D47443D312C320D0A00000070B5044694
:10B2900094F9160A052814D2DFE800F00314226797
:10B2A00091000020654908704FF4967264A1204611
:10B2B000FDF7E4FC28B194F8160A401C40B284F86B
:10B2C000160AB8E04FF4FA7261A12046FDF7D6FCE9
:10B2D00028B194F8160A401C40B284F8160AAAE075
:10B2E00000255EA605E016F8012B28466D1C5E4978
:10B2F0000A5430780028F6D100BF07E004F1380185
:10B300000B5C29466D1C584A5354401C04F138010B
:10B31000095C09B1212DF1DB222228466D1C52491E
:10B320000A540D2228466D1C0A540A2228466D1C18
:10B330000A540020485540F6B8322046FDF79EFCDE
:10B3400090B1B4F80C0A00F4006030B194F8160A19
:10B35000401C40B284F8160A06E0002084F8170A60
:10B3600003212046FFF7AEF965E0002506E004F171
:10B370004800405D3D494855681CC5B204F148008D
:10B38000405D08B18C2DF2DB1A222946681CC5B23B
:10B3900036484254002035494855C4F80C0A344810
:10B3A000FBF7B6FF3349086030492046FFF7E8F95C
:10B3B00094F8160A401C40B284F8160A3BE0204676
:10B3C000FEF76AFF94F80C0A00F0010038B1002083
:10B3D00084F8170A03212046FFF774F92AE094F84D
:10B3E0000C0A00F00200A0B114480078032808DA23
:10B3F00012480078401C11490870012084F8160A90
:10B4000018E0002084F8170A03212046FFF75AF9B4
:10B4100010E01748FBF77CFF16490968401A42F212
:10B420001071884206D3002084F8170A03212046B1
:10B43000FFF748F900BF00BF70BD000058000020B2
:10B4400041542B435343533D22495241220D0A009C
:10B4500041542B434D47463D310D0A0041542B4387
:10B460004D47533D220000007C440020A0440020B2
:10B4700090560020540000202DE9F04FA1B0044662
:10B4800043F20E502044851C94F8140A01282BD155
:10B4900043F20E502044B0F842010E2801DB012097
:10B4A00000E000200646002008E0295C302902DB8D
:10B4B000295C392900DD0026411C88B236B143F2EF
:10B4C0000E512144B1F842118142EEDC4EB10F22FF
:10B4D0002946E01CEFF77EFB0021A174002084F8D0
:10B4E000140A21B0BDE8F08F94F8140A022809D19B
:10B4F000002084F8140AA12204F1E9012846F2F799
:10B5000061FCEEE794F8140A032830D1002084F897
:10B51000140A2F46804628460AE001782F2906D1D2
:10B5200008F10108B8F1030F01D1471C03E0401CEA
:10B5300001780029F1D10F22394604F6D940EFF7FE
:10B5400049FB002184F8E81C04F6D940EFF700FA23
:10B55000461E04E0002104F6D9408155761E002ED7
:10B5600004DB04F6D940805D2028F3D0B9E794F8D5
:10B57000140A042828D1002084F8140A1F2229461E
:10B5800004F6E940EFF726FB002184F8081D04F6D5
:10B59000E940EFF7DDF9461E04E0002104F6E9403A
:10B5A0008155761E002E04DB04F6E940805D2028DC
:10B5B000F3D0D4F8780330B104F6E94104F6D94069
:10B5C000D4F8782390478CE743F20E502044B0F82B
:10B5D000420100B985E7FBA12846EFF727FB30B908
:10B5E000D4F80C0A40F00100C4F80C0A4CE3F6A1B0
:10B5F0002846F6F71DFA48B9F5A12846F6F718FAD5
:10B6000020B9F6A12846F6F713FA30B1D4F80C0A9F
:10B6100040F00200C4F80C0A36E3F3A12846F6F71E
:10B6200007FA70B9F2A12846F6F702FA48B9F3A171
:10B630002846F6F7FDF920B9F3A12846EFF7F6FA08
:10B6400030B9D4F80C0A40F00800C4F80C0A1BE327
:10B65000EEA12846F6F7ECF990B1A81DEFF7AAF88D
:10B660000646002E03DB1F2E01DCF0B200E0FF20B7
:10B67000A070D4F80C0A40F01000C4F80C0A03E3E0
:10B68000E4A12846F6F7D4F928B9E4A12846F6F74C
:10B69000CFF9002873D0E1A12846F6F7C9F9824610
:10B6A000BAF1000F01D0082000E0072000EB050BE5
:10B6B0005F460026B04623E038782C2816D10020BB
:10B6C0001BA901F80800B8F1000F0CD01DA901EB6F
:10B6D000C60007221BA9EFF77DFA00201DA901EB88
:10B6E000C601C871761C4FF0000808E0B8F1070FDA
:10B6F00005DA3A78404608F101081BA90A547F1C74
:10B70000387820B13878222801D0022ED4DBB8F165
:10B71000000F12D0022E10DA00201BA901F8080039
:10B720001DA901EBC60007221BA9EFF753FA002061
:10B730001DA901EBC601C871761C002E04DD701E28
:10B740001DA911F8300000E030208146BAF1000F49
:10B7500010D0B9F1310F01D1012000E0002084F8B0
:10B76000120AB9F1350F01D1012000E0002084F860
:10B77000130A10E0B9F1310F02D1012001E049E0D4
:10B78000002084F8100AB9F1350F01D1012000E042
:10B79000002084F8110A94F8100A10B994F8120ADB
:10B7A00008B1012000E00020207094F8110A10B9BF
:10B7B00094F8130A08B1012000E000206070387886
:10B7C00022281AD108231BAA00215846F6F76FFB3E
:10B7D0000C2318AA01215846F6F769FB1022002114
:10B7E0001BA8EEF7F4FFA4F8AA011022002118A864
:10B7F000EEF7EDFFC4F8AC0100BFD4F80C0ABAF1C3
:10B80000000F02D04FF4801100E020210843C4F85B
:10B810000C0A39E284A12846F6F70AF9E8B30823AE
:10B820001FAA0021E81DF6F742FB9DF87C00F0B14D
:10B8300006221FA904F5C570EFF7CCF900214FF4DB
:10B84000C870015504F5C570F3F7B0FF064656B150
:10B850001722314604F29110EFF7BCF900214FF4A2
:10B86000D470015502E0002084F8910100BFEE1D64
:10B87000002704E03078222800D17F1C761C307825
:10B8800008B1022FF6DB30782C2807D10A220021DC
:10B89000701CEEF79CFFC0B201E009E0FF2084F8C5
:10B8A000B001D4F80C0A40F40050C4F80C0AEBE1E3
:10B8B0005FA12846F6F7BCF878B305F10A0000E06E
:10B8C000401C027812B102782C2AF9D102782C2A75
:10B8D00000D1401C0278222A00D1401C002107E040
:10B8E00010F8016B0B464A1C91B204F2B512D65403
:10B8F00002783AB102782C2A04D00278222A01D0A8
:10B900000F29EDD3002304F2B5125354D4F80C2AB6
:10B9100042F48042C4F80C2AB6E1FFE747A128466A
:10B92000F6F786F888B305F10D0600E0761C30784E
:10B9300010B130782C28F9D130782C2804D1701C23
:10B94000EEF738FF80B200E00020A4F8C80C307891
:10B950002C2813D1761C00E0761C307810B130789A
:10B960002C28F9D130782C2804D1701CEEF722FF56
:10B9700080B200E0002040F6CA410853D4F80C0A17
:10B9800040F40040C4F80C0A7EE1FFE72FA12846EE
:10B99000F6F74EF890B105F10B00EEF70BFF86B20B
:10B9A00040F6CA400653D4F8CC0C40B146B9D4F89E
:10B9B0000C0A40F40020C4F80C0A67E06DE065E072
:10B9C0004AE000004F4B00004552524F5200000029
:10B9D0002B434D45204552524F5200002B434D53AF
:10B9E000204552524F5200004154524541445900A3
:10B9F00043616C6C2052656164790000534D5320A3
:10BA00005265616479000000524459002B43535140
:10BA10003A2000002B435245473A20002B43455221
:10BA200045473A20000000002B434F50533A200076
:10BA30002B434750414444523A2000002B48545471
:10BA400050414354494F4E3A200000002B48545473
:10BA500050524541443A200040F6D2410A5B891ECB
:10BA6000095B8A4207DA4FF44D610A5B891C095B66
:10BA7000511A89B200E000210846864201DC3246B4
:10BA800000E0024640F6D4410A5300BFD4F80C0A45
:10BA900040F48020C4F80C0AF6E07CA12846F5F7B3
:10BAA000C7FF48B97DA12846F5F7C2FF20B97EA19E
:10BAB0002846F5F7BDFFC8B12E4600E0761C307869
:10BAC00010B130782C28F9D130782C2804D1701C92
:10BAD000EEF770FEC0B200E0FF2084F8D80CD4F876
:10BAE0000C0A40F48030C4F80C0ACDE071A128465D
:10BAF000F5F79EFF18B1002084F8C502C4E072A1DA
:10BB00002846F5F795FF18B1032084F8140ABBE026
:10BB100071A12846F5F78CFF18B1042084F8140AA7
:10BB2000B2E072A12846F5F783FF08B3E81D00E0F4
:10BB3000401C017811B101782C29F9D101782C2908
:10BB400003D141783039C9B200E0012184F8911C59
:10BB500094F8911C11B9012284F8912CD4F80C1A94
:10BB600041F04001C4F80C1A012284F8922C8BE0B9
:10BB700060A12846F5F75CFFD8B1E81D002107E079
:10BB80000278303A01EB810302EB4302D1B2401C50
:10BB90000278302A02DB0278392AF1DD002907DD3C
:10BBA00084F8911CD4F80C2A42F40032C4F80C2A10
:10BBB0006AE052A12846F5F73BFF80B1142304F157
:10BBC000D5020121E81DF6F772F9022084F8140A63
:10BBD000D4F80C0A40F08000C4F80C0A54E049A1E3
:10BBE0002846F5F725FF30B1D4F80C0A40F48070F0
:10BBF000C4F80C0A48E045A12846F5F719FF80B1C2
:10BC0000142205F1080104F11300EEF7E3FF00210F
:10BC100027200155D4F80C0A40F40070C4F80C0A2F
:10BC200032E03DA12846F5F703FF68B1102304F187
:10BC300028020121E81DF6F73AF9D4F80C0A40F47D
:10BC40008060C4F80C0A1FE035A12846F5F7F0FE25
:10BC5000D0B1802301AA0021E81DF6F728F980223F
:10BC6000314901A8F2F7AEF830A0F6F739F82E48BE
:10BC7000F6F736F82FA0F6F733F8D4F80C0A40F4AC
:10BC80008050C4F80C0A00BF00BF2AE42B434D517A
:10BC90005454434F4E4E4543543A20002B434D518C
:10BCA00054545355423A20002B434D51545450554F
:10BCB000423A20002B434D515454434F4E4E4C4F6B
:10BCC00053543A20000000002B434D515454525815
:10BCD000544F5049433A20002B434D51545452582D
:10BCE0005041594C4F41443A200000002B434D54E1
:10BCF000493A20002B434D474C3A20002B434D47F7
:10BD0000523A00002B434D47533A20002B494343FE
:10BD100049443A20000000002B434E554D3A0000A4
:10BD20002B435553443A0000EC4300205B555353DA
:10BD3000445D20000D0A000010B504460020C4F840
:10BD40007803C4F8D80384F8DC0304F5787001F0B4
:10BD50007AFBA0F578740020C4F80C0A84F8140A61
:10BD600084F8150A84F8160A84F8930C2070607021
:10BD7000FF20A070002084F8130A84F8120A84F8C7
:10BD8000110A84F8100A4FF6FF70A4F8AA014FF0C8
:10BD9000FF30C4F8AC01FF2084F8B001002084F823
:10BDA000B40184F8C5020F2184F80E13002184F831
:10BDB000D11384F8D21384F8D31384F8D513012156
:10BDC00084F8D61384F81003002140F21230015396
:10BDD000801C0153801C0155401C01554FF44C70D0
:10BDE000015184F834134FF44E700151002084F84F
:10BDF000170A84F8901C84F8911C84F8921CC4F8EB
:10BE0000B40C40F6B8400151001D0151001D015114
:10BE1000001D01510020A4F8C80C40F6CA4001538F
:10BE20000020C4F8CC0C4FF44D600153801C01532A
:10BE3000801C0153002084F8D80C84F8091D84F874
:10BE40000A1D84F80B1D42F2EC300155002042F22D
:10BE5000EC312144486042F2EC31214481F8F20097
:10BE600042F2EC31214481F8F300002142F2EC303F
:10BE7000204400F58050A0F8F410002084F83C0322
:10BE800043F2E4400155002043F2E441214481F8AB
:10BE9000290043F2E4412144487043F2E441214443
:10BEA000487484F87403002143F20E5001530020BB
:10BEB00043F20E512144A1F8420184F8910184F823
:10BEC0008A0184F82800E074E07084F8940C84F807
:10BED000E90084F8D50084F8480084F8380000218F
:10BEE00040F2B51001553F2245A104F2C510EEF70E
:10BEF00071FE002184F804121F2246A104F2C6201C
:10BF0000EEF768FE002184F8E51284F8E61284F862
:10BF1000F61284F8651284F8851284F8A51240F6AA
:10BF2000D940015540F6E9400155002042F2EC317C
:10BF30002144487242F2EC312144087200BF19E0FA
:10BF4000002200EB4001C1EB801304F60C51CA54EF
:10BF500000EB4001C1EB801304F60C5119440A7642
:10BF600000EB4001C1EB801304F60C51194481F839
:10BF70003C20401C6028E3DB17222AA104F60C5069
:10BF8000EEF728FE00201CE00022C0EB001101EBC0
:10BF9000801304F6182101F81320C0EB001101EB07
:10BFA000801304F6182101EB43010A74C0EB001161
:10BFB00001EB801304F6182101EB430181F89D2069
:10BFC000401C0428E0DB002006E0002204F55F713D
:10BFD00001EB00110A70401C0528F6DB312184F8C2
:10BFE000CC13322184F8CD13332184F8CE133421BD
:10BFF00084F8CF13002184F8D013204610BD000030
:10C00000687474703A2F2F6578616D706C652E635B
:10C010006F6D00006D756C7469686F742E6F6E6C57
:10C02000696E65006F6E6C696E65000038B5044618
:10C0300001210420F0F77AFA4FF48070ADF8000087
:10C0400048208DF8030003208DF80200694602485D
:10C05000F0F758F838BD00000008014070B50446FC
:10C06000204600F091F805466573A07BA84204D0F5
:10C07000A5732E48FBF74CF920612C48FBF748F9D3
:10C080002169401A1E2801D3012000E00020064645
:10C09000D6B1E07BA84217D0E573E07B48B12348D6
:10C0A000FBF736F96061002020766076012020736E
:10C0B0000AE000202073207E30B91DA0F5F710FEA5
:10C0C000206808B120688047E07BA8B1207E98B93D
:10C0D0001648FBF71DF96169401A40F2DC518842AD
:10C0E0000AD3012020760220207316A0F5F7F8FD70
:10C0F000606808B160688047E07BA8B1607E98B94D
:10C100000A48FBF705F96169401A42F2107188424A
:10C110000AD3012060760320207310A0F5F7E0FD1C
:10C12000A06808B1A068804770BD0000905600204C
:10C130000D0A425554544F4E3A20505245535345E0
:10C14000440D0A000D0A425554544F4E3A204C4FAC
:10C150004E4720484F4C440D0A0000000D0A42553E
:10C1600054544F4E3A2056455259204C4F4E47207A
:10C17000484F4C442028666163746F727920726561
:10C18000736574290D0A000070B505464FF480717F
:10C190000448F0F74AF808B9012000E000200446FE
:10C1A000204670BD00080140F8B504460D4617460C
:10C1B0001E462560A780A67117492068884203D1D2
:10C1C00001210420F0F7B2F914492068884203D114
:10C1D00001210820F0F7AAF911492068884203D10B
:10C1E00001211020F0F7A2F9A0791C2802D0A07933
:10C1F0001C2803D101210846F0F798F9A088ADF872
:10C20000000003208DF80200A0798DF80300694634
:10C210002068EFF777FFF8BD00080140000C0140EF
:10C220000010014010B50446A079142802D0A0796E
:10C23000102803D1A1882068F0F702F810BD10B5CE
:10C240000446A079142802D0A079102803D1A1882F
:10C250002068EFF7F3FF10BD10B504460148F9F769
:10C2600083F810BD344A00202DE9F04786B082469D
:10C27000AE48007EAE4941EAC000AC49497E40EA82
:10C280000109AC48007808B1012000E00020A9496C
:10C29000497809B1012100E0002140EA8100A54967
:10C2A00091F8B41109B1012100E0002140EA011028
:10C2B000A04991F8C51209B1012100E0002140EA2E
:10C2C00081149D48FBF724F89C490968401A41F203
:10C2D0008831884201D3012000E000208046984840
:10C2E0000078844202D1B8F1000F23D09448047042
:10C2F0009148FBF70DF891490860FF210A460B466B
:10C300009048007820B18F4840784B30C0B200E0B0
:10C31000FF20CDE9033205910290864890F8B001E4
:10C320008449897823460022CDE9001049467F4898
:10C33000FAF7A4FA7F4890F8740383490978884291
:10C3400012D07C4890F874037F490870FF20029057
:10C350000390049005900090019008460378042211
:10C3600049467248FAF78AFAB8F1000F18D06F48B8
:10C37000007E764941EAC0006C49497E40EA0105E9
:10C38000FF200290039004900590102000210B469E
:10C390007922CDE9001029466448FAF76FFA00BF08
:10C3A0006548FAF7B5FF6A490968401A4EF66021F8
:10C3B00088421BD36048FAF7ABFF654908605B48C9
:10C3C000007E644941EAC0005849497E40EA0105BF
:10C3D000FF200290039004900590009000231A46DD
:10C3E000294601905148FAF749FA00BF5248FAF736
:10C3F0008FFF59490968401A42F2107188427FD371
:10C400004D48FAF785FF544908605448F9F79AFFF8
:10C41000484890F89101A8B151495248EEF706FCFE
:10C4200098B117224E494F48EEF7D4FB00204D49F2
:10C43000C87507207F231022494900904A48F9F720
:10C44000A2FB02E0002047490870002500260027D3
:10C450004349C91F002008E00A5C303A05EB850318
:10C4600002EB430295B2421CD0B2032802DA0A5C06
:10C47000002AF1D10AE00A5C303A06EB860302EBAF
:10C48000430296B27A1CD7B2421CD0B20A5C002A90
:10C49000F1D1FF21F0B2CDE9037105910290301284
:10C4A000E9B22B120222CDE9001049461F48FAF7E3
:10C4B000E5F9FF231F4890F8AC011E49B1F8AC1113
:10C4C000C1F307211B4AD2F8AC21C2F30742CDE9E0
:10C4D0000403CDE902211748D0F8AC01000E15493C
:10C4E00091F8AA11CDE900101248B0F8AA01031280
:10C4F000032249460D48FAF7C1F900E000E000BF09
:10C500000D48FAF705FF19490968401AB0F5FA6FA6
:10C5100009D30948FAF7FCFE1449086007227F2175
:10C520001148F9F7B3FB06B0BDE8F08708570020C3
:10C5300000FCCF0398060020905600201000002039
:10C5400018000020385700201900002000FC2F019F
:10C550001C00002000FC1F0014000020D802002056
:10C560002908002020060020A84F002020000020DD
:10C5700010B504462348FAF7CBFE23490968401A50
:10C58000B0F57A7F09D31F48FAF7C2FE1E4908604A
:10C590001E480088401C1D4908801C48008803284C
:10C5A00004DA1848FAF7B4FE194908601548FAF792
:10C5B000AFFE17490968401A1649884220D9002061
:10C5C0001549086000BF00BF00BF00BF00BFBFF338
:10C5D0004F8F00BF00BF00BF1048006800F4E0604C
:10C5E0000F490843001D0D49086000BF00BF00BF90
:10C5F000BFF34F8F00BF00BF00BF00BF00BFFDE70C
:10C6000010BD0000905600200C00002008570020AC
:10C6100008000020A0BB0D00003F02200CED00E050
:10C620000000FA0510B504462046FFF7A1FFF4F715
:10C63000C5FFF3F799FF0E48F9F718F90D48F9F718
:10C6400035FF0D48F8F770F80B48F7F7A5FF0A48D3
:10C65000F7F7DEFE094801F073FF0848C0780128AB
:10C6600005D02046FFF700FE0548F9F7EFFB10BDA7
:10C6700090490020D8020020344A0020404D00207C
:10C68000A84F00207047F0B50646059D934200DB99
:10C69000F0BD01EBC324002002E0275C2F54401CB6
:10C6A000B0F5006FF9D300BFF2E7000001460020AB
:10C6B00005E0044A825C044B1A54421C90B21028D4
:10C6C000F7DB704700F00708EF4700202DE9F04145
:10C6D000ADF5007D8046EFF7DBFB002406E08848DF
:10C6E000204490F800080DF80400641CB4F5007FA5
:10C6F000F5D38448EFF738FB002400270FE000252E
:10C7000009E0814800EB0710425D2046641C0DF8EB
:10C710000020681CC5B2102DF3DB781CC7B2052FB2
:10C72000EDDB7A48027B2046641C0DF80020784837
:10C7300090F8D10308B9012200E000222046641CD1
:10C740000DF80020002508E06F485030425D20467B
:10C75000641C0DF80020681CC5B2052DF4DB6C4884
:10C7600090F8D2232046641C0DF80020684890F809
:10C77000D50308B1012200E000222046641C0DF818
:10C780000020634890F8D60308B1012200E000229F
:10C790002046641C0DF800205D4890F8D723204601
:10C7A000641C0DF80020002508E05748B638425DAB
:10C7B0002046641C0DF80020681CC5B2202DF4D35F
:10C7C000002508E050489638425D2046641C0DF86C
:10C7D0000020681CC5B2102DF4D3002508E04A489B
:10C7E0008638425D2046641C0DF80020681CC5B2E6
:10C7F000182DF4D3464890F8D30308B1012200E085
:10C8000000222046641C0DF80020414890F8D40313
:10C8100008B1012200E000222046641C0DF800202F
:10C82000002507E03B48425D2046641C0DF80020CF
:10C83000681CC5B2402DF5D3002508E035484030CE
:10C84000425D2046641C0DF80020681CC5B2602DB6
:10C85000F4D3002508E02F48A030425D2046641C38
:10C860000DF80020681CC5B2202DF4D3002508E087
:10C870002848C030425D2046641C0DF80020681C2A
:10C88000C5B2202DF4D3002508E01F48D738425DFB
:10C890002046641C0DF80020681CC5B2202DF4D37E
:10C8A0000025002404E01DF804002844C5B2641CDF
:10C8B000B4F5FF7FF7D98DF8FF51002416E01DF87D
:10C8C0000460601C1DF8000046EA0026A01C1DF84C
:10C8D000000046EA0046E01C1DF8000046EA00663B
:10C8E000084960183146EFF79BFA241DB4F5007F24
:10C8F000E5D3EFF78BFA0DF5007DBDE8F081000080
:10C9000000F0070800F80708140A002090560020DD
:10C91000980600205D0800202DE9F04180460D4674
:10C9200016461C46B44202DB0020BDE8F08105EB50
:10C93000C4274FF400613846F0F760FAF5E70000CD
:10C94000F0B589B007460C460E9E0025002107E091
:10C950002548084490F800080DF80100481C81B2F1
:10C960002429F5DB002105E01DF801002844C5B2AB
:10C97000481C81B22329F7DB9DF82300A84202D08E
:10C98000002009B0F0BD002104E01DF80100605452
:10C99000481C81B21829F8DB9DF818009DF819C0D1
:10C9A00040EA0C209DF81AC040EA0C409DF81BC0DC
:10C9B00040EA0C6010609DF81C009DF81DC040EA24
:10C9C0000C2018809DF81E009DF81FC040EA0C2026
:10C9D0009DF820C040EA0C409DF821C040EA0C6060
:10C9E00030600120CDE7000000A0040878B50646BD
:10C9F0000C46154623466822024930460095FFF74B
:10CA000042FE78BD00B004082DE9F05F88469146EB
:10CA10001D460A9E4D4502DB0020BDE8F09F08EB55
:10CA2000C527EFF735FA3846EFF79EF9062801D10A
:10CA3000012000E000208246BAF1000F1BD0002444
:10CA400016E0315D601C305C41EA0021A01C305CC6
:10CA500041EA0041E01C305C41EA006B381959465C
:10CA6000EFF7DEF9062802D04FF0000A03E0241D9C
:10CA7000B4F5006FE5D3EFF7C9F95046CDE70000F4
:10CA800030B505460C462346682202492846FFF782
:10CA900043FF30BD00B0040810B50446EFF7F8F9C5
:10CAA0000248EFF761F9EFF7B1F910BD00F8070898
:10CAB0002DE9F04F8BB08A4615461F46149E002480
:10CAC000A0460AE01AF808202046611C8CB202A990
:10CAD0000A5408F101001FFA80F8B8F1180FF1DBD1
:10CAE0002046611C8CB202A90D54C5F307222046D2
:10CAF000611C8CB202A90A54C5F307422046611C8E
:10CB00008CB202A90A542A0E2046611C8CB202A9DA
:10CB10000A542046611C8CB202A90F543A122046D6
:10CB2000611C8CB202A90A542046611C8CB202A975
:10CB30000E54C6F307222046611C8CB202A90A5487
:10CB4000C6F307422046611C8CB202A90A54320E79
:10CB50002046611C8CB202A90A5400222046611CA6
:10CB60008CB202A90A549146002406E002A8005D96
:10CB7000484400F0FF09601C84B2232CF6DB8DF8DA
:10CB80002B90EFF785F91948EFF7EEF8062801D159
:10CB9000012000E000208346BBF1000F20D00024DC
:10CBA0001BE002A8015D02AA601C105C41EA0021A2
:10CBB000A01C105C41EA0041E01C105C41EA0060EE
:10CBC00001900A4960180199EFF72AF9062802D066
:10CBD0004FF0000B03E0201D84B2242CE1DB00BFEA
:10CBE000EFF714F958460BB0BDE8F08F00A8040821
:10CBF000F8B506460C4615462346682202493046DB
:10CC00000095FFF701FFF8BD00B0040878B50646AF
:10CC10000C46154623464122024930460095FFF74F
:10CC200032FD78BD0098000830B505460C46234615
:10CC3000412202492846FFF76FFE30BD00980008E8
:10CC400070B506460C46412C01DB002070BDEFF7A5
:10CC50001FF9074901EBC420EFF786F8062801D138
:10CC6000012000E000200546EFF7D0F82846EDE768
:10CC700000980008F8B506460C46154623464122A2
:10CC8000024930460095FFF7BFFEF8BD0098000846
:10CC90002DE9FC4F0D469046334C2078617840EAF0
:10CCA0000120A17840EA0140E17840EA016620795C
:10CCB000617940EA012B002005E0A11D095C01AA71
:10CCC0001154411CC8B20428F7DB4FF400394EB1AF
:10CCD0004E4507D831462548F0F790F8584501D120
:10CCE000B24602E00020BDE8FC8F0027002033E0C0
:10CCF00040B14FF02E0C3B4607F1010E1FFA8EF7A4
:10CD000005F803C001AB195C002200BF0A2391FBA8
:10CD1000F3FC03FB1C13303303F0FF0C134602F14A
:10CD2000010E0EF0FF020DF803C00A2391FBF3F38E
:10CD3000D9B20029EAD10BE0531EDBB21A461DF826
:10CD400003C03B4607F1010E1FFA8EF705F803C03A
:10CD5000002AF1D1411CC8B20428C9DB0020E855E3
:10CD6000C8F800A00120BEE700980208009800085B
:10CD70002DE9FF5F82460F464FF4003529464148B2
:10CD8000F0F73CF88046002003903846002117E079
:10CD9000002207E00378303BDBB202EB820403EBB6
:10CDA0004402401C0378302B02DB0378392BF1DD81
:10CDB00003AC625403782E2B00D1401C4A1CD1B224
:10CDC000042902DA0278002AE2D12FA207CA8DE8EC
:10CDD0000700E8B28DF80000280A8DF80100280C41
:10CDE0008DF80200280E8DF8030008F0FF008DF882
:10CDF00004004FEA28208DF805009DF80C008DF8FE
:10CE000006009DF80D008DF807009DF80E008DF8C6
:10CE100008009DF80F008DF809001E4EEFF738F856
:10CE20003046EEF7A1FF062801D1012000E00020E6
:10CE30008146B9F1000F1ED000241AE01DF804103D
:10CE4000601C1DF8000041EA0021A01C1DF8000034
:10CE500041EA0041E01C1DF8000041EA006B301976
:10CE60005946EEF7DDFF062802D04FF0000902E038
:10CE7000241D0C2CE2D3EEF7C9FF484604B0BDE8F0
:10CE8000F09F000000980008000000000000000073
:10CE9000000000FF009802082DE9F047ADF5027D83
:10CEA0008246002400260BE0D448304490F8000865
:10CEB00002A9885502A8805D2044C4B2701C86B2C5
:10CEC000B6F5FF7FF0DDCE480078A04276D1002590
:10CED000002710E000240AE02846691C8DB202A950
:10CEE000095CC84800EB07100155601CC4B2102C47
:10CEF000F2DB781CC7B2052FECDB2846691C8DB22B
:10CF000002A9085C40B2C04908732846691C8DB26A
:10CF100002A9085C012801D0012100E00021BB48E2
:10CF200080F8D113002409E02846691C8DB202A9BB
:10CF3000095CB44850300155601CC4B2052CF3DBC9
:10CF40000021B24880F8D0132846691C8DB202A98E
:10CF5000095CAE4880F8D2132846691C8DB202A93C
:10CF6000085C012801D1012100E00021A74880F8D8
:10CF7000D5132846691C8DB202A9085C012801D18D
:10CF8000012100E00021A14880F8D6132846691C41
:10CF90008DB202A9095C9D4880F8D713002409E0EE
:10CFA0002846691C8DB202A9095C9648B63801551D
:10CFB000601CC4B2202CF3D300240AE0F1E0284620
:10CFC000691C8DB202A9095C8E4896380155601C17
:10CFD000C4B2102CF3D3002409E02846691C8DB29A
:10CFE00002A9095C874886380155601CC4B2182C18
:10CFF000F3D32846691C8DB202A911F80080B8F15C
:10D00000010F01D1012100E00021804880F8D313F5
:10D010002846691C8DB202A911F80090B9F1010FE0
:10D0200001D1012100E00021784880F8D4130024C8
:10D0300008E02846691C8DB202A9095C74480155B4
:10D04000601CC4B2402CF4D3002409E02846691CBB
:10D050008DB202A9095C6E4840300155601CC4B213
:10D06000602CF3D3002409E02846691C8DB202A984
:10D07000095C6748A0300155601CC4B2202CF3D372
:10D08000002409E02846691C8DB202A9095C6048A9
:10D09000C0300155601CC4B2202CF3D3002409E039
:10D0A0002846691C8DB202A9095C5648D73801553B
:10D0B000601CC4B2202CF3D300200190B8F1010F02
:10D0C00005DD0021514880F8D31301200190B9F10A
:10D0D000010F05DD00214D4880F8D4130120019097
:10D0E00048485030EDF734FC042811D0312147482E
:10D0F00080F8CC13322180F8CD13332180F8CE1381
:10D10000342180F8CF13002180F8D0130120019042
:10D110003E4890F8D703012805DD00213B4880F800
:10D12000D7130120019001AB3AA220213548B6382F
:10D13000F2F776F901AB3BA2102132489638F2F7AC
:10D140006FF901AB37A218212E488638F2F768F93B
:10D1500001AB35A240212E48F2F762F901AB31A2B2
:10D1600060212B484030F2F75BF901AB2DA2202162
:10D170002748A030F2F754F901AB2AA22021244815
:10D18000C030F2F74DF901AB26A220211D48D73857
:10D19000F2F746F99DF8040010B15046FFF796FAF1
:10D1A00028E00121194880F8D113002180F8D31319
:10D1B00080F8D41380F8D21380F8D513012180F8B9
:10D1C000D613002180F8D71303200F4908733121AB
:10D1D0000E4880F8CC13322180F8CD13332180F82B
:10D1E000CE13342180F8CF13002180F8D01350469D
:10D1F000FFF76CFA0DF5027DBDE8F08700F0070837
:10D20000FFF90708140A0020905600209806002015
:10D210005D0800206D756C7469686F742E6F6E6C9C
:10D22000696E650000000000687474703A2F2F6505
:10D2300078616D706C652E636F6D00007047000043
:10D2400070B586B004460D4616466571266000200E
:10D25000A4F80804A4F80604A4F80C06A4F80A0626
:10D2600020710296ADF80C00ADF80E00ADF810007C
:10D270000C20ADF812000020ADF81400012D2AD1C9
:10D280003848C4F810068803EFF750F9012104204C
:10D29000EFF74CF901A8EEF7C0FF6802ADF8040003
:10D2A00018208DF8070003208DF8060001A92E48EC
:10D2B000EEF728FFA802ADF8040004208DF807005F
:10D2C00001A92948EEF71EFF28480068009068462B
:10D2D000EEF7E4FF30E0032D2ED12548C4F8100608
:10D2E00001218804EFF702F901210820EFF71EF968
:10D2F00001A8EEF792FF4FF48060ADF8040018200B
:10D300008DF8070003208DF8060001A91948EEF7F3
:10D31000F9FE4FF40060ADF8040004208DF807001A
:10D3200001A91448EEF7EEFE1048001D00680090B9
:10D330006846EEF7B3FF00BFD4F8100680B102A92B
:10D34000D4F81006EFF730FC012240F22551D4F852
:10D350001006EFF7CDFB0121D4F81006EFF7EDFB37
:10D3600006B070BD003801400008014070FF03089E
:10D3700000480040000C01400146B1F80604704727
:10D3800010B50446D4F8100600B910BDB4F80C0668
:10D39000B4F80A1688420CDAB4F80C365A1CA4F811
:10D3A0000C2604F20A42D15CD4F81006EFF765FCB3
:10D3B00008E000202071002240F22771D4F8100606
:10D3C000EFF796FB00BFE0E70A46B0F80634811D90
:10D3D000CA54B0F80634591CCB1701EB93539B1277
:10D3E000A1EB8323A0F80634704770B504460E46BF
:10D3F0001546D4F8100618B115B1B5F5007F00D95F
:10D4000070BD2A46314604F20A40EDF70BFBA4F842
:10D410000A560020A4F80C0601202071012240F2D7
:10D420002771D4F81006EFF763FB00BFE8E710B5EB
:10D4300003460A46C81701EB90508012A1EB8024E6
:10D44000981D005D10BD0021016001714171A0F8BF
:10D450000614A0F80814A0F80A16A0F80C16C0F8D4
:10D460001016704770B586B004462079012804D1A3
:10D470000020FE49087002202071FC4890F900004D
:10D4800012282CD2DFE800F0092C2B2B2B2B2B2B76
:10D490002B2B6D80A9FDF7F6F5F400227B21692086
:10D4A000F4F726FA0546FF200290039004900590B9
:10D4B00000900346062229460190ED48F9F7DEF96F
:10D4C00000206077EB48F9F723FFEB490860002064
:10D4D000A0720120E5490870E8A0F0F77DFAABE200
:10D4E000607F08B3A07FB0B1A27F0023E7A1012035
:10D4F000F0F70EFAA089401CA081A07A401CC0B2AF
:10D50000A072032803DB204600F0F8FD94E200201F
:10D51000D649087090E2E1A0F0F75EFA032020718E
:10D520000A20D24908701BE0D248F9F7F1FED2492F
:10D530000968401AB0F5FA5F12D3A27A0023DAA183
:10D540000120F0F7E5F9A07A401CC0B2A0720328D0
:10D5500003DB204600F0D2FD6EE20020C3490870D4
:10D560006AE2E0882189884206DBD5A0F0F734FA28
:10D57000204600F051FF5FE2042020710020A072DD
:10D580000B20BA49087057E2D248D0F83813E08827
:10D5900001EB402500227B216920F4F7A9F906461A
:10D5A000FF21E8B2CDE902010491C5F307200591FE
:10D5B000C5F307412B0E0022CDE900103146AC48DF
:10D5C000F9F75CF900202077AA48F9F7A1FEAA49EB
:10D5D00008600C20A54908702EE2BE48D0F8381328
:10D5E000E08801EB4025207F002828D0A069A842D0
:10D5F0001CD001232A46B8A10C20F0F789F9012399
:10D60000BCA10C20A269F0F783F9A089401CA0817D
:10D61000A07A401CC0B2A0720A2803DB204600F0AA
:10D620006DFD09E20B209149087005E20020B84920
:10D630000880B84908600D208C49087020E08D48AA
:10D64000F9F766FE8C490968401AB0F5FA7F17D3DE
:10D65000E2880023B0A10C20F0F75AF9A07A401C10
:10D66000C0B2A0720A2808DB204600F047FDE3E1C3
:10D670008AE1DEE08BE05DE003E00B207B4908708F
:10D68000DAE17C48F9F744FEA9490968401A032801
:10D6900000D2D1E1764801F0C1F800B9CCE1E088D0
:10D6A000A44901EB40209A4909884518002014E05C
:10D6B000295CA14A5143974A12681144954A116066
:10D6C000114609684FF6FF7202EA1141914A126849
:10D6D0005140904A1160411CC8B20828E8DB002282
:10D6E0007B216A20F4F704F90646E879A9796A797A
:10D6F0002B79CDE90232CDE90410E878A978CDE99B
:10D7000000106B782A7831465948F9F7B7F859482C
:10D71000F9F7FEFD864908607D48008808307C499D
:10D72000088008460088B0F5007F02DB0E204F49D4
:10D73000087081E14F48F9F7EBFD7D490968401A0F
:10D74000032800D278E14A4801F068F800B973E193
:10D7500000227B216920F4F7CBF80546FF200290D8
:10D760000390049005900090034602222946019000
:10D770003F48F9F783F8002084F821003D48F9F785
:10D78000C7FD3D4908600F203849087054E194F8FE
:10D79000210080B3606AB0F5007F04D15D49A06AC2
:10D7A0000968884223D0002364A10F20626AF0F741
:10D7B000AFF80123574865A102680F20F0F7A8F8D9
:10D7C000012367A10F20A26AF0F7A2F8A089401CEC
:10D7D000A081A07A401CC0B2A0720A2803DB2046B8
:10D7E00000F08CFC28E10B202049087024E1102077
:10D7F0001E4908701CE0FFE71E48F9F789FD1E4925
:10D800000968401AB0F5487F12D3E288002358A176
:10D810000F20F0F77DF8A07A401CC0B2A0720A2851
:10D8200003DB204600F06AFC06E10B200F4908707C
:10D8300002E100227B216920F4F75AF80546FF2017
:10D84000029003900490059000900346042229461C
:10D8500001900748F9F712F80020E0770548F9F73A
:10D8600057FD05490860112000498BE02C0100207C
:10D870000857002090560020300100206572617327
:10D88000652D616C6C2073656E7400006572617348
:10D89000652D726573756C740000000065726173AC
:10D8A00065206F6B0000000065726173652D7469FF
:10D8B0006D656F75742D7265747269657300000013
:10D8C000616C6C20667261676D656E747320646F45
:10D8D0006E65000098060020736574616464722DA3
:10D8E0006563686F2D6D69736D6174636828776116
:10D8F0006E742900736574616464722D6563686F6A
:10D900002D6D69736D6174636828676F74290000F9
:10D910003401002038010020736574616464722D45
:10D9200074696D656F75742D667261670000000023
:10D930003C01002000B00408139B02007665726968
:10D9400066792D6C656E28676F742900766572693B
:10D9500066792D6372632877616E74290000000078
:10D960007665726966792D63726328676F74290022
:10D970007665726966792D74696D656F75742D664B
:10D9800072616700087057E0E07FB8B394F8200038
:10D99000E8B194F82020002329A11120EFF7B8FF67
:10D9A000E28800232BA11120EFF7B2FFA089401CD1
:10D9B000A081A07A401CC0B2A0720A2803DB2046D6
:10D9C00000F09CFB38E00B202749087034E0E08829
:10D9D000401CE080E088C11700EB11710911A0EB39
:10D9E000011119B1E1882289914203D1E1881FA078
:10D9F000F1F72AFE0A201C4908701CE0FFE72048C6
:10DA0000F9F786FC1F490968401AB0F5FA6F12D37E
:10DA1000E28800231CA11120EFF77AFFA07A401CB6
:10DA2000C0B2A0720A2803DB204600F067FB03E0C7
:10DA30000B200D49087000BF00BF06B070BD00008C
:10DA4000666C6173682D726573756C7428636F649E
:10DA500065290000666C6173682D726573756C745E
:10DA60002D667261670000002C01002066726167FC
:10DA70006D656E74206F6B2C20646F6E6500000006
:10DA80009056002030010020666C6173682D746927
:10DA90006D656F75742D66726167000070B586B034
:10DAA00004462079012804D10020FE490870022094
:10DAB0002071FC4890F9000012282ED2DFE800F017
:10DAC000092E2D2D2D2D2D2D2D2D6F82ABFBFAF92D
:10DAD000F8F700227B216E20F3F70AFF0546552058
:10DAE000AA21FF220292CDE9032100920123019293
:10DAF000059006222946EC48F8F7C0FE0020607722
:10DB0000EA48F9F705FCEA4908600020A072012004
:10DB1000E4490870E7A0EFF75FFFBBE2607F08B35E
:10DB2000A07FB0B1A27F0023E8A10120EFF7F0FEB3
:10DB3000A089401CA081A07A401CC0B2A07203281A
:10DB400003DB204600F0DAFAA4E20020D549087091
:10DB5000A0E2E2A0EFF740FF032020710A20D149A4
:10DB600008701BE0D148F9F7D3FBD1490968401A86
:10DB7000B0F5FA5F12D3A27A0023DBA10120EFF700
:10DB8000C7FEA07A401CC0B2A072032803DB204667
:10DB900000F0B4FA7EE20020C24908707AE2E08820
:10DBA0002189884206DBD6A0EFF716FF204600F059
:10DBB00033FC6FE2042020710020A0720B20B949D1
:10DBC000087067E2D348D0F83813E08801EB4025AD
:10DBD00000227B216E20F3F78BFE0646FF21E8B280
:10DBE000CDE902010491C5F307200591C5F3074172
:10DBF0002B0E0022CDE900103146AB48F8F73EFE6F
:10DC000000202077A948F9F783FBA94908600C2078
:10DC1000A44908703EE2BF48D0F83813E08801EB11
:10DC20004025207F002829D0A069A8421CD00123CC
:10DC30002A46B9A10C20EFF76BFE0123BDA10C20F1
:10DC4000A269EFF765FEA089401CA081A07A401C64
:10DC5000C0B2A0720A2803DB204600F04FFA19E296
:10DC60000B209049087015E20020B9490880401E39
:10DC7000B84908600D208B49087020E08B48F9F7FF
:10DC800047FB8B490968401AB0F5FA7F17D3E28841
:10DC90000023B1A10C20EFF73BFEA07A401CC0B2DC
:10DCA000A0720A2808DB204600F028FAF2E199E188
:10DCB000E7E094E066E003E00B207A490870E9E1D0
:10DCC0007A48F9F725FBAA490968401A032800D2C7
:10DCD000E0E1754800F0A2FD00B9DBE1E088A5496C
:10DCE00001EB40209A490988451800201DE0295C75
:10DCF000984A12685140974A1160002111E0954AF4
:10DD0000127802F001022AB1924A12689A4B83EA11
:10DD1000520202E08F4A126852088E4B1A604A1C67
:10DD2000D1B20829EBDB411CC8B20828DFDB002296
:10DD30007B216F20F3F7DCFD0646E879A9796A7943
:10DD40002B79CDE90232CDE90410E878A978CDE944
:10DD500000106B782A7831465348F8F78FFD534806
:10DD6000F9F7D6FA8249086079480088083078497E
:10DD7000088008460088B0F5007F02DB0E20494984
:10DD8000087087E14948F9F7C3FA79490968401AE8
:10DD9000032800D27EE1444800F040FD00B979E15B
:10DDA00000227B216E20F3F7A3FD0546FF200290A1
:10DDB00003900490059000900346022229460190AA
:10DDC0003948F8F75BFD002084F821003748F9F75F
:10DDD0009FFA374908600F20324908705AE194F8D9
:10DDE000210080B35B480068C543606AB0F5007FDE
:10DDF00002D1A06AA84222D0002360A10F20626A4B
:10DE0000EFF786FD01232A4660A10F20EFF780FD82
:10DE1000012363A10F20A26AEFF77AFDA089401CBD
:10DE2000A081A07A401CC0B2A0720A2803DB204661
:10DE300000F064F92EE10B201A4908702AE1102045
:10DE4000184908701CE0FFE71848F9F761FA18490B
:10DE50000968401AB0F5487F12D3E288002354A124
:10DE60000F20EFF755FDA07A401CC0B2A0720A281F
:10DE700003DB204600F042F90CE10B200949087051
:10DE800008E100227B216E20F3F732FD0546AA202F
:10DE90005521FF220292CDE90321009213460192FF
:10DEA00005908FE040010020085700209056002088
:10DEB0004401002065726173652D70726F67726135
:10DEC0006D2D6F6E6C792073656E74006572617371
:10DED000652D726573756C74000000006572617366
:10DEE00065206F6B0000000065726173652D7469B9
:10DEF0006D656F75742D72657472696573000000CD
:10DF0000616C6C20667261676D656E747320646FFE
:10DF10006E65000098060020736574616464722D5C
:10DF20006563686F2D6D69736D61746368287761CF
:10DF30006E742900736574616464722D6563686F23
:10DF40002D6D69736D6174636828676F74290000B3
:10DF5000480100204C010020736574616464722DD7
:10DF600074696D656F75742D6672616700000000DD
:10DF70005001002000B004082083B8ED7665726976
:10DF800066792D6C656E28676F74290076657269F5
:10DF900066792D6372632877616E74290000000032
:10DFA0007665726966792D63726328676F742900DC
:10DFB0007665726966792D74696D656F75742D6605
:10DFC00072616700042229463448F8F757FC0020A4
:10DFD000E0773348F9F79CF932490860112032495B
:10DFE000087057E0E07FB8B394F82000E8B194F8E7
:10DFF000202000232DA11120EFF78AFCE2880023C6
:10E000002FA11120EFF784FCA089401CA081A07AE9
:10E01000401CC0B2A0720A2803DB204600F06EF854
:10E0200038E00B202049087034E0E088401CE08094
:10E03000E088C11700EB11710911A0EB011119B1B2
:10E04000E1882289914203D1E18822A0F1F7FCFA0C
:10E050000A20154908701CE0FFE71148F9F758F944
:10E0600010490968401AB0F5FA6F12D3E28800230C
:10E070001DA11120EFF74CFCA07A401CC0B2A07289
:10E080000A2803DB204600F039F803E00B2006499C
:10E09000087000BF00BF06B070BD00000857002028
:10E0A000905600204401002040010020666C6173FE
:10E0B000682D726573756C7428636F646529000040
:10E0C000666C6173682D726573756C742D66726110
:10E0D00067000000667261676D656E74206F6B2C5F
:10E0E00020646F6E65000000666C6173682D746952
:10E0F0006D656F75742D66726167000010B504461A
:10E100000120A0730320E07001A0EFF765FC10BDB3
:10E11000726573756C743D4552524F520000000099
:10E1200070B586B0044694F92C00B0F1FF3F24D0BE
:10E1300010B1012820D15BE00020E07300227B2198
:10E140000620F3F7D5FB0546FF20029003900490CC
:10E150000590009012230022294601905B48F8F7B1
:10E160008DFB5B48F9F7D4F85A490860FF2084F822
:10E170002C0059A0EFF730FCA5E0E07B58B163A07C
:10E18000EFF72AFC5248F9F7C3F86C490860012000
:10E1900084F82C0097E04E48F9F7BAF84D49096821
:10E1A000401AB0F5FA7F22D3A27861780120F3F704
:10E1B0009FFB0546FF2002900390049000210590EC
:10E1C00016230A46CDE9001029464048F8F756FBC9
:10E1D0003F48F9F79DF83F490860084600685749ED
:10E1E0000860012084F82C0055A0EFF7F5FB6AE0E9
:10E1F000E07B002831D004F110015E48FAF7E4FC1E
:10E200000546022D10D0032D0ED00DB95AA000E006
:10E2100065A0064600232A4631460120EFF778FB29
:10E220002046FFF76BFF4EE02575627804F1100180
:10E230005048FAF7E9FC48B96278002361A101204F
:10E24000EFF766FB2046FFF759FF3CE00120207105
:10E25000217D64A0F1F7F8F935E01D48F9F758F889
:10E2600036490968401A43F69821884209D30023A9
:10E270001A4664A10120EFF74BFB2046FFF73EFF53
:10E2800021E01348F9F744F812490968401AB0F53B
:10E29000487F17D300227B210620F3F729FB054690
:10E2A000FF2002900390049005900090122300221A
:10E2B000294601900548F8F7E1FA0548F9F728F8EA
:10E2C0000449086000BF00BF06B070BD08570020B9
:10E2D0009056002024010020636865636B696E67B7
:10E2E0002077686574686572207461726765742050
:10E2F000697320616C726561647920696E20626F58
:10E300006F746C6F616465722E2E2E00616C726585
:10E3100061647920696E20626F6F746C6F616465EF
:10E32000722C20736B697070696E672073776974E3
:10E33000636820636F6D6D616E64000028010020CA
:10E340007377697463682D746F2D626F6F746C6F6F
:10E35000616465722073656E742C207761697469DD
:10E360006E6720666F722074797065203132332EAB
:10E370002E2E000098060020626F6F746C6F61642F
:10E3800065722D756E6B6E6F776E2D6D6F64656D3A
:10E390002D6669726D776172652D75706461746543
:10E3A0002D6E656564656400626F6F746C6F616487
:10E3B00065722D616C676F726974686D2D756E730F
:10E3C00061666500626F6F746C6F616465722D6465
:10E3D00065766963652D747970652D6D69736D61FE
:10E3E00074636800626F6F746C6F6164657220643F
:10E3F000657465637465642C20616C676F72697401
:10E40000686D0000626F6F746C6F616465722D746B
:10E41000696D656F7574000030B587B004460520DE
:10E42000207100227B210120F3F762FA0546FF20CC
:10E430000290039004900121059016230022CDE95B
:10E44000001029460648F8F719FA06A0EFF7C4FAB3
:10E450000220E07008A0EFF7BFFA07B030BD00005F
:10E46000085700207377697463682D746F2D61708D
:10E47000702073656E740000726573756C743D4432
:10E480004F4E450070B502464D68C5F308538D8860
:10E49000C5F3C60401F10B00122B07D17B2C00D071
:10E4A00070BD0125D57305681561F9E7692B01D0A9
:10E4B0006E2B3DD17B2C00D0F2E70578012D06D0E4
:10E4C000032D12D0052D27D0072D30D12AE0457815
:10E4D0002D06867845EA0645C67845EA062506797A
:10E4E000354395610125157721E045782D0486781F
:10E4F00045EA0625C6783543556205792D064679E5
:10E5000045EA0645867945EA0625C679354395628A
:10E51000012582F821500AE0457882F82050012533
:10E52000D57704E0457895770125557700BF00BF82
:10E5300000BFB5E74170827001230370704700008F
:10E5400070B50446E07801284BD02078002847D0E9
:10E5500000202070384890F8160348B13648D0F8AB
:10E56000300328B13448B0F83003C0F3080010B1CC
:10E570000320E07070BD3048D0F838032F4988423E
:10E580000AD22D4801232EA1D0F838230020EFF71E
:10E59000BFF90320E070EDE70120E070002020715A
:10E5A00084F82C00A073A072A081E0802248D0F8EB
:10E5B0003003C0F34F2020812B48F8F7A9FE2B49E8
:10E5C00008602BA0EFF708FA21892BA0F1F73CF89F
:10E5D00061782DA0F1F738F8A1782EA0F1F734F882
:10E5E000C8E72148F8F794FE20490968401A2D49E8
:10E5F00088420FD31C48F8F78BFE1C490968451A5E
:10E6000000232A4628A11846EFF782F92046FFF793
:10E6100075FDAFE7207918B92046FFF781FDA9E71E
:10E62000207D032803D12046FFF738FA02E0204678
:10E63000FEF718FF00BF9DE7980600200080000845
:10E64000666C6173682D626173652D696E2D626FF2
:10E650006F746C6F616465722D726567696F6E2D82
:10E660007265667573656400905600202001002075
:10E670007374617274000000667261676D656E7418
:10E68000546F74616C000000746172676574547932
:10E6900070650000746172676574416464726573CB
:10E6A00073000000804F12006F766572616C6C2DF4
:10E6B00074696D656F75740010B594B004460121DE
:10E6C0000846EDF703FF01210420EDF72FFF01219C
:10E6D0000803EDF7FBFE07210020ECF7E5FC4FF403
:10E6E00060514FF48060EDF725FE4048EDF7DEF90C
:10E6F0003F4809900A9400200B9020200C900020A5
:10E700000D9080200E9040000F90800010902020EF
:10E710001190000212900020139009A93348EDF7E0
:10E72000ABFA01213148EDF79BFA0020019001205E
:10E730008DF808008DF809004FF460200390002048
:10E74000049001208DF8140001A929484C38ECF7F9
:10E75000AFFD0120ECF766FD01208DF818000020C8
:10E760008DF819008DF81A008DF81B008DF81C002B
:10E770008DF81D008DF81E0003208DF81F0000206D
:10E780008DF8200006A91A484C38ECF7BDFD00238F
:10E790000122102116484C38ECF7ACFC0120ECF7B4
:10E7A00041FD012112484C38ECF71AFD01211048B7
:10E7B0004C38ECF703FD00BF20210D484C38ECF736
:10E7C0006DFD0028F8D00A484C38ECF7FEFD00BF7C
:10E7D00007484C38ECF748FD0028F9D101210448DE
:10E7E0004C38ECF713FD14B010BD000008000240D7
:10E7F0004C0802407047000030B50446080540EA66
:10E80000423040EA8320044D2D7E40EAC500024D8F
:10E810006D7E284330BD00000857002001460448A3
:10E82000006800F0E05008B1012070470020FCE7CC
:10E830000868004010EE100A10B50023A0F5000192
:10E84000B1F1FE4F67D200BF00F500216FF07E02EC
:10E8500002EBE15CC1F302524FF07E5101EB025139
:10E8600000EE901AA0EBCC5003EB0C0100EE100A66
:10E8700051EA020036D030EE601A70EE200A9FEDA9
:10E880003D2A3E4881EE200A9FED3B1A60EE000AC9
:10E8900000EE821A60EE201A61EE810A784401EEE1
:10E8A000101A00EB82009FED362AB8EEC11AD0EDA7
:10E8B000001A344841EE021A784401EE101A00EBB7
:10E8C0008200B8EEC11A90ED002ADFED2F2A01EE8A
:10E8D000222AB0EE001A72EE200A40EE010A31EE52
:10E8E000A00A10BDF7EE000A9FED291A30EE600A6B
:10E8F000DFED260A00EE201ADFED260A60EE001A90
:10E9000040EE010A9FED241A00EE201A61EE810A02
:10E9100030EE200A10BD4FF07F41B1EB400F03D223
:10E92000BDE8104000F046B8B0F1FF4F08BF10BD81
:10E93000B5EEC00AF1EE10FA06D20120ECF7DDF9CF
:10E94000BDE8104000F03AB8B5EEC00AF1EE10FA9A
:10E9500007D10220ECF7D1F900F022F8B1EE400A1D
:10E9600010BDDFED0E0A6FF0160320EE200A10EE48
:10E97000100A69E766F1CC3EAAAA2A3F20180000D7
:10E980000070313F24180000F4FD053821ED423EAF
:10E990000A1180BEC1ABAA3EFFFFFFBE0000004BC4
:10E9A000DFED030AB7EE001A81EE200A704700007F
:10E9B0000000000030EE000A70470000DFED020AA0
:10E9C00080EEA00A704700000000000000B5024879
:10E9D000FFF710FF00BD0000C856002002480021CC
:10E9E000017000BF704700008D01002000B5024893
:10E9F000F7F7E8FF00BD00000857002000B5024807
:10EA0000F8F7AAFC00BD00009056002000B50248AF
:10EA1000FDF738FE00BD00000400002010B50248DC
:10EA2000FDF78AF910BD00009806002000B50248E5
:10EA3000FEF704FC00BD00008001002030380A28E9
:10EA400001D2012070470020704700001F48F8F7EE
:10EA500063FB1F48FEF720FA1D48FDF727FE1D48FF
:10EA6000F7F716FD1C48F8F70FFD1C48F7F760FE96
:10EA70001B48F8F781F81B48FDF7D8FA1A48FFF74A
:10EA80001BFE1A48F8F756FAEEF707F9F1F736FDCC
:10EA9000EEF706FEF3F78AF81548FDF7DDFB14E004
:10EAA0000A48F8F739FC0C48FBF7A6FC0B48F7F7C7
:10EAB0004BFF0C48FDF7D2FA0948F8F731FA0C4839
:10EAC000FDF7B0FD0948F8F77BFAE9E7905600201A
:10EAD00080010020D802002098060020085700205E
:10EAE0007C560020AC560020C85600203857002025
:10EAF0000400002070B504460D460F222146094847
:10EB0000ECF768F800200749C873A0222946064898
:10EB1000ECF760F80020044981F8A00001200349C7
:10EB2000087070BD3F4800204F4800207B00002047
:10EB300010B53DA0F3F7D4F83E493FA0F2F7EAFE46
:10EB40003C49103140A0F2F7E5FE3A49203141A09E
:10EB5000F2F7E0FE3749303141A0F2F7DBFE3549EC
:10EB6000403142A0F2F7D6FE3249503142A0F2F7CE
:10EB7000D1FE434890F8D11342A0F3F769F9404819
:10EB800090F8D21343A0F3F773F93D4890F8D313EC
:10EB900044A0F3F75DF93A4890F8D41346A0F3F790
:10EBA00057F9374890F8D51347A0F3F751F934488F
:10EBB00090F8D61348A0F3F74BF9314890F8D713E3
:10EBC00048A0F3F755F91B49B6394AA0F2F7A2FE5F
:10EBD000184996394AA0F2F79DFE164986394CA08D
:10EBE000F2F798FE264890F80E134DA0F3F740F97F
:10EBF000524953A0F2F78EFE5049203152A0F2F74D
:10EC000089FE4E49403154A0F2F784FE4B49A039A9
:10EC100055A0F2F77FFE4949603959A0F2F77AFE14
:10EC20005CA0F3F75DF810BD5B434F4E4649475D6E
:10EC30000D0A0000140A00206366672E70686F6E6C
:10EC40006541646D696E00006366672E70686F6E63
:10EC5000653100006366672E70686F6E6532000074
:10EC60006366672E70686F6E653300006366672E9B
:10EC700070686F6E653400006366672E70696E00A1
:10EC8000980600206366672E757365496E74657219
:10EC90006E6574006366672E74656D70556E697479
:10ECA000000000006366672E616C6C6F77526F61C5
:10ECB0006D696E67000000006366672E666F7263A1
:10ECC0006532674F6E6C79006366672E6661756C9E
:10ECD000745265706F7274006366672E636D644171
:10ECE000636B00006366672E6C616E6775616765B4
:10ECF000000000006D7174742E62726F6B6572009B
:10ED00006D7174742E757365726E616D65000000AF
:10ED10006D7174742E70617373776F72640000008C
:10ED20006D7174742E74656C656D65747279496E5D
:10ED300074657276616C536563000000FD08002005
:10ED40006E65742E61706E006E65742E61706E5506
:10ED50007365726E616D65006E65742E61706E50C4
:10ED6000617373776F7264006E65742E696E74657B
:10ED7000726E6574436865636B55726C00000000C9
:10ED80006E65742E636F6E6E656374696F6E4C6929
:10ED90006E6B00005B454E445D0D0A0008B568A02F
:10EDA000F2F79EFF69A000680090694668A0EEF740
:10EDB0007BFD684968A0F2F7ADFD6948017869A05C
:10EDC000F3F746F8664841786AA0F3F741F86448DB
:10EDD00081786BA0F3F74CF86149C91C6AA0F2F77F
:10EDE00099FD5F4913316BA0F2F794FD5C4928311E
:10EDF0006BA0F2F78FFD6E496EA0F2F78BFD6C49A8
:10EE0000C91D71A0F2F786FD5548B0F8AA1173A08C
:10EE1000F3F72EF85248D0F8AC1172A0F3F728F8A7
:10EE20004F4890F8B01172A0F3F722F84C4890F8D0
:10EE3000B41171A0F3F70CF85D492B3172A0F2F711
:10EE400069FD474890F8C51271A0F3F701F84448EE
:10EE500090F8101372A0F3F70BF84148B0F81213B2
:10EE600072A0F3F705F83E48B0F8141372A0F2F759
:10EE7000FFFF3B4890F8161373A0F2F7E9FF7649BD
:10EE800076A0F2F747FD3648D0F8301378A0F2F7B5
:10EE9000EFFF334890F8341379A0F2F7E9FF3048D8
:10EEA000D0F838137AA0F2F7E3FF2D4890F8541306
:10EEB0007BA0F2F7CDFF68493E317EA0F2F72AFD34
:10EEC0002748D0F8701381A0F2F7D2FF244890F8B9
:10EED000741383A0F2F7CCFF8548C17885A0F2F7C0
:10EEE000C7FF8348017987A0F2F7C2FF80484178C5
:10EEF00088A0F2F7BDFF7E4881788BA0F2F7B8FFBB
:10EF00007B48C1888EA0F2F7B3FF7948018991A0B0
:10EF1000F2F7AEFF7648818994A0F2F7A9FF744812
:10EF2000017D96A0F2F7A4FF7148C07B20B1704923
:10EF3000103197A0EEF7B8FC9AA0F2F7D1FE08BD09
:10EF40005B5354415455535D0D0A00007900001085
:10EF500066770000EF47002073657269616C0000FE
:10EF60009806002067736D2E726567697374657209
:10EF70006564000067736D2E726F616D696E670066
:10EF800067736D2E6373710067736D2E696D6569AC
:10EF90000000000067736D2E696363696400000000
:10EFA00067736D2E6F776E4E756D6265720000002F
:10EFB0002208002067736D2E6F70657261746F7226
:10EFC000436F64650000000067736D2E6F7065729B
:10EFD00061746F724E616D650000000067736D2E85
:10EFE0006C61630067736D2E63656C6C496400002F
:10EFF00067736D2E616374006E65742E636F6E6E41
:10F0000065637465640000006E65742E69700000AD
:10F010006D7174742E636F6E6E6563746564000049
:10F020006F74612E73746174757300006F74612E58
:10F0300070616765000000006F74612E7061676524
:10F04000546F74616C0000006F74612E737461679B
:10F05000656456616C696400AF0900206F74612EAD
:10F0600073746167656456657273696F6E00000042
:10F070006F74612E7374616765644279746573009F
:10F080006F74612E646576696365547970650000FC
:10F090006F74612E666C6173684261736500000075
:10F0A00073656C666F74612E737461676564566115
:10F0B0006C69640073656C666F74612E737461674C
:10F0C000656456657273696F6E00000073656C66E7
:10F0D0006F74612E7374616765644279746573003F
:10F0E0006175746F7265672E737461747573000057
:10F0F000404D002063616E72656C61792E7374619E
:10F100007475730063616E72656C61792E706861ED
:10F110007365000063616E72656C61792E74617253
:10F12000676574547970650063616E72656C6179AE
:10F130002E74617267657441646472657373000054
:10F1400063616E72656C61792E667261676D656E62
:10F150007400000063616E72656C61792E66726185
:10F16000676D656E74546F74616C000063616E72DC
:10F17000656C61792E6661696C73000063616E7203
:10F18000656C61792E616C676F726974686D0000DF
:10F1900063616E72656C61792E626C56657273691B
:10F1A0006F6E00005B454E445D0D0A0010B50446CD
:10F1B0009F2221460548EBF70DFD0020034981F809
:10F1C0009F0001200249087010BD0000F048002097
:10F1D0007C00002010B500290AD00878002807D04C
:10F1E00005487844EBF722FD002801D0002010BD2F
:10F1F0000248784410BD0000762300006E23000012
:10F2000021F00042A2F16052B2F5801F01F00043EC
:10F2100028BFD2F17F6C0BD95FEA001C43EAC2021F
:10F2200042EB507018BF704728BF20F001007047B4
:10F23000B2F5801FBCBF184670474FEA410C1CF561
:10F24000001F02D2084600F0D5B970B500F079F978
:10F2500000000089FFF7F6BF4FF00040A0F58000E6
:10F26000704700002DE9C04130B4DFF8A0C23CEA8D
:10F27000111418BF3CEA131400F0EC8081EA030576
:10F280001CEA111444EAD57418BF1CEA131500F0E7
:10F29000C780A4EB05044FF0004545EAC12145EACB
:10F2A000C32341EA505143EA525304F17F74994217
:10F2B00004F500344FEAC0204FEAC22208BF904252
:10F2C00000F09C804FEA13650FF24016765D4FEA1E
:10F2D000134506FB05F7C7F1807706FB07F74FEAF2
:10F2E000D737A7FB03687642C8F58038A7FB06CE60
:10F2F00038BFA8F1010807FB08E64FF0000EA6FB97
:10F30000028CE6FB03CEDCF1000CCEF1004E38BFE0
:10F31000AEF1010EA6FB0C584FF000074FF00005B0
:10F32000E6FB0E87A1FB08C6A0FB07CE16EB0E0678
:10F3300045F10005E1FB076515F1E04E7EBFA4F540
:10F3400080345FEA46066D4116F1800745F10005FD
:10F350004FEA17274FEA066647EA0567A6F1DE4639
:10F36000B6F1805F4FEA15251FD9384624F0010C0D
:10F3700005EBC471BCF1FE6F01EB0C1102D8F0BCBF
:10F38000BDE8008124425CBF01F5801E9EEAC47F77
:10F3900002D4F0BCBDE80081244238D4F0BCA1F115
:10F3A000C041BDE8004100F01AB94FEAD22242EA5A
:10F3B00043524FEAD323A7FB02864FEAD02040EA0C
:10F3C000415007FB03661EEA0E0F4FEAD12105FBF1
:10F3D000026658BFA6EB0056B6EB00564FEA520E37
:10F3E0004EEAC37E18EB0E0E56EB530EBDD518EB4E
:10F3F00002085E417F1C55F10005B6E74FF4801509
:10F400004FF000074FF000064FF00008ADE7F0BCEA
:10F410004FF0000001F1C04101F00041BDE8008162
:10F4200011EA0C1F0CEA131500D00CE013EA0C1FB4
:10F4300000F025804FF00000F0BC81EA030101F0EC
:10F440000041BDE80081F0BCBDE8004181EA030154
:10F4500000F0C5B8F0BCBDE8004170B500F071F82F
:10F46000097EFC3E00F007B881EA03014FF000007E
:10F4700001F00041704781EA030100F0B0B8F0BC30
:10F48000BDE800414FF0000021497047FFFDFBF946
:10F49000F7F5F4F2F0EEEDEBE9E8E6E4E3E1E0DEC7
:10F4A000DDDBDAD8D7D5D4D3D1D0CFCDCCCBCAC839
:10F4B000C7C6C5C4C2C1C0BFBEBDBCBBBAB9B8B760
:10F4C000B6B5B4B3B2B1B0AFAEADACABAAA9A8A853
:10F4D000A7A6A5A4A3A3A2A1A09F9F9E9D9C9C9B21
:10F4E0009A999998979796959594939392919190CC
:10F4F0008F8F8E8E8D8C8C8B8B8A8989888887875D
:10F500008685858484838382828181800000FF07D1
:10F510000000F87F10F0004248BF4042B0FA80F38C
:10F5200010FA03F10AD0C3F11D0303F580634FEA1B
:10F53000415002EB035202EBD12170474FF0000023
:10F5400070470EF1020E2EF0030E5EF8046B364289
:10F5500005D4012A43EB030515F5001F12D8012835
:10F5600041EB010C1CF5001F0CD80ED14FEAD17CE9
:10F5700015F5001F0CEB4C0C0CF1020C08BF4CEB0A
:10F58000D37C04E04FF0080C01E04FEAD37C0CEB95
:10F590004C0526FA05F606F00706B6F1040C06D26D
:10F5A0000EEB860CBDE870404CF0010C6047DFE8C4
:10F5B0000CF0090B02024FF000414FF00000A1F5E2
:10F5C000002170BD19461046012851EB010418BFF7
:10F5D000D4F5001484BF002001F0004170BD08087C
:10F5E000A0F500114FEA310170474FF04070E1EE95
:10F5F000100A7047FF2141EAD050C0057047030050
:10F6000004000500060007007B00000401171B2210
:10F61000232B2C00007B00000B02171B22232B2C1A
:10F6200000007B00000D03171B22232B2C00007B06
:10F63000000204017D000000000000007B000205C4
:10F64000017D000000000000007B000206027D003A
:10F650000000000000007B000207027D00000000A7
:10F660000000007B00020D037D0000000000000090
:10F670007B00030D037E00000000000000303132EB
:10F6800033343536373839616263646566000000AB
:10F69000E00604089403040838020408C0020408C1
:10F6A000D80604082403040820010408BC04040844
:10F6B000EC0404082C030408CC03040870010408BB
:10F6C000E80104080C030408D404040874060408C0
:10F6D0000406040898020408E40504081C0604084B
:10F6E00074030408DC040408BC0504087802040858
:10F6F0009C0404088801040880020408B803040874
:10F70000580204085C0504083405040828020408AB
:10F710002C040408FC0404082801040864030408F9
:10F72000C4050408DC030408B4030408C801040881
:10F73000EC0304084C040408FC030408C802040891
:10F740008403040894050408F80104088C040408E0
:10F75000140504083001040804030408B001040877
:10F7600000010408B4050408F4040408FC050408B6
:10F770006C030408E403040834030408700204085A
:10F780000801040810010408F002040884050408B4
:10F790000C0404088C060408D40304086C0504084F
:10F7A0001C040408040704081C030408F4050408E6
:10F7B0004C050408980604085002040824040408B0
:10F7C000C00604080C06040804040408EC05040838
:10F7D0006C0404086801040888020408E0020408B4
:10F7E000A404040838010408FC06040824060408DC
:10F7F0000C0504083C0404086405040860010408BE
:10F80000540604089C0504088406040894040408AB
:10F810002C0504087C0404082002040814060408CB
:10F8200098010408A0060408A0010408B80204080E
:10F830009C030408B0060408D40504084802040820
:10F840000C070408A4030408E4040408A002040844
:10F85000A80104086C060408900204089406040831
:10F86000F4030408B80604087C030408CC05040863
:10F870007C0604088C0304088C0504084001040875
:10F880005C0604081002040844040408E0010408AB
:10F8900054050408FC020408DC0504087801040887
:10F8A0001802040824050408AC040408C40404086D
:10F8B000400204087C050408D00604080405040876
:10F8C000EC0604083C03040814040408D8010408E6
:10F8D0002C060408C8060408E802040864060408A4
:10F8E00030020408F0010408D00204083C060408B1
:10F8F00074050408A4050408480104081403040856
:10F900005C040408640404081801040834040408AE
:10F91000CC040408E4060408440304088001040835
:10F92000F4060408180704084C030408AC03040890
:10F93000600204084406040820070408680204085A
:10F94000C00104081C0504083C050408A8020408BA
:10F950005C03040854040408500104083406040835
:10F9600074040408AC05040800020408F802040842
:10F97000C0030408D8020408B4040408D001040831
:10F98000A806040884040408C403040854030408F3
:10F99000B00204084C0604080802040858010408D0
:10F9A000B801040844050408140704089001040879
:10F9B000C0070408E809040824080408A40A040885
:10F9C00060070408180A0408F4080408580A040820
:10F9D00040070408F809040890070408F809040817
:10F9E000A0070408F809040898070408EC090408AB
:10F9F00028070408EC090408A8070408AC0A04084E
:10FA000068070408E80A0408E00704084C0A040828
:10FA100034080408180904085C08040810090408DC
:10FA2000C408040810090408480704084C0904081D
:10FA30009C080408600904087007040854090408B5
:10FA40008807040824090408840804082409040811
:10FA500000080408B009040858070408BC09040891
:10FA600080070408C00A0408EC080408A809040870
:10FA7000D00704089C09040830070408000A040899
:10FA8000E4080408600A0408FC080408600A040882
:10FA9000E8070408D809040864080408CC09040825
:10FAA000CC080408B40A0408C8070408CC0A0408EF
:10FAB0002C08040890090408540804088409040860
:10FAC000A4080408F00A04088C080408780904084B
:10FAD000DC080408A0090408B40804086C09040838
:10FAE000080804088C0A040844080408700A04087A
:10FAF00074080408E00A0408D80704081808040871
:10FB000094080408440A040838070408780A04081A
:10FB1000B807040834090408BC08040828090408C4
:10FB2000D408040840090408F0070408D40A0408AB
:10FB3000500704080409040878070408680A040840
:10FB4000100804080C0A04087C080408E4090408E6
:10FB5000AC080408A4090408B00704082C0A040827
:10FB60001C080408240A04084C080408380A04087D
:10FB7000F8070408800A04083C080408C0090408BF
:10FB80006C080408980A0408010000002413040803
:10FB90000200000024130408030000009812040867
:10FBA00004000000B411040805000000D41104088A
:10FBB00009000000001004080A000000B00E04084C
:10FBC0000C000000EC0E04080D000000540F0408A7
:10FBD0000E000000101004080F000000000F0408C1
:10FBE00010000000600F040811000000A40F0408BA
:10FBF00016000000840F04081B000000140F040806
:10FC00001C000000400F04081D00000058140408E8
:10FC1000240000000013040828000000C40F04089A
:10FC20002D000000FC1104082E000000241204081E
:10FC300035000000BC12040836000000DC12040885
:10FC4000370000004C12040838000000701204084D
:10FC5000390000004C1004083A0000002410040889
:10FC60003B0000009C1004083C00000074100408D5
:10FC70003D000000EC1004083E000000C410040821
:10FC80003F0000003C11040840000000141104086B
:10FC9000410000008C1104084200000064110408B7
:10FCA000450000004C0B040846000000300B04081F
:10FCB00047000000F80B040848000000DC0B0408B3
:10FCC00049000000A40C04084A000000880C040845
:10FCD0004B000000500D04084C000000340D0408D7
:10FCE0004D000000FC0D04084E000000E00D04086B
:10FCF0004F000000140B040850000000F80A04082C
:10FD000051000000C00B040852000000A40B0408BE
:10FD1000530000006C0C040854000000500C040850
:10FD200055000000180D040856000000FC0C0408E3
:10FD300057000000C40D040858000000A80D040876
:10FD40005B000000801404085C000000280F040819
:10FD50005D000000B41304085E000000781304087E
:10FD60005F000000680B040860000000840B0408BA
:10FD700061000000140C040862000000300C04084C
:10FD800063000000C00C040864000000DC0C0408E0
:10FD9000650000006C0D040866000000880D040872
:10FDA00067000000EC130408680000004813040812
:10FDB000C8000000E40F0408C90000009413040800
:10FDC000CA0000005C130408CB00000024140408DF
:10FDD000CC000000980E0408CD000000540E04086A
:10FDE000CE000000800E0408CF0000003C0E040886
:10FDF000D2000000D0130408D3000000180E04083D
:10FE0000D400000040140408D50000006C0E040863
:10FE1000D6000000280E0408D700000008140408CB
:10FE2000D8000000E00E0408D900000030130408D8
:10FE30004142434445464748494A4B4C4D4E4F503A
:10FE40005152535455565758595A61626364656606
:10FE50006768696A6B6C6D6E6F70717273747576BA
:10FE60007778797A303132333435363738392B2F49
:10FE70000042616420636D640A6275726E65722F60
:10FE8000656C656D656E742F666C6F6F722F656E35
:10FE900067696E65206F6E2F6F66660A7A31206F14
:10FEA00066660A7A3120686561740A7A312076655F
:10FEB0006E740A7A316461792032350A7A31206DA4
:10FEC000616E75616C0A7A31206175746F0A7761B1
:10FED000726D75700A6F66660A7374617475730A61
:10FEE0003F0A0046616C736368657220426566650F
:10FEF000686C0A6272656E6E65722F6865697A73E6
:10FF00007461622F66757373626F64656E2F6D6FB7
:10FF1000746F722065696E2F6175730A7A31206182
:10FF200075730A7A31206865697A656E0A7A3120BC
:10FF30006C75656674656E0A7A3174616720323556
:10FF40000A7A31206D616E75656C6C0A7A312061B8
:10FF500075746F0A617566776165726D656E0A61A9
:10FF600075730A7A757374616E640A3F0A00000043
:10FF700025010101270101011201000202000040D8
:10FF8000F519405700020102030109024300020172
:10FF900000C0320904000001020201000524001023
:10FFA00001052401000104240202052406000107C2
:10FFB0000582030800FF09040100020A000000078F
:10FFC0000503024000000705810240000004030908
:10FFD0000426034E004100540049004F004E0053D8
:10FFE0000000000000000000000000000000000011
:10FFF0000000000000000032034E003300320057C2
:020000040804EE
:10000000004200340035003200200050006F0072C2
:10001000007400200020000000000000000000002C
:1000200000000000000000000000000000000000D0
:100030000001020304060708090000000000010295
:100040000304010203040607080901020406080A62
:100050000C1020202020202020200100020004007D
:10006000060008000A000C0010002000400080007C
:10007000000100010001000100010000000000007B
:1000800000000000303132333435363738394142E0
:1000900043444546403058003031323334353637EA
:1000A0003839616263646566403078000400000896
:1000B000000000000000000200010000100000002D
:1000C000000000000030F13D0070643E0000A33EDF
:1000D0000090CF3E0090F83E00400F3F00E0203FF0
:1000E0000000000015B78337CDE37B380EE1C5383B
:1000F00060F69138AF5F0F38E1BC3E3823F44739E2
:100100006F7263610000000070616E646100000046
:100110006B6F616C61000000706C61736D61000059
:1001200070756D61000000007A6562726100000008
:10013000636F62726100000074756E64726100002A
:100140006175726F726100006E6F76610000000071
:100150007A696E630000000072656564000000004B
:1001600069736C616E640000666A6F7264000000FF
:10017000636C6F756400000070726F626500000050
:100180006A616465000000006E6F64650000000035
:100190007361676500000000676F726765000000AB
:1001A000707261697269650067616C6500000000CA
:1001B0007768616C650000006272616D626C650059
:1001C0006D6172626C6500006561676C65000000BE
:1001D0006D61706C650000006D6F64756C6500008A
:1001E0006472697A7A6C6500666C616D6500000006
:1001F000646F6D65000000006372616E6500000051
:1002000070696E650000000076696E650000000090
:100210006379636C6F6E650064726F6E65000000D9
:100220006361706500000000686172650000000095
:100230007370697265000000636F726500000000F2
:1002400070756C7365000000636F7073650000006B
:1002500067726F7573650000676174650000000068
:10026000736C6174650000006772616E697465008B
:10027000636F796F74650000627974650000000037
:10028000776176650000000067726F766500000098
:1002900068617A6500000000626C617A65000000A8
:1002A000627265657A65000062726F6E7A65000041
:1002B0006C65616600000000626C75666600000097
:1002C000776F6C660000000066696E63680000006E
:1002D0006172636800000000626972636800000078
:1002E0006D617273680000007A656E697468000061
:1002F000736C6F74680000006F616B006368696EF7
:100300006F6F6B00736861726B00000073706172D5
:100310006B000000717561726B00000073746F7286
:100320006B0000006861776B000000007365616C12
:10033000000000006A61636B616C00007369676EA6
:10034000616C00006F70616C00000000636F72618F
:100350006C000000706574616C000000737465656A
:100360006C00000063616D656C000000776561736F
:10037000656C0000706978656C0000006861696CEC
:1003800000000000717561696C0000007371756197
:100390006C6C000062656C6C000000006B6E6F6C32
:1003A0006C00000061746F6C6C000000706561721D
:1003B0006C0000006F776C006265616D00000000EA
:1003C000656C6D00626C6F6F6D00000073746F720E
:1003D0006D000000746F7563616E00007377616E6D
:1003E000000000006D617274656E000072617665D8
:1003F0006E0000007261696E00000000726F626939
:100400006E0000006D617274696E0000676962625F
:100410006F6E0000626561636F6E000066616C6301
:100420006F6E0000706967656F6E00006C696F6EBB
:1004300000000000667573696F6E00006C61676F85
:100440006F6E00006D6F6E736F6F6E006865726F18
:100450006E00000069726F6E0000000070686F74BB
:100460006F6E000070726F746F6E000063616E7962
:100470006F6E00006665726E000000006361766555
:10048000726E000074686F726E0000006765636BC7
:100490006F000000766F6C63616E6F006368697057
:1004A000000000007377616D70000000726164618C
:1004B0007200000063656461720000006265617231
:1004C00000000000736F6E6172000000616D626574
:1004D00072000000656D62657200000063796265FC
:1004E000720000007468756E646572006465657200
:1004F00000000000626164676572000074696765EE
:10050000720000006369706865720000676C616367
:10051000696572007669706572000000636F7070C3
:10052000657200006C617365720000006765797325
:10053000657200006F7474657200000073696C76F8
:1005400065720000636C6F7665720000706C6F7688
:100550006572000073686F7765720000746F77656D
:1005600072000000686172626F720000636F6E64F7
:100570006F720000616E63686F720000766563746D
:100580006F7200006C656D75720000007A657068AE
:100590007972000069626973000000006F6173691D
:1005A00073000000636F6D70617373006D6F737320
:1005B0000000000077616C72757300006E657875DD
:1005C00073000000676F617400000000736C656564
:1005D00074000000746869636B657400726F636B0C
:1005E00065740000636F6D65740000006C696E6E69
:1005F000657400006567726574000000666572725C
:10060000657400006472696674000000737769663F
:100610007400000073747261697400006F72626923
:100620007400000073756D6D697400006369726316
:1006300075697400636F62616C7400007661756C3B
:1006400074000000666C696E74000000726F6F7455
:1006500000000000646573657274000074656D705D
:100660006573740063726573740000006D69737460
:100670000000000066726F73740000006775737489
:1006800000000000706C6174656175006D616361EC
:1006900077000000646577006375726C6577000011
:1006A0006D6561646F77000077696C6C6F7700002F
:1006B000686F6C6C6F770000736E6F7700000000DE
:1006C00073706172726F770076657274657800007E
:1006D0006D617472697800006C796E7800000000BA
:1006E000666F78006F6E79780000000072656C614B
:1006F00079000000727562790000000076616C6C10
:10070000657900006F7370726579000065737475A8
:100710006172790069767900746F70617A00000007
:1007200071756172747A00003331303230300000FC
:1007300032323231300000003233323130000000CA
:100740003331303431300000323334313000000086
:1007500032303631300000003230383130000000A5
:100760003235303230000000333130313230000069
:100770003233343230000000323036323000000084
:100780003230383230000000323334333000000071
:100790003331303135300000333130323630000003
:1007A00033313033383000003331313438300000E9
:1007B000323330303100000032343030310000004C
:1007C0003235303031000000323630303100000038
:1007D000323232303100000032333230310000002A
:1007E0003236323031000000323134303100000016
:1007F00032303630310000003238363031000000FF
:1008000032303830310000003232383031000000F0
:1008100032363830310000004131000032333030A0
:1008200032000000323530303200000032363030D5
:1008300032000000323632303200000032383630BA
:1008400032000000323238303200000032333030B3
:1008500033000000323630303300000032363230A0
:10086000330000003231343033000000323836308B
:100870003300000032323830330000003236383076
:100880003300000032333433330000003230343070
:10089000340000003233323035000000323334315E
:1008A0003500000032363030360000003236383045
:1008B000360000003230343136000000323430303F
:1008C0003700000032363230370000003231343029
:1008D000370000003234303038000000323034301D
:1008E00038000000323232383800000032303838F8
:1008F00038000000323530393900000032323239E8
:10090000390000004F72616E6765204245000000AB
:100910006F32204445000000566F6461666F6E655B
:10092000204445004545000054656C653220534520
:100930000000000054656C69612053450000000010
:1009400054656C656E6F7220534500004F32205520
:100950004B000000546872656520554B0000000094
:10096000566F6461666F6E6520554B00542D4D6F58
:1009700062696C65204E4C00566F6461666F6E65EF
:10098000204E4C004F72616E676520504C00000095
:10099000542D4D6F62696C6520504C0054494D00D8
:1009A0004B504E004D454F00467265652046520043
:1009B0004F72616E67652046520000005346520038
:1009C000566F6461666F6E65205452004F72616E9F
:1009D0006765204553000000566F6461666F6E6561
:1009E000204553004E4F53004D545300542D4D6F2E
:1009F00062696C6520555300415426540000000084
:100A0000566F6461666F6E6520495400566F64616D
:100A1000666F6E652050540054656C6532205255E7
:100A2000000000004F3220435A000000542D4D6F4B
:100A300062696C6520435A00566F6461666F6E652B
:100A400020435A004D6167656E74610054656C65A2
:100A50006B6F6D2E646500004265656C696E6500A4
:100A600057696E645472650042617365000000004E
:100A700053756E7269736500447265690000000009
:100A80005475726B63656C6C00000000537769737A
:100A900073636F6D000000005475726B54656C6574
:100AA0006B6F6D004D656761466F6E0056657269CC
:100AB0007A6F6E004D6F766973746172000000008A
:100AC000426F75796775657300000000506C75732F
:100AD0000000000050726F78696D757300000000AF
:100AE00053616C7400000000537072696E740000F2
:100AF000506C6179000000004F70656E2063697270
:100B000063756974206F66207468652066616E2065
:100B10003100000053686F727420636972637569F5
:100B200074206F66207468652066616E2031000055
:100B30004F70656E2063697263756974206F6620FB
:100B40007468652070756D702031000053686F7295
:100B5000742063697263756974206F6620746865B8
:100B60002070756D702031004F70656E2063697262
:100B700063206175782074656D702073656E736F86
:100B80007220310053686F72742063697263206150
:100B900075782074656D702073656E736F72203187
:100BA000000000004F70656E2063697263756974A0
:100BB000206F66207468652066616E203200000038
:100BC00053686F72742063697263756974206F660D
:100BD000207468652066616E203200004F70656E7B
:100BE0002063697263756974206F6620746865207C
:100BF00070756D702032000053686F7274206369E5
:100C00007263756974206F66207468652070756DF5
:100C1000702032004F70656E2063697263206175C9
:100C2000782074656D702073656E736F722032006A
:100C300053686F72742063697263206175782074E1
:100C4000656D702073656E736F7220320000000056
:100C50004F70656E2063697263756974206F6620DA
:100C60007468652066616E203300000053686F72FF
:100C7000742063697263756974206F662074686597
:100C80002066616E203300004F70656E20636972CC
:100C900063756974206F66207468652070756D7067
:100CA0002033000053686F72742063697263756942
:100CB00074206F66207468652070756D7020330035
:100CC0004F70656E2063697263206175782074656A
:100CD0006D702073656E736F7220330053686F728E
:100CE000742063697263206175782074656D70206B
:100CF00073656E736F722033000000004F70656E75
:100D00002063697263756974206F6620746865205A
:100D100066616E203400000053686F72742063694E
:100D20007263756974206F66207468652066616EF1
:100D3000203400004F70656E2063697263756974BA
:100D4000206F66207468652070756D702034000017
:100D500053686F72742063697263756974206F667B
:100D6000207468652070756D702034004F70656E5A
:100D70002063697263206175782074656D702073DB
:100D8000656E736F7220340053686F7274206369EC
:100D90007263206175782074656D702073656E7361
:100DA0006F722034000000004F70656E206369721E
:100DB00063756974206F66207468652066616E20B3
:100DC0003500000053686F7274206369726375693F
:100DD00074206F66207468652066616E203500009F
:100DE0004F70656E2063697263756974206F662049
:100DF0007468652070756D702035000053686F72DF
:100E0000742063697263756974206F662074686505
:100E10002070756D7020350053696E676C652070A9
:100E200068617365204F4300436F6E64656E736F36
:100E3000722066616E204F430000000043616269CA
:100E40006E2074656D702073656E736F72204F43F2
:100E500000000000457661706F7261746F722073DC
:100E6000656E736F72204F4300000000436F6E6425
:100E7000656E736F722066616E2053430000000040
:100E8000436162696E2074656D702073656E736F67
:100E90007220534300000000457661706F726174E8
:100EA0006F722073656E736F7220534300000000F1
:100EB00046616E20737065656420646F6573206E93
:100EC0006F7420636F72726573706F6E6420746FDD
:100ED0002074686520646566696E656400000000C2
:100EE0004C6F7720766F6C7461676500486967683E
:100EF00020737570706C7920766F6C746167650013
:100F00004C6F7720737570706C7920766F6C74619C
:100F10006765000046616E20646F6573206E6F74B4
:100F200020726F74617465004C6971756964206C1E
:100F30006576656C20746F6F2068696768000000D3
:100F400046616E2073656C662D726F746174696F93
:100F50006E0000004E6F2069676E6974696F6E00E5
:100F6000426F64792074656D702073656E736F7263
:100F700020646F6573206E6F7420636F6F6C2064E4
:100F80006F776E004F70656E206369726375697468
:100F9000206F6620746865206675656C2070756DBD
:100FA0007000000053686F72742063697263756922
:100FB00074206F6620746865206675656C20707596
:100FC0006D7000004E6F20636F6E6E656374696FA5
:100FD0006E2077697468207468652068656174653F
:100FE000720000004E6F20636F6E6E656374696FF0
:100FF0006E207769746820696E7665727465720018
:10100000476C6F7720706C7567206572726F720025
:1010100057617465722070756D70206572726F72A1
:10102000000000004F70656E20636972637569741B
:10103000206F6620746865207A6F6E652031207499
:10104000656D702073656E736F72000053686F7208
:10105000742063697263756974206F6620746865B3
:10106000207A6F6E6520312074656D702073656E17
:10107000736F72004F70656E206369726375697477
:10108000206F6620746865207A6F6E652032207448
:10109000656D702073656E736F72000053686F72B8
:1010A000742063697263756974206F662074686563
:1010B000207A6F6E6520322074656D702073656EC6
:1010C000736F72004F70656E206369726375697427
:1010D000206F6620746865207A6F6E6520332074F7
:1010E000656D702073656E736F72000053686F7268
:1010F000742063697263756974206F662074686513
:10110000207A6F6E6520332074656D702073656E74
:10111000736F72004F70656E2063697263756974D6
:10112000206F6620746865207A6F6E6520342074A5
:10113000656D702073656E736F72000053686F7217
:10114000742063697263756974206F6620746865C2
:10115000207A6F6E6520342074656D702073656E23
:10116000736F72004F70656E206369726375697486
:10117000206F6620746865207A6F6E652035207454
:10118000656D702073656E736F72000053686F72C7
:10119000742063697263756974206F662074686572
:1011A000207A6F6E6520352074656D702073656ED2
:1011B000736F72004572726F72206F66207468657B
:1011C000206C69717569642074656D702073656E3B
:1011D000736F72004F70656E206369726375697416
:1011E000206F662074686520666C616D652074658B
:1011F0006D702073656E736F720000004F70656EC6
:101200002063697263756974206F66207468652055
:1012100074616E6B2074656D702073656E736F7290
:101220000000000053686F7274206369726375690F
:1012300074206F66207468652074616E6B2074651D
:101240006D702073656E736F720000004F70656E75
:101250002063697263756974206F66207468652005
:101260006169722074656D702073656E736F7200B2
:1012700053686F72742063697263756974206F6656
:1012800020746865206169722074656D70207365D3
:101290006E736F72000000004572726F72206F668D
:1012A00020746865206F7665726865617420746566
:1012B0006D702073656E736F720000004F70656E05
:1012C0002063697263756974206F66207468652095
:1012D000666C6F772073656E736F720053686F7200
:1012E000742063697263756974206F662074686521
:1012F00020666C6F772073656E736F72000000005C
:101300004F76657268656174696E67206F662074D8
:10131000686520666C616D6520696E6469636174DF
:101320006F7200004F76657268656174000000009E
:10133000496E76657274657220504342206F7665FF
:1013400072686561740000005A6F6E652D70756D6E
:101350007020636F6E666C6963740000457661701F
:101360006F7261746F722066616E206F70656E209F
:1013700063697263756974004C6576656C2073658A
:101380006E736F72206F70656E206369726375692A
:1013900074000000457661706F7261746F72206630
:1013A000616E2073686F727420636972637569740B
:1013B000000000004C6576656C2073656E736F727B
:1013C0002073686F727420636972637569740000BA
:1013D000436F6D70726573736F722073686F727490
:1013E0002063697263756974000000004578746554
:1013F0006E73696F6E20626F617264206C696E6BD0
:10140000206661756C740000436F6E64656E736F67
:10141000722066616E206F76657263757272656E9A
:1014200074000000457661706F7261746F7220669F
:10143000616E206F76657263757272656E740000FE
:10144000436F6D70726573736F72206F7665726330
:10145000757272656E740000457863656564696EC7
:101460006720746865206C696D6974206F662066FA
:101470006C616D6520626C6F776F757400000000A1
:101480004C6971756964206C6576656C20746F6F4A
:10149000206C6F77000000007A6E31007A6E3200A7
:1014A0007A6E33007A6E34007A6E3500657261733D
:1014B0006564000064657465637465640000000021
:1014C00069646C6500000000646F6E6500000000D8
:1014D0006F66660073746167696E6700737769741D
:1014E0006368696E6700000072657475726E696E7C
:1014F000670000007472616E7366657272696E6770
:101500000000000065726173696E67006C75656646
:1015100074656E006865697A656E00006572726F49
:10152000720000006175730068656174000000005E
:1015300076656E7400000000841604080000002028
:10154000D8020000D4A102086C170408D8020020B9
:10155000F899000030A202081001000043000000CA
:10156000F8FFFFFF004040404040404040404141C4
:101570004141414040404040404040404040404068
:101580004040404040050202020202020202020202
:1015900002020202022020202020202020202002FF
:1015A000020202020202909090909090101010108F
:1015B000101010101010101010101010101010102B
:1015C00002020202020288888888888808080808BF
:1015D000080808080808080808080808080808088B
:1015E00002020202400000000000000000000000B3
:1015F00000000000000000000000000000000000EB
:1016000000000000000000000000000000000000DA
:1016100000000000000000000000000000000000CA
:1016200000000000000000000000000000000000BA
:1016300000000000000000000000000000000000AA
:10164000000000000000000000000000000000009A
:10165000000000000000000000000000000000008A
:101660000000000000000000A5D3FFFFB1D3FFFF82
:101670008DD3FFFF59D3FFFFB5D3FFFF71D3FFFF1A
:101680005DD3FFFF0217240326FFFFAA010CA90D5B
:10169000012B180AD01404082815040830041A2451
:1016A000041A14041A0C0401241A983C1A9C041AF3
:1016B000A0041AA4041AA80401101AC0141AD4040D
:1016C0001AC8041A1C58E9101ADC081AB4041A04BF
:1016D0000C1AAC081AF4040A11E848012EC3F401EC
:1016E000690D023A0A141A034E12331232125712BB
:1016F0004212341A350A011B0F1C81F4020875F2DC
:10170000040B10DDF614512AC2AE12081A04071891
:10171000164105030819130308A115030829170327
:1017200008C51603082D081B01180C19081AB10466
:101730001AD90441324029441A8D100916741AA589
:101740001C3678FF0308121A8A0832431ACD083271
:10175000041AD10832261AF70829DD13AB017320C9
:0C1760001A299201290400449508000099
:020000040804EE
:10A0000055555555555579000010000000000000C9
:10A010000000000000000000000000000000000040
:10A020000000000000000000000000000000000030
:10A030000000000000000000000000000000000020
:10A040000000000000000000000000000000000010
:10A050000000000000000000000000000000000000
:10A0600000000000000000000000000000000000F0
:10A0700000000000000000000000000000000000E0
:10A0800000000000000000000000000000000000D0
:10A0900000000000000000000000000000000000C0
:10A0A00000000000000000000000000000000000B0
:10A0B00000000000000000000000000000000000A0
:10A0C0000000000000000000000000000000000090
:10A0D0000000000000000000000000000000000080
:10A0E0000000000000000000000000000000000070
:10A0F0000000000000000000000000000000000060
:10A10000000000000000000000000000000000004F
:10A11000000000000000000000000000000000003F
:10A12000000000000000000000000000000000002F
:10A13000000000000000000000000000000000001F
:10A14000000000000000000000000000000000000F
:10A1500000000000000000000000000000000000FF
:10A1600000000000000000000000000000000000EF
:10A1700000000000000000000000000000000000DF
:10A1800000000000000000000000000000000000CF
:10A1900000000000000000000000000000000000BF
:10A1A00000000000000000000000000000000000AF
:10A1B000000000000000000000000000000000009F
:10A1C000000000000000000000000000000000008F
:10A1D000000000000000000000000000000000007F
:10A1E000000000000000000000000000000000006F
:10A1F000000000000000000000000000000000005F
:10A20000000000000000000000000000000000004E
:10A21000000000000000000000000000000000003E
:10A22000000000000000000000000000000000002E
:10A23000000000000000000000000000000000001E
:10A24000000000000000000000000000000000000E
:10A2500000000000000000000000000000000000FE
:10A2600000000000000000000000000000000000EE
:10A2700000000000000000000000000000000000DE
:10A2800000000000000000000000000000000000CE
:10A2900000000000000000000000000000000000BE
:10A2A00000000000000000000000000000000000AE
:10A2B000000000000000000000000000000000009E
:10A2C000000000000000000000000000000000008E
:10A2D000000000000000000000000000000000007E
:10A2E000000000000000000000000000000000006E
:10A2F000000000000000000000000000000000005E
:10A30000000000000000000000000000000000004D
:10A31000000000000000000000000000000000003D
:10A32000000000000000000000000000000000002D
:10A33000000000000000000000000000000000001D
:10A34000000000000000000000000000000000000D
:10A3500000000000000000000000000000000000FD
:10A3600000000000000000000000000000000000ED
:10A3700000000000000000000000000000000000DD
:10A3800000000000000000000000000000000000CD
:10A3900000000000000000000000000000000000BD
:10A3A00000000000000000000000000000000000AD
:10A3B000000000000000000000000000000000009D
:10A3C000000000000000000000000000000000008D
:10A3D000000000000000000000000000000000007D
:10A3E000000000000000000000000000000000006D
:10A3F000000000000000000000000000000000005D
:10A40000000000000000000000000000000000004C
:10A41000000000000000000000000000000000003C
:10A42000000000000000000000000000000000002C
:10A43000000000000000000000000000000000001C
:10A44000000000000000000000000000000000000C
:10A4500000000000000000000000000000000000FC
:10A4600000000000000000000000000000000000EC
:10A4700000000000000000000000000000000000DC
:10A4800000000000000000000000000000000000CC
:10A4900000000000000000000000000000000000BC
:10A4A00000000000000000000000000000000000AC
:10A4B000000000000000000000000000000000009C
:10A4C000000000000000000000000000000000008C
:10A4D000000000000000000000000000000000007C
:10A4E000000000000000000000000000000000006C
:10A4F000000000000000000000000000000000005C
:10A50000000000000000000000000000000000004B
:10A51000000000000000000000000000000000003B
:10A52000000000000000000000000000000000002B
:10A53000000000000000000000000000000000001B
:10A54000000000000000000000000000000000000B
:10A5500000000000000000000000000000000000FB
:10A5600000000000000000000000000000000000EB
:10A5700000000000000000000000000000000000DB
:10A5800000000000000000000000000000000000CB
:10A5900000000000000000000000000000000000BB
:10A5A00000000000000000000000000000000000AB
:10A5B000000000000000000000000000000000009B
:10A5C000000000000000000000000000000000008B
:10A5D000000000000000000000000000000000007B
:10A5E000000000000000000000000000000000006B
:10A5F000000000000000000000000000000000005B
:10A60000000000000000000000000000000000004A
:10A61000000000000000000000000000000000003A
:10A62000000000000000000000000000000000002A
:10A63000000000000000000000000000000000001A
:10A64000000000000000000000000000000000000A
:10A6500000000000000000000000000000000000FA
:10A6600000000000000000000000000000000000EA
:10A6700000000000000000000000000000000000DA
:10A6800000000000000000000000000000000000CA
:10A6900000000000000000000000000000000000BA
:10A6A00000000000000000000000000000000000AA
:10A6B000000000000000000000000000000000009A
:10A6C000000000000000000000000000000000008A
:10A6D000000000000000000000000000000000007A
:10A6E000000000000000000000000000000000006A
:10A6F000000000000000000000000000000000005A
:10A700000000000000000000000000000000000049
:10A710000000000000000000000000000000000039
:10A720000000000000000000000000000000000029
:10A730000000000000000000000000000000000019
:10A740000000000000000000000000000000000009
:10A7500000000000000000000000000000000000F9
:10A7600000000000000000000000000000000000E9
:10A7700000000000000000000000000000000000D9
:10A7800000000000000000000000000000000000C9
:10A7900000000000000000000000000000000000B9
:10A7A00000000000000000000000000000000000A9
:10A7B0000000000000000000000000000000000099
:10A7C0000000000000000000000000000000000089
:10A7D0000000000000000000000000000000000079
:10A7E0000000000000000000000000000000000069
:10A7F0000000000000000000000000000000000059
:040000050802A199B3
:00000001FF
