:020000040803EF
:10000000885E0020D9020308612103080D2103083E
:100010005D210308B11203085F2B030800000000F4
:10002000000000000000000000000000B5250308EB
:100030007D1B030800000000EF020308B925030838
:10004000F3020308F3020308F3020308F3020308B0
:10005000F3020308F3020308F3020308F3020308A0
:10006000F3020308F3020308F3020308F302030890
:10007000F3020308F3020308F3020308F302030880
:10008000F3020308F3020308F3020308F302030870
:10009000572B0308B5120308F3020308F302030801
:1000A000F3020308F3020308F3020308F302030850
:1000B000F3020308F3020308F3020308F302030840
:1000C000F3020308F3020308F3020308F302030830
:1000D000F302030879290308F3020308F302030873
:1000E000F3020308F30203084B2B0308F30203088F
:1000F000F3020308F3020308F3020308F302030800
:10010000F3020308F3020308F3020308F3020308EF
:10011000F3020308F3020308F3020308F3020308DF
:10012000F3020308F3020308F3020308F3020308CF
:10013000F3020308F3020308F3020308F3020308BF
:10014000CD13030809140308F3020308F30203089C
:10015000F3020308F3020308F3020308F30203089F
:10016000F3020308F3020308F3020308F30203088F
:10017000F3020308F3020308F3020308F30203087F
:10018000F302030875290308F3020308F3020308C6
:10019000F3020308F302030800F002F800F08CF801
:1001A0000AA090E8000C82448344AAF10107DA45D2
:1001B00001D100F081F8AFF2090EBAE80F0013F098
:1001C000010F18BFFB1A43F00103184758CD000078
:1001D00078CD00000A444FF0000C10F8013B13F0FA
:1001E000070408BF10F8014B1D1108BF10F8015B90
:1001F000641E05D010F8016B641E01F8016BF9D183
:1002000013F0080F1EBF10F8014BAD1C0C1B09D1D9
:100210006D1E58BF01F801CBFAD505E014F8016B4B
:1002200001F8016B6D1EF9D59142D6D370470000DD
:100230000023002400250026103A28BF78C1FBD8EF
:10024000520728BF30C148BF0B6070476E2900F0CD
:100250001581702900F0E081692900F0D3806429BC
:1002600000F0D080752900F0CD806F2900F07881F2
:10027000782900F0C4810368DB0928BF41F08001C0
:10028000632900F04C85732900F05185E32900F0C3
:100290005C85002070471FB50BF001FC00F044FEA8
:1002A0000400002000210BF0EFF9401C606000F01A
:1002B00097FC1FBD10B510BD00F048FE1146FFF7BA
:1002C000EAFF0BF07BF900F066FE03B4FFF7F2FFE4
:1002D00003BC00F06BFE0000094880470948004756
:1002E000FEE7FEE7FEE7FEE7FEE7FEE7FEE7FEE7E6
:1002F000FEE7FEE704480549054A064B7047000043
:10030000B12603089901030888220020885E002096
:10031000883A0020883A00200FB41CB5074B06AA83
:100320007B4469460090059800F0D7FC00206946A0
:1003300000F0E6FC1CBC5DF814FB0000DD090000C9
:1003400070B5044685690068C10601D5302600E015
:100350002026C00707D070BDD4E901213046904760
:10036000206A401C20626D1EF6D570BD70B5044633
:1003700085690078C00707D170BDD4E9012120202C
:100380009047206A401C20626D1EF6D570BD09683A
:100390004A0501D540B27047C905FCD500B2704787
:1003A00009684A0501D5C0B27047C905FCD580B2BD
:1003B000704770B50C460546012A05D0287880069E
:1003C00000D5EA69002302E0012305E05B1C9342AB
:1003D00002D2E05C0028F9D1A869E618C01AA86129
:1003E000286A184428622846FFF7AAFF04E0D5E9E6
:1003F000012114F8010B9047B442F8D32846FFF7C7
:10040000B5FF70BD2DE9F04106460024106875293E
:10041000314616A510D0FFF7BAFF002802DA404295
:1004200013A507E031688A0701D512A502E0490744
:1004300004D511A5012401E0FFF7B2FF00210A2233
:1004400006F1240709E0B0FBF2FCB0FBF2F302FB7B
:100450001C00303078541846491C0028F3D123463C
:100460002A463046BDE8F04100F0D8BB000000004D
:100470002D0000002B000000200000001168026821
:10048000006A530501D508700AE0D30501D508803C
:1004900006E0130603D5C217C1E9000200E00860B8
:1004A000012070472DE9FF5F15468A460446DFF8B4
:1004B000AC80F8440027D8E900103E46CDE9001092
:1004C00010E05AF826106A4602A800F099FC411C78
:1004D00007D02178890603D5E269391891420DD8F1
:1004E0000744761C2078800602D5E069B84205DD15
:1004F000AE42E6DB5AF826000028E2D1A069C01B14
:10050000A0612046FFF71CFFD8E90010CDE90010DC
:10051000002017E05AF828106A4602A800F070FC84
:10052000B0F1FF3F81460BD000250DF1080B05E02F
:10053000D4E901211BF8050090476D1C4D45F7D308
:1005400008F10100B0428046E4DB206A38442062B2
:100550002046FFF70BFFBDE8FF9F000092BC0000A4
:1005600070B5044621461068FFF71AFF002104F118
:10057000240505E000F007023032C0086A54491C27
:100580000028F7D12068002307A2050707D58006B9
:1005900000D421B1E069012304A2401EE06120469D
:1005A000BDE8704000F03ABB0000000030000000E1
:1005B000F0B40D460188090502D51B4C7C4402E0CD
:1005C000194C7C440E34002100F1240305E002F0B4
:1005D0000F061209A65D5E54491C002AF7D1027865
:1005E0000023120704D5702D06D009B1022311345F
:1005F0002246F0BC00F012BB01231034F8E770B5BE
:1006000004460D4621461068FFF7CAFE02462946F9
:100610002046BDE87040CBE70368126843F0200332
:1006200003600823C361C3E790BB00002DE9F05FBE
:10063000894604464FF0000ADFF874B1FB44C0F865
:1006400020A02046E1688847002874D0252806D0DD
:10065000D4E901219047206A401C2062F1E700267E
:100660005F462046E16888472028054607DB312D94
:1006700005D2781910F8200C08B10643F1E7B0074D
:1006800001D526F00406C4F81CA00027C4F818A061
:100690002A2D09D028460AF089FF38B304EB8708D1
:1006A000303DC8F8185019E059F8041B204604EBF7
:1006B00087029161E1688847012F054618D1E069FA
:1006C000002820DA26F020061DE0D8F8180000EBFC
:1006D000800005EB40003038C8F818002046E1687B
:1006E000884705460AF062FF0028EED1012F0AD0A4
:1006F0002E2D08D12046E16888477F1C0546022F31
:1007000046F02006C4DBA069002803DA404246F028
:100710000106A061F00701D026F010066C2D0BD069
:10072000682D09D04C2D39D06A2D35D0742D35D097
:100730007A2D33D016E038E0E1682F46204688470E
:10074000B842054609D16C2F26D04FF48060E1688D
:10075000064320468847054604E06C2F1AD04FF424
:10076000807006430DB3A5F14100192802D8203549
:1007700046F400664A462946204626604E46FFF764
:1007800065FD80B101280BD0F61D26F0070000F1B1
:10079000080956E74020E4E78020D8E70020D6E7A4
:1007A00006F104094DE7284652E7206ABDE8F09FAC
:1007B00038BB000070B5064600F02CFA0468054608
:1007C00030460A22002100F002F82C6070BD2DE9AD
:1007D000F04791460F4680460446002614F8015B18
:1007E0002DB100F00FFA0068405DC007F6D12B2D47
:1007F00002D02D2D18D0641E4A463946204600F0FE
:10080000B0FA27B13968A14201D1C7F800804FF092
:10081000020471050BD54042002803DD00F0FAF90F
:100820000460A007BDE8F08746F48066E4E700288E
:10083000F8DA00F0EFF904606FF00040F2E7401ED4
:10084000CAB210F8011F8A4202D00029F9D1002053
:10085000704710B5431E13F8014F002CFBD105E083
:1008600011F8014B002C03F8014B03D0521EF7D2B4
:100870000021197010BD0022CBB210F8011B994263
:1008800000D1421E0029F8D11046704710B5431C14
:1008900002E010F8011B71B18107FAD14FF001326B
:1008A00002C88C1A8C4314EAC211F9D0C01A0A0685
:1008B00003D0C01E10BDC01A10BD0A0401D0801E96
:1008C00010BD0902FCD0401E10BD40EA010370B506
:1008D0009B072ED14FF00136042A2AD308C810C92D
:1008E0009D1B9D43121F15EAC61517D0D8B2E1B261
:1008F000401A50EA056110D198B2A1B2401A50EAEC
:1009000005410AD123F07F4024F07F41401A50EA8C
:10091000052102D1180EA0EB146070BDA342DBD0FC
:1009200018BA21BA884201D9012070BD4FF0FF30BA
:1009300070BD0AB9002070BD10F8013B11F8014BE1
:1009400063B1A3420AD1521E08D010F8013B11F83E
:10095000014B1BB1A34201D1521EEDD1181B70BD3A
:10096000032A40F2308010F0030C00F0158011F8DB
:10097000013BBCF1020F624498BF11F801CB00F8B3
:10098000013B38BF11F8013BA2F1040298BF00F807
:1009900001CB38BF00F8013B11F0030300F0508297
:1009A000083AC0F0088051F8043B083A51F804CBEB
:1009B000A0E80810F5E7121D5CBF51F8043B40F8B1
:1009C000043BAFF30080D20724BF11F8013B11F8BC
:1009D00001CB48BF11F8012B24BF00F8013B00F800
:1009E00001CB48BF00F8012B7047431A28BF9A4239
:1009F0007FF6B6AF032A1044114440F2268010F06F
:100A0000030F1EBF11F8013D521E00F8013D10F00A
:100A1000030F7FF4F6AF11F0030300F05682083A9B
:100A2000C0F00B8051F8043D083A51F804CD40F86D
:100A3000043D40F804CDFFF7F3BF121D5CBF51F831
:100A4000043D40F8043DAFF30080D20724BF11F805
:100A5000013D11F801CD48BF11F8012C24BF00F869
:100A6000013D00F801CD48BF00F8012C70474FF060
:100A700000020429C0F0128010F0030C00F01B806B
:100A8000CCF1040CBCF1020F18BF00F8012BA8BF79
:100A900020F8022BA1EB0C0100F00DB85FEAC17C3D
:100AA00024BF00F8012B00F8012B48BF00F8012BF0
:100AB00070474FF0000200B5134694469646203921
:100AC00022BFA0E80C50A0E80C50B1F12001BFF407
:100AD000F7AF090728BFA0E80C5048BF0CC05DF86D
:100AE00004EB890028BF40F8042B08BF704748BFBB
:100AF00020F8022B11F0804F18BF00F8012B70472F
:100B000010B5044610F0030F08BF11F0030F40F0BA
:100B100015804FF0013E121FC0F20E8051F8043BC9
:100B2000A3EB0E0C2CEA030C1CEACE1C08BF40F809
:100B3000043BF0D0A1F1040102F10402521E08DBD3
:100B400011F8013B002B00F8013BF7D11146FFF7EC
:100B50008EFF204610BD00004FF0013C50F8042BE2
:100B600051F8043B9A4221D1A2EB0C03934313EAC0
:100B7000CC1317D150F8042B51F8043B9A4215D1ED
:100B8000A2EB0C03934313EACC130BD150F8042BC4
:100B900051F8043B9A4209D1A2EB0C03934313EAA8
:100BA000CC13DBD04FF00000704700BFD01A01BA61
:100BB000B1FA81F101F0180122FA01F0CB40C1F144
:100BC0002001DBB2C0B2C01A2CFA01F3D11A914352
:100BD00011EAC311E6D170477047704770470000B3
:100BE00070B5064C7C44064D7D4403E020682044EB
:100BF0008047241DAC42F9D170BD00006CC40000D8
:100C000084C4000010B500F08FF9001D10BD00BFB6
:100C100079AA000000487047242200202DE9F047FF
:100C20000D4699469246044600F12408016888065C
:100C300004D5E06921F01001216000E00120A84204
:100C400001DD471B00E00027A1697A1902EB0900CA
:100C5000081AA0612078C00602D42046FFF770FB76
:100C6000002608E0D4E901211AF806009047206A1E
:100C7000401C761C20624E45F4DB2078C0060AD565
:100C80002046FFF75DFB06E0D4E9012130209047C4
:100C9000206A401C2062381EA7F10107F4DC07E03F
:100CA000D4E9012118F805009047206A401C206211
:100CB000281EA5F10105F3DC2046FFF757FB20783D
:100CC000000602D50220BDE8F0870120FBE7000006
:100CD00001694A1C02610878704700B58FB0CDE900
:100CE00001310021059105497944CDE903101146F0
:100CF0006846FFF79BFC0FB000BD0000E5FFFFFF5B
:100D00000A6802F8010B0A60704710B5436913B115
:100D1000AFF3008001E0FFF74CFB012010BD12781B
:100D200000F124010A7000224A700122EDE71168E7
:100D30004FF0FF32E9E710B5436913B1AFF300801C
:100D400001E0FFF7AFFB012010BD126800F12401A4
:100D50004262002282620122EDE711684FF0FF3209
:100D6000E9E72DE9F05F824615468B4600270AF138
:100D70000104B9460078302801D09DB113E014F881
:100D8000010B0127782803D0582801D045B10AE08B
:100D90000DB1102D07D1002714F8010B102502E02A
:100DA000082500E00A250026B0460EE005FB0800F5
:100DB00005FB06F101271FFA80F801EB1046B6F596
:100DC000803F00D3B94614F8010B294600F0B0F873
:100DD0000028EBDABBF1000F05D00FB1641E00E074
:100DE0005446CBF80040B9F1000F06D0FFF712FFD0
:100DF00002210160C81EBDE8F09F48EA0640FAE7FC
:100E000070B516460C460546FFF7FCFE036893F8DE
:100E10000101012806D0FF2C0FD8185D68B1012010
:100E20002C7070BDD3F807013246214603F2071338
:100E300003442846BDE8704018474FF0FF3070BDAE
:100E400010B5203AC0F00B80B1E81850203AA0E865
:100E50001850B1E81850A0E81850BFF4F5AF5FEA99
:100E6000027C24BFB1E81850A0E8185044BF18C94C
:100E700018C0BDE810405FEA827C24BF51F8043BF3
:100E800040F8043B08BF7047D20728BF31F8023B47
:100E900048BF11F8012B28BF20F8023B48BF00F8DB
:100EA000012B7047431A28BF9A427FF6C9AF1044FE
:100EB00010F0030F11441EBF11F8013D521E00F83F
:100EC000013D10F0030F7FF4F6AF103AC0F00A8036
:100ED00010B531E91850103A20E91850BFF4F9AFB5
:100EE000BDE81040530724BF31E9081020E908107D
:100EF00044BF51F8043D40F8043D12F0030F08BF11
:100F00007047D20728BF31F8023D48BF11F8012CC5
:100F100028BF20F8023D48BF00F8012C70470000B0
:100F200000487047242200200048704744220020D7
:100F30003A2800D2303820F02002412A01D3A2F111
:100F40003700884201D34FF0FF3070477546FFF7F6
:100F5000E7FFAE4605006946534620F00700854688
:100F600018B020B5FFF7C6F9BDE820404FF00006E5
:100F70004FF000074FF000084FF0000B21F0070181
:100F8000AC46ACE8C009ACE8C009ACE8C009ACE8C4
:100F9000C0098D46704710B50446AFF30080204667
:100FA000BDE81040FFF791B97047000001491820D3
:100FB000ABBEFEE72600020070B505460C4675B9CB
:100FC00000214FF4807001F033F9204601F024F93C
:100FD0000A4804F0B5FA0A4804F0B2FA0CE001211C
:100FE000204601F025F9002001F016F9034804F02D
:100FF000ACFA034804F0A9FA70BD000000080240F2
:10100000000C0240F0B504461546002000221229CB
:1010100005D1E06D20F007001843E06520E00929C4
:1010200011DDE068A1F10A0606EB4607072606FA7D
:1010300007F29043A1F10A0606EB460603FA06F210
:101040001043E0600CE0206901EB4107072606FA37
:1010500007F2904301EB410603FA06F210432061C8
:10106000072D0FDA606B6E1E06EB86071F2606FA49
:1010700007F290436E1E06EB860601FA06F2104355
:10108000606322E00D2D0FDA206BEE1F06EB860762
:101090001F2606FA07F29043EE1F06EB860601FABA
:1010A00006F21043206310E0E06AA5F10D0606EB9E
:1010B00086071F2606FA07F29043A5F10D0606EBF8
:1010C000860601FA06F21043E062F0BD002221B16B
:1010D000836843F00103836003E0836823F0010326
:1010E0008360002200E0521CB2F5947FFBD370476E
:1010F00021B1826842F48072826003E0826822F447
:1011000080728260704721B1826842F4A0028260DE
:1011100003E0826822F4A0028260704768B10E4941
:10112000096841F400010C4A116000BF0B490968CD
:1011300041F48061094A11600DE00749096821F412
:101140000001054A116000BF0449096821F480616B
:10115000024A116000BF7047080802402018004092
:10116000014600208A6802F004020AB1012000E072
:1011700000204A6D02B10020704702460020936DA6
:101180000B400BB1012000E00020704770B5024613
:1011900000200023002402F1600428252560506807
:1011A0000E4D28400E790D6845EA0625284350600B
:1011B00090680B4D2840D1E9026535434E7945EAE8
:1011C000460528439060D06A20F470000D7C6D1EA7
:1011D000EDB22B4340EA0350D06270BDFFFEF0FF3A
:1011E000FDF7F1FF10B5024600200B7A23B1D36D55
:1011F00043F00803D36503E0D36D23F00803D36500
:10120000906D0B784BB140F4006000BF204B1B6821
:1012100043F480631E4C236009E020F4006000BFAB
:101220001B4B1B6823F48063194C236000BF4B7871
:1012300013B140F4806001E020F480608B7813B13A
:1012400040F4007001E020F40070CB7813B140F45A
:10125000807001E020F480704B7913B140F00800F9
:1012600001E020F008008B7913B140F0040001E0A8
:1012700020F0040020F00300CB79184320F0100088
:101280000B79012B01D140F01000906510BD0000DA
:10129000201800400021426D1AB9826842F0040211
:1012A0008260002100E0491CB1F5947FFBD37047B8
:1012B00000BFFEE710B52021014800F0ADF810BDD9
:1012C0000064004010B50021837A012202FA03F184
:1012D0003D4A126842F001023B4B1A603A4A1C3206
:1012E00012688A43384B1C331A60027BCAB9364AEB
:1012F0000C3212688A43344B0C331A604288C3881C
:1013000042EA0343304A4032847A42F83430028859
:10131000838842EA03432C4A4032847A02EBC402B7
:101320005360027B012A19D1274A0C3212680A4302
:10133000254B0C331A604288038842EA0343224A51
:101340004032847A42F83430C288838842EA0343C8
:101350001D4A4032847A02EBC4025360C27A3AB921
:10136000194A121D12688A43174B1B1D1A6006E0AA
:10137000154A121D12680A43134B1B1D1A6002897D
:1013800032B9114A143212688A430F4B14331A606F
:101390000289012A06D10C4A143212680A430A4B08
:1013A00014331A60427B012A06D1074A1C321268A4
:1013B0000A43054B1C331A60034A126822F00102EB
:1013C000014B1A6010BD0000006A004010B50221F8
:1013D0000B4800F091F8012810D10020094908803D
:1013E0000A1D0021064800F0BAF90649091D081F28
:1013F00007F052FC0221024800F00EF810BD000078
:1014000000680040C818002010B52021014800F0F5
:1014100003F810BD00680040B1F5007F3AD00FDC42
:10142000202928D006DC01291CD004291DD0082938
:1014300040D11DE0402921D0B1F5807F3AD126E08E
:10144000B1F5004F31D006DCB1F5806F25D0B1F594
:10145000006F2FD124E0B1F5803F12D0B1F5003FED
:1014600028D111E0154A826025E00822C26022E0FE
:101470001022C2601FE0082202611CE010220261FB
:1014800019E00822426016E01022426013E00422B4
:10149000426010E0042242600DE0042242600AE053
:1014A000002282610422426005E00022826104225F
:1014B000426000E000BF00BF704700000101010072
:1014C00010B504460B48844209D10121480600F0BA
:1014D00081FF00214FF0007000F07CFF08E0012147
:1014E000880600F077FF00214FF0806000F072FF67
:1014F00010BD00000064004070B504460D46002693
:1015000060692840002871D0B5F5807F5CD010DC80
:10151000082D35D006DC012D20D0022D24D0042D3D
:1015200072D127E0102D31D0202D35D0402D6BD138
:1015300038E0B5F5004F60D009DCB5F5007F49D043
:10154000B5F5806F4CD0B5F5006F5DD14FE0B5F5C6
:10155000803F2DD0B5F5003F56D12FE0A0682D4932
:1015600002F00EFF064651E0E068032102F008FF9A
:1015700006464BE0E068082102F002FF064645E01F
:10158000E068102102F0FCFE06463FE020690321DE
:1015900002F0F6FE064639E02069082102F0F0FE6E
:1015A000064633E02069102102F0EAFE06462DE0EF
:1015B0006068082102F0E4FE064627E0606810211A
:1015C00002F0DEFE064621E0A069012102F0D8FE0D
:1015D00006461BE0A069022102F0D2FE064615E095
:1015E000A069042102F0CCFE06460FE00FE0A069DE
:1015F000702102F0C5FE064608E06068042102F092
:10160000BFFE064602E0FFE7002600BF00E000261E
:10161000304670BD010101001AB143690B434361BB
:1016200002E043698B434361704730B502460020B6
:101630000023146824F002041460146844F00104C8
:10164000146000E05B1C546804F001041CB94FF600
:10165000FF74A342F6D1546804F001040CB90020D1
:101660006CE08C79012C04D1146844F0800414607F
:1016700003E0146824F080041460CC79012C04D1B8
:10168000146844F04004146003E0146824F040043B
:1016900014600C7A012C04D1146844F02004146006
:1016A00003E0146824F0200414604C7A012C04D167
:1016B000146844F01004146003E0146824F010046B
:1016C00014608C7A012C04D1146844F0080414606E
:1016D00003E0146824F008041460CC7A012C04D1CF
:1016E000146844F00404146003E0146824F0040453
:1016F00014608C78A407CD7844EA05640D7944EA37
:1017000005444D7944EA05540D886D1E2C43D4617F
:10171000146824F001041460002300E05B1C54688A
:1017200004F001041CB14FF6FF74A342F6D15468D3
:1017300004F001040CB1002000E0012030BD0021C4
:101740008171C171017241728172C1728170C17007
:10175000032101710221417101210180704710B5FF
:1017600000F5D87303EB01131B6803F00403137235
:10177000137A53B900F5D87303EB01131B6840F2D9
:10178000FF7404EA5353136009E000F5D87303EBC8
:1017900001131B686FF0604404EAD303536000F543
:1017A000D87303EB01131B6803F00203537200F5B7
:1017B000D87303EB01135B6803F00F03937200F51A
:1017C000D87303EB01135B681B0AD37400F5D8735D
:1017D00003EB01139B68D37200F5D87303EB01137D
:1017E0009B681C0A147300F5D87303EB01139B6804
:1017F0001C0C547300F5D87303EB01139B681B0E8C
:10180000937300F5D87303EB0113DB68D37300F512
:10181000D87303EB0113DB681C0A147400F5D8734A
:1018200003EB0113DB681C0C547400F5D87303EB55
:101830000113DB681B0E937421B9C36843F02003C6
:10184000C36003E0036943F02003036110BD10B5DA
:1018500002460020936803F08063B3F1806F00D1EB
:1018600010E0936803F00063B3F1006F01D1012031
:1018700008E0936803F08053B3F1805F01D1022048
:1018800000E00420042874D002F5C07303EB0013B9
:101890001B6803F0010402F5C07303EB00131C6026
:1018A0000B7A7BB94B7A0C8843EA445302F5C07437
:1018B00004EB00142468234302F5C07404EB001405
:1018C000236010E00B7A4C6843EAC4034C7A23434C
:1018D00002F5C07404EB00142468234302F5C074BD
:1018E00004EB001423608B7A03F00F038B7202F574
:1018F000C07303EB00135B6823F00F0402F5C073A1
:1019000003EB00135C6002F5C07303EB00135B682C
:101910008C7A234302F5C07404EB001463608B7B64
:101920001C064B7B44EA03440B7B44EA0323CC7A3A
:10193000234302F5C07404EB0014A3608B7C1C06E7
:101940004B7C44EA03440B7C44EA0323CC7B2343D3
:1019500002F5C07404EB0014E36002F5C07303EBFE
:1019600000131B6843F0010402F5C07303EB00137E
:101970001C6010BD01684FF6FE721140016000212D
:10198000016041608160C1606549884208D1644955
:101990000839496841F00F01614A083A5160BEE0D8
:1019A0005F491431884208D15D490839496841F0DE
:1019B000F0015B4A083A5160B1E059492831884248
:1019C00008D157490839496841F47061544A083AC6
:1019D0005160A4E052493C31884208D1504908394D
:1019E000496841F470414E4A083A516097E04C49C9
:1019F0005031884208D14A490839496841F4702178
:101A0000474A083A51608AE045496431884208D122
:101A100043490839496841F47001414A083A516024
:101A20007DE03F497831884208D13D49083949680D
:101A300041F070613A4A083A516070E038498C319F
:101A4000884208D136490839496841F07041344A22
:101A5000083A516063E03349884206D1011F0968A2
:101A600041F00F01021F116059E02E4914318842E4
:101A700008D12C49091F096841F0F001294A121FB9
:101A800011604CE027492831884208D12549091FB7
:101A9000096841F47061234A121F11603FE0214937
:101AA0003C31884208D11F49091F096841F470413F
:101AB0001C4A121F116032E01A495031884208D185
:101AC0001849091F096841F47021164A121F116054
:101AD00025E014496431884208D11249091F096878
:101AE00041F470010F4A121F116018E00D4978315E
:101AF000884208D10B49091F096841F07061094A01
:101B0000121F11600BE007498C31884207D105494B
:101B1000091F096841F07041024A121F11607047A5
:101B2000080002400804024021B1026842F00102AC
:101B3000026004E002684FF6FE731A4002607047CC
:101B400010B50022026847F6F0739A430C6A8B685E
:101B500023430C6923434C6923438C692343CC6999
:101B600023434C6A23438C6A23431A430260CB68A5
:101B700043600B6883604B68C36010BD00BFFEE725
:101B80000149086070470000140401400021234906
:101B90008279002A3AD00A46126803689A430B46B3
:101BA0001A600A1D126803689A430B1D1A600279B5
:101BB00011440A6803681A430A60184A0832126816
:101BC00003689A43154B08331A601A1D126803689C
:101BD0009A43124B0C331A604279102A0ED11A1F05
:101BE000126803681A430D4B08331A601A1D1268F5
:101BF00003681A43094B0C331A600DE00749427918
:101C000011440A6803681A430A6005E00279114426
:101C10000A6803689A430A607047000000040140A4
:101C20000249C9680143014AD1607047002002405F
:101C300030B5044606257C20FFF7F2FF4FF4302034
:101C400000F096F80546062D17D10D48006940F0C2
:101C500002000B49086108464461006940F04000F9
:101C600008614FF4302000F083F80546044800690D
:101C700043F6FD71084002490861284630BD000066
:101C80000020024006201249C96801F0010109B193
:101C900001201CE00E49C96801F0040109B10320CC
:101CA00015E00B49C96801F0080109B104200EE0F4
:101CB0000749C96801F0100109B1052007E004498E
:101CC000C96801F0400109B1072000E00620704713
:101CD000002002400348006940F08000014908618B
:101CE000704700000020024070B504460D460626ED
:101CF00004F0030010B10926304670BD7C20FFF7C8
:101D00008FFF4FF4005000F033F80646062E12D134
:101D10000A48006940F001000849086125604FF455
:101D2000005000F025F806460448006943F6FE71AD
:101D30000840024908613046DFE700000020024009
:101D400001460020034A106800F0F80008431060C4
:101D500070470000002002400248034948600348E1
:101D6000486070472301674500200240AB89EFCDF2
:101D700000B502460623FFF785FF034603E0FFF7A1
:101D800081FF0346521E012B01D1002AF7D102B96F
:101D90000A23184600BD0000F0B502460C46002399
:101DA000002600210025002002F08047B7F1804F77
:101DB00002D1844F396A11E002F00057B7F1005F99
:101DC00002D1804F796A09E002F08057B7F1805F55
:101DD00002D17C4FB96A01E07A4F7968C2F30345BA
:101DE00093B2794F1740B7F5401F0AD121F07061C7
:101DF000744F7F6827F07067DFF8C8C1CCF80470B3
:101E0000BDE002F48017B7F5801F13D102F400176C
:101E1000B7F5001F03D10327AF403E0402E00327BC
:101E200007FA05F6B14302F0E047002FE8D141F090
:101E30007061A4E002F08077B7F1807F47D102F0B3
:101E40000407042F29D102F00077B7F1007F16D1E3
:101E5000C2F340573F0103FA07F7B9433CB1594F6A
:101E6000786840F0010040F07060786087E0554F7E
:101E7000786820F0010040F0706078607FE0C2F385
:101E800040573F0103FA07F7B9434E4F786820F0F7
:101E9000010040F07060786071E043F00407C2F325
:101EA000405C4FEA0C1C07FA0CF7B9433CB1454FB4
:101EB000786840F0010040F0706078605FE0414F6A
:101EC000786820F0010040F07060786057E002F020
:101ED0008067B7F1806F47D102F00807082F29D13A
:101EE00002F00077B7F1007F16D1C2F340573F01EF
:101EF00003FA07F7B9433CB1324F786840F0080065
:101F000040F0706078603AE02E4F786820F008006A
:101F100040F07060786032E0C2F340573F0103FA4E
:101F200007F7B943274F786820F0080040F0706049
:101F3000786024E043F00807C2F3405C4FEA0C1CD1
:101F400007FA0CF7B9433CB11E4F786840F008001F
:101F500040F07060786012E01A4F786820F0080056
:101F600040F0706078600AE0C2F340573F0103FA26
:101F700007F7B94302F0E0470FB941F070612CB1A7
:101F8000C2F340573F0103FA07F7394302F0804795
:101F9000B7F1804F02D10B4F396211E002F00057C8
:101FA000B7F1005F02D1074F796209E002F0805774
:101FB000B7F1805F02D1034FB96201E0014F796050
:101FC000F0BD000000000140000030702DE9F0413C
:101FD000024600250026002000230024002791F857
:101FE00003C00CF00F0591F803C00CF0100CBCF10D
:101FF000000F03D091F802C04CEA050591F800C02B
:10200000BCF1000F31D0146800202BE04FF0010C20
:102010000CFA00F3B1F800C00CEA03069E4220D18E
:1020200083004FF00F0C0CFA03F7BC4305FA03FCD6
:102030004CEA040491F803C0BCF1280F06D14FF01C
:10204000010C0CFA00FCC2F814C00AE091F803C0BD
:10205000BCF1480F05D14FF0010C0CFA00FCC2F89E
:1020600010C0401C0828D1D31460B1F800C0BCF1E6
:10207000FF0F34DD546800202EE000F1080C4FF013
:10208000010808FA0CF3B1F800C00CEA03069E42FE
:1020900021D183004FF00F0C0CFA03F7BC4305FA73
:1020A00003FC4CEA040491F803C0BCF1280F05D1ED
:1020B00000F1080C08FA0CF8C2F8148091F803C07B
:1020C000BCF1480F07D100F1080C4FF0010808FAE5
:1020D0000CF8C2F81080401C0828CED35460BDE82C
:1020E000F0814FF6FF710180012181700421C170E0
:1020F00070470246002093680B400BB1012000E0BE
:10210000002070474161704701617047012010490C
:10211000087000BF00BF00BF00BF00BFBFF34F8FFC
:1021200000BF00BF00BF0B48006800F4E0600A4930
:102130000843001D0749086000BF00BF00BFBFF390
:102140004F8F00BF00BF00BF00BF00BFFDE7000012
:102150003E0000200CED00E00000FA0500BFFEE7A5
:1021600000BFFEE770B5002100230F22C47804B33E
:10217000154C246804F4E064C4F5E064210AC1F15C
:102180000403CA40447804FA03F1847814402143DC
:1021900009010E4C0678A155047804F01F050124AE
:1021A000AC4005786D11AD0005F1E025C5F80041A2
:1021B00009E0047804F01F050124AC40044D0678C2
:1021C000761145F8264070BD0CED00E000E400E01B
:1021D00080E100E002490143024A116070470000BB
:1021E0000000FA050CED00E0024A0A400243024BEF
:1021F0001A60704780FFFF1F08ED00E002460020D4
:10220000044BD86A20F4806020F4784010430843DF
:10221000D86270470010024001460020034AD06A8D
:1022200020F00F000843D062704700000010024009
:1022300002460020064BD86A20F4F87009B110431A
:1022400002E0104320F48070014BD8627047000018
:102250000010024001460020034A506820F0F000C0
:10226000084350607047000000100240114909689F
:1022700021F480310F4A11601146096821F4802150
:102280001160B0F5803F03D0B0F5802F0ED106E08D
:102290000849096841F48031064A116007E00549A0
:1022A000096841F4A021034A116000E000BF00BFAB
:1022B000704700000010024001460020034A5068A9
:1022C00020F4E060084350607047000000100240B6
:1022D00001460020034A506820F4605040EAC100E3
:1022E000506070470010024002460020044B5868BE
:1022F000044B184042EA01031843014B58607047F1
:1023000000100240FFFFC0F701460020034A50685A
:1023100020F00300084350607047000000100240A6
:10232000034908604108024AD83AC2F8DC107047F5
:10233000D80042421348006840F00100114908608B
:1023400008464068104908400E4948600846006841
:102350000E4908400B4908600846006820F48020B8
:102360000860084640680A490840064948604FF43A
:102370006050C8624FF4615008634FF41F008860DA
:10238000704700000010024000C0FFF8FFFFF6FE9B
:10239000FFFF00F729B1064A52690243044B5A6114
:1023A00004E0034A52698243014B5A6170470000BE
:1023B0000010024029B1064AD2690243044BDA6197
:1023C00004E0034AD2698243014BDA61704700009E
:1023D0000010024029B1064A12690243044B1A61F7
:1023E00004E0034A12698243014B1A6170470000FE
:1023F0000010024029B1064A92690243044B9A61D7
:1024000004E0034A92698243014B9A6170470000DD
:102410000010024001490866704700000000424277
:10242000F0B5002100BF002200250024384E766858
:10243000384F06EA0702364E766806F4803502F019
:1024400000661EB9022606EB924204E04FF4F876CD
:10245000C6EB9246721C1DB92F4E02FB06F30BE031
:102460002B4E766806F400361EB12C4E02FB06F3A6
:1024700002E02B4E02FB06F3254E766806F00C01B7
:1024800021B1042905D0082908D105E0234E0660B2
:1024900007E0234E066004E0036002E01F4E066082
:1024A00000BF00BF1A4E766806F0F00109091D4E04
:1024B000745C0668E6404660154E766806F4E06196
:1024C000090A184E745C4668E6408660104E7668CD
:1024D00006F46051C90A134E745C4668E640C66053
:1024E0000B4EF66A06F00F010F4E745C4668B6FBA1
:1024F000F4F64661064EF66A06F4F871090901F031
:102500000F060A4F37F81640B3FBF4F60661F0BD2C
:102510000010024000003C0800093D0000127A0053
:102520000024F40008C1030818C1030828C10308E7
:1025300010B501460022002300204A11012A02D1D1
:10254000094C236806E0022A02D1074C236A01E005
:10255000054C636A01F01F02012494401C400CB139
:10256000012000E0002010BD001002400248406839
:1025700000F00C00704700000010024038B5002049
:1025800000900024002500BF3120FFF7D1FF054651
:102590000098401C00900098B0F5004F01D0002D2D
:1025A000F2D03120FFF7C4FF08B1012400E000247D
:1025B000204638BD00BFFEE700B50B4806F068FFB7
:1025C0000A480088B0F57A7F05DA08480088401C80
:1025D0000649088007E00020044908800248006896
:1025E000401C0149086000BD5418002080000020F4
:1025F00010B5002100200022264B5B6803F00C017F
:1026000021B1042906D0082933D107E0224B234CFD
:10261000236032E0224B214C23602EE01D4B5B688F
:10262000204C03EA04001B4B5B6803F4803200F08B
:1026300000631BB9022303EB904004E04FF4F873EE
:10264000C3EB9043581C2AB9174B43435B00134C10
:1026500023600DE00F4B5B6803F4003323B10E4B96
:1026600043430E4C236003E00D4B43430B4C23606C
:1026700003E0094B094C236000BF00BF054B5B68BA
:10268000C3F30313094CE15C044B1B68CB40034CC0
:10269000236010BD0010024000127A00D00100201B
:1026A0000024F40000003C0800093D00EDBF0308D1
:1026B00010B52948006840F4700027490860274891
:1026C000006840F001002549086008464068244938
:1026D00008402249486008460068224908401F49CE
:1026E00008600846006820F48020086008464068BA
:1026F0001D490840194948604FF46050C8624FF4C2
:10270000615008634FF41F0088600846C06940F0BC
:102710008050C8611548C06840F001001349C86086
:102720000E48C06920F080500C49C861104800680C
:1027300040F090000E49086000F046FC4FF0006049
:102740000549803908600B4800680B49884201D070
:1027500000F08CFF10BD000088ED00E0001002408A
:1027600000C0FFF8FFFFF6FEFFFF00F7007000401B
:102770000020024098F2FF1F424B52490A460021B6
:10278000018B4FF6F773194011430183704721B154
:10279000026842F00102026003E0026822F00102D6
:1027A0000260704730B5002400220023056A25F03E
:1027B00001050562026A4368048B4FF68F752C4051
:1027C0004FF6FC752C400D882C4322F002020D8937
:1027D0002A434D882A430E4DA84202D00D4DA842EF
:1027E0000FD122F008024D892A4322F004028D887D
:1027F0002A4323F4807323F400738D892B43CD89FE
:102800002B4343600483CD888586026230BD00007F
:10281000002C0140003401400A46002101684D4B64
:1028200098420ED04C4B98420BD0B0F1804F08D05C
:102830004A4B984205D04A4B984202D0494B9842A5
:1028400003D121F0700153881943474B984206D0B9
:10285000464B984203D021F44071D388194301605C
:1028600093888385138803853A4B984202D03A4B6C
:10287000984201D1137A0386012383820168354B84
:1028800098420ED0344B98420BD0B0F1804F08D014
:10289000324B984205D0324B984202D0314B98428D
:1028A00006D1537A13B141F4006101E021F40061D3
:1028B000B0F1804F08D0294B984205D0284B984260
:1028C00002D0284B98420DD1937A13B141F4805134
:1028D00001E021F48051D37A13B141F4005101E0B9
:1028E00021F40051B0F1804F05D01C4B984202D02A
:1028F0001B4B984206D1137B13B141F4804101E098
:1029000021F48041134B98420BD0134B984208D0CE
:10291000B0F1804F05D0114B984202D0104B984235
:1029200006D1537B13B141F4004101E021F4004191
:1029300001604168B0F1804F02D0094B984206D146
:10294000937B13B141F4807101E021F48071416007
:1029500070470000002C014000340140000400409A
:1029600000080040000C004000100040001400402F
:102970008186704700BFFEE710B540F225510B4835
:1029800000F04BF838B1094800F0D6F8C4B221463F
:10299000074808F0D3FC40F22771044800F03DF8E6
:1029A00010B1044806F094FE10BD0000003801404C
:1029B0006404002050020020F0B5034600240026E5
:1029C0000025002040F66A17B94200D100BF184622
:1029D000C1F3421401F01F06012707FA06F5012C86
:1029E00001D10C3004E0022C01D1103000E0143091
:1029F0001AB107682F43076002E00768AF4307601A
:102A0000F0BD21B1828942F40052828104E08289C2
:102A10004DF6FF731A408281704770B5024600245C
:102A200000230025002040F66A16B14200D100BF05
:102A3000C1F3421501F01F03012606FA03F3012D2D
:102A400002D19689334006E0022D02D1168A334026
:102A500001E0968A33400C12012606FA04F4168827
:102A6000344013B10CB1012000E0002070BD000023
:102A70002DE9F04786B005460F460024A24600BF68
:102A800000BF0026B88900B100BF2E462C8A4CF644
:102A9000FF700440F88804432C82AC894EF6F31092
:102AA0000440B88839890843798908430443AC81D4
:102AB000AC8A4FF6FF400440B8890443AC826846B4
:102AC000FFF7AEFC1948864205D01948864202D06D
:102AD0001848864202D1DDF80CA001E0DDF808A01C
:102AE0000AEBCA0000EB0A1039688900B0FBF1F864
:102AF0006420B8FBF0F004012009642101FB108080
:102B0000322101EB00106421B0FBF1F90120B0EBA0
:102B1000191F04D16420B8FBF0F0401C040109F037
:102B20000F0004432C8106B0BDE8F0870038014057
:102B3000005001400054014001468888C0F308005D
:102B40007047C1F308028280704710B54FF48020AF
:102B5000FFF716F810BD10B503F050F810BD00BF18
:102B6000FEE71CB54FF48020FFF70AF84FF48020F1
:102B7000009000208DF8040008208DF80500012049
:102B80008DF806006846FFF701F81CBD70B50646D3
:102B90000C46154619A13046FDF7DEFF20B118A1FD
:102BA0003046FDF7D9FF28B9012020700020287099
:102BB000012070BD13A13046FDF7CEFF20B112A158
:102BC0003046FDF7C9FF20B9002020702870012091
:102BD000EFE70EA13046FDF7BFFF18B901202070C6
:102BE0002870E6E70AA13046FDF7B6FF20B90020BD
:102BF000207001202870DCE70020DAE76F6E00000B
:102C0000310000006F6666003000000065696E00EC
:102C10006175730030B502460C460AB1107808B9E8
:102C2000002030BD002300210EE0505C302802DB84
:102C3000505C392801DD0020F3E7505C303803EBAD
:102C4000830500EB4503491C505C0028EDD123604F
:102C50000120E6E72DE9F0472848006800F110055B
:102C60002E8826480068077AD6B9042F18D1244840
:102C7000007801280FD100212248006880B2801C12
:102C8000214A42F8101030202049088000BF00205F
:102C90001B49087003E0072710201C49088027E023
:102CA000AC88A64201D8042000E002200746B442C6
:102CB00000D93446A0B2A96888478046002001F0B8
:102CC00073FC8146A2B24946404602F05FF8A1B2C9
:102CD000002001F0D1FB2888001B28806888204450
:102CE000688030200949088000020949088000BF37
:102CF000024909680F72BDE8F0870000B4010020A6
:102D0000AE010020505C004000600040C601002081
:102D1000C40100202DE9F84F9B4800684578002742
:102D2000BA46062D1BD198480068007800F07F0055
:102D3000002813D1944909688878012803D1934960
:102D40000968CF690AE0022803D1904909680F6A2F
:102D500004E0032802D18D4909684F6A94E0002DF0
:102D600064D189480068408800285FD1864800689F
:102D7000C08802285AD1844800680079002855D1BB
:102D800081480068007800F07F0028B97E4800681C
:102D9000808808B97E4F77E07B480068007800F0B3
:102DA0007F00012810D17849096848797749096876
:102DB0008A6900219047002866D173480068807AAC
:102DC000002861D0724F5FE06F480068007800F023
:102DD0007F00022858D16C480068407900F00F0647
:102DE00069480068407900F07009674800684079D8
:102DF00000F0800038B1674901EB8600D0F8000C84
:102E000000F0300806E0634901EB8600D0F8000CC2
:102E100000F4405860480078B04235D9B9F1000F4D
:102E200032D1B8F1000F2FD0594F2DE0082D07D126
:102E300055480068007800F07F0028BB574F23E01A
:102E40000A2D21D150480068007800F07F00012849
:102E50001AD14D480068807AB0B14B48006840886C
:102E600090B949480068007970B947480068C0883F
:102E7000012809D1444909684879444909688A699F
:102E80000021904700B9464F57B13F480068A0F86D
:102E900012A03D48006887610020B84700240FE079
:102EA000394A12685078394A1268116988470446CD
:102EB000032C05D10920344909680872BDE8F88F50
:102EC00031480068008A4FF6FF71884204D109201A
:102ED0002D4909680872F1E7022C03D02A480068DE
:102EE000008A20B90820284909680872E6E72648C0
:102EF0000068007800F08000E0B323480068C088D4
:102F0000009021480068008A0099884204D91E492F
:102F100000980968088223E01B480068008A1A4963
:102F20000968C98888421BDA17480068008A17496F
:102F3000096891F82C10884203DA002019490870BA
:102F40000EE011480068008A1049096891F82C10B9
:102F500090FBF1F201FB120010B901201149087039
:102F60000A48006890F82C10074800688182FFF733
:102F700071FE07E0FFE703200349096808720003B8
:102F80000949088000BF99E7B4010020B80100207A
:102F90008D4A0308005000401801002055550308D1
:102FA0008D4F0308AE010020C401002005490968C7
:102FB00088B220F00400034908604FF41E41014A22
:102FC00011607047405C004030B5002100220023B2
:102FD00000202C4C246844F480342A4D2C6000BF1F
:102FE000284C2468C4F340425B1C12B9B3F5004F6F
:102FF000F6D1244C2468C4F340421AB9224C234D24
:103000002C6030BD224C206820F0070040F0040006
:1030100020601C4C64681B4D6C602C46646844F452
:1030200000546C602C46646844F4A0646C6000201A
:103030002C466068174C2040014641F4803141F431
:103040000031154C21432C466160246844F08074A3
:103050002C6000BF0B4C246804F00074002CF9D0E5
:103060000020084C606820F0030040F0020060601F
:1030700000BF044C646804F00C04082CF9D100BFB4
:10308000BFE700000010024000127A00D0010020CB
:1030900000200240FFFFC0F700000408002006499E
:1030A00008604FF41E400549088008460088024920
:1030B000091F086000207047445C0040BE010020EA
:1030C0002DE9F04104460E46002504F07F0001F092
:1030D00061F9054604F07F0001F056FA07462A46DA
:1030E0003946304601F03AFE2846BDE8F08101211C
:1030F00080F8EE117047F0B503460C461BB1187806
:1031000008B1002A01DC0020F0BD00210846491C5E
:1031100044F8203018460CE005782C2D08D1914257
:1031200006DA00250570451C0E46491C44F8265059
:10313000401C0578002DEFD10846E5E72DE9F04168
:103140002848006800F110042688A068C0B1BEB10C
:10315000A588B54200D93546A8B2A1688847074678
:103160002088401B2080608828446080002001F077
:103170000BFA8046AAB24146384601F0EFFD00BF87
:10318000208850B14FF4405017490880002108466C
:1031900001F072F93020154908802088A188884202
:1031A00004DB03200F490968087218E02088002812
:1031B00004DD05200B490968087210E0208870B909
:1031C000062008490968087200210948006880B291
:1031D000801C084A42F81010302004490880BDE8DD
:1031E000F0810000B4010020C4010020C6010020CD
:1031F000505C00400060004010B509480068052898
:103200000CD1084801680068401C064A1060052976
:1032100004D100201146086001F034FD10BD00000B
:10322000A0010020C400002010B50120FFF778F8AD
:103230000121C805FFF7BEF810BD000000B52F48FA
:10324000007920B1012806D002280ED108E0002024
:103250002B49C8800DE04FF440502949C88008E050
:103260004FF400502649C88003E001F075FD0020AE
:1032700000BD00BF2148407920B1012806D00228B6
:103280000ED108E000201E4908810DE04FF4806057
:103290001B49088108E04FF4C0601949088103E028
:1032A00001F05AFD0020E3E700BF144880790728A9
:1032B00002D0082810D103E00020114988800FE0D7
:1032C0000F48008918B900200D49888003E04FF4A9
:1032D00080500B49888003E001F03EFD0020C7E7E5
:1032E00000BF0648006806490860002088810C205D
:1032F0004881084601F04DF80120B9E7100100208F
:10330000F81800200146CAB20B1243EA02207047A7
:103310002DE9F04105460C462846FDF7B7FA06466A
:103320002046FDF7B3FA07460A2E01DB0A2F02DA20
:103330000020BDE8F081E219A2F10A01AA19A2F168
:103340000A000A22FDF7C1FA08B90120F1E70020BE
:10335000EFE72DE9F04FADF50F7D06460C46174619
:103360009846DDF860A2DDF8689240F2EF11484619
:10337000FDF77DFB0CB1207818B90DF50F7DBDE888
:10338000F08FB8F1000F0CD098F8000048B146B1AA
:10339000307830B141463046FFF7BAFF08B101201E
:1033A00000E00020834600208E90BBF1000F17D173
:1033B000BAF1000F14D09EB1307888B100250DE02D
:1033C0000AEB0510007840B10AEB05113046FFF713
:1033D0009FFF10B101208E9002E06D1C042DEFDBE9
:1033E0008D94BBF1000F19D18E98B8B91FB1384632
:1033F000FDF74CFA00E000200546042D00D0BCE7A4
:10340000042239462046FDF760FA00B1B5E720797D
:10341000202800D0B1E7601D8D9010E07FB13846C4
:10342000FDF734FA04280AD1042239462046FDF774
:103430004CFA20B92079202801D1601D8D900120FF
:1034400089F8000089F801B040F2FF120DA88D99AB
:10345000FDF756FB00208DF833020A2203A90DA8C0
:10346000FFF749FE029000251EE003A951F8250050
:1034700002F088FC03A850F82500007800B912E09B
:1034800003A951F8250003F0B5FB03A951F8250065
:103490006A4601A900F052FF4B46999ADDE90010F7
:1034A00002F0EEFC00BF6D1C02988542DDDB00BF20
:1034B00063E7000070B50226474800684478464834
:1034C0000068007800F07F00002844D1092C03D167
:1034D00002F056F806465FE0052C14D13E4800681D
:1034E000C0787F280BDC3C480068807838B93A48BF
:1034F0000068808818B938480068807A08B10825C3
:1035000065E0002648E0032C0ED133480068C078FF
:10351000012807D130480068808818B902F054F8B3
:10352000064639E0022637E0012C35D12A480068EA
:10353000C07801280DD128480068808848B92648FD
:103540000068407A00F0200018B101F069FC0646DE
:1035500022E0022620E020480068007800F07F008A
:10356000012805D10B2C17D101F026FD064613E0EA
:1035700019480068007800F07F0002280BD1012C68
:1035800003D101F04DFC064606E0032C04D102F005
:103590006BF8064600E002264EB1E0B20F4A126810
:1035A000516988470646032E01D109250FE00EB167
:1035B00008250CE0062500210948006880B2801C1F
:1035C000084A42F8101030200749088000BF02491D
:1035D00009680D7270BD0000B4010020B801002020
:1035E000505C004000600040C601002030B50E4C29
:1035F00004EB8003D3F8003C4BF68F7403EA04021B
:1036000001F480530BB182F4805201F400530BB1EA
:1036100082F4005242F4004343F08003024D05EB74
:103620008004C4F8003C30BD0050004030B50E4C62
:1036300004EB8003D3F8003C48F6BF7403EA0402AD
:1036400001F010030BB182F0100201F020030BB166
:1036500082F0200242F4004343F08003024D05EB68
:103660008004C4F8003C30BD005000400020002120
:10367000104AD26942F080520E4BDA610E4A11684C
:10368000C1F304610D4AD06820F47870891C29B117
:103690001F2903D240EA4110D06003E040F4787063
:1036A000064AD060034AD26922F08052014BDA61A7
:1036B00070470000001002400018004000700040F9
:1036C000084A02EB8001D1F8001C48F68F621140D5
:1036D00048F280021143034B03EB8002C2F8001C46
:1036E00070470000005000404FF6F8710140014A59
:1036F00011607047505C004010B5074B03EB80022F
:10370000D2F8002C48F68F131A400A43024C04EBFF
:103710008003C3F8002C10BD005000402DE9F04F8D
:10372000ADF5017D80468A46FA48407E0090F94812
:10373000037E0C225146F84804F040FEF548407ED6
:103740000090F448037E0D224146F34804F036FE13
:10375000F2A103C980917F9003AAF24890F8061263
:1037600000F5E070A0F110038DE8070000F14002C1
:1037700051464046FFF7EDFD9DF80C0030B9EAA038
:1037800002F0B0FA0DF5017DBDE8F08F9DF8FA0169
:10379000012804D0E34890F80902012801D1012052
:1037A00000E0002005464FF00009002418E0E3A0E7
:1037B00002F098FA0DF5AD7101EB441002F092FAA7
:1037C000DDA002F08FFA0DF5AD7101EB4410082277
:1037D000DFA1FDF77AF808B94FF00109601CC4B207
:1037E0009DF85901A042E2DCB9F1000F08D00DB1FB
:1037F000DA4800E0DA4802464146CA4806F064FA70
:103800000027F0E307EB47110DF10F000C182078AB
:103810001A2870D2DFE810F06F002B004700A003D9
:10382000EF037000D3039500AF00CB00E7000A015F
:10383000260108044901BD0215033C036E034C0434
:103840001A0020006F00840033045204C5A24146D0
:10385000B44806F039FA9BE20DB1C4A000E0C6A05E
:1038600002464146AF4806F02FFA01F0A3F9A079CD
:1038700008B1A01D00E0404606460F223146C2486E
:10388000FDF73EF90021A74880F8BF11BF4807F0B7
:1038900007FB0DB1BEA000E0C1A002464146A14811
:1038A00006F012FAD7E76079012823DB6079042853
:1038B00020DCA07908B1A01D00E0404606466279F0
:1038C000B14901EB02100F223146FDF719F9002131
:1038D0006279AD4800EB0210C173AC4807F0E0FA22
:1038E0000DB1B2A000E0B7A0024641468D4806F0F7
:1038F000EBF900BFFDE3EEE3A3485030D4F8161017
:103900000160A17E0171A14807F0CAFA0DB1B1A012
:1039100000E0B5A002464146824806F0D5F9E8E34A
:10392000B5A103C9CDE9010101A9162003F034F9BD
:103930000DB1B3A000E0B5A00146404601F0A6FFDE
:10394000D7E3607840F0FC008DF803027FA91620D1
:1039500003F022F92DB1607808B1AEA006E0B1A065
:1039600004E0607808B1B3A000E0B5A0014640468D
:1039700001F08CFFBDE36078F32141EA8000C0B222
:103980008DF803027FA9162003F006F92DB16078A7
:1039900008B1AEA006E0B1A004E0607808B1B3A021
:1039A00000E0B5A00146404601F070FFA1E3607859
:1039B000CF2141EA0010C0B28DF803027FA9162082
:1039C00003F0EAF82DB1607808B1AFA006E0B1A02D
:1039D00004E0607808B1B2A000E0B4A0014640461F
:1039E00001F054FF85E303208DF8FC01A0784B30F3
:1039F000C0B28DF8FD017FA9132003F0CDF802F0CD
:103A0000C7F8834694F9020002F05AF906460DB150
:103A1000A9A000E0ABA001465B463246AC48FCF7EB
:103A20007BFCAB49404601F031FF62E360783F2107
:103A300041EA8010C0B28DF803027FA9162003F07E
:103A4000ABF82DB1607808B1A2A006E0A4A004E014
:103A5000607808B1A5A000E0A7A00146404601F0AB
:103A600015FF46E303208DF8FC01A0784B30C0B26F
:103A70008DF8FF017FA9132003F08EF802F088F87B
:103A8000834694F9020002F01BF906460DB19DA091
:103A900000E09FA001465B463246A148FCF73CFC93
:103AA0009F49404601F0F2FE23E3E07E00F06AFF0A
:103AB00040B90DB19BA000E09FA00146404601F037
:103AC000E5FE16E3E07E062809D2DFE800F00803F1
:103AD00009111921207F40F0FC008DF8FC0139E12B
:103AE000207FF32141EA8000C0B28DF8FC0131E172
:103AF000207FCF2141EA0010C0B28DF8FC0129E1FE
:103B0000207F3F2141EA8010C0B28DF8FC0121E105
:103B10001AE10000C8180020A8140020FFFFFFFFD2
:103B2000FFFFFFFF50020020534D533A2061757490
:103B300068206661696C65640D0A0000534D53206E
:103B40007061727365206572726F723A20000000B6
:103B5000756E6B6E6F776E3A000000007DC00308D3
:103B60000BC00308706F6E67000000004E65757330
:103B7000746172742E2E2E00526573657474696EB2
:103B8000672E2E2E00000000000400208800002078
:103B900041646D696E2067657365747A7400000016
:103BA00041646D696E2073657400000054656C6536
:103BB000666F6E20616B7475616C69736965727490
:103BC0002E00000050686F6E65207570646174652A
:103BD000642E000050494E20616B7475616C6973EE
:103BE000696572742E00000050494E207570646142
:103BF0007465642E000000000000FFFFFFFFFF005F
:103C0000416C6C657320617573000000416C6C2021
:103C10006F6666004272656E6E65723A2045494E67
:103C2000000000004272656E6E65723A2041555385
:103C3000000000004275726E65723A204F4E00001F
:103C40004275726E65723A204F4646004865697A41
:103C5000737461623A2045494E0000004865697AF4
:103C6000737461623A20415553000000456C656DE4
:103C7000656E743A204F4E00456C656D656E743A02
:103C8000204F464600000000426F64656E3A2045B2
:103C9000494E0000426F64656E3A20415553000062
:103CA000466C6F6F723A204F4E000000466C6F6F8B
:103CB000723A204F46460000426F64656E3A2025F6
:103CC00064257300466C6F6F723A2025642573007B
:103CD000D81100204D6F746F723A2045494E000094
:103CE0004D6F746F723A204155530000456E6769FD
:103CF0006E653A204F4E0000456E67696E653A204A
:103D00004F4646004D6F746F723A2025642573004C
:103D1000456E67696E653A202564257300000000D2
:103D2000F01100204E6963687420766572667565CF
:103D300067626172000000004E6F742061766169F5
:103D40006C61626C65000000207F40F0FC008DF823
:103D5000FD0100BF00BF7FA9162002F01DFF207FDC
:103D600003280ADA25B1207FE74951F8200005E051
:103D7000207FE64951F8200000E0E5A00346E27EFE
:103D8000E4A1E648FCF7C8FAE449404601F07EFDAC
:103D9000AFE1E07E00F0F6FD50B915B1AFF27C0066
:103DA00001E0AFF26C000146404601F06FFDA0E17A
:103DB000E07E062828D2DFE800F027030911192148
:103DC000607F40F0FC008DF801021DE0607FF32170
:103DD00041EA8000C0B28DF8010215E0607FCF217A
:103DE00041EA0010C0B28DF801020DE0607F3F2172
:103DF00041EA8010C0B28DF8010205E0607F40F01A
:103E0000FC008DF8020200BF00BF7FA91B2002F05A
:103E1000C3FE607F012804D10DB1C1A002E0C2A0A1
:103E200000E0C3A00346E27E0DB1C3A000E0C6A03F
:103E30000146C848FCF770FAC649404601F026FD25
:103E400057E1E07E00F09EFD50B915B1AFF22C10A5
:103E500001E0AFF21C100146404601F017FD48E1B9
:103E6000A17FE07E401E7FAA11547FA91B2002F093
:103E700093FEA37FE27E0DB1B7A000E0BBA0014698
:103E8000BE48FCF749FABD49404601F0FFFC30E16D
:103E9000E07E00F077FD50B915B1AFF2781001E087
:103EA000AFF26C100146404601F0F0FC21E1E07FEA
:103EB0004B30C1B2E07E401E7FAA11547FA9192069
:103EC00002F06AFE01F064FE064694F91F0001F05C
:103ED000F7FE83460096E27E0DB1A9A000E0ACA0FB
:103EE00001465B46AE48FCF717FAAD49404601F083
:103EF000CDFCFEE0E07E00F045FD50B915B1AFF21B
:103F0000DC1001E0AFF2D0100146404601F0BEFCEB
:103F1000EFE0E07F4B30C1B2E07E401E7FAA11543B
:103F20007FA9192002F038FE01F032FE064694F90E
:103F30001F0001F0C5FE83460096E27E0DB199A0F8
:103F400000E09CA001465B469E48FCF7E5F99D49D0
:103F5000404601F09BFCCCE055208DF8FC01FD2093
:103F60008DF8FD017FA9162002F016FE207920B100
:103F700001280AD0022818D10FE0F1208DF80302A1
:103F80007FA9162002F008FE0FE0F4208DF803024E
:103F90007FA9162002F000FE07E0F5208DF803024D
:103FA0007FA9162002F0F8FD00BF00BF0DB186A06A
:103FB00000E08BA00146404601F068FC99E0E07803
:103FC0008B4981F806028B4806F06AFF35B1E0782C
:103FD000012801D188A008E08AA006E0E078012845
:103FE00002D18BA001E087E08CA0024641468048C8
:103FF00005F06AFE7DE060787D4981F807027D4822
:1040000006F04EFF2DB1607808B187A006E08BA0C6
:1040100004E0607808B18EA000E092A0024641461C
:10402000734805F051FE64E0A078934981F82300BD
:10403000A678642E00DC06B96426602E08DD0DB17A
:104040008EA000E093A001469848FCF765F908E0CF
:104050000DB197A000E09BA0014632469348FCF7C3
:104060005BF903208DF8FC018DF802627FA9132013
:1040700002F092FD8D49404601F008FC39E060787D
:104080005B4981F808025B4806F00AFF2DB16078B1
:1040900008B191A006E095A004E0607808B198A06E
:1040A00000E099A002464146514805F00DFE20E08F
:1040B0002A464146704802F0B9FD1AE094F8200003
:1040C0004B4981F809024B4806F0EAFE94F82000BB
:1040D000012801D101E00BE0002006460EB18DA0C1
:1040E00000E091A002464146414805F0EDFD00E0A8
:1040F00000BF00BF781CC7B29DF80E00B8423FF762
:1041000081AB00BFFFF73EBB500000204400002001
:104110003F0000005A25643A202573000812002051
:104120006D616E75656C6C006D616E75616C000023
:104130006175746F000000005A2564204C75656637
:104140007465723A202573005A25642066616E3AC0
:1041500020257300181200205A2564204C756566CE
:104160007465723A20256425250000005A256420D4
:1041700066616E3A2025642525000000301200207B
:104180005A2564205461673A202564257300000095
:104190005A2564206461793A202564257300000063
:1041A000441200205A2564204E616368743A202529
:1041B000642573005A2564206E696768743A202567
:1041C000642573005C120020417566776165726D2D
:1041D000656E206765737461727465740000000019
:1041E0005761726D7570207374617274656400003C
:1041F000500200208800002045696E686569743AA5
:104200002046000045696E686569743A20430000E5
:10421000556E6974733A204600000000556E69744B
:10422000733A2043000000004665686C65726D6556
:104230006C64756E673A2045494E00004665686CAF
:1042400065726D656C64756E673A20415553000068
:104250004661756C74207265706F72743A204F4EAF
:10426000000000004661756C74207265706F727496
:104270003A204F46460000006011002053797374C5
:10428000656D7A6569743A20756E62656772656EF0
:104290007A74000053797374656D2074696D65726A
:1042A0003A20756E6C696D69746564007412002043
:1042B00053797374656D7A6569743A202564206852
:1042C0000000000053797374656D2074696D657228
:1042D0003A20256420680000426573746165746942
:1042E00067756E673A2045494E0000004265737459
:1042F0006165746967756E673A2041555300000027
:1043000041636B3A204F4E0041636B3A204F464663
:1043100000000000537072616368653A204465755F
:1043200074736368000000004C616E6775616765B7
:104330003A20456E676C6973680000002DE9F04112
:1043400005460F4614463D604FF02008414628467A
:10435000FCF775FA064666B100203070701C2060CC
:1043600002E02068401C2060206800782028F8D0F7
:1043700004E02846FCF78AFA28442060BDE8F08172
:104380000246002002EA01030BB1012000E00020F8
:104390007047704701460648006880B200EBC100D4
:1043A000801D044A32F81000C0F309007047000075
:1043B000505C00400060004010B518480068047A66
:1043C000022C01D0042C05D1FEF744FC13480068F0
:1043D000047A1CE0062C19D11048006840780528A2
:1043E0000ED10E480068007800F07F0040B90B49FC
:1043F0000968C87800F0ECFC09490968086A804738
:104400000849096888688047082400E008240349AF
:1044100009680C7200F03EF910BD0000B4010020E4
:10442000C0010020B80100207047000010B502460E
:104430000F48006880B200EBC200801D0D4C04EBF9
:1044400040033E290BDD481101F01F040CB9441E46
:10445000A0B24FF4004444EA80241C6007E04810F6
:1044600001F001040CB1441CA0B284021C6010BD18
:10447000505C004000600040044A126892B202EBB7
:10448000C002921C024B43F812107047505C00406F
:104490000060004070B51E480078012836D11D48E4
:1044A000006818B900201A4908702FE01948006800
:1044B00040280ED91848008885B240241648006864
:1044C00040301549086013480068403811490860B9
:1044D0000FE01148008885B20E48008884B20E486B
:1044E00000680C49096808440B4908600020094924
:1044F00008600A4948192246C02100F047FC2146BD
:104500000120FFF7B9FF012000F002F970BD0000A3
:10451000A4000020A00000209C000020081900201A
:104520000B4A02EB8001D1F8001C01F4804171B10B
:1045300002EB8001D1F8001C48F68F7211404CF25A
:1045400080021143024B03EB8002C2F8001C70474B
:10455000005000400B4A02EB8001D1F8001C01F032
:10456000400171B102EB8001D1F8001C48F68F7256
:10457000114048F2C0021143024B03EB8002C2F823
:10458000001C70470050004001460548006880B29A
:1045900000EBC100001D034A32F8100080B27047E2
:1045A000505C00400060004001460548006880B251
:1045B00000EBC100034A32F8100080B270470000DF
:1045C000505C00400060004010B511480068047A5B
:1045D000022C01D0042C01D1082412E0032C01D0BC
:1045E000052C05D1FEF7AAFD09480068047A08E009
:1045F000072C05D107490968C8688047082400E0EE
:104600000824034909680C7200F044F810BD00004A
:10461000B4010020B801002010B54A105300054A2B
:10462000126892B202EBC002121D034C44F8123021
:1046300010BD0000505C00400060004010B54A1002
:104640005200044B1B689BB203EBC003024C44F8BE
:10465000132010BD505C0040006000400246312A2B
:1046600006DB352A04DCA2F1300008700120704717
:104670000020FCE710B506490320FEF721FD84B2B7
:10468000E1B2034800F06EFE032000F027F810BDF1
:10469000A821002010B50D4890F82C100020FFF73D
:1046A000C5FE0B480068007A082805D14002094978
:1046B000088010200849088005480068007A092809
:1046C00001D1012010BD0020FCE700001C010020EA
:1046D000B4010020C4010020C601002010B50B4B1E
:1046E00003EB8002D2F8002C4BF68F7302EA030131
:1046F00081F4805181F4005141F4004242F0800283
:10470000024C04EB8003C3F8002C10BD00500040A5
:1047100010B50B4B03EB8002D2F8002C48F6BF73A8
:1047200002EA030181F0100181F0200141F400420E
:1047300042F08002024C04EB8003C3F8002C10BD51
:104740000050004070B504460CB1207808B9002034
:1047500070BD00250CE0084951F835002146FCF7F2
:10476000FBF920B9044800EBC5004068F0E76D1C78
:104770003B2DF0D30020EBE7B4BA03082DE9F04756
:104780000446204600F074FA08B1BDE8F0872078AE
:10479000732802D02078532826D16078202823D18E
:1047A000A71CB846814649464046FCF748F80646ED
:1047B000B6B1002006F8010B41A001F093FA38468B
:1047C00001F090FA43A001F08DFA304601F08AFA28
:1047D00042A001F087FA3146384606F037FF02E082
:1047E0003FA001F07FFAD0E72078752802D020782A
:1047F000552810D1607820280DD1A11C424805F021
:10480000A5FA42A001F004F9A01C01F001F933A0BF
:1048100001F0FEF8B9E7207800B9B6E72578722DE7
:1048200001D0522D1DD100BF00BF00BF00BF00BF8F
:10483000BFF34F8F00BF00BF00BF3948006800F4CE
:10484000E06038490843001D3549086000BF00BFDB
:1048500000BFBFF34F8F00BF00BF00BF00BF00BF4E
:10486000FDE7622D01D0422D06D101202E490870AE
:104870002EA001F037FA88E7672D01D0472D06D129
:1048800020203349086033A001F02CFA7DE7612D28
:1048900001D0412D06D100202D49086031A001F042
:1048A00021FA72E76C2D01D04C2D06D12420284925
:1048B000086030A001F016FA67E700BF65E7000066
:1048C0005B55534220534D535D2070686F6E653DBC
:1048D00000000000206D73673D0000000D0A00001D
:1048E0005B55534220534D535D2075736167653AA4
:1048F0002053203C70686F6E653E203C6D6573737D
:104900006167653E0D0A0000500200205B5553535D
:10491000445D2073656E64696E673A200000000094
:104920000CED00E00000FA053C0000200D0A5B429F
:104930007269646765204F4E5D2020747970652030
:104940002B2B2B20746F20657869740D0A000000F2
:10495000080000200D0A5B4C6F673A2047534D5DFD
:104960000D0A00000D0A5B4C6F673A20414C4C5D0C
:104970000D0A00000D0A5B4C6F673A2041545D0D33
:104980000A0000000146012901DB052901DD0120A3
:104990007047481E044B1A561AB1022A01D0012052
:1049A000F6E70020F4E700009C11002038B5012450
:1049B0002948006880B2001D284931F8100080B2F3
:1049C00001EB4000009026480068007A092832D0A8
:1049D000009800782249096808700098401C0090EF
:1049E000009800781E49096848700098401C0090A3
:1049F000009800EB44000090009931F8020B009100
:104A0000FEF780FC164909684880009800EB4400D6
:104A10000090009931F8020B0091FEF773FC1049E9
:104A200009688880009800EB440000900098008896
:104A30000B490968C88001200949096808720848BB
:104A40000068C08810B9FEF735FD01E0FEF762F995
:104A5000FFF720FE38BD0000505C004000600040C1
:104A6000B40100201CB506A103C9CDE900016946C7
:104A7000162002F091F80020034908701CBD0000C8
:104A80000000FFFFFFFFFF004000002010B50446BC
:104A90002CB90220394909680882002010BD002085
:104AA0003749088035480068007800F07F0018BB5F
:104AB00032490968487A00F0200131B1304909785B
:104AC00041F002012E4A117005E02D49097801F0EC
:104AD000FD012B4A117000F0400131B128490978DD
:104AE00041F00101264A117005E02549097801F0DD
:104AF000FE01234A11703AE020480068007800F077
:104B00007F00012801D11E48C8E71C4800680078D2
:104B100000F07F00022828D1184A1268517901F06C
:104B20000F0001F080027AB1164B03EB8002D2F83D
:104B3000002C02F03002102A16D1114A127842F0ED
:104B400001020F4B1A700FE00E4B03EB8002D2F8FC
:104B5000002C02F44052B2F5805F05D1084A127869
:104B600042F00102064B1A7001E0002096E7064968
:104B7000096808698047024890E70000B4010020F6
:104B8000AC01002000500040C001002010B50028FA
:104B900004DB0A07130E054A135406E00A07140E35
:104BA000034A00F00F031B1FD45410BD00E400E0C3
:104BB00018ED00E000BF00BF00BFBFF34F8F00BF84
:104BC00000BF00BF0948006800F4E06008490843DE
:104BD000001D0649086000BF00BF00BFBFF34F8F34
:104BE00000BF00BF00BF00BF00BFFDE70CED00E04D
:104BF0000000FA057CB51B480078401C032190FB9F
:104C0000F1F201FB1200174908700846007818B14C
:104C100008460078022801D1012000E00020044667
:104C200010480078012803D00E480078022801D1EE
:104C3000012000E0002005460BA103C9CDE90001D9
:104C400055208DF80000FD208DF8010044F0F000A3
:104C500040EA85008DF807006946162001F09CFFA8
:104C60007CBD000040000020FFFFFFFFFFFFFFFFB3
:104C700010B504462146024803F01EF810BD00009E
:104C80008900002070B52F480078012858D02E48A0
:104C90000068B0F5006F02D100202B4908602A4857
:104CA00000682A490968884203D100202549087014
:104CB00070BD2548006825490968884206D9224800
:104CC0000068C0F500602249086006E01F480068DF
:104CD0001D490968401A1E4908601D48006840289F
:104CE0000ED91948008885B2402417480068403022
:104CF00015490860164800684038154908600FE0FB
:104D00001148008885B21248008884B20E480068B5
:104D10000F49096808440C49086000200C490860E4
:104D20000120084908700B4948192246C02100F0AB
:104D30002DF821460120FFF79FFB0120FFF7E8FC3B
:104D400000BFB5E7A40000209C00002098000020D0
:104D5000A00000200819002070470000F0B5561C84
:104D60007510084E06EB41042B4607E034F8047B2F
:104D700020F8017B401C044E30605B1E002BF5D1F7
:104D8000F0BD000000600040C8010020F0B51446EE
:104D900004F1010C4FEA6C07DFF82CC00CEB410367
:104DA0003D460EE00678401C90F800C046EA0C2212
:104DB00023F8022B9B1C401CDFF810C0CCF800002D
:104DC0006D1E002DEED1F0BD00600040CC01002032
:104DD00030B501460F4B1A78002014E003060E4C44
:104DE00004EB9353D3F8003C48F68F74234048F209
:104DF00080042343C4B223430406074D05EB9454B7
:104E0000C4F8003C401C9042E8D341F08003034CBE
:104E1000236030BD18010020005000404C5C004071
:104E20002DE9F04754480068007800F07F08B8F199
:104E3000000F0AD150480068407A00F0DF004E4968
:104E4000096848720020BDE8F087B8F1020F7CD1F4
:104E500049480068408818B947480068007908B197
:104E60000220F0E7DFF8149143480068477927F003
:104E700080052C4640480068407900F0800038B139
:104E80003F4901EB8400D0F8000C00F0300606E04A
:104E90003B4901EB8400D0F8000C00F4405699F82F
:104EA0000000A84204D91EB133480068807A08B9CE
:104EB0000220C8E707F0800080B1314901EB84008F
:104EC000D0F8000C00F0300010284BD1E0B2FFF712
:104ED00041FBE0B23021FEF7A9FB43E0284901EB9A
:104EE0008400D0F8000C00F44050B0F5805F39D158
:104EF000E4B9244A92F82C10E0B2FFF797FA204A5E
:104F000002EB8401D1F8001C4BF68F7201EA02001B
:104F100080F4805080F4005040F4004141F0800162
:104F2000174B03EB8402C2F8001C1BE0E0B2FFF752
:104F3000F7FA134A02EB8401D1F8001C4BF68F728A
:104F400001EA020080F4805000E011E080F400509B
:104F500040F4004141F08001094B03EB8402C2F8A8
:104F6000001C00BF084909684869804700206AE7BB
:104F700000BF022067E70000B401002018010020F4
:104F8000005000401C010020C001002010B5044664
:104F90002CB90120064909680882002010BD054986
:104FA000096888688047024800680C30F6E700000E
:104FB000B4010020C001002010B5174B1B68D97840
:104FC000154B1B685879154B1B689A699047044626
:104FD00011480068807AE8B13CB90F480068007950
:104FE00018B90D480068807808B1022010BD8CB94E
:104FF0000B490968C8688047074800684079064936
:105000000968C87204480068C078034909680873D1
:105010000020EBE70220E9E7B4010020B8010020FE
:10502000C001002008B50020009022E197480088C8
:1050300000F00F00964908700846007800287CD1DF
:1050400094480068944908800846008800F03000C1
:10505000924908809048008800F440508E490880AA
:105060008C4909684BF6BF7201EA020080F40050D7
:1050700080F0200040F4004141F08001854A116039
:105080008248008800F0100090BB1046006848F687
:105090000F71084011460860FFF78EF97D490968D5
:1050A0004BF6BF7201EA02007B49098801F4805186
:1050B00009B180F480507849098801F4005109B1A0
:1050C00080F400507549098801F0100109B180F0A1
:1050D00010007249098801F0200109B180F0200018
:1050E00081B241F4004141F080016A4A116008BD7B
:1050F000FFE76848006880B20090BDF8000000F447
:105100000060B0B363480068C0F30E0048F68F71CA
:10511000084060490860FFF749FC5E4909684BF6A2
:10512000BF7201EA02005C49098801F4805109B1AB
:1051300080F480505849098800E056E001F400519D
:1051400009B180F400505549098801F0100109B1F6
:1051500080F010005149098801F0200109B180F068
:10516000200081B241F4004141F08001494A1160C0
:10517000BDE7FFE7BDF8000000F40040002878D04C
:1051800044480068C0F30E0048F68F71084041495A
:105190000860FFF719FA3F4909684BF6BF7201EA48
:1051A00002003D49098801F4805109B180F4805022
:1051B0003949098801F4005109B180F40050374998
:1051C000098801F0100109B180F010003349098805
:1051D00001F0200109B180F0200081B241F40041CA
:1051E00041F080012B4A116081E7294800782C4961
:1051F00001EB8000D0F8000C80B20090BDF80000F8
:1052000000F40040C0B12248007801EB8000D0F8E3
:10521000000CC0F30E0048F68F7108401C49097855
:105220001F4A02EB8101C1F8000C19490978491E97
:105230001C4A52F821008047BDF8000000F08000B1
:10524000B8B113480078164901EB8000D0F8000C83
:1052500048F60F7108400E490978114A02EB8101A6
:10526000C1F8000C0A490978491E0F4A52F821007A
:10527000804708484430006880B20449088000F440
:10528000004000287FF4D2AE00BF30E7C800002005
:10529000B0010020005C0040C4010020C6010020D5
:1052A00000500040F0000020D400002008B54FF46A
:1052B000A060FCF78FFF14208DF8000001208DF80E
:1052C000010000208DF8020001208DF803006846DF
:1052D000FCF748FF2A208DF8000000208DF801001F
:1052E00001208DF803006846FCF73CFF08BD000074
:1052F00010B5002006490968887200F0C1FBFDF76F
:10530000CDFEFFF729FD00200249086010BD000016
:10531000B4010020A00100200F498979072906D196
:1053200000F07F010D4A0E4B1B68D15407E00A497B
:105330008979082903D10949094A1268885408491A
:105340000968491C064A116011460968B1F5006FE9
:1053500001D10021116070471001002008190020C0
:10536000980000202DE9F04106460F46002558E040
:10537000745D2E480078002832D02B2C12D12C4896
:105380000078401C2A4908700846007803280CDB86
:105390000020264908702649087026A000F0A2FCCB
:1053A000BDE8F0810020224908700D2C01D00A2CA4
:1053B00006D10D20FFF7B0FF0A20FFF7ADFF02E096
:1053C0002046FFF7A9FF20480078402807DA34B1CB
:1053D0001D490878411C1C4A11701C490C541FE0DF
:1053E0000020134908700D2C01D00A2C0BD100208D
:1053F0001749184A127888540846FFF7BFF9002069
:10540000144908700BE0134800789F2807DA114808
:1054100001780078401C0F4A10700D48445400BFBA
:105420006D1CBD42A4D300BFBAE700003C000020C1
:10543000A50000200D0A5B427269646765204F4633
:10544000465D0D0A000000003D000020CB0F00204B
:1054500008210020A600002010B50020344909686A
:1054600088723448C079324909684872002030494E
:105470000968C872FEF738F94FF400710020FEF792
:105480003BF910210020FEF7D1F840210020FFF762
:10549000C3F880210020FFF7D1F80020FEF710F9B3
:1054A000254890F82C100020FEF7C0FF0020FFF7E1
:1054B00015F900210120FEF71FF9C0210120FFF797
:1054C000BDF820210120FEF7B1F800210120FEF7F0
:1054D0008DF84FF4C0610220FEF70EF94FF4807191
:1054E0000220FFF7ABF800210220FEF77FF8202111
:1054F0000220FEF79BF800210320FEF7FDF84FF491
:1055000088710320FFF788F840210320FEF78EFF03
:105510004FF440510320FEF769F800210320FEF705
:1055200085F80020FFF754FC01200449086010BDF5
:10553000B40100204EBF03081C010020A001002080
:10554000816D21F0100181657047816D41F010017E
:105550008165704710B504462CB9012006490968D9
:105560000882002010BD0549096808688047024884
:1055700000680A30F6E70000B4010020C0010020F6
:1055800010B50E480068C0780D494978884213DC90
:105590000A480068807878B908480068808858B957
:1055A00006480068C0780549096888720549096895
:1055B00048688047002010BD0220FCE7B4010020AD
:1055C00018010020C001002010B507480068407A8B
:1055D00040F0200004490968487204490968C86914
:1055E0008047002010BD0000B4010020C001002051
:1055F00010B5024606480068438A32B98888C01A46
:10560000034C24682082002010BD08681844FBE782
:10561000B401002010B505480078202804D1FDF71A
:105620000DFE00200149087010BD00000C01002093
:1056300010B50948007800B910BD0020064908706F
:105640000648D0F80C0228B104480549D0F80C22CD
:105650000448904700BFEFE73F00002050020020C1
:105660001B1000200B1000202DE9F0412E4800688F
:10567000467926F080073C462B480068407900F0C8
:10568000800038B1294901EB8400D0F8000C00F00B
:10569000300506E0254901EB8400D0F8000C00F449
:1056A000405523480078A04208D91F480068408828
:1056B00020B91DB11C480068807A10B90220BDE8ED
:1056C000F08106F08000A0B1184A02EB8401D1F805
:1056D000001C48F6BF7201EA020080F0100040F49E
:1056E000004141F08001114B03EB8402C2F8001C21
:1056F00014E00E4A02EB8401D1F8001C4BF68F72C5
:1057000001EA020080F4805040F4004141F0800141
:10571000064B03EB8402C2F8001C00BF0549096870
:10572000886980470020CAE7B4010020005000408B
:1057300018010020C001002070B504460025212C6E
:1057400008D112480068007800F07F0021280ED1AF
:105750000F4D0CE0202C0AD10C480068007800F0B6
:105760007F00212800D10B4D20200B4908700DB976
:10577000022070BD0548006885610021034800686B
:1057800041820020A8470020F3E70000B401002078
:10579000C9570308E55703080C01002070470000B3
:1057A000014608480068007800F07F00212807D1F2
:1057B000022901D100207047222901D10020FAE7F7
:1057C0000220F8E7B4010020014629B90820034A65
:1057D00012681082002070470148FCE7B4010020E5
:1057E00010010020014629B90820034A12681082DE
:1057F000002070470148FCE7B401002010010020A0
:105800000348817A11B10521024A116070470000F6
:1058100008220020A00100200420014908607047F0
:10582000A001002010B5044602492046FFF7E0FE23
:1058300010BD00007801002010B504460249204642
:10584000FFF7D6FE10BD00007001002070B50546C0
:1058500006480068C478042C01DD002070BD0448AF
:1058600000EBC4012846FFF7C3FEF7E7B4010020B0
:10587000800100200246002901DD02207047012A34
:1058800001DD0220FAE70020F8E7000070B50446C9
:105890000D46054890F8080220B12A4621460248E4
:1058A00004F012FA70BD00005002002030B503462B
:1058B000002A08DA8B2904DA2D2508464C1CE1B2AF
:1058C0001D54504202B2642A0ADB8B2908DA642094
:1058D00092FBF0F03030C5B208464C1CE1B21D54CA
:1058E0000A2A0FDB8B290DDA0A2092FBF0F00A243A
:1058F00090FBF4F504FB15003030C5B208464C1C93
:10590000E1B21D548B290ADA0A2092FBF0F400FB65
:1059100014203030C5B208464C1CE1B21D54084674
:1059200030BD30B5034605E012F8015B08464C1C5B
:10593000E1B21D54107808B18B29F5DB084630BD63
:1059400010B50446072C01D02E4804702D4800786D
:10595000082850D2DFE800F004111A202B384D4EF1
:105960002948006828B9FDF721FB06202549087061
:1059700002E005202349087041E0FDF717FB0420F1
:105980002049087001202049086038E002201D49A4
:1059900048700320087032E01A484078401E1949C8
:1059A00048700846407808B90420087027E0174876
:1059B000006883B243F010031448036005201149C6
:1059C00008700A2048701AE00E484078401E0D49C1
:1059D00048700846407858B90C48006883B223F0F4
:1059E00010030A480360062008700020064908607A
:1059F00005E000BF00BF06200249087000BF00BFDD
:105A000010BD0000A5010020A8010020405C00405E
:105A100010B504460748006824280AD106E020781B
:105A20000D2802D02078FFF777FC641C207800282E
:105A3000F5D110BD0800002010B5024607E012F8AD
:105A4000013B11F8014BA34201D0002010BD0878A2
:105A50000028F4D10120F9E70848007E4FF070716A
:105A600041EA40300549497E40EA81200349097EE8
:105A700040EAC1000149497E08437047C818002028
:105A800001210B48016000200A4A1080104600885E
:105A9000074A10600020121D10604FF4E050054AC4
:105AA000108010460088024A1060002070470000F5
:105AB000405C0040BE01002010B50021204A126861
:105AC00090B200BF09E01F4B03EB8102D2F8002C1B
:105AD00092B21D4B43F82120491C0829F3D340F40E
:105AE0008060174A106040F00100106020F0010053
:105AF000106000BF124A121D126802F48062002A70
:105B0000F8D04FF6FF320E4B1B1D1A60002109E042
:105B10000D4A52F8212092B20A4C04EB8103C3F8DB
:105B2000002C491C0829F3D340F00800044A1060F7
:105B3000126890B240F00400014A106010BD0000ED
:105B4000405C004000500040E821002070B5044651
:105B50000D46A0780A280BDAA278511CA17002EB3E
:105B60004212E11C501821222946FAF7F9FE03E0FF
:105B700002A1204600F03AF970BD0000746F6F205A
:105B80006D616E7920636F6D6D616E6473000000EE
:105B9000044890F80602012801D103A0704703A031
:105BA000FCE7000050020020B0460000B0430000B7
:105BB00010B50B480B4908600220096808720A48B2
:105BC0000A4908600A480B490860084909680868DA
:105BD00080470948006840F080500749086010BDC0
:105BE00008220020B40100201C010020B801002080
:105BF0004C010020C00100202018004010B52A48A8
:105C000000682A4908800846008800F400402849B6
:105C10000988084008B1FFF705FA2448008800F415
:105C2000806023490988084030B14FF6FF301E4993
:105C300008602049486880471C48008800F480506C
:105C40001B490988084030B14EF6FF7016490860BC
:105C50000020FFF775FE1548008800F40060144925
:105C60000988084060B11448007810B1FFF724FF9C
:105C700002E00220FFF764FE4FF2FF700A4908605D
:105C80000A48008800F4007009490988084050B1AA
:105C90004FF6FF500449086008480078401C074947
:105CA0000870FDF7A9FA10BD445C0040C800002050
:105CB000BE0100201C010020A4010020CA00002019
:105CC0000146074890F80602012807D101EBC10000
:105CD000052290FBF2F0203000B270470846FCE746
:105CE0005002002010B5044607E0207820B114F8D7
:105CF000010BFFF711FB00E000E0F6E700BF10BD6D
:105D00000246012A06D0022A09D0032A0CD0042A0E
:105D100014D10EE009B10AA070470BA0FCE709B14D
:105D20000AA0F9E70BA0F7E709B10CA0F4E70DA072
:105D3000F2E709B10DA0EFE70EA0EDE70FA0EBE74A
:105D40007A75656E6400000049474E006865697A9F
:105D500000000000686561740000000062657472F4
:105D600000000000776F726B00000000626C6173CE
:105D700000000000626C6F770000000069646C65D1
:105D8000000000002DE9F0410446002600E0761CEA
:105D9000A05D2028FBD0A05D0928F8D04EB1204698
:105DA000FAF774FD871BA1197A1C2046FAF71DFE2D
:105DB00000BF2046FAF76AFD054603E00021681E91
:105DC00005462154002D0FDD681E205C2028F5D0EB
:105DD000681E205C0928F1D0681E205C0D28EDD0DB
:105DE000681E205C0A28E9D0BDE8F08170B5044641
:105DF0000D4694F84D01052816DA94F84D2104F566
:105E0000A77101EB42101F222946FAF779FE002103
:105E100094F84D2104F5A77000EB4210C17794F877
:105E20004D01401C84F84D0170BDF0B51D460023A6
:105E30000024002616701BE00678222E01D15B1C80
:105E400015E0012606EB41069E4209D16E1EA642D0
:105E500006DD90F800C02646641C02F806C005E086
:105E6000012606EB41069E4200DA04E000BF401C1A
:105E70000678002EE0D100BF00261655F0BD0000C8
:105E80002DE9F04796B004460E4615469846242163
:105E90000DA8FAF70EFEF9A12046FAF75DFE20B133
:105EA000F8A12046FAF758FE48B913208DF83400BF
:105EB0000DA94046FFF74AFE16B0BDE8F087F2A1F3
:105EC0002046FAF749FE38B914208DF834000DA9A0
:105ED0004046FFF73BFEEFE7EDA12046FAF73CFE18
:105EE00038B915208DF834000DA94046FFF72EFE75
:105EF000E2E7E9A12046FAF72FFE50B94046FDF748
:105F0000F6F815208DF834000DA94046FFF71EFE67
:105F1000D2E7E4A12046FAF71FFE38B916208DF823
:105F200034000DA94046FFF711FEC5E7DFA120466A
:105F3000FAF712FE50B94046FDF7D9F816208DF851
:105F400034000DA94046FFF701FEB5E72078702820
:105F500029D16078682826D1A0786F2823D1E078ED
:105F60006E2820D1207965281DD1607931281ADB6F
:105F70006079342817DCA079A8B902208DF83400A4
:105F800060793038C0B28DF839000F2231460DF1FA
:105F90003A00FAF7B5FD00210DA841750DA940465C
:105FA000FFF7D4FD88E70722C3A12046FAF78DFC4E
:105FB00000BBE07931281DDBE07934281ADC207A37
:105FC000C0B94046FDF793F802208DF83400E0791F
:105FD0003038C0B28DF839000F2231460DF13A0049
:105FE000FAF78EFD00210DA841750DA94046FFF777
:105FF000ADFD61E7B2A12046FAF7AEFD28B1B2A12E
:106000002046FAF7A9FD002840D1AFA12046FAF7B3
:10601000A3FD10B94046FDF76AF803208DF834005F
:10602000307848B1ABA13046FAF796FD20B1ABA16C
:106030003046FAF791FD18B900208DF8380020E0BD
:10604000A8A13046FAF788FD20B1A8A13046FAF79A
:1060500083FD18B901208DF8380012E0A6A1304662
:10606000FAF77AFD20B1A6A13046FAF775FD18B906
:1060700002208DF8380004E0A3A14046FFF7B6FEE9
:106080001AE70DA94046FFF761FD15E7A5A12046D7
:10609000FAF762FD80B901208DF834000F223146F5
:1060A0000DF13A00FAF72CFD00210DA841750DA95C
:1060B0004046FFF74BFDFFE69CA12046FAF74CFD5A
:1060C00020B19DA12046FAF747FD20BB9AA12046AA
:1060D000FAF742FD10B94046FDF709F80AAA0BA9E4
:1060E0003046FCF753FD20B997A14046FFF77EFEEE
:1060F000E2E69DF8280010B14046FCF7F8FF0420C6
:106100008DF834009DF82C008DF835000DA940461F
:10611000FFF71CFDD0E691A12046FAF71DFD20B146
:1061200090A12046FAF718FD78BB8EA12046FAF719
:1061300013FD10B94046FCF7DAFF3046FAF7A6FB2C
:10614000042804D088A14046FFF750FEB4E600279B
:106150000BE0F05D302802DBF05D392804DD88A11A
:106160004046FFF743FEA7E67F1C042FF1DB052026
:106170008DF834003068CDF84A0000210DA88176F2
:106180000DA94046FFF7E2FC96E6FFE781A1204615
:10619000FAF7E2FC20B181A12046FAF7DDFC60BBF2
:1061A0007EA12046FAF7D8FC10B94046FCF79FFFC5
:1061B0007CA13046FAF7D0FC50B906208DF83400A7
:1061C00000208DF837000DA94046FFF7BFFC13E013
:1061D00075A13046FAF7C0FC50B906208DF834009E
:1061E00001208DF837000DA94046FFF7AFFC03E012
:1061F0006EA14046FFF7FAFD5EE657A12046FAF78A
:10620000ABFC38B917208DF834000DA94046FFF7D4
:106210009DFC51E669A12046FAF79EFC50B9404624
:10622000FCF765FF17208DF834000DA94046FFF7F5
:106230008DFC41E662A12046FAF78EFC20B162A1F6
:106240002046FAF789FCB8B95FA12046FAF784FC2A
:1062500010B94046FCF74BFF1DA13046FAF77CFC15
:1062600058B919208DF8340000208DF854000DA97C
:106270004046FFF76BFCBFE0BFE0A9E073746174B8
:10628000757300003F00000070696E670000000039
:1062900072657365740000006E6575737461727465
:1062A00000000000666163746F7279007765726B3D
:1062B000737265736574000074656C65666F6E005B
:1062C0007761726D75700000617566776165726DDA
:1062D000656E00006275726E657200006272656EB6
:1062E0006E657200656C656D656E74006865697ACF
:1062F0007374616200000000626F74680000000047
:1063000062656964650000007761726D75703A209E
:106310006275726E65722F656C656D656E742F6245
:106320006F74680061646D696E0000006661756C71
:10633000747265706F7274006665686C65726D6505
:106340006C64756E670000006661756C74726570D0
:106350006F72743A206F6E2F6F666600736574708B
:10636000696E000070696E0073657470696E3A2022
:106370006E65656420342064696769747300000089
:1063800073657470696E3A20646967697473206F0D
:106390006E6C7900756E69740000000065696E6846
:1063A000656974006300000066000000756E697422
:1063B0003A2043206F722046000000006175730090
:1063C0006C616E6700000000737072616368650045
:1063D000FEA13046FAF7C0FB50B919208DF8340001
:1063E00001208DF854000DA94046FFF7AFFB03E0F4
:1063F000F7A14046FFF7FAFC5EE5F9A12046FAF75F
:10640000ABFB20B1F7A12046FAF7A6FB20BBF5A114
:106410002046FAF7A1FB10B94046FCF768FE0AAA2D
:106420000BA93046FCF7B2FB20B9F2A14046FFF7BA
:10643000DDFC41E59DF8280010B14046FCF757FE11
:1064400018208DF834009DF82C008DF835000DA92A
:106450004046FFF77BFB2FE5AFF288112046FAF7A5
:106460007BFB28B1AFF28C112046FAF775FB28BBF5
:10647000AFF298112046FAF76FFB10B94046FCF7CF
:1064800036FE0AAA0BA93046FCF780FB20B9DCA136
:106490004046FFF7ABFC0FE59DF8280010B14046E1
:1064A000FCF725FE07208DF834009DF82C008DF8B0
:1064B00035000DA94046FFF749FBFDE4AFF2DC11C2
:1064C0002046FAF749FB28B1AFF2E0112046FAF76F
:1064D00043FB28BBAFF2EC112046FAF73DFB10B9A5
:1064E0004046FCF704FE0AAA0BA93046FCF74EFB17
:1064F00020B9C7A14046FFF779FCDDE49DF82800EC
:1065000010B14046FCF7F3FD08208DF834009DF8EB
:106510002C008DF835000DA94046FFF717FBCBE4A2
:10652000BFA12046FAF718FB20B1BFA12046FAF719
:1065300013FBE0BBBCA12046FAF70EFB10B94046A6
:10654000FCF7D5FD012D01D1242000E002200746F3
:10655000012D01D15A2000E0202081460AAA0BA972
:106560003046FCF713FB88B19DF8280010B1404677
:10657000FCF7BDFD09208DF834009DF82C008DF846
:1065800035000DA94046FFF7E1FA24E00CA930469A
:10659000FCF740FBB0B10C98B84213DB0C984845AF
:1065A00010DC0A208DF8340029460C9800E013E036
:1065B00000F02FFB40B28DF836000DA94046FFF7E2
:1065C000C5FA08E0012D01D19AA000E09FA0014684
:1065D0004046FFF70BFC6FE4A2A12046FAF7BCFA95
:1065E00020B1A2A12046FAF7B7FAE0BB9FA120464E
:1065F000FAF7B2FA10B94046FCF779FD012D01D146
:10660000202000E001200746012D01D1B02000E04C
:10661000502081460AAA0BA93046FCF7B7FA88B188
:106620009DF8280010B14046FCF761FD0B208DF865
:1066300034009DF82C008DF835000DA94046FFF779
:1066400085FA24E00CA93046FCF7E4FAB0B10C98C6
:10665000B84213DB0C98484510DC0C208DF8340050
:1066600029460C9800E013E000F0D3FA40B28DF810
:1066700036000DA94046FFF769FA08E0012D01D167
:106680007CA000E082A001464046FFF7AFFB13E488
:1066900085A12046FAF760FA20B186A12046FAF7D4
:1066A0005BFA18BB83A12046FAF756FA10B94046A8
:1066B000FCF71DFD0CA93046FCF7ACFA88B10C982C
:1066C00001280EDB0C9864280BDC0D208DF83400BB
:1066D0000C9840B28DF836000DA94046FFF736FA07
:1066E00003E077A14046FFF781FB11E420787A2888
:1066F0006AD16078002867D02046FAF7C7F80746C5
:10670000052F4BD172A1A01CFAF726FA20B171A176
:10671000A01CFAF721FAB0BB607801A9FDF79EFF33
:1067200088B36CA1A01CFAF717FA10B94046FCF721
:10673000DEFC012D01D1322000E00A208146012D2E
:1067400001D15A2000E0202082460CA93046FCF7F7
:1067500061FAC8B10C98484516DB0C98504513DC1B
:1067600011208DF834009DF804008DF84F00294663
:106770000C9800F04EFA41B20DA8C1770DA9404621
:10678000FFF7E4F909E009E0012D01D152A000E092
:1067900055A001464046FFF729FB2AE4072F14D1F4
:1067A00055A1A01CFAF7D8F920B155A1A01CFAF701
:1067B000D3F950B9607801A9FDF750FF28B150A175
:1067C000A01CFAF7C9F99FE08DE1D5E064650000EF
:1067D0006C616E673A20656E206F72206465000000
:1067E00061636B00626573746165746967756E6778
:1067F0000000000061636B3A206F6E2F6F666600C9
:106800006275726E65723A206F6E2F6F6666000059
:10681000656C656D656E743A206F6E2F6F666600ED
:10682000666C6F6F7200000066757373626F6465EB
:106830006E000000666C6F6F723A206F6E2F6F668D
:1068400066206F722033362D39300000666C6F6F12
:10685000723A206F6E2F6F6666206F7220322D3372
:1068600032000000656E67696E6500006D6F746FC1
:1068700072000000656E67696E653A206F6E2F6F5B
:106880006666206F722033322D31373600000000EB
:10689000656E67696E653A206F6E2F6F6666206F52
:1068A0007220312D3830000073797374696D657210
:1068B0000000000073797374656D7A656974000077
:1068C00073797374696D65723A20312D31303000FF
:1068D00064617900746167007A236461793A2035D4
:1068E000302D3930000000007A236461793A20317C
:1068F000302D3332000000006E69676874000000BC
:106900006E6163687400000010B94046FCF7EFFB4D
:10691000012D01D1322000E00A208146012D01D154
:106920005A2000E0202082460CA93046FCF772F97C
:10693000C0B10C98484515DB0C98504512DC12206C
:106940008DF834009DF804008DF84F0029460C980E
:1069500000F05FF941B20DA8C1770DA94046FFF7DD
:10696000F5F808E0012D01D16BA000E06EA0014612
:106970004046FFF73BFA07E4022F70D1607801A987
:10698000FDF76CFE00286AD09DF804008DF84F00DA
:10699000AFF298113046FAF7DFF850B166A13046F1
:1069A000FAF7DAF828B1AFF2EC513046FAF7D4F83A
:1069B00078B9AFF2F8513046FAF7CEF810B9404640
:1069C000FCF795FB0E208DF8340000210DA801770F
:1069D00083E05AA13046FAF7BFF898B159A1304682
:1069E000FAF7BAF870B158A13046FAF7B5F848B1DD
:1069F00056A13046FAF7B0F820B156A13046FAF762
:106A0000ABF898B951A13046FAF7A6F820B151A1D8
:106A10003046FAF7A1F810B94046FCF768FB0E20A3
:106A20008DF8340001210DA8017756E04AA13046C7
:106A3000FAF792F820B14AA13046FAF78DF878B902
:106A400047A13046FAF788F810B94046FCF74FFBEB
:106A50000E208DF8340002210DA801773DE041E0C1
:106A600041A13046FAF778F830B90F208DF834009C
:106A700000210DA8417730E03DA13046FAF76CF8CF
:106A800020B13DA13046FAF767F870B93AA1304617
:106A9000FAF762F810B94046FCF729FB0F208DF891
:106AA000340001210DA8417717E00CA93046FCF70E
:106AB000B1F868B10C980A280ADB0C98642807DC46
:106AC00010208DF834000C98C1B20DA8817704E035
:106AD0002BA14046FFF78AF98EE40DA94046FFF747
:106AE00035F889E400BF202102A8F9F7E2FF1F2250
:106AF00026A102A8FAF704F802A8F9F7C7FEC0F128
:106B00001F073A46214602A8F9F7A3FE02A940460C
:106B1000FFF76CF900BF6FE47A236E696768743A17
:106B20002035302D393000007A236E696768743A59
:106B30002031302D33320000300000006865617470
:106B4000000000006F6E0000310000006865697A87
:106B5000656E000065696E0076656E740000000069
:106B60006C75656674656E006175746F0000000079
:106B70006D616E75616C00006D616E75656C6C00A9
:106B80007A233A206261642061726700756E6B6ED1
:106B90006F776E3A2000000070B586B005460C464F
:106BA000E079A17962792379CDE90232CDE9041047
:106BB000E078A178CDE9001028050C4E96F82E60FB
:106BC00040EA4630094E96F82F6040EA8620084E8B
:106BD000367E3043064E767E40EA060163782278A0
:106BE000034802F021F806B070BD000060110020DB
:106BF000C818002009E00178412905DB01785A29ED
:106C000002DC017820310170401C01780029F2D1AA
:106C100070470246012907D1A2F1200000EB800055
:106C2000092390FBF3F070471046FCE72DE9F84F7D
:106C300005468A4691460024FEF7AAFF83464E4643
:106C40000EB1C8A000E0CAA002462146CA48FEF71D
:106C500068FE04462878002834D00EB1C7A000E0B2
:106C6000C8A002462146C448FEF75BFE044695F8DC
:106C700051003146FFF744F807463A462146BE48E0
:106C8000FEF74FFE0446C0A22146BB48FEF749FE70
:106C9000044695F82510C1EBC101BC4A02EBC101C5
:106CA000097B48B2FFF70CF807463A462146B2483E
:106CB000FEF7FCFD04465A462146AF48FEF731FE7A
:106CC000044609E00EB1B2A000E0B2A0024621469F
:106CD000A948FEF726FE04460A222046611CCCB2D3
:106CE000A5490A5495F8320008BB0EB1AAA000E0ED
:106CF000ABA002462146A048FEF713FE044695F8D5
:106D0000310020B10EB1A8A005E0A8A003E00EB1AB
:106D10009FA000E09FA0024621469748FEF701FE93
:106D200004460A222046611CCCB293490A5400272B
:106D30007CE005F13C00C057002800DC74E05A22DA
:106D40002046611CCCB28C490A5407F13100C2B212
:106D50002046611CCCB288490A5420222046611C7E
:106D6000CCB285490A54A81DC05D012802D0022872
:106D700016D10AE00EB18EA000E08FA00246214697
:106D80007D48FEF7CEFD044615E00EB18CA000E074
:106D90008DA0024621467848FEF7C3FD04460AE06E
:106DA0000EB17BA000E07BA0024621467248FEF7B0
:106DB000B8FD044600BF00BF20222046611CCCB2B3
:106DC0006D490A5405F13701C857FEF779FF0246AD
:106DD000214600906848FEF769FD04465A46214660
:106DE0006548FEF79EFD044679A221466248FEF7FB
:106DF00098FD044605F10B01C95D48B2FEF760FF3E
:106E00000246214600905C48FEF750FD04465A4673
:106E100021465948FEF785FD04460A222046611C9A
:106E2000CCB255490A5400BF781CC7B2052F80DB8D
:106E300068A221465048FEF774FD044695F95000BB
:106E4000FEF73EFF07463A4621464B48FEF72EFD29
:106E500004465A4621464848FEF763FD04460A2286
:106E60002046611CCCB244490A540EB15BA000E03C
:106E70005CA0024621464048FEF753FD044695F9C2
:106E80004900FEF71DFF07463A4621463A48FEF7FD
:106E90000DFD04465A4621463748FEF742FD04469A
:106EA0000A222046611CCCB233490A5495F82500C9
:106EB000C0EBC000354901EBC000D0ED070AB2EECF
:106EC000041AB6EE000A00EE810ABDEEC00A10EE0A
:106ED000100A0FFA80F8B8F1640F0BDB8B2C09DA7B
:106EE000642098FBF0F03030C2B22046611CCCB276
:106EF00021490A548B2C0EDA0A2098FBF0F00A2163
:106F000090FBF1F201FB12003030C2B22046611C4E
:106F1000CCB219490A548B2C05DA2E222046611C6A
:106F2000CCB215490A548B2C0BDA0A2098FBF0F1ED
:106F300000FB11803030C2B22046611CCCB20E4939
:106F40000A542AA221460C48FEF7EBFC0446002016
:106F5000094908550A465146254802F0B5FEBDE8E4
:106F6000F88F00004272656E6E65723A0000000094
:106F70004275726E3A0000009012002065696E2D15
:106F8000000000006F6E2D002D0000002013002077
:106F9000617573006F6666004865697A73743A00BC
:106FA000456C6D3A0000000065696E006F6E000070
:106FB0006865697A0000000068656174000000007F
:106FC0006C7565667400000076656E7400000000E4
:106FD0002D3E00005474616E6B3A0000546175736D
:106FE000733A0000546F75743A00000056000000B8
:106FF000500200202DE9F04F2DED048B89B005469D
:107000008A46DAF80400C0F308500890BAF8040081
:10701000C0F3C6089AF8040000F007070AF10B0451
:10702000B8F17E0F01D1012F02D0B8F17D0F03D14D
:107030000120FE4981F8300000260898000500EB89
:10704000483000EB8720FA49097E00EBC100F8497F
:10705000497E084407902246F648DAF8041001F009
:1070600015FAB8F1220F0ED0B8F1230F0BD0B8F1FA
:10707000170F08D0B8F11B0F05D0B8F12A0F02D0B6
:10708000B8F12B0F06D1C7EBC700EB4901EBC000ED
:1070900080F80480089818287ED01CDC0C287CD04E
:1070A0000CDC07287AD004DC01282FD0022876D106
:1070B0008BE00A2874D00B28F9D10EE1132870D088
:1070C00004DC0D286ED01228F1D19EE115286AD07B
:1070D0001628ECD125E3222866D00ADCA0F119009D
:1070E00005285CD2DFE810F0A903CD03EC033904D6
:1070F0005A042A2871D004DC28286FD02928D6D138
:10710000FEE32E286BD03C28D1D169E04FF400106B
:1071100000EB483000EB8720C549097E00EBC10039
:10712000C349497E084407906078217800EB01202C
:1071300003281BD003DC38B101281BD115E004283B
:1071400015D0162816D113E0FF2001220023CDE927
:10715000032079210293CDE900130590637822780A
:10716000B348079901F060FD2DE02CE02BE02AE008
:10717000FDF720FDFF200290039004900590009001
:1071800001904FF4001000EB483000EB8720DFF84F
:10719000A0C29CF818C008E030E3B8E053E086E2F3
:1071A00052E076E1FEE083E2F7E300EBCC00DFF8AB
:1071B00080C29CF819C000EB0C01637822789C48CF
:1071C00001F032FD00BF00BF71E26078217800EB72
:1071D000012000B900BF00BFF6E7FDE3FDE3FDE3DA
:1071E000207801282ED1607800F00300022805DA0B
:1071F000607800F00100914981F805026078C0F3E1
:107200008100022805DA6078C0F380008B4981F89C
:1072100007026078C0F30110022805DA6078C0F335
:107220000010864981F8080260780221B1EB901FB6
:1072300005DD6078C0F38010804981F8060280483F
:1072400003F02EFEC0E700BF2078FF2806D020788C
:10725000C7EBC701784A02EBC10148716078FF288B
:1072600006D06078C7EBC701734A02EBC101887191
:10727000A078FF2807D0A078C7EBC7016E4A02EBC1
:10728000C10181F82100E07800F0030003280DD04F
:10729000E07800F0030008B1012000E00020C7EB17
:1072A000C701654A02EBC10181F822002079FF285D
:1072B00007D02079C7EBC7015F4A02EBC10181F813
:1072C00023006079FF2807D06079C7EBC7015A4ACD
:1072D00002EBC10181F8240076E72078FF2802D173
:1072E0006078FF2812D06178207801EB002000EE52
:1072F000100AB8EEC00AF2EE040A80EE201AC7EBBC
:10730000C7004D4901EBC00080ED071A5CE720780B
:10731000FF2806D02078C7EBC701474A02EBC1011E
:1073200008826078FF2806D06078C7EBC701424A20
:1073300002EBC1014882A078FF2802D1E078FF2843
:1073400012D0E178A07801EB002000EE100AB8EE30
:10735000C00ADFED3C0A80EE201AC7EBC7003649B1
:1073600001EBC00080ED051AA079FF2806D0A079B6
:10737000C7EBC701304A02EBC1010876E07900F0A3
:10738000030002280DDAE07900F0030008B10120C3
:1073900000E00020C7EBC701274A02EBC10181F8DA
:1073A000200011E72078FF2802D16078FF280AD05A
:1073B0006078217800EB012000B2C7EBC7011E4ABC
:1073C00002EBC1010881A078FF2807D0A0784B38D4
:1073D000C7EBC701184A02EBC1014881E078FF28DA
:1073E00007D0E0784B38C7EBC701134A02EBC10165
:1073F00088812079FF2807D020794B38C7EBC70157
:107400000D4A02EBC101C881D2E3B8F12B0F29D09C
:107410001ADCB8F1170F21D0B8F11B0F1FD0B8F14B
:10742000220F1DD0B8F1230F31D11AE060110020D6
:10743000C8180020A81400202013002050020020AB
:10744000880000200000C842B8F12C0F0BD0B8F122
:107450007D0F10D0B8F17E0F19D111E000BF00BF31
:1074600000BF00BF00BFC7EBC700FE4901EBC00073
:10747000216801600BE0FC482168C0F82A1006E092
:10748000012F03D1F8482168C0F82A1000BF00BFBF
:107490008EE385F82E8085F82F702078012871D131
:1074A000207900F00300022804DA207900F00100BE
:1074B00085F833002079C0F38100022804DA2079AE
:1074C000C0F3800085F834002079C0F30110022851
:1074D00003DA2079C0F300102871607900F003000E
:1074E000022804DA607900F0010085F8350060793F
:1074F000C0F38100022804DA6079C0F3800085F8C7
:107500003600A07900F00300022804DAA07900F028
:1075100001015C204155A079C0F38100022804DA02
:10752000A079C0F380015D204155A079C0F301101E
:10753000022804DAA079C0F300115E204155A07939
:107540000221B1EB901F04DDA079C0F380115A2015
:107550004155E07900F00300022808DAE07900F0F4
:10756000030008B1012100E000215B204155E079D2
:10757000C0F38100022809DAE079C0F3810010B17C
:10758000012001E01DE0002085F85700E079C0F3FC
:107590000110022808DAE079C0F3011008B10121D6
:1075A00000E0002158204155E0790221B1EB901F05
:1075B00007DDE079800908B1012100E000215920B0
:1075C00041552078032832D160787D2802DC60782C
:1075D0004B38E877A0780A2802DCA07885F82000EC
:1075E000E0789B2803DCE0784B3885F8210061794E
:1075F000207901EB002040F2AA51884205DC617934
:10760000207901EB002085F82200A079642805DCB0
:10761000A079002802DDA07985F82300E07902280E
:1076200005DBE0793C2802DCE07985F8240020784D
:10763000042822D16078042803DA607840B285F803
:107640003C00A078042803DAA07841B23D204155DF
:10765000E078042803DAE07841B23E2041552079F1
:10766000042803DA207941B23F204155607904288B
:1076700003DA607941B2402041552078052816D1BF
:107680006078FF2808D1A078FF2805D1E078FF288E
:1076900002D12079FF280AD060780006A17840EA5C
:1076A0000140E17840EA012021790843A8667FE2A1
:1076B000A078FF2804D0A0784B3840B285F850005D
:1076C0002079FF2804D020794B3840B285F8490052
:1076D0006079FF2802D0607985F85100A079FF28F1
:1076E00002D0A07985F86C00E079C0F3810003280E
:1076F00008D0E079C0F3810008B1012000E000204B
:1077000085F83100E079C0F30110032808DAE07948
:10771000C0F3011008B1012000E0002085F832001C
:1077200046E2207800F00306032E00D0AE712078E8
:10773000C0F38106032E00D0EE712078C0F301164D
:10774000032E00D02E7220788609032E00D06E7290
:10775000607800F00306032E00D0AE72A078FF28F8
:1077600004D0A0784B3840B285F83700E078FF2885
:1077700004D0E0784B3841B2382041552079FF28B9
:1077800004D020794B3841B2392041556079FF2827
:1077900004D060794B3841B23A204155A079FF2896
:1077A00004D0A0794B3841B23B204155E07900F03C
:1077B0000306032E04D00EB1012000E00020287043
:1077C000E079C0F38106022E04DA0EB1012000E058
:1077D00000206870E079C0F30116022E04DA0EB1C1
:1077E000012000E00020A870E0798609022E04DA6A
:1077F0000EB1012000E00020E870D9E1E078FF2818
:1078000002D0E07885F852002079FF2802D0217953
:10781000532041556079FF2802D0617954204155A9
:10782000A079FF2802D0A17955204155E079FF28A1
:1078300002D0E17956204155BAE12078FF2802D0E4
:1078400020784B38E8726078FF2802D060784B3897
:107850002873A078FF2802D0A0784B386873E078AE
:10786000FF2803E0201300206011002002D0E07800
:107870004B38A8732079FF2802D020794B38E87361
:1078800096E12078FF2802D020784B382874607861
:10789000FF2802D060784B386874A078FF2802D0A7
:1078A000A0784B38A874E078FF2802D0E0784B38F5
:1078B000E8742079FF2802D020794B38287577E1C9
:1078C0002078FF2801D0207868756078FF2801D0E3
:1078D0006178A975A078FF2801D0A178E975E078D2
:1078E000FF2801D0E17829762079FF2801D021797D
:1078F0006976607900F00306032E06D01EB100E021
:10790000E5E0012000E00020A8766079C0F3810660
:10791000032E04D00EB1012100E00021E976607948
:10792000C0F30116032E04D00EB1012100E00021A6
:10793000297760798609032E04D00EB1012100E079
:1079400000216977A07900F00306032E04D00EB160
:10795000012100E00021A9772AE120780006617862
:1079600040EA0140A17840EA0120E1780843C7EBF2
:10797000C701924A02EBC101886220790006617951
:1079800040EA0140A17940EA0120E1790843C7EBD0
:10799000C70102EBC101C8620AE122E02078022897
:1079A0001ED121790A04617902EB0121A27988189C
:1079B00004F00AF841EC190B9FED810B53EC102BEE
:1079C00003F0AAFE41EC180B03F074FEC7EBC701ED
:1079D0007A4A02EBC10102E092E048E0E1E008638C
:1079E000E6E04FF00C7000EB483000EB8720764962
:1079F000097E00EBC1007449497E08440790207855
:107A00000006617800EB0140A17800EB0120E178ED
:107A100000EB01090020069021E0D9F800B00BF03E
:107A2000FF00CBF30721CBF307424FEA1B63CDE9FD
:107A30000232CDE9041009F0FF00C9F307214FEA33
:107A40001962C9F30743CDE900105F48079901F0B7
:107A5000EBF809F104090698401C80B206906079A1
:107A6000217900EB012106988142D6DCA0E0207844
:107A7000FF2804D0207800F5FA60544988606078C7
:107A80000D2805DA6078002802DD60784F49087318
:107A9000A078202802DAA0784C494873E0781828AA
:107AA00002DAE0784949887320793C2802DA2079A3
:107AB0004649C87360793C2802DA60794349087402
:107AC000424800F02BFC0021404A03C270E02078BD
:107AD000182802DA207885F8270060783C2802DA36
:107AE000607885F82600A078182802DAA07885F852
:107AF0002900E0783C2802DAE07885F8280057E091
:107B00002078FF2806D0207808B1012100E000216C
:107B1000632041556078FF2806D0607808B10120C5
:107B200000E0002085F85F00A078FF2806D0A0784C
:107B300008B1012100E0002160204155E078FF28D4
:107B400006D0E07808B1012100E000216120415514
:107B50002079FF2806D0207908B1012100E000211A
:107B6000642041556079FF2806D0607908B1012171
:107B700000E0002165204155A079FF2806D0A079BA
:107B800008B1012100E0002166204155E079FF287D
:107B900006D0E07908B1012100E0002162204155C2
:107BA00006E02068C5F86D006068C5F8710000BF88
:107BB00000BF09B0BDEC048BBDE8F08F201300209E
:107BC0000000000000408F40C8180020F001002095
:107BD00010B5044631483249C1F80C0231483249E7
:107BE00008603248486010232D4AD21C01213048D9
:107BF00000F096FC05232F4A02212D4800F090FC4E
:107C000010232C4A503A0321294800F089FC102304
:107C1000284A403A0421264800F082FC1023254AD5
:107C2000303A0521224800F07BFC1023214A203AFB
:107C300006211F4800F074FC10231E4A103A072149
:107C40001B4800F06DFCA123154AE9320C211848AD
:107C500000F066FC1423124AD5320D21144800F0BE
:107C60005FFC8D230E4A48320E21114800F058FC6B
:107C700010230B4A38320F210D4800F051FC182315
:107C80000C4A6F3A10210A4800F04AFC0723094ABF
:107C9000763A1121064800F043FC10BD1D37030859
:107CA00050020020F54B030870180020654A0308B5
:107CB000A8140020500400202DE9F04F85B007469D
:107CC0000D46287818B9002005B0BDE8F08F2C7853
:107CD000532C05D16BA1384600F0FAF90120F3E7E7
:107CE000562C05D168A1384600F0F2F90120EBE7E7
:107CF0004E2C05D166A1384600F0EAF90120E3E7F1
:107D0000462C05D164A1384600F0E2F90120DBE7FA
:107D10004F2C07D1012038705AA1384600F0D8F90D
:107D20000120D1E7432C07D10020387055A13846F7
:107D300000F0CEF90120C7E7542C01D0742C6ED18D
:107D4000387828B956A1384600F0C2F90120BBE7BF
:107D5000542C01D1012000E000208246BAF1000F2E
:107D600001D0082000E0032004900498401C00F09B
:107D7000FF082846F8F78AFDC1B208F101008142E8
:107D800005D247A1384600F0A3F901209CE74FF047
:107D9000000B012611E0A85D00F08AF8019001981F
:107DA000002805DA3EA1384600F092F901208BE761
:107DB000019840EA0B1B701CC6B204988642EADDAB
:107DC00015F80800303800F0FF09B9F1080F05DD9B
:107DD00033A1384600F07CF9012075E700200290BD
:107DE0000390002624E008F1010101EB4601685CE4
:107DF00000F05EF8019008F1020101EB4601685CB9
:107E000000F056F800900198002802DB0098002846
:107E100006DA23A1384600F05BF9012054E71DE0A3
:107E2000DDE9000140EA011002A98855701CC6B2C4
:107E30004E45D8DB02A84B465A4651460090194899
:107E400000F042FFBAF1000F01D017A000E017A028
:107E50000146384600F03CF9012035E7522C01D0AC
:107E6000722C0DD1387828B90DA1384600F030F9C0
:107E7000012029E70AA1384600F02AF9012023E76A
:107E8000002021E70D00000056303130310D000098
:107E90004E413030300D00004630300D0000000003
:107EA00007000000C81800205A0D00007A0D0000DD
:107EB0000146302904DB392902DCA1F1300070478A
:107EC000612904DB662902DCA1F15700F7E74129AB
:107ED00004DB462902DCA1F13700F0E74FF0FF3068
:107EE000EDE7F0B589B006460D46307808B909B01F
:107EF000F0BD0024A87A082801DD082000E0A87A57
:107F00000746287A04281AD154222046611CCCB294
:107F100001A90A546B6807220BE003F00F0000F080
:107F2000E3F8D1B221440DF1040C0CF801001B0957
:107F3000521E002AF1DA04F10800C4B21BE07422D8
:107F40002046611CCCB201A90A542888C0F30A0358
:107F500002220BE003F00F0000F0C6F8D1B221447A
:107F60000DF1040C0CF801001B11521E002AF1DA6D
:107F7000E01CC4B200BF07F13000C2B22046611C51
:107F8000CCB201A90A54002218E005F10B01895C6A
:107F9000081100F0A9F82146631CDCB201AB58546B
:107FA00005F10B01895C01F00F0000F09DF82146FE
:107FB000631CDCB201AB5854501CC2B2BA42E4DBC1
:107FC0000D222046611CCCB201A90A54002008559C
:107FD000304600F07DF800BF89E72DE9F04389B015
:107FE0000746884616461D46DDF84090387810B999
:107FF00009B0BDE8F0830024082D00DD0825B8F1A4
:10800000000F1AD054222046611CCCB201A90A5498
:10801000334607220BE003F00F0000F065F8D1B201
:1080200021440DF1040C0CF801001B09521E002A1A
:10803000F1DA04F10800C4B21AE074222046611C8F
:10804000CCB201A90A54C6F30A0302220BE003F0E2
:108050000F0000F049F8D1B221440DF1040C0CF8E6
:1080600001001B09521E002AF1DAE01CC4B200BF55
:1080700005F13000C2B22146601CC4B201A84254CE
:10808000002216E019F80210081100F02DF8214620
:10809000631CDCB201AB585419F8021001F00F0058
:1080A00000F022F82146631CDCB201AB5854501C8E
:1080B000C2B2AA42E6DB0D222046611CCCB201A965
:1080C0000A5400200855384600F002F800BF8FE738
:1080D00070B505460C4603E014F8010BFDF71CF9DA
:1080E00020780028F8D170BD01460A2902DA01F192
:1080F000300001E001F13700C0B2704702460021B4
:108100000BE0084810F83100904204D1054800EB1C
:10811000C10040687047481CC1B25529F1DB0020FE
:10812000F8E700008CBC03082DE9F0438DB004464D
:10813000207A68B901202072002004E06D49095CB2
:108140002154411CC8B20828F8DB0DB0BDE8F0830B
:10815000694890F8070248B9002004E06549095CC5
:108160002154411CC8B20828F8DBEEE7624890F8B9
:10817000B00100B9E9E7614801F06AF98046207C66
:1081800078B1E068A8EB00005D49884209D2002080
:1081900004E05849095C2154411CC8B20828F8DBA6
:1081A000D3E70026B1467FE0524810F809501DB1D0
:1081B00014F80900A84200D172E02846FFF79EFF9C
:1081C00007460023452219465B1C01A84254642D32
:1081D00009DB642095FBF0F03030C2B21846591C20
:1081E000CBB201A90A540A2D0EDB0A2095FBF0F050
:1081F0000A2190FBF1F201FB12003030C2B21846A6
:10820000591CCBB201A90A540A2095FBF0F100FBDE
:1082100011503030C2B21846591CCBB201A90A54D1
:108220003A221846591CCBB201A90A5420221846FA
:10823000591CCBB201A90A5487B1002009E017F8F4
:1082400000C019465A1CD3B201AA02F801C0411C51
:10825000C8B2395C41B12E2BF1DB05E03F22184654
:10826000591CCBB201A90A540A221846591CCBB298
:1082700001A90A540020C854F0188B2800DD17E02B
:1082800000200AE001A911F800C03146721CD6B2E4
:108290001C4A02F801C0411CC8B29842F2DB00BF80
:1082A00009F1010000F0FF09B9F1080FFFF67CAFFA
:1082B000002014498855002E11DD13A0FDF712FD92
:1082C0001048FDF70FFD13A0FDF70CFD0D4A1249F4
:1082D000094801F0F9FCC4F80C800120207400204A
:1082E00004E00449095C2154411CC8B20828F8DBA9
:1082F00000BF2AE7CD1100205002002054180020B2
:1083000080EE3600D01000204641554C5420534D8D
:10831000533A20000D0A000000040020F0B5014689
:108320000C7BC4F10E040C2794FBF7F4E3B28C68C9
:1083300004F59654E21A0C7B17FB0344E41EE5B2E5
:1083400005EB051707EBC707BF1C4FF0050C97FBA4
:10835000FCF791F80DC0674440F26D1C0CFB0277EE
:108360004FEAE27C02EB9C7C07EBAC074FF0640C1D
:1083700092FBFCFCA7EB0C074FF4C87C92FBFCFCC7
:108380006744A7F5FA472D3FDFF828C0A7EB0C0696
:10839000094C06FB04F00C7CCF7BC7EB071704EB02
:1083A00087048F7BC7EB471CCCEB072704EB071434
:1083B0002044F0BD8C3D2500805101002DE9F84F8F
:1083C00004460F4690469946DDF828A094F8C4006C
:1083D00048B94B46424639462046CDF800A000F049
:1083E000ABFABDE8F88F94F86A03032800DBF8E7DE
:1083F00094F86A13481C84F86A03532011FB00F1B7
:1084000004F5BC7000EB4105A5F800803846F8F78C
:108410003DFA86B2A02E00D9A02632463946A81CC5
:10842000F8F79EFA0021A81C815585F8A39085F8DD
:10843000A4A000BFD5E700002DE9F04104460D4699
:1084400016461F4640F26E300553012084F86C0337
:10845000002140F272300153801C0151001D06556D
:10846000401C0755084800F0F3FF4FF45F710851B6
:1084700000214FF4607001553B46324629462046A4
:1084800000F072F8BDE8F081541800202DE9F047A3
:1084900081460C461546C4F308563D2E03D03E2EA9
:1084A00001D0BDE8F087C4F3C60704F007083D2EED
:1084B00006D12B4642463946484600F055F903E0BE
:1084C0002946484600F0CEF900BFEAE710B5044659
:1084D00094F8940300B910BD40F28730035D401E4C
:1084E000025DB4F884132046FFF7A6FF01200CE0DC
:1084F000411E04F5617202EB810204F5617101EB2A
:10850000800109681160411CC8B294F8941381423B
:10851000EEDC94F89403401E84F8940300BFDAE77D
:108520002DE9F04104460E4617469846314620464E
:1085300000F052FA05466DB994F8C000102809DA27
:1085400014F8C01F2078401C04F8C00901EB41005A
:1085500004EB80050DB9BDE8F0812E806F60A5F8B1
:10856000088000BFF7E700002DE9F04186B005461E
:108570000C4616461F463B4632463D21284602F031
:10858000CBFF8046FF2002900390049005902012BC
:10859000E1B2FF230222CDE900104146024800F07B
:1085A00043FB06B0BDE8F081C818002030B589B0A3
:1085B000044694F8C40000283DD0674800F048FF06
:1085C000D4F87411401A05287ED3B4F86E11B4F8AB
:1085D0006C01814230DB002084F8C40094F86A0307
:1085E000002871DD94F81C02009094F81B32B4F856
:1085F000782104F5BD71204600F09EF9012511E0B7
:1086000053226A4304F5BC7303EB42016A1E5323F1
:108610005A4304F5BC7303EB4200A622F8F7A0F915
:10862000681CC5B294F86A03A842E9DC94F86A03AE
:10863000401E84F86A0347E048A103C9CDE9070159
:10864000002010E0B4F86E2102EB8202024491B2E5
:10865000B4F86A218A4204DD04F1C802525C07AB17
:108660001A54411CC8B20528ECDB94F8713194F817
:1086700070213E21204602F04FFF05469DF8200064
:108680009DF81F109DF81E209DF81D30CDE9023287
:10869000CDE904109DF81C0094F86E11CDE900108E
:1086A000C620005B0312C620025D29462D4800F05B
:1086B000BBFA294800F0CCFEC4F87401B4F86E018E
:1086C000401CA4F86E0100BF94F86C03D0B340F2D4
:1086D0007230005B002806DD40F27230005B00EB78
:1086E0008000400000E0C82005461B4800F0B0FEB6
:1086F0004FF45F710959401AA8422AD94FF46070AB
:10870000005D05281FDA4FF46070005D401CC1B2A7
:108710004FF460700155104800F09AFE4FF45F71FD
:108720000851002140F272300153801C0151401D5C
:10873000035D401E025D40F26E30015B2046FFF794
:1087400013FF06E006E0002084F86C032046FFF7E4
:10875000BDFE00BF09B030BD54180020FFFFFFFF71
:10876000FF000000C81800202DE9F84304468846A1
:1087700091461D46A878E97840EA01262878022823
:1087800011D13146204600F027F907464FB17868ED
:1087900038B1CDF80090434632462046796800F063
:1087A000CBF8BDE8F8832878012857D194F86C03FA
:1087B00028B140F26E30005BB04210D0F1E7314694
:1087C000204600F009F900B9EBE740F26E3006539D
:1087D000012084F86C0300214FF460700155287962
:1087E000697940EA01214FF45C700153005BA028D5
:1087F00003DDA0214FF45C7001534FF45C70005B0B
:10880000001D052190FBF1F081B240F2723001535E
:108810000021801C015184F8788384F879931048F2
:1088200000F016FE4FF45F71085140F27230005BA9
:10883000A0B93146204600F0CFF807463FB178682E
:1088400028B13889002802DD0020796808700020EE
:1088500084F86C032046FFF739FE00BF00BFA0E795
:10886000541800202DE9F04104460E4694F86C039C
:1088700018B140F27230005B08B9BDE8F081307881
:10888000717840EA012840F26E30005B404500D02C
:10889000F3E7B77840F27230005BB84201DD202F79
:1088A00000DBEAE74146204600F096F80546002046
:1088B00016E007EB870211184FF45C72125B8A42D4
:1088C00000DC0FE055B16A6842B12A89521E92B2AB
:1088D0008A4203DDC21CB25C6B685A54411CC8B2A8
:1088E0000528E6DB4FF45D7000590121B9400843CB
:1088F0004FF45D71085108460159801E025D012048
:108900009040401E814214D16DB1686858B14FF457
:108910005C70005B2989884205DA00214FF45C70A5
:10892000005B6A681154002084F86C032046FFF74E
:10893000CDFD00BFA1E700002DE9F04786B0044659
:10894000884616461F46DDF838904046F7F79EFFEA
:1089500085B2A02D00D9A025C62006532A4641463F
:1089600004F1C800F7F7FCFFA4F86A51281D05219F
:1089700090FBF1F0A4F86C010021A4F86E1184F8CA
:10898000707184F87191012084F8C400104800F0DF
:108990005FFDC4F874014B463A463D21204602F083
:1089A000BBFD8246FF2200232812E9B2CDE9043242
:1089B000CDE902103012F1B213460122CDE90010C8
:1089C0005146044800F030F906B0BDE8F0870000D9
:1089D00054180020C818002002460B4600210CE065
:1089E00001EB410032F82000984204D101EB410034
:1089F00002EB80007047481CC1B292F8C000884268
:108A0000EEDC0020F6E7000070B586B00446207961
:108A100008B1012100E00021607908B1012000E0E7
:108A2000002041EA8001A07908B1012000E0002087
:108A300041EA0011E07900F0010041EA8015FDF7FC
:108A40000BF80646FF2002900390049005900090DA
:108A50002B46012231460190024800F0E5F806B0AD
:108A600070BD0000C818002010B50446204600F074
:108A700007F82046FFF7C8FF6068206010BD0000BF
:108A8000074991F805120171054991F807224271D1
:108A900091F80822827191F80622C2717047000095
:108AA0005002002010B504462046FFF7E9FF207869
:108AB000217988420BD161786079814207D1A17810
:108AC000A079814203D1E178E079814204D0204647
:108AD000FFF79AFF6068206010BD000010B58AB0F3
:108AE000044609A8F9F7FDFA01210920F9F782FCEB
:108AF0002020ADF8240048208DF8270009A9464819
:108B0000F9F764FA4020ADF8240018208DF827000A
:108B100003208DF8260009A93F48F9F757FA0121EB
:108B20003E48F9F739F901210420F9F763FC2020C8
:108B3000ADF8240010208DF8270001208DF82600C4
:108B400009A93748F9F742FA20213548F9F7DAFA46
:108B500001218806F9F72EFC3248F8F7B1FC06A887
:108B6000F8F7EDFD00208DF81E0001208DF81F00A4
:108B700000208DF8200001208DF8210000208DF8C4
:108B8000220001208DF8230000208DF81A008DF8B6
:108B90001B000A208DF81C0003208DF81D00062004
:108BA000ADF8180006A91F48F8F73FFD00208DF822
:108BB00012008DF8130001208DF814000020ADF88C
:108BC0000800ADF80A00ADF80C00ADF80E00ADF8E5
:108BD000100001208DF8150002A8F8F773FB0122A0
:108BE00002211048F8F718FD4FF4E060F9F7F2FAA7
:108BF00040208DF8040000208DF805008DF8060057
:108C000001208DF8070001A8F9F7ACFA7920207649
:108C1000002060760AB010BD000C01400200114037
:108C200000080140006800402DE9F05F04460D4651
:108C300016461F46DDE90CABDDE90A8914480078C9
:108C400008B1BDE8F09F0020E061256200212520E9
:108C500001550421242001550821262001552720F3
:108C6000065584F8287084F8298084F82A9084F8BE
:108C70002BA084F82CB00E9984F82D100F9984F84D
:108C80002E1004F11C010348F8F7E1FD00BFD8E7FE
:108C9000890000200068004070B505460C4621465A
:108CA0000648FFF71EF90548007800B170BD21465F
:108CB0000348FEF79FF900BFF8E700008900002095
:108CC00060110020704700002DE9F84304460D466E
:108CD00017461E46DDF820800DB1002000E0B8B236
:108CE000E0610DB1394600E000212162002125201C
:108CF00001550DB1042100E000212420015526205A
:108D0000065500200AE0B04202DA18F8002000E020
:108D1000002204F127010A54411CC8B20828F2DBE2
:108D200004F11C010648F8F792FD33463A462946FD
:108D30000448CDF80080FFF750F9BDE8F883000043
:108D40000068004089000020002101807047000079
:108D500010B50446644800F07BFB64490968401A7A
:108D60006349098888427DD35F4800F071FB5F4901
:108D700008602078072809D2DFE800F004090E2BEC
:108D80004157860004F10C0001F0C7FEAAE004F18F
:108D90000C0001F0B5FEA5E05648007880F0010017
:108DA000544908704FF49670514908805148007832
:108DB00010B94FF42F7008804E48007820B104F1AC
:108DC0000C0001F09DFE03E004F10C0001F0A5FE93
:108DD00088E09620464908804648007880F00100E7
:108DE000444908700846007820B104F10C0001F0F5
:108DF00087FE03E004F10C0001F08FFE72E03220E8
:108E00003B4908803B48007880F0010039490870F0
:108E10000846007820B104F10C0001F071FE03E077
:108E200004F10C0001F079FE5CE03248007880F03B
:108E30000100304908704FF496702D4908802D4884
:108E40000078A0B92C480078401C2B4908700846CF
:108E50000078022807DB002008704FF47A7024495C
:108E6000088004E03FE04FF49670214908802148D3
:108E7000007820B104F10C0001F042FE03E004F19F
:108E80000C0001F04AFE2DE01A48007880F0010045
:108E9000184908704FF496701549088015480078F5
:108EA00098B915480078401C1349087008460078A6
:108EB000032806DB002008704FF47A700C49088004
:108EC00003E04FF496700A4908800A48007820B100
:108ED00004F10C0001F014FE03E004F10C0001F0B9
:108EE0001CFE00BF00BF10BD541800205C00002015
:108EF00062000020600000206400002010B50446DD
:108F000010230422074904F10C0001F0BBFD1023DB
:108F10005A020549201D01F0B5FD204600F006F873
:108F200010BD0000000C01400010014010B58AB0D7
:108F3000044601210520F9F75DFA01210220F9F725
:108F400039FA4020ADF8240018208DF827000320BE
:108F50008DF8260009A92148F9F738F82F20ADF837
:108F600014000020ADF8160040F2E730ADF818000C
:108F70000020ADF81A008DF81C008DF81D008DF84A
:108F80001E008DF81F008DF820008DF821008DF84F
:108F9000220005A91248F9F73FFC6020ADF8040053
:108FA0000120ADF806000020ADF80800ADF80A0079
:108FB000ADF80C00ADF80E00ADF81000ADF81200E1
:108FC00001A90748F9F7EEFB08210548F9F7D6FB98
:108FD00001210348F9F7DBFB0AB010BD000801408E
:108FE0000004004070B505460C46B4F57A7F01DBFD
:108FF00040F2E73421460248F9F7BAFC70BD0000A0
:1090000000040040F8B506460C463C4800F020FA43
:109010003B490968401A3B490988884200D2F8BD9B
:10902000364800F015FA364908603748007830B104
:1090300000203549087035490870354908706420AA
:1090400094FBF0F0C0B28DF800000A2094FBF0F021
:109050000A2190FBF1F201FB1200C0B28DF8010071
:109060000A2094FBF0F100FB1140C0B28DF8020021
:10907000264909781DF801506806000E2449097830
:1090800088421DDD2249087800EBD0714910A0EB21
:10909000410109B9012100E000210F4617B140F25A
:1090A000E73000E0002001463046FFF79BFF1848FC
:1090B0000078401C164908709620124908801BE071
:1090C00000213046FFF78EFF10480078401C0F4902
:1090D000087000200E4908700C480078032807DB50
:1090E0000120094908704FF4FA600649088003E03E
:1090F0004FF4FA700349088000BF90E7541800202D
:1091000074000020780000207C0000207A000020FD
:109110007B0000202DE9F0410646301D01F0FDFCEA
:109120000027002007E04B49095C11B149490F5C59
:1091300003E0411CC8B20828F5DB2FB139463046A0
:10914000FFF760FFBDE8F08142486D38047845784C
:1091500074B16DB140F2E7313046FFF743FF0020B4
:109160003D4908703D49088001203D4908706EE086
:109170002DB33C4800F06CF93B490968401AB0F542
:10918000FA6F15D3374800F063F937490860324861
:10919000007880F00100304908700846007810B16E
:1091A00040F2E73000E0002001463046FFF71AFFAA
:1091B00000202A49088001202949087047E0CCB3E3
:1091C000284800F045F928490968401A0A282DD393
:1091D000244800F03DF924490860214890F9000036
:1091E00000EBC0001D490988084400B21B490880F3
:1091F0000846B0F9000040F2E731884205DB084636
:1092000016490880FF20164908701448B0F900007C
:10921000002805DC00201149088001201049087051
:109220000E48008881B23046FFF7DCFE00200A4974
:1092300008700CE0FFE700213046FFF7D3FE002066
:10924000054908700549088001200549087000BFDC
:1092500078E70000CD1100206C0000206E00002097
:1092600070000020541800206800002010B504464B
:109270002046FFF76DFD2046FFF74CFF10BD0000B4
:1092800070B5044601221A49204600F041F82046F4
:1092900000F034F862B6F9F7ABF9164800684FF4FD
:1092A0007A71B0FBF1F5681EB0F1807F00D30FE05A
:1092B000681E4FF0E02148610F214FF0FF30FBF7AF
:1092C00065FC00204FF0E02188610720086100BFA5
:1092D0000021481EFBF75AFC01210846F9F78AF8DD
:1092E00001210548F8F758FD00206060A06170BDBD
:1092F000006CDC02D00100200002300010B50446F2
:109300004FF440314FF00060F8F76EFF10BD0000E1
:109310002DE9F05F8A469046B8F1000F01D1002098
:1093200001E04FF440308346F9F704F8B8F1010F3B
:109330000BD14FF48030F8F799FFF9F71FF9814608
:10934000B9F1010F01D000BFFEE73C49AAEB0100D3
:109350008A452FD00CDC3A485044A0B13949084422
:10936000B8B10844D8B13849084400283FD11BE0BF
:109370003349084420B33549084438B349100844F8
:10938000002834D12AE000254FF48024002600274D
:109390002FE001254FF4E014AE02002729E001255B
:1093A0002C05A612002724E001254FF4A014AE02DC
:1093B00000271EE002254FF4E0146E02002718E09B
:1093C00002254FF42014E6126F0212E003254FF439
:1093D00060144FF4A0664FF480670AE004254FF450
:1093E000803B4FF4E0144FF4A0662F0201E000BF71
:1093F000FEE700BF2846F8F7A3FC0020F8F72AFF95
:109400003846F8F765FF3046F8F756FF21465846CC
:10941000F8F76AFF0120F8F7FDFF00BF3920F9F7E0
:1094200087F80028FAD00220F8F76EFF00BFF9F79E
:109430009DF80828FBD1BDE8F09F000000A24A0477
:1094400000CA91FE00E548FF00EE85FF00B817FE58
:10945000014608697047000000B502460A48FFF758
:10946000F7FF0A490968401AB0F57A7F08D3064821
:10947000FFF7EEFF05490860906950600020906199
:109480009069401C906100BD5418002084000020A9
:109490000169491C016170477047000010B504461E
:1094A00094F9460830B1012812D002281ED00328B2
:1094B00038D129E04FF4967220A1204600F0BEF882
:1094C00028B194F84608401C40B284F8460833E0BE
:1094D0004FF4FA621CA1204600F0B0F828B194F8CD
:1094E0004608401C40B284F8460825E04FF49672C6
:1094F00018A1204600F0A2F828B194F84608401CB4
:1095000040B284F8460817E040F6B83215A120466C
:1095100000F094F828B194F84608401C40B284F852
:10952000460809E01248FFF793FFC4F870080321CA
:10953000204600F037FC00BF00BF10BD41542B4354
:109540005245473D320D0A0041542B435245473F97
:109550000D0A000041542B434F50533D332C320D24
:109560000A00000041542B434F50533F0D0A0000A6
:109570005418002010B504464FF4E132012104F5DF
:10958000057001F017FE482308220E4904F5036018
:1095900001F078FA102302220B4904F6380001F09A
:1095A00071FA04F6380001F0B8FA10238022064957
:1095B00004F6280001F066FA04F6280001F0ADFA7E
:1095C00010BD000000080140000C014010B5044629
:1095D0001248007850B10020104908701048FFF779
:1095E00037FF1049086010A0FCF77CFB94F8400896
:1095F00000F0080048B90A48FFF72AFF094909683E
:10960000401A42F6E061884206D3012003490870FF
:109610000221204600F0C6FB10BD000034000020EF
:1096200054180020300000204D6F64656D3A20779B
:109630006169742072656164790D0A002DE9F04159
:1096400004460E46174641F20555304605E005EB47
:109650004511027881EA0205401C01780029F6D103
:1096600018480068854210D0164805600020C4F8EC
:1096700040081548FFF7ECFE1449086031462046C3
:1096800000F09AFB0020BDE8F08140F60301D4F819
:109690004008084008B10120F5E70B48FFF7D8FE65
:1096A0000A490968401AB8420AD3D4F8400840F081
:1096B0000400C4F840080020024908600120E2E7E5
:1096C0000020E0E72400002054180020280000209B
:1096D00010B5044604F5057001F00CFE10BD000045
:1096E00070B504461E48FFF7B3FE054694F84008DF
:1096F00000F0400050B1D4F8400820F04000C4F819
:1097000040080421204600F04DFB70BD94F8470846
:1097100020B10521204600F045FBF6E794F8490802
:1097200020B10821204600F03DFBEEE7D4F86C089C
:10973000281A47F23051884204D30621204600F00F
:1097400031FBE2E7D4F87008281A4EF6602188420F
:1097500004D30721204600F025FBD6E700BFD4E75D
:109760005418002010B5044694F946080E2878D203
:10977000DFE800F0071523313F4D5B69788C9AA82C
:10978000B6C440F6B83279A12046FFF757FF28B19A
:1097900094F84608401C40B284F84608E3E04FF4D1
:1097A0007A7274A12046FFF749FF28B194F8460861
:1097B000401C40B284F84608D5E04FF496726FA181
:1097C0002046FFF73BFF28B194F84608401C40B202
:1097D00084F84608C7E04FF4FA726BA12046FFF701
:1097E0002DFF28B194F84608401C40B284F8460882
:1097F000B9E041F2883267A12046FFF71FFF28B188
:1098000094F84608401C40B284F84608ABE04FF498
:10981000967264A12046FFF711FF28B194F846081C
:10982000401C40B284F846089DE04FF47A7262A171
:109830002046FFF703FF28B194F84608401C40B2C9
:1098400084F846088FE041F288325EA12046FFF797
:10985000F5FE28B194F84608401C40B284F846084A
:1098600081E059E0012084F8440840F6B83258A15C
:109870002046FFF7E3FE40B1002084F8440894F846
:109880004608401C40B284F846086CE040F6B83206
:1098900052A12046FFF7D2FE28B194F84608401C9A
:1098A00040B284F846085EE04FF496724EA120461E
:1098B000FFF7C4FE28B194F84608401C40B284F873
:1098C000460850E04FF4FA624AA12046FFF7B6FE80
:1098D00028B194F84608401C40B284F8460842E09B
:1098E0004FF4967246A12046FFF7A8FE28B194F8DF
:1098F0004608401C40B284F8460834E040F6B832CE
:1099000043A12046FFF79AFE28B194F84608401C70
:1099100040B284F8460826E040A0FCF7E3F9E1787D
:1099200009B1E11C00E042A10846FCF7DBF941A0C7
:10993000FCF7D8F994F8281011B104F1280100E0DF
:109940003BA10846FCF7CEF90BA0FCF7CBF93B484E
:10995000FFF77EFDC4F87008C4F86C0803212046A8
:1099600000F020FA00BF00BF10BD000041540D0AF6
:1099700000000000415445300D0A000041542B43C3
:109980004D45453D320D0A0041542B434D47463D60
:10999000310D0A0041542B434D47443D312C340DC9
:1099A0000A00000041542B434E4D493D322C312CCE
:1099B000302C302C300D0A0041542B4353510D0AEA
:1099C0000000000041542B4349434349440D0A0021
:1099D00041542B4347534E0D0A00000041542B4382
:1099E0004E554D0D0A00000041542B435245473D52
:1099F000320D0A0041542B435245473F0D0A0000E7
:109A000041542B434F50533D332C320D0A0000007C
:109A100041542B434F50533F0D0A00004D6F646576
:109A20006D2072656164792E20494D45493D0000E5
:109A30003F0000002053494D3D0000005418002015
:109A400070B5044694F8460800284ED1002528A693
:109A500005E016F8012B28466D1C28490A54307879
:109A60000028F6D100BF07E004F64A010B5C294646
:109A70006D1C224A5354401C04F64A01095C31B162
:109A800004F64A01095C232901D02C2DECDB2222AB
:109A900029466D1C194842540D2228466D1C174951
:109AA0000A540A2228466D1C0A540020485543F6E1
:109AB00098222046FFF7C2FDB0B194F8400800F0AC
:109AC000040010B10EA0FCF70DF994F8400800F066
:109AD000020010B10FA0FCF705F9002084F8490836
:109AE0000321204600F05EF900BF00BF70BD0000FA
:109AF00041542B435553443D312C22008B0F002001
:109B00005B555353445D2074696D656F75740D0A20
:109B1000000000005B555353445D206572726F7204
:109B20000D0A000038B504464AE0B4F87428501C09
:109B3000A4F87408114604F5057001F032FC0546DE
:109B4000B4F87408B0F5806F02DB0020A4F8740844
:109B5000002000908DF800501E48007818B168462B
:109B6000FCF7C0F802E06846FBF752FF3E2D09D132
:109B7000B4F8760930B9D4F8400840F40060C4F86D
:109B800040081DE00A2D0CD10021B4F8762904F616
:109B900076008154204600F04DFB0020A4F87609A1
:109BA0000DE00D2D0BD0B4F87609FF2807DAB4F8D4
:109BB0007619481CA4F8760904F67600455400BFCF
:109BC00004F5057001F092FBB4F874188842ACD12A
:109BD00038BD00003C0000202DE9F041044600BFE4
:109BE000B4F83418D4F83008F8F783FA08B1012033
:109BF00000E0002008B9BDE8F0812046FFF792FFA1
:109C00002D48007830B32D480678002E21DD002540
:109C1000002010E02A4A115C0A2905D10D272A46A6
:109C20006B1CDDB2274B9F542A466B1CDDB2254BC3
:109C30009954411CC8B2B04201DA7F2DEAD300200A
:109C40001E4908702A461F4904F5057001F087FB7C
:109C500000BFD0E794F8450809282AD2DFE800F0D1
:109C600005090D1115191D212500204600F0E8F801
:109C70001FE02046FFF7AAFC1BE02046FFF772FD1D
:109C800017E02046FFF72CFD13E0204600F056F9C0
:109C90000FE0204600F000FA0BE0204600F0B4F898
:109CA00007E02046FFF7FAFB03E02046FFF7C8FE77
:109CB00000BF00BF00BF9EE73C0000203D00002029
:109CC000CB0F0020C80B002070B504460D46164689
:109CD00015B128782B2800D070BD17A0FCF702F82A
:109CE0002846FBF7FFFF17A0FBF7FCFF3046FBF70A
:109CF000F9FF15A0FBF7F6FF94F8100200B1EBE7AF
:109D000094F8470800B1E7E70F22294604F138002C
:109D1000F6F7F6FE0021472001558C22314604F16A
:109D20004800F6F7EDFE002184F8D410012084F8F5
:109D3000470800BFD0E700005B534D535D20746FB0
:109D40003A200000207C20000D0A00002DE9F0419F
:109D500004460E4626B1307810B194F8490808B18F
:109D6000BDE8F0811F22314604F64A00F6F7C8FE2E
:109D7000002140F66900015504F64A074FF0230818
:109D800041463846F6F777FD054600BF0DB1002085
:109D9000687094F84A0800B9E2E7012084F849089D
:109DA00000BFDDE780F84518002280F84628C0F89B
:109DB000402880F84428704770B506460D460024B8
:109DC00006E015F8012B2046611C8CB20C490A54A0
:109DD000287810B1B4F5FF7FF3DD04B970BD002021
:109DE00007490855224606F5057001F0B8FA05A0A6
:109DF000FBF70EFE0248FBF70BFE00BFEEE700008C
:109E0000480C00203E3E200010B504464FF47A7204
:109E100007A12046FFF712FC40B10848FFF718FBE6
:109E2000C4F86C0803212046FFF7BCFF10BD0000FA
:109E300041542B4353510D0A0000000054180020D8
:109E400010B5044694F9460830B101280ED0022816
:109E500039D003285FD150E030A0FBF743FF94F8DE
:109E60004608401C40B284F8460854E04FF47A7229
:109E70002EA12046FFF7E2FB20B394F8400800F043
:109E8000010020B101212046FFF78CFF1AE000BF3E
:109E900094F82E08142803D094F82E08102805D121
:109EA000B4F82C18D4F82808F8F72EF900BF214888
:109EB000FFF7CEFA2049086094F84608401C40B2EB
:109EC00084F8460827E01B48FFF7C2FA1A490968D8
:109ED000401A40F2DC5188420ED304F6280000F00C
:109EE0001CFE1448FFF7B4FA1349086094F84608BA
:109EF000401C40B284F846080DE00E48FFF7A8FA6F
:109F00000D490968401AB0F5FA7F03D301212046B4
:109F1000FFF748FF00BF00BF10BD00004D6F646534
:109F20006D3A20636865636B0D0A000041540D0AA9
:109F300000000000541800202C00002070B50446DA
:109F400094F9460820B1012810D002280DD174E000
:109F50004FF4FA7240A12046FFF770FB28B194F845
:109F60004608401C40B284F8460872E000253DA631
:109F700005E016F8012B28466D1C3D490A5430783F
:109F80000028F6D194F848080A280ADB94F8480813
:109F90000A2190FBF1F03030C2B228466D1C3449E2
:109FA0000A5494F848080A2190FBF1F201FB1200D0
:109FB0003030C2B228466D1C2D490A540D22284665
:109FC0006D1C0A540A2228466D1C0A54002048556C
:109FD00041F288322046FFF731FB68B394F840081D
:109FE00000F08000F8B194F8400800F00100D0B112
:109FF00020A0FBF777FE04F1D500FBF773FE20A04D
:10A00000FBF770FE04F1E900FBF76CFE1DA0FBF707
:10A0100069FED4F80C0230B104F1E90104F1D50075
:10A02000D4F80C229047002084F8480894F8460899
:10A03000401C40B284F846080BE041F2883212A17D
:10A040002046FFF7FBFA18B103212046FFF7AAFECE
:10A0500000BF00BF70BD000041542B434D47463D3B
:10A06000310D0A0041542B434D47523D0000000082
:10A07000C80E0020534D532066726F6D2000000003
:10A080003A2000000D0A000041542B434D47443D47
:10A09000312C320D0A00000070B5044694F94608D0
:10A0A000052811D2DFE800F003111F648D004FF482
:10A0B000967252A12046FFF7C1FA28B194F84608DB
:10A0C000401C40B284F8460895E04FF4FA724FA164
:10A0D0002046FFF7B3FA28B194F84608401C40B276
:10A0E00084F8460887E000254BA605E016F8012B0A
:10A0F00028466D1C4B490A5430780028F6D100BF21
:10A1000007E004F138010B5C29466D1C454A5354A5
:10A11000401C04F13801095C09B1212DF1DB222238
:10A1200028466D1C3F490A540D2228466D1C0A54CE
:10A130000A2228466D1C0A540020485540F6B832C1
:10A140002046FFF77BFA90B1B4F8400800F40060B5
:10A1500030B194F84608401C40B284F8460806E046
:10A16000002084F8470803212046FFF71BFE42E049
:10A17000002506E004F14800405D2B494855681C65
:10A18000C5B204F14800405D08B18C2DF2DB1A2203
:10A190002846691CCDB224490A5400204855C4F809
:10A1A00040082248FFF754F9214908601E4920461B
:10A1B000FFF702FE94F84608401C40B284F84608B7
:10A1C00019E02046FFF7AEFC94F8400800F00300C9
:10A1D00048B91648FFF73CF915490968401A42F298
:10A1E0001071884206D3002084F8470803212046D6
:10A1F000FFF7D8FD00BF00BF70BD000041542B43E6
:10A200005343533D22495241220D0A0041542B43EE
:10A210004D47463D310D0A0041542B434D47533DB8
:10A2200022000000D80E0020FC0E00205418002050
:10A23000380000202DE9F043A1B0044604F676056D
:10A2400094F84408012825D1B4F876090E2801DBDA
:10A25000012000E000200646002008E0295C3029AB
:10A2600002DB295C392900DD0026411C88B21EB1C1
:10A27000B4F876198142F1DC4EB10F222946E01C78
:10A28000F6F73EFC0021A174002084F8440821B0B8
:10A29000BDE8F08394F8440802280CD1002084F82B
:10A2A0004408A022294604F1E900F6F729FC002120
:10A2B00084F88911EBE7B4F8760900B9E7E7FEA165
:10A2C0002846F6F749FC30B9D4F8400840F00100C0
:10A2D000C4F84008D1E2F9A12846FBF7ADFB48B924
:10A2E000F8A12846FBF7A8FB20B9F9A12846FBF7FF
:10A2F000A3FB30B1D4F8400840F00200C4F8400895
:10A30000BBE2F6A12846FBF797FB70B9F5A12846FA
:10A31000FBF792FB48B9F6A12846FBF78DFB20B965
:10A32000F6A12846F6F718FC30B9D4F8400840F0FA
:10A330000800C4F84008A0E2F1A12846FBF77CFB26
:10A3400090B1A81DF6F736FA0646002E03DB1F2E45
:10A3500001DCF0B200E0FF20A070D4F8400840F02B
:10A360001000C4F8400888E2E7A12846FBF764FB28
:10A3700000287CD0EF1D0026B04623E038782C283A
:10A3800016D100201BA901F80800B8F1000F0CD06D
:10A390001DA901EBC60007221BA9F6F7B1FB00209F
:10A3A0001DA901EBC601C871761C4FF0000808E03A
:10A3B000B8F1070F05DA3A78404608F101081BA901
:10A3C0000A547F1C387820B13878222801D0022E18
:10A3D000D4DBB8F1000F12D0022E10DA00201BA936
:10A3E00001F808001DA901EBC60007221BA9F6F71A
:10A3F00087FB00201DA901EBC601C871761C002E49
:10A4000004DD701E1DA911F8300000E030208146E7
:10A41000B9F1310F01D1012000E000202070B9F125
:10A42000350F01D1012000E000206070387822282B
:10A430001AD108231BAA0021E81DFBF7F6FC0C2308
:10A4400018AA0121E81DFBF7F0FC102200211BA82F
:10A45000F6F7BDF9A4F8AA011022002118A8F6F712
:10A46000B6F9C4F8AC0100BFD4F8400800E004E03D
:10A4700040F02000C4F84008FFE1A5A12846FBF702
:10A48000DBFA70B308231FAA0021E81DFBF7CDFCFF
:10A490009DF87C00F0B106221FA904F5C570F6F7FF
:10A4A0002FFB00214FF4C870015504F5C570FAF771
:10A4B00049F9064656B11722314604F29110F6F7D3
:10A4C0001FFB00214FF4D470015502E0002084F8F6
:10A4D000910100BFD4F8400840F40050C4F840088F
:10A4E000CBE1FFE78CA12846FBF7A6FAF0B1E81D07
:10A4F00000E0401C017811B101782C29F9D10178D4
:10A500002C2903D141783039C9B200E0012184F807
:10A51000481894F8481811B9012184F84818D4F85B
:10A52000401841F04001C4F84018A6E17CA128463B
:10A53000FBF782FA80B1142304F1D5020121E81D52
:10A54000FBF773FC022084F84408D4F8400840F07C
:10A550008000C4F8400890E173A12846FBF76CFA2C
:10A5600030B1D4F8400840F48070C4F8400884E169
:10A570006FA12846FBF760FA80B1142205F10801AB
:10A5800004F11300F6F7BCFA002127200155D4F896
:10A59000400840F40070C4F840086EE167A1284606
:10A5A000FBF74AFA68B1102304F128020121E81DE3
:10A5B000FBF73BFCD4F8400840F48060C4F8400846
:10A5C0005BE160A12846FBF737FA002888D080239A
:10A5D00001AA0021E81DFBF728FC01A8F6F756F9AF
:10A5E0000646042E09DB3046F11706EB91718910FF
:10A5F000A6EB810109B9012100E000210F460021ED
:10A600000FE001AA505C302801DB392808DD412821
:10A6100001DB462804DD612801DB662800DD002718
:10A62000491CB14201DA002FEBD1002F42D00022A9
:10A630000020FFE001AB1B5C612B03DB01AB1B5C6B
:10A64000573B0AE001AB1B5C412B03DB01AB1B5CFE
:10A65000373B02E001AB1B5C303B4FEA033C0DF1A2
:10A660000408431C18F80330612B04DB431C18F862
:10A670000330573B11E00DF10408431C18F8033078
:10A68000412B04DB431C18F80330373B05E00DF188
:10A690000408431C18F80330303B4CEA032C0DF13E
:10A6A0000408831C18F80330612B51DB831C18F855
:10A6B00003304BE0C8E000004F4B00004552524FC2
:10A6C000520000002B434D45204552524F5200008E
:10A6D0002B434D53204552524F5200004154524596
:10A6E0004144590043616C6C2052656164790000FB
:10A6F000534D532052656164790000005244590063
:10A700002B4353513A2000002B435245473A200037
:10A710002B434F50533A20002B434D54493A2000CD
:10A720002B434D47523A00002B434D47533A2000EC
:10A730002B49434349443A20000000002B434E5527
:10A740004D3A00002B435553443A0000573B11E06B
:10A750000DF10408831C18F80330412B04DB831C23
:10A7600018F80330373B05E00DF10408831C18F896
:10A770000330303BDBB24CEA031C0DF10408C31C70
:10A7800018F80330612B04DBC31C18F80330573B67
:10A7900011E00DF10408C31C18F80330412B04DB51
:10A7A000C31C18F80330373B05E00DF10408C31C47
:10A7B00018F80330303BDBB24CEA030C1FFA8CF183
:10A7C000802906DA1346521CDFF8B4C00CF80310D7
:10A7D0002FE0B1F5006F13DAC02343EAA11303F0B1
:10A7E000FF081346521CDFF898C00CF8038001F0F4
:10A7F0003F0343F080081346521C0CF8038018E016
:10A80000E02343EA21381346521CDFF874C00CF8E9
:10A810000380C1F3851343F080081346521C0CF8E3
:10A82000038001F03F0343F080081346521C0CF8EC
:10A830000380001DF11E814202DD7D2AFFF6FAAE83
:10A8400000200F49885408E07F2201A90C48F6F740
:10A8500057F900200A4981F87F000AA0FBF742FA65
:10A860000748FBF73FFA09A0FBF73CFAD4F8400889
:10A8700040F48050C4F8400800BF00BF07E5000066
:10A88000480E00205B555353445D20000D0A000024
:10A8900010B50446002020706070FF20A0704FF6B5
:10A8A000FF70A4F8AA014FF0FF30C4F8AC010120FA
:10A8B00084F80502002084F80602012084F80702CB
:10A8C00084F808020020C4F80C0284F8100204F591
:10A8D000057000F072FDA0F505740020C4F8400872
:10A8E00084F8440884F8450884F8460884F8470842
:10A8F00084F8480884F84908C4F86C08C4F870085B
:10A90000A4F87408A4F8760984F8910184F88A01FF
:10A9100084F82800E074E07084F84A0884F8E900BC
:10A9200084F8D50084F8480084F8380000BF06E0B9
:10A93000002204F5D87101EB00110A70401C0528B3
:10A94000F6DB312084F80002322140F2012001556B
:10A950003321401C01553421401C01550021401C6D
:10A960000155204610BD000038B5044601210420E1
:10A97000F7F740FD4FF48070ADF8000048208DF8E7
:10A98000030003208DF8020069460248F7F71EFB1A
:10A9900038BD00000008014070B50446204600F0B4
:10A9A00061F805466572A07AA84204D0A5722148D4
:10A9B000FEF74EFDE0601F48FEF74AFDE168401AD1
:10A9C0001E2801D3012000E000200646CEB1E07A27
:10A9D000A84216D0E572E07A40B11648FEF738FD7D
:10A9E000206100202075012020720AE000202072E2
:10A9F000207D30B910A0FBF775F9206808B12068F8
:10AA00008047E07AA8B1207D98B90A48FEF720FD7A
:10AA10002169401A40F2DC5188420AD30120207596
:10AA20000220207209A0FBF75DF9606808B1606838
:10AA3000804770BD541800200D0A425554544F4EA3
:10AA40003A20505245535345440D0A000D0A4255D1
:10AA500054544F4E3A204C4F4E4720484F4C440DD3
:10AA60000A00000070B505464FF480710448F7F7FE
:10AA700040FB08B9012000E000200446204670BDDC
:10AA800000080140F8B504460D4617461E462560ED
:10AA9000A780A67117492068884203D101210420AC
:10AAA000F7F7A8FC14492068884203D10121082047
:10AAB000F7F7A0FC11492068884203D1012110203A
:10AAC000F7F798FCA0791C2802D0A0791C2803D1A4
:10AAD00001210846F7F78EFCA088ADF8000003209E
:10AAE0008DF80200A0798DF8030069462068F7F719
:10AAF0006DFAF8BD00080140000C01400010014053
:10AB000010B50446A079142802D0A079102803D1EA
:10AB1000A1882068F7F7F8FA10BD10B50446A079AF
:10AB2000142802D0A079102803D1A1882068F7F753
:10AB3000E9FA10BD10B504460148FDF749F810BD0B
:10AB400060110020F0B589B007468648007E4FF0BE
:10AB5000707141EA40308349497E40EA8120814951
:10AB6000097E40EAC1007F49497E40EA01057E48EE
:10AB7000FEF76EFC7D490968401A41F2883188422F
:10AB800044D37948FEF764FC784908607548007E34
:10AB90004FF0907141EA40307249497E40EA81208D
:10ABA0007049097E40EAC1006E49497E40EA0106CB
:10ABB000FF200290039004900590012000210B4695
:10ABC0007922CDE9001031466648FEF72DF8684835
:10ABD000007808B1012000E000206549497809B1FA
:10ABE000012100E0002140EA8104FF20029003904F
:10ABF0000490014605905E48807823460022CDE906
:10AC0000000129465748FEF70FF800BF5648FEF7E7
:10AC10001FFC58490968401A42F21071884276D3E5
:10AC20005148FEF715FC534908605348FDF71CFFD7
:10AC30004F4890F89101C0B150495148F5F78CFF49
:10AC4000002840D017224D494D48F5F759FF002004
:10AC50004B49C8754348407E00904248037E10220D
:10AC600046494848FDF7AAFB2DE0002044490870FA
:10AC700045A103C9CDE90701002006E03F49C91FEE
:10AC8000095C07AA1154411CC8B2052804DA3B49E3
:10AC9000C91F095C0029F1D1FF229DF820009DF811
:10ACA0001F10CDE90302059202919DF81E009DF848
:10ACB0001D10CDE900109DF81C30022229462948BC
:10ACC000FDF7B2FF00BFFF23294890F8AC012849E7
:10ACD000B1F8AC11C1F30721254AD2F8AC21C2F377
:10ACE0000742CDE90403CDE902212148D0F8AC01A7
:10ACF000000E1F4991F8AA11CDE900101C48B0F8C8
:10AD0000AA010312032229461648FDF78DFF1848B1
:10AD100090F8E90020B31448FEF79AFB1C49096833
:10AD2000401A47F2305188421AD30F48FEF790FB81
:10AD3000174908600B48407E00900A48037E0C22A9
:10AD40000E49A8390F48FDF739FB0648407E0090B0
:10AD50000448037E0D220949BC390A48FDF72EFB41
:10AD600009B0F0BDC81800205418002018000020B9
:10AD7000500200201C00002000000020E103002001
:10AD8000D4010020A8140020FFFFFFFFFF000000F7
:10AD90002000002010B504462348FEF759FB234944
:10ADA0000968401AB0F57A7F09D31F48FEF750FBB7
:10ADB0001E4908601E480088401C1D4908801C4828
:10ADC0000088032804DA1848FEF742FB1949086096
:10ADD0001548FEF73DFB17490968401A1649884295
:10ADE00020D900201549086000BF00BF00BF00BF88
:10ADF00000BFBFF34F8F00BF00BF00BF1048006807
:10AE000000F4E0600F490843001D0D49086000BFD1
:10AE100000BF00BFBFF34F8F00BF00BF00BF00BF28
:10AE200000BFFDE710BD00005418002014000020F2
:10AE3000C818002010000020A0BB0D00003F022019
:10AE40000CED00E00000FA0510B504462046FFF7BF
:10AE5000A1FFFAF7EDFB0648FDF766F92046FFF77C
:10AE600071FE0448FDF71EFE0348FDF79FFB10BD71
:10AE7000BC10002000000020A81400207047000033
:10AE80000146002005E0044A825C044B1A54421C2F
:10AE900090B21028F7DB704700F00708BB0F0020C6
:10AEA0002DE9F041ADF5007D8046F6F755FF002411
:10AEB00006E04948204490F800080DF80400641C9E
:10AEC000B4F5007FF5D34548F6F7B2FE002400271D
:10AED0000FE0002509E0424800EB0710425D2046E4
:10AEE000641C0DF80020681CC5B2102DF3DB781C23
:10AEF000C7B2052FEDDB3B48027B2046641C0DF8F2
:10AF00000020394890F8050208B1012200E0002233
:10AF10002046641C0DF80020002508E03048503021
:10AF2000425D2046641C0DF80020681CC5B2052D4A
:10AF3000F4DB2D4890F806222046641C0DF8002012
:10AF4000294890F8070208B1012200E000222046BB
:10AF5000641C0DF80020244890F8080208B1012272
:10AF600000E000222046641C0DF800201E4890F8E6
:10AF700009222046641C0DF800200025002404E06E
:10AF80001DF804002844C5B2641CB4F5FF7FF7D94E
:10AF90008DF8FF51002416E01DF80460601C1DF8B8
:10AFA000000046EA0026A01C1DF8000046EA004604
:10AFB000E01C1DF8000046EA0066084960183146AA
:10AFC000F6F792FE241DB4F5007FE5D3F6F782FE76
:10AFD0000DF5007DBDE8F08100F0070800F80708D6
:10AFE0000004002054180020500200202DE9F043F6
:10AFF000ADF5017D8146002400260BE06748304412
:10B0000090F8000801A9885501A8805D2044C4B2C9
:10B01000701C86B2B6F5FF7FF0DD61480078A04273
:10B020007DD10025002710E000240AE02846691C95
:10B03000CDB201A9095C5B4800EB07100155601C0B
:10B04000C4B2102CF2DB781CC7B2052FECDB28460B
:10B05000691CCDB201A9085C40B253490873284667
:10B06000691CCDB201A9085C012800D100E00020D4
:10B070004E4981F80502002409E02846691CCDB23A
:10B0800001A9095C474850300155601CC4B2052C29
:10B09000F3DB0021454880F804122846691CCDB234
:10B0A00001A9085C414981F806022846691CCDB215
:10B0B00001A9085C012800D100E000203B4981F88B
:10B0C00007022846691CCDB201A9085C012800D1FD
:10B0D00000E00020354981F808022846691CCDB2FD
:10B0E00001A9085C314981F809024FF0000801F517
:10B0F0000070F5F7CBFB042814D031202B4981F8E0
:10B1000000023221294880F80112332180F802120E
:10B11000342180F80312002180F8041200E013E0CB
:10B120004FF00108214890F80902012805DD0020B0
:10B130001E4981F809024FF00108B8F1000F02D052
:10B140004846FFF7ADFE25E00120184981F80502C9
:10B15000002081F80602012081F8070281F8080228
:10B16000002081F8090203200F49087331200F499C
:10B1700081F8000232210D4880F80112332180F855
:10B180000212342180F80312002180F8041248468C
:10B19000FFF786FE0DF5017DBDE8F08300F007089E
:10B1A000FFF9070800040020541800205002002076
:10B1B0007047000070B586B004460D4616466571AE
:10B1C00026600020A4F80804A4F80604A4F80C06DD
:10B1D000A4F80A0620710296ADF80C00ADF80E0036
:10B1E000ADF810000C20ADF812000020ADF81400EE
:10B1F000012D2AD13848C4F810068803F7F7FAF869
:10B2000001210420F7F7F6F801A8F6F76AFF6802B3
:10B21000ADF8040018208DF8070003208DF8060013
:10B2200001A92E48F6F7D2FEA802ADF804000420CA
:10B230008DF8070001A92948F6F7C8FE28480068DC
:10B2400000906846F6F78EFF30E0032D2ED125489A
:10B25000C4F8100601218804F7F7ACF80121082092
:10B26000F7F7C8F801A8F6F73CFF4FF48060ADF897
:10B27000040018208DF8070003208DF8060001A9AE
:10B280001948F6F7A3FE4FF40060ADF8040004205F
:10B290008DF8070001A91448F6F798FE1048001D24
:10B2A000006800906846F6F75DFF00BFD4F810060E
:10B2B00080B102A9D4F81006F7F7DAFB012240F2B8
:10B2C0002551D4F81006F7F777FB0121D4F81006C2
:10B2D000F7F797FB06B070BD003801400008014049
:10B2E00034BF030800480040000C01400146B1F89B
:10B2F0000604704710B50446D4F8100600B910BD16
:10B30000B4F80C06B4F80A1688420CDAB4F80C3615
:10B310005A1CA4F80C2604F20A42D15CD4F8100698
:10B32000F7F70FFC08E000202071002240F227719F
:10B33000D4F81006F7F740FB00BFE0E70A46B0F884
:10B340000634811DCA54B0F80634591CCB1701EBE2
:10B3500093539B12A1EB8323A0F80634704770B57A
:10B3600004460E461546D4F8100618B115B1B5F5C9
:10B37000007F00D970BD2A46314604F20A40F5F735
:10B38000EFFAA4F80A560020A4F80C060120207158
:10B39000012240F22771D4F81006F7F70DFB00BF29
:10B3A000E8E710B503460A46C81701EB9050801233
:10B3B000A1EB8024981D005D10BD0021016001718A
:10B3C0004171A0F80614A0F80814A0F80A16A0F815
:10B3D0000C16C0F81016704710B594B00446012141
:10B3E0000846F6F7D7FF01210420F7F703F80121FB
:10B3F0000803F6F7CFFF07210020F5F7DDFD4FF436
:10B4000060514FF48060F6F7F9FE4048F6F7B2FA63
:10B410003F4809900A9400200B9020200C900020B7
:10B420000D9080200E9040000F9080001090202002
:10B430001190000212900020139009A93348F6F7EA
:10B440007FFB01213148F6F76FFB002001900120BE
:10B450008DF808008DF809004FF46020039000205B
:10B46000049001208DF8140001A929484C38F5F703
:10B470008DFE0120F5F752FE01208DF81800002006
:10B480008DF819008DF81A008DF81B008DF81C003E
:10B490008DF81D008DF81E0003208DF81F00002080
:10B4A0008DF8200006A91A484C38F5F79BFE0023BA
:10B4B0000122102116484C38F5F7A4FD0120F5F7BC
:10B4C0002DFE012112484C38F5F712FE01211048DB
:10B4D0004C38F5F7FBFD00BF20210D484C38F5F73F
:10B4E0004CFE0028F8D00A484C38F5F7D3FE00BFD0
:10B4F00007484C38F5F734FE0028F9D101210448FB
:10B500004C38F5F700FE14B010BD000008000240F2
:10B510004C0802407047000030B50446080540EA78
:10B52000423040EA8320044D2D7E40EAC500024DA2
:10B530006D7E284330BD0000C818002000B50248C9
:10B54000FFF7E8FF00BD0000881800200248002136
:10B55000017000BF704700008900002000B502485C
:10B56000FDF7F2FB00BD0000C818002000B502483E
:10B57000FDF792FF00BD00005418002000B50248FE
:10B58000FFF77CFC00BD00000C00002010B5024855
:10B59000FFF77EF910BD00005002002000B5024800
:10B5A000FFF706FE00BD00008800002030380A28A2
:10B5B00001D2012070470020704700001B48FDF7B2
:10B5C0005FFE1B48FFF712FD1948FFF759FC1948A9
:10B5D000FDF7D0FF1848FDF781FA1848FDF78EFCFB
:10B5E0001748FFF7C1F91748FFF7F6FEF7F7B9FA62
:10B5F000F9F75CFEF7F718FEFAF7DAFA1248FFF7E8
:10B6000099FA11E00948FDF727FF0A48FEF7E4FA26
:10B610000948FDF757FB0A48FFF7BEF90748FDF751
:10B6200025FE0948FFF710FCECE700005418002045
:10B630008800002050020020C81800204018002078
:10B6400070180020881800200C00002070B50446F7
:10B650000D460F2221460948F5F752FA0020074906
:10B66000C873A02229460648F5F74AFA0020044983
:10B6700081F8A00001200349087070BD0B10002064
:10B680001B1000203F00002010B500290AD00878C8
:10B69000002807D005487844F5F75EFA002801D065
:10B6A000002010BD0248784410BD0000AE18000014
:10B6B000A618000021F00042A2F16052B2F5801FEE
:10B6C00001F0004328BFD2F17F6C0BD95FEA001C68
:10B6D00043EAC20242EB507018BF704728BF20F007
:10B6E00001007047B2F5801FBCBF184670474FEA93
:10B6F000410C1CF5001F02D2084600F0D5B970B508
:10B7000000F079F900000089FFF7F6BF4FF0004024
:10B71000A0F58000704700002DE9C04130B4DFF88B
:10B72000A0C23CEA111418BF3CEA131400F0EC80EC
:10B7300081EA03051CEA111444EAD57418BF1CEA17
:10B74000131500F0C780A4EB05044FF0004545EA4F
:10B75000C12145EAC32341EA505143EA525304F15F
:10B760007F74994204F500344FEAC0204FEAC222A8
:10B7700008BF904200F09C804FEA13650FF240161C
:10B78000765D4FEA134506FB05F7C7F1807706FBA8
:10B7900007F74FEAD737A7FB03687642C8F580382A
:10B7A000A7FB06CE38BFA8F1010807FB08E64FF05B
:10B7B000000EA6FB028CE6FB03CEDCF1000CCEF102
:10B7C000004E38BFAEF1010EA6FB0C584FF000073B
:10B7D0004FF00005E6FB0E87A1FB08C6A0FB07CED5
:10B7E00016EB0E0645F10005E1FB076515F1E04E8D
:10B7F0007EBFA4F580345FEA46066D4116F18007EE
:10B8000045F100054FEA17274FEA066647EA056744
:10B81000A6F1DE46B6F1805F4FEA15251FD93846FE
:10B8200024F0010C05EBC471BCF1FE6F01EB0C11AF
:10B8300002D8F0BCBDE8008124425CBF01F5801E47
:10B840009EEAC47F02D4F0BCBDE80081244238D413
:10B85000F0BCA1F1C041BDE8004100F01AB94FEAC7
:10B86000D22242EA43524FEAD323A7FB02864FEA91
:10B87000D02040EA415007FB03661EEA0E0F4FEA54
:10B88000D12105FB026658BFA6EB0056B6EB005669
:10B890004FEA520E4EEAC37E18EB0E0E56EB530ED5
:10B8A000BDD518EB02085E417F1C55F10005B6E7D7
:10B8B0004FF480154FF000074FF000064FF00008DE
:10B8C000ADE7F0BC4FF0000001F1C04101F00041D4
:10B8D000BDE8008111EA0C1F0CEA131500D00CE042
:10B8E00013EA0C1F00F025804FF00000F0BC81EA45
:10B8F000030101F00041BDE80081F0BCBDE800415A
:10B9000081EA030100F0C5B8F0BCBDE8004170B5A4
:10B9100000F071F8097EFC3E00F007B881EA0301EF
:10B920004FF0000001F00041704781EA030100F090
:10B93000B0B8F0BCBDE800414FF0000021497047AD
:10B94000FFFDFBF9F7F5F4F2F0EEEDEBE9E8E6E4E4
:10B95000E3E1E0DEDDDBDAD8D7D5D4D3D1D0CFCD6B
:10B96000CCCBCAC8C7C6C5C4C2C1C0BFBEBDBCBBA4
:10B97000BAB9B8B7B6B5B4B3B2B1B0AFAEADACAB9F
:10B98000AAA9A8A8A7A6A5A4A3A3A2A1A09F9F9E79
:10B990009D9C9C9B9A99999897979695959493932B
:10B9A000929191908F8F8E8E8D8C8C8B8B8A8989C2
:10B9B0008888878786858584848383828281818045
:10B9C0000000FF070000F87F10F0004248BF40422F
:10B9D000B0FA80F310FA03F10AD0C3F11D0303F5A6
:10B9E00080634FEA415002EB035202EBD1217047D2
:10B9F0004FF0000070470EF1020E2EF0030E5EF8BD
:10BA0000046B364205D4012A43EB030515F5001FEC
:10BA100012D8012841EB010C1CF5001F0CD80ED1E7
:10BA20004FEAD17C15F5001F0CEB4C0C0CF1020C0D
:10BA300008BF4CEBD37C04E04FF0080C01E04FEA68
:10BA4000D37C0CEB4C0526FA05F606F00706B6F19A
:10BA5000040C06D20EEB860CBDE870404CF0010CD5
:10BA60006047DFE80CF0090B02024FF000414FF095
:10BA70000000A1F5002170BD19461046012851EBC8
:10BA8000010418BFD4F5001484BF002001F0004168
:10BA900070BD0808A0F500114FEA310170474FF062
:10BAA0004070E1EE100A7047FF2141EAD050C00516
:10BAB0007047000024C203084CC4030888C203086E
:10BAC00008C50308C4C103087CC4030858C303089D
:10BAD000BCC40308A4C103085CC40308F4C1030880
:10BAE0005CC4030804C203085CC40308FCC1030867
:10BAF00050C403088CC1030850C403080CC20308D7
:10BB000010C50308CCC103084CC5030844C2030890
:10BB1000B0C4030898C203087CC30308C0C203086A
:10BB200074C3030828C3030874C30308ACC1030823
:10BB3000B0C3030800C30308C4C30308D4C1030887
:10BB4000B8C30308ECC1030888C30308E8C20308AC
:10BB500088C3030864C2030814C40308BCC10308F3
:10BB600020C40308E4C1030824C5030850C3030824
:10BB70000CC4030834C2030800C4030894C10308BA
:10BB800064C4030848C30308C4C4030860C30308AB
:10BB9000C4C403084CC203083CC40308C8C2030859
:10BBA00030C4030830C3030818C503082CC20308B7
:10BBB00030C5030890C20308F4C30308B8C20308E1
:10BBC000E8C3030808C3030854C50308F0C2030808
:10BBD000DCC3030840C3030804C4030818C30308F4
:10BBE000D0C303086CC20308F0C40308A8C203084A
:10BBF000D4C40308D8C2030844C503083CC20308E0
:10BC00007CC20308F8C20308A8C403089CC1030847
:10BC1000DCC403081CC2030898C3030820C303083C
:10BC20008CC3030838C30308A4C3030854C2030821
:10BC300038C50308B4C1030868C30308DCC103089E
:10BC4000CCC4030874C2030870C40308E0C203082C
:10BC500048C4030810C3030808C4030814C2030837
:10BC600090C4030880C2030888C40308B0C2030854
:10BC70009CC403085CC20308E4C40308A0C2030810
:10BC800024C40308D0C20308FCC403080100000058
:10BC900088CD03080200000088CD030803000000DF
:10BCA000FCCC03080400000018CC030805000000C9
:10BCB00038CC03080900000064CA03080A00000029
:10BCC00014C903080C00000050C903080D0000004F
:10BCD000B8C903080E00000074CA03080F00000072
:10BCE00064C9030810000000C4C903081100000063
:10BCF00008CA030816000000E8C903081B0000007A
:10BD000078C903081C000000A4C903081D00000036
:10BD1000BCCE03082400000064CD03082800000006
:10BD200028CA03082D00000060CC03082E00000084
:10BD300088CC03083500000020CD03083600000041
:10BD400040CD030837000000B0CC030838000000E5
:10BD5000D4CC030839000000B0CA03083A00000040
:10BD600088CA03083B00000000CB03083C00000029
:10BD7000D8CA03083D00000050CB03083E00000075
:10BD800028CB03083F000000A0CB030840000000C0
:10BD900078CB030841000000F0CB0308420000000C
:10BDA000C8CB030845000000B0C5030846000000EA
:10BDB00094C50308470000005CC603084800000063
:10BDC00040C603084900000008C703084A000000F5
:10BDD000ECC603084B000000B4C703084C00000089
:10BDE00098C703084D00000060C803084E0000001B
:10BDF00044C803084F00000078C503085000000045
:10BE00005CC503085100000024C60308520000006E
:10BE100008C6030853000000D0C603085400000001
:10BE2000B4C60308550000007CC703085600000094
:10BE300060C703085700000028C803085800000026
:10BE40000CC803085B000000E4CE03085C0000009F
:10BE50008CC903085D00000018CE03085E000000D6
:10BE6000DCCD03085F000000CCC5030860000000C3
:10BE7000E8C503086100000078C6030862000000FE
:10BE800094C603086300000024C703086400000090
:10BE900040C7030865000000D0C703086600000023
:10BEA000ECC703086700000050CE030868000000DC
:10BEB000ACCD0308C800000048CA0308C900000050
:10BEC000F8CD0308CA000000C0CD0308CB00000075
:10BED00088CE0308CC000000FCC80308CD00000099
:10BEE000B8C80308CE000000E4C80308CF00000073
:10BEF000A0C80308D200000034CE0308D30000001D
:10BF00007CC80308D4000000A4CE0308D5000000BC
:10BF1000D0C80308D60000008CC80308D700000072
:10BF20006CCE0308D800000044C90308D900000003
:10BF300094CD03082501010127010101120100022E
:10BF400002000040F51940570002010203010902F6
:10BF50004300020100C03209040000010202010096
:10BF60000524001001052401000104240202052417
:10BF7000060001070582030800FF09040100020A08
:10BF80000000000705030240000007058102400091
:10BF9000000403090426034E004100540049004FE9
:10BFA000004E0053000000000000000000000000F0
:10BFB000000000000000000000000032034E0033CB
:10BFC000003200570042003400350032002000509B
:10BFD000006F0072007400200020000000000000CC
:10BFE0000000000000000000000000000000000051
:10BFF0000000000000010203040607080900000019
:10C00000555555555555790000010042616420632E
:10C010006D640A6275726E65722F656C656D656E12
:10C02000742F666C6F6F722F656E67696E65206F17
:10C030006E2F6F66660A7A31206F66660A7A312043
:10C04000686561740A7A312076656E740A7A3164A3
:10C0500061792032350A7A31206D616E75616C0A22
:10C060007A31206175746F0A7761726D75700A6F2D
:10C0700066660A7374617475730A3F0A0046616CE0
:10C0800073636865722042656665686C0A627265F2
:10C090006E6E65722F6865697A737461622F66755A
:10C0A0007373626F64656E2F6D6F746F7220656954
:10C0B0006E2F6175730A7A31206175730A7A3120A7
:10C0C0006865697A656E0A7A31206C756566746593
:10C0D0006E0A7A317461672032350A7A31206D61D7
:10C0E0006E75656C6C0A7A31206175746F0A6175C2
:10C0F00066776165726D656E0A6175730A7A75732C
:10C1000074616E640A3F0A0000000000010203042B
:10C11000010203040607080901020406080A0C10BC
:10C120002020202020202020010002000400060002
:10C1300008000A000C0010002000400080000001F0
:10C1400000010001000100010000000000000000EB
:10C15000303132333435363738394142434445463D
:10C160004030580030313233343536373839616237
:10C170006364656640307800040000080000000039
:10C1800000000002000100001000000033313032D6
:10C190003030000032323231300000003233323180
:10C1A000300000003331303431300000323334316C
:10C1B000300000003230363130000000323038318B
:10C1C0003000000032353032300000003331303181
:10C1D0003230000032333432300000003230363238
:10C1E0003000000032303832300000003233343357
:10C1F000300000003331303135300000333130321F
:10C2000036300000333130333830000033313134D0
:10C2100038300000323330303100000032343030FA
:10C22000310000003235303031000000323630301D
:10C23000310000003232323031000000323332300F
:10C2400031000000323632303100000032313430FB
:10C2500031000000323036303100000032383630E4
:10C2600031000000323038303100000032323830D6
:10C27000310000003236383031000000413100001A
:10C2800032333030320000003235303032000000BE
:10C2900032363030320000003236323032000000A8
:10C2A000323836303200000032323830320000008E
:10C2B000323330303300000032363030330000008B
:10C2C0003236323033000000323134303300000077
:10C2D000323836303300000032323830330000005C
:10C2E000323638303300000032333433330000004C
:10C2F0003230343034000000323332303500000048
:10C300003233343135000000323630303600000030
:10C31000323638303600000032303431360000001A
:10C32000323430303700000032363230370000000F
:10C330003231343037000000323430303800000001
:10C3400032303430380000003232323838000000E9
:10C3500032303838380000003235303939000000CA
:10C3600032323239390000004F72616E6765204207
:10C37000450000006F32204445000000566F6461A4
:10C38000666F6E65204445004545000054656C6548
:10C39000322053450000000054656C69612053450C
:10C3A0000000000054656C656E6F722053450000FC
:10C3B0004F3220554B000000546872656520554B84
:10C3C00000000000566F6461666F6E6520554B007B
:10C3D000542D4D6F62696C65204E4C00566F646140
:10C3E000666F6E65204E4C004F72616E676520501F
:10C3F0004C000000542D4D6F62696C6520504C005C
:10C4000054494D004B504E004D454F0046726565F6
:10C41000204652004F72616E676520465200000050
:10C4200053465200566F6461666F6E652054520029
:10C430004F72616E6765204553000000566F64615E
:10C44000666F6E65204553004E4F53004D545300A8
:10C45000542D4D6F62696C6520555300415426542C
:10C4600000000000566F6461666F6E6520495400DD
:10C47000566F6461666F6E652050540054656C653C
:10C4800032205255000000004F3220435A00000075
:10C49000542D4D6F62696C6520435A00566F64617C
:10C4A000666F6E6520435A004D6167656E7461006A
:10C4B00054656C656B6F6D2E646500004265656C3C
:10C4C000696E650057696E645472650042617365F8
:10C4D0000000000053756E726973650044726569EF
:10C4E000000000005475726B63656C6C0000000006
:10C4F0005377697373636F6D000000005475726B3E
:10C5000054656C656B6F6D004D656761466F6E00BD
:10C51000566572697A6F6E004D6F766973746172D9
:10C5200000000000426F75796775657300000000B8
:10C53000506C75730000000050726F78696D7573F0
:10C540000000000053616C740000000053707269B9
:10C550006E740000506C6179000000004F70656ED1
:10C560002063697263756974206F66207468652042
:10C5700066616E203100000053686F727420636939
:10C580007263756974206F66207468652066616ED9
:10C59000203100004F70656E2063697263756974A5
:10C5A000206F66207468652070756D702031000002
:10C5B00053686F72742063697263756974206F6663
:10C5C000207468652070756D702031004F70656E45
:10C5D0002063697263206175782074656D702073C3
:10C5E000656E736F7220310053686F7274206369D7
:10C5F0007263206175782074656D702073656E7349
:10C600006F722031000000004F70656E2063697208
:10C6100063756974206F66207468652066616E209A
:10C620003200000053686F72742063697263756929
:10C6300074206F66207468652066616E2032000089
:10C640004F70656E2063697263756974206F662030
:10C650007468652070756D702032000053686F72C9
:10C66000742063697263756974206F6620746865ED
:10C670002070756D702032004F70656E2063697296
:10C6800063206175782074656D702073656E736FBB
:10C690007220320053686F72742063697263206184
:10C6A00075782074656D702073656E736F722032BB
:10C6B000000000004F70656E2063697263756974D5
:10C6C000206F66207468652066616E20330000006C
:10C6D00053686F72742063697263756974206F6642
:10C6E000207468652066616E203300004F70656EAF
:10C6F0002063697263756974206F662074686520B1
:10C7000070756D702033000053686F727420636918
:10C710007263756974206F66207468652070756D2A
:10C72000702033004F70656E2063697263206175FD
:10C73000782074656D702073656E736F722033009E
:10C7400053686F7274206369726320617578207416
:10C75000656D702073656E736F722033000000008A
:10C760004F70656E2063697263756974206F66200F
:10C770007468652066616E203400000053686F7233
:10C78000742063697263756974206F6620746865CC
:10C790002066616E203400004F70656E2063697200
:10C7A00063756974206F66207468652070756D709C
:10C7B0002034000053686F72742063697263756976
:10C7C00074206F66207468652070756D7020340069
:10C7D0004F70656E2063697263206175782074659F
:10C7E0006D702073656E736F7220340053686F72C2
:10C7F000742063697263206175782074656D7020A0
:10C8000073656E736F722034000000004F70656EA8
:10C810002063697263756974206F6620746865208F
:10C8200066616E203500000053686F727420636982
:10C830007263756974206F66207468652066616E26
:10C84000203500004F70656E2063697263756974EE
:10C85000206F66207468652070756D70203500004B
:10C8600053686F72742063697263756974206F66B0
:10C87000207468652070756D7020350053696E678F
:10C880006C65207068617365204F4300436F6E6470
:10C89000656E736F722066616E204F43000000006A
:10C8A000436162696E2074656D702073656E736F8D
:10C8B00072204F4300000000457661706F72617412
:10C8C0006F722073656E736F72204F43000000001B
:10C8D000436F6E64656E736F722066616E205343A2
:10C8E00000000000436162696E2074656D70207302
:10C8F000656E736F722053430000000045766170CF
:10C900006F7261746F722073656E736F7220534320
:10C910000000000046616E20737065656420646FDE
:10C920006573206E6F7420636F72726573706F6EC3
:10C930006420746F2074686520646566696E656440
:10C94000000000004C6F7720766F6C7461676500A3
:10C950004869676820737570706C7920766F6C74A5
:10C96000616765004C6F7720737570706C79207605
:10C970006F6C74616765000046616E20646F65735B
:10C98000206E6F7420726F74617465004C697175EC
:10C990006964206C6576656C20746F6F20686967C8
:10C9A0006800000046616E2073656C662D726F74BE
:10C9B0006174696F6E0000004E6F2069676E697464
:10C9C000696F6E00426F64792074656D70207365C5
:10C9D0006E736F7220646F6573206E6F7420636F67
:10C9E0006F6C20646F776E004F70656E20636972A4
:10C9F00063756974206F6620746865206675656C60
:10CA00002070756D7000000053686F727420636948
:10CA10007263756974206F66207468652066756539
:10CA20006C2070756D7000004E6F20636F6E6E65C8
:10CA30006374696F6E207769746820746865206814
:10CA400065617465720000004E6F20636F6E6E65E5
:10CA50006374696F6E207769746820696E76657299
:10CA600074657200476C6F7720706C756720657213
:10CA7000726F720057617465722070756D702065F9
:10CA800072726F72000000004F70656E20636972F1
:10CA900063756974206F6620746865207A6F6E65AF
:10CAA00020312074656D702073656E736F720000A5
:10CAB00053686F72742063697263756974206F665E
:10CAC00020746865207A6F6E6520312074656D7002
:10CAD0002073656E736F72004F70656E20636972AC
:10CAE00063756974206F6620746865207A6F6E655F
:10CAF00020322074656D702073656E736F72000054
:10CB000053686F72742063697263756974206F660D
:10CB100020746865207A6F6E6520322074656D70B0
:10CB20002073656E736F72004F70656E206369725B
:10CB300063756974206F6620746865207A6F6E650E
:10CB400020332074656D702073656E736F72000002
:10CB500053686F72742063697263756974206F66BD
:10CB600020746865207A6F6E6520332074656D705F
:10CB70002073656E736F72004F70656E206369720B
:10CB800063756974206F6620746865207A6F6E65BE
:10CB900020342074656D702073656E736F720000B1
:10CBA00053686F72742063697263756974206F666D
:10CBB00020746865207A6F6E6520342074656D700E
:10CBC0002073656E736F72004F70656E20636972BB
:10CBD00063756974206F6620746865207A6F6E656E
:10CBE00020352074656D702073656E736F72000060
:10CBF00053686F72742063697263756974206F661D
:10CC000020746865207A6F6E6520352074656D70BC
:10CC10002073656E736F72004572726F72206F665B
:10CC200020746865206C69717569642074656D7025
:10CC30002073656E736F72004F70656E206369724A
:10CC400063756974206F662074686520666C616D19
:10CC5000652074656D702073656E736F72000000DF
:10CC60004F70656E2063697263756974206F66200A
:10CC70007468652074616E6B2074656D70207365D7
:10CC80006E736F720000000053686F7274206369E6
:10CC90007263756974206F66207468652074616EB4
:10CCA0006B2074656D702073656E736F7200000089
:10CCB0004F70656E2063697263756974206F6620BA
:10CCC000746865206169722074656D702073656E8B
:10CCD000736F720053686F72742063697263756951
:10CCE00074206F6620746865206169722074656DB8
:10CCF000702073656E736F72000000004572726F72
:10CD000072206F6620746865206F76657268656151
:10CD1000742074656D702073656E736F720000000F
:10CD20004F70656E2063697263756974206F662049
:10CD300074686520666C6F772073656E736F720020
:10CD400053686F72742063697263756974206F66CB
:10CD50002074686520666C6F772073656E736F72E0
:10CD6000000000004F76657268656174696E672027
:10CD70006F662074686520666C616D6520696E64FD
:10CD8000696361746F7200004F76657268656174E3
:10CD900000000000496E766572746572205043424F
:10CDA000206F766572686561740000005A6F6E6569
:10CDB0002D70756D7020636F6E666C696374000012
:10CDC000457661706F7261746F722066616E206F5C
:10CDD00070656E2063697263756974004C65766571
:10CDE0006C2073656E736F72206F70656E2063695F
:10CDF0007263756974000000457661706F726174CA
:10CE00006F722066616E2073686F7274206369723E
:10CE100063756974000000004C6576656C2073656D
:10CE20006E736F722073686F7274206369726375BA
:10CE300069740000436F6D70726573736F72207355
:10CE4000686F727420636972637569740000000012
:10CE5000457874656E73696F6E20626F61726420CD
:10CE60006C696E6B206661756C740000436F6E6454
:10CE7000656E736F722066616E206F766572637582
:10CE80007272656E74000000457661706F72617435
:10CE90006F722066616E206F76657263757272655F
:10CEA0006E740000436F6D70726573736F72206FE4
:10CEB00076657263757272656E740000457863659D
:10CEC0006564696E6720746865206C696D6974209B
:10CED0006F6620666C616D6520626C6F776F75742C
:10CEE000000000004C6971756964206C6576656CA2
:10CEF00020746F6F206C6F77000000006F66660013
:10CF00006C75656674656E006865697A656E0000AB
:10CF100061757300686561740000000076656E7469
:10CF20000000000070D0030800000020D4010000C1
:10CF3000D401030818D10308D4010020B45C000018
:10CF4000300203081001000043000000F8FFFFFF5B
:10CF5000004040404040404040404141414141400C
:10CF600040404040404040404040404040404040C1
:10CF70004005020202020202020202020202020250
:10CF80000220202020202020202020020202020255
:10CF900002029090909090901010101010101010AD
:10CFA00010101010101010101010101002020202B9
:10CFB00002028888888888880808080808080808FD
:10CFC00008080808080808080808080802020202F9
:10CFD0004000000000000000000000000000000011
:10CFE0000000000000000000000000000000000041
:10CFF0000000000000000000000000000000000031
:10D000000000000000000000000000000000000020
:10D010000000000000000000000000000000000010
:10D020000000000000000000000000000000000000
:10D0300000000000000000000000000000000000F0
:10D0400000000000000000000000000000000000E0
:10D050000000000029E5FFFF35E5FFFF11E5FFFFB8
:10D06000DDE4FFFF39E5FFFFF5E4FFFFE1E4FFFF4B
:10D0700081022B24F201180AFCCE030814CF030806
:10D080001C041A10041A080411290451BAF42F6957
:10D090000D022E0A141A034E123312321257124284
:10D0A00012341A350A011B0E1D9544030829040B7E
:10D0B00010754614512AC2A212081A04071812F158
:10D0C00052030859540308155603089D570308399D
:10D0D000041AA1041B75580C19041A25041A4D04CE
:10D0E00041324029441A01100916741A191C363CA1
:10D0F000BF0308121A4E0832431A91082A04B419C1
:10D100000832261ABB0829DD22A773201A299201AA
:08D11000290400449508000009
:040000050803019952
:00000001FF
